t,i,k4,label_observed_continuing,p
2016,842,8401,0,0.27672726
2016,842,8402,0,0.22436301
2016,842,8403,0,0.38403392
2016,842,8404,0,0.26057005
2016,842,8405,1,0.25651702
2016,842,8406,1,0.18786488
2016,842,8407,0,0.058896985
2016,842,8408,0,0.0875522
2016,842,8409,0,0.043729
2016,842,8410,1,0.32213363
2016,842,8411,0,0.0358925
2016,842,8412,0,0.042400334
2016,842,8413,0,0.45173228
2016,842,8414,0,0.38743237
2016,842,8415,0,0.044071883
2016,842,8416,0,0.22846366
2016,842,8417,0,0.4182229
2016,842,8418,0,0.043203622
2016,842,8419,0,0.041890286
2016,842,8420,0,0.2745963
2016,842,8421,0,0.050322007
2016,842,8422,0,0.035420407
2016,842,8423,0,0.4099099
2016,842,8424,0,0.028473413
2016,842,8425,0,0.086372755
2016,842,8426,0,0.11836114
2016,842,8427,0,0.13546303
2016,842,8428,0,0.046936594
2016,842,8429,0,0.11028325
2016,842,8430,0,0.05985778
2016,842,8431,0,0.24933986
2016,842,8432,0,0.23807049
2016,842,8433,0,0.03177923
2016,842,8434,0,0.45755598
2016,842,8435,0,0.35569653
2016,842,8436,0,0.3576859
2016,842,8437,0,0.41859698
2016,842,8438,0,0.030242767
2016,842,8439,0,0.15281583
2016,842,8440,0,0.10287323
2016,842,8441,0,0.052519187
2016,842,8442,0,0.35566017
2016,842,8443,0,0.03831901
2016,842,8444,0,0.5775333
2016,842,8446,0,0.15114246
2016,842,8447,0,0.16031002
2016,842,8449,0,0.19818404
2016,842,8450,0,0.06080159
2016,842,8451,0,0.037145227
2016,842,8452,0,0.2655251
2016,842,8453,0,0.3703103
2016,842,8454,1,0.15735047
2016,842,8455,0,0.11551261
2016,842,8456,1,0.0997595
2016,842,8457,0,0.13984653
2016,842,8458,0,0.091451846
2016,842,8459,0,0.05195301
2016,842,8460,1,0.1585734
2016,842,8461,0,0.05909232
2016,842,8462,0,0.06044918
2016,842,8463,1,0.22971404
2016,842,8464,0,0.092190035
2016,842,8465,0,0.081473015
2016,842,8466,0,0.040261205
2016,842,8467,0,0.03431352
2016,842,8468,0,0.29679218
2016,842,8470,0,0.35288775
2016,842,8471,0,0.02993906
2016,842,8472,1,0.1373677
2016,842,8473,0,0.083434716
2016,842,8474,0,0.047301356
2016,842,8475,0,0.2055418
2016,842,8476,0,0.14403224
2016,842,8477,0,0.04807485
2016,842,8478,0,0.42182943
2016,842,8479,0,0.05872992
2016,842,8480,0,0.06436367
2016,842,8481,0,0.060935237
2016,842,8482,0,0.034521587
2016,842,8483,0,0.034998823
2016,842,8484,0,0.124238305
2016,842,8485,0,0.50951475
2016,276,8401,0,0.21051598
2016,276,8402,0,0.04186284
2016,276,8403,0,0.076814
2016,276,8404,0,0.1495449
2016,276,8405,1,0.41692138
2016,276,8406,1,0.105594225
2016,276,8407,0,0.081519976
2016,276,8408,0,0.04754431
2016,276,8409,0,0.040917747
2016,276,8410,1,0.5009457
2016,276,8411,0,0.0375611
2016,276,8412,0,0.03267338
2016,276,8413,0,0.023570035
2016,276,8414,0,0.026368147
2016,276,8415,0,0.029495314
2016,276,8416,0,0.027869023
2016,276,8417,0,0.20767397
2016,276,8418,0,0.025909873
2016,276,8419,0,0.029794196
2016,276,8420,0,0.10492652
2016,276,8421,0,0.015955424
2016,276,8422,0,0.02160968
2016,276,8423,0,0.023831367
2016,276,8424,0,0.025276262
2016,276,8425,0,0.027540147
2016,276,8426,0,0.052063048
2016,276,8427,0,0.056151185
2016,276,8428,0,0.031166572
2016,276,8429,0,0.0626751
2016,276,8430,0,0.04839881
2016,276,8431,0,0.028896807
2016,276,8432,0,0.07346581
2016,276,8433,0,0.03758837
2016,276,8434,0,0.075301826
2016,276,8435,0,0.12061611
2016,276,8436,0,0.04131777
2016,276,8437,0,0.23662871
2016,276,8438,0,0.025313452
2016,276,8439,0,0.07090341
2016,276,8440,0,0.04631675
2016,276,8441,0,0.03469215
2016,276,8442,0,0.05187223
2016,276,8443,0,0.034646578
2016,276,8444,0,0.21802945
2016,276,8445,0,0.108906604
2016,276,8446,0,0.181581
2016,276,8447,0,0.12119346
2016,276,8448,0,0.057921797
2016,276,8449,0,0.16692233
2016,276,8450,0,0.04337102
2016,276,8451,0,0.027088737
2016,276,8452,0,0.029755015
2016,276,8453,0,0.062199287
2016,276,8454,0,0.10340736
2016,276,8455,0,0.2939412
2016,276,8456,0,0.070798114
2016,276,8457,0,0.20428814
2016,276,8458,0,0.096069604
2016,276,8459,0,0.048067633
2016,276,8460,0,0.078175284
2016,276,8461,0,0.0989556
2016,276,8462,0,0.0524602
2016,276,8463,0,0.12388184
2016,276,8464,0,0.05154003
2016,276,8465,0,0.035900958
2016,276,8466,0,0.04308334
2016,276,8467,0,0.03202391
2016,276,8468,0,0.04231916
2016,276,8469,1,0.22941041
2016,276,8470,0,0.071501024
2016,276,8471,1,0.03898634
2016,276,8472,0,0.039003827
2016,276,8473,0,0.06933938
2016,276,8474,0,0.030418385
2016,276,8475,0,0.11723846
2016,276,8476,0,0.16184379
2016,276,8477,0,0.041791003
2016,276,8478,0,0.077430956
2016,276,8479,0,0.030619385
2016,276,8480,0,0.0371327
2016,276,8481,0,0.026366794
2016,276,8482,0,0.030551717
2016,276,8483,0,0.031254392
2016,276,8484,0,0.025882775
2016,276,8485,0,0.021047985
2016,392,8401,0,0.57175845
2016,392,8402,0,0.14073868
2016,392,8403,0,0.20817252
2016,392,8404,1,0.2677113
2016,392,8405,1,0.17190576
2016,392,8406,0,0.0867953
2016,392,8407,0,0.04983782
2016,392,8408,0,0.060884994
2016,392,8409,0,0.03362342
2016,392,8411,0,0.07162028
2016,392,8412,0,0.04220023
2016,392,8413,0,0.029259458
2016,392,8414,0,0.032245383
2016,392,8415,0,0.027867207
2016,392,8416,0,0.2248966
2016,392,8417,0,0.14971727
2016,392,8418,0,0.039240345
2016,392,8419,0,0.04852357
2016,392,8420,0,0.18749598
2016,392,8421,0,0.020575631
2016,392,8422,0,0.041882996
2016,392,8423,0,0.08380021
2016,392,8424,0,0.034767486
2016,392,8425,0,0.049579352
2016,392,8426,0,0.110732324
2016,392,8427,0,0.031515263
2016,392,8428,0,0.07701915
2016,392,8429,0,0.09904728
2016,392,8430,0,0.099851474
2016,392,8431,0,0.04099228
2016,392,8432,0,0.10512256
2016,392,8433,0,0.07505837
2016,392,8434,0,0.15071319
2016,392,8435,0,0.3359432
2016,392,8436,1,0.14469646
2016,392,8437,0,0.13921146
2016,392,8438,0,0.08423657
2016,392,8439,0,0.18781525
2016,392,8440,0,0.12602447
2016,392,8441,0,0.086874224
2016,392,8442,0,0.1428892
2016,392,8443,0,0.048260476
2016,392,8444,0,0.2236339
2016,392,8445,0,0.1684873
2016,392,8446,0,0.2765724
2016,392,8447,0,0.10291068
2016,392,8448,0,0.08336171
2016,392,8449,1,0.6804472
2016,392,8451,0,0.06781972
2016,392,8452,0,0.054343935
2016,392,8453,0,0.30794793
2016,392,8454,0,0.15705477
2016,392,8455,1,0.2218646
2016,392,8456,1,0.20962553
2016,392,8457,0,0.16198733
2016,392,8458,0,0.11938746
2016,392,8459,0,0.09833032
2016,392,8460,0,0.118345186
2016,392,8461,0,0.13544782
2016,392,8462,0,0.1079364
2016,392,8463,0,0.18748894
2016,392,8464,0,0.37330344
2016,392,8465,0,0.100258455
2016,392,8466,0,0.06949993
2016,392,8467,0,0.038654596
2016,392,8468,1,0.12270239
2016,392,8469,1,0.46537656
2016,392,8470,0,0.09135748
2016,392,8471,1,0.030732004
2016,392,8472,0,0.047607575
2016,392,8473,0,0.13545375
2016,392,8474,0,0.11043136
2016,392,8475,0,0.17429523
2016,392,8476,0,0.24986936
2016,392,8477,0,0.080500774
2016,392,8478,0,0.23219728
2016,392,8479,0,0.075930014
2016,392,8480,0,0.07413828
2016,392,8481,0,0.034099814
2016,392,8482,0,0.035410665
2016,392,8483,0,0.032649096
2016,392,8484,0,0.031609606
2016,392,8485,0,0.04600203
2016,156,8401,1,0.316176
2016,156,8402,1,0.038489293
2016,156,8403,1,0.17285165
2016,156,8404,1,0.04836487
2016,156,8405,0,0.096086085
2016,156,8406,1,0.114547856
2016,156,8407,0,0.077538885
2016,156,8408,0,0.044428296
2016,156,8409,0,0.024722338
2016,156,8411,0,0.022814497
2016,156,8412,0,0.035817638
2016,156,8413,0,0.062014733
2016,156,8414,0,0.02461425
2016,156,8415,0,0.026063468
2016,156,8416,0,0.0352483
2016,156,8417,0,0.18184932
2016,156,8418,0,0.021941315
2016,156,8419,0,0.061222322
2016,156,8420,0,0.049376667
2016,156,8421,0,0.027030775
2016,156,8422,0,0.014892339
2016,156,8423,0,0.023161614
2016,156,8424,0,0.024604155
2016,156,8425,0,0.029778672
2016,156,8426,0,0.15848553
2016,156,8427,0,0.020782689
2016,156,8428,0,0.11638746
2016,156,8430,0,0.19392811
2016,156,8431,0,0.15281244
2016,156,8432,0,0.025842126
2016,156,8433,0,0.020448817
2016,156,8434,0,0.051081292
2016,156,8436,0,0.012967292
2016,156,8439,0,0.04609667
2016,156,8440,0,0.028429126
2016,156,8441,0,0.018365124
2016,156,8442,0,0.027765626
2016,156,8443,0,0.02513676
2016,156,8444,0,0.14227027
2016,156,8445,0,0.09348577
2016,156,8446,0,0.1164973
2016,156,8447,0,0.059004538
2016,156,8448,0,0.027088737
2016,156,8449,0,0.08462685
2016,156,8450,0,0.030229472
2016,156,8451,0,0.014260139
2016,156,8452,0,0.021573704
2016,156,8453,0,0.057900615
2016,156,8454,0,0.043799803
2016,156,8455,0,0.039563093
2016,156,8456,0,0.023209644
2016,156,8457,0,0.052468486
2016,156,8458,0,0.031084457
2016,156,8459,0,0.018596588
2016,156,8460,0,0.02444421
2016,156,8461,0,0.02679118
2016,156,8462,0,0.01702337
2016,156,8463,0,0.057825025
2016,156,8464,0,0.03688349
2016,156,8465,0,0.03326341
2016,156,8466,0,0.02463349
2016,156,8467,0,0.02308772
2016,156,8468,0,0.01955862
2016,156,8469,1,0.25694644
2016,156,8470,0,0.02513058
2016,156,8471,0,0.027914003
2016,156,8472,0,0.027082365
2016,156,8473,0,0.05914393
2016,156,8475,0,0.103684194
2016,156,8476,0,0.053838495
2016,156,8477,0,0.026294852
2016,156,8478,0,0.11333705
2016,156,8479,0,0.02642244
2016,156,8480,0,0.015416546
2016,156,8481,0,0.023095233
2016,156,8482,0,0.021391075
2016,156,8483,0,0.024650779
2016,156,8484,0,0.051103026
2016,380,8401,0,0.53220177
2016,380,8403,0,0.071151026
2016,380,8404,0,0.1371606
2016,380,8406,1,0.057916787
2016,380,8407,0,0.09031398
2016,380,8408,0,0.06941067
2016,380,8409,0,0.04221252
2016,380,8411,0,0.15792283
2016,380,8412,0,0.04489084
2016,380,8413,0,0.026533412
2016,380,8414,0,0.027288327
2016,380,8415,0,0.03670165
2016,380,8416,0,0.05043421
2016,380,8417,0,0.041214008
2016,380,8418,0,0.027880672
2016,380,8419,0,0.022745011
2016,380,8420,0,0.105310395
2016,380,8421,0,0.015789192
2016,380,8422,0,0.024783462
2016,380,8423,0,0.049140036
2016,380,8424,0,0.028196447
2016,380,8425,0,0.02462062
2016,380,8426,0,0.04639309
2016,380,8427,0,0.11381617
2016,380,8428,0,0.031590614
2016,380,8429,0,0.057801235
2016,380,8430,0,0.14160095
2016,380,8431,0,0.030124506
2016,380,8432,0,0.04461052
2016,380,8433,0,0.034986746
2016,380,8434,0,0.0790474
2016,380,8435,0,0.13196278
2016,380,8436,0,0.04636139
2016,380,8438,0,0.031790033
2016,380,8439,0,0.08679978
2016,380,8440,0,0.09051963
2016,380,8441,0,0.066400394
2016,380,8442,0,0.0961142
2016,380,8443,0,0.031676672
2016,380,8444,0,0.37987703
2016,380,8445,0,0.1768049
2016,380,8446,0,0.14227732
2016,380,8447,0,0.115788035
2016,380,8448,0,0.066655874
2016,380,8449,0,0.15940617
2016,380,8450,0,0.036953773
2016,380,8451,0,0.027480783
2016,380,8453,0,0.06259734
2016,380,8454,1,0.17050718
2016,380,8455,0,0.43316957
2016,380,8456,0,0.05796196
2016,380,8457,0,0.12334746
2016,380,8458,0,0.13260934
2016,380,8459,0,0.10057733
2016,380,8460,0,0.081337966
2016,380,8461,0,0.071957536
2016,380,8462,0,0.04018907
2016,380,8463,0,0.081223756
2016,380,8464,0,0.05243082
2016,380,8465,0,0.043524873
2016,380,8466,0,0.037578244
2016,380,8467,0,0.03378427
2016,380,8468,0,0.04694466
2016,380,8469,1,0.58324003
2016,380,8470,0,0.5176465
2016,380,8471,1,0.03568873
2016,380,8472,1,0.123178795
2016,380,8473,0,0.07473738
2016,380,8474,0,0.034085777
2016,380,8475,0,0.42855388
2016,380,8476,0,0.07482338
2016,380,8477,0,0.03644844
2016,380,8478,0,0.106145084
2016,380,8479,0,0.028988114
2016,380,8480,0,0.050423667
2016,380,8481,0,0.023293367
2016,380,8482,0,0.04430522
2016,380,8483,0,0.034544487
2016,380,8484,0,0.029644376
2016,380,8485,0,0.03810092
2016,826,8401,1,0.20649736
2016,826,8402,1,0.20472106
2016,826,8403,0,0.4931062
2016,826,8405,0,0.26819235
2016,826,8406,1,0.3766001
2016,826,8407,0,0.05083978
2016,826,8408,0,0.0957466
2016,826,8409,0,0.040194314
2016,826,8411,0,0.01925695
2016,826,8412,0,0.04674825
2016,826,8413,0,0.03954864
2016,826,8414,0,0.03570127
2016,826,8415,0,0.058727495
2016,826,8416,0,0.14400087
2016,826,8417,1,0.063744985
2016,826,8418,0,0.04904185
2016,826,8419,0,0.04247576
2016,826,8420,0,0.10202513
2016,826,8421,0,0.02012448
2016,826,8422,0,0.04158508
2016,826,8423,0,0.045390233
2016,826,8424,0,0.03241353
2016,826,8425,0,0.066549234
2016,826,8426,0,0.089615114
2016,826,8427,0,0.09273433
2016,826,8428,0,0.054371484
2016,826,8429,0,0.08748823
2016,826,8430,0,0.0672095
2016,826,8431,0,0.04812602
2016,826,8432,0,0.11235113
2016,826,8433,0,0.17677207
2016,826,8434,0,0.21890019
2016,826,8435,0,0.19405864
2016,826,8436,0,0.07245662
2016,826,8437,0,0.17484117
2016,826,8438,0,0.029316906
2016,826,8439,0,0.16460894
2016,826,8440,0,0.18187997
2016,826,8441,0,0.10554764
2016,826,8442,0,0.115321964
2016,826,8443,0,0.05098653
2016,826,8444,0,0.23455419
2016,826,8445,0,0.33113083
2016,826,8446,0,0.19057216
2016,826,8447,0,0.135872
2016,826,8448,0,0.15625414
2016,826,8450,0,0.14790912
2016,826,8451,0,0.0756453
2016,826,8452,0,0.10683014
2016,826,8453,0,0.27685183
2016,826,8454,0,0.24889262
2016,826,8455,1,0.6117571
2016,826,8456,0,0.10415293
2016,826,8457,0,0.24677747
2016,826,8458,0,0.12463107
2016,826,8459,0,0.074581355
2016,826,8460,0,0.20243198
2016,826,8461,0,0.22097328
2016,826,8462,0,0.16294394
2016,826,8463,1,0.2413672
2016,826,8464,0,0.30528784
2016,826,8466,0,0.049730737
2016,826,8467,0,0.049051978
2016,826,8468,0,0.13334739
2016,826,8470,0,0.13765658
2016,826,8471,1,0.045261614
2016,826,8472,1,0.035633724
2016,826,8473,0,0.096437976
2016,826,8474,0,0.06462869
2016,826,8475,0,0.16768183
2016,826,8476,0,0.2093391
2016,826,8477,0,0.04520037
2016,826,8478,0,0.16086552
2016,826,8479,0,0.03612688
2016,826,8480,0,0.100824334
2016,826,8481,0,0.09056623
2016,826,8482,0,0.048253793
2016,826,8483,0,0.045948427
2016,826,8484,0,0.040428277
2016,826,8485,0,0.03187865
2016,251,8401,0,0.23060496
2016,251,8402,0,0.23414771
2016,251,8403,0,0.103380136
2016,251,8404,0,0.13122617
2016,251,8405,0,0.15009356
2016,251,8406,0,0.15554556
2016,251,8407,0,0.07244687
2016,251,8408,0,0.08118245
2016,251,8409,0,0.04182757
2016,251,8411,0,0.067013614
2016,251,8412,0,0.05279127
2016,251,8413,0,0.03440452
2016,251,8414,0,0.034436226
2016,251,8415,0,0.04681753
2016,251,8416,0,0.07485252
2016,251,8417,1,0.09194026
2016,251,8418,0,0.04304072
2016,251,8419,0,0.039544836
2016,251,8420,0,0.22655599
2016,251,8421,0,0.018453894
2016,251,8422,0,0.038459484
2016,251,8423,0,0.08201522
2016,251,8424,0,0.045647565
2016,251,8425,0,0.051724862
2016,251,8426,0,0.12752868
2016,251,8427,0,0.08040578
2016,251,8428,0,0.04476056
2016,251,8429,0,0.095110886
2016,251,8431,0,0.03824976
2016,251,8432,0,0.061312553
2016,251,8433,0,0.054448258
2016,251,8434,0,0.1726486
2016,251,8435,0,0.1438493
2016,251,8436,0,0.03265069
2016,251,8438,0,0.04241814
2016,251,8439,0,0.2205747
2016,251,8441,0,0.10097223
2016,251,8442,0,0.16211139
2016,251,8443,0,0.056230552
2016,251,8444,1,0.5434918
2016,251,8445,0,0.1844752
2016,251,8446,1,0.19052128
2016,251,8447,0,0.13805361
2016,251,8448,0,0.16333112
2016,251,8449,0,0.39260334
2016,251,8450,1,0.08792342
2016,251,8451,0,0.05403914
2016,251,8452,0,0.14262776
2016,251,8453,0,0.18266775
2016,251,8454,0,0.11476369
2016,251,8455,0,0.18252906
2016,251,8456,0,0.21898611
2016,251,8457,0,0.22529323
2016,251,8458,0,0.354559
2016,251,8459,0,0.1910351
2016,251,8460,0,0.13781115
2016,251,8461,0,0.08437749
2016,251,8462,0,0.12716377
2016,251,8463,0,0.123203486
2016,251,8464,0,0.22966966
2016,251,8465,0,0.12249004
2016,251,8466,0,0.048451144
2016,251,8467,0,0.058908407
2016,251,8468,0,0.092294924
2016,251,8470,0,0.098691866
2016,251,8471,1,0.046103
2016,251,8472,1,0.1379081
2016,251,8473,0,0.09795769
2016,251,8475,0,0.33640698
2016,251,8476,1,0.41857457
2016,251,8477,0,0.04538707
2016,251,8479,0,0.041053094
2016,251,8480,0,0.04275985
2016,251,8481,0,0.030287517
2016,251,8482,0,0.039812118
2016,251,8483,0,0.03995557
2016,251,8484,0,0.055396162
2016,251,8485,0,0.058519438
2016,490,8402,1,0.395583
2016,490,8403,0,0.4132413
2016,490,8404,1,0.22026224
2016,490,8405,0,0.25302094
2016,490,8406,0,0.14059041
2016,490,8407,1,0.55122435
2016,490,8408,1,0.21419248
2016,490,8409,0,0.044001468
2016,490,8410,0,0.20139195
2016,490,8411,0,0.12026626
2016,490,8412,0,0.10256076
2016,490,8413,0,0.03228676
2016,490,8414,0,0.03455282
2016,490,8415,0,0.04731727
2016,490,8416,0,0.20466113
2016,490,8417,0,0.12959118
2016,490,8418,0,0.03953162
2016,490,8419,0,0.05520042
2016,490,8420,0,0.2045741
2016,490,8421,0,0.026010169
2016,490,8422,0,0.030736823
2016,490,8423,0,0.06191005
2016,490,8424,0,0.04093741
2016,490,8425,0,0.0876171
2016,490,8426,1,0.46398175
2016,490,8427,0,0.11073242
2016,490,8428,0,0.07347243
2016,490,8429,0,0.28273553
2016,490,8430,0,0.14608817
2016,490,8431,0,0.07007729
2016,490,8432,0,0.13666584
2016,490,8433,0,0.09280291
2016,490,8434,0,0.1491552
2016,490,8435,0,0.121925086
2016,490,8436,0,0.07535032
2016,490,8437,0,0.056859337
2016,490,8438,0,0.054965634
2016,490,8439,0,0.098840356
2016,490,8440,0,0.21206547
2016,490,8441,0,0.0654288
2016,490,8442,0,0.15759178
2016,490,8443,0,0.036716945
2016,490,8444,0,0.23627858
2016,490,8445,0,0.18123114
2016,490,8446,0,0.26158762
2016,490,8447,0,0.09396695
2016,490,8448,0,0.1034392
2016,490,8449,0,0.2897917
2016,490,8450,0,0.15374672
2016,490,8451,0,0.107505746
2016,490,8452,0,0.045776784
2016,490,8453,0,0.20076993
2016,490,8454,0,0.1739691
2016,490,8455,0,0.13623963
2016,490,8456,1,0.26873943
2016,490,8457,0,0.15920542
2016,490,8458,0,0.11954535
2016,490,8459,0,0.111632675
2016,490,8460,0,0.17261852
2016,490,8461,0,0.11110127
2016,490,8462,0,0.10082477
2016,490,8463,0,0.09167021
2016,490,8464,0,0.24626936
2016,490,8465,0,0.115567826
2016,490,8466,0,0.058029063
2016,490,8467,0,0.065814026
2016,490,8468,0,0.1340395
2016,490,8470,0,0.1152215
2016,490,8471,1,0.048540812
2016,490,8472,0,0.057660777
2016,490,8473,0,0.10256932
2016,490,8474,0,0.08255513
2016,490,8475,0,0.63425124
2016,490,8476,0,0.13300642
2016,490,8477,0,0.03309156
2016,490,8478,0,0.22973052
2016,490,8479,0,0.0761223
2016,490,8480,0,0.05146202
2016,490,8481,0,0.04296195
2016,490,8482,0,0.042797018
2016,490,8483,0,0.0501754
2016,490,8484,0,0.032899756
2016,490,8485,0,0.066226505
2016,702,8402,1,0.5953261
2016,702,8403,1,0.24211335
2016,702,8404,1,0.471011
2016,702,8406,1,0.4404889
2016,702,8407,1,0.13273343
2016,702,8409,0,0.05285701
2016,702,8410,1,0.24406835
2016,702,8411,0,0.122163884
2016,702,8412,0,0.07132228
2016,702,8413,0,0.030799374
2016,702,8414,0,0.024621746
2016,702,8416,1,0.1976914
2016,702,8417,1,0.62767035
2016,702,8418,0,0.069024935
2016,702,8419,0,0.07703739
2016,702,8420,1,0.20755813
2016,702,8421,0,0.018960219
2016,702,8422,0,0.075393125
2016,702,8423,0,0.12239202
2016,702,8424,0,0.07488745
2016,702,8425,0,0.15171745
2016,702,8426,1,0.16014807
2016,702,8427,0,0.15205967
2016,702,8428,0,0.104745
2016,702,8430,0,0.101693705
2016,702,8431,0,0.05000397
2016,702,8432,0,0.23447254
2016,702,8433,0,0.18850428
2016,702,8435,0,0.3630751
2016,702,8436,0,0.13713513
2016,702,8437,1,0.15682913
2016,702,8438,1,0.1188249
2016,702,8439,1,0.32824525
2016,702,8440,1,0.38028514
2016,702,8441,0,0.17007239
2016,702,8442,0,0.19564411
2016,702,8443,0,0.05029294
2016,702,8445,1,0.4204497
2016,702,8448,1,0.37877238
2016,702,8449,0,0.35592476
2016,702,8451,1,0.12702888
2016,702,8452,1,0.19797769
2016,702,8453,1,0.65773565
2016,702,8454,0,0.31174776
2016,702,8455,1,0.43241116
2016,702,8456,1,0.16258042
2016,702,8457,0,0.3190402
2016,702,8458,0,0.14532296
2016,702,8459,1,0.14186086
2016,702,8460,0,0.2486881
2016,702,8461,0,0.13747635
2016,702,8462,0,0.15488137
2016,702,8463,0,0.16236195
2016,702,8464,0,0.34653607
2016,702,8465,0,0.14184049
2016,702,8466,0,0.13097677
2016,702,8467,0,0.08181359
2016,702,8468,1,0.24171317
2016,702,8470,0,0.08184456
2016,702,8471,0,0.02627854
2016,702,8472,0,0.091417484
2016,702,8473,0,0.105002746
2016,702,8475,0,0.33134964
2016,702,8476,1,0.32983243
2016,702,8477,0,0.12298559
2016,702,8478,1,0.4284039
2016,702,8479,0,0.10782913
2016,702,8480,0,0.10285046
2016,702,8481,0,0.031995647
2016,702,8482,0,0.040657107
2016,702,8483,0,0.038599215
2016,702,8484,0,0.06952609
2016,528,8401,1,0.3643676
2016,528,8403,0,0.104972206
2016,528,8404,0,0.16945846
2016,528,8406,1,0.29678527
2016,528,8407,0,0.18527274
2016,528,8408,0,0.06884417
2016,528,8409,0,0.03309281
2016,528,8410,1,0.5110409
2016,528,8411,0,0.05011677
2016,528,8412,0,0.0367541
2016,528,8413,0,0.01922145
2016,528,8414,0,0.037826136
2016,528,8415,0,0.041651808
2016,528,8416,0,0.106906176
2016,528,8417,1,0.16705261
2016,528,8418,0,0.056044973
2016,528,8419,0,0.035228666
2016,528,8420,0,0.19991304
2016,528,8421,0,0.018298129
2016,528,8422,0,0.03030067
2016,528,8423,0,0.0753904
2016,528,8424,0,0.03594824
2016,528,8425,0,0.025032036
2016,528,8426,0,0.081165805
2016,528,8427,0,0.055424985
2016,528,8428,0,0.04077405
2016,528,8429,0,0.1037359
2016,528,8430,1,0.066333
2016,528,8431,0,0.03285927
2016,528,8432,0,0.052220322
2016,528,8433,0,0.07413293
2016,528,8434,0,0.11920937
2016,528,8435,0,0.14537133
2016,528,8436,0,0.076853745
2016,528,8437,0,0.108728416
2016,528,8438,0,0.03738879
2016,528,8439,0,0.16081749
2016,528,8440,0,0.117618
2016,528,8441,0,0.08742733
2016,528,8442,0,0.12116506
2016,528,8443,0,0.04438309
2016,528,8444,0,0.15054901
2016,528,8445,1,0.48625728
2016,528,8446,1,0.65530217
2016,528,8447,0,0.230988
2016,528,8448,0,0.24478447
2016,528,8449,0,0.46821675
2016,528,8450,0,0.1820895
2016,528,8451,0,0.13193037
2016,528,8452,0,0.13695122
2016,528,8453,0,0.6441178
2016,528,8454,1,0.24399075
2016,528,8455,1,0.23946945
2016,528,8456,0,0.12445415
2016,528,8457,0,0.2807418
2016,528,8458,0,0.20566145
2016,528,8459,0,0.07848808
2016,528,8460,0,0.1885908
2016,528,8461,0,0.12150483
2016,528,8462,0,0.08223043
2016,528,8463,0,0.37492767
2016,528,8464,0,0.13148525
2016,528,8465,0,0.14345533
2016,528,8466,0,0.07695291
2016,528,8467,0,0.056043066
2016,528,8468,0,0.06554847
2016,528,8470,1,0.22339399
2016,528,8471,0,0.0786025
2016,528,8472,1,0.11747945
2016,528,8473,0,0.08749676
2016,528,8474,0,0.08128149
2016,528,8475,1,0.18422624
2016,528,8476,0,0.27002308
2016,528,8477,0,0.07592255
2016,528,8478,0,0.14750883
2016,528,8479,0,0.04595775
2016,528,8480,0,0.090137005
2016,528,8481,0,0.026208006
2016,528,8482,0,0.04674836
2016,528,8483,0,0.0319234
2016,528,8484,0,0.046773832
2016,528,8485,0,0.041648287
2016,410,8401,0,0.54065526
2016,410,8402,0,0.13163061
2016,410,8403,0,0.13557284
2016,410,8404,1,0.124287575
2016,410,8406,1,0.2665269
2016,410,8407,0,0.06547914
2016,410,8408,0,0.06810626
2016,410,8409,0,0.033269677
2016,410,8410,1,0.28746018
2016,410,8411,0,0.059780866
2016,410,8412,0,0.056456137
2016,410,8413,0,0.025931962
2016,410,8414,0,0.030823652
2016,410,8415,0,0.027444854
2016,410,8416,1,0.3262942
2016,410,8417,1,0.58422095
2016,410,8418,0,0.05454782
2016,410,8419,1,0.03747959
2016,410,8420,0,0.19522898
2016,410,8421,0,0.05167144
2016,410,8422,0,0.039191667
2016,410,8423,0,0.07828938
2016,410,8424,1,0.041562982
2016,410,8425,0,0.051013906
2016,410,8426,0,0.05588739
2016,410,8427,0,0.080043614
2016,410,8428,0,0.05486693
2016,410,8429,0,0.048598487
2016,410,8431,0,0.030337518
2016,410,8432,0,0.17267613
2016,410,8433,0,0.08425283
2016,410,8434,0,0.2744411
2016,410,8435,0,0.1434135
2016,410,8436,0,0.092661716
2016,410,8437,0,0.07219144
2016,410,8438,0,0.17516755
2016,410,8439,1,0.23216633
2016,410,8440,0,0.29209077
2016,410,8441,0,0.075134076
2016,410,8442,0,0.4396027
2016,410,8443,0,0.04310377
2016,410,8444,1,0.35852787
2016,410,8445,0,0.33197758
2016,410,8446,0,0.20924872
2016,410,8447,0,0.12014155
2016,410,8448,0,0.098478
2016,410,8449,1,0.5683321
2016,410,8450,0,0.039259262
2016,410,8451,0,0.05643864
2016,410,8452,0,0.108643904
2016,410,8453,0,0.23394117
2016,410,8454,1,0.69237834
2016,410,8455,0,0.12627749
2016,410,8456,1,0.2068886
2016,410,8457,0,0.16445695
2016,410,8458,0,0.091732584
2016,410,8459,0,0.10483137
2016,410,8460,0,0.20722117
2016,410,8461,1,0.21374713
2016,410,8462,0,0.13790233
2016,410,8463,0,0.105751134
2016,410,8464,0,0.3588264
2016,410,8465,0,0.17723654
2016,410,8466,0,0.089382954
2016,410,8467,0,0.06620307
2016,410,8468,0,0.25625148
2016,410,8470,1,0.1992362
2016,410,8471,1,0.041111026
2016,410,8472,1,0.049897
2016,410,8473,0,0.10712176
2016,410,8474,1,0.27765507
2016,410,8475,0,0.41376108
2016,410,8476,1,0.14807239
2016,410,8477,0,0.065062165
2016,410,8478,0,0.51808625
2016,410,8479,0,0.07780203
2016,410,8480,0,0.061628856
2016,410,8481,0,0.027083445
2016,410,8482,0,0.044203784
2016,410,8483,0,0.041210487
2016,410,8484,0,0.04218777
2016,458,8404,0,0.34753403
2016,458,8405,0,0.6636578
2016,458,8407,0,0.2566282
2016,458,8408,0,0.09964483
2016,458,8409,0,0.15230066
2016,458,8410,1,0.6102556
2016,458,8411,0,0.09180838
2016,458,8412,0,0.15240793
2016,458,8413,0,0.09318199
2016,458,8414,0,0.035878047
2016,458,8415,0,0.029810548
2016,458,8416,0,0.19491453
2016,458,8417,1,0.3596015
2016,458,8418,0,0.07976719
2016,458,8419,0,0.08161653
2016,458,8420,1,0.38461253
2016,458,8421,0,0.035151143
2016,458,8422,1,0.13777924
2016,458,8423,0,0.15230289
2016,458,8424,0,0.08641728
2016,458,8425,0,0.14583762
2016,458,8426,0,0.16188587
2016,458,8427,0,0.32843143
2016,458,8428,0,0.07690278
2016,458,8430,1,0.47973165
2016,458,8431,1,0.066481926
2016,458,8432,0,0.566404
2016,458,8433,1,0.30151603
2016,458,8435,0,0.26804557
2016,458,8436,0,0.08183136
2016,458,8437,0,0.2777999
2016,458,8439,1,0.4577326
2016,458,8441,0,0.08946283
2016,458,8442,0,0.39476702
2016,458,8443,0,0.08097595
2016,458,8444,1,0.5969256
2016,458,8445,1,0.6076127
2016,458,8446,1,0.47070453
2016,458,8447,0,0.502647
2016,458,8448,0,0.14012463
2016,458,8451,0,0.15455845
2016,458,8452,0,0.42288238
2016,458,8453,0,0.29451314
2016,458,8454,0,0.20905992
2016,458,8455,0,0.26435727
2016,458,8456,0,0.30247265
2016,458,8457,0,0.18648744
2016,458,8458,0,0.20115933
2016,458,8459,0,0.14478755
2016,458,8460,1,0.67102087
2016,458,8462,0,0.2558278
2016,458,8463,0,0.14951967
2016,458,8464,0,0.1280541
2016,458,8465,0,0.33003032
2016,458,8466,0,0.18108888
2016,458,8467,0,0.110034056
2016,458,8468,0,0.12612055
2016,458,8469,1,0.24177712
2016,458,8470,0,0.11647818
2016,458,8471,1,0.029837845
2016,458,8472,1,0.25861254
2016,458,8473,0,0.1380051
2016,458,8474,0,0.12668522
2016,458,8475,0,0.23963074
2016,458,8476,0,0.34265718
2016,458,8477,1,0.16586967
2016,458,8479,0,0.10510648
2016,458,8480,0,0.08232476
2016,458,8481,0,0.048252743
2016,458,8482,0,0.093800195
2016,458,8484,0,0.12504943
2016,458,8485,0,0.14633399
2016,124,8401,0,0.6978725
2016,124,8402,0,0.32053158
2016,124,8403,0,0.14973463
2016,124,8404,0,0.2576535
2016,124,8405,0,0.50280046
2016,124,8406,0,0.25812054
2016,124,8407,0,0.07097152
2016,124,8408,0,0.17915529
2016,124,8409,0,0.05639214
2016,124,8410,1,0.2025376
2016,124,8411,0,0.07115922
2016,124,8412,0,0.060240816
2016,124,8413,0,0.032057583
2016,124,8414,0,0.042760525
2016,124,8415,0,0.084559835
2016,124,8416,0,0.18108456
2016,124,8417,0,0.14431076
2016,124,8418,0,0.14848052
2016,124,8419,0,0.08058653
2016,124,8420,0,0.2521142
2016,124,8421,0,0.031496182
2016,124,8422,0,0.06898231
2016,124,8423,0,0.14691319
2016,124,8424,0,0.10535941
2016,124,8425,0,0.06408462
2016,124,8426,0,0.26468986
2016,124,8427,0,0.1948841
2016,124,8428,0,0.06861665
2016,124,8429,0,0.24232715
2016,124,8430,0,0.18231946
2016,124,8431,0,0.05634917
2016,124,8432,0,0.15165994
2016,124,8433,0,0.085228056
2016,124,8434,0,0.21878803
2016,124,8435,1,0.34825173
2016,124,8436,0,0.08711586
2016,124,8437,0,0.41469255
2016,124,8438,0,0.098392054
2016,124,8439,0,0.1928025
2016,124,8440,0,0.31234935
2016,124,8441,0,0.190777
2016,124,8442,0,0.2031887
2016,124,8443,0,0.11018389
2016,124,8445,0,0.28393376
2016,124,8448,0,0.1638678
2016,124,8449,1,0.8128005
2016,124,8451,0,0.15805863
2016,124,8452,0,0.2883219
2016,124,8453,0,0.49158257
2016,124,8454,0,0.17035852
2016,124,8455,0,0.23414871
2016,124,8456,1,0.3797289
2016,124,8457,0,0.27425435
2016,124,8458,0,0.55854
2016,124,8459,0,0.24168773
2016,124,8460,0,0.25516185
2016,124,8461,0,0.24097395
2016,124,8462,0,0.20778261
2016,124,8463,0,0.2545392
2016,124,8464,0,0.22523858
2016,124,8465,0,0.10274329
2016,124,8466,0,0.083510034
2016,124,8467,0,0.07935474
2016,124,8468,0,0.2270989
2016,124,8470,0,0.19157444
2016,124,8471,0,0.043614697
2016,124,8472,0,0.13414092
2016,124,8473,0,0.11756976
2016,124,8474,0,0.16558644
2016,124,8475,0,0.23205674
2016,124,8476,0,0.18457724
2016,124,8477,0,0.08611874
2016,124,8478,0,0.45848718
2016,124,8479,0,0.07076602
2016,124,8480,0,0.12687692
2016,124,8481,0,0.037652824
2016,124,8482,0,0.06793053
2016,124,8483,0,0.053877793
2016,124,8484,0,0.11580983
2016,124,8485,0,0.10062306
2016,484,8402,1,0.5288712
2016,484,8403,0,0.20575275
2016,484,8404,0,0.41254672
2016,484,8405,1,0.24420694
2016,484,8406,1,0.22103989
2016,484,8407,1,0.17354564
2016,484,8408,0,0.13422413
2016,484,8409,0,0.08747304
2016,484,8410,0,0.42569476
2016,484,8411,0,0.08463417
2016,484,8412,0,0.1349657
2016,484,8413,0,0.05300716
2016,484,8414,0,0.062161177
2016,484,8415,0,0.11905158
2016,484,8416,0,0.24831003
2016,484,8417,1,0.23026365
2016,484,8418,0,0.07293541
2016,484,8419,0,0.085027605
2016,484,8420,0,0.65893257
2016,484,8421,0,0.07332426
2016,484,8423,0,0.1516839
2016,484,8424,0,0.1684508
2016,484,8425,0,0.13444524
2016,484,8426,0,0.26707795
2016,484,8427,0,0.62469107
2016,484,8428,0,0.12602425
2016,484,8429,0,0.35781616
2016,484,8430,0,0.20262618
2016,484,8431,0,0.09467476
2016,484,8432,0,0.13993946
2016,484,8433,0,0.121282525
2016,484,8434,0,0.23839429
2016,484,8436,0,0.15551841
2016,484,8438,0,0.1513602
2016,484,8439,1,0.6618232
2016,484,8441,0,0.33175483
2016,484,8442,0,0.1884453
2016,484,8443,0,0.0780811
2016,484,8448,1,0.21787713
2016,484,8450,0,0.49985304
2016,484,8451,0,0.2103968
2016,484,8453,1,0.48065332
2016,484,8454,1,0.33401304
2016,484,8455,0,0.22138269
2016,484,8456,1,0.23635666
2016,484,8457,0,0.30465308
2016,484,8458,1,0.28537145
2016,484,8459,0,0.22399718
2016,484,8460,0,0.20394483
2016,484,8461,0,0.39598215
2016,484,8462,0,0.2208871
2016,484,8464,1,0.51961267
2016,484,8465,0,0.17438665
2016,484,8466,0,0.1861902
2016,484,8467,0,0.13011424
2016,484,8468,0,0.1720156
2016,484,8470,0,0.15912834
2016,484,8471,0,0.09117939
2016,484,8472,0,0.15329778
2016,484,8473,0,0.16267459
2016,484,8474,0,0.19338223
2016,484,8476,0,0.18549998
2016,484,8477,0,0.1668871
2016,484,8479,0,0.17482437
2016,484,8480,1,0.22495148
2016,484,8481,0,0.061056927
2016,484,8482,0,0.094305225
2016,484,8483,0,0.070623495
2016,484,8484,0,0.14178206
2016,484,8485,0,0.56074685
2016,757,8403,0,0.2021964
2016,757,8404,0,0.38750976
2016,757,8405,0,0.22766924
2016,757,8406,1,0.22544771
2016,757,8407,0,0.20250224
2016,757,8408,0,0.29047042
2016,757,8409,0,0.064776205
2016,757,8411,0,0.057115123
2016,757,8412,0,0.07227569
2016,757,8413,0,0.040818702
2016,757,8414,0,0.028734786
2016,757,8415,0,0.12509623
2016,757,8416,0,0.2211749
2016,757,8417,0,0.14333145
2016,757,8418,0,0.114573374
2016,757,8419,0,0.04675472
2016,757,8420,0,0.21197635
2016,757,8421,0,0.023904698
2016,757,8422,0,0.041157257
2016,757,8423,0,0.08170846
2016,757,8424,0,0.05834724
2016,757,8425,0,0.09800466
2016,757,8426,1,0.46084893
2016,757,8427,0,0.20626684
2016,757,8428,0,0.08566215
2016,757,8429,0,0.294019
2016,757,8430,0,0.22793585
2016,757,8431,0,0.03876624
2016,757,8432,0,0.16644184
2016,757,8433,0,0.34980184
2016,757,8434,0,0.25539243
2016,757,8435,0,0.24432386
2016,757,8436,0,0.14480385
2016,757,8437,1,0.23877437
2016,757,8438,0,0.03618365
2016,757,8439,0,0.2042214
2016,757,8440,0,0.1823248
2016,757,8441,0,0.09386821
2016,757,8442,0,0.11856907
2016,757,8443,0,0.06877469
2016,757,8444,1,0.4401974
2016,757,8445,0,0.19796878
2016,757,8446,0,0.09325166
2016,757,8447,0,0.26388127
2016,757,8448,0,0.07197843
2016,757,8449,0,0.24790701
2016,757,8450,0,0.12102876
2016,757,8451,1,0.06824515
2016,757,8452,0,0.1245296
2016,757,8453,1,0.25523278
2016,757,8454,0,0.17905648
2016,757,8455,1,0.15119109
2016,757,8456,0,0.13220692
2016,757,8457,0,0.24253717
2016,757,8458,0,0.17868683
2016,757,8459,0,0.19990501
2016,757,8460,0,0.15870734
2016,757,8461,0,0.16882047
2016,757,8462,0,0.1418917
2016,757,8463,0,0.11667939
2016,757,8464,0,0.19968241
2016,757,8465,0,0.12719338
2016,757,8466,0,0.061357975
2016,757,8467,0,0.085858844
2016,757,8468,0,0.119522646
2016,757,8470,1,0.16464762
2016,757,8471,1,0.04283549
2016,757,8472,1,0.13405168
2016,757,8473,0,0.10104465
2016,757,8474,0,0.1205662
2016,757,8475,0,0.12805083
2016,757,8476,0,0.15577686
2016,757,8477,0,0.08104186
2016,757,8479,0,0.057946775
2016,757,8480,0,0.09919132
2016,757,8481,0,0.044947628
2016,757,8482,0,0.052464537
2016,757,8483,0,0.05840951
2016,757,8484,0,0.0556358
2016,757,8485,0,0.07931535
2016,764,8402,0,0.46133766
2016,764,8403,0,0.18984528
2016,764,8404,0,0.11382428
2016,764,8405,0,0.4335204
2016,764,8406,0,0.19503209
2016,764,8407,0,0.07336759
2016,764,8408,0,0.35266444
2016,764,8409,0,0.03633446
2016,764,8411,0,0.07238588
2016,764,8412,0,0.23265307
2016,764,8413,0,0.033749256
2016,764,8414,0,0.031817812
2016,764,8415,0,0.021711476
2016,764,8416,1,0.6471995
2016,764,8417,1,0.22898422
2016,764,8418,0,0.2849085
2016,764,8419,1,0.08165437
2016,764,8420,1,0.37392753
2016,764,8421,0,0.016768744
2016,764,8422,0,0.09402135
2016,764,8424,0,0.04900935
2016,764,8425,0,0.112501636
2016,764,8426,1,0.3300366
2016,764,8428,0,0.07400344
2016,764,8434,1,0.1741226
2016,764,8437,0,0.13565767
2016,764,8438,0,0.14651255
2016,764,8439,1,0.5111421
2016,764,8441,0,0.07964692
2016,764,8442,0,0.4486232
2016,764,8443,0,0.081067055
2016,764,8445,1,0.45722288
2016,764,8447,0,0.56536174
2016,764,8448,0,0.12907721
2016,764,8450,0,0.028692763
2016,764,8451,0,0.10267227
2016,764,8452,0,0.09841667
2016,764,8453,0,0.19423175
2016,764,8454,0,0.26941717
2016,764,8455,0,0.16732529
2016,764,8456,0,0.13422151
2016,764,8457,0,0.43203226
2016,764,8458,0,0.39239267
2016,764,8459,0,0.114931114
2016,764,8460,0,0.18911971
2016,764,8461,0,0.11353308
2016,764,8462,0,0.12280044
2016,764,8463,0,0.16607825
2016,764,8466,0,0.18888429
2016,764,8467,0,0.17789729
2016,764,8468,0,0.72717977
2016,764,8470,0,0.22397493
2016,764,8471,1,0.038913134
2016,764,8472,1,0.33498916
2016,764,8473,0,0.1575716
2016,764,8475,0,0.42050335
2016,764,8476,0,0.1949993
2016,764,8477,0,0.116822004
2016,764,8479,0,0.13003102
2016,764,8480,0,0.085623324
2016,764,8481,0,0.027650828
2016,764,8482,0,0.044731315
2016,764,8483,0,0.032436907
2016,764,8484,0,0.039991412
2016,764,8485,0,0.1650922
2016,752,8401,0,0.34985563
2016,752,8402,0,0.2464178
2016,752,8403,0,0.24084002
2016,752,8404,0,0.15289453
2016,752,8405,1,0.6681642
2016,752,8406,0,0.35313573
2016,752,8407,0,0.21093607
2016,752,8408,0,0.17429972
2016,752,8409,0,0.05765934
2016,752,8410,1,0.2667991
2016,752,8411,0,0.09076415
2016,752,8412,0,0.04119988
2016,752,8413,0,0.030062769
2016,752,8414,0,0.02808011
2016,752,8415,0,0.069667675
2016,752,8416,0,0.13962813
2016,752,8417,0,0.15960944
2016,752,8418,0,0.056749452
2016,752,8419,0,0.031136846
2016,752,8420,0,0.20474191
2016,752,8421,0,0.022248952
2016,752,8422,0,0.03071285
2016,752,8423,0,0.18997799
2016,752,8424,0,0.035225872
2016,752,8425,0,0.15657014
2016,752,8426,0,0.12890126
2016,752,8427,0,0.11561403
2016,752,8428,0,0.061162155
2016,752,8429,0,0.084361
2016,752,8430,0,0.083472796
2016,752,8431,0,0.030988963
2016,752,8432,0,0.11033426
2016,752,8433,0,0.13609566
2016,752,8434,0,0.11495361
2016,752,8436,0,0.16192597
2016,752,8437,0,0.16447301
2016,752,8438,0,0.05764896
2016,752,8439,0,0.16328296
2016,752,8440,0,0.23063874
2016,752,8441,0,0.1687357
2016,752,8442,0,0.21892475
2016,752,8443,0,0.113860406
2016,752,8446,1,0.6283179
2016,752,8447,0,0.49333888
2016,752,8448,0,0.16488007
2016,752,8450,0,0.100485064
2016,752,8451,0,0.18475999
2016,752,8452,0,0.29474384
2016,752,8453,0,0.5459501
2016,752,8454,1,0.47745645
2016,752,8455,0,0.1173375
2016,752,8456,1,0.29529026
2016,752,8457,1,0.49269897
2016,752,8458,0,0.13446741
2016,752,8459,0,0.22554314
2016,752,8460,0,0.26822028
2016,752,8461,0,0.29644868
2016,752,8462,0,0.1669601
2016,752,8463,0,0.17201981
2016,752,8464,0,0.28257275
2016,752,8465,0,0.14519364
2016,752,8466,0,0.045757364
2016,752,8467,0,0.066918425
2016,752,8468,0,0.114424944
2016,752,8470,0,0.4213853
2016,752,8471,0,0.054005697
2016,752,8472,1,0.111961395
2016,752,8473,0,0.111654475
2016,752,8474,0,0.06648182
2016,752,8475,0,0.21442392
2016,752,8476,0,0.18078576
2016,752,8477,0,0.13414016
2016,752,8479,0,0.05679658
2016,752,8480,0,0.12919897
2016,752,8481,0,0.031129532
2016,752,8482,0,0.04198358
2016,752,8483,0,0.03398055
2016,752,8484,0,0.058904693
2016,752,8485,0,0.044289213
2016,372,8402,1,0.26206547
2016,372,8403,0,0.26087293
2016,372,8405,1,0.69654775
2016,372,8406,1,0.7606828
2016,372,8407,0,0.4712419
2016,372,8409,0,0.15118566
2016,372,8411,0,0.09421808
2016,372,8412,0,0.19290487
2016,372,8413,0,0.08484978
2016,372,8414,0,0.08639566
2016,372,8415,0,0.18234275
2016,372,8418,0,0.1671882
2016,372,8419,0,0.3425073
2016,372,8421,0,0.06296079
2016,372,8422,0,0.1452246
2016,372,8423,0,0.54251826
2016,372,8424,1,0.21575095
2016,372,8425,1,0.26757753
2016,372,8426,0,0.18694791
2016,372,8427,0,0.28078142
2016,372,8428,0,0.16726342
2016,372,8429,0,0.24764904
2016,372,8430,0,0.24712813
2016,372,8431,0,0.120557874
2016,372,8432,0,0.25138554
2016,372,8433,0,0.16763087
2016,372,8434,0,0.28009623
2016,372,8436,0,0.22321117
2016,372,8437,0,0.529854
2016,372,8438,0,0.3976929
2016,372,8441,1,0.34721342
2016,372,8443,0,0.106699206
2016,372,8448,0,0.25189096
2016,372,8450,1,0.42310774
2016,372,8451,1,0.30569094
2016,372,8456,0,0.364012
2016,372,8458,1,0.53192383
2016,372,8459,0,0.34422138
2016,372,8462,1,0.35237056
2016,372,8463,0,0.23213868
2016,372,8464,1,0.6724461
2016,372,8465,1,0.41842267
2016,372,8466,0,0.23335427
2016,372,8467,0,0.25028566
2016,372,8468,0,0.23442788
2016,372,8470,0,0.16042762
2016,372,8471,1,0.03728266
2016,372,8472,0,0.6113009
2016,372,8473,0,0.06786521
2016,372,8474,0,0.24186105
2016,372,8475,0,0.31453606
2016,372,8476,1,0.30379358
2016,372,8477,1,0.17221583
2016,372,8479,0,0.1640497
2016,372,8480,0,0.15597528
2016,372,8481,1,0.093554795
2016,372,8484,0,0.11958123
2016,372,8485,0,0.1256342
2016,40,8401,1,0.6098897
2016,40,8402,1,0.19453093
2016,40,8403,0,0.1555179
2016,40,8404,0,0.28889123
2016,40,8405,1,0.2305789
2016,40,8406,1,0.2585982
2016,40,8407,0,0.15929227
2016,40,8408,0,0.2749223
2016,40,8409,0,0.0911469
2016,40,8410,0,0.26806122
2016,40,8411,0,0.09946851
2016,40,8412,0,0.08418968
2016,40,8413,0,0.034726642
2016,40,8414,1,0.04340995
2016,40,8415,0,0.109859765
2016,40,8416,0,0.1470601
2016,40,8417,1,0.24039598
2016,40,8418,0,0.07462539
2016,40,8419,0,0.050643153
2016,40,8420,0,0.23655635
2016,40,8421,0,0.022171136
2016,40,8422,0,0.08640913
2016,40,8423,0,0.107302226
2016,40,8424,0,0.05291406
2016,40,8425,0,0.1084405
2016,40,8426,0,0.11567797
2016,40,8427,0,0.2108934
2016,40,8428,0,0.4870359
2016,40,8429,0,0.17374371
2016,40,8430,0,0.16445822
2016,40,8431,0,0.053849086
2016,40,8432,0,0.12382809
2016,40,8433,0,0.122356415
2016,40,8434,1,0.38831732
2016,40,8435,0,0.111449204
2016,40,8436,0,0.11851884
2016,40,8437,0,0.08695466
2016,40,8438,0,0.050243948
2016,40,8439,0,0.11646556
2016,40,8440,0,0.2179726
2016,40,8441,0,0.12555799
2016,40,8442,0,0.1365043
2016,40,8443,0,0.09187298
2016,40,8444,1,0.26654884
2016,40,8445,1,0.43430868
2016,40,8446,0,0.50613713
2016,40,8447,0,0.275407
2016,40,8448,0,0.20720124
2016,40,8449,0,0.5499492
2016,40,8450,0,0.39769426
2016,40,8451,1,0.11496704
2016,40,8452,0,0.0931746
2016,40,8453,0,0.30298284
2016,40,8454,1,0.55434346
2016,40,8455,0,0.12293465
2016,40,8456,0,0.21214196
2016,40,8457,0,0.22676066
2016,40,8458,0,0.17761756
2016,40,8459,0,0.15328318
2016,40,8461,1,0.16234285
2016,40,8462,0,0.14435226
2016,40,8463,0,0.21924894
2016,40,8464,0,0.36764076
2016,40,8465,0,0.10861396
2016,40,8466,0,0.10047179
2016,40,8467,0,0.12051442
2016,40,8468,0,0.12574255
2016,40,8470,0,0.5399447
2016,40,8471,1,0.035827626
2016,40,8472,1,0.13012293
2016,40,8473,0,0.14959177
2016,40,8474,0,0.11855001
2016,40,8475,0,0.34005117
2016,40,8476,0,0.41826844
2016,40,8477,0,0.07558567
2016,40,8478,0,0.1677176
2016,40,8479,0,0.04233215
2016,40,8480,0,0.08371335
2016,40,8481,0,0.034101892
2016,40,8482,0,0.08005025
2016,40,8483,0,0.05515905
2016,40,8484,0,0.05973308
2016,40,8485,0,0.13764542
2016,724,8401,1,0.289396
2016,724,8402,1,0.53084534
2016,724,8403,0,0.15156625
2016,724,8404,0,0.22178051
2016,724,8405,1,0.4226076
2016,724,8406,0,0.13808796
2016,724,8407,0,0.11072184
2016,724,8408,0,0.16828522
2016,724,8409,0,0.043168373
2016,724,8410,1,0.13346262
2016,724,8411,0,0.060566727
2016,724,8412,0,0.08524255
2016,724,8413,0,0.02810395
2016,724,8414,0,0.02904168
2016,724,8415,0,0.045707546
2016,724,8416,0,0.11014837
2016,724,8417,0,0.20937704
2016,724,8418,0,0.03481642
2016,724,8419,0,0.02533682
2016,724,8420,0,0.11205575
2016,724,8421,0,0.021612508
2016,724,8422,0,0.026633369
2016,724,8423,0,0.040390436
2016,724,8424,0,0.031013574
2016,724,8425,1,0.09221206
2016,724,8426,0,0.07417394
2016,724,8427,0,0.15915166
2016,724,8428,0,0.034783587
2016,724,8430,0,0.09751001
2016,724,8431,0,0.023828663
2016,724,8432,0,0.09475456
2016,724,8433,0,0.09521273
2016,724,8434,1,0.25731382
2016,724,8435,0,0.210263
2016,724,8436,0,0.05338163
2016,724,8437,0,0.19097605
2016,724,8438,0,0.03604019
2016,724,8439,0,0.24108997
2016,724,8440,0,0.11825961
2016,724,8441,0,0.06597354
2016,724,8442,0,0.19754001
2016,724,8443,0,0.040435955
2016,724,8444,1,0.33312437
2016,724,8445,1,0.110315286
2016,724,8446,0,0.2564897
2016,724,8447,0,0.22803201
2016,724,8448,0,0.10355392
2016,724,8449,0,0.30882797
2016,724,8450,0,0.08941688
2016,724,8451,1,0.13006096
2016,724,8452,0,0.45984912
2016,724,8453,0,0.19361247
2016,724,8454,0,0.11472844
2016,724,8455,0,0.52280194
2016,724,8456,0,0.18953714
2016,724,8457,0,0.18670689
2016,724,8458,0,0.17246678
2016,724,8459,0,0.13539642
2016,724,8460,1,0.3523027
2016,724,8461,1,0.14490293
2016,724,8462,0,0.09326672
2016,724,8463,0,0.19653013
2016,724,8464,0,0.18993758
2016,724,8465,0,0.089792415
2016,724,8466,0,0.04395668
2016,724,8467,0,0.09932568
2016,724,8468,0,0.15072913
2016,724,8470,0,0.083531715
2016,724,8471,0,0.048075434
2016,724,8472,1,0.13383698
2016,724,8473,0,0.101924606
2016,724,8474,0,0.038717557
2016,724,8475,0,0.32502672
2016,724,8476,0,0.16887851
2016,724,8477,0,0.08951253
2016,724,8478,0,0.10701428
2016,724,8479,0,0.41763866
2016,724,8480,0,0.06966752
2016,724,8481,0,0.027395356
2016,724,8482,0,0.05543802
2016,724,8483,0,0.04714554
2016,724,8484,0,0.056647357
2016,724,8485,0,0.06885722
2017,842,8401,1,0.17151499
2017,842,8402,0,0.10275052
2017,842,8403,0,0.097186014
2017,842,8404,1,0.19404478
2017,842,8405,0,0.09045338
2017,842,8406,1,0.11650899
2017,842,8407,0,0.06295071
2017,842,8408,0,0.13601634
2017,842,8409,0,0.031636547
2017,842,8410,0,0.147795
2017,842,8411,0,0.023826221
2017,842,8412,0,0.027065571
2017,842,8413,0,0.020426793
2017,842,8414,0,0.024362948
2017,842,8415,0,0.03883364
2017,842,8416,0,0.041007776
2017,842,8417,0,0.061157532
2017,842,8418,0,0.032031976
2017,842,8419,0,0.02934062
2017,842,8420,0,0.067735784
2017,842,8421,0,0.016338304
2017,842,8422,0,0.039833624
2017,842,8423,0,0.035560682
2017,842,8424,0,0.022521794
2017,842,8425,0,0.028563932
2017,842,8426,0,0.08666079
2017,842,8427,0,0.037896477
2017,842,8428,0,0.027755108
2017,842,8429,0,0.05343996
2017,842,8431,0,0.03864031
2017,842,8432,0,0.04727524
2017,842,8433,0,0.026516816
2017,842,8434,0,0.12924856
2017,842,8435,0,0.16212456
2017,842,8436,0,0.028822882
2017,842,8437,0,0.07180895
2017,842,8438,0,0.020520959
2017,842,8439,0,0.13688508
2017,842,8440,1,0.20094307
2017,842,8441,0,0.037840985
2017,842,8442,0,0.10952871
2017,842,8443,0,0.024294555
2017,842,8444,1,0.31918857
2017,842,8445,0,0.12802829
2017,842,8446,0,0.46366897
2017,842,8447,1,0.2168539
2017,842,8448,0,0.052924134
2017,842,8449,1,0.47282258
2017,842,8450,0,0.05412337
2017,842,8451,0,0.026154337
2017,842,8452,0,0.06660732
2017,842,8453,0,0.1827898
2017,842,8454,0,0.1264123
2017,842,8455,0,0.12130678
2017,842,8456,0,0.073107794
2017,842,8457,0,0.18264973
2017,842,8458,0,0.09587543
2017,842,8459,0,0.06512085
2017,842,8460,0,0.06762724
2017,842,8461,0,0.067853376
2017,842,8462,0,0.086886615
2017,842,8463,0,0.097280085
2017,842,8464,0,0.104241066
2017,842,8465,0,0.037292838
2017,842,8466,0,0.028196778
2017,842,8467,0,0.026762102
2017,842,8468,0,0.071470395
2017,842,8470,1,0.1250218
2017,842,8471,0,0.05186876
2017,842,8472,0,0.039213605
2017,842,8473,0,0.08310879
2017,842,8474,0,0.04703695
2017,842,8475,0,0.15098155
2017,842,8476,0,0.11965767
2017,842,8477,0,0.029264208
2017,842,8478,0,0.16548981
2017,842,8479,0,0.04867243
2017,842,8480,0,0.18812042
2017,842,8481,0,0.03565841
2017,842,8482,0,0.024427833
2017,842,8483,0,0.028558562
2017,842,8484,0,0.024191435
2017,842,8485,0,0.03533798
2017,276,8401,0,0.20760839
2017,276,8402,0,0.060879134
2017,276,8403,0,0.059503492
2017,276,8404,1,0.17024119
2017,276,8405,0,0.21898124
2017,276,8406,1,0.44212517
2017,276,8407,0,0.046913806
2017,276,8408,0,0.0296383
2017,276,8409,0,0.024833366
2017,276,8410,1,0.34875113
2017,276,8411,0,0.022016756
2017,276,8412,0,0.02091855
2017,276,8413,0,0.020165581
2017,276,8414,0,0.018305406
2017,276,8415,0,0.020886512
2017,276,8416,0,0.02849952
2017,276,8417,0,0.0387544
2017,276,8418,0,0.03856332
2017,276,8419,0,0.02463591
2017,276,8420,0,0.06308108
2017,276,8421,0,0.010488438
2017,276,8422,0,0.016118217
2017,276,8423,0,0.02023016
2017,276,8424,0,0.026652724
2017,276,8425,0,0.021243917
2017,276,8426,0,0.063148566
2017,276,8427,0,0.032224663
2017,276,8428,0,0.019826524
2017,276,8429,0,0.030465122
2017,276,8430,0,0.034838576
2017,276,8431,0,0.020074574
2017,276,8432,0,0.043302
2017,276,8433,0,0.019704163
2017,276,8434,0,0.04634195
2017,276,8435,0,0.15517576
2017,276,8436,0,0.022118352
2017,276,8437,0,0.041558605
2017,276,8438,0,0.018244525
2017,276,8439,0,0.086911
2017,276,8440,0,0.04024773
2017,276,8441,0,0.024140125
2017,276,8442,1,0.04954705
2017,276,8443,0,0.036685176
2017,276,8444,0,0.36351824
2017,276,8445,0,0.12386574
2017,276,8446,0,0.124339
2017,276,8447,1,0.07501779
2017,276,8448,0,0.04681869
2017,276,8449,1,0.10103506
2017,276,8450,0,0.05077474
2017,276,8451,0,0.018159091
2017,276,8452,0,0.020559715
2017,276,8453,0,0.07455663
2017,276,8454,0,0.10172906
2017,276,8455,0,0.08722874
2017,276,8456,0,0.058478247
2017,276,8457,0,0.11499246
2017,276,8458,0,0.05933523
2017,276,8459,0,0.049306914
2017,276,8460,0,0.056922223
2017,276,8461,0,0.08414234
2017,276,8462,0,0.042056166
2017,276,8463,0,0.09570194
2017,276,8464,0,0.04480301
2017,276,8465,0,0.02921427
2017,276,8466,0,0.021943811
2017,276,8467,0,0.03796611
2017,276,8468,0,0.036920365
2017,276,8470,0,0.047024563
2017,276,8471,0,0.030941855
2017,276,8472,0,0.029825294
2017,276,8473,0,0.10318741
2017,276,8474,0,0.024792382
2017,276,8475,0,0.14483933
2017,276,8476,0,0.10910555
2017,276,8477,0,0.022375667
2017,276,8478,0,0.066271275
2017,276,8479,0,0.025793238
2017,276,8480,0,0.031671237
2017,276,8481,0,0.038080167
2017,276,8482,0,0.023680264
2017,276,8483,0,0.01956445
2017,276,8484,0,0.017649224
2017,276,8485,0,0.014982548
2017,392,8401,0,0.31025806
2017,392,8402,0,0.3127488
2017,392,8403,0,0.15909089
2017,392,8404,0,0.26790333
2017,392,8405,0,0.13603339
2017,392,8406,1,0.18889171
2017,392,8407,0,0.036281485
2017,392,8408,0,0.037438095
2017,392,8409,0,0.02538021
2017,392,8411,0,0.06876002
2017,392,8412,0,0.036312275
2017,392,8413,0,0.028928846
2017,392,8414,0,0.035657
2017,392,8415,0,0.034629796
2017,392,8416,0,0.13872671
2017,392,8417,0,0.11641138
2017,392,8418,0,0.055572964
2017,392,8419,0,0.03482495
2017,392,8420,0,0.17101343
2017,392,8421,0,0.023456119
2017,392,8422,0,0.034354523
2017,392,8423,0,0.06353553
2017,392,8424,0,0.04303159
2017,392,8425,0,0.043472745
2017,392,8426,0,0.093050644
2017,392,8427,0,0.021192294
2017,392,8428,0,0.06132673
2017,392,8429,0,0.049128395
2017,392,8430,0,0.090594456
2017,392,8431,0,0.03302391
2017,392,8432,1,0.08978295
2017,392,8433,0,0.050420735
2017,392,8434,1,0.5591376
2017,392,8435,1,0.4632536
2017,392,8436,0,0.10327375
2017,392,8437,0,0.1204479
2017,392,8438,0,0.050309725
2017,392,8439,0,0.1459899
2017,392,8440,0,0.1700282
2017,392,8441,0,0.058995016
2017,392,8442,0,0.13162065
2017,392,8443,0,0.04717732
2017,392,8444,1,0.31483236
2017,392,8445,0,0.18219604
2017,392,8446,0,0.17364718
2017,392,8447,1,0.12854262
2017,392,8448,0,0.07481497
2017,392,8449,1,0.26629746
2017,392,8450,0,0.16820963
2017,392,8451,0,0.075904444
2017,392,8452,0,0.041427694
2017,392,8453,1,0.15858197
2017,392,8454,0,0.16053142
2017,392,8455,0,0.164378
2017,392,8456,0,0.10469763
2017,392,8457,0,0.12580237
2017,392,8458,0,0.08736902
2017,392,8459,0,0.070146404
2017,392,8460,0,0.08719312
2017,392,8461,0,0.12947057
2017,392,8462,0,0.08002041
2017,392,8463,0,0.1071007
2017,392,8464,0,0.16707413
2017,392,8465,0,0.07543872
2017,392,8466,0,0.04231293
2017,392,8467,0,0.027076783
2017,392,8468,0,0.09230992
2017,392,8469,1,0.24663657
2017,392,8470,0,0.13885282
2017,392,8471,0,0.029971536
2017,392,8472,1,0.053948004
2017,392,8473,0,0.14724937
2017,392,8474,0,0.060857166
2017,392,8475,0,0.16513884
2017,392,8476,0,0.20662232
2017,392,8477,0,0.053972255
2017,392,8478,0,0.57319534
2017,392,8479,0,0.115617074
2017,392,8480,0,0.0612424
2017,392,8481,0,0.043640174
2017,392,8482,0,0.021523295
2017,392,8483,0,0.026886478
2017,392,8484,0,0.024404783
2017,392,8485,0,0.038308393
2017,156,8401,0,0.24877824
2017,156,8402,0,0.035116285
2017,156,8403,0,0.023684189
2017,156,8404,0,0.123493776
2017,156,8405,0,0.1204372
2017,156,8406,1,0.098409295
2017,156,8407,0,0.035404623
2017,156,8408,0,0.021350443
2017,156,8409,0,0.015329506
2017,156,8411,0,0.016855555
2017,156,8412,0,0.018013846
2017,156,8413,0,0.015613564
2017,156,8414,0,0.019187456
2017,156,8415,0,0.018950107
2017,156,8416,0,0.041337527
2017,156,8417,0,0.031614307
2017,156,8418,0,0.02892395
2017,156,8419,0,0.019610675
2017,156,8420,0,0.037321936
2017,156,8421,0,0.010828117
2017,156,8422,0,0.011482266
2017,156,8423,0,0.017858999
2017,156,8424,0,0.018946253
2017,156,8425,0,0.026197037
2017,156,8426,0,0.02437073
2017,156,8427,0,0.012605984
2017,156,8428,0,0.012674876
2017,156,8431,0,0.019137606
2017,156,8432,0,0.020219117
2017,156,8433,0,0.015660437
2017,156,8434,0,0.045529205
2017,156,8436,0,0.017702064
2017,156,8439,0,0.038195077
2017,156,8440,0,0.029900603
2017,156,8441,0,0.023914488
2017,156,8442,0,0.01933176
2017,156,8443,0,0.0263675
2017,156,8444,0,0.13757718
2017,156,8445,0,0.066321455
2017,156,8446,0,0.19951448
2017,156,8447,0,0.062271826
2017,156,8448,0,0.016125048
2017,156,8449,0,0.11375225
2017,156,8450,0,0.026750904
2017,156,8451,0,0.015717557
2017,156,8452,0,0.031832047
2017,156,8453,0,0.0564383
2017,156,8454,0,0.050386522
2017,156,8455,0,0.038628425
2017,156,8456,0,0.01929514
2017,156,8457,0,0.041093875
2017,156,8458,0,0.024693394
2017,156,8459,0,0.016787032
2017,156,8460,0,0.017502414
2017,156,8461,0,0.020111589
2017,156,8462,0,0.024178922
2017,156,8463,0,0.032064836
2017,156,8464,0,0.03306461
2017,156,8465,0,0.01996841
2017,156,8466,0,0.020668272
2017,156,8467,0,0.019203788
2017,156,8468,0,0.022238052
2017,156,8470,0,0.018840956
2017,156,8471,0,0.027845489
2017,156,8472,0,0.031954646
2017,156,8473,0,0.09199814
2017,156,8475,0,0.061273567
2017,156,8476,0,0.030164044
2017,156,8477,0,0.019883677
2017,156,8479,0,0.0141858375
2017,156,8480,0,0.012241806
2017,156,8481,0,0.024320621
2017,156,8482,0,0.015222138
2017,156,8483,0,0.015779873
2017,156,8484,0,0.014146967
2017,380,8401,1,0.52708274
2017,380,8402,0,0.35177186
2017,380,8403,0,0.046272874
2017,380,8404,0,0.1702705
2017,380,8405,0,0.16981046
2017,380,8406,0,0.15644833
2017,380,8407,0,0.11174792
2017,380,8408,0,0.034450408
2017,380,8409,0,0.02537057
2017,380,8411,0,0.047260027
2017,380,8412,0,0.033545297
2017,380,8413,0,0.018510778
2017,380,8414,0,0.017217698
2017,380,8415,0,0.029681267
2017,380,8416,0,0.086399004
2017,380,8417,0,0.056361683
2017,380,8418,0,0.042236127
2017,380,8419,0,0.02257627
2017,380,8420,0,0.0868677
2017,380,8421,0,0.010761416
2017,380,8422,0,0.015620096
2017,380,8423,0,0.030807039
2017,380,8424,0,0.020335317
2017,380,8425,0,0.020292377
2017,380,8426,0,0.041847333
2017,380,8427,0,0.041231763
2017,380,8428,0,0.021079477
2017,380,8429,0,0.03168585
2017,380,8430,0,0.06396972
2017,380,8431,0,0.025816198
2017,380,8432,0,0.027879598
2017,380,8433,0,0.03045949
2017,380,8434,0,0.049435016
2017,380,8435,0,0.0892471
2017,380,8436,0,0.024231162
2017,380,8437,0,0.09300582
2017,380,8438,0,0.020210331
2017,380,8439,0,0.084094994
2017,380,8440,0,0.13255125
2017,380,8441,0,0.030231707
2017,380,8442,0,0.0712259
2017,380,8443,0,0.02787945
2017,380,8444,0,0.13820732
2017,380,8445,0,0.1366742
2017,380,8446,0,0.27135164
2017,380,8447,0,0.10284877
2017,380,8448,0,0.051643144
2017,380,8449,0,0.26389462
2017,380,8450,0,0.0321778
2017,380,8451,0,0.021620642
2017,380,8453,0,0.04220154
2017,380,8454,0,0.08042275
2017,380,8455,0,0.101554744
2017,380,8456,0,0.07279755
2017,380,8457,0,0.06801927
2017,380,8458,0,0.06163123
2017,380,8459,0,0.06417524
2017,380,8460,0,0.0592248
2017,380,8461,0,0.049327
2017,380,8462,0,0.03310434
2017,380,8463,0,0.075990476
2017,380,8464,0,0.06794419
2017,380,8465,0,0.026921108
2017,380,8466,0,0.02297493
2017,380,8467,0,0.035903756
2017,380,8468,0,0.11601856
2017,380,8470,0,0.16261671
2017,380,8471,0,0.03323181
2017,380,8472,0,0.101466894
2017,380,8473,0,0.112588406
2017,380,8474,0,0.057452284
2017,380,8475,0,0.058367632
2017,380,8476,0,0.08458771
2017,380,8477,0,0.018006224
2017,380,8478,0,0.13414289
2017,380,8479,0,0.017754959
2017,380,8480,0,0.04425043
2017,380,8481,0,0.023098752
2017,380,8482,0,0.030623699
2017,380,8483,0,0.031790398
2017,380,8484,0,0.036967132
2017,380,8485,0,0.023153773
2017,826,8401,0,0.2219209
2017,826,8402,0,0.14889759
2017,826,8403,0,0.41560212
2017,826,8404,0,0.16667658
2017,826,8405,1,0.4835578
2017,826,8406,0,0.13776606
2017,826,8407,0,0.07279736
2017,826,8408,0,0.15369257
2017,826,8409,0,0.020525722
2017,826,8410,0,0.16423187
2017,826,8411,0,0.018120078
2017,826,8412,0,0.032986056
2017,826,8413,0,0.02188906
2017,826,8414,0,0.020624587
2017,826,8415,0,0.032520656
2017,826,8416,0,0.11577748
2017,826,8417,0,0.059447356
2017,826,8418,0,0.06262343
2017,826,8419,0,0.02793695
2017,826,8420,0,0.21986338
2017,826,8421,0,0.022260379
2017,826,8422,0,0.03901252
2017,826,8423,0,0.03079188
2017,826,8424,0,0.01873159
2017,826,8425,0,0.057917893
2017,826,8426,0,0.07802529
2017,826,8427,0,0.025517298
2017,826,8428,0,0.021913223
2017,826,8429,0,0.021767084
2017,826,8430,0,0.19565037
2017,826,8431,0,0.15306182
2017,826,8432,0,0.043831937
2017,826,8433,0,0.06599399
2017,826,8434,0,0.12059583
2017,826,8435,0,0.42299575
2017,826,8436,0,0.064593725
2017,826,8437,0,0.10115353
2017,826,8438,0,0.027366422
2017,826,8439,0,0.16653295
2017,826,8440,0,0.13860805
2017,826,8441,0,0.07594343
2017,826,8442,0,0.07455601
2017,826,8443,0,0.0564731
2017,826,8444,0,0.32158142
2017,826,8445,0,0.2018153
2017,826,8446,0,0.5855076
2017,826,8447,0,0.1140917
2017,826,8448,0,0.07637424
2017,826,8449,0,0.72573525
2017,826,8450,0,0.13164598
2017,826,8451,0,0.04954049
2017,826,8453,0,0.16167247
2017,826,8454,0,0.1772336
2017,826,8455,0,0.15081944
2017,826,8456,0,0.08070398
2017,826,8457,0,0.23311664
2017,826,8458,0,0.13047837
2017,826,8459,0,0.09465273
2017,826,8460,0,0.08859093
2017,826,8461,0,0.1644723
2017,826,8462,0,0.11434419
2017,826,8463,0,0.08854961
2017,826,8464,0,0.107198514
2017,826,8465,0,0.057725895
2017,826,8466,0,0.022088302
2017,826,8467,0,0.02905734
2017,826,8468,0,0.1279877
2017,826,8470,0,0.18733603
2017,826,8471,0,0.03180477
2017,826,8472,0,0.0586312
2017,826,8473,0,0.084275104
2017,826,8474,0,0.038576942
2017,826,8475,0,0.102756366
2017,826,8476,0,0.100473896
2017,826,8477,0,0.025404304
2017,826,8478,1,0.14437568
2017,826,8479,0,0.031100353
2017,826,8480,0,0.07519371
2017,826,8481,0,0.051204406
2017,826,8482,0,0.023961611
2017,826,8483,0,0.021294542
2017,826,8484,0,0.022816774
2017,826,8485,0,0.025487209
2017,251,8401,1,0.6231598
2017,251,8403,0,0.10552736
2017,251,8404,0,0.25200987
2017,251,8405,1,0.41474214
2017,251,8406,1,0.20787697
2017,251,8407,0,0.09226336
2017,251,8408,0,0.05926236
2017,251,8409,0,0.026970945
2017,251,8411,0,0.05076189
2017,251,8412,0,0.05357494
2017,251,8413,0,0.035637528
2017,251,8414,0,0.044918466
2017,251,8415,0,0.04254812
2017,251,8416,0,0.2158254
2017,251,8417,0,0.09955091
2017,251,8418,0,0.060664307
2017,251,8419,0,0.03347032
2017,251,8420,0,0.18518196
2017,251,8421,0,0.02129782
2017,251,8422,0,0.020783952
2017,251,8424,0,0.052732848
2017,251,8425,0,0.02569746
2017,251,8426,0,0.121944286
2017,251,8427,0,0.04893705
2017,251,8428,0,0.025950741
2017,251,8429,0,0.050357167
2017,251,8430,0,0.08595217
2017,251,8431,0,0.029325265
2017,251,8432,0,0.049749956
2017,251,8433,0,0.04345858
2017,251,8434,0,0.07919951
2017,251,8435,0,0.13730112
2017,251,8436,0,0.03581777
2017,251,8438,0,0.030869456
2017,251,8439,0,0.15614225
2017,251,8441,0,0.07343813
2017,251,8442,1,0.14996205
2017,251,8443,0,0.04977416
2017,251,8444,0,0.15535371
2017,251,8445,0,0.20223197
2017,251,8446,0,0.13547905
2017,251,8447,0,0.37341827
2017,251,8448,0,0.120018065
2017,251,8449,0,0.23869133
2017,251,8450,0,0.0726321
2017,251,8451,0,0.033983283
2017,251,8453,0,0.25640613
2017,251,8454,0,0.16123463
2017,251,8455,0,0.1486507
2017,251,8456,0,0.13130258
2017,251,8457,1,0.14586228
2017,251,8458,0,0.1995496
2017,251,8459,0,0.114246316
2017,251,8460,0,0.1050893
2017,251,8461,0,0.09280988
2017,251,8462,0,0.08667743
2017,251,8463,0,0.1825031
2017,251,8464,0,0.12686454
2017,251,8465,0,0.13346405
2017,251,8466,0,0.04703215
2017,251,8467,0,0.07248012
2017,251,8468,1,0.1996928
2017,251,8470,0,0.11738027
2017,251,8471,0,0.028530344
2017,251,8472,1,0.08267978
2017,251,8473,0,0.14197136
2017,251,8475,0,0.15874453
2017,251,8476,0,0.110440254
2017,251,8477,0,0.041389175
2017,251,8478,0,0.277435
2017,251,8479,0,0.02740131
2017,251,8480,0,0.038248032
2017,251,8481,0,0.039283387
2017,251,8482,0,0.029679133
2017,251,8483,0,0.039019022
2017,251,8484,0,0.043905135
2017,251,8485,0,0.04407516
2017,490,8402,1,0.15645128
2017,490,8403,1,0.6823633
2017,490,8404,1,0.17024791
2017,490,8405,0,0.5259209
2017,490,8406,1,0.70587057
2017,490,8407,0,0.19917503
2017,490,8408,0,0.082591005
2017,490,8409,0,0.026988689
2017,490,8410,0,0.69405085
2017,490,8411,0,0.08061607
2017,490,8412,0,0.06278037
2017,490,8413,0,0.03815062
2017,490,8414,0,0.046792205
2017,490,8415,0,0.040563196
2017,490,8416,0,0.13718364
2017,490,8417,0,0.18882848
2017,490,8418,0,0.039371222
2017,490,8419,0,0.036082618
2017,490,8420,0,0.35026246
2017,490,8421,0,0.03154732
2017,490,8422,0,0.02308449
2017,490,8423,0,0.052972797
2017,490,8424,0,0.05051863
2017,490,8425,0,0.07604991
2017,490,8426,1,0.15588829
2017,490,8427,0,0.08951346
2017,490,8428,0,0.098556004
2017,490,8429,0,0.55540925
2017,490,8430,0,0.15913962
2017,490,8431,0,0.058568716
2017,490,8432,0,0.14656927
2017,490,8433,0,0.07845884
2017,490,8434,0,0.24444282
2017,490,8435,1,0.26502755
2017,490,8436,0,0.12143155
2017,490,8437,0,0.09590963
2017,490,8438,0,0.038598314
2017,490,8439,0,0.1875412
2017,490,8440,0,0.29480472
2017,490,8441,0,0.03510225
2017,490,8442,0,0.16280912
2017,490,8443,0,0.03709746
2017,490,8444,0,0.23703106
2017,490,8445,1,0.15821709
2017,490,8446,0,0.15353158
2017,490,8447,0,0.07502423
2017,490,8448,0,0.06870578
2017,490,8449,1,0.49831626
2017,490,8450,1,0.14155094
2017,490,8451,0,0.07452452
2017,490,8452,0,0.037990987
2017,490,8453,0,0.18936002
2017,490,8454,0,0.17346746
2017,490,8455,0,0.10609372
2017,490,8456,0,0.15109913
2017,490,8457,0,0.085693404
2017,490,8458,0,0.0761628
2017,490,8459,0,0.14948109
2017,490,8460,0,0.092539355
2017,490,8461,0,0.11001925
2017,490,8462,0,0.07079513
2017,490,8463,0,0.11459168
2017,490,8464,0,0.16134815
2017,490,8465,0,0.06582178
2017,490,8466,0,0.03726697
2017,490,8467,0,0.081828296
2017,490,8468,0,0.15333807
2017,490,8470,0,0.06402629
2017,490,8471,0,0.04945114
2017,490,8472,0,0.07866177
2017,490,8473,0,0.12459748
2017,490,8474,0,0.08801914
2017,490,8475,0,0.5557876
2017,490,8476,0,0.15057173
2017,490,8477,0,0.021711089
2017,490,8478,1,0.17013048
2017,490,8479,0,0.14181505
2017,490,8480,0,0.043841947
2017,490,8481,0,0.058059342
2017,490,8482,0,0.03432116
2017,490,8483,0,0.055204086
2017,490,8484,0,0.024819098
2017,490,8485,1,0.07477865
2017,702,8402,0,0.22162893
2017,702,8407,0,0.07851159
2017,702,8408,0,0.14577447
2017,702,8410,0,0.21483946
2017,702,8411,0,0.07822826
2017,702,8412,0,0.06450999
2017,702,8413,0,0.018680964
2017,702,8414,0,0.022166185
2017,702,8416,0,0.15690874
2017,702,8417,0,0.17750168
2017,702,8418,0,0.09112472
2017,702,8419,0,0.055283777
2017,702,8420,0,0.16618551
2017,702,8421,0,0.018129261
2017,702,8422,0,0.068910345
2017,702,8423,0,0.10432673
2017,702,8424,0,0.05114295
2017,702,8425,1,0.15792012
2017,702,8426,0,0.07616795
2017,702,8428,0,0.07601433
2017,702,8430,0,0.110744536
2017,702,8431,0,0.03530072
2017,702,8432,1,0.46494237
2017,702,8433,0,0.45571992
2017,702,8434,0,0.59145814
2017,702,8435,1,0.567938
2017,702,8436,0,0.120857194
2017,702,8437,0,0.11096304
2017,702,8439,0,0.20343763
2017,702,8441,1,0.54790646
2017,702,8442,0,0.19902751
2017,702,8443,0,0.044625968
2017,702,8445,0,0.32376024
2017,702,8448,1,0.26206818
2017,702,8449,0,0.6160076
2017,702,8451,0,0.116923094
2017,702,8452,0,0.24008353
2017,702,8453,1,0.2168013
2017,702,8454,0,0.21556501
2017,702,8455,1,0.28271472
2017,702,8456,0,0.14507753
2017,702,8457,0,0.33749738
2017,702,8458,0,0.12625864
2017,702,8459,0,0.12825225
2017,702,8460,0,0.12505817
2017,702,8461,1,0.296488
2017,702,8462,0,0.09910472
2017,702,8463,0,0.17456165
2017,702,8464,0,0.21975686
2017,702,8465,0,0.123186536
2017,702,8466,0,0.1809059
2017,702,8467,0,0.086379796
2017,702,8468,1,0.10813891
2017,702,8470,0,0.11120394
2017,702,8471,1,0.026394248
2017,702,8473,0,0.084202535
2017,702,8474,0,0.08912155
2017,702,8475,0,0.4312867
2017,702,8477,0,0.12816155
2017,702,8478,1,0.30652642
2017,702,8479,0,0.107864805
2017,702,8480,0,0.124831505
2017,702,8481,0,0.025538424
2017,702,8482,0,0.034160856
2017,702,8483,0,0.02687375
2017,702,8484,0,0.077168
2017,702,8485,0,0.05535407
2017,528,8401,1,0.18856597
2017,528,8403,0,0.079481095
2017,528,8404,1,0.46849048
2017,528,8405,1,0.2161689
2017,528,8407,0,0.17721696
2017,528,8408,0,0.049705777
2017,528,8409,0,0.026647124
2017,528,8410,1,0.20622855
2017,528,8411,0,0.10847395
2017,528,8412,0,0.023112766
2017,528,8413,0,0.020696832
2017,528,8414,0,0.030960817
2017,528,8415,0,0.030565457
2017,528,8416,0,0.13677812
2017,528,8417,0,0.10658179
2017,528,8418,0,0.070987366
2017,528,8419,0,0.026395984
2017,528,8420,0,0.18924199
2017,528,8421,0,0.012712561
2017,528,8422,0,0.047257632
2017,528,8423,0,0.05786476
2017,528,8424,0,0.048948877
2017,528,8425,0,0.03538605
2017,528,8426,0,0.10431793
2017,528,8427,0,0.026450537
2017,528,8428,0,0.029658295
2017,528,8429,0,0.03810986
2017,528,8430,0,0.0435812
2017,528,8431,0,0.02732128
2017,528,8432,0,0.034235723
2017,528,8433,0,0.049806897
2017,528,8434,0,0.09817828
2017,528,8435,1,0.50899345
2017,528,8436,0,0.029261438
2017,528,8437,0,0.059102166
2017,528,8438,0,0.022947358
2017,528,8439,1,0.19001201
2017,528,8440,0,0.11414327
2017,528,8441,0,0.05391603
2017,528,8442,0,0.102777116
2017,528,8443,0,0.047183696
2017,528,8444,0,0.41603315
2017,528,8445,0,0.42309034
2017,528,8446,0,0.24855512
2017,528,8447,1,0.41671512
2017,528,8448,0,0.15603472
2017,528,8449,1,0.5667063
2017,528,8450,0,0.18311961
2017,528,8451,0,0.10143512
2017,528,8453,0,0.22445275
2017,528,8454,1,0.4006611
2017,528,8455,0,0.20025206
2017,528,8456,0,0.0752077
2017,528,8457,0,0.18751737
2017,528,8458,0,0.14199345
2017,528,8459,0,0.16748229
2017,528,8460,0,0.17158829
2017,528,8461,0,0.14584248
2017,528,8462,0,0.10132419
2017,528,8463,1,0.5009419
2017,528,8464,0,0.19659528
2017,528,8465,0,0.20757683
2017,528,8466,0,0.05621266
2017,528,8467,0,0.027777048
2017,528,8468,0,0.1943742
2017,528,8470,0,0.12015876
2017,528,8471,0,0.031100914
2017,528,8472,0,0.07221523
2017,528,8473,0,0.2030556
2017,528,8474,0,0.05851987
2017,528,8475,0,0.11105183
2017,528,8476,0,0.23697244
2017,528,8477,0,0.0756376
2017,528,8478,0,0.15645151
2017,528,8479,0,0.03964935
2017,528,8480,0,0.050748557
2017,528,8481,0,0.03345019
2017,528,8482,0,0.041144565
2017,528,8483,0,0.029624494
2017,528,8484,0,0.036043797
2017,528,8485,0,0.03455242
2017,410,8401,1,0.56271905
2017,410,8402,1,0.24871099
2017,410,8403,0,0.0737151
2017,410,8404,1,0.1169362
2017,410,8405,1,0.1862949
2017,410,8406,0,0.25330076
2017,410,8407,0,0.054353677
2017,410,8408,0,0.04325859
2017,410,8409,0,0.021621455
2017,410,8410,0,0.2079861
2017,410,8411,0,0.055210244
2017,410,8412,0,0.057670463
2017,410,8413,0,0.020627568
2017,410,8414,0,0.022514427
2017,410,8415,0,0.019979605
2017,410,8416,1,0.19390744
2017,410,8417,0,0.10686555
2017,410,8418,0,0.08278045
2017,410,8419,0,0.027796911
2017,410,8420,0,0.18952331
2017,410,8421,0,0.012633184
2017,410,8422,0,0.036250237
2017,410,8423,0,0.059835378
2017,410,8424,0,0.030908594
2017,410,8425,0,0.05416462
2017,410,8426,0,0.08564484
2017,410,8427,0,0.047065545
2017,410,8428,0,0.043374494
2017,410,8429,0,0.02593655
2017,410,8431,0,0.026373142
2017,410,8432,0,0.12590887
2017,410,8433,0,0.24404922
2017,410,8434,1,0.21513927
2017,410,8435,0,0.13711445
2017,410,8436,0,0.4414438
2017,410,8437,0,0.08394009
2017,410,8438,0,0.082770474
2017,410,8439,0,0.13914993
2017,410,8440,0,0.10786475
2017,410,8441,0,0.055474147
2017,410,8442,0,0.2547189
2017,410,8443,0,0.034047935
2017,410,8444,0,0.19411834
2017,410,8445,0,0.28870416
2017,410,8446,0,0.24391569
2017,410,8447,1,0.13858752
2017,410,8448,0,0.124602675
2017,410,8449,0,0.1792004
2017,410,8450,1,0.027719948
2017,410,8451,0,0.053871427
2017,410,8452,0,0.15718605
2017,410,8453,0,0.1852842
2017,410,8454,0,0.13962497
2017,410,8455,0,0.12225815
2017,410,8456,1,0.15472125
2017,410,8457,0,0.10627681
2017,410,8458,0,0.064945735
2017,410,8459,0,0.074426875
2017,410,8460,0,0.14116663
2017,410,8461,0,0.12853657
2017,410,8462,0,0.085749604
2017,410,8463,0,0.12609036
2017,410,8464,0,0.33012602
2017,410,8465,1,0.12003802
2017,410,8466,0,0.054380335
2017,410,8467,0,0.053770375
2017,410,8468,0,0.17450544
2017,410,8470,0,0.114884086
2017,410,8471,0,0.032946136
2017,410,8472,0,0.05325957
2017,410,8473,0,0.18959488
2017,410,8474,0,0.08531659
2017,410,8475,0,0.2621643
2017,410,8476,0,0.10046011
2017,410,8477,0,0.04141492
2017,410,8478,0,0.42221913
2017,410,8479,0,0.099604756
2017,410,8480,0,0.05770578
2017,410,8481,0,0.024923127
2017,410,8482,0,0.029141009
2017,410,8483,0,0.029731456
2017,410,8484,0,0.026107443
2017,410,8485,0,0.041417673
2017,458,8404,1,0.48264414
2017,458,8405,1,0.4191334
2017,458,8407,0,0.22772026
2017,458,8408,0,0.18194743
2017,458,8411,0,0.09212714
2017,458,8412,0,0.13026954
2017,458,8413,0,0.06205188
2017,458,8414,0,0.02876274
2017,458,8415,0,0.022084245
2017,458,8416,0,0.49948186
2017,458,8417,0,0.21536694
2017,458,8418,0,0.11864171
2017,458,8419,0,0.09900202
2017,458,8420,0,0.23923749
2017,458,8421,0,0.027555317
2017,458,8422,0,0.064860016
2017,458,8423,0,0.12649876
2017,458,8424,0,0.042130746
2017,458,8425,0,0.119451165
2017,458,8426,0,0.12922789
2017,458,8427,0,0.161966
2017,458,8428,0,0.07161642
2017,458,8430,0,0.189303
2017,458,8431,0,0.057409618
2017,458,8433,0,0.1830712
2017,458,8436,0,0.08466751
2017,458,8437,0,0.28025526
2017,458,8438,0,0.14049709
2017,458,8439,1,0.20791437
2017,458,8441,0,0.09264115
2017,458,8442,1,0.3530837
2017,458,8443,0,0.13604803
2017,458,8445,0,0.36219817
2017,458,8447,0,0.3857674
2017,458,8448,0,0.16475886
2017,458,8450,1,0.4659261
2017,458,8451,0,0.0945471
2017,458,8452,1,0.18880649
2017,458,8453,1,0.47283643
2017,458,8454,0,0.16743785
2017,458,8455,0,0.15256755
2017,458,8456,1,0.3049087
2017,458,8457,0,0.31950942
2017,458,8458,0,0.23090045
2017,458,8459,0,0.17076182
2017,458,8460,0,0.17620656
2017,458,8461,1,0.3233104
2017,458,8462,0,0.10308599
2017,458,8463,1,0.15681674
2017,458,8464,1,0.6348804
2017,458,8465,0,0.20365441
2017,458,8466,0,0.116642065
2017,458,8467,0,0.085966185
2017,458,8468,0,0.17181253
2017,458,8470,0,0.06861734
2017,458,8472,1,0.18175809
2017,458,8473,0,0.1065757
2017,458,8474,0,0.09941813
2017,458,8475,0,0.13958953
2017,458,8476,0,0.22468902
2017,458,8477,0,0.07074791
2017,458,8478,1,0.34654316
2017,458,8479,0,0.13852683
2017,458,8480,0,0.08722937
2017,458,8481,0,0.04506819
2017,458,8482,0,0.055073738
2017,458,8484,0,0.078106165
2017,458,8485,0,0.46977708
2017,124,8401,0,0.53141266
2017,124,8402,1,0.6117017
2017,124,8403,0,0.15525831
2017,124,8404,0,0.2522458
2017,124,8405,1,0.6727977
2017,124,8406,1,0.45281452
2017,124,8407,0,0.06844834
2017,124,8408,0,0.18552236
2017,124,8409,0,0.04014066
2017,124,8410,0,0.19377607
2017,124,8411,0,0.048844792
2017,124,8412,0,0.049480658
2017,124,8413,0,0.036309473
2017,124,8414,0,0.07614036
2017,124,8415,0,0.08421529
2017,124,8416,0,0.21091217
2017,124,8417,0,0.12713864
2017,124,8418,0,0.112298064
2017,124,8419,0,0.06705698
2017,124,8420,1,0.47780928
2017,124,8421,0,0.054593936
2017,124,8422,0,0.07604319
2017,124,8423,0,0.09647112
2017,124,8424,0,0.083784156
2017,124,8425,0,0.08216636
2017,124,8426,0,0.24724461
2017,124,8427,0,0.14188017
2017,124,8428,0,0.07694387
2017,124,8429,0,0.19964111
2017,124,8430,0,0.15553674
2017,124,8431,0,0.030105386
2017,124,8432,0,0.08151274
2017,124,8433,0,0.06574482
2017,124,8434,0,0.5123844
2017,124,8436,0,0.07175183
2017,124,8437,0,0.19676696
2017,124,8438,0,0.111147955
2017,124,8439,0,0.16515131
2017,124,8440,0,0.25844374
2017,124,8441,0,0.16519657
2017,124,8442,1,0.19898663
2017,124,8443,0,0.08215334
2017,124,8445,0,0.2877707
2017,124,8448,0,0.23126036
2017,124,8451,0,0.23353072
2017,124,8452,0,0.24550669
2017,124,8454,0,0.14260544
2017,124,8455,0,0.4293386
2017,124,8456,0,0.19917092
2017,124,8457,0,0.27808496
2017,124,8458,0,0.20012318
2017,124,8459,1,0.19157135
2017,124,8460,0,0.20353518
2017,124,8461,0,0.15469755
2017,124,8462,1,0.17157331
2017,124,8463,1,0.48885643
2017,124,8464,1,0.14939183
2017,124,8465,0,0.12945534
2017,124,8466,0,0.06546896
2017,124,8467,0,0.08459258
2017,124,8468,0,0.14720191
2017,124,8470,0,0.16938184
2017,124,8471,0,0.041506156
2017,124,8472,0,0.15209885
2017,124,8473,0,0.16462232
2017,124,8474,0,0.08093529
2017,124,8475,0,0.5494159
2017,124,8476,0,0.22991714
2017,124,8477,0,0.05893651
2017,124,8478,1,0.60128236
2017,124,8479,0,0.04095427
2017,124,8480,0,0.08887111
2017,124,8481,0,0.045937654
2017,124,8482,0,0.048309688
2017,124,8483,0,0.053546477
2017,124,8484,0,0.06192295
2017,124,8485,0,0.067051426
2017,484,8402,0,0.32930973
2017,484,8403,0,0.272912
2017,484,8404,0,0.30579957
2017,484,8406,0,0.19400762
2017,484,8407,0,0.08810333
2017,484,8408,0,0.0883948
2017,484,8409,0,0.06069126
2017,484,8411,0,0.07876251
2017,484,8412,0,0.10513133
2017,484,8413,0,0.035615288
2017,484,8414,0,0.086327426
2017,484,8415,0,0.11050777
2017,484,8416,0,0.19559295
2017,484,8417,0,0.15747325
2017,484,8418,0,0.07458146
2017,484,8419,0,0.07273727
2017,484,8420,0,0.39457896
2017,484,8421,0,0.063490994
2017,484,8422,0,0.10491722
2017,484,8423,0,0.13963401
2017,484,8424,0,0.07806239
2017,484,8425,0,0.09996526
2017,484,8426,0,0.28457707
2017,484,8427,0,0.28771037
2017,484,8428,0,0.09752936
2017,484,8429,0,0.30625942
2017,484,8430,0,0.15834211
2017,484,8431,0,0.05221679
2017,484,8432,0,0.16006471
2017,484,8433,0,0.08401143
2017,484,8434,0,0.3612073
2017,484,8436,0,0.21207736
2017,484,8437,1,0.17906731
2017,484,8438,1,0.1367236
2017,484,8439,0,0.15953521
2017,484,8441,1,0.2062691
2017,484,8442,0,0.32543603
2017,484,8443,0,0.08656374
2017,484,8450,0,0.087187335
2017,484,8451,0,0.17573482
2017,484,8453,0,0.196676
2017,484,8455,1,0.66866755
2017,484,8456,0,0.12989981
2017,484,8457,1,0.56277466
2017,484,8458,0,0.17049365
2017,484,8459,0,0.4657085
2017,484,8460,1,0.4637912
2017,484,8461,0,0.49692106
2017,484,8462,0,0.16699794
2017,484,8463,1,0.55357414
2017,484,8465,0,0.15462886
2017,484,8466,0,0.112379715
2017,484,8467,0,0.09955418
2017,484,8468,0,0.14965464
2017,484,8470,0,0.4696821
2017,484,8471,0,0.07500416
2017,484,8472,0,0.21956001
2017,484,8473,0,0.26720557
2017,484,8475,0,0.17888856
2017,484,8476,0,0.18802392
2017,484,8477,0,0.12103522
2017,484,8479,0,0.0709116
2017,484,8480,0,0.12653352
2017,484,8481,0,0.058271155
2017,484,8482,0,0.061309945
2017,484,8483,0,0.06112183
2017,484,8484,0,0.09565064
2017,484,8485,0,0.05656985
2017,757,8402,0,0.14877808
2017,757,8403,0,0.17978168
2017,757,8404,0,0.5358933
2017,757,8406,0,0.14928673
2017,757,8407,1,0.32476783
2017,757,8408,0,0.17435738
2017,757,8409,0,0.051415477
2017,757,8411,1,0.023377884
2017,757,8412,0,0.05935111
2017,757,8413,0,0.04799978
2017,757,8414,0,0.032550853
2017,757,8415,0,0.07894469
2017,757,8416,0,0.11923728
2017,757,8417,0,0.13373071
2017,757,8418,0,0.15046182
2017,757,8419,0,0.05640869
2017,757,8420,0,0.37205955
2017,757,8421,0,0.03218166
2017,757,8422,0,0.050700545
2017,757,8423,1,0.08795472
2017,757,8424,0,0.060083155
2017,757,8425,0,0.087933786
2017,757,8426,0,0.18454988
2017,757,8427,0,0.15589392
2017,757,8428,0,0.054851882
2017,757,8429,0,0.1588211
2017,757,8430,0,0.17175755
2017,757,8431,0,0.034281403
2017,757,8432,0,0.13251978
2017,757,8433,0,0.14054848
2017,757,8434,0,0.3380736
2017,757,8435,0,0.20719433
2017,757,8436,0,0.14164667
2017,757,8437,0,0.08646774
2017,757,8438,0,0.028369218
2017,757,8439,0,0.14935979
2017,757,8440,0,0.16840036
2017,757,8441,0,0.05539983
2017,757,8442,0,0.12758595
2017,757,8443,0,0.06575982
2017,757,8445,0,0.22300595
2017,757,8446,0,0.11795965
2017,757,8447,1,0.35424817
2017,757,8448,0,0.04436917
2017,757,8449,0,0.4386071
2017,757,8450,0,0.1100787
2017,757,8451,0,0.050685834
2017,757,8452,0,0.13105874
2017,757,8453,0,0.11133992
2017,757,8454,0,0.26372424
2017,757,8455,0,0.18946603
2017,757,8456,0,0.11292647
2017,757,8457,0,0.13103825
2017,757,8458,0,0.1051854
2017,757,8459,0,0.15891334
2017,757,8460,0,0.09411595
2017,757,8461,0,0.15853937
2017,757,8462,0,0.11804904
2017,757,8463,0,0.1757534
2017,757,8464,0,0.15245326
2017,757,8465,0,0.11022221
2017,757,8466,0,0.03762835
2017,757,8467,0,0.10360852
2017,757,8468,1,0.25940645
2017,757,8470,0,0.13486336
2017,757,8471,0,0.036776938
2017,757,8472,1,0.12865268
2017,757,8473,0,0.21922682
2017,757,8474,1,0.11005418
2017,757,8475,0,0.3150847
2017,757,8476,0,0.10563546
2017,757,8477,0,0.052360564
2017,757,8478,0,0.12644812
2017,757,8479,0,0.036393385
2017,757,8480,0,0.08716016
2017,757,8481,0,0.059348892
2017,757,8482,0,0.043981783
2017,757,8483,0,0.060666714
2017,757,8484,0,0.05771294
2017,757,8485,0,0.05296778
2017,764,8402,1,0.30410436
2017,764,8403,1,0.6415474
2017,764,8405,0,0.6329778
2017,764,8406,0,0.35534304
2017,764,8407,0,0.079269
2017,764,8408,0,0.19972269
2017,764,8409,0,0.019608213
2017,764,8411,0,0.16379467
2017,764,8412,0,0.1357339
2017,764,8413,0,0.02249124
2017,764,8414,0,0.029801868
2017,764,8415,0,0.015102119
2017,764,8418,0,0.036986336
2017,764,8419,0,0.06976238
2017,764,8420,0,0.22025816
2017,764,8421,0,0.013503122
2017,764,8422,0,0.07394171
2017,764,8423,0,0.102641515
2017,764,8425,0,0.12498504
2017,764,8426,0,0.13315825
2017,764,8428,0,0.045926098
2017,764,8429,0,0.17623979
2017,764,8431,0,0.04614964
2017,764,8434,1,0.16696665
2017,764,8437,0,0.19445933
2017,764,8438,0,0.11960854
2017,764,8439,0,0.16613832
2017,764,8440,0,0.31599835
2017,764,8441,1,0.38002568
2017,764,8442,0,0.17159836
2017,764,8443,0,0.086342774
2017,764,8445,0,0.2459599
2017,764,8447,0,0.29462668
2017,764,8448,1,0.16232908
2017,764,8450,0,0.040531818
2017,764,8451,0,0.09428
2017,764,8452,0,0.071106635
2017,764,8453,0,0.11987478
2017,764,8454,1,0.25788245
2017,764,8455,1,0.34624523
2017,764,8456,0,0.18601528
2017,764,8457,0,0.20934536
2017,764,8458,0,0.13907582
2017,764,8459,0,0.14698832
2017,764,8460,0,0.25047776
2017,764,8461,1,0.2985693
2017,764,8462,0,0.16919921
2017,764,8463,0,0.29955372
2017,764,8464,0,0.54106236
2017,764,8466,0,0.11085289
2017,764,8467,0,0.10929027
2017,764,8468,1,0.3772802
2017,764,8470,0,0.13908824
2017,764,8471,0,0.16195448
2017,764,8472,1,0.19551654
2017,764,8473,0,0.22191173
2017,764,8475,0,0.18065362
2017,764,8476,0,0.23865786
2017,764,8477,0,0.07052969
2017,764,8479,0,0.047433328
2017,764,8480,0,0.077462524
2017,764,8481,0,0.020817759
2017,764,8482,0,0.033704136
2017,764,8483,0,0.027002083
2017,764,8484,0,0.031866893
2017,764,8485,0,0.06664723
2017,752,8401,0,0.55675614
2017,752,8402,1,0.5241361
2017,752,8403,1,0.20452593
2017,752,8404,0,0.13555565
2017,752,8405,0,0.16510515
2017,752,8406,0,0.56423753
2017,752,8407,0,0.1502358
2017,752,8408,0,0.14073698
2017,752,8409,0,0.05934098
2017,752,8410,0,0.20352198
2017,752,8412,0,0.02212659
2017,752,8413,0,0.032601915
2017,752,8414,0,0.027790526
2017,752,8415,0,0.058370054
2017,752,8416,0,0.11495031
2017,752,8417,0,0.23865959
2017,752,8418,0,0.076138996
2017,752,8419,0,0.028236967
2017,752,8420,0,0.19195116
2017,752,8421,0,0.03231299
2017,752,8422,0,0.022591138
2017,752,8423,0,0.0849043
2017,752,8424,0,0.044243008
2017,752,8425,0,0.081209145
2017,752,8426,0,0.10163012
2017,752,8427,0,0.04178373
2017,752,8428,0,0.052419107
2017,752,8429,0,0.04919399
2017,752,8430,0,0.10266258
2017,752,8431,0,0.027655719
2017,752,8432,0,0.056030203
2017,752,8433,0,0.12628505
2017,752,8434,0,0.07426418
2017,752,8436,0,0.13431194
2017,752,8437,0,0.23259395
2017,752,8438,0,0.043024156
2017,752,8439,0,0.15322727
2017,752,8440,0,0.1635926
2017,752,8441,0,0.10761835
2017,752,8442,0,0.19625984
2017,752,8443,0,0.11232887
2017,752,8447,0,0.8191915
2017,752,8448,0,0.20389526
2017,752,8449,0,0.6335273
2017,752,8450,0,0.06723283
2017,752,8451,0,0.13680275
2017,752,8452,0,0.14344712
2017,752,8453,1,0.5800513
2017,752,8454,0,0.22290996
2017,752,8455,0,0.11781374
2017,752,8456,1,0.10406063
2017,752,8458,0,0.1621829
2017,752,8459,0,0.2747413
2017,752,8460,0,0.11710131
2017,752,8461,1,0.60927236
2017,752,8462,0,0.14043279
2017,752,8463,0,0.2031129
2017,752,8464,0,0.12793861
2017,752,8465,0,0.26058006
2017,752,8466,0,0.03892499
2017,752,8467,0,0.061798308
2017,752,8468,0,0.2024516
2017,752,8470,0,0.14259255
2017,752,8471,0,0.05740208
2017,752,8472,1,0.09910512
2017,752,8473,0,0.3599489
2017,752,8474,0,0.06990861
2017,752,8475,0,0.2150387
2017,752,8476,0,0.31258342
2017,752,8477,0,0.057166465
2017,752,8478,0,0.32026803
2017,752,8479,0,0.04092776
2017,752,8480,0,0.100673884
2017,752,8481,0,0.04109014
2017,752,8482,0,0.02841572
2017,752,8483,0,0.02862195
2017,752,8484,0,0.0303009
2017,752,8485,1,0.050199024
2017,372,8403,0,0.20276122
2017,372,8406,0,0.5684441
2017,372,8407,1,0.2388768
2017,372,8409,0,0.11046853
2017,372,8411,0,0.099105254
2017,372,8412,0,0.18081681
2017,372,8413,0,0.07121528
2017,372,8414,0,0.080839165
2017,372,8415,0,0.15395807
2017,372,8418,0,0.090310395
2017,372,8419,1,0.43396375
2017,372,8421,0,0.07403731
2017,372,8422,0,0.09133047
2017,372,8423,0,0.44427046
2017,372,8424,0,0.1450399
2017,372,8425,0,0.16490324
2017,372,8427,0,0.13806069
2017,372,8428,0,0.11158825
2017,372,8429,0,0.19032916
2017,372,8430,0,0.3990845
2017,372,8432,0,0.15929733
2017,372,8433,0,0.087558806
2017,372,8434,0,0.24031252
2017,372,8436,0,0.30849132
2017,372,8437,0,0.39055613
2017,372,8438,0,0.30225378
2017,372,8441,0,0.16192332
2017,372,8442,1,0.7701574
2017,372,8443,0,0.10574189
2017,372,8448,0,0.21682681
2017,372,8450,0,0.23658538
2017,372,8451,0,0.21001758
2017,372,8456,1,0.5682376
2017,372,8457,1,0.658306
2017,372,8459,1,0.64226353
2017,372,8460,1,0.39131504
2017,372,8461,1,0.52485466
2017,372,8462,0,0.20465454
2017,372,8463,0,0.4346836
2017,372,8465,0,0.28920934
2017,372,8466,0,0.10946534
2017,372,8467,0,0.16609435
2017,372,8468,0,0.20004866
2017,372,8470,0,0.60760665
2017,372,8471,0,0.04112395
2017,372,8472,0,0.31564474
2017,372,8473,0,0.09673666
2017,372,8474,0,0.15645804
2017,372,8475,1,0.37625945
2017,372,8477,0,0.11092944
2017,372,8478,1,0.63838667
2017,372,8479,0,0.11827102
2017,372,8480,0,0.13039814
2017,372,8481,1,0.075558424
2017,372,8484,0,0.12422645
2017,372,8485,0,0.11819032
2017,40,8401,0,0.2232339
2017,40,8402,0,0.15746145
2017,40,8403,0,0.12860595
2017,40,8404,1,0.3695149
2017,40,8405,0,0.16569443
2017,40,8406,0,0.18472336
2017,40,8407,0,0.1136479
2017,40,8408,0,0.1267737
2017,40,8409,0,0.05264593
2017,40,8411,0,0.07620106
2017,40,8412,0,0.061133087
2017,40,8413,0,0.036103368
2017,40,8414,0,0.038476218
2017,40,8415,0,0.096241
2017,40,8416,0,0.15005879
2017,40,8417,0,0.13720958
2017,40,8418,0,0.08463775
2017,40,8419,0,0.034327846
2017,40,8420,1,0.22341643
2017,40,8421,0,0.028944634
2017,40,8422,0,0.059628453
2017,40,8423,0,0.081279814
2017,40,8424,0,0.038745783
2017,40,8425,0,0.09411629
2017,40,8426,0,0.09186897
2017,40,8427,0,0.14703734
2017,40,8428,0,0.07791441
2017,40,8429,0,0.103972115
2017,40,8430,0,0.09830218
2017,40,8431,0,0.03350469
2017,40,8432,0,0.079791866
2017,40,8433,0,0.09216823
2017,40,8434,0,0.13173123
2017,40,8435,0,0.33178812
2017,40,8436,0,0.19612749
2017,40,8437,0,0.11373033
2017,40,8438,0,0.0449257
2017,40,8439,0,0.15372485
2017,40,8440,0,0.2027538
2017,40,8441,1,0.46073356
2017,40,8442,0,0.141112
2017,40,8443,0,0.06592884
2017,40,8444,0,0.30427548
2017,40,8445,0,0.119356014
2017,40,8446,0,0.40710306
2017,40,8448,0,0.15110502
2017,40,8449,0,0.2293201
2017,40,8450,0,0.2845559
2017,40,8451,0,0.110186934
2017,40,8452,1,0.41414917
2017,40,8453,1,0.20997202
2017,40,8454,1,0.13148354
2017,40,8455,0,0.15196218
2017,40,8456,0,0.09943987
2017,40,8457,0,0.2543799
2017,40,8458,0,0.15686186
2017,40,8459,0,0.20224908
2017,40,8460,0,0.13962933
2017,40,8461,0,0.109310664
2017,40,8462,0,0.08232373
2017,40,8463,0,0.31029478
2017,40,8464,0,0.18269849
2017,40,8465,0,0.06854017
2017,40,8466,0,0.06911256
2017,40,8467,0,0.08756693
2017,40,8468,0,0.13439438
2017,40,8470,0,0.35195807
2017,40,8471,0,0.03432899
2017,40,8472,0,0.14742623
2017,40,8473,0,0.14933836
2017,40,8474,0,0.0696114
2017,40,8475,0,0.23927608
2017,40,8476,1,0.14843225
2017,40,8477,0,0.046018794
2017,40,8478,0,0.42036033
2017,40,8479,0,0.027715227
2017,40,8480,0,0.059101835
2017,40,8481,0,0.046193633
2017,40,8482,0,0.056475956
2017,40,8483,0,0.052594393
2017,40,8484,0,0.050950535
2017,40,8485,0,0.07569459
2017,724,8401,0,0.22879599
2017,724,8402,0,0.23516536
2017,724,8403,0,0.1468022
2017,724,8404,0,0.21183743
2017,724,8405,0,0.17195736
2017,724,8407,0,0.080551
2017,724,8408,0,0.13854316
2017,724,8409,0,0.029607166
2017,724,8410,0,0.11861518
2017,724,8411,0,0.060222264
2017,724,8412,0,0.08825141
2017,724,8413,0,0.016404903
2017,724,8414,0,0.022430861
2017,724,8415,0,0.03657548
2017,724,8416,0,0.11796464
2017,724,8417,0,0.10589771
2017,724,8418,0,0.04987564
2017,724,8419,0,0.03435161
2017,724,8420,0,0.07051825
2017,724,8421,0,0.014704663
2017,724,8422,0,0.017189432
2017,724,8423,0,0.048617836
2017,724,8424,0,0.024260871
2017,724,8425,0,0.02938366
2017,724,8426,0,0.06475869
2017,724,8427,0,0.06813211
2017,724,8428,0,0.025887342
2017,724,8430,0,0.120896615
2017,724,8431,0,0.024039969
2017,724,8432,0,0.06894813
2017,724,8433,0,0.073759235
2017,724,8434,0,0.10399679
2017,724,8435,0,0.18095015
2017,724,8436,0,0.06039083
2017,724,8437,0,0.07841813
2017,724,8438,0,0.027070785
2017,724,8439,0,0.2168932
2017,724,8440,1,0.5794463
2017,724,8441,0,0.042554285
2017,724,8442,0,0.21126886
2017,724,8443,0,0.038972247
2017,724,8444,0,0.37223032
2017,724,8445,0,0.08419152
2017,724,8446,0,0.3090868
2017,724,8447,0,0.10945858
2017,724,8448,0,0.08403001
2017,724,8449,0,0.41589075
2017,724,8450,0,0.09173167
2017,724,8451,0,0.029340817
2017,724,8452,0,0.1639697
2017,724,8453,0,0.10034551
2017,724,8454,0,0.26851517
2017,724,8455,0,0.26595083
2017,724,8456,0,0.17150596
2017,724,8457,0,0.16862649
2017,724,8458,0,0.07404959
2017,724,8459,0,0.15529746
2017,724,8460,0,0.10650388
2017,724,8461,0,0.07237259
2017,724,8462,0,0.06601669
2017,724,8463,0,0.13693999
2017,724,8464,0,0.074450485
2017,724,8465,0,0.060926344
2017,724,8466,0,0.022379488
2017,724,8467,0,0.09262512
2017,724,8468,0,0.12781338
2017,724,8470,0,0.16441333
2017,724,8471,0,0.042377766
2017,724,8472,0,0.08812488
2017,724,8473,0,0.15166672
2017,724,8474,0,0.07644407
2017,724,8475,0,0.2542692
2017,724,8476,0,0.16915831
2017,724,8477,0,0.0349567
2017,724,8478,1,0.43245384
2017,724,8479,0,0.020432033
2017,724,8480,0,0.05104705
2017,724,8481,0,0.02590218
2017,724,8482,0,0.04143299
2017,724,8483,0,0.04150564
2017,724,8484,0,0.039171804
2018,842,8401,0,0.19988231
2018,842,8402,0,0.15856656
2018,842,8403,0,0.07286132
2018,842,8404,1,0.13540503
2018,842,8405,0,0.15447165
2018,842,8406,0,0.053729825
2018,842,8407,0,0.056762233
2018,842,8408,0,0.10721182
2018,842,8409,0,0.06098613
2018,842,8410,1,0.19455649
2018,842,8411,0,0.02187666
2018,842,8412,0,0.026007213
2018,842,8413,0,0.025240319
2018,842,8414,0,0.04309124
2018,842,8415,0,0.035385575
2018,842,8416,0,0.064619005
2018,842,8417,0,0.06295931
2018,842,8418,0,0.04679462
2018,842,8419,0,0.028454231
2018,842,8420,1,0.096032426
2018,842,8421,0,0.0152857
2018,842,8422,0,0.040533997
2018,842,8423,0,0.06593362
2018,842,8424,0,0.0241149
2018,842,8425,0,0.03202238
2018,842,8426,0,0.08016037
2018,842,8427,0,0.038951438
2018,842,8428,0,0.029934607
2018,842,8429,0,0.04565378
2018,842,8430,0,0.10338449
2018,842,8431,0,0.03470514
2018,842,8432,0,0.08133023
2018,842,8433,0,0.03093127
2018,842,8434,0,0.12653431
2018,842,8435,1,0.19827351
2018,842,8436,0,0.027632995
2018,842,8437,0,0.36316988
2018,842,8438,0,0.021919569
2018,842,8439,0,0.1635358
2018,842,8440,0,0.0903542
2018,842,8441,0,0.04144741
2018,842,8442,0,0.07225352
2018,842,8443,0,0.028130615
2018,842,8444,0,0.19576243
2018,842,8445,0,0.12698868
2018,842,8446,0,0.27591223
2018,842,8449,0,0.18071969
2018,842,8450,0,0.05312348
2018,842,8451,0,0.025635846
2018,842,8453,0,0.11552303
2018,842,8454,0,0.111112244
2018,842,8455,0,0.12770738
2018,842,8456,1,0.08406
2018,842,8457,0,0.15531598
2018,842,8458,0,0.07926965
2018,842,8459,0,0.084140785
2018,842,8460,0,0.051158603
2018,842,8461,1,0.057726234
2018,842,8462,0,0.043651838
2018,842,8463,0,0.106931426
2018,842,8464,0,0.09441074
2018,842,8465,0,0.04371035
2018,842,8466,0,0.028918266
2018,842,8467,0,0.04287816
2018,842,8468,0,0.055446375
2018,842,8470,0,0.060165673
2018,842,8471,0,0.022208
2018,842,8472,0,0.059322745
2018,842,8473,0,0.08782883
2018,842,8474,0,0.04684072
2018,842,8475,0,0.16144158
2018,842,8476,0,0.1191353
2018,842,8477,0,0.029944086
2018,842,8478,0,0.20257956
2018,842,8479,0,0.056047346
2018,842,8480,0,0.0674803
2018,842,8481,0,0.04680362
2018,842,8482,0,0.043220546
2018,842,8483,0,0.024487171
2018,842,8484,0,0.041452628
2018,842,8485,0,0.02499679
2018,276,8401,1,0.35246205
2018,276,8402,1,0.13089585
2018,276,8403,0,0.061787345
2018,276,8404,0,0.09494045
2018,276,8405,0,0.16541825
2018,276,8406,0,0.10986842
2018,276,8407,0,0.04259563
2018,276,8408,0,0.042168602
2018,276,8409,0,0.04525227
2018,276,8411,0,0.024391321
2018,276,8412,0,0.019533891
2018,276,8413,0,0.03496239
2018,276,8414,0,0.03707723
2018,276,8415,0,0.02313299
2018,276,8416,0,0.03148336
2018,276,8417,0,0.031846944
2018,276,8418,0,0.039926372
2018,276,8419,0,0.021916673
2018,276,8420,0,0.07203881
2018,276,8421,0,0.017166005
2018,276,8422,0,0.026317608
2018,276,8423,0,0.04052732
2018,276,8424,0,0.029267423
2018,276,8425,0,0.022479286
2018,276,8426,0,0.038880415
2018,276,8427,0,0.031420354
2018,276,8428,0,0.02179718
2018,276,8429,0,0.0369823
2018,276,8430,0,0.053023655
2018,276,8431,0,0.02021003
2018,276,8432,0,0.050872132
2018,276,8433,0,0.026500467
2018,276,8434,0,0.058444936
2018,276,8435,0,0.10540243
2018,276,8436,0,0.022437632
2018,276,8437,0,0.080986895
2018,276,8438,0,0.018796246
2018,276,8439,0,0.12794815
2018,276,8440,0,0.045233525
2018,276,8441,0,0.021338664
2018,276,8442,0,0.025718093
2018,276,8443,0,0.04124912
2018,276,8444,0,0.5022068
2018,276,8445,1,0.4455567
2018,276,8446,1,0.28353667
2018,276,8447,1,0.29590526
2018,276,8448,1,0.06404205
2018,276,8449,0,0.21320711
2018,276,8450,0,0.053540155
2018,276,8451,0,0.021586223
2018,276,8452,0,0.02133178
2018,276,8453,1,0.1088719
2018,276,8454,0,0.102744445
2018,276,8455,0,0.1419768
2018,276,8456,0,0.06099786
2018,276,8457,0,0.1407789
2018,276,8458,0,0.06773836
2018,276,8459,0,0.0431217
2018,276,8460,0,0.0422984
2018,276,8461,0,0.06597815
2018,276,8462,0,0.03790102
2018,276,8463,0,0.10685143
2018,276,8464,0,0.04093392
2018,276,8465,0,0.030292151
2018,276,8466,0,0.02006319
2018,276,8467,0,0.05503372
2018,276,8468,0,0.041260123
2018,276,8470,0,0.080009036
2018,276,8471,0,0.034864407
2018,276,8472,0,0.03555572
2018,276,8473,0,0.112926625
2018,276,8474,0,0.02155103
2018,276,8475,0,0.101146765
2018,276,8476,0,0.12283373
2018,276,8477,0,0.026689375
2018,276,8478,1,0.06713946
2018,276,8479,0,0.037967544
2018,276,8480,0,0.03673294
2018,276,8481,0,0.048981186
2018,276,8482,0,0.037834458
2018,276,8483,0,0.029835403
2018,276,8484,0,0.019767726
2018,276,8485,0,0.019126019
2018,392,8401,0,0.3743606
2018,392,8402,1,0.27363077
2018,392,8403,0,0.15980685
2018,392,8404,1,0.18364115
2018,392,8406,1,0.07941791
2018,392,8407,0,0.04159423
2018,392,8408,0,0.040579744
2018,392,8409,0,0.042608853
2018,392,8411,0,0.06104154
2018,392,8412,0,0.039765388
2018,392,8413,0,0.039038267
2018,392,8414,0,0.050533246
2018,392,8415,0,0.03821189
2018,392,8416,0,0.16476974
2018,392,8417,0,0.1928162
2018,392,8418,0,0.084862314
2018,392,8419,0,0.030800108
2018,392,8420,1,0.22343269
2018,392,8421,0,0.027633194
2018,392,8422,0,0.042867415
2018,392,8423,0,0.090886235
2018,392,8424,0,0.04544779
2018,392,8425,0,0.041838434
2018,392,8426,0,0.07774346
2018,392,8427,0,0.025614688
2018,392,8428,0,0.06393481
2018,392,8429,0,0.041394766
2018,392,8430,0,0.10858818
2018,392,8431,0,0.031997602
2018,392,8432,0,0.11385146
2018,392,8433,0,0.06697966
2018,392,8434,0,0.09896353
2018,392,8435,0,0.30888242
2018,392,8437,1,0.349639
2018,392,8438,0,0.054204058
2018,392,8439,0,0.15209745
2018,392,8440,0,0.10730876
2018,392,8441,0,0.06201757
2018,392,8442,0,0.15728362
2018,392,8443,0,0.042416822
2018,392,8444,0,0.27854252
2018,392,8445,1,0.2233866
2018,392,8446,0,0.24269041
2018,392,8447,1,0.16402467
2018,392,8448,0,0.10104898
2018,392,8449,0,0.23443887
2018,392,8450,0,0.22538008
2018,392,8451,0,0.07490215
2018,392,8452,0,0.043619663
2018,392,8453,1,0.107688814
2018,392,8454,0,0.14594008
2018,392,8455,0,0.17424719
2018,392,8456,1,0.12690216
2018,392,8457,1,0.11482605
2018,392,8458,0,0.09141453
2018,392,8459,0,0.07630688
2018,392,8460,0,0.093471795
2018,392,8461,0,0.10695117
2018,392,8462,0,0.07141044
2018,392,8463,0,0.13529415
2018,392,8464,1,0.17812811
2018,392,8465,0,0.06923204
2018,392,8466,0,0.045011174
2018,392,8467,0,0.048811875
2018,392,8468,0,0.23177631
2018,392,8470,1,0.31179777
2018,392,8471,0,0.037735615
2018,392,8472,0,0.05879583
2018,392,8473,0,0.13879536
2018,392,8474,0,0.07280817
2018,392,8475,1,0.24698377
2018,392,8476,0,0.17864694
2018,392,8477,0,0.059897475
2018,392,8478,0,0.36788332
2018,392,8479,0,0.10124305
2018,392,8480,0,0.06839438
2018,392,8481,0,0.044393323
2018,392,8482,0,0.04374746
2018,392,8483,0,0.034678344
2018,392,8484,0,0.02518621
2018,392,8485,0,0.049220763
2018,156,8401,1,0.35440338
2018,156,8402,0,0.039984174
2018,156,8403,0,0.077255934
2018,156,8404,1,0.08454832
2018,156,8405,0,0.05709207
2018,156,8407,0,0.027083233
2018,156,8408,0,0.02825343
2018,156,8409,0,0.025486067
2018,156,8411,0,0.018076494
2018,156,8412,0,0.02552919
2018,156,8413,0,0.018707924
2018,156,8414,0,0.031551536
2018,156,8415,0,0.020737685
2018,156,8416,0,0.027860051
2018,156,8417,0,0.04171733
2018,156,8418,0,0.02916522
2018,156,8419,0,0.08968899
2018,156,8420,0,0.036024682
2018,156,8421,0,0.015848054
2018,156,8422,0,0.011617505
2018,156,8423,0,0.0207309
2018,156,8424,0,0.018287078
2018,156,8425,0,0.024963787
2018,156,8426,0,0.03103358
2018,156,8427,0,0.015245807
2018,156,8428,0,0.013787899
2018,156,8431,0,0.019538302
2018,156,8432,0,0.019882428
2018,156,8433,0,0.014409995
2018,156,8434,1,0.03479552
2018,156,8436,0,0.017616302
2018,156,8439,0,0.048588622
2018,156,8440,0,0.06007269
2018,156,8441,0,0.025039066
2018,156,8442,0,0.026520722
2018,156,8443,0,0.02679535
2018,156,8444,0,0.13060255
2018,156,8445,0,0.099903494
2018,156,8446,0,0.12255097
2018,156,8447,0,0.047884904
2018,156,8448,0,0.021961436
2018,156,8449,0,0.1540792
2018,156,8450,0,0.022040654
2018,156,8451,0,0.01479141
2018,156,8452,0,0.041425947
2018,156,8453,0,0.06267563
2018,156,8454,0,0.17901285
2018,156,8455,0,0.046384078
2018,156,8456,0,0.04423315
2018,156,8457,0,0.03246175
2018,156,8458,0,0.023870863
2018,156,8459,0,0.0174228
2018,156,8460,0,0.018256871
2018,156,8461,0,0.019584015
2018,156,8462,0,0.029310487
2018,156,8463,0,0.046607636
2018,156,8464,0,0.044951268
2018,156,8465,0,0.019240798
2018,156,8466,0,0.016802536
2018,156,8467,0,0.031968262
2018,156,8468,0,0.022693517
2018,156,8470,0,0.022858107
2018,156,8471,0,0.0298695
2018,156,8472,0,0.029558461
2018,156,8473,0,0.101072244
2018,156,8475,0,0.054753635
2018,156,8476,0,0.03498892
2018,156,8477,0,0.030000733
2018,156,8478,0,0.098263934
2018,156,8479,0,0.025161369
2018,156,8480,0,0.0148069775
2018,156,8481,0,0.035698816
2018,156,8482,0,0.024717173
2018,156,8483,0,0.02198663
2018,156,8484,0,0.013131043
2018,380,8401,0,0.24881917
2018,380,8402,1,0.25598484
2018,380,8403,0,0.07199055
2018,380,8404,0,0.1538825
2018,380,8405,0,0.06848158
2018,380,8406,1,0.3014345
2018,380,8407,0,0.2941948
2018,380,8408,1,0.12875926
2018,380,8409,0,0.058848217
2018,380,8411,0,0.0505164
2018,380,8412,0,0.03217947
2018,380,8413,0,0.030701583
2018,380,8414,0,0.0223601
2018,380,8415,0,0.030332245
2018,380,8416,0,0.08422353
2018,380,8417,0,0.11869332
2018,380,8418,0,0.045157917
2018,380,8419,0,0.03067963
2018,380,8420,0,0.06702822
2018,380,8421,0,0.013960829
2018,380,8422,0,0.020638261
2018,380,8423,0,0.035613067
2018,380,8424,0,0.031746645
2018,380,8425,0,0.024007903
2018,380,8426,0,0.03844542
2018,380,8427,0,0.05621594
2018,380,8428,0,0.023835966
2018,380,8429,0,0.04001756
2018,380,8430,0,0.0792066
2018,380,8431,0,0.026195705
2018,380,8432,0,0.026606008
2018,380,8433,0,0.030697977
2018,380,8434,0,0.073565096
2018,380,8435,0,0.08925424
2018,380,8436,0,0.025388662
2018,380,8438,0,0.049543276
2018,380,8439,1,0.13150933
2018,380,8440,1,0.1783488
2018,380,8441,0,0.077757634
2018,380,8442,0,0.069224015
2018,380,8443,0,0.031672686
2018,380,8444,0,0.27407184
2018,380,8445,0,0.24879308
2018,380,8446,1,0.46412098
2018,380,8447,0,0.45355213
2018,380,8448,1,0.07279013
2018,380,8449,0,0.36730665
2018,380,8450,0,0.038732115
2018,380,8451,0,0.066834554
2018,380,8453,1,0.074507274
2018,380,8454,0,0.1233436
2018,380,8455,0,0.06198241
2018,380,8456,0,0.05310715
2018,380,8457,0,0.07133121
2018,380,8458,0,0.086883664
2018,380,8459,0,0.08731711
2018,380,8460,0,0.060832027
2018,380,8461,0,0.065175496
2018,380,8462,0,0.02757493
2018,380,8463,0,0.053393785
2018,380,8464,0,0.08208196
2018,380,8465,0,0.025243599
2018,380,8466,0,0.023594642
2018,380,8467,0,0.06350856
2018,380,8468,0,0.048817597
2018,380,8470,0,0.2344172
2018,380,8471,0,0.036855515
2018,380,8472,0,0.13272494
2018,380,8473,0,0.124951385
2018,380,8474,0,0.13954096
2018,380,8475,0,0.32570446
2018,380,8476,0,0.07799041
2018,380,8477,0,0.023280455
2018,380,8478,0,0.09722669
2018,380,8479,0,0.020172156
2018,380,8480,1,0.051603433
2018,380,8481,0,0.03158402
2018,380,8482,0,0.042937532
2018,380,8483,0,0.0520231
2018,380,8484,0,0.038488016
2018,380,8485,0,0.034345053
2018,826,8401,1,0.6356509
2018,826,8402,0,0.10224214
2018,826,8403,0,0.2482677
2018,826,8404,0,0.124466695
2018,826,8405,0,0.14020966
2018,826,8406,0,0.14772013
2018,826,8408,0,0.6243618
2018,826,8409,0,0.034007255
2018,826,8410,1,0.49956408
2018,826,8411,0,0.030894808
2018,826,8412,0,0.03568614
2018,826,8413,0,0.028284952
2018,826,8414,0,0.03623305
2018,826,8415,0,0.031665295
2018,826,8416,0,0.11086904
2018,826,8418,0,0.061150316
2018,826,8419,0,0.027320469
2018,826,8420,1,0.14812028
2018,826,8421,0,0.02863428
2018,826,8422,0,0.036761608
2018,826,8423,0,0.03943087
2018,826,8424,0,0.026055718
2018,826,8425,0,0.03658568
2018,826,8426,0,0.06707231
2018,826,8427,0,0.043489404
2018,826,8428,0,0.021212585
2018,826,8429,0,0.024479108
2018,826,8430,0,0.034492727
2018,826,8431,0,0.03709494
2018,826,8432,0,0.036863424
2018,826,8433,0,0.12328187
2018,826,8434,0,0.15891708
2018,826,8435,1,0.46509644
2018,826,8436,0,0.06863224
2018,826,8437,0,0.091193065
2018,826,8438,0,0.024993772
2018,826,8439,0,0.13754761
2018,826,8440,0,0.19807604
2018,826,8441,1,0.07640742
2018,826,8442,0,0.08679993
2018,826,8443,1,0.054032367
2018,826,8444,1,0.4730579
2018,826,8445,1,0.14378674
2018,826,8446,1,0.83336693
2018,826,8447,0,0.44730273
2018,826,8448,0,0.09576041
2018,826,8449,1,0.47820058
2018,826,8450,0,0.14743043
2018,826,8451,0,0.043429628
2018,826,8452,0,0.10408581
2018,826,8453,0,0.13690461
2018,826,8454,0,0.1692154
2018,826,8455,0,0.22158769
2018,826,8456,0,0.1223053
2018,826,8457,1,0.24212521
2018,826,8458,0,0.14272907
2018,826,8459,0,0.19937482
2018,826,8460,0,0.086717986
2018,826,8461,0,0.099888556
2018,826,8462,0,0.0724902
2018,826,8463,0,0.12641631
2018,826,8464,0,0.17402932
2018,826,8465,1,0.16474237
2018,826,8466,0,0.022710394
2018,826,8467,0,0.021841312
2018,826,8468,0,0.098721944
2018,826,8470,0,0.16832551
2018,826,8471,0,0.042703938
2018,826,8472,0,0.17158039
2018,826,8473,0,0.09795926
2018,826,8474,0,0.027613364
2018,826,8475,0,0.109452344
2018,826,8476,0,0.14537111
2018,826,8477,0,0.025295075
2018,826,8478,0,0.11075461
2018,826,8479,0,0.0257905
2018,826,8480,0,0.06809251
2018,826,8481,0,0.033192024
2018,826,8482,0,0.03998289
2018,826,8483,0,0.035050508
2018,826,8484,0,0.022656435
2018,826,8485,0,0.02863987
2018,251,8401,1,0.33649212
2018,251,8403,0,0.108819276
2018,251,8404,0,0.2915076
2018,251,8407,0,0.0729864
2018,251,8408,1,0.08239941
2018,251,8409,0,0.05407939
2018,251,8411,0,0.05746508
2018,251,8412,0,0.06726232
2018,251,8413,0,0.044929467
2018,251,8414,0,0.050278783
2018,251,8415,0,0.044698376
2018,251,8416,0,0.13743228
2018,251,8417,0,0.060825992
2018,251,8418,0,0.06308832
2018,251,8419,0,0.034031842
2018,251,8420,0,0.118156865
2018,251,8421,0,0.021323096
2018,251,8422,0,0.036126334
2018,251,8424,0,0.057768002
2018,251,8425,0,0.026298108
2018,251,8426,0,0.12027925
2018,251,8427,0,0.053208236
2018,251,8428,0,0.03289858
2018,251,8429,0,0.057574503
2018,251,8430,0,0.12982807
2018,251,8431,0,0.0295539
2018,251,8432,0,0.060087148
2018,251,8433,0,0.039664824
2018,251,8434,1,0.18170041
2018,251,8435,0,0.1324491
2018,251,8436,0,0.04315661
2018,251,8438,0,0.036231384
2018,251,8439,0,0.11020979
2018,251,8440,0,0.39589268
2018,251,8441,0,0.08351817
2018,251,8442,0,0.107846975
2018,251,8443,0,0.04677062
2018,251,8444,1,0.5390606
2018,251,8445,0,0.4317744
2018,251,8446,1,0.5549545
2018,251,8447,1,0.37394854
2018,251,8448,1,0.13073125
2018,251,8449,0,0.30393484
2018,251,8450,1,0.091495305
2018,251,8451,1,0.07983019
2018,251,8453,0,0.17858939
2018,251,8454,0,0.4768975
2018,251,8455,0,0.14467913
2018,251,8456,0,0.17331497
2018,251,8457,0,0.08231438
2018,251,8458,0,0.1901086
2018,251,8459,0,0.1420603
2018,251,8460,0,0.15063033
2018,251,8461,0,0.12587453
2018,251,8462,0,0.09528359
2018,251,8463,0,0.20585747
2018,251,8464,0,0.17624933
2018,251,8465,0,0.116927855
2018,251,8466,0,0.046217382
2018,251,8467,0,0.08552226
2018,251,8468,0,0.07948714
2018,251,8470,0,0.09988474
2018,251,8471,0,0.026899451
2018,251,8472,0,0.09540283
2018,251,8473,0,0.12102636
2018,251,8475,0,0.22076191
2018,251,8476,0,0.16401659
2018,251,8477,0,0.038458493
2018,251,8478,1,0.3308322
2018,251,8479,0,0.029772205
2018,251,8480,0,0.052091047
2018,251,8481,0,0.05315589
2018,251,8482,0,0.05472187
2018,251,8483,0,0.0438622
2018,251,8484,0,0.046330873
2018,251,8485,0,0.047847148
2018,490,8401,0,0.75448847
2018,490,8402,0,0.14742808
2018,490,8403,0,0.13950972
2018,490,8404,0,0.16001105
2018,490,8405,0,0.3328788
2018,490,8406,1,0.30805066
2018,490,8407,1,0.21699877
2018,490,8408,0,0.18046968
2018,490,8409,0,0.065541774
2018,490,8410,0,0.3751821
2018,490,8411,1,0.0814113
2018,490,8412,0,0.060409553
2018,490,8413,0,0.054798335
2018,490,8414,0,0.060865093
2018,490,8415,0,0.051842622
2018,490,8416,0,0.22357802
2018,490,8417,0,0.18374942
2018,490,8418,0,0.08351038
2018,490,8419,0,0.040428583
2018,490,8420,0,0.23060583
2018,490,8421,0,0.045747265
2018,490,8422,0,0.042323556
2018,490,8423,0,0.07550646
2018,490,8424,0,0.060833976
2018,490,8425,0,0.060348794
2018,490,8426,0,0.094427824
2018,490,8427,0,0.11100258
2018,490,8428,1,0.07017188
2018,490,8429,1,0.3789287
2018,490,8430,1,0.2389583
2018,490,8431,0,0.048733264
2018,490,8432,0,0.13904399
2018,490,8433,0,0.10567984
2018,490,8434,0,0.19742243
2018,490,8435,0,0.11910526
2018,490,8436,0,0.053257924
2018,490,8437,1,0.11367542
2018,490,8438,0,0.04867022
2018,490,8439,0,0.0998224
2018,490,8440,0,0.18680419
2018,490,8441,0,0.051305935
2018,490,8442,1,0.1809606
2018,490,8443,0,0.04456025
2018,490,8444,1,0.22754331
2018,490,8445,0,0.13194673
2018,490,8446,1,0.29984006
2018,490,8447,1,0.1412136
2018,490,8448,0,0.085810184
2018,490,8449,0,0.24083802
2018,490,8450,0,0.15044066
2018,490,8451,1,0.069494694
2018,490,8452,0,0.03626872
2018,490,8453,0,0.115232386
2018,490,8454,0,0.14697273
2018,490,8455,0,0.10297207
2018,490,8456,0,0.16595016
2018,490,8457,1,0.11473967
2018,490,8458,0,0.08392751
2018,490,8459,1,0.17893937
2018,490,8460,0,0.082974866
2018,490,8461,0,0.07753314
2018,490,8462,0,0.07290325
2018,490,8463,1,0.08382155
2018,490,8464,1,0.22968242
2018,490,8465,0,0.07187049
2018,490,8466,1,0.039573934
2018,490,8467,0,0.09870054
2018,490,8468,0,0.21211588
2018,490,8470,1,0.100818515
2018,490,8471,0,0.052819446
2018,490,8472,1,0.08237515
2018,490,8473,0,0.19446032
2018,490,8474,0,0.0818992
2018,490,8475,0,0.4947528
2018,490,8476,0,0.108373724
2018,490,8477,0,0.024369998
2018,490,8478,0,0.21645844
2018,490,8479,0,0.13832429
2018,490,8480,0,0.04424232
2018,490,8481,0,0.07831745
2018,490,8482,0,0.06779296
2018,490,8483,0,0.07446312
2018,490,8484,0,0.03945714
2018,490,8485,0,0.04368073
2018,702,8402,1,0.20936242
2018,702,8405,0,0.46981773
2018,702,8406,1,0.55630773
2018,702,8407,0,0.24796693
2018,702,8408,1,0.30896178
2018,702,8409,0,0.030527318
2018,702,8411,0,0.104363814
2018,702,8412,0,0.04321746
2018,702,8413,0,0.01685945
2018,702,8414,0,0.039444093
2018,702,8416,0,0.345012
2018,702,8418,0,0.09334779
2018,702,8419,0,0.054567594
2018,702,8420,0,0.20692948
2018,702,8421,0,0.026779383
2018,702,8422,0,0.057376362
2018,702,8423,1,0.15107729
2018,702,8424,0,0.048819393
2018,702,8425,0,0.083138645
2018,702,8427,0,0.16670227
2018,702,8428,0,0.07137167
2018,702,8430,1,0.43845266
2018,702,8431,0,0.03791985
2018,702,8432,0,0.22413085
2018,702,8433,1,0.41027358
2018,702,8434,1,0.36588538
2018,702,8435,1,0.42005748
2018,702,8436,0,0.12204762
2018,702,8437,0,0.16277786
2018,702,8438,0,0.1084408
2018,702,8439,0,0.22968349
2018,702,8440,1,0.59462476
2018,702,8441,0,0.091700785
2018,702,8442,1,0.36496788
2018,702,8443,0,0.054550465
2018,702,8445,1,0.2873271
2018,702,8446,1,0.67648745
2018,702,8448,0,0.1673441
2018,702,8449,1,0.51945186
2018,702,8451,0,0.14718369
2018,702,8452,0,0.14172345
2018,702,8453,0,0.19276756
2018,702,8454,1,0.62430835
2018,702,8455,0,0.16985486
2018,702,8456,1,0.15674283
2018,702,8457,0,0.23966427
2018,702,8458,0,0.18818611
2018,702,8459,0,0.11870954
2018,702,8460,0,0.16333492
2018,702,8461,0,0.13453232
2018,702,8462,0,0.28409773
2018,702,8463,1,0.6152582
2018,702,8464,0,0.24476327
2018,702,8465,0,0.086992204
2018,702,8466,0,0.120252974
2018,702,8467,0,0.107195504
2018,702,8468,0,0.17019972
2018,702,8470,0,0.10534699
2018,702,8471,1,0.030272476
2018,702,8473,0,0.08828311
2018,702,8474,1,0.09916789
2018,702,8475,1,0.44144982
2018,702,8476,0,0.42182893
2018,702,8477,0,0.107088126
2018,702,8479,0,0.123657554
2018,702,8480,1,0.11690775
2018,702,8481,0,0.02828834
2018,702,8482,0,0.03477631
2018,702,8483,0,0.023265893
2018,702,8484,0,0.075426966
2018,528,8401,0,0.20081219
2018,528,8403,0,0.091330394
2018,528,8404,0,0.14814398
2018,528,8405,0,0.13048162
2018,528,8407,1,0.16253097
2018,528,8408,0,0.08439262
2018,528,8409,0,0.026832476
2018,528,8410,0,0.18245904
2018,528,8411,0,0.053981803
2018,528,8412,0,0.02334044
2018,528,8413,0,0.039678264
2018,528,8414,0,0.055908363
2018,528,8415,0,0.046672747
2018,528,8416,1,0.08642355
2018,528,8417,1,0.4113683
2018,528,8418,0,0.098094806
2018,528,8419,0,0.023656145
2018,528,8420,0,0.22790453
2018,528,8421,0,0.019634593
2018,528,8422,0,0.04553248
2018,528,8423,0,0.062380396
2018,528,8424,0,0.050312128
2018,528,8425,0,0.034592997
2018,528,8426,0,0.082074724
2018,528,8427,0,0.029287277
2018,528,8428,0,0.027536111
2018,528,8429,0,0.044543594
2018,528,8430,0,0.06287348
2018,528,8431,0,0.02481941
2018,528,8432,0,0.07856761
2018,528,8433,0,0.03679063
2018,528,8434,0,0.094580755
2018,528,8435,0,0.09721382
2018,528,8436,0,0.03494366
2018,528,8437,1,0.15042725
2018,528,8438,0,0.021929657
2018,528,8439,0,0.13038078
2018,528,8440,0,0.15555085
2018,528,8441,0,0.045283668
2018,528,8442,0,0.10733045
2018,528,8443,0,0.047631864
2018,528,8444,1,0.63068646
2018,528,8445,1,0.6142825
2018,528,8446,0,0.31349635
2018,528,8447,0,0.17225538
2018,528,8448,1,0.22832745
2018,528,8449,0,0.2776924
2018,528,8450,0,0.182399
2018,528,8451,0,0.09922934
2018,528,8452,0,0.09911792
2018,528,8453,1,0.24040529
2018,528,8454,1,0.14190942
2018,528,8455,0,0.21096084
2018,528,8456,0,0.07719978
2018,528,8457,0,0.24147204
2018,528,8458,0,0.19253199
2018,528,8459,0,0.12021246
2018,528,8460,0,0.09531599
2018,528,8461,0,0.12373349
2018,528,8462,0,0.08224116
2018,528,8463,0,0.16730592
2018,528,8464,0,0.16912884
2018,528,8465,1,0.120624445
2018,528,8466,0,0.0798177
2018,528,8467,1,0.060896162
2018,528,8468,0,0.13812253
2018,528,8470,0,0.16936551
2018,528,8471,0,0.052610803
2018,528,8472,0,0.101408824
2018,528,8473,0,0.22359972
2018,528,8474,0,0.045270298
2018,528,8475,0,0.1476994
2018,528,8476,0,0.35463876
2018,528,8477,0,0.06170146
2018,528,8478,0,0.09301322
2018,528,8479,0,0.08668637
2018,528,8480,0,0.11271193
2018,528,8481,0,0.03627501
2018,528,8482,0,0.07166059
2018,528,8483,0,0.036009092
2018,528,8484,0,0.05624891
2018,528,8485,0,0.031218389
2018,410,8401,1,0.20651299
2018,410,8402,0,0.13695663
2018,410,8403,0,0.08447221
2018,410,8404,0,0.12659453
2018,410,8405,1,0.13682425
2018,410,8406,1,0.26067916
2018,410,8407,0,0.115762755
2018,410,8408,0,0.05480296
2018,410,8409,0,0.049389146
2018,410,8410,1,0.62640625
2018,410,8411,0,0.06383876
2018,410,8412,0,0.05725776
2018,410,8413,0,0.041634396
2018,410,8414,0,0.044285893
2018,410,8415,0,0.02286487
2018,410,8416,0,0.13775273
2018,410,8417,0,0.19301507
2018,410,8418,0,0.08897186
2018,410,8419,0,0.03132786
2018,410,8420,1,0.2919455
2018,410,8421,0,0.024443593
2018,410,8422,0,0.044615194
2018,410,8423,0,0.07130738
2018,410,8424,0,0.04040041
2018,410,8425,0,0.076886855
2018,410,8426,0,0.11254883
2018,410,8427,0,0.06747517
2018,410,8428,0,0.050384574
2018,410,8429,0,0.033841196
2018,410,8431,0,0.02531034
2018,410,8432,0,0.10786374
2018,410,8433,0,0.09705707
2018,410,8435,0,0.1322972
2018,410,8436,1,0.3921919
2018,410,8437,0,0.12636206
2018,410,8438,0,0.08347548
2018,410,8439,0,0.14402811
2018,410,8440,1,0.1940895
2018,410,8441,0,0.04069592
2018,410,8442,0,0.25726414
2018,410,8443,0,0.039482843
2018,410,8444,0,0.29657832
2018,410,8445,1,0.16504505
2018,410,8446,1,0.16575502
2018,410,8447,1,0.16791873
2018,410,8448,0,0.16554555
2018,410,8449,1,0.29146257
2018,410,8450,0,0.029480657
2018,410,8451,0,0.08017926
2018,410,8452,0,0.12128466
2018,410,8453,0,0.14342809
2018,410,8454,0,0.31228566
2018,410,8455,0,0.19807465
2018,410,8456,0,0.15249218
2018,410,8457,0,0.09809702
2018,410,8458,0,0.09350246
2018,410,8459,0,0.1281472
2018,410,8460,0,0.15442161
2018,410,8461,0,0.14168027
2018,410,8462,0,0.086227566
2018,410,8463,0,0.121694945
2018,410,8464,0,0.18834771
2018,410,8465,0,0.09642165
2018,410,8466,0,0.055379156
2018,410,8467,1,0.07395355
2018,410,8468,0,0.13174891
2018,410,8470,0,0.29910147
2018,410,8471,0,0.0454104
2018,410,8472,0,0.08895776
2018,410,8473,0,0.20275488
2018,410,8474,0,0.08489891
2018,410,8475,1,0.2903699
2018,410,8476,0,0.13386528
2018,410,8477,0,0.053955488
2018,410,8478,1,0.36865035
2018,410,8479,0,0.11516739
2018,410,8480,0,0.04762271
2018,410,8481,0,0.04195209
2018,410,8482,0,0.045700274
2018,410,8483,0,0.05286586
2018,410,8484,0,0.03846943
2018,410,8485,0,0.03860601
2018,458,8404,0,0.18093447
2018,458,8405,0,0.21846938
2018,458,8406,1,0.30844265
2018,458,8407,0,0.18837903
2018,458,8409,0,0.27309376
2018,458,8411,0,0.28817844
2018,458,8412,0,0.11118225
2018,458,8413,0,0.064733304
2018,458,8414,0,0.041798368
2018,458,8415,0,0.023657382
2018,458,8416,1,0.28993127
2018,458,8417,0,0.18963231
2018,458,8418,0,0.090028636
2018,458,8419,0,0.075439274
2018,458,8420,1,0.63808507
2018,458,8421,0,0.031505205
2018,458,8422,1,0.16914535
2018,458,8423,1,0.28991118
2018,458,8424,0,0.059998326
2018,458,8426,0,0.19822027
2018,458,8427,0,0.22493705
2018,458,8428,0,0.055747136
2018,458,8430,1,0.50130534
2018,458,8431,0,0.07333962
2018,458,8434,1,0.58605516
2018,458,8436,0,0.1180018
2018,458,8437,0,0.3067143
2018,458,8438,0,0.08175029
2018,458,8439,0,0.14954698
2018,458,8441,0,0.21197356
2018,458,8442,0,0.24691392
2018,458,8443,0,0.1114498
2018,458,8445,1,0.5090102
2018,458,8447,1,0.45630008
2018,458,8448,1,0.13997687
2018,458,8451,0,0.32443914
2018,458,8452,0,0.1667593
2018,458,8454,1,0.28112388
2018,458,8455,0,0.21630569
2018,458,8456,1,0.09233478
2018,458,8458,0,0.23593563
2018,458,8459,0,0.2720944
2018,458,8460,0,0.3307147
2018,458,8462,1,0.17289084
2018,458,8463,0,0.15656418
2018,458,8464,0,0.16627313
2018,458,8465,1,0.21056116
2018,458,8466,1,0.12184079
2018,458,8468,0,0.22941911
2018,458,8470,1,0.09071146
2018,458,8471,0,0.034392055
2018,458,8472,1,0.11692861
2018,458,8473,1,0.13611102
2018,458,8474,0,0.10436629
2018,458,8475,0,0.2155073
2018,458,8476,0,0.17319381
2018,458,8477,0,0.14370303
2018,458,8478,1,0.16545984
2018,458,8479,0,0.10684882
2018,458,8480,1,0.18175083
2018,458,8481,0,0.04670626
2018,458,8482,0,0.08179283
2018,458,8484,0,0.10980616
2018,458,8485,1,0.34466082
2018,124,8401,1,0.4943647
2018,124,8402,1,0.22529991
2018,124,8403,0,0.11498608
2018,124,8404,0,0.2774843
2018,124,8405,1,0.3179825
2018,124,8406,1,0.19808157
2018,124,8407,0,0.06676217
2018,124,8408,0,0.13143937
2018,124,8409,0,0.084578976
2018,124,8410,0,0.28983396
2018,124,8411,0,0.055243332
2018,124,8412,0,0.041924052
2018,124,8413,0,0.049785934
2018,124,8414,0,0.07348984
2018,124,8415,0,0.086614095
2018,124,8416,0,0.1480369
2018,124,8417,0,0.14031403
2018,124,8418,0,0.09522898
2018,124,8419,0,0.088921994
2018,124,8420,0,0.2048216
2018,124,8421,0,0.054353997
2018,124,8422,0,0.07753549
2018,124,8423,0,0.14080253
2018,124,8424,0,0.08898491
2018,124,8425,0,0.08980396
2018,124,8426,0,0.13584001
2018,124,8427,0,0.09606449
2018,124,8428,0,0.083548926
2018,124,8429,0,0.2062917
2018,124,8430,0,0.13576125
2018,124,8431,0,0.032476738
2018,124,8432,0,0.08656293
2018,124,8433,0,0.06000269
2018,124,8434,0,0.60107565
2018,124,8436,0,0.06878421
2018,124,8437,0,0.24997169
2018,124,8438,0,0.11091597
2018,124,8439,0,0.15257047
2018,124,8440,1,0.24664322
2018,124,8441,0,0.1339459
2018,124,8442,0,0.17349079
2018,124,8443,1,0.07539409
2018,124,8445,1,0.4147365
2018,124,8447,0,0.40319175
2018,124,8448,1,0.22318324
2018,124,8451,0,0.15476514
2018,124,8452,1,0.3245027
2018,124,8453,0,0.22240937
2018,124,8454,0,0.17032504
2018,124,8455,0,0.2126083
2018,124,8456,1,0.15626635
2018,124,8457,1,0.20397204
2018,124,8458,0,0.23980075
2018,124,8459,0,0.15244043
2018,124,8460,0,0.15522201
2018,124,8461,0,0.15420796
2018,124,8462,0,0.12610741
2018,124,8463,1,0.16929847
2018,124,8464,0,0.12874699
2018,124,8465,0,0.0969445
2018,124,8466,0,0.062878795
2018,124,8467,0,0.14328307
2018,124,8468,0,0.15607189
2018,124,8470,0,0.19967441
2018,124,8471,0,0.06932934
2018,124,8472,0,0.22977658
2018,124,8473,0,0.19509634
2018,124,8474,0,0.07379084
2018,124,8475,1,0.4549271
2018,124,8476,0,0.15284537
2018,124,8477,0,0.06651351
2018,124,8479,0,0.04167233
2018,124,8480,0,0.08391764
2018,124,8481,0,0.057266396
2018,124,8482,0,0.07013001
2018,124,8483,0,0.066706285
2018,124,8484,0,0.082044564
2018,124,8485,0,0.42722782
2018,484,8402,0,0.36544052
2018,484,8403,0,0.21769892
2018,484,8404,0,0.3987905
2018,484,8405,0,0.3941603
2018,484,8406,0,0.22629048
2018,484,8407,0,0.1040174
2018,484,8408,0,0.078782976
2018,484,8409,0,0.0738765
2018,484,8411,0,0.080047496
2018,484,8412,0,0.07573219
2018,484,8413,0,0.052488133
2018,484,8414,0,0.07857024
2018,484,8415,0,0.08346289
2018,484,8416,0,0.16833797
2018,484,8417,0,0.505307
2018,484,8418,0,0.07248218
2018,484,8419,0,0.09797098
2018,484,8420,0,0.3628248
2018,484,8421,0,0.06396402
2018,484,8422,0,0.13435075
2018,484,8423,0,0.14634527
2018,484,8424,0,0.07178674
2018,484,8425,0,0.107827656
2018,484,8426,1,0.2429338
2018,484,8427,0,0.20139316
2018,484,8428,0,0.10364895
2018,484,8429,1,0.2674412
2018,484,8430,1,0.49429503
2018,484,8431,0,0.055218313
2018,484,8432,1,0.40213117
2018,484,8433,0,0.07268366
2018,484,8434,0,0.28111106
2018,484,8436,0,0.1596376
2018,484,8437,0,0.17526592
2018,484,8438,0,0.13114096
2018,484,8439,1,0.41412917
2018,484,8441,0,0.1580425
2018,484,8442,0,0.2960964
2018,484,8443,0,0.10870912
2018,484,8450,0,0.1306546
2018,484,8451,0,0.17553425
2018,484,8452,0,0.33283544
2018,484,8453,0,0.41693094
2018,484,8454,1,0.7023635
2018,484,8455,0,0.41760695
2018,484,8456,0,0.29502836
2018,484,8457,0,0.2628393
2018,484,8458,1,0.5958467
2018,484,8459,0,0.23135188
2018,484,8460,0,0.14671108
2018,484,8461,0,0.26579002
2018,484,8462,1,0.46137178
2018,484,8463,0,0.30598858
2018,484,8465,1,0.1456927
2018,484,8466,0,0.121774346
2018,484,8467,0,0.10194897
2018,484,8468,0,0.16715921
2018,484,8470,0,0.5284397
2018,484,8471,0,0.112403154
2018,484,8472,0,0.4818758
2018,484,8473,0,0.24067393
2018,484,8474,0,0.14494686
2018,484,8475,0,0.5305826
2018,484,8476,1,0.15546584
2018,484,8477,0,0.123276256
2018,484,8479,0,0.09737695
2018,484,8480,0,0.14910851
2018,484,8481,0,0.08381467
2018,484,8482,0,0.07134418
2018,484,8483,0,0.06490075
2018,484,8484,0,0.09632621
2018,484,8485,0,0.069801785
2018,757,8402,0,0.43426642
2018,757,8403,0,0.15298745
2018,757,8404,0,0.62150186
2018,757,8405,0,0.18036355
2018,757,8406,1,0.24719016
2018,757,8407,1,0.31183308
2018,757,8408,1,0.4027679
2018,757,8409,0,0.07751578
2018,757,8411,0,0.061482705
2018,757,8412,0,0.047538806
2018,757,8413,0,0.058128368
2018,757,8414,0,0.047842477
2018,757,8415,0,0.07418084
2018,757,8416,1,0.18538053
2018,757,8417,0,0.4102021
2018,757,8418,0,0.22775163
2018,757,8419,0,0.04962138
2018,757,8420,1,0.17595278
2018,757,8421,0,0.03703415
2018,757,8422,0,0.057126913
2018,757,8423,1,0.07635968
2018,757,8424,0,0.065307215
2018,757,8425,0,0.092783846
2018,757,8426,1,0.20390284
2018,757,8427,1,0.13664754
2018,757,8428,0,0.065386325
2018,757,8429,0,0.10497407
2018,757,8430,0,0.28746492
2018,757,8431,0,0.033913247
2018,757,8432,1,0.1292684
2018,757,8433,0,0.20337875
2018,757,8434,0,0.366122
2018,757,8435,0,0.24605444
2018,757,8436,0,0.11093442
2018,757,8437,0,0.2423153
2018,757,8438,0,0.050723888
2018,757,8439,0,0.16261955
2018,757,8440,0,0.15194783
2018,757,8441,0,0.08151246
2018,757,8442,0,0.14505437
2018,757,8443,0,0.07499444
2018,757,8444,1,0.38578087
2018,757,8445,1,0.38956878
2018,757,8446,1,0.32635936
2018,757,8447,1,0.34658828
2018,757,8448,1,0.057107
2018,757,8449,1,0.6026754
2018,757,8450,0,0.25772965
2018,757,8451,0,0.10513434
2018,757,8452,1,0.21013856
2018,757,8453,1,0.38890448
2018,757,8454,0,0.19614004
2018,757,8455,0,0.40178427
2018,757,8456,1,0.1286878
2018,757,8457,1,0.15147448
2018,757,8458,0,0.12993358
2018,757,8459,1,0.12226002
2018,757,8460,0,0.09298746
2018,757,8461,0,0.14005135
2018,757,8462,0,0.09344358
2018,757,8463,0,0.12740529
2018,757,8464,0,0.11511273
2018,757,8465,0,0.09948224
2018,757,8466,0,0.03515142
2018,757,8467,0,0.14777246
2018,757,8468,0,0.11325675
2018,757,8470,0,0.13765705
2018,757,8471,0,0.038160015
2018,757,8472,0,0.16186854
2018,757,8473,0,0.23317285
2018,757,8474,0,0.089689255
2018,757,8475,1,0.19581929
2018,757,8476,1,0.17377436
2018,757,8477,0,0.04946152
2018,757,8478,1,0.48100644
2018,757,8479,0,0.040065803
2018,757,8480,0,0.09032988
2018,757,8481,0,0.07234726
2018,757,8482,0,0.059012465
2018,757,8483,0,0.063624315
2018,757,8484,0,0.04342583
2018,757,8485,0,0.05918216
2018,764,8403,0,0.28087378
2018,764,8405,0,0.3357182
2018,764,8406,0,0.23685537
2018,764,8407,0,0.11958524
2018,764,8408,1,0.46279648
2018,764,8409,0,0.07428137
2018,764,8411,0,0.086326465
2018,764,8412,0,0.05999689
2018,764,8413,0,0.039828952
2018,764,8414,0,0.04510608
2018,764,8415,0,0.018731117
2018,764,8416,0,0.34722504
2018,764,8417,0,0.22165753
2018,764,8418,0,0.039809894
2018,764,8419,0,0.09166671
2018,764,8420,1,0.15288939
2018,764,8421,0,0.022253407
2018,764,8422,0,0.05950763
2018,764,8423,0,0.094855845
2018,764,8424,0,0.077708885
2018,764,8427,0,0.11026999
2018,764,8428,0,0.052563924
2018,764,8429,1,0.20730807
2018,764,8430,0,0.323313
2018,764,8431,0,0.0402303
2018,764,8434,0,0.26246846
2018,764,8435,0,0.7036188
2018,764,8437,1,0.1772852
2018,764,8438,0,0.16149437
2018,764,8439,1,0.12685913
2018,764,8441,0,0.10322854
2018,764,8442,0,0.22162361
2018,764,8443,0,0.11545701
2018,764,8445,0,0.28314242
2018,764,8446,0,0.5103377
2018,764,8447,0,0.33277294
2018,764,8448,1,0.13048857
2018,764,8450,0,0.030532153
2018,764,8451,1,0.07653287
2018,764,8452,0,0.07578083
2018,764,8453,1,0.09538558
2018,764,8455,0,0.15517521
2018,764,8456,1,0.1786739
2018,764,8457,0,0.22040725
2018,764,8458,0,0.15906954
2018,764,8459,0,0.11847152
2018,764,8460,1,0.26511943
2018,764,8461,0,0.10810526
2018,764,8462,0,0.07711193
2018,764,8464,0,0.56346613
2018,764,8466,0,0.10706113
2018,764,8467,0,0.18037896
2018,764,8468,0,0.15457036
2018,764,8470,0,0.20124486
2018,764,8471,0,0.34010777
2018,764,8472,0,0.20816606
2018,764,8473,0,0.20501876
2018,764,8475,1,0.7013742
2018,764,8476,0,0.3223627
2018,764,8477,0,0.08698383
2018,764,8479,0,0.06567848
2018,764,8480,0,0.09192452
2018,764,8481,0,0.03107764
2018,764,8482,0,0.042946488
2018,764,8483,0,0.047710646
2018,764,8484,0,0.05165621
2018,764,8485,0,0.067075975
2018,752,8401,0,0.34459242
2018,752,8402,0,0.18333063
2018,752,8403,0,0.1295684
2018,752,8404,0,0.20816106
2018,752,8405,1,0.71683913
2018,752,8406,0,0.5779049
2018,752,8407,0,0.20573851
2018,752,8408,0,0.15446968
2018,752,8409,0,0.11343049
2018,752,8410,1,0.393445
2018,752,8412,0,0.031548075
2018,752,8413,0,0.046466246
2018,752,8414,0,0.044206664
2018,752,8415,0,0.091258176
2018,752,8416,1,0.24759337
2018,752,8417,1,0.1418531
2018,752,8418,0,0.11243574
2018,752,8419,0,0.0330537
2018,752,8420,0,0.6035857
2018,752,8421,0,0.03752248
2018,752,8422,0,0.043491893
2018,752,8423,0,0.16626398
2018,752,8424,0,0.045451097
2018,752,8425,0,0.111660674
2018,752,8426,0,0.08029806
2018,752,8427,0,0.06129414
2018,752,8428,0,0.06240696
2018,752,8429,0,0.07249988
2018,752,8430,0,0.13509402
2018,752,8431,0,0.03216696
2018,752,8432,0,0.09937061
2018,752,8433,0,0.10556822
2018,752,8434,0,0.09383001
2018,752,8435,0,0.4060143
2018,752,8436,0,0.1658924
2018,752,8437,0,0.21114373
2018,752,8438,0,0.0483124
2018,752,8439,0,0.10009467
2018,752,8440,0,0.3376992
2018,752,8441,0,0.10231515
2018,752,8442,1,0.30994192
2018,752,8443,0,0.088687435
2018,752,8446,0,0.6144923
2018,752,8447,1,0.71532017
2018,752,8448,1,0.16759565
2018,752,8449,0,0.686216
2018,752,8450,0,0.13071488
2018,752,8451,0,0.20042887
2018,752,8452,0,0.14175333
2018,752,8453,1,0.29592377
2018,752,8454,0,0.50887895
2018,752,8455,0,0.20648968
2018,752,8456,0,0.10100652
2018,752,8457,0,0.36240888
2018,752,8458,0,0.3567353
2018,752,8459,0,0.40517738
2018,752,8460,0,0.11457626
2018,752,8461,1,0.19377199
2018,752,8462,0,0.15112136
2018,752,8463,0,0.28410006
2018,752,8464,0,0.23097606
2018,752,8465,0,0.17213844
2018,752,8466,0,0.052215952
2018,752,8467,0,0.09758329
2018,752,8468,0,0.1405939
2018,752,8470,1,0.33261356
2018,752,8471,0,0.070408314
2018,752,8472,1,0.097871676
2018,752,8473,1,0.30489224
2018,752,8474,0,0.06832611
2018,752,8475,0,0.34679422
2018,752,8476,0,0.3410412
2018,752,8477,0,0.12247429
2018,752,8478,1,0.7083199
2018,752,8479,0,0.045711238
2018,752,8480,0,0.16292284
2018,752,8481,0,0.063046336
2018,752,8482,0,0.04979895
2018,752,8483,0,0.056016475
2018,752,8484,0,0.061899338
2018,752,8485,0,0.04974245
2018,372,8402,1,0.71712583
2018,372,8403,0,0.20488048
2018,372,8406,1,0.551153
2018,372,8409,0,0.15451357
2018,372,8411,0,0.13956963
2018,372,8412,0,0.20444821
2018,372,8413,0,0.08828828
2018,372,8414,0,0.08682456
2018,372,8415,0,0.2947446
2018,372,8418,0,0.11453533
2018,372,8419,0,0.17471066
2018,372,8421,0,0.072649576
2018,372,8422,0,0.11620163
2018,372,8423,0,0.39694858
2018,372,8424,0,0.23392002
2018,372,8425,0,0.1969922
2018,372,8426,1,0.4788383
2018,372,8427,0,0.16547163
2018,372,8428,0,0.12458478
2018,372,8429,1,0.28860986
2018,372,8430,1,0.26370728
2018,372,8431,0,0.07480972
2018,372,8432,0,0.23464207
2018,372,8433,0,0.11227032
2018,372,8434,1,0.23021457
2018,372,8436,0,0.196956
2018,372,8437,1,0.36576226
2018,372,8438,0,0.2314272
2018,372,8441,0,0.22132641
2018,372,8443,0,0.10660768
2018,372,8448,0,0.14492267
2018,372,8450,0,0.2337912
2018,372,8451,1,0.19855525
2018,372,8456,0,0.3529518
2018,372,8457,1,0.40837798
2018,372,8462,1,0.23258273
2018,372,8463,0,0.21069457
2018,372,8465,1,0.2022695
2018,372,8466,0,0.17383687
2018,372,8467,0,0.18754755
2018,372,8468,0,0.20460634
2018,372,8470,0,0.30834818
2018,372,8471,0,0.048294876
2018,372,8472,1,0.34921348
2018,372,8473,0,0.14034754
2018,372,8474,0,0.16712447
2018,372,8475,0,0.26786625
2018,372,8477,0,0.10497579
2018,372,8479,0,0.17742203
2018,372,8480,0,0.24420662
2018,372,8481,0,0.097990826
2018,372,8482,0,0.11986704
2018,372,8483,0,0.13531235
2018,372,8484,0,0.09201551
2018,372,8485,0,0.17418364
2018,40,8401,0,0.39857444
2018,40,8402,1,0.499625
2018,40,8403,0,0.13141604
2018,40,8404,0,0.1782299
2018,40,8405,0,0.3351016
2018,40,8406,0,0.23255478
2018,40,8407,0,0.11715317
2018,40,8408,0,0.15987173
2018,40,8409,0,0.10652142
2018,40,8411,0,0.08147045
2018,40,8412,0,0.0673127
2018,40,8413,0,0.04845961
2018,40,8414,0,0.052498166
2018,40,8415,0,0.08970088
2018,40,8416,1,0.2366602
2018,40,8417,0,0.18278024
2018,40,8418,0,0.13125274
2018,40,8419,0,0.03319918
2018,40,8420,0,0.10410572
2018,40,8421,0,0.03113894
2018,40,8422,0,0.1310069
2018,40,8423,0,0.08100578
2018,40,8424,0,0.051156487
2018,40,8425,0,0.097821526
2018,40,8426,0,0.08226703
2018,40,8427,0,0.31629
2018,40,8428,0,0.079886064
2018,40,8429,0,0.14757957
2018,40,8430,0,0.14812398
2018,40,8431,0,0.03678552
2018,40,8432,0,0.08290368
2018,40,8433,0,0.1430469
2018,40,8435,0,0.19185477
2018,40,8436,0,0.08332024
2018,40,8438,0,0.05023712
2018,40,8439,0,0.16924551
2018,40,8440,0,0.15627968
2018,40,8441,0,0.07427147
2018,40,8442,1,0.15253237
2018,40,8443,0,0.07132211
2018,40,8444,1,0.78833055
2018,40,8445,0,0.5146872
2018,40,8446,0,0.40744498
2018,40,8447,0,0.21665545
2018,40,8448,0,0.11485121
2018,40,8449,0,0.34874862
2018,40,8450,0,0.38101107
2018,40,8451,0,0.119953424
2018,40,8453,0,0.24836646
2018,40,8454,0,0.17994003
2018,40,8455,0,0.14637811
2018,40,8456,0,0.09656057
2018,40,8457,0,0.25555167
2018,40,8458,0,0.107658505
2018,40,8459,0,0.09291347
2018,40,8460,1,0.13603713
2018,40,8461,0,0.18289849
2018,40,8462,0,0.089003555
2018,40,8463,1,0.15932012
2018,40,8464,0,0.17261636
2018,40,8465,0,0.05568607
2018,40,8466,0,0.072954774
2018,40,8467,0,0.11013725
2018,40,8468,0,0.14848723
2018,40,8470,1,0.27733177
2018,40,8471,0,0.04293507
2018,40,8472,0,0.4030221
2018,40,8473,0,0.18785441
2018,40,8474,0,0.06744187
2018,40,8475,1,0.48099518
2018,40,8476,0,0.1644016
2018,40,8477,0,0.06414808
2018,40,8478,0,0.23829214
2018,40,8479,0,0.039427254
2018,40,8480,0,0.065762185
2018,40,8481,0,0.04903528
2018,40,8482,0,0.08260257
2018,40,8483,0,0.057567406
2018,40,8484,0,0.09485886
2018,40,8485,0,0.085475184
2018,724,8401,0,0.58529425
2018,724,8402,0,0.27606547
2018,724,8403,1,0.36648437
2018,724,8404,1,0.40859383
2018,724,8405,1,0.49689588
2018,724,8407,0,0.11217411
2018,724,8408,1,0.11783446
2018,724,8409,0,0.05848586
2018,724,8410,0,0.15247737
2018,724,8411,0,0.06250262
2018,724,8412,0,0.07369782
2018,724,8413,0,0.017548293
2018,724,8414,0,0.024493966
2018,724,8415,0,0.04321487
2018,724,8416,0,0.16535848
2018,724,8417,0,0.19306462
2018,724,8418,0,0.060127087
2018,724,8419,0,0.018750804
2018,724,8420,0,0.12629709
2018,724,8421,0,0.014407185
2018,724,8422,0,0.026307149
2018,724,8424,0,0.028271744
2018,724,8425,0,0.030113626
2018,724,8426,0,0.045622244
2018,724,8427,0,0.084172465
2018,724,8428,0,0.020783218
2018,724,8429,0,0.1768411
2018,724,8430,1,0.2354825
2018,724,8431,0,0.02110411
2018,724,8432,0,0.0659441
2018,724,8433,0,0.089016125
2018,724,8434,1,0.25603265
2018,724,8435,0,0.18614484
2018,724,8436,0,0.041348234
2018,724,8437,0,0.09609277
2018,724,8438,0,0.022793623
2018,724,8439,1,0.18672258
2018,724,8440,0,0.13164617
2018,724,8441,0,0.059116054
2018,724,8442,0,0.20974293
2018,724,8443,0,0.048664052
2018,724,8444,1,0.57836896
2018,724,8445,1,0.32287794
2018,724,8446,1,0.6167451
2018,724,8447,1,0.615741
2018,724,8448,0,0.3454949
2018,724,8449,1,0.6581363
2018,724,8450,0,0.05466341
2018,724,8451,0,0.09037936
2018,724,8452,1,0.43600062
2018,724,8453,1,0.1637437
2018,724,8454,0,0.40277207
2018,724,8455,1,0.31921646
2018,724,8456,0,0.18684435
2018,724,8457,1,0.17798017
2018,724,8458,0,0.11089581
2018,724,8459,0,0.12670213
2018,724,8460,0,0.15256223
2018,724,8461,0,0.15348764
2018,724,8462,1,0.07932122
2018,724,8463,0,0.20710002
2018,724,8464,0,0.0928576
2018,724,8465,0,0.07771969
2018,724,8466,0,0.032014325
2018,724,8467,1,0.10681932
2018,724,8468,1,0.15755464
2018,724,8470,0,0.17699492
2018,724,8471,0,0.051831044
2018,724,8472,1,0.20209433
2018,724,8473,0,0.16010611
2018,724,8474,0,0.056821235
2018,724,8475,1,0.5595923
2018,724,8476,0,0.1956387
2018,724,8477,0,0.053489715
2018,724,8478,0,0.16362333
2018,724,8479,0,0.021403233
2018,724,8480,1,0.057291012
2018,724,8481,0,0.034630664
2018,724,8482,0,0.051911805
2018,724,8483,0,0.066554
2018,724,8484,0,0.05053524
2018,724,8485,0,0.040654264
