t,i,k4,label_observed_continuing,p
2016,842,8401,0,0.24189188
2016,842,8402,0,0.2621051
2016,842,8403,0,0.46182817
2016,842,8404,0,0.3373115
2016,842,8405,1,0.3070251
2016,842,8406,1,0.32077146
2016,842,8407,0,0.087480366
2016,842,8408,0,0.10327468
2016,842,8409,0,0.03929393
2016,842,8410,1,0.31303868
2016,842,8411,0,0.07150045
2016,842,8412,0,0.043938033
2016,842,8413,0,0.3038016
2016,842,8414,0,0.29666495
2016,842,8415,0,0.057182632
2016,842,8416,0,0.25759628
2016,842,8417,0,0.37360153
2016,842,8418,0,0.055243857
2016,842,8419,0,0.06739734
2016,842,8420,0,0.24188903
2016,842,8421,0,0.04815998
2016,842,8422,0,0.030332932
2016,842,8423,0,0.30590987
2016,842,8424,0,0.032150608
2016,842,8425,0,0.16710638
2016,842,8426,0,0.16923872
2016,842,8427,0,0.12311768
2016,842,8428,0,0.054712065
2016,842,8429,0,0.11358356
2016,842,8430,0,0.10356723
2016,842,8431,0,0.3015327
2016,842,8432,0,0.26504314
2016,842,8433,0,0.046733584
2016,842,8434,0,0.4667394
2016,842,8435,0,0.32985255
2016,842,8436,0,0.25356814
2016,842,8437,0,0.4421926
2016,842,8438,0,0.04068883
2016,842,8439,0,0.16855657
2016,842,8440,0,0.10617861
2016,842,8441,0,0.07992494
2016,842,8442,0,0.5719195
2016,842,8443,0,0.03982934
2016,842,8444,0,0.6370191
2016,842,8446,0,0.12044109
2016,842,8447,0,0.14536357
2016,842,8449,0,0.1956907
2016,842,8450,0,0.08781066
2016,842,8451,0,0.03694282
2016,842,8452,0,0.24657449
2016,842,8453,0,0.33640698
2016,842,8454,1,0.16532627
2016,842,8455,0,0.14409548
2016,842,8456,1,0.09629554
2016,842,8457,0,0.118178345
2016,842,8458,0,0.06844706
2016,842,8459,0,0.059223033
2016,842,8460,1,0.14894518
2016,842,8461,0,0.08079015
2016,842,8462,0,0.08147696
2016,842,8463,1,0.29411763
2016,842,8464,0,0.098816164
2016,842,8465,0,0.06886869
2016,842,8466,0,0.03558799
2016,842,8467,0,0.02830903
2016,842,8468,0,0.18960257
2016,842,8470,0,0.50556666
2016,842,8471,0,0.030296475
2016,842,8472,1,0.180454
2016,842,8473,0,0.113847695
2016,842,8474,0,0.081758246
2016,842,8475,0,0.21613942
2016,842,8476,0,0.14198375
2016,842,8477,0,0.042931605
2016,842,8478,0,0.5073959
2016,842,8479,0,0.06199066
2016,842,8480,0,0.07571707
2016,842,8481,0,0.04465207
2016,842,8482,0,0.026514784
2016,842,8483,0,0.03902469
2016,842,8484,0,0.11226059
2016,842,8485,0,0.42280975
2016,276,8401,0,0.21477264
2016,276,8402,0,0.06708172
2016,276,8403,0,0.058942594
2016,276,8404,0,0.16959204
2016,276,8405,1,0.44519424
2016,276,8406,1,0.1531141
2016,276,8407,0,0.08842178
2016,276,8408,0,0.039831985
2016,276,8409,0,0.029376738
2016,276,8410,1,0.4130039
2016,276,8411,0,0.04443655
2016,276,8412,0,0.031345874
2016,276,8413,0,0.016706834
2016,276,8414,0,0.016226375
2016,276,8415,0,0.026659805
2016,276,8416,0,0.04315697
2016,276,8417,0,0.285175
2016,276,8418,0,0.01704456
2016,276,8419,0,0.038977634
2016,276,8420,0,0.115929976
2016,276,8421,0,0.012957457
2016,276,8422,0,0.018039262
2016,276,8423,0,0.020467393
2016,276,8424,0,0.019745441
2016,276,8425,0,0.023808273
2016,276,8426,0,0.057698574
2016,276,8427,0,0.04533289
2016,276,8428,0,0.023057014
2016,276,8429,0,0.042622946
2016,276,8430,0,0.054472964
2016,276,8431,0,0.020382507
2016,276,8432,0,0.064306065
2016,276,8433,0,0.03439405
2016,276,8434,0,0.07088579
2016,276,8435,0,0.16397329
2016,276,8436,0,0.057538465
2016,276,8437,0,0.36383775
2016,276,8438,0,0.023050902
2016,276,8439,0,0.08876537
2016,276,8440,0,0.05158347
2016,276,8441,0,0.04140485
2016,276,8442,0,0.074758895
2016,276,8443,0,0.028269073
2016,276,8444,0,0.24198769
2016,276,8445,0,0.10999038
2016,276,8446,0,0.19140032
2016,276,8447,0,0.1273698
2016,276,8448,0,0.052015707
2016,276,8449,0,0.18977273
2016,276,8450,0,0.07493751
2016,276,8451,0,0.025812702
2016,276,8452,0,0.023085402
2016,276,8453,0,0.052039213
2016,276,8454,0,0.124305405
2016,276,8455,0,0.35016707
2016,276,8456,0,0.055911977
2016,276,8457,0,0.16221073
2016,276,8458,0,0.066660225
2016,276,8459,0,0.0563794
2016,276,8460,0,0.0812853
2016,276,8461,0,0.090955034
2016,276,8462,0,0.050623294
2016,276,8463,0,0.14720413
2016,276,8464,0,0.06030971
2016,276,8465,0,0.026042221
2016,276,8466,0,0.03928565
2016,276,8467,0,0.024123045
2016,276,8468,0,0.031572953
2016,276,8469,1,0.24049205
2016,276,8470,0,0.11713755
2016,276,8471,1,0.030604
2016,276,8472,0,0.054933976
2016,276,8473,0,0.09662254
2016,276,8474,0,0.042559348
2016,276,8475,0,0.13515908
2016,276,8476,0,0.15065204
2016,276,8477,0,0.028979294
2016,276,8478,0,0.09223182
2016,276,8479,0,0.032330748
2016,276,8480,0,0.032478366
2016,276,8481,0,0.016500777
2016,276,8482,0,0.020491915
2016,276,8483,0,0.022176644
2016,276,8484,0,0.025325285
2016,276,8485,0,0.038837146
2016,392,8401,0,0.5449975
2016,392,8402,0,0.15233499
2016,392,8403,0,0.22373043
2016,392,8404,1,0.3516494
2016,392,8405,1,0.19905433
2016,392,8406,0,0.10015488
2016,392,8407,0,0.068161905
2016,392,8408,0,0.0610923
2016,392,8409,0,0.028909363
2016,392,8411,0,0.069110855
2016,392,8412,0,0.068954766
2016,392,8413,0,0.031070458
2016,392,8414,0,0.024824101
2016,392,8415,0,0.022550432
2016,392,8416,0,0.23916318
2016,392,8417,0,0.17025934
2016,392,8418,0,0.028446905
2016,392,8419,0,0.07735786
2016,392,8420,0,0.22963679
2016,392,8421,0,0.016201131
2016,392,8422,0,0.03991369
2016,392,8423,0,0.07579695
2016,392,8424,0,0.026839796
2016,392,8425,0,0.059244808
2016,392,8426,0,0.13338651
2016,392,8427,0,0.027891692
2016,392,8428,0,0.069149196
2016,392,8429,0,0.12121394
2016,392,8430,0,0.13943379
2016,392,8431,0,0.042300418
2016,392,8432,0,0.11197287
2016,392,8433,0,0.06467507
2016,392,8434,0,0.15434076
2016,392,8435,0,0.34423822
2016,392,8436,1,0.14192857
2016,392,8437,0,0.19396083
2016,392,8438,0,0.064162254
2016,392,8439,0,0.19268805
2016,392,8440,0,0.09774836
2016,392,8441,0,0.067659944
2016,392,8442,0,0.15891711
2016,392,8443,0,0.038462885
2016,392,8444,0,0.29450038
2016,392,8445,0,0.16832854
2016,392,8446,0,0.29199976
2016,392,8447,0,0.14111276
2016,392,8448,0,0.075805165
2016,392,8449,1,0.70686156
2016,392,8451,0,0.053227317
2016,392,8452,0,0.044995077
2016,392,8453,0,0.31171015
2016,392,8454,0,0.17851771
2016,392,8455,1,0.2359181
2016,392,8456,1,0.20400664
2016,392,8457,0,0.14713229
2016,392,8458,0,0.104666434
2016,392,8459,0,0.11134813
2016,392,8460,0,0.14328904
2016,392,8461,0,0.14574638
2016,392,8462,0,0.13528928
2016,392,8463,0,0.1932098
2016,392,8464,0,0.33999807
2016,392,8465,0,0.09085466
2016,392,8466,0,0.05585571
2016,392,8467,0,0.029946158
2016,392,8468,1,0.09210359
2016,392,8469,1,0.6140269
2016,392,8470,0,0.12180049
2016,392,8471,1,0.024384694
2016,392,8472,0,0.06395056
2016,392,8473,0,0.13510229
2016,392,8474,0,0.1544679
2016,392,8475,0,0.20964435
2016,392,8476,0,0.23104891
2016,392,8477,0,0.07456201
2016,392,8478,0,0.21765205
2016,392,8479,0,0.07993283
2016,392,8480,0,0.054299623
2016,392,8481,0,0.028672472
2016,392,8482,0,0.02673995
2016,392,8483,0,0.028311865
2016,392,8484,0,0.04249582
2016,392,8485,0,0.06037904
2016,156,8401,1,0.26668343
2016,156,8402,1,0.06690138
2016,156,8403,1,0.28623614
2016,156,8404,1,0.069398485
2016,156,8405,0,0.12816283
2016,156,8406,1,0.10511594
2016,156,8407,0,0.07505599
2016,156,8408,0,0.039265145
2016,156,8409,0,0.021686818
2016,156,8411,0,0.05249915
2016,156,8412,0,0.041489884
2016,156,8413,0,0.04591327
2016,156,8414,0,0.01894146
2016,156,8415,0,0.022939576
2016,156,8416,0,0.04574101
2016,156,8417,0,0.17518106
2016,156,8418,0,0.023964828
2016,156,8419,0,0.0885153
2016,156,8420,0,0.05450211
2016,156,8421,0,0.025432212
2016,156,8422,0,0.011546339
2016,156,8423,0,0.028386062
2016,156,8424,0,0.023095228
2016,156,8425,0,0.042001475
2016,156,8426,0,0.25734386
2016,156,8427,0,0.027446603
2016,156,8428,0,0.0843717
2016,156,8430,0,0.24328224
2016,156,8431,0,0.07240016
2016,156,8432,0,0.02508369
2016,156,8433,0,0.01706843
2016,156,8434,0,0.05876867
2016,156,8436,0,0.016795613
2016,156,8439,0,0.1204263
2016,156,8440,0,0.038035836
2016,156,8441,0,0.0196146
2016,156,8442,0,0.046664517
2016,156,8443,0,0.02877345
2016,156,8444,0,0.18404111
2016,156,8445,0,0.09414309
2016,156,8446,0,0.10961772
2016,156,8447,0,0.050977755
2016,156,8448,0,0.025478333
2016,156,8449,0,0.07877408
2016,156,8450,0,0.0576683
2016,156,8451,0,0.014965849
2016,156,8452,0,0.013497527
2016,156,8453,0,0.045882832
2016,156,8454,0,0.06399272
2016,156,8455,0,0.07480149
2016,156,8456,0,0.02263478
2016,156,8457,0,0.03935003
2016,156,8458,0,0.035837017
2016,156,8459,0,0.030326068
2016,156,8460,0,0.023872439
2016,156,8461,0,0.03612629
2016,156,8462,0,0.023882609
2016,156,8463,0,0.060175397
2016,156,8464,0,0.073705144
2016,156,8465,0,0.042887677
2016,156,8466,0,0.026907654
2016,156,8467,0,0.020633198
2016,156,8468,0,0.024913216
2016,156,8469,1,0.23687693
2016,156,8470,0,0.026705515
2016,156,8471,0,0.027352097
2016,156,8472,0,0.035582535
2016,156,8473,0,0.07356846
2016,156,8475,0,0.15621506
2016,156,8476,0,0.06901078
2016,156,8477,0,0.02154463
2016,156,8478,0,0.11720503
2016,156,8479,0,0.031942464
2016,156,8480,0,0.018338349
2016,156,8481,0,0.016046507
2016,156,8482,0,0.017108427
2016,156,8483,0,0.02173147
2016,156,8484,0,0.0609824
2016,380,8401,0,0.45479313
2016,380,8403,0,0.074042305
2016,380,8404,0,0.14094341
2016,380,8406,1,0.071761124
2016,380,8407,0,0.14243549
2016,380,8408,0,0.052830383
2016,380,8409,0,0.027598657
2016,380,8411,0,0.13924517
2016,380,8412,0,0.067501836
2016,380,8413,0,0.024574265
2016,380,8414,0,0.018861122
2016,380,8415,0,0.032442477
2016,380,8416,0,0.07314497
2016,380,8417,0,0.07305415
2016,380,8418,0,0.021208426
2016,380,8419,0,0.04476503
2016,380,8420,0,0.13081422
2016,380,8421,0,0.016704993
2016,380,8422,0,0.020211605
2016,380,8423,0,0.036532346
2016,380,8424,0,0.018189617
2016,380,8425,0,0.03485108
2016,380,8426,0,0.063279204
2016,380,8427,0,0.08892808
2016,380,8428,0,0.02449044
2016,380,8429,0,0.048039854
2016,380,8430,0,0.18840599
2016,380,8431,0,0.021848205
2016,380,8432,0,0.03375146
2016,380,8433,0,0.028937237
2016,380,8434,0,0.08324622
2016,380,8435,0,0.1560353
2016,380,8436,0,0.0584024
2016,380,8438,0,0.037622783
2016,380,8439,0,0.13025713
2016,380,8440,0,0.10412905
2016,380,8441,0,0.051957693
2016,380,8442,0,0.11861226
2016,380,8443,0,0.022223629
2016,380,8444,0,0.4805226
2016,380,8445,0,0.14459957
2016,380,8446,0,0.15105434
2016,380,8447,0,0.117100425
2016,380,8448,0,0.05438199
2016,380,8449,0,0.1757654
2016,380,8450,0,0.0598128
2016,380,8451,0,0.024024703
2016,380,8453,0,0.07660951
2016,380,8454,1,0.18516889
2016,380,8455,0,0.36983833
2016,380,8456,0,0.038602915
2016,380,8457,0,0.0919611
2016,380,8458,0,0.08779399
2016,380,8459,0,0.093684256
2016,380,8460,0,0.06239539
2016,380,8461,0,0.0657994
2016,380,8462,0,0.028928712
2016,380,8463,0,0.08783262
2016,380,8464,0,0.05783395
2016,380,8465,0,0.029232264
2016,380,8466,0,0.027217532
2016,380,8467,0,0.020652425
2016,380,8468,0,0.055448297
2016,380,8469,1,0.5449595
2016,380,8470,0,0.5038198
2016,380,8471,1,0.028897408
2016,380,8472,1,0.17241141
2016,380,8473,0,0.08975077
2016,380,8474,0,0.049285248
2016,380,8475,0,0.33355603
2016,380,8476,0,0.11882922
2016,380,8477,0,0.026360296
2016,380,8478,0,0.13070159
2016,380,8479,0,0.026998872
2016,380,8480,0,0.06403929
2016,380,8481,0,0.019089598
2016,380,8482,0,0.03193479
2016,380,8483,0,0.02314867
2016,380,8484,0,0.027094813
2016,380,8485,0,0.036890816
2016,826,8401,1,0.29796615
2016,826,8402,1,0.19407456
2016,826,8403,0,0.49051872
2016,826,8405,0,0.2782378
2016,826,8406,1,0.36779925
2016,826,8407,0,0.0743627
2016,826,8408,0,0.06103894
2016,826,8409,0,0.027872555
2016,826,8411,0,0.037519217
2016,826,8412,0,0.080572136
2016,826,8413,0,0.030649966
2016,826,8414,0,0.023676274
2016,826,8415,0,0.0437018
2016,826,8416,0,0.14754264
2016,826,8417,1,0.07674973
2016,826,8418,0,0.026593255
2016,826,8419,0,0.061560426
2016,826,8420,0,0.14289694
2016,826,8421,0,0.01967617
2016,826,8422,0,0.025623206
2016,826,8423,0,0.032477938
2016,826,8424,0,0.023633292
2016,826,8425,0,0.10489307
2016,826,8426,0,0.09985799
2016,826,8427,0,0.057682555
2016,826,8428,0,0.03720234
2016,826,8429,0,0.0741132
2016,826,8430,0,0.08568408
2016,826,8431,0,0.03811836
2016,826,8432,0,0.065465316
2016,826,8433,0,0.14440681
2016,826,8434,0,0.19687365
2016,826,8435,0,0.24933036
2016,826,8436,0,0.064000115
2016,826,8437,0,0.15466636
2016,826,8438,0,0.037130963
2016,826,8439,0,0.18653946
2016,826,8440,0,0.15534309
2016,826,8441,0,0.1077997
2016,826,8442,0,0.16057682
2016,826,8443,0,0.038933836
2016,826,8444,0,0.25850528
2016,826,8445,0,0.28882855
2016,826,8446,0,0.18059386
2016,826,8447,0,0.12099616
2016,826,8448,0,0.097747125
2016,826,8450,0,0.171955
2016,826,8451,0,0.054811254
2016,826,8452,0,0.08711552
2016,826,8453,0,0.24459504
2016,826,8454,0,0.23657481
2016,826,8455,1,0.6155333
2016,826,8456,0,0.06948296
2016,826,8457,0,0.1941757
2016,826,8458,0,0.09592035
2016,826,8459,0,0.08104819
2016,826,8460,0,0.119182624
2016,826,8461,0,0.19395386
2016,826,8462,0,0.162239
2016,826,8463,1,0.2076765
2016,826,8464,0,0.23996916
2016,826,8466,0,0.0377729
2016,826,8467,0,0.025460059
2016,826,8468,0,0.088083394
2016,826,8470,0,0.18126172
2016,826,8471,1,0.036151312
2016,826,8472,1,0.06924384
2016,826,8473,0,0.1163929
2016,826,8474,0,0.06940141
2016,826,8475,0,0.21632175
2016,826,8476,0,0.15099563
2016,826,8477,0,0.031244785
2016,826,8478,0,0.13328332
2016,826,8479,0,0.03469697
2016,826,8480,0,0.07510946
2016,826,8481,0,0.063700356
2016,826,8482,0,0.029689847
2016,826,8483,0,0.03137593
2016,826,8484,0,0.036435816
2016,826,8485,0,0.052640304
2016,251,8401,0,0.24286523
2016,251,8402,0,0.24260686
2016,251,8403,0,0.118982166
2016,251,8404,0,0.13550149
2016,251,8405,0,0.16061364
2016,251,8406,0,0.17941001
2016,251,8407,0,0.1088826
2016,251,8408,0,0.06959299
2016,251,8409,0,0.03413256
2016,251,8411,0,0.06702227
2016,251,8412,0,0.09788767
2016,251,8413,0,0.026964707
2016,251,8414,0,0.025199888
2016,251,8415,0,0.030598508
2016,251,8416,0,0.076764986
2016,251,8417,1,0.15219407
2016,251,8418,0,0.02934011
2016,251,8419,0,0.06040743
2016,251,8420,0,0.24887623
2016,251,8421,0,0.018284433
2016,251,8422,0,0.04108036
2016,251,8423,0,0.07113443
2016,251,8424,0,0.03208799
2016,251,8425,0,0.08633989
2016,251,8426,0,0.123342164
2016,251,8427,0,0.05276085
2016,251,8428,0,0.034082316
2016,251,8429,0,0.06736438
2016,251,8431,0,0.030775452
2016,251,8432,0,0.04051298
2016,251,8433,0,0.04303042
2016,251,8434,0,0.17945376
2016,251,8435,0,0.17439368
2016,251,8436,0,0.043110296
2016,251,8438,0,0.05139941
2016,251,8439,0,0.2250351
2016,251,8441,0,0.13562319
2016,251,8442,0,0.1797486
2016,251,8443,0,0.045048125
2016,251,8444,1,0.47734398
2016,251,8445,0,0.12691043
2016,251,8446,1,0.20903905
2016,251,8447,0,0.109717466
2016,251,8448,0,0.115687706
2016,251,8449,0,0.44376317
2016,251,8450,1,0.11281833
2016,251,8451,0,0.03376947
2016,251,8452,0,0.090525135
2016,251,8453,0,0.1371042
2016,251,8454,0,0.13281809
2016,251,8455,0,0.18368272
2016,251,8456,0,0.11312981
2016,251,8457,0,0.23505369
2016,251,8458,0,0.28638995
2016,251,8459,0,0.19717176
2016,251,8460,0,0.097101934
2016,251,8461,0,0.08812729
2016,251,8462,0,0.09027261
2016,251,8463,0,0.11832561
2016,251,8464,0,0.20135035
2016,251,8465,0,0.08210463
2016,251,8466,0,0.037110373
2016,251,8467,0,0.03773953
2016,251,8468,0,0.076887324
2016,251,8470,0,0.14492568
2016,251,8471,1,0.03875541
2016,251,8472,1,0.2075351
2016,251,8473,0,0.14414135
2016,251,8475,0,0.27960926
2016,251,8476,1,0.5375426
2016,251,8477,0,0.03368971
2016,251,8479,0,0.034647305
2016,251,8480,0,0.052865747
2016,251,8481,0,0.023397336
2016,251,8482,0,0.026746372
2016,251,8483,0,0.030433705
2016,251,8484,0,0.047455072
2016,251,8485,0,0.08052956
2016,490,8402,1,0.40740195
2016,490,8403,0,0.4686048
2016,490,8404,1,0.26581287
2016,490,8405,0,0.2789174
2016,490,8406,0,0.13824502
2016,490,8407,1,0.51085705
2016,490,8408,1,0.22513726
2016,490,8409,0,0.033443578
2016,490,8410,0,0.19080813
2016,490,8411,0,0.14496371
2016,490,8412,0,0.10635095
2016,490,8413,0,0.031467285
2016,490,8414,0,0.028020043
2016,490,8415,0,0.038821414
2016,490,8416,0,0.21620671
2016,490,8417,0,0.121861875
2016,490,8418,0,0.033465073
2016,490,8419,0,0.0947504
2016,490,8420,0,0.16572462
2016,490,8421,0,0.022653865
2016,490,8422,0,0.03451503
2016,490,8423,0,0.04911908
2016,490,8424,0,0.03322257
2016,490,8425,0,0.107098095
2016,490,8426,1,0.434044
2016,490,8427,0,0.078144774
2016,490,8428,0,0.06261719
2016,490,8429,0,0.2620644
2016,490,8430,0,0.16616358
2016,490,8431,0,0.05639361
2016,490,8432,0,0.15035878
2016,490,8433,0,0.09466824
2016,490,8434,0,0.13952692
2016,490,8435,0,0.1340614
2016,490,8436,0,0.08589978
2016,490,8437,0,0.06327679
2016,490,8438,0,0.04829303
2016,490,8439,0,0.09928554
2016,490,8440,0,0.21631937
2016,490,8441,0,0.08563118
2016,490,8442,0,0.14822114
2016,490,8443,0,0.028353516
2016,490,8444,0,0.27001965
2016,490,8445,0,0.15146682
2016,490,8446,0,0.27987874
2016,490,8447,0,0.103318706
2016,490,8448,0,0.068783335
2016,490,8449,0,0.30890614
2016,490,8450,0,0.16068824
2016,490,8451,0,0.11923144
2016,490,8452,0,0.035308313
2016,490,8453,0,0.20234801
2016,490,8454,0,0.18555641
2016,490,8455,0,0.15400754
2016,490,8456,1,0.24939594
2016,490,8457,0,0.13118751
2016,490,8458,0,0.08900783
2016,490,8459,0,0.113070644
2016,490,8460,0,0.13724604
2016,490,8461,0,0.12899506
2016,490,8462,0,0.09857584
2016,490,8463,0,0.09842994
2016,490,8464,0,0.2167129
2016,490,8465,0,0.13762192
2016,490,8466,0,0.05748422
2016,490,8467,0,0.03945527
2016,490,8468,0,0.09101551
2016,490,8470,0,0.12304422
2016,490,8471,1,0.028045574
2016,490,8472,0,0.08944946
2016,490,8473,0,0.11962611
2016,490,8474,0,0.082452424
2016,490,8475,0,0.5144418
2016,490,8476,0,0.13720164
2016,490,8477,0,0.02718335
2016,490,8478,0,0.23537767
2016,490,8479,0,0.06331008
2016,490,8480,0,0.033422515
2016,490,8481,0,0.03423027
2016,490,8482,0,0.026538594
2016,490,8483,0,0.043985173
2016,490,8484,0,0.02429998
2016,490,8485,0,0.110047266
2016,702,8402,1,0.61220515
2016,702,8403,1,0.22795549
2016,702,8404,1,0.51083255
2016,702,8406,1,0.5146233
2016,702,8407,1,0.17603217
2016,702,8409,0,0.062324613
2016,702,8410,1,0.24666813
2016,702,8411,0,0.10473045
2016,702,8412,0,0.08617213
2016,702,8413,0,0.050272696
2016,702,8414,0,0.021134483
2016,702,8416,1,0.21114686
2016,702,8417,1,0.7182443
2016,702,8418,0,0.09100663
2016,702,8419,0,0.093860365
2016,702,8420,1,0.23796311
2016,702,8421,0,0.033823904
2016,702,8422,0,0.07531612
2016,702,8423,0,0.15568522
2016,702,8424,0,0.070727676
2016,702,8425,0,0.1434419
2016,702,8426,1,0.15297166
2016,702,8427,0,0.18084802
2016,702,8428,0,0.10940744
2016,702,8430,0,0.09667754
2016,702,8431,0,0.053763207
2016,702,8432,0,0.30367535
2016,702,8433,0,0.20857911
2016,702,8435,0,0.4420856
2016,702,8436,0,0.14006181
2016,702,8437,1,0.183715
2016,702,8438,1,0.1374189
2016,702,8439,1,0.35779357
2016,702,8440,1,0.34790865
2016,702,8441,0,0.17750284
2016,702,8442,0,0.19619687
2016,702,8443,0,0.0470112
2016,702,8445,1,0.36622292
2016,702,8448,1,0.3675872
2016,702,8449,0,0.36566868
2016,702,8451,1,0.14586233
2016,702,8452,1,0.17021953
2016,702,8453,1,0.6476647
2016,702,8454,0,0.3434193
2016,702,8455,1,0.54528046
2016,702,8456,1,0.17232184
2016,702,8457,0,0.23756628
2016,702,8458,0,0.10213044
2016,702,8459,1,0.16831811
2016,702,8460,0,0.19497885
2016,702,8461,0,0.14107567
2016,702,8462,0,0.14268771
2016,702,8463,0,0.1622001
2016,702,8464,0,0.3577398
2016,702,8465,0,0.13521752
2016,702,8466,0,0.12845944
2016,702,8467,0,0.0625489
2016,702,8468,1,0.27050918
2016,702,8470,0,0.105158605
2016,702,8471,0,0.02142482
2016,702,8472,0,0.08491612
2016,702,8473,0,0.14263529
2016,702,8475,0,0.39473024
2016,702,8476,1,0.29302698
2016,702,8477,0,0.10684867
2016,702,8478,1,0.5408825
2016,702,8479,0,0.12563547
2016,702,8480,0,0.095697545
2016,702,8481,0,0.042069044
2016,702,8482,0,0.035977755
2016,702,8483,0,0.029581035
2016,702,8484,0,0.0547562
2016,528,8401,1,0.51035047
2016,528,8403,0,0.11689486
2016,528,8404,0,0.20079876
2016,528,8406,1,0.2598714
2016,528,8407,0,0.22310019
2016,528,8408,0,0.0559798
2016,528,8409,0,0.021509802
2016,528,8410,1,0.52668124
2016,528,8411,0,0.06607009
2016,528,8412,0,0.05151176
2016,528,8413,0,0.017043991
2016,528,8414,0,0.026336154
2016,528,8415,0,0.035319414
2016,528,8416,0,0.11225476
2016,528,8417,1,0.19379815
2016,528,8418,0,0.038815532
2016,528,8419,0,0.041807305
2016,528,8420,0,0.21458407
2016,528,8421,0,0.01595391
2016,528,8422,0,0.023106743
2016,528,8423,0,0.1068709
2016,528,8424,0,0.02293912
2016,528,8425,0,0.021628078
2016,528,8426,0,0.088554926
2016,528,8427,0,0.03681215
2016,528,8428,0,0.033464808
2016,528,8429,0,0.079134695
2016,528,8430,1,0.10011105
2016,528,8431,0,0.029294422
2016,528,8432,0,0.03972857
2016,528,8433,0,0.062560834
2016,528,8434,0,0.11423711
2016,528,8435,0,0.16079964
2016,528,8436,0,0.1022622
2016,528,8437,0,0.13820809
2016,528,8438,0,0.028319875
2016,528,8439,0,0.20058626
2016,528,8440,0,0.11285107
2016,528,8441,0,0.04813059
2016,528,8442,0,0.1423348
2016,528,8443,0,0.0405727
2016,528,8444,0,0.15422659
2016,528,8445,1,0.43635708
2016,528,8446,1,0.6873397
2016,528,8447,0,0.2350946
2016,528,8448,0,0.17767781
2016,528,8449,0,0.5002561
2016,528,8450,0,0.19198827
2016,528,8451,0,0.07197714
2016,528,8452,0,0.117531724
2016,528,8453,0,0.5688441
2016,528,8454,1,0.23487875
2016,528,8455,1,0.32437316
2016,528,8456,0,0.10892812
2016,528,8457,0,0.16356614
2016,528,8458,0,0.15663114
2016,528,8459,0,0.08585821
2016,528,8460,0,0.15131454
2016,528,8461,0,0.14580011
2016,528,8462,0,0.046780966
2016,528,8463,0,0.4302664
2016,528,8464,0,0.10865746
2016,528,8465,0,0.11540888
2016,528,8466,0,0.061548416
2016,528,8467,0,0.044422403
2016,528,8468,0,0.056277458
2016,528,8470,1,0.23903093
2016,528,8471,0,0.052534916
2016,528,8472,1,0.17608918
2016,528,8473,0,0.09879575
2016,528,8474,0,0.10576235
2016,528,8475,1,0.20079465
2016,528,8476,0,0.34739175
2016,528,8477,0,0.052564785
2016,528,8478,0,0.17242178
2016,528,8479,0,0.049229726
2016,528,8480,0,0.10854693
2016,528,8481,0,0.017970156
2016,528,8482,0,0.034530707
2016,528,8483,0,0.027115593
2016,528,8484,0,0.067089915
2016,528,8485,0,0.055611648
2016,410,8401,0,0.4937417
2016,410,8402,0,0.20822522
2016,410,8403,0,0.1719074
2016,410,8404,1,0.14957756
2016,410,8406,1,0.292651
2016,410,8407,0,0.0821952
2016,410,8408,0,0.071964316
2016,410,8409,0,0.023997474
2016,410,8410,1,0.35064316
2016,410,8411,0,0.063053854
2016,410,8412,0,0.07871369
2016,410,8413,0,0.027984034
2016,410,8414,0,0.02361782
2016,410,8415,0,0.026467303
2016,410,8416,1,0.39902833
2016,410,8417,1,0.64258003
2016,410,8418,0,0.047625557
2016,410,8419,1,0.065843046
2016,410,8420,0,0.25017723
2016,410,8421,0,0.03917982
2016,410,8422,0,0.05362846
2016,410,8423,0,0.0868348
2016,410,8424,1,0.043960135
2016,410,8425,0,0.09003348
2016,410,8426,0,0.06415464
2016,410,8427,0,0.04839657
2016,410,8428,0,0.060686033
2016,410,8429,0,0.043145128
2016,410,8431,0,0.03122943
2016,410,8432,0,0.20146148
2016,410,8433,0,0.09227168
2016,410,8434,0,0.2799538
2016,410,8435,0,0.1427514
2016,410,8436,0,0.09967123
2016,410,8437,0,0.07877784
2016,410,8438,0,0.113129176
2016,410,8439,1,0.22474705
2016,410,8440,0,0.33604267
2016,410,8441,0,0.05448189
2016,410,8442,0,0.5231537
2016,410,8443,0,0.041915424
2016,410,8444,1,0.3185052
2016,410,8445,0,0.34882304
2016,410,8446,0,0.2077011
2016,410,8447,0,0.12396348
2016,410,8448,0,0.085743345
2016,410,8449,1,0.5410321
2016,410,8450,0,0.06424419
2016,410,8451,0,0.05173465
2016,410,8452,0,0.07950346
2016,410,8453,0,0.22625303
2016,410,8454,1,0.73005193
2016,410,8455,0,0.1504025
2016,410,8456,1,0.16099995
2016,410,8457,0,0.14363872
2016,410,8458,0,0.0649871
2016,410,8459,0,0.08644663
2016,410,8460,0,0.17335962
2016,410,8461,1,0.22514632
2016,410,8462,0,0.16283941
2016,410,8463,0,0.09496845
2016,410,8464,0,0.35893133
2016,410,8465,0,0.13556948
2016,410,8466,0,0.06386155
2016,410,8467,0,0.048414964
2016,410,8468,0,0.26069027
2016,410,8470,1,0.20608874
2016,410,8471,1,0.039324414
2016,410,8472,1,0.09131418
2016,410,8473,0,0.11604308
2016,410,8474,1,0.31007588
2016,410,8475,0,0.5333058
2016,410,8476,1,0.20443122
2016,410,8477,0,0.046036623
2016,410,8478,0,0.54279876
2016,410,8479,0,0.07995116
2016,410,8480,0,0.045846578
2016,410,8481,0,0.027793664
2016,410,8482,0,0.027836822
2016,410,8483,0,0.03131666
2016,410,8484,0,0.057084534
2016,458,8404,0,0.34817111
2016,458,8405,0,0.61450464
2016,458,8407,0,0.39006436
2016,458,8408,0,0.11288789
2016,458,8409,0,0.122246176
2016,458,8410,1,0.54467845
2016,458,8411,0,0.09837541
2016,458,8412,0,0.17595938
2016,458,8413,0,0.0979455
2016,458,8414,0,0.03515045
2016,458,8415,0,0.03658073
2016,458,8416,0,0.21660177
2016,458,8417,1,0.33596575
2016,458,8418,0,0.0622187
2016,458,8419,0,0.0964131
2016,458,8420,1,0.43125626
2016,458,8421,0,0.033275265
2016,458,8422,1,0.16731526
2016,458,8423,0,0.15163529
2016,458,8424,0,0.10050807
2016,458,8425,0,0.14985952
2016,458,8426,0,0.1580214
2016,458,8427,0,0.23801167
2016,458,8428,0,0.08894307
2016,458,8430,1,0.5297118
2016,458,8431,1,0.11397082
2016,458,8432,0,0.6141855
2016,458,8433,1,0.32587627
2016,458,8435,0,0.2917079
2016,458,8436,0,0.096250065
2016,458,8437,0,0.31946623
2016,458,8439,1,0.5211783
2016,458,8441,0,0.10635712
2016,458,8442,0,0.3940511
2016,458,8443,0,0.07494883
2016,458,8444,1,0.61149466
2016,458,8445,1,0.6487635
2016,458,8446,1,0.3402993
2016,458,8447,0,0.548429
2016,458,8448,0,0.122962065
2016,458,8451,0,0.17940947
2016,458,8452,0,0.413567
2016,458,8453,0,0.26963225
2016,458,8454,0,0.20237115
2016,458,8455,0,0.26915738
2016,458,8456,0,0.20477852
2016,458,8457,0,0.17273794
2016,458,8458,0,0.19553356
2016,458,8459,0,0.13556151
2016,458,8460,1,0.54395586
2016,458,8462,0,0.2362994
2016,458,8463,0,0.15801814
2016,458,8464,0,0.1357134
2016,458,8465,0,0.2922283
2016,458,8466,0,0.20346883
2016,458,8467,0,0.076264925
2016,458,8468,0,0.13811906
2016,458,8469,1,0.2854054
2016,458,8470,0,0.17299432
2016,458,8471,1,0.023974478
2016,458,8472,1,0.2809311
2016,458,8473,0,0.16809657
2016,458,8474,0,0.099991694
2016,458,8475,0,0.27658495
2016,458,8476,0,0.33494973
2016,458,8477,1,0.10424467
2016,458,8479,0,0.102530584
2016,458,8480,0,0.08941486
2016,458,8481,0,0.0515686
2016,458,8482,0,0.064348646
2016,458,8484,0,0.1006514
2016,458,8485,0,0.16067556
2016,124,8401,0,0.6959172
2016,124,8402,0,0.31725228
2016,124,8403,0,0.15194081
2016,124,8404,0,0.2554779
2016,124,8405,0,0.5171152
2016,124,8406,0,0.28625095
2016,124,8407,0,0.13171428
2016,124,8408,0,0.17127377
2016,124,8409,0,0.04077057
2016,124,8410,1,0.23073602
2016,124,8411,0,0.054731883
2016,124,8412,0,0.07298333
2016,124,8413,0,0.040265862
2016,124,8414,0,0.044236172
2016,124,8415,0,0.08542404
2016,124,8416,0,0.22992794
2016,124,8417,0,0.14793868
2016,124,8418,0,0.07791821
2016,124,8419,0,0.094439246
2016,124,8420,0,0.25047368
2016,124,8421,0,0.030841567
2016,124,8422,0,0.07022888
2016,124,8423,0,0.18325897
2016,124,8424,0,0.07041041
2016,124,8425,0,0.07045414
2016,124,8426,0,0.22189812
2016,124,8427,0,0.16822068
2016,124,8428,0,0.045216855
2016,124,8429,0,0.1709102
2016,124,8430,0,0.20807444
2016,124,8431,0,0.085995674
2016,124,8432,0,0.17747642
2016,124,8433,0,0.08189503
2016,124,8434,0,0.2388461
2016,124,8435,1,0.29749805
2016,124,8436,0,0.08659017
2016,124,8437,0,0.5330262
2016,124,8438,0,0.09601508
2016,124,8439,0,0.21063435
2016,124,8440,0,0.3196309
2016,124,8441,0,0.183813
2016,124,8442,0,0.24150437
2016,124,8443,0,0.08627947
2016,124,8445,0,0.31843138
2016,124,8448,0,0.15782198
2016,124,8449,1,0.83689433
2016,124,8451,0,0.14355259
2016,124,8452,0,0.21591996
2016,124,8453,0,0.5037084
2016,124,8454,0,0.22620374
2016,124,8455,0,0.28034297
2016,124,8456,1,0.29381186
2016,124,8457,0,0.23768823
2016,124,8458,0,0.39206433
2016,124,8459,0,0.24609897
2016,124,8460,0,0.22521499
2016,124,8461,0,0.24123621
2016,124,8462,0,0.17319945
2016,124,8463,0,0.22048987
2016,124,8464,0,0.19837685
2016,124,8465,0,0.08650091
2016,124,8466,0,0.06757343
2016,124,8467,0,0.04710294
2016,124,8468,0,0.23030609
2016,124,8470,0,0.22657457
2016,124,8471,0,0.03128859
2016,124,8472,0,0.13963309
2016,124,8473,0,0.12646917
2016,124,8474,0,0.17629436
2016,124,8475,0,0.25008532
2016,124,8476,0,0.18847995
2016,124,8477,0,0.060873054
2016,124,8478,0,0.46746412
2016,124,8479,0,0.08365572
2016,124,8480,0,0.1216695
2016,124,8481,0,0.04160694
2016,124,8482,0,0.056266725
2016,124,8483,0,0.04487234
2016,124,8484,0,0.13429385
2016,124,8485,0,0.11826459
2016,484,8402,1,0.5218372
2016,484,8403,0,0.2432558
2016,484,8404,0,0.4352183
2016,484,8405,1,0.31854475
2016,484,8406,1,0.23947762
2016,484,8407,1,0.16497992
2016,484,8408,0,0.15315017
2016,484,8409,0,0.07750682
2016,484,8410,0,0.54693496
2016,484,8411,0,0.07981696
2016,484,8412,0,0.26752135
2016,484,8413,0,0.0550625
2016,484,8414,0,0.050638203
2016,484,8415,0,0.12239979
2016,484,8416,0,0.34011802
2016,484,8417,1,0.22604755
2016,484,8418,0,0.052570682
2016,484,8419,0,0.12057343
2016,484,8420,0,0.671107
2016,484,8421,0,0.05171838
2016,484,8423,0,0.15427701
2016,484,8424,0,0.10941213
2016,484,8425,0,0.08911702
2016,484,8426,0,0.25284663
2016,484,8427,0,0.5657973
2016,484,8428,0,0.11101331
2016,484,8429,0,0.33634347
2016,484,8430,0,0.24578603
2016,484,8431,0,0.10932058
2016,484,8432,0,0.14558175
2016,484,8433,0,0.1646106
2016,484,8434,0,0.2207463
2016,484,8436,0,0.176958
2016,484,8438,0,0.14774492
2016,484,8439,1,0.6633354
2016,484,8441,0,0.2897308
2016,484,8442,0,0.23328859
2016,484,8443,0,0.073547386
2016,484,8448,1,0.18060806
2016,484,8450,0,0.59639794
2016,484,8451,0,0.19038126
2016,484,8453,1,0.5087712
2016,484,8454,1,0.36532572
2016,484,8455,0,0.24219649
2016,484,8456,1,0.253248
2016,484,8457,0,0.27170056
2016,484,8458,1,0.32598895
2016,484,8459,0,0.23489112
2016,484,8460,0,0.1971799
2016,484,8461,0,0.40125683
2016,484,8462,0,0.1994592
2016,484,8464,1,0.57349735
2016,484,8465,0,0.21570665
2016,484,8466,0,0.17225628
2016,484,8467,0,0.12769283
2016,484,8468,0,0.17683357
2016,484,8470,0,0.19958663
2016,484,8471,0,0.061350487
2016,484,8472,0,0.19333103
2016,484,8473,0,0.15511625
2016,484,8474,0,0.20051558
2016,484,8476,0,0.21107975
2016,484,8477,0,0.13080105
2016,484,8479,0,0.1611897
2016,484,8480,1,0.17109358
2016,484,8481,0,0.06542577
2016,484,8482,0,0.094520785
2016,484,8483,0,0.067947544
2016,484,8484,0,0.17515893
2016,484,8485,0,0.5416183
2016,757,8403,0,0.21526518
2016,757,8404,0,0.34764105
2016,757,8405,0,0.1844719
2016,757,8406,1,0.23646103
2016,757,8407,0,0.22632729
2016,757,8408,0,0.24251205
2016,757,8409,0,0.043237884
2016,757,8411,0,0.06725387
2016,757,8412,0,0.10543385
2016,757,8413,0,0.034470003
2016,757,8414,0,0.022276344
2016,757,8415,0,0.10597921
2016,757,8416,0,0.23586604
2016,757,8417,0,0.15979652
2016,757,8418,0,0.06029982
2016,757,8419,0,0.03991931
2016,757,8420,0,0.24576499
2016,757,8421,0,0.017510558
2016,757,8422,0,0.029387224
2016,757,8423,0,0.05111874
2016,757,8424,0,0.046504036
2016,757,8425,0,0.06801877
2016,757,8426,1,0.41605502
2016,757,8427,0,0.15254082
2016,757,8428,0,0.061669268
2016,757,8429,0,0.19947082
2016,757,8430,0,0.2488331
2016,757,8431,0,0.037690554
2016,757,8432,0,0.1076747
2016,757,8433,0,0.20694238
2016,757,8434,0,0.24961068
2016,757,8435,0,0.24047354
2016,757,8436,0,0.18532762
2016,757,8437,1,0.3125625
2016,757,8438,0,0.031823482
2016,757,8439,0,0.2112962
2016,757,8440,0,0.18093899
2016,757,8441,0,0.07837749
2016,757,8442,0,0.13876651
2016,757,8443,0,0.044174694
2016,757,8444,1,0.4791321
2016,757,8445,0,0.21328053
2016,757,8446,0,0.08762089
2016,757,8447,0,0.26719168
2016,757,8448,0,0.050327227
2016,757,8449,0,0.27164054
2016,757,8450,0,0.16239287
2016,757,8451,1,0.04921458
2016,757,8452,0,0.10250447
2016,757,8453,1,0.16048196
2016,757,8454,0,0.18947648
2016,757,8455,1,0.18671057
2016,757,8456,0,0.08059637
2016,757,8457,0,0.20447491
2016,757,8458,0,0.13370809
2016,757,8459,0,0.18528692
2016,757,8460,0,0.12051913
2016,757,8461,0,0.21221295
2016,757,8462,0,0.12313893
2016,757,8463,0,0.099712364
2016,757,8464,0,0.16501619
2016,757,8465,0,0.09122522
2016,757,8466,0,0.057451617
2016,757,8467,0,0.054277524
2016,757,8468,0,0.12868316
2016,757,8470,1,0.18610421
2016,757,8471,1,0.02856181
2016,757,8472,1,0.17289542
2016,757,8473,0,0.10032436
2016,757,8474,0,0.14034936
2016,757,8475,0,0.15406954
2016,757,8476,0,0.20349358
2016,757,8477,0,0.05061588
2016,757,8479,0,0.052592922
2016,757,8480,0,0.10273489
2016,757,8481,0,0.027955586
2016,757,8482,0,0.036857717
2016,757,8483,0,0.043906037
2016,757,8484,0,0.047335662
2016,757,8485,0,0.05988177
2016,764,8402,0,0.46047127
2016,764,8403,0,0.21443737
2016,764,8404,0,0.13229607
2016,764,8405,0,0.38361222
2016,764,8406,0,0.22057877
2016,764,8407,0,0.10699517
2016,764,8408,0,0.3841616
2016,764,8409,0,0.02850456
2016,764,8411,0,0.11482605
2016,764,8412,0,0.2590133
2016,764,8413,0,0.035248995
2016,764,8414,0,0.027725037
2016,764,8415,0,0.019188996
2016,764,8416,1,0.64970815
2016,764,8417,1,0.35398084
2016,764,8418,0,0.2209977
2016,764,8419,1,0.10594214
2016,764,8420,1,0.38712862
2016,764,8421,0,0.017098567
2016,764,8422,0,0.09532125
2016,764,8424,0,0.055781823
2016,764,8425,0,0.170853
2016,764,8426,1,0.3694639
2016,764,8428,0,0.08784109
2016,764,8434,1,0.18926392
2016,764,8437,0,0.13549988
2016,764,8438,0,0.15193585
2016,764,8439,1,0.4741104
2016,764,8441,0,0.10168861
2016,764,8442,0,0.45398137
2016,764,8443,0,0.06050945
2016,764,8445,1,0.42614213
2016,764,8447,0,0.4353868
2016,764,8448,0,0.15027727
2016,764,8450,0,0.07049002
2016,764,8451,0,0.08596156
2016,764,8452,0,0.062214088
2016,764,8453,0,0.21988183
2016,764,8454,0,0.27130798
2016,764,8455,0,0.14542621
2016,764,8456,0,0.09618231
2016,764,8457,0,0.4449479
2016,764,8458,0,0.36988634
2016,764,8459,0,0.13418931
2016,764,8460,0,0.13604721
2016,764,8461,0,0.11638677
2016,764,8462,0,0.15257408
2016,764,8463,0,0.1740728
2016,764,8466,0,0.1362506
2016,764,8467,0,0.14790195
2016,764,8468,0,0.71616876
2016,764,8470,0,0.2716867
2016,764,8471,1,0.025997322
2016,764,8472,1,0.3786807
2016,764,8473,0,0.13760607
2016,764,8475,0,0.41195062
2016,764,8476,0,0.20481378
2016,764,8477,0,0.08426595
2016,764,8479,0,0.19195446
2016,764,8480,0,0.062241036
2016,764,8481,0,0.027080853
2016,764,8482,0,0.034881465
2016,764,8483,0,0.022746066
2016,764,8484,0,0.051338553
2016,764,8485,0,0.104501665
2016,752,8401,0,0.36759108
2016,752,8402,0,0.22074004
2016,752,8403,0,0.29718786
2016,752,8404,0,0.16293022
2016,752,8405,1,0.70204735
2016,752,8406,0,0.3223511
2016,752,8407,0,0.31848043
2016,752,8408,0,0.16861399
2016,752,8409,0,0.03864269
2016,752,8410,1,0.26868024
2016,752,8411,0,0.11454723
2016,752,8412,0,0.03909107
2016,752,8413,0,0.025045564
2016,752,8414,0,0.020588316
2016,752,8415,0,0.05731973
2016,752,8416,0,0.19502096
2016,752,8417,0,0.16925795
2016,752,8418,0,0.02967034
2016,752,8419,0,0.040206566
2016,752,8420,0,0.24171525
2016,752,8421,0,0.021490691
2016,752,8422,0,0.025748236
2016,752,8423,0,0.14049509
2016,752,8424,0,0.026190346
2016,752,8425,0,0.156421
2016,752,8426,0,0.11770403
2016,752,8427,0,0.07516515
2016,752,8428,0,0.03608141
2016,752,8429,0,0.04689864
2016,752,8430,0,0.10263581
2016,752,8431,0,0.021923373
2016,752,8432,0,0.08130978
2016,752,8433,0,0.09017496
2016,752,8434,0,0.12477783
2016,752,8436,0,0.12434069
2016,752,8437,0,0.1504222
2016,752,8438,0,0.044596765
2016,752,8439,0,0.17461085
2016,752,8440,0,0.22323522
2016,752,8441,0,0.12919046
2016,752,8442,0,0.22763298
2016,752,8443,0,0.06769221
2016,752,8446,1,0.6670195
2016,752,8447,0,0.52409714
2016,752,8448,0,0.19427761
2016,752,8450,0,0.1416286
2016,752,8451,0,0.17023474
2016,752,8452,0,0.2738111
2016,752,8453,0,0.5128111
2016,752,8454,1,0.45907843
2016,752,8455,0,0.118158
2016,752,8456,1,0.2679416
2016,752,8457,1,0.5261853
2016,752,8458,0,0.117740326
2016,752,8459,0,0.19294024
2016,752,8460,0,0.20994522
2016,752,8461,0,0.3237273
2016,752,8462,0,0.13081375
2016,752,8463,0,0.18028244
2016,752,8464,0,0.20749103
2016,752,8465,0,0.12708648
2016,752,8466,0,0.036085993
2016,752,8467,0,0.04551901
2016,752,8468,0,0.08209468
2016,752,8470,0,0.38477454
2016,752,8471,0,0.05871919
2016,752,8472,1,0.13728343
2016,752,8473,0,0.113082536
2016,752,8474,0,0.06950849
2016,752,8475,0,0.26463264
2016,752,8476,0,0.13579345
2016,752,8477,0,0.1036381
2016,752,8479,0,0.053447977
2016,752,8480,0,0.17878786
2016,752,8481,0,0.022854177
2016,752,8482,0,0.02850906
2016,752,8483,0,0.028672982
2016,752,8484,0,0.036766756
2016,752,8485,0,0.067806125
2016,372,8402,1,0.38702768
2016,372,8403,0,0.27465805
2016,372,8405,1,0.73459667
2016,372,8406,1,0.7003952
2016,372,8407,0,0.46027038
2016,372,8409,0,0.18084571
2016,372,8411,0,0.13517953
2016,372,8412,0,0.25920656
2016,372,8413,0,0.08781079
2016,372,8414,0,0.063510306
2016,372,8415,0,0.18703179
2016,372,8418,0,0.1627584
2016,372,8419,0,0.2770725
2016,372,8421,0,0.05222753
2016,372,8422,0,0.11241441
2016,372,8423,0,0.460839
2016,372,8424,1,0.23412843
2016,372,8425,1,0.31499246
2016,372,8426,0,0.1915483
2016,372,8427,0,0.26365814
2016,372,8428,0,0.18116045
2016,372,8429,0,0.29845735
2016,372,8430,0,0.25601366
2016,372,8431,0,0.12011289
2016,372,8432,0,0.31628543
2016,372,8433,0,0.1580808
2016,372,8434,0,0.31900376
2016,372,8436,0,0.2405852
2016,372,8437,0,0.5012942
2016,372,8438,0,0.41827586
2016,372,8441,1,0.36651918
2016,372,8443,0,0.12722036
2016,372,8448,0,0.32407078
2016,372,8450,1,0.41690537
2016,372,8451,1,0.33527246
2016,372,8456,0,0.40182453
2016,372,8458,1,0.4667904
2016,372,8459,0,0.35728016
2016,372,8462,1,0.33321804
2016,372,8463,0,0.27996716
2016,372,8464,1,0.69825006
2016,372,8465,1,0.40930507
2016,372,8466,0,0.25950366
2016,372,8467,0,0.27438515
2016,372,8468,0,0.34276345
2016,372,8470,0,0.22628535
2016,372,8471,1,0.033624552
2016,372,8472,0,0.6464363
2016,372,8473,0,0.08720747
2016,372,8474,0,0.2675081
2016,372,8475,0,0.33764827
2016,372,8476,1,0.33744544
2016,372,8477,1,0.21688332
2016,372,8479,0,0.20832211
2016,372,8480,0,0.18005408
2016,372,8481,1,0.08596568
2016,372,8484,0,0.11543256
2016,372,8485,0,0.13124059
2016,40,8401,1,0.5421542
2016,40,8402,1,0.19814108
2016,40,8403,0,0.1815194
2016,40,8404,0,0.2701529
2016,40,8405,1,0.2719907
2016,40,8406,1,0.2880771
2016,40,8407,0,0.16540848
2016,40,8408,0,0.26639506
2016,40,8409,0,0.07503965
2016,40,8410,0,0.33442733
2016,40,8411,0,0.10250032
2016,40,8412,0,0.11642937
2016,40,8413,0,0.025276378
2016,40,8414,1,0.03075818
2016,40,8415,0,0.08213744
2016,40,8416,0,0.14839703
2016,40,8417,1,0.3150855
2016,40,8418,0,0.057490733
2016,40,8419,0,0.045058403
2016,40,8420,0,0.2470415
2016,40,8421,0,0.021830527
2016,40,8422,0,0.067888126
2016,40,8423,0,0.10100139
2016,40,8424,0,0.040109612
2016,40,8425,0,0.076791584
2016,40,8426,0,0.1339973
2016,40,8427,0,0.15575835
2016,40,8428,0,0.24528903
2016,40,8429,0,0.11564611
2016,40,8430,0,0.18192676
2016,40,8431,0,0.035440605
2016,40,8432,0,0.07843295
2016,40,8433,0,0.07809857
2016,40,8434,1,0.36892882
2016,40,8435,0,0.15272446
2016,40,8436,0,0.10218627
2016,40,8437,0,0.094922975
2016,40,8438,0,0.041320432
2016,40,8439,0,0.12996884
2016,40,8440,0,0.22395498
2016,40,8441,0,0.087084696
2016,40,8442,0,0.15754484
2016,40,8443,0,0.060719095
2016,40,8444,1,0.2614561
2016,40,8445,1,0.43444392
2016,40,8446,0,0.51406336
2016,40,8447,0,0.22798887
2016,40,8448,0,0.14548977
2016,40,8449,0,0.554466
2016,40,8450,0,0.46086898
2016,40,8451,1,0.08998968
2016,40,8452,0,0.06276131
2016,40,8453,0,0.27252105
2016,40,8454,1,0.58575106
2016,40,8455,0,0.13698618
2016,40,8456,0,0.1600458
2016,40,8457,0,0.18030865
2016,40,8458,0,0.1242665
2016,40,8459,0,0.15190546
2016,40,8461,1,0.18796106
2016,40,8462,0,0.12363834
2016,40,8463,0,0.20151189
2016,40,8464,0,0.26361254
2016,40,8465,0,0.09195935
2016,40,8466,0,0.083395235
2016,40,8467,0,0.07120189
2016,40,8468,0,0.10967583
2016,40,8470,0,0.54599833
2016,40,8471,1,0.02869356
2016,40,8472,1,0.15339008
2016,40,8473,0,0.15452957
2016,40,8474,0,0.16821711
2016,40,8475,0,0.3679376
2016,40,8476,0,0.41829097
2016,40,8477,0,0.04323495
2016,40,8478,0,0.19082788
2016,40,8479,0,0.04131823
2016,40,8480,0,0.09553529
2016,40,8481,0,0.027146222
2016,40,8482,0,0.07747922
2016,40,8483,0,0.036645487
2016,40,8484,0,0.04860548
2016,40,8485,0,0.13885964
2016,724,8401,1,0.2733571
2016,724,8402,1,0.567531
2016,724,8403,0,0.19205752
2016,724,8404,0,0.21964274
2016,724,8405,1,0.49403736
2016,724,8406,0,0.14544696
2016,724,8407,0,0.11162374
2016,724,8408,0,0.17331289
2016,724,8409,0,0.02851848
2016,724,8410,1,0.14668992
2016,724,8411,0,0.06715243
2016,724,8412,0,0.18669711
2016,724,8413,0,0.022497453
2016,724,8414,0,0.02246622
2016,724,8415,0,0.045212783
2016,724,8416,0,0.14873384
2016,724,8417,0,0.28488114
2016,724,8418,0,0.029794129
2016,724,8419,0,0.042863376
2016,724,8420,0,0.11430313
2016,724,8421,0,0.022788677
2016,724,8422,0,0.019447748
2016,724,8423,0,0.03805222
2016,724,8424,0,0.03493581
2016,724,8425,1,0.130023
2016,724,8426,0,0.07350838
2016,724,8427,0,0.11565182
2016,724,8428,0,0.056512203
2016,724,8430,0,0.118149504
2016,724,8431,0,0.019770984
2016,724,8432,0,0.058937214
2016,724,8433,0,0.11738096
2016,724,8434,1,0.27060595
2016,724,8435,0,0.27279243
2016,724,8436,0,0.07592226
2016,724,8437,0,0.21590386
2016,724,8438,0,0.040429562
2016,724,8439,0,0.26456708
2016,724,8440,0,0.14172749
2016,724,8441,0,0.070998795
2016,724,8442,0,0.24662039
2016,724,8443,0,0.02881856
2016,724,8444,1,0.37871107
2016,724,8445,1,0.09430669
2016,724,8446,0,0.22637217
2016,724,8447,0,0.24565588
2016,724,8448,0,0.07001539
2016,724,8449,0,0.31178868
2016,724,8450,0,0.108131774
2016,724,8451,1,0.13191532
2016,724,8452,0,0.27330482
2016,724,8453,0,0.20786119
2016,724,8454,0,0.12896678
2016,724,8455,0,0.65167385
2016,724,8456,0,0.18563394
2016,724,8457,0,0.120744236
2016,724,8458,0,0.10703274
2016,724,8459,0,0.12774064
2016,724,8460,1,0.28624213
2016,724,8461,1,0.16574545
2016,724,8462,0,0.07325289
2016,724,8463,0,0.21669808
2016,724,8464,0,0.17554574
2016,724,8465,0,0.051871657
2016,724,8466,0,0.033904262
2016,724,8467,0,0.08781538
2016,724,8468,0,0.16901632
2016,724,8470,0,0.10567581
2016,724,8471,0,0.043377876
2016,724,8472,1,0.15398535
2016,724,8473,0,0.12165173
2016,724,8474,0,0.070583165
2016,724,8475,0,0.32451713
2016,724,8476,0,0.19334699
2016,724,8477,0,0.064176485
2016,724,8478,0,0.12970524
2016,724,8479,0,0.26442263
2016,724,8480,0,0.089959495
2016,724,8481,0,0.02030406
2016,724,8482,0,0.041584555
2016,724,8483,0,0.03510148
2016,724,8484,0,0.03826376
2016,724,8485,0,0.105371445
2017,842,8401,1,0.20020127
2017,842,8402,0,0.11875235
2017,842,8403,0,0.1129773
2017,842,8404,1,0.17359187
2017,842,8405,0,0.12704122
2017,842,8406,1,0.14522746
2017,842,8407,0,0.11060233
2017,842,8408,0,0.21217905
2017,842,8409,0,0.031803593
2017,842,8410,0,0.16164199
2017,842,8411,0,0.052298337
2017,842,8412,0,0.039567906
2017,842,8413,0,0.03438348
2017,842,8414,0,0.033707086
2017,842,8415,0,0.06119928
2017,842,8416,0,0.07076321
2017,842,8417,0,0.09734294
2017,842,8418,0,0.05881751
2017,842,8419,0,0.06214787
2017,842,8420,0,0.09295742
2017,842,8421,0,0.03700792
2017,842,8422,0,0.036325894
2017,842,8423,0,0.042388543
2017,842,8424,0,0.039824314
2017,842,8425,0,0.03606172
2017,842,8426,0,0.13684097
2017,842,8427,0,0.05790576
2017,842,8428,0,0.050491773
2017,842,8429,0,0.070847884
2017,842,8431,0,0.06020385
2017,842,8432,0,0.06692031
2017,842,8433,0,0.042898055
2017,842,8434,0,0.1592607
2017,842,8435,0,0.17367236
2017,842,8436,0,0.049006857
2017,842,8437,0,0.10596208
2017,842,8438,0,0.047988374
2017,842,8439,0,0.16153161
2017,842,8440,1,0.21589436
2017,842,8441,0,0.07511122
2017,842,8442,0,0.18092823
2017,842,8443,0,0.019867264
2017,842,8444,1,0.37161064
2017,842,8445,0,0.15301658
2017,842,8446,0,0.40403613
2017,842,8447,1,0.23525497
2017,842,8448,0,0.07119059
2017,842,8449,1,0.5811832
2017,842,8450,0,0.075236365
2017,842,8451,0,0.054638747
2017,842,8452,0,0.080329
2017,842,8453,0,0.18462804
2017,842,8454,0,0.14570981
2017,842,8455,0,0.14067475
2017,842,8456,0,0.09377934
2017,842,8457,0,0.17401546
2017,842,8458,0,0.11895749
2017,842,8459,0,0.09275262
2017,842,8460,0,0.07581711
2017,842,8461,0,0.096638836
2017,842,8462,0,0.08707264
2017,842,8463,0,0.09241793
2017,842,8464,0,0.107882865
2017,842,8465,0,0.04825605
2017,842,8466,0,0.026714874
2017,842,8467,0,0.02413758
2017,842,8468,0,0.1128507
2017,842,8470,1,0.23470278
2017,842,8471,0,0.054543972
2017,842,8472,0,0.055503413
2017,842,8473,0,0.07255744
2017,842,8474,0,0.08745574
2017,842,8475,0,0.19009486
2017,842,8476,0,0.11146576
2017,842,8477,0,0.036943287
2017,842,8478,0,0.16548587
2017,842,8479,0,0.063516095
2017,842,8480,0,0.22718632
2017,842,8481,0,0.03198384
2017,842,8482,0,0.020906165
2017,842,8483,0,0.031542853
2017,842,8484,0,0.037145354
2017,842,8485,0,0.05414201
2017,276,8401,0,0.20612285
2017,276,8402,0,0.089365214
2017,276,8403,0,0.06694558
2017,276,8404,1,0.17954083
2017,276,8405,0,0.21474065
2017,276,8406,1,0.41885555
2017,276,8407,0,0.06397645
2017,276,8408,0,0.036694743
2017,276,8409,0,0.024720827
2017,276,8410,1,0.3268754
2017,276,8411,0,0.042346563
2017,276,8412,0,0.04035566
2017,276,8413,0,0.026735138
2017,276,8414,0,0.016769074
2017,276,8415,0,0.029603153
2017,276,8416,0,0.04918206
2017,276,8417,0,0.069831215
2017,276,8418,0,0.033540614
2017,276,8419,0,0.047942135
2017,276,8420,0,0.09032371
2017,276,8421,0,0.013302503
2017,276,8422,0,0.029209299
2017,276,8423,0,0.0378402
2017,276,8424,0,0.04010509
2017,276,8425,0,0.037707973
2017,276,8426,0,0.08559768
2017,276,8427,0,0.037730843
2017,276,8428,0,0.03287979
2017,276,8429,0,0.030160459
2017,276,8430,0,0.06309803
2017,276,8431,0,0.017974027
2017,276,8432,0,0.043204084
2017,276,8433,0,0.035689026
2017,276,8434,0,0.06744577
2017,276,8435,0,0.18177837
2017,276,8436,0,0.030383665
2017,276,8437,0,0.056868773
2017,276,8438,0,0.039444525
2017,276,8439,0,0.14990373
2017,276,8440,0,0.059875272
2017,276,8441,0,0.054872002
2017,276,8442,1,0.07106355
2017,276,8443,0,0.028687287
2017,276,8444,0,0.36046547
2017,276,8445,0,0.16550495
2017,276,8446,0,0.16315946
2017,276,8447,1,0.08991412
2017,276,8448,0,0.040388886
2017,276,8449,1,0.12347011
2017,276,8450,0,0.07798907
2017,276,8451,0,0.042082243
2017,276,8452,0,0.031019343
2017,276,8453,0,0.07061721
2017,276,8454,0,0.10900018
2017,276,8455,0,0.09865473
2017,276,8456,0,0.070122674
2017,276,8457,0,0.14415433
2017,276,8458,0,0.0626877
2017,276,8459,0,0.08347272
2017,276,8460,0,0.07231058
2017,276,8461,0,0.100338295
2017,276,8462,0,0.05990109
2017,276,8463,0,0.127443
2017,276,8464,0,0.05931724
2017,276,8465,0,0.054344803
2017,276,8466,0,0.019550402
2017,276,8467,0,0.03372257
2017,276,8468,0,0.059155103
2017,276,8470,0,0.09309715
2017,276,8471,0,0.02097829
2017,276,8472,0,0.05335956
2017,276,8473,0,0.09191841
2017,276,8474,0,0.05625386
2017,276,8475,0,0.16551909
2017,276,8476,0,0.13490945
2017,276,8477,0,0.036391538
2017,276,8478,0,0.06662399
2017,276,8479,0,0.030842148
2017,276,8480,0,0.042351406
2017,276,8481,0,0.036177352
2017,276,8482,0,0.02156915
2017,276,8483,0,0.02309933
2017,276,8484,0,0.033870254
2017,276,8485,0,0.029541034
2017,392,8401,0,0.36884087
2017,392,8402,0,0.36519507
2017,392,8403,0,0.2000051
2017,392,8404,0,0.27828848
2017,392,8405,0,0.1916984
2017,392,8406,1,0.18150763
2017,392,8407,0,0.064880714
2017,392,8408,0,0.054597285
2017,392,8409,0,0.023984527
2017,392,8411,0,0.06947715
2017,392,8412,0,0.06778895
2017,392,8413,0,0.033445098
2017,392,8414,0,0.024219124
2017,392,8415,0,0.037907448
2017,392,8416,0,0.1623796
2017,392,8417,0,0.12985697
2017,392,8418,0,0.053363856
2017,392,8419,0,0.055683732
2017,392,8420,0,0.20778812
2017,392,8421,0,0.022605995
2017,392,8422,0,0.034242608
2017,392,8423,0,0.07027035
2017,392,8424,0,0.036827024
2017,392,8425,0,0.051781464
2017,392,8426,0,0.12069366
2017,392,8427,0,0.0273723
2017,392,8428,0,0.061756838
2017,392,8429,0,0.06656599
2017,392,8430,0,0.09532629
2017,392,8431,0,0.03129646
2017,392,8432,1,0.126598
2017,392,8433,0,0.06837553
2017,392,8434,1,0.49098465
2017,392,8435,1,0.4210901
2017,392,8436,0,0.09381817
2017,392,8437,0,0.129425
2017,392,8438,0,0.056852154
2017,392,8439,0,0.18187113
2017,392,8440,0,0.17378236
2017,392,8441,0,0.07186969
2017,392,8442,0,0.1761179
2017,392,8443,0,0.039289787
2017,392,8444,1,0.36315227
2017,392,8445,0,0.2207769
2017,392,8446,0,0.19417247
2017,392,8447,1,0.14174682
2017,392,8448,0,0.06445067
2017,392,8449,1,0.26391807
2017,392,8450,0,0.14452513
2017,392,8451,0,0.07071658
2017,392,8452,0,0.030782329
2017,392,8453,1,0.1370907
2017,392,8454,0,0.17680418
2017,392,8455,0,0.18142858
2017,392,8456,0,0.090012796
2017,392,8457,0,0.1539305
2017,392,8458,0,0.11602922
2017,392,8459,0,0.09240514
2017,392,8460,0,0.10181016
2017,392,8461,0,0.15313269
2017,392,8462,0,0.10600036
2017,392,8463,0,0.120742895
2017,392,8464,0,0.17422147
2017,392,8465,0,0.084641404
2017,392,8466,0,0.03535121
2017,392,8467,0,0.03020365
2017,392,8468,0,0.11539225
2017,392,8469,1,0.27264667
2017,392,8470,0,0.15341024
2017,392,8471,0,0.02914484
2017,392,8472,1,0.076628335
2017,392,8473,0,0.08875008
2017,392,8474,0,0.066406325
2017,392,8475,0,0.23383161
2017,392,8476,0,0.20036674
2017,392,8477,0,0.045608025
2017,392,8478,0,0.4706225
2017,392,8479,0,0.087618984
2017,392,8480,0,0.06301029
2017,392,8481,0,0.039198905
2017,392,8482,0,0.019418621
2017,392,8483,0,0.021224013
2017,392,8484,0,0.036598533
2017,392,8485,0,0.046723768
2017,156,8401,0,0.27256802
2017,156,8402,0,0.0722495
2017,156,8403,0,0.026069684
2017,156,8404,0,0.1993212
2017,156,8405,0,0.13520546
2017,156,8406,1,0.11167259
2017,156,8407,0,0.033337276
2017,156,8408,0,0.023844745
2017,156,8409,0,0.012005558
2017,156,8411,0,0.03339883
2017,156,8412,0,0.026198387
2017,156,8413,0,0.015480478
2017,156,8414,0,0.015035036
2017,156,8415,0,0.028874809
2017,156,8416,0,0.05984468
2017,156,8417,0,0.046951294
2017,156,8418,0,0.033502217
2017,156,8419,0,0.055343088
2017,156,8420,0,0.072563715
2017,156,8421,0,0.012213074
2017,156,8422,0,0.013507912
2017,156,8423,0,0.030277938
2017,156,8424,0,0.023708805
2017,156,8425,0,0.029005228
2017,156,8426,0,0.054966584
2017,156,8427,0,0.01721026
2017,156,8428,0,0.025489045
2017,156,8431,0,0.015527845
2017,156,8432,0,0.017638769
2017,156,8433,0,0.024458056
2017,156,8434,0,0.063434385
2017,156,8436,0,0.019920813
2017,156,8439,0,0.07818566
2017,156,8440,0,0.064343415
2017,156,8441,0,0.06723607
2017,156,8442,0,0.053228565
2017,156,8443,0,0.026446486
2017,156,8444,0,0.09784906
2017,156,8445,0,0.04950614
2017,156,8446,0,0.14957121
2017,156,8447,0,0.060516078
2017,156,8448,0,0.016004167
2017,156,8449,0,0.14063531
2017,156,8450,0,0.056510054
2017,156,8451,0,0.02841608
2017,156,8452,0,0.023003923
2017,156,8453,0,0.03574212
2017,156,8454,0,0.09604668
2017,156,8455,0,0.073615745
2017,156,8456,0,0.019254923
2017,156,8457,0,0.040409774
2017,156,8458,0,0.027747838
2017,156,8459,0,0.030438278
2017,156,8460,0,0.018004652
2017,156,8461,0,0.029017776
2017,156,8462,0,0.026104502
2017,156,8463,0,0.0284142
2017,156,8464,0,0.067566834
2017,156,8465,0,0.07853434
2017,156,8466,0,0.016151108
2017,156,8467,0,0.015894916
2017,156,8468,0,0.040466703
2017,156,8470,0,0.052926213
2017,156,8471,0,0.02859952
2017,156,8472,0,0.031937238
2017,156,8473,0,0.04507786
2017,156,8475,0,0.069775455
2017,156,8476,0,0.07437642
2017,156,8477,0,0.023022855
2017,156,8479,0,0.013204082
2017,156,8480,0,0.03308499
2017,156,8481,0,0.021094916
2017,156,8482,0,0.010522302
2017,156,8483,0,0.014912197
2017,156,8484,0,0.019581497
2017,380,8401,1,0.5235783
2017,380,8402,0,0.377579
2017,380,8403,0,0.058666267
2017,380,8404,0,0.19755787
2017,380,8405,0,0.16721721
2017,380,8406,0,0.16644278
2017,380,8407,0,0.13834044
2017,380,8408,0,0.04117294
2017,380,8409,0,0.020553473
2017,380,8411,0,0.058581006
2017,380,8412,0,0.0555219
2017,380,8413,0,0.023929158
2017,380,8414,0,0.019189222
2017,380,8415,0,0.04313462
2017,380,8416,0,0.12078917
2017,380,8417,0,0.105587445
2017,380,8418,0,0.034890782
2017,380,8419,0,0.04736529
2017,380,8420,0,0.11016197
2017,380,8421,0,0.020767808
2017,380,8422,0,0.027203565
2017,380,8423,0,0.047727626
2017,380,8424,0,0.029279632
2017,380,8425,0,0.045734365
2017,380,8426,0,0.06559959
2017,380,8427,0,0.029556155
2017,380,8428,0,0.037089303
2017,380,8429,0,0.030150766
2017,380,8430,0,0.10416891
2017,380,8431,0,0.021531224
2017,380,8432,0,0.024902543
2017,380,8433,0,0.028918875
2017,380,8434,0,0.06809981
2017,380,8435,0,0.09572021
2017,380,8436,0,0.033302628
2017,380,8437,0,0.17229308
2017,380,8438,0,0.045056473
2017,380,8439,0,0.10725238
2017,380,8440,0,0.16017377
2017,380,8441,0,0.057631347
2017,380,8442,0,0.111556515
2017,380,8443,0,0.021294506
2017,380,8444,0,0.13826993
2017,380,8445,0,0.15691137
2017,380,8446,0,0.25288206
2017,380,8447,0,0.12202938
2017,380,8448,0,0.051717315
2017,380,8449,0,0.23840468
2017,380,8450,0,0.053924825
2017,380,8451,0,0.027367996
2017,380,8453,0,0.052846745
2017,380,8454,0,0.11074472
2017,380,8455,0,0.14230788
2017,380,8456,0,0.08122172
2017,380,8457,0,0.07744653
2017,380,8458,0,0.055870734
2017,380,8459,0,0.07646257
2017,380,8460,0,0.057902984
2017,380,8461,0,0.055407345
2017,380,8462,0,0.04689729
2017,380,8463,0,0.08206752
2017,380,8464,0,0.08798242
2017,380,8465,0,0.04918417
2017,380,8466,0,0.021961672
2017,380,8467,0,0.029987026
2017,380,8468,0,0.14225455
2017,380,8470,0,0.1679745
2017,380,8471,0,0.029315548
2017,380,8472,0,0.10030733
2017,380,8473,0,0.09629651
2017,380,8474,0,0.081844054
2017,380,8475,0,0.073812954
2017,380,8476,0,0.11365371
2017,380,8477,0,0.025479525
2017,380,8478,0,0.18610701
2017,380,8479,0,0.028012045
2017,380,8480,0,0.052833565
2017,380,8481,0,0.025948226
2017,380,8482,0,0.024841568
2017,380,8483,0,0.030135436
2017,380,8484,0,0.0719765
2017,380,8485,0,0.035907783
2017,826,8401,0,0.25435406
2017,826,8402,0,0.11183089
2017,826,8403,0,0.38902608
2017,826,8404,0,0.15871014
2017,826,8405,1,0.5538603
2017,826,8406,0,0.14273551
2017,826,8407,0,0.10707229
2017,826,8408,0,0.11803866
2017,826,8409,0,0.01808873
2017,826,8410,0,0.14845663
2017,826,8411,0,0.04130095
2017,826,8412,0,0.079708144
2017,826,8413,0,0.027273726
2017,826,8414,0,0.020749943
2017,826,8415,0,0.056178194
2017,826,8416,0,0.156989
2017,826,8417,0,0.06562719
2017,826,8418,0,0.03778029
2017,826,8419,0,0.076556936
2017,826,8420,0,0.19697107
2017,826,8421,0,0.021372234
2017,826,8422,0,0.035886865
2017,826,8423,0,0.047230344
2017,826,8424,0,0.034497317
2017,826,8425,0,0.08828324
2017,826,8426,0,0.08391718
2017,826,8427,0,0.030958725
2017,826,8428,0,0.029320719
2017,826,8429,0,0.021400327
2017,826,8430,0,0.24489252
2017,826,8431,0,0.11761718
2017,826,8432,0,0.031570658
2017,826,8433,0,0.05745333
2017,826,8434,0,0.16510028
2017,826,8435,0,0.5554435
2017,826,8436,0,0.055671446
2017,826,8437,0,0.07206627
2017,826,8438,0,0.041679073
2017,826,8439,0,0.18148613
2017,826,8440,0,0.16681126
2017,826,8441,0,0.09800364
2017,826,8442,0,0.11185097
2017,826,8443,0,0.038170017
2017,826,8444,0,0.312931
2017,826,8445,0,0.2041506
2017,826,8446,0,0.56572396
2017,826,8447,0,0.1291317
2017,826,8448,0,0.05735212
2017,826,8449,0,0.6516034
2017,826,8450,0,0.11552562
2017,826,8451,0,0.076358065
2017,826,8453,0,0.13345341
2017,826,8454,0,0.18907885
2017,826,8455,0,0.18135983
2017,826,8456,0,0.103424825
2017,826,8457,0,0.22733998
2017,826,8458,0,0.14371714
2017,826,8459,0,0.09713779
2017,826,8460,0,0.05554186
2017,826,8461,0,0.18103223
2017,826,8462,0,0.12945053
2017,826,8463,0,0.117510624
2017,826,8464,0,0.11645066
2017,826,8465,0,0.0741682
2017,826,8466,0,0.02240094
2017,826,8467,0,0.02717984
2017,826,8468,0,0.16380769
2017,826,8470,0,0.21314843
2017,826,8471,0,0.028827602
2017,826,8472,0,0.06299789
2017,826,8473,0,0.083203256
2017,826,8474,0,0.06713992
2017,826,8475,0,0.15474148
2017,826,8476,0,0.1478244
2017,826,8477,0,0.028979758
2017,826,8478,1,0.1643854
2017,826,8479,0,0.029830057
2017,826,8480,0,0.09620172
2017,826,8481,0,0.047970317
2017,826,8482,0,0.017003926
2017,826,8483,0,0.021744149
2017,826,8484,0,0.035981633
2017,826,8485,0,0.039131723
2017,251,8401,1,0.61958885
2017,251,8403,0,0.13780175
2017,251,8404,0,0.2611334
2017,251,8405,1,0.45794544
2017,251,8406,1,0.22133288
2017,251,8407,0,0.13091604
2017,251,8408,0,0.056330055
2017,251,8409,0,0.025863018
2017,251,8411,0,0.06322685
2017,251,8412,0,0.10552493
2017,251,8413,0,0.043584228
2017,251,8414,0,0.031253792
2017,251,8415,0,0.04516762
2017,251,8416,0,0.2470549
2017,251,8417,0,0.12941833
2017,251,8418,0,0.05724007
2017,251,8419,0,0.052094594
2017,251,8420,0,0.18054894
2017,251,8421,0,0.03231703
2017,251,8422,0,0.043188516
2017,251,8424,0,0.07790218
2017,251,8425,0,0.0403641
2017,251,8426,0,0.1380559
2017,251,8427,0,0.03977341
2017,251,8428,0,0.05209949
2017,251,8429,0,0.05157877
2017,251,8430,0,0.09478748
2017,251,8431,0,0.031134846
2017,251,8432,0,0.03482321
2017,251,8433,0,0.03393658
2017,251,8434,0,0.11576936
2017,251,8435,0,0.1645718
2017,251,8436,0,0.057061236
2017,251,8438,0,0.063592106
2017,251,8439,0,0.144173
2017,251,8441,0,0.12001631
2017,251,8442,1,0.178385
2017,251,8443,0,0.036493078
2017,251,8444,0,0.15795511
2017,251,8445,0,0.18863912
2017,251,8446,0,0.1345053
2017,251,8447,0,0.43860966
2017,251,8448,0,0.07312
2017,251,8449,0,0.2100223
2017,251,8450,0,0.12207693
2017,251,8451,0,0.045348696
2017,251,8453,0,0.2574762
2017,251,8454,0,0.15745702
2017,251,8455,0,0.16925634
2017,251,8456,0,0.13954948
2017,251,8457,1,0.138551
2017,251,8458,0,0.2084513
2017,251,8459,0,0.12247319
2017,251,8460,0,0.11097315
2017,251,8461,0,0.09705205
2017,251,8462,0,0.10288029
2017,251,8463,0,0.21510875
2017,251,8464,0,0.16713385
2017,251,8465,0,0.14320068
2017,251,8466,0,0.032976825
2017,251,8467,0,0.07502601
2017,251,8468,1,0.20263666
2017,251,8470,0,0.115954414
2017,251,8471,0,0.02513724
2017,251,8472,1,0.09782133
2017,251,8473,0,0.10381469
2017,251,8475,0,0.17458853
2017,251,8476,0,0.11548166
2017,251,8477,0,0.052018482
2017,251,8478,0,0.34374887
2017,251,8479,0,0.038321137
2017,251,8480,0,0.059958912
2017,251,8481,0,0.03473297
2017,251,8482,0,0.025879223
2017,251,8483,0,0.036024276
2017,251,8484,0,0.07620428
2017,251,8485,0,0.08308214
2017,490,8402,1,0.19322968
2017,490,8403,1,0.67251205
2017,490,8404,1,0.19841437
2017,490,8405,0,0.51478314
2017,490,8406,1,0.7151234
2017,490,8407,0,0.17624724
2017,490,8408,0,0.080645114
2017,490,8409,0,0.020774089
2017,490,8410,0,0.7396456
2017,490,8411,0,0.09501026
2017,490,8412,0,0.086575456
2017,490,8413,0,0.0443704
2017,490,8414,0,0.0285667
2017,490,8415,0,0.054887008
2017,490,8416,0,0.14423378
2017,490,8417,0,0.18454465
2017,490,8418,0,0.03538036
2017,490,8419,0,0.047365658
2017,490,8420,0,0.44556245
2017,490,8421,0,0.027504554
2017,490,8422,0,0.030519282
2017,490,8423,0,0.07630639
2017,490,8424,0,0.052011605
2017,490,8425,0,0.08312305
2017,490,8426,1,0.1451942
2017,490,8427,0,0.086070195
2017,490,8428,0,0.087946676
2017,490,8429,0,0.44323185
2017,490,8430,0,0.15599543
2017,490,8431,0,0.050430074
2017,490,8432,0,0.13216731
2017,490,8433,0,0.085973226
2017,490,8434,0,0.26599836
2017,490,8435,1,0.29109126
2017,490,8436,0,0.10118013
2017,490,8437,0,0.090843454
2017,490,8438,0,0.04643989
2017,490,8439,0,0.19378103
2017,490,8440,0,0.38389185
2017,490,8441,0,0.054891337
2017,490,8442,0,0.22934856
2017,490,8443,0,0.04590978
2017,490,8444,0,0.29762483
2017,490,8445,1,0.16727431
2017,490,8446,0,0.17572251
2017,490,8447,0,0.07731352
2017,490,8448,0,0.06967294
2017,490,8449,1,0.525762
2017,490,8450,1,0.1392595
2017,490,8451,0,0.09738462
2017,490,8452,0,0.0346398
2017,490,8453,0,0.15094063
2017,490,8454,0,0.1981832
2017,490,8455,0,0.114009656
2017,490,8456,0,0.122378364
2017,490,8457,0,0.10757524
2017,490,8458,0,0.08554234
2017,490,8459,0,0.18528154
2017,490,8460,0,0.095236495
2017,490,8461,0,0.10744189
2017,490,8462,0,0.08639193
2017,490,8463,0,0.11858795
2017,490,8464,0,0.16514085
2017,490,8465,0,0.07794167
2017,490,8466,0,0.048446245
2017,490,8467,0,0.06433562
2017,490,8468,0,0.18065372
2017,490,8470,0,0.109705254
2017,490,8471,0,0.033404686
2017,490,8472,0,0.098183535
2017,490,8473,0,0.10093175
2017,490,8474,0,0.098333605
2017,490,8475,0,0.5402945
2017,490,8476,0,0.18395247
2017,490,8477,0,0.026251541
2017,490,8478,1,0.1603605
2017,490,8479,0,0.10644652
2017,490,8480,0,0.041097127
2017,490,8481,0,0.044274706
2017,490,8482,0,0.01956647
2017,490,8483,0,0.039279044
2017,490,8484,0,0.02983352
2017,490,8485,1,0.08639713
2017,702,8402,0,0.23461217
2017,702,8407,0,0.0864272
2017,702,8408,0,0.19032446
2017,702,8410,0,0.22541393
2017,702,8411,0,0.07954531
2017,702,8412,0,0.09701643
2017,702,8413,0,0.033048786
2017,702,8414,0,0.019157222
2017,702,8416,0,0.1642982
2017,702,8417,0,0.18659599
2017,702,8418,0,0.08295445
2017,702,8419,0,0.07008084
2017,702,8420,0,0.14908928
2017,702,8421,0,0.025587626
2017,702,8422,0,0.06419705
2017,702,8423,0,0.113019235
2017,702,8424,0,0.06438546
2017,702,8425,1,0.17222823
2017,702,8426,0,0.07679907
2017,702,8428,0,0.079042144
2017,702,8430,0,0.13255389
2017,702,8431,0,0.056946415
2017,702,8432,1,0.35541424
2017,702,8433,0,0.5172493
2017,702,8434,0,0.4995392
2017,702,8435,1,0.5044287
2017,702,8436,0,0.13337056
2017,702,8437,0,0.12900952
2017,702,8439,0,0.22701143
2017,702,8441,1,0.53544134
2017,702,8442,0,0.23425098
2017,702,8443,0,0.043712087
2017,702,8445,0,0.300883
2017,702,8448,1,0.25363922
2017,702,8449,0,0.533202
2017,702,8451,0,0.10911219
2017,702,8452,0,0.18074667
2017,702,8453,1,0.17365418
2017,702,8454,0,0.19429788
2017,702,8455,1,0.2695247
2017,702,8456,0,0.10164327
2017,702,8457,0,0.31074572
2017,702,8458,0,0.11927413
2017,702,8459,0,0.12016928
2017,702,8460,0,0.12579519
2017,702,8461,1,0.33851656
2017,702,8462,0,0.11813169
2017,702,8463,0,0.22132671
2017,702,8464,0,0.22968695
2017,702,8465,0,0.16564967
2017,702,8466,0,0.18711694
2017,702,8467,0,0.084639214
2017,702,8468,1,0.13097815
2017,702,8470,0,0.11335602
2017,702,8471,1,0.021272162
2017,702,8473,0,0.055878308
2017,702,8474,0,0.08161876
2017,702,8475,0,0.42016914
2017,702,8477,0,0.06598107
2017,702,8478,1,0.29359546
2017,702,8479,0,0.08787069
2017,702,8480,0,0.12180537
2017,702,8481,0,0.045259923
2017,702,8482,0,0.03700278
2017,702,8483,0,0.024282467
2017,702,8484,0,0.055270802
2017,702,8485,0,0.062809244
2017,528,8401,1,0.20849766
2017,528,8403,0,0.09731529
2017,528,8404,1,0.45975712
2017,528,8405,1,0.23264256
2017,528,8407,0,0.2076028
2017,528,8408,0,0.06622926
2017,528,8409,0,0.024792956
2017,528,8410,1,0.25274345
2017,528,8411,0,0.11837904
2017,528,8412,0,0.042140946
2017,528,8413,0,0.024976626
2017,528,8414,0,0.026057648
2017,528,8415,0,0.037633028
2017,528,8416,0,0.16044548
2017,528,8417,0,0.12844059
2017,528,8418,0,0.04603833
2017,528,8419,0,0.042560805
2017,528,8420,0,0.18342763
2017,528,8421,0,0.015104907
2017,528,8422,0,0.03749731
2017,528,8423,0,0.061643478
2017,528,8424,0,0.04247196
2017,528,8425,0,0.053199638
2017,528,8426,0,0.12744598
2017,528,8427,0,0.02578999
2017,528,8428,0,0.039564267
2017,528,8429,0,0.04666424
2017,528,8430,0,0.068962775
2017,528,8431,0,0.026709996
2017,528,8432,0,0.027017623
2017,528,8433,0,0.048596885
2017,528,8434,0,0.11715509
2017,528,8435,1,0.54881567
2017,528,8436,0,0.04181635
2017,528,8437,0,0.081133164
2017,528,8438,0,0.03926223
2017,528,8439,1,0.20761785
2017,528,8440,0,0.13966161
2017,528,8441,0,0.07930163
2017,528,8442,0,0.14277163
2017,528,8443,0,0.034695383
2017,528,8444,0,0.48130625
2017,528,8445,0,0.40298763
2017,528,8446,0,0.21501249
2017,528,8447,1,0.39442566
2017,528,8448,0,0.13419807
2017,528,8449,1,0.6571449
2017,528,8450,0,0.1639185
2017,528,8451,0,0.09605716
2017,528,8453,0,0.22724679
2017,528,8454,1,0.43739054
2017,528,8455,0,0.18874712
2017,528,8456,0,0.085811645
2017,528,8457,0,0.18654735
2017,528,8458,0,0.15713967
2017,528,8459,0,0.16822515
2017,528,8460,0,0.17038113
2017,528,8461,0,0.15283683
2017,528,8462,0,0.07985032
2017,528,8463,1,0.44438595
2017,528,8464,0,0.18571912
2017,528,8465,0,0.23516878
2017,528,8466,0,0.044607654
2017,528,8467,0,0.028045736
2017,528,8468,0,0.21838637
2017,528,8470,0,0.13792433
2017,528,8471,0,0.027122296
2017,528,8472,0,0.0846541
2017,528,8473,0,0.13429882
2017,528,8474,0,0.06885369
2017,528,8475,0,0.12271395
2017,528,8476,0,0.30256885
2017,528,8477,0,0.07448428
2017,528,8478,0,0.14552279
2017,528,8479,0,0.053367943
2017,528,8480,0,0.07090098
2017,528,8481,0,0.028557375
2017,528,8482,0,0.023763292
2017,528,8483,0,0.030661795
2017,528,8484,0,0.052639913
2017,528,8485,0,0.05183498
2017,410,8401,1,0.61293817
2017,410,8402,1,0.257423
2017,410,8403,0,0.07006177
2017,410,8404,1,0.1330433
2017,410,8405,1,0.22234644
2017,410,8406,0,0.27666566
2017,410,8407,0,0.06679534
2017,410,8408,0,0.059688836
2017,410,8409,0,0.017905492
2017,410,8410,0,0.23053409
2017,410,8411,0,0.056131035
2017,410,8412,0,0.08493328
2017,410,8413,0,0.022117775
2017,410,8414,0,0.017359657
2017,410,8415,0,0.034848284
2017,410,8416,1,0.18323548
2017,410,8417,0,0.102536716
2017,410,8418,0,0.09315522
2017,410,8419,0,0.050390083
2017,410,8420,0,0.17274605
2017,410,8421,0,0.018535618
2017,410,8422,0,0.045323335
2017,410,8423,0,0.07089418
2017,410,8424,0,0.036574997
2017,410,8425,0,0.081555024
2017,410,8426,0,0.10142124
2017,410,8427,0,0.050287668
2017,410,8428,0,0.04753941
2017,410,8429,0,0.033011623
2017,410,8431,0,0.027490068
2017,410,8432,0,0.148472
2017,410,8433,0,0.28762966
2017,410,8434,1,0.22531514
2017,410,8435,0,0.15747806
2017,410,8436,0,0.58214974
2017,410,8437,0,0.08404353
2017,410,8438,0,0.08961388
2017,410,8439,0,0.13303277
2017,410,8440,0,0.136198
2017,410,8441,0,0.07045966
2017,410,8442,0,0.3117247
2017,410,8443,0,0.034944084
2017,410,8444,0,0.19109239
2017,410,8445,0,0.365847
2017,410,8446,0,0.29358062
2017,410,8447,1,0.19090821
2017,410,8448,0,0.14274062
2017,410,8449,0,0.1801631
2017,410,8450,1,0.05098097
2017,410,8451,0,0.08966958
2017,410,8452,0,0.101546936
2017,410,8453,0,0.1590409
2017,410,8454,0,0.14347097
2017,410,8455,0,0.14071606
2017,410,8456,1,0.13640137
2017,410,8457,0,0.119015545
2017,410,8458,0,0.07177206
2017,410,8459,0,0.102343075
2017,410,8460,0,0.1413879
2017,410,8461,0,0.14938843
2017,410,8462,0,0.105147935
2017,410,8463,0,0.1076945
2017,410,8464,0,0.27182016
2017,410,8465,1,0.11065107
2017,410,8466,0,0.047426615
2017,410,8467,0,0.051773716
2017,410,8468,0,0.18937765
2017,410,8470,0,0.13370067
2017,410,8471,0,0.031758077
2017,410,8472,0,0.07594808
2017,410,8473,0,0.1143383
2017,410,8474,0,0.08195801
2017,410,8475,0,0.3334115
2017,410,8476,0,0.11198646
2017,410,8477,0,0.050332684
2017,410,8478,0,0.41918525
2017,410,8479,0,0.076635204
2017,410,8480,0,0.058529068
2017,410,8481,0,0.02610615
2017,410,8482,0,0.021346044
2017,410,8483,0,0.025872298
2017,410,8484,0,0.039302513
2017,410,8485,0,0.05351426
2017,458,8404,1,0.47094172
2017,458,8405,1,0.4241513
2017,458,8407,0,0.29699346
2017,458,8408,0,0.19248411
2017,458,8411,0,0.116345316
2017,458,8412,0,0.15551884
2017,458,8413,0,0.07886654
2017,458,8414,0,0.045289945
2017,458,8415,0,0.03207828
2017,458,8416,0,0.49505395
2017,458,8417,0,0.22505262
2017,458,8418,0,0.13698044
2017,458,8419,0,0.11550784
2017,458,8420,0,0.22531565
2017,458,8421,0,0.03378742
2017,458,8422,0,0.06950689
2017,458,8423,0,0.13031621
2017,458,8424,0,0.057535242
2017,458,8425,0,0.1669916
2017,458,8426,0,0.16889921
2017,458,8427,0,0.11357771
2017,458,8428,0,0.065681055
2017,458,8430,0,0.18630056
2017,458,8431,0,0.08731099
2017,458,8433,0,0.2105088
2017,458,8436,0,0.07831488
2017,458,8437,0,0.30960053
2017,458,8438,0,0.13075091
2017,458,8439,1,0.26116154
2017,458,8441,0,0.10519974
2017,458,8442,1,0.37988287
2017,458,8443,0,0.11754796
2017,458,8445,0,0.43714482
2017,458,8447,0,0.30155978
2017,458,8448,0,0.16545561
2017,458,8450,1,0.4198541
2017,458,8451,0,0.090744734
2017,458,8452,1,0.15369654
2017,458,8453,1,0.49058166
2017,458,8454,0,0.17855896
2017,458,8455,0,0.16140035
2017,458,8456,1,0.34076634
2017,458,8457,0,0.31933063
2017,458,8458,0,0.17606199
2017,458,8459,0,0.19573526
2017,458,8460,0,0.16749378
2017,458,8461,1,0.35127875
2017,458,8462,0,0.113700844
2017,458,8463,1,0.16988768
2017,458,8464,1,0.6273872
2017,458,8465,0,0.1785552
2017,458,8466,0,0.1260135
2017,458,8467,0,0.104788736
2017,458,8468,0,0.16028747
2017,458,8470,0,0.09553777
2017,458,8472,1,0.19642164
2017,458,8473,0,0.06950528
2017,458,8474,0,0.119473785
2017,458,8475,0,0.1785275
2017,458,8476,0,0.27534682
2017,458,8477,0,0.07363968
2017,458,8478,1,0.30627695
2017,458,8479,0,0.1606641
2017,458,8480,0,0.08124539
2017,458,8481,0,0.058259383
2017,458,8482,0,0.041453768
2017,458,8484,0,0.07586109
2017,458,8485,0,0.44260368
2017,124,8401,0,0.5015939
2017,124,8402,1,0.6386157
2017,124,8403,0,0.21143651
2017,124,8404,0,0.2836654
2017,124,8405,1,0.6859004
2017,124,8406,1,0.47689733
2017,124,8407,0,0.09061972
2017,124,8408,0,0.19451448
2017,124,8409,0,0.032423504
2017,124,8410,0,0.20976847
2017,124,8411,0,0.058656424
2017,124,8412,0,0.07529528
2017,124,8413,0,0.0415477
2017,124,8414,0,0.071339786
2017,124,8415,0,0.10819618
2017,124,8416,0,0.215492
2017,124,8417,0,0.12499803
2017,124,8418,0,0.11485824
2017,124,8419,0,0.07911736
2017,124,8420,1,0.4834405
2017,124,8421,0,0.07048099
2017,124,8422,0,0.07736738
2017,124,8423,0,0.10138002
2017,124,8424,0,0.09388173
2017,124,8425,0,0.09308655
2017,124,8426,0,0.3249186
2017,124,8427,0,0.14716259
2017,124,8428,0,0.08751408
2017,124,8429,0,0.20904654
2017,124,8430,0,0.20645876
2017,124,8431,0,0.04851305
2017,124,8432,0,0.115093976
2017,124,8433,0,0.08011346
2017,124,8434,0,0.57128257
2017,124,8436,0,0.077447034
2017,124,8437,0,0.20002152
2017,124,8438,0,0.11022194
2017,124,8439,0,0.17795467
2017,124,8440,0,0.24986129
2017,124,8441,0,0.15591845
2017,124,8442,1,0.19884726
2017,124,8443,0,0.07345215
2017,124,8445,0,0.3010342
2017,124,8448,0,0.21071386
2017,124,8451,0,0.21746324
2017,124,8452,0,0.1954514
2017,124,8454,0,0.1514527
2017,124,8455,0,0.4503557
2017,124,8456,0,0.18705444
2017,124,8457,0,0.2773008
2017,124,8458,0,0.2101551
2017,124,8459,1,0.215681
2017,124,8460,0,0.18100482
2017,124,8461,0,0.15582046
2017,124,8462,1,0.18637723
2017,124,8463,1,0.5035305
2017,124,8464,1,0.16199058
2017,124,8465,0,0.121595375
2017,124,8466,0,0.07043783
2017,124,8467,0,0.051724367
2017,124,8468,0,0.17078899
2017,124,8470,0,0.18468264
2017,124,8471,0,0.04349368
2017,124,8472,0,0.14941378
2017,124,8473,0,0.124352515
2017,124,8474,0,0.101221725
2017,124,8475,0,0.5515721
2017,124,8476,0,0.31272402
2017,124,8477,0,0.071931556
2017,124,8478,1,0.6717187
2017,124,8479,0,0.07408745
2017,124,8480,0,0.09785458
2017,124,8481,0,0.047686853
2017,124,8482,0,0.041142475
2017,124,8483,0,0.035801806
2017,124,8484,0,0.0861683
2017,124,8485,0,0.06997119
2017,484,8402,0,0.39862478
2017,484,8403,0,0.31399816
2017,484,8404,0,0.33210155
2017,484,8406,0,0.25408128
2017,484,8407,0,0.134208
2017,484,8408,0,0.13383682
2017,484,8409,0,0.04873355
2017,484,8411,0,0.097997144
2017,484,8412,0,0.13536027
2017,484,8413,0,0.039193984
2017,484,8414,0,0.09105307
2017,484,8415,0,0.12070841
2017,484,8416,0,0.29721966
2017,484,8417,0,0.16404766
2017,484,8418,0,0.08923426
2017,484,8419,0,0.1032687
2017,484,8420,0,0.48170376
2017,484,8421,0,0.075283535
2017,484,8422,0,0.073979594
2017,484,8423,0,0.14615175
2017,484,8424,0,0.09334094
2017,484,8425,0,0.07828171
2017,484,8426,0,0.2643567
2017,484,8427,0,0.33892176
2017,484,8428,0,0.10887336
2017,484,8429,0,0.3287992
2017,484,8430,0,0.21248542
2017,484,8431,0,0.077920884
2017,484,8432,0,0.18467914
2017,484,8433,0,0.11172417
2017,484,8434,0,0.3946867
2017,484,8436,0,0.22798206
2017,484,8437,1,0.22822185
2017,484,8438,1,0.17490113
2017,484,8439,0,0.19249305
2017,484,8441,1,0.22630826
2017,484,8442,0,0.43066263
2017,484,8443,0,0.07680223
2017,484,8450,0,0.1043816
2017,484,8451,0,0.13068691
2017,484,8453,0,0.18415824
2017,484,8455,1,0.721456
2017,484,8456,0,0.15007295
2017,484,8457,1,0.47537747
2017,484,8458,0,0.23525017
2017,484,8459,0,0.44880822
2017,484,8460,1,0.41220745
2017,484,8461,0,0.6014544
2017,484,8462,0,0.15083463
2017,484,8463,1,0.5067576
2017,484,8465,0,0.20139644
2017,484,8466,0,0.09415863
2017,484,8467,0,0.09802419
2017,484,8468,0,0.1626712
2017,484,8470,0,0.4753181
2017,484,8471,0,0.07612073
2017,484,8472,0,0.23476997
2017,484,8473,0,0.20254256
2017,484,8475,0,0.18813205
2017,484,8476,0,0.23326233
2017,484,8477,0,0.12514295
2017,484,8479,0,0.12322404
2017,484,8480,0,0.1309445
2017,484,8481,0,0.05408084
2017,484,8482,0,0.055157613
2017,484,8483,0,0.062385086
2017,484,8484,0,0.11105967
2017,484,8485,0,0.064233266
2017,757,8402,0,0.15806125
2017,757,8403,0,0.16394356
2017,757,8404,0,0.54789704
2017,757,8406,0,0.15584941
2017,757,8407,1,0.30444184
2017,757,8408,0,0.18358931
2017,757,8409,0,0.0403096
2017,757,8411,1,0.032343958
2017,757,8412,0,0.082942575
2017,757,8413,0,0.035275836
2017,757,8414,0,0.023847342
2017,757,8415,0,0.074605785
2017,757,8416,0,0.13995521
2017,757,8417,0,0.16338477
2017,757,8418,0,0.09999742
2017,757,8419,0,0.061524097
2017,757,8420,0,0.3880696
2017,757,8421,0,0.03353518
2017,757,8422,0,0.042523153
2017,757,8423,1,0.08223165
2017,757,8424,0,0.06069215
2017,757,8425,0,0.0802808
2017,757,8426,0,0.23495069
2017,757,8427,0,0.0896345
2017,757,8428,0,0.057465136
2017,757,8429,0,0.14158633
2017,757,8430,0,0.17417715
2017,757,8431,0,0.032042377
2017,757,8432,0,0.094111584
2017,757,8433,0,0.12133523
2017,757,8434,0,0.31319067
2017,757,8435,0,0.22481166
2017,757,8436,0,0.1485309
2017,757,8437,0,0.099983044
2017,757,8438,0,0.03469974
2017,757,8439,0,0.16745856
2017,757,8440,0,0.18767484
2017,757,8441,0,0.0666882
2017,757,8442,0,0.13595475
2017,757,8443,0,0.04768615
2017,757,8445,0,0.23560904
2017,757,8446,0,0.13919906
2017,757,8447,1,0.23443165
2017,757,8448,0,0.036774162
2017,757,8449,0,0.47571376
2017,757,8450,0,0.1430947
2017,757,8451,0,0.055291846
2017,757,8452,0,0.07888878
2017,757,8453,0,0.10948435
2017,757,8454,0,0.26819792
2017,757,8455,0,0.20656797
2017,757,8456,0,0.10978842
2017,757,8457,0,0.12722093
2017,757,8458,0,0.13925852
2017,757,8459,0,0.19901687
2017,757,8460,0,0.09327019
2017,757,8461,0,0.17296371
2017,757,8462,0,0.12592344
2017,757,8463,0,0.16421692
2017,757,8464,0,0.19299838
2017,757,8465,0,0.13157238
2017,757,8466,0,0.02512875
2017,757,8467,0,0.06979374
2017,757,8468,1,0.28993234
2017,757,8470,0,0.145779
2017,757,8471,0,0.02829707
2017,757,8472,1,0.13074508
2017,757,8473,0,0.12098437
2017,757,8474,1,0.11254249
2017,757,8475,0,0.3062118
2017,757,8476,0,0.15239656
2017,757,8477,0,0.041807517
2017,757,8478,0,0.12968567
2017,757,8479,0,0.03889926
2017,757,8480,0,0.09717244
2017,757,8481,0,0.039624065
2017,757,8482,0,0.024639357
2017,757,8483,0,0.042425636
2017,757,8484,0,0.059098132
2017,757,8485,0,0.058469657
2017,764,8402,1,0.3160172
2017,764,8403,1,0.5951541
2017,764,8405,0,0.5655288
2017,764,8406,0,0.32659566
2017,764,8407,0,0.12774546
2017,764,8408,0,0.15133646
2017,764,8409,0,0.019942809
2017,764,8411,0,0.1494077
2017,764,8412,0,0.16331781
2017,764,8413,0,0.031299986
2017,764,8414,0,0.021613684
2017,764,8415,0,0.02819028
2017,764,8418,0,0.059636436
2017,764,8419,0,0.08673343
2017,764,8420,0,0.20180602
2017,764,8421,0,0.024419414
2017,764,8422,0,0.07106479
2017,764,8423,0,0.12571006
2017,764,8425,0,0.11082698
2017,764,8426,0,0.13761002
2017,764,8428,0,0.056450922
2017,764,8429,0,0.1514372
2017,764,8431,0,0.06724639
2017,764,8434,1,0.179171
2017,764,8437,0,0.18966885
2017,764,8438,0,0.12032494
2017,764,8439,0,0.17449483
2017,764,8440,0,0.36254725
2017,764,8441,1,0.4558035
2017,764,8442,0,0.22849119
2017,764,8443,0,0.06435559
2017,764,8445,0,0.20634751
2017,764,8447,0,0.31511417
2017,764,8448,1,0.14188288
2017,764,8450,0,0.08008244
2017,764,8451,0,0.08933105
2017,764,8452,0,0.07154551
2017,764,8453,0,0.14024262
2017,764,8454,1,0.23443261
2017,764,8455,1,0.435824
2017,764,8456,0,0.19811329
2017,764,8457,0,0.23946294
2017,764,8458,0,0.17222089
2017,764,8459,0,0.16743697
2017,764,8460,0,0.23207256
2017,764,8461,1,0.33212215
2017,764,8462,0,0.18244302
2017,764,8463,0,0.35484102
2017,764,8464,0,0.5336452
2017,764,8466,0,0.115298375
2017,764,8467,0,0.08266628
2017,764,8468,1,0.3901398
2017,764,8470,0,0.19323939
2017,764,8471,0,0.20658666
2017,764,8472,1,0.19005558
2017,764,8473,0,0.12465409
2017,764,8475,0,0.19964683
2017,764,8476,0,0.28320363
2017,764,8477,0,0.0499411
2017,764,8479,0,0.072436966
2017,764,8480,0,0.084715195
2017,764,8481,0,0.019814301
2017,764,8482,0,0.02814346
2017,764,8483,0,0.024036923
2017,764,8484,0,0.039138786
2017,764,8485,0,0.070678785
2017,752,8401,0,0.5841189
2017,752,8402,1,0.5913852
2017,752,8403,1,0.30201182
2017,752,8404,0,0.12854229
2017,752,8405,0,0.17475544
2017,752,8406,0,0.5861459
2017,752,8407,0,0.2636276
2017,752,8408,0,0.1765387
2017,752,8409,0,0.0559459
2017,752,8410,0,0.18676038
2017,752,8412,0,0.043316085
2017,752,8413,0,0.032636788
2017,752,8414,0,0.028990515
2017,752,8415,0,0.057133745
2017,752,8416,0,0.17966913
2017,752,8417,0,0.29028174
2017,752,8418,0,0.06896112
2017,752,8419,0,0.050226998
2017,752,8420,0,0.18874836
2017,752,8421,0,0.03594381
2017,752,8422,0,0.04784766
2017,752,8423,0,0.1271622
2017,752,8424,0,0.06094527
2017,752,8425,0,0.11168904
2017,752,8426,0,0.11987851
2017,752,8427,0,0.038586594
2017,752,8428,0,0.08427618
2017,752,8429,0,0.047409482
2017,752,8430,0,0.12824573
2017,752,8431,0,0.02625814
2017,752,8432,0,0.049821645
2017,752,8433,0,0.0882177
2017,752,8434,0,0.10896033
2017,752,8436,0,0.14542282
2017,752,8437,0,0.3197819
2017,752,8438,0,0.05528288
2017,752,8439,0,0.21584171
2017,752,8440,0,0.21880548
2017,752,8441,0,0.114542514
2017,752,8442,0,0.21598317
2017,752,8443,0,0.060382795
2017,752,8447,0,0.78903604
2017,752,8448,0,0.20693511
2017,752,8449,0,0.5566582
2017,752,8450,0,0.09893577
2017,752,8451,0,0.15064661
2017,752,8452,0,0.21355818
2017,752,8453,1,0.445842
2017,752,8454,0,0.20403388
2017,752,8455,0,0.13403416
2017,752,8456,1,0.09325164
2017,752,8458,0,0.16482086
2017,752,8459,0,0.27777207
2017,752,8460,0,0.10859112
2017,752,8461,1,0.6156035
2017,752,8462,0,0.15993154
2017,752,8463,0,0.21226333
2017,752,8464,0,0.12727678
2017,752,8465,0,0.25661057
2017,752,8466,0,0.04077613
2017,752,8467,0,0.070773855
2017,752,8468,0,0.21231006
2017,752,8470,0,0.17864265
2017,752,8471,0,0.06821297
2017,752,8472,1,0.10843907
2017,752,8473,0,0.22019058
2017,752,8474,0,0.07956457
2017,752,8475,0,0.24343933
2017,752,8476,0,0.36860165
2017,752,8477,0,0.061738975
2017,752,8478,0,0.39154124
2017,752,8479,0,0.040491477
2017,752,8480,0,0.100525774
2017,752,8481,0,0.03438879
2017,752,8482,0,0.0277054
2017,752,8483,0,0.028578425
2017,752,8484,0,0.04570971
2017,752,8485,1,0.043219235
2017,372,8403,0,0.23810223
2017,372,8406,0,0.51923555
2017,372,8407,1,0.3205159
2017,372,8409,0,0.08080273
2017,372,8411,0,0.15968499
2017,372,8412,0,0.26903552
2017,372,8413,0,0.096129514
2017,372,8414,0,0.054097574
2017,372,8415,0,0.1473547
2017,372,8418,0,0.10347301
2017,372,8419,1,0.46000814
2017,372,8421,0,0.07582429
2017,372,8422,0,0.0996409
2017,372,8423,0,0.48981127
2017,372,8424,0,0.14606877
2017,372,8425,0,0.22731625
2017,372,8427,0,0.09845863
2017,372,8428,0,0.120762646
2017,372,8429,0,0.23044805
2017,372,8430,0,0.40907288
2017,372,8432,0,0.17505597
2017,372,8433,0,0.105288334
2017,372,8434,0,0.30207333
2017,372,8436,0,0.22424766
2017,372,8437,0,0.37253863
2017,372,8438,0,0.32452062
2017,372,8441,0,0.1751528
2017,372,8442,1,0.74091345
2017,372,8443,0,0.112024955
2017,372,8448,0,0.26006514
2017,372,8450,0,0.29063436
2017,372,8451,0,0.24071197
2017,372,8456,1,0.42917928
2017,372,8457,1,0.72852856
2017,372,8459,1,0.63209075
2017,372,8460,1,0.31826153
2017,372,8461,1,0.62323624
2017,372,8462,0,0.2388742
2017,372,8463,0,0.38381228
2017,372,8465,0,0.26718476
2017,372,8466,0,0.1306678
2017,372,8467,0,0.21046369
2017,372,8468,0,0.24143153
2017,372,8470,0,0.6302024
2017,372,8471,0,0.044195514
2017,372,8472,0,0.43102953
2017,372,8473,0,0.12014282
2017,372,8474,0,0.20178854
2017,372,8475,1,0.44109505
2017,372,8477,0,0.09911253
2017,372,8478,1,0.74648446
2017,372,8479,0,0.11722581
2017,372,8480,0,0.12718199
2017,372,8481,1,0.078054145
2017,372,8484,0,0.12159526
2017,372,8485,0,0.14995266
2017,40,8401,0,0.23282328
2017,40,8402,0,0.1666347
2017,40,8403,0,0.15740655
2017,40,8404,1,0.34388566
2017,40,8405,0,0.17663495
2017,40,8406,0,0.20451811
2017,40,8407,0,0.12993509
2017,40,8408,0,0.109519035
2017,40,8409,0,0.034504693
2017,40,8411,0,0.072446115
2017,40,8412,0,0.08612854
2017,40,8413,0,0.03615345
2017,40,8414,0,0.026706165
2017,40,8415,0,0.08673558
2017,40,8416,0,0.16439572
2017,40,8417,0,0.16632384
2017,40,8418,0,0.07381077
2017,40,8419,0,0.049410924
2017,40,8420,1,0.22540322
2017,40,8421,0,0.027350893
2017,40,8422,0,0.072842605
2017,40,8423,0,0.09426532
2017,40,8424,0,0.061534714
2017,40,8425,0,0.12400009
2017,40,8426,0,0.11418416
2017,40,8427,0,0.10141567
2017,40,8428,0,0.080962285
2017,40,8429,0,0.10679159
2017,40,8430,0,0.12596601
2017,40,8431,0,0.028473634
2017,40,8432,0,0.056764096
2017,40,8433,0,0.08714962
2017,40,8434,0,0.12854774
2017,40,8435,0,0.46276027
2017,40,8436,0,0.16295952
2017,40,8437,0,0.13346268
2017,40,8438,0,0.06661319
2017,40,8439,0,0.16729677
2017,40,8440,0,0.20081456
2017,40,8441,1,0.46464428
2017,40,8442,0,0.14415193
2017,40,8443,0,0.043022886
2017,40,8444,0,0.27820784
2017,40,8445,0,0.12942596
2017,40,8446,0,0.44527864
2017,40,8448,0,0.22254902
2017,40,8449,0,0.1975717
2017,40,8450,0,0.27446932
2017,40,8451,0,0.09506352
2017,40,8452,1,0.4627879
2017,40,8453,1,0.22443528
2017,40,8454,1,0.15017265
2017,40,8455,0,0.17745778
2017,40,8456,0,0.064651035
2017,40,8457,0,0.24472523
2017,40,8458,0,0.19783863
2017,40,8459,0,0.23649627
2017,40,8460,0,0.14057913
2017,40,8461,0,0.11987637
2017,40,8462,0,0.1217588
2017,40,8463,0,0.27555782
2017,40,8464,0,0.26631305
2017,40,8465,0,0.09287757
2017,40,8466,0,0.051277265
2017,40,8467,0,0.08424135
2017,40,8468,0,0.17382535
2017,40,8470,0,0.39292097
2017,40,8471,0,0.02749715
2017,40,8472,0,0.15890007
2017,40,8473,0,0.10749977
2017,40,8474,0,0.10491092
2017,40,8475,0,0.25885394
2017,40,8476,1,0.19720614
2017,40,8477,0,0.03742807
2017,40,8478,0,0.43574297
2017,40,8479,0,0.033133805
2017,40,8480,0,0.0820524
2017,40,8481,0,0.032381866
2017,40,8482,0,0.04402525
2017,40,8483,0,0.03454528
2017,40,8484,0,0.05906295
2017,40,8485,0,0.07207554
2017,724,8401,0,0.2725362
2017,724,8402,0,0.22824311
2017,724,8403,0,0.1824353
2017,724,8404,0,0.19532531
2017,724,8405,0,0.18537965
2017,724,8407,0,0.103047654
2017,724,8408,0,0.14424233
2017,724,8409,0,0.024818134
2017,724,8410,0,0.11970267
2017,724,8411,0,0.060548127
2017,724,8412,0,0.15301357
2017,724,8413,0,0.020397242
2017,724,8414,0,0.02674907
2017,724,8415,0,0.047730908
2017,724,8416,0,0.13541737
2017,724,8417,0,0.13701154
2017,724,8418,0,0.06570277
2017,724,8419,0,0.071888864
2017,724,8420,0,0.08613834
2017,724,8421,0,0.027108537
2017,724,8422,0,0.029191209
2017,724,8423,0,0.0779039
2017,724,8424,0,0.044878267
2017,724,8425,0,0.0519171
2017,724,8426,0,0.08392491
2017,724,8427,0,0.047042325
2017,724,8428,0,0.05181164
2017,724,8430,0,0.12128505
2017,724,8431,0,0.025134983
2017,724,8432,0,0.053641528
2017,724,8433,0,0.09667643
2017,724,8434,0,0.116673134
2017,724,8435,0,0.2396307
2017,724,8436,0,0.0888037
2017,724,8437,0,0.080095105
2017,724,8438,0,0.047701735
2017,724,8439,0,0.24223691
2017,724,8440,1,0.6178232
2017,724,8441,0,0.06591403
2017,724,8442,0,0.2332573
2017,724,8443,0,0.026136046
2017,724,8444,0,0.3392706
2017,724,8445,0,0.103259355
2017,724,8446,0,0.29872847
2017,724,8447,0,0.13273458
2017,724,8448,0,0.064646944
2017,724,8449,0,0.5615733
2017,724,8450,0,0.10433224
2017,724,8451,0,0.06544898
2017,724,8452,0,0.15902305
2017,724,8453,0,0.13977933
2017,724,8454,0,0.28666723
2017,724,8455,0,0.28791037
2017,724,8456,0,0.19596279
2017,724,8457,0,0.16140978
2017,724,8458,0,0.06400983
2017,724,8459,0,0.17447254
2017,724,8460,0,0.10222898
2017,724,8461,0,0.08016419
2017,724,8462,0,0.0913536
2017,724,8463,0,0.14914
2017,724,8464,0,0.083657995
2017,724,8465,0,0.069752924
2017,724,8466,0,0.026476294
2017,724,8467,0,0.08805816
2017,724,8468,0,0.14859605
2017,724,8470,0,0.17581315
2017,724,8471,0,0.054944333
2017,724,8472,0,0.11183229
2017,724,8473,0,0.11500974
2017,724,8474,0,0.118222676
2017,724,8475,0,0.26185697
2017,724,8476,0,0.2053041
2017,724,8477,0,0.04322885
2017,724,8478,1,0.4556825
2017,724,8479,0,0.036562305
2017,724,8480,0,0.06260061
2017,724,8481,0,0.027363857
2017,724,8482,0,0.026704982
2017,724,8483,0,0.037009727
2017,724,8484,0,0.05880622
2018,842,8401,0,0.2037217
2018,842,8402,0,0.22646438
2018,842,8403,0,0.090233244
2018,842,8404,1,0.14790297
2018,842,8405,0,0.13925722
2018,842,8406,0,0.06724599
2018,842,8407,0,0.095822535
2018,842,8408,0,0.23094124
2018,842,8409,0,0.061293293
2018,842,8410,1,0.19499697
2018,842,8411,0,0.03686936
2018,842,8412,0,0.045498632
2018,842,8413,0,0.04593482
2018,842,8414,0,0.04934242
2018,842,8415,0,0.05939682
2018,842,8416,0,0.110446654
2018,842,8417,0,0.1109054
2018,842,8418,0,0.07113371
2018,842,8419,0,0.05918671
2018,842,8420,1,0.11989005
2018,842,8421,0,0.029696576
2018,842,8422,0,0.03592105
2018,842,8423,0,0.063611925
2018,842,8424,0,0.042466376
2018,842,8425,0,0.0429038
2018,842,8426,0,0.12174416
2018,842,8427,0,0.06493822
2018,842,8428,0,0.05048662
2018,842,8429,0,0.07504508
2018,842,8430,0,0.148007
2018,842,8431,0,0.049752716
2018,842,8432,0,0.105342805
2018,842,8433,0,0.049707763
2018,842,8434,0,0.16608441
2018,842,8435,1,0.27219406
2018,842,8436,0,0.049025718
2018,842,8437,0,0.4169505
2018,842,8438,0,0.04253908
2018,842,8439,0,0.19557416
2018,842,8440,0,0.10653792
2018,842,8441,0,0.08913096
2018,842,8442,0,0.14518727
2018,842,8443,0,0.022765705
2018,842,8444,0,0.17678829
2018,842,8445,0,0.18823014
2018,842,8446,0,0.32507938
2018,842,8449,0,0.17592704
2018,842,8450,0,0.073559314
2018,842,8451,0,0.059645623
2018,842,8453,0,0.123436235
2018,842,8454,0,0.13641144
2018,842,8455,0,0.16324115
2018,842,8456,1,0.10680031
2018,842,8457,0,0.13350624
2018,842,8458,0,0.11429389
2018,842,8459,0,0.10591031
2018,842,8460,0,0.074208714
2018,842,8461,1,0.110277764
2018,842,8462,0,0.06028497
2018,842,8463,0,0.12172867
2018,842,8464,0,0.10199868
2018,842,8465,0,0.06268881
2018,842,8466,0,0.0330953
2018,842,8467,0,0.054299403
2018,842,8468,0,0.10353772
2018,842,8470,0,0.10681668
2018,842,8471,0,0.024340391
2018,842,8472,0,0.078547314
2018,842,8473,0,0.074354164
2018,842,8474,0,0.07939702
2018,842,8475,0,0.18411775
2018,842,8476,0,0.124953285
2018,842,8477,0,0.040812235
2018,842,8478,0,0.24681254
2018,842,8479,0,0.05396177
2018,842,8480,0,0.07203202
2018,842,8481,0,0.038322605
2018,842,8482,0,0.047154818
2018,842,8483,0,0.031978186
2018,842,8484,0,0.075033575
2018,842,8485,0,0.040872708
2018,276,8401,1,0.36704698
2018,276,8402,1,0.20834823
2018,276,8403,0,0.05903095
2018,276,8404,0,0.12423218
2018,276,8405,0,0.19006628
2018,276,8406,0,0.1390733
2018,276,8407,0,0.061957344
2018,276,8408,0,0.05879534
2018,276,8409,0,0.043555774
2018,276,8411,0,0.03970324
2018,276,8412,0,0.03729498
2018,276,8413,0,0.044593897
2018,276,8414,0,0.037644975
2018,276,8415,0,0.024196953
2018,276,8416,0,0.051303916
2018,276,8417,0,0.057912793
2018,276,8418,0,0.03438115
2018,276,8419,0,0.04470955
2018,276,8420,0,0.09543054
2018,276,8421,0,0.019652229
2018,276,8422,0,0.030327287
2018,276,8423,0,0.07241888
2018,276,8424,0,0.039139986
2018,276,8425,0,0.035448514
2018,276,8426,0,0.053741876
2018,276,8427,0,0.033372533
2018,276,8428,0,0.042089265
2018,276,8429,0,0.036842324
2018,276,8430,0,0.068842255
2018,276,8431,0,0.021019874
2018,276,8432,0,0.049279194
2018,276,8433,0,0.042614892
2018,276,8434,0,0.07996975
2018,276,8435,0,0.1396742
2018,276,8436,0,0.040834203
2018,276,8437,0,0.10612704
2018,276,8438,0,0.031007752
2018,276,8439,0,0.1480895
2018,276,8440,0,0.062838346
2018,276,8441,0,0.046254307
2018,276,8442,0,0.049053658
2018,276,8443,0,0.03385649
2018,276,8444,0,0.5734495
2018,276,8445,1,0.3823645
2018,276,8446,1,0.37487426
2018,276,8447,1,0.26535574
2018,276,8448,1,0.065057755
2018,276,8449,0,0.2127711
2018,276,8450,0,0.08985534
2018,276,8451,0,0.04340507
2018,276,8452,0,0.040897813
2018,276,8453,1,0.11138484
2018,276,8454,0,0.14660043
2018,276,8455,0,0.17862879
2018,276,8456,0,0.07054029
2018,276,8457,0,0.16048422
2018,276,8458,0,0.059589922
2018,276,8459,0,0.06678547
2018,276,8460,0,0.038134813
2018,276,8461,0,0.09713251
2018,276,8462,0,0.0563305
2018,276,8463,0,0.13649842
2018,276,8464,0,0.059401106
2018,276,8465,0,0.04542462
2018,276,8466,0,0.01782544
2018,276,8467,0,0.06740188
2018,276,8468,0,0.06866924
2018,276,8470,0,0.13495222
2018,276,8471,0,0.0265004
2018,276,8472,0,0.05448484
2018,276,8473,0,0.093179554
2018,276,8474,0,0.039959107
2018,276,8475,0,0.13343623
2018,276,8476,0,0.16300645
2018,276,8477,0,0.044253334
2018,276,8478,1,0.08583525
2018,276,8479,0,0.041029643
2018,276,8480,0,0.048701927
2018,276,8481,0,0.04443519
2018,276,8482,0,0.029863503
2018,276,8483,0,0.035633642
2018,276,8484,0,0.051439364
2018,276,8485,0,0.04118165
2018,392,8401,0,0.3213057
2018,392,8402,1,0.28440624
2018,392,8403,0,0.18643245
2018,392,8404,1,0.22509456
2018,392,8406,1,0.09834061
2018,392,8407,0,0.065786414
2018,392,8408,0,0.04763171
2018,392,8409,0,0.049620684
2018,392,8411,0,0.066426374
2018,392,8412,0,0.087173365
2018,392,8413,0,0.041334942
2018,392,8414,0,0.036271125
2018,392,8415,0,0.06620797
2018,392,8416,0,0.1800025
2018,392,8417,0,0.19842725
2018,392,8418,0,0.09635722
2018,392,8419,0,0.04910252
2018,392,8420,1,0.23137452
2018,392,8421,0,0.02509492
2018,392,8422,0,0.034063976
2018,392,8423,0,0.12049373
2018,392,8424,0,0.04833902
2018,392,8425,0,0.04350028
2018,392,8426,0,0.08074016
2018,392,8427,0,0.030900935
2018,392,8428,0,0.058466326
2018,392,8429,0,0.059958216
2018,392,8430,0,0.121428795
2018,392,8431,0,0.028630964
2018,392,8432,0,0.09111852
2018,392,8433,0,0.08159124
2018,392,8434,0,0.10448047
2018,392,8435,0,0.32903242
2018,392,8437,1,0.26640397
2018,392,8438,0,0.06868667
2018,392,8439,0,0.17437766
2018,392,8440,0,0.12762567
2018,392,8441,0,0.07760395
2018,392,8442,0,0.1911722
2018,392,8443,0,0.030532517
2018,392,8444,0,0.26628837
2018,392,8445,1,0.25805405
2018,392,8446,0,0.3295578
2018,392,8447,1,0.16789125
2018,392,8448,0,0.10728503
2018,392,8449,0,0.24221867
2018,392,8450,0,0.17329684
2018,392,8451,0,0.07056967
2018,392,8452,0,0.055904463
2018,392,8453,1,0.1296421
2018,392,8454,0,0.18096036
2018,392,8455,0,0.18338978
2018,392,8456,1,0.114834115
2018,392,8457,1,0.14162542
2018,392,8458,0,0.09923876
2018,392,8459,0,0.10616585
2018,392,8460,0,0.10564388
2018,392,8461,0,0.14017995
2018,392,8462,0,0.094762385
2018,392,8463,0,0.15869597
2018,392,8464,1,0.22836933
2018,392,8465,0,0.06842882
2018,392,8466,0,0.039684847
2018,392,8467,0,0.05846375
2018,392,8468,0,0.2122321
2018,392,8470,1,0.38045168
2018,392,8471,0,0.032101743
2018,392,8472,0,0.06258977
2018,392,8473,0,0.11457797
2018,392,8474,0,0.08072583
2018,392,8475,1,0.33724034
2018,392,8476,0,0.15376242
2018,392,8477,0,0.053523332
2018,392,8478,0,0.45885685
2018,392,8479,0,0.106591135
2018,392,8480,0,0.07084204
2018,392,8481,0,0.039380774
2018,392,8482,0,0.034790784
2018,392,8483,0,0.034291696
2018,392,8484,0,0.03620382
2018,392,8485,0,0.05970428
2018,156,8401,1,0.39633822
2018,156,8402,0,0.07749156
2018,156,8403,0,0.06186327
2018,156,8404,1,0.10023499
2018,156,8405,0,0.07102742
2018,156,8407,0,0.04346527
2018,156,8408,0,0.026429225
2018,156,8409,0,0.020712646
2018,156,8411,0,0.057916954
2018,156,8412,0,0.033240847
2018,156,8413,0,0.024297526
2018,156,8414,0,0.027029837
2018,156,8415,0,0.05884802
2018,156,8416,0,0.03926994
2018,156,8417,0,0.044432808
2018,156,8418,0,0.07793862
2018,156,8419,0,0.16673459
2018,156,8420,0,0.08165294
2018,156,8421,0,0.015723445
2018,156,8422,0,0.014238928
2018,156,8423,0,0.07616694
2018,156,8424,0,0.024568968
2018,156,8425,0,0.029409897
2018,156,8426,0,0.07470716
2018,156,8427,0,0.016086655
2018,156,8428,0,0.022038471
2018,156,8431,0,0.017080234
2018,156,8432,0,0.01738906
2018,156,8433,0,0.023533713
2018,156,8434,1,0.04989866
2018,156,8436,0,0.026174081
2018,156,8439,0,0.10462265
2018,156,8440,0,0.12461178
2018,156,8441,0,0.045186162
2018,156,8442,0,0.05471749
2018,156,8443,0,0.024477068
2018,156,8444,0,0.11525394
2018,156,8445,0,0.08087985
2018,156,8446,0,0.1350061
2018,156,8447,0,0.10956166
2018,156,8448,0,0.021874646
2018,156,8449,0,0.17655942
2018,156,8450,0,0.06897969
2018,156,8451,0,0.05623542
2018,156,8452,0,0.055773526
2018,156,8453,0,0.047050547
2018,156,8454,0,0.27708116
2018,156,8455,0,0.0683582
2018,156,8456,0,0.038868397
2018,156,8457,0,0.034978263
2018,156,8458,0,0.025161134
2018,156,8459,0,0.026830077
2018,156,8460,0,0.022769747
2018,156,8461,0,0.021963274
2018,156,8462,0,0.030593798
2018,156,8463,0,0.063357174
2018,156,8464,0,0.053474784
2018,156,8465,0,0.07962598
2018,156,8466,0,0.014967333
2018,156,8467,0,0.03519884
2018,156,8468,0,0.04579573
2018,156,8470,0,0.061504025
2018,156,8471,0,0.027034178
2018,156,8472,0,0.040512446
2018,156,8473,0,0.053783007
2018,156,8475,0,0.05531976
2018,156,8476,0,0.10338433
2018,156,8477,0,0.040590756
2018,156,8478,0,0.079219736
2018,156,8479,0,0.02102475
2018,156,8480,0,0.041888174
2018,156,8481,0,0.027024519
2018,156,8482,0,0.020178922
2018,156,8483,0,0.017456751
2018,156,8484,0,0.025243293
2018,380,8401,0,0.22458266
2018,380,8402,1,0.28543878
2018,380,8403,0,0.08601296
2018,380,8404,0,0.16655977
2018,380,8405,0,0.08394673
2018,380,8406,1,0.37228656
2018,380,8407,0,0.37903312
2018,380,8408,1,0.15718438
2018,380,8409,0,0.052503444
2018,380,8411,0,0.06260907
2018,380,8412,0,0.04807497
2018,380,8413,0,0.03110236
2018,380,8414,0,0.022550628
2018,380,8415,0,0.05121306
2018,380,8416,0,0.13542032
2018,380,8417,0,0.24049026
2018,380,8418,0,0.040323686
2018,380,8419,0,0.06474321
2018,380,8420,0,0.11294774
2018,380,8421,0,0.021449342
2018,380,8422,0,0.02852061
2018,380,8423,0,0.06091935
2018,380,8424,0,0.031317025
2018,380,8425,0,0.04521344
2018,380,8426,0,0.053842224
2018,380,8427,0,0.04554618
2018,380,8428,0,0.035615753
2018,380,8429,0,0.039745692
2018,380,8430,0,0.117390625
2018,380,8431,0,0.0242219
2018,380,8432,0,0.02442463
2018,380,8433,0,0.026825933
2018,380,8434,0,0.09576289
2018,380,8435,0,0.09373395
2018,380,8436,0,0.042012695
2018,380,8438,0,0.073519774
2018,380,8439,1,0.19522162
2018,380,8440,1,0.20241337
2018,380,8441,0,0.12590693
2018,380,8442,0,0.11111137
2018,380,8443,0,0.022886533
2018,380,8444,0,0.2162307
2018,380,8445,0,0.29937497
2018,380,8446,1,0.43588743
2018,380,8447,0,0.4844858
2018,380,8448,1,0.07576844
2018,380,8449,0,0.37365884
2018,380,8450,0,0.070029505
2018,380,8451,0,0.10553247
2018,380,8453,1,0.08871411
2018,380,8454,0,0.1532215
2018,380,8455,0,0.085220076
2018,380,8456,0,0.036588315
2018,380,8457,0,0.06257373
2018,380,8458,0,0.07627061
2018,380,8459,0,0.09317911
2018,380,8460,0,0.051501438
2018,380,8461,0,0.06755618
2018,380,8462,0,0.044832934
2018,380,8463,0,0.07559754
2018,380,8464,0,0.10769495
2018,380,8465,0,0.038492672
2018,380,8466,0,0.020769859
2018,380,8467,0,0.07028726
2018,380,8468,0,0.08891213
2018,380,8470,0,0.24323615
2018,380,8471,0,0.04516247
2018,380,8472,0,0.1280938
2018,380,8473,0,0.10121166
2018,380,8474,0,0.2638276
2018,380,8475,0,0.3216158
2018,380,8476,0,0.114385374
2018,380,8477,0,0.03874677
2018,380,8478,0,0.14312121
2018,380,8479,0,0.02641721
2018,380,8480,1,0.071918875
2018,380,8481,0,0.029331082
2018,380,8482,0,0.02918847
2018,380,8483,0,0.045904633
2018,380,8484,0,0.047113646
2018,380,8485,0,0.042283304
2018,826,8401,1,0.6405946
2018,826,8402,0,0.119472705
2018,826,8403,0,0.23490068
2018,826,8404,0,0.10657935
2018,826,8405,0,0.1434861
2018,826,8406,0,0.14844985
2018,826,8408,0,0.49539325
2018,826,8409,0,0.034795403
2018,826,8410,1,0.43934494
2018,826,8411,0,0.0535293
2018,826,8412,0,0.07287506
2018,826,8413,0,0.029377759
2018,826,8414,0,0.028145567
2018,826,8415,0,0.055747364
2018,826,8416,0,0.14626646
2018,826,8418,0,0.051125504
2018,826,8419,0,0.064952135
2018,826,8420,1,0.19609742
2018,826,8421,0,0.025650928
2018,826,8422,0,0.029907024
2018,826,8423,0,0.05973289
2018,826,8424,0,0.03944439
2018,826,8425,0,0.06493433
2018,826,8426,0,0.0906239
2018,826,8427,0,0.05123526
2018,826,8428,0,0.021553358
2018,826,8429,0,0.02826756
2018,826,8430,0,0.0639579
2018,826,8431,0,0.029261205
2018,826,8432,0,0.02897336
2018,826,8433,0,0.09696764
2018,826,8434,0,0.19702983
2018,826,8435,1,0.5188458
2018,826,8436,0,0.07492474
2018,826,8437,0,0.11393729
2018,826,8438,0,0.036925454
2018,826,8439,0,0.12687114
2018,826,8440,0,0.18260767
2018,826,8441,1,0.09206114
2018,826,8442,0,0.11780485
2018,826,8443,1,0.03607319
2018,826,8444,1,0.4684638
2018,826,8445,1,0.18836197
2018,826,8446,1,0.85099953
2018,826,8447,0,0.46365988
2018,826,8448,0,0.05254876
2018,826,8449,1,0.6186202
2018,826,8450,0,0.16229275
2018,826,8451,0,0.095247954
2018,826,8452,0,0.08648033
2018,826,8453,0,0.16005945
2018,826,8454,0,0.22348681
2018,826,8455,0,0.23358132
2018,826,8456,0,0.10122546
2018,826,8457,1,0.23556803
2018,826,8458,0,0.15916593
2018,826,8459,0,0.18362536
2018,826,8460,0,0.060076408
2018,826,8461,0,0.17435987
2018,826,8462,0,0.05567575
2018,826,8463,0,0.15624633
2018,826,8464,0,0.1600197
2018,826,8465,1,0.21963899
2018,826,8466,0,0.02315998
2018,826,8467,0,0.030433465
2018,826,8468,0,0.15545337
2018,826,8470,0,0.2295536
2018,826,8471,0,0.026981872
2018,826,8472,0,0.18389736
2018,826,8473,0,0.09062907
2018,826,8474,0,0.050034154
2018,826,8475,0,0.12149419
2018,826,8476,0,0.1995927
2018,826,8477,0,0.04139138
2018,826,8478,0,0.096570045
2018,826,8479,0,0.025615372
2018,826,8480,0,0.09717587
2018,826,8481,0,0.033768963
2018,826,8482,0,0.031739354
2018,826,8483,0,0.028514713
2018,826,8484,0,0.038939457
2018,826,8485,0,0.04581924
2018,251,8401,1,0.35212684
2018,251,8403,0,0.1284888
2018,251,8404,0,0.2924371
2018,251,8407,0,0.14309683
2018,251,8408,1,0.071341395
2018,251,8409,0,0.045094315
2018,251,8411,0,0.058611494
2018,251,8412,0,0.09946267
2018,251,8413,0,0.050028477
2018,251,8414,0,0.05132235
2018,251,8415,0,0.05855891
2018,251,8416,0,0.16768359
2018,251,8417,0,0.09293451
2018,251,8418,0,0.07666041
2018,251,8419,0,0.067134544
2018,251,8420,0,0.16048129
2018,251,8421,0,0.02590061
2018,251,8422,0,0.045590643
2018,251,8424,0,0.07533602
2018,251,8425,0,0.04438468
2018,251,8426,0,0.11637441
2018,251,8427,0,0.04714934
2018,251,8428,0,0.0606269
2018,251,8429,0,0.060722426
2018,251,8430,0,0.17634444
2018,251,8431,0,0.031329814
2018,251,8432,0,0.038942926
2018,251,8433,0,0.037998192
2018,251,8434,1,0.21815206
2018,251,8435,0,0.16578741
2018,251,8436,0,0.067994356
2018,251,8438,0,0.05839999
2018,251,8439,0,0.14893027
2018,251,8440,0,0.3799093
2018,251,8441,0,0.1314691
2018,251,8442,0,0.13366483
2018,251,8443,0,0.030454498
2018,251,8444,1,0.48265958
2018,251,8445,0,0.43345097
2018,251,8446,1,0.62962306
2018,251,8447,1,0.43355447
2018,251,8448,1,0.078295544
2018,251,8449,0,0.29840314
2018,251,8450,1,0.13378128
2018,251,8451,1,0.12870361
2018,251,8453,0,0.1897591
2018,251,8454,0,0.50944597
2018,251,8455,0,0.1658304
2018,251,8456,0,0.17445822
2018,251,8457,0,0.07385786
2018,251,8458,0,0.15368243
2018,251,8459,0,0.17641206
2018,251,8460,0,0.15717223
2018,251,8461,0,0.15104963
2018,251,8462,0,0.11438973
2018,251,8463,0,0.2131915
2018,251,8464,0,0.22349675
2018,251,8465,0,0.1670061
2018,251,8466,0,0.025857449
2018,251,8467,0,0.10448582
2018,251,8468,0,0.12225534
2018,251,8470,0,0.1520138
2018,251,8471,0,0.02867633
2018,251,8472,0,0.11979676
2018,251,8473,0,0.104329295
2018,251,8475,0,0.24743813
2018,251,8476,0,0.18841004
2018,251,8477,0,0.050845463
2018,251,8478,1,0.32816082
2018,251,8479,0,0.035747938
2018,251,8480,0,0.077610455
2018,251,8481,0,0.047210436
2018,251,8482,0,0.0463398
2018,251,8483,0,0.038921516
2018,251,8484,0,0.089902245
2018,251,8485,0,0.07114151
2018,490,8401,0,0.79816324
2018,490,8402,0,0.13553438
2018,490,8403,0,0.14927621
2018,490,8404,0,0.17451431
2018,490,8405,0,0.35210705
2018,490,8406,1,0.3364702
2018,490,8407,1,0.24134985
2018,490,8408,0,0.15680501
2018,490,8409,0,0.059291117
2018,490,8410,0,0.4583024
2018,490,8411,1,0.09948448
2018,490,8412,0,0.07964278
2018,490,8413,0,0.0609499
2018,490,8414,0,0.049248185
2018,490,8415,0,0.07337485
2018,490,8416,0,0.21845144
2018,490,8417,0,0.17057997
2018,490,8418,0,0.093035474
2018,490,8419,0,0.053397205
2018,490,8420,0,0.22291425
2018,490,8421,0,0.036373943
2018,490,8422,0,0.0400962
2018,490,8423,0,0.11467211
2018,490,8424,0,0.062258482
2018,490,8425,0,0.08477204
2018,490,8426,0,0.08203099
2018,490,8427,0,0.069468506
2018,490,8428,1,0.06939769
2018,490,8429,1,0.31302884
2018,490,8430,1,0.19097468
2018,490,8431,0,0.041538153
2018,490,8432,0,0.1163253
2018,490,8433,0,0.10554125
2018,490,8434,0,0.2273438
2018,490,8435,0,0.124756694
2018,490,8436,0,0.062424913
2018,490,8437,1,0.14432962
2018,490,8438,0,0.04807695
2018,490,8439,0,0.108922206
2018,490,8440,0,0.2241091
2018,490,8441,0,0.070669815
2018,490,8442,1,0.20945522
2018,490,8443,0,0.034541976
2018,490,8444,1,0.27372175
2018,490,8445,0,0.1490149
2018,490,8446,1,0.3772947
2018,490,8447,1,0.14201973
2018,490,8448,0,0.09700543
2018,490,8449,0,0.2439456
2018,490,8450,0,0.14230368
2018,490,8451,1,0.087023094
2018,490,8452,0,0.04982738
2018,490,8453,0,0.15314533
2018,490,8454,0,0.17569877
2018,490,8455,0,0.101490825
2018,490,8456,0,0.12706569
2018,490,8457,1,0.110516734
2018,490,8458,0,0.07967896
2018,490,8459,1,0.1771989
2018,490,8460,0,0.088072136
2018,490,8461,0,0.093504675
2018,490,8462,0,0.0716736
2018,490,8463,1,0.10139396
2018,490,8464,1,0.2318101
2018,490,8465,0,0.07223075
2018,490,8466,1,0.038493387
2018,490,8467,0,0.09706068
2018,490,8468,0,0.21506551
2018,490,8470,1,0.12554397
2018,490,8471,0,0.03385617
2018,490,8472,1,0.11119306
2018,490,8473,0,0.13756058
2018,490,8474,0,0.092384
2018,490,8475,0,0.4540604
2018,490,8476,0,0.14960566
2018,490,8477,0,0.03288984
2018,490,8478,0,0.21497193
2018,490,8479,0,0.1263883
2018,490,8480,0,0.044523824
2018,490,8481,0,0.059487544
2018,490,8482,0,0.054609455
2018,490,8483,0,0.062067263
2018,490,8484,0,0.047753245
2018,490,8485,0,0.060582776
2018,702,8402,1,0.25039512
2018,702,8405,0,0.4765911
2018,702,8406,1,0.5623587
2018,702,8407,0,0.31940258
2018,702,8408,1,0.30767527
2018,702,8409,0,0.04030403
2018,702,8411,0,0.09914072
2018,702,8412,0,0.064571716
2018,702,8413,0,0.035768993
2018,702,8414,0,0.031948995
2018,702,8416,0,0.4036609
2018,702,8418,0,0.0988699
2018,702,8419,0,0.0668872
2018,702,8420,0,0.18023047
2018,702,8421,0,0.026724365
2018,702,8422,0,0.057284046
2018,702,8423,1,0.14382324
2018,702,8424,0,0.049388237
2018,702,8425,0,0.09316511
2018,702,8427,0,0.1327355
2018,702,8428,0,0.07031159
2018,702,8430,1,0.561412
2018,702,8431,0,0.062438108
2018,702,8432,0,0.15295808
2018,702,8433,1,0.39875156
2018,702,8434,1,0.31797227
2018,702,8435,1,0.34007305
2018,702,8436,0,0.12255745
2018,702,8437,0,0.19953212
2018,702,8438,0,0.13025758
2018,702,8439,0,0.2835414
2018,702,8440,1,0.561306
2018,702,8441,0,0.0944129
2018,702,8442,1,0.4105768
2018,702,8443,0,0.044380866
2018,702,8445,1,0.23498301
2018,702,8446,1,0.6808694
2018,702,8448,0,0.16702607
2018,702,8449,1,0.46406332
2018,702,8451,0,0.14800507
2018,702,8452,0,0.1490344
2018,702,8453,0,0.20350362
2018,702,8454,1,0.6605458
2018,702,8455,0,0.17954211
2018,702,8456,1,0.11325223
2018,702,8457,0,0.23677787
2018,702,8458,0,0.17906006
2018,702,8459,0,0.13844876
2018,702,8460,0,0.18637367
2018,702,8461,0,0.13250983
2018,702,8462,0,0.3206534
2018,702,8463,1,0.58498126
2018,702,8464,0,0.24498294
2018,702,8465,0,0.10197787
2018,702,8466,0,0.15284415
2018,702,8467,0,0.11119721
2018,702,8468,0,0.14710477
2018,702,8470,0,0.111001074
2018,702,8471,1,0.025374023
2018,702,8473,0,0.06254287
2018,702,8474,1,0.097122215
2018,702,8475,1,0.46361873
2018,702,8476,0,0.3738469
2018,702,8477,0,0.090518564
2018,702,8479,0,0.12282561
2018,702,8480,1,0.12285959
2018,702,8481,0,0.04382411
2018,702,8482,0,0.037503973
2018,702,8483,0,0.026141945
2018,702,8484,0,0.08276318
2018,528,8401,0,0.24226956
2018,528,8403,0,0.119775824
2018,528,8404,0,0.16632216
2018,528,8405,0,0.15837078
2018,528,8407,1,0.25170255
2018,528,8408,0,0.10253675
2018,528,8409,0,0.02418707
2018,528,8410,0,0.1935748
2018,528,8411,0,0.06698121
2018,528,8412,0,0.039684717
2018,528,8413,0,0.035097316
2018,528,8414,0,0.05443372
2018,528,8415,0,0.04161677
2018,528,8416,1,0.11292647
2018,528,8417,1,0.4143123
2018,528,8418,0,0.052524805
2018,528,8419,0,0.032704104
2018,528,8420,0,0.23111387
2018,528,8421,0,0.02032928
2018,528,8422,0,0.036499903
2018,528,8423,0,0.08421833
2018,528,8424,0,0.044351734
2018,528,8425,0,0.058581956
2018,528,8426,0,0.08365909
2018,528,8427,0,0.03069394
2018,528,8428,0,0.04584609
2018,528,8429,0,0.057584547
2018,528,8430,0,0.08672754
2018,528,8431,0,0.022607934
2018,528,8432,0,0.053733163
2018,528,8433,0,0.03948321
2018,528,8434,0,0.101493694
2018,528,8435,0,0.1314674
2018,528,8436,0,0.067811295
2018,528,8437,1,0.18867005
2018,528,8438,0,0.037408046
2018,528,8439,0,0.16329332
2018,528,8440,0,0.19301711
2018,528,8441,0,0.0802058
2018,528,8442,0,0.14693858
2018,528,8443,0,0.03542747
2018,528,8444,1,0.6344528
2018,528,8445,1,0.61385715
2018,528,8446,0,0.3539851
2018,528,8447,0,0.17562796
2018,528,8448,1,0.1985372
2018,528,8449,0,0.32295564
2018,528,8450,0,0.15104878
2018,528,8451,0,0.09585311
2018,528,8452,0,0.08267197
2018,528,8453,1,0.25145873
2018,528,8454,1,0.14889356
2018,528,8455,0,0.21196686
2018,528,8456,0,0.07045174
2018,528,8457,0,0.20027073
2018,528,8458,0,0.21391991
2018,528,8459,0,0.1738818
2018,528,8460,0,0.08765641
2018,528,8461,0,0.16785169
2018,528,8462,0,0.08504193
2018,528,8463,0,0.20463301
2018,528,8464,0,0.20543416
2018,528,8465,1,0.15163921
2018,528,8466,0,0.05300024
2018,528,8467,1,0.07577323
2018,528,8468,0,0.16328336
2018,528,8470,0,0.19409186
2018,528,8471,0,0.044365123
2018,528,8472,0,0.12705791
2018,528,8473,0,0.19710736
2018,528,8474,0,0.061582107
2018,528,8475,0,0.18626085
2018,528,8476,0,0.41856414
2018,528,8477,0,0.046149023
2018,528,8478,0,0.08479681
2018,528,8479,0,0.07144879
2018,528,8480,0,0.09902617
2018,528,8481,0,0.029075043
2018,528,8482,0,0.03984571
2018,528,8483,0,0.03032313
2018,528,8484,0,0.08220049
2018,528,8485,0,0.039999522
2018,410,8401,1,0.27383593
2018,410,8402,0,0.16186318
2018,410,8403,0,0.0709985
2018,410,8404,0,0.13986816
2018,410,8405,1,0.13884696
2018,410,8406,1,0.29557753
2018,410,8407,0,0.14306211
2018,410,8408,0,0.070807055
2018,410,8409,0,0.041499186
2018,410,8410,1,0.6212295
2018,410,8411,0,0.084210165
2018,410,8412,0,0.07074357
2018,410,8413,0,0.03663585
2018,410,8414,0,0.036842044
2018,410,8415,0,0.03518877
2018,410,8416,0,0.12678269
2018,410,8417,0,0.18854862
2018,410,8418,0,0.10259423
2018,410,8419,0,0.052654885
2018,410,8420,1,0.31357914
2018,410,8421,0,0.025985872
2018,410,8422,0,0.05103891
2018,410,8423,0,0.10981047
2018,410,8424,0,0.057304434
2018,410,8425,0,0.09870981
2018,410,8426,0,0.1226186
2018,410,8427,0,0.05250981
2018,410,8428,0,0.048798226
2018,410,8429,0,0.050050788
2018,410,8431,0,0.025911408
2018,410,8432,0,0.12624218
2018,410,8433,0,0.10897079
2018,410,8435,0,0.1100193
2018,410,8436,1,0.47718957
2018,410,8437,0,0.11682772
2018,410,8438,0,0.06310119
2018,410,8439,0,0.15153131
2018,410,8440,1,0.26708356
2018,410,8441,0,0.058773525
2018,410,8442,0,0.3268441
2018,410,8443,0,0.030257938
2018,410,8444,0,0.29314154
2018,410,8445,1,0.21222441
2018,410,8446,1,0.18443222
2018,410,8447,1,0.19287914
2018,410,8448,0,0.19558893
2018,410,8449,1,0.36060175
2018,410,8450,0,0.051929813
2018,410,8451,0,0.11042126
2018,410,8452,0,0.111307465
2018,410,8453,0,0.20044437
2018,410,8454,0,0.31145468
2018,410,8455,0,0.2372141
2018,410,8456,0,0.104696244
2018,410,8457,0,0.10948247
2018,410,8458,0,0.12590186
2018,410,8459,0,0.13285498
2018,410,8460,0,0.21648487
2018,410,8461,0,0.14885299
2018,410,8462,0,0.07641594
2018,410,8463,0,0.1319935
2018,410,8464,0,0.21510008
2018,410,8465,0,0.0984602
2018,410,8466,0,0.048734214
2018,410,8467,1,0.08763335
2018,410,8468,0,0.15468444
2018,410,8470,0,0.45426863
2018,410,8471,0,0.04361986
2018,410,8472,0,0.13703507
2018,410,8473,0,0.19711351
2018,410,8474,0,0.09612672
2018,410,8475,1,0.39081937
2018,410,8476,0,0.16419654
2018,410,8477,0,0.06310457
2018,410,8478,1,0.31558442
2018,410,8479,0,0.14857505
2018,410,8480,0,0.053033788
2018,410,8481,0,0.034053765
2018,410,8482,0,0.041119497
2018,410,8483,0,0.041569743
2018,410,8484,0,0.055320542
2018,410,8485,0,0.051531874
2018,458,8404,0,0.1860836
2018,458,8405,0,0.18993813
2018,458,8406,1,0.28913704
2018,458,8407,0,0.20132487
2018,458,8409,0,0.22149937
2018,458,8411,0,0.28769672
2018,458,8412,0,0.13646847
2018,458,8413,0,0.08262664
2018,458,8414,0,0.047045983
2018,458,8415,0,0.04381542
2018,458,8416,1,0.28893307
2018,458,8417,0,0.24454436
2018,458,8418,0,0.11951221
2018,458,8419,0,0.08575282
2018,458,8420,1,0.5910197
2018,458,8421,0,0.031898644
2018,458,8422,1,0.19682518
2018,458,8423,1,0.25881413
2018,458,8424,0,0.06526495
2018,458,8426,0,0.18603222
2018,458,8427,0,0.14621551
2018,458,8428,0,0.054657333
2018,458,8430,1,0.5744699
2018,458,8431,0,0.085313916
2018,458,8434,1,0.63303477
2018,458,8436,0,0.10946443
2018,458,8437,0,0.29324862
2018,458,8438,0,0.08823097
2018,458,8439,0,0.1573524
2018,458,8441,0,0.25416628
2018,458,8442,0,0.26483402
2018,458,8443,0,0.06597077
2018,458,8445,1,0.5397791
2018,458,8447,1,0.47360745
2018,458,8448,1,0.17776252
2018,458,8451,0,0.24075079
2018,458,8452,0,0.18161649
2018,458,8454,1,0.28791142
2018,458,8455,0,0.22805165
2018,458,8456,1,0.09476747
2018,458,8458,0,0.2423751
2018,458,8459,0,0.26944372
2018,458,8460,0,0.30737287
2018,458,8462,1,0.1443793
2018,458,8463,0,0.15751167
2018,458,8464,0,0.18796325
2018,458,8465,1,0.25592068
2018,458,8466,1,0.13521457
2018,458,8468,0,0.20621304
2018,458,8470,1,0.115969084
2018,458,8471,0,0.03238797
2018,458,8472,1,0.114464164
2018,458,8473,1,0.10132821
2018,458,8474,0,0.1240657
2018,458,8475,0,0.2420924
2018,458,8476,0,0.21924682
2018,458,8477,0,0.13041371
2018,458,8478,1,0.18530664
2018,458,8479,0,0.12692378
2018,458,8480,1,0.15263611
2018,458,8481,0,0.04417992
2018,458,8482,0,0.06303617
2018,458,8484,0,0.096743956
2018,458,8485,1,0.2939523
2018,124,8401,1,0.55956763
2018,124,8402,1,0.21901917
2018,124,8403,0,0.14006203
2018,124,8404,0,0.30263126
2018,124,8405,1,0.3564951
2018,124,8406,1,0.24930854
2018,124,8407,0,0.10526929
2018,124,8408,0,0.15172127
2018,124,8409,0,0.08411523
2018,124,8410,0,0.33650187
2018,124,8411,0,0.054421287
2018,124,8412,0,0.06544279
2018,124,8413,0,0.06462606
2018,124,8414,0,0.091765925
2018,124,8415,0,0.096075974
2018,124,8416,0,0.159907
2018,124,8417,0,0.13478549
2018,124,8418,0,0.09913602
2018,124,8419,0,0.102589116
2018,124,8420,0,0.2466471
2018,124,8421,0,0.069098264
2018,124,8422,0,0.08054503
2018,124,8423,0,0.14373077
2018,124,8424,0,0.1079471
2018,124,8425,0,0.09315919
2018,124,8426,0,0.14424674
2018,124,8427,0,0.11018696
2018,124,8428,0,0.09136088
2018,124,8429,0,0.20170344
2018,124,8430,0,0.18109353
2018,124,8431,0,0.04935339
2018,124,8432,0,0.11986033
2018,124,8433,0,0.07040646
2018,124,8434,0,0.6643257
2018,124,8436,0,0.07928774
2018,124,8437,0,0.29210156
2018,124,8438,0,0.11669937
2018,124,8439,0,0.18713538
2018,124,8440,1,0.3006311
2018,124,8441,0,0.11901171
2018,124,8442,0,0.1909824
2018,124,8443,1,0.06574878
2018,124,8445,1,0.5301418
2018,124,8447,0,0.4354651
2018,124,8448,1,0.2266448
2018,124,8451,0,0.18990974
2018,124,8452,1,0.30650613
2018,124,8453,0,0.2151969
2018,124,8454,0,0.17019486
2018,124,8455,0,0.32540086
2018,124,8456,1,0.14271101
2018,124,8457,1,0.18435028
2018,124,8458,0,0.2557899
2018,124,8459,0,0.13742574
2018,124,8460,0,0.13186672
2018,124,8461,0,0.18587185
2018,124,8462,0,0.13503432
2018,124,8463,1,0.1560133
2018,124,8464,0,0.13599055
2018,124,8465,0,0.11898289
2018,124,8466,0,0.067569576
2018,124,8467,0,0.09675483
2018,124,8468,0,0.20163323
2018,124,8470,0,0.18408012
2018,124,8471,0,0.06871436
2018,124,8472,0,0.23750935
2018,124,8473,0,0.10538547
2018,124,8474,0,0.10186214
2018,124,8475,1,0.4638825
2018,124,8476,0,0.17361908
2018,124,8477,0,0.07794583
2018,124,8479,0,0.075704806
2018,124,8480,0,0.09543736
2018,124,8481,0,0.054935753
2018,124,8482,0,0.056916907
2018,124,8483,0,0.057316024
2018,124,8484,0,0.106962875
2018,124,8485,0,0.52406585
2018,484,8402,0,0.3994216
2018,484,8403,0,0.22771975
2018,484,8404,0,0.42518985
2018,484,8405,0,0.30681458
2018,484,8406,0,0.27380222
2018,484,8407,0,0.16470692
2018,484,8408,0,0.09454512
2018,484,8409,0,0.08257495
2018,484,8411,0,0.085922755
2018,484,8412,0,0.11779762
2018,484,8413,0,0.056715198
2018,484,8414,0,0.09013612
2018,484,8415,0,0.08236187
2018,484,8416,0,0.18569058
2018,484,8417,0,0.5070065
2018,484,8418,0,0.09801919
2018,484,8419,0,0.111812204
2018,484,8420,0,0.3990302
2018,484,8421,0,0.05758035
2018,484,8422,0,0.12501702
2018,484,8423,0,0.15644419
2018,484,8424,0,0.088195026
2018,484,8425,0,0.13275367
2018,484,8426,1,0.23813643
2018,484,8427,0,0.22343847
2018,484,8428,0,0.11589093
2018,484,8429,1,0.25415862
2018,484,8430,1,0.47767302
2018,484,8431,0,0.06806917
2018,484,8432,1,0.3844944
2018,484,8433,0,0.10394699
2018,484,8434,0,0.31075904
2018,484,8436,0,0.20585145
2018,484,8437,0,0.18180212
2018,484,8438,0,0.1356287
2018,484,8439,1,0.4475876
2018,484,8441,0,0.16726746
2018,484,8442,0,0.36163217
2018,484,8443,0,0.08846991
2018,484,8450,0,0.17641096
2018,484,8451,0,0.18727706
2018,484,8452,0,0.3627655
2018,484,8453,0,0.45900488
2018,484,8454,1,0.6714262
2018,484,8455,0,0.45584404
2018,484,8456,0,0.34004372
2018,484,8457,0,0.20444997
2018,484,8458,1,0.6858021
2018,484,8459,0,0.26953256
2018,484,8460,0,0.17322029
2018,484,8461,0,0.3644886
2018,484,8462,1,0.42375723
2018,484,8463,0,0.27923164
2018,484,8465,1,0.16530882
2018,484,8466,0,0.095887534
2018,484,8467,0,0.12682985
2018,484,8468,0,0.22001724
2018,484,8470,0,0.6461495
2018,484,8471,0,0.113811366
2018,484,8472,0,0.443271
2018,484,8473,0,0.20138071
2018,484,8474,0,0.16970372
2018,484,8475,0,0.4438886
2018,484,8476,1,0.15748586
2018,484,8477,0,0.12702645
2018,484,8479,0,0.12646686
2018,484,8480,0,0.13408317
2018,484,8481,0,0.05853144
2018,484,8482,0,0.058489688
2018,484,8483,0,0.054412674
2018,484,8484,0,0.097061515
2018,484,8485,0,0.07096172
2018,757,8402,0,0.4774965
2018,757,8403,0,0.14590259
2018,757,8404,0,0.6753157
2018,757,8405,0,0.17429201
2018,757,8406,1,0.28827226
2018,757,8407,1,0.28387704
2018,757,8408,1,0.4547524
2018,757,8409,0,0.0463902
2018,757,8411,0,0.07273055
2018,757,8412,0,0.063665874
2018,757,8413,0,0.05342329
2018,757,8414,0,0.039006982
2018,757,8415,0,0.090666294
2018,757,8416,1,0.19897835
2018,757,8417,0,0.36347616
2018,757,8418,0,0.1491877
2018,757,8419,0,0.049383204
2018,757,8420,1,0.24018756
2018,757,8421,0,0.02664955
2018,757,8422,0,0.052586384
2018,757,8423,1,0.08693723
2018,757,8424,0,0.07098689
2018,757,8425,0,0.071633555
2018,757,8426,1,0.23212871
2018,757,8427,1,0.09889726
2018,757,8428,0,0.06841709
2018,757,8429,0,0.099993646
2018,757,8430,0,0.36096305
2018,757,8431,0,0.026797166
2018,757,8432,1,0.068548895
2018,757,8433,0,0.15324947
2018,757,8434,0,0.388002
2018,757,8435,0,0.2586667
2018,757,8436,0,0.14986975
2018,757,8437,0,0.32573026
2018,757,8438,0,0.104399316
2018,757,8439,0,0.22011104
2018,757,8440,0,0.16542684
2018,757,8441,0,0.09891998
2018,757,8442,0,0.16832186
2018,757,8443,0,0.053117387
2018,757,8444,1,0.43717253
2018,757,8445,1,0.42728543
2018,757,8446,1,0.31054878
2018,757,8447,1,0.33175242
2018,757,8448,1,0.045675527
2018,757,8449,1,0.57975787
2018,757,8450,0,0.2470279
2018,757,8451,0,0.1407369
2018,757,8452,1,0.18546113
2018,757,8453,1,0.28466627
2018,757,8454,0,0.19832918
2018,757,8455,0,0.42988017
2018,757,8456,1,0.12165375
2018,757,8457,1,0.15095243
2018,757,8458,0,0.15583403
2018,757,8459,1,0.13029043
2018,757,8460,0,0.0786646
2018,757,8461,0,0.18809164
2018,757,8462,0,0.08779995
2018,757,8463,0,0.13039616
2018,757,8464,0,0.111230366
2018,757,8465,0,0.10835981
2018,757,8466,0,0.024555076
2018,757,8467,0,0.12288119
2018,757,8468,0,0.13402109
2018,757,8470,0,0.15519616
2018,757,8471,0,0.034268167
2018,757,8472,0,0.17281258
2018,757,8473,0,0.18401726
2018,757,8474,0,0.09315256
2018,757,8475,1,0.21361412
2018,757,8476,1,0.23540036
2018,757,8477,0,0.046599276
2018,757,8478,1,0.6228006
2018,757,8479,0,0.038481925
2018,757,8480,0,0.10598671
2018,757,8481,0,0.055864096
2018,757,8482,0,0.03986274
2018,757,8483,0,0.045568936
2018,757,8484,0,0.0628732
2018,757,8485,0,0.06255555
2018,764,8403,0,0.22319165
2018,764,8405,0,0.34911525
2018,764,8406,0,0.2583533
2018,764,8407,0,0.17358051
2018,764,8408,1,0.48410678
2018,764,8409,0,0.0846258
2018,764,8411,0,0.09872656
2018,764,8412,0,0.069375165
2018,764,8413,0,0.04738935
2018,764,8414,0,0.039164267
2018,764,8415,0,0.04198376
2018,764,8416,0,0.38325602
2018,764,8417,0,0.2094944
2018,764,8418,0,0.05978893
2018,764,8419,0,0.14147092
2018,764,8420,1,0.18903771
2018,764,8421,0,0.029318593
2018,764,8422,0,0.056311935
2018,764,8423,0,0.10860092
2018,764,8424,0,0.080880135
2018,764,8427,0,0.15023883
2018,764,8428,0,0.059284054
2018,764,8429,1,0.25114474
2018,764,8430,0,0.34349287
2018,764,8431,0,0.035714258
2018,764,8434,0,0.22366434
2018,764,8435,0,0.7251375
2018,764,8437,1,0.15782255
2018,764,8438,0,0.13163337
2018,764,8439,1,0.15090263
2018,764,8441,0,0.15008248
2018,764,8442,0,0.25868824
2018,764,8443,0,0.06749678
2018,764,8445,0,0.33067545
2018,764,8446,0,0.4710605
2018,764,8447,0,0.33587307
2018,764,8448,1,0.1164631
2018,764,8450,0,0.07871672
2018,764,8451,1,0.09220276
2018,764,8452,0,0.08687893
2018,764,8453,1,0.11936931
2018,764,8455,0,0.1459424
2018,764,8456,1,0.13113979
2018,764,8457,0,0.20416482
2018,764,8458,0,0.24403565
2018,764,8459,0,0.14295205
2018,764,8460,1,0.26751995
2018,764,8461,0,0.11474635
2018,764,8462,0,0.08588173
2018,764,8464,0,0.5162531
2018,764,8466,0,0.08366562
2018,764,8467,0,0.17159808
2018,764,8468,0,0.1631274
2018,764,8470,0,0.21569856
2018,764,8471,0,0.36869717
2018,764,8472,0,0.20234402
2018,764,8473,0,0.1540526
2018,764,8475,1,0.72661287
2018,764,8476,0,0.32704732
2018,764,8477,0,0.08354978
2018,764,8479,0,0.078675106
2018,764,8480,0,0.10034287
2018,764,8481,0,0.028739152
2018,764,8482,0,0.03725262
2018,764,8483,0,0.05793563
2018,764,8484,0,0.06199453
2018,764,8485,0,0.088256404
2018,752,8401,0,0.3261079
2018,752,8402,0,0.23106821
2018,752,8403,0,0.16753471
2018,752,8404,0,0.17245494
2018,752,8405,1,0.6565155
2018,752,8406,0,0.6100596
2018,752,8407,0,0.30797815
2018,752,8408,0,0.16151494
2018,752,8409,0,0.10477476
2018,752,8410,1,0.32950562
2018,752,8412,0,0.05217683
2018,752,8413,0,0.052355252
2018,752,8414,0,0.045587335
2018,752,8415,0,0.062305596
2018,752,8416,1,0.27481657
2018,752,8417,1,0.18789613
2018,752,8418,0,0.10119164
2018,752,8419,0,0.051764857
2018,752,8420,0,0.5501608
2018,752,8421,0,0.041597318
2018,752,8422,0,0.0615328
2018,752,8423,0,0.20208223
2018,752,8424,0,0.06085537
2018,752,8425,0,0.116671555
2018,752,8426,0,0.104796566
2018,752,8427,0,0.051493756
2018,752,8428,0,0.073732525
2018,752,8429,0,0.057669986
2018,752,8430,0,0.16036716
2018,752,8431,0,0.028475812
2018,752,8432,0,0.07348597
2018,752,8433,0,0.06985899
2018,752,8434,0,0.13572599
2018,752,8435,0,0.37458876
2018,752,8436,0,0.15576223
2018,752,8437,0,0.21749315
2018,752,8438,0,0.062022973
2018,752,8439,0,0.15631299
2018,752,8440,0,0.32955363
2018,752,8441,0,0.102235645
2018,752,8442,1,0.2972962
2018,752,8443,0,0.059478123
2018,752,8446,0,0.6267381
2018,752,8447,1,0.738051
2018,752,8448,1,0.192566
2018,752,8449,0,0.6252511
2018,752,8450,0,0.16827692
2018,752,8451,0,0.23459661
2018,752,8452,0,0.19588238
2018,752,8453,1,0.24837057
2018,752,8454,0,0.43687305
2018,752,8455,0,0.22214764
2018,752,8456,0,0.08600604
2018,752,8457,0,0.5256527
2018,752,8458,0,0.3154462
2018,752,8459,0,0.5312334
2018,752,8460,0,0.0892958
2018,752,8461,1,0.24480341
2018,752,8462,0,0.11588085
2018,752,8463,0,0.28568035
2018,752,8464,0,0.2543402
2018,752,8465,0,0.22224507
2018,752,8466,0,0.04167116
2018,752,8467,0,0.12932263
2018,752,8468,0,0.18526182
2018,752,8470,1,0.3481176
2018,752,8471,0,0.08167679
2018,752,8472,1,0.104279496
2018,752,8473,1,0.22199155
2018,752,8474,0,0.09871708
2018,752,8475,0,0.3565711
2018,752,8476,0,0.31882283
2018,752,8477,0,0.11446737
2018,752,8478,1,0.76125455
2018,752,8479,0,0.039111592
2018,752,8480,0,0.16568728
2018,752,8481,0,0.05809536
2018,752,8482,0,0.044220805
2018,752,8483,0,0.05286059
2018,752,8484,0,0.086104006
2018,752,8485,0,0.05732924
2018,372,8402,1,0.73164463
2018,372,8403,0,0.23349628
2018,372,8406,1,0.5440318
2018,372,8409,0,0.14953315
2018,372,8411,0,0.19426328
2018,372,8412,0,0.2663926
2018,372,8413,0,0.13217188
2018,372,8414,0,0.09875502
2018,372,8415,0,0.22199225
2018,372,8418,0,0.12624638
2018,372,8419,0,0.17904702
2018,372,8421,0,0.07347407
2018,372,8422,0,0.12573309
2018,372,8423,0,0.44874924
2018,372,8424,0,0.2877055
2018,372,8425,0,0.2666173
2018,372,8426,1,0.50109357
2018,372,8427,0,0.10752473
2018,372,8428,0,0.13373837
2018,372,8429,1,0.29848573
2018,372,8430,1,0.2819679
2018,372,8431,0,0.06339599
2018,372,8432,0,0.2196058
2018,372,8433,0,0.116057634
2018,372,8434,1,0.23991832
2018,372,8436,0,0.24781421
2018,372,8437,1,0.44812253
2018,372,8438,0,0.269513
2018,372,8441,0,0.27071473
2018,372,8443,0,0.11316663
2018,372,8448,0,0.2005058
2018,372,8450,0,0.3372908
2018,372,8451,1,0.21952397
2018,372,8456,0,0.46535864
2018,372,8457,1,0.44772163
2018,372,8462,1,0.31809533
2018,372,8463,0,0.23289418
2018,372,8465,1,0.2259982
2018,372,8466,0,0.23873268
2018,372,8467,0,0.25529206
2018,372,8468,0,0.28819716
2018,372,8470,0,0.36119556
2018,372,8471,0,0.05443195
2018,372,8472,1,0.409928
2018,372,8473,0,0.13359062
2018,372,8474,0,0.21511042
2018,372,8475,0,0.30430955
2018,372,8477,0,0.11329687
2018,372,8479,0,0.17591959
2018,372,8480,0,0.22547407
2018,372,8481,0,0.07821475
2018,372,8482,0,0.1416138
2018,372,8483,0,0.13519368
2018,372,8484,0,0.13335855
2018,372,8485,0,0.20373116
2018,40,8401,0,0.43194568
2018,40,8402,1,0.4533924
2018,40,8403,0,0.13288353
2018,40,8404,0,0.20434509
2018,40,8405,0,0.39451653
2018,40,8406,0,0.27255714
2018,40,8407,0,0.15952262
2018,40,8408,0,0.1419609
2018,40,8409,0,0.07468612
2018,40,8411,0,0.08798292
2018,40,8412,0,0.089828104
2018,40,8413,0,0.05155677
2018,40,8414,0,0.04510724
2018,40,8415,0,0.079221904
2018,40,8416,1,0.25838593
2018,40,8417,0,0.24782276
2018,40,8418,0,0.097047344
2018,40,8419,0,0.045477036
2018,40,8420,0,0.13655059
2018,40,8421,0,0.038577933
2018,40,8422,0,0.1013891
2018,40,8423,0,0.10626658
2018,40,8424,0,0.07093728
2018,40,8425,0,0.11569945
2018,40,8426,0,0.107888475
2018,40,8427,0,0.22799817
2018,40,8428,0,0.08680958
2018,40,8429,0,0.15332612
2018,40,8430,0,0.1937337
2018,40,8431,0,0.030027775
2018,40,8432,0,0.05287479
2018,40,8433,0,0.11973698
2018,40,8435,0,0.23068431
2018,40,8436,0,0.06861649
2018,40,8438,0,0.070169576
2018,40,8439,0,0.19283423
2018,40,8440,0,0.20313607
2018,40,8441,0,0.10300151
2018,40,8442,1,0.1873785
2018,40,8443,0,0.047061652
2018,40,8444,1,0.80106765
2018,40,8445,0,0.39413363
2018,40,8446,0,0.39778894
2018,40,8447,0,0.19862783
2018,40,8448,0,0.13103358
2018,40,8449,0,0.3243305
2018,40,8450,0,0.32200417
2018,40,8451,0,0.10622618
2018,40,8453,0,0.32334486
2018,40,8454,0,0.17901266
2018,40,8455,0,0.18789569
2018,40,8456,0,0.06442863
2018,40,8457,0,0.24893926
2018,40,8458,0,0.11626426
2018,40,8459,0,0.10073242
2018,40,8460,1,0.12509428
2018,40,8461,0,0.24413212
2018,40,8462,0,0.112569466
2018,40,8463,1,0.14153537
2018,40,8464,0,0.22501327
2018,40,8465,0,0.0802142
2018,40,8466,0,0.050998785
2018,40,8467,0,0.1456583
2018,40,8468,0,0.17739227
2018,40,8470,1,0.35219592
2018,40,8471,0,0.034297325
2018,40,8472,0,0.36908418
2018,40,8473,0,0.14296055
2018,40,8474,0,0.084431216
2018,40,8475,1,0.47665188
2018,40,8476,0,0.17675757
2018,40,8477,0,0.07092596
2018,40,8478,0,0.23565184
2018,40,8479,0,0.03226735
2018,40,8480,0,0.08763008
2018,40,8481,0,0.03169707
2018,40,8482,0,0.06923756
2018,40,8483,0,0.050515875
2018,40,8484,0,0.10071733
2018,40,8485,0,0.11962655
2018,724,8401,0,0.5583345
2018,724,8402,0,0.3398193
2018,724,8403,1,0.4540405
2018,724,8404,1,0.42570883
2018,724,8405,1,0.5972143
2018,724,8407,0,0.15690517
2018,724,8408,1,0.13270992
2018,724,8409,0,0.044033732
2018,724,8410,0,0.1503541
2018,724,8411,0,0.074190356
2018,724,8412,0,0.105474666
2018,724,8413,0,0.031128893
2018,724,8414,0,0.040698472
2018,724,8415,0,0.038477033
2018,724,8416,0,0.18264344
2018,724,8417,0,0.21923926
2018,724,8418,0,0.06952158
2018,724,8419,0,0.05651436
2018,724,8420,0,0.11591468
2018,724,8421,0,0.026242794
2018,724,8422,0,0.0352809
2018,724,8424,0,0.04699109
2018,724,8425,0,0.060010433
2018,724,8426,0,0.062815644
2018,724,8427,0,0.062011447
2018,724,8428,0,0.04947097
2018,724,8429,0,0.16147316
2018,724,8430,1,0.19150448
2018,724,8431,0,0.022103252
2018,724,8432,0,0.079845786
2018,724,8433,0,0.115895204
2018,724,8434,1,0.24155456
2018,724,8435,0,0.22589405
2018,724,8436,0,0.06395984
2018,724,8437,0,0.112750545
2018,724,8438,0,0.04740206
2018,724,8439,1,0.20104063
2018,724,8440,0,0.12710951
2018,724,8441,0,0.09796765
2018,724,8442,0,0.21092504
2018,724,8443,0,0.035279248
2018,724,8444,1,0.6400127
2018,724,8445,1,0.5093895
2018,724,8446,1,0.6451667
2018,724,8447,1,0.6274517
2018,724,8448,0,0.23580022
2018,724,8449,1,0.66299856
2018,724,8450,0,0.08529003
2018,724,8451,0,0.12601854
2018,724,8452,1,0.42352864
2018,724,8453,1,0.180387
2018,724,8454,0,0.4843456
2018,724,8455,1,0.35275117
2018,724,8456,0,0.18516582
2018,724,8457,1,0.13553876
2018,724,8458,0,0.09590544
2018,724,8459,0,0.14495888
2018,724,8460,0,0.09859442
2018,724,8461,0,0.15061826
2018,724,8462,1,0.118040666
2018,724,8463,0,0.21792772
2018,724,8464,0,0.11360979
2018,724,8465,0,0.080087006
2018,724,8466,0,0.032481678
2018,724,8467,1,0.09131405
2018,724,8468,1,0.18241327
2018,724,8470,0,0.1851572
2018,724,8471,0,0.040874057
2018,724,8472,1,0.21325248
2018,724,8473,0,0.11292526
2018,724,8474,0,0.075924374
2018,724,8475,1,0.57853097
2018,724,8476,0,0.2462047
2018,724,8477,0,0.088236965
2018,724,8478,0,0.15637943
2018,724,8479,0,0.036818907
2018,724,8480,1,0.07780636
2018,724,8481,0,0.031191433
2018,724,8482,0,0.04650536
2018,724,8483,0,0.055478275
2018,724,8484,0,0.06662727
2018,724,8485,0,0.064391434
