t,i,k4,label_observed_continuing,p
2016,842,8401,0,0.31229803
2016,842,8402,0,0.20812294
2016,842,8403,0,0.5034303
2016,842,8404,0,0.23838955
2016,842,8405,1,0.25585955
2016,842,8406,1,0.20399246
2016,842,8407,0,0.05808412
2016,842,8408,0,0.098805934
2016,842,8409,0,0.054797854
2016,842,8410,1,0.32639644
2016,842,8411,0,0.03976328
2016,842,8412,0,0.03931759
2016,842,8413,0,0.5409871
2016,842,8414,0,0.44644904
2016,842,8415,0,0.054858096
2016,842,8416,0,0.19282612
2016,842,8417,0,0.48065713
2016,842,8418,0,0.05238793
2016,842,8419,0,0.04105266
2016,842,8420,0,0.25336844
2016,842,8421,0,0.068281926
2016,842,8422,0,0.03813083
2016,842,8423,0,0.42834607
2016,842,8424,0,0.030497216
2016,842,8425,0,0.10431361
2016,842,8426,0,0.11720551
2016,842,8427,0,0.16177754
2016,842,8428,0,0.054282043
2016,842,8429,0,0.116762
2016,842,8430,0,0.06381973
2016,842,8431,0,0.24219897
2016,842,8432,0,0.3068669
2016,842,8433,0,0.036214896
2016,842,8434,0,0.4954571
2016,842,8435,0,0.32714388
2016,842,8436,0,0.41718203
2016,842,8437,0,0.44862202
2016,842,8438,0,0.02599361
2016,842,8439,0,0.17707372
2016,842,8440,0,0.10072345
2016,842,8441,0,0.059208665
2016,842,8442,0,0.38578546
2016,842,8443,0,0.049181446
2016,842,8444,0,0.5334619
2016,842,8446,0,0.17084053
2016,842,8447,0,0.14012255
2016,842,8449,0,0.1695899
2016,842,8450,0,0.084365696
2016,842,8451,0,0.042086452
2016,842,8452,0,0.31241488
2016,842,8453,0,0.3364162
2016,842,8454,1,0.17798725
2016,842,8455,0,0.11661103
2016,842,8456,1,0.11321884
2016,842,8457,0,0.15616536
2016,842,8458,0,0.10206389
2016,842,8459,0,0.048442103
2016,842,8460,1,0.17149997
2016,842,8461,0,0.059216
2016,842,8462,0,0.06773553
2016,842,8463,1,0.21966207
2016,842,8464,0,0.09458204
2016,842,8465,0,0.08219533
2016,842,8466,0,0.048534747
2016,842,8467,0,0.03678727
2016,842,8468,0,0.27940148
2016,842,8470,0,0.42118236
2016,842,8471,0,0.03208855
2016,842,8472,1,0.15574244
2016,842,8473,0,0.120231576
2016,842,8474,0,0.048310775
2016,842,8475,0,0.20243886
2016,842,8476,0,0.15681776
2016,842,8477,0,0.048768632
2016,842,8478,0,0.4096858
2016,842,8479,0,0.05940301
2016,842,8480,0,0.05785604
2016,842,8481,0,0.06324019
2016,842,8482,0,0.04089554
2016,842,8483,0,0.041387185
2016,842,8484,0,0.13839796
2016,842,8485,0,0.6228989
2016,276,8401,0,0.21806808
2016,276,8402,0,0.04841471
2016,276,8403,0,0.082878835
2016,276,8404,0,0.16271381
2016,276,8405,1,0.47790647
2016,276,8406,1,0.110684484
2016,276,8407,0,0.06871847
2016,276,8408,0,0.04663399
2016,276,8409,0,0.03906489
2016,276,8410,1,0.4127009
2016,276,8411,0,0.039653443
2016,276,8412,0,0.031708322
2016,276,8413,0,0.025375538
2016,276,8414,0,0.025670342
2016,276,8415,0,0.031499933
2016,276,8416,0,0.029093437
2016,276,8417,0,0.22515787
2016,276,8418,0,0.02773166
2016,276,8419,0,0.029363796
2016,276,8420,0,0.10544566
2016,276,8421,0,0.0160953
2016,276,8422,0,0.017946323
2016,276,8423,0,0.024567412
2016,276,8424,0,0.027331755
2016,276,8425,0,0.029587252
2016,276,8426,0,0.061329983
2016,276,8427,0,0.058971565
2016,276,8428,0,0.031134926
2016,276,8429,0,0.06344779
2016,276,8430,0,0.05052459
2016,276,8431,0,0.031475358
2016,276,8432,0,0.067036584
2016,276,8433,0,0.043555457
2016,276,8434,0,0.07813066
2016,276,8435,0,0.12076178
2016,276,8436,0,0.042025976
2016,276,8437,0,0.2515146
2016,276,8438,0,0.025594797
2016,276,8439,0,0.089744166
2016,276,8440,0,0.043364674
2016,276,8441,0,0.03438699
2016,276,8442,0,0.056087308
2016,276,8443,0,0.03757721
2016,276,8444,0,0.22939064
2016,276,8445,0,0.108153425
2016,276,8446,0,0.17241697
2016,276,8447,0,0.12242906
2016,276,8448,0,0.057632394
2016,276,8449,0,0.17075829
2016,276,8450,0,0.04366242
2016,276,8451,0,0.026749637
2016,276,8452,0,0.030581178
2016,276,8453,0,0.06472885
2016,276,8454,0,0.112593785
2016,276,8455,0,0.23524925
2016,276,8456,0,0.074216984
2016,276,8457,0,0.21078204
2016,276,8458,0,0.09574402
2016,276,8459,0,0.04739372
2016,276,8460,0,0.077669755
2016,276,8461,0,0.09364993
2016,276,8462,0,0.053252228
2016,276,8463,0,0.12572226
2016,276,8464,0,0.055970173
2016,276,8465,0,0.031241847
2016,276,8466,0,0.045319065
2016,276,8467,0,0.035075538
2016,276,8468,0,0.042014614
2016,276,8469,1,0.20672184
2016,276,8470,0,0.08062203
2016,276,8471,1,0.038875416
2016,276,8472,0,0.04098136
2016,276,8473,0,0.06956424
2016,276,8474,0,0.028407283
2016,276,8475,0,0.12652756
2016,276,8476,0,0.16020417
2016,276,8477,0,0.042676598
2016,276,8478,0,0.077315785
2016,276,8479,0,0.028903004
2016,276,8480,0,0.042651642
2016,276,8481,0,0.027617028
2016,276,8482,0,0.029787727
2016,276,8483,0,0.031113693
2016,276,8484,0,0.026851283
2016,276,8485,0,0.024927495
2016,392,8401,0,0.5340193
2016,392,8402,0,0.14893687
2016,392,8403,0,0.23703693
2016,392,8404,1,0.29121986
2016,392,8405,1,0.1590878
2016,392,8406,0,0.0877291
2016,392,8407,0,0.05120752
2016,392,8408,0,0.059979048
2016,392,8409,0,0.036787465
2016,392,8411,0,0.06583704
2016,392,8412,0,0.04803169
2016,392,8413,0,0.03344169
2016,392,8414,0,0.032775883
2016,392,8415,0,0.026449459
2016,392,8416,0,0.18868747
2016,392,8417,0,0.14676929
2016,392,8418,0,0.048025522
2016,392,8419,0,0.05522656
2016,392,8420,0,0.18145066
2016,392,8421,0,0.02094365
2016,392,8422,0,0.037484776
2016,392,8423,0,0.07834701
2016,392,8424,0,0.036093373
2016,392,8425,0,0.063884415
2016,392,8426,0,0.10778936
2016,392,8427,0,0.032090154
2016,392,8428,0,0.08215534
2016,392,8429,0,0.12815824
2016,392,8430,0,0.10955843
2016,392,8431,0,0.04997651
2016,392,8432,0,0.10325479
2016,392,8433,0,0.079011515
2016,392,8434,0,0.16138247
2016,392,8435,0,0.37894896
2016,392,8436,1,0.13959983
2016,392,8437,0,0.13149798
2016,392,8438,0,0.07299756
2016,392,8439,0,0.1585678
2016,392,8440,0,0.1251104
2016,392,8441,0,0.08227803
2016,392,8442,0,0.12223717
2016,392,8443,0,0.051226072
2016,392,8444,0,0.24008818
2016,392,8445,0,0.16829847
2016,392,8446,0,0.34051684
2016,392,8447,0,0.101811916
2016,392,8448,0,0.076265916
2016,392,8449,1,0.64759845
2016,392,8451,0,0.06289651
2016,392,8452,0,0.0526355
2016,392,8453,0,0.2911756
2016,392,8454,0,0.15923186
2016,392,8455,1,0.2287034
2016,392,8456,1,0.19808772
2016,392,8457,0,0.16285971
2016,392,8458,0,0.1252385
2016,392,8459,0,0.086976565
2016,392,8460,0,0.11994518
2016,392,8461,0,0.122050345
2016,392,8462,0,0.105921976
2016,392,8463,0,0.17070279
2016,392,8464,0,0.3627481
2016,392,8465,0,0.09917104
2016,392,8466,0,0.06986415
2016,392,8467,0,0.038318317
2016,392,8468,1,0.11335089
2016,392,8469,1,0.48714456
2016,392,8470,0,0.08689307
2016,392,8471,1,0.030535823
2016,392,8472,0,0.042340346
2016,392,8473,0,0.13068023
2016,392,8474,0,0.12565117
2016,392,8475,0,0.1624075
2016,392,8476,0,0.27638692
2016,392,8477,0,0.08237932
2016,392,8478,0,0.22781596
2016,392,8479,0,0.08334628
2016,392,8480,0,0.06552443
2016,392,8481,0,0.03731413
2016,392,8482,0,0.03808167
2016,392,8483,0,0.03096303
2016,392,8484,0,0.03227211
2016,392,8485,0,0.054715138
2016,156,8401,1,0.32486805
2016,156,8402,1,0.039148264
2016,156,8403,1,0.19528
2016,156,8404,1,0.048410166
2016,156,8405,0,0.1097733
2016,156,8406,1,0.1088018
2016,156,8407,0,0.09284549
2016,156,8408,0,0.04661908
2016,156,8409,0,0.029813036
2016,156,8411,0,0.020875705
2016,156,8412,0,0.029360333
2016,156,8413,0,0.06741949
2016,156,8414,0,0.026249845
2016,156,8415,0,0.022969626
2016,156,8416,0,0.03622778
2016,156,8417,0,0.15190348
2016,156,8418,0,0.023000294
2016,156,8419,0,0.055333465
2016,156,8420,0,0.04688104
2016,156,8421,0,0.03283358
2016,156,8422,0,0.013212448
2016,156,8423,0,0.025539083
2016,156,8424,0,0.028220758
2016,156,8425,0,0.040211357
2016,156,8426,0,0.15846214
2016,156,8427,0,0.019724397
2016,156,8428,0,0.108012274
2016,156,8430,0,0.19107336
2016,156,8431,0,0.13248031
2016,156,8432,0,0.026059337
2016,156,8433,0,0.020822896
2016,156,8434,0,0.05129786
2016,156,8436,0,0.0114075355
2016,156,8439,0,0.04903001
2016,156,8440,0,0.031282585
2016,156,8441,0,0.016724115
2016,156,8442,0,0.02732588
2016,156,8443,0,0.030215817
2016,156,8444,0,0.16673249
2016,156,8445,0,0.09694175
2016,156,8446,0,0.121251
2016,156,8447,0,0.069770105
2016,156,8448,0,0.02855724
2016,156,8449,0,0.08486387
2016,156,8450,0,0.027606538
2016,156,8451,0,0.0138393985
2016,156,8452,0,0.023961376
2016,156,8453,0,0.060529318
2016,156,8454,0,0.047387585
2016,156,8455,0,0.040084578
2016,156,8456,0,0.020103749
2016,156,8457,0,0.05117254
2016,156,8458,0,0.03589706
2016,156,8459,0,0.018669292
2016,156,8460,0,0.025062114
2016,156,8461,0,0.025641419
2016,156,8462,0,0.01917502
2016,156,8463,0,0.068269946
2016,156,8464,0,0.037656825
2016,156,8465,0,0.036197692
2016,156,8466,0,0.02533167
2016,156,8467,0,0.024398612
2016,156,8468,0,0.018898014
2016,156,8469,1,0.24263668
2016,156,8470,0,0.026413372
2016,156,8471,0,0.02913988
2016,156,8472,0,0.026229354
2016,156,8473,0,0.06141177
2016,156,8475,0,0.09250578
2016,156,8476,0,0.05490128
2016,156,8477,0,0.025361154
2016,156,8478,0,0.13752235
2016,156,8479,0,0.027766174
2016,156,8480,0,0.017082283
2016,156,8481,0,0.02433678
2016,156,8482,0,0.01923457
2016,156,8483,0,0.030977834
2016,156,8484,0,0.05205122
2016,380,8401,0,0.5459395
2016,380,8403,0,0.077746235
2016,380,8404,0,0.124424316
2016,380,8406,1,0.052703418
2016,380,8407,0,0.09845072
2016,380,8408,0,0.07830246
2016,380,8409,0,0.044988126
2016,380,8411,0,0.15786716
2016,380,8412,0,0.04947874
2016,380,8413,0,0.028404051
2016,380,8414,0,0.025086656
2016,380,8415,0,0.03580194
2016,380,8416,0,0.051565733
2016,380,8417,0,0.04518076
2016,380,8418,0,0.028144782
2016,380,8419,0,0.025546998
2016,380,8420,0,0.101887666
2016,380,8421,0,0.016398849
2016,380,8422,0,0.022306558
2016,380,8423,0,0.046733666
2016,380,8424,0,0.02693276
2016,380,8425,0,0.02925123
2016,380,8426,0,0.05212892
2016,380,8427,0,0.098342866
2016,380,8428,0,0.028484922
2016,380,8429,0,0.06450436
2016,380,8430,0,0.13212882
2016,380,8431,0,0.030522278
2016,380,8432,0,0.043001063
2016,380,8433,0,0.041066594
2016,380,8434,0,0.09064574
2016,380,8435,0,0.13412876
2016,380,8436,0,0.043259468
2016,380,8438,0,0.031197956
2016,380,8439,0,0.09471958
2016,380,8440,0,0.09863792
2016,380,8441,0,0.0598526
2016,380,8442,0,0.100775145
2016,380,8443,0,0.03241884
2016,380,8444,0,0.42761573
2016,380,8445,0,0.1666996
2016,380,8446,0,0.16541524
2016,380,8447,0,0.1183152
2016,380,8448,0,0.07020784
2016,380,8449,0,0.15564825
2016,380,8450,0,0.042263508
2016,380,8451,0,0.027269734
2016,380,8453,0,0.067588754
2016,380,8454,1,0.16467726
2016,380,8455,0,0.41884008
2016,380,8456,0,0.06387121
2016,380,8457,0,0.12605572
2016,380,8458,0,0.14007455
2016,380,8459,0,0.09591646
2016,380,8460,0,0.081579864
2016,380,8461,0,0.070581846
2016,380,8462,0,0.038047876
2016,380,8463,0,0.095640495
2016,380,8464,0,0.04205381
2016,380,8465,0,0.039234757
2016,380,8466,0,0.03817247
2016,380,8467,0,0.031701654
2016,380,8468,0,0.04671296
2016,380,8469,1,0.61306936
2016,380,8470,0,0.45431045
2016,380,8471,1,0.04088444
2016,380,8472,1,0.122786574
2016,380,8473,0,0.07833432
2016,380,8474,0,0.0318661
2016,380,8475,0,0.33329755
2016,380,8476,0,0.08242164
2016,380,8477,0,0.0348563
2016,380,8478,0,0.10136893
2016,380,8479,0,0.0289322
2016,380,8480,0,0.049080066
2016,380,8481,0,0.02095668
2016,380,8482,0,0.05176372
2016,380,8483,0,0.035428926
2016,380,8484,0,0.029362392
2016,380,8485,0,0.04409662
2016,826,8401,1,0.25270656
2016,826,8402,1,0.20767705
2016,826,8403,0,0.4939907
2016,826,8405,0,0.2960357
2016,826,8406,1,0.37158042
2016,826,8407,0,0.061708476
2016,826,8408,0,0.0984835
2016,826,8409,0,0.037385397
2016,826,8411,0,0.024072545
2016,826,8412,0,0.058665413
2016,826,8413,0,0.04462787
2016,826,8414,0,0.033421837
2016,826,8415,0,0.058644023
2016,826,8416,0,0.14108294
2016,826,8417,1,0.08182724
2016,826,8418,0,0.054323614
2016,826,8419,0,0.04165138
2016,826,8420,0,0.11213682
2016,826,8421,0,0.023039715
2016,826,8422,0,0.04438653
2016,826,8423,0,0.045444366
2016,826,8424,0,0.033074867
2016,826,8425,0,0.07858255
2016,826,8426,0,0.10276153
2016,826,8427,0,0.10080491
2016,826,8428,0,0.058423463
2016,826,8429,0,0.09170224
2016,826,8430,0,0.106955044
2016,826,8431,0,0.049044695
2016,826,8432,0,0.10777552
2016,826,8433,0,0.19394189
2016,826,8434,0,0.20667015
2016,826,8435,0,0.21425119
2016,826,8436,0,0.08294417
2016,826,8437,0,0.15725334
2016,826,8438,0,0.03207243
2016,826,8439,0,0.15119332
2016,826,8440,0,0.17082365
2016,826,8441,0,0.10810868
2016,826,8442,0,0.11320991
2016,826,8443,0,0.048445478
2016,826,8444,0,0.26374534
2016,826,8445,0,0.33826908
2016,826,8446,0,0.20369135
2016,826,8447,0,0.13597213
2016,826,8448,0,0.13816066
2016,826,8450,0,0.16174564
2016,826,8451,0,0.072314054
2016,826,8452,0,0.10145463
2016,826,8453,0,0.24837893
2016,826,8454,0,0.21375859
2016,826,8455,1,0.6005927
2016,826,8456,0,0.11553734
2016,826,8457,0,0.2930892
2016,826,8458,0,0.13266635
2016,826,8459,0,0.07874641
2016,826,8460,0,0.17046365
2016,826,8461,0,0.18628846
2016,826,8462,0,0.14369793
2016,826,8463,1,0.24225692
2016,826,8464,0,0.33020163
2016,826,8466,0,0.05154728
2016,826,8467,0,0.046681874
2016,826,8468,0,0.11780988
2016,826,8470,0,0.13319229
2016,826,8471,1,0.04842361
2016,826,8472,1,0.042545564
2016,826,8473,0,0.08900445
2016,826,8474,0,0.0711265
2016,826,8475,0,0.16116853
2016,826,8476,0,0.19448002
2016,826,8477,0,0.0464915
2016,826,8478,0,0.1874056
2016,826,8479,0,0.037408464
2016,826,8480,0,0.092060976
2016,826,8481,0,0.08617562
2016,826,8482,0,0.04587957
2016,826,8483,0,0.045723896
2016,826,8484,0,0.038565997
2016,826,8485,0,0.035715204
2016,251,8401,0,0.21033369
2016,251,8402,0,0.22187285
2016,251,8403,0,0.1144463
2016,251,8404,0,0.16692372
2016,251,8405,0,0.14072515
2016,251,8406,0,0.14444278
2016,251,8407,0,0.088525556
2016,251,8408,0,0.08812757
2016,251,8409,0,0.050662816
2016,251,8411,0,0.07253439
2016,251,8412,0,0.054742616
2016,251,8413,0,0.036253512
2016,251,8414,0,0.031771075
2016,251,8415,0,0.041079167
2016,251,8416,0,0.08835533
2016,251,8417,1,0.0765309
2016,251,8418,0,0.05079542
2016,251,8419,0,0.03869757
2016,251,8420,0,0.18497925
2016,251,8421,0,0.021746486
2016,251,8422,0,0.041497685
2016,251,8423,0,0.07675443
2016,251,8424,0,0.044688627
2016,251,8425,0,0.05464132
2016,251,8426,0,0.17044829
2016,251,8427,0,0.08014397
2016,251,8428,0,0.052830245
2016,251,8429,0,0.10065865
2016,251,8431,0,0.042367857
2016,251,8432,0,0.059431378
2016,251,8433,0,0.05882233
2016,251,8434,0,0.15684378
2016,251,8435,0,0.15825357
2016,251,8436,0,0.034984533
2016,251,8438,0,0.03607118
2016,251,8439,0,0.20553108
2016,251,8441,0,0.110383704
2016,251,8442,0,0.19124685
2016,251,8443,0,0.06421828
2016,251,8444,1,0.55739075
2016,251,8445,0,0.17601334
2016,251,8446,1,0.21922721
2016,251,8447,0,0.13329753
2016,251,8448,0,0.18219277
2016,251,8449,0,0.31999007
2016,251,8450,1,0.09786262
2016,251,8451,0,0.045808036
2016,251,8452,0,0.15929788
2016,251,8453,0,0.1916889
2016,251,8454,0,0.12636872
2016,251,8455,0,0.17893001
2016,251,8456,0,0.16861996
2016,251,8457,0,0.237903
2016,251,8458,0,0.2985118
2016,251,8459,0,0.1871677
2016,251,8460,0,0.1501752
2016,251,8461,0,0.09360311
2016,251,8462,0,0.11903541
2016,251,8463,0,0.13049366
2016,251,8464,0,0.19218509
2016,251,8465,0,0.12309154
2016,251,8466,0,0.05591165
2016,251,8467,0,0.058973476
2016,251,8468,0,0.11474235
2016,251,8470,0,0.08894479
2016,251,8471,1,0.051923953
2016,251,8472,1,0.11380901
2016,251,8473,0,0.1069503
2016,251,8475,0,0.28723332
2016,251,8476,1,0.4807305
2016,251,8477,0,0.044700447
2016,251,8479,0,0.040682074
2016,251,8480,0,0.04575925
2016,251,8481,0,0.026876159
2016,251,8482,0,0.04264317
2016,251,8483,0,0.043291222
2016,251,8484,0,0.056339815
2016,251,8485,0,0.06351592
2016,490,8402,1,0.39523557
2016,490,8403,0,0.45418283
2016,490,8404,1,0.1879048
2016,490,8405,0,0.25901714
2016,490,8406,0,0.17171498
2016,490,8407,1,0.50217676
2016,490,8408,1,0.18367767
2016,490,8409,0,0.057465937
2016,490,8410,0,0.1909049
2016,490,8411,0,0.17140199
2016,490,8412,0,0.10104974
2016,490,8413,0,0.034665603
2016,490,8414,0,0.035768252
2016,490,8415,0,0.04381772
2016,490,8416,0,0.19781373
2016,490,8417,0,0.121749945
2016,490,8418,0,0.03652813
2016,490,8419,0,0.0631654
2016,490,8420,0,0.17436928
2016,490,8421,0,0.023310302
2016,490,8422,0,0.02846694
2016,490,8423,0,0.06186238
2016,490,8424,0,0.04189398
2016,490,8425,0,0.08171571
2016,490,8426,1,0.4784205
2016,490,8427,0,0.11623254
2016,490,8428,0,0.057294037
2016,490,8429,0,0.33778852
2016,490,8430,0,0.14985023
2016,490,8431,0,0.08200582
2016,490,8432,0,0.11860201
2016,490,8433,0,0.08351266
2016,490,8434,0,0.14156827
2016,490,8435,0,0.1261108
2016,490,8436,0,0.08541063
2016,490,8437,0,0.061804738
2016,490,8438,0,0.04639492
2016,490,8439,0,0.09342645
2016,490,8440,0,0.20274413
2016,490,8441,0,0.06026336
2016,490,8442,0,0.14507608
2016,490,8443,0,0.046621315
2016,490,8444,0,0.22040617
2016,490,8445,0,0.17478156
2016,490,8446,0,0.2653379
2016,490,8447,0,0.09003651
2016,490,8448,0,0.099378996
2016,490,8449,0,0.30273354
2016,490,8450,0,0.15234935
2016,490,8451,0,0.09987945
2016,490,8452,0,0.04806915
2016,490,8453,0,0.20056441
2016,490,8454,0,0.15750049
2016,490,8455,0,0.13581884
2016,490,8456,1,0.27226833
2016,490,8457,0,0.15983517
2016,490,8458,0,0.112237595
2016,490,8459,0,0.11863695
2016,490,8460,0,0.16471252
2016,490,8461,0,0.106838
2016,490,8462,0,0.09743157
2016,490,8463,0,0.09021487
2016,490,8464,0,0.22455287
2016,490,8465,0,0.13283145
2016,490,8466,0,0.08106915
2016,490,8467,0,0.073542155
2016,490,8468,0,0.12937726
2016,490,8470,0,0.10424208
2016,490,8471,1,0.050191022
2016,490,8472,0,0.0654625
2016,490,8473,0,0.09463191
2016,490,8474,0,0.07950027
2016,490,8475,0,0.60442823
2016,490,8476,0,0.12827267
2016,490,8477,0,0.034821596
2016,490,8478,0,0.23844853
2016,490,8479,0,0.08475841
2016,490,8480,0,0.04036845
2016,490,8481,0,0.04118871
2016,490,8482,0,0.04612723
2016,490,8483,0,0.045106634
2016,490,8484,0,0.031018311
2016,490,8485,0,0.084366344
2016,702,8402,1,0.5661023
2016,702,8403,1,0.27684483
2016,702,8404,1,0.4821308
2016,702,8406,1,0.43542784
2016,702,8407,1,0.12554757
2016,702,8409,0,0.059795443
2016,702,8410,1,0.21312563
2016,702,8411,0,0.10854916
2016,702,8412,0,0.06268752
2016,702,8413,0,0.032834835
2016,702,8414,0,0.0212684
2016,702,8416,1,0.19692062
2016,702,8417,1,0.6188099
2016,702,8418,0,0.079095975
2016,702,8419,0,0.070370905
2016,702,8420,1,0.22098003
2016,702,8421,0,0.02098596
2016,702,8422,0,0.066626385
2016,702,8423,0,0.12399636
2016,702,8424,0,0.060290154
2016,702,8425,0,0.14294659
2016,702,8426,1,0.16372983
2016,702,8427,0,0.16692641
2016,702,8428,0,0.09098346
2016,702,8430,0,0.0958629
2016,702,8431,0,0.053169433
2016,702,8432,0,0.2585647
2016,702,8433,0,0.18989442
2016,702,8435,0,0.37444615
2016,702,8436,0,0.14187956
2016,702,8437,1,0.15187514
2016,702,8438,1,0.1166859
2016,702,8439,1,0.35493445
2016,702,8440,1,0.39285427
2016,702,8441,0,0.16105078
2016,702,8442,0,0.18069096
2016,702,8443,0,0.0606948
2016,702,8445,1,0.38019255
2016,702,8448,1,0.3956159
2016,702,8449,0,0.38864815
2016,702,8451,1,0.14479823
2016,702,8452,1,0.16622323
2016,702,8453,1,0.7138192
2016,702,8454,0,0.31163317
2016,702,8455,1,0.5044543
2016,702,8456,1,0.15008041
2016,702,8457,0,0.32807857
2016,702,8458,0,0.14783002
2016,702,8459,1,0.16037004
2016,702,8460,0,0.25200668
2016,702,8461,0,0.14197294
2016,702,8462,0,0.13242939
2016,702,8463,0,0.17324086
2016,702,8464,0,0.38008595
2016,702,8465,0,0.16193204
2016,702,8466,0,0.14745206
2016,702,8467,0,0.07137258
2016,702,8468,1,0.25950345
2016,702,8470,0,0.07370302
2016,702,8471,0,0.024313075
2016,702,8472,0,0.09407979
2016,702,8473,0,0.11476395
2016,702,8475,0,0.34207186
2016,702,8476,1,0.32301012
2016,702,8477,0,0.12524554
2016,702,8478,1,0.39273363
2016,702,8479,0,0.13743448
2016,702,8480,0,0.10313175
2016,702,8481,0,0.034197353
2016,702,8482,0,0.040241085
2016,702,8483,0,0.04137944
2016,702,8484,0,0.059860505
2016,528,8401,1,0.3670269
2016,528,8403,0,0.10350435
2016,528,8404,0,0.19125482
2016,528,8406,1,0.27311116
2016,528,8407,0,0.19356476
2016,528,8408,0,0.063292675
2016,528,8409,0,0.029843464
2016,528,8410,1,0.5284585
2016,528,8411,0,0.055980477
2016,528,8412,0,0.038641166
2016,528,8413,0,0.021969263
2016,528,8414,0,0.039409976
2016,528,8415,0,0.049113985
2016,528,8416,0,0.10652347
2016,528,8417,1,0.162107
2016,528,8418,0,0.06542429
2016,528,8419,0,0.032938745
2016,528,8420,0,0.1862412
2016,528,8421,0,0.017158156
2016,528,8422,0,0.039341908
2016,528,8423,0,0.08363345
2016,528,8424,0,0.042493556
2016,528,8425,0,0.027890572
2016,528,8426,0,0.08274002
2016,528,8427,0,0.052518386
2016,528,8428,0,0.043178342
2016,528,8429,0,0.11797047
2016,528,8430,1,0.072033584
2016,528,8431,0,0.034579426
2016,528,8432,0,0.050684046
2016,528,8433,0,0.07389144
2016,528,8434,0,0.11326308
2016,528,8435,0,0.15773481
2016,528,8436,0,0.07465829
2016,528,8437,0,0.108475775
2016,528,8438,0,0.034904692
2016,528,8439,0,0.16801576
2016,528,8440,0,0.11393471
2016,528,8441,0,0.09067484
2016,528,8442,0,0.11960289
2016,528,8443,0,0.055815738
2016,528,8444,0,0.14610247
2016,528,8445,1,0.4955654
2016,528,8446,1,0.58047414
2016,528,8447,0,0.2114141
2016,528,8448,0,0.19983049
2016,528,8449,0,0.4751597
2016,528,8450,0,0.19419278
2016,528,8451,0,0.113106646
2016,528,8452,0,0.16355973
2016,528,8453,0,0.62690294
2016,528,8454,1,0.22615622
2016,528,8455,1,0.21900728
2016,528,8456,0,0.13991505
2016,528,8457,0,0.27333775
2016,528,8458,0,0.19413012
2016,528,8459,0,0.08482503
2016,528,8460,0,0.15073994
2016,528,8461,0,0.11955167
2016,528,8462,0,0.082177594
2016,528,8463,0,0.36501288
2016,528,8464,0,0.12999013
2016,528,8465,0,0.15371
2016,528,8466,0,0.08165138
2016,528,8467,0,0.0537061
2016,528,8468,0,0.06403435
2016,528,8470,1,0.2122934
2016,528,8471,0,0.06422659
2016,528,8472,1,0.11223326
2016,528,8473,0,0.08528517
2016,528,8474,0,0.07796907
2016,528,8475,1,0.19227822
2016,528,8476,0,0.25509903
2016,528,8477,0,0.08312303
2016,528,8478,0,0.16308594
2016,528,8479,0,0.052649662
2016,528,8480,0,0.09102936
2016,528,8481,0,0.027927805
2016,528,8482,0,0.06089215
2016,528,8483,0,0.03347002
2016,528,8484,0,0.042895038
2016,528,8485,0,0.05628289
2016,410,8401,0,0.5314669
2016,410,8402,0,0.1460939
2016,410,8403,0,0.14741394
2016,410,8404,1,0.12809882
2016,410,8406,1,0.28157887
2016,410,8407,0,0.069831066
2016,410,8408,0,0.07896342
2016,410,8409,0,0.03557348
2016,410,8410,1,0.28549248
2016,410,8411,0,0.05959159
2016,410,8412,0,0.060546514
2016,410,8413,0,0.032282032
2016,410,8414,0,0.030936958
2016,410,8415,0,0.024684822
2016,410,8416,1,0.40029868
2016,410,8417,1,0.5072587
2016,410,8418,0,0.03800812
2016,410,8419,1,0.042721428
2016,410,8420,0,0.21401474
2016,410,8421,0,0.067456186
2016,410,8422,0,0.036308046
2016,410,8423,0,0.07382472
2016,410,8424,1,0.040542945
2016,410,8425,0,0.052899398
2016,410,8426,0,0.061756678
2016,410,8427,0,0.0794785
2016,410,8428,0,0.04740468
2016,410,8429,0,0.049950097
2016,410,8431,0,0.03655393
2016,410,8432,0,0.18084398
2016,410,8433,0,0.082417205
2016,410,8434,0,0.27723458
2016,410,8435,0,0.16507286
2016,410,8436,0,0.087975174
2016,410,8437,0,0.079987
2016,410,8438,0,0.16159043
2016,410,8439,1,0.23311517
2016,410,8440,0,0.3190326
2016,410,8441,0,0.08183299
2016,410,8442,0,0.45921108
2016,410,8443,0,0.053859957
2016,410,8444,1,0.38945344
2016,410,8445,0,0.36868867
2016,410,8446,0,0.20612592
2016,410,8447,0,0.12998816
2016,410,8448,0,0.09604023
2016,410,8449,1,0.49663818
2016,410,8450,0,0.04067864
2016,410,8451,0,0.045541495
2016,410,8452,0,0.104810044
2016,410,8453,0,0.21486372
2016,410,8454,1,0.6470855
2016,410,8455,0,0.13899572
2016,410,8456,1,0.18111525
2016,410,8457,0,0.1761511
2016,410,8458,0,0.09349895
2016,410,8459,0,0.09695692
2016,410,8460,0,0.222585
2016,410,8461,1,0.21222061
2016,410,8462,0,0.135671
2016,410,8463,0,0.09042619
2016,410,8464,0,0.34851784
2016,410,8465,0,0.18785852
2016,410,8466,0,0.0901919
2016,410,8467,0,0.06763406
2016,410,8468,0,0.2810483
2016,410,8470,1,0.1732038
2016,410,8471,1,0.04164808
2016,410,8472,1,0.07415895
2016,410,8473,0,0.117073104
2016,410,8474,1,0.2585149
2016,410,8475,0,0.39321774
2016,410,8476,1,0.14323752
2016,410,8477,0,0.055814497
2016,410,8478,0,0.49618688
2016,410,8479,0,0.08360585
2016,410,8480,0,0.05684204
2016,410,8481,0,0.025561722
2016,410,8482,0,0.04804086
2016,410,8483,0,0.04447738
2016,410,8484,0,0.049365107
2016,458,8404,0,0.36599293
2016,458,8405,0,0.6879994
2016,458,8407,0,0.24581921
2016,458,8408,0,0.09827672
2016,458,8409,0,0.15048172
2016,458,8410,1,0.5515894
2016,458,8411,0,0.10626837
2016,458,8412,0,0.15050651
2016,458,8413,0,0.10069885
2016,458,8414,0,0.032722905
2016,458,8415,0,0.024268547
2016,458,8416,0,0.19219124
2016,458,8417,1,0.36606583
2016,458,8418,0,0.07242106
2016,458,8419,0,0.07910263
2016,458,8420,1,0.4331609
2016,458,8421,0,0.03214903
2016,458,8422,1,0.116559885
2016,458,8423,0,0.13988078
2016,458,8424,0,0.08526245
2016,458,8425,0,0.13993266
2016,458,8426,0,0.15075797
2016,458,8427,0,0.29343078
2016,458,8428,0,0.07557133
2016,458,8430,1,0.5130509
2016,458,8431,1,0.075412184
2016,458,8432,0,0.6224372
2016,458,8433,1,0.3256219
2016,458,8435,0,0.28336355
2016,458,8436,0,0.07584424
2016,458,8437,0,0.3034986
2016,458,8439,1,0.47291192
2016,458,8441,0,0.091219924
2016,458,8442,0,0.43596444
2016,458,8443,0,0.10168499
2016,458,8444,1,0.59682566
2016,458,8445,1,0.6502635
2016,458,8446,1,0.4469126
2016,458,8447,0,0.43885854
2016,458,8448,0,0.14001329
2016,458,8451,0,0.16077347
2016,458,8452,0,0.45258623
2016,458,8453,0,0.28715608
2016,458,8454,0,0.20295973
2016,458,8455,0,0.2732636
2016,458,8456,0,0.32063007
2016,458,8457,0,0.20139872
2016,458,8458,0,0.21181001
2016,458,8459,0,0.12715112
2016,458,8460,1,0.6334188
2016,458,8462,0,0.27901936
2016,458,8463,0,0.16004822
2016,458,8464,0,0.12293876
2016,458,8465,0,0.31633312
2016,458,8466,0,0.22133958
2016,458,8467,0,0.11486844
2016,458,8468,0,0.130456
2016,458,8469,1,0.2876144
2016,458,8470,0,0.12468079
2016,458,8471,1,0.02850442
2016,458,8472,1,0.21479997
2016,458,8473,0,0.14491159
2016,458,8474,0,0.106229104
2016,458,8475,0,0.26650533
2016,458,8476,0,0.3466741
2016,458,8477,1,0.13374491
2016,458,8479,0,0.09941272
2016,458,8480,0,0.0790167
2016,458,8481,0,0.044514187
2016,458,8482,0,0.11045981
2016,458,8484,0,0.11046753
2016,458,8485,0,0.1337471
2016,124,8401,0,0.67472523
2016,124,8402,0,0.31053755
2016,124,8403,0,0.15470397
2016,124,8404,0,0.28993136
2016,124,8405,0,0.46076342
2016,124,8406,0,0.27205607
2016,124,8407,0,0.070349276
2016,124,8408,0,0.1639242
2016,124,8409,0,0.05390335
2016,124,8410,1,0.24305664
2016,124,8411,0,0.072989985
2016,124,8412,0,0.052513003
2016,124,8413,0,0.03641513
2016,124,8414,0,0.043845236
2016,124,8415,0,0.07544978
2016,124,8416,0,0.19908564
2016,124,8417,0,0.14337341
2016,124,8418,0,0.12248615
2016,124,8419,0,0.07113979
2016,124,8420,0,0.29447728
2016,124,8421,0,0.03260245
2016,124,8422,0,0.06218191
2016,124,8423,0,0.15144494
2016,124,8424,0,0.08460268
2016,124,8425,0,0.069677085
2016,124,8426,0,0.27609745
2016,124,8427,0,0.17114817
2016,124,8428,0,0.06292773
2016,124,8429,0,0.2474609
2016,124,8430,0,0.17672567
2016,124,8431,0,0.0775084
2016,124,8432,0,0.17589171
2016,124,8433,0,0.07442052
2016,124,8434,0,0.24280466
2016,124,8435,1,0.38695687
2016,124,8436,0,0.07590614
2016,124,8437,0,0.4097298
2016,124,8438,0,0.08956508
2016,124,8439,0,0.1956559
2016,124,8440,0,0.32925382
2016,124,8441,0,0.19601457
2016,124,8442,0,0.19740027
2016,124,8443,0,0.123138376
2016,124,8445,0,0.34279555
2016,124,8448,0,0.16779229
2016,124,8449,1,0.79422855
2016,124,8451,0,0.15297338
2016,124,8452,0,0.30843818
2016,124,8453,0,0.5371064
2016,124,8454,0,0.16729634
2016,124,8455,0,0.25862658
2016,124,8456,1,0.3361081
2016,124,8457,0,0.28955466
2016,124,8458,0,0.5373501
2016,124,8459,0,0.25694036
2016,124,8460,0,0.252467
2016,124,8461,0,0.23840673
2016,124,8462,0,0.18525171
2016,124,8463,0,0.2697872
2016,124,8464,0,0.2360428
2016,124,8465,0,0.095622376
2016,124,8466,0,0.08389641
2016,124,8467,0,0.08890243
2016,124,8468,0,0.22115885
2016,124,8470,0,0.20715185
2016,124,8471,0,0.047912013
2016,124,8472,0,0.108374394
2016,124,8473,0,0.12786566
2016,124,8474,0,0.16376358
2016,124,8475,0,0.2801779
2016,124,8476,0,0.17457518
2016,124,8477,0,0.081074215
2016,124,8478,0,0.49669474
2016,124,8479,0,0.08514667
2016,124,8480,0,0.12427856
2016,124,8481,0,0.039343648
2016,124,8482,0,0.09135406
2016,124,8483,0,0.055570982
2016,124,8484,0,0.12259636
2016,124,8485,0,0.11073409
2016,484,8402,1,0.4598701
2016,484,8403,0,0.23764797
2016,484,8404,0,0.39042872
2016,484,8405,1,0.25616544
2016,484,8406,1,0.23697366
2016,484,8407,1,0.18105403
2016,484,8408,0,0.13216817
2016,484,8409,0,0.1083928
2016,484,8410,0,0.3749114
2016,484,8411,0,0.09713304
2016,484,8412,0,0.13907576
2016,484,8413,0,0.06255686
2016,484,8414,0,0.07213941
2016,484,8415,0,0.08516736
2016,484,8416,0,0.3064883
2016,484,8417,1,0.23550728
2016,484,8418,0,0.06890186
2016,484,8419,0,0.08696371
2016,484,8420,0,0.6092105
2016,484,8421,0,0.06828494
2016,484,8423,0,0.14515638
2016,484,8424,0,0.14513008
2016,484,8425,0,0.1507759
2016,484,8426,0,0.26245308
2016,484,8427,0,0.6638502
2016,484,8428,0,0.12430307
2016,484,8429,0,0.39837974
2016,484,8430,0,0.23017237
2016,484,8431,0,0.11400465
2016,484,8432,0,0.15642057
2016,484,8433,0,0.14078371
2016,484,8434,0,0.2629501
2016,484,8436,0,0.17493998
2016,484,8438,0,0.14476053
2016,484,8439,1,0.63082826
2016,484,8441,0,0.34296915
2016,484,8442,0,0.22653125
2016,484,8443,0,0.101633236
2016,484,8448,1,0.25118536
2016,484,8450,0,0.5847825
2016,484,8451,0,0.22246352
2016,484,8453,1,0.5539837
2016,484,8454,1,0.37796867
2016,484,8455,0,0.22661178
2016,484,8456,1,0.2557267
2016,484,8457,0,0.33837792
2016,484,8458,1,0.36342004
2016,484,8459,0,0.26666662
2016,484,8460,0,0.23041691
2016,484,8461,0,0.3950776
2016,484,8462,0,0.25960895
2016,484,8464,1,0.5273759
2016,484,8465,0,0.20995586
2016,484,8466,0,0.2083248
2016,484,8467,0,0.14371648
2016,484,8468,0,0.19872124
2016,484,8470,0,0.17726982
2016,484,8471,0,0.09274406
2016,484,8472,0,0.17915942
2016,484,8473,0,0.17037031
2016,484,8474,0,0.18731393
2016,484,8476,0,0.19981149
2016,484,8477,0,0.17276734
2016,484,8479,0,0.17310087
2016,484,8480,1,0.22502208
2016,484,8481,0,0.060508583
2016,484,8482,0,0.12916715
2016,484,8483,0,0.07220859
2016,484,8484,0,0.1515914
2016,484,8485,0,0.6112467
2016,757,8403,0,0.20279859
2016,757,8404,0,0.36078867
2016,757,8405,0,0.2061133
2016,757,8406,1,0.22461297
2016,757,8407,0,0.18590808
2016,757,8408,0,0.3392948
2016,757,8409,0,0.0783695
2016,757,8411,0,0.052175507
2016,757,8412,0,0.08089051
2016,757,8413,0,0.055498675
2016,757,8414,0,0.02799619
2016,757,8415,0,0.13259196
2016,757,8416,0,0.2163596
2016,757,8417,0,0.14163329
2016,757,8418,0,0.09849997
2016,757,8419,0,0.057711147
2016,757,8420,0,0.19973446
2016,757,8421,0,0.025770238
2016,757,8422,0,0.047077212
2016,757,8423,0,0.08327889
2016,757,8424,0,0.06406382
2016,757,8425,0,0.09366531
2016,757,8426,1,0.41501537
2016,757,8427,0,0.18849494
2016,757,8428,0,0.09377517
2016,757,8429,0,0.2964683
2016,757,8430,0,0.24697891
2016,757,8431,0,0.050125085
2016,757,8432,0,0.14476585
2016,757,8433,0,0.2659636
2016,757,8434,0,0.22217248
2016,757,8435,0,0.22670652
2016,757,8436,0,0.12975107
2016,757,8437,1,0.19674943
2016,757,8438,0,0.037548054
2016,757,8439,0,0.18151852
2016,757,8440,0,0.15535018
2016,757,8441,0,0.10857602
2016,757,8442,0,0.11769267
2016,757,8443,0,0.079918265
2016,757,8444,1,0.31725597
2016,757,8445,0,0.20344283
2016,757,8446,0,0.10585718
2016,757,8447,0,0.27247396
2016,757,8448,0,0.076014824
2016,757,8449,0,0.29179972
2016,757,8450,0,0.12621045
2016,757,8451,1,0.064492024
2016,757,8452,0,0.14349146
2016,757,8453,1,0.22842824
2016,757,8454,0,0.17496786
2016,757,8455,1,0.14758015
2016,757,8456,0,0.13075642
2016,757,8457,0,0.2998481
2016,757,8458,0,0.17970684
2016,757,8459,0,0.18118085
2016,757,8460,0,0.13776666
2016,757,8461,0,0.1665802
2016,757,8462,0,0.13813704
2016,757,8463,0,0.11458958
2016,757,8464,0,0.18487552
2016,757,8465,0,0.11142897
2016,757,8466,0,0.08116333
2016,757,8467,0,0.08537665
2016,757,8468,0,0.11486243
2016,757,8470,1,0.14276554
2016,757,8471,1,0.0466047
2016,757,8472,1,0.12560691
2016,757,8473,0,0.07994577
2016,757,8474,0,0.13025701
2016,757,8475,0,0.14450696
2016,757,8476,0,0.14812279
2016,757,8477,0,0.08220741
2016,757,8479,0,0.06306382
2016,757,8480,0,0.09806658
2016,757,8481,0,0.055533152
2016,757,8482,0,0.062292404
2016,757,8483,0,0.07449567
2016,757,8484,0,0.058033988
2016,757,8485,0,0.08212648
2016,764,8402,0,0.4530171
2016,764,8403,0,0.20688726
2016,764,8404,0,0.14050028
2016,764,8405,0,0.42431095
2016,764,8406,0,0.23736382
2016,764,8407,0,0.082492225
2016,764,8408,0,0.3706107
2016,764,8409,0,0.044464726
2016,764,8411,0,0.08521136
2016,764,8412,0,0.19728462
2016,764,8413,0,0.037422426
2016,764,8414,0,0.030990098
2016,764,8415,0,0.0185516
2016,764,8416,1,0.6558928
2016,764,8417,1,0.23910591
2016,764,8418,0,0.25613046
2016,764,8419,1,0.09038197
2016,764,8420,1,0.3374265
2016,764,8421,0,0.013778326
2016,764,8422,0,0.100165255
2016,764,8424,0,0.055342454
2016,764,8425,0,0.0982607
2016,764,8426,1,0.33778298
2016,764,8428,0,0.081536055
2016,764,8434,1,0.18348746
2016,764,8437,0,0.12844032
2016,764,8438,0,0.13228944
2016,764,8439,1,0.508152
2016,764,8441,0,0.081197135
2016,764,8442,0,0.41541398
2016,764,8443,0,0.08888729
2016,764,8445,1,0.47629854
2016,764,8447,0,0.6170389
2016,764,8448,0,0.12878457
2016,764,8450,0,0.024973271
2016,764,8451,0,0.09033039
2016,764,8452,0,0.08732262
2016,764,8453,0,0.17840073
2016,764,8454,0,0.20724748
2016,764,8455,0,0.15204236
2016,764,8456,0,0.13334833
2016,764,8457,0,0.41689834
2016,764,8458,0,0.44478774
2016,764,8459,0,0.11460992
2016,764,8460,0,0.20525779
2016,764,8461,0,0.10440991
2016,764,8462,0,0.12611021
2016,764,8463,0,0.15119039
2016,764,8466,0,0.20125341
2016,764,8467,0,0.17585444
2016,764,8468,0,0.69004965
2016,764,8470,0,0.250595
2016,764,8471,1,0.03953572
2016,764,8472,1,0.38905853
2016,764,8473,0,0.11443406
2016,764,8475,0,0.38354823
2016,764,8476,0,0.2246083
2016,764,8477,0,0.114759736
2016,764,8479,0,0.16051684
2016,764,8480,0,0.075547285
2016,764,8481,0,0.029649664
2016,764,8482,0,0.0576544
2016,764,8483,0,0.03694255
2016,764,8484,0,0.043549366
2016,764,8485,0,0.14371285
2016,752,8401,0,0.3951483
2016,752,8402,0,0.19669814
2016,752,8403,0,0.2326026
2016,752,8404,0,0.16056582
2016,752,8405,1,0.6920994
2016,752,8406,0,0.42820308
2016,752,8407,0,0.24585068
2016,752,8408,0,0.20438835
2016,752,8409,0,0.06461362
2016,752,8410,1,0.30107504
2016,752,8411,0,0.0942835
2016,752,8412,0,0.03630015
2016,752,8413,0,0.034020387
2016,752,8414,0,0.035468034
2016,752,8415,0,0.07301762
2016,752,8416,0,0.14361633
2016,752,8417,0,0.1700543
2016,752,8418,0,0.056079227
2016,752,8419,0,0.03106768
2016,752,8420,0,0.24789377
2016,752,8421,0,0.031102685
2016,752,8422,0,0.026505062
2016,752,8423,0,0.16282637
2016,752,8424,0,0.033531494
2016,752,8425,0,0.15396102
2016,752,8426,0,0.13434972
2016,752,8427,0,0.11076762
2016,752,8428,0,0.06676105
2016,752,8429,0,0.090962246
2016,752,8430,0,0.10012287
2016,752,8431,0,0.029361991
2016,752,8432,0,0.11986075
2016,752,8433,0,0.14086029
2016,752,8434,0,0.11106974
2016,752,8436,0,0.15682623
2016,752,8437,0,0.16495751
2016,752,8438,0,0.06257581
2016,752,8439,0,0.1857913
2016,752,8440,0,0.24762912
2016,752,8441,0,0.16049631
2016,752,8442,0,0.19965373
2016,752,8443,0,0.11781075
2016,752,8446,1,0.6306733
2016,752,8447,0,0.43696856
2016,752,8448,0,0.18657464
2016,752,8450,0,0.08630118
2016,752,8451,0,0.17548528
2016,752,8452,0,0.23793235
2016,752,8453,0,0.55051345
2016,752,8454,1,0.4176001
2016,752,8455,0,0.115302734
2016,752,8456,1,0.31739077
2016,752,8457,1,0.48872408
2016,752,8458,0,0.14808917
2016,752,8459,0,0.22625357
2016,752,8460,0,0.23390043
2016,752,8461,0,0.29472694
2016,752,8462,0,0.1821595
2016,752,8463,0,0.18638757
2016,752,8464,0,0.25770524
2016,752,8465,0,0.1580939
2016,752,8466,0,0.05897437
2016,752,8467,0,0.059144758
2016,752,8468,0,0.119561486
2016,752,8470,0,0.39207062
2016,752,8471,0,0.06535219
2016,752,8472,1,0.115907915
2016,752,8473,0,0.09895807
2016,752,8474,0,0.066150695
2016,752,8475,0,0.240794
2016,752,8476,0,0.16285184
2016,752,8477,0,0.13372326
2016,752,8479,0,0.056664128
2016,752,8480,0,0.138555
2016,752,8481,0,0.034013547
2016,752,8482,0,0.04278767
2016,752,8483,0,0.037942804
2016,752,8484,0,0.050634455
2016,752,8485,0,0.039770305
2016,372,8402,1,0.29375097
2016,372,8403,0,0.26082516
2016,372,8405,1,0.7117905
2016,372,8406,1,0.72332036
2016,372,8407,0,0.40183163
2016,372,8409,0,0.14787033
2016,372,8411,0,0.11637345
2016,372,8412,0,0.17933647
2016,372,8413,0,0.08690542
2016,372,8414,0,0.08508217
2016,372,8415,0,0.1809531
2016,372,8418,0,0.17911197
2016,372,8419,0,0.34047604
2016,372,8421,0,0.06327624
2016,372,8422,0,0.15008132
2016,372,8423,0,0.49719056
2016,372,8424,1,0.18815194
2016,372,8425,1,0.2722277
2016,372,8426,0,0.18515913
2016,372,8427,0,0.25060424
2016,372,8428,0,0.15831478
2016,372,8429,0,0.25916582
2016,372,8430,0,0.22354952
2016,372,8431,0,0.13267379
2016,372,8432,0,0.2373888
2016,372,8433,0,0.16278408
2016,372,8434,0,0.28870463
2016,372,8436,0,0.19800706
2016,372,8437,0,0.45097244
2016,372,8438,0,0.37599644
2016,372,8441,1,0.39512366
2016,372,8443,0,0.12182075
2016,372,8448,0,0.27428767
2016,372,8450,1,0.43229097
2016,372,8451,1,0.3521133
2016,372,8456,0,0.31943384
2016,372,8458,1,0.4349942
2016,372,8459,0,0.33802587
2016,372,8462,1,0.3334816
2016,372,8463,0,0.20628099
2016,372,8464,1,0.69529873
2016,372,8465,1,0.36028168
2016,372,8466,0,0.25384858
2016,372,8467,0,0.20963667
2016,372,8468,0,0.24471688
2016,372,8470,0,0.15747316
2016,372,8471,1,0.033211663
2016,372,8472,0,0.5846844
2016,372,8473,0,0.068792544
2016,372,8474,0,0.21972412
2016,372,8475,0,0.31744137
2016,372,8476,1,0.31312475
2016,372,8477,1,0.1675991
2016,372,8479,0,0.15648188
2016,372,8480,0,0.17518312
2016,372,8481,1,0.10745557
2016,372,8484,0,0.11034541
2016,372,8485,0,0.12155416
2016,40,8401,1,0.5978039
2016,40,8402,1,0.20211226
2016,40,8403,0,0.17470694
2016,40,8404,0,0.23718502
2016,40,8405,1,0.20740615
2016,40,8406,1,0.2562322
2016,40,8407,0,0.19217052
2016,40,8408,0,0.26173568
2016,40,8409,0,0.09779411
2016,40,8410,0,0.253241
2016,40,8411,0,0.12276453
2016,40,8412,0,0.094308585
2016,40,8413,0,0.041947287
2016,40,8414,1,0.049690824
2016,40,8415,0,0.11573804
2016,40,8416,0,0.14241466
2016,40,8417,1,0.30941913
2016,40,8418,0,0.08435426
2016,40,8419,0,0.0503761
2016,40,8420,0,0.24773178
2016,40,8421,0,0.025298903
2016,40,8422,0,0.09632203
2016,40,8423,0,0.10230495
2016,40,8424,0,0.059390932
2016,40,8425,0,0.10621308
2016,40,8426,0,0.11910941
2016,40,8427,0,0.20650528
2016,40,8428,0,0.48300353
2016,40,8429,0,0.18871288
2016,40,8430,0,0.18110186
2016,40,8431,0,0.054806486
2016,40,8432,0,0.11966518
2016,40,8433,0,0.12848504
2016,40,8434,1,0.38660863
2016,40,8435,0,0.10311455
2016,40,8436,0,0.118225835
2016,40,8437,0,0.080816776
2016,40,8438,0,0.0530131
2016,40,8439,0,0.12253245
2016,40,8440,0,0.1854958
2016,40,8441,0,0.12961322
2016,40,8442,0,0.13644095
2016,40,8443,0,0.10528609
2016,40,8444,1,0.27776563
2016,40,8445,1,0.45720142
2016,40,8446,0,0.41861105
2016,40,8447,0,0.27013025
2016,40,8448,0,0.18863174
2016,40,8449,0,0.57220656
2016,40,8450,0,0.43787163
2016,40,8451,1,0.114353344
2016,40,8452,0,0.09836494
2016,40,8453,0,0.32691905
2016,40,8454,1,0.5842329
2016,40,8455,0,0.12650649
2016,40,8456,0,0.21934006
2016,40,8457,0,0.24734533
2016,40,8458,0,0.15969509
2016,40,8459,0,0.1328515
2016,40,8461,1,0.18078752
2016,40,8462,0,0.14386973
2016,40,8463,0,0.2222221
2016,40,8464,0,0.2979346
2016,40,8465,0,0.10227036
2016,40,8466,0,0.11395531
2016,40,8467,0,0.1156281
2016,40,8468,0,0.12870224
2016,40,8470,0,0.48652345
2016,40,8471,1,0.04470189
2016,40,8472,1,0.122227386
2016,40,8473,0,0.1448061
2016,40,8474,0,0.13878937
2016,40,8475,0,0.31594193
2016,40,8476,0,0.40089065
2016,40,8477,0,0.0777826
2016,40,8478,0,0.19846717
2016,40,8479,0,0.03974006
2016,40,8480,0,0.08811277
2016,40,8481,0,0.03611191
2016,40,8482,0,0.089474544
2016,40,8483,0,0.06798116
2016,40,8484,0,0.06397947
2016,40,8485,0,0.1438631
2016,724,8401,1,0.29235515
2016,724,8402,1,0.5460919
2016,724,8403,0,0.15965931
2016,724,8404,0,0.19805689
2016,724,8405,1,0.42055812
2016,724,8406,0,0.15433727
2016,724,8407,0,0.09555544
2016,724,8408,0,0.1823559
2016,724,8409,0,0.051660556
2016,724,8410,1,0.13898407
2016,724,8411,0,0.067294054
2016,724,8412,0,0.09296436
2016,724,8413,0,0.029279247
2016,724,8414,0,0.025173493
2016,724,8415,0,0.0689845
2016,724,8416,0,0.104052804
2016,724,8417,0,0.14760803
2016,724,8418,0,0.036240853
2016,724,8419,0,0.025250327
2016,724,8420,0,0.12184561
2016,724,8421,0,0.024259133
2016,724,8422,0,0.027778393
2016,724,8423,0,0.039273582
2016,724,8424,0,0.03483556
2016,724,8425,1,0.10054774
2016,724,8426,0,0.084170274
2016,724,8427,0,0.15276365
2016,724,8428,0,0.03313603
2016,724,8430,0,0.10203297
2016,724,8431,0,0.025660895
2016,724,8432,0,0.092015766
2016,724,8433,0,0.10682935
2016,724,8434,1,0.30265856
2016,724,8435,0,0.24135268
2016,724,8436,0,0.064211175
2016,724,8437,0,0.19044651
2016,724,8438,0,0.034279123
2016,724,8439,0,0.20018244
2016,724,8440,0,0.12736224
2016,724,8441,0,0.0690512
2016,724,8442,0,0.18980941
2016,724,8443,0,0.049831677
2016,724,8444,1,0.34207612
2016,724,8445,1,0.10620812
2016,724,8446,0,0.23611344
2016,724,8447,0,0.2589534
2016,724,8448,0,0.123133376
2016,724,8449,0,0.32664853
2016,724,8450,0,0.093302295
2016,724,8451,1,0.120756134
2016,724,8452,0,0.48219636
2016,724,8453,0,0.19268136
2016,724,8454,0,0.12161241
2016,724,8455,0,0.55993253
2016,724,8456,0,0.15851523
2016,724,8457,0,0.15926775
2016,724,8458,0,0.18754394
2016,724,8459,0,0.12471167
2016,724,8460,1,0.35892117
2016,724,8461,1,0.13976623
2016,724,8462,0,0.090097256
2016,724,8463,0,0.15887764
2016,724,8464,0,0.17170483
2016,724,8465,0,0.08229872
2016,724,8466,0,0.05038781
2016,724,8467,0,0.11209578
2016,724,8468,0,0.16167016
2016,724,8470,0,0.08890368
2016,724,8471,0,0.051978298
2016,724,8472,1,0.13437657
2016,724,8473,0,0.10477384
2016,724,8474,0,0.03476331
2016,724,8475,0,0.30535507
2016,724,8476,0,0.16569513
2016,724,8477,0,0.08667415
2016,724,8478,0,0.12138942
2016,724,8479,0,0.41851792
2016,724,8480,0,0.07146537
2016,724,8481,0,0.028398866
2016,724,8482,0,0.06563032
2016,724,8483,0,0.055212494
2016,724,8484,0,0.047485765
2016,724,8485,0,0.081753545
2017,842,8401,1,0.16745348
2017,842,8402,0,0.102661945
2017,842,8403,0,0.08244012
2017,842,8404,1,0.21144553
2017,842,8405,0,0.096049815
2017,842,8406,1,0.11370474
2017,842,8407,0,0.06041182
2017,842,8408,0,0.1753209
2017,842,8409,0,0.032492768
2017,842,8410,0,0.14692497
2017,842,8411,0,0.030330868
2017,842,8412,0,0.026024256
2017,842,8413,0,0.02235862
2017,842,8414,0,0.02360279
2017,842,8415,0,0.03640601
2017,842,8416,0,0.040887076
2017,842,8417,0,0.06191328
2017,842,8418,0,0.028029764
2017,842,8419,0,0.031839345
2017,842,8420,0,0.05708669
2017,842,8421,0,0.018208139
2017,842,8422,0,0.027252922
2017,842,8423,0,0.03213478
2017,842,8424,0,0.020865206
2017,842,8425,0,0.027369594
2017,842,8426,0,0.09733207
2017,842,8427,0,0.041425496
2017,842,8428,0,0.031070657
2017,842,8429,0,0.053463854
2017,842,8431,0,0.040336736
2017,842,8432,0,0.050834168
2017,842,8433,0,0.024106303
2017,842,8434,0,0.10838913
2017,842,8435,0,0.17345469
2017,842,8436,0,0.028746359
2017,842,8437,0,0.061850965
2017,842,8438,0,0.018507862
2017,842,8439,0,0.14804192
2017,842,8440,1,0.20320028
2017,842,8441,0,0.035683144
2017,842,8442,0,0.1035154
2017,842,8443,0,0.025771925
2017,842,8444,1,0.2815147
2017,842,8445,0,0.13957001
2017,842,8446,0,0.41915417
2017,842,8447,1,0.22582924
2017,842,8448,0,0.04873153
2017,842,8449,1,0.4616597
2017,842,8450,0,0.054875333
2017,842,8451,0,0.02446918
2017,842,8452,0,0.052860044
2017,842,8453,0,0.1791605
2017,842,8454,0,0.12515543
2017,842,8455,0,0.11736177
2017,842,8456,0,0.07152899
2017,842,8457,0,0.18472561
2017,842,8458,0,0.095369905
2017,842,8459,0,0.064591795
2017,842,8460,0,0.060855724
2017,842,8461,0,0.06750479
2017,842,8462,0,0.090659335
2017,842,8463,0,0.087948754
2017,842,8464,0,0.08813128
2017,842,8465,0,0.03457383
2017,842,8466,0,0.024990316
2017,842,8467,0,0.022658499
2017,842,8468,0,0.06511508
2017,842,8470,1,0.12845093
2017,842,8471,0,0.051590595
2017,842,8472,0,0.04105103
2017,842,8473,0,0.06712008
2017,842,8474,0,0.046045285
2017,842,8475,0,0.14461611
2017,842,8476,0,0.10854506
2017,842,8477,0,0.02767722
2017,842,8478,0,0.17039822
2017,842,8479,0,0.048768952
2017,842,8480,0,0.19952187
2017,842,8481,0,0.028393336
2017,842,8482,0,0.024056626
2017,842,8483,0,0.028822014
2017,842,8484,0,0.023257459
2017,842,8485,0,0.036349613
2017,276,8401,0,0.19492385
2017,276,8402,0,0.060248833
2017,276,8403,0,0.07488377
2017,276,8404,1,0.1921963
2017,276,8405,0,0.22224267
2017,276,8406,1,0.411224
2017,276,8407,0,0.046149254
2017,276,8408,0,0.030176545
2017,276,8409,0,0.022772064
2017,276,8410,1,0.30516726
2017,276,8411,0,0.023365634
2017,276,8412,0,0.019875139
2017,276,8413,0,0.019067401
2017,276,8414,0,0.018705543
2017,276,8415,0,0.02180242
2017,276,8416,0,0.030775003
2017,276,8417,0,0.042245302
2017,276,8418,0,0.035222486
2017,276,8419,0,0.017759066
2017,276,8420,0,0.059349768
2017,276,8421,0,0.011960281
2017,276,8422,0,0.012810723
2017,276,8423,0,0.017297283
2017,276,8424,0,0.020568224
2017,276,8425,0,0.019185152
2017,276,8426,0,0.061033
2017,276,8427,0,0.028962117
2017,276,8428,0,0.01582405
2017,276,8429,0,0.028512228
2017,276,8430,0,0.03850646
2017,276,8431,0,0.017051414
2017,276,8432,0,0.03982281
2017,276,8433,0,0.018605439
2017,276,8434,0,0.051752996
2017,276,8435,0,0.14025387
2017,276,8436,0,0.0198741
2017,276,8437,0,0.03502065
2017,276,8438,0,0.01490906
2017,276,8439,0,0.10133008
2017,276,8440,0,0.038439244
2017,276,8441,0,0.021091953
2017,276,8442,1,0.051022284
2017,276,8443,0,0.03776013
2017,276,8444,0,0.31960437
2017,276,8445,0,0.12974308
2017,276,8446,0,0.14520776
2017,276,8447,1,0.09128566
2017,276,8448,0,0.04011358
2017,276,8449,1,0.115967825
2017,276,8450,0,0.054103296
2017,276,8451,0,0.018557234
2017,276,8452,0,0.020426683
2017,276,8453,0,0.06563599
2017,276,8454,0,0.117847204
2017,276,8455,0,0.08136929
2017,276,8456,0,0.06569913
2017,276,8457,0,0.11468756
2017,276,8458,0,0.059680425
2017,276,8459,0,0.048078712
2017,276,8460,0,0.04907297
2017,276,8461,0,0.08302173
2017,276,8462,0,0.039263528
2017,276,8463,0,0.0950782
2017,276,8464,0,0.03675231
2017,276,8465,0,0.029276686
2017,276,8466,0,0.018767945
2017,276,8467,0,0.03207702
2017,276,8468,0,0.03980017
2017,276,8470,0,0.04728043
2017,276,8471,0,0.030637294
2017,276,8472,0,0.029110055
2017,276,8473,0,0.09474465
2017,276,8474,0,0.026201569
2017,276,8475,0,0.16618693
2017,276,8476,0,0.10777928
2017,276,8477,0,0.019884286
2017,276,8478,0,0.060096335
2017,276,8479,0,0.024112934
2017,276,8480,0,0.030344063
2017,276,8481,0,0.032406192
2017,276,8482,0,0.01883239
2017,276,8483,0,0.018665532
2017,276,8484,0,0.016901843
2017,276,8485,0,0.014382308
2017,392,8401,0,0.33108076
2017,392,8402,0,0.3378125
2017,392,8403,0,0.17397472
2017,392,8404,0,0.23981446
2017,392,8405,0,0.12420304
2017,392,8406,1,0.1588981
2017,392,8407,0,0.039979946
2017,392,8408,0,0.043842338
2017,392,8409,0,0.02430888
2017,392,8411,0,0.06048033
2017,392,8412,0,0.03774823
2017,392,8413,0,0.026509738
2017,392,8414,0,0.027959324
2017,392,8415,0,0.029302038
2017,392,8416,0,0.11548246
2017,392,8417,0,0.12006625
2017,392,8418,0,0.050691757
2017,392,8419,0,0.036473654
2017,392,8420,0,0.1596503
2017,392,8421,0,0.019166099
2017,392,8422,0,0.027808957
2017,392,8423,0,0.061804987
2017,392,8424,0,0.037597187
2017,392,8425,0,0.047826387
2017,392,8426,0,0.09228372
2017,392,8427,0,0.02463265
2017,392,8428,0,0.051812883
2017,392,8429,0,0.04751696
2017,392,8430,0,0.11187013
2017,392,8431,0,0.036338467
2017,392,8432,1,0.08800429
2017,392,8433,0,0.048366576
2017,392,8434,1,0.5444195
2017,392,8435,1,0.47206476
2017,392,8436,0,0.08831639
2017,392,8437,0,0.10948082
2017,392,8438,0,0.040463217
2017,392,8439,0,0.14769834
2017,392,8440,0,0.15360534
2017,392,8441,0,0.05513063
2017,392,8442,0,0.11296953
2017,392,8443,0,0.046959445
2017,392,8444,1,0.2991075
2017,392,8445,0,0.19161148
2017,392,8446,0,0.16904175
2017,392,8447,1,0.13289577
2017,392,8448,0,0.07174357
2017,392,8449,1,0.26496562
2017,392,8450,0,0.12507513
2017,392,8451,0,0.056888137
2017,392,8452,0,0.033651847
2017,392,8453,1,0.15372327
2017,392,8454,0,0.15040272
2017,392,8455,0,0.1669551
2017,392,8456,0,0.090319954
2017,392,8457,0,0.11884972
2017,392,8458,0,0.08298215
2017,392,8459,0,0.066229746
2017,392,8460,0,0.075359106
2017,392,8461,0,0.1256193
2017,392,8462,0,0.07323908
2017,392,8463,0,0.10342653
2017,392,8464,0,0.17879684
2017,392,8465,0,0.07383911
2017,392,8466,0,0.034452144
2017,392,8467,0,0.02528553
2017,392,8468,0,0.08411148
2017,392,8469,1,0.2363598
2017,392,8470,0,0.12256988
2017,392,8471,0,0.03235013
2017,392,8472,1,0.052748345
2017,392,8473,0,0.11017695
2017,392,8474,0,0.05432432
2017,392,8475,0,0.14335659
2017,392,8476,0,0.21382579
2017,392,8477,0,0.046820544
2017,392,8478,0,0.57568246
2017,392,8479,0,0.09104495
2017,392,8480,0,0.05069234
2017,392,8481,0,0.03850863
2017,392,8482,0,0.018022778
2017,392,8483,0,0.0234723
2017,392,8484,0,0.025580643
2017,392,8485,0,0.042031843
2017,156,8401,0,0.24930842
2017,156,8402,0,0.042401467
2017,156,8403,0,0.018744154
2017,156,8404,0,0.15131433
2017,156,8405,0,0.121113025
2017,156,8406,1,0.08420572
2017,156,8407,0,0.032710418
2017,156,8408,0,0.018499687
2017,156,8409,0,0.01630618
2017,156,8411,0,0.016703999
2017,156,8412,0,0.017563468
2017,156,8413,0,0.01525673
2017,156,8414,0,0.01877228
2017,156,8415,0,0.016486583
2017,156,8416,0,0.036713727
2017,156,8417,0,0.034115672
2017,156,8418,0,0.026884053
2017,156,8419,0,0.018668711
2017,156,8420,0,0.041925
2017,156,8421,0,0.009510395
2017,156,8422,0,0.008736332
2017,156,8423,0,0.017040612
2017,156,8424,0,0.018153097
2017,156,8425,0,0.02778855
2017,156,8426,0,0.029729497
2017,156,8427,0,0.012033094
2017,156,8428,0,0.014432828
2017,156,8431,0,0.018358609
2017,156,8432,0,0.0176449
2017,156,8433,0,0.014272445
2017,156,8434,0,0.04547087
2017,156,8436,0,0.0142989
2017,156,8439,0,0.03487157
2017,156,8440,0,0.03811369
2017,156,8441,0,0.02099737
2017,156,8442,0,0.01935775
2017,156,8443,0,0.028651005
2017,156,8444,0,0.14523745
2017,156,8445,0,0.08747847
2017,156,8446,0,0.18321466
2017,156,8447,0,0.061540976
2017,156,8448,0,0.01606736
2017,156,8449,0,0.15318197
2017,156,8450,0,0.025056802
2017,156,8451,0,0.016505389
2017,156,8452,0,0.028053887
2017,156,8453,0,0.04851879
2017,156,8454,0,0.045282874
2017,156,8455,0,0.033964586
2017,156,8456,0,0.020399809
2017,156,8457,0,0.03677949
2017,156,8458,0,0.026615044
2017,156,8459,0,0.0175007
2017,156,8460,0,0.016256195
2017,156,8461,0,0.019495495
2017,156,8462,0,0.022267403
2017,156,8463,0,0.032632917
2017,156,8464,0,0.033542074
2017,156,8465,0,0.021706464
2017,156,8466,0,0.016557703
2017,156,8467,0,0.017308414
2017,156,8468,0,0.02069258
2017,156,8470,0,0.017976906
2017,156,8471,0,0.033755828
2017,156,8472,0,0.031657152
2017,156,8473,0,0.070074916
2017,156,8475,0,0.051308535
2017,156,8476,0,0.035320684
2017,156,8477,0,0.018198956
2017,156,8479,0,0.013621341
2017,156,8480,0,0.012106389
2017,156,8481,0,0.02251493
2017,156,8482,0,0.012279942
2017,156,8483,0,0.016384041
2017,156,8484,0,0.012510065
2017,380,8401,1,0.51108474
2017,380,8402,0,0.31104222
2017,380,8403,0,0.048128974
2017,380,8404,0,0.17429373
2017,380,8405,0,0.1692994
2017,380,8406,0,0.17371146
2017,380,8407,0,0.10776407
2017,380,8408,0,0.034936573
2017,380,8409,0,0.023140064
2017,380,8411,0,0.04687837
2017,380,8412,0,0.03438659
2017,380,8413,0,0.015995294
2017,380,8414,0,0.01628063
2017,380,8415,0,0.02707717
2017,380,8416,0,0.07590364
2017,380,8417,0,0.0751669
2017,380,8418,0,0.03638413
2017,380,8419,0,0.021534273
2017,380,8420,0,0.08658215
2017,380,8421,0,0.01015175
2017,380,8422,0,0.013044717
2017,380,8423,0,0.029911056
2017,380,8424,0,0.015211491
2017,380,8425,0,0.02003088
2017,380,8426,0,0.037527993
2017,380,8427,0,0.03674523
2017,380,8428,0,0.019215694
2017,380,8429,0,0.028586892
2017,380,8430,0,0.061595555
2017,380,8431,0,0.025396414
2017,380,8432,0,0.02565432
2017,380,8433,0,0.027151655
2017,380,8434,0,0.057132322
2017,380,8435,0,0.081814595
2017,380,8436,0,0.021085106
2017,380,8437,0,0.093140565
2017,380,8438,0,0.020302698
2017,380,8439,0,0.08729713
2017,380,8440,0,0.13530977
2017,380,8441,0,0.023757368
2017,380,8442,0,0.07460626
2017,380,8443,0,0.030658174
2017,380,8444,0,0.12986568
2017,380,8445,0,0.15184993
2017,380,8446,0,0.2888452
2017,380,8447,0,0.11648763
2017,380,8448,0,0.04822806
2017,380,8449,0,0.24807394
2017,380,8450,0,0.0329673
2017,380,8451,0,0.021421008
2017,380,8453,0,0.03674837
2017,380,8454,0,0.08634001
2017,380,8455,0,0.12012768
2017,380,8456,0,0.080234595
2017,380,8457,0,0.07215545
2017,380,8458,0,0.060023528
2017,380,8459,0,0.06979633
2017,380,8460,0,0.052501652
2017,380,8461,0,0.050368812
2017,380,8462,0,0.029612694
2017,380,8463,0,0.07191341
2017,380,8464,0,0.059339434
2017,380,8465,0,0.024398936
2017,380,8466,0,0.021795673
2017,380,8467,0,0.02736384
2017,380,8468,0,0.09916898
2017,380,8470,0,0.15365563
2017,380,8471,0,0.032512657
2017,380,8472,0,0.0993529
2017,380,8473,0,0.09398935
2017,380,8474,0,0.044273656
2017,380,8475,0,0.066353925
2017,380,8476,0,0.0807312
2017,380,8477,0,0.019815097
2017,380,8478,0,0.1627344
2017,380,8479,0,0.017139727
2017,380,8480,0,0.03647691
2017,380,8481,0,0.018975217
2017,380,8482,0,0.030146059
2017,380,8483,0,0.025196748
2017,380,8484,0,0.041291434
2017,380,8485,0,0.020346975
2017,826,8401,0,0.27764088
2017,826,8402,0,0.13622408
2017,826,8403,0,0.48005056
2017,826,8404,0,0.1537783
2017,826,8405,1,0.44008735
2017,826,8406,0,0.14211476
2017,826,8407,0,0.07667092
2017,826,8408,0,0.19068508
2017,826,8409,0,0.01722296
2017,826,8410,0,0.1734084
2017,826,8411,0,0.02129136
2017,826,8412,0,0.033215996
2017,826,8413,0,0.022477925
2017,826,8414,0,0.019036816
2017,826,8415,0,0.030300215
2017,826,8416,0,0.117380545
2017,826,8417,0,0.056736194
2017,826,8418,0,0.065564595
2017,826,8419,0,0.02906215
2017,826,8420,0,0.18727325
2017,826,8421,0,0.020125473
2017,826,8422,0,0.034169156
2017,826,8423,0,0.033021215
2017,826,8424,0,0.017575672
2017,826,8425,0,0.06132104
2017,826,8426,0,0.08189869
2017,826,8427,0,0.025925606
2017,826,8428,0,0.022171281
2017,826,8429,0,0.021016425
2017,826,8430,0,0.1737906
2017,826,8431,0,0.15546028
2017,826,8432,0,0.037734047
2017,826,8433,0,0.059657786
2017,826,8434,0,0.12487484
2017,826,8435,0,0.41845414
2017,826,8436,0,0.06260064
2017,826,8437,0,0.08069271
2017,826,8438,0,0.025822436
2017,826,8439,0,0.14381249
2017,826,8440,0,0.14707272
2017,826,8441,0,0.06218611
2017,826,8442,0,0.08686311
2017,826,8443,0,0.061977852
2017,826,8444,0,0.28735125
2017,826,8445,0,0.18743645
2017,826,8446,0,0.52686095
2017,826,8447,0,0.10771148
2017,826,8448,0,0.07070131
2017,826,8449,0,0.7287172
2017,826,8450,0,0.12910654
2017,826,8451,0,0.038862597
2017,826,8453,0,0.13940392
2017,826,8454,0,0.16753669
2017,826,8455,0,0.16393633
2017,826,8456,0,0.08848404
2017,826,8457,0,0.2473513
2017,826,8458,0,0.1606473
2017,826,8459,0,0.09093882
2017,826,8460,0,0.07563747
2017,826,8461,0,0.15088218
2017,826,8462,0,0.11187703
2017,826,8463,0,0.09419662
2017,826,8464,0,0.11130801
2017,826,8465,0,0.050868876
2017,826,8466,0,0.019677846
2017,826,8467,0,0.024684766
2017,826,8468,0,0.11455495
2017,826,8470,0,0.18607345
2017,826,8471,0,0.031714655
2017,826,8472,0,0.054437276
2017,826,8473,0,0.0910508
2017,826,8474,0,0.041333154
2017,826,8475,0,0.110684626
2017,826,8476,0,0.10054152
2017,826,8477,0,0.024592817
2017,826,8478,1,0.15024053
2017,826,8479,0,0.029708574
2017,826,8480,0,0.062374637
2017,826,8481,0,0.04667979
2017,826,8482,0,0.0226232
2017,826,8483,0,0.021120336
2017,826,8484,0,0.021272862
2017,826,8485,0,0.023487011
2017,251,8401,1,0.6329188
2017,251,8403,0,0.12556526
2017,251,8404,0,0.19472067
2017,251,8405,1,0.37017453
2017,251,8406,1,0.17593387
2017,251,8407,0,0.109708145
2017,251,8408,0,0.058229275
2017,251,8409,0,0.027061468
2017,251,8411,0,0.050556086
2017,251,8412,0,0.051943168
2017,251,8413,0,0.035043757
2017,251,8414,0,0.029410101
2017,251,8415,0,0.035792872
2017,251,8416,0,0.16421653
2017,251,8417,0,0.095096074
2017,251,8418,0,0.062370732
2017,251,8419,0,0.028704146
2017,251,8420,0,0.18453607
2017,251,8421,0,0.020470472
2017,251,8422,0,0.024318816
2017,251,8424,0,0.04383921
2017,251,8425,0,0.02406485
2017,251,8426,0,0.12614407
2017,251,8427,0,0.044519085
2017,251,8428,0,0.02755096
2017,251,8429,0,0.048908647
2017,251,8430,0,0.106323205
2017,251,8431,0,0.02815701
2017,251,8432,0,0.03239444
2017,251,8433,0,0.04681222
2017,251,8434,0,0.07919596
2017,251,8435,0,0.13709636
2017,251,8436,0,0.037496373
2017,251,8438,0,0.025403814
2017,251,8439,0,0.16968772
2017,251,8441,0,0.068629876
2017,251,8442,1,0.1504649
2017,251,8443,0,0.05411888
2017,251,8444,0,0.16709599
2017,251,8445,0,0.21123938
2017,251,8446,0,0.13258922
2017,251,8447,0,0.4031579
2017,251,8448,0,0.11906709
2017,251,8449,0,0.25416076
2017,251,8450,0,0.07283829
2017,251,8451,0,0.02835694
2017,251,8453,0,0.28806403
2017,251,8454,0,0.14520474
2017,251,8455,0,0.14648634
2017,251,8456,0,0.14195636
2017,251,8457,1,0.16839261
2017,251,8458,0,0.21809076
2017,251,8459,0,0.100640714
2017,251,8460,0,0.0942947
2017,251,8461,0,0.09470347
2017,251,8462,0,0.077045985
2017,251,8463,0,0.164508
2017,251,8464,0,0.14616258
2017,251,8465,0,0.10797692
2017,251,8466,0,0.04390641
2017,251,8467,0,0.06273701
2017,251,8468,1,0.15850057
2017,251,8470,0,0.094618
2017,251,8471,0,0.03136421
2017,251,8472,1,0.076752216
2017,251,8473,0,0.13200438
2017,251,8475,0,0.13431154
2017,251,8476,0,0.121039934
2017,251,8477,0,0.037403435
2017,251,8478,0,0.2720051
2017,251,8479,0,0.030255377
2017,251,8480,0,0.044019826
2017,251,8481,0,0.027687658
2017,251,8482,0,0.023112545
2017,251,8483,0,0.031963672
2017,251,8484,0,0.036801144
2017,251,8485,0,0.038277935
2017,490,8402,1,0.15106896
2017,490,8403,1,0.6951576
2017,490,8404,1,0.17723255
2017,490,8405,0,0.5099606
2017,490,8406,1,0.74379224
2017,490,8407,0,0.17358755
2017,490,8408,0,0.0763754
2017,490,8409,0,0.027863842
2017,490,8410,0,0.68894434
2017,490,8411,0,0.09838943
2017,490,8412,0,0.05596292
2017,490,8413,0,0.031785693
2017,490,8414,0,0.036760423
2017,490,8415,0,0.0342776
2017,490,8416,0,0.12545428
2017,490,8417,0,0.18242218
2017,490,8418,0,0.042078618
2017,490,8419,0,0.037197944
2017,490,8420,0,0.41453704
2017,490,8421,0,0.022261923
2017,490,8422,0,0.022042187
2017,490,8423,0,0.046382975
2017,490,8424,0,0.039845396
2017,490,8425,0,0.06773198
2017,490,8426,1,0.1379106
2017,490,8427,0,0.07895624
2017,490,8428,0,0.08815879
2017,490,8429,0,0.5531498
2017,490,8430,0,0.15161744
2017,490,8431,0,0.05170386
2017,490,8432,0,0.121833146
2017,490,8433,0,0.067833334
2017,490,8434,0,0.2621749
2017,490,8435,1,0.25883782
2017,490,8436,0,0.12114402
2017,490,8437,0,0.09006961
2017,490,8438,0,0.03388689
2017,490,8439,0,0.19083568
2017,490,8440,0,0.30254152
2017,490,8441,0,0.02990606
2017,490,8442,0,0.15545972
2017,490,8443,0,0.03680903
2017,490,8444,0,0.2203224
2017,490,8445,1,0.15935843
2017,490,8446,0,0.1569842
2017,490,8447,0,0.07941879
2017,490,8448,0,0.058615915
2017,490,8449,1,0.50914925
2017,490,8450,1,0.12554856
2017,490,8451,0,0.07506494
2017,490,8452,0,0.034713734
2017,490,8453,0,0.18545729
2017,490,8454,0,0.18065865
2017,490,8455,0,0.10335015
2017,490,8456,0,0.12293153
2017,490,8457,0,0.086569265
2017,490,8458,0,0.07103799
2017,490,8459,0,0.18013927
2017,490,8460,0,0.073715985
2017,490,8461,0,0.08932927
2017,490,8462,0,0.06642056
2017,490,8463,0,0.11415781
2017,490,8464,0,0.14808914
2017,490,8465,0,0.05124829
2017,490,8466,0,0.036110207
2017,490,8467,0,0.06773332
2017,490,8468,0,0.12790373
2017,490,8470,0,0.06601139
2017,490,8471,0,0.048624963
2017,490,8472,0,0.07795202
2017,490,8473,0,0.08252614
2017,490,8474,0,0.07794813
2017,490,8475,0,0.57314676
2017,490,8476,0,0.13998222
2017,490,8477,0,0.020079833
2017,490,8478,1,0.17012377
2017,490,8479,0,0.122658126
2017,490,8480,0,0.034809347
2017,490,8481,0,0.04727201
2017,490,8482,0,0.030199865
2017,490,8483,0,0.042368785
2017,490,8484,0,0.022480564
2017,490,8485,1,0.074581966
2017,702,8402,0,0.22224787
2017,702,8407,0,0.08122672
2017,702,8408,0,0.15062422
2017,702,8410,0,0.21830706
2017,702,8411,0,0.069207415
2017,702,8412,0,0.06893746
2017,702,8413,0,0.018648827
2017,702,8414,0,0.02090696
2017,702,8416,0,0.16034223
2017,702,8417,0,0.15972477
2017,702,8418,0,0.08264787
2017,702,8419,0,0.04757294
2017,702,8420,0,0.14844833
2017,702,8421,0,0.01918344
2017,702,8422,0,0.05701056
2017,702,8423,0,0.10685018
2017,702,8424,0,0.04495424
2017,702,8425,1,0.16056411
2017,702,8426,0,0.0799967
2017,702,8428,0,0.061296202
2017,702,8430,0,0.11707791
2017,702,8431,0,0.035474837
2017,702,8432,1,0.4382841
2017,702,8433,0,0.4863516
2017,702,8434,0,0.56426734
2017,702,8435,1,0.50480616
2017,702,8436,0,0.12634632
2017,702,8437,0,0.11403656
2017,702,8439,0,0.21167335
2017,702,8441,1,0.52987283
2017,702,8442,0,0.20723706
2017,702,8443,0,0.050459173
2017,702,8445,0,0.34847248
2017,702,8448,1,0.3025664
2017,702,8449,0,0.59940237
2017,702,8451,0,0.10070109
2017,702,8452,0,0.2000622
2017,702,8453,1,0.25375825
2017,702,8454,0,0.2045256
2017,702,8455,1,0.2746719
2017,702,8456,0,0.1248424
2017,702,8457,0,0.3484372
2017,702,8458,0,0.12268999
2017,702,8459,0,0.13226332
2017,702,8460,0,0.1321903
2017,702,8461,1,0.31664827
2017,702,8462,0,0.105035596
2017,702,8463,0,0.20709501
2017,702,8464,0,0.20629
2017,702,8465,0,0.13827883
2017,702,8466,0,0.16352837
2017,702,8467,0,0.08595134
2017,702,8468,1,0.108617134
2017,702,8470,0,0.0964732
2017,702,8471,1,0.030039359
2017,702,8473,0,0.066494174
2017,702,8474,0,0.08151842
2017,702,8475,0,0.4289822
2017,702,8477,0,0.1083484
2017,702,8478,1,0.33507285
2017,702,8479,0,0.10498482
2017,702,8480,0,0.12978949
2017,702,8481,0,0.025444483
2017,702,8482,0,0.033850398
2017,702,8483,0,0.025837248
2017,702,8484,0,0.071380295
2017,702,8485,0,0.043506667
2017,528,8401,1,0.19780627
2017,528,8403,0,0.08388368
2017,528,8404,1,0.4243601
2017,528,8405,1,0.22129428
2017,528,8407,0,0.17167993
2017,528,8408,0,0.05450882
2017,528,8409,0,0.025242548
2017,528,8410,1,0.20169105
2017,528,8411,0,0.10433229
2017,528,8412,0,0.022280825
2017,528,8413,0,0.01772297
2017,528,8414,0,0.029812686
2017,528,8415,0,0.0295523
2017,528,8416,0,0.1267781
2017,528,8417,0,0.109058626
2017,528,8418,0,0.0778021
2017,528,8419,0,0.023114482
2017,528,8420,0,0.17476441
2017,528,8421,0,0.012762468
2017,528,8422,0,0.04444755
2017,528,8423,0,0.0662411
2017,528,8424,0,0.047903694
2017,528,8425,0,0.031663254
2017,528,8426,0,0.098917834
2017,528,8427,0,0.02337193
2017,528,8428,0,0.028311843
2017,528,8429,0,0.039471786
2017,528,8430,0,0.05291914
2017,528,8431,0,0.026832324
2017,528,8432,0,0.032827742
2017,528,8433,0,0.049532387
2017,528,8434,0,0.10027204
2017,528,8435,1,0.4964309
2017,528,8436,0,0.027013024
2017,528,8437,0,0.06521127
2017,528,8438,0,0.017517196
2017,528,8439,1,0.15912516
2017,528,8440,0,0.10745119
2017,528,8441,0,0.051263463
2017,528,8442,0,0.10429662
2017,528,8443,0,0.053904783
2017,528,8444,0,0.4006037
2017,528,8445,0,0.46017635
2017,528,8446,0,0.28786173
2017,528,8447,1,0.41183186
2017,528,8448,0,0.15501451
2017,528,8449,1,0.617384
2017,528,8450,0,0.16681397
2017,528,8451,0,0.0837409
2017,528,8453,0,0.23368397
2017,528,8454,1,0.36743248
2017,528,8455,0,0.1719784
2017,528,8456,0,0.07670325
2017,528,8457,0,0.17875117
2017,528,8458,0,0.13310374
2017,528,8459,0,0.14989483
2017,528,8460,0,0.1453517
2017,528,8461,0,0.14412317
2017,528,8462,0,0.09893251
2017,528,8463,1,0.47576287
2017,528,8464,0,0.1829214
2017,528,8465,0,0.16449183
2017,528,8466,0,0.048260834
2017,528,8467,0,0.030023234
2017,528,8468,0,0.17370948
2017,528,8470,0,0.103374384
2017,528,8471,0,0.035250977
2017,528,8472,0,0.06373003
2017,528,8473,0,0.14300825
2017,528,8474,0,0.06537706
2017,528,8475,0,0.11997687
2017,528,8476,0,0.23045503
2017,528,8477,0,0.07734812
2017,528,8478,0,0.14890125
2017,528,8479,0,0.036262993
2017,528,8480,0,0.04663784
2017,528,8481,0,0.026911356
2017,528,8482,0,0.042773075
2017,528,8483,0,0.026198264
2017,528,8484,0,0.029613111
2017,528,8485,0,0.03332991
2017,410,8401,1,0.6076012
2017,410,8402,1,0.20179538
2017,410,8403,0,0.07788243
2017,410,8404,1,0.13234362
2017,410,8405,1,0.16539477
2017,410,8406,0,0.20019436
2017,410,8407,0,0.05149363
2017,410,8408,0,0.042330272
2017,410,8409,0,0.018860681
2017,410,8410,0,0.19674312
2017,410,8411,0,0.048121545
2017,410,8412,0,0.053298224
2017,410,8413,0,0.019999702
2017,410,8414,0,0.018672084
2017,410,8415,0,0.01880836
2017,410,8416,1,0.18896751
2017,410,8417,0,0.10348442
2017,410,8418,0,0.058783192
2017,410,8419,0,0.025357509
2017,410,8420,0,0.17023864
2017,410,8421,0,0.011711595
2017,410,8422,0,0.03308376
2017,410,8423,0,0.050489075
2017,410,8424,0,0.026113464
2017,410,8425,0,0.05361296
2017,410,8426,0,0.08378139
2017,410,8427,0,0.043266445
2017,410,8428,0,0.03610027
2017,410,8429,0,0.022029331
2017,410,8431,0,0.027925508
2017,410,8432,0,0.11407311
2017,410,8433,0,0.21757862
2017,410,8434,1,0.24461141
2017,410,8435,0,0.14232998
2017,410,8436,0,0.4973653
2017,410,8437,0,0.09007906
2017,410,8438,0,0.06046122
2017,410,8439,0,0.13136202
2017,410,8440,0,0.10449021
2017,410,8441,0,0.049172353
2017,410,8442,0,0.29884076
2017,410,8443,0,0.043004725
2017,410,8444,0,0.16696127
2017,410,8445,0,0.34838974
2017,410,8446,0,0.25668353
2017,410,8447,1,0.1412056
2017,410,8448,0,0.14622685
2017,410,8449,0,0.20020457
2017,410,8450,1,0.02902014
2017,410,8451,0,0.050426904
2017,410,8452,0,0.18344522
2017,410,8453,0,0.19382194
2017,410,8454,0,0.13264413
2017,410,8455,0,0.122372195
2017,410,8456,1,0.14599493
2017,410,8457,0,0.1109394
2017,410,8458,0,0.06370176
2017,410,8459,0,0.072347276
2017,410,8460,0,0.120011225
2017,410,8461,0,0.1365008
2017,410,8462,0,0.07793951
2017,410,8463,0,0.11414225
2017,410,8464,0,0.32506618
2017,410,8465,1,0.10694723
2017,410,8466,0,0.042308494
2017,410,8467,0,0.04269918
2017,410,8468,0,0.19242594
2017,410,8470,0,0.10850783
2017,410,8471,0,0.04084834
2017,410,8472,0,0.050993893
2017,410,8473,0,0.123009525
2017,410,8474,0,0.078203864
2017,410,8475,0,0.28269115
2017,410,8476,0,0.09149562
2017,410,8477,0,0.035596143
2017,410,8478,0,0.34101823
2017,410,8479,0,0.06542164
2017,410,8480,0,0.04836548
2017,410,8481,0,0.0230793
2017,410,8482,0,0.024042461
2017,410,8483,0,0.02486157
2017,410,8484,0,0.025988294
2017,410,8485,0,0.03723163
2017,458,8404,1,0.4774729
2017,458,8405,1,0.44394946
2017,458,8407,0,0.26853523
2017,458,8408,0,0.18023899
2017,458,8411,0,0.100313395
2017,458,8412,0,0.12627187
2017,458,8413,0,0.05868244
2017,458,8414,0,0.02548417
2017,458,8415,0,0.021624237
2017,458,8416,0,0.5297425
2017,458,8417,0,0.23658258
2017,458,8418,0,0.10182071
2017,458,8419,0,0.09277967
2017,458,8420,0,0.24805492
2017,458,8421,0,0.025479773
2017,458,8422,0,0.055106938
2017,458,8423,0,0.11913016
2017,458,8424,0,0.041859932
2017,458,8425,0,0.12351763
2017,458,8426,0,0.12624048
2017,458,8427,0,0.17713463
2017,458,8428,0,0.06558001
2017,458,8430,0,0.18084957
2017,458,8431,0,0.06272717
2017,458,8433,0,0.19442269
2017,458,8436,0,0.07746784
2017,458,8437,0,0.2844327
2017,458,8438,0,0.11746394
2017,458,8439,1,0.21381831
2017,458,8441,0,0.0899844
2017,458,8442,1,0.33236307
2017,458,8443,0,0.1510629
2017,458,8445,0,0.4207906
2017,458,8447,0,0.39815733
2017,458,8448,0,0.16881315
2017,458,8450,1,0.39537662
2017,458,8451,0,0.0822924
2017,458,8452,1,0.21976665
2017,458,8453,1,0.4741298
2017,458,8454,0,0.1972273
2017,458,8455,0,0.13219169
2017,458,8456,1,0.2881354
2017,458,8457,0,0.31220907
2017,458,8458,0,0.19200604
2017,458,8459,0,0.17989479
2017,458,8460,0,0.17627922
2017,458,8461,1,0.36070973
2017,458,8462,0,0.09600492
2017,458,8463,1,0.17292386
2017,458,8464,1,0.6978181
2017,458,8465,0,0.21361387
2017,458,8466,0,0.11664138
2017,458,8467,0,0.08947018
2017,458,8468,0,0.16741017
2017,458,8470,0,0.07191755
2017,458,8472,1,0.18985753
2017,458,8473,0,0.089089155
2017,458,8474,0,0.09028679
2017,458,8475,0,0.14229447
2017,458,8476,0,0.2430851
2017,458,8477,0,0.06730604
2017,458,8478,1,0.3802474
2017,458,8479,0,0.10677917
2017,458,8480,0,0.0815503
2017,458,8481,0,0.04056892
2017,458,8482,0,0.04912816
2017,458,8484,0,0.0678879
2017,458,8485,0,0.40485048
2017,124,8401,0,0.5339994
2017,124,8402,1,0.5821507
2017,124,8403,0,0.20665169
2017,124,8404,0,0.25915402
2017,124,8405,1,0.6371026
2017,124,8406,1,0.44645143
2017,124,8407,0,0.06311348
2017,124,8408,0,0.16900063
2017,124,8409,0,0.034308895
2017,124,8410,0,0.20705904
2017,124,8411,0,0.046649788
2017,124,8412,0,0.047295347
2017,124,8413,0,0.031048194
2017,124,8414,0,0.06971768
2017,124,8415,0,0.07778898
2017,124,8416,0,0.20329192
2017,124,8417,0,0.12146898
2017,124,8418,0,0.10388261
2017,124,8419,0,0.05462532
2017,124,8420,1,0.51584834
2017,124,8421,0,0.04857942
2017,124,8422,0,0.06946109
2017,124,8423,0,0.082957305
2017,124,8424,0,0.07428268
2017,124,8425,0,0.08490072
2017,124,8426,0,0.2403341
2017,124,8427,0,0.114714965
2017,124,8428,0,0.07873188
2017,124,8429,0,0.18440902
2017,124,8430,0,0.16309708
2017,124,8431,0,0.02562079
2017,124,8432,0,0.08022754
2017,124,8433,0,0.056165513
2017,124,8434,0,0.52776855
2017,124,8436,0,0.060277663
2017,124,8437,0,0.20451227
2017,124,8438,0,0.09529822
2017,124,8439,0,0.15044685
2017,124,8440,0,0.26664916
2017,124,8441,0,0.14358078
2017,124,8442,1,0.19354305
2017,124,8443,0,0.102728225
2017,124,8445,0,0.2963731
2017,124,8448,0,0.20969869
2017,124,8451,0,0.21615426
2017,124,8452,0,0.19882253
2017,124,8454,0,0.12372077
2017,124,8455,0,0.4830023
2017,124,8456,0,0.21717659
2017,124,8457,0,0.3156609
2017,124,8458,0,0.21272013
2017,124,8459,1,0.20226684
2017,124,8460,0,0.20227692
2017,124,8461,0,0.124807
2017,124,8462,1,0.19100103
2017,124,8463,1,0.5102632
2017,124,8464,1,0.14250402
2017,124,8465,0,0.10703349
2017,124,8466,0,0.052327663
2017,124,8467,0,0.073046155
2017,124,8468,0,0.13950019
2017,124,8470,0,0.17648952
2017,124,8471,0,0.050497465
2017,124,8472,0,0.15371875
2017,124,8473,0,0.08995969
2017,124,8474,0,0.06618915
2017,124,8475,0,0.5812577
2017,124,8476,0,0.1944749
2017,124,8477,0,0.052486226
2017,124,8478,1,0.6066559
2017,124,8479,0,0.04176944
2017,124,8480,0,0.08665972
2017,124,8481,0,0.03253548
2017,124,8482,0,0.039474834
2017,124,8483,0,0.037284788
2017,124,8484,0,0.063299514
2017,124,8485,0,0.052225783
2017,484,8402,0,0.37733823
2017,484,8403,0,0.29525092
2017,484,8404,0,0.32199153
2017,484,8406,0,0.22007908
2017,484,8407,0,0.07804951
2017,484,8408,0,0.08660221
2017,484,8409,0,0.047984213
2017,484,8411,0,0.088871576
2017,484,8412,0,0.08678224
2017,484,8413,0,0.033640675
2017,484,8414,0,0.06366866
2017,484,8415,0,0.09776005
2017,484,8416,0,0.22650687
2017,484,8417,0,0.16765215
2017,484,8418,0,0.06971055
2017,484,8419,0,0.06019698
2017,484,8420,0,0.41166985
2017,484,8421,0,0.05511708
2017,484,8422,0,0.09534864
2017,484,8423,0,0.14068525
2017,484,8424,0,0.08002325
2017,484,8425,0,0.11132867
2017,484,8426,0,0.29292327
2017,484,8427,0,0.30962214
2017,484,8428,0,0.0906833
2017,484,8429,0,0.31939805
2017,484,8430,0,0.15448293
2017,484,8431,0,0.0436665
2017,484,8432,0,0.14377116
2017,484,8433,0,0.07925567
2017,484,8434,0,0.34372723
2017,484,8436,0,0.20774977
2017,484,8437,1,0.1941339
2017,484,8438,1,0.12369998
2017,484,8439,0,0.17360383
2017,484,8441,1,0.24644823
2017,484,8442,0,0.35769075
2017,484,8443,0,0.10488302
2017,484,8450,0,0.07310194
2017,484,8451,0,0.15519893
2017,484,8453,0,0.21944694
2017,484,8455,1,0.6707901
2017,484,8456,0,0.14110549
2017,484,8457,1,0.55314106
2017,484,8458,0,0.18547031
2017,484,8459,0,0.4181884
2017,484,8460,1,0.47294134
2017,484,8461,0,0.54357296
2017,484,8462,0,0.16654016
2017,484,8463,1,0.56400967
2017,484,8465,0,0.16115679
2017,484,8466,0,0.098030254
2017,484,8467,0,0.09640341
2017,484,8468,0,0.14587492
2017,484,8470,0,0.42687872
2017,484,8471,0,0.08377667
2017,484,8472,0,0.24205685
2017,484,8473,0,0.27807862
2017,484,8475,0,0.21365148
2017,484,8476,0,0.19197775
2017,484,8477,0,0.111140646
2017,484,8479,0,0.06721828
2017,484,8480,0,0.13360497
2017,484,8481,0,0.05213064
2017,484,8482,0,0.05153209
2017,484,8483,0,0.053380396
2017,484,8484,0,0.079545975
2017,484,8485,0,0.045905918
2017,757,8402,0,0.1526164
2017,757,8403,0,0.18410566
2017,757,8404,0,0.50261194
2017,757,8406,0,0.13830708
2017,757,8407,1,0.38250983
2017,757,8408,0,0.18906572
2017,757,8409,0,0.044351887
2017,757,8411,1,0.020083051
2017,757,8412,0,0.05375193
2017,757,8413,0,0.0435634
2017,757,8414,0,0.024672743
2017,757,8415,0,0.06699772
2017,757,8416,0,0.11677454
2017,757,8417,0,0.13416128
2017,757,8418,0,0.16322409
2017,757,8419,0,0.0511534
2017,757,8420,0,0.3167715
2017,757,8421,0,0.02904765
2017,757,8422,0,0.05190479
2017,757,8423,1,0.08375709
2017,757,8424,0,0.056388054
2017,757,8425,0,0.082816355
2017,757,8426,0,0.20116794
2017,757,8427,0,0.12922597
2017,757,8428,0,0.04350006
2017,757,8429,0,0.134923
2017,757,8430,0,0.16342214
2017,757,8431,0,0.03759749
2017,757,8432,0,0.11296219
2017,757,8433,0,0.13999057
2017,757,8434,0,0.29910055
2017,757,8435,0,0.20833051
2017,757,8436,0,0.15939227
2017,757,8437,0,0.080233045
2017,757,8438,0,0.025069186
2017,757,8439,0,0.14728454
2017,757,8440,0,0.16251527
2017,757,8441,0,0.05529426
2017,757,8442,0,0.12581357
2017,757,8443,0,0.080363214
2017,757,8445,0,0.22421879
2017,757,8446,0,0.12431021
2017,757,8447,1,0.29973745
2017,757,8448,0,0.04072667
2017,757,8449,0,0.44991213
2017,757,8450,0,0.11620299
2017,757,8451,0,0.048420172
2017,757,8452,0,0.1049016
2017,757,8453,0,0.11224376
2017,757,8454,0,0.2940896
2017,757,8455,0,0.18185131
2017,757,8456,0,0.10711006
2017,757,8457,0,0.12297281
2017,757,8458,0,0.10810113
2017,757,8459,0,0.17931776
2017,757,8460,0,0.0897563
2017,757,8461,0,0.16769142
2017,757,8462,0,0.11715289
2017,757,8463,0,0.16812736
2017,757,8464,0,0.1310173
2017,757,8465,0,0.09488668
2017,757,8466,0,0.037375476
2017,757,8467,0,0.086776026
2017,757,8468,1,0.23183054
2017,757,8470,0,0.1229688
2017,757,8471,0,0.036999017
2017,757,8472,1,0.12445941
2017,757,8473,0,0.14246319
2017,757,8474,1,0.11326653
2017,757,8475,0,0.31387687
2017,757,8476,0,0.10772394
2017,757,8477,0,0.046313725
2017,757,8478,0,0.100289896
2017,757,8479,0,0.03353561
2017,757,8480,0,0.0877196
2017,757,8481,0,0.050078124
2017,757,8482,0,0.045536738
2017,757,8483,0,0.048369374
2017,757,8484,0,0.05011284
2017,757,8485,0,0.049643785
2017,764,8402,1,0.29129007
2017,764,8403,1,0.61856484
2017,764,8405,0,0.5860854
2017,764,8406,0,0.39421713
2017,764,8407,0,0.08419805
2017,764,8408,0,0.1821915
2017,764,8409,0,0.016690414
2017,764,8411,0,0.20344616
2017,764,8412,0,0.145955
2017,764,8413,0,0.023184119
2017,764,8414,0,0.024821544
2017,764,8415,0,0.013326395
2017,764,8418,0,0.030084351
2017,764,8419,0,0.06293472
2017,764,8420,0,0.20316848
2017,764,8421,0,0.011942026
2017,764,8422,0,0.05798185
2017,764,8423,0,0.108772114
2017,764,8425,0,0.09423307
2017,764,8426,0,0.12963407
2017,764,8428,0,0.0452864
2017,764,8429,0,0.17571929
2017,764,8431,0,0.04786665
2017,764,8434,1,0.16768034
2017,764,8437,0,0.17693214
2017,764,8438,0,0.11342649
2017,764,8439,0,0.1744385
2017,764,8440,0,0.30520216
2017,764,8441,1,0.41600204
2017,764,8442,0,0.20013015
2017,764,8443,0,0.07328249
2017,764,8445,0,0.2472939
2017,764,8447,0,0.327674
2017,764,8448,1,0.16349587
2017,764,8450,0,0.039419837
2017,764,8451,0,0.07875248
2017,764,8452,0,0.058956817
2017,764,8453,0,0.11899888
2017,764,8454,1,0.2651156
2017,764,8455,1,0.39749035
2017,764,8456,0,0.17231837
2017,764,8457,0,0.23882803
2017,764,8458,0,0.1357215
2017,764,8459,0,0.1411753
2017,764,8460,0,0.24545516
2017,764,8461,1,0.27362242
2017,764,8462,0,0.14195274
2017,764,8463,0,0.29015115
2017,764,8464,0,0.5805245
2017,764,8466,0,0.10744372
2017,764,8467,0,0.107311845
2017,764,8468,1,0.3537507
2017,764,8470,0,0.16369642
2017,764,8471,0,0.1508359
2017,764,8472,1,0.17192286
2017,764,8473,0,0.17899476
2017,764,8475,0,0.19611526
2017,764,8476,0,0.28111854
2017,764,8477,0,0.06804231
2017,764,8479,0,0.049665704
2017,764,8480,0,0.072807446
2017,764,8481,0,0.02085053
2017,764,8482,0,0.033117212
2017,764,8483,0,0.02603634
2017,764,8484,0,0.027306072
2017,764,8485,0,0.05452381
2017,752,8401,0,0.5955414
2017,752,8402,1,0.4587624
2017,752,8403,1,0.27892703
2017,752,8404,0,0.14077757
2017,752,8405,0,0.18249017
2017,752,8406,0,0.5913781
2017,752,8407,0,0.1916303
2017,752,8408,0,0.16095784
2017,752,8409,0,0.058078278
2017,752,8410,0,0.20975246
2017,752,8412,0,0.021035535
2017,752,8413,0,0.027496418
2017,752,8414,0,0.021481719
2017,752,8415,0,0.060556185
2017,752,8416,0,0.105903804
2017,752,8417,0,0.23853093
2017,752,8418,0,0.08959925
2017,752,8419,0,0.030796103
2017,752,8420,0,0.18622887
2017,752,8421,0,0.03331836
2017,752,8422,0,0.01706862
2017,752,8423,0,0.0846837
2017,752,8424,0,0.039042164
2017,752,8425,0,0.0826515
2017,752,8426,0,0.113148026
2017,752,8427,0,0.041111752
2017,752,8428,0,0.048571616
2017,752,8429,0,0.055212703
2017,752,8430,0,0.101614565
2017,752,8431,0,0.021418175
2017,752,8432,0,0.067849964
2017,752,8433,0,0.097550385
2017,752,8434,0,0.08166676
2017,752,8436,0,0.14543653
2017,752,8437,0,0.26074454
2017,752,8438,0,0.0363474
2017,752,8439,0,0.15898427
2017,752,8440,0,0.16355075
2017,752,8441,0,0.106578
2017,752,8442,0,0.1903159
2017,752,8443,0,0.10657603
2017,752,8447,0,0.7847267
2017,752,8448,0,0.17679171
2017,752,8449,0,0.66024834
2017,752,8450,0,0.056630757
2017,752,8451,0,0.11343703
2017,752,8452,0,0.14448668
2017,752,8453,1,0.5693656
2017,752,8454,0,0.19476193
2017,752,8455,0,0.11909192
2017,752,8456,1,0.106552854
2017,752,8458,0,0.16319948
2017,752,8459,0,0.28271303
2017,752,8460,0,0.12098243
2017,752,8461,1,0.5933573
2017,752,8462,0,0.14690088
2017,752,8463,0,0.20710237
2017,752,8464,0,0.13646561
2017,752,8465,0,0.22003572
2017,752,8466,0,0.042485397
2017,752,8467,0,0.06005087
2017,752,8468,0,0.18950835
2017,752,8470,0,0.14803877
2017,752,8471,0,0.0655281
2017,752,8472,1,0.11027483
2017,752,8473,0,0.28740376
2017,752,8474,0,0.07469788
2017,752,8475,0,0.2066654
2017,752,8476,0,0.33567274
2017,752,8477,0,0.05259581
2017,752,8478,0,0.34661487
2017,752,8479,0,0.04395841
2017,752,8480,0,0.106765404
2017,752,8481,0,0.036050566
2017,752,8482,0,0.027490973
2017,752,8483,0,0.030403528
2017,752,8484,0,0.026452104
2017,752,8485,1,0.04274946
2017,372,8403,0,0.20663999
2017,372,8406,0,0.5132697
2017,372,8407,1,0.23864132
2017,372,8409,0,0.09140962
2017,372,8411,0,0.10789583
2017,372,8412,0,0.17087096
2017,372,8413,0,0.08088517
2017,372,8414,0,0.07074191
2017,372,8415,0,0.117324635
2017,372,8418,0,0.102963395
2017,372,8419,1,0.41062838
2017,372,8421,0,0.06441147
2017,372,8422,0,0.0868824
2017,372,8423,0,0.48776597
2017,372,8424,0,0.13195534
2017,372,8425,0,0.17408684
2017,372,8427,0,0.1045065
2017,372,8428,0,0.099490136
2017,372,8429,0,0.19138195
2017,372,8430,0,0.3543938
2017,372,8432,0,0.14336506
2017,372,8433,0,0.089175396
2017,372,8434,0,0.22848609
2017,372,8436,0,0.28568336
2017,372,8437,0,0.40132642
2017,372,8438,0,0.32772315
2017,372,8441,0,0.13090722
2017,372,8442,1,0.7582551
2017,372,8443,0,0.12641035
2017,372,8448,0,0.21970229
2017,372,8450,0,0.28903997
2017,372,8451,0,0.21840228
2017,372,8456,1,0.56682336
2017,372,8457,1,0.6660144
2017,372,8459,1,0.6642919
2017,372,8460,1,0.3747823
2017,372,8461,1,0.5441377
2017,372,8462,0,0.21286683
2017,372,8463,0,0.44583887
2017,372,8465,0,0.27462146
2017,372,8466,0,0.10671025
2017,372,8467,0,0.15715744
2017,372,8468,0,0.17060223
2017,372,8470,0,0.6096847
2017,372,8471,0,0.04341336
2017,372,8472,0,0.3709027
2017,372,8473,0,0.13205376
2017,372,8474,0,0.12688278
2017,372,8475,1,0.3282258
2017,372,8477,0,0.09278525
2017,372,8478,1,0.6599215
2017,372,8479,0,0.12239598
2017,372,8480,0,0.13083771
2017,372,8481,1,0.066617385
2017,372,8484,0,0.10101393
2017,372,8485,0,0.09671213
2017,40,8401,0,0.2213926
2017,40,8402,0,0.1494593
2017,40,8403,0,0.15801972
2017,40,8404,1,0.30531597
2017,40,8405,0,0.19344783
2017,40,8406,0,0.17567535
2017,40,8407,0,0.11054047
2017,40,8408,0,0.11383205
2017,40,8409,0,0.044041026
2017,40,8411,0,0.07979521
2017,40,8412,0,0.06044081
2017,40,8413,0,0.032150213
2017,40,8414,0,0.03450048
2017,40,8415,0,0.10121717
2017,40,8416,0,0.1477286
2017,40,8417,0,0.12968166
2017,40,8418,0,0.098546036
2017,40,8419,0,0.0405
2017,40,8420,1,0.2289956
2017,40,8421,0,0.022392098
2017,40,8422,0,0.071186915
2017,40,8423,0,0.082550146
2017,40,8424,0,0.035487246
2017,40,8425,0,0.08477756
2017,40,8426,0,0.10287054
2017,40,8427,0,0.14239469
2017,40,8428,0,0.06941322
2017,40,8429,0,0.09217429
2017,40,8430,0,0.10346339
2017,40,8431,0,0.035020668
2017,40,8432,0,0.07152594
2017,40,8433,0,0.09289888
2017,40,8434,0,0.13874677
2017,40,8435,0,0.30654675
2017,40,8436,0,0.16554274
2017,40,8437,0,0.119664654
2017,40,8438,0,0.040177476
2017,40,8439,0,0.1776264
2017,40,8440,0,0.20572476
2017,40,8441,1,0.43078074
2017,40,8442,0,0.13963829
2017,40,8443,0,0.066406764
2017,40,8444,0,0.30351737
2017,40,8445,0,0.12811469
2017,40,8446,0,0.4322466
2017,40,8448,0,0.14761621
2017,40,8449,0,0.21693541
2017,40,8450,0,0.30778292
2017,40,8451,0,0.09690644
2017,40,8452,1,0.45226082
2017,40,8453,1,0.20664938
2017,40,8454,1,0.13377492
2017,40,8455,0,0.15686506
2017,40,8456,0,0.10998392
2017,40,8457,0,0.24673685
2017,40,8458,0,0.17890772
2017,40,8459,0,0.18655749
2017,40,8460,0,0.115562424
2017,40,8461,0,0.10150057
2017,40,8462,0,0.084448315
2017,40,8463,0,0.24953072
2017,40,8464,0,0.17591521
2017,40,8465,0,0.06344898
2017,40,8466,0,0.062234182
2017,40,8467,0,0.094139546
2017,40,8468,0,0.11878813
2017,40,8470,0,0.33513168
2017,40,8471,0,0.04394717
2017,40,8472,0,0.1621679
2017,40,8473,0,0.12972146
2017,40,8474,0,0.07981743
2017,40,8475,0,0.2426665
2017,40,8476,1,0.15852398
2017,40,8477,0,0.043869983
2017,40,8478,0,0.43286645
2017,40,8479,0,0.027813643
2017,40,8480,0,0.06961562
2017,40,8481,0,0.0425227
2017,40,8482,0,0.051840927
2017,40,8483,0,0.044327226
2017,40,8484,0,0.044690672
2017,40,8485,0,0.06431826
2017,724,8401,0,0.24555044
2017,724,8402,0,0.20670381
2017,724,8403,0,0.17186874
2017,724,8404,0,0.17004083
2017,724,8405,0,0.17945966
2017,724,8407,0,0.08208832
2017,724,8408,0,0.124747165
2017,724,8409,0,0.030261008
2017,724,8410,0,0.12466978
2017,724,8411,0,0.061966557
2017,724,8412,0,0.08191059
2017,724,8413,0,0.016588587
2017,724,8414,0,0.020019203
2017,724,8415,0,0.039753545
2017,724,8416,0,0.1093178
2017,724,8417,0,0.093267284
2017,724,8418,0,0.054974347
2017,724,8419,0,0.03407514
2017,724,8420,0,0.073989995
2017,724,8421,0,0.013615724
2017,724,8422,0,0.015348043
2017,724,8423,0,0.04137394
2017,724,8424,0,0.02484294
2017,724,8425,0,0.02711143
2017,724,8426,0,0.06653923
2017,724,8427,0,0.055666443
2017,724,8428,0,0.02258277
2017,724,8430,0,0.11501413
2017,724,8431,0,0.021794232
2017,724,8432,0,0.06843435
2017,724,8433,0,0.07927622
2017,724,8434,0,0.10990263
2017,724,8435,0,0.16329992
2017,724,8436,0,0.05703821
2017,724,8437,0,0.05937419
2017,724,8438,0,0.021481778
2017,724,8439,0,0.18685058
2017,724,8440,1,0.5783009
2017,724,8441,0,0.039236456
2017,724,8442,0,0.20888242
2017,724,8443,0,0.04283705
2017,724,8444,0,0.33701026
2017,724,8445,0,0.09526317
2017,724,8446,0,0.29004472
2017,724,8447,0,0.114085965
2017,724,8448,0,0.087729484
2017,724,8449,0,0.4592587
2017,724,8450,0,0.09270959
2017,724,8451,0,0.031216731
2017,724,8452,0,0.16406837
2017,724,8453,0,0.09142224
2017,724,8454,0,0.24526478
2017,724,8455,0,0.27302122
2017,724,8456,0,0.16171783
2017,724,8457,0,0.15071419
2017,724,8458,0,0.0742427
2017,724,8459,0,0.16943757
2017,724,8460,0,0.10301339
2017,724,8461,0,0.07044072
2017,724,8462,0,0.064387225
2017,724,8463,0,0.1318046
2017,724,8464,0,0.064513
2017,724,8465,0,0.066658415
2017,724,8466,0,0.019386252
2017,724,8467,0,0.087148346
2017,724,8468,0,0.11317279
2017,724,8470,0,0.15997466
2017,724,8471,0,0.048526224
2017,724,8472,0,0.09201513
2017,724,8473,0,0.14822501
2017,724,8474,0,0.07436114
2017,724,8475,0,0.2323693
2017,724,8476,0,0.1741456
2017,724,8477,0,0.032135192
2017,724,8478,1,0.43351656
2017,724,8479,0,0.02149329
2017,724,8480,0,0.053389892
2017,724,8481,0,0.020450234
2017,724,8482,0,0.03799687
2017,724,8483,0,0.03705549
2017,724,8484,0,0.03482675
2018,842,8401,0,0.1890884
2018,842,8402,0,0.15667434
2018,842,8403,0,0.06839865
2018,842,8404,1,0.12293608
2018,842,8405,0,0.12709837
2018,842,8406,0,0.06680987
2018,842,8407,0,0.05267076
2018,842,8408,0,0.16453512
2018,842,8409,0,0.0555968
2018,842,8410,1,0.18266474
2018,842,8411,0,0.023692051
2018,842,8412,0,0.025103759
2018,842,8413,0,0.02894607
2018,842,8414,0,0.031926844
2018,842,8415,0,0.03192045
2018,842,8416,0,0.058942262
2018,842,8417,0,0.063204445
2018,842,8418,0,0.038596377
2018,842,8419,0,0.029678851
2018,842,8420,1,0.0996815
2018,842,8421,0,0.016414214
2018,842,8422,0,0.02754977
2018,842,8423,0,0.058887117
2018,842,8424,0,0.021761907
2018,842,8425,0,0.03325949
2018,842,8426,0,0.08034758
2018,842,8427,0,0.038584355
2018,842,8428,0,0.03796951
2018,842,8429,0,0.045851335
2018,842,8430,0,0.09913014
2018,842,8431,0,0.035436757
2018,842,8432,0,0.107356824
2018,842,8433,0,0.028875852
2018,842,8434,0,0.11654022
2018,842,8435,1,0.20106424
2018,842,8436,0,0.027802272
2018,842,8437,0,0.30540574
2018,842,8438,0,0.020676646
2018,842,8439,0,0.17232676
2018,842,8440,0,0.09826917
2018,842,8441,0,0.038139403
2018,842,8442,0,0.07635488
2018,842,8443,0,0.028333163
2018,842,8444,0,0.21348287
2018,842,8445,0,0.1468929
2018,842,8446,0,0.27552235
2018,842,8449,0,0.18414973
2018,842,8450,0,0.060674228
2018,842,8451,0,0.023090167
2018,842,8453,0,0.1150303
2018,842,8454,0,0.10579822
2018,842,8455,0,0.12694684
2018,842,8456,1,0.07463802
2018,842,8457,0,0.1466214
2018,842,8458,0,0.0784305
2018,842,8459,0,0.08596017
2018,842,8460,0,0.048462767
2018,842,8461,1,0.060868815
2018,842,8462,0,0.046569586
2018,842,8463,0,0.09332531
2018,842,8464,0,0.08382059
2018,842,8465,0,0.041486412
2018,842,8466,0,0.028039334
2018,842,8467,0,0.036685616
2018,842,8468,0,0.05554227
2018,842,8470,0,0.0706977
2018,842,8471,0,0.023874357
2018,842,8472,0,0.057168614
2018,842,8473,0,0.08007448
2018,842,8474,0,0.042588115
2018,842,8475,0,0.16630702
2018,842,8476,0,0.10409253
2018,842,8477,0,0.028558196
2018,842,8478,0,0.21701291
2018,842,8479,0,0.055775195
2018,842,8480,0,0.053062003
2018,842,8481,0,0.03927542
2018,842,8482,0,0.038259145
2018,842,8483,0,0.023638094
2018,842,8484,0,0.03720142
2018,842,8485,0,0.02567069
2018,276,8401,1,0.3355896
2018,276,8402,1,0.13263384
2018,276,8403,0,0.07052633
2018,276,8404,0,0.09589801
2018,276,8405,0,0.16737571
2018,276,8406,0,0.09981901
2018,276,8407,0,0.043873504
2018,276,8408,0,0.040595982
2018,276,8409,0,0.038548693
2018,276,8411,0,0.022774957
2018,276,8412,0,0.017313777
2018,276,8413,0,0.032993674
2018,276,8414,0,0.032614365
2018,276,8415,0,0.02424059
2018,276,8416,0,0.033380132
2018,276,8417,0,0.033390734
2018,276,8418,0,0.03601286
2018,276,8419,0,0.018112302
2018,276,8420,0,0.064014174
2018,276,8421,0,0.014589411
2018,276,8422,0,0.018174537
2018,276,8423,0,0.0356211
2018,276,8424,0,0.022097507
2018,276,8425,0,0.019765835
2018,276,8426,0,0.02975971
2018,276,8427,0,0.029086057
2018,276,8428,0,0.019776054
2018,276,8429,0,0.031224398
2018,276,8430,0,0.049761623
2018,276,8431,0,0.018869922
2018,276,8432,0,0.046912197
2018,276,8433,0,0.022255186
2018,276,8434,0,0.058845896
2018,276,8435,0,0.11427928
2018,276,8436,0,0.021551352
2018,276,8437,0,0.08321604
2018,276,8438,0,0.01496566
2018,276,8439,0,0.1398569
2018,276,8440,0,0.041018736
2018,276,8441,0,0.019194307
2018,276,8442,0,0.033760928
2018,276,8443,0,0.047577627
2018,276,8444,0,0.4655494
2018,276,8445,1,0.45575464
2018,276,8446,1,0.270142
2018,276,8447,1,0.2874146
2018,276,8448,1,0.049289167
2018,276,8449,0,0.2057386
2018,276,8450,0,0.053210974
2018,276,8451,0,0.021569451
2018,276,8452,0,0.019523634
2018,276,8453,1,0.09403082
2018,276,8454,0,0.11087839
2018,276,8455,0,0.14201777
2018,276,8456,0,0.06697084
2018,276,8457,0,0.12994274
2018,276,8458,0,0.052961223
2018,276,8459,0,0.0452292
2018,276,8460,0,0.03696787
2018,276,8461,0,0.063409574
2018,276,8462,0,0.036162525
2018,276,8463,0,0.10222872
2018,276,8464,0,0.039701805
2018,276,8465,0,0.028663693
2018,276,8466,0,0.017102342
2018,276,8467,0,0.054241102
2018,276,8468,0,0.047440805
2018,276,8470,0,0.07205562
2018,276,8471,0,0.034441743
2018,276,8472,0,0.03363007
2018,276,8473,0,0.097918354
2018,276,8474,0,0.021020845
2018,276,8475,0,0.10002622
2018,276,8476,0,0.11322708
2018,276,8477,0,0.023168406
2018,276,8478,1,0.059473075
2018,276,8479,0,0.031496514
2018,276,8480,0,0.031951666
2018,276,8481,0,0.039633058
2018,276,8482,0,0.029040767
2018,276,8483,0,0.02272627
2018,276,8484,0,0.019934751
2018,276,8485,0,0.019156367
2018,392,8401,0,0.37626934
2018,392,8402,1,0.27470118
2018,392,8403,0,0.18358214
2018,392,8404,1,0.17358859
2018,392,8406,1,0.08032467
2018,392,8407,0,0.04456194
2018,392,8408,0,0.041642748
2018,392,8409,0,0.03246581
2018,392,8411,0,0.053964283
2018,392,8412,0,0.032839887
2018,392,8413,0,0.033729132
2018,392,8414,0,0.042648084
2018,392,8415,0,0.03712373
2018,392,8416,0,0.13156651
2018,392,8417,0,0.20175678
2018,392,8418,0,0.08698201
2018,392,8419,0,0.030817615
2018,392,8420,1,0.2270067
2018,392,8421,0,0.027018249
2018,392,8422,0,0.038635124
2018,392,8423,0,0.09635513
2018,392,8424,0,0.038206328
2018,392,8425,0,0.046098683
2018,392,8426,0,0.071617685
2018,392,8427,0,0.026361398
2018,392,8428,0,0.05860494
2018,392,8429,0,0.0375044
2018,392,8430,0,0.10625917
2018,392,8431,0,0.031800922
2018,392,8432,0,0.093739495
2018,392,8433,0,0.061267316
2018,392,8434,0,0.09639054
2018,392,8435,0,0.3634754
2018,392,8437,1,0.30309746
2018,392,8438,0,0.0486306
2018,392,8439,0,0.15082425
2018,392,8440,0,0.11269884
2018,392,8441,0,0.056300253
2018,392,8442,0,0.13581455
2018,392,8443,0,0.048368346
2018,392,8444,0,0.2715932
2018,392,8445,1,0.24708343
2018,392,8446,0,0.26248735
2018,392,8447,1,0.17282012
2018,392,8448,0,0.083157286
2018,392,8449,0,0.21718879
2018,392,8450,0,0.19163664
2018,392,8451,0,0.06309978
2018,392,8452,0,0.0345205
2018,392,8453,1,0.1022191
2018,392,8454,0,0.14856069
2018,392,8455,0,0.18762217
2018,392,8456,1,0.12080729
2018,392,8457,1,0.11606194
2018,392,8458,0,0.08720099
2018,392,8459,0,0.07689451
2018,392,8460,0,0.08599451
2018,392,8461,0,0.11197294
2018,392,8462,0,0.0635206
2018,392,8463,0,0.13277094
2018,392,8464,1,0.16132893
2018,392,8465,0,0.05731069
2018,392,8466,0,0.042572115
2018,392,8467,0,0.04476356
2018,392,8468,0,0.1924048
2018,392,8470,1,0.31967306
2018,392,8471,0,0.043697476
2018,392,8472,0,0.055827543
2018,392,8473,0,0.14628573
2018,392,8474,0,0.066320494
2018,392,8475,1,0.24137428
2018,392,8476,0,0.15379678
2018,392,8477,0,0.04936231
2018,392,8478,0,0.41011775
2018,392,8479,0,0.087538965
2018,392,8480,0,0.059570126
2018,392,8481,0,0.040138464
2018,392,8482,0,0.032860868
2018,392,8483,0,0.026067924
2018,392,8484,0,0.024723586
2018,392,8485,0,0.05425417
2018,156,8401,1,0.4158486
2018,156,8402,0,0.040283546
2018,156,8403,0,0.06572096
2018,156,8404,1,0.07579614
2018,156,8405,0,0.0630321
2018,156,8407,0,0.025667202
2018,156,8408,0,0.026241584
2018,156,8409,0,0.023115275
2018,156,8411,0,0.018156903
2018,156,8412,0,0.021889795
2018,156,8413,0,0.018851664
2018,156,8414,0,0.026273197
2018,156,8415,0,0.01898697
2018,156,8416,0,0.02529836
2018,156,8417,0,0.049069576
2018,156,8418,0,0.028840374
2018,156,8419,0,0.08055499
2018,156,8420,0,0.039334405
2018,156,8421,0,0.010550982
2018,156,8422,0,0.009281447
2018,156,8423,0,0.021005694
2018,156,8424,0,0.018814027
2018,156,8425,0,0.028768828
2018,156,8426,0,0.039108574
2018,156,8427,0,0.017632846
2018,156,8428,0,0.015559511
2018,156,8431,0,0.019624647
2018,156,8432,0,0.016250888
2018,156,8433,0,0.013739685
2018,156,8434,1,0.026953368
2018,156,8436,0,0.014521878
2018,156,8439,0,0.048762217
2018,156,8440,0,0.06995906
2018,156,8441,0,0.02190373
2018,156,8442,0,0.027773334
2018,156,8443,0,0.03116877
2018,156,8444,0,0.1172645
2018,156,8445,0,0.11355132
2018,156,8446,0,0.12416704
2018,156,8447,0,0.06950224
2018,156,8448,0,0.024898218
2018,156,8449,0,0.22507654
2018,156,8450,0,0.02155309
2018,156,8451,0,0.016125895
2018,156,8452,0,0.04882832
2018,156,8453,0,0.059689578
2018,156,8454,0,0.17891395
2018,156,8455,0,0.050130263
2018,156,8456,0,0.04303124
2018,156,8457,0,0.028670955
2018,156,8458,0,0.025645345
2018,156,8459,0,0.01714409
2018,156,8460,0,0.01643707
2018,156,8461,0,0.018914808
2018,156,8462,0,0.026053727
2018,156,8463,0,0.05104308
2018,156,8464,0,0.038072795
2018,156,8465,0,0.018230822
2018,156,8466,0,0.015334805
2018,156,8467,0,0.027040862
2018,156,8468,0,0.019742582
2018,156,8470,0,0.02196622
2018,156,8471,0,0.03967763
2018,156,8472,0,0.030896047
2018,156,8473,0,0.0956887
2018,156,8475,0,0.044388298
2018,156,8476,0,0.043538194
2018,156,8477,0,0.028931847
2018,156,8478,0,0.081873246
2018,156,8479,0,0.021496624
2018,156,8480,0,0.012964216
2018,156,8481,0,0.03313099
2018,156,8482,0,0.019273702
2018,156,8483,0,0.018460441
2018,156,8484,0,0.012683227
2018,380,8401,0,0.2822902
2018,380,8402,1,0.23436454
2018,380,8403,0,0.08950431
2018,380,8404,0,0.15429944
2018,380,8405,0,0.07515725
2018,380,8406,1,0.302555
2018,380,8407,0,0.3126146
2018,380,8408,1,0.17713286
2018,380,8409,0,0.053075504
2018,380,8411,0,0.049282376
2018,380,8412,0,0.029584842
2018,380,8413,0,0.023441095
2018,380,8414,0,0.021313282
2018,380,8415,0,0.028545622
2018,380,8416,0,0.08532716
2018,380,8417,0,0.1386501
2018,380,8418,0,0.03980816
2018,380,8419,0,0.02907122
2018,380,8420,0,0.059673443
2018,380,8421,0,0.013187759
2018,380,8422,0,0.016794
2018,380,8423,0,0.033730067
2018,380,8424,0,0.021928169
2018,380,8425,0,0.022551646
2018,380,8426,0,0.03142711
2018,380,8427,0,0.04926059
2018,380,8428,0,0.019464556
2018,380,8429,0,0.032666158
2018,380,8430,0,0.09002088
2018,380,8431,0,0.021588596
2018,380,8432,0,0.0230295
2018,380,8433,0,0.027563252
2018,380,8434,0,0.093238354
2018,380,8435,0,0.090667844
2018,380,8436,0,0.022022977
2018,380,8438,0,0.047061954
2018,380,8439,1,0.10135767
2018,380,8440,1,0.16217886
2018,380,8441,0,0.074568175
2018,380,8442,0,0.0723776
2018,380,8443,0,0.03439975
2018,380,8444,0,0.23042203
2018,380,8445,0,0.34136894
2018,380,8446,1,0.50467175
2018,380,8447,0,0.45239726
2018,380,8448,1,0.06853845
2018,380,8449,0,0.39063087
2018,380,8450,0,0.04122685
2018,380,8451,0,0.0674786
2018,380,8453,1,0.07103246
2018,380,8454,0,0.13267791
2018,380,8455,0,0.066634476
2018,380,8456,0,0.05587636
2018,380,8457,0,0.07010525
2018,380,8458,0,0.076835476
2018,380,8459,0,0.09532651
2018,380,8460,0,0.053860005
2018,380,8461,0,0.061700612
2018,380,8462,0,0.024074456
2018,380,8463,0,0.061432708
2018,380,8464,0,0.06723005
2018,380,8465,0,0.022695437
2018,380,8466,0,0.021686671
2018,380,8467,0,0.06065705
2018,380,8468,0,0.048128467
2018,380,8470,0,0.2324471
2018,380,8471,0,0.040623978
2018,380,8472,0,0.13477018
2018,380,8473,0,0.13579372
2018,380,8474,0,0.17093746
2018,380,8475,0,0.296664
2018,380,8476,0,0.07548357
2018,380,8477,0,0.02130298
2018,380,8478,0,0.104926586
2018,380,8479,0,0.017773796
2018,380,8480,1,0.049134754
2018,380,8481,0,0.024464076
2018,380,8482,0,0.03802957
2018,380,8483,0,0.038676824
2018,380,8484,0,0.02658387
2018,380,8485,0,0.030393163
2018,826,8401,1,0.6110533
2018,826,8402,0,0.090741076
2018,826,8403,0,0.22424841
2018,826,8404,0,0.15779014
2018,826,8405,0,0.16419335
2018,826,8406,0,0.13353242
2018,826,8408,0,0.6548042
2018,826,8409,0,0.031019706
2018,826,8410,1,0.5268402
2018,826,8411,0,0.029349368
2018,826,8412,0,0.030786652
2018,826,8413,0,0.024598703
2018,826,8414,0,0.024433453
2018,826,8415,0,0.03260361
2018,826,8416,0,0.10676924
2018,826,8418,0,0.06303183
2018,826,8419,0,0.023963094
2018,826,8420,1,0.14852135
2018,826,8421,0,0.027586631
2018,826,8422,0,0.031609025
2018,826,8423,0,0.03351332
2018,826,8424,0,0.020061975
2018,826,8425,0,0.039934408
2018,826,8426,0,0.080234244
2018,826,8427,0,0.043361228
2018,826,8428,0,0.019820219
2018,826,8429,0,0.023292266
2018,826,8430,0,0.03964829
2018,826,8431,0,0.028848581
2018,826,8432,0,0.032345004
2018,826,8433,0,0.11099533
2018,826,8434,0,0.14130554
2018,826,8435,1,0.4640818
2018,826,8436,0,0.058540165
2018,826,8437,0,0.08476879
2018,826,8438,0,0.020694753
2018,826,8439,0,0.16773035
2018,826,8440,0,0.166018
2018,826,8441,1,0.066777505
2018,826,8442,0,0.087636694
2018,826,8443,1,0.06900611
2018,826,8444,1,0.409856
2018,826,8445,1,0.15743539
2018,826,8446,1,0.8615226
2018,826,8447,0,0.32538617
2018,826,8448,0,0.09131369
2018,826,8449,1,0.57969433
2018,826,8450,0,0.14777967
2018,826,8451,0,0.03604989
2018,826,8452,0,0.08290759
2018,826,8453,0,0.10955506
2018,826,8454,0,0.15486883
2018,826,8455,0,0.1906245
2018,826,8456,0,0.10585329
2018,826,8457,1,0.23690926
2018,826,8458,0,0.14086081
2018,826,8459,0,0.16818446
2018,826,8460,0,0.06491295
2018,826,8461,0,0.101537555
2018,826,8462,0,0.061980337
2018,826,8463,0,0.1295918
2018,826,8464,0,0.16127439
2018,826,8465,1,0.14115325
2018,826,8466,0,0.01926889
2018,826,8467,0,0.02106765
2018,826,8468,0,0.10025761
2018,826,8470,0,0.14354706
2018,826,8471,0,0.035447184
2018,826,8472,0,0.17610759
2018,826,8473,0,0.09910904
2018,826,8474,0,0.027840499
2018,826,8475,0,0.10806539
2018,826,8476,0,0.12706082
2018,826,8477,0,0.02650473
2018,826,8478,0,0.09530484
2018,826,8479,0,0.024344876
2018,826,8480,0,0.06902031
2018,826,8481,0,0.025886532
2018,826,8482,0,0.036952026
2018,826,8483,0,0.026557168
2018,826,8484,0,0.021227995
2018,826,8485,0,0.02682302
2018,251,8401,1,0.3470616
2018,251,8403,0,0.112286836
2018,251,8404,0,0.28898728
2018,251,8407,0,0.09459489
2018,251,8408,1,0.100412846
2018,251,8409,0,0.048054393
2018,251,8411,0,0.06044446
2018,251,8412,0,0.06516668
2018,251,8413,0,0.04117826
2018,251,8414,0,0.04265757
2018,251,8415,0,0.038783003
2018,251,8416,0,0.13249053
2018,251,8417,0,0.05529029
2018,251,8418,0,0.07132524
2018,251,8419,0,0.036110587
2018,251,8420,0,0.10613488
2018,251,8421,0,0.020923829
2018,251,8422,0,0.034755703
2018,251,8424,0,0.045756668
2018,251,8425,0,0.024219269
2018,251,8426,0,0.10672984
2018,251,8427,0,0.04876797
2018,251,8428,0,0.035121642
2018,251,8429,0,0.04896011
2018,251,8430,0,0.1171475
2018,251,8431,0,0.031247705
2018,251,8432,0,0.042643316
2018,251,8433,0,0.04491802
2018,251,8434,1,0.17825289
2018,251,8435,0,0.11693407
2018,251,8436,0,0.03873473
2018,251,8438,0,0.030628556
2018,251,8439,0,0.116341844
2018,251,8440,0,0.38960758
2018,251,8441,0,0.06705333
2018,251,8442,0,0.11948198
2018,251,8443,0,0.04688403
2018,251,8444,1,0.5172746
2018,251,8445,0,0.4731256
2018,251,8446,1,0.5001684
2018,251,8447,1,0.35361615
2018,251,8448,1,0.1215633
2018,251,8449,0,0.31275672
2018,251,8450,1,0.086359866
2018,251,8451,1,0.07269958
2018,251,8453,0,0.184629
2018,251,8454,0,0.4952182
2018,251,8455,0,0.15368229
2018,251,8456,0,0.17750177
2018,251,8457,0,0.086579576
2018,251,8458,0,0.1802956
2018,251,8459,0,0.13835856
2018,251,8460,0,0.13406657
2018,251,8461,0,0.09338272
2018,251,8462,0,0.08123651
2018,251,8463,0,0.18431166
2018,251,8464,0,0.18479086
2018,251,8465,0,0.08466681
2018,251,8466,0,0.037504565
2018,251,8467,0,0.10027503
2018,251,8468,0,0.097831644
2018,251,8470,0,0.10164358
2018,251,8471,0,0.029456973
2018,251,8472,0,0.094419725
2018,251,8473,0,0.13652013
2018,251,8475,0,0.17296426
2018,251,8476,0,0.1424241
2018,251,8477,0,0.03636479
2018,251,8478,1,0.29556915
2018,251,8479,0,0.031111322
2018,251,8480,0,0.055501767
2018,251,8481,0,0.05080123
2018,251,8482,0,0.048493143
2018,251,8483,0,0.03546738
2018,251,8484,0,0.044552717
2018,251,8485,0,0.042200632
2018,490,8401,0,0.75218695
2018,490,8402,0,0.14348876
2018,490,8403,0,0.1429407
2018,490,8404,0,0.17327969
2018,490,8405,0,0.3393226
2018,490,8406,1,0.3161117
2018,490,8407,1,0.18226373
2018,490,8408,0,0.15466371
2018,490,8409,0,0.06603847
2018,490,8410,0,0.42589918
2018,490,8411,1,0.09010425
2018,490,8412,0,0.055102788
2018,490,8413,0,0.049190246
2018,490,8414,0,0.05221279
2018,490,8415,0,0.043779835
2018,490,8416,0,0.23208576
2018,490,8417,0,0.15608045
2018,490,8418,0,0.086467646
2018,490,8419,0,0.03780463
2018,490,8420,0,0.2328815
2018,490,8421,0,0.03773073
2018,490,8422,0,0.032691985
2018,490,8423,0,0.069840156
2018,490,8424,0,0.053446747
2018,490,8425,0,0.054509953
2018,490,8426,0,0.09802113
2018,490,8427,0,0.09027557
2018,490,8428,1,0.06299591
2018,490,8429,1,0.38431564
2018,490,8430,1,0.2547387
2018,490,8431,0,0.04319091
2018,490,8432,0,0.12392358
2018,490,8433,0,0.08376821
2018,490,8434,0,0.20949244
2018,490,8435,0,0.121718846
2018,490,8436,0,0.057097334
2018,490,8437,1,0.10995185
2018,490,8438,0,0.04228833
2018,490,8439,0,0.089189544
2018,490,8440,0,0.18483244
2018,490,8441,0,0.044524014
2018,490,8442,1,0.18985552
2018,490,8443,0,0.047823105
2018,490,8444,1,0.2143359
2018,490,8445,0,0.12867929
2018,490,8446,1,0.32080013
2018,490,8447,1,0.1450038
2018,490,8448,0,0.07669674
2018,490,8449,0,0.26170027
2018,490,8450,0,0.13897786
2018,490,8451,1,0.061546292
2018,490,8452,0,0.03454016
2018,490,8453,0,0.113763586
2018,490,8454,0,0.14978987
2018,490,8455,0,0.09452985
2018,490,8456,0,0.12045163
2018,490,8457,1,0.10618129
2018,490,8458,0,0.07977718
2018,490,8459,1,0.16955091
2018,490,8460,0,0.07697146
2018,490,8461,0,0.07524306
2018,490,8462,0,0.07219803
2018,490,8463,1,0.086408906
2018,490,8464,1,0.21315132
2018,490,8465,0,0.05168995
2018,490,8466,1,0.03493417
2018,490,8467,0,0.10172341
2018,490,8468,0,0.17881887
2018,490,8470,1,0.09672185
2018,490,8471,0,0.061909992
2018,490,8472,1,0.0756148
2018,490,8473,0,0.14840697
2018,490,8474,0,0.081291266
2018,490,8475,0,0.4703795
2018,490,8476,0,0.11330092
2018,490,8477,0,0.021721587
2018,490,8478,0,0.20627233
2018,490,8479,0,0.13804759
2018,490,8480,0,0.03674684
2018,490,8481,0,0.07084357
2018,490,8482,0,0.06409579
2018,490,8483,0,0.07234507
2018,490,8484,0,0.03192297
2018,490,8485,0,0.044574745
2018,702,8402,1,0.20120615
2018,702,8405,0,0.4235135
2018,702,8406,1,0.52173364
2018,702,8407,0,0.21629424
2018,702,8408,1,0.30892015
2018,702,8409,0,0.027165238
2018,702,8411,0,0.08980316
2018,702,8412,0,0.03621675
2018,702,8413,0,0.017677397
2018,702,8414,0,0.028922249
2018,702,8416,0,0.32074404
2018,702,8418,0,0.086342715
2018,702,8419,0,0.044990562
2018,702,8420,0,0.18405426
2018,702,8421,0,0.016081003
2018,702,8422,0,0.048634127
2018,702,8423,1,0.13843004
2018,702,8424,0,0.036032464
2018,702,8425,0,0.07443236
2018,702,8427,0,0.1608561
2018,702,8428,0,0.059854876
2018,702,8430,1,0.4056988
2018,702,8431,0,0.04448697
2018,702,8432,0,0.21991776
2018,702,8433,1,0.41210148
2018,702,8434,1,0.3568467
2018,702,8435,1,0.4723963
2018,702,8436,0,0.10849844
2018,702,8437,0,0.1770897
2018,702,8438,0,0.10812296
2018,702,8439,0,0.21285735
2018,702,8440,1,0.544383
2018,702,8441,0,0.08007628
2018,702,8442,1,0.38976443
2018,702,8443,0,0.057304535
2018,702,8445,1,0.27444166
2018,702,8446,1,0.68142086
2018,702,8448,0,0.1468782
2018,702,8449,1,0.54181534
2018,702,8451,0,0.14811327
2018,702,8452,0,0.12917355
2018,702,8453,0,0.20825487
2018,702,8454,1,0.6213651
2018,702,8455,0,0.18232813
2018,702,8456,1,0.12978113
2018,702,8457,0,0.26995453
2018,702,8458,0,0.19656986
2018,702,8459,0,0.11978368
2018,702,8460,0,0.16397616
2018,702,8461,0,0.12651402
2018,702,8462,0,0.30260813
2018,702,8463,1,0.6689488
2018,702,8464,0,0.23816527
2018,702,8465,0,0.09258283
2018,702,8466,0,0.11156578
2018,702,8467,0,0.09514372
2018,702,8468,0,0.14962228
2018,702,8470,0,0.08996713
2018,702,8471,1,0.033583894
2018,702,8473,0,0.084023856
2018,702,8474,1,0.09165681
2018,702,8475,1,0.48311713
2018,702,8476,0,0.45308208
2018,702,8477,0,0.09249249
2018,702,8479,0,0.11605252
2018,702,8480,1,0.111644015
2018,702,8481,0,0.030677447
2018,702,8482,0,0.03181319
2018,702,8483,0,0.020769145
2018,702,8484,0,0.07451711
2018,528,8401,0,0.22810924
2018,528,8403,0,0.105492786
2018,528,8404,0,0.14553659
2018,528,8405,0,0.12615022
2018,528,8407,1,0.17144208
2018,528,8408,0,0.099054195
2018,528,8409,0,0.02461406
2018,528,8410,0,0.19574246
2018,528,8411,0,0.058589328
2018,528,8412,0,0.020862648
2018,528,8413,0,0.03482351
2018,528,8414,0,0.050654206
2018,528,8415,0,0.048215892
2018,528,8416,1,0.08899275
2018,528,8417,1,0.35277107
2018,528,8418,0,0.092937246
2018,528,8419,0,0.020188285
2018,528,8420,0,0.20406353
2018,528,8421,0,0.016855413
2018,528,8422,0,0.040968657
2018,528,8423,0,0.06191982
2018,528,8424,0,0.050178353
2018,528,8425,0,0.029628366
2018,528,8426,0,0.06741144
2018,528,8427,0,0.024742415
2018,528,8428,0,0.027461385
2018,528,8429,0,0.0410677
2018,528,8430,0,0.07074547
2018,528,8431,0,0.024637673
2018,528,8432,0,0.06274857
2018,528,8433,0,0.031589113
2018,528,8434,0,0.08395228
2018,528,8435,0,0.110981554
2018,528,8436,0,0.032178313
2018,528,8437,1,0.15463693
2018,528,8438,0,0.016919624
2018,528,8439,0,0.13200961
2018,528,8440,0,0.15243027
2018,528,8441,0,0.033488274
2018,528,8442,0,0.10181639
2018,528,8443,0,0.06201386
2018,528,8444,1,0.56126064
2018,528,8445,1,0.6621791
2018,528,8446,0,0.26147252
2018,528,8447,0,0.16907205
2018,528,8448,1,0.19570042
2018,528,8449,0,0.2847765
2018,528,8450,0,0.17217591
2018,528,8451,0,0.08934615
2018,528,8452,0,0.08132651
2018,528,8453,1,0.23890296
2018,528,8454,1,0.14601934
2018,528,8455,0,0.20358823
2018,528,8456,0,0.08162323
2018,528,8457,0,0.22931503
2018,528,8458,0,0.1626303
2018,528,8459,0,0.11577607
2018,528,8460,0,0.090955086
2018,528,8461,0,0.1284652
2018,528,8462,0,0.07375096
2018,528,8463,0,0.16408771
2018,528,8464,0,0.16411564
2018,528,8465,1,0.124102585
2018,528,8466,0,0.07153427
2018,528,8467,1,0.057660803
2018,528,8468,0,0.12765208
2018,528,8470,0,0.15748715
2018,528,8471,0,0.057182048
2018,528,8472,0,0.107357144
2018,528,8473,0,0.17442799
2018,528,8474,0,0.04497732
2018,528,8475,0,0.12038727
2018,528,8476,0,0.35037977
2018,528,8477,0,0.05487904
2018,528,8478,0,0.095055215
2018,528,8479,0,0.07806243
2018,528,8480,0,0.08665101
2018,528,8481,0,0.032834213
2018,528,8482,0,0.0593537
2018,528,8483,0,0.027167406
2018,528,8484,0,0.0537076
2018,528,8485,0,0.0307018
2018,410,8401,1,0.18699218
2018,410,8402,0,0.1287815
2018,410,8403,0,0.08266369
2018,410,8404,0,0.1310507
2018,410,8405,1,0.15262498
2018,410,8406,1,0.29568258
2018,410,8407,0,0.13021459
2018,410,8408,0,0.06784684
2018,410,8409,0,0.041855324
2018,410,8410,1,0.5874115
2018,410,8411,0,0.06689321
2018,410,8412,0,0.051624835
2018,410,8413,0,0.03120475
2018,410,8414,0,0.04042367
2018,410,8415,0,0.019666381
2018,410,8416,0,0.13649368
2018,410,8417,0,0.21006757
2018,410,8418,0,0.074670725
2018,410,8419,0,0.029247481
2018,410,8420,1,0.3131304
2018,410,8421,0,0.021100836
2018,410,8422,0,0.039051738
2018,410,8423,0,0.06557233
2018,410,8424,0,0.03561056
2018,410,8425,0,0.07211532
2018,410,8426,0,0.11496164
2018,410,8427,0,0.051381763
2018,410,8428,0,0.042911503
2018,410,8429,0,0.032997265
2018,410,8431,0,0.024412662
2018,410,8432,0,0.094002485
2018,410,8433,0,0.09249223
2018,410,8435,0,0.14626706
2018,410,8436,1,0.43371528
2018,410,8437,0,0.122817166
2018,410,8438,0,0.07318081
2018,410,8439,0,0.13714287
2018,410,8440,1,0.18026567
2018,410,8441,0,0.03734431
2018,410,8442,0,0.24089622
2018,410,8443,0,0.041071907
2018,410,8444,0,0.28932393
2018,410,8445,1,0.16929808
2018,410,8446,1,0.19544421
2018,410,8447,1,0.1866616
2018,410,8448,0,0.21603091
2018,410,8449,1,0.31073254
2018,410,8450,0,0.029490162
2018,410,8451,0,0.08102065
2018,410,8452,0,0.09935587
2018,410,8453,0,0.13702136
2018,410,8454,0,0.2968428
2018,410,8455,0,0.18523492
2018,410,8456,0,0.119083196
2018,410,8457,0,0.10167461
2018,410,8458,0,0.113879286
2018,410,8459,0,0.11408721
2018,410,8460,0,0.15418704
2018,410,8461,0,0.13284826
2018,410,8462,0,0.072781414
2018,410,8463,0,0.11268504
2018,410,8464,0,0.17762174
2018,410,8465,0,0.09593324
2018,410,8466,0,0.046517182
2018,410,8467,1,0.06313756
2018,410,8468,0,0.13708033
2018,410,8470,0,0.32916155
2018,410,8471,0,0.06795839
2018,410,8472,0,0.09923992
2018,410,8473,0,0.17614786
2018,410,8474,0,0.07938174
2018,410,8475,1,0.33724523
2018,410,8476,0,0.12961955
2018,410,8477,0,0.044897392
2018,410,8478,1,0.35686734
2018,410,8479,0,0.09684292
2018,410,8480,0,0.04500892
2018,410,8481,0,0.030849526
2018,410,8482,0,0.03590846
2018,410,8483,0,0.038737137
2018,410,8484,0,0.039060514
2018,410,8485,0,0.04126082
2018,458,8404,0,0.18161404
2018,458,8405,0,0.2030906
2018,458,8406,1,0.3033998
2018,458,8407,0,0.21580109
2018,458,8409,0,0.24567355
2018,458,8411,0,0.25859067
2018,458,8412,0,0.10138586
2018,458,8413,0,0.06341723
2018,458,8414,0,0.03805573
2018,458,8415,0,0.021569261
2018,458,8416,1,0.2568997
2018,458,8417,0,0.19647649
2018,458,8418,0,0.100118
2018,458,8419,0,0.073252544
2018,458,8420,1,0.688536
2018,458,8421,0,0.03177802
2018,458,8422,1,0.19653527
2018,458,8423,1,0.24244055
2018,458,8424,0,0.051020194
2018,458,8426,0,0.18652062
2018,458,8427,0,0.2230561
2018,458,8428,0,0.050409652
2018,458,8430,1,0.43576688
2018,458,8431,0,0.109212466
2018,458,8434,1,0.5732601
2018,458,8436,0,0.10675387
2018,458,8437,0,0.34140247
2018,458,8438,0,0.08140014
2018,458,8439,0,0.15120396
2018,458,8441,0,0.23337668
2018,458,8442,0,0.24983019
2018,458,8443,0,0.11078603
2018,458,8445,1,0.5500751
2018,458,8447,1,0.42603478
2018,458,8448,1,0.14087078
2018,458,8451,0,0.26611707
2018,458,8452,0,0.15855314
2018,458,8454,1,0.30537003
2018,458,8455,0,0.23265684
2018,458,8456,1,0.08904754
2018,458,8458,0,0.2436761
2018,458,8459,0,0.27681404
2018,458,8460,0,0.36665863
2018,458,8462,1,0.1804054
2018,458,8463,0,0.1514071
2018,458,8464,0,0.18891104
2018,458,8465,1,0.2276785
2018,458,8466,1,0.13126685
2018,458,8468,0,0.22510795
2018,458,8470,1,0.10064636
2018,458,8471,0,0.036584802
2018,458,8472,1,0.117640324
2018,458,8473,1,0.106860094
2018,458,8474,0,0.09353679
2018,458,8475,0,0.24836595
2018,458,8476,0,0.18549775
2018,458,8477,0,0.105232574
2018,458,8478,1,0.1814294
2018,458,8479,0,0.10282681
2018,458,8480,1,0.16339363
2018,458,8481,0,0.049862858
2018,458,8482,0,0.086094566
2018,458,8484,0,0.1000671
2018,458,8485,1,0.29312316
2018,124,8401,1,0.518792
2018,124,8402,1,0.21365021
2018,124,8403,0,0.10709978
2018,124,8404,0,0.29046085
2018,124,8405,1,0.28581357
2018,124,8406,1,0.20312902
2018,124,8407,0,0.06503864
2018,124,8408,0,0.11429443
2018,124,8409,0,0.081695944
2018,124,8410,0,0.32040688
2018,124,8411,0,0.052108623
2018,124,8412,0,0.035942547
2018,124,8413,0,0.043601472
2018,124,8414,0,0.06428383
2018,124,8415,0,0.07842494
2018,124,8416,0,0.13874938
2018,124,8417,0,0.13263905
2018,124,8418,0,0.08897077
2018,124,8419,0,0.0734247
2018,124,8420,0,0.17405991
2018,124,8421,0,0.043784156
2018,124,8422,0,0.07534095
2018,124,8423,0,0.11910287
2018,124,8424,0,0.081793316
2018,124,8425,0,0.08891104
2018,124,8426,0,0.114424296
2018,124,8427,0,0.07901771
2018,124,8428,0,0.08109768
2018,124,8429,0,0.19747637
2018,124,8430,0,0.12525359
2018,124,8431,0,0.028774675
2018,124,8432,0,0.07918054
2018,124,8433,0,0.057435688
2018,124,8434,0,0.654881
2018,124,8436,0,0.05845972
2018,124,8437,0,0.2382332
2018,124,8438,0,0.08589431
2018,124,8439,0,0.14929216
2018,124,8440,1,0.27167836
2018,124,8441,0,0.116595194
2018,124,8442,0,0.16838801
2018,124,8443,1,0.10454484
2018,124,8445,1,0.43630403
2018,124,8447,0,0.3983539
2018,124,8448,1,0.23169714
2018,124,8451,0,0.14958543
2018,124,8452,1,0.29325452
2018,124,8453,0,0.2261112
2018,124,8454,0,0.14864033
2018,124,8455,0,0.21690495
2018,124,8456,1,0.15918915
2018,124,8457,1,0.21364829
2018,124,8458,0,0.2649728
2018,124,8459,0,0.14279796
2018,124,8460,0,0.15043455
2018,124,8461,0,0.1449477
2018,124,8462,0,0.1258376
2018,124,8463,1,0.16418421
2018,124,8464,0,0.1257022
2018,124,8465,0,0.08646228
2018,124,8466,0,0.05692876
2018,124,8467,0,0.14785935
2018,124,8468,0,0.14838794
2018,124,8470,0,0.18072747
2018,124,8471,0,0.06885196
2018,124,8472,0,0.24302706
2018,124,8473,0,0.12502898
2018,124,8474,0,0.059628204
2018,124,8475,1,0.48484507
2018,124,8476,0,0.15573318
2018,124,8477,0,0.056268506
2018,124,8479,0,0.0355499
2018,124,8480,0,0.07734239
2018,124,8481,0,0.039696682
2018,124,8482,0,0.058388874
2018,124,8483,0,0.052969348
2018,124,8484,0,0.06407583
2018,124,8485,0,0.44746688
2018,484,8402,0,0.39338234
2018,484,8403,0,0.23837389
2018,484,8404,0,0.42919597
2018,484,8405,0,0.40898284
2018,484,8406,0,0.2515358
2018,484,8407,0,0.11392296
2018,484,8408,0,0.07007787
2018,484,8409,0,0.0737991
2018,484,8411,0,0.08336805
2018,484,8412,0,0.057267208
2018,484,8413,0,0.048061687
2018,484,8414,0,0.07164802
2018,484,8415,0,0.072331004
2018,484,8416,0,0.14828192
2018,484,8417,0,0.5304799
2018,484,8418,0,0.07352067
2018,484,8419,0,0.08811764
2018,484,8420,0,0.42728084
2018,484,8421,0,0.05832854
2018,484,8422,0,0.11348333
2018,484,8423,0,0.17088579
2018,484,8424,0,0.073193036
2018,484,8425,0,0.11531481
2018,484,8426,1,0.25726604
2018,484,8427,0,0.21229024
2018,484,8428,0,0.09729319
2018,484,8429,1,0.27896088
2018,484,8430,1,0.5102683
2018,484,8431,0,0.04483044
2018,484,8432,1,0.4081538
2018,484,8433,0,0.06109452
2018,484,8434,0,0.27031797
2018,484,8436,0,0.17469922
2018,484,8437,0,0.20751214
2018,484,8438,0,0.119240426
2018,484,8439,1,0.40319332
2018,484,8441,0,0.17613274
2018,484,8442,0,0.27743182
2018,484,8443,0,0.11818351
2018,484,8450,0,0.15797934
2018,484,8451,0,0.16360073
2018,484,8452,0,0.31699005
2018,484,8453,0,0.43845016
2018,484,8454,1,0.70228034
2018,484,8455,0,0.43655223
2018,484,8456,0,0.31428042
2018,484,8457,0,0.29689333
2018,484,8458,1,0.61657304
2018,484,8459,0,0.22719258
2018,484,8460,0,0.16426204
2018,484,8461,0,0.27988818
2018,484,8462,1,0.51699436
2018,484,8463,0,0.32842052
2018,484,8465,1,0.14978662
2018,484,8466,0,0.11367471
2018,484,8467,0,0.09897148
2018,484,8468,0,0.17424157
2018,484,8470,0,0.57174593
2018,484,8471,0,0.13552773
2018,484,8472,0,0.4241743
2018,484,8473,0,0.26291662
2018,484,8474,0,0.14504501
2018,484,8475,0,0.500994
2018,484,8476,1,0.13928486
2018,484,8477,0,0.123803675
2018,484,8479,0,0.09666315
2018,484,8480,0,0.15340403
2018,484,8481,0,0.07462274
2018,484,8482,0,0.06665346
2018,484,8483,0,0.055726726
2018,484,8484,0,0.08601489
2018,484,8485,0,0.060373325
2018,757,8402,0,0.38054448
2018,757,8403,0,0.15106839
2018,757,8404,0,0.61732876
2018,757,8405,0,0.1855713
2018,757,8406,1,0.25527528
2018,757,8407,1,0.3340071
2018,757,8408,1,0.39174727
2018,757,8409,0,0.059739124
2018,757,8411,0,0.055472974
2018,757,8412,0,0.038033172
2018,757,8413,0,0.05663305
2018,757,8414,0,0.04821727
2018,757,8415,0,0.06889452
2018,757,8416,1,0.1794862
2018,757,8417,0,0.37498575
2018,757,8418,0,0.19984432
2018,757,8419,0,0.040199067
2018,757,8420,1,0.15746564
2018,757,8421,0,0.028926851
2018,757,8422,0,0.056383055
2018,757,8423,1,0.063906975
2018,757,8424,0,0.06064926
2018,757,8425,0,0.08507709
2018,757,8426,1,0.18688273
2018,757,8427,1,0.12221842
2018,757,8428,0,0.05884996
2018,757,8429,0,0.09628765
2018,757,8430,0,0.2632361
2018,757,8431,0,0.034742467
2018,757,8432,1,0.11989555
2018,757,8433,0,0.21815887
2018,757,8434,0,0.32567087
2018,757,8435,0,0.24894142
2018,757,8436,0,0.105368406
2018,757,8437,0,0.25411725
2018,757,8438,0,0.054181647
2018,757,8439,0,0.18512316
2018,757,8440,0,0.15477076
2018,757,8441,0,0.066743016
2018,757,8442,0,0.14244547
2018,757,8443,0,0.0844245
2018,757,8444,1,0.3622601
2018,757,8445,1,0.45015556
2018,757,8446,1,0.32939187
2018,757,8447,1,0.30956414
2018,757,8448,1,0.051837366
2018,757,8449,1,0.60438466
2018,757,8450,0,0.257727
2018,757,8451,0,0.12157482
2018,757,8452,1,0.20506221
2018,757,8453,1,0.34006116
2018,757,8454,0,0.18378073
2018,757,8455,0,0.41933697
2018,757,8456,1,0.12617944
2018,757,8457,1,0.16469796
2018,757,8458,0,0.13328835
2018,757,8459,1,0.13086064
2018,757,8460,0,0.095892124
2018,757,8461,0,0.13286074
2018,757,8462,0,0.08631705
2018,757,8463,0,0.12168931
2018,757,8464,0,0.10518442
2018,757,8465,0,0.082450785
2018,757,8466,0,0.035809018
2018,757,8467,0,0.15897213
2018,757,8468,0,0.11618515
2018,757,8470,0,0.13591158
2018,757,8471,0,0.046385903
2018,757,8472,0,0.17045774
2018,757,8473,0,0.20191757
2018,757,8474,0,0.079331614
2018,757,8475,1,0.1841592
2018,757,8476,1,0.17218149
2018,757,8477,0,0.046200756
2018,757,8478,1,0.4652957
2018,757,8479,0,0.039488703
2018,757,8480,0,0.08746425
2018,757,8481,0,0.06426074
2018,757,8482,0,0.05192122
2018,757,8483,0,0.05607216
2018,757,8484,0,0.045902252
2018,757,8485,0,0.064073
2018,764,8403,0,0.23838733
2018,764,8405,0,0.38324937
2018,764,8406,0,0.2806077
2018,764,8407,0,0.11723074
2018,764,8408,1,0.472813
2018,764,8409,0,0.0675026
2018,764,8411,0,0.08972446
2018,764,8412,0,0.0468951
2018,764,8413,0,0.026305562
2018,764,8414,0,0.03462158
2018,764,8415,0,0.01636712
2018,764,8416,0,0.4123702
2018,764,8417,0,0.22156543
2018,764,8418,0,0.03299147
2018,764,8419,0,0.08653166
2018,764,8420,1,0.15432443
2018,764,8421,0,0.017975694
2018,764,8422,0,0.05234152
2018,764,8423,0,0.08875157
2018,764,8424,0,0.063214526
2018,764,8427,0,0.1168598
2018,764,8428,0,0.05057661
2018,764,8429,1,0.25316462
2018,764,8430,0,0.3108325
2018,764,8431,0,0.035436522
2018,764,8434,0,0.2590412
2018,764,8435,0,0.7086904
2018,764,8437,1,0.16046266
2018,764,8438,0,0.13341329
2018,764,8439,1,0.09486729
2018,764,8441,0,0.09361867
2018,764,8442,0,0.25550658
2018,764,8443,0,0.11741689
2018,764,8445,0,0.2465695
2018,764,8446,0,0.47875074
2018,764,8447,0,0.3768032
2018,764,8448,1,0.12967661
2018,764,8450,0,0.029122422
2018,764,8451,1,0.069689006
2018,764,8452,0,0.0636818
2018,764,8453,1,0.10067106
2018,764,8455,0,0.14058205
2018,764,8456,1,0.16692829
2018,764,8457,0,0.22900048
2018,764,8458,0,0.18135506
2018,764,8459,0,0.12258396
2018,764,8460,1,0.2686062
2018,764,8461,0,0.10242167
2018,764,8462,0,0.07464029
2018,764,8464,0,0.6317266
2018,764,8466,0,0.10228375
2018,764,8467,0,0.15823473
2018,764,8468,0,0.16233473
2018,764,8470,0,0.21866785
2018,764,8471,0,0.40622956
2018,764,8472,0,0.20653298
2018,764,8473,0,0.17629468
2018,764,8475,1,0.725626
2018,764,8476,0,0.3555372
2018,764,8477,0,0.082556866
2018,764,8479,0,0.06267919
2018,764,8480,0,0.08457484
2018,764,8481,0,0.027547492
2018,764,8482,0,0.041684873
2018,764,8483,0,0.049559254
2018,764,8484,0,0.049981385
2018,764,8485,0,0.057469677
2018,752,8401,0,0.33318853
2018,752,8402,0,0.18522651
2018,752,8403,0,0.16193813
2018,752,8404,0,0.21186936
2018,752,8405,1,0.67361724
2018,752,8406,0,0.55559325
2018,752,8407,0,0.22626448
2018,752,8408,0,0.13799159
2018,752,8409,0,0.11985617
2018,752,8410,1,0.42650476
2018,752,8412,0,0.028318195
2018,752,8413,0,0.04665634
2018,752,8414,0,0.038276426
2018,752,8415,0,0.09070957
2018,752,8416,1,0.22805725
2018,752,8417,1,0.12532295
2018,752,8418,0,0.11438666
2018,752,8419,0,0.028487451
2018,752,8420,0,0.5947435
2018,752,8421,0,0.042466342
2018,752,8422,0,0.028295394
2018,752,8423,0,0.13165258
2018,752,8424,0,0.04510945
2018,752,8425,0,0.10379007
2018,752,8426,0,0.08181846
2018,752,8427,0,0.051266447
2018,752,8428,0,0.059656814
2018,752,8429,0,0.05604453
2018,752,8430,0,0.13023311
2018,752,8431,0,0.023923445
2018,752,8432,0,0.11034707
2018,752,8433,0,0.092964016
2018,752,8434,0,0.08576078
2018,752,8435,0,0.42433706
2018,752,8436,0,0.15314418
2018,752,8437,0,0.20547913
2018,752,8438,0,0.042529996
2018,752,8439,0,0.117495984
2018,752,8440,0,0.34537035
2018,752,8441,0,0.09788885
2018,752,8442,1,0.28339154
2018,752,8443,0,0.09786944
2018,752,8446,0,0.6646448
2018,752,8447,1,0.746728
2018,752,8448,1,0.14630562
2018,752,8449,0,0.71981925
2018,752,8450,0,0.11642956
2018,752,8451,0,0.16632065
2018,752,8452,0,0.13461713
2018,752,8453,1,0.32501623
2018,752,8454,0,0.38522887
2018,752,8455,0,0.20044088
2018,752,8456,0,0.101913504
2018,752,8457,0,0.37226534
2018,752,8458,0,0.42427203
2018,752,8459,0,0.40443197
2018,752,8460,0,0.11543942
2018,752,8461,1,0.19995582
2018,752,8462,0,0.14140825
2018,752,8463,0,0.3105005
2018,752,8464,0,0.20910545
2018,752,8465,0,0.16688366
2018,752,8466,0,0.044613425
2018,752,8467,0,0.10320102
2018,752,8468,0,0.14534664
2018,752,8470,1,0.32358938
2018,752,8471,0,0.0735547
2018,752,8472,1,0.10155383
2018,752,8473,1,0.23458391
2018,752,8474,0,0.05980476
2018,752,8475,0,0.3639352
2018,752,8476,0,0.3480123
2018,752,8477,0,0.11735142
2018,752,8478,1,0.7099431
2018,752,8479,0,0.04636059
2018,752,8480,0,0.13355093
2018,752,8481,0,0.049970035
2018,752,8482,0,0.042935207
2018,752,8483,0,0.051088434
2018,752,8484,0,0.038945746
2018,752,8485,0,0.04262045
2018,372,8402,1,0.7338797
2018,372,8403,0,0.24551669
2018,372,8406,1,0.57703346
2018,372,8409,0,0.1360034
2018,372,8411,0,0.12519468
2018,372,8412,0,0.147589
2018,372,8413,0,0.09774662
2018,372,8414,0,0.09205498
2018,372,8415,0,0.2563406
2018,372,8418,0,0.13063627
2018,372,8419,0,0.14173031
2018,372,8421,0,0.0607457
2018,372,8422,0,0.11461726
2018,372,8423,0,0.4004512
2018,372,8424,0,0.17956479
2018,372,8425,0,0.21708502
2018,372,8426,1,0.4611635
2018,372,8427,0,0.12574689
2018,372,8428,0,0.1190019
2018,372,8429,1,0.28444505
2018,372,8430,1,0.23016322
2018,372,8431,0,0.07209217
2018,372,8432,0,0.21902426
2018,372,8433,0,0.10672707
2018,372,8434,1,0.2177471
2018,372,8436,0,0.20255461
2018,372,8437,1,0.4138585
2018,372,8438,0,0.24490279
2018,372,8441,0,0.2099069
2018,372,8443,0,0.13118537
2018,372,8448,0,0.14473966
2018,372,8450,0,0.28061906
2018,372,8451,1,0.20087944
2018,372,8456,0,0.3460789
2018,372,8457,1,0.42223638
2018,372,8462,1,0.2345678
2018,372,8463,0,0.23455825
2018,372,8465,1,0.22400421
2018,372,8466,0,0.17385498
2018,372,8467,0,0.18272434
2018,372,8468,0,0.2156934
2018,372,8470,0,0.30886546
2018,372,8471,0,0.053432662
2018,372,8472,1,0.3323747
2018,372,8473,0,0.15856265
2018,372,8474,0,0.14434315
2018,372,8475,0,0.25322706
2018,372,8477,0,0.09761442
2018,372,8479,0,0.15961316
2018,372,8480,0,0.19921526
2018,372,8481,0,0.09863412
2018,372,8482,0,0.1131778
2018,372,8483,0,0.10346998
2018,372,8484,0,0.09487584
2018,372,8485,0,0.1538436
2018,40,8401,0,0.40639323
2018,40,8402,1,0.4676044
2018,40,8403,0,0.15121433
2018,40,8404,0,0.17458862
2018,40,8405,0,0.31908566
2018,40,8406,0,0.25035304
2018,40,8407,0,0.12383177
2018,40,8408,0,0.15625854
2018,40,8409,0,0.08255275
2018,40,8411,0,0.093393035
2018,40,8412,0,0.060594376
2018,40,8413,0,0.05086891
2018,40,8414,0,0.051209133
2018,40,8415,0,0.083850764
2018,40,8416,1,0.21207638
2018,40,8417,0,0.19009079
2018,40,8418,0,0.104041465
2018,40,8419,0,0.035993215
2018,40,8420,0,0.10687581
2018,40,8421,0,0.029312942
2018,40,8422,0,0.11850873
2018,40,8423,0,0.08857902
2018,40,8424,0,0.043809418
2018,40,8425,0,0.08922542
2018,40,8426,0,0.07845715
2018,40,8427,0,0.32376608
2018,40,8428,0,0.076281436
2018,40,8429,0,0.1335508
2018,40,8430,0,0.15591367
2018,40,8431,0,0.03785597
2018,40,8432,0,0.07765375
2018,40,8433,0,0.115342475
2018,40,8435,0,0.18519063
2018,40,8436,0,0.07789963
2018,40,8438,0,0.044894066
2018,40,8439,0,0.15929057
2018,40,8440,0,0.15145576
2018,40,8441,0,0.07102878
2018,40,8442,1,0.1534773
2018,40,8443,0,0.07470759
2018,40,8444,1,0.73639107
2018,40,8445,0,0.44961032
2018,40,8446,0,0.43210438
2018,40,8447,0,0.21491142
2018,40,8448,0,0.096755624
2018,40,8449,0,0.3090383
2018,40,8450,0,0.35013697
2018,40,8451,0,0.10194922
2018,40,8453,0,0.1972671
2018,40,8454,0,0.15465617
2018,40,8455,0,0.15663971
2018,40,8456,0,0.09682524
2018,40,8457,0,0.2728183
2018,40,8458,0,0.110623926
2018,40,8459,0,0.08676685
2018,40,8460,1,0.12535934
2018,40,8461,0,0.2098059
2018,40,8462,0,0.08415081
2018,40,8463,1,0.14811595
2018,40,8464,0,0.15074773
2018,40,8465,0,0.053029068
2018,40,8466,0,0.0625359
2018,40,8467,0,0.14824788
2018,40,8468,0,0.15317756
2018,40,8470,1,0.2543582
2018,40,8471,0,0.056481786
2018,40,8472,0,0.40072346
2018,40,8473,0,0.18460906
2018,40,8474,0,0.06412457
2018,40,8475,1,0.50069815
2018,40,8476,0,0.15963985
2018,40,8477,0,0.068182975
2018,40,8478,0,0.24126688
2018,40,8479,0,0.03516962
2018,40,8480,0,0.07573656
2018,40,8481,0,0.043930743
2018,40,8482,0,0.06879151
2018,40,8483,0,0.050377432
2018,40,8484,0,0.08134744
2018,40,8485,0,0.08239897
2018,724,8401,0,0.6162205
2018,724,8402,0,0.23401003
2018,724,8403,1,0.38890934
2018,724,8404,1,0.3751215
2018,724,8405,1,0.46631303
2018,724,8407,0,0.12720829
2018,724,8408,1,0.113528624
2018,724,8409,0,0.05636691
2018,724,8410,0,0.1526255
2018,724,8411,0,0.06612988
2018,724,8412,0,0.06819597
2018,724,8413,0,0.018774694
2018,724,8414,0,0.024577735
2018,724,8415,0,0.04602048
2018,724,8416,0,0.15370768
2018,724,8417,0,0.19157203
2018,724,8418,0,0.058512155
2018,724,8419,0,0.0204186
2018,724,8420,0,0.1251898
2018,724,8421,0,0.013632725
2018,724,8422,0,0.02143141
2018,724,8424,0,0.024498787
2018,724,8425,0,0.026718097
2018,724,8426,0,0.04476257
2018,724,8427,0,0.07633418
2018,724,8428,0,0.020776508
2018,724,8429,0,0.16543742
2018,724,8430,1,0.20963135
2018,724,8431,0,0.018236093
2018,724,8432,0,0.06946394
2018,724,8433,0,0.08682579
2018,724,8434,1,0.2906282
2018,724,8435,0,0.20606148
2018,724,8436,0,0.038831245
2018,724,8437,0,0.081576005
2018,724,8438,0,0.022919348
2018,724,8439,1,0.18664765
2018,724,8440,0,0.14010522
2018,724,8441,0,0.058229003
2018,724,8442,0,0.18938527
2018,724,8443,0,0.049937345
2018,724,8444,1,0.49622768
2018,724,8445,1,0.29917774
2018,724,8446,1,0.6727256
2018,724,8447,1,0.6311406
2018,724,8448,0,0.35048127
2018,724,8449,1,0.62733656
2018,724,8450,0,0.059425026
2018,724,8451,0,0.09165004
2018,724,8452,1,0.4330014
2018,724,8453,1,0.15326285
2018,724,8454,0,0.40586957
2018,724,8455,1,0.30953044
2018,724,8456,0,0.18300374
2018,724,8457,1,0.16571519
2018,724,8458,0,0.10145065
2018,724,8459,0,0.12816465
2018,724,8460,0,0.13435951
2018,724,8461,0,0.14285995
2018,724,8462,1,0.089137904
2018,724,8463,0,0.18649177
2018,724,8464,0,0.06927676
2018,724,8465,0,0.07223268
2018,724,8466,0,0.028555235
2018,724,8467,1,0.094085604
2018,724,8468,1,0.15543544
2018,724,8470,0,0.1761157
2018,724,8471,0,0.061077125
2018,724,8472,1,0.1969463
2018,724,8473,0,0.18898141
2018,724,8474,0,0.04785488
2018,724,8475,1,0.54838973
2018,724,8476,0,0.19280674
2018,724,8477,0,0.050997064
2018,724,8478,0,0.17432643
2018,724,8479,0,0.02502032
2018,724,8480,1,0.055295035
2018,724,8481,0,0.024636423
2018,724,8482,0,0.04920117
2018,724,8483,0,0.06243179
2018,724,8484,0,0.047420163
2018,724,8485,0,0.034318257
