t,i,k4,label_observed_continuing,p
2016,842,8401,0,0.2335653
2016,842,8402,0,0.18698192
2016,842,8403,0,0.32000354
2016,842,8404,0,0.5321133
2016,842,8405,1,0.48881432
2016,842,8406,1,0.30095682
2016,842,8407,0,0.0847423
2016,842,8408,0,0.12178255
2016,842,8409,0,0.04159016
2016,842,8410,1,0.34652254
2016,842,8411,0,0.11897077
2016,842,8412,0,0.044659667
2016,842,8413,0,0.10531909
2016,842,8414,0,0.2131493
2016,842,8415,0,0.05268028
2016,842,8416,0,0.18169504
2016,842,8417,0,0.18475756
2016,842,8418,0,0.045348812
2016,842,8419,0,0.16341585
2016,842,8420,0,0.20838143
2016,842,8421,0,0.23355016
2016,842,8422,0,0.037219178
2016,842,8423,0,0.08001662
2016,842,8424,0,0.029252328
2016,842,8425,0,0.093515396
2016,842,8426,0,0.12790145
2016,842,8427,0,0.11112767
2016,842,8428,0,0.105716124
2016,842,8429,0,0.13882962
2016,842,8430,0,0.06890647
2016,842,8431,0,0.10828968
2016,842,8432,0,0.17199004
2016,842,8433,0,0.048909314
2016,842,8434,0,0.32108456
2016,842,8435,0,0.2244395
2016,842,8436,0,0.10889206
2016,842,8437,0,0.43190387
2016,842,8438,0,0.045013133
2016,842,8439,0,0.16720144
2016,842,8440,0,0.10693989
2016,842,8441,0,0.08180384
2016,842,8442,0,0.515987
2016,842,8443,0,0.039877754
2016,842,8444,0,0.6225774
2016,842,8446,0,0.1407758
2016,842,8447,0,0.18747105
2016,842,8449,0,0.21717791
2016,842,8450,0,0.11407
2016,842,8451,0,0.03607415
2016,842,8452,0,0.12654531
2016,842,8453,0,0.2217174
2016,842,8454,1,0.19182591
2016,842,8455,0,0.17971247
2016,842,8456,1,0.08533647
2016,842,8457,0,0.13834444
2016,842,8458,0,0.0918384
2016,842,8459,0,0.08266478
2016,842,8460,1,0.14883502
2016,842,8461,0,0.090375185
2016,842,8462,0,0.08902827
2016,842,8463,1,0.4405163
2016,842,8464,0,0.084352605
2016,842,8465,0,0.0839814
2016,842,8466,0,0.03308823
2016,842,8467,0,0.030037528
2016,842,8468,0,0.11856006
2016,842,8470,0,0.43275476
2016,842,8471,0,0.02612467
2016,842,8472,1,0.09460077
2016,842,8473,0,0.08734597
2016,842,8474,0,0.07927131
2016,842,8475,0,0.19683728
2016,842,8476,0,0.15479153
2016,842,8477,0,0.043978196
2016,842,8478,0,0.6178111
2016,842,8479,0,0.060945578
2016,842,8480,0,0.1083752
2016,842,8481,0,0.03188799
2016,842,8482,0,0.025068901
2016,842,8483,0,0.09936886
2016,842,8484,0,0.053627647
2016,842,8485,0,0.15397751
2016,276,8401,0,0.22755954
2016,276,8402,0,0.07765421
2016,276,8403,0,0.07462733
2016,276,8404,0,0.18614791
2016,276,8405,1,0.49882734
2016,276,8406,1,0.15910849
2016,276,8407,0,0.105388254
2016,276,8408,0,0.04738789
2016,276,8409,0,0.031863276
2016,276,8410,1,0.29232222
2016,276,8411,0,0.06443846
2016,276,8412,0,0.029593462
2016,276,8413,0,0.015121507
2016,276,8414,0,0.020987958
2016,276,8415,0,0.030773161
2016,276,8416,0,0.044233866
2016,276,8417,0,0.20643239
2016,276,8418,0,0.018492278
2016,276,8419,0,0.113861986
2016,276,8420,0,0.14907849
2016,276,8421,0,0.05720354
2016,276,8422,0,0.068745546
2016,276,8423,0,0.02131017
2016,276,8424,0,0.018592719
2016,276,8425,0,0.026932852
2016,276,8426,0,0.065562345
2016,276,8427,0,0.053137608
2016,276,8428,0,0.0395731
2016,276,8429,0,0.05099201
2016,276,8430,0,0.045446858
2016,276,8431,0,0.02028316
2016,276,8432,0,0.07113699
2016,276,8433,0,0.08582322
2016,276,8434,0,0.07334202
2016,276,8435,0,0.16669774
2016,276,8436,0,0.050730858
2016,276,8437,0,0.3269677
2016,276,8438,0,0.02243848
2016,276,8439,0,0.118250795
2016,276,8440,0,0.053910255
2016,276,8441,0,0.04910323
2016,276,8442,0,0.13059519
2016,276,8443,0,0.02942827
2016,276,8444,0,0.24391694
2016,276,8445,0,0.108276516
2016,276,8446,0,0.23120692
2016,276,8447,0,0.12788402
2016,276,8448,0,0.05526478
2016,276,8449,0,0.2123921
2016,276,8450,0,0.094216265
2016,276,8451,0,0.025151009
2016,276,8452,0,0.02706239
2016,276,8453,0,0.07029763
2016,276,8454,0,0.13565522
2016,276,8455,0,0.32275808
2016,276,8456,0,0.056497518
2016,276,8457,0,0.22107482
2016,276,8458,0,0.077487774
2016,276,8459,0,0.057119954
2016,276,8460,0,0.07575193
2016,276,8461,0,0.10824558
2016,276,8462,0,0.04915452
2016,276,8463,0,0.15080503
2016,276,8464,0,0.065538794
2016,276,8465,0,0.028332341
2016,276,8466,0,0.044042546
2016,276,8467,0,0.02517732
2016,276,8468,0,0.03917815
2016,276,8469,1,0.24910846
2016,276,8470,0,0.12599894
2016,276,8471,1,0.03609723
2016,276,8472,0,0.047196295
2016,276,8473,0,0.09742236
2016,276,8474,0,0.041237652
2016,276,8475,0,0.14064988
2016,276,8476,0,0.14742771
2016,276,8477,0,0.03895934
2016,276,8478,0,0.10531812
2016,276,8479,0,0.035269126
2016,276,8480,0,0.087016374
2016,276,8481,0,0.01710469
2016,276,8482,0,0.030964913
2016,276,8483,0,0.095681205
2016,276,8484,0,0.027259024
2016,276,8485,0,0.03620209
2016,392,8401,0,0.6121587
2016,392,8402,0,0.13505049
2016,392,8403,0,0.23436457
2016,392,8404,1,0.34776938
2016,392,8405,1,0.21248105
2016,392,8406,0,0.10982128
2016,392,8407,0,0.06464272
2016,392,8408,0,0.068576455
2016,392,8409,0,0.03060733
2016,392,8411,0,0.049785852
2016,392,8412,0,0.07832717
2016,392,8413,0,0.028997434
2016,392,8414,0,0.022695383
2016,392,8415,0,0.020173844
2016,392,8416,0,0.19246036
2016,392,8417,0,0.17181343
2016,392,8418,0,0.026500117
2016,392,8419,0,0.09969331
2016,392,8420,0,0.19924271
2016,392,8421,0,0.03229576
2016,392,8422,0,0.038418356
2016,392,8423,0,0.05621792
2016,392,8424,0,0.03008226
2016,392,8425,0,0.081842355
2016,392,8426,0,0.14294335
2016,392,8427,0,0.03241591
2016,392,8428,0,0.071022965
2016,392,8429,0,0.12444891
2016,392,8430,0,0.105432026
2016,392,8431,0,0.042523846
2016,392,8432,0,0.1035705
2016,392,8433,0,0.06015683
2016,392,8434,0,0.19038656
2016,392,8435,0,0.34375942
2016,392,8436,1,0.16756573
2016,392,8437,0,0.13881241
2016,392,8438,0,0.0570118
2016,392,8439,0,0.23259306
2016,392,8440,0,0.10516678
2016,392,8441,0,0.06444053
2016,392,8442,0,0.15199931
2016,392,8443,0,0.03556339
2016,392,8444,0,0.3213198
2016,392,8445,0,0.20323431
2016,392,8446,0,0.33564883
2016,392,8447,0,0.11789354
2016,392,8448,0,0.077308565
2016,392,8449,1,0.7187474
2016,392,8451,0,0.07096509
2016,392,8452,0,0.048797242
2016,392,8453,0,0.309104
2016,392,8454,0,0.15749413
2016,392,8455,1,0.24979825
2016,392,8456,1,0.17969877
2016,392,8457,0,0.13412507
2016,392,8458,0,0.100873135
2016,392,8459,0,0.11917076
2016,392,8460,0,0.13915159
2016,392,8461,0,0.12477074
2016,392,8462,0,0.12033504
2016,392,8463,0,0.16846278
2016,392,8464,0,0.35899815
2016,392,8465,0,0.0876463
2016,392,8466,0,0.04781158
2016,392,8467,0,0.032751292
2016,392,8468,1,0.09566821
2016,392,8469,1,0.6356245
2016,392,8470,0,0.13137683
2016,392,8471,1,0.02094318
2016,392,8472,0,0.057165675
2016,392,8473,0,0.16492231
2016,392,8474,0,0.15186855
2016,392,8475,0,0.14990117
2016,392,8476,0,0.20685273
2016,392,8477,0,0.06983196
2016,392,8478,0,0.21021147
2016,392,8479,0,0.0857252
2016,392,8480,0,0.05256851
2016,392,8481,0,0.031850576
2016,392,8482,0,0.025268508
2016,392,8483,0,0.05606612
2016,392,8484,0,0.040107626
2016,392,8485,0,0.06650263
2016,156,8401,1,0.24552473
2016,156,8402,1,0.067951865
2016,156,8403,1,0.24074994
2016,156,8404,1,0.10796815
2016,156,8405,0,0.14657323
2016,156,8406,1,0.17655006
2016,156,8407,0,0.059209667
2016,156,8408,0,0.042082846
2016,156,8409,0,0.018476104
2016,156,8411,0,0.04143396
2016,156,8412,0,0.04145674
2016,156,8413,0,0.025412193
2016,156,8414,0,0.020548398
2016,156,8415,0,0.018659564
2016,156,8416,0,0.040012497
2016,156,8417,0,0.10614515
2016,156,8418,0,0.014010659
2016,156,8419,0,0.13829961
2016,156,8420,0,0.048841108
2016,156,8421,0,0.08384575
2016,156,8422,0,0.0127359275
2016,156,8423,0,0.025562435
2016,156,8424,0,0.020093333
2016,156,8425,0,0.03730402
2016,156,8426,0,0.11595102
2016,156,8427,0,0.03148465
2016,156,8428,0,0.07895539
2016,156,8430,0,0.09557614
2016,156,8431,0,0.035231706
2016,156,8432,0,0.027192323
2016,156,8433,0,0.016827637
2016,156,8434,0,0.052581813
2016,156,8436,0,0.016910188
2016,156,8439,0,0.100980155
2016,156,8440,0,0.034921143
2016,156,8441,0,0.021866199
2016,156,8442,0,0.060384132
2016,156,8443,0,0.020789215
2016,156,8444,0,0.1763075
2016,156,8445,0,0.12187512
2016,156,8446,0,0.23532046
2016,156,8447,0,0.05690816
2016,156,8448,0,0.026754808
2016,156,8449,0,0.05464575
2016,156,8450,0,0.080282755
2016,156,8451,0,0.016916316
2016,156,8452,0,0.011997059
2016,156,8453,0,0.056856073
2016,156,8454,0,0.056574963
2016,156,8455,0,0.071089685
2016,156,8456,0,0.02957013
2016,156,8457,0,0.056101874
2016,156,8458,0,0.032285493
2016,156,8459,0,0.024503967
2016,156,8460,0,0.01952708
2016,156,8461,0,0.031168696
2016,156,8462,0,0.021038383
2016,156,8463,0,0.041635253
2016,156,8464,0,0.04991588
2016,156,8465,0,0.043947965
2016,156,8466,0,0.022616062
2016,156,8467,0,0.017302567
2016,156,8468,0,0.020444958
2016,156,8469,1,0.17635044
2016,156,8470,0,0.025069145
2016,156,8471,0,0.020395983
2016,156,8472,0,0.04121936
2016,156,8473,0,0.05367331
2016,156,8475,0,0.19995466
2016,156,8476,0,0.051575296
2016,156,8477,0,0.016424503
2016,156,8478,0,0.14297366
2016,156,8479,0,0.030408189
2016,156,8480,0,0.03374752
2016,156,8481,0,0.01958781
2016,156,8482,0,0.014615389
2016,156,8483,0,0.048179973
2016,156,8484,0,0.035449743
2016,380,8401,0,0.4881624
2016,380,8403,0,0.09262533
2016,380,8404,0,0.12508659
2016,380,8406,1,0.08821549
2016,380,8407,0,0.1468325
2016,380,8408,0,0.059447426
2016,380,8409,0,0.03376531
2016,380,8411,0,0.19746225
2016,380,8412,0,0.060844764
2016,380,8413,0,0.027451327
2016,380,8414,0,0.023919327
2016,380,8415,0,0.034385182
2016,380,8416,0,0.074469425
2016,380,8417,0,0.063467324
2016,380,8418,0,0.02298223
2016,380,8419,0,0.09039112
2016,380,8420,0,0.15146813
2016,380,8421,0,0.06345194
2016,380,8422,0,0.05074231
2016,380,8423,0,0.037836723
2016,380,8424,0,0.022159034
2016,380,8425,0,0.047638524
2016,380,8426,0,0.059400856
2016,380,8427,0,0.09286833
2016,380,8428,0,0.055135135
2016,380,8429,0,0.05250287
2016,380,8430,0,0.14041969
2016,380,8431,0,0.026323833
2016,380,8432,0,0.041186392
2016,380,8433,0,0.035568215
2016,380,8434,0,0.09200784
2016,380,8435,0,0.17133786
2016,380,8436,0,0.059611395
2016,380,8438,0,0.040359564
2016,380,8439,0,0.13988474
2016,380,8440,0,0.1077423
2016,380,8441,0,0.05003018
2016,380,8442,0,0.19016653
2016,380,8443,0,0.028189357
2016,380,8444,0,0.4512911
2016,380,8445,0,0.18302466
2016,380,8446,0,0.23580828
2016,380,8447,0,0.13578016
2016,380,8448,0,0.061778974
2016,380,8449,0,0.1864694
2016,380,8450,0,0.11199502
2016,380,8451,0,0.025900597
2016,380,8453,0,0.062096916
2016,380,8454,1,0.1945571
2016,380,8455,0,0.4073375
2016,380,8456,0,0.056994013
2016,380,8457,0,0.10327801
2016,380,8458,0,0.08821417
2016,380,8459,0,0.09441679
2016,380,8460,0,0.08053221
2016,380,8461,0,0.07984913
2016,380,8462,0,0.03316239
2016,380,8463,0,0.0872699
2016,380,8464,0,0.07179514
2016,380,8465,0,0.040083542
2016,380,8466,0,0.028454192
2016,380,8467,0,0.02269518
2016,380,8468,0,0.074990384
2016,380,8469,1,0.57498795
2016,380,8470,0,0.526448
2016,380,8471,1,0.029074721
2016,380,8472,1,0.17167208
2016,380,8473,0,0.07005522
2016,380,8474,0,0.046360105
2016,380,8475,0,0.337975
2016,380,8476,0,0.096060425
2016,380,8477,0,0.027654802
2016,380,8478,0,0.13910086
2016,380,8479,0,0.026876656
2016,380,8480,0,0.10150531
2016,380,8481,0,0.01809656
2016,380,8482,0,0.038063917
2016,380,8483,0,0.073663875
2016,380,8484,0,0.03074796
2016,380,8485,0,0.04013787
2016,826,8401,1,0.29095182
2016,826,8402,1,0.18405525
2016,826,8403,0,0.5298316
2016,826,8405,0,0.31270587
2016,826,8406,1,0.39898393
2016,826,8407,0,0.06710783
2016,826,8408,0,0.06442867
2016,826,8409,0,0.026603868
2016,826,8411,0,0.04757782
2016,826,8412,0,0.08626778
2016,826,8413,0,0.029345885
2016,826,8414,0,0.029875655
2016,826,8415,0,0.03849887
2016,826,8416,0,0.14557686
2016,826,8417,1,0.07904976
2016,826,8418,0,0.02433808
2016,826,8419,0,0.15517813
2016,826,8420,0,0.15435365
2016,826,8421,0,0.080013946
2016,826,8422,0,0.0351644
2016,826,8423,0,0.030403424
2016,826,8424,0,0.024783209
2016,826,8425,0,0.08375235
2016,826,8426,0,0.07970246
2016,826,8427,0,0.058662158
2016,826,8428,0,0.09789173
2016,826,8429,0,0.072488435
2016,826,8430,0,0.06905781
2016,826,8431,0,0.04235166
2016,826,8432,0,0.07252821
2016,826,8433,0,0.15381344
2016,826,8434,0,0.16911125
2016,826,8435,0,0.1860428
2016,826,8436,0,0.070557155
2016,826,8437,0,0.20321743
2016,826,8438,0,0.038571637
2016,826,8439,0,0.19881995
2016,826,8440,0,0.13594154
2016,826,8441,0,0.116174124
2016,826,8442,0,0.1816908
2016,826,8443,0,0.03154142
2016,826,8444,0,0.24236944
2016,826,8445,0,0.23288296
2016,826,8446,0,0.20707688
2016,826,8447,0,0.12833314
2016,826,8448,0,0.10028932
2016,826,8450,0,0.21013735
2016,826,8451,0,0.056704726
2016,826,8452,0,0.082564436
2016,826,8453,0,0.2794711
2016,826,8454,0,0.1979826
2016,826,8455,1,0.6342971
2016,826,8456,0,0.084798686
2016,826,8457,0,0.21113351
2016,826,8458,0,0.102096006
2016,826,8459,0,0.08271832
2016,826,8460,0,0.1298434
2016,826,8461,0,0.18033978
2016,826,8462,0,0.1550289
2016,826,8463,1,0.22242866
2016,826,8464,0,0.23626176
2016,826,8466,0,0.03065442
2016,826,8467,0,0.030279567
2016,826,8468,0,0.079920754
2016,826,8470,0,0.17406209
2016,826,8471,1,0.028179463
2016,826,8472,1,0.07059745
2016,826,8473,0,0.086064756
2016,826,8474,0,0.062749445
2016,826,8475,0,0.18583827
2016,826,8476,0,0.12632258
2016,826,8477,0,0.037460912
2016,826,8478,0,0.16037302
2016,826,8479,0,0.0338476
2016,826,8480,0,0.10640748
2016,826,8481,0,0.041503236
2016,826,8482,0,0.028323093
2016,826,8483,0,0.07468126
2016,826,8484,0,0.02918837
2016,826,8485,0,0.042668056
2016,251,8401,0,0.20049833
2016,251,8402,0,0.26301607
2016,251,8403,0,0.113135636
2016,251,8404,0,0.17593138
2016,251,8405,0,0.19096115
2016,251,8406,0,0.20601808
2016,251,8407,0,0.09282447
2016,251,8408,0,0.07952798
2016,251,8409,0,0.033801176
2016,251,8411,0,0.06560102
2016,251,8412,0,0.10010641
2016,251,8413,0,0.027719878
2016,251,8414,0,0.028684745
2016,251,8415,0,0.035264097
2016,251,8416,0,0.10909194
2016,251,8417,1,0.1505119
2016,251,8418,0,0.025335802
2016,251,8419,0,0.19033165
2016,251,8420,0,0.22202674
2016,251,8421,0,0.083405696
2016,251,8422,0,0.040414523
2016,251,8423,0,0.08391267
2016,251,8424,0,0.032308295
2016,251,8425,0,0.08631165
2016,251,8426,0,0.15327731
2016,251,8427,0,0.06411482
2016,251,8428,0,0.13807334
2016,251,8429,0,0.07914582
2016,251,8431,0,0.029450828
2016,251,8432,0,0.052408226
2016,251,8433,0,0.056904975
2016,251,8434,0,0.19020237
2016,251,8435,0,0.17993324
2016,251,8436,0,0.05371059
2016,251,8438,0,0.045849185
2016,251,8439,0,0.24818291
2016,251,8441,0,0.13390134
2016,251,8442,0,0.19506322
2016,251,8443,0,0.039841812
2016,251,8444,1,0.5302387
2016,251,8445,0,0.16224186
2016,251,8446,1,0.31162575
2016,251,8447,0,0.13306953
2016,251,8448,0,0.11724
2016,251,8449,0,0.3648493
2016,251,8450,1,0.17266108
2016,251,8451,0,0.03536032
2016,251,8452,0,0.13664073
2016,251,8453,0,0.14349258
2016,251,8454,0,0.16670737
2016,251,8455,0,0.2044567
2016,251,8456,0,0.121652745
2016,251,8457,0,0.23568267
2016,251,8458,0,0.30353057
2016,251,8459,0,0.1837954
2016,251,8460,0,0.12580106
2016,251,8461,0,0.10531311
2016,251,8462,0,0.087787636
2016,251,8463,0,0.13177323
2016,251,8464,0,0.1986017
2016,251,8465,0,0.10014645
2016,251,8466,0,0.042524572
2016,251,8467,0,0.044413853
2016,251,8468,0,0.10478493
2016,251,8470,0,0.13629119
2016,251,8471,1,0.03601277
2016,251,8472,1,0.21675067
2016,251,8473,0,0.13141134
2016,251,8475,0,0.3658394
2016,251,8476,1,0.311784
2016,251,8477,0,0.033575498
2016,251,8479,0,0.04016806
2016,251,8480,0,0.075534195
2016,251,8481,0,0.025779834
2016,251,8482,0,0.027508436
2016,251,8483,0,0.07782109
2016,251,8484,0,0.06498884
2016,251,8485,0,0.08100411
2016,490,8402,1,0.43959773
2016,490,8403,0,0.5031831
2016,490,8404,1,0.3012301
2016,490,8405,0,0.32463032
2016,490,8406,0,0.14377983
2016,490,8407,1,0.5495738
2016,490,8408,1,0.20735402
2016,490,8409,0,0.037061825
2016,490,8410,0,0.22002463
2016,490,8411,0,0.12128327
2016,490,8412,0,0.14376344
2016,490,8413,0,0.029581243
2016,490,8414,0,0.030385295
2016,490,8415,0,0.041607033
2016,490,8416,0,0.22440027
2016,490,8417,0,0.16942352
2016,490,8418,0,0.035004925
2016,490,8419,0,0.11280681
2016,490,8420,0,0.16004728
2016,490,8421,0,0.037496775
2016,490,8422,0,0.03852198
2016,490,8423,0,0.05786939
2016,490,8424,0,0.04017901
2016,490,8425,0,0.12323223
2016,490,8426,1,0.5281862
2016,490,8427,0,0.08008536
2016,490,8428,0,0.055875897
2016,490,8429,0,0.38103306
2016,490,8430,0,0.13978758
2016,490,8431,0,0.07584212
2016,490,8432,0,0.15684521
2016,490,8433,0,0.11373172
2016,490,8434,0,0.17994623
2016,490,8435,0,0.15440592
2016,490,8436,0,0.09843461
2016,490,8437,0,0.066187985
2016,490,8438,0,0.06317633
2016,490,8439,0,0.115904145
2016,490,8440,0,0.20110273
2016,490,8441,0,0.07116297
2016,490,8442,0,0.18126105
2016,490,8443,0,0.03445177
2016,490,8444,0,0.35948002
2016,490,8445,0,0.16660221
2016,490,8446,0,0.32417324
2016,490,8447,0,0.11559139
2016,490,8448,0,0.078360945
2016,490,8449,0,0.29992774
2016,490,8450,0,0.17501518
2016,490,8451,0,0.118477486
2016,490,8452,0,0.035139244
2016,490,8453,0,0.18869878
2016,490,8454,0,0.16959211
2016,490,8455,0,0.17014745
2016,490,8456,1,0.31643057
2016,490,8457,0,0.15332702
2016,490,8458,0,0.09623603
2016,490,8459,0,0.10075167
2016,490,8460,0,0.15560788
2016,490,8461,0,0.13513114
2016,490,8462,0,0.1031618
2016,490,8463,0,0.10436111
2016,490,8464,0,0.21422961
2016,490,8465,0,0.14415577
2016,490,8466,0,0.07860912
2016,490,8467,0,0.053693093
2016,490,8468,0,0.11684358
2016,490,8470,0,0.13322566
2016,490,8471,1,0.037080772
2016,490,8472,0,0.10214839
2016,490,8473,0,0.12012625
2016,490,8474,0,0.09608328
2016,490,8475,0,0.55465186
2016,490,8476,0,0.12587142
2016,490,8477,0,0.029755494
2016,490,8478,0,0.2827327
2016,490,8479,0,0.100473106
2016,490,8480,0,0.04109198
2016,490,8481,0,0.031446334
2016,490,8482,0,0.032774493
2016,490,8483,0,0.058075164
2016,490,8484,0,0.03766905
2016,490,8485,0,0.115736686
2016,702,8402,1,0.73375666
2016,702,8403,1,0.2677059
2016,702,8404,1,0.6341454
2016,702,8406,1,0.5641209
2016,702,8407,1,0.15307224
2016,702,8409,0,0.057419308
2016,702,8410,1,0.26984707
2016,702,8411,0,0.08594249
2016,702,8412,0,0.08861905
2016,702,8413,0,0.044804752
2016,702,8414,0,0.021068672
2016,702,8416,1,0.24089618
2016,702,8417,1,0.76921827
2016,702,8418,0,0.11936352
2016,702,8419,0,0.10894016
2016,702,8420,1,0.2344065
2016,702,8421,0,0.04146417
2016,702,8422,0,0.087644905
2016,702,8423,0,0.15574315
2016,702,8424,0,0.07861958
2016,702,8425,0,0.16872674
2016,702,8426,1,0.16340141
2016,702,8427,0,0.18880434
2016,702,8428,0,0.116114326
2016,702,8430,0,0.095278025
2016,702,8431,0,0.04890855
2016,702,8432,0,0.32226935
2016,702,8433,0,0.24687351
2016,702,8435,0,0.52194124
2016,702,8436,0,0.14469334
2016,702,8437,1,0.18491472
2016,702,8438,1,0.15965502
2016,702,8439,1,0.43443298
2016,702,8440,1,0.39476478
2016,702,8441,0,0.2000591
2016,702,8442,0,0.20984577
2016,702,8443,0,0.05789266
2016,702,8445,1,0.34669757
2016,702,8448,1,0.38260108
2016,702,8449,0,0.3926734
2016,702,8451,1,0.13825631
2016,702,8452,1,0.13746671
2016,702,8453,1,0.7225082
2016,702,8454,0,0.3709374
2016,702,8455,1,0.5978674
2016,702,8456,1,0.1541396
2016,702,8457,0,0.31643975
2016,702,8458,0,0.11964555
2016,702,8459,1,0.15121372
2016,702,8460,0,0.1847784
2016,702,8461,0,0.15042749
2016,702,8462,0,0.17082994
2016,702,8463,0,0.18438151
2016,702,8464,0,0.34735873
2016,702,8465,0,0.17613153
2016,702,8466,0,0.13126081
2016,702,8467,0,0.0840043
2016,702,8468,1,0.24997503
2016,702,8470,0,0.122640684
2016,702,8471,0,0.018796572
2016,702,8472,0,0.10606808
2016,702,8473,0,0.14060307
2016,702,8475,0,0.35918123
2016,702,8476,1,0.2889164
2016,702,8477,0,0.1037287
2016,702,8478,1,0.57756174
2016,702,8479,0,0.098386236
2016,702,8480,0,0.0918037
2016,702,8481,0,0.042941745
2016,702,8482,0,0.045334663
2016,702,8483,0,0.037777755
2016,702,8484,0,0.06609784
2016,528,8401,1,0.40904388
2016,528,8403,0,0.091560975
2016,528,8404,0,0.22382183
2016,528,8406,1,0.30746624
2016,528,8407,0,0.21448427
2016,528,8408,0,0.052815836
2016,528,8409,0,0.022563994
2016,528,8410,1,0.5436122
2016,528,8411,0,0.068493485
2016,528,8412,0,0.04763705
2016,528,8413,0,0.018410033
2016,528,8414,0,0.030007234
2016,528,8415,0,0.038225822
2016,528,8416,0,0.1269934
2016,528,8417,1,0.21327472
2016,528,8418,0,0.02751097
2016,528,8419,0,0.12654345
2016,528,8420,0,0.21274343
2016,528,8421,0,0.08306988
2016,528,8422,0,0.033933833
2016,528,8423,0,0.09751299
2016,528,8424,0,0.023886295
2016,528,8425,0,0.026602706
2016,528,8426,0,0.093095705
2016,528,8427,0,0.041448865
2016,528,8428,0,0.09240247
2016,528,8429,0,0.088795274
2016,528,8430,1,0.10213468
2016,528,8431,0,0.02968043
2016,528,8432,0,0.039703146
2016,528,8433,0,0.06901524
2016,528,8434,0,0.10410139
2016,528,8435,0,0.1574228
2016,528,8436,0,0.0929672
2016,528,8437,0,0.12422856
2016,528,8438,0,0.028815564
2016,528,8439,0,0.20373765
2016,528,8440,0,0.118694305
2016,528,8441,0,0.060197257
2016,528,8442,0,0.14055043
2016,528,8443,0,0.046091102
2016,528,8444,0,0.1878244
2016,528,8445,1,0.46315747
2016,528,8446,1,0.71028256
2016,528,8447,0,0.22082216
2016,528,8448,0,0.15322801
2016,528,8449,0,0.465479
2016,528,8450,0,0.19037016
2016,528,8451,0,0.102436535
2016,528,8452,0,0.120965585
2016,528,8453,0,0.6244564
2016,528,8454,1,0.21737811
2016,528,8455,1,0.33406922
2016,528,8456,0,0.120974585
2016,528,8457,0,0.20413922
2016,528,8458,0,0.1659609
2016,528,8459,0,0.08694982
2016,528,8460,0,0.14366443
2016,528,8461,0,0.13587528
2016,528,8462,0,0.06382906
2016,528,8463,0,0.38779843
2016,528,8464,0,0.12364212
2016,528,8465,0,0.10338705
2016,528,8466,0,0.06796688
2016,528,8467,0,0.052897178
2016,528,8468,0,0.074039415
2016,528,8470,1,0.23024347
2016,528,8471,0,0.03189643
2016,528,8472,1,0.20014238
2016,528,8473,0,0.07408593
2016,528,8474,0,0.09475839
2016,528,8475,1,0.1968379
2016,528,8476,0,0.21320055
2016,528,8477,0,0.059354044
2016,528,8478,0,0.18639502
2016,528,8479,0,0.056365058
2016,528,8480,0,0.10591122
2016,528,8481,0,0.022975415
2016,528,8482,0,0.038462717
2016,528,8483,0,0.065568574
2016,528,8484,0,0.06483152
2016,528,8485,0,0.06527098
2016,410,8401,0,0.49088165
2016,410,8402,0,0.27989608
2016,410,8403,0,0.10457402
2016,410,8404,1,0.16277768
2016,410,8406,1,0.2748498
2016,410,8407,0,0.07127695
2016,410,8408,0,0.08320896
2016,410,8409,0,0.02362833
2016,410,8410,1,0.37071615
2016,410,8411,0,0.059639327
2016,410,8412,0,0.085964315
2016,410,8413,0,0.02670593
2016,410,8414,0,0.025753614
2016,410,8415,0,0.02215701
2016,410,8416,1,0.4452008
2016,410,8417,1,0.6336038
2016,410,8418,0,0.026941566
2016,410,8419,1,0.08411411
2016,410,8420,0,0.26776445
2016,410,8421,0,0.15344343
2016,410,8422,0,0.055523578
2016,410,8423,0,0.0874605
2016,410,8424,1,0.04984179
2016,410,8425,0,0.08613616
2016,410,8426,0,0.09233858
2016,410,8427,0,0.05948965
2016,410,8428,0,0.05480562
2016,410,8429,0,0.05544767
2016,410,8431,0,0.03184585
2016,410,8432,0,0.18720928
2016,410,8433,0,0.11405825
2016,410,8434,0,0.26063538
2016,410,8435,0,0.1738455
2016,410,8436,0,0.101644754
2016,410,8437,0,0.07863899
2016,410,8438,0,0.13606632
2016,410,8439,1,0.2712417
2016,410,8440,0,0.32189998
2016,410,8441,0,0.07666397
2016,410,8442,0,0.38529602
2016,410,8443,0,0.04110116
2016,410,8444,1,0.30660254
2016,410,8445,0,0.36860082
2016,410,8446,0,0.25958842
2016,410,8447,0,0.14264415
2016,410,8448,0,0.09372145
2016,410,8449,1,0.67227006
2016,410,8450,0,0.09775507
2016,410,8451,0,0.048958357
2016,410,8452,0,0.10285024
2016,410,8453,0,0.20825529
2016,410,8454,1,0.74461776
2016,410,8455,0,0.17170079
2016,410,8456,1,0.17766222
2016,410,8457,0,0.18365596
2016,410,8458,0,0.06108733
2016,410,8459,0,0.09476433
2016,410,8460,0,0.16758806
2016,410,8461,1,0.21797787
2016,410,8462,0,0.16964087
2016,410,8463,0,0.09813753
2016,410,8464,0,0.34293652
2016,410,8465,0,0.17493974
2016,410,8466,0,0.072091006
2016,410,8467,0,0.057116188
2016,410,8468,0,0.27041346
2016,410,8470,1,0.2402082
2016,410,8471,1,0.032620825
2016,410,8472,1,0.104146935
2016,410,8473,0,0.15349315
2016,410,8474,1,0.23428892
2016,410,8475,0,0.6638317
2016,410,8476,1,0.15092213
2016,410,8477,0,0.054241154
2016,410,8478,0,0.78746814
2016,410,8479,0,0.083007924
2016,410,8480,0,0.049647868
2016,410,8481,0,0.025905259
2016,410,8482,0,0.034231894
2016,410,8483,0,0.045534875
2016,410,8484,0,0.07394091
2016,458,8404,0,0.35114688
2016,458,8405,0,0.6768692
2016,458,8407,0,0.3730041
2016,458,8408,0,0.12627946
2016,458,8409,0,0.13300052
2016,458,8410,1,0.5633072
2016,458,8411,0,0.06629347
2016,458,8412,0,0.14902113
2016,458,8413,0,0.10335343
2016,458,8414,0,0.03600571
2016,458,8415,0,0.0381984
2016,458,8416,0,0.21884817
2016,458,8417,1,0.38092935
2016,458,8418,0,0.046265833
2016,458,8419,0,0.10949965
2016,458,8420,1,0.41159672
2016,458,8421,0,0.08291212
2016,458,8422,1,0.19022375
2016,458,8423,0,0.14343466
2016,458,8424,0,0.09964834
2016,458,8425,0,0.16323179
2016,458,8426,0,0.16519845
2016,458,8427,0,0.25073695
2016,458,8428,0,0.094119996
2016,458,8430,1,0.5053258
2016,458,8431,1,0.12880863
2016,458,8432,0,0.61674374
2016,458,8433,1,0.42019433
2016,458,8435,0,0.32503757
2016,458,8436,0,0.10865527
2016,458,8437,0,0.30422488
2016,458,8439,1,0.48173016
2016,458,8441,0,0.096693926
2016,458,8442,0,0.3775298
2016,458,8443,0,0.09665898
2016,458,8444,1,0.5982603
2016,458,8445,1,0.7211816
2016,458,8446,1,0.36720785
2016,458,8447,0,0.48433766
2016,458,8448,0,0.12610124
2016,458,8451,0,0.22308236
2016,458,8452,0,0.44038525
2016,458,8453,0,0.27458078
2016,458,8454,0,0.21833752
2016,458,8455,0,0.2863888
2016,458,8456,0,0.2578943
2016,458,8457,0,0.21577078
2016,458,8458,0,0.23476122
2016,458,8459,0,0.13195622
2016,458,8460,1,0.52709615
2016,458,8462,0,0.2699154
2016,458,8463,0,0.18557803
2016,458,8464,0,0.17402044
2016,458,8465,0,0.28137082
2016,458,8466,0,0.21027754
2016,458,8467,0,0.10398992
2016,458,8468,0,0.15474395
2016,458,8469,1,0.30331892
2016,458,8470,0,0.1760338
2016,458,8471,1,0.021317508
2016,458,8472,1,0.23632379
2016,458,8473,0,0.14983036
2016,458,8474,0,0.12351759
2016,458,8475,0,0.30828547
2016,458,8476,0,0.29394704
2016,458,8477,1,0.13019954
2016,458,8479,0,0.1242106
2016,458,8480,0,0.08862113
2016,458,8481,0,0.042496476
2016,458,8482,0,0.07654103
2016,458,8484,0,0.10084718
2016,458,8485,0,0.15845461
2016,124,8401,0,0.7100746
2016,124,8402,0,0.31714937
2016,124,8403,0,0.13184868
2016,124,8404,0,0.25724667
2016,124,8405,0,0.50691295
2016,124,8406,0,0.292859
2016,124,8407,0,0.10403061
2016,124,8408,0,0.17923686
2016,124,8409,0,0.043584228
2016,124,8410,1,0.21826977
2016,124,8411,0,0.06338589
2016,124,8412,0,0.07371243
2016,124,8413,0,0.037282065
2016,124,8414,0,0.039150447
2016,124,8415,0,0.09038867
2016,124,8416,0,0.21802722
2016,124,8417,0,0.14317206
2016,124,8418,0,0.058417205
2016,124,8419,0,0.11182955
2016,124,8420,0,0.25527188
2016,124,8421,0,0.06818032
2016,124,8422,0,0.07605291
2016,124,8423,0,0.16415468
2016,124,8424,0,0.06554916
2016,124,8425,0,0.07470474
2016,124,8426,0,0.2068913
2016,124,8427,0,0.15468927
2016,124,8428,0,0.054313704
2016,124,8429,0,0.2263274
2016,124,8430,0,0.15337415
2016,124,8431,0,0.081175886
2016,124,8432,0,0.14744787
2016,124,8433,0,0.081823334
2016,124,8434,0,0.25623846
2016,124,8435,1,0.31633177
2016,124,8436,0,0.08098047
2016,124,8437,0,0.5165399
2016,124,8438,0,0.0829001
2016,124,8439,0,0.20279275
2016,124,8440,0,0.31608114
2016,124,8441,0,0.18847366
2016,124,8442,0,0.23966117
2016,124,8443,0,0.10131824
2016,124,8445,0,0.3541742
2016,124,8448,0,0.16714394
2016,124,8449,1,0.83479977
2016,124,8451,0,0.13371238
2016,124,8452,0,0.15047084
2016,124,8453,0,0.4621209
2016,124,8454,0,0.18936469
2016,124,8455,0,0.22805758
2016,124,8456,1,0.3374139
2016,124,8457,0,0.25999674
2016,124,8458,0,0.47316223
2016,124,8459,0,0.2492725
2016,124,8460,0,0.21564254
2016,124,8461,0,0.25017357
2016,124,8462,0,0.15629166
2016,124,8463,0,0.2151328
2016,124,8464,0,0.21805076
2016,124,8465,0,0.08470335
2016,124,8466,0,0.073817715
2016,124,8467,0,0.06123967
2016,124,8468,0,0.23036452
2016,124,8470,0,0.20731819
2016,124,8471,0,0.027107248
2016,124,8472,0,0.1547834
2016,124,8473,0,0.13248648
2016,124,8474,0,0.17657362
2016,124,8475,0,0.2763257
2016,124,8476,0,0.17726797
2016,124,8477,0,0.063629694
2016,124,8478,0,0.48240265
2016,124,8479,0,0.08362393
2016,124,8480,0,0.11034295
2016,124,8481,0,0.041363865
2016,124,8482,0,0.06816224
2016,124,8483,0,0.094090626
2016,124,8484,0,0.15355425
2016,124,8485,0,0.13025187
2016,484,8402,1,0.46729127
2016,484,8403,0,0.2796715
2016,484,8404,0,0.34062067
2016,484,8405,1,0.29413575
2016,484,8406,1,0.23206167
2016,484,8407,1,0.18794289
2016,484,8408,0,0.10827674
2016,484,8409,0,0.073390305
2016,484,8410,0,0.4734023
2016,484,8411,0,0.06448082
2016,484,8412,0,0.22445853
2016,484,8413,0,0.052130416
2016,484,8414,0,0.046474766
2016,484,8415,0,0.10537407
2016,484,8416,0,0.27074012
2016,484,8417,1,0.23508316
2016,484,8418,0,0.045395635
2016,484,8419,0,0.10445417
2016,484,8420,0,0.70442694
2016,484,8421,0,0.079303585
2016,484,8423,0,0.14237049
2016,484,8424,0,0.07554527
2016,484,8425,0,0.08292359
2016,484,8426,0,0.24197061
2016,484,8427,0,0.64969003
2016,484,8428,0,0.10991179
2016,484,8429,0,0.42904478
2016,484,8430,0,0.19664018
2016,484,8431,0,0.13952512
2016,484,8432,0,0.14867847
2016,484,8433,0,0.15413108
2016,484,8434,0,0.24503516
2016,484,8436,0,0.18035765
2016,484,8438,0,0.14675173
2016,484,8439,1,0.67176723
2016,484,8441,0,0.3124714
2016,484,8442,0,0.23178218
2016,484,8443,0,0.072903365
2016,484,8448,1,0.19265781
2016,484,8450,0,0.5744997
2016,484,8451,0,0.19599907
2016,484,8453,1,0.53535306
2016,484,8454,1,0.3367558
2016,484,8455,0,0.22124195
2016,484,8456,1,0.23126738
2016,484,8457,0,0.28528193
2016,484,8458,1,0.30438304
2016,484,8459,0,0.244657
2016,484,8460,0,0.23242354
2016,484,8461,0,0.44427902
2016,484,8462,0,0.21441926
2016,484,8464,1,0.6427601
2016,484,8465,0,0.19254951
2016,484,8466,0,0.15421978
2016,484,8467,0,0.12526202
2016,484,8468,0,0.17397648
2016,484,8470,0,0.1787578
2016,484,8471,0,0.049086776
2016,484,8472,0,0.17532638
2016,484,8473,0,0.14056773
2016,484,8474,0,0.20179173
2016,484,8476,0,0.20197345
2016,484,8477,0,0.16054691
2016,484,8479,0,0.17014422
2016,484,8480,1,0.20026767
2016,484,8481,0,0.061676703
2016,484,8482,0,0.108165264
2016,484,8483,0,0.073076785
2016,484,8484,0,0.17962715
2016,484,8485,0,0.41236997
2016,757,8403,0,0.20374098
2016,757,8404,0,0.3480394
2016,757,8405,0,0.2395717
2016,757,8406,1,0.26775378
2016,757,8407,0,0.22366382
2016,757,8408,0,0.31057224
2016,757,8409,0,0.051661957
2016,757,8411,0,0.10619006
2016,757,8412,0,0.11830318
2016,757,8413,0,0.032921873
2016,757,8414,0,0.026662448
2016,757,8415,0,0.12472312
2016,757,8416,0,0.24813327
2016,757,8417,0,0.17537947
2016,757,8418,0,0.08118883
2016,757,8419,0,0.152174
2016,757,8420,0,0.23803823
2016,757,8421,0,0.081420325
2016,757,8422,0,0.055178672
2016,757,8423,0,0.07639505
2016,757,8424,0,0.056510765
2016,757,8425,0,0.09995878
2016,757,8426,1,0.4325019
2016,757,8427,0,0.14221191
2016,757,8428,0,0.116983086
2016,757,8429,0,0.21712719
2016,757,8430,0,0.23044746
2016,757,8431,0,0.038145334
2016,757,8432,0,0.11291708
2016,757,8433,0,0.23608898
2016,757,8434,0,0.21586515
2016,757,8435,0,0.24483411
2016,757,8436,0,0.19327626
2016,757,8437,1,0.27926674
2016,757,8438,0,0.032246888
2016,757,8439,0,0.20974717
2016,757,8440,0,0.16882178
2016,757,8441,0,0.08228694
2016,757,8442,0,0.15060331
2016,757,8443,0,0.05822899
2016,757,8444,1,0.5121489
2016,757,8445,0,0.21665262
2016,757,8446,0,0.14462756
2016,757,8447,0,0.27888653
2016,757,8448,0,0.05318985
2016,757,8449,0,0.3034027
2016,757,8450,0,0.15741722
2016,757,8451,1,0.058077298
2016,757,8452,0,0.124429666
2016,757,8453,1,0.1345856
2016,757,8454,0,0.16835627
2016,757,8455,1,0.17530195
2016,757,8456,0,0.08421059
2016,757,8457,0,0.3020276
2016,757,8458,0,0.11626188
2016,757,8459,0,0.17576472
2016,757,8460,0,0.11650164
2016,757,8461,0,0.18792136
2016,757,8462,0,0.12812556
2016,757,8463,0,0.13083544
2016,757,8464,0,0.16793829
2016,757,8465,0,0.11411281
2016,757,8466,0,0.06122951
2016,757,8467,0,0.085123695
2016,757,8468,0,0.13136548
2016,757,8470,1,0.20133434
2016,757,8471,1,0.026609363
2016,757,8472,1,0.18136072
2016,757,8473,0,0.10490863
2016,757,8474,0,0.14167498
2016,757,8475,0,0.17420004
2016,757,8476,0,0.14375953
2016,757,8477,0,0.059542593
2016,757,8479,0,0.057789326
2016,757,8480,0,0.095137276
2016,757,8481,0,0.033809237
2016,757,8482,0,0.052368894
2016,757,8483,0,0.093318634
2016,757,8484,0,0.058322724
2016,757,8485,0,0.08430564
2016,764,8402,0,0.5285382
2016,764,8403,0,0.23812634
2016,764,8404,0,0.1523528
2016,764,8405,0,0.4459808
2016,764,8406,0,0.28380153
2016,764,8407,0,0.10724257
2016,764,8408,0,0.35033634
2016,764,8409,0,0.036672212
2016,764,8411,0,0.07713532
2016,764,8412,0,0.24842139
2016,764,8413,0,0.03661506
2016,764,8414,0,0.027920963
2016,764,8415,0,0.01932655
2016,764,8416,1,0.6943934
2016,764,8417,1,0.35941866
2016,764,8418,0,0.12210708
2016,764,8419,1,0.1604426
2016,764,8420,1,0.4478311
2016,764,8421,0,0.05932698
2016,764,8422,0,0.09264763
2016,764,8424,0,0.070693456
2016,764,8425,0,0.15571965
2016,764,8426,1,0.46067393
2016,764,8428,0,0.09539564
2016,764,8434,1,0.21629015
2016,764,8437,0,0.14054087
2016,764,8438,0,0.17181577
2016,764,8439,1,0.53290516
2016,764,8441,0,0.095022835
2016,764,8442,0,0.47223192
2016,764,8443,0,0.063629515
2016,764,8445,1,0.5717682
2016,764,8447,0,0.53791296
2016,764,8448,0,0.13496794
2016,764,8450,0,0.06279383
2016,764,8451,0,0.1045047
2016,764,8452,0,0.083787926
2016,764,8453,0,0.20170803
2016,764,8454,0,0.24509753
2016,764,8455,0,0.17543378
2016,764,8456,0,0.13234586
2016,764,8457,0,0.43999618
2016,764,8458,0,0.32972574
2016,764,8459,0,0.12240256
2016,764,8460,0,0.1314543
2016,764,8461,0,0.14390776
2016,764,8462,0,0.12697595
2016,764,8463,0,0.17919764
2016,764,8466,0,0.1228993
2016,764,8467,0,0.16632457
2016,764,8468,0,0.743601
2016,764,8470,0,0.28028005
2016,764,8471,1,0.02419793
2016,764,8472,1,0.42069224
2016,764,8473,0,0.15584283
2016,764,8475,0,0.4916164
2016,764,8476,0,0.19464934
2016,764,8477,0,0.08769206
2016,764,8479,0,0.180069
2016,764,8480,0,0.07529607
2016,764,8481,0,0.028002745
2016,764,8482,0,0.040856816
2016,764,8483,0,0.039495505
2016,764,8484,0,0.06576986
2016,764,8485,0,0.11441753
2016,752,8401,0,0.36065623
2016,752,8402,0,0.28694186
2016,752,8403,0,0.28019327
2016,752,8404,0,0.19030973
2016,752,8405,1,0.6858158
2016,752,8406,0,0.40498468
2016,752,8407,0,0.2700912
2016,752,8408,0,0.15315752
2016,752,8409,0,0.043437157
2016,752,8410,1,0.30840412
2016,752,8411,0,0.08234537
2016,752,8412,0,0.03382667
2016,752,8413,0,0.02525243
2016,752,8414,0,0.02642046
2016,752,8415,0,0.06547265
2016,752,8416,0,0.19531393
2016,752,8417,0,0.1900751
2016,752,8418,0,0.04551578
2016,752,8419,0,0.11345286
2016,752,8420,0,0.232169
2016,752,8421,0,0.09161742
2016,752,8422,0,0.037659686
2016,752,8423,0,0.1495715
2016,752,8424,0,0.034385752
2016,752,8425,0,0.17887579
2016,752,8426,0,0.1252032
2016,752,8427,0,0.08448213
2016,752,8428,0,0.10343619
2016,752,8429,0,0.08682868
2016,752,8430,0,0.07882319
2016,752,8431,0,0.023306806
2016,752,8432,0,0.09393566
2016,752,8433,0,0.12622693
2016,752,8434,0,0.1356729
2016,752,8436,0,0.13139564
2016,752,8437,0,0.11852704
2016,752,8438,0,0.054467287
2016,752,8439,0,0.2024679
2016,752,8440,0,0.2589974
2016,752,8441,0,0.16517587
2016,752,8442,0,0.20935357
2016,752,8443,0,0.080692574
2016,752,8446,1,0.71114427
2016,752,8447,0,0.5497583
2016,752,8448,0,0.16978556
2016,752,8450,0,0.14829434
2016,752,8451,0,0.22021559
2016,752,8452,0,0.2833336
2016,752,8453,0,0.5511295
2016,752,8454,1,0.4865513
2016,752,8455,0,0.12869272
2016,752,8456,1,0.29402095
2016,752,8457,1,0.50455296
2016,752,8458,0,0.14225122
2016,752,8459,0,0.17571455
2016,752,8460,0,0.21904738
2016,752,8461,0,0.28822508
2016,752,8462,0,0.1462966
2016,752,8463,0,0.18929714
2016,752,8464,0,0.24175432
2016,752,8465,0,0.14527984
2016,752,8466,0,0.044405293
2016,752,8467,0,0.046093535
2016,752,8468,0,0.10284232
2016,752,8470,0,0.37999398
2016,752,8471,0,0.0623436
2016,752,8472,1,0.14834785
2016,752,8473,0,0.088207975
2016,752,8474,0,0.06679412
2016,752,8475,0,0.21440457
2016,752,8476,0,0.14858305
2016,752,8477,0,0.1434094
2016,752,8479,0,0.06612555
2016,752,8480,0,0.13787699
2016,752,8481,0,0.028458139
2016,752,8482,0,0.03407846
2016,752,8483,0,0.07564664
2016,752,8484,0,0.050757676
2016,752,8485,0,0.073603116
2016,372,8402,1,0.39089528
2016,372,8403,0,0.27380925
2016,372,8405,1,0.66421103
2016,372,8406,1,0.77281
2016,372,8407,0,0.43957645
2016,372,8409,0,0.18095545
2016,372,8411,0,0.10448901
2016,372,8412,0,0.2383565
2016,372,8413,0,0.076345466
2016,372,8414,0,0.08772383
2016,372,8415,0,0.18619668
2016,372,8418,0,0.13315769
2016,372,8419,0,0.39919814
2016,372,8421,0,0.12677586
2016,372,8422,0,0.13062744
2016,372,8423,0,0.4052078
2016,372,8424,1,0.1968391
2016,372,8425,1,0.24381712
2016,372,8426,0,0.20292312
2016,372,8427,0,0.2588313
2016,372,8428,0,0.18860501
2016,372,8429,0,0.26906744
2016,372,8430,0,0.1972594
2016,372,8431,0,0.13000144
2016,372,8432,0,0.31598616
2016,372,8433,0,0.14377186
2016,372,8434,0,0.31072885
2016,372,8436,0,0.2536934
2016,372,8437,0,0.52721125
2016,372,8438,0,0.4325631
2016,372,8441,1,0.36905017
2016,372,8443,0,0.12682459
2016,372,8448,0,0.3095004
2016,372,8450,1,0.44544303
2016,372,8451,1,0.3776624
2016,372,8456,0,0.3542505
2016,372,8458,1,0.4896331
2016,372,8459,0,0.31334507
2016,372,8462,1,0.34902766
2016,372,8463,0,0.25028488
2016,372,8464,1,0.7084808
2016,372,8465,1,0.35340887
2016,372,8466,0,0.25944772
2016,372,8467,0,0.256989
2016,372,8468,0,0.31416482
2016,372,8470,0,0.24705249
2016,372,8471,1,0.040859926
2016,372,8472,0,0.7037299
2016,372,8473,0,0.08062012
2016,372,8474,0,0.27350485
2016,372,8475,0,0.3370381
2016,372,8476,1,0.2861725
2016,372,8477,1,0.18218707
2016,372,8479,0,0.17242011
2016,372,8480,0,0.17701659
2016,372,8481,1,0.08372952
2016,372,8484,0,0.104587995
2016,372,8485,0,0.1335555
2016,40,8401,1,0.6091315
2016,40,8402,1,0.20637462
2016,40,8403,0,0.14823337
2016,40,8404,0,0.27283853
2016,40,8405,1,0.28681144
2016,40,8406,1,0.27629942
2016,40,8407,0,0.20363396
2016,40,8408,0,0.27802598
2016,40,8409,0,0.09087132
2016,40,8410,0,0.30615267
2016,40,8411,0,0.13371748
2016,40,8412,0,0.14571717
2016,40,8413,0,0.026924782
2016,40,8414,1,0.035153586
2016,40,8415,0,0.10000546
2016,40,8416,0,0.15816231
2016,40,8417,1,0.33030233
2016,40,8418,0,0.060450412
2016,40,8419,0,0.14535354
2016,40,8420,0,0.262186
2016,40,8421,0,0.08754572
2016,40,8422,0,0.07051486
2016,40,8423,0,0.117072575
2016,40,8424,0,0.043096136
2016,40,8425,0,0.09573764
2016,40,8426,0,0.13134742
2016,40,8427,0,0.16997214
2016,40,8428,0,0.48021254
2016,40,8429,0,0.13047081
2016,40,8430,0,0.1932645
2016,40,8431,0,0.03624351
2016,40,8432,0,0.09075715
2016,40,8433,0,0.08809883
2016,40,8434,1,0.33987135
2016,40,8435,0,0.15527274
2016,40,8436,0,0.099855036
2016,40,8437,0,0.108495094
2016,40,8438,0,0.047562774
2016,40,8439,0,0.13850765
2016,40,8440,0,0.20559026
2016,40,8441,0,0.10302936
2016,40,8442,0,0.16174981
2016,40,8443,0,0.06663398
2016,40,8444,1,0.32022187
2016,40,8445,1,0.47676566
2016,40,8446,0,0.37593058
2016,40,8447,0,0.23788859
2016,40,8448,0,0.17318314
2016,40,8449,0,0.5773594
2016,40,8450,0,0.3840804
2016,40,8451,1,0.09775848
2016,40,8452,0,0.085844226
2016,40,8453,0,0.27592
2016,40,8454,1,0.6081798
2016,40,8455,0,0.18203197
2016,40,8456,0,0.24267206
2016,40,8457,0,0.23980173
2016,40,8458,0,0.13952255
2016,40,8459,0,0.15404068
2016,40,8461,1,0.18922238
2016,40,8462,0,0.11496122
2016,40,8463,0,0.20356862
2016,40,8464,0,0.27215266
2016,40,8465,0,0.10014429
2016,40,8466,0,0.09119456
2016,40,8467,0,0.07971195
2016,40,8468,0,0.11926451
2016,40,8470,0,0.48707995
2016,40,8471,1,0.030227618
2016,40,8472,1,0.15013915
2016,40,8473,0,0.119199246
2016,40,8474,0,0.17509487
2016,40,8475,0,0.35300967
2016,40,8476,0,0.32044548
2016,40,8477,0,0.0545589
2016,40,8478,0,0.22484416
2016,40,8479,0,0.043280896
2016,40,8480,0,0.091218695
2016,40,8481,0,0.028899372
2016,40,8482,0,0.0862128
2016,40,8483,0,0.10012628
2016,40,8484,0,0.05997243
2016,40,8485,0,0.1703284
2016,724,8401,1,0.31802633
2016,724,8402,1,0.61961937
2016,724,8403,0,0.20436816
2016,724,8404,0,0.4758971
2016,724,8405,1,0.5477738
2016,724,8406,0,0.16994911
2016,724,8407,0,0.10646437
2016,724,8408,0,0.18969265
2016,724,8409,0,0.03017618
2016,724,8410,1,0.18254152
2016,724,8411,0,0.06348531
2016,724,8412,0,0.17012984
2016,724,8413,0,0.026918355
2016,724,8414,0,0.026489988
2016,724,8415,0,0.045022808
2016,724,8416,0,0.16002397
2016,724,8417,0,0.19805951
2016,724,8418,0,0.028332474
2016,724,8419,0,0.11598145
2016,724,8420,0,0.13464692
2016,724,8421,0,0.108275846
2016,724,8422,0,0.028892752
2016,724,8423,0,0.04554364
2016,724,8424,0,0.042344376
2016,724,8425,1,0.14254716
2016,724,8426,0,0.08486047
2016,724,8427,0,0.12820993
2016,724,8428,0,0.099621326
2016,724,8430,0,0.099369355
2016,724,8431,0,0.02281978
2016,724,8432,0,0.07758187
2016,724,8433,0,0.13265266
2016,724,8434,1,0.2828814
2016,724,8435,0,0.25008598
2016,724,8436,0,0.068685815
2016,724,8437,0,0.31749618
2016,724,8438,0,0.0404191
2016,724,8439,0,0.2974128
2016,724,8440,0,0.1419897
2016,724,8441,0,0.09704682
2016,724,8442,0,0.24098055
2016,724,8443,0,0.03192425
2016,724,8444,1,0.45231038
2016,724,8445,1,0.13606049
2016,724,8446,0,0.28270605
2016,724,8447,0,0.23663147
2016,724,8448,0,0.098288275
2016,724,8449,0,0.34634888
2016,724,8450,0,0.14502858
2016,724,8451,1,0.1517739
2016,724,8452,0,0.37437204
2016,724,8453,0,0.19922097
2016,724,8454,0,0.16887096
2016,724,8455,0,0.7477274
2016,724,8456,0,0.2005506
2016,724,8457,0,0.17160302
2016,724,8458,0,0.1463536
2016,724,8459,0,0.13946237
2016,724,8460,1,0.31310624
2016,724,8461,1,0.15903826
2016,724,8462,0,0.07565821
2016,724,8463,0,0.22903334
2016,724,8464,0,0.19363734
2016,724,8465,0,0.06540334
2016,724,8466,0,0.040369075
2016,724,8467,0,0.1235863
2016,724,8468,0,0.18060133
2016,724,8470,0,0.1344725
2016,724,8471,0,0.045715734
2016,724,8472,1,0.15701294
2016,724,8473,0,0.12829855
2016,724,8474,0,0.06630873
2016,724,8475,0,0.33225074
2016,724,8476,0,0.17215429
2016,724,8477,0,0.08235562
2016,724,8478,0,0.1509711
2016,724,8479,0,0.08458808
2016,724,8480,0,0.10609782
2016,724,8481,0,0.026062526
2016,724,8482,0,0.048640747
2016,724,8483,0,0.08650945
2016,724,8484,0,0.055230726
2016,724,8485,0,0.11153621
2017,842,8401,1,0.17501013
2017,842,8402,0,0.1463867
2017,842,8403,0,0.11514763
2017,842,8404,1,0.18220907
2017,842,8405,0,0.15180808
2017,842,8406,1,0.17021567
2017,842,8407,0,0.116065785
2017,842,8408,0,0.2827517
2017,842,8409,0,0.084880434
2017,842,8410,0,0.146724
2017,842,8411,0,0.08550703
2017,842,8412,0,0.10842031
2017,842,8413,0,0.08277732
2017,842,8414,0,0.12177398
2017,842,8415,0,0.08020625
2017,842,8416,0,0.16730703
2017,842,8417,0,0.12642995
2017,842,8418,0,0.10977376
2017,842,8419,0,0.18501239
2017,842,8420,0,0.10524987
2017,842,8421,0,0.13806072
2017,842,8422,0,0.09307574
2017,842,8423,0,0.13100863
2017,842,8424,0,0.074127935
2017,842,8425,0,0.14210367
2017,842,8426,0,0.1777278
2017,842,8427,0,0.079251446
2017,842,8428,0,0.17614649
2017,842,8429,0,0.05511697
2017,842,8431,0,0.050845325
2017,842,8432,0,0.10468681
2017,842,8433,0,0.07167567
2017,842,8434,0,0.116579555
2017,842,8435,0,0.15834956
2017,842,8436,0,0.06707749
2017,842,8437,0,0.12429603
2017,842,8438,0,0.078895025
2017,842,8439,0,0.14957416
2017,842,8440,1,0.20693702
2017,842,8441,0,0.15059344
2017,842,8442,0,0.23467894
2017,842,8443,0,0.021175282
2017,842,8444,1,0.3153431
2017,842,8445,0,0.13940574
2017,842,8446,0,0.36976328
2017,842,8447,1,0.27911708
2017,842,8448,0,0.0760074
2017,842,8449,1,0.54019225
2017,842,8450,0,0.13470012
2017,842,8451,0,0.057887446
2017,842,8452,0,0.11400646
2017,842,8453,0,0.18590896
2017,842,8454,0,0.15583128
2017,842,8455,0,0.16889831
2017,842,8456,0,0.079256155
2017,842,8457,0,0.19025324
2017,842,8458,0,0.100756265
2017,842,8459,0,0.15304212
2017,842,8460,0,0.07373831
2017,842,8461,0,0.10845189
2017,842,8462,0,0.1119805
2017,842,8463,0,0.10590614
2017,842,8464,0,0.09146657
2017,842,8465,0,0.07125703
2017,842,8466,0,0.023270434
2017,842,8467,0,0.076156124
2017,842,8468,0,0.30066606
2017,842,8470,1,0.36151916
2017,842,8471,0,0.060309697
2017,842,8472,0,0.048552528
2017,842,8473,0,0.05065862
2017,842,8474,0,0.21364555
2017,842,8475,0,0.14360131
2017,842,8476,0,0.12336495
2017,842,8477,0,0.04837401
2017,842,8478,0,0.14518891
2017,842,8479,0,0.035839777
2017,842,8480,0,0.34720147
2017,842,8481,0,0.08131745
2017,842,8482,0,0.042426277
2017,842,8483,0,0.09471257
2017,842,8484,0,0.07377202
2017,842,8485,0,0.098690294
2017,276,8401,0,0.22861896
2017,276,8402,0,0.10773157
2017,276,8403,0,0.05792549
2017,276,8404,1,0.1909326
2017,276,8405,0,0.36732298
2017,276,8406,1,0.5453077
2017,276,8407,0,0.06651599
2017,276,8408,0,0.032453105
2017,276,8409,0,0.034060165
2017,276,8410,1,0.1744962
2017,276,8411,0,0.07960341
2017,276,8412,0,0.0824821
2017,276,8413,0,0.03834654
2017,276,8414,0,0.045985993
2017,276,8415,0,0.05100446
2017,276,8416,0,0.04911139
2017,276,8417,0,0.100334935
2017,276,8418,0,0.07685875
2017,276,8419,0,0.1371261
2017,276,8420,0,0.091883324
2017,276,8421,0,0.036736388
2017,276,8422,0,0.09888449
2017,276,8423,0,0.07021478
2017,276,8424,0,0.04649778
2017,276,8425,0,0.078830406
2017,276,8426,0,0.1306102
2017,276,8427,0,0.07294041
2017,276,8428,0,0.09372613
2017,276,8429,0,0.027211763
2017,276,8430,0,0.06409061
2017,276,8431,0,0.023106113
2017,276,8432,0,0.07143653
2017,276,8433,0,0.067221664
2017,276,8434,0,0.06425053
2017,276,8435,0,0.16018474
2017,276,8436,0,0.031036438
2017,276,8437,0,0.07915941
2017,276,8438,0,0.059224036
2017,276,8439,0,0.120623946
2017,276,8440,0,0.05891925
2017,276,8441,0,0.099972874
2017,276,8442,1,0.13357183
2017,276,8443,0,0.029139182
2017,276,8444,0,0.40417388
2017,276,8445,0,0.2048349
2017,276,8446,0,0.16734616
2017,276,8447,1,0.09751719
2017,276,8448,0,0.039553016
2017,276,8449,1,0.16245435
2017,276,8450,0,0.15940103
2017,276,8451,0,0.06313849
2017,276,8452,0,0.034945436
2017,276,8453,0,0.100279376
2017,276,8454,0,0.160236
2017,276,8455,0,0.1316626
2017,276,8456,0,0.08656441
2017,276,8457,0,0.11397468
2017,276,8458,0,0.05784448
2017,276,8459,0,0.09368744
2017,276,8460,0,0.057020497
2017,276,8461,0,0.0913578
2017,276,8462,0,0.063831836
2017,276,8463,0,0.123956844
2017,276,8464,0,0.041159917
2017,276,8465,0,0.06679088
2017,276,8466,0,0.017950611
2017,276,8467,0,0.07429071
2017,276,8468,0,0.064454705
2017,276,8470,0,0.2471854
2017,276,8471,0,0.030964196
2017,276,8472,0,0.04377241
2017,276,8473,0,0.08626174
2017,276,8474,0,0.104357906
2017,276,8475,0,0.20287073
2017,276,8476,0,0.146126
2017,276,8477,0,0.039507
2017,276,8478,0,0.065098144
2017,276,8479,0,0.02241988
2017,276,8480,0,0.07997694
2017,276,8481,0,0.039917693
2017,276,8482,0,0.03397451
2017,276,8483,0,0.027626023
2017,276,8484,0,0.039603256
2017,276,8485,0,0.0427659
2017,392,8401,0,0.3812651
2017,392,8402,0,0.37048635
2017,392,8403,0,0.20138445
2017,392,8404,0,0.29783833
2017,392,8405,0,0.17593521
2017,392,8406,1,0.22938485
2017,392,8407,0,0.050407417
2017,392,8408,0,0.054044783
2017,392,8409,0,0.030562473
2017,392,8411,0,0.05863831
2017,392,8412,0,0.08871827
2017,392,8413,0,0.04101988
2017,392,8414,0,0.042969245
2017,392,8415,0,0.043275416
2017,392,8416,0,0.13935058
2017,392,8417,0,0.15471178
2017,392,8418,0,0.06468654
2017,392,8419,0,0.106747165
2017,392,8420,0,0.17919959
2017,392,8421,0,0.05145611
2017,392,8422,0,0.043010652
2017,392,8423,0,0.09927176
2017,392,8424,0,0.04252438
2017,392,8425,0,0.10644076
2017,392,8426,0,0.11194416
2017,392,8427,0,0.026918812
2017,392,8428,0,0.07129584
2017,392,8429,0,0.043929335
2017,392,8430,0,0.11115192
2017,392,8431,0,0.035835985
2017,392,8432,1,0.09955947
2017,392,8433,0,0.07727713
2017,392,8434,1,0.44691977
2017,392,8435,1,0.36051086
2017,392,8436,0,0.102066204
2017,392,8437,0,0.13860616
2017,392,8438,0,0.06551168
2017,392,8439,0,0.19193672
2017,392,8440,0,0.1526129
2017,392,8441,0,0.09403709
2017,392,8442,0,0.13383068
2017,392,8443,0,0.036498386
2017,392,8444,1,0.312912
2017,392,8445,0,0.28081867
2017,392,8446,0,0.19048077
2017,392,8447,1,0.13159503
2017,392,8448,0,0.05815012
2017,392,8449,1,0.26321557
2017,392,8450,0,0.1882397
2017,392,8451,0,0.07254976
2017,392,8452,0,0.04291603
2017,392,8453,1,0.14997637
2017,392,8454,0,0.1635731
2017,392,8455,0,0.16380262
2017,392,8456,0,0.08767944
2017,392,8457,0,0.10215073
2017,392,8458,0,0.09166245
2017,392,8459,0,0.07965936
2017,392,8460,0,0.079466745
2017,392,8461,0,0.114911094
2017,392,8462,0,0.09515673
2017,392,8463,0,0.10726058
2017,392,8464,0,0.16063733
2017,392,8465,0,0.077685684
2017,392,8466,0,0.031555545
2017,392,8467,0,0.057784647
2017,392,8468,0,0.09790605
2017,392,8469,1,0.2537462
2017,392,8470,0,0.18807156
2017,392,8471,0,0.028549595
2017,392,8472,1,0.06320086
2017,392,8473,0,0.08894415
2017,392,8474,0,0.07424661
2017,392,8475,0,0.18754393
2017,392,8476,0,0.18956877
2017,392,8477,0,0.04935851
2017,392,8478,0,0.38312963
2017,392,8479,0,0.07142826
2017,392,8480,0,0.05713028
2017,392,8481,0,0.047317494
2017,392,8482,0,0.02842394
2017,392,8483,0,0.04467312
2017,392,8484,0,0.040677693
2017,392,8485,0,0.060881764
2017,156,8401,0,0.17922501
2017,156,8402,0,0.058393043
2017,156,8403,0,0.02320022
2017,156,8404,0,0.324047
2017,156,8405,0,0.14349419
2017,156,8406,1,0.16435412
2017,156,8407,0,0.043006714
2017,156,8408,0,0.018496117
2017,156,8409,0,0.034670662
2017,156,8411,0,0.043927602
2017,156,8412,0,0.0224413
2017,156,8413,0,0.049295843
2017,156,8414,0,0.03517279
2017,156,8415,0,0.049275372
2017,156,8416,0,0.08423817
2017,156,8417,0,0.049303163
2017,156,8418,0,0.053122796
2017,156,8419,0,0.09537598
2017,156,8420,0,0.06070213
2017,156,8421,0,0.041249305
2017,156,8422,0,0.021241646
2017,156,8423,0,0.0423583
2017,156,8424,0,0.040041115
2017,156,8425,0,0.057038665
2017,156,8426,0,0.0830409
2017,156,8427,0,0.03151776
2017,156,8428,0,0.04547219
2017,156,8431,0,0.014524859
2017,156,8432,0,0.015548866
2017,156,8433,0,0.051228665
2017,156,8434,0,0.09330996
2017,156,8436,0,0.013466115
2017,156,8439,0,0.09674591
2017,156,8440,0,0.04522461
2017,156,8441,0,0.055061206
2017,156,8442,0,0.09026102
2017,156,8443,0,0.01704491
2017,156,8444,0,0.14414287
2017,156,8445,0,0.058504
2017,156,8446,0,0.17593615
2017,156,8447,0,0.0697742
2017,156,8448,0,0.016432755
2017,156,8449,0,0.18756282
2017,156,8450,0,0.1050466
2017,156,8451,0,0.036156442
2017,156,8452,0,0.026742592
2017,156,8453,0,0.039279725
2017,156,8454,0,0.096863
2017,156,8455,0,0.08832503
2017,156,8456,0,0.019317154
2017,156,8457,0,0.045582883
2017,156,8458,0,0.022207415
2017,156,8459,0,0.033431973
2017,156,8460,0,0.018889291
2017,156,8461,0,0.01909143
2017,156,8462,0,0.021657672
2017,156,8463,0,0.040410604
2017,156,8464,0,0.04138743
2017,156,8465,0,0.06051096
2017,156,8466,0,0.014898902
2017,156,8467,0,0.038024712
2017,156,8468,0,0.046668302
2017,156,8470,0,0.104960576
2017,156,8471,0,0.02025434
2017,156,8472,0,0.028796624
2017,156,8473,0,0.047087386
2017,156,8475,0,0.16060466
2017,156,8476,0,0.083350085
2017,156,8477,0,0.019755723
2017,156,8479,0,0.012877863
2017,156,8480,0,0.040276594
2017,156,8481,0,0.053276498
2017,156,8482,0,0.025484001
2017,156,8483,0,0.044438183
2017,156,8484,0,0.03537651
2017,380,8401,1,0.5143529
2017,380,8402,0,0.27743453
2017,380,8403,0,0.05537973
2017,380,8404,0,0.35193884
2017,380,8405,0,0.3757368
2017,380,8406,0,0.23059125
2017,380,8407,0,0.13218789
2017,380,8408,0,0.037525874
2017,380,8409,0,0.04013456
2017,380,8411,0,0.085842095
2017,380,8412,0,0.101726875
2017,380,8413,0,0.07075395
2017,380,8414,0,0.06925326
2017,380,8415,0,0.08232829
2017,380,8416,0,0.15451893
2017,380,8417,0,0.15288192
2017,380,8418,0,0.07561777
2017,380,8419,0,0.14872698
2017,380,8420,0,0.114412785
2017,380,8421,0,0.07742862
2017,380,8422,0,0.084101856
2017,380,8423,0,0.08641444
2017,380,8424,0,0.064723656
2017,380,8425,0,0.17702672
2017,380,8426,0,0.092108436
2017,380,8427,0,0.035592422
2017,380,8428,0,0.11202823
2017,380,8429,0,0.025457764
2017,380,8430,0,0.08333202
2017,380,8431,0,0.025051612
2017,380,8432,0,0.050369233
2017,380,8433,0,0.08765635
2017,380,8434,0,0.06787714
2017,380,8435,0,0.12902422
2017,380,8436,0,0.031312592
2017,380,8437,0,0.18393831
2017,380,8438,0,0.081864394
2017,380,8439,0,0.11159071
2017,380,8440,0,0.1370645
2017,380,8441,0,0.12211123
2017,380,8442,0,0.1484034
2017,380,8443,0,0.024728587
2017,380,8444,0,0.12765616
2017,380,8445,0,0.22515614
2017,380,8446,0,0.26349235
2017,380,8447,0,0.15575685
2017,380,8448,0,0.053485394
2017,380,8449,0,0.28356105
2017,380,8450,0,0.085999295
2017,380,8451,0,0.028223112
2017,380,8453,0,0.047366086
2017,380,8454,0,0.12171299
2017,380,8455,0,0.16971213
2017,380,8456,0,0.10888338
2017,380,8457,0,0.07786694
2017,380,8458,0,0.0543746
2017,380,8459,0,0.07890687
2017,380,8460,0,0.05191216
2017,380,8461,0,0.06336665
2017,380,8462,0,0.05266806
2017,380,8463,0,0.08311339
2017,380,8464,0,0.06811272
2017,380,8465,0,0.07293991
2017,380,8466,0,0.04363746
2017,380,8467,0,0.046628572
2017,380,8468,0,0.27734557
2017,380,8470,0,0.18915652
2017,380,8471,0,0.030462187
2017,380,8472,0,0.107545525
2017,380,8473,0,0.08283676
2017,380,8474,0,0.12598981
2017,380,8475,0,0.09285986
2017,380,8476,0,0.18885726
2017,380,8477,0,0.032273
2017,380,8478,0,0.2172297
2017,380,8479,0,0.022602528
2017,380,8480,0,0.10781115
2017,380,8481,0,0.06553904
2017,380,8482,0,0.0866987
2017,380,8483,0,0.08718018
2017,380,8484,0,0.10078658
2017,380,8485,0,0.11295588
2017,826,8401,0,0.28342727
2017,826,8402,0,0.13439602
2017,826,8403,0,0.43490303
2017,826,8404,0,0.15893795
2017,826,8405,1,0.5657673
2017,826,8406,0,0.16364758
2017,826,8407,0,0.07723279
2017,826,8408,0,0.11203072
2017,826,8409,0,0.03829048
2017,826,8410,0,0.13181934
2017,826,8411,0,0.061262526
2017,826,8412,0,0.12068976
2017,826,8413,0,0.07342942
2017,826,8414,0,0.076059245
2017,826,8415,0,0.05904902
2017,826,8416,0,0.13503487
2017,826,8417,0,0.12763254
2017,826,8418,0,0.056848496
2017,826,8419,0,0.11415151
2017,826,8420,0,0.20941967
2017,826,8421,0,0.0983201
2017,826,8422,0,0.0644724
2017,826,8423,0,0.08521783
2017,826,8424,0,0.052300453
2017,826,8425,0,0.2134227
2017,826,8426,0,0.09616121
2017,826,8427,0,0.04952066
2017,826,8428,0,0.08211854
2017,826,8429,0,0.016770387
2017,826,8430,0,0.2118902
2017,826,8431,0,0.09590255
2017,826,8432,0,0.037152745
2017,826,8433,0,0.12484932
2017,826,8434,0,0.1375954
2017,826,8435,0,0.43188578
2017,826,8436,0,0.058016986
2017,826,8437,0,0.10484887
2017,826,8438,0,0.04957352
2017,826,8439,0,0.17825636
2017,826,8440,0,0.12471473
2017,826,8441,0,0.15760025
2017,826,8442,0,0.090690784
2017,826,8443,0,0.034036215
2017,826,8444,0,0.2412371
2017,826,8445,0,0.24734633
2017,826,8446,0,0.52064997
2017,826,8447,0,0.11450771
2017,826,8448,0,0.07024805
2017,826,8449,0,0.7215873
2017,826,8450,0,0.13017225
2017,826,8451,0,0.062152144
2017,826,8453,0,0.14236201
2017,826,8454,0,0.16967955
2017,826,8455,0,0.19507757
2017,826,8456,0,0.126118
2017,826,8457,0,0.25353605
2017,826,8458,0,0.14522731
2017,826,8459,0,0.09444173
2017,826,8460,0,0.07199632
2017,826,8461,0,0.16454394
2017,826,8462,0,0.1159367
2017,826,8463,0,0.12255508
2017,826,8464,0,0.097869985
2017,826,8465,0,0.057365872
2017,826,8466,0,0.020507421
2017,826,8467,0,0.033845585
2017,826,8468,0,0.16444659
2017,826,8470,0,0.22328284
2017,826,8471,0,0.027600866
2017,826,8472,0,0.05751866
2017,826,8473,0,0.06274558
2017,826,8474,0,0.17021182
2017,826,8475,0,0.15430914
2017,826,8476,0,0.1345254
2017,826,8477,0,0.0321021
2017,826,8478,1,0.14941974
2017,826,8479,0,0.024515111
2017,826,8480,0,0.16137719
2017,826,8481,0,0.08453441
2017,826,8482,0,0.029597886
2017,826,8483,0,0.08432178
2017,826,8484,0,0.0658523
2017,826,8485,0,0.07485592
2017,251,8401,1,0.6623301
2017,251,8403,0,0.10508568
2017,251,8404,0,0.29830092
2017,251,8405,1,0.5570444
2017,251,8406,1,0.23798007
2017,251,8407,0,0.1195722
2017,251,8408,0,0.07057179
2017,251,8409,0,0.032540396
2017,251,8411,0,0.09413724
2017,251,8412,0,0.17949903
2017,251,8413,0,0.08419169
2017,251,8414,0,0.09440811
2017,251,8415,0,0.10566632
2017,251,8416,0,0.50154996
2017,251,8417,0,0.17595184
2017,251,8418,0,0.119762
2017,251,8419,0,0.12472183
2017,251,8420,0,0.20637889
2017,251,8421,0,0.076168805
2017,251,8422,0,0.11585686
2017,251,8424,0,0.11420829
2017,251,8425,0,0.15570748
2017,251,8426,0,0.20662461
2017,251,8427,0,0.053881466
2017,251,8428,0,0.16079941
2017,251,8429,0,0.03638619
2017,251,8430,0,0.113072425
2017,251,8431,0,0.022945609
2017,251,8432,0,0.033619408
2017,251,8433,0,0.09569173
2017,251,8434,0,0.11411646
2017,251,8435,0,0.14304599
2017,251,8436,0,0.06845273
2017,251,8438,0,0.10171662
2017,251,8439,0,0.20040262
2017,251,8441,0,0.17403805
2017,251,8442,1,0.19763929
2017,251,8443,0,0.032299165
2017,251,8444,0,0.14122751
2017,251,8445,0,0.24302904
2017,251,8446,0,0.14283293
2017,251,8447,0,0.4145303
2017,251,8448,0,0.0666955
2017,251,8449,0,0.28780842
2017,251,8450,0,0.21164699
2017,251,8451,0,0.04349763
2017,251,8453,0,0.29585642
2017,251,8454,0,0.18379836
2017,251,8455,0,0.20337017
2017,251,8456,0,0.1689166
2017,251,8457,1,0.16399035
2017,251,8458,0,0.18868533
2017,251,8459,0,0.13071766
2017,251,8460,0,0.09509991
2017,251,8461,0,0.116261534
2017,251,8462,0,0.1469009
2017,251,8463,0,0.21321794
2017,251,8464,0,0.13800974
2017,251,8465,0,0.17541254
2017,251,8466,0,0.02941893
2017,251,8467,0,0.117909096
2017,251,8468,1,0.19669768
2017,251,8470,0,0.25746542
2017,251,8471,0,0.027157053
2017,251,8472,1,0.09618536
2017,251,8473,0,0.07459258
2017,251,8475,0,0.18199699
2017,251,8476,0,0.13387506
2017,251,8477,0,0.076969996
2017,251,8478,0,0.27734873
2017,251,8479,0,0.031967208
2017,251,8480,0,0.11944893
2017,251,8481,0,0.07410145
2017,251,8482,0,0.035728164
2017,251,8483,0,0.08233973
2017,251,8484,0,0.13957754
2017,251,8485,0,0.15682726
2017,490,8402,1,0.1828339
2017,490,8403,1,0.7370388
2017,490,8404,1,0.21296172
2017,490,8405,0,0.54609036
2017,490,8406,1,0.76266116
2017,490,8407,0,0.18285999
2017,490,8408,0,0.086964086
2017,490,8409,0,0.0654555
2017,490,8410,0,0.7473511
2017,490,8411,0,0.12227986
2017,490,8412,0,0.104272924
2017,490,8413,0,0.04491058
2017,490,8414,0,0.040106006
2017,490,8415,0,0.050818704
2017,490,8416,0,0.15598151
2017,490,8417,0,0.18866159
2017,490,8418,0,0.04114495
2017,490,8419,0,0.06742324
2017,490,8420,0,0.47955674
2017,490,8421,0,0.051651843
2017,490,8422,0,0.052880496
2017,490,8423,0,0.06920786
2017,490,8424,0,0.04746695
2017,490,8425,0,0.16127454
2017,490,8426,1,0.15475766
2017,490,8427,0,0.09171677
2017,490,8428,0,0.12093354
2017,490,8429,0,0.4058822
2017,490,8430,0,0.16383527
2017,490,8431,0,0.06481565
2017,490,8432,0,0.14552213
2017,490,8433,0,0.08672931
2017,490,8434,0,0.20532936
2017,490,8435,1,0.2637462
2017,490,8436,0,0.105007246
2017,490,8437,0,0.11722971
2017,490,8438,0,0.052366797
2017,490,8439,0,0.2330069
2017,490,8440,0,0.25889292
2017,490,8441,0,0.058004256
2017,490,8442,0,0.20041968
2017,490,8443,0,0.04030727
2017,490,8444,0,0.23958315
2017,490,8445,1,0.2042436
2017,490,8446,0,0.18452741
2017,490,8447,0,0.08164895
2017,490,8448,0,0.08185506
2017,490,8449,1,0.64750737
2017,490,8450,1,0.15160948
2017,490,8451,0,0.083942294
2017,490,8452,0,0.041802008
2017,490,8453,0,0.17484693
2017,490,8454,0,0.18235779
2017,490,8455,0,0.13279352
2017,490,8456,0,0.12835465
2017,490,8457,0,0.0839631
2017,490,8458,0,0.077658854
2017,490,8459,0,0.18723637
2017,490,8460,0,0.074007206
2017,490,8461,0,0.10066295
2017,490,8462,0,0.080086865
2017,490,8463,0,0.12429261
2017,490,8464,0,0.1291085
2017,490,8465,0,0.06825438
2017,490,8466,0,0.055254072
2017,490,8467,0,0.10733845
2017,490,8468,0,0.15446693
2017,490,8470,0,0.16119389
2017,490,8471,0,0.03671551
2017,490,8472,0,0.08526103
2017,490,8473,0,0.07982382
2017,490,8474,0,0.10994749
2017,490,8475,0,0.52502775
2017,490,8476,0,0.19715466
2017,490,8477,0,0.030314777
2017,490,8478,1,0.13882087
2017,490,8479,0,0.12179744
2017,490,8480,0,0.062436927
2017,490,8481,0,0.049538303
2017,490,8482,0,0.030531783
2017,490,8483,0,0.042502366
2017,490,8484,0,0.07328614
2017,490,8485,1,0.11680966
2017,702,8402,0,0.26625577
2017,702,8407,0,0.0914568
2017,702,8408,0,0.16913047
2017,702,8410,0,0.2818126
2017,702,8411,0,0.076369114
2017,702,8412,0,0.08584081
2017,702,8413,0,0.036033995
2017,702,8414,0,0.039260413
2017,702,8416,0,0.16795379
2017,702,8417,0,0.17364192
2017,702,8418,0,0.086374015
2017,702,8419,0,0.093994565
2017,702,8420,0,0.17112857
2017,702,8421,0,0.054734405
2017,702,8422,0,0.07398745
2017,702,8423,0,0.12376356
2017,702,8424,0,0.051325493
2017,702,8425,1,0.22800231
2017,702,8426,0,0.088615164
2017,702,8428,0,0.094155595
2017,702,8430,0,0.15491168
2017,702,8431,0,0.051661033
2017,702,8432,1,0.3590726
2017,702,8433,0,0.4530389
2017,702,8434,0,0.46065947
2017,702,8435,1,0.3980084
2017,702,8436,0,0.11970822
2017,702,8437,0,0.1402841
2017,702,8439,0,0.22419167
2017,702,8441,1,0.45914733
2017,702,8442,0,0.24119572
2017,702,8443,0,0.045333344
2017,702,8445,0,0.3801571
2017,702,8448,1,0.27509767
2017,702,8449,0,0.7117797
2017,702,8451,0,0.13581003
2017,702,8452,0,0.15621176
2017,702,8453,1,0.21942149
2017,702,8454,0,0.2230911
2017,702,8455,1,0.29288563
2017,702,8456,0,0.09255573
2017,702,8457,0,0.40471402
2017,702,8458,0,0.14124809
2017,702,8459,0,0.14791945
2017,702,8460,0,0.13444707
2017,702,8461,1,0.28991392
2017,702,8462,0,0.13751833
2017,702,8463,0,0.22262105
2017,702,8464,0,0.17372628
2017,702,8465,0,0.1339984
2017,702,8466,0,0.21092524
2017,702,8467,0,0.083374076
2017,702,8468,1,0.131381
2017,702,8470,0,0.15281036
2017,702,8471,1,0.017635984
2017,702,8473,0,0.046127588
2017,702,8474,0,0.10484857
2017,702,8475,0,0.3988546
2017,702,8477,0,0.076192334
2017,702,8478,1,0.22335817
2017,702,8479,0,0.07614752
2017,702,8480,0,0.16921286
2017,702,8481,0,0.0947761
2017,702,8482,0,0.047342405
2017,702,8483,0,0.03287886
2017,702,8484,0,0.09882833
2017,702,8485,0,0.06343404
2017,528,8401,1,0.25373638
2017,528,8403,0,0.07099228
2017,528,8404,1,0.52524936
2017,528,8405,1,0.24625888
2017,528,8407,0,0.16031057
2017,528,8408,0,0.06233375
2017,528,8409,0,0.07440464
2017,528,8410,1,0.22806276
2017,528,8411,0,0.1873012
2017,528,8412,0,0.08334726
2017,528,8413,0,0.059507314
2017,528,8414,0,0.09473878
2017,528,8415,0,0.092966236
2017,528,8416,0,0.18014587
2017,528,8417,0,0.15208325
2017,528,8418,0,0.11110151
2017,528,8419,0,0.13455121
2017,528,8420,0,0.18190289
2017,528,8421,0,0.08362258
2017,528,8422,0,0.12188338
2017,528,8423,0,0.1339761
2017,528,8424,0,0.081517056
2017,528,8425,0,0.15254723
2017,528,8426,0,0.1556676
2017,528,8427,0,0.0410966
2017,528,8428,0,0.112843804
2017,528,8429,0,0.042389307
2017,528,8430,0,0.07754499
2017,528,8431,0,0.026637986
2017,528,8432,0,0.032758668
2017,528,8433,0,0.101445444
2017,528,8434,0,0.09289706
2017,528,8435,1,0.5724265
2017,528,8436,0,0.040632855
2017,528,8437,0,0.08264511
2017,528,8438,0,0.06701353
2017,528,8439,1,0.24110012
2017,528,8440,0,0.1345258
2017,528,8441,0,0.13000503
2017,528,8442,0,0.13390581
2017,528,8443,0,0.038266562
2017,528,8444,0,0.4062203
2017,528,8445,0,0.4665381
2017,528,8446,0,0.20621008
2017,528,8447,1,0.41319293
2017,528,8448,0,0.16450319
2017,528,8449,1,0.77515626
2017,528,8450,0,0.3165125
2017,528,8451,0,0.10790129
2017,528,8453,0,0.23430902
2017,528,8454,1,0.44609982
2017,528,8455,0,0.20876572
2017,528,8456,0,0.0992271
2017,528,8457,0,0.1768316
2017,528,8458,0,0.12589505
2017,528,8459,0,0.17648666
2017,528,8460,0,0.14724813
2017,528,8461,0,0.1601638
2017,528,8462,0,0.12875246
2017,528,8463,1,0.5022278
2017,528,8464,0,0.13084267
2017,528,8465,0,0.19242594
2017,528,8466,0,0.043241847
2017,528,8467,0,0.080923535
2017,528,8468,0,0.25834358
2017,528,8470,0,0.23489685
2017,528,8471,0,0.024505503
2017,528,8472,0,0.07915221
2017,528,8473,0,0.12218433
2017,528,8474,0,0.15415962
2017,528,8475,0,0.14971398
2017,528,8476,0,0.2494392
2017,528,8477,0,0.095810175
2017,528,8478,0,0.12039512
2017,528,8479,0,0.065496154
2017,528,8480,0,0.11065469
2017,528,8481,0,0.074070394
2017,528,8482,0,0.08403389
2017,528,8483,0,0.073316604
2017,528,8484,0,0.095699154
2017,528,8485,0,0.12177084
2017,410,8401,1,0.6692491
2017,410,8402,1,0.20521331
2017,410,8403,0,0.059033636
2017,410,8404,1,0.1256586
2017,410,8405,1,0.24397923
2017,410,8406,0,0.22756104
2017,410,8407,0,0.060453676
2017,410,8408,0,0.049142085
2017,410,8409,0,0.028125877
2017,410,8410,0,0.24639337
2017,410,8411,0,0.0700772
2017,410,8412,0,0.09051681
2017,410,8413,0,0.033802595
2017,410,8414,0,0.04070818
2017,410,8415,0,0.044120096
2017,410,8416,1,0.18313311
2017,410,8417,0,0.13921006
2017,410,8418,0,0.10194388
2017,410,8419,0,0.14221326
2017,410,8420,0,0.19471303
2017,410,8421,0,0.042583846
2017,410,8422,0,0.07305087
2017,410,8423,0,0.09654136
2017,410,8424,0,0.03277753
2017,410,8425,0,0.1252184
2017,410,8426,0,0.11590033
2017,410,8427,0,0.05188045
2017,410,8428,0,0.057445485
2017,410,8429,0,0.029630005
2017,410,8431,0,0.025401454
2017,410,8432,0,0.108441405
2017,410,8433,0,0.40539497
2017,410,8434,1,0.2144982
2017,410,8435,0,0.11719933
2017,410,8436,0,0.7187161
2017,410,8437,0,0.099962346
2017,410,8438,0,0.09476001
2017,410,8439,0,0.14947484
2017,410,8440,0,0.11388046
2017,410,8441,0,0.08309494
2017,410,8442,0,0.27260727
2017,410,8443,0,0.032775506
2017,410,8444,0,0.1818606
2017,410,8445,0,0.4118001
2017,410,8446,0,0.25283942
2017,410,8447,1,0.15979671
2017,410,8448,0,0.15982659
2017,410,8449,0,0.21154843
2017,410,8450,1,0.064735025
2017,410,8451,0,0.08437154
2017,410,8452,0,0.16333143
2017,410,8453,0,0.19350682
2017,410,8454,0,0.15216838
2017,410,8455,0,0.15869974
2017,410,8456,1,0.14789048
2017,410,8457,0,0.11170457
2017,410,8458,0,0.06297968
2017,410,8459,0,0.092482604
2017,410,8460,0,0.11000403
2017,410,8461,0,0.1433236
2017,410,8462,0,0.08215602
2017,410,8463,0,0.13258655
2017,410,8464,0,0.28200057
2017,410,8465,1,0.108359136
2017,410,8466,0,0.04945622
2017,410,8467,0,0.056731377
2017,410,8468,0,0.18012758
2017,410,8470,0,0.22215132
2017,410,8471,0,0.031473376
2017,410,8472,0,0.05271888
2017,410,8473,0,0.09392404
2017,410,8474,0,0.10831807
2017,410,8475,0,0.36772454
2017,410,8476,0,0.1307474
2017,410,8477,0,0.04846688
2017,410,8478,0,0.43670022
2017,410,8479,0,0.058936205
2017,410,8480,0,0.060210973
2017,410,8481,0,0.039467223
2017,410,8482,0,0.029816736
2017,410,8483,0,0.038128473
2017,410,8484,0,0.044937402
2017,410,8485,0,0.070320494
2017,458,8404,1,0.4762647
2017,458,8405,1,0.40099204
2017,458,8407,0,0.2835214
2017,458,8408,0,0.17854944
2017,458,8411,0,0.11255165
2017,458,8412,0,0.1578554
2017,458,8413,0,0.07399944
2017,458,8414,0,0.06466828
2017,458,8415,0,0.038088106
2017,458,8416,0,0.5626071
2017,458,8417,0,0.21430622
2017,458,8418,0,0.10067609
2017,458,8419,0,0.14819884
2017,458,8420,0,0.23279949
2017,458,8421,0,0.06669175
2017,458,8422,0,0.09001795
2017,458,8423,0,0.12597325
2017,458,8424,0,0.053013936
2017,458,8425,0,0.24362661
2017,458,8426,0,0.16253823
2017,458,8427,0,0.109772556
2017,458,8428,0,0.121297315
2017,458,8430,0,0.20894513
2017,458,8431,0,0.0860584
2017,458,8433,0,0.1858862
2017,458,8436,0,0.08524054
2017,458,8437,0,0.27382186
2017,458,8438,0,0.13070767
2017,458,8439,1,0.28452727
2017,458,8441,0,0.1573975
2017,458,8442,1,0.36591324
2017,458,8443,0,0.13697425
2017,458,8445,0,0.4883642
2017,458,8447,0,0.32998177
2017,458,8448,0,0.19575846
2017,458,8450,1,0.4767246
2017,458,8451,0,0.08572325
2017,458,8452,1,0.17612562
2017,458,8453,1,0.5942373
2017,458,8454,0,0.23015347
2017,458,8455,0,0.17430238
2017,458,8456,1,0.39099136
2017,458,8457,0,0.27582556
2017,458,8458,0,0.14892165
2017,458,8459,0,0.1703233
2017,458,8460,0,0.1680373
2017,458,8461,1,0.31152037
2017,458,8462,0,0.11435159
2017,458,8463,1,0.1711574
2017,458,8464,1,0.5523903
2017,458,8465,0,0.1856239
2017,458,8466,0,0.15341502
2017,458,8467,0,0.09526935
2017,458,8468,0,0.25693434
2017,458,8470,0,0.18993844
2017,458,8472,1,0.17067046
2017,458,8473,0,0.07530512
2017,458,8474,0,0.17861201
2017,458,8475,0,0.24036732
2017,458,8476,0,0.25679657
2017,458,8477,0,0.07398854
2017,458,8478,1,0.44979256
2017,458,8479,0,0.09394065
2017,458,8480,0,0.07400795
2017,458,8481,0,0.07274372
2017,458,8482,0,0.055164706
2017,458,8484,0,0.082150124
2017,458,8485,0,0.4466415
2017,124,8401,0,0.45341268
2017,124,8402,1,0.71085185
2017,124,8403,0,0.20806555
2017,124,8404,0,0.29677993
2017,124,8405,1,0.73374856
2017,124,8406,1,0.5014937
2017,124,8407,0,0.084659345
2017,124,8408,0,0.18786013
2017,124,8409,0,0.04606804
2017,124,8410,0,0.21437393
2017,124,8411,0,0.065583184
2017,124,8412,0,0.09316886
2017,124,8413,0,0.08798728
2017,124,8414,0,0.11038897
2017,124,8415,0,0.104968764
2017,124,8416,0,0.211417
2017,124,8417,0,0.1283061
2017,124,8418,0,0.12759073
2017,124,8419,0,0.12523307
2017,124,8420,1,0.54974514
2017,124,8421,0,0.12256832
2017,124,8422,0,0.13239248
2017,124,8423,0,0.13222972
2017,124,8424,0,0.09345862
2017,124,8425,0,0.13532202
2017,124,8426,0,0.34362644
2017,124,8427,0,0.12630086
2017,124,8428,0,0.14892806
2017,124,8429,0,0.17420208
2017,124,8430,0,0.19018291
2017,124,8431,0,0.045571145
2017,124,8432,0,0.09730031
2017,124,8433,0,0.085626625
2017,124,8434,0,0.55802804
2017,124,8436,0,0.06423028
2017,124,8437,0,0.19834003
2017,124,8438,0,0.09374047
2017,124,8439,0,0.14989112
2017,124,8440,0,0.22711419
2017,124,8441,0,0.15370288
2017,124,8442,1,0.20676562
2017,124,8443,0,0.07280317
2017,124,8445,0,0.3296515
2017,124,8448,0,0.27831942
2017,124,8451,0,0.2519695
2017,124,8452,0,0.21930958
2017,124,8454,0,0.15058023
2017,124,8455,0,0.41933513
2017,124,8456,0,0.19451323
2017,124,8457,0,0.26696235
2017,124,8458,0,0.22247031
2017,124,8459,1,0.19813728
2017,124,8460,0,0.15781589
2017,124,8461,0,0.15031709
2017,124,8462,1,0.23854813
2017,124,8463,1,0.58181417
2017,124,8464,1,0.12804763
2017,124,8465,0,0.10148007
2017,124,8466,0,0.05408994
2017,124,8467,0,0.091533445
2017,124,8468,0,0.1865136
2017,124,8470,0,0.3180722
2017,124,8471,0,0.03960607
2017,124,8472,0,0.12818791
2017,124,8473,0,0.10214039
2017,124,8474,0,0.16940257
2017,124,8475,0,0.5926205
2017,124,8476,0,0.29965255
2017,124,8477,0,0.08462694
2017,124,8478,1,0.61100626
2017,124,8479,0,0.077094674
2017,124,8480,0,0.11037234
2017,124,8481,0,0.10641092
2017,124,8482,0,0.052352186
2017,124,8483,0,0.078645974
2017,124,8484,0,0.1641967
2017,124,8485,0,0.12227232
2017,484,8402,0,0.40478152
2017,484,8403,0,0.32577625
2017,484,8404,0,0.3063138
2017,484,8406,0,0.2608529
2017,484,8407,0,0.10018293
2017,484,8408,0,0.10028011
2017,484,8409,0,0.05864128
2017,484,8411,0,0.09291731
2017,484,8412,0,0.11961154
2017,484,8413,0,0.087201804
2017,484,8414,0,0.09213124
2017,484,8415,0,0.11611831
2017,484,8416,0,0.3323927
2017,484,8417,0,0.1913056
2017,484,8418,0,0.10999143
2017,484,8419,0,0.11416907
2017,484,8420,0,0.49146605
2017,484,8421,0,0.12238447
2017,484,8422,0,0.14902198
2017,484,8423,0,0.11250514
2017,484,8424,0,0.09018722
2017,484,8425,0,0.122765385
2017,484,8426,0,0.25297534
2017,484,8427,0,0.42567548
2017,484,8428,0,0.12571695
2017,484,8429,0,0.2699387
2017,484,8430,0,0.19888511
2017,484,8431,0,0.07471144
2017,484,8432,0,0.18422633
2017,484,8433,0,0.09447868
2017,484,8434,0,0.3263425
2017,484,8436,0,0.22081542
2017,484,8437,1,0.21826604
2017,484,8438,1,0.15297593
2017,484,8439,0,0.18609317
2017,484,8441,1,0.2751728
2017,484,8442,0,0.35024595
2017,484,8443,0,0.07229673
2017,484,8450,0,0.080894366
2017,484,8451,0,0.13041651
2017,484,8453,0,0.20989995
2017,484,8455,1,0.69215155
2017,484,8456,0,0.18624598
2017,484,8457,1,0.50595546
2017,484,8458,0,0.20732172
2017,484,8459,0,0.36598673
2017,484,8460,1,0.42372477
2017,484,8461,0,0.66199476
2017,484,8462,0,0.1507505
2017,484,8463,1,0.5809034
2017,484,8465,0,0.13895608
2017,484,8466,0,0.09067329
2017,484,8467,0,0.06938345
2017,484,8468,0,0.2197626
2017,484,8470,0,0.48049915
2017,484,8471,0,0.076029174
2017,484,8472,0,0.23229991
2017,484,8473,0,0.20293474
2017,484,8475,0,0.25051963
2017,484,8476,0,0.2630828
2017,484,8477,0,0.1156111
2017,484,8479,0,0.07812999
2017,484,8480,0,0.16270027
2017,484,8481,0,0.07251861
2017,484,8482,0,0.06770833
2017,484,8483,0,0.068315774
2017,484,8484,0,0.13353185
2017,484,8485,0,0.082714185
2017,757,8402,0,0.18696022
2017,757,8403,0,0.19104832
2017,757,8404,0,0.5416444
2017,757,8406,0,0.18523759
2017,757,8407,1,0.3243769
2017,757,8408,0,0.15881415
2017,757,8409,0,0.07878725
2017,757,8411,1,0.051044866
2017,757,8412,0,0.1313609
2017,757,8413,0,0.059375938
2017,757,8414,0,0.07537179
2017,757,8415,0,0.13128445
2017,757,8416,0,0.17836091
2017,757,8417,0,0.16308762
2017,757,8418,0,0.14049424
2017,757,8419,0,0.16710985
2017,757,8420,0,0.4761338
2017,757,8421,0,0.06674777
2017,757,8422,0,0.1484052
2017,757,8423,1,0.12509866
2017,757,8424,0,0.067384526
2017,757,8425,0,0.2526099
2017,757,8426,0,0.24657713
2017,757,8427,0,0.11336594
2017,757,8428,0,0.08617164
2017,757,8429,0,0.11009283
2017,757,8430,0,0.17512481
2017,757,8431,0,0.034868754
2017,757,8432,0,0.10436638
2017,757,8433,0,0.15401009
2017,757,8434,0,0.22261436
2017,757,8435,0,0.17191282
2017,757,8436,0,0.16181374
2017,757,8437,0,0.13397117
2017,757,8438,0,0.079323865
2017,757,8439,0,0.15953617
2017,757,8440,0,0.1669038
2017,757,8441,0,0.11681403
2017,757,8442,0,0.17517987
2017,757,8443,0,0.048729636
2017,757,8445,0,0.24837978
2017,757,8446,0,0.1651231
2017,757,8447,1,0.2908359
2017,757,8448,0,0.042558502
2017,757,8449,0,0.5589
2017,757,8450,0,0.23435307
2017,757,8451,0,0.061271124
2017,757,8452,0,0.08957928
2017,757,8453,0,0.13348037
2017,757,8454,0,0.25293776
2017,757,8455,0,0.21314347
2017,757,8456,0,0.11355199
2017,757,8457,0,0.10450855
2017,757,8458,0,0.11981777
2017,757,8459,0,0.1855942
2017,757,8460,0,0.08888826
2017,757,8461,0,0.17283691
2017,757,8462,0,0.13333105
2017,757,8463,0,0.16952282
2017,757,8464,0,0.11799942
2017,757,8465,0,0.13343231
2017,757,8466,0,0.023343762
2017,757,8467,0,0.12106165
2017,757,8468,1,0.33061507
2017,757,8470,0,0.2360398
2017,757,8471,0,0.031448115
2017,757,8472,1,0.10544566
2017,757,8473,0,0.10558011
2017,757,8474,1,0.16249879
2017,757,8475,0,0.46462122
2017,757,8476,0,0.15234578
2017,757,8477,0,0.09907324
2017,757,8478,0,0.11567269
2017,757,8479,0,0.03170493
2017,757,8480,0,0.111418426
2017,757,8481,0,0.10015284
2017,757,8482,0,0.08764481
2017,757,8483,0,0.079483315
2017,757,8484,0,0.10492858
2017,757,8485,0,0.14309287
2017,764,8402,1,0.3081891
2017,764,8403,1,0.6490532
2017,764,8405,0,0.62558174
2017,764,8406,0,0.39906394
2017,764,8407,0,0.12034088
2017,764,8408,0,0.2921442
2017,764,8409,0,0.031629484
2017,764,8411,0,0.19686498
2017,764,8412,0,0.19119702
2017,764,8413,0,0.049714867
2017,764,8414,0,0.03916618
2017,764,8415,0,0.037760627
2017,764,8418,0,0.06154986
2017,764,8419,0,0.1090991
2017,764,8420,0,0.23741949
2017,764,8421,0,0.08401478
2017,764,8422,0,0.08379457
2017,764,8423,0,0.16454439
2017,764,8425,0,0.15837388
2017,764,8426,0,0.17142619
2017,764,8428,0,0.082625754
2017,764,8429,0,0.1902425
2017,764,8431,0,0.06237235
2017,764,8434,1,0.17813227
2017,764,8437,0,0.18324351
2017,764,8438,0,0.13441148
2017,764,8439,0,0.20296936
2017,764,8440,0,0.27871022
2017,764,8441,1,0.42332047
2017,764,8442,0,0.2949337
2017,764,8443,0,0.062194448
2017,764,8445,0,0.22631463
2017,764,8447,0,0.2886383
2017,764,8448,1,0.15909918
2017,764,8450,0,0.11211457
2017,764,8451,0,0.08786862
2017,764,8452,0,0.087268025
2017,764,8453,0,0.16487795
2017,764,8454,1,0.32960838
2017,764,8455,1,0.5415901
2017,764,8456,0,0.2425111
2017,764,8457,0,0.21390268
2017,764,8458,0,0.14245617
2017,764,8459,0,0.18667573
2017,764,8460,0,0.17317927
2017,764,8461,1,0.3386924
2017,764,8462,0,0.15324073
2017,764,8463,0,0.3738851
2017,764,8464,0,0.42123345
2017,764,8466,0,0.11291666
2017,764,8467,0,0.12961762
2017,764,8468,1,0.39788848
2017,764,8470,0,0.16890371
2017,764,8471,0,0.1234171
2017,764,8472,1,0.1621299
2017,764,8473,0,0.111267164
2017,764,8475,0,0.2675418
2017,764,8476,0,0.28345114
2017,764,8477,0,0.06887892
2017,764,8479,0,0.05092197
2017,764,8480,0,0.096506014
2017,764,8481,0,0.037749834
2017,764,8482,0,0.041143905
2017,764,8483,0,0.04071457
2017,764,8484,0,0.042145293
2017,764,8485,0,0.07168431
2017,752,8401,0,0.54431206
2017,752,8402,1,0.6500953
2017,752,8403,1,0.31923583
2017,752,8404,0,0.16791981
2017,752,8405,0,0.19055231
2017,752,8406,0,0.600221
2017,752,8407,0,0.23950773
2017,752,8408,0,0.17190513
2017,752,8409,0,0.14588647
2017,752,8410,0,0.19979475
2017,752,8412,0,0.038671236
2017,752,8413,0,0.08666026
2017,752,8414,0,0.09948577
2017,752,8415,0,0.13075173
2017,752,8416,0,0.17673507
2017,752,8417,0,0.27470088
2017,752,8418,0,0.08748273
2017,752,8419,0,0.17028841
2017,752,8420,0,0.20507747
2017,752,8421,0,0.064185426
2017,752,8422,0,0.0678322
2017,752,8423,0,0.14235315
2017,752,8424,0,0.052489556
2017,752,8425,0,0.13415317
2017,752,8426,0,0.14044183
2017,752,8427,0,0.033532854
2017,752,8428,0,0.08960841
2017,752,8429,0,0.041730247
2017,752,8430,0,0.15224388
2017,752,8431,0,0.025743483
2017,752,8432,0,0.050111298
2017,752,8433,0,0.12637338
2017,752,8434,0,0.083319396
2017,752,8436,0,0.12770793
2017,752,8437,0,0.36172763
2017,752,8438,0,0.08380462
2017,752,8439,0,0.23252729
2017,752,8440,0,0.14093909
2017,752,8441,0,0.14222106
2017,752,8442,0,0.26105663
2017,752,8443,0,0.07386679
2017,752,8447,0,0.80711097
2017,752,8448,0,0.17366217
2017,752,8449,0,0.6274148
2017,752,8450,0,0.12471677
2017,752,8451,0,0.16754454
2017,752,8452,0,0.34755746
2017,752,8453,1,0.5239978
2017,752,8454,0,0.21305794
2017,752,8455,0,0.1490453
2017,752,8456,1,0.14733888
2017,752,8458,0,0.14075355
2017,752,8459,0,0.29643205
2017,752,8460,0,0.12778637
2017,752,8461,1,0.7040331
2017,752,8462,0,0.14414008
2017,752,8463,0,0.19042823
2017,752,8464,0,0.10656911
2017,752,8465,0,0.2695911
2017,752,8466,0,0.037751738
2017,752,8467,0,0.09239853
2017,752,8468,0,0.225712
2017,752,8470,0,0.24122053
2017,752,8471,0,0.060828716
2017,752,8472,1,0.10725357
2017,752,8473,0,0.17488588
2017,752,8474,0,0.1314513
2017,752,8475,0,0.29058665
2017,752,8476,0,0.3748029
2017,752,8477,0,0.0904824
2017,752,8478,0,0.30604625
2017,752,8479,0,0.054143526
2017,752,8480,0,0.119568825
2017,752,8481,0,0.08651653
2017,752,8482,0,0.03432698
2017,752,8483,0,0.06223376
2017,752,8484,0,0.053456638
2017,752,8485,1,0.08005751
2017,372,8403,0,0.24567606
2017,372,8406,0,0.5203747
2017,372,8407,1,0.30764136
2017,372,8409,0,0.14331783
2017,372,8411,0,0.13394511
2017,372,8412,0,0.31944638
2017,372,8413,0,0.19479503
2017,372,8414,0,0.060039353
2017,372,8415,0,0.14378598
2017,372,8418,0,0.15067592
2017,372,8419,1,0.520126
2017,372,8421,0,0.1778218
2017,372,8422,0,0.15724164
2017,372,8423,0,0.53281295
2017,372,8424,0,0.14908978
2017,372,8425,0,0.2938745
2017,372,8427,0,0.10728939
2017,372,8428,0,0.17844367
2017,372,8429,0,0.19080383
2017,372,8430,0,0.40812254
2017,372,8432,0,0.14042856
2017,372,8433,0,0.15011059
2017,372,8434,0,0.25820568
2017,372,8436,0,0.27021113
2017,372,8437,0,0.40075162
2017,372,8438,0,0.42520788
2017,372,8441,0,0.18824385
2017,372,8442,1,0.74931186
2017,372,8443,0,0.11931143
2017,372,8448,0,0.28500178
2017,372,8450,0,0.37633723
2017,372,8451,0,0.23758213
2017,372,8456,1,0.55995935
2017,372,8457,1,0.7534578
2017,372,8459,1,0.67715234
2017,372,8460,1,0.35323718
2017,372,8461,1,0.60584766
2017,372,8462,0,0.25906906
2017,372,8463,0,0.48452622
2017,372,8465,0,0.26700383
2017,372,8466,0,0.11767683
2017,372,8467,0,0.19432962
2017,372,8468,0,0.251286
2017,372,8470,0,0.65969753
2017,372,8471,0,0.051019557
2017,372,8472,0,0.37960708
2017,372,8473,0,0.10564577
2017,372,8474,0,0.28227618
2017,372,8475,1,0.4020004
2017,372,8477,0,0.12821877
2017,372,8478,1,0.7757504
2017,372,8479,0,0.092798054
2017,372,8480,0,0.18958141
2017,372,8481,1,0.15552047
2017,372,8484,0,0.13040264
2017,372,8485,0,0.17174518
2017,40,8401,0,0.23519328
2017,40,8402,0,0.19679326
2017,40,8403,0,0.13062526
2017,40,8404,1,0.3468975
2017,40,8405,0,0.1976781
2017,40,8406,0,0.20937599
2017,40,8407,0,0.09888089
2017,40,8408,0,0.09160565
2017,40,8409,0,0.073860414
2017,40,8411,0,0.07617906
2017,40,8412,0,0.13440643
2017,40,8413,0,0.08640226
2017,40,8414,0,0.042477176
2017,40,8415,0,0.16273105
2017,40,8416,0,0.19605926
2017,40,8417,0,0.15466385
2017,40,8418,0,0.1192166
2017,40,8419,0,0.15340468
2017,40,8420,1,0.25142378
2017,40,8421,0,0.12003867
2017,40,8422,0,0.16558151
2017,40,8423,0,0.08758304
2017,40,8424,0,0.06643818
2017,40,8425,0,0.17533891
2017,40,8426,0,0.12406999
2017,40,8427,0,0.11843923
2017,40,8428,0,0.12613088
2017,40,8429,0,0.09536572
2017,40,8430,0,0.14348745
2017,40,8431,0,0.030430356
2017,40,8432,0,0.06621402
2017,40,8433,0,0.14016095
2017,40,8434,0,0.120413825
2017,40,8435,0,0.29704103
2017,40,8436,0,0.19635975
2017,40,8437,0,0.15695618
2017,40,8438,0,0.061176274
2017,40,8439,0,0.22022092
2017,40,8440,0,0.17805794
2017,40,8441,1,0.5874252
2017,40,8442,0,0.1725936
2017,40,8443,0,0.048328787
2017,40,8444,0,0.2877842
2017,40,8445,0,0.15603435
2017,40,8446,0,0.39289963
2017,40,8448,0,0.21282418
2017,40,8449,0,0.20233867
2017,40,8450,0,0.24388766
2017,40,8451,0,0.0924796
2017,40,8452,1,0.4818714
2017,40,8453,1,0.22983219
2017,40,8454,1,0.1534422
2017,40,8455,0,0.20771737
2017,40,8456,0,0.09555285
2017,40,8457,0,0.27412057
2017,40,8458,0,0.19442712
2017,40,8459,0,0.24408449
2017,40,8460,0,0.1016611
2017,40,8461,0,0.12292888
2017,40,8462,0,0.11902938
2017,40,8463,0,0.27590322
2017,40,8464,0,0.18452337
2017,40,8465,0,0.1287062
2017,40,8466,0,0.046535403
2017,40,8467,0,0.12293992
2017,40,8468,0,0.1743729
2017,40,8470,0,0.4072475
2017,40,8471,0,0.03078868
2017,40,8472,0,0.1371838
2017,40,8473,0,0.081320405
2017,40,8474,0,0.19356042
2017,40,8475,0,0.26195002
2017,40,8476,1,0.23267734
2017,40,8477,0,0.053737745
2017,40,8478,0,0.38202482
2017,40,8479,0,0.037786596
2017,40,8480,0,0.10479218
2017,40,8481,0,0.05872241
2017,40,8482,0,0.09706588
2017,40,8483,0,0.08314779
2017,40,8484,0,0.08067697
2017,40,8485,0,0.082536735
2017,724,8401,0,0.3102996
2017,724,8402,0,0.2267161
2017,724,8403,0,0.20068254
2017,724,8404,0,0.243789
2017,724,8405,0,0.1981262
2017,724,8407,0,0.09147119
2017,724,8408,0,0.13496615
2017,724,8409,0,0.05148246
2017,724,8410,0,0.15665744
2017,724,8411,0,0.066897884
2017,724,8412,0,0.18418641
2017,724,8413,0,0.06549459
2017,724,8414,0,0.07340196
2017,724,8415,0,0.0986559
2017,724,8416,0,0.17144206
2017,724,8417,0,0.15605631
2017,724,8418,0,0.12850478
2017,724,8419,0,0.16275518
2017,724,8420,0,0.1017137
2017,724,8421,0,0.11052507
2017,724,8422,0,0.05798167
2017,724,8423,0,0.10090536
2017,724,8424,0,0.0722513
2017,724,8425,0,0.10485827
2017,724,8426,0,0.12600996
2017,724,8427,0,0.065605976
2017,724,8428,0,0.13131396
2017,724,8430,0,0.18036266
2017,724,8431,0,0.023973642
2017,724,8432,0,0.071760245
2017,724,8433,0,0.12654984
2017,724,8434,0,0.120574094
2017,724,8435,0,0.20790851
2017,724,8436,0,0.074614376
2017,724,8437,0,0.12003817
2017,724,8438,0,0.07598092
2017,724,8439,0,0.30802414
2017,724,8440,1,0.4567844
2017,724,8441,0,0.11817266
2017,724,8442,0,0.24698557
2017,724,8443,0,0.028098688
2017,724,8444,0,0.3451456
2017,724,8445,0,0.124866314
2017,724,8446,0,0.32619414
2017,724,8447,0,0.1295037
2017,724,8448,0,0.072679356
2017,724,8449,0,0.6362207
2017,724,8450,0,0.18314706
2017,724,8451,0,0.070689715
2017,724,8452,0,0.16642725
2017,724,8453,0,0.1353318
2017,724,8454,0,0.29157117
2017,724,8455,0,0.30628914
2017,724,8456,0,0.17182228
2017,724,8457,0,0.15878718
2017,724,8458,0,0.065385915
2017,724,8459,0,0.17125307
2017,724,8460,0,0.11308074
2017,724,8461,0,0.10532472
2017,724,8462,0,0.08360663
2017,724,8463,0,0.17650677
2017,724,8464,0,0.06367134
2017,724,8465,0,0.08984119
2017,724,8466,0,0.026305005
2017,724,8467,0,0.16609824
2017,724,8468,0,0.20421925
2017,724,8470,0,0.24683662
2017,724,8471,0,0.061859906
2017,724,8472,0,0.083315484
2017,724,8473,0,0.07992516
2017,724,8474,0,0.17744732
2017,724,8475,0,0.46244884
2017,724,8476,0,0.2134432
2017,724,8477,0,0.08538002
2017,724,8478,1,0.33853626
2017,724,8479,0,0.030552907
2017,724,8480,0,0.09313196
2017,724,8481,0,0.07341455
2017,724,8482,0,0.06579855
2017,724,8483,0,0.102449
2017,724,8484,0,0.096884176
2018,842,8401,0,0.2312887
2018,842,8402,0,0.20078567
2018,842,8403,0,0.09101732
2018,842,8404,1,0.1576473
2018,842,8405,0,0.22715801
2018,842,8406,0,0.10259622
2018,842,8407,0,0.09839595
2018,842,8408,0,0.39821237
2018,842,8409,0,0.09953314
2018,842,8410,1,0.19631338
2018,842,8411,0,0.102149576
2018,842,8412,0,0.06102243
2018,842,8413,0,0.15851241
2018,842,8414,0,0.12900445
2018,842,8415,0,0.14706987
2018,842,8416,0,0.20212553
2018,842,8417,0,0.12051628
2018,842,8418,0,0.15146938
2018,842,8419,0,0.20114022
2018,842,8420,1,0.16031814
2018,842,8421,0,0.109232254
2018,842,8422,0,0.073751085
2018,842,8423,0,0.19814108
2018,842,8424,0,0.11371591
2018,842,8425,0,0.12756357
2018,842,8426,0,0.13190995
2018,842,8427,0,0.07872844
2018,842,8428,0,0.19806692
2018,842,8429,0,0.061355885
2018,842,8430,0,0.09386137
2018,842,8431,0,0.056422923
2018,842,8432,0,0.1675166
2018,842,8433,0,0.08627665
2018,842,8434,0,0.15508682
2018,842,8435,1,0.23019747
2018,842,8436,0,0.089509495
2018,842,8437,0,0.36630854
2018,842,8438,0,0.08226591
2018,842,8439,0,0.16523288
2018,842,8440,0,0.1342171
2018,842,8441,0,0.13495152
2018,842,8442,0,0.36636537
2018,842,8443,0,0.025460254
2018,842,8444,0,0.16842559
2018,842,8445,0,0.1434894
2018,842,8446,0,0.32563773
2018,842,8449,0,0.21300009
2018,842,8450,0,0.1882537
2018,842,8451,0,0.14545411
2018,842,8453,0,0.14680354
2018,842,8454,0,0.10868136
2018,842,8455,0,0.14888391
2018,842,8456,1,0.08639895
2018,842,8457,0,0.12816408
2018,842,8458,0,0.11776987
2018,842,8459,0,0.13488348
2018,842,8460,0,0.06972289
2018,842,8461,1,0.10895333
2018,842,8462,0,0.06820697
2018,842,8463,0,0.1210082
2018,842,8464,0,0.108452216
2018,842,8465,0,0.11386153
2018,842,8466,0,0.02872766
2018,842,8467,0,0.19736883
2018,842,8468,0,0.15180853
2018,842,8470,0,0.2535297
2018,842,8471,0,0.02456289
2018,842,8472,0,0.08002756
2018,842,8473,0,0.061660193
2018,842,8474,0,0.16412526
2018,842,8475,0,0.16739237
2018,842,8476,0,0.12431493
2018,842,8477,0,0.080738775
2018,842,8478,0,0.30787688
2018,842,8479,0,0.049676977
2018,842,8480,0,0.14307
2018,842,8481,0,0.07720181
2018,842,8482,0,0.09350162
2018,842,8483,0,0.074840814
2018,842,8484,0,0.09060101
2018,842,8485,0,0.06521602
2018,276,8401,1,0.4840079
2018,276,8402,1,0.19968879
2018,276,8403,0,0.06276421
2018,276,8404,0,0.10083244
2018,276,8405,0,0.26856548
2018,276,8406,0,0.14745888
2018,276,8407,0,0.10177191
2018,276,8408,0,0.123201095
2018,276,8409,0,0.07163666
2018,276,8411,0,0.07154059
2018,276,8412,0,0.06410381
2018,276,8413,0,0.116182305
2018,276,8414,0,0.09766091
2018,276,8415,0,0.122416325
2018,276,8416,0,0.10201763
2018,276,8417,0,0.07700098
2018,276,8418,0,0.11717352
2018,276,8419,0,0.13068442
2018,276,8420,0,0.10084418
2018,276,8421,0,0.0630652
2018,276,8422,0,0.088877425
2018,276,8423,0,0.17054555
2018,276,8424,0,0.067380495
2018,276,8425,0,0.10588428
2018,276,8426,0,0.056539804
2018,276,8427,0,0.084764384
2018,276,8428,0,0.08147418
2018,276,8429,0,0.028065141
2018,276,8430,0,0.0688223
2018,276,8431,0,0.027954923
2018,276,8432,0,0.065460935
2018,276,8433,0,0.08412357
2018,276,8434,0,0.08233733
2018,276,8435,0,0.15312676
2018,276,8436,0,0.063918255
2018,276,8437,0,0.11123143
2018,276,8438,0,0.06683406
2018,276,8439,0,0.1265706
2018,276,8440,0,0.09928719
2018,276,8441,0,0.12209935
2018,276,8442,0,0.16064845
2018,276,8443,0,0.03709879
2018,276,8444,0,0.58686155
2018,276,8445,1,0.367287
2018,276,8446,1,0.30104145
2018,276,8447,1,0.5509675
2018,276,8448,1,0.058438193
2018,276,8449,0,0.24897592
2018,276,8450,0,0.21351913
2018,276,8451,0,0.08422884
2018,276,8452,0,0.06074881
2018,276,8453,1,0.14691311
2018,276,8454,0,0.11419385
2018,276,8455,0,0.14920194
2018,276,8456,0,0.0706919
2018,276,8457,0,0.13010669
2018,276,8458,0,0.0619015
2018,276,8459,0,0.06839184
2018,276,8460,0,0.038963497
2018,276,8461,0,0.069862634
2018,276,8462,0,0.044896703
2018,276,8463,0,0.1087963
2018,276,8464,0,0.047833543
2018,276,8465,0,0.06277017
2018,276,8466,0,0.01894807
2018,276,8467,0,0.18193904
2018,276,8468,0,0.20181398
2018,276,8470,0,0.23987423
2018,276,8471,0,0.037827622
2018,276,8472,0,0.057650335
2018,276,8473,0,0.09419056
2018,276,8474,0,0.088743836
2018,276,8475,0,0.11624397
2018,276,8476,0,0.15922439
2018,276,8477,0,0.08152061
2018,276,8478,1,0.09336881
2018,276,8479,0,0.04342423
2018,276,8480,0,0.08104388
2018,276,8481,0,0.09185642
2018,276,8482,0,0.043421943
2018,276,8483,0,0.03933244
2018,276,8484,0,0.1090848
2018,276,8485,0,0.076799974
2018,392,8401,0,0.31887352
2018,392,8402,1,0.29729742
2018,392,8403,0,0.21708202
2018,392,8404,1,0.23289584
2018,392,8406,1,0.12515925
2018,392,8407,0,0.05211826
2018,392,8408,0,0.06978699
2018,392,8409,0,0.049459368
2018,392,8411,0,0.072178535
2018,392,8412,0,0.0717685
2018,392,8413,0,0.0832914
2018,392,8414,0,0.05885251
2018,392,8415,0,0.08919849
2018,392,8416,0,0.16062066
2018,392,8417,0,0.19861592
2018,392,8418,0,0.11803451
2018,392,8419,0,0.078649916
2018,392,8420,1,0.23279235
2018,392,8421,0,0.050908774
2018,392,8422,0,0.039860185
2018,392,8423,0,0.15936282
2018,392,8424,0,0.053475846
2018,392,8425,0,0.08566671
2018,392,8426,0,0.069070585
2018,392,8427,0,0.032931212
2018,392,8428,0,0.06723384
2018,392,8429,0,0.035271097
2018,392,8430,0,0.09000234
2018,392,8431,0,0.030998828
2018,392,8432,0,0.09939896
2018,392,8433,0,0.11701457
2018,392,8434,0,0.12836714
2018,392,8435,0,0.33705622
2018,392,8437,1,0.2781305
2018,392,8438,0,0.069839284
2018,392,8439,0,0.17514041
2018,392,8440,0,0.1551731
2018,392,8441,0,0.09506171
2018,392,8442,0,0.27965713
2018,392,8443,0,0.028874377
2018,392,8444,0,0.27005303
2018,392,8445,1,0.28438744
2018,392,8446,0,0.2704226
2018,392,8447,1,0.3479247
2018,392,8448,0,0.09327722
2018,392,8449,0,0.24249962
2018,392,8450,0,0.23228133
2018,392,8451,0,0.102127664
2018,392,8452,0,0.06736183
2018,392,8453,1,0.14924316
2018,392,8454,0,0.13234596
2018,392,8455,0,0.17773905
2018,392,8456,1,0.100235805
2018,392,8457,1,0.10825138
2018,392,8458,0,0.09735699
2018,392,8459,0,0.07243685
2018,392,8460,0,0.08898201
2018,392,8461,0,0.115179576
2018,392,8462,0,0.082296684
2018,392,8463,0,0.12769772
2018,392,8464,1,0.19692305
2018,392,8465,0,0.074094184
2018,392,8466,0,0.035186872
2018,392,8467,0,0.16106227
2018,392,8468,0,0.30873713
2018,392,8470,1,0.42848957
2018,392,8471,0,0.03202536
2018,392,8472,0,0.07479038
2018,392,8473,0,0.091339216
2018,392,8474,0,0.080030374
2018,392,8475,1,0.16764139
2018,392,8476,0,0.14368135
2018,392,8477,0,0.057731356
2018,392,8478,0,0.40411508
2018,392,8479,0,0.08636518
2018,392,8480,0,0.07082347
2018,392,8481,0,0.051025458
2018,392,8482,0,0.041626796
2018,392,8483,0,0.05079677
2018,392,8484,0,0.042894255
2018,392,8485,0,0.07792579
2018,156,8401,1,0.40150255
2018,156,8402,0,0.06504692
2018,156,8403,0,0.07424554
2018,156,8404,1,0.17343278
2018,156,8405,0,0.07355315
2018,156,8407,0,0.053490464
2018,156,8408,0,0.03296523
2018,156,8409,0,0.043647975
2018,156,8411,0,0.06351323
2018,156,8412,0,0.037868828
2018,156,8413,0,0.07776793
2018,156,8414,0,0.06235027
2018,156,8415,0,0.09165236
2018,156,8416,0,0.0472688
2018,156,8417,0,0.08097319
2018,156,8418,0,0.108633935
2018,156,8419,0,0.26958972
2018,156,8420,0,0.07443062
2018,156,8421,0,0.0431364
2018,156,8422,0,0.032824207
2018,156,8423,0,0.07997824
2018,156,8424,0,0.04031711
2018,156,8425,0,0.05866293
2018,156,8426,0,0.058402117
2018,156,8427,0,0.034247123
2018,156,8428,0,0.04443603
2018,156,8431,0,0.019501265
2018,156,8432,0,0.015846625
2018,156,8433,0,0.046547182
2018,156,8434,1,0.050756
2018,156,8436,0,0.032307446
2018,156,8439,0,0.11221567
2018,156,8440,0,0.0664125
2018,156,8441,0,0.03584543
2018,156,8442,0,0.14721444
2018,156,8443,0,0.01937931
2018,156,8444,0,0.1087101
2018,156,8445,0,0.082216136
2018,156,8446,0,0.15614697
2018,156,8447,0,0.1962524
2018,156,8448,0,0.03273698
2018,156,8449,0,0.16998036
2018,156,8450,0,0.17047732
2018,156,8451,0,0.07349974
2018,156,8452,0,0.11511729
2018,156,8453,0,0.055504527
2018,156,8454,0,0.2716209
2018,156,8455,0,0.07532247
2018,156,8456,0,0.04172268
2018,156,8457,0,0.03469948
2018,156,8458,0,0.02524929
2018,156,8459,0,0.023667743
2018,156,8460,0,0.017038591
2018,156,8461,0,0.020230608
2018,156,8462,0,0.021733476
2018,156,8463,0,0.07687361
2018,156,8464,0,0.043190133
2018,156,8465,0,0.07368605
2018,156,8466,0,0.013745507
2018,156,8467,0,0.077249356
2018,156,8468,0,0.082536265
2018,156,8470,0,0.1496716
2018,156,8471,0,0.023844589
2018,156,8472,0,0.030606722
2018,156,8473,0,0.05277849
2018,156,8475,0,0.055739585
2018,156,8476,0,0.111426316
2018,156,8477,0,0.04078442
2018,156,8478,0,0.08436305
2018,156,8479,0,0.044396594
2018,156,8480,0,0.06738538
2018,156,8481,0,0.06273711
2018,156,8482,0,0.051925234
2018,156,8483,0,0.038286712
2018,156,8484,0,0.048062563
2018,380,8401,0,0.26610515
2018,380,8402,1,0.22990091
2018,380,8403,0,0.07756917
2018,380,8404,0,0.17913349
2018,380,8405,0,0.13998728
2018,380,8406,1,0.54034007
2018,380,8407,0,0.38676295
2018,380,8408,1,0.26116112
2018,380,8409,0,0.094554424
2018,380,8411,0,0.08325516
2018,380,8412,0,0.09708881
2018,380,8413,0,0.1266539
2018,380,8414,0,0.105350725
2018,380,8415,0,0.18528652
2018,380,8416,0,0.11600216
2018,380,8417,0,0.3343189
2018,380,8418,0,0.1093798
2018,380,8419,0,0.16777642
2018,380,8420,0,0.21951027
2018,380,8421,0,0.08547852
2018,380,8422,0,0.095436245
2018,380,8423,0,0.15043043
2018,380,8424,0,0.10814156
2018,380,8425,0,0.14537473
2018,380,8426,0,0.058864187
2018,380,8427,0,0.06757712
2018,380,8428,0,0.11162466
2018,380,8429,0,0.031506263
2018,380,8430,0,0.08937123
2018,380,8431,0,0.023856957
2018,380,8432,0,0.048559144
2018,380,8433,0,0.07427254
2018,380,8434,0,0.10443724
2018,380,8435,0,0.11817248
2018,380,8436,0,0.066329256
2018,380,8438,0,0.14734168
2018,380,8439,1,0.14671032
2018,380,8440,1,0.22557297
2018,380,8441,0,0.21104759
2018,380,8442,0,0.28689784
2018,380,8443,0,0.02698101
2018,380,8444,0,0.262222
2018,380,8445,0,0.25878873
2018,380,8446,1,0.2710714
2018,380,8447,0,0.57335806
2018,380,8448,1,0.081245884
2018,380,8449,0,0.37393588
2018,380,8450,0,0.23692432
2018,380,8451,0,0.2242882
2018,380,8453,1,0.08789076
2018,380,8454,0,0.1650899
2018,380,8455,0,0.09634561
2018,380,8456,0,0.0450646
2018,380,8457,0,0.059050485
2018,380,8458,0,0.088299766
2018,380,8459,0,0.09801503
2018,380,8460,0,0.04780349
2018,380,8461,0,0.068203956
2018,380,8462,0,0.056696247
2018,380,8463,0,0.068350926
2018,380,8464,0,0.09719863
2018,380,8465,0,0.078721575
2018,380,8466,0,0.03862774
2018,380,8467,0,0.18466508
2018,380,8468,0,0.2106645
2018,380,8470,0,0.25138754
2018,380,8471,0,0.04918148
2018,380,8472,0,0.12612845
2018,380,8473,0,0.08818135
2018,380,8474,0,0.39864814
2018,380,8475,0,0.4202157
2018,380,8476,0,0.12872802
2018,380,8477,0,0.09380308
2018,380,8478,0,0.14323823
2018,380,8479,0,0.063660555
2018,380,8480,1,0.10891202
2018,380,8481,0,0.09153543
2018,380,8482,0,0.08294457
2018,380,8483,0,0.11130404
2018,380,8484,0,0.09913891
2018,380,8485,0,0.0952169
2018,826,8401,1,0.66207093
2018,826,8402,0,0.10696558
2018,826,8403,0,0.21487801
2018,826,8404,0,0.12446617
2018,826,8405,0,0.1914481
2018,826,8406,0,0.16406651
2018,826,8408,0,0.65865505
2018,826,8409,0,0.07917944
2018,826,8410,1,0.38265938
2018,826,8411,0,0.081451714
2018,826,8412,0,0.10093568
2018,826,8413,0,0.13146943
2018,826,8414,0,0.108218975
2018,826,8415,0,0.11911161
2018,826,8416,0,0.12711689
2018,826,8418,0,0.15761064
2018,826,8419,0,0.15971756
2018,826,8420,1,0.18609264
2018,826,8421,0,0.103881404
2018,826,8422,0,0.0913823
2018,826,8423,0,0.1686517
2018,826,8424,0,0.10100851
2018,826,8425,0,0.23064332
2018,826,8426,0,0.076076016
2018,826,8427,0,0.10520169
2018,826,8428,0,0.123806685
2018,826,8429,0,0.021114182
2018,826,8430,0,0.04818545
2018,826,8431,0,0.02985947
2018,826,8432,0,0.03749294
2018,826,8433,0,0.15381858
2018,826,8434,0,0.21172139
2018,826,8435,1,0.47102517
2018,826,8436,0,0.113925375
2018,826,8437,0,0.08355526
2018,826,8438,0,0.052535783
2018,826,8439,0,0.14924562
2018,826,8440,0,0.19899221
2018,826,8441,1,0.13539909
2018,826,8442,0,0.27698663
2018,826,8443,1,0.038413186
2018,826,8444,1,0.36644903
2018,826,8445,1,0.19551207
2018,826,8446,1,0.87108773
2018,826,8447,0,0.6813715
2018,826,8448,0,0.08493039
2018,826,8449,1,0.58298033
2018,826,8450,0,0.17720532
2018,826,8451,0,0.1660075
2018,826,8452,0,0.12557133
2018,826,8453,0,0.14145365
2018,826,8454,0,0.19623992
2018,826,8455,0,0.19770516
2018,826,8456,0,0.11401474
2018,826,8457,1,0.2666116
2018,826,8458,0,0.14125621
2018,826,8459,0,0.1474291
2018,826,8460,0,0.060503025
2018,826,8461,0,0.18142064
2018,826,8462,0,0.06365462
2018,826,8463,0,0.13772118
2018,826,8464,0,0.13769807
2018,826,8465,1,0.22635224
2018,826,8466,0,0.046145767
2018,826,8467,0,0.13900487
2018,826,8468,0,0.22715439
2018,826,8470,0,0.410441
2018,826,8471,0,0.028076362
2018,826,8472,0,0.23350023
2018,826,8473,0,0.06846044
2018,826,8474,0,0.12073721
2018,826,8475,0,0.099586055
2018,826,8476,0,0.16111554
2018,826,8477,0,0.056996003
2018,826,8478,0,0.0948241
2018,826,8479,0,0.084197015
2018,826,8480,0,0.14944465
2018,826,8481,0,0.10888561
2018,826,8482,0,0.077932365
2018,826,8483,0,0.10567249
2018,826,8484,0,0.07319001
2018,826,8485,0,0.077739835
2018,251,8401,1,0.34845594
2018,251,8403,0,0.091288984
2018,251,8404,0,0.30352688
2018,251,8407,0,0.10870564
2018,251,8408,1,0.24673288
2018,251,8409,0,0.108023465
2018,251,8411,0,0.07031878
2018,251,8412,0,0.23504011
2018,251,8413,0,0.16264656
2018,251,8414,0,0.11673148
2018,251,8415,0,0.20427077
2018,251,8416,0,0.20655446
2018,251,8417,0,0.11685804
2018,251,8418,0,0.22589555
2018,251,8419,0,0.1650432
2018,251,8420,0,0.15042202
2018,251,8421,0,0.106359795
2018,251,8422,0,0.10606348
2018,251,8424,0,0.18353999
2018,251,8425,0,0.14916791
2018,251,8426,0,0.14032654
2018,251,8427,0,0.068385825
2018,251,8428,0,0.18995728
2018,251,8429,0,0.042242706
2018,251,8430,0,0.11281285
2018,251,8431,0,0.027169483
2018,251,8432,0,0.036327414
2018,251,8433,0,0.15032025
2018,251,8434,1,0.25966206
2018,251,8435,0,0.16890438
2018,251,8436,0,0.10396069
2018,251,8438,0,0.09652236
2018,251,8439,0,0.13013445
2018,251,8440,0,0.45542717
2018,251,8441,0,0.18245098
2018,251,8442,0,0.31925792
2018,251,8443,0,0.028814297
2018,251,8444,1,0.5394954
2018,251,8445,0,0.3983995
2018,251,8446,1,0.6194301
2018,251,8447,1,0.43501702
2018,251,8448,1,0.1835261
2018,251,8449,0,0.31032175
2018,251,8450,1,0.3546414
2018,251,8451,1,0.2504467
2018,251,8453,0,0.20133689
2018,251,8454,0,0.4296419
2018,251,8455,0,0.1490822
2018,251,8456,0,0.15277432
2018,251,8457,0,0.0832833
2018,251,8458,0,0.17681885
2018,251,8459,0,0.15938292
2018,251,8460,0,0.2471498
2018,251,8461,0,0.14616454
2018,251,8462,0,0.17186278
2018,251,8463,0,0.21188486
2018,251,8464,0,0.28440288
2018,251,8465,0,0.20434682
2018,251,8466,0,0.030424556
2018,251,8467,0,0.28094235
2018,251,8468,0,0.30218136
2018,251,8470,0,0.33611926
2018,251,8471,0,0.022892997
2018,251,8472,0,0.1647574
2018,251,8473,0,0.090229645
2018,251,8475,0,0.17789994
2018,251,8476,0,0.15204167
2018,251,8477,0,0.11339947
2018,251,8478,1,0.37868062
2018,251,8479,0,0.10394661
2018,251,8480,0,0.16019912
2018,251,8481,0,0.11049157
2018,251,8482,0,0.10353548
2018,251,8483,0,0.112761006
2018,251,8484,0,0.14395589
2018,251,8485,0,0.1511229
2018,490,8401,0,0.81616
2018,490,8402,0,0.13907155
2018,490,8403,0,0.1782913
2018,490,8404,0,0.17431188
2018,490,8405,0,0.38865405
2018,490,8406,1,0.32975176
2018,490,8407,1,0.19749963
2018,490,8408,0,0.14248851
2018,490,8409,0,0.09896901
2018,490,8410,0,0.52220094
2018,490,8411,1,0.116723426
2018,490,8412,0,0.07091829
2018,490,8413,0,0.0974784
2018,490,8414,0,0.07776234
2018,490,8415,0,0.13546507
2018,490,8416,0,0.25735283
2018,490,8417,0,0.18509932
2018,490,8418,0,0.098689206
2018,490,8419,0,0.070644766
2018,490,8420,0,0.21048827
2018,490,8421,0,0.06708121
2018,490,8422,0,0.04965623
2018,490,8423,0,0.16441795
2018,490,8424,0,0.06880459
2018,490,8425,0,0.14313073
2018,490,8426,0,0.076054364
2018,490,8427,0,0.11861365
2018,490,8428,1,0.08097048
2018,490,8429,1,0.2726359
2018,490,8430,1,0.15543643
2018,490,8431,0,0.051571213
2018,490,8432,0,0.1231353
2018,490,8433,0,0.11481281
2018,490,8434,0,0.23630664
2018,490,8435,0,0.15698755
2018,490,8436,0,0.059350222
2018,490,8437,1,0.12653299
2018,490,8438,0,0.051823158
2018,490,8439,0,0.1043007
2018,490,8440,0,0.25715455
2018,490,8441,0,0.08148613
2018,490,8442,1,0.22765703
2018,490,8443,0,0.04225797
2018,490,8444,1,0.28671387
2018,490,8445,0,0.15892509
2018,490,8446,1,0.38587147
2018,490,8447,1,0.15950039
2018,490,8448,0,0.114700295
2018,490,8449,0,0.29308784
2018,490,8450,0,0.2658541
2018,490,8451,1,0.09471318
2018,490,8452,0,0.06472941
2018,490,8453,0,0.13456255
2018,490,8454,0,0.1566518
2018,490,8455,0,0.102661654
2018,490,8456,0,0.10752313
2018,490,8457,1,0.102661416
2018,490,8458,0,0.08841186
2018,490,8459,1,0.15168479
2018,490,8460,0,0.07512071
2018,490,8461,0,0.08129018
2018,490,8462,0,0.060742885
2018,490,8463,1,0.070066914
2018,490,8464,1,0.24888101
2018,490,8465,0,0.065253414
2018,490,8466,1,0.045717333
2018,490,8467,0,0.198385
2018,490,8468,0,0.34488228
2018,490,8470,1,0.28884405
2018,490,8471,0,0.058095094
2018,490,8472,1,0.10746253
2018,490,8473,0,0.10947115
2018,490,8474,0,0.07583392
2018,490,8475,0,0.29755887
2018,490,8476,0,0.1340071
2018,490,8477,0,0.052978124
2018,490,8478,0,0.26662177
2018,490,8479,0,0.12688158
2018,490,8480,0,0.046146568
2018,490,8481,0,0.0703262
2018,490,8482,0,0.055056643
2018,490,8483,0,0.057268623
2018,490,8484,0,0.076459706
2018,490,8485,0,0.07604623
2018,702,8402,1,0.240126
2018,702,8405,0,0.58731997
2018,702,8406,1,0.58986413
2018,702,8407,0,0.29270595
2018,702,8408,1,0.33572266
2018,702,8409,0,0.038342644
2018,702,8411,0,0.1558438
2018,702,8412,0,0.053461738
2018,702,8413,0,0.069038376
2018,702,8414,0,0.06431031
2018,702,8416,0,0.40565217
2018,702,8418,0,0.13404539
2018,702,8419,0,0.11611902
2018,702,8420,0,0.20728803
2018,702,8421,0,0.0462045
2018,702,8422,0,0.059450362
2018,702,8423,1,0.16795982
2018,702,8424,0,0.0706194
2018,702,8425,0,0.1283528
2018,702,8427,0,0.1344341
2018,702,8428,0,0.09701338
2018,702,8430,1,0.4702584
2018,702,8431,0,0.052264042
2018,702,8432,0,0.2208049
2018,702,8433,1,0.4519286
2018,702,8434,1,0.3168127
2018,702,8435,1,0.39265943
2018,702,8436,0,0.11439486
2018,702,8437,0,0.20006284
2018,702,8438,0,0.120888226
2018,702,8439,0,0.26672095
2018,702,8440,1,0.671463
2018,702,8441,0,0.08788164
2018,702,8442,1,0.4843622
2018,702,8443,0,0.053262133
2018,702,8445,1,0.26717037
2018,702,8446,1,0.7005581
2018,702,8448,0,0.1832051
2018,702,8449,1,0.48788154
2018,702,8451,0,0.20586662
2018,702,8452,0,0.18083686
2018,702,8453,0,0.20636415
2018,702,8454,1,0.65599
2018,702,8455,0,0.14408262
2018,702,8456,1,0.08944772
2018,702,8457,0,0.31958583
2018,702,8458,0,0.24727052
2018,702,8459,0,0.12827593
2018,702,8460,0,0.19048254
2018,702,8461,0,0.15788387
2018,702,8462,0,0.30887333
2018,702,8463,1,0.5785803
2018,702,8464,0,0.24497321
2018,702,8465,0,0.09981085
2018,702,8466,0,0.1182233
2018,702,8467,0,0.1696407
2018,702,8468,0,0.28814897
2018,702,8470,0,0.1873155
2018,702,8471,1,0.03418176
2018,702,8473,0,0.054284737
2018,702,8474,1,0.097310156
2018,702,8475,1,0.3760432
2018,702,8476,0,0.4030757
2018,702,8477,0,0.11019404
2018,702,8479,0,0.1016903
2018,702,8480,1,0.12899251
2018,702,8481,0,0.051327802
2018,702,8482,0,0.050073043
2018,702,8483,0,0.037500262
2018,702,8484,0,0.09275635
2018,528,8401,0,0.27456394
2018,528,8403,0,0.088631146
2018,528,8404,0,0.13425545
2018,528,8405,0,0.1782862
2018,528,8407,1,0.18235509
2018,528,8408,0,0.17655525
2018,528,8409,0,0.09475674
2018,528,8410,0,0.18971547
2018,528,8411,0,0.11711934
2018,528,8412,0,0.073776536
2018,528,8413,0,0.13074408
2018,528,8414,0,0.19589761
2018,528,8415,0,0.20634529
2018,528,8416,1,0.14608654
2018,528,8417,1,0.3913438
2018,528,8418,0,0.17655621
2018,528,8419,0,0.119801015
2018,528,8420,0,0.24426602
2018,528,8421,0,0.0856522
2018,528,8422,0,0.090414435
2018,528,8423,0,0.24176691
2018,528,8424,0,0.19925125
2018,528,8425,0,0.13448669
2018,528,8426,0,0.08243681
2018,528,8427,0,0.09923505
2018,528,8428,0,0.14272046
2018,528,8429,0,0.048905224
2018,528,8430,0,0.08880775
2018,528,8431,0,0.023865435
2018,528,8432,0,0.05966228
2018,528,8433,0,0.109943725
2018,528,8434,0,0.108817816
2018,528,8435,0,0.14789096
2018,528,8436,0,0.091108434
2018,528,8437,1,0.23490116
2018,528,8438,0,0.06805625
2018,528,8439,0,0.15423378
2018,528,8440,0,0.18420726
2018,528,8441,0,0.15170935
2018,528,8442,0,0.26183352
2018,528,8443,0,0.048669882
2018,528,8444,1,0.6503041
2018,528,8445,1,0.6896799
2018,528,8446,0,0.4238671
2018,528,8447,0,0.2424581
2018,528,8448,1,0.26547983
2018,528,8449,0,0.3608205
2018,528,8450,0,0.30319706
2018,528,8451,0,0.15708494
2018,528,8452,0,0.2617555
2018,528,8453,1,0.27819887
2018,528,8454,1,0.14340572
2018,528,8455,0,0.17419583
2018,528,8456,0,0.074655116
2018,528,8457,0,0.20260072
2018,528,8458,0,0.21890642
2018,528,8459,0,0.15177786
2018,528,8460,0,0.10991569
2018,528,8461,0,0.15438211
2018,528,8462,0,0.11806601
2018,528,8463,0,0.1571259
2018,528,8464,0,0.23153791
2018,528,8465,1,0.16888453
2018,528,8466,0,0.06622038
2018,528,8467,1,0.20211805
2018,528,8468,0,0.24556117
2018,528,8470,0,0.32006878
2018,528,8471,0,0.027692601
2018,528,8472,0,0.12312681
2018,528,8473,0,0.15956679
2018,528,8474,0,0.1568487
2018,528,8475,0,0.14412482
2018,528,8476,0,0.39132506
2018,528,8477,0,0.09840045
2018,528,8478,0,0.08171487
2018,528,8479,0,0.120464385
2018,528,8480,0,0.14406984
2018,528,8481,0,0.09159039
2018,528,8482,0,0.13603406
2018,528,8483,0,0.0982587
2018,528,8484,0,0.121203095
2018,528,8485,0,0.09726078
2018,410,8401,1,0.30355948
2018,410,8402,0,0.20364282
2018,410,8403,0,0.06419771
2018,410,8404,0,0.14395733
2018,410,8405,1,0.15689467
2018,410,8406,1,0.5168045
2018,410,8407,0,0.13332498
2018,410,8408,0,0.07247366
2018,410,8409,0,0.04117617
2018,410,8410,1,0.65798795
2018,410,8411,0,0.08399843
2018,410,8412,0,0.056829378
2018,410,8413,0,0.06534869
2018,410,8414,0,0.068822
2018,410,8415,0,0.115607604
2018,410,8416,0,0.15598671
2018,410,8417,0,0.22326392
2018,410,8418,0,0.14143126
2018,410,8419,0,0.10471189
2018,410,8420,1,0.3821949
2018,410,8421,0,0.041847646
2018,410,8422,0,0.056585032
2018,410,8423,0,0.20386921
2018,410,8424,0,0.081513025
2018,410,8425,0,0.11322475
2018,410,8426,0,0.08958132
2018,410,8427,0,0.09582361
2018,410,8428,0,0.05175986
2018,410,8429,0,0.039258204
2018,410,8431,0,0.024168342
2018,410,8432,0,0.10742092
2018,410,8433,0,0.101486936
2018,410,8435,0,0.138489
2018,410,8436,1,0.5682207
2018,410,8437,0,0.13309225
2018,410,8438,0,0.055831097
2018,410,8439,0,0.1775483
2018,410,8440,1,0.27368107
2018,410,8441,0,0.056295417
2018,410,8442,0,0.25457355
2018,410,8443,0,0.032372694
2018,410,8444,0,0.2895236
2018,410,8445,1,0.30356535
2018,410,8446,1,0.2268943
2018,410,8447,1,0.2531759
2018,410,8448,0,0.22969167
2018,410,8449,1,0.34515828
2018,410,8450,0,0.112639055
2018,410,8451,0,0.09506208
2018,410,8452,0,0.1526111
2018,410,8453,0,0.17108001
2018,410,8454,0,0.259041
2018,410,8455,0,0.1900866
2018,410,8456,0,0.108011216
2018,410,8457,0,0.11416902
2018,410,8458,0,0.13217345
2018,410,8459,0,0.14190097
2018,410,8460,0,0.16108572
2018,410,8461,0,0.1568371
2018,410,8462,0,0.07454097
2018,410,8463,0,0.107753895
2018,410,8464,0,0.22296773
2018,410,8465,0,0.08721253
2018,410,8466,0,0.046269875
2018,410,8467,1,0.12631097
2018,410,8468,0,0.2239655
2018,410,8470,0,0.68629754
2018,410,8471,0,0.05511225
2018,410,8472,0,0.13568997
2018,410,8473,0,0.12439439
2018,410,8474,0,0.09418659
2018,410,8475,1,0.23903069
2018,410,8476,0,0.13715322
2018,410,8477,0,0.063644744
2018,410,8478,1,0.3272236
2018,410,8479,0,0.10502986
2018,410,8480,0,0.050985318
2018,410,8481,0,0.044950113
2018,410,8482,0,0.079184785
2018,410,8483,0,0.048687447
2018,410,8484,0,0.057793677
2018,410,8485,0,0.06453597
2018,458,8404,0,0.1387667
2018,458,8405,0,0.21315078
2018,458,8406,1,0.2973593
2018,458,8407,0,0.1512125
2018,458,8409,0,0.29447708
2018,458,8411,0,0.26644608
2018,458,8412,0,0.1217913
2018,458,8413,0,0.12729613
2018,458,8414,0,0.06575337
2018,458,8415,0,0.079086274
2018,458,8416,1,0.35468838
2018,458,8417,0,0.24632156
2018,458,8418,0,0.11910317
2018,458,8419,0,0.17116795
2018,458,8420,1,0.6756185
2018,458,8421,0,0.10803252
2018,458,8422,1,0.19608945
2018,458,8423,1,0.3632792
2018,458,8424,0,0.0760824
2018,458,8426,0,0.1551526
2018,458,8427,0,0.3129966
2018,458,8428,0,0.067198016
2018,458,8430,1,0.4634725
2018,458,8431,0,0.09184539
2018,458,8434,1,0.6660477
2018,458,8436,0,0.10681854
2018,458,8437,0,0.37762702
2018,458,8438,0,0.09113598
2018,458,8439,0,0.15959594
2018,458,8441,0,0.23043305
2018,458,8442,0,0.33800015
2018,458,8443,0,0.08952596
2018,458,8445,1,0.6142317
2018,458,8447,1,0.61681795
2018,458,8448,1,0.15016657
2018,458,8451,0,0.3942635
2018,458,8452,0,0.22365145
2018,458,8454,1,0.24130487
2018,458,8455,0,0.2171025
2018,458,8456,1,0.112081096
2018,458,8458,0,0.2606067
2018,458,8459,0,0.22482538
2018,458,8460,0,0.2872052
2018,458,8462,1,0.1884341
2018,458,8463,0,0.17382985
2018,458,8464,0,0.18664414
2018,458,8465,1,0.23932889
2018,458,8466,1,0.13973078
2018,458,8468,0,0.36334923
2018,458,8470,1,0.23027933
2018,458,8471,0,0.036812253
2018,458,8472,1,0.15395537
2018,458,8473,1,0.09363031
2018,458,8474,0,0.13698463
2018,458,8475,0,0.25418222
2018,458,8476,0,0.17357825
2018,458,8477,0,0.19093886
2018,458,8478,1,0.18160549
2018,458,8479,0,0.10553259
2018,458,8480,1,0.20465322
2018,458,8481,0,0.10785764
2018,458,8482,0,0.098587744
2018,458,8484,0,0.096536286
2018,458,8485,1,0.2993424
2018,124,8401,1,0.57730174
2018,124,8402,1,0.19263014
2018,124,8403,0,0.11751204
2018,124,8404,0,0.2737202
2018,124,8405,1,0.39425462
2018,124,8406,1,0.28538725
2018,124,8407,0,0.09540562
2018,124,8408,0,0.17281915
2018,124,8409,0,0.08055617
2018,124,8410,0,0.3313704
2018,124,8411,0,0.056293253
2018,124,8412,0,0.07325947
2018,124,8413,0,0.15273292
2018,124,8414,0,0.1541869
2018,124,8415,0,0.119510494
2018,124,8416,0,0.16589792
2018,124,8417,0,0.15020242
2018,124,8418,0,0.13031012
2018,124,8419,0,0.14291105
2018,124,8420,0,0.24642186
2018,124,8421,0,0.12036802
2018,124,8422,0,0.11657506
2018,124,8423,0,0.18222812
2018,124,8424,0,0.1759417
2018,124,8425,0,0.17200017
2018,124,8426,0,0.10026301
2018,124,8427,0,0.09400139
2018,124,8428,0,0.12407815
2018,124,8429,0,0.21084288
2018,124,8430,0,0.13122325
2018,124,8431,0,0.04369131
2018,124,8432,0,0.08984125
2018,124,8433,0,0.07991181
2018,124,8434,0,0.6918282
2018,124,8436,0,0.079751946
2018,124,8437,0,0.29372805
2018,124,8438,0,0.086388655
2018,124,8439,0,0.1397416
2018,124,8440,1,0.33473432
2018,124,8441,0,0.13474157
2018,124,8442,0,0.28340375
2018,124,8443,1,0.0745794
2018,124,8445,1,0.5601171
2018,124,8447,0,0.5335964
2018,124,8448,1,0.2722144
2018,124,8451,0,0.26519835
2018,124,8452,1,0.39301556
2018,124,8453,0,0.22408125
2018,124,8454,0,0.1416505
2018,124,8455,0,0.27657768
2018,124,8456,1,0.14695066
2018,124,8457,1,0.15225777
2018,124,8458,0,0.32952282
2018,124,8459,0,0.14899887
2018,124,8460,0,0.10609377
2018,124,8461,0,0.19532621
2018,124,8462,0,0.12161021
2018,124,8463,1,0.1567218
2018,124,8464,0,0.13369921
2018,124,8465,0,0.09957301
2018,124,8466,0,0.051245946
2018,124,8467,0,0.21088341
2018,124,8468,0,0.28807533
2018,124,8470,0,0.31283665
2018,124,8471,0,0.058411647
2018,124,8472,0,0.26145607
2018,124,8473,0,0.095978126
2018,124,8474,0,0.14581959
2018,124,8475,1,0.38923877
2018,124,8476,0,0.16936724
2018,124,8477,0,0.15244144
2018,124,8479,0,0.09302441
2018,124,8480,0,0.097164825
2018,124,8481,0,0.12407783
2018,124,8482,0,0.08467972
2018,124,8483,0,0.10905196
2018,124,8484,0,0.13135624
2018,124,8485,0,0.5239965
2018,484,8402,0,0.42330927
2018,484,8403,0,0.2697142
2018,484,8404,0,0.3745684
2018,484,8405,0,0.38538036
2018,484,8406,0,0.3205937
2018,484,8407,0,0.11788354
2018,484,8408,0,0.09265248
2018,484,8409,0,0.08325731
2018,484,8411,0,0.08610208
2018,484,8412,0,0.0831592
2018,484,8413,0,0.14191791
2018,484,8414,0,0.1159166
2018,484,8415,0,0.103278585
2018,484,8416,0,0.20815876
2018,484,8417,0,0.46800497
2018,484,8418,0,0.1324393
2018,484,8419,0,0.14098288
2018,484,8420,0,0.3714678
2018,484,8421,0,0.086178854
2018,484,8422,0,0.1645375
2018,484,8423,0,0.16460814
2018,484,8424,0,0.121236324
2018,484,8425,0,0.13971777
2018,484,8426,1,0.20314644
2018,484,8427,0,0.22706217
2018,484,8428,0,0.11444533
2018,484,8429,1,0.20678811
2018,484,8430,1,0.45989156
2018,484,8431,0,0.062486645
2018,484,8432,1,0.352911
2018,484,8433,0,0.08838529
2018,484,8434,0,0.28927448
2018,484,8436,0,0.16857825
2018,484,8437,0,0.17467213
2018,484,8438,0,0.1316059
2018,484,8439,1,0.39786652
2018,484,8441,0,0.19047596
2018,484,8442,0,0.46097356
2018,484,8443,0,0.08880846
2018,484,8450,0,0.2769448
2018,484,8451,0,0.21211189
2018,484,8452,0,0.45775482
2018,484,8453,0,0.5314831
2018,484,8454,1,0.55851156
2018,484,8455,0,0.47630006
2018,484,8456,0,0.32608736
2018,484,8457,0,0.17408903
2018,484,8458,1,0.7255003
2018,484,8459,0,0.27260548
2018,484,8460,0,0.16310343
2018,484,8461,0,0.39433366
2018,484,8462,1,0.50393933
2018,484,8463,0,0.24503888
2018,484,8465,1,0.14284784
2018,484,8466,0,0.076934434
2018,484,8467,0,0.14545126
2018,484,8468,0,0.33746904
2018,484,8470,0,0.694513
2018,484,8471,0,0.11418372
2018,484,8472,0,0.4884975
2018,484,8473,0,0.19566181
2018,484,8474,0,0.17905661
2018,484,8475,0,0.37877867
2018,484,8476,1,0.15380892
2018,484,8477,0,0.1415034
2018,484,8479,0,0.11462122
2018,484,8480,0,0.16771688
2018,484,8481,0,0.09407392
2018,484,8482,0,0.09060875
2018,484,8483,0,0.08474497
2018,484,8484,0,0.12864219
2018,484,8485,0,0.07732434
2018,757,8402,0,0.49307296
2018,757,8403,0,0.13705234
2018,757,8404,0,0.6970292
2018,757,8405,0,0.1977288
2018,757,8406,1,0.32955188
2018,757,8407,1,0.34172782
2018,757,8408,1,0.506693
2018,757,8409,0,0.12920485
2018,757,8411,0,0.15087017
2018,757,8412,0,0.12474194
2018,757,8413,0,0.1821337
2018,757,8414,0,0.117638186
2018,757,8415,0,0.2315413
2018,757,8416,1,0.30636615
2018,757,8417,0,0.49582833
2018,757,8418,0,0.24878977
2018,757,8419,0,0.14246872
2018,757,8420,1,0.25007424
2018,757,8421,0,0.11853658
2018,757,8422,0,0.09759907
2018,757,8423,1,0.2086543
2018,757,8424,0,0.16719028
2018,757,8425,0,0.24537885
2018,757,8426,1,0.19004747
2018,757,8427,1,0.14967045
2018,757,8428,0,0.11578691
2018,757,8429,0,0.098535605
2018,757,8430,0,0.25581452
2018,757,8431,0,0.03646705
2018,757,8432,1,0.102186725
2018,757,8433,0,0.29382432
2018,757,8434,0,0.37956953
2018,757,8435,0,0.2704507
2018,757,8436,0,0.22500327
2018,757,8437,0,0.37360373
2018,757,8438,0,0.17740253
2018,757,8439,0,0.15334179
2018,757,8440,0,0.17786105
2018,757,8441,0,0.10808555
2018,757,8442,0,0.31494102
2018,757,8443,0,0.0726792
2018,757,8444,1,0.41605008
2018,757,8445,1,0.39951897
2018,757,8446,1,0.24992159
2018,757,8447,1,0.5240291
2018,757,8448,1,0.06239009
2018,757,8449,1,0.6021397
2018,757,8450,0,0.36755654
2018,757,8451,0,0.15644664
2018,757,8452,1,0.30605116
2018,757,8453,1,0.3349209
2018,757,8454,0,0.17177315
2018,757,8455,0,0.39644507
2018,757,8456,1,0.09156731
2018,757,8457,1,0.11961479
2018,757,8458,0,0.18243265
2018,757,8459,1,0.106831536
2018,757,8460,0,0.12091403
2018,757,8461,0,0.16946663
2018,757,8462,0,0.090220526
2018,757,8463,0,0.10966191
2018,757,8464,0,0.12665796
2018,757,8465,0,0.13549589
2018,757,8466,0,0.025724975
2018,757,8467,0,0.25701967
2018,757,8468,0,0.26697236
2018,757,8470,0,0.29137108
2018,757,8471,0,0.036652297
2018,757,8472,0,0.14868626
2018,757,8473,0,0.13122013
2018,757,8474,0,0.17258322
2018,757,8475,1,0.17346825
2018,757,8476,1,0.20058024
2018,757,8477,0,0.10981917
2018,757,8478,1,0.7498798
2018,757,8479,0,0.112059005
2018,757,8480,0,0.114773326
2018,757,8481,0,0.19228995
2018,757,8482,0,0.1453521
2018,757,8483,0,0.12815525
2018,757,8484,0,0.11370973
2018,757,8485,0,0.25985983
2018,764,8403,0,0.25172374
2018,764,8405,0,0.31093302
2018,764,8406,0,0.30762425
2018,764,8407,0,0.15510866
2018,764,8408,1,0.6453486
2018,764,8409,0,0.096845694
2018,764,8411,0,0.113710694
2018,764,8412,0,0.07214321
2018,764,8413,0,0.22355238
2018,764,8414,0,0.060895998
2018,764,8415,0,0.07702756
2018,764,8416,0,0.5089229
2018,764,8417,0,0.221526
2018,764,8418,0,0.073344484
2018,764,8419,0,0.24143437
2018,764,8420,1,0.18832554
2018,764,8421,0,0.113248974
2018,764,8422,0,0.056122623
2018,764,8423,0,0.13810556
2018,764,8424,0,0.20353788
2018,764,8427,0,0.12668645
2018,764,8428,0,0.078173056
2018,764,8429,1,0.21632835
2018,764,8430,0,0.28347504
2018,764,8431,0,0.039692458
2018,764,8434,0,0.2784076
2018,764,8435,0,0.73304313
2018,764,8437,1,0.17034225
2018,764,8438,0,0.16172276
2018,764,8439,1,0.13731843
2018,764,8441,0,0.14766581
2018,764,8442,0,0.36988467
2018,764,8443,0,0.08521004
2018,764,8445,0,0.37817213
2018,764,8446,0,0.5328803
2018,764,8447,0,0.3446978
2018,764,8448,1,0.16116987
2018,764,8450,0,0.07237882
2018,764,8451,1,0.13540348
2018,764,8452,0,0.1343983
2018,764,8453,1,0.14517333
2018,764,8455,0,0.14170305
2018,764,8456,1,0.122426055
2018,764,8457,0,0.16973267
2018,764,8458,0,0.30822784
2018,764,8459,0,0.14166991
2018,764,8460,1,0.2493163
2018,764,8461,0,0.13873042
2018,764,8462,0,0.09052017
2018,764,8464,0,0.5917163
2018,764,8466,0,0.091913134
2018,764,8467,0,0.18038599
2018,764,8468,0,0.27198234
2018,764,8470,0,0.22960964
2018,764,8471,0,0.1900485
2018,764,8472,0,0.2068067
2018,764,8473,0,0.123468325
2018,764,8475,1,0.5529203
2018,764,8476,0,0.32349408
2018,764,8477,0,0.08794753
2018,764,8479,0,0.068367176
2018,764,8480,0,0.1259567
2018,764,8481,0,0.047011144
2018,764,8482,0,0.060535915
2018,764,8483,0,0.06990554
2018,764,8484,0,0.06751209
2018,764,8485,0,0.089188404
2018,752,8401,0,0.36299348
2018,752,8402,0,0.2418002
2018,752,8403,0,0.16236696
2018,752,8404,0,0.17836466
2018,752,8405,1,0.7843823
2018,752,8406,0,0.5942929
2018,752,8407,0,0.24794775
2018,752,8408,0,0.33760485
2018,752,8409,0,0.22157271
2018,752,8410,1,0.32325137
2018,752,8412,0,0.07884301
2018,752,8413,0,0.17422529
2018,752,8414,0,0.1868466
2018,752,8415,0,0.26740867
2018,752,8416,1,0.2964149
2018,752,8417,1,0.19069375
2018,752,8418,0,0.24503544
2018,752,8419,0,0.13274528
2018,752,8420,0,0.5389951
2018,752,8421,0,0.12963799
2018,752,8422,0,0.08968656
2018,752,8423,0,0.3051602
2018,752,8424,0,0.14158091
2018,752,8425,0,0.21989451
2018,752,8426,0,0.084812246
2018,752,8427,0,0.07880593
2018,752,8428,0,0.1452235
2018,752,8429,0,0.040462226
2018,752,8430,0,0.14908464
2018,752,8431,0,0.034738854
2018,752,8432,0,0.10613095
2018,752,8433,0,0.15146898
2018,752,8434,0,0.13280535
2018,752,8435,0,0.43816787
2018,752,8436,0,0.2897761
2018,752,8437,0,0.2272169
2018,752,8438,0,0.081245854
2018,752,8439,0,0.1466625
2018,752,8440,0,0.40268716
2018,752,8441,0,0.12023818
2018,752,8442,1,0.46451625
2018,752,8443,0,0.059790194
2018,752,8446,0,0.66768205
2018,752,8447,1,0.7633002
2018,752,8448,1,0.21510027
2018,752,8449,0,0.6071852
2018,752,8450,0,0.31079012
2018,752,8451,0,0.28095174
2018,752,8452,0,0.24447939
2018,752,8453,1,0.2912134
2018,752,8454,0,0.3582662
2018,752,8455,0,0.220423
2018,752,8456,0,0.107718416
2018,752,8457,0,0.46539268
2018,752,8458,0,0.40991616
2018,752,8459,0,0.44927907
2018,752,8460,0,0.14371166
2018,752,8461,1,0.21229517
2018,752,8462,0,0.10653983
2018,752,8463,0,0.22826587
2018,752,8464,0,0.25361082
2018,752,8465,0,0.23850717
2018,752,8466,0,0.04795829
2018,752,8467,0,0.24657401
2018,752,8468,0,0.26971343
2018,752,8470,1,0.41834337
2018,752,8471,0,0.076537475
2018,752,8472,1,0.11747866
2018,752,8473,1,0.20334034
2018,752,8474,0,0.14666662
2018,752,8475,0,0.38589638
2018,752,8476,0,0.28781995
2018,752,8477,0,0.17279245
2018,752,8478,1,0.7762427
2018,752,8479,0,0.1169652
2018,752,8480,0,0.18116313
2018,752,8481,0,0.14394428
2018,752,8482,0,0.06200597
2018,752,8483,0,0.12421605
2018,752,8484,0,0.096333615
2018,752,8485,0,0.10679965
2018,372,8402,1,0.74164754
2018,372,8403,0,0.24424236
2018,372,8406,1,0.5415833
2018,372,8409,0,0.19122174
2018,372,8411,0,0.2085097
2018,372,8412,0,0.33906582
2018,372,8413,0,0.3160808
2018,372,8414,0,0.20419985
2018,372,8415,0,0.2472688
2018,372,8418,0,0.2217365
2018,372,8419,0,0.22197537
2018,372,8421,0,0.14858973
2018,372,8422,0,0.26821494
2018,372,8423,0,0.45344508
2018,372,8424,0,0.29914036
2018,372,8425,0,0.3245601
2018,372,8426,1,0.514147
2018,372,8427,0,0.1812202
2018,372,8428,0,0.20683666
2018,372,8429,1,0.23842435
2018,372,8430,1,0.26183134
2018,372,8431,0,0.074551776
2018,372,8432,0,0.1997587
2018,372,8433,0,0.16398856
2018,372,8434,1,0.2606415
2018,372,8436,0,0.22410187
2018,372,8437,1,0.37285993
2018,372,8438,0,0.27279234
2018,372,8441,0,0.32098114
2018,372,8443,0,0.13415106
2018,372,8448,0,0.21610887
2018,372,8450,0,0.43275684
2018,372,8451,1,0.2739542
2018,372,8456,0,0.4362621
2018,372,8457,1,0.48051447
2018,372,8462,1,0.258944
2018,372,8463,0,0.20577365
2018,372,8465,1,0.20895906
2018,372,8466,0,0.16856293
2018,372,8467,0,0.36417672
2018,372,8468,0,0.3629083
2018,372,8470,0,0.41722047
2018,372,8471,0,0.05362909
2018,372,8472,1,0.42431056
2018,372,8473,0,0.13557288
2018,372,8474,0,0.23959313
2018,372,8475,0,0.33514193
2018,372,8477,0,0.1724339
2018,372,8479,0,0.17028038
2018,372,8480,0,0.27376923
2018,372,8481,0,0.19189844
2018,372,8482,0,0.23696643
2018,372,8483,0,0.26463506
2018,372,8484,0,0.12077099
2018,372,8485,0,0.2594161
2018,40,8401,0,0.4861419
2018,40,8402,1,0.546144
2018,40,8403,0,0.09822013
2018,40,8404,0,0.16459307
2018,40,8405,0,0.5686511
2018,40,8406,0,0.28952482
2018,40,8407,0,0.11962035
2018,40,8408,0,0.17850977
2018,40,8409,0,0.12055447
2018,40,8411,0,0.110449366
2018,40,8412,0,0.115225144
2018,40,8413,0,0.14328216
2018,40,8414,0,0.15357791
2018,40,8415,0,0.25725567
2018,40,8416,1,0.2819606
2018,40,8417,0,0.25078157
2018,40,8418,0,0.23265903
2018,40,8419,0,0.13973956
2018,40,8420,0,0.14931898
2018,40,8421,0,0.16315925
2018,40,8422,0,0.17321825
2018,40,8423,0,0.19399267
2018,40,8424,0,0.16729566
2018,40,8425,0,0.1717111
2018,40,8426,0,0.10158009
2018,40,8427,0,0.40556386
2018,40,8428,0,0.12444613
2018,40,8429,0,0.12798953
2018,40,8430,0,0.15898459
2018,40,8431,0,0.035086498
2018,40,8432,0,0.074204914
2018,40,8433,0,0.15289062
2018,40,8435,0,0.27915764
2018,40,8436,0,0.13177595
2018,40,8438,0,0.10115234
2018,40,8439,0,0.15018557
2018,40,8440,0,0.20027518
2018,40,8441,0,0.13975759
2018,40,8442,1,0.35353634
2018,40,8443,0,0.057226636
2018,40,8444,1,0.81086934
2018,40,8445,0,0.3299954
2018,40,8446,0,0.3337135
2018,40,8447,0,0.20939772
2018,40,8448,0,0.16986357
2018,40,8449,0,0.3257688
2018,40,8450,0,0.34229687
2018,40,8451,0,0.17707098
2018,40,8453,0,0.43250868
2018,40,8454,0,0.155429
2018,40,8455,0,0.1822449
2018,40,8456,0,0.07006602
2018,40,8457,0,0.23478267
2018,40,8458,0,0.1249089
2018,40,8459,0,0.101763114
2018,40,8460,1,0.13200355
2018,40,8461,0,0.22268808
2018,40,8462,0,0.16047685
2018,40,8463,1,0.13451287
2018,40,8464,0,0.21452783
2018,40,8465,0,0.12513007
2018,40,8466,0,0.07084499
2018,40,8467,0,0.2723764
2018,40,8468,0,0.26484182
2018,40,8470,1,0.43194342
2018,40,8471,0,0.045047387
2018,40,8472,0,0.4222767
2018,40,8473,0,0.11386973
2018,40,8474,0,0.13270994
2018,40,8475,1,0.307626
2018,40,8476,0,0.15641324
2018,40,8477,0,0.14691052
2018,40,8478,0,0.251939
2018,40,8479,0,0.11179986
2018,40,8480,0,0.105877444
2018,40,8481,0,0.09772177
2018,40,8482,0,0.17288418
2018,40,8483,0,0.123582706
2018,40,8484,0,0.15364872
2018,40,8485,0,0.18937229
2018,724,8401,0,0.6041447
2018,724,8402,0,0.28726497
2018,724,8403,1,0.6242521
2018,724,8404,1,0.534257
2018,724,8405,1,0.7472072
2018,724,8407,0,0.13452674
2018,724,8408,1,0.16345763
2018,724,8409,0,0.11314539
2018,724,8410,0,0.19327267
2018,724,8411,0,0.059685975
2018,724,8412,0,0.12644546
2018,724,8413,0,0.100517996
2018,724,8414,0,0.110967085
2018,724,8415,0,0.23877318
2018,724,8416,0,0.2685406
2018,724,8417,0,0.42354324
2018,724,8418,0,0.14557706
2018,724,8419,0,0.12691234
2018,724,8420,0,0.14073814
2018,724,8421,0,0.11776185
2018,724,8422,0,0.07122012
2018,724,8424,0,0.13046952
2018,724,8425,0,0.08861593
2018,724,8426,0,0.069885924
2018,724,8427,0,0.13493074
2018,724,8428,0,0.12736507
2018,724,8429,0,0.1510412
2018,724,8430,1,0.17264968
2018,724,8431,0,0.02541543
2018,724,8432,0,0.07878618
2018,724,8433,0,0.17749572
2018,724,8434,1,0.32603958
2018,724,8435,0,0.3342788
2018,724,8436,0,0.07526955
2018,724,8437,0,0.09619906
2018,724,8438,0,0.09939257
2018,724,8439,1,0.19917534
2018,724,8440,0,0.15515153
2018,724,8441,0,0.15950003
2018,724,8442,0,0.32081312
2018,724,8443,0,0.046618134
2018,724,8444,1,0.58610517
2018,724,8445,1,0.5121308
2018,724,8446,1,0.68381417
2018,724,8447,1,0.65083843
2018,724,8448,0,0.3733356
2018,724,8449,1,0.6295222
2018,724,8450,0,0.1930256
2018,724,8451,0,0.13518904
2018,724,8452,1,0.50260866
2018,724,8453,1,0.19356988
2018,724,8454,0,0.3862703
2018,724,8455,1,0.29618916
2018,724,8456,0,0.20988554
2018,724,8457,1,0.14063638
2018,724,8458,0,0.1177039
2018,724,8459,0,0.12658107
2018,724,8460,0,0.1142655
2018,724,8461,0,0.19976035
2018,724,8462,1,0.14066882
2018,724,8463,0,0.23378688
2018,724,8464,0,0.12051236
2018,724,8465,0,0.14009775
2018,724,8466,0,0.05180302
2018,724,8467,1,0.32275337
2018,724,8468,1,0.31791073
2018,724,8470,0,0.3906322
2018,724,8471,0,0.04650902
2018,724,8472,1,0.1874845
2018,724,8473,0,0.10014474
2018,724,8474,0,0.067916356
2018,724,8475,1,0.62074155
2018,724,8476,0,0.22519746
2018,724,8477,0,0.12389527
2018,724,8478,0,0.16474076
2018,724,8479,0,0.076875515
2018,724,8480,1,0.09987177
2018,724,8481,0,0.10365841
2018,724,8482,0,0.10546387
2018,724,8483,0,0.12066298
2018,724,8484,0,0.112421304
2018,724,8485,0,0.14235772
