t,i,k4,label_observed_continuing,p
2016,842,8401,0,0.24391173
2016,842,8402,0,0.124449514
2016,842,8403,0,0.27378333
2016,842,8404,0,0.5043225
2016,842,8405,1,0.5082577
2016,842,8406,1,0.21179381
2016,842,8407,0,0.05689723
2016,842,8408,0,0.08431575
2016,842,8409,0,0.045332775
2016,842,8410,1,0.3356732
2016,842,8411,0,0.10344284
2016,842,8412,0,0.037639774
2016,842,8413,0,0.1881803
2016,842,8414,0,0.28177014
2016,842,8415,0,0.0381087
2016,842,8416,0,0.17324203
2016,842,8417,0,0.18529446
2016,842,8418,0,0.043084115
2016,842,8419,0,0.10690848
2016,842,8420,0,0.1473234
2016,842,8421,0,0.14294384
2016,842,8422,0,0.037859265
2016,842,8423,0,0.10953104
2016,842,8424,0,0.028272793
2016,842,8425,0,0.09248417
2016,842,8426,0,0.091664724
2016,842,8427,0,0.11435092
2016,842,8428,0,0.0884277
2016,842,8429,0,0.14863814
2016,842,8430,0,0.0604889
2016,842,8431,0,0.08300491
2016,842,8432,0,0.16021878
2016,842,8433,0,0.036391217
2016,842,8434,0,0.26016578
2016,842,8435,0,0.1989876
2016,842,8436,0,0.113453545
2016,842,8437,0,0.43373632
2016,842,8438,0,0.030559681
2016,842,8439,0,0.16808356
2016,842,8440,0,0.092287354
2016,842,8441,0,0.056701917
2016,842,8442,0,0.43233517
2016,842,8443,0,0.042675976
2016,842,8444,0,0.54622704
2016,842,8446,0,0.19461207
2016,842,8447,0,0.1780014
2016,842,8449,0,0.19664232
2016,842,8450,0,0.10927985
2016,842,8451,0,0.035456173
2016,842,8452,0,0.1240657
2016,842,8453,0,0.22405887
2016,842,8454,1,0.1842677
2016,842,8455,0,0.12000178
2016,842,8456,1,0.08972043
2016,842,8457,0,0.1573572
2016,842,8458,0,0.100378565
2016,842,8459,0,0.057516396
2016,842,8460,1,0.15864685
2016,842,8461,0,0.054230236
2016,842,8462,0,0.0689905
2016,842,8463,1,0.2526145
2016,842,8464,0,0.07846823
2016,842,8465,0,0.08749993
2016,842,8466,0,0.040448196
2016,842,8467,0,0.035520907
2016,842,8468,0,0.11234152
2016,842,8470,0,0.32869658
2016,842,8471,0,0.031435307
2016,842,8472,1,0.080746934
2016,842,8473,0,0.084820755
2016,842,8474,0,0.057544887
2016,842,8475,0,0.20250493
2016,842,8476,0,0.1567186
2016,842,8477,0,0.048729695
2016,842,8478,0,0.60360086
2016,842,8479,0,0.06454259
2016,842,8480,0,0.07709026
2016,842,8481,0,0.036733173
2016,842,8482,0,0.03608022
2016,842,8483,0,0.065485284
2016,842,8484,0,0.0854059
2016,842,8485,0,0.17132361
2016,276,8401,0,0.20055474
2016,276,8402,0,0.04154815
2016,276,8403,0,0.080193534
2016,276,8404,0,0.18752441
2016,276,8405,1,0.45867008
2016,276,8406,1,0.11656688
2016,276,8407,0,0.06822719
2016,276,8408,0,0.04755741
2016,276,8409,0,0.035509333
2016,276,8410,1,0.28899395
2016,276,8411,0,0.052577373
2016,276,8412,0,0.032415867
2016,276,8413,0,0.02394923
2016,276,8414,0,0.027054176
2016,276,8415,0,0.02922069
2016,276,8416,0,0.03395937
2016,276,8417,0,0.1757567
2016,276,8418,0,0.025376482
2016,276,8419,0,0.084665075
2016,276,8420,0,0.11025036
2016,276,8421,0,0.043266356
2016,276,8422,0,0.044218034
2016,276,8423,0,0.02486457
2016,276,8424,0,0.025054717
2016,276,8425,0,0.030158838
2016,276,8426,0,0.049182862
2016,276,8427,0,0.06586045
2016,276,8428,0,0.047045905
2016,276,8429,0,0.05355177
2016,276,8430,0,0.038584504
2016,276,8431,0,0.026952699
2016,276,8432,0,0.071013905
2016,276,8433,0,0.063873835
2016,276,8434,0,0.07495925
2016,276,8435,0,0.11570033
2016,276,8436,0,0.053110376
2016,276,8437,0,0.29070935
2016,276,8438,0,0.03274744
2016,276,8439,0,0.08914913
2016,276,8440,0,0.055018388
2016,276,8441,0,0.040386308
2016,276,8442,0,0.090919554
2016,276,8443,0,0.03555136
2016,276,8444,0,0.20593299
2016,276,8445,0,0.11966623
2016,276,8446,0,0.24605767
2016,276,8447,0,0.13722906
2016,276,8448,0,0.05978527
2016,276,8449,0,0.17071189
2016,276,8450,0,0.06573414
2016,276,8451,0,0.027375739
2016,276,8452,0,0.030255623
2016,276,8453,0,0.07835259
2016,276,8454,0,0.10237821
2016,276,8455,0,0.24354932
2016,276,8456,0,0.082779214
2016,276,8457,0,0.21790294
2016,276,8458,0,0.10138434
2016,276,8459,0,0.049368877
2016,276,8460,0,0.09174528
2016,276,8461,0,0.0930631
2016,276,8462,0,0.060200036
2016,276,8463,0,0.14745288
2016,276,8464,0,0.059291594
2016,276,8465,0,0.03750287
2016,276,8466,0,0.03683948
2016,276,8467,0,0.02953288
2016,276,8468,0,0.04955052
2016,276,8469,1,0.2628913
2016,276,8470,0,0.0756351
2016,276,8471,1,0.032504097
2016,276,8472,0,0.044777293
2016,276,8473,0,0.067381725
2016,276,8474,0,0.034831464
2016,276,8475,0,0.11119636
2016,276,8476,0,0.13902467
2016,276,8477,0,0.038745325
2016,276,8478,0,0.08575404
2016,276,8479,0,0.033054553
2016,276,8480,0,0.05598989
2016,276,8481,0,0.024213107
2016,276,8482,0,0.030487157
2016,276,8483,0,0.0658535
2016,276,8484,0,0.025597498
2016,276,8485,0,0.02368604
2016,392,8401,0,0.61376166
2016,392,8402,0,0.14971127
2016,392,8403,0,0.22821243
2016,392,8404,1,0.34604666
2016,392,8405,1,0.17467485
2016,392,8406,0,0.08838306
2016,392,8407,0,0.051350802
2016,392,8408,0,0.05823584
2016,392,8409,0,0.033152897
2016,392,8411,0,0.06272361
2016,392,8412,0,0.047942597
2016,392,8413,0,0.03184499
2016,392,8414,0,0.030017277
2016,392,8415,0,0.023969257
2016,392,8416,0,0.23504597
2016,392,8417,0,0.1650953
2016,392,8418,0,0.03531479
2016,392,8419,0,0.07614155
2016,392,8420,0,0.18217593
2016,392,8421,0,0.023679819
2016,392,8422,0,0.036531225
2016,392,8423,0,0.06752271
2016,392,8424,0,0.032425985
2016,392,8425,0,0.060276624
2016,392,8426,0,0.108182885
2016,392,8427,0,0.036256153
2016,392,8428,0,0.08501098
2016,392,8429,0,0.124315456
2016,392,8430,0,0.11577478
2016,392,8431,0,0.04517303
2016,392,8432,0,0.09741138
2016,392,8433,0,0.060855977
2016,392,8434,0,0.17263216
2016,392,8435,0,0.3687718
2016,392,8436,1,0.14961532
2016,392,8437,0,0.124594666
2016,392,8438,0,0.0749313
2016,392,8439,0,0.21024333
2016,392,8440,0,0.10853685
2016,392,8441,0,0.07830246
2016,392,8442,0,0.12979911
2016,392,8443,0,0.049727313
2016,392,8444,0,0.2687621
2016,392,8445,0,0.19923966
2016,392,8446,0,0.29330772
2016,392,8447,0,0.10361296
2016,392,8448,0,0.08107327
2016,392,8449,1,0.69013095
2016,392,8451,0,0.07418403
2016,392,8452,0,0.052463584
2016,392,8453,0,0.3231848
2016,392,8454,0,0.15477248
2016,392,8455,1,0.24023592
2016,392,8456,1,0.24533138
2016,392,8457,0,0.1880989
2016,392,8458,0,0.11542013
2016,392,8459,0,0.10706335
2016,392,8460,0,0.10648106
2016,392,8461,0,0.12725225
2016,392,8462,0,0.108474575
2016,392,8463,0,0.17487298
2016,392,8464,0,0.36721912
2016,392,8465,0,0.09003555
2016,392,8466,0,0.07076877
2016,392,8467,0,0.03506117
2016,392,8468,1,0.12628077
2016,392,8469,1,0.6099334
2016,392,8470,0,0.09282178
2016,392,8471,1,0.029838294
2016,392,8472,0,0.047006216
2016,392,8473,0,0.11503974
2016,392,8474,0,0.11608946
2016,392,8475,0,0.16617103
2016,392,8476,0,0.20716056
2016,392,8477,0,0.081983216
2016,392,8478,0,0.26388445
2016,392,8479,0,0.08314168
2016,392,8480,0,0.07104518
2016,392,8481,0,0.030077286
2016,392,8482,0,0.031230774
2016,392,8483,0,0.043253075
2016,392,8484,0,0.029729875
2016,392,8485,0,0.048870035
2016,156,8401,1,0.33286136
2016,156,8402,1,0.042900324
2016,156,8403,1,0.13811038
2016,156,8404,1,0.08914178
2016,156,8405,0,0.08808458
2016,156,8406,1,0.15240908
2016,156,8407,0,0.06469453
2016,156,8408,0,0.042119566
2016,156,8409,0,0.022733906
2016,156,8411,0,0.034235146
2016,156,8412,0,0.037266936
2016,156,8413,0,0.03042955
2016,156,8414,0,0.02429317
2016,156,8415,0,0.022845356
2016,156,8416,0,0.032389224
2016,156,8417,0,0.09824495
2016,156,8418,0,0.020309437
2016,156,8419,0,0.14927071
2016,156,8420,0,0.04519889
2016,156,8421,0,0.089643486
2016,156,8422,0,0.017107112
2016,156,8423,0,0.022350967
2016,156,8424,0,0.022475164
2016,156,8425,0,0.031990882
2016,156,8426,0,0.0848059
2016,156,8427,0,0.02699639
2016,156,8428,0,0.12707698
2016,156,8430,0,0.08485464
2016,156,8431,0,0.04584157
2016,156,8432,0,0.022428911
2016,156,8433,0,0.019896092
2016,156,8434,0,0.05061566
2016,156,8436,0,0.021446886
2016,156,8439,0,0.04998104
2016,156,8440,0,0.030682243
2016,156,8441,0,0.02219207
2016,156,8442,0,0.050988458
2016,156,8443,0,0.022239799
2016,156,8444,0,0.1757578
2016,156,8445,0,0.119589575
2016,156,8446,0,0.19825491
2016,156,8447,0,0.06839074
2016,156,8448,0,0.027265858
2016,156,8449,0,0.06839117
2016,156,8450,0,0.06415163
2016,156,8451,0,0.016763814
2016,156,8452,0,0.020599809
2016,156,8453,0,0.053185444
2016,156,8454,0,0.04145512
2016,156,8455,0,0.038186695
2016,156,8456,0,0.02326103
2016,156,8457,0,0.05832274
2016,156,8458,0,0.029629113
2016,156,8459,0,0.026696077
2016,156,8460,0,0.0257365
2016,156,8461,0,0.02907876
2016,156,8462,0,0.017767012
2016,156,8463,0,0.05950903
2016,156,8464,0,0.03857963
2016,156,8465,0,0.033686545
2016,156,8466,0,0.01962895
2016,156,8467,0,0.02089989
2016,156,8468,0,0.019839209
2016,156,8469,1,0.21912426
2016,156,8470,0,0.021774868
2016,156,8471,0,0.02203644
2016,156,8472,0,0.025310041
2016,156,8473,0,0.052875213
2016,156,8475,0,0.08584754
2016,156,8476,0,0.04976029
2016,156,8477,0,0.021489864
2016,156,8478,0,0.12710024
2016,156,8479,0,0.026219208
2016,156,8480,0,0.034743275
2016,156,8481,0,0.026764238
2016,156,8482,0,0.022528151
2016,156,8483,0,0.045062404
2016,156,8484,0,0.065301135
2016,380,8401,0,0.5563045
2016,380,8403,0,0.080995284
2016,380,8404,0,0.13905181
2016,380,8406,1,0.0693142
2016,380,8407,0,0.09906465
2016,380,8408,0,0.080121286
2016,380,8409,0,0.043049164
2016,380,8411,0,0.3286032
2016,380,8412,0,0.044062313
2016,380,8413,0,0.03174952
2016,380,8414,0,0.026611438
2016,380,8415,0,0.03527486
2016,380,8416,0,0.058448676
2016,380,8417,0,0.048459154
2016,380,8418,0,0.027229205
2016,380,8419,0,0.06615247
2016,380,8420,0,0.12257779
2016,380,8421,0,0.034337375
2016,380,8422,0,0.042450044
2016,380,8423,0,0.050425507
2016,380,8424,0,0.027925305
2016,380,8425,0,0.036723033
2016,380,8426,0,0.05490582
2016,380,8427,0,0.09763691
2016,380,8428,0,0.04747914
2016,380,8429,0,0.07045389
2016,380,8430,0,0.14042537
2016,380,8431,0,0.030093497
2016,380,8432,0,0.045382846
2016,380,8433,0,0.038252566
2016,380,8434,0,0.11239255
2016,380,8435,0,0.15009616
2016,380,8436,0,0.048489027
2016,380,8438,0,0.0314901
2016,380,8439,0,0.10924829
2016,380,8440,0,0.08894017
2016,380,8441,0,0.065328285
2016,380,8442,0,0.14317742
2016,380,8443,0,0.03326783
2016,380,8444,0,0.4601714
2016,380,8445,0,0.183998
2016,380,8446,0,0.21652558
2016,380,8447,0,0.12246709
2016,380,8448,0,0.07553511
2016,380,8449,0,0.14835119
2016,380,8450,0,0.07480383
2016,380,8451,0,0.028962513
2016,380,8453,0,0.0773574
2016,380,8454,1,0.19092755
2016,380,8455,0,0.3476211
2016,380,8456,0,0.07860521
2016,380,8457,0,0.14393932
2016,380,8458,0,0.14814049
2016,380,8459,0,0.08507783
2016,380,8460,0,0.080949016
2016,380,8461,0,0.08478579
2016,380,8462,0,0.044998698
2016,380,8463,0,0.09639704
2016,380,8464,0,0.054866567
2016,380,8465,0,0.05116637
2016,380,8466,0,0.03346101
2016,380,8467,0,0.033789925
2016,380,8468,0,0.062388916
2016,380,8469,1,0.6666211
2016,380,8470,0,0.5622075
2016,380,8471,1,0.032173775
2016,380,8472,1,0.13439287
2016,380,8473,0,0.06342046
2016,380,8474,0,0.039343316
2016,380,8475,0,0.34131745
2016,380,8476,0,0.07882111
2016,380,8477,0,0.03384454
2016,380,8478,0,0.12221798
2016,380,8479,0,0.033336993
2016,380,8480,0,0.07010593
2016,380,8481,0,0.020723943
2016,380,8482,0,0.04386732
2016,380,8483,0,0.06012147
2016,380,8484,0,0.029728122
2016,380,8485,0,0.04164135
2016,826,8401,1,0.23157996
2016,826,8402,1,0.20995648
2016,826,8403,0,0.45758173
2016,826,8405,0,0.36955735
2016,826,8406,1,0.35863483
2016,826,8407,0,0.05640027
2016,826,8408,0,0.07591411
2016,826,8409,0,0.038790148
2016,826,8411,0,0.0317269
2016,826,8412,0,0.048097994
2016,826,8413,0,0.041819517
2016,826,8414,0,0.03472626
2016,826,8415,0,0.06100559
2016,826,8416,0,0.12058664
2016,826,8417,1,0.06622622
2016,826,8418,0,0.04476466
2016,826,8419,0,0.110653915
2016,826,8420,0,0.109220386
2016,826,8421,0,0.05145968
2016,826,8422,0,0.044172246
2016,826,8423,0,0.04451364
2016,826,8424,0,0.027267218
2016,826,8425,0,0.071664274
2016,826,8426,0,0.0895592
2016,826,8427,0,0.10123975
2016,826,8428,0,0.08261465
2016,826,8429,0,0.07027125
2016,826,8430,0,0.063655496
2016,826,8431,0,0.04375338
2016,826,8432,0,0.10589242
2016,826,8433,0,0.16336606
2016,826,8434,0,0.19279082
2016,826,8435,0,0.21698771
2016,826,8436,0,0.08059047
2016,826,8437,0,0.17310892
2016,826,8438,0,0.033398766
2016,826,8439,0,0.1526165
2016,826,8440,0,0.15508474
2016,826,8441,0,0.097436845
2016,826,8442,0,0.13653469
2016,826,8443,0,0.04324399
2016,826,8444,0,0.24710745
2016,826,8445,0,0.35854
2016,826,8446,0,0.21792464
2016,826,8447,0,0.13570355
2016,826,8448,0,0.13971663
2016,826,8450,0,0.20464316
2016,826,8451,0,0.06703213
2016,826,8452,0,0.09268573
2016,826,8453,0,0.27139032
2016,826,8454,0,0.20675746
2016,826,8455,1,0.64125144
2016,826,8456,0,0.093164325
2016,826,8457,0,0.27614495
2016,826,8458,0,0.13909854
2016,826,8459,0,0.11058594
2016,826,8460,0,0.16167812
2016,826,8461,0,0.2064426
2016,826,8462,0,0.15984187
2016,826,8463,1,0.23156942
2016,826,8464,0,0.3193772
2016,826,8466,0,0.043513797
2016,826,8467,0,0.046003245
2016,826,8468,0,0.12150683
2016,826,8470,0,0.14864044
2016,826,8471,1,0.03951121
2016,826,8472,1,0.037253544
2016,826,8473,0,0.08572213
2016,826,8474,0,0.07277308
2016,826,8475,0,0.16868225
2016,826,8476,0,0.16598661
2016,826,8477,0,0.04627326
2016,826,8478,0,0.16215965
2016,826,8479,0,0.04161189
2016,826,8480,0,0.09295153
2016,826,8481,0,0.05922271
2016,826,8482,0,0.04400893
2016,826,8483,0,0.07550595
2016,826,8484,0,0.041005824
2016,826,8485,0,0.03641296
2016,251,8401,0,0.28840402
2016,251,8402,0,0.25071874
2016,251,8403,0,0.10301137
2016,251,8404,0,0.16112477
2016,251,8405,0,0.2127547
2016,251,8406,0,0.16101271
2016,251,8407,0,0.08133315
2016,251,8408,0,0.08234214
2016,251,8409,0,0.041575577
2016,251,8411,0,0.076714195
2016,251,8412,0,0.049954835
2016,251,8413,0,0.034363475
2016,251,8414,0,0.029960575
2016,251,8415,0,0.042080335
2016,251,8416,0,0.086320594
2016,251,8417,1,0.09288768
2016,251,8418,0,0.03579859
2016,251,8419,0,0.091577485
2016,251,8420,0,0.20408133
2016,251,8421,0,0.04375783
2016,251,8422,0,0.04447036
2016,251,8423,0,0.07137657
2016,251,8424,0,0.04233178
2016,251,8425,0,0.06302951
2016,251,8426,0,0.13564163
2016,251,8427,0,0.083880275
2016,251,8428,0,0.08678793
2016,251,8429,0,0.09488816
2016,251,8431,0,0.039265927
2016,251,8432,0,0.06473822
2016,251,8433,0,0.06324462
2016,251,8434,0,0.16434568
2016,251,8435,0,0.15008055
2016,251,8436,0,0.045375284
2016,251,8438,0,0.044734146
2016,251,8439,0,0.22366102
2016,251,8441,0,0.11329323
2016,251,8442,0,0.17745887
2016,251,8443,0,0.059887193
2016,251,8444,1,0.4854187
2016,251,8445,0,0.18327743
2016,251,8446,1,0.2870898
2016,251,8447,0,0.14477792
2016,251,8448,0,0.15701357
2016,251,8449,0,0.32872576
2016,251,8450,1,0.11903984
2016,251,8451,0,0.047447454
2016,251,8452,0,0.14013216
2016,251,8453,0,0.18890962
2016,251,8454,0,0.1337688
2016,251,8455,0,0.19805044
2016,251,8456,0,0.20583832
2016,251,8457,0,0.23001948
2016,251,8458,0,0.32715872
2016,251,8459,0,0.20098457
2016,251,8460,0,0.15311281
2016,251,8461,0,0.103039406
2016,251,8462,0,0.1244378
2016,251,8463,0,0.13299666
2016,251,8464,0,0.23974079
2016,251,8465,0,0.10515434
2016,251,8466,0,0.049869686
2016,251,8467,0,0.053609762
2016,251,8468,0,0.09588245
2016,251,8470,0,0.088835806
2016,251,8471,1,0.039779413
2016,251,8472,1,0.17351876
2016,251,8473,0,0.10921282
2016,251,8475,0,0.31583795
2016,251,8476,1,0.25154698
2016,251,8477,0,0.04551518
2016,251,8479,0,0.040175527
2016,251,8480,0,0.06340426
2016,251,8481,0,0.025540708
2016,251,8482,0,0.03387237
2016,251,8483,0,0.060839906
2016,251,8484,0,0.06361045
2016,251,8485,0,0.054127753
2016,490,8402,1,0.421204
2016,490,8403,0,0.5038522
2016,490,8404,1,0.2770369
2016,490,8405,0,0.36723596
2016,490,8406,0,0.15493064
2016,490,8407,1,0.56616557
2016,490,8408,1,0.2047221
2016,490,8409,0,0.050216455
2016,490,8410,0,0.21347983
2016,490,8411,0,0.10897197
2016,490,8412,0,0.09259405
2016,490,8413,0,0.030504324
2016,490,8414,0,0.035510004
2016,490,8415,0,0.037161056
2016,490,8416,0,0.19917282
2016,490,8417,0,0.15224245
2016,490,8418,0,0.03563705
2016,490,8419,0,0.08204931
2016,490,8420,0,0.19751514
2016,490,8421,0,0.033042867
2016,490,8422,0,0.0329551
2016,490,8423,0,0.055905733
2016,490,8424,0,0.035801686
2016,490,8425,0,0.08916106
2016,490,8426,1,0.48834127
2016,490,8427,0,0.11006502
2016,490,8428,0,0.056806546
2016,490,8429,0,0.3511847
2016,490,8430,0,0.13713545
2016,490,8431,0,0.06828981
2016,490,8432,0,0.12236297
2016,490,8433,0,0.08822446
2016,490,8434,0,0.14690946
2016,490,8435,0,0.13972457
2016,490,8436,0,0.095685124
2016,490,8437,0,0.052256323
2016,490,8438,0,0.054289144
2016,490,8439,0,0.103107624
2016,490,8440,0,0.20909807
2016,490,8441,0,0.06443449
2016,490,8442,0,0.16547123
2016,490,8443,0,0.037548527
2016,490,8444,0,0.27681294
2016,490,8445,0,0.20291354
2016,490,8446,0,0.3010379
2016,490,8447,0,0.098238
2016,490,8448,0,0.09070622
2016,490,8449,0,0.27629077
2016,490,8450,0,0.14634208
2016,490,8451,0,0.10426894
2016,490,8452,0,0.044560928
2016,490,8453,0,0.2135225
2016,490,8454,0,0.19435878
2016,490,8455,0,0.14234182
2016,490,8456,1,0.3848131
2016,490,8457,0,0.17466503
2016,490,8458,0,0.110670805
2016,490,8459,0,0.10260953
2016,490,8460,0,0.16216402
2016,490,8461,0,0.10233679
2016,490,8462,0,0.10219036
2016,490,8463,0,0.092152126
2016,490,8464,0,0.23143767
2016,490,8465,0,0.11113551
2016,490,8466,0,0.07064431
2016,490,8467,0,0.056687985
2016,490,8468,0,0.1264965
2016,490,8470,0,0.1038406
2016,490,8471,1,0.037995465
2016,490,8472,0,0.064597584
2016,490,8473,0,0.094022386
2016,490,8474,0,0.079176754
2016,490,8475,0,0.67920184
2016,490,8476,0,0.11700034
2016,490,8477,0,0.033460207
2016,490,8478,0,0.27119318
2016,490,8479,0,0.08257572
2016,490,8480,0,0.051059823
2016,490,8481,0,0.03483519
2016,490,8482,0,0.036585942
2016,490,8483,0,0.050482046
2016,490,8484,0,0.03638561
2016,490,8485,0,0.06888652
2016,702,8402,1,0.70831966
2016,702,8403,1,0.30135733
2016,702,8404,1,0.6229717
2016,702,8406,1,0.5406548
2016,702,8407,1,0.13333642
2016,702,8409,0,0.055833284
2016,702,8410,1,0.27730983
2016,702,8411,0,0.114616096
2016,702,8412,0,0.07334912
2016,702,8413,0,0.03511683
2016,702,8414,0,0.021635264
2016,702,8416,1,0.22188394
2016,702,8417,1,0.7593272
2016,702,8418,0,0.068079345
2016,702,8419,0,0.084098004
2016,702,8420,1,0.24475318
2016,702,8421,0,0.030603742
2016,702,8422,0,0.07435566
2016,702,8423,0,0.12224042
2016,702,8424,0,0.060401425
2016,702,8425,0,0.1617702
2016,702,8426,1,0.18377368
2016,702,8427,0,0.13861172
2016,702,8428,0,0.10181886
2016,702,8430,0,0.09206167
2016,702,8431,0,0.047886375
2016,702,8432,0,0.25727886
2016,702,8433,0,0.25329095
2016,702,8435,0,0.46710235
2016,702,8436,0,0.13661091
2016,702,8437,1,0.13899745
2016,702,8438,1,0.12311716
2016,702,8439,1,0.35479894
2016,702,8440,1,0.37940884
2016,702,8441,0,0.16351132
2016,702,8442,0,0.20721743
2016,702,8443,0,0.05329916
2016,702,8445,1,0.4417877
2016,702,8448,1,0.38076857
2016,702,8449,0,0.42949554
2016,702,8451,1,0.12806524
2016,702,8452,1,0.20658422
2016,702,8453,1,0.69405514
2016,702,8454,0,0.357057
2016,702,8455,1,0.54368985
2016,702,8456,1,0.18381698
2016,702,8457,0,0.34445745
2016,702,8458,0,0.13861313
2016,702,8459,1,0.17646134
2016,702,8460,0,0.24786335
2016,702,8461,0,0.15028213
2016,702,8462,0,0.16169442
2016,702,8463,0,0.20998274
2016,702,8464,0,0.34617916
2016,702,8465,0,0.18292616
2016,702,8466,0,0.12902325
2016,702,8467,0,0.07566811
2016,702,8468,1,0.26951405
2016,702,8470,0,0.08858709
2016,702,8471,0,0.020342596
2016,702,8472,0,0.08775497
2016,702,8473,0,0.10007878
2016,702,8475,0,0.37779123
2016,702,8476,1,0.33280012
2016,702,8477,0,0.12018774
2016,702,8478,1,0.5279773
2016,702,8479,0,0.1261447
2016,702,8480,0,0.102732204
2016,702,8481,0,0.031574596
2016,702,8482,0,0.04207346
2016,702,8483,0,0.043554023
2016,702,8484,0,0.063593924
2016,528,8401,1,0.34741893
2016,528,8403,0,0.08724661
2016,528,8404,0,0.2220822
2016,528,8406,1,0.2662631
2016,528,8407,0,0.1923269
2016,528,8408,0,0.051691484
2016,528,8409,0,0.032425422
2016,528,8410,1,0.52926135
2016,528,8411,0,0.07130451
2016,528,8412,0,0.037464257
2016,528,8413,0,0.020642195
2016,528,8414,0,0.035887145
2016,528,8415,0,0.044212963
2016,528,8416,0,0.09506981
2016,528,8417,1,0.15750656
2016,528,8418,0,0.041847102
2016,528,8419,0,0.08569252
2016,528,8420,0,0.17756523
2016,528,8421,0,0.046648778
2016,528,8422,0,0.037567478
2016,528,8423,0,0.07906999
2016,528,8424,0,0.0339521
2016,528,8425,0,0.029545372
2016,528,8426,0,0.085999444
2016,528,8427,0,0.056806847
2016,528,8428,0,0.069708325
2016,528,8429,0,0.10261021
2016,528,8430,1,0.07172843
2016,528,8431,0,0.032920226
2016,528,8432,0,0.04693699
2016,528,8433,0,0.068270504
2016,528,8434,0,0.10204226
2016,528,8435,0,0.13388295
2016,528,8436,0,0.08665352
2016,528,8437,0,0.102465734
2016,528,8438,0,0.038561817
2016,528,8439,0,0.16367032
2016,528,8440,0,0.08838909
2016,528,8441,0,0.08206477
2016,528,8442,0,0.10835552
2016,528,8443,0,0.047881268
2016,528,8444,0,0.16977102
2016,528,8445,1,0.52496815
2016,528,8446,1,0.71739995
2016,528,8447,0,0.23912129
2016,528,8448,0,0.18966708
2016,528,8449,0,0.46906063
2016,528,8450,0,0.16627498
2016,528,8451,0,0.120766416
2016,528,8452,0,0.15502392
2016,528,8453,0,0.61779195
2016,528,8454,1,0.21967737
2016,528,8455,1,0.27055228
2016,528,8456,0,0.15026845
2016,528,8457,0,0.25050402
2016,528,8458,0,0.19775786
2016,528,8459,0,0.08388018
2016,528,8460,0,0.17358793
2016,528,8461,0,0.117845304
2016,528,8462,0,0.077610984
2016,528,8463,0,0.3692373
2016,528,8464,0,0.11451672
2016,528,8465,0,0.12844412
2016,528,8466,0,0.06713844
2016,528,8467,0,0.048576325
2016,528,8468,0,0.07762874
2016,528,8470,1,0.20103928
2016,528,8471,0,0.03554004
2016,528,8472,1,0.12321012
2016,528,8473,0,0.072030745
2016,528,8474,0,0.078853466
2016,528,8475,1,0.18656842
2016,528,8476,0,0.18713495
2016,528,8477,0,0.078289926
2016,528,8478,0,0.15615433
2016,528,8479,0,0.04273312
2016,528,8480,0,0.09682853
2016,528,8481,0,0.026004417
2016,528,8482,0,0.047863595
2016,528,8483,0,0.05736984
2016,528,8484,0,0.043741915
2016,528,8485,0,0.051299404
2016,410,8401,0,0.51453424
2016,410,8402,0,0.14909548
2016,410,8403,0,0.1334671
2016,410,8404,1,0.13959718
2016,410,8406,1,0.2801395
2016,410,8407,0,0.06518109
2016,410,8408,0,0.080670215
2016,410,8409,0,0.035127573
2016,410,8410,1,0.3193053
2016,410,8411,0,0.06426128
2016,410,8412,0,0.059358906
2016,410,8413,0,0.029382333
2016,410,8414,0,0.029304085
2016,410,8415,0,0.024675393
2016,410,8416,1,0.42773482
2016,410,8417,1,0.6075184
2016,410,8418,0,0.031723496
2016,410,8419,1,0.06242791
2016,410,8420,0,0.22187893
2016,410,8421,0,0.15136455
2016,410,8422,0,0.04382747
2016,410,8423,0,0.06927852
2016,410,8424,1,0.045878403
2016,410,8425,0,0.056011897
2016,410,8426,0,0.06245722
2016,410,8427,0,0.07806083
2016,410,8428,0,0.05370498
2016,410,8429,0,0.047859207
2016,410,8431,0,0.030609105
2016,410,8432,0,0.17770869
2016,410,8433,0,0.08856742
2016,410,8434,0,0.2773195
2016,410,8435,0,0.16231091
2016,410,8436,0,0.09001152
2016,410,8437,0,0.06228687
2016,410,8438,0,0.17661266
2016,410,8439,1,0.25142485
2016,410,8440,0,0.32817304
2016,410,8441,0,0.07989174
2016,410,8442,0,0.49602598
2016,410,8443,0,0.05278633
2016,410,8444,1,0.3701465
2016,410,8445,0,0.380048
2016,410,8446,0,0.25152984
2016,410,8447,0,0.14058633
2016,410,8448,0,0.084506586
2016,410,8449,1,0.61757493
2016,410,8450,0,0.06801389
2016,410,8451,0,0.042569626
2016,410,8452,0,0.08388809
2016,410,8453,0,0.25990123
2016,410,8454,1,0.7530014
2016,410,8455,0,0.15517609
2016,410,8456,1,0.22400066
2016,410,8457,0,0.18941198
2016,410,8458,0,0.08711249
2016,410,8459,0,0.09778775
2016,410,8460,0,0.20705876
2016,410,8461,1,0.2097541
2016,410,8462,0,0.13461295
2016,410,8463,0,0.10403532
2016,410,8464,0,0.35496253
2016,410,8465,0,0.18203212
2016,410,8466,0,0.07963517
2016,410,8467,0,0.060846005
2016,410,8468,0,0.2679595
2016,410,8470,1,0.1969516
2016,410,8471,1,0.03425191
2016,410,8472,1,0.068159394
2016,410,8473,0,0.116987534
2016,410,8474,1,0.2231791
2016,410,8475,0,0.5658351
2016,410,8476,1,0.124469176
2016,410,8477,0,0.060573205
2016,410,8478,0,0.7053413
2016,410,8479,0,0.09481375
2016,410,8480,0,0.045033675
2016,410,8481,0,0.02694828
2016,410,8482,0,0.039804444
2016,410,8483,0,0.057869118
2016,410,8484,0,0.046607126
2016,458,8404,0,0.34113255
2016,458,8405,0,0.6479288
2016,458,8407,0,0.3507651
2016,458,8408,0,0.092464544
2016,458,8409,0,0.15439294
2016,458,8410,1,0.59492356
2016,458,8411,0,0.07683522
2016,458,8412,0,0.15056223
2016,458,8413,0,0.09728078
2016,458,8414,0,0.032394934
2016,458,8415,0,0.029156696
2016,458,8416,0,0.23447612
2016,458,8417,1,0.37831753
2016,458,8418,0,0.06510634
2016,458,8419,0,0.09717047
2016,458,8420,1,0.42259365
2016,458,8421,0,0.04911425
2016,458,8422,1,0.14381108
2016,458,8423,0,0.1486585
2016,458,8424,0,0.0844198
2016,458,8425,0,0.16847666
2016,458,8426,0,0.19298667
2016,458,8427,0,0.33164707
2016,458,8428,0,0.0817729
2016,458,8430,1,0.4650847
2016,458,8431,1,0.070711225
2016,458,8432,0,0.591222
2016,458,8433,1,0.32311708
2016,458,8435,0,0.26106548
2016,458,8436,0,0.09091478
2016,458,8437,0,0.27423677
2016,458,8439,1,0.385145
2016,458,8441,0,0.08472061
2016,458,8442,0,0.44181523
2016,458,8443,0,0.08776756
2016,458,8444,1,0.6429801
2016,458,8445,1,0.71650887
2016,458,8446,1,0.51475304
2016,458,8447,0,0.5471586
2016,458,8448,0,0.14381287
2016,458,8451,0,0.1817892
2016,458,8452,0,0.51484984
2016,458,8453,0,0.29451826
2016,458,8454,0,0.22017515
2016,458,8455,0,0.26003566
2016,458,8456,0,0.31744838
2016,458,8457,0,0.22217806
2016,458,8458,0,0.21170251
2016,458,8459,0,0.16034727
2016,458,8460,1,0.67390645
2016,458,8462,0,0.23813729
2016,458,8463,0,0.18018457
2016,458,8464,0,0.13496716
2016,458,8465,0,0.38725117
2016,458,8466,0,0.2252593
2016,458,8467,0,0.09780577
2016,458,8468,0,0.13064256
2016,458,8469,1,0.2669796
2016,458,8470,0,0.1182104
2016,458,8471,1,0.029014887
2016,458,8472,1,0.23232664
2016,458,8473,0,0.09602303
2016,458,8474,0,0.12679523
2016,458,8475,0,0.25593647
2016,458,8476,0,0.2720521
2016,458,8477,1,0.15125814
2016,458,8479,0,0.11923869
2016,458,8480,0,0.09267796
2016,458,8481,0,0.048559282
2016,458,8482,0,0.10180985
2016,458,8484,0,0.13389221
2016,458,8485,0,0.15856893
2016,124,8401,0,0.72250414
2016,124,8402,0,0.32081157
2016,124,8403,0,0.1275448
2016,124,8404,0,0.2665606
2016,124,8405,0,0.52546716
2016,124,8406,0,0.31112748
2016,124,8407,0,0.07404348
2016,124,8408,0,0.19352393
2016,124,8409,0,0.048685726
2016,124,8410,1,0.2122171
2016,124,8411,0,0.0623599
2016,124,8412,0,0.05720691
2016,124,8413,0,0.032211
2016,124,8414,0,0.035532795
2016,124,8415,0,0.06971782
2016,124,8416,0,0.18256474
2016,124,8417,0,0.1369141
2016,124,8418,0,0.091049895
2016,124,8419,0,0.096911944
2016,124,8420,0,0.28545496
2016,124,8421,0,0.054335356
2016,124,8422,0,0.06388031
2016,124,8423,0,0.14221795
2016,124,8424,0,0.04586997
2016,124,8425,0,0.059301145
2016,124,8426,0,0.23751491
2016,124,8427,0,0.18815699
2016,124,8428,0,0.0700053
2016,124,8429,0,0.23356998
2016,124,8430,0,0.15388975
2016,124,8431,0,0.059227433
2016,124,8432,0,0.16552745
2016,124,8433,0,0.06827604
2016,124,8434,0,0.21624666
2016,124,8435,1,0.34518415
2016,124,8436,0,0.07942854
2016,124,8437,0,0.4735383
2016,124,8438,0,0.088886194
2016,124,8439,0,0.20352313
2016,124,8440,0,0.33363655
2016,124,8441,0,0.19779968
2016,124,8442,0,0.21769272
2016,124,8443,0,0.11747931
2016,124,8445,0,0.33323634
2016,124,8448,0,0.1628873
2016,124,8449,1,0.81047213
2016,124,8451,0,0.13669053
2016,124,8452,0,0.18335952
2016,124,8453,0,0.48688772
2016,124,8454,0,0.16915056
2016,124,8455,0,0.2714742
2016,124,8456,1,0.39113182
2016,124,8457,0,0.27168074
2016,124,8458,0,0.5329475
2016,124,8459,0,0.22695617
2016,124,8460,0,0.25590828
2016,124,8461,0,0.25164017
2016,124,8462,0,0.20042889
2016,124,8463,0,0.26779065
2016,124,8464,0,0.24596469
2016,124,8465,0,0.087664716
2016,124,8466,0,0.07684052
2016,124,8467,0,0.07208396
2016,124,8468,0,0.21237352
2016,124,8470,0,0.16668192
2016,124,8471,0,0.036030475
2016,124,8472,0,0.119582705
2016,124,8473,0,0.09780029
2016,124,8474,0,0.15418813
2016,124,8475,0,0.2658685
2016,124,8476,0,0.19071959
2016,124,8477,0,0.08355499
2016,124,8478,0,0.4454839
2016,124,8479,0,0.07271891
2016,124,8480,0,0.12807557
2016,124,8481,0,0.033194367
2016,124,8482,0,0.06687998
2016,124,8483,0,0.0821087
2016,124,8484,0,0.11636299
2016,124,8485,0,0.096503705
2016,484,8402,1,0.5112749
2016,484,8403,0,0.20685966
2016,484,8404,0,0.38266328
2016,484,8405,1,0.2680612
2016,484,8406,1,0.25899804
2016,484,8407,1,0.17046356
2016,484,8408,0,0.12970965
2016,484,8409,0,0.08966355
2016,484,8410,0,0.48087862
2016,484,8411,0,0.09046854
2016,484,8412,0,0.142263
2016,484,8413,0,0.053110816
2016,484,8414,0,0.0508214
2016,484,8415,0,0.08366874
2016,484,8416,0,0.27227318
2016,484,8417,1,0.23858401
2016,484,8418,0,0.05047999
2016,484,8419,0,0.092781454
2016,484,8420,0,0.6766586
2016,484,8421,0,0.08590105
2016,484,8423,0,0.120987855
2016,484,8424,0,0.10374592
2016,484,8425,0,0.12517577
2016,484,8426,0,0.27152735
2016,484,8427,0,0.6051993
2016,484,8428,0,0.1170164
2016,484,8429,0,0.4039343
2016,484,8430,0,0.19845077
2016,484,8431,0,0.09454117
2016,484,8432,0,0.15361582
2016,484,8433,0,0.117231555
2016,484,8434,0,0.23902714
2016,484,8436,0,0.14959908
2016,484,8438,0,0.12515803
2016,484,8439,1,0.6365366
2016,484,8441,0,0.31601164
2016,484,8442,0,0.1984395
2016,484,8443,0,0.07740444
2016,484,8448,1,0.22243214
2016,484,8450,0,0.6102896
2016,484,8451,0,0.20840023
2016,484,8453,1,0.51324415
2016,484,8454,1,0.37096745
2016,484,8455,0,0.221558
2016,484,8456,1,0.28458175
2016,484,8457,0,0.3048378
2016,484,8458,1,0.29350957
2016,484,8459,0,0.22783649
2016,484,8460,0,0.21102923
2016,484,8461,0,0.40253714
2016,484,8462,0,0.21337403
2016,484,8464,1,0.6227653
2016,484,8465,0,0.17292242
2016,484,8466,0,0.18429859
2016,484,8467,0,0.11521122
2016,484,8468,0,0.1761117
2016,484,8470,0,0.16468157
2016,484,8471,0,0.04602087
2016,484,8472,0,0.15639372
2016,484,8473,0,0.12969957
2016,484,8474,0,0.19372779
2016,484,8476,0,0.17256792
2016,484,8477,0,0.1655022
2016,484,8479,0,0.1895558
2016,484,8480,1,0.21056712
2016,484,8481,0,0.050767407
2016,484,8482,0,0.104093514
2016,484,8483,0,0.071546555
2016,484,8484,0,0.14747508
2016,484,8485,0,0.41858476
2016,757,8403,0,0.19460838
2016,757,8404,0,0.36372316
2016,757,8405,0,0.2546928
2016,757,8406,1,0.23851104
2016,757,8407,0,0.20165877
2016,757,8408,0,0.28809905
2016,757,8409,0,0.06887212
2016,757,8411,0,0.1316366
2016,757,8412,0,0.07785537
2016,757,8413,0,0.044832986
2016,757,8414,0,0.029772818
2016,757,8415,0,0.111498356
2016,757,8416,0,0.22098757
2016,757,8417,0,0.1353547
2016,757,8418,0,0.10725156
2016,757,8419,0,0.09855996
2016,757,8420,0,0.19689259
2016,757,8421,0,0.05327444
2016,757,8422,0,0.06341236
2016,757,8423,0,0.0793906
2016,757,8424,0,0.05340593
2016,757,8425,0,0.11376193
2016,757,8426,1,0.46996245
2016,757,8427,0,0.19858322
2016,757,8428,0,0.1028002
2016,757,8429,0,0.3110426
2016,757,8430,0,0.24836129
2016,757,8431,0,0.045553382
2016,757,8432,0,0.16252612
2016,757,8433,0,0.31039494
2016,757,8434,0,0.24952431
2016,757,8435,0,0.268524
2016,757,8436,0,0.14003949
2016,757,8437,1,0.22537619
2016,757,8438,0,0.039930258
2016,757,8439,0,0.19713795
2016,757,8440,0,0.17566755
2016,757,8441,0,0.10385658
2016,757,8442,0,0.11913037
2016,757,8443,0,0.07718913
2016,757,8444,1,0.43994337
2016,757,8445,0,0.20373079
2016,757,8446,0,0.11946932
2016,757,8447,0,0.3032538
2016,757,8448,0,0.07297435
2016,757,8449,0,0.29132313
2016,757,8450,0,0.12655874
2016,757,8451,1,0.06488048
2016,757,8452,0,0.12676664
2016,757,8453,1,0.14165652
2016,757,8454,0,0.17405795
2016,757,8455,1,0.17930134
2016,757,8456,0,0.15020633
2016,757,8457,0,0.2816624
2016,757,8458,0,0.17223802
2016,757,8459,0,0.18425366
2016,757,8460,0,0.15394798
2016,757,8461,0,0.16970366
2016,757,8462,0,0.1384716
2016,757,8463,0,0.12031522
2016,757,8464,0,0.16885199
2016,757,8465,0,0.12457932
2016,757,8466,0,0.07048738
2016,757,8467,0,0.07490258
2016,757,8468,0,0.10193493
2016,757,8470,1,0.15929335
2016,757,8471,1,0.03662812
2016,757,8472,1,0.123314634
2016,757,8473,0,0.101267174
2016,757,8474,0,0.121725686
2016,757,8475,0,0.14636704
2016,757,8476,0,0.13728113
2016,757,8477,0,0.087241255
2016,757,8479,0,0.06449365
2016,757,8480,0,0.09789376
2016,757,8481,0,0.0425048
2016,757,8482,0,0.05625872
2016,757,8483,0,0.09149601
2016,757,8484,0,0.050584476
2016,757,8485,0,0.07740999
2016,764,8402,0,0.51708436
2016,764,8403,0,0.22877337
2016,764,8404,0,0.1396473
2016,764,8405,0,0.45090908
2016,764,8406,0,0.20711361
2016,764,8407,0,0.07368764
2016,764,8408,0,0.39117596
2016,764,8409,0,0.04234343
2016,764,8411,0,0.08243042
2016,764,8412,0,0.22533944
2016,764,8413,0,0.036093447
2016,764,8414,0,0.030002953
2016,764,8415,0,0.02009423
2016,764,8416,1,0.67790306
2016,764,8417,1,0.27789304
2016,764,8418,0,0.12937985
2016,764,8419,1,0.14369348
2016,764,8420,1,0.37459183
2016,764,8421,0,0.03090095
2016,764,8422,0,0.109750815
2016,764,8424,0,0.05476604
2016,764,8425,0,0.10842806
2016,764,8426,1,0.47599974
2016,764,8428,0,0.115722135
2016,764,8434,1,0.19190139
2016,764,8437,0,0.115460955
2016,764,8438,0,0.14943634
2016,764,8439,1,0.51992846
2016,764,8441,0,0.076935254
2016,764,8442,0,0.4470556
2016,764,8443,0,0.096534796
2016,764,8445,1,0.49808878
2016,764,8447,0,0.61354
2016,764,8448,0,0.123095535
2016,764,8450,0,0.034141432
2016,764,8451,0,0.0924151
2016,764,8452,0,0.09214035
2016,764,8453,0,0.23114462
2016,764,8454,0,0.2261982
2016,764,8455,0,0.16840486
2016,764,8456,0,0.16496724
2016,764,8457,0,0.42736644
2016,764,8458,0,0.4147083
2016,764,8459,0,0.103746094
2016,764,8460,0,0.17804067
2016,764,8461,0,0.103017114
2016,764,8462,0,0.13024199
2016,764,8463,0,0.17325103
2016,764,8466,0,0.17000456
2016,764,8467,0,0.20463651
2016,764,8468,0,0.72157246
2016,764,8470,0,0.2069751
2016,764,8471,1,0.033429015
2016,764,8472,1,0.43251806
2016,764,8473,0,0.12209043
2016,764,8475,0,0.4871295
2016,764,8476,0,0.19800062
2016,764,8477,0,0.12244899
2016,764,8479,0,0.1813747
2016,764,8480,0,0.08778425
2016,764,8481,0,0.025588173
2016,764,8482,0,0.05526627
2016,764,8483,0,0.041450154
2016,764,8484,0,0.03820559
2016,764,8485,0,0.16416928
2016,752,8401,0,0.4625767
2016,752,8402,0,0.2601183
2016,752,8403,0,0.20855859
2016,752,8404,0,0.15468405
2016,752,8405,1,0.7232743
2016,752,8406,0,0.43621296
2016,752,8407,0,0.20873436
2016,752,8408,0,0.15838225
2016,752,8409,0,0.06966729
2016,752,8410,1,0.2967396
2016,752,8411,0,0.114322
2016,752,8412,0,0.03701271
2016,752,8413,0,0.03169627
2016,752,8414,0,0.027652208
2016,752,8415,0,0.06907726
2016,752,8416,0,0.15246847
2016,752,8417,0,0.16938049
2016,752,8418,0,0.0514901
2016,752,8419,0,0.08039726
2016,752,8420,0,0.22517647
2016,752,8421,0,0.05505462
2016,752,8422,0,0.044042803
2016,752,8423,0,0.18467724
2016,752,8424,0,0.038703416
2016,752,8425,0,0.14090982
2016,752,8426,0,0.13148119
2016,752,8427,0,0.14481671
2016,752,8428,0,0.081495576
2016,752,8429,0,0.10288379
2016,752,8430,0,0.09973679
2016,752,8431,0,0.03116002
2016,752,8432,0,0.109626666
2016,752,8433,0,0.1545502
2016,752,8434,0,0.11411817
2016,752,8436,0,0.16338193
2016,752,8437,0,0.1531578
2016,752,8438,0,0.064681925
2016,752,8439,0,0.2138048
2016,752,8440,0,0.25727403
2016,752,8441,0,0.15482473
2016,752,8442,0,0.19816159
2016,752,8443,0,0.09745795
2016,752,8446,1,0.71609724
2016,752,8447,0,0.53199047
2016,752,8448,0,0.16403307
2016,752,8450,0,0.11206947
2016,752,8451,0,0.19234867
2016,752,8452,0,0.27904266
2016,752,8453,0,0.6075367
2016,752,8454,1,0.46065027
2016,752,8455,0,0.12361461
2016,752,8456,1,0.29291016
2016,752,8457,1,0.5159894
2016,752,8458,0,0.14113276
2016,752,8459,0,0.22974154
2016,752,8460,0,0.25814983
2016,752,8461,0,0.31791672
2016,752,8462,0,0.14102569
2016,752,8463,0,0.2044931
2016,752,8464,0,0.23513055
2016,752,8465,0,0.14133134
2016,752,8466,0,0.058808617
2016,752,8467,0,0.054158673
2016,752,8468,0,0.121566996
2016,752,8470,0,0.35053885
2016,752,8471,0,0.046464086
2016,752,8472,1,0.12574868
2016,752,8473,0,0.099607944
2016,752,8474,0,0.08606088
2016,752,8475,0,0.20751046
2016,752,8476,0,0.14880529
2016,752,8477,0,0.13147765
2016,752,8479,0,0.057597432
2016,752,8480,0,0.13129528
2016,752,8481,0,0.029636305
2016,752,8482,0,0.047450922
2016,752,8483,0,0.06284826
2016,752,8484,0,0.055566777
2016,752,8485,0,0.048215576
2016,372,8402,1,0.278439
2016,372,8403,0,0.21473727
2016,372,8405,1,0.70268315
2016,372,8406,1,0.81521946
2016,372,8407,0,0.49389958
2016,372,8409,0,0.15470846
2016,372,8411,0,0.09189091
2016,372,8412,0,0.19480757
2016,372,8413,0,0.07927182
2016,372,8414,0,0.089169405
2016,372,8415,0,0.18763192
2016,372,8418,0,0.1409352
2016,372,8419,0,0.33968207
2016,372,8421,0,0.0862568
2016,372,8422,0,0.14473958
2016,372,8423,0,0.5428441
2016,372,8424,1,0.17220101
2016,372,8425,1,0.21521986
2016,372,8426,0,0.1969394
2016,372,8427,0,0.25949144
2016,372,8428,0,0.18278249
2016,372,8429,0,0.30314586
2016,372,8430,0,0.18759125
2016,372,8431,0,0.123666786
2016,372,8432,0,0.27821022
2016,372,8433,0,0.15567344
2016,372,8434,0,0.32066438
2016,372,8436,0,0.21661231
2016,372,8437,0,0.51246524
2016,372,8438,0,0.42690125
2016,372,8441,1,0.33816385
2016,372,8443,0,0.11646959
2016,372,8448,0,0.2904453
2016,372,8450,1,0.41328898
2016,372,8451,1,0.33934784
2016,372,8456,0,0.37602663
2016,372,8458,1,0.50477034
2016,372,8459,0,0.3694258
2016,372,8462,1,0.4023033
2016,372,8463,0,0.25012273
2016,372,8464,1,0.74479604
2016,372,8465,1,0.37205157
2016,372,8466,0,0.23437208
2016,372,8467,0,0.21219957
2016,372,8468,0,0.268384
2016,372,8470,0,0.15794551
2016,372,8471,1,0.028143616
2016,372,8472,0,0.67418236
2016,372,8473,0,0.06319777
2016,372,8474,0,0.2753817
2016,372,8475,0,0.34007037
2016,372,8476,1,0.25238165
2016,372,8477,1,0.21393438
2016,372,8479,0,0.16672662
2016,372,8480,0,0.1347428
2016,372,8481,1,0.08978531
2016,372,8484,0,0.11265332
2016,372,8485,0,0.13594198
2016,40,8401,1,0.6359519
2016,40,8402,1,0.17705913
2016,40,8403,0,0.130107
2016,40,8404,0,0.28218916
2016,40,8405,1,0.23498341
2016,40,8406,1,0.26957688
2016,40,8407,0,0.15936759
2016,40,8408,0,0.2783678
2016,40,8409,0,0.08760981
2016,40,8410,0,0.2784499
2016,40,8411,0,0.10798104
2016,40,8412,0,0.09255986
2016,40,8413,0,0.03663639
2016,40,8414,1,0.037824187
2016,40,8415,0,0.10842121
2016,40,8416,0,0.15082124
2016,40,8417,1,0.29030252
2016,40,8418,0,0.0658836
2016,40,8419,0,0.0971598
2016,40,8420,0,0.23583417
2016,40,8421,0,0.048166886
2016,40,8422,0,0.08052734
2016,40,8423,0,0.10539886
2016,40,8424,0,0.049459502
2016,40,8425,0,0.10698018
2016,40,8426,0,0.12896544
2016,40,8427,0,0.23818421
2016,40,8428,0,0.5096083
2016,40,8429,0,0.20572773
2016,40,8430,0,0.18779288
2016,40,8431,0,0.046106044
2016,40,8432,0,0.11348958
2016,40,8433,0,0.119478166
2016,40,8434,1,0.3510845
2016,40,8435,0,0.11601807
2016,40,8436,0,0.119123615
2016,40,8437,0,0.091837406
2016,40,8438,0,0.05882353
2016,40,8439,0,0.11622233
2016,40,8440,0,0.23104891
2016,40,8441,0,0.12055761
2016,40,8442,0,0.14101778
2016,40,8443,0,0.089938685
2016,40,8444,1,0.27879196
2016,40,8445,1,0.47203833
2016,40,8446,0,0.37624177
2016,40,8447,0,0.26872143
2016,40,8448,0,0.21569863
2016,40,8449,0,0.6072926
2016,40,8450,0,0.4044686
2016,40,8451,1,0.10865397
2016,40,8452,0,0.105874844
2016,40,8453,0,0.31322482
2016,40,8454,1,0.6037672
2016,40,8455,0,0.14851004
2016,40,8456,0,0.22484525
2016,40,8457,0,0.23836045
2016,40,8458,0,0.17141585
2016,40,8459,0,0.16609885
2016,40,8461,1,0.16786714
2016,40,8462,0,0.13797036
2016,40,8463,0,0.21926424
2016,40,8464,0,0.3250211
2016,40,8465,0,0.12045184
2016,40,8466,0,0.10336809
2016,40,8467,0,0.0929828
2016,40,8468,0,0.122997865
2016,40,8470,0,0.47744486
2016,40,8471,1,0.033739958
2016,40,8472,1,0.117904514
2016,40,8473,0,0.14565414
2016,40,8474,0,0.12650017
2016,40,8475,0,0.34412542
2016,40,8476,0,0.34529346
2016,40,8477,0,0.07971815
2016,40,8478,0,0.20450006
2016,40,8479,0,0.044797305
2016,40,8480,0,0.092190154
2016,40,8481,0,0.03401806
2016,40,8482,0,0.074599266
2016,40,8483,0,0.09259475
2016,40,8484,0,0.064245895
2016,40,8485,0,0.12620437
2016,724,8401,1,0.30099902
2016,724,8402,1,0.5457828
2016,724,8403,0,0.16922471
2016,724,8404,0,0.45419046
2016,724,8405,1,0.5126271
2016,724,8406,0,0.15987314
2016,724,8407,0,0.09087656
2016,724,8408,0,0.17450257
2016,724,8409,0,0.04460411
2016,724,8410,1,0.14171225
2016,724,8411,0,0.07358208
2016,724,8412,0,0.09620947
2016,724,8413,0,0.032320425
2016,724,8414,0,0.028747983
2016,724,8415,0,0.05251
2016,724,8416,0,0.11212846
2016,724,8417,0,0.13175341
2016,724,8418,0,0.034006935
2016,724,8419,0,0.07988841
2016,724,8420,0,0.11841795
2016,724,8421,0,0.053847328
2016,724,8422,0,0.034205765
2016,724,8423,0,0.05185168
2016,724,8424,0,0.03800858
2016,724,8425,1,0.09555149
2016,724,8426,0,0.09293831
2016,724,8427,0,0.18261231
2016,724,8428,0,0.06614786
2016,724,8430,0,0.08757906
2016,724,8431,0,0.02539016
2016,724,8432,0,0.0997465
2016,724,8433,0,0.11467057
2016,724,8434,1,0.3044248
2016,724,8435,0,0.2266227
2016,724,8436,0,0.06987521
2016,724,8437,0,0.35010156
2016,724,8438,0,0.037970915
2016,724,8439,0,0.21610169
2016,724,8440,0,0.1334977
2016,724,8441,0,0.07476868
2016,724,8442,0,0.18849744
2016,724,8443,0,0.045140103
2016,724,8444,1,0.33543172
2016,724,8445,1,0.12573344
2016,724,8446,0,0.2857353
2016,724,8447,0,0.24090058
2016,724,8448,0,0.11528612
2016,724,8449,0,0.34224984
2016,724,8450,0,0.107595176
2016,724,8451,1,0.14302626
2016,724,8452,0,0.5249248
2016,724,8453,0,0.19014348
2016,724,8454,0,0.13179606
2016,724,8455,0,0.6980485
2016,724,8456,0,0.23447186
2016,724,8457,0,0.17950618
2016,724,8458,0,0.18599652
2016,724,8459,0,0.12943433
2016,724,8460,1,0.38416278
2016,724,8461,1,0.11915137
2016,724,8462,0,0.086986676
2016,724,8463,0,0.160509
2016,724,8464,0,0.20624176
2016,724,8465,0,0.10754146
2016,724,8466,0,0.04715043
2016,724,8467,0,0.09188856
2016,724,8468,0,0.1523851
2016,724,8470,0,0.097283274
2016,724,8471,0,0.048777092
2016,724,8472,1,0.1373938
2016,724,8473,0,0.10166814
2016,724,8474,0,0.04500514
2016,724,8475,0,0.33178854
2016,724,8476,0,0.16333479
2016,724,8477,0,0.09369029
2016,724,8478,0,0.12483119
2016,724,8479,0,0.10225808
2016,724,8480,0,0.08325112
2016,724,8481,0,0.028324505
2016,724,8482,0,0.060980413
2016,724,8483,0,0.07883989
2016,724,8484,0,0.05736069
2016,724,8485,0,0.07724504
2017,842,8401,1,0.15998378
2017,842,8402,0,0.12563676
2017,842,8403,0,0.10250633
2017,842,8404,1,0.20296346
2017,842,8405,0,0.15110843
2017,842,8406,1,0.14058112
2017,842,8407,0,0.08284777
2017,842,8408,0,0.3025426
2017,842,8409,0,0.045638014
2017,842,8410,0,0.12683041
2017,842,8411,0,0.075633384
2017,842,8412,0,0.053809557
2017,842,8413,0,0.048682645
2017,842,8414,0,0.08142703
2017,842,8415,0,0.060047247
2017,842,8416,0,0.10935557
2017,842,8417,0,0.13330944
2017,842,8418,0,0.07254005
2017,842,8419,0,0.1023073
2017,842,8420,0,0.07676757
2017,842,8421,0,0.0823152
2017,842,8422,0,0.062108055
2017,842,8423,0,0.063919395
2017,842,8424,0,0.04278331
2017,842,8425,0,0.12739912
2017,842,8426,0,0.17000341
2017,842,8427,0,0.049096584
2017,842,8428,0,0.11911573
2017,842,8429,0,0.052474428
2017,842,8431,0,0.042367887
2017,842,8432,0,0.08232317
2017,842,8433,0,0.042613987
2017,842,8434,0,0.10655724
2017,842,8435,0,0.14199877
2017,842,8436,0,0.03907389
2017,842,8437,0,0.08981639
2017,842,8438,0,0.041472174
2017,842,8439,0,0.13838182
2017,842,8440,1,0.15493532
2017,842,8441,0,0.11237081
2017,842,8442,0,0.25897968
2017,842,8443,0,0.0268109
2017,842,8444,1,0.28869855
2017,842,8445,0,0.12971729
2017,842,8446,0,0.4473658
2017,842,8447,1,0.19777286
2017,842,8448,0,0.05212639
2017,842,8449,1,0.52949685
2017,842,8450,0,0.10709727
2017,842,8451,0,0.037271146
2017,842,8452,0,0.08276776
2017,842,8453,0,0.17691389
2017,842,8454,0,0.14234796
2017,842,8455,0,0.14385612
2017,842,8456,0,0.0906758
2017,842,8457,0,0.20235913
2017,842,8458,0,0.08208505
2017,842,8459,0,0.11251265
2017,842,8460,0,0.05899997
2017,842,8461,0,0.068135455
2017,842,8462,0,0.09646842
2017,842,8463,0,0.099216506
2017,842,8464,0,0.07508941
2017,842,8465,0,0.05591064
2017,842,8466,0,0.021960689
2017,842,8467,0,0.04297654
2017,842,8468,0,0.21719594
2017,842,8470,1,0.2745976
2017,842,8471,0,0.054691948
2017,842,8472,0,0.038822357
2017,842,8473,0,0.05939176
2017,842,8474,0,0.13312066
2017,842,8475,0,0.16010204
2017,842,8476,0,0.140711
2017,842,8477,0,0.037869293
2017,842,8478,0,0.14626835
2017,842,8479,0,0.045176454
2017,842,8480,0,0.41065767
2017,842,8481,0,0.055435736
2017,842,8482,0,0.0274651
2017,842,8483,0,0.06002812
2017,842,8484,0,0.037010476
2017,842,8485,0,0.074094005
2017,276,8401,0,0.22150475
2017,276,8402,0,0.08107453
2017,276,8403,0,0.066284746
2017,276,8404,1,0.17452349
2017,276,8405,0,0.3669609
2017,276,8406,1,0.5265422
2017,276,8407,0,0.04007836
2017,276,8408,0,0.024709132
2017,276,8409,0,0.021028446
2017,276,8410,1,0.15202498
2017,276,8411,0,0.07159758
2017,276,8412,0,0.03963872
2017,276,8413,0,0.026001941
2017,276,8414,0,0.03160047
2017,276,8415,0,0.0348789
2017,276,8416,0,0.04228471
2017,276,8417,0,0.074602425
2017,276,8418,0,0.050282657
2017,276,8419,0,0.08773911
2017,276,8420,0,0.077363744
2017,276,8421,0,0.029182324
2017,276,8422,0,0.069815435
2017,276,8423,0,0.04399532
2017,276,8424,0,0.037213717
2017,276,8425,0,0.052219562
2017,276,8426,0,0.13398802
2017,276,8427,0,0.044049695
2017,276,8428,0,0.07679355
2017,276,8429,0,0.026793294
2017,276,8430,0,0.044268098
2017,276,8431,0,0.019230323
2017,276,8432,0,0.047284253
2017,276,8433,0,0.042916786
2017,276,8434,0,0.045923978
2017,276,8435,0,0.12490247
2017,276,8436,0,0.025295794
2017,276,8437,0,0.061163697
2017,276,8438,0,0.031495374
2017,276,8439,0,0.10415692
2017,276,8440,0,0.039177343
2017,276,8441,0,0.06612697
2017,276,8442,1,0.09042167
2017,276,8443,0,0.036619868
2017,276,8444,0,0.39198217
2017,276,8445,0,0.20551983
2017,276,8446,0,0.15609555
2017,276,8447,1,0.0926423
2017,276,8448,0,0.03942139
2017,276,8449,1,0.15132922
2017,276,8450,0,0.08886893
2017,276,8451,0,0.03891092
2017,276,8452,0,0.027682774
2017,276,8453,0,0.084465034
2017,276,8454,0,0.11766293
2017,276,8455,0,0.109256245
2017,276,8456,0,0.08610574
2017,276,8457,0,0.09958504
2017,276,8458,0,0.04753504
2017,276,8459,0,0.055142354
2017,276,8460,0,0.050846547
2017,276,8461,0,0.08179484
2017,276,8462,0,0.04653034
2017,276,8463,0,0.11969778
2017,276,8464,0,0.036262035
2017,276,8465,0,0.03738669
2017,276,8466,0,0.017872084
2017,276,8467,0,0.047407202
2017,276,8468,0,0.05130919
2017,276,8470,0,0.16025281
2017,276,8471,0,0.030822514
2017,276,8472,0,0.03219795
2017,276,8473,0,0.07023108
2017,276,8474,0,0.069456294
2017,276,8475,0,0.16163762
2017,276,8476,0,0.10315847
2017,276,8477,0,0.031280547
2017,276,8478,0,0.06756202
2017,276,8479,0,0.02509054
2017,276,8480,0,0.07237107
2017,276,8481,0,0.03663946
2017,276,8482,0,0.020915713
2017,276,8483,0,0.024264716
2017,276,8484,0,0.026164176
2017,276,8485,0,0.029622862
2017,392,8401,0,0.33050206
2017,392,8402,0,0.3264449
2017,392,8403,0,0.17509183
2017,392,8404,0,0.29117978
2017,392,8405,0,0.16654597
2017,392,8406,1,0.16836987
2017,392,8407,0,0.033995807
2017,392,8408,0,0.038943827
2017,392,8409,0,0.023195634
2017,392,8411,0,0.07306108
2017,392,8412,0,0.046475273
2017,392,8413,0,0.030602448
2017,392,8414,0,0.03701126
2017,392,8415,0,0.03125404
2017,392,8416,0,0.16415569
2017,392,8417,0,0.13730292
2017,392,8418,0,0.05456987
2017,392,8419,0,0.077716574
2017,392,8420,0,0.17884266
2017,392,8421,0,0.039259586
2017,392,8422,0,0.039584137
2017,392,8423,0,0.08385708
2017,392,8424,0,0.034895945
2017,392,8425,0,0.089560434
2017,392,8426,0,0.11451967
2017,392,8427,0,0.02147745
2017,392,8428,0,0.068092115
2017,392,8429,0,0.055581193
2017,392,8430,0,0.100769356
2017,392,8431,0,0.034142353
2017,392,8432,1,0.073905006
2017,392,8433,0,0.049375582
2017,392,8434,1,0.37841418
2017,392,8435,1,0.41240743
2017,392,8436,0,0.09354115
2017,392,8437,0,0.12634929
2017,392,8438,0,0.05065971
2017,392,8439,0,0.17880234
2017,392,8440,0,0.120178536
2017,392,8441,0,0.07010376
2017,392,8442,0,0.13669807
2017,392,8443,0,0.046817947
2017,392,8444,1,0.25994894
2017,392,8445,0,0.24656689
2017,392,8446,0,0.19021426
2017,392,8447,1,0.104611084
2017,392,8448,0,0.07158415
2017,392,8449,1,0.31359014
2017,392,8450,0,0.15345757
2017,392,8451,0,0.07275549
2017,392,8452,0,0.037127014
2017,392,8453,1,0.15056048
2017,392,8454,0,0.16956902
2017,392,8455,0,0.16688699
2017,392,8456,0,0.1186063
2017,392,8457,0,0.11795064
2017,392,8458,0,0.07481229
2017,392,8459,0,0.07878152
2017,392,8460,0,0.07860735
2017,392,8461,0,0.12905605
2017,392,8462,0,0.08587664
2017,392,8463,0,0.11240409
2017,392,8464,0,0.14421728
2017,392,8465,0,0.07549027
2017,392,8466,0,0.036504682
2017,392,8467,0,0.0408468
2017,392,8468,0,0.10637776
2017,392,8469,1,0.2481612
2017,392,8470,0,0.118326835
2017,392,8471,0,0.033538625
2017,392,8472,1,0.0477003
2017,392,8473,0,0.099359915
2017,392,8474,0,0.07823905
2017,392,8475,0,0.19980901
2017,392,8476,0,0.2058715
2017,392,8477,0,0.055442926
2017,392,8478,0,0.48051226
2017,392,8479,0,0.10575071
2017,392,8480,0,0.066736184
2017,392,8481,0,0.032579485
2017,392,8482,0,0.018961212
2017,392,8483,0,0.037667923
2017,392,8484,0,0.022877509
2017,392,8485,0,0.041810468
2017,156,8401,0,0.20557593
2017,156,8402,0,0.038511887
2017,156,8403,0,0.024092533
2017,156,8404,0,0.33914536
2017,156,8405,0,0.15605666
2017,156,8406,1,0.11965372
2017,156,8407,0,0.04276027
2017,156,8408,0,0.019643912
2017,156,8409,0,0.01921404
2017,156,8411,0,0.030280001
2017,156,8412,0,0.014935877
2017,156,8413,0,0.02407897
2017,156,8414,0,0.035176437
2017,156,8415,0,0.0364685
2017,156,8416,0,0.10273306
2017,156,8417,0,0.054776035
2017,156,8418,0,0.036834795
2017,156,8419,0,0.06311375
2017,156,8420,0,0.050366666
2017,156,8421,0,0.031220047
2017,156,8422,0,0.017198417
2017,156,8423,0,0.029143358
2017,156,8424,0,0.028571693
2017,156,8425,0,0.051325332
2017,156,8426,0,0.050313234
2017,156,8427,0,0.025367735
2017,156,8428,0,0.043852005
2017,156,8431,0,0.014956735
2017,156,8432,0,0.016383564
2017,156,8433,0,0.03405236
2017,156,8434,0,0.047463216
2017,156,8436,0,0.013712507
2017,156,8439,0,0.03712753
2017,156,8440,0,0.032911446
2017,156,8441,0,0.03240667
2017,156,8442,0,0.032863617
2017,156,8443,0,0.018197844
2017,156,8444,0,0.14343248
2017,156,8445,0,0.08256221
2017,156,8446,0,0.2038085
2017,156,8447,0,0.078033954
2017,156,8448,0,0.014367237
2017,156,8449,0,0.18474379
2017,156,8450,0,0.09219933
2017,156,8451,0,0.03618817
2017,156,8452,0,0.03639385
2017,156,8453,0,0.05067119
2017,156,8454,0,0.06627237
2017,156,8455,0,0.05385347
2017,156,8456,0,0.022008702
2017,156,8457,0,0.045691334
2017,156,8458,0,0.01631993
2017,156,8459,0,0.0314892
2017,156,8460,0,0.021659546
2017,156,8461,0,0.018355396
2017,156,8462,0,0.017697737
2017,156,8463,0,0.057480723
2017,156,8464,0,0.026448673
2017,156,8465,0,0.035184443
2017,156,8466,0,0.014571585
2017,156,8467,0,0.02562418
2017,156,8468,0,0.04362095
2017,156,8470,0,0.052904308
2017,156,8471,0,0.02174058
2017,156,8472,0,0.025433542
2017,156,8473,0,0.04829863
2017,156,8475,0,0.20714208
2017,156,8476,0,0.04936901
2017,156,8477,0,0.020730134
2017,156,8479,0,0.01621637
2017,156,8480,0,0.021689303
2017,156,8481,0,0.03830935
2017,156,8482,0,0.02019595
2017,156,8483,0,0.02470885
2017,156,8484,0,0.030212248
2017,380,8401,1,0.53332514
2017,380,8402,0,0.18661365
2017,380,8403,0,0.04640681
2017,380,8404,0,0.33290872
2017,380,8405,0,0.43317384
2017,380,8406,0,0.17656514
2017,380,8407,0,0.13202359
2017,380,8408,0,0.0344475
2017,380,8409,0,0.02612555
2017,380,8411,0,0.08740282
2017,380,8412,0,0.055350505
2017,380,8413,0,0.042652357
2017,380,8414,0,0.035094377
2017,380,8415,0,0.047374982
2017,380,8416,0,0.11155926
2017,380,8417,0,0.1669359
2017,380,8418,0,0.056756526
2017,380,8419,0,0.107881784
2017,380,8420,0,0.115375124
2017,380,8421,0,0.053010993
2017,380,8422,0,0.058011103
2017,380,8423,0,0.06710094
2017,380,8424,0,0.03929648
2017,380,8425,0,0.103078954
2017,380,8426,0,0.10448136
2017,380,8427,0,0.037543453
2017,380,8428,0,0.08604235
2017,380,8429,0,0.030463574
2017,380,8430,0,0.06499308
2017,380,8431,0,0.022158632
2017,380,8432,0,0.036797374
2017,380,8433,0,0.046065237
2017,380,8434,0,0.05187595
2017,380,8435,0,0.114894785
2017,380,8436,0,0.025371535
2017,380,8437,0,0.18042818
2017,380,8438,0,0.04550624
2017,380,8439,0,0.10509704
2017,380,8440,0,0.108764574
2017,380,8441,0,0.09326331
2017,380,8442,0,0.136979
2017,380,8443,0,0.028417753
2017,380,8444,0,0.11126542
2017,380,8445,0,0.22618525
2017,380,8446,0,0.24816467
2017,380,8447,0,0.12417095
2017,380,8448,0,0.04985739
2017,380,8449,0,0.29485643
2017,380,8450,0,0.05939282
2017,380,8451,0,0.030564448
2017,380,8453,0,0.043397244
2017,380,8454,0,0.0870255
2017,380,8455,0,0.1626112
2017,380,8456,0,0.11855869
2017,380,8457,0,0.07536984
2017,380,8458,0,0.04667487
2017,380,8459,0,0.07657493
2017,380,8460,0,0.0522071
2017,380,8461,0,0.058756985
2017,380,8462,0,0.040555228
2017,380,8463,0,0.06903345
2017,380,8464,0,0.054226343
2017,380,8465,0,0.043264627
2017,380,8466,0,0.02956235
2017,380,8467,0,0.036634125
2017,380,8468,0,0.19115128
2017,380,8470,0,0.14815627
2017,380,8471,0,0.030925388
2017,380,8472,0,0.087898
2017,380,8473,0,0.07709955
2017,380,8474,0,0.12137243
2017,380,8475,0,0.08515562
2017,380,8476,0,0.13386822
2017,380,8477,0,0.02169868
2017,380,8478,0,0.15319131
2017,380,8479,0,0.017093414
2017,380,8480,0,0.083787315
2017,380,8481,0,0.03541657
2017,380,8482,0,0.04777831
2017,380,8483,0,0.044544324
2017,380,8484,0,0.07481802
2017,380,8485,0,0.06348182
2017,826,8401,0,0.23543108
2017,826,8402,0,0.17273942
2017,826,8403,0,0.47090676
2017,826,8404,0,0.15817873
2017,826,8405,1,0.56513125
2017,826,8406,0,0.15126742
2017,826,8407,0,0.066350326
2017,826,8408,0,0.1502936
2017,826,8409,0,0.024719805
2017,826,8410,0,0.15379198
2017,826,8411,0,0.049325794
2017,826,8412,0,0.06343614
2017,826,8413,0,0.043470208
2017,826,8414,0,0.04803383
2017,826,8415,0,0.04351774
2017,826,8416,0,0.123055086
2017,826,8417,0,0.11207385
2017,826,8418,0,0.06162387
2017,826,8419,0,0.083068594
2017,826,8420,0,0.2076333
2017,826,8421,0,0.08147405
2017,826,8422,0,0.06919435
2017,826,8423,0,0.05533033
2017,826,8424,0,0.029029842
2017,826,8425,0,0.16825102
2017,826,8426,0,0.11197287
2017,826,8427,0,0.03404692
2017,826,8428,0,0.06847998
2017,826,8429,0,0.024483103
2017,826,8430,0,0.17575033
2017,826,8431,0,0.08758403
2017,826,8432,0,0.04021043
2017,826,8433,0,0.08367512
2017,826,8434,0,0.094711654
2017,826,8435,0,0.34422314
2017,826,8436,0,0.054410174
2017,826,8437,0,0.10196763
2017,826,8438,0,0.028899165
2017,826,8439,0,0.15450984
2017,826,8440,0,0.11941628
2017,826,8441,0,0.12580532
2017,826,8442,0,0.09154544
2017,826,8443,0,0.05074007
2017,826,8444,0,0.29942036
2017,826,8445,0,0.24858835
2017,826,8446,0,0.4984739
2017,826,8447,0,0.088342816
2017,826,8448,0,0.060879473
2017,826,8449,0,0.8314482
2017,826,8450,0,0.12460287
2017,826,8451,0,0.06186965
2017,826,8453,0,0.15783216
2017,826,8454,0,0.15835369
2017,826,8455,0,0.17360339
2017,826,8456,0,0.08753946
2017,826,8457,0,0.22361988
2017,826,8458,0,0.14577858
2017,826,8459,0,0.10943201
2017,826,8460,0,0.08248189
2017,826,8461,0,0.14490612
2017,826,8462,0,0.08679639
2017,826,8463,0,0.09272075
2017,826,8464,0,0.09125703
2017,826,8465,0,0.04111989
2017,826,8466,0,0.02001118
2017,826,8467,0,0.03113333
2017,826,8468,0,0.1601182
2017,826,8470,0,0.23170334
2017,826,8471,0,0.037906546
2017,826,8472,0,0.052092046
2017,826,8473,0,0.05813617
2017,826,8474,0,0.10865025
2017,826,8475,0,0.117628
2017,826,8476,0,0.095388174
2017,826,8477,0,0.03336205
2017,826,8478,1,0.16235636
2017,826,8479,0,0.021621773
2017,826,8480,0,0.11776965
2017,826,8481,0,0.107231125
2017,826,8482,0,0.022511477
2017,826,8483,0,0.0448496
2017,826,8484,0,0.037340607
2017,826,8485,0,0.040957876
2017,251,8401,1,0.6711665
2017,251,8403,0,0.099801734
2017,251,8404,0,0.23034757
2017,251,8405,1,0.4421521
2017,251,8406,1,0.20943575
2017,251,8407,0,0.096226506
2017,251,8408,0,0.05631291
2017,251,8409,0,0.02462634
2017,251,8411,0,0.10037772
2017,251,8412,0,0.09505496
2017,251,8413,0,0.05477293
2017,251,8414,0,0.07886213
2017,251,8415,0,0.0747423
2017,251,8416,0,0.5037924
2017,251,8417,0,0.14727357
2017,251,8418,0,0.077056244
2017,251,8419,0,0.09034822
2017,251,8420,0,0.16584755
2017,251,8421,0,0.062199052
2017,251,8422,0,0.05987619
2017,251,8424,0,0.07366677
2017,251,8425,0,0.10962502
2017,251,8426,0,0.21146661
2017,251,8427,0,0.04873649
2017,251,8428,0,0.1056499
2017,251,8429,0,0.037630085
2017,251,8430,0,0.10613757
2017,251,8431,0,0.03035462
2017,251,8432,0,0.039744344
2017,251,8433,0,0.05926224
2017,251,8434,0,0.08362266
2017,251,8435,0,0.116337866
2017,251,8436,0,0.045728788
2017,251,8438,0,0.069409095
2017,251,8439,0,0.17232713
2017,251,8441,0,0.14028078
2017,251,8442,1,0.22440742
2017,251,8443,0,0.047536224
2017,251,8444,0,0.1468983
2017,251,8445,0,0.25224465
2017,251,8446,0,0.14055005
2017,251,8447,0,0.40050852
2017,251,8448,0,0.103082344
2017,251,8449,0,0.24899122
2017,251,8450,0,0.1706486
2017,251,8451,0,0.04306108
2017,251,8453,0,0.29641956
2017,251,8454,0,0.16737776
2017,251,8455,0,0.14656779
2017,251,8456,0,0.14460397
2017,251,8457,1,0.14259851
2017,251,8458,0,0.1720162
2017,251,8459,0,0.10811136
2017,251,8460,0,0.081932575
2017,251,8461,0,0.09528601
2017,251,8462,0,0.10975005
2017,251,8463,0,0.22794412
2017,251,8464,0,0.11005736
2017,251,8465,0,0.15449731
2017,251,8466,0,0.034191195
2017,251,8467,0,0.10120196
2017,251,8468,1,0.17349464
2017,251,8470,0,0.26752836
2017,251,8471,0,0.035888698
2017,251,8472,1,0.062909216
2017,251,8473,0,0.08737436
2017,251,8475,0,0.18533495
2017,251,8476,0,0.116868995
2017,251,8477,0,0.062880784
2017,251,8478,0,0.19870988
2017,251,8479,0,0.024284795
2017,251,8480,0,0.07004941
2017,251,8481,0,0.051018793
2017,251,8482,0,0.026410269
2017,251,8483,0,0.05622582
2017,251,8484,0,0.086070426
2017,251,8485,0,0.08850508
2017,490,8402,1,0.17803077
2017,490,8403,1,0.7489598
2017,490,8404,1,0.1906853
2017,490,8405,0,0.49942893
2017,490,8406,1,0.7311082
2017,490,8407,0,0.18324094
2017,490,8408,0,0.08229586
2017,490,8409,0,0.04055156
2017,490,8410,0,0.72107273
2017,490,8411,0,0.0987296
2017,490,8412,0,0.07635105
2017,490,8413,0,0.03698442
2017,490,8414,0,0.042185437
2017,490,8415,0,0.04896372
2017,490,8416,0,0.13246112
2017,490,8417,0,0.19520414
2017,490,8418,0,0.035571747
2017,490,8419,0,0.065603755
2017,490,8420,0,0.4294965
2017,490,8421,0,0.057819262
2017,490,8422,0,0.04083816
2017,490,8423,0,0.053372893
2017,490,8424,0,0.039506678
2017,490,8425,0,0.13512275
2017,490,8426,1,0.17780636
2017,490,8427,0,0.07008556
2017,490,8428,0,0.12351676
2017,490,8429,0,0.45033997
2017,490,8430,0,0.16379957
2017,490,8431,0,0.05404908
2017,490,8432,0,0.1263116
2017,490,8433,0,0.06302216
2017,490,8434,0,0.17232361
2017,490,8435,1,0.2353243
2017,490,8436,0,0.100355774
2017,490,8437,0,0.107267834
2017,490,8438,0,0.041969515
2017,490,8439,0,0.22632667
2017,490,8440,0,0.19814777
2017,490,8441,0,0.05255571
2017,490,8442,0,0.20157301
2017,490,8443,0,0.03559397
2017,490,8444,0,0.22056638
2017,490,8445,1,0.17705715
2017,490,8446,0,0.15224786
2017,490,8447,0,0.065145634
2017,490,8448,0,0.06528179
2017,490,8449,1,0.6452812
2017,490,8450,1,0.14330986
2017,490,8451,0,0.08290358
2017,490,8452,0,0.040316943
2017,490,8453,0,0.17748903
2017,490,8454,0,0.18289198
2017,490,8455,0,0.110538274
2017,490,8456,0,0.18464847
2017,490,8457,0,0.07914535
2017,490,8458,0,0.069973096
2017,490,8459,0,0.1601294
2017,490,8460,0,0.07459472
2017,490,8461,0,0.09119553
2017,490,8462,0,0.07696707
2017,490,8463,0,0.12715548
2017,490,8464,0,0.14463383
2017,490,8465,0,0.063577995
2017,490,8466,0,0.038769715
2017,490,8467,0,0.07348941
2017,490,8468,0,0.14950408
2017,490,8470,0,0.11753083
2017,490,8471,0,0.04494292
2017,490,8472,0,0.057387047
2017,490,8473,0,0.09614574
2017,490,8474,0,0.11388863
2017,490,8475,0,0.56786424
2017,490,8476,0,0.1264762
2017,490,8477,0,0.028148625
2017,490,8478,1,0.15659219
2017,490,8479,0,0.12714873
2017,490,8480,0,0.07743946
2017,490,8481,0,0.04921767
2017,490,8482,0,0.029353995
2017,490,8483,0,0.05102944
2017,490,8484,0,0.043299172
2017,490,8485,1,0.09863633
2017,702,8402,0,0.24747796
2017,702,8407,0,0.07436186
2017,702,8408,0,0.13227785
2017,702,8410,0,0.227688
2017,702,8411,0,0.09844295
2017,702,8412,0,0.07348081
2017,702,8413,0,0.029376596
2017,702,8414,0,0.035101883
2017,702,8416,0,0.17891185
2017,702,8417,0,0.19725484
2017,702,8418,0,0.071156435
2017,702,8419,0,0.08118891
2017,702,8420,0,0.17755073
2017,702,8421,0,0.04680333
2017,702,8422,0,0.08393764
2017,702,8423,0,0.11003702
2017,702,8424,0,0.055094063
2017,702,8425,1,0.24688171
2017,702,8426,0,0.090495996
2017,702,8428,0,0.08025342
2017,702,8430,0,0.13546883
2017,702,8431,0,0.03651833
2017,702,8432,1,0.38219905
2017,702,8433,0,0.40679067
2017,702,8434,0,0.53906286
2017,702,8435,1,0.3898858
2017,702,8436,0,0.109714784
2017,702,8437,0,0.11718929
2017,702,8439,0,0.20882975
2017,702,8441,1,0.52974164
2017,702,8442,0,0.22243969
2017,702,8443,0,0.048570253
2017,702,8445,0,0.39498457
2017,702,8448,1,0.2798116
2017,702,8449,0,0.7224148
2017,702,8451,0,0.1100986
2017,702,8452,0,0.15965424
2017,702,8453,1,0.2570014
2017,702,8454,0,0.23748113
2017,702,8455,1,0.2916022
2017,702,8456,0,0.16669764
2017,702,8457,0,0.38431296
2017,702,8458,0,0.10586699
2017,702,8459,0,0.15198903
2017,702,8460,0,0.109184414
2017,702,8461,1,0.3004641
2017,702,8462,0,0.10152842
2017,702,8463,0,0.2190825
2017,702,8464,0,0.18505976
2017,702,8465,0,0.12989952
2017,702,8466,0,0.1536732
2017,702,8467,0,0.085825935
2017,702,8468,1,0.11849072
2017,702,8470,0,0.13816339
2017,702,8471,1,0.029241288
2017,702,8473,0,0.054851755
2017,702,8474,0,0.09232377
2017,702,8475,0,0.49381837
2017,702,8477,0,0.09560404
2017,702,8478,1,0.28892905
2017,702,8479,0,0.10144492
2017,702,8480,0,0.20397593
2017,702,8481,0,0.058494877
2017,702,8482,0,0.030362496
2017,702,8483,0,0.02976465
2017,702,8484,0,0.071642704
2017,702,8485,0,0.060695168
2017,528,8401,1,0.20332892
2017,528,8403,0,0.07315051
2017,528,8404,1,0.42611313
2017,528,8405,1,0.22617002
2017,528,8407,0,0.13201466
2017,528,8408,0,0.04603536
2017,528,8409,0,0.036598526
2017,528,8410,1,0.21894093
2017,528,8411,0,0.14402124
2017,528,8412,0,0.044827748
2017,528,8413,0,0.03865516
2017,528,8414,0,0.059145197
2017,528,8415,0,0.060339767
2017,528,8416,0,0.16101871
2017,528,8417,0,0.14319481
2017,528,8418,0,0.082338676
2017,528,8419,0,0.074024715
2017,528,8420,0,0.19485971
2017,528,8421,0,0.062642515
2017,528,8422,0,0.10552422
2017,528,8423,0,0.09185984
2017,528,8424,0,0.06360095
2017,528,8425,0,0.14130335
2017,528,8426,0,0.14127038
2017,528,8427,0,0.030211862
2017,528,8428,0,0.07473469
2017,528,8429,0,0.03682456
2017,528,8430,0,0.051852323
2017,528,8431,0,0.026293686
2017,528,8432,0,0.030325115
2017,528,8433,0,0.07468997
2017,528,8434,0,0.080896795
2017,528,8435,1,0.53229046
2017,528,8436,0,0.029050125
2017,528,8437,0,0.06220399
2017,528,8438,0,0.04559942
2017,528,8439,1,0.21725634
2017,528,8440,0,0.08601095
2017,528,8441,0,0.09338668
2017,528,8442,0,0.12323401
2017,528,8443,0,0.03987516
2017,528,8444,0,0.31796798
2017,528,8445,0,0.45658132
2017,528,8446,0,0.21235675
2017,528,8447,1,0.36391622
2017,528,8448,0,0.17322648
2017,528,8449,1,0.70711327
2017,528,8450,0,0.25773454
2017,528,8451,0,0.11671282
2017,528,8453,0,0.22442433
2017,528,8454,1,0.37722504
2017,528,8455,0,0.21660507
2017,528,8456,0,0.089816585
2017,528,8457,0,0.16448857
2017,528,8458,0,0.12461623
2017,528,8459,0,0.14995036
2017,528,8460,0,0.114712805
2017,528,8461,0,0.12524806
2017,528,8462,0,0.097869985
2017,528,8463,1,0.50795794
2017,528,8464,0,0.13845955
2017,528,8465,0,0.18202852
2017,528,8466,0,0.042425394
2017,528,8467,0,0.042331714
2017,528,8468,0,0.19628929
2017,528,8470,0,0.20184164
2017,528,8471,0,0.03205501
2017,528,8472,0,0.060834143
2017,528,8473,0,0.11202821
2017,528,8474,0,0.09338244
2017,528,8475,0,0.14851129
2017,528,8476,0,0.21244091
2017,528,8477,0,0.07936086
2017,528,8478,0,0.13102055
2017,528,8479,0,0.055399444
2017,528,8480,0,0.07125908
2017,528,8481,0,0.046648353
2017,528,8482,0,0.059201393
2017,528,8483,0,0.04100947
2017,528,8484,0,0.053360067
2017,528,8485,0,0.07426837
2017,410,8401,1,0.6056614
2017,410,8402,1,0.17729853
2017,410,8403,0,0.08177758
2017,410,8404,1,0.13144106
2017,410,8405,1,0.21037199
2017,410,8406,0,0.24819154
2017,410,8407,0,0.049675055
2017,410,8408,0,0.039499305
2017,410,8409,0,0.024662005
2017,410,8410,0,0.19317
2017,410,8411,0,0.06985005
2017,410,8412,0,0.062969685
2017,410,8413,0,0.025958225
2017,410,8414,0,0.03481344
2017,410,8415,0,0.02725571
2017,410,8416,1,0.20967029
2017,410,8417,0,0.13256124
2017,410,8418,0,0.09011035
2017,410,8419,0,0.11689318
2017,410,8420,0,0.19269301
2017,410,8421,0,0.038044095
2017,410,8422,0,0.054911904
2017,410,8423,0,0.0772551
2017,410,8424,0,0.03461232
2017,410,8425,0,0.10629826
2017,410,8426,0,0.11700791
2017,410,8427,0,0.050307058
2017,410,8428,0,0.047830164
2017,410,8429,0,0.034158994
2017,410,8431,0,0.027085226
2017,410,8432,0,0.10847384
2017,410,8433,0,0.42453682
2017,410,8434,1,0.17544918
2017,410,8435,0,0.11823523
2017,410,8436,0,0.6632125
2017,410,8437,0,0.085948296
2017,410,8438,0,0.07230261
2017,410,8439,0,0.13908036
2017,410,8440,0,0.10824438
2017,410,8441,0,0.06645219
2017,410,8442,0,0.23690629
2017,410,8443,0,0.036722597
2017,410,8444,0,0.17410892
2017,410,8445,0,0.33769336
2017,410,8446,0,0.2377239
2017,410,8447,1,0.15043683
2017,410,8448,0,0.12839374
2017,410,8449,0,0.22245106
2017,410,8450,1,0.043136466
2017,410,8451,0,0.06110083
2017,410,8452,0,0.16554108
2017,410,8453,0,0.22659
2017,410,8454,0,0.16070515
2017,410,8455,0,0.14076756
2017,410,8456,1,0.18556342
2017,410,8457,0,0.11039941
2017,410,8458,0,0.054572035
2017,410,8459,0,0.07022907
2017,410,8460,0,0.12208701
2017,410,8461,0,0.1382323
2017,410,8462,0,0.08328071
2017,410,8463,0,0.13362677
2017,410,8464,0,0.2359746
2017,410,8465,1,0.11408217
2017,410,8466,0,0.051425256
2017,410,8467,0,0.04408389
2017,410,8468,0,0.19301799
2017,410,8470,0,0.21900477
2017,410,8471,0,0.041351087
2017,410,8472,0,0.04941539
2017,410,8473,0,0.10278418
2017,410,8474,0,0.10726426
2017,410,8475,0,0.31951827
2017,410,8476,0,0.10399388
2017,410,8477,0,0.043435156
2017,410,8478,0,0.27551177
2017,410,8479,0,0.058977693
2017,410,8480,0,0.05835767
2017,410,8481,0,0.02795361
2017,410,8482,0,0.02694219
2017,410,8483,0,0.030386327
2017,410,8484,0,0.030699125
2017,410,8485,0,0.057471693
2017,458,8404,1,0.4821704
2017,458,8405,1,0.4515352
2017,458,8407,0,0.23439199
2017,458,8408,0,0.2132795
2017,458,8411,0,0.10812813
2017,458,8412,0,0.13469888
2017,458,8413,0,0.07073929
2017,458,8414,0,0.055744857
2017,458,8415,0,0.03342885
2017,458,8416,0,0.5450153
2017,458,8417,0,0.2596568
2017,458,8418,0,0.12357583
2017,458,8419,0,0.14120035
2017,458,8420,0,0.2123841
2017,458,8421,0,0.065048724
2017,458,8422,0,0.08060735
2017,458,8423,0,0.1261336
2017,458,8424,0,0.04204391
2017,458,8425,0,0.17869203
2017,458,8426,0,0.16882002
2017,458,8427,0,0.15136896
2017,458,8428,0,0.12150098
2017,458,8430,0,0.22656898
2017,458,8431,0,0.059317455
2017,458,8433,0,0.1967341
2017,458,8436,0,0.07273089
2017,458,8437,0,0.32410222
2017,458,8438,0,0.17767023
2017,458,8439,1,0.2190793
2017,458,8441,0,0.1468398
2017,458,8442,1,0.41560954
2017,458,8443,0,0.12134705
2017,458,8445,0,0.40343633
2017,458,8447,0,0.31058
2017,458,8448,0,0.17427492
2017,458,8450,1,0.42497465
2017,458,8451,0,0.07196874
2017,458,8452,1,0.20017548
2017,458,8453,1,0.51743466
2017,458,8454,0,0.24537559
2017,458,8455,0,0.15469563
2017,458,8456,1,0.30512118
2017,458,8457,0,0.31783408
2017,458,8458,0,0.19348086
2017,458,8459,0,0.19615038
2017,458,8460,0,0.1529984
2017,458,8461,1,0.38907516
2017,458,8462,0,0.113356985
2017,458,8463,1,0.15849721
2017,458,8464,1,0.51577365
2017,458,8465,0,0.18184717
2017,458,8466,0,0.1242122
2017,458,8467,0,0.07622694
2017,458,8468,0,0.29907674
2017,458,8470,0,0.13460985
2017,458,8472,1,0.16817163
2017,458,8473,0,0.08176861
2017,458,8474,0,0.13793598
2017,458,8475,0,0.19472776
2017,458,8476,0,0.22467214
2017,458,8477,0,0.074361816
2017,458,8478,1,0.3666176
2017,458,8479,0,0.08566854
2017,458,8480,0,0.09893362
2017,458,8481,0,0.06227021
2017,458,8482,0,0.04814892
2017,458,8484,0,0.06363984
2017,458,8485,0,0.48878258
2017,124,8401,0,0.47674996
2017,124,8402,1,0.6503634
2017,124,8403,0,0.18989582
2017,124,8404,0,0.27959797
2017,124,8405,1,0.7475129
2017,124,8406,1,0.4441102
2017,124,8407,0,0.05854695
2017,124,8408,0,0.16301537
2017,124,8409,0,0.05369825
2017,124,8410,0,0.18237723
2017,124,8411,0,0.076430924
2017,124,8412,0,0.07928633
2017,124,8413,0,0.067652814
2017,124,8414,0,0.09166658
2017,124,8415,0,0.10323244
2017,124,8416,0,0.1859845
2017,124,8417,0,0.14187272
2017,124,8418,0,0.13040112
2017,124,8419,0,0.11269357
2017,124,8420,1,0.56055397
2017,124,8421,0,0.116854645
2017,124,8422,0,0.12811112
2017,124,8423,0,0.13566838
2017,124,8424,0,0.09176839
2017,124,8425,0,0.13627852
2017,124,8426,0,0.28824547
2017,124,8427,0,0.1391124
2017,124,8428,0,0.14391445
2017,124,8429,0,0.17987503
2017,124,8430,0,0.17389955
2017,124,8431,0,0.028645635
2017,124,8432,0,0.0811045
2017,124,8433,0,0.08832432
2017,124,8434,0,0.45526752
2017,124,8436,0,0.053963177
2017,124,8437,0,0.20675285
2017,124,8438,0,0.11580805
2017,124,8439,0,0.15899089
2017,124,8440,0,0.19803287
2017,124,8441,0,0.19537136
2017,124,8442,1,0.19517994
2017,124,8443,0,0.07514811
2017,124,8445,0,0.28148565
2017,124,8448,0,0.22047606
2017,124,8451,0,0.2217007
2017,124,8452,0,0.21572067
2017,124,8454,0,0.14142214
2017,124,8455,0,0.45118502
2017,124,8456,0,0.23646513
2017,124,8457,0,0.24084496
2017,124,8458,0,0.17130953
2017,124,8459,1,0.22066857
2017,124,8460,0,0.21063407
2017,124,8461,0,0.14422579
2017,124,8462,1,0.27433184
2017,124,8463,1,0.5801382
2017,124,8464,1,0.11025801
2017,124,8465,0,0.106833704
2017,124,8466,0,0.049154103
2017,124,8467,0,0.07657929
2017,124,8468,0,0.1774642
2017,124,8470,0,0.2638926
2017,124,8471,0,0.038476616
2017,124,8472,0,0.13920696
2017,124,8473,0,0.110467024
2017,124,8474,0,0.12412628
2017,124,8475,0,0.6149834
2017,124,8476,0,0.2624715
2017,124,8477,0,0.08081492
2017,124,8478,1,0.54189837
2017,124,8479,0,0.05153209
2017,124,8480,0,0.097004026
2017,124,8481,0,0.08509819
2017,124,8482,0,0.055193044
2017,124,8483,0,0.06857335
2017,124,8484,0,0.13103232
2017,124,8485,0,0.106744826
2017,484,8402,0,0.37157032
2017,484,8403,0,0.28241846
2017,484,8404,0,0.30184075
2017,484,8406,0,0.22091304
2017,484,8407,0,0.069836654
2017,484,8408,0,0.08026858
2017,484,8409,0,0.059089843
2017,484,8411,0,0.09724423
2017,484,8412,0,0.105856225
2017,484,8413,0,0.06508902
2017,484,8414,0,0.09392763
2017,484,8415,0,0.12411577
2017,484,8416,0,0.26185444
2017,484,8417,0,0.19555147
2017,484,8418,0,0.0997111
2017,484,8419,0,0.09894639
2017,484,8420,0,0.40013126
2017,484,8421,0,0.16079043
2017,484,8422,0,0.1441391
2017,484,8423,0,0.14541912
2017,484,8424,0,0.085647516
2017,484,8425,0,0.13917072
2017,484,8426,0,0.2813873
2017,484,8427,0,0.35358524
2017,484,8428,0,0.12860526
2017,484,8429,0,0.24000987
2017,484,8430,0,0.16885433
2017,484,8431,0,0.04475372
2017,484,8432,0,0.13858229
2017,484,8433,0,0.08203667
2017,484,8434,0,0.2238701
2017,484,8436,0,0.16997606
2017,484,8437,1,0.2033532
2017,484,8438,1,0.14147942
2017,484,8439,0,0.16680384
2017,484,8441,1,0.23616003
2017,484,8442,0,0.32338303
2017,484,8443,0,0.0850485
2017,484,8450,0,0.0866755
2017,484,8451,0,0.18214487
2017,484,8453,0,0.19630967
2017,484,8455,1,0.7079662
2017,484,8456,0,0.14265259
2017,484,8457,1,0.5618017
2017,484,8458,0,0.14368877
2017,484,8459,0,0.3525605
2017,484,8460,1,0.40222174
2017,484,8461,0,0.5137626
2017,484,8462,0,0.16564521
2017,484,8463,1,0.57950056
2017,484,8465,0,0.13159154
2017,484,8466,0,0.09902262
2017,484,8467,0,0.087525524
2017,484,8468,0,0.16084252
2017,484,8470,0,0.39181906
2017,484,8471,0,0.06778258
2017,484,8472,0,0.21026422
2017,484,8473,0,0.23115863
2017,484,8475,0,0.19862445
2017,484,8476,0,0.18918301
2017,484,8477,0,0.10540415
2017,484,8479,0,0.067943834
2017,484,8480,0,0.16484171
2017,484,8481,0,0.067569606
2017,484,8482,0,0.058278732
2017,484,8483,0,0.07399917
2017,484,8484,0,0.1239815
2017,484,8485,0,0.07777312
2017,757,8402,0,0.1682222
2017,757,8403,0,0.17529707
2017,757,8404,0,0.54682934
2017,757,8406,0,0.16502245
2017,757,8407,1,0.3187407
2017,757,8408,0,0.13898462
2017,757,8409,0,0.052940305
2017,757,8411,1,0.04491183
2017,757,8412,0,0.07696988
2017,757,8413,0,0.058688536
2017,757,8414,0,0.05622182
2017,757,8415,0,0.0961321
2017,757,8416,0,0.14545344
2017,757,8417,0,0.14292543
2017,757,8418,0,0.15726736
2017,757,8419,0,0.109924115
2017,757,8420,0,0.38609987
2017,757,8421,0,0.0652086
2017,757,8422,0,0.10760825
2017,757,8423,1,0.11495057
2017,757,8424,0,0.047908153
2017,757,8425,0,0.19533958
2017,757,8426,0,0.23607044
2017,757,8427,0,0.10769548
2017,757,8428,0,0.064867966
2017,757,8429,0,0.12450942
2017,757,8430,0,0.17042826
2017,757,8431,0,0.03594543
2017,757,8432,0,0.11437017
2017,757,8433,0,0.13030925
2017,757,8434,0,0.23412175
2017,757,8435,0,0.17830886
2017,757,8436,0,0.1363728
2017,757,8437,0,0.116301864
2017,757,8438,0,0.060234748
2017,757,8439,0,0.1530182
2017,757,8440,0,0.12944548
2017,757,8441,0,0.09438373
2017,757,8442,0,0.18341163
2017,757,8443,0,0.06508381
2017,757,8445,0,0.31899706
2017,757,8446,0,0.12852107
2017,757,8447,1,0.35472476
2017,757,8448,0,0.040189255
2017,757,8449,0,0.568466
2017,757,8450,0,0.17754483
2017,757,8451,0,0.0676895
2017,757,8452,0,0.07627336
2017,757,8453,0,0.11157173
2017,757,8454,0,0.24213275
2017,757,8455,0,0.19030765
2017,757,8456,0,0.13077717
2017,757,8457,0,0.10775906
2017,757,8458,0,0.10177336
2017,757,8459,0,0.18786737
2017,757,8460,0,0.10340957
2017,757,8461,0,0.17101726
2017,757,8462,0,0.110972844
2017,757,8463,0,0.16551004
2017,757,8464,0,0.09728397
2017,757,8465,0,0.10020996
2017,757,8466,0,0.032426413
2017,757,8467,0,0.08604865
2017,757,8468,1,0.27630395
2017,757,8470,0,0.2090033
2017,757,8471,0,0.038459025
2017,757,8472,1,0.10460783
2017,757,8473,0,0.10357725
2017,757,8474,1,0.1476922
2017,757,8475,0,0.39881068
2017,757,8476,0,0.11337639
2017,757,8477,0,0.06469188
2017,757,8478,0,0.11083265
2017,757,8479,0,0.03864247
2017,757,8480,0,0.09887735
2017,757,8481,0,0.06837568
2017,757,8482,0,0.06156316
2017,757,8483,0,0.061376527
2017,757,8484,0,0.07302664
2017,757,8485,0,0.08423906
2017,764,8402,1,0.30378664
2017,764,8403,1,0.6230985
2017,764,8405,0,0.593492
2017,764,8406,0,0.4131904
2017,764,8407,0,0.09390255
2017,764,8408,0,0.294321
2017,764,8409,0,0.02535643
2017,764,8411,0,0.19308712
2017,764,8412,0,0.15657777
2017,764,8413,0,0.029299853
2017,764,8414,0,0.04053041
2017,764,8415,0,0.01996888
2017,764,8418,0,0.029280359
2017,764,8419,0,0.101818316
2017,764,8420,0,0.23540251
2017,764,8421,0,0.04824295
2017,764,8422,0,0.08617844
2017,764,8423,0,0.14504313
2017,764,8425,0,0.13555379
2017,764,8426,0,0.17490233
2017,764,8428,0,0.07825895
2017,764,8429,0,0.18620081
2017,764,8431,0,0.040495563
2017,764,8434,1,0.16838466
2017,764,8437,0,0.1786576
2017,764,8438,0,0.12637196
2017,764,8439,0,0.18080513
2017,764,8440,0,0.24894902
2017,764,8441,1,0.40032184
2017,764,8442,0,0.25063428
2017,764,8443,0,0.08138356
2017,764,8445,0,0.27008933
2017,764,8447,0,0.2743657
2017,764,8448,1,0.16091613
2017,764,8450,0,0.07601568
2017,764,8451,0,0.07334745
2017,764,8452,0,0.06585652
2017,764,8453,0,0.119548224
2017,764,8454,1,0.3102048
2017,764,8455,1,0.49581432
2017,764,8456,0,0.2503309
2017,764,8457,0,0.20937802
2017,764,8458,0,0.13706067
2017,764,8459,0,0.15057531
2017,764,8460,0,0.20744817
2017,764,8461,1,0.31481016
2017,764,8462,0,0.14995654
2017,764,8463,0,0.296707
2017,764,8464,0,0.39350474
2017,764,8466,0,0.101392366
2017,764,8467,0,0.09973096
2017,764,8468,1,0.38178784
2017,764,8470,0,0.1285948
2017,764,8471,0,0.10502488
2017,764,8472,1,0.17070347
2017,764,8473,0,0.13166228
2017,764,8475,0,0.21063213
2017,764,8476,0,0.24914087
2017,764,8477,0,0.07071611
2017,764,8479,0,0.051012687
2017,764,8480,0,0.0791799
2017,764,8481,0,0.025750538
2017,764,8482,0,0.032855906
2017,764,8483,0,0.026178196
2017,764,8484,0,0.033282846
2017,764,8485,0,0.069550805
2017,752,8401,0,0.5541129
2017,752,8402,1,0.48199466
2017,752,8403,1,0.19937171
2017,752,8404,0,0.15925562
2017,752,8405,0,0.19058526
2017,752,8406,0,0.60327876
2017,752,8407,0,0.13823043
2017,752,8408,0,0.13858037
2017,752,8409,0,0.07991645
2017,752,8410,0,0.21200348
2017,752,8412,0,0.026846604
2017,752,8413,0,0.055413183
2017,752,8414,0,0.062323496
2017,752,8415,0,0.08945973
2017,752,8416,0,0.14626949
2017,752,8417,0,0.24818651
2017,752,8418,0,0.07982715
2017,752,8419,0,0.1230052
2017,752,8420,0,0.2075938
2017,752,8421,0,0.0611167
2017,752,8422,0,0.055596787
2017,752,8423,0,0.1033669
2017,752,8424,0,0.039309725
2017,752,8425,0,0.084003106
2017,752,8426,0,0.13260892
2017,752,8427,0,0.040060677
2017,752,8428,0,0.07100474
2017,752,8429,0,0.04771622
2017,752,8430,0,0.12725839
2017,752,8431,0,0.02713691
2017,752,8432,0,0.04538608
2017,752,8433,0,0.12442234
2017,752,8434,0,0.06087637
2017,752,8436,0,0.12727502
2017,752,8437,0,0.28622094
2017,752,8438,0,0.06779454
2017,752,8439,0,0.18683285
2017,752,8440,0,0.123480015
2017,752,8441,0,0.10398002
2017,752,8442,0,0.2571693
2017,752,8443,0,0.094777785
2017,752,8447,0,0.82151943
2017,752,8448,0,0.17620501
2017,752,8449,0,0.748267
2017,752,8450,0,0.08688879
2017,752,8451,0,0.16306825
2017,752,8452,0,0.3221781
2017,752,8453,1,0.6300088
2017,752,8454,0,0.26203752
2017,752,8455,0,0.19186056
2017,752,8456,1,0.11434204
2017,752,8458,0,0.14492017
2017,752,8459,0,0.3006097
2017,752,8460,0,0.11349369
2017,752,8461,1,0.6315916
2017,752,8462,0,0.1532767
2017,752,8463,0,0.22326481
2017,752,8464,0,0.10709418
2017,752,8465,0,0.20012103
2017,752,8466,0,0.03843518
2017,752,8467,0,0.062608644
2017,752,8468,0,0.21062554
2017,752,8470,0,0.19178142
2017,752,8471,0,0.04748329
2017,752,8472,1,0.09252486
2017,752,8473,0,0.1757718
2017,752,8474,0,0.12658875
2017,752,8475,0,0.23798269
2017,752,8476,0,0.37705213
2017,752,8477,0,0.06900006
2017,752,8478,0,0.2742272
2017,752,8479,0,0.046494115
2017,752,8480,0,0.11799409
2017,752,8481,0,0.055456836
2017,752,8482,0,0.031370018
2017,752,8483,0,0.052412163
2017,752,8484,0,0.04346073
2017,752,8485,1,0.06267759
2017,372,8403,0,0.18720561
2017,372,8406,0,0.5562949
2017,372,8407,1,0.19287372
2017,372,8409,0,0.0995741
2017,372,8411,0,0.13612494
2017,372,8412,0,0.23083562
2017,372,8413,0,0.102206066
2017,372,8414,0,0.067614056
2017,372,8415,0,0.14635774
2017,372,8418,0,0.105270185
2017,372,8419,1,0.50331426
2017,372,8421,0,0.17852093
2017,372,8422,0,0.12611884
2017,372,8423,0,0.46056893
2017,372,8424,0,0.14419304
2017,372,8425,0,0.18190187
2017,372,8427,0,0.12818833
2017,372,8428,0,0.13774809
2017,372,8429,0,0.16998102
2017,372,8430,0,0.38048288
2017,372,8432,0,0.1304062
2017,372,8433,0,0.08317012
2017,372,8434,0,0.22505935
2017,372,8436,0,0.3554449
2017,372,8437,0,0.38845804
2017,372,8438,0,0.34177434
2017,372,8441,0,0.15958562
2017,372,8442,1,0.80369145
2017,372,8443,0,0.1083699
2017,372,8448,0,0.1809254
2017,372,8450,0,0.3199256
2017,372,8451,0,0.18754925
2017,372,8456,1,0.63579625
2017,372,8457,1,0.74699914
2017,372,8459,1,0.6659883
2017,372,8460,1,0.3629494
2017,372,8461,1,0.5975142
2017,372,8462,0,0.22022666
2017,372,8463,0,0.5365631
2017,372,8465,0,0.27090248
2017,372,8466,0,0.09123076
2017,372,8467,0,0.14401154
2017,372,8468,0,0.17322208
2017,372,8470,0,0.6657862
2017,372,8471,0,0.036658738
2017,372,8472,0,0.27544615
2017,372,8473,0,0.084691755
2017,372,8474,0,0.18607423
2017,372,8475,1,0.46373475
2017,372,8477,0,0.103801265
2017,372,8478,1,0.7795263
2017,372,8479,0,0.098010294
2017,372,8480,0,0.19849871
2017,372,8481,1,0.106421985
2017,372,8484,0,0.11425753
2017,372,8485,0,0.15115486
2017,40,8401,0,0.21777053
2017,40,8402,0,0.14908856
2017,40,8403,0,0.12914655
2017,40,8404,1,0.34610134
2017,40,8405,0,0.18728074
2017,40,8406,0,0.21588309
2017,40,8407,0,0.097249255
2017,40,8408,0,0.11474131
2017,40,8409,0,0.0520444
2017,40,8411,0,0.08057698
2017,40,8412,0,0.08286164
2017,40,8413,0,0.055121765
2017,40,8414,0,0.04168186
2017,40,8415,0,0.12433966
2017,40,8416,0,0.19412652
2017,40,8417,0,0.1445137
2017,40,8418,0,0.10093715
2017,40,8419,0,0.11582157
2017,40,8420,1,0.24650006
2017,40,8421,0,0.09184999
2017,40,8422,0,0.12569106
2017,40,8423,0,0.07892766
2017,40,8424,0,0.045300253
2017,40,8425,0,0.12668525
2017,40,8426,0,0.12788638
2017,40,8427,0,0.11424654
2017,40,8428,0,0.099998735
2017,40,8429,0,0.0843492
2017,40,8430,0,0.11370365
2017,40,8431,0,0.031805128
2017,40,8432,0,0.065084636
2017,40,8433,0,0.08975874
2017,40,8434,0,0.11001759
2017,40,8435,0,0.25215125
2017,40,8436,0,0.19270779
2017,40,8437,0,0.13192894
2017,40,8438,0,0.042844787
2017,40,8439,0,0.17554739
2017,40,8440,0,0.19431785
2017,40,8441,1,0.6160306
2017,40,8442,0,0.15912606
2017,40,8443,0,0.06645593
2017,40,8444,0,0.27213714
2017,40,8445,0,0.13498133
2017,40,8446,0,0.36680785
2017,40,8448,0,0.14596988
2017,40,8449,0,0.25298613
2017,40,8450,0,0.28242713
2017,40,8451,0,0.08494077
2017,40,8452,1,0.46891847
2017,40,8453,1,0.20071395
2017,40,8454,1,0.14908506
2017,40,8455,0,0.17611119
2017,40,8456,0,0.116713226
2017,40,8457,0,0.21549928
2017,40,8458,0,0.18432264
2017,40,8459,0,0.22391963
2017,40,8460,0,0.09521382
2017,40,8461,0,0.13190319
2017,40,8462,0,0.09291827
2017,40,8463,0,0.30189604
2017,40,8464,0,0.14065096
2017,40,8465,0,0.096657924
2017,40,8466,0,0.05207878
2017,40,8467,0,0.09346588
2017,40,8468,0,0.13720898
2017,40,8470,0,0.3798054
2017,40,8471,0,0.042032905
2017,40,8472,0,0.11444343
2017,40,8473,0,0.08815857
2017,40,8474,0,0.13056085
2017,40,8475,0,0.26848736
2017,40,8476,1,0.17305352
2017,40,8477,0,0.045133792
2017,40,8478,0,0.34249488
2017,40,8479,0,0.034609675
2017,40,8480,0,0.07115733
2017,40,8481,0,0.052674178
2017,40,8482,0,0.057344213
2017,40,8483,0,0.06631592
2017,40,8484,0,0.061878867
2017,40,8485,0,0.08318542
2017,724,8401,0,0.2512297
2017,724,8402,0,0.17446017
2017,724,8403,0,0.1626129
2017,724,8404,0,0.19307423
2017,724,8405,0,0.18246335
2017,724,8407,0,0.076692246
2017,724,8408,0,0.11993024
2017,724,8409,0,0.042766303
2017,724,8410,0,0.14000922
2017,724,8411,0,0.07526255
2017,724,8412,0,0.13108586
2017,724,8413,0,0.036808047
2017,724,8414,0,0.04558408
2017,724,8415,0,0.07429475
2017,724,8416,0,0.15861405
2017,724,8417,0,0.11917433
2017,724,8418,0,0.087477244
2017,724,8419,0,0.13131535
2017,724,8420,0,0.09598692
2017,724,8421,0,0.07651127
2017,724,8422,0,0.03517572
2017,724,8423,0,0.08732542
2017,724,8424,0,0.051716138
2017,724,8425,0,0.07054268
2017,724,8426,0,0.12959756
2017,724,8427,0,0.057207704
2017,724,8428,0,0.09764891
2017,724,8430,0,0.14801134
2017,724,8431,0,0.026588066
2017,724,8432,0,0.07049786
2017,724,8433,0,0.09869999
2017,724,8434,0,0.09305828
2017,724,8435,0,0.19723853
2017,724,8436,0,0.061317902
2017,724,8437,0,0.10997789
2017,724,8438,0,0.06340964
2017,724,8439,0,0.23952149
2017,724,8440,1,0.38596234
2017,724,8441,0,0.07917262
2017,724,8442,0,0.2900548
2017,724,8443,0,0.039197072
2017,724,8444,0,0.3477426
2017,724,8445,0,0.10148894
2017,724,8446,0,0.3570914
2017,724,8447,0,0.116870746
2017,724,8448,0,0.085433885
2017,724,8449,0,0.6163897
2017,724,8450,0,0.14360844
2017,724,8451,0,0.0557459
2017,724,8452,0,0.17256778
2017,724,8453,0,0.10629635
2017,724,8454,0,0.28262827
2017,724,8455,0,0.27481562
2017,724,8456,0,0.15314047
2017,724,8457,0,0.15075143
2017,724,8458,0,0.06641034
2017,724,8459,0,0.1778479
2017,724,8460,0,0.0966929
2017,724,8461,0,0.0733822
2017,724,8462,0,0.06787856
2017,724,8463,0,0.1668607
2017,724,8464,0,0.060262166
2017,724,8465,0,0.06721123
2017,724,8466,0,0.027320227
2017,724,8467,0,0.1113815
2017,724,8468,0,0.13470735
2017,724,8470,0,0.196374
2017,724,8471,0,0.04691463
2017,724,8472,0,0.07202276
2017,724,8473,0,0.09339031
2017,724,8474,0,0.15701306
2017,724,8475,0,0.4855984
2017,724,8476,0,0.17600155
2017,724,8477,0,0.06286302
2017,724,8478,1,0.37635905
2017,724,8479,0,0.023497408
2017,724,8480,0,0.061362598
2017,724,8481,0,0.043426726
2017,724,8482,0,0.05216524
2017,724,8483,0,0.060532253
2017,724,8484,0,0.050130635
2018,842,8401,0,0.22562851
2018,842,8402,0,0.11692836
2018,842,8403,0,0.06731318
2018,842,8404,1,0.21855305
2018,842,8405,0,0.18221441
2018,842,8406,0,0.08610742
2018,842,8407,0,0.090026
2018,842,8408,0,0.40560675
2018,842,8409,0,0.07138995
2018,842,8410,1,0.22286196
2018,842,8411,0,0.10369444
2018,842,8412,0,0.039364804
2018,842,8413,0,0.11534388
2018,842,8414,0,0.10741386
2018,842,8415,0,0.12079446
2018,842,8416,0,0.12745494
2018,842,8417,0,0.11541391
2018,842,8418,0,0.11379227
2018,842,8419,0,0.1578092
2018,842,8420,1,0.10662749
2018,842,8421,0,0.060637772
2018,842,8422,0,0.05735592
2018,842,8423,0,0.1317176
2018,842,8424,0,0.06942125
2018,842,8425,0,0.116784394
2018,842,8426,0,0.10615587
2018,842,8427,0,0.052397676
2018,842,8428,0,0.14179105
2018,842,8429,0,0.053443335
2018,842,8430,0,0.07166102
2018,842,8431,0,0.047858063
2018,842,8432,0,0.17780203
2018,842,8433,0,0.048974678
2018,842,8434,0,0.12689091
2018,842,8435,1,0.27338752
2018,842,8436,0,0.05061776
2018,842,8437,0,0.41165724
2018,842,8438,0,0.049389917
2018,842,8439,0,0.15113373
2018,842,8440,0,0.09433722
2018,842,8441,0,0.09235912
2018,842,8442,0,0.30632618
2018,842,8443,0,0.028527904
2018,842,8444,0,0.17943624
2018,842,8445,0,0.11829589
2018,842,8446,0,0.31873012
2018,842,8449,0,0.17778194
2018,842,8450,0,0.15451983
2018,842,8451,0,0.102461696
2018,842,8453,0,0.10954059
2018,842,8454,0,0.10458159
2018,842,8455,0,0.11999211
2018,842,8456,1,0.06909768
2018,842,8457,0,0.14152725
2018,842,8458,0,0.0824764
2018,842,8459,0,0.10579872
2018,842,8460,0,0.049359526
2018,842,8461,1,0.06366448
2018,842,8462,0,0.05585874
2018,842,8463,0,0.0878112
2018,842,8464,0,0.08837867
2018,842,8465,0,0.09028904
2018,842,8466,0,0.022274926
2018,842,8467,0,0.14953457
2018,842,8468,0,0.11130949
2018,842,8470,0,0.23478422
2018,842,8471,0,0.025135405
2018,842,8472,0,0.06897652
2018,842,8473,0,0.06720286
2018,842,8474,0,0.107351765
2018,842,8475,0,0.15129995
2018,842,8476,0,0.12648629
2018,842,8477,0,0.051761266
2018,842,8478,0,0.21904187
2018,842,8479,0,0.06224859
2018,842,8480,0,0.14383031
2018,842,8481,0,0.06318257
2018,842,8482,0,0.06534485
2018,842,8483,0,0.044581193
2018,842,8484,0,0.064256705
2018,842,8485,0,0.043650504
2018,276,8401,1,0.38178974
2018,276,8402,1,0.1537085
2018,276,8403,0,0.065107025
2018,276,8404,0,0.08577376
2018,276,8405,0,0.20678698
2018,276,8406,0,0.11040259
2018,276,8407,0,0.06291808
2018,276,8408,0,0.100518815
2018,276,8409,0,0.058331758
2018,276,8411,0,0.067167476
2018,276,8412,0,0.036545258
2018,276,8413,0,0.091186985
2018,276,8414,0,0.07605705
2018,276,8415,0,0.07249297
2018,276,8416,0,0.07945167
2018,276,8417,0,0.052806914
2018,276,8418,0,0.09473361
2018,276,8419,0,0.08729605
2018,276,8420,0,0.08894739
2018,276,8421,0,0.05985501
2018,276,8422,0,0.072475486
2018,276,8423,0,0.09725607
2018,276,8424,0,0.06274194
2018,276,8425,0,0.0647756
2018,276,8426,0,0.048218496
2018,276,8427,0,0.058849365
2018,276,8428,0,0.06258643
2018,276,8429,0,0.03170964
2018,276,8430,0,0.05354343
2018,276,8431,0,0.025690984
2018,276,8432,0,0.059969544
2018,276,8433,0,0.047530655
2018,276,8434,0,0.060606416
2018,276,8435,0,0.124087855
2018,276,8436,0,0.040664036
2018,276,8437,0,0.11188811
2018,276,8438,0,0.033348054
2018,276,8439,0,0.12165981
2018,276,8440,0,0.06654171
2018,276,8441,0,0.08294
2018,276,8442,0,0.14789379
2018,276,8443,0,0.037899267
2018,276,8444,0,0.51476705
2018,276,8445,1,0.3403325
2018,276,8446,1,0.2915971
2018,276,8447,1,0.62764245
2018,276,8448,1,0.05664849
2018,276,8449,0,0.2787653
2018,276,8450,0,0.15279105
2018,276,8451,0,0.05512521
2018,276,8452,0,0.061478242
2018,276,8453,1,0.113128684
2018,276,8454,0,0.093130276
2018,276,8455,0,0.11024562
2018,276,8456,0,0.06592465
2018,276,8457,0,0.12999316
2018,276,8458,0,0.060297385
2018,276,8459,0,0.050186954
2018,276,8460,0,0.041291937
2018,276,8461,0,0.062205724
2018,276,8462,0,0.03557303
2018,276,8463,0,0.095969915
2018,276,8464,0,0.047570273
2018,276,8465,0,0.044233058
2018,276,8466,0,0.0191693
2018,276,8467,0,0.120881744
2018,276,8468,0,0.13129559
2018,276,8470,0,0.14002003
2018,276,8471,0,0.031413324
2018,276,8472,0,0.03929217
2018,276,8473,0,0.09423922
2018,276,8474,0,0.063186504
2018,276,8475,0,0.09868268
2018,276,8476,0,0.110266976
2018,276,8477,0,0.047355942
2018,276,8478,1,0.084284954
2018,276,8479,0,0.03423847
2018,276,8480,0,0.062395837
2018,276,8481,0,0.07644471
2018,276,8482,0,0.036606554
2018,276,8483,0,0.033511378
2018,276,8484,0,0.055056904
2018,276,8485,0,0.04764203
2018,392,8401,0,0.39454776
2018,392,8402,1,0.22806646
2018,392,8403,0,0.20136248
2018,392,8404,1,0.21038198
2018,392,8406,1,0.10349252
2018,392,8407,0,0.040761836
2018,392,8408,0,0.056413725
2018,392,8409,0,0.036139145
2018,392,8411,0,0.07889956
2018,392,8412,0,0.039814822
2018,392,8413,0,0.06909428
2018,392,8414,0,0.06896796
2018,392,8415,0,0.059115816
2018,392,8416,0,0.19342364
2018,392,8417,0,0.19024001
2018,392,8418,0,0.099410966
2018,392,8419,0,0.06004037
2018,392,8420,1,0.23907292
2018,392,8421,0,0.045508705
2018,392,8422,0,0.048210595
2018,392,8423,0,0.13583162
2018,392,8424,0,0.051808037
2018,392,8425,0,0.08566324
2018,392,8426,0,0.06387579
2018,392,8427,0,0.025773948
2018,392,8428,0,0.067589894
2018,392,8429,0,0.040009905
2018,392,8430,0,0.088476874
2018,392,8431,0,0.030315628
2018,392,8432,0,0.09999487
2018,392,8433,0,0.076013766
2018,392,8434,0,0.122065276
2018,392,8435,0,0.33611596
2018,392,8437,1,0.31367412
2018,392,8438,0,0.051403847
2018,392,8439,0,0.14729126
2018,392,8440,0,0.11033599
2018,392,8441,0,0.06510522
2018,392,8442,0,0.23833272
2018,392,8443,0,0.039535012
2018,392,8444,0,0.2763753
2018,392,8445,1,0.23399708
2018,392,8446,0,0.21423751
2018,392,8447,1,0.3480793
2018,392,8448,0,0.08672136
2018,392,8449,0,0.22405666
2018,392,8450,0,0.18870601
2018,392,8451,0,0.09605283
2018,392,8452,0,0.05490001
2018,392,8453,1,0.1035375
2018,392,8454,0,0.12837252
2018,392,8455,0,0.14905046
2018,392,8456,1,0.11273616
2018,392,8457,1,0.11589924
2018,392,8458,0,0.08989159
2018,392,8459,0,0.06404285
2018,392,8460,0,0.07925331
2018,392,8461,0,0.10538426
2018,392,8462,0,0.074028246
2018,392,8463,0,0.12141631
2018,392,8464,1,0.19758998
2018,392,8465,0,0.08484006
2018,392,8466,0,0.035389286
2018,392,8467,0,0.13019711
2018,392,8468,0,0.26166993
2018,392,8470,1,0.35873455
2018,392,8471,0,0.034970146
2018,392,8472,0,0.06626824
2018,392,8473,0,0.11117541
2018,392,8474,0,0.0763687
2018,392,8475,1,0.20300215
2018,392,8476,0,0.17047839
2018,392,8477,0,0.06376236
2018,392,8478,0,0.34187752
2018,392,8479,0,0.11050196
2018,392,8480,0,0.06551841
2018,392,8481,0,0.039243583
2018,392,8482,0,0.035236806
2018,392,8483,0,0.03540673
2018,392,8484,0,0.03232338
2018,392,8485,0,0.06804704
2018,156,8401,1,0.3880832
2018,156,8402,0,0.036389045
2018,156,8403,0,0.077692285
2018,156,8404,1,0.1431607
2018,156,8405,0,0.07139868
2018,156,8407,0,0.046949502
2018,156,8408,0,0.044809386
2018,156,8409,0,0.040462237
2018,156,8411,0,0.03891778
2018,156,8412,0,0.03233379
2018,156,8413,0,0.049807515
2018,156,8414,0,0.056799978
2018,156,8415,0,0.058140796
2018,156,8416,0,0.04806515
2018,156,8417,0,0.099343
2018,156,8418,0,0.054047003
2018,156,8419,0,0.3750033
2018,156,8420,0,0.04813674
2018,156,8421,0,0.042038694
2018,156,8422,0,0.0255967
2018,156,8423,0,0.034139626
2018,156,8424,0,0.031345576
2018,156,8425,0,0.056260508
2018,156,8426,0,0.039801326
2018,156,8427,0,0.026492799
2018,156,8428,0,0.038999744
2018,156,8431,0,0.020009901
2018,156,8432,0,0.01463954
2018,156,8433,0,0.030984955
2018,156,8434,1,0.037518278
2018,156,8436,0,0.028895516
2018,156,8439,0,0.04514342
2018,156,8440,0,0.058277987
2018,156,8441,0,0.034434013
2018,156,8442,0,0.08952751
2018,156,8443,0,0.021606581
2018,156,8444,0,0.109672695
2018,156,8445,0,0.09809527
2018,156,8446,0,0.17133267
2018,156,8447,0,0.14439867
2018,156,8448,0,0.030080581
2018,156,8449,0,0.178339
2018,156,8450,0,0.0988608
2018,156,8451,0,0.033090472
2018,156,8452,0,0.1575762
2018,156,8453,0,0.07539467
2018,156,8454,0,0.25430614
2018,156,8455,0,0.059429727
2018,156,8456,0,0.036128286
2018,156,8457,0,0.036664378
2018,156,8458,0,0.021004425
2018,156,8459,0,0.023786677
2018,156,8460,0,0.018734448
2018,156,8461,0,0.018629367
2018,156,8462,0,0.02085206
2018,156,8463,0,0.09933428
2018,156,8464,0,0.028317511
2018,156,8465,0,0.04311262
2018,156,8466,0,0.016118316
2018,156,8467,0,0.062194336
2018,156,8468,0,0.074718595
2018,156,8470,0,0.09235251
2018,156,8471,0,0.02701085
2018,156,8472,0,0.026615607
2018,156,8473,0,0.053447034
2018,156,8475,0,0.047763158
2018,156,8476,0,0.0546892
2018,156,8477,0,0.057180386
2018,156,8478,0,0.086566515
2018,156,8479,0,0.033972546
2018,156,8480,0,0.035233133
2018,156,8481,0,0.049238596
2018,156,8482,0,0.032578643
2018,156,8483,0,0.03435456
2018,156,8484,0,0.028560381
2018,380,8401,0,0.31187207
2018,380,8402,1,0.1822628
2018,380,8403,0,0.07053352
2018,380,8404,0,0.14843045
2018,380,8405,0,0.119179614
2018,380,8406,1,0.57969713
2018,380,8407,0,0.4192477
2018,380,8408,1,0.23113708
2018,380,8409,0,0.07637999
2018,380,8411,0,0.1199394
2018,380,8412,0,0.045709867
2018,380,8413,0,0.08909811
2018,380,8414,0,0.08912092
2018,380,8415,0,0.10935555
2018,380,8416,0,0.10454005
2018,380,8417,0,0.3726844
2018,380,8418,0,0.10570308
2018,380,8419,0,0.17121205
2018,380,8420,0,0.15733643
2018,380,8421,0,0.056344368
2018,380,8422,0,0.072422065
2018,380,8423,0,0.10883268
2018,380,8424,0,0.10019411
2018,380,8425,0,0.106092595
2018,380,8426,0,0.05620701
2018,380,8427,0,0.05965834
2018,380,8428,0,0.09580212
2018,380,8429,0,0.032345712
2018,380,8430,0,0.07112436
2018,380,8431,0,0.02557898
2018,380,8432,0,0.03980551
2018,380,8433,0,0.05486643
2018,380,8434,0,0.08060339
2018,380,8435,0,0.1108446
2018,380,8436,0,0.04901621
2018,380,8438,0,0.12216817
2018,380,8439,1,0.13095123
2018,380,8440,1,0.15831862
2018,380,8441,0,0.2014317
2018,380,8442,0,0.2567754
2018,380,8443,0,0.03306918
2018,380,8444,0,0.23406655
2018,380,8445,0,0.24799965
2018,380,8446,1,0.27915293
2018,380,8447,0,0.63608885
2018,380,8448,1,0.06212811
2018,380,8449,0,0.33100954
2018,380,8450,0,0.19936311
2018,380,8451,0,0.2662539
2018,380,8453,1,0.06358567
2018,380,8454,0,0.114688165
2018,380,8455,0,0.078753226
2018,380,8456,0,0.058807574
2018,380,8457,0,0.064680755
2018,380,8458,0,0.079303265
2018,380,8459,0,0.084715456
2018,380,8460,0,0.051277407
2018,380,8461,0,0.0639333
2018,380,8462,0,0.044911418
2018,380,8463,0,0.055613767
2018,380,8464,0,0.06685454
2018,380,8465,0,0.055921037
2018,380,8466,0,0.027612219
2018,380,8467,0,0.1339523
2018,380,8468,0,0.1509644
2018,380,8470,0,0.26101753
2018,380,8471,0,0.03656909
2018,380,8472,0,0.1216323
2018,380,8473,0,0.10442092
2018,380,8474,0,0.4311655
2018,380,8475,0,0.44659156
2018,380,8476,0,0.09179393
2018,380,8477,0,0.05640064
2018,380,8478,0,0.1070463
2018,380,8479,0,0.033561215
2018,380,8480,1,0.079055786
2018,380,8481,0,0.056392815
2018,380,8482,0,0.07596796
2018,380,8483,0,0.07047711
2018,380,8484,0,0.07197967
2018,380,8485,0,0.061053015
2018,826,8401,1,0.70634747
2018,826,8402,0,0.084030904
2018,826,8403,0,0.23538248
2018,826,8404,0,0.12527008
2018,826,8405,0,0.20983247
2018,826,8406,0,0.120531894
2018,826,8408,0,0.6757606
2018,826,8409,0,0.054873876
2018,826,8410,1,0.47651532
2018,826,8411,0,0.058968116
2018,826,8412,0,0.057512324
2018,826,8413,0,0.117346846
2018,826,8414,0,0.112339474
2018,826,8415,0,0.08021258
2018,826,8416,0,0.12225849
2018,826,8418,0,0.13211973
2018,826,8419,0,0.11183099
2018,826,8420,1,0.19019246
2018,826,8421,0,0.10235006
2018,826,8422,0,0.07893237
2018,826,8423,0,0.124280095
2018,826,8424,0,0.077825986
2018,826,8425,0,0.15187807
2018,826,8426,0,0.07030681
2018,826,8427,0,0.059492014
2018,826,8428,0,0.08860155
2018,826,8429,0,0.021718757
2018,826,8430,0,0.041038472
2018,826,8431,0,0.03416074
2018,826,8432,0,0.033350635
2018,826,8433,0,0.120984435
2018,826,8434,0,0.13066287
2018,826,8435,1,0.47236404
2018,826,8436,0,0.08273036
2018,826,8437,0,0.100461334
2018,826,8438,0,0.039560877
2018,826,8439,0,0.101237774
2018,826,8440,0,0.17194405
2018,826,8441,1,0.105090514
2018,826,8442,0,0.23184381
2018,826,8443,1,0.055625316
2018,826,8444,1,0.37824723
2018,826,8445,1,0.1544268
2018,826,8446,1,0.8644894
2018,826,8447,0,0.69949186
2018,826,8448,0,0.07111722
2018,826,8449,1,0.526905
2018,826,8450,0,0.21658362
2018,826,8451,0,0.14337987
2018,826,8452,0,0.13150677
2018,826,8453,0,0.14716804
2018,826,8454,0,0.110290766
2018,826,8455,0,0.16939414
2018,826,8456,0,0.09627892
2018,826,8457,1,0.20038126
2018,826,8458,0,0.1255825
2018,826,8459,0,0.17704
2018,826,8460,0,0.062783234
2018,826,8461,0,0.09644565
2018,826,8462,0,0.072298475
2018,826,8463,0,0.10531607
2018,826,8464,0,0.124345794
2018,826,8465,1,0.17774451
2018,826,8466,0,0.0345465
2018,826,8467,0,0.09583201
2018,826,8468,0,0.2282859
2018,826,8470,0,0.4073409
2018,826,8471,0,0.035328913
2018,826,8472,0,0.20202024
2018,826,8473,0,0.072699845
2018,826,8474,0,0.07995874
2018,826,8475,0,0.075330056
2018,826,8476,0,0.10618453
2018,826,8477,0,0.0509096
2018,826,8478,0,0.1144366
2018,826,8479,0,0.0417427
2018,826,8480,0,0.10647472
2018,826,8481,0,0.076817185
2018,826,8482,0,0.060691472
2018,826,8483,0,0.069432445
2018,826,8484,0,0.045388725
2018,826,8485,0,0.04277047
2018,251,8401,1,0.2925521
2018,251,8403,0,0.08815447
2018,251,8404,0,0.33021253
2018,251,8407,0,0.11185276
2018,251,8408,1,0.1428161
2018,251,8409,0,0.07366384
2018,251,8411,0,0.07502818
2018,251,8412,0,0.104343176
2018,251,8413,0,0.12257859
2018,251,8414,0,0.10117703
2018,251,8415,0,0.14557393
2018,251,8416,0,0.19904609
2018,251,8417,0,0.09867178
2018,251,8418,0,0.11905276
2018,251,8419,0,0.13647974
2018,251,8420,0,0.11937815
2018,251,8421,0,0.08469932
2018,251,8422,0,0.069811225
2018,251,8424,0,0.14819075
2018,251,8425,0,0.13654582
2018,251,8426,0,0.11205606
2018,251,8427,0,0.05527705
2018,251,8428,0,0.11834551
2018,251,8429,0,0.03925592
2018,251,8430,0,0.10810567
2018,251,8431,0,0.030032163
2018,251,8432,0,0.04695602
2018,251,8433,0,0.07118501
2018,251,8434,1,0.19413608
2018,251,8435,0,0.13658902
2018,251,8436,0,0.07860651
2018,251,8438,0,0.068593845
2018,251,8439,0,0.09510005
2018,251,8440,0,0.4230711
2018,251,8441,0,0.13990222
2018,251,8442,0,0.26079994
2018,251,8443,0,0.041481096
2018,251,8444,1,0.513434
2018,251,8445,0,0.3744769
2018,251,8446,1,0.61825246
2018,251,8447,1,0.41468155
2018,251,8448,1,0.13143294
2018,251,8449,0,0.31751555
2018,251,8450,1,0.29480195
2018,251,8451,1,0.234808
2018,251,8453,0,0.14900725
2018,251,8454,0,0.39762452
2018,251,8455,0,0.12602983
2018,251,8456,0,0.16146143
2018,251,8457,0,0.08891906
2018,251,8458,0,0.20101364
2018,251,8459,0,0.11794947
2018,251,8460,0,0.16530249
2018,251,8461,0,0.108043656
2018,251,8462,0,0.12487106
2018,251,8463,0,0.19459319
2018,251,8464,0,0.20449896
2018,251,8465,0,0.20663327
2018,251,8466,0,0.04139304
2018,251,8467,0,0.20630778
2018,251,8468,0,0.26662266
2018,251,8470,0,0.25325283
2018,251,8471,0,0.030335484
2018,251,8472,0,0.09066287
2018,251,8473,0,0.090438634
2018,251,8475,0,0.15657468
2018,251,8476,0,0.12522066
2018,251,8477,0,0.0763235
2018,251,8478,1,0.3121122
2018,251,8479,0,0.0434971
2018,251,8480,0,0.10704609
2018,251,8481,0,0.07952863
2018,251,8482,0,0.080353506
2018,251,8483,0,0.0722287
2018,251,8484,0,0.10112158
2018,251,8485,0,0.113499545
2018,490,8401,0,0.7879403
2018,490,8402,0,0.16417713
2018,490,8403,0,0.15931435
2018,490,8404,0,0.18112588
2018,490,8405,0,0.37751102
2018,490,8406,1,0.28431848
2018,490,8407,1,0.18763684
2018,490,8408,0,0.15188678
2018,490,8409,0,0.07671968
2018,490,8410,0,0.48672014
2018,490,8411,1,0.09117041
2018,490,8412,0,0.052636262
2018,490,8413,0,0.08408059
2018,490,8414,0,0.07899834
2018,490,8415,0,0.116302766
2018,490,8416,0,0.28342512
2018,490,8417,0,0.16740403
2018,490,8418,0,0.09402273
2018,490,8419,0,0.080662176
2018,490,8420,0,0.24539453
2018,490,8421,0,0.07284126
2018,490,8422,0,0.039661173
2018,490,8423,0,0.113338664
2018,490,8424,0,0.058223285
2018,490,8425,0,0.122287534
2018,490,8426,0,0.088216715
2018,490,8427,0,0.091974504
2018,490,8428,1,0.08091084
2018,490,8429,1,0.30393046
2018,490,8430,1,0.1955531
2018,490,8431,0,0.04267049
2018,490,8432,0,0.11732043
2018,490,8433,0,0.09689238
2018,490,8434,0,0.186848
2018,490,8435,0,0.14478673
2018,490,8436,0,0.059124116
2018,490,8437,1,0.11340336
2018,490,8438,0,0.043668505
2018,490,8439,0,0.08581866
2018,490,8440,0,0.17444581
2018,490,8441,0,0.06811402
2018,490,8442,1,0.20725241
2018,490,8443,0,0.048779294
2018,490,8444,1,0.2257379
2018,490,8445,0,0.14035177
2018,490,8446,1,0.3891841
2018,490,8447,1,0.17777637
2018,490,8448,0,0.09443502
2018,490,8449,0,0.2652283
2018,490,8450,0,0.2629824
2018,490,8451,1,0.08552697
2018,490,8452,0,0.0587411
2018,490,8453,0,0.13086048
2018,490,8454,0,0.14829855
2018,490,8455,0,0.08674956
2018,490,8456,0,0.15044796
2018,490,8457,1,0.09694448
2018,490,8458,0,0.083218604
2018,490,8459,1,0.14018075
2018,490,8460,0,0.07367832
2018,490,8461,0,0.06657122
2018,490,8462,0,0.070066765
2018,490,8463,1,0.079942554
2018,490,8464,1,0.28838822
2018,490,8465,0,0.060561508
2018,490,8466,1,0.03501021
2018,490,8467,0,0.19351685
2018,490,8468,0,0.24499795
2018,490,8470,1,0.21818288
2018,490,8471,0,0.051714744
2018,490,8472,1,0.08595173
2018,490,8473,0,0.11503249
2018,490,8474,0,0.081372
2018,490,8475,0,0.34304145
2018,490,8476,0,0.093743466
2018,490,8477,0,0.0448205
2018,490,8478,0,0.291173
2018,490,8479,0,0.14475752
2018,490,8480,0,0.05638393
2018,490,8481,0,0.07799773
2018,490,8482,0,0.054860722
2018,490,8483,0,0.061923347
2018,490,8484,0,0.07198785
2018,490,8485,0,0.05180288
2018,702,8402,1,0.24768677
2018,702,8405,0,0.66740394
2018,702,8406,1,0.5440818
2018,702,8407,0,0.2457696
2018,702,8408,1,0.31491715
2018,702,8409,0,0.03756696
2018,702,8411,0,0.14736208
2018,702,8412,0,0.04074381
2018,702,8413,0,0.04567781
2018,702,8414,0,0.06696304
2018,702,8416,0,0.39314118
2018,702,8418,0,0.13080835
2018,702,8419,0,0.1166813
2018,702,8420,0,0.20484582
2018,702,8421,0,0.043865163
2018,702,8422,0,0.04916037
2018,702,8423,1,0.16988064
2018,702,8424,0,0.06199346
2018,702,8425,0,0.12067192
2018,702,8427,0,0.13239026
2018,702,8428,0,0.07935223
2018,702,8430,1,0.38174748
2018,702,8431,0,0.041763276
2018,702,8432,0,0.25279373
2018,702,8433,1,0.43405265
2018,702,8434,1,0.39744124
2018,702,8435,1,0.4332069
2018,702,8436,0,0.11565553
2018,702,8437,0,0.15256374
2018,702,8438,0,0.10982133
2018,702,8439,0,0.21778835
2018,702,8440,1,0.6248071
2018,702,8441,0,0.10629203
2018,702,8442,1,0.50342816
2018,702,8443,0,0.04829889
2018,702,8445,1,0.3067483
2018,702,8446,1,0.7246751
2018,702,8448,0,0.19548063
2018,702,8449,1,0.5166592
2018,702,8451,0,0.21947578
2018,702,8452,0,0.18813024
2018,702,8453,0,0.20558038
2018,702,8454,1,0.55336875
2018,702,8455,0,0.17566113
2018,702,8456,1,0.15656875
2018,702,8457,0,0.26231283
2018,702,8458,0,0.19242674
2018,702,8459,0,0.13223995
2018,702,8460,0,0.14871141
2018,702,8461,0,0.16080013
2018,702,8462,0,0.28564265
2018,702,8463,1,0.60050493
2018,702,8464,0,0.25373778
2018,702,8465,0,0.0979403
2018,702,8466,0,0.091479644
2018,702,8467,0,0.19678496
2018,702,8468,0,0.29585847
2018,702,8470,0,0.17911236
2018,702,8471,1,0.036019035
2018,702,8473,0,0.06716001
2018,702,8474,1,0.09866923
2018,702,8475,1,0.3224271
2018,702,8476,0,0.40971434
2018,702,8477,0,0.095561564
2018,702,8479,0,0.14630358
2018,702,8480,1,0.13163522
2018,702,8481,0,0.034957048
2018,702,8482,0,0.04384264
2018,702,8483,0,0.029784847
2018,702,8484,0,0.09000776
2018,528,8401,0,0.21142206
2018,528,8403,0,0.084973924
2018,528,8404,0,0.11930107
2018,528,8405,0,0.16243266
2018,528,8407,1,0.16980286
2018,528,8408,0,0.1262888
2018,528,8409,0,0.057171877
2018,528,8410,0,0.18194833
2018,528,8411,0,0.10007684
2018,528,8412,0,0.042855423
2018,528,8413,0,0.069299005
2018,528,8414,0,0.11943119
2018,528,8415,0,0.105888724
2018,528,8416,1,0.1371265
2018,528,8417,1,0.39103392
2018,528,8418,0,0.13337134
2018,528,8419,0,0.09716677
2018,528,8420,0,0.23039636
2018,528,8421,0,0.07105609
2018,528,8422,0,0.07634007
2018,528,8423,0,0.17766438
2018,528,8424,0,0.112494394
2018,528,8425,0,0.10902108
2018,528,8426,0,0.0751773
2018,528,8427,0,0.0473049
2018,528,8428,0,0.09248335
2018,528,8429,0,0.04206684
2018,528,8430,0,0.07231269
2018,528,8431,0,0.026897546
2018,528,8432,0,0.060720675
2018,528,8433,0,0.05949933
2018,528,8434,0,0.08521519
2018,528,8435,0,0.11080649
2018,528,8436,0,0.051796146
2018,528,8437,1,0.20494436
2018,528,8438,0,0.044676512
2018,528,8439,0,0.10194399
2018,528,8440,0,0.15050177
2018,528,8441,0,0.10859896
2018,528,8442,0,0.21419965
2018,528,8443,0,0.04648831
2018,528,8444,1,0.64854753
2018,528,8445,1,0.6863054
2018,528,8446,0,0.34137073
2018,528,8447,0,0.17232215
2018,528,8448,1,0.30379155
2018,528,8449,0,0.38491386
2018,528,8450,0,0.22705086
2018,528,8451,0,0.15573223
2018,528,8452,0,0.15928704
2018,528,8453,1,0.22587352
2018,528,8454,1,0.13783912
2018,528,8455,0,0.16071805
2018,528,8456,0,0.08448097
2018,528,8457,0,0.20915246
2018,528,8458,0,0.17533651
2018,528,8459,0,0.121243685
2018,528,8460,0,0.089268886
2018,528,8461,0,0.11301907
2018,528,8462,0,0.083393015
2018,528,8463,0,0.14368626
2018,528,8464,0,0.15550292
2018,528,8465,1,0.13594155
2018,528,8466,0,0.058485344
2018,528,8467,1,0.12290945
2018,528,8468,0,0.16750924
2018,528,8470,0,0.28614643
2018,528,8471,0,0.03876235
2018,528,8472,0,0.087144285
2018,528,8473,0,0.16072506
2018,528,8474,0,0.07852107
2018,528,8475,0,0.11269216
2018,528,8476,0,0.36292607
2018,528,8477,0,0.09430252
2018,528,8478,0,0.07736951
2018,528,8479,0,0.099237904
2018,528,8480,0,0.122625954
2018,528,8481,0,0.07014799
2018,528,8482,0,0.098156415
2018,528,8483,0,0.074335836
2018,528,8484,0,0.100734755
2018,528,8485,0,0.059474695
2018,410,8401,1,0.2287434
2018,410,8402,0,0.16727518
2018,410,8403,0,0.077697165
2018,410,8404,0,0.15910769
2018,410,8405,1,0.19571553
2018,410,8406,1,0.6004525
2018,410,8407,0,0.09568019
2018,410,8408,0,0.085489854
2018,410,8409,0,0.040418707
2018,410,8410,1,0.7331159
2018,410,8411,0,0.07861481
2018,410,8412,0,0.040096965
2018,410,8413,0,0.062074367
2018,410,8414,0,0.060112618
2018,410,8415,0,0.09376429
2018,410,8416,0,0.20300554
2018,410,8417,0,0.17188893
2018,410,8418,0,0.12894754
2018,410,8419,0,0.10847725
2018,410,8420,1,0.3756256
2018,410,8421,0,0.03549314
2018,410,8422,0,0.05224775
2018,410,8423,0,0.15190794
2018,410,8424,0,0.08990287
2018,410,8425,0,0.09361729
2018,410,8426,0,0.09328269
2018,410,8427,0,0.07466686
2018,410,8428,0,0.048971925
2018,410,8429,0,0.037810825
2018,410,8431,0,0.02703578
2018,410,8432,0,0.10094949
2018,410,8433,0,0.09581939
2018,410,8435,0,0.15924957
2018,410,8436,1,0.52430934
2018,410,8437,0,0.13194436
2018,410,8438,0,0.06566299
2018,410,8439,0,0.12630193
2018,410,8440,1,0.24667025
2018,410,8441,0,0.05095078
2018,410,8442,0,0.29232872
2018,410,8443,0,0.036623545
2018,410,8444,0,0.24401969
2018,410,8445,1,0.24765521
2018,410,8446,1,0.19051377
2018,410,8447,1,0.23004797
2018,410,8448,0,0.17765793
2018,410,8449,1,0.29664868
2018,410,8450,0,0.107926235
2018,410,8451,0,0.08263923
2018,410,8452,0,0.1786904
2018,410,8453,0,0.1462463
2018,410,8454,0,0.32358336
2018,410,8455,0,0.16044001
2018,410,8456,0,0.14595246
2018,410,8457,0,0.11795268
2018,410,8458,0,0.12818351
2018,410,8459,0,0.12540598
2018,410,8460,0,0.16718732
2018,410,8461,0,0.12972318
2018,410,8462,0,0.07955614
2018,410,8463,0,0.09439001
2018,410,8464,0,0.2010751
2018,410,8465,0,0.11313277
2018,410,8466,0,0.044028122
2018,410,8467,1,0.16172472
2018,410,8468,0,0.18886428
2018,410,8470,0,0.71744746
2018,410,8471,0,0.06165986
2018,410,8472,0,0.09062526
2018,410,8473,0,0.13232873
2018,410,8474,0,0.089102626
2018,410,8475,1,0.196717
2018,410,8476,0,0.1250979
2018,410,8477,0,0.05853411
2018,410,8478,1,0.32927108
2018,410,8479,0,0.09001541
2018,410,8480,0,0.04916095
2018,410,8481,0,0.045773305
2018,410,8482,0,0.07673009
2018,410,8483,0,0.045195553
2018,410,8484,0,0.04948925
2018,410,8485,0,0.050013695
2018,458,8404,0,0.15814742
2018,458,8405,0,0.24757501
2018,458,8406,1,0.29440382
2018,458,8407,0,0.16595668
2018,458,8409,0,0.2968947
2018,458,8411,0,0.3413492
2018,458,8412,0,0.10657427
2018,458,8413,0,0.102294326
2018,458,8414,0,0.068898335
2018,458,8415,0,0.052984465
2018,458,8416,1,0.31599727
2018,458,8417,0,0.2104207
2018,458,8418,0,0.11347208
2018,458,8419,0,0.18714947
2018,458,8420,1,0.630826
2018,458,8421,0,0.07996187
2018,458,8422,1,0.1736264
2018,458,8423,1,0.3561663
2018,458,8424,0,0.06423863
2018,458,8426,0,0.17570522
2018,458,8427,0,0.21853037
2018,458,8428,0,0.067354195
2018,458,8430,1,0.36464828
2018,458,8431,0,0.069604725
2018,458,8434,1,0.612397
2018,458,8436,0,0.09697963
2018,458,8437,0,0.3668167
2018,458,8438,0,0.08038712
2018,458,8439,0,0.15282731
2018,458,8441,0,0.18327118
2018,458,8442,0,0.3478137
2018,458,8443,0,0.11446222
2018,458,8445,1,0.5428378
2018,458,8447,1,0.5499185
2018,458,8448,1,0.15819362
2018,458,8451,0,0.31905627
2018,458,8452,0,0.20622592
2018,458,8454,1,0.21089303
2018,458,8455,0,0.20011806
2018,458,8456,1,0.09765891
2018,458,8458,0,0.24543957
2018,458,8459,0,0.22068158
2018,458,8460,0,0.31729633
2018,458,8462,1,0.17626645
2018,458,8463,0,0.15304662
2018,458,8464,0,0.18573484
2018,458,8465,1,0.21067677
2018,458,8466,1,0.12197986
2018,458,8468,0,0.38245285
2018,458,8470,1,0.17420986
2018,458,8471,0,0.033459626
2018,458,8472,1,0.14727232
2018,458,8473,1,0.098421454
2018,458,8474,0,0.12371298
2018,458,8475,0,0.19412111
2018,458,8476,0,0.16091911
2018,458,8477,0,0.14459054
2018,458,8478,1,0.19707844
2018,458,8479,0,0.09497181
2018,458,8480,1,0.16596645
2018,458,8481,0,0.0849664
2018,458,8482,0,0.0963076
2018,458,8484,0,0.10302039
2018,458,8485,1,0.3242449
2018,124,8401,1,0.5509984
2018,124,8402,1,0.259104
2018,124,8403,0,0.10571673
2018,124,8404,0,0.28221253
2018,124,8405,1,0.32487956
2018,124,8406,1,0.23876415
2018,124,8407,0,0.06334918
2018,124,8408,0,0.15117246
2018,124,8409,0,0.09664125
2018,124,8410,0,0.34175596
2018,124,8411,0,0.075356305
2018,124,8412,0,0.05330474
2018,124,8413,0,0.13148667
2018,124,8414,0,0.12742521
2018,124,8415,0,0.11289824
2018,124,8416,0,0.15871903
2018,124,8417,0,0.163758
2018,124,8418,0,0.12132188
2018,124,8419,0,0.1626834
2018,124,8420,0,0.21056567
2018,124,8421,0,0.11414948
2018,124,8422,0,0.10522936
2018,124,8423,0,0.14988816
2018,124,8424,0,0.14368452
2018,124,8425,0,0.1543005
2018,124,8426,0,0.11111589
2018,124,8427,0,0.10417287
2018,124,8428,0,0.12154342
2018,124,8429,0,0.16870101
2018,124,8430,0,0.11580817
2018,124,8431,0,0.029591901
2018,124,8432,0,0.074577086
2018,124,8433,0,0.07364671
2018,124,8434,0,0.6367398
2018,124,8436,0,0.07324716
2018,124,8437,0,0.24274781
2018,124,8438,0,0.10625276
2018,124,8439,0,0.13742533
2018,124,8440,1,0.28436288
2018,124,8441,0,0.15339562
2018,124,8442,0,0.26106402
2018,124,8443,1,0.08245726
2018,124,8445,1,0.47438678
2018,124,8447,0,0.49984396
2018,124,8448,1,0.2578457
2018,124,8451,0,0.2510327
2018,124,8452,1,0.35226202
2018,124,8453,0,0.21755964
2018,124,8454,0,0.13697301
2018,124,8455,0,0.20474064
2018,124,8456,1,0.14512905
2018,124,8457,1,0.15650027
2018,124,8458,0,0.2508193
2018,124,8459,0,0.1386749
2018,124,8460,0,0.13574243
2018,124,8461,0,0.15985888
2018,124,8462,0,0.14429767
2018,124,8463,1,0.13931818
2018,124,8464,0,0.10454011
2018,124,8465,0,0.11639707
2018,124,8466,0,0.041998137
2018,124,8467,0,0.2545912
2018,124,8468,0,0.22032382
2018,124,8470,0,0.23942868
2018,124,8471,0,0.049128495
2018,124,8472,0,0.27013475
2018,124,8473,0,0.12113315
2018,124,8474,0,0.10074126
2018,124,8475,1,0.35165143
2018,124,8476,0,0.1525619
2018,124,8477,0,0.14239705
2018,124,8479,0,0.069984846
2018,124,8480,0,0.09320464
2018,124,8481,0,0.09148006
2018,124,8482,0,0.08287356
2018,124,8483,0,0.09860603
2018,124,8484,0,0.105354115
2018,124,8485,0,0.5392171
2018,484,8402,0,0.35039532
2018,484,8403,0,0.23657754
2018,484,8404,0,0.3560997
2018,484,8405,0,0.40648073
2018,484,8406,0,0.25138435
2018,484,8407,0,0.07275556
2018,484,8408,0,0.07974145
2018,484,8409,0,0.09037491
2018,484,8411,0,0.08831622
2018,484,8412,0,0.06696769
2018,484,8413,0,0.10344581
2018,484,8414,0,0.1069342
2018,484,8415,0,0.09478374
2018,484,8416,0,0.1749604
2018,484,8417,0,0.4675724
2018,484,8418,0,0.10902999
2018,484,8419,0,0.12625962
2018,484,8420,0,0.3345272
2018,484,8421,0,0.113554515
2018,484,8422,0,0.13618189
2018,484,8423,0,0.16463958
2018,484,8424,0,0.10268099
2018,484,8425,0,0.13349262
2018,484,8426,1,0.21615382
2018,484,8427,0,0.25077635
2018,484,8428,0,0.11321624
2018,484,8429,1,0.23576428
2018,484,8430,1,0.38329294
2018,484,8431,0,0.04392456
2018,484,8432,1,0.41813868
2018,484,8433,0,0.06992832
2018,484,8434,0,0.26235077
2018,484,8436,0,0.120325185
2018,484,8437,0,0.18505763
2018,484,8438,0,0.120430574
2018,484,8439,1,0.28525233
2018,484,8441,0,0.14476366
2018,484,8442,0,0.38162577
2018,484,8443,0,0.10504025
2018,484,8450,0,0.25447923
2018,484,8451,0,0.18623534
2018,484,8452,0,0.35045058
2018,484,8453,0,0.46518466
2018,484,8454,1,0.64041805
2018,484,8455,0,0.33152738
2018,484,8456,0,0.27996984
2018,484,8457,0,0.25456172
2018,484,8458,1,0.65686494
2018,484,8459,0,0.20158969
2018,484,8460,0,0.124605596
2018,484,8461,0,0.28422704
2018,484,8462,1,0.51323473
2018,484,8463,0,0.2612781
2018,484,8465,1,0.14772946
2018,484,8466,0,0.08266088
2018,484,8467,0,0.12462025
2018,484,8468,0,0.27519187
2018,484,8470,0,0.6506777
2018,484,8471,0,0.09894444
2018,484,8472,0,0.5093629
2018,484,8473,0,0.19960725
2018,484,8474,0,0.16709302
2018,484,8475,0,0.39532226
2018,484,8476,1,0.13819894
2018,484,8477,0,0.14663768
2018,484,8479,0,0.111304514
2018,484,8480,0,0.1474499
2018,484,8481,0,0.09715077
2018,484,8482,0,0.08787871
2018,484,8483,0,0.07405092
2018,484,8484,0,0.12282786
2018,484,8485,0,0.076835595
2018,757,8402,0,0.47382632
2018,757,8403,0,0.12951748
2018,757,8404,0,0.6618081
2018,757,8405,0,0.19783342
2018,757,8406,1,0.35621142
2018,757,8407,1,0.35521093
2018,757,8408,1,0.407152
2018,757,8409,0,0.09312254
2018,757,8411,0,0.24440178
2018,757,8412,0,0.058822818
2018,757,8413,0,0.12789546
2018,757,8414,0,0.10936969
2018,757,8415,0,0.15237838
2018,757,8416,1,0.23542765
2018,757,8417,0,0.57267594
2018,757,8418,0,0.27516833
2018,757,8419,0,0.102722295
2018,757,8420,1,0.20201616
2018,757,8421,0,0.10640455
2018,757,8422,0,0.0924593
2018,757,8423,1,0.23683815
2018,757,8424,0,0.12046893
2018,757,8425,0,0.16634993
2018,757,8426,1,0.18045674
2018,757,8427,1,0.13109417
2018,757,8428,0,0.09480958
2018,757,8429,0,0.08674835
2018,757,8430,0,0.191048
2018,757,8431,0,0.034559533
2018,757,8432,1,0.109947324
2018,757,8433,0,0.24654
2018,757,8434,0,0.3659495
2018,757,8435,0,0.34007967
2018,757,8436,0,0.12815928
2018,757,8437,0,0.4146258
2018,757,8438,0,0.11697979
2018,757,8439,0,0.15759973
2018,757,8440,0,0.15446262
2018,757,8441,0,0.0808902
2018,757,8442,0,0.2849738
2018,757,8443,0,0.07870881
2018,757,8444,1,0.41497916
2018,757,8445,1,0.40318176
2018,757,8446,1,0.17262323
2018,757,8447,1,0.5647871
2018,757,8448,1,0.059757605
2018,757,8449,1,0.5975332
2018,757,8450,0,0.32213536
2018,757,8451,0,0.17050946
2018,757,8452,1,0.21734686
2018,757,8453,1,0.37437627
2018,757,8454,0,0.1800432
2018,757,8455,0,0.35854638
2018,757,8456,1,0.12081957
2018,757,8457,1,0.12922826
2018,757,8458,0,0.14537598
2018,757,8459,1,0.11905568
2018,757,8460,0,0.09493104
2018,757,8461,0,0.16739483
2018,757,8462,0,0.09522828
2018,757,8463,0,0.098378666
2018,757,8464,0,0.10465442
2018,757,8465,0,0.12814552
2018,757,8466,0,0.038223494
2018,757,8467,0,0.30587587
2018,757,8468,0,0.21722955
2018,757,8470,0,0.26492947
2018,757,8471,0,0.03771464
2018,757,8472,0,0.1419668
2018,757,8473,0,0.13614085
2018,757,8474,0,0.13068683
2018,757,8475,1,0.17980167
2018,757,8476,1,0.1356785
2018,757,8477,0,0.07283111
2018,757,8478,1,0.70865476
2018,757,8479,0,0.07278214
2018,757,8480,0,0.09280996
2018,757,8481,0,0.11609178
2018,757,8482,0,0.09737229
2018,757,8483,0,0.09097189
2018,757,8484,0,0.0915985
2018,757,8485,0,0.11273742
2018,764,8403,0,0.2651576
2018,764,8405,0,0.37008634
2018,764,8406,0,0.26842242
2018,764,8407,0,0.10765799
2018,764,8408,1,0.61995095
2018,764,8409,0,0.10404655
2018,764,8411,0,0.11050752
2018,764,8412,0,0.044448934
2018,764,8413,0,0.13017961
2018,764,8414,0,0.064330846
2018,764,8415,0,0.04119346
2018,764,8416,0,0.4814638
2018,764,8417,0,0.20990711
2018,764,8418,0,0.05011057
2018,764,8419,0,0.24767673
2018,764,8420,1,0.17288211
2018,764,8421,0,0.0888874
2018,764,8422,0,0.049006645
2018,764,8423,0,0.1348842
2018,764,8424,0,0.13445608
2018,764,8427,0,0.1148697
2018,764,8428,0,0.062453996
2018,764,8429,1,0.19337556
2018,764,8430,0,0.2640937
2018,764,8431,0,0.036026064
2018,764,8434,0,0.27476716
2018,764,8435,0,0.7121333
2018,764,8437,1,0.18352897
2018,764,8438,0,0.1422113
2018,764,8439,1,0.10251469
2018,764,8441,0,0.09856622
2018,764,8442,0,0.28766277
2018,764,8443,0,0.110706665
2018,764,8445,0,0.28728896
2018,764,8446,0,0.4960107
2018,764,8447,0,0.38893804
2018,764,8448,1,0.13853441
2018,764,8450,0,0.04983057
2018,764,8451,1,0.09640397
2018,764,8452,0,0.0981405
2018,764,8453,1,0.12085016
2018,764,8455,0,0.1368761
2018,764,8456,1,0.15847795
2018,764,8457,0,0.2196407
2018,764,8458,0,0.21384192
2018,764,8459,0,0.12121377
2018,764,8460,1,0.3360133
2018,764,8461,0,0.10309233
2018,764,8462,0,0.071821146
2018,764,8464,0,0.647203
2018,764,8466,0,0.09117544
2018,764,8467,0,0.15616149
2018,764,8468,0,0.27823848
2018,764,8470,0,0.17702508
2018,764,8471,0,0.1389166
2018,764,8472,0,0.2043915
2018,764,8473,0,0.15177862
2018,764,8475,1,0.53248477
2018,764,8476,0,0.26924247
2018,764,8477,0,0.09351085
2018,764,8479,0,0.058532152
2018,764,8480,0,0.13692021
2018,764,8481,0,0.037917644
2018,764,8482,0,0.04852249
2018,764,8483,0,0.044200484
2018,764,8484,0,0.05467372
2018,764,8485,0,0.0665421
2018,752,8401,0,0.4023719
2018,752,8402,0,0.16043594
2018,752,8403,0,0.12591791
2018,752,8404,0,0.19197752
2018,752,8405,1,0.74919975
2018,752,8406,0,0.6985388
2018,752,8407,0,0.17531449
2018,752,8408,0,0.21749297
2018,752,8409,0,0.110060625
2018,752,8410,1,0.39747274
2018,752,8412,0,0.051545333
2018,752,8413,0,0.12665364
2018,752,8414,0,0.13684288
2018,752,8415,0,0.16212074
2018,752,8416,1,0.33707094
2018,752,8417,1,0.15303177
2018,752,8418,0,0.18687193
2018,752,8419,0,0.116646856
2018,752,8420,0,0.5612258
2018,752,8421,0,0.1054012
2018,752,8422,0,0.07768577
2018,752,8423,0,0.20868628
2018,752,8424,0,0.095451854
2018,752,8425,0,0.15753885
2018,752,8426,0,0.06981006
2018,752,8427,0,0.069272086
2018,752,8428,0,0.11174955
2018,752,8429,0,0.05830279
2018,752,8430,0,0.13146064
2018,752,8431,0,0.033150803
2018,752,8432,0,0.10128735
2018,752,8433,0,0.10786
2018,752,8434,0,0.08777076
2018,752,8435,0,0.42653182
2018,752,8436,0,0.192255
2018,752,8437,0,0.22455849
2018,752,8438,0,0.07807964
2018,752,8439,0,0.09759289
2018,752,8440,0,0.34313288
2018,752,8441,0,0.106011204
2018,752,8442,1,0.4532416
2018,752,8443,0,0.09728951
2018,752,8446,0,0.67268866
2018,752,8447,1,0.81804425
2018,752,8448,1,0.1384665
2018,752,8449,0,0.70394987
2018,752,8450,0,0.31553006
2018,752,8451,0,0.2432256
2018,752,8452,0,0.17480475
2018,752,8453,1,0.3201831
2018,752,8454,0,0.3876467
2018,752,8455,0,0.16356105
2018,752,8456,0,0.0977732
2018,752,8457,0,0.4271123
2018,752,8458,0,0.4181756
2018,752,8459,0,0.42996588
2018,752,8460,0,0.109717
2018,752,8461,1,0.15731291
2018,752,8462,0,0.15027575
2018,752,8463,0,0.19315113
2018,752,8464,0,0.2058401
2018,752,8465,0,0.21321964
2018,752,8466,0,0.047029544
2018,752,8467,0,0.21692182
2018,752,8468,0,0.19489352
2018,752,8470,1,0.4421109
2018,752,8471,0,0.050430175
2018,752,8472,1,0.09720851
2018,752,8473,1,0.25003228
2018,752,8474,0,0.11930134
2018,752,8475,0,0.47328043
2018,752,8476,0,0.27768776
2018,752,8477,0,0.12364265
2018,752,8478,1,0.687077
2018,752,8479,0,0.07249996
2018,752,8480,0,0.16975863
2018,752,8481,0,0.122983254
2018,752,8482,0,0.05557116
2018,752,8483,0,0.08676461
2018,752,8484,0,0.082122006
2018,752,8485,0,0.09457384
2018,372,8402,1,0.76162153
2018,372,8403,0,0.19194826
2018,372,8406,1,0.5597734
2018,372,8409,0,0.15587251
2018,372,8411,0,0.19450015
2018,372,8412,0,0.18752576
2018,372,8413,0,0.14857717
2018,372,8414,0,0.12815139
2018,372,8415,0,0.27442944
2018,372,8418,0,0.12472268
2018,372,8419,0,0.17050202
2018,372,8421,0,0.13743024
2018,372,8422,0,0.13770121
2018,372,8423,0,0.4678961
2018,372,8424,0,0.19473971
2018,372,8425,0,0.25528607
2018,372,8426,1,0.5596234
2018,372,8427,0,0.1622499
2018,372,8428,0,0.14507668
2018,372,8429,1,0.2536871
2018,372,8430,1,0.25804213
2018,372,8431,0,0.05911548
2018,372,8432,0,0.21154135
2018,372,8433,0,0.091729864
2018,372,8434,1,0.22957683
2018,372,8436,0,0.18949682
2018,372,8437,1,0.36320692
2018,372,8438,0,0.23360182
2018,372,8441,0,0.18607244
2018,372,8443,0,0.11790365
2018,372,8448,0,0.12986055
2018,372,8450,0,0.37693593
2018,372,8451,1,0.26083073
2018,372,8456,0,0.33211318
2018,372,8457,1,0.43209812
2018,372,8462,1,0.23294304
2018,372,8463,0,0.18569785
2018,372,8465,1,0.22561628
2018,372,8466,0,0.13840568
2018,372,8467,0,0.3001187
2018,372,8468,0,0.20141318
2018,372,8470,0,0.40645742
2018,372,8471,0,0.03942126
2018,372,8472,1,0.3517415
2018,372,8473,0,0.11549271
2018,372,8474,0,0.15652108
2018,372,8475,0,0.21803556
2018,372,8477,0,0.11507408
2018,372,8479,0,0.1596304
2018,372,8480,0,0.24661554
2018,372,8481,0,0.17044209
2018,372,8482,0,0.12712686
2018,372,8483,0,0.14791222
2018,372,8484,0,0.116526626
2018,372,8485,0,0.14726049
2018,40,8401,0,0.46782935
2018,40,8402,1,0.5611833
2018,40,8403,0,0.11049641
2018,40,8404,0,0.1626627
2018,40,8405,0,0.58027196
2018,40,8406,0,0.29890382
2018,40,8407,0,0.10659027
2018,40,8408,0,0.17412092
2018,40,8409,0,0.09220391
2018,40,8411,0,0.1140415
2018,40,8412,0,0.07232069
2018,40,8413,0,0.09920132
2018,40,8414,0,0.10979881
2018,40,8415,0,0.12206111
2018,40,8416,1,0.28345868
2018,40,8417,0,0.21139488
2018,40,8418,0,0.19976221
2018,40,8419,0,0.11908313
2018,40,8420,0,0.13432467
2018,40,8421,0,0.10989527
2018,40,8422,0,0.14774083
2018,40,8423,0,0.15728223
2018,40,8424,0,0.11914494
2018,40,8425,0,0.1358786
2018,40,8426,0,0.08080821
2018,40,8427,0,0.35984245
2018,40,8428,0,0.098629445
2018,40,8429,0,0.13971448
2018,40,8430,0,0.124748066
2018,40,8431,0,0.03622609
2018,40,8432,0,0.07430594
2018,40,8433,0,0.13543849
2018,40,8435,0,0.23436202
2018,40,8436,0,0.10306043
2018,40,8438,0,0.07287387
2018,40,8439,0,0.11350343
2018,40,8440,0,0.17830245
2018,40,8441,0,0.11018349
2018,40,8442,1,0.30249953
2018,40,8443,0,0.074561834
2018,40,8444,1,0.8098709
2018,40,8445,0,0.3663709
2018,40,8446,0,0.37440297
2018,40,8447,0,0.22236884
2018,40,8448,0,0.12606241
2018,40,8449,0,0.32115632
2018,40,8450,0,0.40023103
2018,40,8451,0,0.16546005
2018,40,8453,0,0.45711833
2018,40,8454,0,0.1630043
2018,40,8455,0,0.142256
2018,40,8456,0,0.08055525
2018,40,8457,0,0.2101204
2018,40,8458,0,0.110895455
2018,40,8459,0,0.085379906
2018,40,8460,1,0.11812837
2018,40,8461,0,0.23778614
2018,40,8462,0,0.102440566
2018,40,8463,1,0.13129161
2018,40,8464,0,0.15441164
2018,40,8465,0,0.08697072
2018,40,8466,0,0.057849545
2018,40,8467,0,0.22500646
2018,40,8468,0,0.20064344
2018,40,8470,1,0.32709688
2018,40,8471,0,0.042765845
2018,40,8472,0,0.42828897
2018,40,8473,0,0.1081774
2018,40,8474,0,0.091589935
2018,40,8475,1,0.27623376
2018,40,8476,0,0.1371718
2018,40,8477,0,0.09525143
2018,40,8478,0,0.24901354
2018,40,8479,0,0.066076785
2018,40,8480,0,0.06391385
2018,40,8481,0,0.0724684
2018,40,8482,0,0.10569239
2018,40,8483,0,0.08320933
2018,40,8484,0,0.13103235
2018,40,8485,0,0.12569474
2018,724,8401,0,0.6019713
2018,724,8402,0,0.27637577
2018,724,8403,1,0.53036064
2018,724,8404,1,0.51189685
2018,724,8405,1,0.7011667
2018,724,8407,0,0.13805375
2018,724,8408,1,0.16942
2018,724,8409,0,0.08096236
2018,724,8410,0,0.16738491
2018,724,8411,0,0.06482066
2018,724,8412,0,0.10092634
2018,724,8413,0,0.063134275
2018,724,8414,0,0.077920355
2018,724,8415,0,0.12987491
2018,724,8416,0,0.35594472
2018,724,8417,0,0.3621707
2018,724,8418,0,0.11617538
2018,724,8419,0,0.109551474
2018,724,8420,0,0.15731688
2018,724,8421,0,0.09365467
2018,724,8422,0,0.04892845
2018,724,8424,0,0.106695026
2018,724,8425,0,0.07749483
2018,724,8426,0,0.061732464
2018,724,8427,0,0.091373615
2018,724,8428,0,0.07378243
2018,724,8429,0,0.14921187
2018,724,8430,1,0.20768748
2018,724,8431,0,0.022062188
2018,724,8432,0,0.07481342
2018,724,8433,0,0.14422123
2018,724,8434,1,0.3406448
2018,724,8435,0,0.36764362
2018,724,8436,0,0.052137554
2018,724,8437,0,0.12589453
2018,724,8438,0,0.046417322
2018,724,8439,1,0.16967909
2018,724,8440,0,0.14892031
2018,724,8441,0,0.1105402
2018,724,8442,0,0.27993166
2018,724,8443,0,0.051252916
2018,724,8444,1,0.5448392
2018,724,8445,1,0.36372548
2018,724,8446,1,0.7026561
2018,724,8447,1,0.58649313
2018,724,8448,0,0.44117382
2018,724,8449,1,0.6156068
2018,724,8450,0,0.1763098
2018,724,8451,0,0.16703756
2018,724,8452,1,0.4038635
2018,724,8453,1,0.22369893
2018,724,8454,0,0.39330342
2018,724,8455,1,0.295742
2018,724,8456,0,0.16396214
2018,724,8457,1,0.1403123
2018,724,8458,0,0.11055032
2018,724,8459,0,0.100594714
2018,724,8460,0,0.12005841
2018,724,8461,0,0.15334088
2018,724,8462,1,0.094023846
2018,724,8463,0,0.18097593
2018,724,8464,0,0.0927663
2018,724,8465,0,0.11535495
2018,724,8466,0,0.04527833
2018,724,8467,1,0.24904735
2018,724,8468,1,0.187215
2018,724,8470,0,0.3346487
2018,724,8471,0,0.050566155
2018,724,8472,1,0.20530844
2018,724,8473,0,0.12048036
2018,724,8474,0,0.07444437
2018,724,8475,1,0.6351315
2018,724,8476,0,0.16100706
2018,724,8477,0,0.07923641
2018,724,8478,0,0.1673987
2018,724,8479,0,0.043177895
2018,724,8480,1,0.06614392
2018,724,8481,0,0.08386225
2018,724,8482,0,0.08457064
2018,724,8483,0,0.084426895
2018,724,8484,0,0.09545341
2018,724,8485,0,0.0710297
