t,i,k4,label_observed_continuing,p
2016,842,8401,0,0.26317707
2016,842,8402,0,0.30997518
2016,842,8403,0,0.43921548
2016,842,8404,0,0.3082173
2016,842,8405,1,0.30777594
2016,842,8406,1,0.2837006
2016,842,8407,0,0.08872601
2016,842,8408,0,0.098787315
2016,842,8409,0,0.049128294
2016,842,8410,1,0.33145365
2016,842,8411,0,0.049534194
2016,842,8412,0,0.041862883
2016,842,8413,0,0.26838613
2016,842,8414,0,0.2401552
2016,842,8415,0,0.068185
2016,842,8416,0,0.27323008
2016,842,8417,0,0.3803259
2016,842,8418,0,0.06168788
2016,842,8419,0,0.059549477
2016,842,8420,0,0.30075413
2016,842,8421,0,0.046091218
2016,842,8422,0,0.03755253
2016,842,8423,0,0.3164678
2016,842,8424,0,0.031919077
2016,842,8425,0,0.12666039
2016,842,8426,0,0.12928928
2016,842,8427,0,0.12074729
2016,842,8428,0,0.06302434
2016,842,8429,0,0.13479577
2016,842,8430,0,0.100333184
2016,842,8431,0,0.24736354
2016,842,8432,0,0.2639891
2016,842,8433,0,0.04985043
2016,842,8434,0,0.45142972
2016,842,8435,0,0.33447602
2016,842,8436,0,0.2603571
2016,842,8437,0,0.42479092
2016,842,8438,0,0.036584053
2016,842,8439,0,0.16734631
2016,842,8440,0,0.103897475
2016,842,8441,0,0.07076959
2016,842,8442,0,0.5000382
2016,842,8443,0,0.04142329
2016,842,8444,0,0.6118979
2016,842,8446,0,0.13338253
2016,842,8447,0,0.16815603
2016,842,8449,0,0.20525625
2016,842,8450,0,0.1108208
2016,842,8451,0,0.04339956
2016,842,8452,0,0.2600879
2016,842,8453,0,0.36337847
2016,842,8454,1,0.17521372
2016,842,8455,0,0.14266942
2016,842,8456,1,0.0915512
2016,842,8457,0,0.115074694
2016,842,8458,0,0.07179521
2016,842,8459,0,0.05869108
2016,842,8460,1,0.12835251
2016,842,8461,0,0.079108775
2016,842,8462,0,0.085326046
2016,842,8463,1,0.26651922
2016,842,8464,0,0.096236736
2016,842,8465,0,0.073446505
2016,842,8466,0,0.03456893
2016,842,8467,0,0.028662184
2016,842,8468,0,0.14913449
2016,842,8470,0,0.4440475
2016,842,8471,0,0.03172928
2016,842,8472,1,0.17902575
2016,842,8473,0,0.12255667
2016,842,8474,0,0.06931017
2016,842,8475,0,0.19470835
2016,842,8476,0,0.14336638
2016,842,8477,0,0.043760568
2016,842,8478,0,0.4675531
2016,842,8479,0,0.05461007
2016,842,8480,0,0.062038355
2016,842,8481,0,0.036126755
2016,842,8482,0,0.030548861
2016,842,8483,0,0.046957865
2016,842,8484,0,0.11140688
2016,842,8485,0,0.38262948
2016,276,8401,0,0.20983166
2016,276,8402,0,0.07318269
2016,276,8403,0,0.07651752
2016,276,8404,0,0.17687273
2016,276,8405,1,0.47879812
2016,276,8406,1,0.17242658
2016,276,8407,0,0.09571338
2016,276,8408,0,0.040757354
2016,276,8409,0,0.035999298
2016,276,8410,1,0.3749168
2016,276,8411,0,0.036137883
2016,276,8412,0,0.03084886
2016,276,8413,0,0.018595563
2016,276,8414,0,0.019594334
2016,276,8415,0,0.0282934
2016,276,8416,0,0.040232364
2016,276,8417,0,0.2554963
2016,276,8418,0,0.018113524
2016,276,8419,0,0.040332045
2016,276,8420,0,0.11666355
2016,276,8421,0,0.013334071
2016,276,8422,0,0.020205827
2016,276,8423,0,0.022854438
2016,276,8424,0,0.018997569
2016,276,8425,0,0.024342943
2016,276,8426,0,0.058054637
2016,276,8427,0,0.04747844
2016,276,8428,0,0.025268279
2016,276,8429,0,0.048776586
2016,276,8430,0,0.055779338
2016,276,8431,0,0.021146042
2016,276,8432,0,0.0623675
2016,276,8433,0,0.040715605
2016,276,8434,0,0.0671386
2016,276,8435,0,0.16855963
2016,276,8436,0,0.047323495
2016,276,8437,0,0.33575565
2016,276,8438,0,0.02387144
2016,276,8439,0,0.08982775
2016,276,8440,0,0.048342474
2016,276,8441,0,0.04077257
2016,276,8442,0,0.07392555
2016,276,8443,0,0.03018827
2016,276,8444,0,0.24523094
2016,276,8445,0,0.098590136
2016,276,8446,0,0.18815276
2016,276,8447,0,0.12354647
2016,276,8448,0,0.046966456
2016,276,8449,0,0.19630024
2016,276,8450,0,0.08080865
2016,276,8451,0,0.026154999
2016,276,8452,0,0.025788207
2016,276,8453,0,0.056686696
2016,276,8454,0,0.11908214
2016,276,8455,0,0.32920027
2016,276,8456,0,0.06424323
2016,276,8457,0,0.1861118
2016,276,8458,0,0.07493048
2016,276,8459,0,0.055356774
2016,276,8460,0,0.06921513
2016,276,8461,0,0.09137037
2016,276,8462,0,0.045308534
2016,276,8463,0,0.16275454
2016,276,8464,0,0.05993598
2016,276,8465,0,0.027810562
2016,276,8466,0,0.044801265
2016,276,8467,0,0.02658956
2016,276,8468,0,0.03153354
2016,276,8469,1,0.22382744
2016,276,8470,0,0.11502344
2016,276,8471,1,0.038397487
2016,276,8472,0,0.04866756
2016,276,8473,0,0.09246564
2016,276,8474,0,0.040528256
2016,276,8475,0,0.14146435
2016,276,8476,0,0.16143295
2016,276,8477,0,0.03286477
2016,276,8478,0,0.09889261
2016,276,8479,0,0.028512059
2016,276,8480,0,0.034974165
2016,276,8481,0,0.020916315
2016,276,8482,0,0.025486387
2016,276,8483,0,0.027009545
2016,276,8484,0,0.026157064
2016,276,8485,0,0.03505233
2016,392,8401,0,0.60189587
2016,392,8402,0,0.14692537
2016,392,8403,0,0.22614504
2016,392,8404,1,0.3401947
2016,392,8405,1,0.19293019
2016,392,8406,0,0.0995691
2016,392,8407,0,0.06785868
2016,392,8408,0,0.06723322
2016,392,8409,0,0.03096692
2016,392,8411,0,0.05379127
2016,392,8412,0,0.07445135
2016,392,8413,0,0.034658212
2016,392,8414,0,0.027477162
2016,392,8415,0,0.023151362
2016,392,8416,0,0.18438275
2016,392,8417,0,0.14444432
2016,392,8418,0,0.034919593
2016,392,8419,0,0.06254365
2016,392,8420,0,0.22507028
2016,392,8421,0,0.017539376
2016,392,8422,0,0.04040076
2016,392,8423,0,0.08391762
2016,392,8424,0,0.03365264
2016,392,8425,0,0.07082932
2016,392,8426,0,0.14164676
2016,392,8427,0,0.03097749
2016,392,8428,0,0.06382626
2016,392,8429,0,0.12139486
2016,392,8430,0,0.13427164
2016,392,8431,0,0.041383613
2016,392,8432,0,0.11188618
2016,392,8433,0,0.06349302
2016,392,8434,0,0.16175409
2016,392,8435,0,0.33203554
2016,392,8436,1,0.1365495
2016,392,8437,0,0.16502427
2016,392,8438,0,0.05463446
2016,392,8439,0,0.21365318
2016,392,8440,0,0.10033031
2016,392,8441,0,0.069051385
2016,392,8442,0,0.16233194
2016,392,8443,0,0.040046424
2016,392,8444,0,0.2748686
2016,392,8445,0,0.14063126
2016,392,8446,0,0.27438638
2016,392,8447,0,0.13332663
2016,392,8448,0,0.07140426
2016,392,8449,1,0.7288391
2016,392,8451,0,0.06165161
2016,392,8452,0,0.03823901
2016,392,8453,0,0.27696943
2016,392,8454,0,0.17325951
2016,392,8455,1,0.21893595
2016,392,8456,1,0.19742593
2016,392,8457,0,0.1381617
2016,392,8458,0,0.10410185
2016,392,8459,0,0.11529827
2016,392,8460,0,0.13093722
2016,392,8461,0,0.11875824
2016,392,8462,0,0.11357508
2016,392,8463,0,0.17344585
2016,392,8464,0,0.35593837
2016,392,8465,0,0.077613324
2016,392,8466,0,0.050388306
2016,392,8467,0,0.03250421
2016,392,8468,1,0.10402256
2016,392,8469,1,0.56368756
2016,392,8470,0,0.11319875
2016,392,8471,1,0.029195376
2016,392,8472,0,0.056062736
2016,392,8473,0,0.13788211
2016,392,8474,0,0.1370749
2016,392,8475,0,0.16325474
2016,392,8476,0,0.24909778
2016,392,8477,0,0.06319298
2016,392,8478,0,0.19747715
2016,392,8479,0,0.07452201
2016,392,8480,0,0.060953982
2016,392,8481,0,0.035564
2016,392,8482,0,0.03043245
2016,392,8483,0,0.030841356
2016,392,8484,0,0.04502808
2016,392,8485,0,0.07021447
2016,156,8401,1,0.23573568
2016,156,8402,1,0.089844674
2016,156,8403,1,0.25115466
2016,156,8404,1,0.088589214
2016,156,8405,0,0.15001534
2016,156,8406,1,0.14820893
2016,156,8407,0,0.09117716
2016,156,8408,0,0.043126468
2016,156,8409,0,0.020606523
2016,156,8411,0,0.040652357
2016,156,8412,0,0.047603954
2016,156,8413,0,0.054781318
2016,156,8414,0,0.021882286
2016,156,8415,0,0.028053561
2016,156,8416,0,0.044816755
2016,156,8417,0,0.1705814
2016,156,8418,0,0.020751057
2016,156,8419,0,0.07926376
2016,156,8420,0,0.05827627
2016,156,8421,0,0.028353188
2016,156,8422,0,0.012324724
2016,156,8423,0,0.02823071
2016,156,8424,0,0.025054343
2016,156,8425,0,0.04229248
2016,156,8426,0,0.24562113
2016,156,8427,0,0.022689287
2016,156,8428,0,0.10042402
2016,156,8430,0,0.18128538
2016,156,8431,0,0.06339312
2016,156,8432,0,0.029474176
2016,156,8433,0,0.020715995
2016,156,8434,0,0.05698888
2016,156,8436,0,0.014988804
2016,156,8439,0,0.09682632
2016,156,8440,0,0.030809661
2016,156,8441,0,0.020194685
2016,156,8442,0,0.048122376
2016,156,8443,0,0.027393533
2016,156,8444,0,0.18610674
2016,156,8445,0,0.10311515
2016,156,8446,0,0.15015191
2016,156,8447,0,0.06274323
2016,156,8448,0,0.025807315
2016,156,8449,0,0.09158996
2016,156,8450,0,0.053082567
2016,156,8451,0,0.0133641865
2016,156,8452,0,0.01372902
2016,156,8453,0,0.06498396
2016,156,8454,0,0.06577525
2016,156,8455,0,0.06646994
2016,156,8456,0,0.027002258
2016,156,8457,0,0.03592507
2016,156,8458,0,0.033771135
2016,156,8459,0,0.0211233
2016,156,8460,0,0.01846952
2016,156,8461,0,0.03089575
2016,156,8462,0,0.021178069
2016,156,8463,0,0.069039784
2016,156,8464,0,0.0670076
2016,156,8465,0,0.044542104
2016,156,8466,0,0.025044275
2016,156,8467,0,0.02063601
2016,156,8468,0,0.023098094
2016,156,8469,1,0.27530083
2016,156,8470,0,0.031606324
2016,156,8471,0,0.031827163
2016,156,8472,0,0.031533796
2016,156,8473,0,0.061469443
2016,156,8475,0,0.18103093
2016,156,8476,0,0.06956734
2016,156,8477,0,0.018011397
2016,156,8478,0,0.1260736
2016,156,8479,0,0.028111484
2016,156,8480,0,0.022632353
2016,156,8481,0,0.021013632
2016,156,8482,0,0.015469253
2016,156,8483,0,0.022841668
2016,156,8484,0,0.04549921
2016,380,8401,0,0.47774208
2016,380,8403,0,0.08289638
2016,380,8404,0,0.16861582
2016,380,8406,1,0.08138326
2016,380,8407,0,0.13886553
2016,380,8408,0,0.053464614
2016,380,8409,0,0.036838796
2016,380,8411,0,0.1493696
2016,380,8412,0,0.0604918
2016,380,8413,0,0.0271024
2016,380,8414,0,0.02180592
2016,380,8415,0,0.03556784
2016,380,8416,0,0.0688771
2016,380,8417,0,0.07329239
2016,380,8418,0,0.023489155
2016,380,8419,0,0.036027066
2016,380,8420,0,0.14287832
2016,380,8421,0,0.016242864
2016,380,8422,0,0.021974554
2016,380,8423,0,0.037266742
2016,380,8424,0,0.020902423
2016,380,8425,0,0.03654394
2016,380,8426,0,0.058936458
2016,380,8427,0,0.08352166
2016,380,8428,0,0.025451336
2016,380,8429,0,0.054472998
2016,380,8430,0,0.1691886
2016,380,8431,0,0.022829974
2016,380,8432,0,0.038021214
2016,380,8433,0,0.031311117
2016,380,8434,0,0.08889829
2016,380,8435,0,0.15748602
2016,380,8436,0,0.058990568
2016,380,8438,0,0.032121513
2016,380,8439,0,0.13676062
2016,380,8440,0,0.094081506
2016,380,8441,0,0.04599998
2016,380,8442,0,0.13729843
2016,380,8443,0,0.02279916
2016,380,8444,0,0.4616666
2016,380,8445,0,0.12428074
2016,380,8446,0,0.15862752
2016,380,8447,0,0.11406003
2016,380,8448,0,0.05235569
2016,380,8449,0,0.19418073
2016,380,8450,0,0.0641416
2016,380,8451,0,0.022787193
2016,380,8453,0,0.06784336
2016,380,8454,1,0.20202468
2016,380,8455,0,0.3604978
2016,380,8456,0,0.048307836
2016,380,8457,0,0.09412286
2016,380,8458,0,0.099207476
2016,380,8459,0,0.09501997
2016,380,8460,0,0.070551954
2016,380,8461,0,0.06457523
2016,380,8462,0,0.03083548
2016,380,8463,0,0.08208293
2016,380,8464,0,0.052492127
2016,380,8465,0,0.034533523
2016,380,8466,0,0.029015915
2016,380,8467,0,0.023778746
2016,380,8468,0,0.049680132
2016,380,8469,1,0.56925744
2016,380,8470,0,0.44721383
2016,380,8471,1,0.031553876
2016,380,8472,1,0.14457546
2016,380,8473,0,0.087617345
2016,380,8474,0,0.04023378
2016,380,8475,0,0.32460222
2016,380,8476,0,0.09788165
2016,380,8477,0,0.023346448
2016,380,8478,0,0.13504617
2016,380,8479,0,0.024422817
2016,380,8480,0,0.059198063
2016,380,8481,0,0.019707922
2016,380,8482,0,0.036880556
2016,380,8483,0,0.026003102
2016,380,8484,0,0.028498318
2016,380,8485,0,0.04039257
2016,826,8401,1,0.28620008
2016,826,8402,1,0.18828794
2016,826,8403,0,0.4758253
2016,826,8405,0,0.27034867
2016,826,8406,1,0.39462772
2016,826,8407,0,0.063987106
2016,826,8408,0,0.08926682
2016,826,8409,0,0.026667684
2016,826,8411,0,0.03266111
2016,826,8412,0,0.08262776
2016,826,8413,0,0.03687614
2016,826,8414,0,0.023639625
2016,826,8415,0,0.04300812
2016,826,8416,0,0.17041348
2016,826,8417,1,0.07177485
2016,826,8418,0,0.030019006
2016,826,8419,0,0.056014698
2016,826,8420,0,0.15320334
2016,826,8421,0,0.01922109
2016,826,8422,0,0.03192196
2016,826,8423,0,0.032784145
2016,826,8424,0,0.030051513
2016,826,8425,0,0.08579519
2016,826,8426,0,0.09553694
2016,826,8427,0,0.055963017
2016,826,8428,0,0.035365716
2016,826,8429,0,0.07595496
2016,826,8430,0,0.08767154
2016,826,8431,0,0.03793484
2016,826,8432,0,0.06343761
2016,826,8433,0,0.1871063
2016,826,8434,0,0.18592763
2016,826,8435,0,0.21930407
2016,826,8436,0,0.06496799
2016,826,8437,0,0.14959532
2016,826,8438,0,0.034058407
2016,826,8439,0,0.19861455
2016,826,8440,0,0.1508068
2016,826,8441,0,0.09016993
2016,826,8442,0,0.13739769
2016,826,8443,0,0.03990849
2016,826,8444,0,0.2757322
2016,826,8445,0,0.27551675
2016,826,8446,0,0.24500899
2016,826,8447,0,0.115948565
2016,826,8448,0,0.09949249
2016,826,8450,0,0.179828
2016,826,8451,0,0.04965194
2016,826,8452,0,0.06307909
2016,826,8453,0,0.21500757
2016,826,8454,0,0.21706758
2016,826,8455,1,0.5915454
2016,826,8456,0,0.0765296
2016,826,8457,0,0.22367637
2016,826,8458,0,0.115834095
2016,826,8459,0,0.06681769
2016,826,8460,0,0.12687668
2016,826,8461,0,0.20132188
2016,826,8462,0,0.1327765
2016,826,8463,1,0.22969137
2016,826,8464,0,0.21859948
2016,826,8466,0,0.035538588
2016,826,8467,0,0.031107744
2016,826,8468,0,0.08210483
2016,826,8470,0,0.16456105
2016,826,8471,1,0.037437614
2016,826,8472,1,0.06561806
2016,826,8473,0,0.116301194
2016,826,8474,0,0.06712902
2016,826,8475,0,0.20649911
2016,826,8476,0,0.16170518
2016,826,8477,0,0.029122297
2016,826,8478,0,0.1415803
2016,826,8479,0,0.030720552
2016,826,8480,0,0.084982544
2016,826,8481,0,0.072006986
2016,826,8482,0,0.032502506
2016,826,8483,0,0.03232938
2016,826,8484,0,0.03430799
2016,826,8485,0,0.0407818
2016,251,8401,0,0.22725216
2016,251,8402,0,0.2348847
2016,251,8403,0,0.11701938
2016,251,8404,0,0.16362993
2016,251,8405,0,0.14302811
2016,251,8406,0,0.17477913
2016,251,8407,0,0.10186371
2016,251,8408,0,0.08044152
2016,251,8409,0,0.035453845
2016,251,8411,0,0.062529296
2016,251,8412,0,0.09276887
2016,251,8413,0,0.029911285
2016,251,8414,0,0.03283804
2016,251,8415,0,0.03986517
2016,251,8416,0,0.076972574
2016,251,8417,1,0.1328715
2016,251,8418,0,0.033373263
2016,251,8419,0,0.048229843
2016,251,8420,0,0.23211114
2016,251,8421,0,0.01741287
2016,251,8422,0,0.031170605
2016,251,8423,0,0.07894632
2016,251,8424,0,0.03754489
2016,251,8425,0,0.06917721
2016,251,8426,0,0.13414574
2016,251,8427,0,0.0514966
2016,251,8428,0,0.033577498
2016,251,8429,0,0.069208294
2016,251,8431,0,0.029783227
2016,251,8432,0,0.041755483
2016,251,8433,0,0.04523056
2016,251,8434,0,0.15700382
2016,251,8435,0,0.15835124
2016,251,8436,0,0.03789087
2016,251,8438,0,0.043550845
2016,251,8439,0,0.2865446
2016,251,8441,0,0.11164028
2016,251,8442,0,0.2367503
2016,251,8443,0,0.039336726
2016,251,8444,1,0.5554367
2016,251,8445,0,0.13202624
2016,251,8446,1,0.23755348
2016,251,8447,0,0.112535514
2016,251,8448,0,0.11225195
2016,251,8449,0,0.4076762
2016,251,8450,1,0.12018198
2016,251,8451,0,0.03140862
2016,251,8452,0,0.097324796
2016,251,8453,0,0.12618239
2016,251,8454,0,0.13944256
2016,251,8455,0,0.2136862
2016,251,8456,0,0.116438106
2016,251,8457,0,0.23649825
2016,251,8458,0,0.29517868
2016,251,8459,0,0.18857619
2016,251,8460,0,0.095325835
2016,251,8461,0,0.07961295
2016,251,8462,0,0.08902741
2016,251,8463,0,0.110460475
2016,251,8464,0,0.19374888
2016,251,8465,0,0.08162727
2016,251,8466,0,0.03884073
2016,251,8467,0,0.041119937
2016,251,8468,0,0.080628425
2016,251,8470,0,0.15643375
2016,251,8471,1,0.040179845
2016,251,8472,1,0.17947872
2016,251,8473,0,0.12676835
2016,251,8475,0,0.33667463
2016,251,8476,1,0.53163594
2016,251,8477,0,0.038443305
2016,251,8479,0,0.03261984
2016,251,8480,0,0.053849246
2016,251,8481,0,0.026369257
2016,251,8482,0,0.029687718
2016,251,8483,0,0.032509472
2016,251,8484,0,0.059445065
2016,251,8485,0,0.07311685
2016,490,8402,1,0.42576045
2016,490,8403,0,0.4849397
2016,490,8404,1,0.27590337
2016,490,8405,0,0.26012468
2016,490,8406,0,0.13828461
2016,490,8407,1,0.5746684
2016,490,8408,1,0.23409988
2016,490,8409,0,0.03744117
2016,490,8410,0,0.2048858
2016,490,8411,0,0.119513616
2016,490,8412,0,0.11910325
2016,490,8413,0,0.045672677
2016,490,8414,0,0.031004034
2016,490,8415,0,0.041554604
2016,490,8416,0,0.21884972
2016,490,8417,0,0.16286366
2016,490,8418,0,0.038821984
2016,490,8419,0,0.113246
2016,490,8420,0,0.1692985
2016,490,8421,0,0.027646653
2016,490,8422,0,0.03840577
2016,490,8423,0,0.053711925
2016,490,8424,0,0.04462237
2016,490,8425,0,0.09967163
2016,490,8426,1,0.48990306
2016,490,8427,0,0.07494844
2016,490,8428,0,0.06921966
2016,490,8429,0,0.25708944
2016,490,8430,0,0.15285553
2016,490,8431,0,0.08274877
2016,490,8432,0,0.14687727
2016,490,8433,0,0.10177569
2016,490,8434,0,0.15166737
2016,490,8435,0,0.14724348
2016,490,8436,0,0.09327037
2016,490,8437,0,0.06889341
2016,490,8438,0,0.056037948
2016,490,8439,0,0.11846572
2016,490,8440,0,0.20542197
2016,490,8441,0,0.06841815
2016,490,8442,0,0.17059322
2016,490,8443,0,0.033633392
2016,490,8444,0,0.2960814
2016,490,8445,0,0.14742978
2016,490,8446,0,0.29688257
2016,490,8447,0,0.10632915
2016,490,8448,0,0.07981276
2016,490,8449,0,0.30884692
2016,490,8450,0,0.15630506
2016,490,8451,0,0.09919713
2016,490,8452,0,0.03188007
2016,490,8453,0,0.17877416
2016,490,8454,0,0.1743553
2016,490,8455,0,0.16047357
2016,490,8456,1,0.2541031
2016,490,8457,0,0.14074351
2016,490,8458,0,0.10549674
2016,490,8459,0,0.10796703
2016,490,8460,0,0.15950534
2016,490,8461,0,0.13592646
2016,490,8462,0,0.092730835
2016,490,8463,0,0.10609221
2016,490,8464,0,0.20747152
2016,490,8465,0,0.13701712
2016,490,8466,0,0.069720894
2016,490,8467,0,0.06113107
2016,490,8468,0,0.09988959
2016,490,8470,0,0.12453545
2016,490,8471,1,0.04530763
2016,490,8472,0,0.08537641
2016,490,8473,0,0.110371254
2016,490,8474,0,0.0842751
2016,490,8475,0,0.53958744
2016,490,8476,0,0.12425201
2016,490,8477,0,0.034296717
2016,490,8478,0,0.21292716
2016,490,8479,0,0.08538322
2016,490,8480,0,0.03928365
2016,490,8481,0,0.038504712
2016,490,8482,0,0.03970233
2016,490,8483,0,0.058893133
2016,490,8484,0,0.029023292
2016,490,8485,0,0.13199532
2016,702,8402,1,0.6386906
2016,702,8403,1,0.21009576
2016,702,8404,1,0.5032795
2016,702,8406,1,0.48420614
2016,702,8407,1,0.14568256
2016,702,8409,0,0.06611317
2016,702,8410,1,0.25155622
2016,702,8411,0,0.090318695
2016,702,8412,0,0.07702693
2016,702,8413,0,0.049952224
2016,702,8414,0,0.026653923
2016,702,8416,1,0.18304016
2016,702,8417,1,0.72079504
2016,702,8418,0,0.10145339
2016,702,8419,0,0.101333484
2016,702,8420,1,0.23278116
2016,702,8421,0,0.030987676
2016,702,8422,0,0.07030829
2016,702,8423,0,0.124557935
2016,702,8424,0,0.07508103
2016,702,8425,0,0.14201115
2016,702,8426,1,0.15679099
2016,702,8427,0,0.19695733
2016,702,8428,0,0.09581493
2016,702,8430,0,0.103485845
2016,702,8431,0,0.056428563
2016,702,8432,0,0.3030437
2016,702,8433,0,0.17383224
2016,702,8435,0,0.43941766
2016,702,8436,0,0.15653165
2016,702,8437,1,0.18184006
2016,702,8438,1,0.13661687
2016,702,8439,1,0.38362885
2016,702,8440,1,0.3354222
2016,702,8441,0,0.16209868
2016,702,8442,0,0.19002448
2016,702,8443,0,0.057002436
2016,702,8445,1,0.3916066
2016,702,8448,1,0.35149422
2016,702,8449,0,0.3827644
2016,702,8451,1,0.13268349
2016,702,8452,1,0.15737952
2016,702,8453,1,0.6652799
2016,702,8454,0,0.3568427
2016,702,8455,1,0.50320005
2016,702,8456,1,0.18183929
2016,702,8457,0,0.30046287
2016,702,8458,0,0.11888943
2016,702,8459,1,0.16972856
2016,702,8460,0,0.1780053
2016,702,8461,0,0.13090491
2016,702,8462,0,0.16407952
2016,702,8463,0,0.18151274
2016,702,8464,0,0.3482608
2016,702,8465,0,0.15917662
2016,702,8466,0,0.13859795
2016,702,8467,0,0.061457857
2016,702,8468,1,0.25482547
2016,702,8470,0,0.099886514
2016,702,8471,0,0.025028698
2016,702,8472,0,0.095788166
2016,702,8473,0,0.13114105
2016,702,8475,0,0.3690407
2016,702,8476,1,0.2886028
2016,702,8477,0,0.12116831
2016,702,8478,1,0.51650673
2016,702,8479,0,0.118019514
2016,702,8480,0,0.09830472
2016,702,8481,0,0.04310474
2016,702,8482,0,0.041274827
2016,702,8483,0,0.03494974
2016,702,8484,0,0.05802931
2016,528,8401,1,0.43405923
2016,528,8403,0,0.13745023
2016,528,8404,0,0.20429218
2016,528,8406,1,0.261218
2016,528,8407,0,0.223881
2016,528,8408,0,0.050005075
2016,528,8409,0,0.021494368
2016,528,8410,1,0.5175714
2016,528,8411,0,0.0573204
2016,528,8412,0,0.04806528
2016,528,8413,0,0.01831741
2016,528,8414,0,0.02977755
2016,528,8415,0,0.039169803
2016,528,8416,0,0.10870881
2016,528,8417,1,0.17895262
2016,528,8418,0,0.050149567
2016,528,8419,0,0.041565415
2016,528,8420,0,0.19892043
2016,528,8421,0,0.015234302
2016,528,8422,0,0.025229357
2016,528,8423,0,0.12382349
2016,528,8424,0,0.027595634
2016,528,8425,0,0.023701925
2016,528,8426,0,0.07196681
2016,528,8427,0,0.039247457
2016,528,8428,0,0.036226995
2016,528,8429,0,0.07576435
2016,528,8430,1,0.10634835
2016,528,8431,0,0.027889444
2016,528,8432,0,0.036095746
2016,528,8433,0,0.064874895
2016,528,8434,0,0.1212552
2016,528,8435,0,0.1669141
2016,528,8436,0,0.09007326
2016,528,8437,0,0.13426083
2016,528,8438,0,0.028596908
2016,528,8439,0,0.20226398
2016,528,8440,0,0.10110873
2016,528,8441,0,0.051801126
2016,528,8442,0,0.13518652
2016,528,8443,0,0.047066104
2016,528,8444,0,0.16876894
2016,528,8445,1,0.4418047
2016,528,8446,1,0.65178245
2016,528,8447,0,0.183676
2016,528,8448,0,0.16530669
2016,528,8449,0,0.49194363
2016,528,8450,0,0.17679828
2016,528,8451,0,0.08087944
2016,528,8452,0,0.11380528
2016,528,8453,0,0.6089029
2016,528,8454,1,0.21760273
2016,528,8455,1,0.29411414
2016,528,8456,0,0.110034026
2016,528,8457,0,0.19723159
2016,528,8458,0,0.12620692
2016,528,8459,0,0.07445465
2016,528,8460,0,0.1307415
2016,528,8461,0,0.13332264
2016,528,8462,0,0.054966673
2016,528,8463,0,0.39770177
2016,528,8464,0,0.10220821
2016,528,8465,0,0.12555313
2016,528,8466,0,0.067963175
2016,528,8467,0,0.05335344
2016,528,8468,0,0.053141568
2016,528,8470,1,0.24089521
2016,528,8471,0,0.07563173
2016,528,8472,1,0.16508485
2016,528,8473,0,0.09853347
2016,528,8474,0,0.09142527
2016,528,8475,1,0.20021646
2016,528,8476,0,0.2925166
2016,528,8477,0,0.053042326
2016,528,8478,0,0.17143779
2016,528,8479,0,0.04656113
2016,528,8480,0,0.1089298
2016,528,8481,0,0.018720249
2016,528,8482,0,0.04133714
2016,528,8483,0,0.027292702
2016,528,8484,0,0.059397228
2016,528,8485,0,0.060440365
2016,410,8401,0,0.43221843
2016,410,8402,0,0.21224232
2016,410,8403,0,0.13489132
2016,410,8404,1,0.14389388
2016,410,8406,1,0.29118937
2016,410,8407,0,0.06907105
2016,410,8408,0,0.07239513
2016,410,8409,0,0.025770254
2016,410,8410,1,0.31422576
2016,410,8411,0,0.056727767
2016,410,8412,0,0.07267235
2016,410,8413,0,0.031204447
2016,410,8414,0,0.026765624
2016,410,8415,0,0.030169372
2016,410,8416,1,0.34929463
2016,410,8417,1,0.58453894
2016,410,8418,0,0.04598909
2016,410,8419,1,0.07265825
2016,410,8420,0,0.23698239
2016,410,8421,0,0.041608486
2016,410,8422,0,0.05427568
2016,410,8423,0,0.0813579
2016,410,8424,1,0.05197648
2016,410,8425,0,0.09449327
2016,410,8426,0,0.06909413
2016,410,8427,0,0.048634775
2016,410,8428,0,0.05906536
2016,410,8429,0,0.05602686
2016,410,8431,0,0.030153219
2016,410,8432,0,0.15091784
2016,410,8433,0,0.0902891
2016,410,8434,0,0.2945119
2016,410,8435,0,0.16172831
2016,410,8436,0,0.092152014
2016,410,8437,0,0.08006097
2016,410,8438,0,0.13254885
2016,410,8439,1,0.24295723
2016,410,8440,0,0.28157836
2016,410,8441,0,0.06255726
2016,410,8442,0,0.42024475
2016,410,8443,0,0.040130857
2016,410,8444,1,0.2924271
2016,410,8445,0,0.41678423
2016,410,8446,0,0.20369048
2016,410,8447,0,0.13773398
2016,410,8448,0,0.083572686
2016,410,8449,1,0.57072055
2016,410,8450,0,0.055553388
2016,410,8451,0,0.042449478
2016,410,8452,0,0.10558327
2016,410,8453,0,0.2121367
2016,410,8454,1,0.6680705
2016,410,8455,0,0.15695196
2016,410,8456,1,0.15412281
2016,410,8457,0,0.16034108
2016,410,8458,0,0.06704191
2016,410,8459,0,0.10799365
2016,410,8460,0,0.1500285
2016,410,8461,1,0.22154915
2016,410,8462,0,0.14534748
2016,410,8463,0,0.09981724
2016,410,8464,0,0.35260463
2016,410,8465,0,0.15391156
2016,410,8466,0,0.073548526
2016,410,8467,0,0.04952873
2016,410,8468,0,0.2815411
2016,410,8470,1,0.23536521
2016,410,8471,1,0.049076207
2016,410,8472,1,0.092307545
2016,410,8473,0,0.119172476
2016,410,8474,1,0.28294924
2016,410,8475,0,0.55951846
2016,410,8476,1,0.1748419
2016,410,8477,0,0.04592289
2016,410,8478,0,0.53648734
2016,410,8479,0,0.09907466
2016,410,8480,0,0.052740347
2016,410,8481,0,0.031605244
2016,410,8482,0,0.038108297
2016,410,8483,0,0.040297817
2016,410,8484,0,0.068897516
2016,458,8404,0,0.3421869
2016,458,8405,0,0.5979391
2016,458,8407,0,0.37430233
2016,458,8408,0,0.11018235
2016,458,8409,0,0.11089978
2016,458,8410,1,0.5568295
2016,458,8411,0,0.08634348
2016,458,8412,0,0.16247667
2016,458,8413,0,0.11105464
2016,458,8414,0,0.03946091
2016,458,8415,0,0.033782322
2016,458,8416,0,0.19678262
2016,458,8417,1,0.32165647
2016,458,8418,0,0.07010809
2016,458,8419,0,0.098175116
2016,458,8420,1,0.4096786
2016,458,8421,0,0.026577437
2016,458,8422,1,0.15853125
2016,458,8423,0,0.13047938
2016,458,8424,0,0.093096755
2016,458,8425,0,0.14409551
2016,458,8426,0,0.1512245
2016,458,8427,0,0.2434405
2016,458,8428,0,0.08476057
2016,458,8430,1,0.5093629
2016,458,8431,1,0.12302984
2016,458,8432,0,0.56708527
2016,458,8433,1,0.32187444
2016,458,8435,0,0.31658432
2016,458,8436,0,0.084670804
2016,458,8437,0,0.2889057
2016,458,8439,1,0.518158
2016,458,8441,0,0.10278485
2016,458,8442,0,0.36593765
2016,458,8443,0,0.102906875
2016,458,8444,1,0.57275224
2016,458,8445,1,0.6419236
2016,458,8446,1,0.39674556
2016,458,8447,0,0.55874926
2016,458,8448,0,0.10738682
2016,458,8451,0,0.16999711
2016,458,8452,0,0.3613315
2016,458,8453,0,0.2809107
2016,458,8454,0,0.19148833
2016,458,8455,0,0.24972232
2016,458,8456,0,0.22298348
2016,458,8457,0,0.17692989
2016,458,8458,0,0.20605667
2016,458,8459,0,0.14200039
2016,458,8460,1,0.57420546
2016,458,8462,0,0.2887373
2016,458,8463,0,0.15563603
2016,458,8464,0,0.14157718
2016,458,8465,0,0.2926848
2016,458,8466,0,0.19273116
2016,458,8467,0,0.07310738
2016,458,8468,0,0.15674958
2016,458,8469,1,0.2590278
2016,458,8470,0,0.16724184
2016,458,8471,1,0.027440935
2016,458,8472,1,0.24966936
2016,458,8473,0,0.17743438
2016,458,8474,0,0.112522535
2016,458,8475,0,0.30415273
2016,458,8476,0,0.31612524
2016,458,8477,1,0.12829983
2016,458,8479,0,0.10623359
2016,458,8480,0,0.08898029
2016,458,8481,0,0.049318932
2016,458,8482,0,0.06386155
2016,458,8484,0,0.10068339
2016,458,8485,0,0.14086792
2016,124,8401,0,0.71091384
2016,124,8402,0,0.35055715
2016,124,8403,0,0.16411623
2016,124,8404,0,0.27660143
2016,124,8405,0,0.48064205
2016,124,8406,0,0.27745846
2016,124,8407,0,0.1238604
2016,124,8408,0,0.15790658
2016,124,8409,0,0.04877733
2016,124,8410,1,0.21155433
2016,124,8411,0,0.048082463
2016,124,8412,0,0.086281836
2016,124,8413,0,0.046078913
2016,124,8414,0,0.056637585
2016,124,8415,0,0.09021208
2016,124,8416,0,0.21163374
2016,124,8417,0,0.14252287
2016,124,8418,0,0.09494462
2016,124,8419,0,0.08522361
2016,124,8420,0,0.23616587
2016,124,8421,0,0.03230419
2016,124,8422,0,0.0880192
2016,124,8423,0,0.17909196
2016,124,8424,0,0.07872401
2016,124,8425,0,0.08180383
2016,124,8426,0,0.2091799
2016,124,8427,0,0.18196529
2016,124,8428,0,0.04969409
2016,124,8429,0,0.19467634
2016,124,8430,0,0.1811335
2016,124,8431,0,0.07733774
2016,124,8432,0,0.14025995
2016,124,8433,0,0.09047596
2016,124,8434,0,0.24372283
2016,124,8435,1,0.3287322
2016,124,8436,0,0.09425559
2016,124,8437,0,0.49815065
2016,124,8438,0,0.09752743
2016,124,8439,0,0.18293412
2016,124,8440,0,0.29731214
2016,124,8441,0,0.20504364
2016,124,8442,0,0.21085729
2016,124,8443,0,0.08833207
2016,124,8445,0,0.30350384
2016,124,8448,0,0.16030025
2016,124,8449,1,0.80552715
2016,124,8451,0,0.13199538
2016,124,8452,0,0.19228038
2016,124,8453,0,0.52723414
2016,124,8454,0,0.21486685
2016,124,8455,0,0.27638575
2016,124,8456,1,0.32528108
2016,124,8457,0,0.26019987
2016,124,8458,0,0.4111344
2016,124,8459,0,0.21866952
2016,124,8460,0,0.22440223
2016,124,8461,0,0.24745174
2016,124,8462,0,0.16093634
2016,124,8463,0,0.21012764
2016,124,8464,0,0.19997862
2016,124,8465,0,0.09362974
2016,124,8466,0,0.07341095
2016,124,8467,0,0.05973258
2016,124,8468,0,0.18816292
2016,124,8470,0,0.19653256
2016,124,8471,0,0.0349954
2016,124,8472,0,0.13300735
2016,124,8473,0,0.11381422
2016,124,8474,0,0.1650902
2016,124,8475,0,0.21113572
2016,124,8476,0,0.18352659
2016,124,8477,0,0.061722375
2016,124,8478,0,0.486024
2016,124,8479,0,0.08790467
2016,124,8480,0,0.11390189
2016,124,8481,0,0.048487026
2016,124,8482,0,0.06424518
2016,124,8483,0,0.04934127
2016,124,8484,0,0.1415378
2016,124,8485,0,0.10964622
2016,484,8402,1,0.524469
2016,484,8403,0,0.24272913
2016,484,8404,0,0.44128487
2016,484,8405,1,0.2745955
2016,484,8406,1,0.2196315
2016,484,8407,1,0.21115369
2016,484,8408,0,0.15293947
2016,484,8409,0,0.07925386
2016,484,8410,0,0.46133596
2016,484,8411,0,0.08523491
2016,484,8412,0,0.21268658
2016,484,8413,0,0.06253384
2016,484,8414,0,0.05787668
2016,484,8415,0,0.10641879
2016,484,8416,0,0.32471174
2016,484,8417,1,0.24744065
2016,484,8418,0,0.06339336
2016,484,8419,0,0.10565913
2016,484,8420,0,0.6955707
2016,484,8421,0,0.055028245
2016,484,8423,0,0.14875492
2016,484,8424,0,0.107670926
2016,484,8425,0,0.11556039
2016,484,8426,0,0.2684908
2016,484,8427,0,0.57674074
2016,484,8428,0,0.12554748
2016,484,8429,0,0.40876985
2016,484,8430,0,0.2624776
2016,484,8431,0,0.12689884
2016,484,8432,0,0.17265071
2016,484,8433,0,0.17009981
2016,484,8434,0,0.22697082
2016,484,8436,0,0.16666369
2016,484,8438,0,0.15545014
2016,484,8439,1,0.6106259
2016,484,8441,0,0.3333785
2016,484,8442,0,0.23775613
2016,484,8443,0,0.080868706
2016,484,8448,1,0.17730846
2016,484,8450,0,0.5738486
2016,484,8451,0,0.21354094
2016,484,8453,1,0.47980428
2016,484,8454,1,0.34478277
2016,484,8455,0,0.22513704
2016,484,8456,1,0.25254196
2016,484,8457,0,0.34767067
2016,484,8458,1,0.32387477
2016,484,8459,0,0.27686015
2016,484,8460,0,0.22039226
2016,484,8461,0,0.40435147
2016,484,8462,0,0.18821888
2016,484,8464,1,0.53174233
2016,484,8465,0,0.22441074
2016,484,8466,0,0.16932985
2016,484,8467,0,0.14197713
2016,484,8468,0,0.16802591
2016,484,8470,0,0.18568508
2016,484,8471,0,0.0662061
2016,484,8472,0,0.17665778
2016,484,8473,0,0.13019651
2016,484,8474,0,0.18852954
2016,484,8476,0,0.19479866
2016,484,8477,0,0.12928511
2016,484,8479,0,0.180369
2016,484,8480,1,0.19114715
2016,484,8481,0,0.07322262
2016,484,8482,0,0.09989505
2016,484,8483,0,0.06517701
2016,484,8484,0,0.14565603
2016,484,8485,0,0.5610766
2016,757,8403,0,0.19488727
2016,757,8404,0,0.3613796
2016,757,8405,0,0.2032992
2016,757,8406,1,0.25425225
2016,757,8407,0,0.2118008
2016,757,8408,0,0.26828855
2016,757,8409,0,0.049556483
2016,757,8411,0,0.06119776
2016,757,8412,0,0.10435601
2016,757,8413,0,0.039786633
2016,757,8414,0,0.02635008
2016,757,8415,0,0.121682435
2016,757,8416,0,0.21101032
2016,757,8417,0,0.16723871
2016,757,8418,0,0.08495181
2016,757,8419,0,0.04837747
2016,757,8420,0,0.21810949
2016,757,8421,0,0.021597274
2016,757,8422,0,0.037530866
2016,757,8423,0,0.07041871
2016,757,8424,0,0.05876033
2016,757,8425,0,0.086197704
2016,757,8426,1,0.40687078
2016,757,8427,0,0.1337525
2016,757,8428,0,0.07257935
2016,757,8429,0,0.19379814
2016,757,8430,0,0.2314335
2016,757,8431,0,0.04091482
2016,757,8432,0,0.10246518
2016,757,8433,0,0.22293642
2016,757,8434,0,0.22044706
2016,757,8435,0,0.2108037
2016,757,8436,0,0.17425258
2016,757,8437,1,0.2630524
2016,757,8438,0,0.037192076
2016,757,8439,0,0.20650706
2016,757,8440,0,0.17275953
2016,757,8441,0,0.08592103
2016,757,8442,0,0.1416665
2016,757,8443,0,0.04691886
2016,757,8444,1,0.4760135
2016,757,8445,0,0.18639977
2016,757,8446,0,0.10904285
2016,757,8447,0,0.26216593
2016,757,8448,0,0.054510586
2016,757,8449,0,0.26979047
2016,757,8450,0,0.16979426
2016,757,8451,1,0.0601921
2016,757,8452,0,0.10092411
2016,757,8453,1,0.16502322
2016,757,8454,0,0.1898006
2016,757,8455,1,0.1591952
2016,757,8456,0,0.07591796
2016,757,8457,0,0.2784439
2016,757,8458,0,0.13058203
2016,757,8459,0,0.18961205
2016,757,8460,0,0.124758266
2016,757,8461,0,0.20040661
2016,757,8462,0,0.13754949
2016,757,8463,0,0.12006963
2016,757,8464,0,0.19062303
2016,757,8465,0,0.09843031
2016,757,8466,0,0.059374858
2016,757,8467,0,0.07341857
2016,757,8468,0,0.12918548
2016,757,8470,1,0.20042276
2016,757,8471,1,0.037172377
2016,757,8472,1,0.16187784
2016,757,8473,0,0.09435458
2016,757,8474,0,0.121842295
2016,757,8475,0,0.16278274
2016,757,8476,0,0.15405652
2016,757,8477,0,0.050813086
2016,757,8479,0,0.05916892
2016,757,8480,0,0.08891276
2016,757,8481,0,0.03612939
2016,757,8482,0,0.047811426
2016,757,8483,0,0.05957489
2016,757,8484,0,0.057543907
2016,757,8485,0,0.08745235
2016,764,8402,0,0.45525002
2016,764,8403,0,0.2168936
2016,764,8404,0,0.12708634
2016,764,8405,0,0.36571115
2016,764,8406,0,0.24327436
2016,764,8407,0,0.09639797
2016,764,8408,0,0.31836239
2016,764,8409,0,0.0310361
2016,764,8411,0,0.08236619
2016,764,8412,0,0.2517817
2016,764,8413,0,0.03831013
2016,764,8414,0,0.028805902
2016,764,8415,0,0.021629374
2016,764,8416,1,0.67416096
2016,764,8417,1,0.2912564
2016,764,8418,0,0.25584134
2016,764,8419,1,0.10392207
2016,764,8420,1,0.34495118
2016,764,8421,0,0.022085523
2016,764,8422,0,0.094878346
2016,764,8424,0,0.06710148
2016,764,8425,0,0.16256572
2016,764,8426,1,0.32592303
2016,764,8428,0,0.10326169
2016,764,8434,1,0.18765311
2016,764,8437,0,0.14623244
2016,764,8438,0,0.16263965
2016,764,8439,1,0.47282597
2016,764,8441,0,0.09599871
2016,764,8442,0,0.43533665
2016,764,8443,0,0.05893353
2016,764,8445,1,0.52893287
2016,764,8447,0,0.55855346
2016,764,8448,0,0.1468604
2016,764,8450,0,0.06529342
2016,764,8451,0,0.10091967
2016,764,8452,0,0.07529466
2016,764,8453,0,0.20848124
2016,764,8454,0,0.35718268
2016,764,8455,0,0.16905992
2016,764,8456,0,0.11407636
2016,764,8457,0,0.46055228
2016,764,8458,0,0.3861709
2016,764,8459,0,0.14970134
2016,764,8460,0,0.14843296
2016,764,8461,0,0.14196971
2016,764,8462,0,0.15182732
2016,764,8463,0,0.16765642
2016,764,8466,0,0.13594449
2016,764,8467,0,0.15360436
2016,764,8468,0,0.68504167
2016,764,8470,0,0.25490952
2016,764,8471,1,0.02967082
2016,764,8472,1,0.32438195
2016,764,8473,0,0.124870256
2016,764,8475,0,0.4372478
2016,764,8476,0,0.17886345
2016,764,8477,0,0.08585784
2016,764,8479,0,0.15909131
2016,764,8480,0,0.07295998
2016,764,8481,0,0.03223122
2016,764,8482,0,0.043141387
2016,764,8483,0,0.02851978
2016,764,8484,0,0.059893653
2016,764,8485,0,0.11609687
2016,752,8401,0,0.32214746
2016,752,8402,0,0.23153003
2016,752,8403,0,0.27322677
2016,752,8404,0,0.19554473
2016,752,8405,1,0.67552894
2016,752,8406,0,0.37558982
2016,752,8407,0,0.27924836
2016,752,8408,0,0.16802537
2016,752,8409,0,0.058960225
2016,752,8410,1,0.2575444
2016,752,8411,0,0.10492744
2016,752,8412,0,0.035802517
2016,752,8413,0,0.026322804
2016,752,8414,0,0.022324707
2016,752,8415,0,0.061308574
2016,752,8416,0,0.1669178
2016,752,8417,0,0.18742993
2016,752,8418,0,0.04707169
2016,752,8419,0,0.03808519
2016,752,8420,0,0.22068512
2016,752,8421,0,0.023400981
2016,752,8422,0,0.026306367
2016,752,8423,0,0.14575236
2016,752,8424,0,0.02785248
2016,752,8425,0,0.15647644
2016,752,8426,0,0.13528034
2016,752,8427,0,0.075409114
2016,752,8428,0,0.040554598
2016,752,8429,0,0.06341518
2016,752,8430,0,0.09342685
2016,752,8431,0,0.022390662
2016,752,8432,0,0.09234946
2016,752,8433,0,0.1209668
2016,752,8434,0,0.124565564
2016,752,8436,0,0.13254964
2016,752,8437,0,0.14346062
2016,752,8438,0,0.040884245
2016,752,8439,0,0.1987238
2016,752,8440,0,0.21230945
2016,752,8441,0,0.14849779
2016,752,8442,0,0.20952491
2016,752,8443,0,0.08114154
2016,752,8446,1,0.6774561
2016,752,8447,0,0.56459594
2016,752,8448,0,0.16198394
2016,752,8450,0,0.10191058
2016,752,8451,0,0.19164285
2016,752,8452,0,0.2608093
2016,752,8453,0,0.5676568
2016,752,8454,1,0.458516
2016,752,8455,0,0.11939105
2016,752,8456,1,0.3009793
2016,752,8457,1,0.5109686
2016,752,8458,0,0.12316884
2016,752,8459,0,0.22387575
2016,752,8460,0,0.20759417
2016,752,8461,0,0.32141742
2016,752,8462,0,0.15695046
2016,752,8463,0,0.18128242
2016,752,8464,0,0.2820585
2016,752,8465,0,0.1502008
2016,752,8466,0,0.04397994
2016,752,8467,0,0.047630217
2016,752,8468,0,0.09725907
2016,752,8470,0,0.42882222
2016,752,8471,0,0.07231482
2016,752,8472,1,0.12606286
2016,752,8473,0,0.097605154
2016,752,8474,0,0.06011181
2016,752,8475,0,0.23469092
2016,752,8476,0,0.14319895
2016,752,8477,0,0.099633545
2016,752,8479,0,0.05958884
2016,752,8480,0,0.14531296
2016,752,8481,0,0.026960159
2016,752,8482,0,0.029051026
2016,752,8483,0,0.031332582
2016,752,8484,0,0.036285013
2016,752,8485,0,0.058991075
2016,372,8402,1,0.35482118
2016,372,8403,0,0.3091533
2016,372,8405,1,0.7400919
2016,372,8406,1,0.7479741
2016,372,8407,0,0.46208668
2016,372,8409,0,0.14908062
2016,372,8411,0,0.09248779
2016,372,8412,0,0.23041606
2016,372,8413,0,0.07897932
2016,372,8414,0,0.07177401
2016,372,8415,0,0.15885276
2016,372,8418,0,0.18420367
2016,372,8419,0,0.34734443
2016,372,8421,0,0.043740366
2016,372,8422,0,0.115562096
2016,372,8423,0,0.45724198
2016,372,8424,1,0.21894495
2016,372,8425,1,0.27283987
2016,372,8426,0,0.19192289
2016,372,8427,0,0.27297518
2016,372,8428,0,0.19609174
2016,372,8429,0,0.28211457
2016,372,8430,0,0.25671417
2016,372,8431,0,0.12540433
2016,372,8432,0,0.29686525
2016,372,8433,0,0.16242768
2016,372,8434,0,0.28987983
2016,372,8436,0,0.2150592
2016,372,8437,0,0.48222473
2016,372,8438,0,0.4097032
2016,372,8441,1,0.33723277
2016,372,8443,0,0.14008494
2016,372,8448,0,0.31175417
2016,372,8450,1,0.4776191
2016,372,8451,1,0.3599114
2016,372,8456,0,0.32086214
2016,372,8458,1,0.53265864
2016,372,8459,0,0.33809638
2016,372,8462,1,0.33540076
2016,372,8463,0,0.24450296
2016,372,8464,1,0.7407655
2016,372,8465,1,0.39196488
2016,372,8466,0,0.28307828
2016,372,8467,0,0.2599295
2016,372,8468,0,0.2988815
2016,372,8470,0,0.22237487
2016,372,8471,1,0.037065
2016,372,8472,0,0.6230025
2016,372,8473,0,0.077451855
2016,372,8474,0,0.24056871
2016,372,8475,0,0.34125862
2016,372,8476,1,0.29519683
2016,372,8477,1,0.15582319
2016,372,8479,0,0.21673797
2016,372,8480,0,0.19143339
2016,372,8481,1,0.07692929
2016,372,8484,0,0.1182228
2016,372,8485,0,0.12737095
2016,40,8401,1,0.63052535
2016,40,8402,1,0.21960466
2016,40,8403,0,0.18673202
2016,40,8404,0,0.26444903
2016,40,8405,1,0.27406088
2016,40,8406,1,0.28419757
2016,40,8407,0,0.18634354
2016,40,8408,0,0.2839238
2016,40,8409,0,0.08159171
2016,40,8410,0,0.3379207
2016,40,8411,0,0.09797763
2016,40,8412,0,0.115937725
2016,40,8413,0,0.03193949
2016,40,8414,1,0.032914776
2016,40,8415,0,0.09311787
2016,40,8416,0,0.14807817
2016,40,8417,1,0.2988782
2016,40,8418,0,0.07479698
2016,40,8419,0,0.042305324
2016,40,8420,0,0.23580366
2016,40,8421,0,0.020750113
2016,40,8422,0,0.08368373
2016,40,8423,0,0.10205145
2016,40,8424,0,0.040773146
2016,40,8425,0,0.079323426
2016,40,8426,0,0.12946291
2016,40,8427,0,0.14258103
2016,40,8428,0,0.27842504
2016,40,8429,0,0.11093623
2016,40,8430,0,0.1983681
2016,40,8431,0,0.043517243
2016,40,8432,0,0.10128688
2016,40,8433,0,0.100227095
2016,40,8434,1,0.40561217
2016,40,8435,0,0.15171802
2016,40,8436,0,0.124396905
2016,40,8437,0,0.0985033
2016,40,8438,0,0.03661214
2016,40,8439,0,0.16760819
2016,40,8440,0,0.20153734
2016,40,8441,0,0.09707393
2016,40,8442,0,0.1459617
2016,40,8443,0,0.06013211
2016,40,8444,1,0.27514827
2016,40,8445,1,0.43390787
2016,40,8446,0,0.4830678
2016,40,8447,0,0.24632794
2016,40,8448,0,0.15630656
2016,40,8449,0,0.5618006
2016,40,8450,0,0.4170354
2016,40,8451,1,0.09193919
2016,40,8452,0,0.07035132
2016,40,8453,0,0.27591616
2016,40,8454,1,0.49128115
2016,40,8455,0,0.16399123
2016,40,8456,0,0.1828894
2016,40,8457,0,0.2164445
2016,40,8458,0,0.16124126
2016,40,8459,0,0.15289508
2016,40,8461,1,0.16932055
2016,40,8462,0,0.1350077
2016,40,8463,0,0.18059897
2016,40,8464,0,0.27633074
2016,40,8465,0,0.09867607
2016,40,8466,0,0.07528883
2016,40,8467,0,0.08270109
2016,40,8468,0,0.11481488
2016,40,8470,0,0.5449237
2016,40,8471,1,0.04001654
2016,40,8472,1,0.12634408
2016,40,8473,0,0.13892415
2016,40,8474,0,0.1824721
2016,40,8475,0,0.34990472
2016,40,8476,0,0.39802933
2016,40,8477,0,0.045295943
2016,40,8478,0,0.20083345
2016,40,8479,0,0.03987885
2016,40,8480,0,0.09264299
2016,40,8481,0,0.029516729
2016,40,8482,0,0.074943185
2016,40,8483,0,0.049272627
2016,40,8484,0,0.061395127
2016,40,8485,0,0.14116402
2016,724,8401,1,0.29010865
2016,724,8402,1,0.5351244
2016,724,8403,0,0.18346135
2016,724,8404,0,0.27858162
2016,724,8405,1,0.48698562
2016,724,8406,0,0.17033343
2016,724,8407,0,0.103678904
2016,724,8408,0,0.17647535
2016,724,8409,0,0.03172634
2016,724,8410,1,0.14685602
2016,724,8411,0,0.057758883
2016,724,8412,0,0.18893473
2016,724,8413,0,0.022991804
2016,724,8414,0,0.022894442
2016,724,8415,0,0.051830307
2016,724,8416,0,0.15497158
2016,724,8417,0,0.2541812
2016,724,8418,0,0.029572709
2016,724,8419,0,0.042545825
2016,724,8420,0,0.13180463
2016,724,8421,0,0.023608582
2016,724,8422,0,0.024245491
2016,724,8423,0,0.038605083
2016,724,8424,0,0.042483937
2016,724,8425,1,0.11050409
2016,724,8426,0,0.07659135
2016,724,8427,0,0.12671876
2016,724,8428,0,0.04181084
2016,724,8430,0,0.11864667
2016,724,8431,0,0.02037956
2016,724,8432,0,0.0687562
2016,724,8433,0,0.10909597
2016,724,8434,1,0.24622425
2016,724,8435,0,0.29489374
2016,724,8436,0,0.075148754
2016,724,8437,0,0.26952827
2016,724,8438,0,0.035573177
2016,724,8439,0,0.2612287
2016,724,8440,0,0.16717352
2016,724,8441,0,0.07306369
2016,724,8442,0,0.21827349
2016,724,8443,0,0.030990783
2016,724,8444,1,0.38784134
2016,724,8445,1,0.11119509
2016,724,8446,0,0.23388621
2016,724,8447,0,0.22814642
2016,724,8448,0,0.06980071
2016,724,8449,0,0.36476636
2016,724,8450,0,0.106249616
2016,724,8451,1,0.12465222
2016,724,8452,0,0.37821776
2016,724,8453,0,0.20117411
2016,724,8454,0,0.1487561
2016,724,8455,0,0.6416146
2016,724,8456,0,0.17200108
2016,724,8457,0,0.15313095
2016,724,8458,0,0.13312465
2016,724,8459,0,0.1366203
2016,724,8460,1,0.27557483
2016,724,8461,1,0.1584781
2016,724,8462,0,0.06851029
2016,724,8463,0,0.2351373
2016,724,8464,0,0.16680093
2016,724,8465,0,0.05496484
2016,724,8466,0,0.03684918
2016,724,8467,0,0.09952988
2016,724,8468,0,0.16451323
2016,724,8470,0,0.114685304
2016,724,8471,0,0.049682334
2016,724,8472,1,0.14487998
2016,724,8473,0,0.12344518
2016,724,8474,0,0.06615687
2016,724,8475,0,0.31668216
2016,724,8476,0,0.18876086
2016,724,8477,0,0.05629543
2016,724,8478,0,0.14850183
2016,724,8479,0,0.2583793
2016,724,8480,0,0.08533306
2016,724,8481,0,0.022912413
2016,724,8482,0,0.047159273
2016,724,8483,0,0.036971822
2016,724,8484,0,0.05103325
2016,724,8485,0,0.07712301
2017,842,8401,1,0.16430332
2017,842,8402,0,0.12715259
2017,842,8403,0,0.09236805
2017,842,8404,1,0.18649037
2017,842,8405,0,0.13156359
2017,842,8406,1,0.12688313
2017,842,8407,0,0.10844298
2017,842,8408,0,0.21090746
2017,842,8409,0,0.027539553
2017,842,8410,0,0.18980943
2017,842,8411,0,0.0380736
2017,842,8412,0,0.037028037
2017,842,8413,0,0.035490658
2017,842,8414,0,0.03578851
2017,842,8415,0,0.055270154
2017,842,8416,0,0.07241837
2017,842,8417,0,0.099434786
2017,842,8418,0,0.056189254
2017,842,8419,0,0.059386242
2017,842,8420,0,0.10491716
2017,842,8421,0,0.03337364
2017,842,8422,0,0.032520924
2017,842,8423,0,0.050962403
2017,842,8424,0,0.03825164
2017,842,8425,0,0.04289355
2017,842,8426,0,0.115379214
2017,842,8427,0,0.06272165
2017,842,8428,0,0.048260342
2017,842,8429,0,0.06411314
2017,842,8431,0,0.047996316
2017,842,8432,0,0.05793685
2017,842,8433,0,0.04031826
2017,842,8434,0,0.14025423
2017,842,8435,0,0.1799432
2017,842,8436,0,0.045352373
2017,842,8437,0,0.08714668
2017,842,8438,0,0.041696675
2017,842,8439,0,0.15725386
2017,842,8440,1,0.27575025
2017,842,8441,0,0.0673212
2017,842,8442,0,0.17687227
2017,842,8443,0,0.020936336
2017,842,8444,1,0.34744045
2017,842,8445,0,0.15275633
2017,842,8446,0,0.3363954
2017,842,8447,1,0.24779303
2017,842,8448,0,0.06740001
2017,842,8449,1,0.55695057
2017,842,8450,0,0.08255431
2017,842,8451,0,0.055584073
2017,842,8452,0,0.09735306
2017,842,8453,0,0.18220423
2017,842,8454,0,0.14265774
2017,842,8455,0,0.16504718
2017,842,8456,0,0.072008535
2017,842,8457,0,0.17870739
2017,842,8458,0,0.11142834
2017,842,8459,0,0.09145016
2017,842,8460,0,0.065651715
2017,842,8461,0,0.088789016
2017,842,8462,0,0.08047417
2017,842,8463,0,0.10439593
2017,842,8464,0,0.098150976
2017,842,8465,0,0.051371153
2017,842,8466,0,0.027604295
2017,842,8467,0,0.0272548
2017,842,8468,0,0.12284867
2017,842,8470,1,0.22273311
2017,842,8471,0,0.059449676
2017,842,8472,0,0.04386525
2017,842,8473,0,0.09725863
2017,842,8474,0,0.07338256
2017,842,8475,0,0.16293146
2017,842,8476,0,0.114086784
2017,842,8477,0,0.03586169
2017,842,8478,0,0.1600954
2017,842,8479,0,0.048458412
2017,842,8480,0,0.20164186
2017,842,8481,0,0.04179581
2017,842,8482,0,0.022130314
2017,842,8483,0,0.0355833
2017,842,8484,0,0.031813588
2017,842,8485,0,0.03929409
2017,276,8401,0,0.19105966
2017,276,8402,0,0.105540715
2017,276,8403,0,0.08714738
2017,276,8404,1,0.21382737
2017,276,8405,0,0.20861082
2017,276,8406,1,0.4355187
2017,276,8407,0,0.0678072
2017,276,8408,0,0.030536072
2017,276,8409,0,0.025991159
2017,276,8410,1,0.3154662
2017,276,8411,0,0.034082625
2017,276,8412,0,0.036227364
2017,276,8413,0,0.025461618
2017,276,8414,0,0.014938234
2017,276,8415,0,0.026918069
2017,276,8416,0,0.04476117
2017,276,8417,0,0.065508604
2017,276,8418,0,0.042524952
2017,276,8419,0,0.044242434
2017,276,8420,0,0.089409284
2017,276,8421,0,0.012570635
2017,276,8422,0,0.025475144
2017,276,8423,0,0.033540502
2017,276,8424,0,0.033361275
2017,276,8425,0,0.036776315
2017,276,8426,0,0.0769321
2017,276,8427,0,0.03854454
2017,276,8428,0,0.031089922
2017,276,8429,0,0.030802391
2017,276,8430,0,0.05908726
2017,276,8431,0,0.018467287
2017,276,8432,0,0.03547427
2017,276,8433,0,0.036611296
2017,276,8434,0,0.061420165
2017,276,8435,0,0.21432717
2017,276,8436,0,0.024667086
2017,276,8437,0,0.051348876
2017,276,8438,0,0.038228262
2017,276,8439,0,0.12301397
2017,276,8440,0,0.06702635
2017,276,8441,0,0.0493862
2017,276,8442,1,0.07155992
2017,276,8443,0,0.030773977
2017,276,8444,0,0.3445593
2017,276,8445,0,0.14371367
2017,276,8446,0,0.19020969
2017,276,8447,1,0.08785684
2017,276,8448,0,0.039349135
2017,276,8449,1,0.15295926
2017,276,8450,0,0.08845853
2017,276,8451,0,0.042158347
2017,276,8452,0,0.02996819
2017,276,8453,0,0.07260968
2017,276,8454,0,0.14111833
2017,276,8455,0,0.12373844
2017,276,8456,0,0.0707619
2017,276,8457,0,0.11645273
2017,276,8458,0,0.059844024
2017,276,8459,0,0.07900348
2017,276,8460,0,0.05464152
2017,276,8461,0,0.08281087
2017,276,8462,0,0.055234846
2017,276,8463,0,0.1148143
2017,276,8464,0,0.055471588
2017,276,8465,0,0.060225606
2017,276,8466,0,0.02005489
2017,276,8467,0,0.049747452
2017,276,8468,0,0.057613533
2017,276,8470,0,0.102919176
2017,276,8471,0,0.035220046
2017,276,8472,0,0.04650722
2017,276,8473,0,0.11910891
2017,276,8474,0,0.048516612
2017,276,8475,0,0.20282774
2017,276,8476,0,0.12716804
2017,276,8477,0,0.032512315
2017,276,8478,0,0.08632786
2017,276,8479,0,0.02666174
2017,276,8480,0,0.046576455
2017,276,8481,0,0.036114573
2017,276,8482,0,0.023974385
2017,276,8483,0,0.0181606
2017,276,8484,0,0.029554522
2017,276,8485,0,0.028773911
2017,392,8401,0,0.384866
2017,392,8402,0,0.35847613
2017,392,8403,0,0.17581408
2017,392,8404,0,0.2873996
2017,392,8405,0,0.15551496
2017,392,8406,1,0.21597208
2017,392,8407,0,0.0640247
2017,392,8408,0,0.04974326
2017,392,8409,0,0.023691187
2017,392,8411,0,0.05424852
2017,392,8412,0,0.068914935
2017,392,8413,0,0.029051423
2017,392,8414,0,0.026122257
2017,392,8415,0,0.037907407
2017,392,8416,0,0.12985688
2017,392,8417,0,0.13543403
2017,392,8418,0,0.05773628
2017,392,8419,0,0.05800025
2017,392,8420,0,0.17600004
2017,392,8421,0,0.023698179
2017,392,8422,0,0.027512966
2017,392,8423,0,0.0705994
2017,392,8424,0,0.03442065
2017,392,8425,0,0.060974173
2017,392,8426,0,0.11549366
2017,392,8427,0,0.023998402
2017,392,8428,0,0.055583097
2017,392,8429,0,0.06387242
2017,392,8430,0,0.11391257
2017,392,8431,0,0.042504985
2017,392,8432,1,0.114810854
2017,392,8433,0,0.062199067
2017,392,8434,1,0.5101817
2017,392,8435,1,0.37200662
2017,392,8436,0,0.095302746
2017,392,8437,0,0.1350947
2017,392,8438,0,0.049450077
2017,392,8439,0,0.18527086
2017,392,8440,0,0.2042853
2017,392,8441,0,0.07460795
2017,392,8442,0,0.16631489
2017,392,8443,0,0.04115848
2017,392,8444,1,0.37393966
2017,392,8445,0,0.18369737
2017,392,8446,0,0.1946339
2017,392,8447,1,0.11044691
2017,392,8448,0,0.05720417
2017,392,8449,1,0.2667126
2017,392,8450,0,0.1384791
2017,392,8451,0,0.06812273
2017,392,8452,0,0.03204625
2017,392,8453,1,0.13048013
2017,392,8454,0,0.16523312
2017,392,8455,0,0.16662055
2017,392,8456,0,0.07717526
2017,392,8457,0,0.12514886
2017,392,8458,0,0.092712685
2017,392,8459,0,0.08296592
2017,392,8460,0,0.09049509
2017,392,8461,0,0.10887563
2017,392,8462,0,0.0828278
2017,392,8463,0,0.10830647
2017,392,8464,0,0.16684978
2017,392,8465,0,0.08107018
2017,392,8466,0,0.031824846
2017,392,8467,0,0.029760811
2017,392,8468,0,0.10707436
2017,392,8469,1,0.23539062
2017,392,8470,0,0.18004219
2017,392,8471,0,0.030777322
2017,392,8472,1,0.070585385
2017,392,8473,0,0.10944254
2017,392,8474,0,0.065896705
2017,392,8475,0,0.2234511
2017,392,8476,0,0.2162284
2017,392,8477,0,0.041990347
2017,392,8478,0,0.46266618
2017,392,8479,0,0.11009496
2017,392,8480,0,0.054339096
2017,392,8481,0,0.03875582
2017,392,8482,0,0.019484172
2017,392,8483,0,0.023408415
2017,392,8484,0,0.03585258
2017,392,8485,0,0.05377262
2017,156,8401,0,0.23953807
2017,156,8402,0,0.10042323
2017,156,8403,0,0.021611031
2017,156,8404,0,0.23309027
2017,156,8405,0,0.15673614
2017,156,8406,1,0.11063391
2017,156,8407,0,0.035436433
2017,156,8408,0,0.020364424
2017,156,8409,0,0.01552452
2017,156,8411,0,0.032045137
2017,156,8412,0,0.024326148
2017,156,8413,0,0.01756578
2017,156,8414,0,0.017281022
2017,156,8415,0,0.025382133
2017,156,8416,0,0.06833538
2017,156,8417,0,0.05639271
2017,156,8418,0,0.04479142
2017,156,8419,0,0.042318203
2017,156,8420,0,0.060759634
2017,156,8421,0,0.011256607
2017,156,8422,0,0.010809104
2017,156,8423,0,0.032711186
2017,156,8424,0,0.024599876
2017,156,8425,0,0.0289455
2017,156,8426,0,0.05538144
2017,156,8427,0,0.013876093
2017,156,8428,0,0.03423217
2017,156,8431,0,0.01925598
2017,156,8432,0,0.020673634
2017,156,8433,0,0.020763114
2017,156,8434,0,0.061422374
2017,156,8436,0,0.015788963
2017,156,8439,0,0.098221876
2017,156,8440,0,0.058844853
2017,156,8441,0,0.049682304
2017,156,8442,0,0.062248975
2017,156,8443,0,0.027195226
2017,156,8444,0,0.14039287
2017,156,8445,0,0.053542297
2017,156,8446,0,0.16921145
2017,156,8447,0,0.075182684
2017,156,8448,0,0.01829115
2017,156,8449,0,0.13878772
2017,156,8450,0,0.053633116
2017,156,8451,0,0.027244657
2017,156,8452,0,0.030844193
2017,156,8453,0,0.048582815
2017,156,8454,0,0.07957447
2017,156,8455,0,0.06285755
2017,156,8456,0,0.020167831
2017,156,8457,0,0.039675206
2017,156,8458,0,0.026469601
2017,156,8459,0,0.030549977
2017,156,8460,0,0.017518247
2017,156,8461,0,0.022940248
2017,156,8462,0,0.024694331
2017,156,8463,0,0.031010227
2017,156,8464,0,0.087933324
2017,156,8465,0,0.062057324
2017,156,8466,0,0.015760496
2017,156,8467,0,0.018286392
2017,156,8468,0,0.041860566
2017,156,8470,0,0.0470242
2017,156,8471,0,0.031270925
2017,156,8472,0,0.03107576
2017,156,8473,0,0.06876748
2017,156,8475,0,0.09274398
2017,156,8476,0,0.068132475
2017,156,8477,0,0.017160343
2017,156,8479,0,0.012879888
2017,156,8480,0,0.03330737
2017,156,8481,0,0.027562773
2017,156,8482,0,0.01231953
2017,156,8483,0,0.01928353
2017,156,8484,0,0.017645463
2017,380,8401,1,0.5046711
2017,380,8402,0,0.32852152
2017,380,8403,0,0.052961845
2017,380,8404,0,0.2112322
2017,380,8405,0,0.20537436
2017,380,8406,0,0.18218023
2017,380,8407,0,0.13110422
2017,380,8408,0,0.032913983
2017,380,8409,0,0.023491178
2017,380,8411,0,0.049256403
2017,380,8412,0,0.04902156
2017,380,8413,0,0.023291001
2017,380,8414,0,0.020635208
2017,380,8415,0,0.051818047
2017,380,8416,0,0.12749231
2017,380,8417,0,0.09678965
2017,380,8418,0,0.042646907
2017,380,8419,0,0.04844961
2017,380,8420,0,0.10188406
2017,380,8421,0,0.018407721
2017,380,8422,0,0.025844702
2017,380,8423,0,0.049059622
2017,380,8424,0,0.026682725
2017,380,8425,0,0.042634916
2017,380,8426,0,0.05759408
2017,380,8427,0,0.032516073
2017,380,8428,0,0.032892387
2017,380,8429,0,0.026163932
2017,380,8430,0,0.07974725
2017,380,8431,0,0.024628952
2017,380,8432,0,0.026640957
2017,380,8433,0,0.031618368
2017,380,8434,0,0.072968625
2017,380,8435,0,0.10490825
2017,380,8436,0,0.030650878
2017,380,8437,0,0.15561381
2017,380,8438,0,0.03942878
2017,380,8439,0,0.11384903
2017,380,8440,0,0.1671315
2017,380,8441,0,0.05123715
2017,380,8442,0,0.11871426
2017,380,8443,0,0.022650328
2017,380,8444,0,0.14394711
2017,380,8445,0,0.16175997
2017,380,8446,0,0.28945455
2017,380,8447,0,0.12373828
2017,380,8448,0,0.046940412
2017,380,8449,0,0.28839228
2017,380,8450,0,0.052858416
2017,380,8451,0,0.021005709
2017,380,8453,0,0.043929964
2017,380,8454,0,0.11229207
2017,380,8455,0,0.14209536
2017,380,8456,0,0.08259518
2017,380,8457,0,0.07918231
2017,380,8458,0,0.061790455
2017,380,8459,0,0.07719154
2017,380,8460,0,0.05361198
2017,380,8461,0,0.047639214
2017,380,8462,0,0.03872329
2017,380,8463,0,0.0872712
2017,380,8464,0,0.08536449
2017,380,8465,0,0.057445757
2017,380,8466,0,0.020672452
2017,380,8467,0,0.039061278
2017,380,8468,0,0.14167526
2017,380,8470,0,0.17614618
2017,380,8471,0,0.035651326
2017,380,8472,0,0.09808251
2017,380,8473,0,0.10718321
2017,380,8474,0,0.07524206
2017,380,8475,0,0.07258063
2017,380,8476,0,0.1103586
2017,380,8477,0,0.022813499
2017,380,8478,0,0.20536007
2017,380,8479,0,0.0208572
2017,380,8480,0,0.04731526
2017,380,8481,0,0.03228883
2017,380,8482,0,0.028896326
2017,380,8483,0,0.03484708
2017,380,8484,0,0.054647982
2017,380,8485,0,0.035741843
2017,826,8401,0,0.26402956
2017,826,8402,0,0.11460095
2017,826,8403,0,0.38341853
2017,826,8404,0,0.15744035
2017,826,8405,1,0.5999465
2017,826,8406,0,0.14544442
2017,826,8407,0,0.07672561
2017,826,8408,0,0.12422111
2017,826,8409,0,0.014219525
2017,826,8410,0,0.16903263
2017,826,8411,0,0.03202867
2017,826,8412,0,0.074718185
2017,826,8413,0,0.02544294
2017,826,8414,0,0.018832289
2017,826,8415,0,0.055675972
2017,826,8416,0,0.18193746
2017,826,8417,0,0.06267334
2017,826,8418,0,0.04442502
2017,826,8419,0,0.06928091
2017,826,8420,0,0.19043677
2017,826,8421,0,0.026574716
2017,826,8422,0,0.03781845
2017,826,8423,0,0.05143711
2017,826,8424,0,0.033560704
2017,826,8425,0,0.08723512
2017,826,8426,0,0.08201392
2017,826,8427,0,0.027492037
2017,826,8428,0,0.028008241
2017,826,8429,0,0.01856815
2017,826,8430,0,0.20392068
2017,826,8431,0,0.11246457
2017,826,8432,0,0.032939322
2017,826,8433,0,0.07993568
2017,826,8434,0,0.16520745
2017,826,8435,0,0.53420997
2017,826,8436,0,0.052809045
2017,826,8437,0,0.08166359
2017,826,8438,0,0.04100457
2017,826,8439,0,0.1757558
2017,826,8440,0,0.1541734
2017,826,8441,0,0.09884273
2017,826,8442,0,0.1169417
2017,826,8443,0,0.04245047
2017,826,8444,0,0.2655946
2017,826,8445,0,0.17712595
2017,826,8446,0,0.54878235
2017,826,8447,0,0.12869859
2017,826,8448,0,0.063132234
2017,826,8449,0,0.63869464
2017,826,8450,0,0.111655265
2017,826,8451,0,0.08349384
2017,826,8453,0,0.12260491
2017,826,8454,0,0.18728907
2017,826,8455,0,0.18991818
2017,826,8456,0,0.11311104
2017,826,8457,0,0.20633475
2017,826,8458,0,0.16343811
2017,826,8459,0,0.08914569
2017,826,8460,0,0.065717846
2017,826,8461,0,0.15404272
2017,826,8462,0,0.13548088
2017,826,8463,0,0.11811193
2017,826,8464,0,0.12303855
2017,826,8465,0,0.070561774
2017,826,8466,0,0.021293916
2017,826,8467,0,0.027925001
2017,826,8468,0,0.15956694
2017,826,8470,0,0.18524095
2017,826,8471,0,0.03159015
2017,826,8472,0,0.05920126
2017,826,8473,0,0.13163473
2017,826,8474,0,0.06725851
2017,826,8475,0,0.14330961
2017,826,8476,0,0.13283817
2017,826,8477,0,0.026196063
2017,826,8478,1,0.16021039
2017,826,8479,0,0.02888212
2017,826,8480,0,0.10361274
2017,826,8481,0,0.044555984
2017,826,8482,0,0.020738851
2017,826,8483,0,0.020426368
2017,826,8484,0,0.03419854
2017,826,8485,0,0.037245505
2017,251,8401,1,0.6458451
2017,251,8403,0,0.12360288
2017,251,8404,0,0.26217082
2017,251,8405,1,0.46859753
2017,251,8406,1,0.21814951
2017,251,8407,0,0.13423307
2017,251,8408,0,0.06187986
2017,251,8409,0,0.028695349
2017,251,8411,0,0.04905487
2017,251,8412,0,0.09157348
2017,251,8413,0,0.041547455
2017,251,8414,0,0.04130107
2017,251,8415,0,0.05175321
2017,251,8416,0,0.26267588
2017,251,8417,0,0.13747747
2017,251,8418,0,0.06842387
2017,251,8419,0,0.05399242
2017,251,8420,0,0.19867712
2017,251,8421,0,0.02540619
2017,251,8422,0,0.03550651
2017,251,8424,0,0.05955892
2017,251,8425,0,0.03687247
2017,251,8426,0,0.13906628
2017,251,8427,0,0.03306017
2017,251,8428,0,0.041537452
2017,251,8429,0,0.044310886
2017,251,8430,0,0.10217658
2017,251,8431,0,0.02529685
2017,251,8432,0,0.036909018
2017,251,8433,0,0.03767853
2017,251,8434,0,0.11889159
2017,251,8435,0,0.16923298
2017,251,8436,0,0.04505306
2017,251,8438,0,0.05565855
2017,251,8439,0,0.17411387
2017,251,8441,0,0.12426158
2017,251,8442,1,0.20487301
2017,251,8443,0,0.039986745
2017,251,8444,0,0.14573714
2017,251,8445,0,0.21058576
2017,251,8446,0,0.12855427
2017,251,8447,0,0.40626168
2017,251,8448,0,0.073643096
2017,251,8449,0,0.22174679
2017,251,8450,0,0.1142071
2017,251,8451,0,0.036381874
2017,251,8453,0,0.24879113
2017,251,8454,0,0.18703689
2017,251,8455,0,0.17637607
2017,251,8456,0,0.14333044
2017,251,8457,1,0.15593785
2017,251,8458,0,0.17403603
2017,251,8459,0,0.11808057
2017,251,8460,0,0.10672782
2017,251,8461,0,0.10266764
2017,251,8462,0,0.10305003
2017,251,8463,0,0.22278781
2017,251,8464,0,0.18095835
2017,251,8465,0,0.16380306
2017,251,8466,0,0.03388376
2017,251,8467,0,0.079947956
2017,251,8468,1,0.21879093
2017,251,8470,0,0.11919376
2017,251,8471,0,0.025112396
2017,251,8472,1,0.114465415
2017,251,8473,0,0.105961
2017,251,8475,0,0.15613157
2017,251,8476,0,0.13899572
2017,251,8477,0,0.042154692
2017,251,8478,0,0.3401503
2017,251,8479,0,0.038491078
2017,251,8480,0,0.060396887
2017,251,8481,0,0.045370255
2017,251,8482,0,0.02820024
2017,251,8483,0,0.038808346
2017,251,8484,0,0.07234105
2017,251,8485,0,0.07512189
2017,490,8402,1,0.1798473
2017,490,8403,1,0.64021504
2017,490,8404,1,0.22106089
2017,490,8405,0,0.5204279
2017,490,8406,1,0.7235713
2017,490,8407,0,0.17068945
2017,490,8408,0,0.08523891
2017,490,8409,0,0.022839189
2017,490,8410,0,0.7561817
2017,490,8411,0,0.10048345
2017,490,8412,0,0.08329917
2017,490,8413,0,0.041892353
2017,490,8414,0,0.03343044
2017,490,8415,0,0.056906227
2017,490,8416,0,0.13218817
2017,490,8417,0,0.18885373
2017,490,8418,0,0.038495984
2017,490,8419,0,0.058207236
2017,490,8420,0,0.4464961
2017,490,8421,0,0.026314607
2017,490,8422,0,0.028832361
2017,490,8423,0,0.07307269
2017,490,8424,0,0.04589602
2017,490,8425,0,0.089642644
2017,490,8426,1,0.13596834
2017,490,8427,0,0.0904615
2017,490,8428,0,0.09041682
2017,490,8429,0,0.44555253
2017,490,8430,0,0.15671997
2017,490,8431,0,0.06803741
2017,490,8432,0,0.1521699
2017,490,8433,0,0.076091334
2017,490,8434,0,0.26394573
2017,490,8435,1,0.28309128
2017,490,8436,0,0.10402244
2017,490,8437,0,0.08944982
2017,490,8438,0,0.049126256
2017,490,8439,0,0.24683644
2017,490,8440,0,0.34595367
2017,490,8441,0,0.04982432
2017,490,8442,0,0.19523543
2017,490,8443,0,0.04409612
2017,490,8444,0,0.25195953
2017,490,8445,1,0.16758196
2017,490,8446,0,0.2331264
2017,490,8447,0,0.08379559
2017,490,8448,0,0.06690288
2017,490,8449,1,0.51970434
2017,490,8450,1,0.12580557
2017,490,8451,0,0.10068015
2017,490,8452,0,0.030778797
2017,490,8453,0,0.14566076
2017,490,8454,0,0.17694537
2017,490,8455,0,0.11202778
2017,490,8456,0,0.115306035
2017,490,8457,0,0.092773244
2017,490,8458,0,0.0921644
2017,490,8459,0,0.19830053
2017,490,8460,0,0.082351096
2017,490,8461,0,0.091083206
2017,490,8462,0,0.07030633
2017,490,8463,0,0.12380648
2017,490,8464,0,0.16741094
2017,490,8465,0,0.08142762
2017,490,8466,0,0.05060934
2017,490,8467,0,0.07724844
2017,490,8468,0,0.17049493
2017,490,8470,0,0.11399213
2017,490,8471,0,0.047744293
2017,490,8472,0,0.09282541
2017,490,8473,0,0.122104436
2017,490,8474,0,0.08495748
2017,490,8475,0,0.49359387
2017,490,8476,0,0.17031789
2017,490,8477,0,0.025996404
2017,490,8478,1,0.16171964
2017,490,8479,0,0.14603133
2017,490,8480,0,0.040109403
2017,490,8481,0,0.044227414
2017,490,8482,0,0.028648164
2017,490,8483,0,0.037936345
2017,490,8484,0,0.028785093
2017,490,8485,1,0.09227451
2017,702,8402,0,0.2536866
2017,702,8407,0,0.083854996
2017,702,8408,0,0.16976573
2017,702,8410,0,0.2572063
2017,702,8411,0,0.067831144
2017,702,8412,0,0.07751099
2017,702,8413,0,0.028416956
2017,702,8414,0,0.023851948
2017,702,8416,0,0.17412843
2017,702,8417,0,0.16149382
2017,702,8418,0,0.064917505
2017,702,8419,0,0.07444529
2017,702,8420,0,0.14723714
2017,702,8421,0,0.024911096
2017,702,8422,0,0.059263
2017,702,8423,0,0.10155699
2017,702,8424,0,0.061068937
2017,702,8425,1,0.14838223
2017,702,8426,0,0.08448191
2017,702,8428,0,0.07630271
2017,702,8430,0,0.15430021
2017,702,8431,0,0.04872115
2017,702,8432,1,0.3569936
2017,702,8433,0,0.57195956
2017,702,8434,0,0.49105412
2017,702,8435,1,0.52194387
2017,702,8436,0,0.1347525
2017,702,8437,0,0.13347857
2017,702,8439,0,0.21069188
2017,702,8441,1,0.5429269
2017,702,8442,0,0.22004049
2017,702,8443,0,0.04067131
2017,702,8445,0,0.34778166
2017,702,8448,1,0.2873083
2017,702,8449,0,0.60052156
2017,702,8451,0,0.0924264
2017,702,8452,0,0.17257887
2017,702,8453,1,0.18091603
2017,702,8454,0,0.20059134
2017,702,8455,1,0.22641338
2017,702,8456,0,0.083040304
2017,702,8457,0,0.37769067
2017,702,8458,0,0.13349545
2017,702,8459,0,0.14256012
2017,702,8460,0,0.11573795
2017,702,8461,1,0.2716369
2017,702,8462,0,0.13066046
2017,702,8463,0,0.21404724
2017,702,8464,0,0.2148697
2017,702,8465,0,0.15923208
2017,702,8466,0,0.21647826
2017,702,8467,0,0.085665405
2017,702,8468,1,0.11485401
2017,702,8470,0,0.11821601
2017,702,8471,1,0.023929805
2017,702,8473,0,0.085687906
2017,702,8474,0,0.07878
2017,702,8475,0,0.4225317
2017,702,8477,0,0.080977276
2017,702,8478,1,0.26015633
2017,702,8479,0,0.10159267
2017,702,8480,0,0.11967084
2017,702,8481,0,0.036830366
2017,702,8482,0,0.03429511
2017,702,8483,0,0.027792273
2017,702,8484,0,0.057893373
2017,702,8485,0,0.05961208
2017,528,8401,1,0.21948604
2017,528,8403,0,0.108767465
2017,528,8404,1,0.45335862
2017,528,8405,1,0.2093909
2017,528,8407,0,0.20087133
2017,528,8408,0,0.068333864
2017,528,8409,0,0.026226904
2017,528,8410,1,0.21603656
2017,528,8411,0,0.14273387
2017,528,8412,0,0.04350223
2017,528,8413,0,0.03342867
2017,528,8414,0,0.029313758
2017,528,8415,0,0.04302972
2017,528,8416,0,0.14293969
2017,528,8417,0,0.12438468
2017,528,8418,0,0.06487707
2017,528,8419,0,0.03877277
2017,528,8420,0,0.16096883
2017,528,8421,0,0.013803801
2017,528,8422,0,0.048737694
2017,528,8423,0,0.08380451
2017,528,8424,0,0.059534553
2017,528,8425,0,0.055581782
2017,528,8426,0,0.11234984
2017,528,8427,0,0.025188547
2017,528,8428,0,0.040383942
2017,528,8429,0,0.045840792
2017,528,8430,0,0.06402443
2017,528,8431,0,0.027868995
2017,528,8432,0,0.02697642
2017,528,8433,0,0.05039849
2017,528,8434,0,0.10043451
2017,528,8435,1,0.5274815
2017,528,8436,0,0.04165968
2017,528,8437,0,0.08220538
2017,528,8438,0,0.029571231
2017,528,8439,1,0.20814203
2017,528,8440,0,0.14972642
2017,528,8441,0,0.08601155
2017,528,8442,0,0.14509003
2017,528,8443,0,0.045974184
2017,528,8444,0,0.5048646
2017,528,8445,0,0.36251435
2017,528,8446,0,0.21058044
2017,528,8447,1,0.3553103
2017,528,8448,0,0.12520753
2017,528,8449,1,0.6315518
2017,528,8450,0,0.16959797
2017,528,8451,0,0.10909966
2017,528,8453,0,0.22993547
2017,528,8454,1,0.43385944
2017,528,8455,0,0.18301915
2017,528,8456,0,0.079085834
2017,528,8457,0,0.17896877
2017,528,8458,0,0.1317295
2017,528,8459,0,0.20030878
2017,528,8460,0,0.20630494
2017,528,8461,0,0.15762118
2017,528,8462,0,0.081123196
2017,528,8463,1,0.42374188
2017,528,8464,0,0.19317028
2017,528,8465,0,0.2320779
2017,528,8466,0,0.044025093
2017,528,8467,0,0.035329815
2017,528,8468,0,0.21652207
2017,528,8470,0,0.14805277
2017,528,8471,0,0.029891845
2017,528,8472,0,0.08348292
2017,528,8473,0,0.1651955
2017,528,8474,0,0.06181299
2017,528,8475,0,0.11666831
2017,528,8476,0,0.24345562
2017,528,8477,0,0.07675054
2017,528,8478,0,0.14146155
2017,528,8479,0,0.040688384
2017,528,8480,0,0.08553414
2017,528,8481,0,0.034616146
2017,528,8482,0,0.034526244
2017,528,8483,0,0.03702035
2017,528,8484,0,0.051644288
2017,528,8485,0,0.04983771
2017,410,8401,1,0.5803693
2017,410,8402,1,0.30067855
2017,410,8403,0,0.060348526
2017,410,8404,1,0.12521836
2017,410,8405,1,0.20357834
2017,410,8406,0,0.24643491
2017,410,8407,0,0.053870007
2017,410,8408,0,0.051292975
2017,410,8409,0,0.015100141
2017,410,8410,0,0.2253148
2017,410,8411,0,0.048665304
2017,410,8412,0,0.068694934
2017,410,8413,0,0.024951689
2017,410,8414,0,0.019063648
2017,410,8415,0,0.035509516
2017,410,8416,1,0.1785682
2017,410,8417,0,0.12755804
2017,410,8418,0,0.066729754
2017,410,8419,0,0.04952651
2017,410,8420,0,0.18044914
2017,410,8421,0,0.019760765
2017,410,8422,0,0.040146474
2017,410,8423,0,0.062559314
2017,410,8424,0,0.03481937
2017,410,8425,0,0.09170009
2017,410,8426,0,0.11826582
2017,410,8427,0,0.044522293
2017,410,8428,0,0.04005204
2017,410,8429,0,0.033087038
2017,410,8431,0,0.029291635
2017,410,8432,0,0.11352375
2017,410,8433,0,0.27996767
2017,410,8434,1,0.21112339
2017,410,8435,0,0.16207334
2017,410,8436,0,0.6125079
2017,410,8437,0,0.09004711
2017,410,8438,0,0.07896427
2017,410,8439,0,0.14885795
2017,410,8440,0,0.15245807
2017,410,8441,0,0.069795854
2017,410,8442,0,0.24862209
2017,410,8443,0,0.034740828
2017,410,8444,0,0.19675924
2017,410,8445,0,0.35119763
2017,410,8446,0,0.32792714
2017,410,8447,1,0.1804765
2017,410,8448,0,0.16110517
2017,410,8449,0,0.2034616
2017,410,8450,1,0.04905965
2017,410,8451,0,0.06381709
2017,410,8452,0,0.12617281
2017,410,8453,0,0.16012996
2017,410,8454,0,0.16354136
2017,410,8455,0,0.15764342
2017,410,8456,1,0.13031033
2017,410,8457,0,0.10947219
2017,410,8458,0,0.06927573
2017,410,8459,0,0.07925866
2017,410,8460,0,0.13279717
2017,410,8461,0,0.12859197
2017,410,8462,0,0.082608
2017,410,8463,0,0.12520137
2017,410,8464,0,0.34193054
2017,410,8465,1,0.11400004
2017,410,8466,0,0.046851292
2017,410,8467,0,0.04990825
2017,410,8468,0,0.18402803
2017,410,8470,0,0.11689631
2017,410,8471,0,0.027751885
2017,410,8472,0,0.069573104
2017,410,8473,0,0.1466762
2017,410,8474,0,0.08448575
2017,410,8475,0,0.34013295
2017,410,8476,0,0.112967394
2017,410,8477,0,0.041309655
2017,410,8478,0,0.45627293
2017,410,8479,0,0.085329264
2017,410,8480,0,0.05317408
2017,410,8481,0,0.025954204
2017,410,8482,0,0.027300024
2017,410,8483,0,0.023115484
2017,410,8484,0,0.03886262
2017,410,8485,0,0.05344009
2017,458,8404,1,0.45526972
2017,458,8405,1,0.4241193
2017,458,8407,0,0.2959575
2017,458,8408,0,0.1829202
2017,458,8411,0,0.08660577
2017,458,8412,0,0.14121063
2017,458,8413,0,0.081710294
2017,458,8414,0,0.04047144
2017,458,8415,0,0.033165265
2017,458,8416,0,0.51233846
2017,458,8417,0,0.22232614
2017,458,8418,0,0.14445114
2017,458,8419,0,0.10383521
2017,458,8420,0,0.19967794
2017,458,8421,0,0.029207233
2017,458,8422,0,0.0670677
2017,458,8423,0,0.11603746
2017,458,8424,0,0.06282946
2017,458,8425,0,0.16147308
2017,458,8426,0,0.16203435
2017,458,8427,0,0.12822002
2017,458,8428,0,0.07893208
2017,458,8430,0,0.18642384
2017,458,8431,0,0.08280777
2017,458,8433,0,0.17884812
2017,458,8436,0,0.08113048
2017,458,8437,0,0.2829093
2017,458,8438,0,0.12601614
2017,458,8439,1,0.24450447
2017,458,8441,0,0.11875454
2017,458,8442,1,0.35025927
2017,458,8443,0,0.14356126
2017,458,8445,0,0.42424378
2017,458,8447,0,0.3031728
2017,458,8448,0,0.15362477
2017,458,8450,1,0.40112758
2017,458,8451,0,0.08404434
2017,458,8452,1,0.17714241
2017,458,8453,1,0.49906915
2017,458,8454,0,0.17702693
2017,458,8455,0,0.15079859
2017,458,8456,1,0.34759578
2017,458,8457,0,0.31159225
2017,458,8458,0,0.20682706
2017,458,8459,0,0.17693253
2017,458,8460,0,0.17118092
2017,458,8461,1,0.2932796
2017,458,8462,0,0.11156614
2017,458,8463,1,0.15853205
2017,458,8464,1,0.66284704
2017,458,8465,0,0.20609695
2017,458,8466,0,0.12212927
2017,458,8467,0,0.08668291
2017,458,8468,0,0.18308653
2017,458,8470,0,0.101337895
2017,458,8472,1,0.1712107
2017,458,8473,0,0.08241526
2017,458,8474,0,0.10757672
2017,458,8475,0,0.22772348
2017,458,8476,0,0.23847814
2017,458,8477,0,0.07738752
2017,458,8478,1,0.33791673
2017,458,8479,0,0.11170156
2017,458,8480,0,0.07301773
2017,458,8481,0,0.058110017
2017,458,8482,0,0.03885323
2017,458,8484,0,0.064309426
2017,458,8485,0,0.42893255
2017,124,8401,0,0.5233623
2017,124,8402,1,0.6672247
2017,124,8403,0,0.22040386
2017,124,8404,0,0.27788514
2017,124,8405,1,0.70125055
2017,124,8406,1,0.5026116
2017,124,8407,0,0.09003358
2017,124,8408,0,0.17959388
2017,124,8409,0,0.035339184
2017,124,8410,0,0.20339376
2017,124,8411,0,0.045847226
2017,124,8412,0,0.0741601
2017,124,8413,0,0.03878825
2017,124,8414,0,0.06759578
2017,124,8415,0,0.094026655
2017,124,8416,0,0.23899816
2017,124,8417,0,0.13864745
2017,124,8418,0,0.1121052
2017,124,8419,0,0.07179678
2017,124,8420,1,0.5478078
2017,124,8421,0,0.04633036
2017,124,8422,0,0.067435026
2017,124,8423,0,0.10241185
2017,124,8424,0,0.07542501
2017,124,8425,0,0.077070065
2017,124,8426,0,0.26727593
2017,124,8427,0,0.13478494
2017,124,8428,0,0.07224228
2017,124,8429,0,0.20380162
2017,124,8430,0,0.19259065
2017,124,8431,0,0.04373204
2017,124,8432,0,0.093760744
2017,124,8433,0,0.069313556
2017,124,8434,0,0.5643611
2017,124,8436,0,0.08233016
2017,124,8437,0,0.19164081
2017,124,8438,0,0.09730785
2017,124,8439,0,0.16360146
2017,124,8440,0,0.23832147
2017,124,8441,0,0.15404601
2017,124,8442,1,0.19930199
2017,124,8443,0,0.0801728
2017,124,8445,0,0.3431476
2017,124,8448,0,0.2467303
2017,124,8451,0,0.20796876
2017,124,8452,0,0.20831454
2017,124,8454,0,0.15489581
2017,124,8455,0,0.480222
2017,124,8456,0,0.17358266
2017,124,8457,0,0.2636117
2017,124,8458,0,0.21053486
2017,124,8459,1,0.20661405
2017,124,8460,0,0.17445008
2017,124,8461,0,0.14537306
2017,124,8462,1,0.21203454
2017,124,8463,1,0.49925438
2017,124,8464,1,0.14394508
2017,124,8465,0,0.12701517
2017,124,8466,0,0.06579766
2017,124,8467,0,0.06691601
2017,124,8468,0,0.15495408
2017,124,8470,0,0.19115464
2017,124,8471,0,0.04616737
2017,124,8472,0,0.12503886
2017,124,8473,0,0.12066861
2017,124,8474,0,0.092529364
2017,124,8475,0,0.5731104
2017,124,8476,0,0.27226958
2017,124,8477,0,0.06865834
2017,124,8478,1,0.6462789
2017,124,8479,0,0.061997905
2017,124,8480,0,0.08102536
2017,124,8481,0,0.040468123
2017,124,8482,0,0.04157094
2017,124,8483,0,0.03745322
2017,124,8484,0,0.0856917
2017,124,8485,0,0.06827229
2017,484,8402,0,0.3818631
2017,484,8403,0,0.30871204
2017,484,8404,0,0.3391447
2017,484,8406,0,0.24276368
2017,484,8407,0,0.109438725
2017,484,8408,0,0.11148719
2017,484,8409,0,0.04147082
2017,484,8411,0,0.06683244
2017,484,8412,0,0.11848098
2017,484,8413,0,0.039363764
2017,484,8414,0,0.07556434
2017,484,8415,0,0.10140938
2017,484,8416,0,0.29934508
2017,484,8417,0,0.14445192
2017,484,8418,0,0.07970008
2017,484,8419,0,0.08747348
2017,484,8420,0,0.47380027
2017,484,8421,0,0.054396942
2017,484,8422,0,0.06832914
2017,484,8423,0,0.13575368
2017,484,8424,0,0.07300853
2017,484,8425,0,0.082417995
2017,484,8426,0,0.2619619
2017,484,8427,0,0.34181157
2017,484,8428,0,0.08970847
2017,484,8429,0,0.35968056
2017,484,8430,0,0.20361379
2017,484,8431,0,0.082722016
2017,484,8432,0,0.18091671
2017,484,8433,0,0.11313556
2017,484,8434,0,0.36365584
2017,484,8436,0,0.21748815
2017,484,8437,1,0.19070922
2017,484,8438,1,0.13531673
2017,484,8439,0,0.1763296
2017,484,8441,1,0.2276177
2017,484,8442,0,0.36375824
2017,484,8443,0,0.0795699
2017,484,8450,0,0.092016146
2017,484,8451,0,0.14946802
2017,484,8453,0,0.21764517
2017,484,8455,1,0.6893862
2017,484,8456,0,0.14357437
2017,484,8457,1,0.53173625
2017,484,8458,0,0.2246852
2017,484,8459,0,0.44690582
2017,484,8460,1,0.47310022
2017,484,8461,0,0.56981826
2017,484,8462,0,0.1572925
2017,484,8463,1,0.5521255
2017,484,8465,0,0.19648375
2017,484,8466,0,0.10705779
2017,484,8467,0,0.07680212
2017,484,8468,0,0.15867808
2017,484,8470,0,0.4696475
2017,484,8471,0,0.0849355
2017,484,8472,0,0.22099645
2017,484,8473,0,0.20327541
2017,484,8475,0,0.19967721
2017,484,8476,0,0.19497134
2017,484,8477,0,0.11723161
2017,484,8479,0,0.111221164
2017,484,8480,0,0.11694838
2017,484,8481,0,0.05483532
2017,484,8482,0,0.048893433
2017,484,8483,0,0.05702516
2017,484,8484,0,0.117108665
2017,484,8485,0,0.06113556
2017,757,8402,0,0.18706703
2017,757,8403,0,0.19492464
2017,757,8404,0,0.5200746
2017,757,8406,0,0.17694305
2017,757,8407,1,0.34660926
2017,757,8408,0,0.19962826
2017,757,8409,0,0.03695987
2017,757,8411,1,0.030744947
2017,757,8412,0,0.0765709
2017,757,8413,0,0.036784094
2017,757,8414,0,0.030984413
2017,757,8415,0,0.07821266
2017,757,8416,0,0.13211852
2017,757,8417,0,0.16682109
2017,757,8418,0,0.115275025
2017,757,8419,0,0.056432914
2017,757,8420,0,0.436027
2017,757,8421,0,0.030938089
2017,757,8422,0,0.048176944
2017,757,8423,1,0.08758056
2017,757,8424,0,0.05806208
2017,757,8425,0,0.09338052
2017,757,8426,0,0.22316213
2017,757,8427,0,0.10521172
2017,757,8428,0,0.053192772
2017,757,8429,0,0.12932634
2017,757,8430,0,0.16387737
2017,757,8431,0,0.03589306
2017,757,8432,0,0.09030751
2017,757,8433,0,0.12602955
2017,757,8434,0,0.3156029
2017,757,8435,0,0.23541144
2017,757,8436,0,0.14748012
2017,757,8437,0,0.09959024
2017,757,8438,0,0.03506886
2017,757,8439,0,0.167048
2017,757,8440,0,0.18490456
2017,757,8441,0,0.071982406
2017,757,8442,0,0.15380313
2017,757,8443,0,0.049372282
2017,757,8445,0,0.22668862
2017,757,8446,0,0.16502589
2017,757,8447,1,0.2569826
2017,757,8448,0,0.036660694
2017,757,8449,0,0.45190406
2017,757,8450,0,0.16750398
2017,757,8451,0,0.06363795
2017,757,8452,0,0.082723476
2017,757,8453,0,0.11679657
2017,757,8454,0,0.27602458
2017,757,8455,0,0.19038554
2017,757,8456,0,0.106482014
2017,757,8457,0,0.121559344
2017,757,8458,0,0.12264018
2017,757,8459,0,0.18546441
2017,757,8460,0,0.089757785
2017,757,8461,0,0.17441013
2017,757,8462,0,0.13077937
2017,757,8463,0,0.16006857
2017,757,8464,0,0.19841811
2017,757,8465,0,0.11758545
2017,757,8466,0,0.025087345
2017,757,8467,0,0.08305715
2017,757,8468,1,0.31159347
2017,757,8470,0,0.15408051
2017,757,8471,0,0.033747282
2017,757,8472,1,0.13806507
2017,757,8473,0,0.13670789
2017,757,8474,1,0.12282483
2017,757,8475,0,0.31383055
2017,757,8476,0,0.13571727
2017,757,8477,0,0.041794784
2017,757,8478,0,0.13362402
2017,757,8479,0,0.03783518
2017,757,8480,0,0.085273616
2017,757,8481,0,0.03928984
2017,757,8482,0,0.03344792
2017,757,8483,0,0.04504227
2017,757,8484,0,0.061037187
2017,757,8485,0,0.07674191
2017,764,8402,1,0.30512336
2017,764,8403,1,0.6081594
2017,764,8405,0,0.5796996
2017,764,8406,0,0.35950732
2017,764,8407,0,0.13313103
2017,764,8408,0,0.16083336
2017,764,8409,0,0.019796861
2017,764,8411,0,0.15015425
2017,764,8412,0,0.16378143
2017,764,8413,0,0.031990945
2017,764,8414,0,0.027917963
2017,764,8415,0,0.026272789
2017,764,8418,0,0.066446416
2017,764,8419,0,0.087049335
2017,764,8420,0,0.18578996
2017,764,8421,0,0.025266828
2017,764,8422,0,0.07209619
2017,764,8423,0,0.11643173
2017,764,8425,0,0.14976543
2017,764,8426,0,0.18297537
2017,764,8428,0,0.057288993
2017,764,8429,0,0.1587676
2017,764,8431,0,0.0641881
2017,764,8434,1,0.17379615
2017,764,8437,0,0.21734656
2017,764,8438,0,0.102656126
2017,764,8439,0,0.21252547
2017,764,8440,0,0.32383603
2017,764,8441,1,0.41942075
2017,764,8442,0,0.24230646
2017,764,8443,0,0.06474542
2017,764,8445,0,0.1926254
2017,764,8447,0,0.298575
2017,764,8448,1,0.1730275
2017,764,8450,0,0.08694891
2017,764,8451,0,0.10719109
2017,764,8452,0,0.0703253
2017,764,8453,0,0.1440294
2017,764,8454,1,0.2659488
2017,764,8455,1,0.49026576
2017,764,8456,0,0.18332817
2017,764,8457,0,0.2531187
2017,764,8458,0,0.15480292
2017,764,8459,0,0.18189625
2017,764,8460,0,0.25831538
2017,764,8461,1,0.34758365
2017,764,8462,0,0.16316184
2017,764,8463,0,0.32677457
2017,764,8464,0,0.56978047
2017,764,8466,0,0.09770258
2017,764,8467,0,0.10952836
2017,764,8468,1,0.3731382
2017,764,8470,0,0.18106537
2017,764,8471,0,0.24147496
2017,764,8472,1,0.206639
2017,764,8473,0,0.13865265
2017,764,8475,0,0.20870145
2017,764,8476,0,0.26023203
2017,764,8477,0,0.062322732
2017,764,8479,0,0.0634051
2017,764,8480,0,0.08286799
2017,764,8481,0,0.022684671
2017,764,8482,0,0.03076822
2017,764,8483,0,0.026360236
2017,764,8484,0,0.036492895
2017,764,8485,0,0.06659998
2017,752,8401,0,0.5498634
2017,752,8402,1,0.648859
2017,752,8403,1,0.3042487
2017,752,8404,0,0.18000986
2017,752,8405,0,0.20445496
2017,752,8406,0,0.5686665
2017,752,8407,0,0.24860744
2017,752,8408,0,0.18183266
2017,752,8409,0,0.06625161
2017,752,8410,0,0.20909142
2017,752,8412,0,0.031609125
2017,752,8413,0,0.039027847
2017,752,8414,0,0.032424983
2017,752,8415,0,0.059048105
2017,752,8416,0,0.15819746
2017,752,8417,0,0.341531
2017,752,8418,0,0.06488417
2017,752,8419,0,0.04904912
2017,752,8420,0,0.17580639
2017,752,8421,0,0.04392685
2017,752,8422,0,0.033741303
2017,752,8423,0,0.12363936
2017,752,8424,0,0.056344695
2017,752,8425,0,0.09172716
2017,752,8426,0,0.12638594
2017,752,8427,0,0.03149525
2017,752,8428,0,0.0699753
2017,752,8429,0,0.03883276
2017,752,8430,0,0.14422935
2017,752,8431,0,0.03126005
2017,752,8432,0,0.04567478
2017,752,8433,0,0.10423293
2017,752,8434,0,0.09735561
2017,752,8436,0,0.13136363
2017,752,8437,0,0.3016793
2017,752,8438,0,0.043689705
2017,752,8439,0,0.22011627
2017,752,8440,0,0.19256538
2017,752,8441,0,0.13936633
2017,752,8442,0,0.23237482
2017,752,8443,0,0.083268605
2017,752,8447,0,0.73922306
2017,752,8448,0,0.16331775
2017,752,8449,0,0.51991796
2017,752,8450,0,0.09003897
2017,752,8451,0,0.14712404
2017,752,8452,0,0.2245653
2017,752,8453,1,0.5054343
2017,752,8454,0,0.2462464
2017,752,8455,0,0.13173185
2017,752,8456,1,0.111369394
2017,752,8458,0,0.14908838
2017,752,8459,0,0.31622878
2017,752,8460,0,0.10310948
2017,752,8461,1,0.65148634
2017,752,8462,0,0.15606435
2017,752,8463,0,0.22695397
2017,752,8464,0,0.14825909
2017,752,8465,0,0.27477387
2017,752,8466,0,0.0430826
2017,752,8467,0,0.07653976
2017,752,8468,0,0.25443405
2017,752,8470,0,0.18685701
2017,752,8471,0,0.07028612
2017,752,8472,1,0.10135409
2017,752,8473,0,0.26397523
2017,752,8474,0,0.07726742
2017,752,8475,0,0.19332832
2017,752,8476,0,0.31968203
2017,752,8477,0,0.058753412
2017,752,8478,0,0.3618934
2017,752,8479,0,0.0418915
2017,752,8480,0,0.10115092
2017,752,8481,0,0.04725994
2017,752,8482,0,0.025798451
2017,752,8483,0,0.031133927
2017,752,8484,0,0.038721595
2017,752,8485,1,0.045757707
2017,372,8403,0,0.3107857
2017,372,8406,0,0.51682025
2017,372,8407,1,0.28539264
2017,372,8409,0,0.08290048
2017,372,8411,0,0.10887198
2017,372,8412,0,0.27197286
2017,372,8413,0,0.093227975
2017,372,8414,0,0.050387766
2017,372,8415,0,0.15642448
2017,372,8418,0,0.1245864
2017,372,8419,1,0.51678234
2017,372,8421,0,0.06077395
2017,372,8422,0,0.10730698
2017,372,8423,0,0.4720896
2017,372,8424,0,0.15102756
2017,372,8425,0,0.18864675
2017,372,8427,0,0.11037689
2017,372,8428,0,0.11233919
2017,372,8429,0,0.2058772
2017,372,8430,0,0.38436696
2017,372,8432,0,0.1482409
2017,372,8433,0,0.111910105
2017,372,8434,0,0.30427265
2017,372,8436,0,0.2290121
2017,372,8437,0,0.355798
2017,372,8438,0,0.31904936
2017,372,8441,0,0.15575519
2017,372,8442,1,0.7266095
2017,372,8443,0,0.125292
2017,372,8448,0,0.28530204
2017,372,8450,0,0.27264643
2017,372,8451,0,0.2230566
2017,372,8456,1,0.4216211
2017,372,8457,1,0.7434142
2017,372,8459,1,0.67983586
2017,372,8460,1,0.31422228
2017,372,8461,1,0.61056674
2017,372,8462,0,0.2532508
2017,372,8463,0,0.3557902
2017,372,8465,0,0.28019646
2017,372,8466,0,0.12177494
2017,372,8467,0,0.1885428
2017,372,8468,0,0.27159426
2017,372,8470,0,0.580282
2017,372,8471,0,0.05767547
2017,372,8472,0,0.40984085
2017,372,8473,0,0.103162944
2017,372,8474,0,0.16736439
2017,372,8475,1,0.3801605
2017,372,8477,0,0.105725415
2017,372,8478,1,0.70123845
2017,372,8479,0,0.11451724
2017,372,8480,0,0.14152348
2017,372,8481,1,0.09228679
2017,372,8484,0,0.10412871
2017,372,8485,0,0.16625473
2017,40,8401,0,0.2519234
2017,40,8402,0,0.18650773
2017,40,8403,0,0.16045043
2017,40,8404,1,0.37879077
2017,40,8405,0,0.16588478
2017,40,8406,0,0.19773863
2017,40,8407,0,0.11650157
2017,40,8408,0,0.1254757
2017,40,8409,0,0.033482417
2017,40,8411,0,0.0665985
2017,40,8412,0,0.08364869
2017,40,8413,0,0.04233857
2017,40,8414,0,0.028864028
2017,40,8415,0,0.11504658
2017,40,8416,0,0.15651022
2017,40,8417,0,0.158446
2017,40,8418,0,0.070329115
2017,40,8419,0,0.05260594
2017,40,8420,1,0.24156903
2017,40,8421,0,0.029207159
2017,40,8422,0,0.08402176
2017,40,8423,0,0.10152655
2017,40,8424,0,0.051677182
2017,40,8425,0,0.1146469
2017,40,8426,0,0.1027823
2017,40,8427,0,0.10508161
2017,40,8428,0,0.073959395
2017,40,8429,0,0.1150249
2017,40,8430,0,0.12005673
2017,40,8431,0,0.027069967
2017,40,8432,0,0.061028793
2017,40,8433,0,0.09078615
2017,40,8434,0,0.12697458
2017,40,8435,0,0.42444813
2017,40,8436,0,0.17505871
2017,40,8437,0,0.13033709
2017,40,8438,0,0.057761416
2017,40,8439,0,0.19755346
2017,40,8440,0,0.19632028
2017,40,8441,1,0.43187326
2017,40,8442,0,0.15939099
2017,40,8443,0,0.04781109
2017,40,8444,0,0.28995255
2017,40,8445,0,0.14920773
2017,40,8446,0,0.3703154
2017,40,8448,0,0.18899219
2017,40,8449,0,0.19659944
2017,40,8450,0,0.26028362
2017,40,8451,0,0.092849776
2017,40,8452,1,0.41095358
2017,40,8453,1,0.19153693
2017,40,8454,1,0.14753579
2017,40,8455,0,0.18724428
2017,40,8456,0,0.0791238
2017,40,8457,0,0.27497053
2017,40,8458,0,0.18450963
2017,40,8459,0,0.22152922
2017,40,8460,0,0.13533877
2017,40,8461,0,0.13091801
2017,40,8462,0,0.10138745
2017,40,8463,0,0.28300795
2017,40,8464,0,0.26085275
2017,40,8465,0,0.106578805
2017,40,8466,0,0.04382453
2017,40,8467,0,0.12558137
2017,40,8468,0,0.18925945
2017,40,8470,0,0.41235054
2017,40,8471,0,0.034838654
2017,40,8472,0,0.15068345
2017,40,8473,0,0.13747728
2017,40,8474,0,0.103424735
2017,40,8475,0,0.24129085
2017,40,8476,1,0.20986526
2017,40,8477,0,0.032271568
2017,40,8478,0,0.41702193
2017,40,8479,0,0.032581042
2017,40,8480,0,0.08797414
2017,40,8481,0,0.03752038
2017,40,8482,0,0.0439941
2017,40,8483,0,0.033547424
2017,40,8484,0,0.06169567
2017,40,8485,0,0.06386474
2017,724,8401,0,0.27898553
2017,724,8402,0,0.2530583
2017,724,8403,0,0.18424328
2017,724,8404,0,0.21760929
2017,724,8405,0,0.18287572
2017,724,8407,0,0.0916685
2017,724,8408,0,0.121306434
2017,724,8409,0,0.021103308
2017,724,8410,0,0.13751782
2017,724,8411,0,0.05146939
2017,724,8412,0,0.13221057
2017,724,8413,0,0.021287158
2017,724,8414,0,0.023287531
2017,724,8415,0,0.049562782
2017,724,8416,0,0.13216534
2017,724,8417,0,0.14337099
2017,724,8418,0,0.06370658
2017,724,8419,0,0.078339994
2017,724,8420,0,0.093617514
2017,724,8421,0,0.021516206
2017,724,8422,0,0.025276994
2017,724,8423,0,0.076768674
2017,724,8424,0,0.05206288
2017,724,8425,0,0.038657688
2017,724,8426,0,0.0821225
2017,724,8427,0,0.044450387
2017,724,8428,0,0.047529016
2017,724,8430,0,0.1429821
2017,724,8431,0,0.025161773
2017,724,8432,0,0.052821487
2017,724,8433,0,0.09682966
2017,724,8434,0,0.12393484
2017,724,8435,0,0.23304035
2017,724,8436,0,0.07213314
2017,724,8437,0,0.08597872
2017,724,8438,0,0.048145063
2017,724,8439,0,0.2458305
2017,724,8440,1,0.61538434
2017,724,8441,0,0.065799706
2017,724,8442,0,0.20922247
2017,724,8443,0,0.030673463
2017,724,8444,0,0.33694178
2017,724,8445,0,0.118273266
2017,724,8446,0,0.25781494
2017,724,8447,0,0.1296662
2017,724,8448,0,0.06730884
2017,724,8449,0,0.5443328
2017,724,8450,0,0.10464499
2017,724,8451,0,0.06712147
2017,724,8452,0,0.14927998
2017,724,8453,0,0.12015569
2017,724,8454,0,0.23704496
2017,724,8455,0,0.30172154
2017,724,8456,0,0.17169464
2017,724,8457,0,0.17926936
2017,724,8458,0,0.06788982
2017,724,8459,0,0.16163424
2017,724,8460,0,0.110550135
2017,724,8461,0,0.084463395
2017,724,8462,0,0.078269854
2017,724,8463,0,0.15930341
2017,724,8464,0,0.07770817
2017,724,8465,0,0.073830605
2017,724,8466,0,0.023590973
2017,724,8467,0,0.10372908
2017,724,8468,0,0.13642329
2017,724,8470,0,0.18811838
2017,724,8471,0,0.057143006
2017,724,8472,0,0.09591168
2017,724,8473,0,0.13062926
2017,724,8474,0,0.10181198
2017,724,8475,0,0.29260007
2017,724,8476,0,0.19940193
2017,724,8477,0,0.04688447
2017,724,8478,1,0.39240485
2017,724,8479,0,0.03677959
2017,724,8480,0,0.061207455
2017,724,8481,0,0.03417315
2017,724,8482,0,0.0281455
2017,724,8483,0,0.042440567
2017,724,8484,0,0.059977837
2018,842,8401,0,0.18948774
2018,842,8402,0,0.24970941
2018,842,8403,0,0.08564886
2018,842,8404,1,0.1482055
2018,842,8405,0,0.1887207
2018,842,8406,0,0.0766504
2018,842,8407,0,0.09294338
2018,842,8408,0,0.21851175
2018,842,8409,0,0.06268408
2018,842,8410,1,0.20876624
2018,842,8411,0,0.034439825
2018,842,8412,0,0.039158452
2018,842,8413,0,0.043731682
2018,842,8414,0,0.044418395
2018,842,8415,0,0.055313405
2018,842,8416,0,0.09641685
2018,842,8417,0,0.09228863
2018,842,8418,0,0.06915539
2018,842,8419,0,0.0562499
2018,842,8420,1,0.12051934
2018,842,8421,0,0.026407486
2018,842,8422,0,0.033420727
2018,842,8423,0,0.07137824
2018,842,8424,0,0.039682236
2018,842,8425,0,0.042564537
2018,842,8426,0,0.10685901
2018,842,8427,0,0.062182423
2018,842,8428,0,0.049460072
2018,842,8429,0,0.069874346
2018,842,8430,0,0.11747643
2018,842,8431,0,0.042285766
2018,842,8432,0,0.11809533
2018,842,8433,0,0.042759467
2018,842,8434,0,0.15193674
2018,842,8435,1,0.25194693
2018,842,8436,0,0.05010352
2018,842,8437,0,0.36431214
2018,842,8438,0,0.04455679
2018,842,8439,0,0.17429937
2018,842,8440,0,0.11776201
2018,842,8441,0,0.080017194
2018,842,8442,0,0.1252452
2018,842,8443,0,0.02086621
2018,842,8444,0,0.18433237
2018,842,8445,0,0.19826724
2018,842,8446,0,0.32131585
2018,842,8449,0,0.19181032
2018,842,8450,0,0.08684628
2018,842,8451,0,0.05643533
2018,842,8453,0,0.13183662
2018,842,8454,0,0.1405854
2018,842,8455,0,0.16215721
2018,842,8456,1,0.090371914
2018,842,8457,0,0.13628508
2018,842,8458,0,0.1112433
2018,842,8459,0,0.08861305
2018,842,8460,0,0.06320334
2018,842,8461,1,0.09865902
2018,842,8462,0,0.057443377
2018,842,8463,0,0.12519562
2018,842,8464,0,0.10596895
2018,842,8465,0,0.07001117
2018,842,8466,0,0.03578067
2018,842,8467,0,0.056975223
2018,842,8468,0,0.099131964
2018,842,8470,0,0.101756096
2018,842,8471,0,0.021737698
2018,842,8472,0,0.06761066
2018,842,8473,0,0.105919294
2018,842,8474,0,0.0737866
2018,842,8475,0,0.17179672
2018,842,8476,0,0.11287465
2018,842,8477,0,0.038161732
2018,842,8478,0,0.27545324
2018,842,8479,0,0.044855684
2018,842,8480,0,0.06388544
2018,842,8481,0,0.04670713
2018,842,8482,0,0.05474121
2018,842,8483,0,0.031213509
2018,842,8484,0,0.07555291
2018,842,8485,0,0.04056314
2018,276,8401,1,0.37591237
2018,276,8402,1,0.19738872
2018,276,8403,0,0.065062664
2018,276,8404,0,0.12392388
2018,276,8405,0,0.19583543
2018,276,8406,0,0.14384411
2018,276,8407,0,0.0632273
2018,276,8408,0,0.060827997
2018,276,8409,0,0.051959645
2018,276,8411,0,0.033942506
2018,276,8412,0,0.032080777
2018,276,8413,0,0.042639893
2018,276,8414,0,0.04408598
2018,276,8415,0,0.026620882
2018,276,8416,0,0.04738172
2018,276,8417,0,0.056032628
2018,276,8418,0,0.046742428
2018,276,8419,0,0.048596848
2018,276,8420,0,0.09161103
2018,276,8421,0,0.02057515
2018,276,8422,0,0.028975155
2018,276,8423,0,0.081542626
2018,276,8424,0,0.032475706
2018,276,8425,0,0.030115418
2018,276,8426,0,0.045718215
2018,276,8427,0,0.032421645
2018,276,8428,0,0.033689
2018,276,8429,0,0.03488695
2018,276,8430,0,0.062224425
2018,276,8431,0,0.022401739
2018,276,8432,0,0.03697194
2018,276,8433,0,0.041929822
2018,276,8434,0,0.06740642
2018,276,8435,0,0.14369722
2018,276,8436,0,0.039846428
2018,276,8437,0,0.08967394
2018,276,8438,0,0.03331686
2018,276,8439,0,0.15580142
2018,276,8440,0,0.06469928
2018,276,8441,0,0.04476981
2018,276,8442,0,0.046263024
2018,276,8443,0,0.038740467
2018,276,8444,0,0.5906319
2018,276,8445,1,0.3474398
2018,276,8446,1,0.38059014
2018,276,8447,1,0.2925974
2018,276,8448,1,0.062454928
2018,276,8449,0,0.20230688
2018,276,8450,0,0.09040577
2018,276,8451,0,0.043325905
2018,276,8452,0,0.039886225
2018,276,8453,1,0.122673124
2018,276,8454,0,0.114109956
2018,276,8455,0,0.21310791
2018,276,8456,0,0.076481156
2018,276,8457,0,0.12179044
2018,276,8458,0,0.0662344
2018,276,8459,0,0.06629025
2018,276,8460,0,0.033845726
2018,276,8461,0,0.07769623
2018,276,8462,0,0.047899466
2018,276,8463,0,0.12809993
2018,276,8464,0,0.057634998
2018,276,8465,0,0.0470397
2018,276,8466,0,0.019169766
2018,276,8467,0,0.068147585
2018,276,8468,0,0.06906101
2018,276,8470,0,0.11704357
2018,276,8471,0,0.038504325
2018,276,8472,0,0.0477857
2018,276,8473,0,0.14492197
2018,276,8474,0,0.035071608
2018,276,8475,0,0.11827257
2018,276,8476,0,0.15054213
2018,276,8477,0,0.049129933
2018,276,8478,1,0.11414734
2018,276,8479,0,0.036896404
2018,276,8480,0,0.043913618
2018,276,8481,0,0.04729798
2018,276,8482,0,0.03991195
2018,276,8483,0,0.031367917
2018,276,8484,0,0.049576472
2018,276,8485,0,0.033317875
2018,392,8401,0,0.3249546
2018,392,8402,1,0.23337005
2018,392,8403,0,0.17664869
2018,392,8404,1,0.22607155
2018,392,8406,1,0.10447342
2018,392,8407,0,0.06573998
2018,392,8408,0,0.053221006
2018,392,8409,0,0.04255174
2018,392,8411,0,0.05057693
2018,392,8412,0,0.08439223
2018,392,8413,0,0.042160235
2018,392,8414,0,0.03735895
2018,392,8415,0,0.066559635
2018,392,8416,0,0.14921483
2018,392,8417,0,0.22057436
2018,392,8418,0,0.10110134
2018,392,8419,0,0.056496438
2018,392,8420,1,0.25933006
2018,392,8421,0,0.029660916
2018,392,8422,0,0.034966838
2018,392,8423,0,0.11559928
2018,392,8424,0,0.042939078
2018,392,8425,0,0.04390362
2018,392,8426,0,0.08397234
2018,392,8427,0,0.028089253
2018,392,8428,0,0.05040602
2018,392,8429,0,0.05638653
2018,392,8430,0,0.10975318
2018,392,8431,0,0.03345648
2018,392,8432,0,0.102894425
2018,392,8433,0,0.070210606
2018,392,8434,0,0.12027771
2018,392,8435,0,0.31818333
2018,392,8437,1,0.25664103
2018,392,8438,0,0.05612738
2018,392,8439,0,0.1893189
2018,392,8440,0,0.14369376
2018,392,8441,0,0.08405368
2018,392,8442,0,0.18657088
2018,392,8443,0,0.032376956
2018,392,8444,0,0.27093777
2018,392,8445,1,0.2651421
2018,392,8446,0,0.26870483
2018,392,8447,1,0.19259931
2018,392,8448,0,0.09305726
2018,392,8449,0,0.23591518
2018,392,8450,0,0.16770366
2018,392,8451,0,0.07565013
2018,392,8452,0,0.050690275
2018,392,8453,1,0.16252564
2018,392,8454,0,0.16403703
2018,392,8455,0,0.16608764
2018,392,8456,1,0.10212672
2018,392,8457,1,0.12610416
2018,392,8458,0,0.084378906
2018,392,8459,0,0.091321215
2018,392,8460,0,0.10295035
2018,392,8461,0,0.10609255
2018,392,8462,0,0.07682746
2018,392,8463,0,0.14623773
2018,392,8464,1,0.19306739
2018,392,8465,0,0.07621937
2018,392,8466,0,0.036853585
2018,392,8467,0,0.06252752
2018,392,8468,0,0.22001602
2018,392,8470,1,0.37232345
2018,392,8471,0,0.035759017
2018,392,8472,0,0.058785643
2018,392,8473,0,0.14879821
2018,392,8474,0,0.06525263
2018,392,8475,1,0.24669857
2018,392,8476,0,0.15999076
2018,392,8477,0,0.047552776
2018,392,8478,0,0.4430077
2018,392,8479,0,0.10361084
2018,392,8480,0,0.061070792
2018,392,8481,0,0.041823603
2018,392,8482,0,0.03911421
2018,392,8483,0,0.032670476
2018,392,8484,0,0.038426664
2018,392,8485,0,0.06426146
2018,156,8401,1,0.36777306
2018,156,8402,0,0.08402147
2018,156,8403,0,0.08863413
2018,156,8404,1,0.13071935
2018,156,8405,0,0.07198631
2018,156,8407,0,0.04169007
2018,156,8408,0,0.029582057
2018,156,8409,0,0.030779824
2018,156,8411,0,0.04102953
2018,156,8412,0,0.033359643
2018,156,8413,0,0.023743384
2018,156,8414,0,0.028545042
2018,156,8415,0,0.05244615
2018,156,8416,0,0.043090258
2018,156,8417,0,0.058246955
2018,156,8418,0,0.069281384
2018,156,8419,0,0.15319888
2018,156,8420,0,0.07707307
2018,156,8421,0,0.013775508
2018,156,8422,0,0.011408058
2018,156,8423,0,0.06490473
2018,156,8424,0,0.022760225
2018,156,8425,0,0.029409168
2018,156,8426,0,0.058948625
2018,156,8427,0,0.016158406
2018,156,8428,0,0.030628955
2018,156,8431,0,0.020289024
2018,156,8432,0,0.016376972
2018,156,8433,0,0.021207413
2018,156,8434,1,0.045286708
2018,156,8436,0,0.025001688
2018,156,8439,0,0.11952414
2018,156,8440,0,0.0935011
2018,156,8441,0,0.04353513
2018,156,8442,0,0.06876078
2018,156,8443,0,0.026684688
2018,156,8444,0,0.13707773
2018,156,8445,0,0.08730775
2018,156,8446,0,0.14036703
2018,156,8447,0,0.13390084
2018,156,8448,0,0.026140962
2018,156,8449,0,0.21743794
2018,156,8450,0,0.05446782
2018,156,8451,0,0.04454041
2018,156,8452,0,0.073787175
2018,156,8453,0,0.069235295
2018,156,8454,0,0.2469516
2018,156,8455,0,0.0785174
2018,156,8456,0,0.04125289
2018,156,8457,0,0.030270107
2018,156,8458,0,0.023762407
2018,156,8459,0,0.02112391
2018,156,8460,0,0.018156787
2018,156,8461,0,0.021143619
2018,156,8462,0,0.032052442
2018,156,8463,0,0.06259701
2018,156,8464,0,0.076317064
2018,156,8465,0,0.05839796
2018,156,8466,0,0.016357366
2018,156,8467,0,0.035450637
2018,156,8468,0,0.0409705
2018,156,8470,0,0.04920404
2018,156,8471,0,0.03216092
2018,156,8472,0,0.033843737
2018,156,8473,0,0.09565105
2018,156,8475,0,0.052008595
2018,156,8476,0,0.0865332
2018,156,8477,0,0.03576779
2018,156,8478,0,0.095502645
2018,156,8479,0,0.018788245
2018,156,8480,0,0.03623459
2018,156,8481,0,0.036606032
2018,156,8482,0,0.026863784
2018,156,8483,0,0.02962746
2018,156,8484,0,0.02811624
2018,380,8401,0,0.26840553
2018,380,8402,1,0.3009494
2018,380,8403,0,0.075107045
2018,380,8404,0,0.16749826
2018,380,8405,0,0.0972726
2018,380,8406,1,0.34618664
2018,380,8407,0,0.40354478
2018,380,8408,1,0.19917375
2018,380,8409,0,0.06592563
2018,380,8411,0,0.052945703
2018,380,8412,0,0.04273985
2018,380,8413,0,0.040521733
2018,380,8414,0,0.023419764
2018,380,8415,0,0.047725797
2018,380,8416,0,0.10200146
2018,380,8417,0,0.21180467
2018,380,8418,0,0.045495234
2018,380,8419,0,0.05798297
2018,380,8420,0,0.108677246
2018,380,8421,0,0.020204436
2018,380,8422,0,0.027568853
2018,380,8423,0,0.07287606
2018,380,8424,0,0.04099765
2018,380,8425,0,0.042217616
2018,380,8426,0,0.054100055
2018,380,8427,0,0.04201206
2018,380,8428,0,0.031357937
2018,380,8429,0,0.038849946
2018,380,8430,0,0.10933773
2018,380,8431,0,0.023006655
2018,380,8432,0,0.022293158
2018,380,8433,0,0.026172634
2018,380,8434,0,0.09483073
2018,380,8435,0,0.12442633
2018,380,8436,0,0.04193379
2018,380,8438,0,0.056364715
2018,380,8439,1,0.19299887
2018,380,8440,1,0.23829585
2018,380,8441,0,0.11542707
2018,380,8442,0,0.10917177
2018,380,8443,0,0.023412116
2018,380,8444,0,0.2972917
2018,380,8445,0,0.3061939
2018,380,8446,1,0.45619854
2018,380,8447,0,0.48106548
2018,380,8448,1,0.074515335
2018,380,8449,0,0.35233593
2018,380,8450,0,0.0644449
2018,380,8451,0,0.13234939
2018,380,8453,1,0.09966405
2018,380,8454,0,0.13030364
2018,380,8455,0,0.080895096
2018,380,8456,0,0.038087826
2018,380,8457,0,0.062444348
2018,380,8458,0,0.07824167
2018,380,8459,0,0.08643008
2018,380,8460,0,0.05261899
2018,380,8461,0,0.05735686
2018,380,8462,0,0.040223986
2018,380,8463,0,0.07736173
2018,380,8464,0,0.09950876
2018,380,8465,0,0.037289612
2018,380,8466,0,0.019556105
2018,380,8467,0,0.072062254
2018,380,8468,0,0.08568395
2018,380,8470,0,0.2085538
2018,380,8471,0,0.05267355
2018,380,8472,0,0.1200229
2018,380,8473,0,0.12172267
2018,380,8474,0,0.23766859
2018,380,8475,0,0.27732766
2018,380,8476,0,0.100682974
2018,380,8477,0,0.0315536
2018,380,8478,0,0.13986056
2018,380,8479,0,0.024625678
2018,380,8480,1,0.07940854
2018,380,8481,0,0.035754047
2018,380,8482,0,0.033519156
2018,380,8483,0,0.056965858
2018,380,8484,0,0.04251079
2018,380,8485,0,0.042151224
2018,826,8401,1,0.6398165
2018,826,8402,0,0.14021671
2018,826,8403,0,0.25378188
2018,826,8404,0,0.112103775
2018,826,8405,0,0.14211094
2018,826,8406,0,0.16790213
2018,826,8408,0,0.45866567
2018,826,8409,0,0.042172108
2018,826,8410,1,0.4358512
2018,826,8411,0,0.042528473
2018,826,8412,0,0.06812828
2018,826,8413,0,0.036136854
2018,826,8414,0,0.03595203
2018,826,8415,0,0.051880367
2018,826,8416,0,0.1511367
2018,826,8418,0,0.059755098
2018,826,8419,0,0.06969544
2018,826,8420,1,0.16225013
2018,826,8421,0,0.034375742
2018,826,8422,0,0.04361131
2018,826,8423,0,0.051436584
2018,826,8424,0,0.037711997
2018,826,8425,0,0.06671421
2018,826,8426,0,0.0814948
2018,826,8427,0,0.045428034
2018,826,8428,0,0.023931254
2018,826,8429,0,0.026993437
2018,826,8430,0,0.06575047
2018,826,8431,0,0.030267349
2018,826,8432,0,0.026600754
2018,826,8433,0,0.111589715
2018,826,8434,0,0.1847537
2018,826,8435,1,0.4779349
2018,826,8436,0,0.06548209
2018,826,8437,0,0.09571724
2018,826,8438,0,0.031086603
2018,826,8439,0,0.13806511
2018,826,8440,0,0.18212406
2018,826,8441,1,0.08766585
2018,826,8442,0,0.12245896
2018,826,8443,1,0.04309258
2018,826,8444,1,0.40548056
2018,826,8445,1,0.19917864
2018,826,8446,1,0.8106539
2018,826,8447,0,0.40033084
2018,826,8448,0,0.065928355
2018,826,8449,1,0.58571064
2018,826,8450,0,0.14314783
2018,826,8451,0,0.092976965
2018,826,8452,0,0.0969292
2018,826,8453,0,0.16528945
2018,826,8454,0,0.19977374
2018,826,8455,0,0.22578539
2018,826,8456,0,0.10318229
2018,826,8457,1,0.27618572
2018,826,8458,0,0.14786085
2018,826,8459,0,0.20595098
2018,826,8460,0,0.061204854
2018,826,8461,0,0.17198627
2018,826,8462,0,0.051135775
2018,826,8463,0,0.15784203
2018,826,8464,0,0.14631927
2018,826,8465,1,0.2095845
2018,826,8466,0,0.021680376
2018,826,8467,0,0.031913333
2018,826,8468,0,0.14476612
2018,826,8470,0,0.20702912
2018,826,8471,0,0.03379939
2018,826,8472,0,0.2146609
2018,826,8473,0,0.1362833
2018,826,8474,0,0.051817182
2018,826,8475,0,0.13490467
2018,826,8476,0,0.19744042
2018,826,8477,0,0.03526124
2018,826,8478,0,0.118692495
2018,826,8479,0,0.02807194
2018,826,8480,0,0.099794894
2018,826,8481,0,0.040085148
2018,826,8482,0,0.04261503
2018,826,8483,0,0.037257794
2018,826,8484,0,0.035337232
2018,826,8485,0,0.038909085
2018,251,8401,1,0.34721255
2018,251,8403,0,0.13430916
2018,251,8404,0,0.29378232
2018,251,8407,0,0.13508059
2018,251,8408,1,0.09960226
2018,251,8409,0,0.07255685
2018,251,8411,0,0.055633668
2018,251,8412,0,0.09937057
2018,251,8413,0,0.06422805
2018,251,8414,0,0.064200915
2018,251,8415,0,0.05757615
2018,251,8416,0,0.1578834
2018,251,8417,0,0.08588453
2018,251,8418,0,0.07518716
2018,251,8419,0,0.08169689
2018,251,8420,0,0.15053584
2018,251,8421,0,0.026219143
2018,251,8422,0,0.03867407
2018,251,8424,0,0.061608043
2018,251,8425,0,0.03672591
2018,251,8426,0,0.11852256
2018,251,8427,0,0.042668298
2018,251,8428,0,0.04910501
2018,251,8429,0,0.045084275
2018,251,8430,0,0.19175176
2018,251,8431,0,0.024113871
2018,251,8432,0,0.036706593
2018,251,8433,0,0.0359444
2018,251,8434,1,0.25094253
2018,251,8435,0,0.17510077
2018,251,8436,0,0.054660767
2018,251,8438,0,0.043583125
2018,251,8439,0,0.14996226
2018,251,8440,0,0.36473697
2018,251,8441,0,0.12814814
2018,251,8442,0,0.13861841
2018,251,8443,0,0.032987423
2018,251,8444,1,0.48156726
2018,251,8445,0,0.43822545
2018,251,8446,1,0.55312115
2018,251,8447,1,0.4260112
2018,251,8448,1,0.084540755
2018,251,8449,0,0.3182411
2018,251,8450,1,0.15149981
2018,251,8451,1,0.11943038
2018,251,8453,0,0.19461483
2018,251,8454,0,0.5249681
2018,251,8455,0,0.18169615
2018,251,8456,0,0.15250003
2018,251,8457,0,0.07175943
2018,251,8458,0,0.14719665
2018,251,8459,0,0.16431949
2018,251,8460,0,0.16255547
2018,251,8461,0,0.1538807
2018,251,8462,0,0.1070187
2018,251,8463,0,0.20674191
2018,251,8464,0,0.21929988
2018,251,8465,0,0.17621665
2018,251,8466,0,0.030813178
2018,251,8467,0,0.0989985
2018,251,8468,0,0.10007014
2018,251,8470,0,0.14146313
2018,251,8471,0,0.021931019
2018,251,8472,0,0.11698288
2018,251,8473,0,0.14387752
2018,251,8475,0,0.2526108
2018,251,8476,0,0.19987582
2018,251,8477,0,0.05561488
2018,251,8478,1,0.36102083
2018,251,8479,0,0.030541291
2018,251,8480,0,0.07894806
2018,251,8481,0,0.053956825
2018,251,8482,0,0.0636544
2018,251,8483,0,0.05174963
2018,251,8484,0,0.10089787
2018,251,8485,0,0.078885876
2018,490,8401,0,0.79240173
2018,490,8402,0,0.13518818
2018,490,8403,0,0.15192343
2018,490,8404,0,0.18985964
2018,490,8405,0,0.34370118
2018,490,8406,1,0.31226382
2018,490,8407,1,0.23653044
2018,490,8408,0,0.18387006
2018,490,8409,0,0.079525255
2018,490,8410,0,0.45306846
2018,490,8411,1,0.09226892
2018,490,8412,0,0.07678801
2018,490,8413,0,0.062254902
2018,490,8414,0,0.049521174
2018,490,8415,0,0.08130993
2018,490,8416,0,0.23995094
2018,490,8417,0,0.16832092
2018,490,8418,0,0.103431724
2018,490,8419,0,0.05805469
2018,490,8420,0,0.23046887
2018,490,8421,0,0.03366316
2018,490,8422,0,0.037509017
2018,490,8423,0,0.1259242
2018,490,8424,0,0.058331564
2018,490,8425,0,0.080376446
2018,490,8426,0,0.10131408
2018,490,8427,0,0.07558095
2018,490,8428,1,0.06917207
2018,490,8429,1,0.3251689
2018,490,8430,1,0.21138941
2018,490,8431,0,0.05397933
2018,490,8432,0,0.116209164
2018,490,8433,0,0.10011889
2018,490,8434,0,0.20029612
2018,490,8435,0,0.12694979
2018,490,8436,0,0.06395397
2018,490,8437,1,0.13796313
2018,490,8438,0,0.045168888
2018,490,8439,0,0.1021338
2018,490,8440,0,0.2427414
2018,490,8441,0,0.07832263
2018,490,8442,1,0.18881983
2018,490,8443,0,0.03953389
2018,490,8444,1,0.25226465
2018,490,8445,0,0.13643225
2018,490,8446,1,0.43111637
2018,490,8447,1,0.15586641
2018,490,8448,0,0.09282815
2018,490,8449,0,0.2811143
2018,490,8450,0,0.13980602
2018,490,8451,1,0.07604043
2018,490,8452,0,0.045962997
2018,490,8453,0,0.13497329
2018,490,8454,0,0.17245863
2018,490,8455,0,0.10744068
2018,490,8456,0,0.11953983
2018,490,8457,1,0.10151847
2018,490,8458,0,0.083644785
2018,490,8459,1,0.17173988
2018,490,8460,0,0.097698465
2018,490,8461,0,0.08556157
2018,490,8462,0,0.069084466
2018,490,8463,1,0.08956577
2018,490,8464,1,0.21348861
2018,490,8465,0,0.07646045
2018,490,8466,1,0.04373203
2018,490,8467,0,0.0782465
2018,490,8468,0,0.22743015
2018,490,8470,1,0.12574494
2018,490,8471,0,0.057285413
2018,490,8472,1,0.08344517
2018,490,8473,0,0.18126908
2018,490,8474,0,0.077432334
2018,490,8475,0,0.47493824
2018,490,8476,0,0.14470093
2018,490,8477,0,0.041418724
2018,490,8478,0,0.23055905
2018,490,8479,0,0.18150023
2018,490,8480,0,0.03918679
2018,490,8481,0,0.051818985
2018,490,8482,0,0.07511001
2018,490,8483,0,0.07507027
2018,490,8484,0,0.045086686
2018,490,8485,0,0.06412855
2018,702,8402,1,0.26273954
2018,702,8405,0,0.4685749
2018,702,8406,1,0.5307615
2018,702,8407,0,0.32378763
2018,702,8408,1,0.30859283
2018,702,8409,0,0.034560952
2018,702,8411,0,0.09657969
2018,702,8412,0,0.06143726
2018,702,8413,0,0.030308055
2018,702,8414,0,0.04071889
2018,702,8416,0,0.35896042
2018,702,8418,0,0.08051739
2018,702,8419,0,0.07039577
2018,702,8420,0,0.181946
2018,702,8421,0,0.024735875
2018,702,8422,0,0.0529948
2018,702,8423,1,0.13579696
2018,702,8424,0,0.042592507
2018,702,8425,0,0.08015781
2018,702,8427,0,0.1455351
2018,702,8428,0,0.06939877
2018,702,8430,1,0.50012326
2018,702,8431,0,0.049080756
2018,702,8432,0,0.15460476
2018,702,8433,1,0.42306802
2018,702,8434,1,0.34202912
2018,702,8435,1,0.3510729
2018,702,8436,0,0.12455117
2018,702,8437,0,0.17999598
2018,702,8438,0,0.10745453
2018,702,8439,0,0.26536453
2018,702,8440,1,0.5540937
2018,702,8441,0,0.084381156
2018,702,8442,1,0.41836548
2018,702,8443,0,0.05175601
2018,702,8445,1,0.25516716
2018,702,8446,1,0.64849097
2018,702,8448,0,0.1831323
2018,702,8449,1,0.45966163
2018,702,8451,0,0.11980582
2018,702,8452,0,0.12760308
2018,702,8453,0,0.20217194
2018,702,8454,1,0.66699964
2018,702,8455,0,0.14953642
2018,702,8456,1,0.10627742
2018,702,8457,0,0.30284905
2018,702,8458,0,0.22309078
2018,702,8459,0,0.12559551
2018,702,8460,0,0.18472068
2018,702,8461,0,0.12300531
2018,702,8462,0,0.3091732
2018,702,8463,1,0.6569404
2018,702,8464,0,0.24572557
2018,702,8465,0,0.11265216
2018,702,8466,0,0.13897482
2018,702,8467,0,0.11820272
2018,702,8468,0,0.1656591
2018,702,8470,0,0.122204736
2018,702,8471,1,0.029764742
2018,702,8473,0,0.085130796
2018,702,8474,1,0.10607238
2018,702,8475,1,0.49704778
2018,702,8476,0,0.36245024
2018,702,8477,0,0.09188518
2018,702,8479,0,0.1144321
2018,702,8480,1,0.10970419
2018,702,8481,0,0.033549204
2018,702,8482,0,0.042783424
2018,702,8483,0,0.028384577
2018,702,8484,0,0.080192864
2018,528,8401,0,0.20861632
2018,528,8403,0,0.11909345
2018,528,8404,0,0.16182472
2018,528,8405,0,0.1623141
2018,528,8407,1,0.24993701
2018,528,8408,0,0.116484374
2018,528,8409,0,0.02629672
2018,528,8410,0,0.20811643
2018,528,8411,0,0.074272394
2018,528,8412,0,0.037099812
2018,528,8413,0,0.052810967
2018,528,8414,0,0.06455981
2018,528,8415,0,0.050344847
2018,528,8416,1,0.09489292
2018,528,8417,1,0.43310338
2018,528,8418,0,0.071024686
2018,528,8419,0,0.03204399
2018,528,8420,0,0.21371992
2018,528,8421,0,0.023972398
2018,528,8422,0,0.040790316
2018,528,8423,0,0.088390686
2018,528,8424,0,0.059309173
2018,528,8425,0,0.052674618
2018,528,8426,0,0.08048629
2018,528,8427,0,0.027386794
2018,528,8428,0,0.043840718
2018,528,8429,0,0.053658705
2018,528,8430,0,0.10582843
2018,528,8431,0,0.023295071
2018,528,8432,0,0.052131783
2018,528,8433,0,0.034364384
2018,528,8434,0,0.09880305
2018,528,8435,0,0.13891405
2018,528,8436,0,0.05855609
2018,528,8437,1,0.21108603
2018,528,8438,0,0.03216385
2018,528,8439,0,0.18037358
2018,528,8440,0,0.19110352
2018,528,8441,0,0.074899584
2018,528,8442,0,0.13192202
2018,528,8443,0,0.04580513
2018,528,8444,1,0.6145952
2018,528,8445,1,0.5553837
2018,528,8446,0,0.35729662
2018,528,8447,0,0.16544898
2018,528,8448,1,0.19044319
2018,528,8449,0,0.33165434
2018,528,8450,0,0.16920084
2018,528,8451,0,0.102084294
2018,528,8452,0,0.09058009
2018,528,8453,1,0.2603854
2018,528,8454,1,0.16352546
2018,528,8455,0,0.20793289
2018,528,8456,0,0.07410736
2018,528,8457,0,0.23257293
2018,528,8458,0,0.19213606
2018,528,8459,0,0.14353155
2018,528,8460,0,0.095081605
2018,528,8461,0,0.13679524
2018,528,8462,0,0.082949504
2018,528,8463,0,0.1736413
2018,528,8464,0,0.19487439
2018,528,8465,1,0.14682741
2018,528,8466,0,0.05561977
2018,528,8467,1,0.07137845
2018,528,8468,0,0.14937459
2018,528,8470,0,0.18566152
2018,528,8471,0,0.05875996
2018,528,8472,0,0.11432159
2018,528,8473,0,0.20538695
2018,528,8474,0,0.05630586
2018,528,8475,0,0.20577672
2018,528,8476,0,0.4489297
2018,528,8477,0,0.05206041
2018,528,8478,0,0.106552444
2018,528,8479,0,0.060012758
2018,528,8480,0,0.11683353
2018,528,8481,0,0.034675527
2018,528,8482,0,0.052587513
2018,528,8483,0,0.03951187
2018,528,8484,0,0.08488617
2018,528,8485,0,0.044845533
2018,410,8401,1,0.24949723
2018,410,8402,0,0.14651346
2018,410,8403,0,0.06502305
2018,410,8404,0,0.1444812
2018,410,8405,1,0.13942067
2018,410,8406,1,0.30942082
2018,410,8407,0,0.1426986
2018,410,8408,0,0.06456532
2018,410,8409,0,0.046454553
2018,410,8410,1,0.6245713
2018,410,8411,0,0.06103627
2018,410,8412,0,0.07987034
2018,410,8413,0,0.038703006
2018,410,8414,0,0.039915837
2018,410,8415,0,0.035760548
2018,410,8416,0,0.13996868
2018,410,8417,0,0.24957734
2018,410,8418,0,0.06770781
2018,410,8419,0,0.0585738
2018,410,8420,1,0.3400949
2018,410,8421,0,0.027358726
2018,410,8422,0,0.041304234
2018,410,8423,0,0.11144408
2018,410,8424,0,0.04708838
2018,410,8425,0,0.110066466
2018,410,8426,0,0.14067335
2018,410,8427,0,0.04316025
2018,410,8428,0,0.043274064
2018,410,8429,0,0.046256043
2018,410,8431,0,0.027264118
2018,410,8432,0,0.10619861
2018,410,8433,0,0.09517371
2018,410,8435,0,0.12285629
2018,410,8436,1,0.51271904
2018,410,8437,0,0.139353
2018,410,8438,0,0.061424952
2018,410,8439,0,0.19058137
2018,410,8440,1,0.26007974
2018,410,8441,0,0.05328802
2018,410,8442,0,0.28026333
2018,410,8443,0,0.034132197
2018,410,8444,0,0.27784848
2018,410,8445,1,0.21716501
2018,410,8446,1,0.1861977
2018,410,8447,1,0.24692552
2018,410,8448,0,0.21522708
2018,410,8449,1,0.3608738
2018,410,8450,0,0.057172418
2018,410,8451,0,0.083889104
2018,410,8452,0,0.10881012
2018,410,8453,0,0.17587142
2018,410,8454,0,0.3370143
2018,410,8455,0,0.23234914
2018,410,8456,0,0.10987198
2018,410,8457,0,0.10851728
2018,410,8458,0,0.09630226
2018,410,8459,0,0.1261414
2018,410,8460,0,0.21285045
2018,410,8461,0,0.14311582
2018,410,8462,0,0.07721998
2018,410,8463,0,0.12699287
2018,410,8464,0,0.19041742
2018,410,8465,0,0.088892
2018,410,8466,0,0.052404787
2018,410,8467,1,0.096845984
2018,410,8468,0,0.14748478
2018,410,8470,0,0.4393337
2018,410,8471,0,0.04947682
2018,410,8472,0,0.12042865
2018,410,8473,0,0.16936581
2018,410,8474,0,0.08436084
2018,410,8475,1,0.38012522
2018,410,8476,0,0.15885746
2018,410,8477,0,0.051571693
2018,410,8478,1,0.32937962
2018,410,8479,0,0.12324009
2018,410,8480,0,0.045343496
2018,410,8481,0,0.032537844
2018,410,8482,0,0.055096928
2018,410,8483,0,0.038163874
2018,410,8484,0,0.07192947
2018,410,8485,0,0.056609258
2018,458,8404,0,0.18305607
2018,458,8405,0,0.21333359
2018,458,8406,1,0.29412493
2018,458,8407,0,0.19980417
2018,458,8409,0,0.2537135
2018,458,8411,0,0.29594806
2018,458,8412,0,0.12453733
2018,458,8413,0,0.083385125
2018,458,8414,0,0.050452124
2018,458,8415,0,0.050755743
2018,458,8416,1,0.25964203
2018,458,8417,0,0.22570522
2018,458,8418,0,0.11563978
2018,458,8419,0,0.08642521
2018,458,8420,1,0.61671275
2018,458,8421,0,0.039766755
2018,458,8422,1,0.20678289
2018,458,8423,1,0.23055781
2018,458,8424,0,0.06170733
2018,458,8426,0,0.18523753
2018,458,8427,0,0.15872078
2018,458,8428,0,0.053087022
2018,458,8430,1,0.5210684
2018,458,8431,0,0.08779806
2018,458,8434,1,0.6123452
2018,458,8436,0,0.10828464
2018,458,8437,0,0.29242307
2018,458,8438,0,0.085456
2018,458,8439,0,0.14498766
2018,458,8441,0,0.23115177
2018,458,8442,0,0.2683356
2018,458,8443,0,0.08551362
2018,458,8445,1,0.5579064
2018,458,8447,1,0.5065652
2018,458,8448,1,0.16054615
2018,458,8451,0,0.24240597
2018,458,8452,0,0.17805967
2018,458,8454,1,0.26855925
2018,458,8455,0,0.21052577
2018,458,8456,1,0.10320801
2018,458,8458,0,0.25273198
2018,458,8459,0,0.26488796
2018,458,8460,0,0.33454785
2018,458,8462,1,0.16636379
2018,458,8463,0,0.14799653
2018,458,8464,0,0.20661077
2018,458,8465,1,0.22168328
2018,458,8466,1,0.12686807
2018,458,8468,0,0.25554678
2018,458,8470,1,0.11661495
2018,458,8471,0,0.038383767
2018,458,8472,1,0.12840833
2018,458,8473,1,0.10105533
2018,458,8474,0,0.10788072
2018,458,8475,0,0.24815692
2018,458,8476,0,0.20186286
2018,458,8477,0,0.13924503
2018,458,8478,1,0.18967885
2018,458,8479,0,0.10304107
2018,458,8480,1,0.14256102
2018,458,8481,0,0.057220913
2018,458,8482,0,0.072852366
2018,458,8484,0,0.104722396
2018,458,8485,1,0.3062167
2018,124,8401,1,0.5067198
2018,124,8402,1,0.24582443
2018,124,8403,0,0.13231443
2018,124,8404,0,0.30337083
2018,124,8405,1,0.32012662
2018,124,8406,1,0.24067774
2018,124,8407,0,0.09845694
2018,124,8408,0,0.13497436
2018,124,8409,0,0.0764999
2018,124,8410,0,0.31633782
2018,124,8411,0,0.05377877
2018,124,8412,0,0.06477351
2018,124,8413,0,0.05457542
2018,124,8414,0,0.07130053
2018,124,8415,0,0.09539651
2018,124,8416,0,0.16876316
2018,124,8417,0,0.130607
2018,124,8418,0,0.10835757
2018,124,8419,0,0.08263018
2018,124,8420,0,0.19905096
2018,124,8421,0,0.044751663
2018,124,8422,0,0.07855995
2018,124,8423,0,0.118300594
2018,124,8424,0,0.07600056
2018,124,8425,0,0.083388835
2018,124,8426,0,0.12818952
2018,124,8427,0,0.09260863
2018,124,8428,0,0.07763671
2018,124,8429,0,0.18876319
2018,124,8430,0,0.15081294
2018,124,8431,0,0.04812021
2018,124,8432,0,0.08550002
2018,124,8433,0,0.06943624
2018,124,8434,0,0.6712981
2018,124,8436,0,0.07460486
2018,124,8437,0,0.22868067
2018,124,8438,0,0.09510216
2018,124,8439,0,0.15733096
2018,124,8440,1,0.30022675
2018,124,8441,0,0.14270861
2018,124,8442,0,0.18013312
2018,124,8443,1,0.06898101
2018,124,8445,1,0.50798374
2018,124,8447,0,0.4523162
2018,124,8448,1,0.21296446
2018,124,8451,0,0.15086645
2018,124,8452,1,0.30094194
2018,124,8453,0,0.2257163
2018,124,8454,0,0.17459822
2018,124,8455,0,0.24760751
2018,124,8456,1,0.138849
2018,124,8457,1,0.1976866
2018,124,8458,0,0.30287147
2018,124,8459,0,0.12986813
2018,124,8460,0,0.108168386
2018,124,8461,0,0.16628477
2018,124,8462,0,0.12395263
2018,124,8463,1,0.15189193
2018,124,8464,0,0.11770887
2018,124,8465,0,0.105554014
2018,124,8466,0,0.0762327
2018,124,8467,0,0.09543413
2018,124,8468,0,0.18077955
2018,124,8470,0,0.18565318
2018,124,8471,0,0.067727916
2018,124,8472,0,0.24852237
2018,124,8473,0,0.11925886
2018,124,8474,0,0.092739604
2018,124,8475,1,0.46612343
2018,124,8476,0,0.1574338
2018,124,8477,0,0.075150214
2018,124,8479,0,0.06518093
2018,124,8480,0,0.0798728
2018,124,8481,0,0.046428993
2018,124,8482,0,0.060935
2018,124,8483,0,0.04949616
2018,124,8484,0,0.09316825
2018,124,8485,0,0.4643223
2018,484,8402,0,0.3897495
2018,484,8403,0,0.28781092
2018,484,8404,0,0.45351514
2018,484,8405,0,0.3336542
2018,484,8406,0,0.28997183
2018,484,8407,0,0.17416815
2018,484,8408,0,0.08806501
2018,484,8409,0,0.0716221
2018,484,8411,0,0.0829317
2018,484,8412,0,0.09828367
2018,484,8413,0,0.051233903
2018,484,8414,0,0.07097767
2018,484,8415,0,0.07407965
2018,484,8416,0,0.19168672
2018,484,8417,0,0.5416753
2018,484,8418,0,0.08946381
2018,484,8419,0,0.12046544
2018,484,8420,0,0.3782884
2018,484,8421,0,0.042397197
2018,484,8422,0,0.10990167
2018,484,8423,0,0.14654215
2018,484,8424,0,0.07112938
2018,484,8425,0,0.10429183
2018,484,8426,1,0.2224016
2018,484,8427,0,0.2196058
2018,484,8428,0,0.0926807
2018,484,8429,1,0.2691165
2018,484,8430,1,0.5510182
2018,484,8431,0,0.06836987
2018,484,8432,1,0.39197052
2018,484,8433,0,0.095722966
2018,484,8434,0,0.30304304
2018,484,8436,0,0.17231701
2018,484,8437,0,0.15378408
2018,484,8438,0,0.11688229
2018,484,8439,1,0.42252967
2018,484,8441,0,0.14586729
2018,484,8442,0,0.3342632
2018,484,8443,0,0.08620955
2018,484,8450,0,0.15820363
2018,484,8451,0,0.22224867
2018,484,8452,0,0.3317255
2018,484,8453,0,0.4442022
2018,484,8454,1,0.64525306
2018,484,8455,0,0.4937338
2018,484,8456,0,0.306074
2018,484,8457,0,0.21433638
2018,484,8458,1,0.64247066
2018,484,8459,0,0.2514259
2018,484,8460,0,0.15195876
2018,484,8461,0,0.34426013
2018,484,8462,1,0.43844312
2018,484,8463,0,0.28441295
2018,484,8465,1,0.15194437
2018,484,8466,0,0.098172165
2018,484,8467,0,0.10078956
2018,484,8468,0,0.17620197
2018,484,8470,0,0.6399311
2018,484,8471,0,0.12438149
2018,484,8472,0,0.44824272
2018,484,8473,0,0.19259118
2018,484,8474,0,0.15484515
2018,484,8475,0,0.43749666
2018,484,8476,1,0.14877802
2018,484,8477,0,0.120427534
2018,484,8479,0,0.13490771
2018,484,8480,0,0.12836786
2018,484,8481,0,0.04781339
2018,484,8482,0,0.0673891
2018,484,8483,0,0.058310192
2018,484,8484,0,0.11333273
2018,484,8485,0,0.076048225
2018,757,8402,0,0.48443195
2018,757,8403,0,0.16598667
2018,757,8404,0,0.67349625
2018,757,8405,0,0.19791616
2018,757,8406,1,0.29599306
2018,757,8407,1,0.31705928
2018,757,8408,1,0.4206605
2018,757,8409,0,0.055486172
2018,757,8411,0,0.069943495
2018,757,8412,0,0.060772683
2018,757,8413,0,0.049645778
2018,757,8414,0,0.054612275
2018,757,8415,0,0.08779477
2018,757,8416,1,0.19680078
2018,757,8417,0,0.40580547
2018,757,8418,0,0.15443283
2018,757,8419,0,0.047252223
2018,757,8420,1,0.22231829
2018,757,8421,0,0.028303042
2018,757,8422,0,0.040907044
2018,757,8423,1,0.0857596
2018,757,8424,0,0.07358065
2018,757,8425,0,0.078820586
2018,757,8426,1,0.25706828
2018,757,8427,1,0.105661996
2018,757,8428,0,0.067988835
2018,757,8429,0,0.099810064
2018,757,8430,0,0.34286574
2018,757,8431,0,0.031877134
2018,757,8432,1,0.08309838
2018,757,8433,0,0.21520506
2018,757,8434,0,0.37318042
2018,757,8435,0,0.25801498
2018,757,8436,0,0.13421912
2018,757,8437,0,0.35229775
2018,757,8438,0,0.08717319
2018,757,8439,0,0.2060316
2018,757,8440,0,0.16687472
2018,757,8441,0,0.083482936
2018,757,8442,0,0.16457814
2018,757,8443,0,0.06699693
2018,757,8444,1,0.37077945
2018,757,8445,1,0.45129624
2018,757,8446,1,0.3377417
2018,757,8447,1,0.32917657
2018,757,8448,1,0.053297825
2018,757,8449,1,0.6108549
2018,757,8450,0,0.2661644
2018,757,8451,0,0.14797509
2018,757,8452,1,0.19139355
2018,757,8453,1,0.25983036
2018,757,8454,0,0.18727964
2018,757,8455,0,0.4502849
2018,757,8456,1,0.1051584
2018,757,8457,1,0.14518589
2018,757,8458,0,0.16445339
2018,757,8459,1,0.11551573
2018,757,8460,0,0.07539688
2018,757,8461,0,0.16902177
2018,757,8462,0,0.077673905
2018,757,8463,0,0.12898184
2018,757,8464,0,0.11927062
2018,757,8465,0,0.11495081
2018,757,8466,0,0.022684539
2018,757,8467,0,0.11905206
2018,757,8468,0,0.14134976
2018,757,8470,0,0.17539832
2018,757,8471,0,0.040224724
2018,757,8472,0,0.18207411
2018,757,8473,0,0.20408347
2018,757,8474,0,0.08415994
2018,757,8475,1,0.20246626
2018,757,8476,1,0.23168549
2018,757,8477,0,0.045471583
2018,757,8478,1,0.5508793
2018,757,8479,0,0.03619635
2018,757,8480,0,0.0896985
2018,757,8481,0,0.04511406
2018,757,8482,0,0.047195442
2018,757,8483,0,0.045843285
2018,757,8484,0,0.06627998
2018,757,8485,0,0.07175293
2018,764,8403,0,0.24000157
2018,764,8405,0,0.3468577
2018,764,8406,0,0.25550076
2018,764,8407,0,0.18329388
2018,764,8408,1,0.48690325
2018,764,8409,0,0.0630622
2018,764,8411,0,0.09302065
2018,764,8412,0,0.070616156
2018,764,8413,0,0.0633955
2018,764,8414,0,0.040859096
2018,764,8415,0,0.044321187
2018,764,8416,0,0.40976515
2018,764,8417,0,0.1928398
2018,764,8418,0,0.06956666
2018,764,8419,0,0.13600649
2018,764,8420,1,0.19621472
2018,764,8421,0,0.028653685
2018,764,8422,0,0.056667913
2018,764,8423,0,0.092624314
2018,764,8424,0,0.11517528
2018,764,8427,0,0.14776857
2018,764,8428,0,0.05671201
2018,764,8429,1,0.2377215
2018,764,8430,0,0.37241825
2018,764,8431,0,0.039382532
2018,764,8434,0,0.2267408
2018,764,8435,0,0.6908446
2018,764,8437,1,0.16351393
2018,764,8438,0,0.14883178
2018,764,8439,1,0.13970244
2018,764,8441,0,0.122235194
2018,764,8442,0,0.24969317
2018,764,8443,0,0.0784475
2018,764,8445,0,0.31861937
2018,764,8446,0,0.48451608
2018,764,8447,0,0.34313115
2018,764,8448,1,0.10881135
2018,764,8450,0,0.069723554
2018,764,8451,1,0.10491033
2018,764,8452,0,0.09627819
2018,764,8453,1,0.10574369
2018,764,8455,0,0.14645462
2018,764,8456,1,0.14158557
2018,764,8457,0,0.2108823
2018,764,8458,0,0.21844538
2018,764,8459,0,0.16655731
2018,764,8460,1,0.251831
2018,764,8461,0,0.12685712
2018,764,8462,0,0.09707272
2018,764,8464,0,0.5417615
2018,764,8466,0,0.09827357
2018,764,8467,0,0.19211516
2018,764,8468,0,0.19689341
2018,764,8470,0,0.22072653
2018,764,8471,0,0.3671652
2018,764,8472,0,0.22876689
2018,764,8473,0,0.1659782
2018,764,8475,1,0.71454054
2018,764,8476,0,0.38321373
2018,764,8477,0,0.0914383
2018,764,8479,0,0.069092914
2018,764,8480,0,0.09716907
2018,764,8481,0,0.03526538
2018,764,8482,0,0.039649058
2018,764,8483,0,0.06387697
2018,764,8484,0,0.062399328
2018,764,8485,0,0.079483695
2018,752,8401,0,0.33560738
2018,752,8402,0,0.24491766
2018,752,8403,0,0.1616964
2018,752,8404,0,0.19261922
2018,752,8405,1,0.70575035
2018,752,8406,0,0.5782303
2018,752,8407,0,0.2436819
2018,752,8408,0,0.16938251
2018,752,8409,0,0.12447403
2018,752,8410,1,0.3820171
2018,752,8412,0,0.040990096
2018,752,8413,0,0.06627231
2018,752,8414,0,0.06248342
2018,752,8415,0,0.07423796
2018,752,8416,1,0.24613015
2018,752,8417,1,0.18589868
2018,752,8418,0,0.11649667
2018,752,8419,0,0.048221756
2018,752,8420,0,0.6072033
2018,752,8421,0,0.054667026
2018,752,8422,0,0.05581948
2018,752,8423,0,0.22869074
2018,752,8424,0,0.06476786
2018,752,8425,0,0.11954431
2018,752,8426,0,0.09498971
2018,752,8427,0,0.04463543
2018,752,8428,0,0.07036767
2018,752,8429,0,0.05595807
2018,752,8430,0,0.17254396
2018,752,8431,0,0.03173361
2018,752,8432,0,0.08936611
2018,752,8433,0,0.074135885
2018,752,8434,0,0.12621012
2018,752,8435,0,0.41712645
2018,752,8436,0,0.1536088
2018,752,8437,0,0.20195645
2018,752,8438,0,0.052466545
2018,752,8439,0,0.15107624
2018,752,8440,0,0.41003832
2018,752,8441,0,0.111164354
2018,752,8442,1,0.30176085
2018,752,8443,0,0.05765256
2018,752,8446,0,0.69108677
2018,752,8447,1,0.68857694
2018,752,8448,1,0.16475858
2018,752,8449,0,0.6106538
2018,752,8450,0,0.16453144
2018,752,8451,0,0.19884054
2018,752,8452,0,0.20957948
2018,752,8453,1,0.28679338
2018,752,8454,0,0.3848537
2018,752,8455,0,0.22856216
2018,752,8456,0,0.086070046
2018,752,8457,0,0.4635838
2018,752,8458,0,0.3662623
2018,752,8459,0,0.54763204
2018,752,8460,0,0.1053778
2018,752,8461,1,0.23277165
2018,752,8462,0,0.12575507
2018,752,8463,0,0.25838462
2018,752,8464,0,0.22288325
2018,752,8465,0,0.210712
2018,752,8466,0,0.04128955
2018,752,8467,0,0.11033861
2018,752,8468,0,0.16384722
2018,752,8470,1,0.32377055
2018,752,8471,0,0.073554635
2018,752,8472,1,0.10503121
2018,752,8473,1,0.30930778
2018,752,8474,0,0.087365076
2018,752,8475,0,0.35286176
2018,752,8476,0,0.29413226
2018,752,8477,0,0.11357929
2018,752,8478,1,0.76175654
2018,752,8479,0,0.03531969
2018,752,8480,0,0.15955685
2018,752,8481,0,0.061564084
2018,752,8482,0,0.053083092
2018,752,8483,0,0.06504729
2018,752,8484,0,0.07642097
2018,752,8485,0,0.05820628
2018,372,8402,1,0.74012333
2018,372,8403,0,0.26355144
2018,372,8406,1,0.5913909
2018,372,8409,0,0.14105205
2018,372,8411,0,0.14969769
2018,372,8412,0,0.26321262
2018,372,8413,0,0.13163617
2018,372,8414,0,0.11097226
2018,372,8415,0,0.252882
2018,372,8418,0,0.14799103
2018,372,8419,0,0.15767902
2018,372,8421,0,0.05839396
2018,372,8422,0,0.12600587
2018,372,8423,0,0.41709954
2018,372,8424,0,0.22048345
2018,372,8425,0,0.19996257
2018,372,8426,1,0.55048
2018,372,8427,0,0.13882184
2018,372,8428,0,0.12938467
2018,372,8429,1,0.31633046
2018,372,8430,1,0.27641007
2018,372,8431,0,0.066887595
2018,372,8432,0,0.20486863
2018,372,8433,0,0.120767765
2018,372,8434,1,0.2442801
2018,372,8436,0,0.210111
2018,372,8437,1,0.39731833
2018,372,8438,0,0.26367423
2018,372,8441,0,0.23592384
2018,372,8443,0,0.11708527
2018,372,8448,0,0.18422094
2018,372,8450,0,0.3113463
2018,372,8451,1,0.2177288
2018,372,8456,0,0.3820477
2018,372,8457,1,0.4845635
2018,372,8462,1,0.29846206
2018,372,8463,0,0.20943294
2018,372,8465,1,0.19507223
2018,372,8466,0,0.2520388
2018,372,8467,0,0.20135011
2018,372,8468,0,0.23711261
2018,372,8470,0,0.33799198
2018,372,8471,0,0.0594267
2018,372,8472,1,0.3793577
2018,372,8473,0,0.14305104
2018,372,8474,0,0.2130848
2018,372,8475,0,0.31362835
2018,372,8477,0,0.10243118
2018,372,8479,0,0.17985506
2018,372,8480,0,0.19849403
2018,372,8481,0,0.08755338
2018,372,8482,0,0.13961555
2018,372,8483,0,0.12037853
2018,372,8484,0,0.12739351
2018,372,8485,0,0.21045592
2018,40,8401,0,0.52001673
2018,40,8402,1,0.5292815
2018,40,8403,0,0.140045
2018,40,8404,0,0.21050999
2018,40,8405,0,0.36787587
2018,40,8406,0,0.27001762
2018,40,8407,0,0.12572406
2018,40,8408,0,0.16475978
2018,40,8409,0,0.068372704
2018,40,8411,0,0.077491455
2018,40,8412,0,0.07368109
2018,40,8413,0,0.06970808
2018,40,8414,0,0.058045685
2018,40,8415,0,0.084449686
2018,40,8416,1,0.2501926
2018,40,8417,0,0.22907047
2018,40,8418,0,0.08423183
2018,40,8419,0,0.047297273
2018,40,8420,0,0.12382142
2018,40,8421,0,0.036957838
2018,40,8422,0,0.098552555
2018,40,8423,0,0.09973021
2018,40,8424,0,0.06288885
2018,40,8425,0,0.110370964
2018,40,8426,0,0.09778077
2018,40,8427,0,0.23751438
2018,40,8428,0,0.088955455
2018,40,8429,0,0.15477519
2018,40,8430,0,0.19212109
2018,40,8431,0,0.03102317
2018,40,8432,0,0.05909115
2018,40,8433,0,0.09340709
2018,40,8435,0,0.27392805
2018,40,8436,0,0.07238636
2018,40,8438,0,0.05711086
2018,40,8439,0,0.19999403
2018,40,8440,0,0.1892906
2018,40,8441,0,0.08944491
2018,40,8442,1,0.18221743
2018,40,8443,0,0.0521311
2018,40,8444,1,0.78277606
2018,40,8445,0,0.41742325
2018,40,8446,0,0.3882652
2018,40,8447,0,0.18328387
2018,40,8448,0,0.12475918
2018,40,8449,0,0.32391393
2018,40,8450,0,0.33394763
2018,40,8451,0,0.10527054
2018,40,8453,0,0.33173484
2018,40,8454,0,0.19262551
2018,40,8455,0,0.20068905
2018,40,8456,0,0.06887167
2018,40,8457,0,0.23685478
2018,40,8458,0,0.11298007
2018,40,8459,0,0.10419804
2018,40,8460,1,0.13761488
2018,40,8461,0,0.23166451
2018,40,8462,0,0.10540772
2018,40,8463,1,0.16582927
2018,40,8464,0,0.1997495
2018,40,8465,0,0.0736782
2018,40,8466,0,0.04748834
2018,40,8467,0,0.12047156
2018,40,8468,0,0.16902481
2018,40,8470,1,0.3479206
2018,40,8471,0,0.04569427
2018,40,8472,0,0.39732224
2018,40,8473,0,0.19942512
2018,40,8474,0,0.08184882
2018,40,8475,1,0.49671468
2018,40,8476,0,0.18445918
2018,40,8477,0,0.06292614
2018,40,8478,0,0.23157218
2018,40,8479,0,0.031501178
2018,40,8480,0,0.08956909
2018,40,8481,0,0.042006973
2018,40,8482,0,0.0677222
2018,40,8483,0,0.04394582
2018,40,8484,0,0.10013363
2018,40,8485,0,0.10569178
2018,724,8401,0,0.5913547
2018,724,8402,0,0.31737235
2018,724,8403,1,0.5193387
2018,724,8404,1,0.43677545
2018,724,8405,1,0.6075638
2018,724,8407,0,0.14511567
2018,724,8408,1,0.116329916
2018,724,8409,0,0.050310068
2018,724,8410,0,0.17887786
2018,724,8411,0,0.051297173
2018,724,8412,0,0.08915818
2018,724,8413,0,0.029227195
2018,724,8414,0,0.036649786
2018,724,8415,0,0.05330682
2018,724,8416,0,0.18187095
2018,724,8417,0,0.22164185
2018,724,8418,0,0.066278525
2018,724,8419,0,0.046234485
2018,724,8420,0,0.12483433
2018,724,8421,0,0.020989623
2018,724,8422,0,0.034379967
2018,724,8424,0,0.05270545
2018,724,8425,0,0.048104372
2018,724,8426,0,0.061128456
2018,724,8427,0,0.07585653
2018,724,8428,0,0.04657576
2018,724,8429,0,0.1499524
2018,724,8430,1,0.23578304
2018,724,8431,0,0.02317225
2018,724,8432,0,0.07405669
2018,724,8433,0,0.10176008
2018,724,8434,1,0.26283893
2018,724,8435,0,0.29266578
2018,724,8436,0,0.058786895
2018,724,8437,0,0.12246501
2018,724,8438,0,0.048219554
2018,724,8439,1,0.2085516
2018,724,8440,0,0.14987582
2018,724,8441,0,0.094901204
2018,724,8442,0,0.19859494
2018,724,8443,0,0.03913097
2018,724,8444,1,0.59743625
2018,724,8445,1,0.4557446
2018,724,8446,1,0.6416828
2018,724,8447,1,0.62297577
2018,724,8448,0,0.26399598
2018,724,8449,1,0.6761899
2018,724,8450,0,0.07640385
2018,724,8451,0,0.122192
2018,724,8452,1,0.46947002
2018,724,8453,1,0.16513275
2018,724,8454,0,0.46222147
2018,724,8455,1,0.3478366
2018,724,8456,0,0.18945615
2018,724,8457,1,0.17037794
2018,724,8458,0,0.09090501
2018,724,8459,0,0.1404077
2018,724,8460,0,0.10725697
2018,724,8461,0,0.16785502
2018,724,8462,1,0.10406837
2018,724,8463,0,0.2600644
2018,724,8464,0,0.113979444
2018,724,8465,0,0.0841641
2018,724,8466,0,0.03348759
2018,724,8467,1,0.14153865
2018,724,8468,1,0.15205772
2018,724,8470,0,0.17646876
2018,724,8471,0,0.051351503
2018,724,8472,1,0.21781404
2018,724,8473,0,0.14014998
2018,724,8474,0,0.07306681
2018,724,8475,1,0.5631361
2018,724,8476,0,0.22316533
2018,724,8477,0,0.10291031
2018,724,8478,0,0.15678766
2018,724,8479,0,0.041336875
2018,724,8480,1,0.0825664
2018,724,8481,0,0.039335188
2018,724,8482,0,0.03999674
2018,724,8483,0,0.061438035
2018,724,8484,0,0.07214421
2018,724,8485,0,0.06030648
