t,i,k4,label_observed_continuing,p
2016,842,8401,0,0.2479189
2016,842,8402,0,0.19864486
2016,842,8403,0,0.37150875
2016,842,8404,0,0.50674146
2016,842,8405,1,0.54661995
2016,842,8406,1,0.26163563
2016,842,8407,0,0.08297884
2016,842,8408,0,0.1130325
2016,842,8409,0,0.036034014
2016,842,8410,1,0.36423573
2016,842,8411,0,0.115522675
2016,842,8412,0,0.044907045
2016,842,8413,0,0.15775017
2016,842,8414,0,0.29294395
2016,842,8415,0,0.052572634
2016,842,8416,0,0.21035223
2016,842,8417,0,0.20001328
2016,842,8418,0,0.051757112
2016,842,8419,0,0.15666942
2016,842,8420,0,0.1820934
2016,842,8421,0,0.18232737
2016,842,8422,0,0.04741135
2016,842,8423,0,0.090168074
2016,842,8424,0,0.028004456
2016,842,8425,0,0.09095501
2016,842,8426,0,0.13410406
2016,842,8427,0,0.107191674
2016,842,8428,0,0.0964801
2016,842,8429,0,0.11743561
2016,842,8430,0,0.076271914
2016,842,8431,0,0.11237591
2016,842,8432,0,0.19329515
2016,842,8433,0,0.046152215
2016,842,8434,0,0.28350344
2016,842,8435,0,0.23682982
2016,842,8436,0,0.10861533
2016,842,8437,0,0.42358765
2016,842,8438,0,0.043072566
2016,842,8439,0,0.14801517
2016,842,8440,0,0.10807999
2016,842,8441,0,0.06956628
2016,842,8442,0,0.53307164
2016,842,8443,0,0.03700983
2016,842,8444,0,0.5974072
2016,842,8446,0,0.1621892
2016,842,8447,0,0.1729787
2016,842,8449,0,0.20217994
2016,842,8450,0,0.14189394
2016,842,8451,0,0.037708
2016,842,8452,0,0.12085235
2016,842,8453,0,0.1822642
2016,842,8454,1,0.16538554
2016,842,8455,0,0.1736959
2016,842,8456,1,0.08900186
2016,842,8457,0,0.12357628
2016,842,8458,0,0.077219315
2016,842,8459,0,0.080742314
2016,842,8460,1,0.16019216
2016,842,8461,0,0.07984965
2016,842,8462,0,0.078930855
2016,842,8463,1,0.3560141
2016,842,8464,0,0.093937464
2016,842,8465,0,0.07232944
2016,842,8466,0,0.03268223
2016,842,8467,0,0.030114796
2016,842,8468,0,0.11746945
2016,842,8470,0,0.3919134
2016,842,8471,0,0.027068945
2016,842,8472,1,0.090079375
2016,842,8473,0,0.08354597
2016,842,8474,0,0.08764965
2016,842,8475,0,0.21148525
2016,842,8476,0,0.16840608
2016,842,8477,0,0.040059887
2016,842,8478,0,0.6316034
2016,842,8479,0,0.054390326
2016,842,8480,0,0.10288189
2016,842,8481,0,0.026251255
2016,842,8482,0,0.024591701
2016,842,8483,0,0.0911887
2016,842,8484,0,0.061495636
2016,842,8485,0,0.16241388
2016,276,8401,0,0.21681924
2016,276,8402,0,0.08175762
2016,276,8403,0,0.056708947
2016,276,8404,0,0.17825224
2016,276,8405,1,0.48129457
2016,276,8406,1,0.17443639
2016,276,8407,0,0.08812578
2016,276,8408,0,0.043583035
2016,276,8409,0,0.03328873
2016,276,8410,1,0.2860752
2016,276,8411,0,0.05499821
2016,276,8412,0,0.03180626
2016,276,8413,0,0.017335525
2016,276,8414,0,0.024217537
2016,276,8415,0,0.028501336
2016,276,8416,0,0.04693961
2016,276,8417,0,0.19184525
2016,276,8418,0,0.017538473
2016,276,8419,0,0.089955606
2016,276,8420,0,0.13576108
2016,276,8421,0,0.037589226
2016,276,8422,0,0.05096196
2016,276,8423,0,0.021977942
2016,276,8424,0,0.019136744
2016,276,8425,0,0.024515767
2016,276,8426,0,0.06636737
2016,276,8427,0,0.04646121
2016,276,8428,0,0.048537564
2016,276,8429,0,0.044388287
2016,276,8430,0,0.040299244
2016,276,8431,0,0.018142961
2016,276,8432,0,0.07337612
2016,276,8433,0,0.081531934
2016,276,8434,0,0.07341004
2016,276,8435,0,0.1411214
2016,276,8436,0,0.050302535
2016,276,8437,0,0.32592505
2016,276,8438,0,0.02730043
2016,276,8439,0,0.102760255
2016,276,8440,0,0.06010889
2016,276,8441,0,0.045239303
2016,276,8442,0,0.1259408
2016,276,8443,0,0.02953709
2016,276,8444,0,0.24208188
2016,276,8445,0,0.10432551
2016,276,8446,0,0.21430883
2016,276,8447,0,0.13828984
2016,276,8448,0,0.057480633
2016,276,8449,0,0.22389625
2016,276,8450,0,0.08786312
2016,276,8451,0,0.023647353
2016,276,8452,0,0.026176615
2016,276,8453,0,0.05832373
2016,276,8454,0,0.12363032
2016,276,8455,0,0.32891068
2016,276,8456,0,0.05097534
2016,276,8457,0,0.17773443
2016,276,8458,0,0.073779546
2016,276,8459,0,0.06700203
2016,276,8460,0,0.07291633
2016,276,8461,0,0.10731572
2016,276,8462,0,0.04732588
2016,276,8463,0,0.16850874
2016,276,8464,0,0.06617888
2016,276,8465,0,0.02548352
2016,276,8466,0,0.042469855
2016,276,8467,0,0.026044007
2016,276,8468,0,0.03552719
2016,276,8469,1,0.26702186
2016,276,8470,0,0.13889246
2016,276,8471,1,0.032783557
2016,276,8472,0,0.045735706
2016,276,8473,0,0.08863232
2016,276,8474,0,0.04355215
2016,276,8475,0,0.14721371
2016,276,8476,0,0.13228488
2016,276,8477,0,0.032793537
2016,276,8478,0,0.11760073
2016,276,8479,0,0.03585699
2016,276,8480,0,0.07090987
2016,276,8481,0,0.020507233
2016,276,8482,0,0.030625902
2016,276,8483,0,0.06982327
2016,276,8484,0,0.028548192
2016,276,8485,0,0.038040485
2016,392,8401,0,0.61035025
2016,392,8402,0,0.13819578
2016,392,8403,0,0.2433324
2016,392,8404,1,0.38923314
2016,392,8405,1,0.21425505
2016,392,8406,0,0.109126404
2016,392,8407,0,0.06446645
2016,392,8408,0,0.063901454
2016,392,8409,0,0.031034086
2016,392,8411,0,0.05723007
2016,392,8412,0,0.07896993
2016,392,8413,0,0.028818479
2016,392,8414,0,0.024614805
2016,392,8415,0,0.01985895
2016,392,8416,0,0.20572609
2016,392,8417,0,0.17565086
2016,392,8418,0,0.027173826
2016,392,8419,0,0.10556315
2016,392,8420,0,0.2145075
2016,392,8421,0,0.031283315
2016,392,8422,0,0.043565825
2016,392,8423,0,0.055045158
2016,392,8424,0,0.025755443
2016,392,8425,0,0.07217762
2016,392,8426,0,0.13800968
2016,392,8427,0,0.028079012
2016,392,8428,0,0.10920593
2016,392,8429,0,0.100170776
2016,392,8430,0,0.11127711
2016,392,8431,0,0.038984824
2016,392,8432,0,0.111463115
2016,392,8433,0,0.056039892
2016,392,8434,0,0.17318249
2016,392,8435,0,0.35714868
2016,392,8436,1,0.16080335
2016,392,8437,0,0.14309867
2016,392,8438,0,0.0625986
2016,392,8439,0,0.21469219
2016,392,8440,0,0.0883426
2016,392,8441,0,0.06614061
2016,392,8442,0,0.15451974
2016,392,8443,0,0.039223738
2016,392,8444,0,0.3372127
2016,392,8445,0,0.19393118
2016,392,8446,0,0.32226387
2016,392,8447,0,0.13359359
2016,392,8448,0,0.06835469
2016,392,8449,1,0.7319007
2016,392,8451,0,0.0651192
2016,392,8452,0,0.047097538
2016,392,8453,0,0.35243285
2016,392,8454,0,0.18552123
2016,392,8455,1,0.27379453
2016,392,8456,1,0.20197631
2016,392,8457,0,0.15424505
2016,392,8458,0,0.09385444
2016,392,8459,0,0.12672824
2016,392,8460,0,0.12979001
2016,392,8461,0,0.13223079
2016,392,8462,0,0.10818488
2016,392,8463,0,0.18740414
2016,392,8464,0,0.3582297
2016,392,8465,0,0.08098782
2016,392,8466,0,0.05025497
2016,392,8467,0,0.02814364
2016,392,8468,1,0.09316325
2016,392,8469,1,0.6303097
2016,392,8470,0,0.12019922
2016,392,8471,1,0.02157134
2016,392,8472,0,0.05650431
2016,392,8473,0,0.14328185
2016,392,8474,0,0.13500896
2016,392,8475,0,0.17895755
2016,392,8476,0,0.20009737
2016,392,8477,0,0.075813696
2016,392,8478,0,0.23860383
2016,392,8479,0,0.07464755
2016,392,8480,0,0.051204942
2016,392,8481,0,0.030746846
2016,392,8482,0,0.029646873
2016,392,8483,0,0.05390483
2016,392,8484,0,0.048184317
2016,392,8485,0,0.068927586
2016,156,8401,1,0.23603849
2016,156,8402,1,0.07470657
2016,156,8403,1,0.26406083
2016,156,8404,1,0.1019949
2016,156,8405,0,0.1328891
2016,156,8406,1,0.17770413
2016,156,8407,0,0.05847466
2016,156,8408,0,0.053232722
2016,156,8409,0,0.022073908
2016,156,8411,0,0.051509686
2016,156,8412,0,0.049111977
2016,156,8413,0,0.037079386
2016,156,8414,0,0.02680491
2016,156,8415,0,0.025876606
2016,156,8416,0,0.047950048
2016,156,8417,0,0.12071849
2016,156,8418,0,0.01569139
2016,156,8419,0,0.11192425
2016,156,8420,0,0.06146328
2016,156,8421,0,0.060599558
2016,156,8422,0,0.019550484
2016,156,8423,0,0.028886063
2016,156,8424,0,0.02276398
2016,156,8425,0,0.042216245
2016,156,8426,0,0.13919395
2016,156,8427,0,0.03613893
2016,156,8428,0,0.10171163
2016,156,8430,0,0.11911251
2016,156,8431,0,0.043319613
2016,156,8432,0,0.0282365
2016,156,8433,0,0.019262934
2016,156,8434,0,0.06347513
2016,156,8436,0,0.021376772
2016,156,8439,0,0.09757114
2016,156,8440,0,0.035549033
2016,156,8441,0,0.023238655
2016,156,8442,0,0.063313924
2016,156,8443,0,0.0229018
2016,156,8444,0,0.21522585
2016,156,8445,0,0.11904079
2016,156,8446,0,0.2660877
2016,156,8447,0,0.058659013
2016,156,8448,0,0.030216444
2016,156,8449,0,0.062899716
2016,156,8450,0,0.07845641
2016,156,8451,0,0.018933363
2016,156,8452,0,0.015406135
2016,156,8453,0,0.055714846
2016,156,8454,0,0.072150104
2016,156,8455,0,0.09160567
2016,156,8456,0,0.028805077
2016,156,8457,0,0.053719826
2016,156,8458,0,0.037645925
2016,156,8459,0,0.032630533
2016,156,8460,0,0.023529164
2016,156,8461,0,0.04004535
2016,156,8462,0,0.030634899
2016,156,8463,0,0.060322966
2016,156,8464,0,0.0719473
2016,156,8465,0,0.049974434
2016,156,8466,0,0.02478844
2016,156,8467,0,0.018824039
2016,156,8468,0,0.025488399
2016,156,8469,1,0.17978705
2016,156,8470,0,0.033140894
2016,156,8471,0,0.02312571
2016,156,8472,0,0.04819829
2016,156,8473,0,0.05991177
2016,156,8475,0,0.18092304
2016,156,8476,0,0.058607902
2016,156,8477,0,0.020680234
2016,156,8478,0,0.13411814
2016,156,8479,0,0.03032508
2016,156,8480,0,0.031187378
2016,156,8481,0,0.025239127
2016,156,8482,0,0.018294664
2016,156,8483,0,0.052078158
2016,156,8484,0,0.061147306
2016,380,8401,0,0.48873302
2016,380,8403,0,0.07001913
2016,380,8404,0,0.122235574
2016,380,8406,1,0.088432424
2016,380,8407,0,0.15272042
2016,380,8408,0,0.06469358
2016,380,8409,0,0.03820673
2016,380,8411,0,0.21261834
2016,380,8412,0,0.061744086
2016,380,8413,0,0.02789014
2016,380,8414,0,0.024286395
2016,380,8415,0,0.033875693
2016,380,8416,0,0.074215926
2016,380,8417,0,0.07786177
2016,380,8418,0,0.021325603
2016,380,8419,0,0.0714834
2016,380,8420,0,0.16491802
2016,380,8421,0,0.06471058
2016,380,8422,0,0.05413483
2016,380,8423,0,0.040815726
2016,380,8424,0,0.021074627
2016,380,8425,0,0.04613983
2016,380,8426,0,0.05477644
2016,380,8427,0,0.07399024
2016,380,8428,0,0.061101314
2016,380,8429,0,0.04738975
2016,380,8430,0,0.13414557
2016,380,8431,0,0.022431944
2016,380,8432,0,0.035931602
2016,380,8433,0,0.03202816
2016,380,8434,0,0.11044107
2016,380,8435,0,0.15506107
2016,380,8436,0,0.056553923
2016,380,8438,0,0.0417579
2016,380,8439,0,0.1459386
2016,380,8440,0,0.089323625
2016,380,8441,0,0.04804256
2016,380,8442,0,0.16550314
2016,380,8443,0,0.024028732
2016,380,8444,0,0.47789147
2016,380,8445,0,0.17172737
2016,380,8446,0,0.2047471
2016,380,8447,0,0.121539
2016,380,8448,0,0.06146262
2016,380,8449,0,0.17345059
2016,380,8450,0,0.10170119
2016,380,8451,0,0.023574574
2016,380,8453,0,0.06478125
2016,380,8454,1,0.23089707
2016,380,8455,0,0.39545858
2016,380,8456,0,0.041840278
2016,380,8457,0,0.09181714
2016,380,8458,0,0.09561841
2016,380,8459,0,0.09047557
2016,380,8460,0,0.073300615
2016,380,8461,0,0.08036039
2016,380,8462,0,0.031695627
2016,380,8463,0,0.08182432
2016,380,8464,0,0.060138647
2016,380,8465,0,0.035941795
2016,380,8466,0,0.029598514
2016,380,8467,0,0.021129116
2016,380,8468,0,0.06685228
2016,380,8469,1,0.571673
2016,380,8470,0,0.54154754
2016,380,8471,1,0.028904134
2016,380,8472,1,0.16950597
2016,380,8473,0,0.06382577
2016,380,8474,0,0.044630643
2016,380,8475,0,0.3575308
2016,380,8476,0,0.08908733
2016,380,8477,0,0.025667088
2016,380,8478,0,0.13969375
2016,380,8479,0,0.025020607
2016,380,8480,0,0.07083015
2016,380,8481,0,0.015952129
2016,380,8482,0,0.039669473
2016,380,8483,0,0.07880719
2016,380,8484,0,0.035790525
2016,380,8485,0,0.036331445
2016,826,8401,1,0.28282848
2016,826,8402,1,0.18240684
2016,826,8403,0,0.52257115
2016,826,8405,0,0.30515867
2016,826,8406,1,0.36229616
2016,826,8407,0,0.06771395
2016,826,8408,0,0.07637836
2016,826,8409,0,0.027709162
2016,826,8411,0,0.043679677
2016,826,8412,0,0.071316876
2016,826,8413,0,0.033745922
2016,826,8414,0,0.039575774
2016,826,8415,0,0.052183833
2016,826,8416,0,0.17201638
2016,826,8417,1,0.084391266
2016,826,8418,0,0.03718901
2016,826,8419,0,0.14101548
2016,826,8420,0,0.13371487
2016,826,8421,0,0.062847525
2016,826,8422,0,0.04865732
2016,826,8423,0,0.038353864
2016,826,8424,0,0.025561443
2016,826,8425,0,0.08981419
2016,826,8426,0,0.09506954
2016,826,8427,0,0.07736975
2016,826,8428,0,0.101081215
2016,826,8429,0,0.07916991
2016,826,8430,0,0.06820961
2016,826,8431,0,0.039859228
2016,826,8432,0,0.079716295
2016,826,8433,0,0.1812373
2016,826,8434,0,0.169442
2016,826,8435,0,0.24279837
2016,826,8436,0,0.06559611
2016,826,8437,0,0.20660014
2016,826,8438,0,0.037231114
2016,826,8439,0,0.23019117
2016,826,8440,0,0.13001442
2016,826,8441,0,0.112193175
2016,826,8442,0,0.20630701
2016,826,8443,0,0.039286565
2016,826,8444,0,0.22400093
2016,826,8445,0,0.29017687
2016,826,8446,0,0.23674718
2016,826,8447,0,0.13052487
2016,826,8448,0,0.10031996
2016,826,8450,0,0.20064168
2016,826,8451,0,0.062366717
2016,826,8452,0,0.07746189
2016,826,8453,0,0.24469419
2016,826,8454,0,0.2351883
2016,826,8455,1,0.65813136
2016,826,8456,0,0.06544142
2016,826,8457,0,0.2377801
2016,826,8458,0,0.1253838
2016,826,8459,0,0.1004276
2016,826,8460,0,0.13396771
2016,826,8461,0,0.22071455
2016,826,8462,0,0.1641188
2016,826,8463,1,0.22709584
2016,826,8464,0,0.24786727
2016,826,8466,0,0.03687991
2016,826,8467,0,0.03463686
2016,826,8468,0,0.087864585
2016,826,8470,0,0.20553386
2016,826,8471,1,0.03779184
2016,826,8472,1,0.058578115
2016,826,8473,0,0.10900555
2016,826,8474,0,0.07339214
2016,826,8475,0,0.21015775
2016,826,8476,0,0.14587654
2016,826,8477,0,0.035569463
2016,826,8478,0,0.13972011
2016,826,8479,0,0.038973168
2016,826,8480,0,0.06158319
2016,826,8481,0,0.05868602
2016,826,8482,0,0.036519613
2016,826,8483,0,0.091149054
2016,826,8484,0,0.034872588
2016,826,8485,0,0.048632417
2016,251,8401,0,0.2454159
2016,251,8402,0,0.2842197
2016,251,8403,0,0.12211822
2016,251,8404,0,0.18716371
2016,251,8405,0,0.22437814
2016,251,8406,0,0.23342104
2016,251,8407,0,0.11026908
2016,251,8408,0,0.0773778
2016,251,8409,0,0.034318727
2016,251,8411,0,0.08276614
2016,251,8412,0,0.08232332
2016,251,8413,0,0.031779412
2016,251,8414,0,0.03213036
2016,251,8415,0,0.032204755
2016,251,8416,0,0.098646164
2016,251,8417,1,0.15283291
2016,251,8418,0,0.027737971
2016,251,8419,0,0.13549067
2016,251,8420,0,0.22424841
2016,251,8421,0,0.04565825
2016,251,8422,0,0.052243225
2016,251,8423,0,0.08099551
2016,251,8424,0,0.029896177
2016,251,8425,0,0.08226766
2016,251,8426,0,0.13815938
2016,251,8427,0,0.057327554
2016,251,8428,0,0.09249535
2016,251,8429,0,0.07056211
2016,251,8431,0,0.032037232
2016,251,8432,0,0.041582342
2016,251,8433,0,0.057281226
2016,251,8434,0,0.16700834
2016,251,8435,0,0.1561864
2016,251,8436,0,0.06107622
2016,251,8438,0,0.05562469
2016,251,8439,0,0.24160063
2016,251,8441,0,0.13301747
2016,251,8442,0,0.20866454
2016,251,8443,0,0.04203932
2016,251,8444,1,0.5116384
2016,251,8445,0,0.13479505
2016,251,8446,1,0.32578218
2016,251,8447,0,0.108615994
2016,251,8448,0,0.119722135
2016,251,8449,0,0.35511854
2016,251,8450,1,0.1687434
2016,251,8451,0,0.03279701
2016,251,8452,0,0.10753635
2016,251,8453,0,0.14948782
2016,251,8454,0,0.16488814
2016,251,8455,0,0.19885856
2016,251,8456,0,0.10808512
2016,251,8457,0,0.2350808
2016,251,8458,0,0.3206754
2016,251,8459,0,0.18180121
2016,251,8460,0,0.10980028
2016,251,8461,0,0.09419216
2016,251,8462,0,0.071257256
2016,251,8463,0,0.13463415
2016,251,8464,0,0.22536616
2016,251,8465,0,0.08534374
2016,251,8466,0,0.040657274
2016,251,8467,0,0.041659668
2016,251,8468,0,0.091461554
2016,251,8470,0,0.14584039
2016,251,8471,1,0.036133524
2016,251,8472,1,0.19582699
2016,251,8473,0,0.12572592
2016,251,8475,0,0.32346782
2016,251,8476,1,0.2955302
2016,251,8477,0,0.031574804
2016,251,8479,0,0.03688447
2016,251,8480,0,0.0627437
2016,251,8481,0,0.023920167
2016,251,8482,0,0.031841874
2016,251,8483,0,0.0803965
2016,251,8484,0,0.067215055
2016,251,8485,0,0.065924816
2016,490,8402,1,0.3953445
2016,490,8403,0,0.50148356
2016,490,8404,1,0.25834253
2016,490,8405,0,0.3458893
2016,490,8406,0,0.13839541
2016,490,8407,1,0.540809
2016,490,8408,1,0.2222958
2016,490,8409,0,0.0377112
2016,490,8410,0,0.22334215
2016,490,8411,0,0.14770979
2016,490,8412,0,0.1248851
2016,490,8413,0,0.031076133
2016,490,8414,0,0.02924901
2016,490,8415,0,0.04141473
2016,490,8416,0,0.21504341
2016,490,8417,0,0.17918906
2016,490,8418,0,0.032261077
2016,490,8419,0,0.11184724
2016,490,8420,0,0.16913697
2016,490,8421,0,0.042900246
2016,490,8422,0,0.042536546
2016,490,8423,0,0.049756445
2016,490,8424,0,0.034559082
2016,490,8425,0,0.12469533
2016,490,8426,1,0.49789888
2016,490,8427,0,0.0660693
2016,490,8428,0,0.06671067
2016,490,8429,0,0.33570465
2016,490,8430,0,0.13332593
2016,490,8431,0,0.06389809
2016,490,8432,0,0.14421815
2016,490,8433,0,0.102074854
2016,490,8434,0,0.16256772
2016,490,8435,0,0.16639666
2016,490,8436,0,0.10531041
2016,490,8437,0,0.072589405
2016,490,8438,0,0.060411934
2016,490,8439,0,0.119686276
2016,490,8440,0,0.20069611
2016,490,8441,0,0.0754474
2016,490,8442,0,0.19265269
2016,490,8443,0,0.031369574
2016,490,8444,0,0.33390084
2016,490,8445,0,0.14597982
2016,490,8446,0,0.30057567
2016,490,8447,0,0.12579395
2016,490,8448,0,0.076826215
2016,490,8449,0,0.31323814
2016,490,8450,0,0.17766546
2016,490,8451,0,0.114764296
2016,490,8452,0,0.03495683
2016,490,8453,0,0.19449547
2016,490,8454,0,0.20286274
2016,490,8455,0,0.16592607
2016,490,8456,1,0.26056355
2016,490,8457,0,0.14193964
2016,490,8458,0,0.0984069
2016,490,8459,0,0.11648881
2016,490,8460,0,0.16046184
2016,490,8461,0,0.13199185
2016,490,8462,0,0.09453036
2016,490,8463,0,0.11229472
2016,490,8464,0,0.21084951
2016,490,8465,0,0.15233423
2016,490,8466,0,0.07390141
2016,490,8467,0,0.045452815
2016,490,8468,0,0.10392909
2016,490,8470,0,0.14066231
2016,490,8471,1,0.034619533
2016,490,8472,0,0.09920266
2016,490,8473,0,0.11013471
2016,490,8474,0,0.099645644
2016,490,8475,0,0.57817507
2016,490,8476,0,0.1253819
2016,490,8477,0,0.026449617
2016,490,8478,0,0.25652602
2016,490,8479,0,0.086666234
2016,490,8480,0,0.032517318
2016,490,8481,0,0.040110327
2016,490,8482,0,0.035844594
2016,490,8483,0,0.05457447
2016,490,8484,0,0.030653903
2016,490,8485,0,0.10266118
2016,702,8402,1,0.7060646
2016,702,8403,1,0.26961493
2016,702,8404,1,0.5808771
2016,702,8406,1,0.5804335
2016,702,8407,1,0.17413673
2016,702,8409,0,0.06931448
2016,702,8410,1,0.3103504
2016,702,8411,0,0.109712556
2016,702,8412,0,0.09700814
2016,702,8413,0,0.04197592
2016,702,8414,0,0.021815157
2016,702,8416,1,0.27233437
2016,702,8417,1,0.7454299
2016,702,8418,0,0.121423155
2016,702,8419,0,0.101005
2016,702,8420,1,0.23623706
2016,702,8421,0,0.036886387
2016,702,8422,0,0.081839815
2016,702,8423,0,0.14249332
2016,702,8424,0,0.0799104
2016,702,8425,0,0.16034102
2016,702,8426,1,0.19904226
2016,702,8427,0,0.17602465
2016,702,8428,0,0.1151917
2016,702,8430,0,0.08915882
2016,702,8431,0,0.058503598
2016,702,8432,0,0.3068982
2016,702,8433,0,0.22879706
2016,702,8435,0,0.5554668
2016,702,8436,0,0.14261456
2016,702,8437,1,0.1663098
2016,702,8438,1,0.15228073
2016,702,8439,1,0.4005803
2016,702,8440,1,0.36801293
2016,702,8441,0,0.16955876
2016,702,8442,0,0.22921272
2016,702,8443,0,0.052396126
2016,702,8445,1,0.3763152
2016,702,8448,1,0.4001585
2016,702,8449,0,0.37572402
2016,702,8451,1,0.15655315
2016,702,8452,1,0.14050503
2016,702,8453,1,0.69520134
2016,702,8454,0,0.40694317
2016,702,8455,1,0.54811174
2016,702,8456,1,0.19384487
2016,702,8457,0,0.32810596
2016,702,8458,0,0.11051097
2016,702,8459,1,0.18578263
2016,702,8460,0,0.20997174
2016,702,8461,0,0.15737975
2016,702,8462,0,0.18084303
2016,702,8463,0,0.20229752
2016,702,8464,0,0.38808236
2016,702,8465,0,0.16275346
2016,702,8466,0,0.15676348
2016,702,8467,0,0.07580015
2016,702,8468,1,0.25070378
2016,702,8470,0,0.13724683
2016,702,8471,0,0.018018061
2016,702,8472,0,0.08830906
2016,702,8473,0,0.12341889
2016,702,8475,0,0.4410232
2016,702,8476,1,0.28232846
2016,702,8477,0,0.11300576
2016,702,8478,1,0.55202556
2016,702,8479,0,0.101499066
2016,702,8480,0,0.09815361
2016,702,8481,0,0.04021332
2016,702,8482,0,0.036339134
2016,702,8483,0,0.042531706
2016,702,8484,0,0.06294802
2016,528,8401,1,0.3861318
2016,528,8403,0,0.08029179
2016,528,8404,0,0.23614487
2016,528,8406,1,0.31534937
2016,528,8407,0,0.20046318
2016,528,8408,0,0.05422106
2016,528,8409,0,0.025094377
2016,528,8410,1,0.54270834
2016,528,8411,0,0.07303896
2016,528,8412,0,0.049436476
2016,528,8413,0,0.018489148
2016,528,8414,0,0.035265457
2016,528,8415,0,0.039672364
2016,528,8416,0,0.11361106
2016,528,8417,1,0.19584934
2016,528,8418,0,0.0312882
2016,528,8419,0,0.08557206
2016,528,8420,0,0.19076847
2016,528,8421,0,0.061719645
2016,528,8422,0,0.038852073
2016,528,8423,0,0.1094913
2016,528,8424,0,0.02559202
2016,528,8425,0,0.025347846
2016,528,8426,0,0.08762152
2016,528,8427,0,0.04198816
2016,528,8428,0,0.09393162
2016,528,8429,0,0.08288491
2016,528,8430,1,0.07777823
2016,528,8431,0,0.025417952
2016,528,8432,0,0.04110205
2016,528,8433,0,0.078117855
2016,528,8434,0,0.094801836
2016,528,8435,0,0.16174753
2016,528,8436,0,0.09203099
2016,528,8437,0,0.11344953
2016,528,8438,0,0.032236047
2016,528,8439,0,0.22482102
2016,528,8440,0,0.1102092
2016,528,8441,0,0.074971676
2016,528,8442,0,0.13240914
2016,528,8443,0,0.04227686
2016,528,8444,0,0.17854899
2016,528,8445,1,0.5304447
2016,528,8446,1,0.69752157
2016,528,8447,0,0.22254801
2016,528,8448,0,0.13462232
2016,528,8449,0,0.47085983
2016,528,8450,0,0.19973594
2016,528,8451,0,0.09599236
2016,528,8452,0,0.11663197
2016,528,8453,0,0.6449085
2016,528,8454,1,0.23450689
2016,528,8455,1,0.32369235
2016,528,8456,0,0.09260444
2016,528,8457,0,0.20704187
2016,528,8458,0,0.14782335
2016,528,8459,0,0.08694912
2016,528,8460,0,0.1524909
2016,528,8461,0,0.12685038
2016,528,8462,0,0.058256883
2016,528,8463,0,0.3702705
2016,528,8464,0,0.094321795
2016,528,8465,0,0.093846224
2016,528,8466,0,0.06601784
2016,528,8467,0,0.050600037
2016,528,8468,0,0.077882506
2016,528,8470,1,0.2066655
2016,528,8471,0,0.038814645
2016,528,8472,1,0.1696987
2016,528,8473,0,0.07530842
2016,528,8474,0,0.1000953
2016,528,8475,1,0.21557994
2016,528,8476,0,0.27341506
2016,528,8477,0,0.057717826
2016,528,8478,0,0.18201618
2016,528,8479,0,0.046670657
2016,528,8480,0,0.08390978
2016,528,8481,0,0.026162792
2016,528,8482,0,0.039987203
2016,528,8483,0,0.06447758
2016,528,8484,0,0.06883994
2016,528,8485,0,0.064791955
2016,410,8401,0,0.42536724
2016,410,8402,0,0.18280984
2016,410,8403,0,0.14967656
2016,410,8404,1,0.18078168
2016,410,8406,1,0.28997415
2016,410,8407,0,0.077976234
2016,410,8408,0,0.080236055
2016,410,8409,0,0.025230514
2016,410,8410,1,0.35090733
2016,410,8411,0,0.06737717
2016,410,8412,0,0.08285122
2016,410,8413,0,0.031570658
2016,410,8414,0,0.034215964
2016,410,8415,0,0.024712367
2016,410,8416,1,0.44193274
2016,410,8417,1,0.6296259
2016,410,8418,0,0.033746317
2016,410,8419,1,0.09453303
2016,410,8420,0,0.23312765
2016,410,8421,0,0.13991626
2016,410,8422,0,0.05312373
2016,410,8423,0,0.09617092
2016,410,8424,1,0.051470328
2016,410,8425,0,0.08985873
2016,410,8426,0,0.08863007
2016,410,8427,0,0.05713151
2016,410,8428,0,0.06300769
2016,410,8429,0,0.054371115
2016,410,8431,0,0.029282507
2016,410,8432,0,0.21688642
2016,410,8433,0,0.10763817
2016,410,8434,0,0.26763448
2016,410,8435,0,0.18250358
2016,410,8436,0,0.111698985
2016,410,8437,0,0.08105933
2016,410,8438,0,0.13279463
2016,410,8439,1,0.2390809
2016,410,8440,0,0.43148223
2016,410,8441,0,0.06938721
2016,410,8442,0,0.47785032
2016,410,8443,0,0.042518146
2016,410,8444,1,0.41732764
2016,410,8445,0,0.43536142
2016,410,8446,0,0.23981199
2016,410,8447,0,0.13937773
2016,410,8448,0,0.07575469
2016,410,8449,1,0.5727362
2016,410,8450,0,0.0964002
2016,410,8451,0,0.051766682
2016,410,8452,0,0.08584405
2016,410,8453,0,0.22970274
2016,410,8454,1,0.75119865
2016,410,8455,0,0.17488833
2016,410,8456,1,0.17690824
2016,410,8457,0,0.16569906
2016,410,8458,0,0.06722597
2016,410,8459,0,0.101462156
2016,410,8460,0,0.17341791
2016,410,8461,1,0.20564985
2016,410,8462,0,0.14278474
2016,410,8463,0,0.11858449
2016,410,8464,0,0.34152576
2016,410,8465,0,0.1598543
2016,410,8466,0,0.07496123
2016,410,8467,0,0.05283343
2016,410,8468,0,0.29338002
2016,410,8470,1,0.24312764
2016,410,8471,1,0.03471103
2016,410,8472,1,0.10264574
2016,410,8473,0,0.1438172
2016,410,8474,1,0.26258802
2016,410,8475,0,0.6548048
2016,410,8476,1,0.18617605
2016,410,8477,0,0.05196405
2016,410,8478,0,0.7453615
2016,410,8479,0,0.10548684
2016,410,8480,0,0.043891046
2016,410,8481,0,0.03137521
2016,410,8482,0,0.03831362
2016,410,8483,0,0.051333502
2016,410,8484,0,0.0662141
2016,458,8404,0,0.38303676
2016,458,8405,0,0.6317446
2016,458,8407,0,0.39828303
2016,458,8408,0,0.1335586
2016,458,8409,0,0.14275385
2016,458,8410,1,0.56899935
2016,458,8411,0,0.09190213
2016,458,8412,0,0.15290739
2016,458,8413,0,0.1082802
2016,458,8414,0,0.03709823
2016,458,8415,0,0.042644095
2016,458,8416,0,0.2395755
2016,458,8417,1,0.37081477
2016,458,8418,0,0.050850123
2016,458,8419,0,0.1091935
2016,458,8420,1,0.47451746
2016,458,8421,0,0.06415697
2016,458,8422,1,0.16615444
2016,458,8423,0,0.16626632
2016,458,8424,0,0.08828839
2016,458,8425,0,0.1746137
2016,458,8426,0,0.17020497
2016,458,8427,0,0.23109719
2016,458,8428,0,0.090271555
2016,458,8430,1,0.5254157
2016,458,8431,1,0.11541663
2016,458,8432,0,0.61491084
2016,458,8433,1,0.35037488
2016,458,8435,0,0.33768243
2016,458,8436,0,0.115252346
2016,458,8437,0,0.29912362
2016,458,8439,1,0.46653602
2016,458,8441,0,0.11281889
2016,458,8442,0,0.41758442
2016,458,8443,0,0.098988146
2016,458,8444,1,0.65142965
2016,458,8445,1,0.7325853
2016,458,8446,1,0.36083993
2016,458,8447,0,0.47398803
2016,458,8448,0,0.122298434
2016,458,8451,0,0.23087783
2016,458,8452,0,0.43649998
2016,458,8453,0,0.29267874
2016,458,8454,0,0.20341352
2016,458,8455,0,0.2990228
2016,458,8456,0,0.24226965
2016,458,8457,0,0.2052644
2016,458,8458,0,0.1974631
2016,458,8459,0,0.14960545
2016,458,8460,1,0.5879245
2016,458,8462,0,0.27213702
2016,458,8463,0,0.194517
2016,458,8464,0,0.16523544
2016,458,8465,0,0.30604297
2016,458,8466,0,0.23852631
2016,458,8467,0,0.07798074
2016,458,8468,0,0.16310227
2016,458,8469,1,0.30696043
2016,458,8470,0,0.18673377
2016,458,8471,1,0.019916248
2016,458,8472,1,0.26378652
2016,458,8473,0,0.12501481
2016,458,8474,0,0.113898374
2016,458,8475,0,0.3142418
2016,458,8476,0,0.27016333
2016,458,8477,1,0.13696362
2016,458,8479,0,0.118333474
2016,458,8480,0,0.08334657
2016,458,8481,0,0.048017323
2016,458,8482,0,0.07627795
2016,458,8484,0,0.10673012
2016,458,8485,0,0.16886848
2016,124,8401,0,0.7251747
2016,124,8402,0,0.343693
2016,124,8403,0,0.13155672
2016,124,8404,0,0.27664647
2016,124,8405,0,0.5385492
2016,124,8406,0,0.36314875
2016,124,8407,0,0.124833986
2016,124,8408,0,0.20299003
2016,124,8409,0,0.04265267
2016,124,8410,1,0.23578766
2016,124,8411,0,0.06711073
2016,124,8412,0,0.09035147
2016,124,8413,0,0.035370898
2016,124,8414,0,0.049354505
2016,124,8415,0,0.085396014
2016,124,8416,0,0.21773177
2016,124,8417,0,0.16982566
2016,124,8418,0,0.06885687
2016,124,8419,0,0.123426735
2016,124,8420,0,0.2806041
2016,124,8421,0,0.068376265
2016,124,8422,0,0.084684014
2016,124,8423,0,0.16371132
2016,124,8424,0,0.05803528
2016,124,8425,0,0.07112343
2016,124,8426,0,0.23340389
2016,124,8427,0,0.13519676
2016,124,8428,0,0.05246716
2016,124,8429,0,0.17915197
2016,124,8430,0,0.19402103
2016,124,8431,0,0.09027643
2016,124,8432,0,0.16973153
2016,124,8433,0,0.08600975
2016,124,8434,0,0.26378614
2016,124,8435,1,0.30596203
2016,124,8436,0,0.10536612
2016,124,8437,0,0.54875165
2016,124,8438,0,0.08830177
2016,124,8439,0,0.20920983
2016,124,8440,0,0.34864026
2016,124,8441,0,0.20604622
2016,124,8442,0,0.23074375
2016,124,8443,0,0.11061036
2016,124,8445,0,0.35308555
2016,124,8448,0,0.17333697
2016,124,8449,1,0.8591895
2016,124,8451,0,0.1263144
2016,124,8452,0,0.1552512
2016,124,8453,0,0.50175804
2016,124,8454,0,0.20176175
2016,124,8455,0,0.2627012
2016,124,8456,1,0.28478885
2016,124,8457,0,0.2797732
2016,124,8458,0,0.5011388
2016,124,8459,0,0.25350806
2016,124,8460,0,0.228514
2016,124,8461,0,0.2804745
2016,124,8462,0,0.16239989
2016,124,8463,0,0.22329597
2016,124,8464,0,0.21324235
2016,124,8465,0,0.08738356
2016,124,8466,0,0.0719924
2016,124,8467,0,0.06676152
2016,124,8468,0,0.23540597
2016,124,8470,0,0.24266888
2016,124,8471,0,0.028238302
2016,124,8472,0,0.16009733
2016,124,8473,0,0.14171854
2016,124,8474,0,0.18546617
2016,124,8475,0,0.31815922
2016,124,8476,0,0.19128463
2016,124,8477,0,0.07245428
2016,124,8478,0,0.46059248
2016,124,8479,0,0.08334364
2016,124,8480,0,0.14152804
2016,124,8481,0,0.045221213
2016,124,8482,0,0.07023932
2016,124,8483,0,0.10490691
2016,124,8484,0,0.14279075
2016,124,8485,0,0.121944375
2016,484,8402,1,0.4983558
2016,484,8403,0,0.25045234
2016,484,8404,0,0.43655083
2016,484,8405,1,0.348207
2016,484,8406,1,0.27039623
2016,484,8407,1,0.16562018
2016,484,8408,0,0.13032395
2016,484,8409,0,0.078270905
2016,484,8410,0,0.44823185
2016,484,8411,0,0.095848456
2016,484,8412,0,0.22038159
2016,484,8413,0,0.05595807
2016,484,8414,0,0.04572573
2016,484,8415,0,0.11033906
2016,484,8416,0,0.28582734
2016,484,8417,1,0.23007227
2016,484,8418,0,0.049817614
2016,484,8419,0,0.12180934
2016,484,8420,0,0.7065159
2016,484,8421,0,0.07597695
2016,484,8423,0,0.12039214
2016,484,8424,0,0.06977182
2016,484,8425,0,0.103030264
2016,484,8426,0,0.2490318
2016,484,8427,0,0.5338637
2016,484,8428,0,0.11502021
2016,484,8429,0,0.44358432
2016,484,8430,0,0.22376797
2016,484,8431,0,0.11446399
2016,484,8432,0,0.1630891
2016,484,8433,0,0.15170452
2016,484,8434,0,0.262388
2016,484,8436,0,0.19526634
2016,484,8438,0,0.14068666
2016,484,8439,1,0.6822675
2016,484,8441,0,0.32409322
2016,484,8442,0,0.21692707
2016,484,8443,0,0.08668411
2016,484,8448,1,0.21425956
2016,484,8450,0,0.6007257
2016,484,8451,0,0.19806021
2016,484,8453,1,0.53100926
2016,484,8454,1,0.37245905
2016,484,8455,0,0.22478342
2016,484,8456,1,0.26848525
2016,484,8457,0,0.3129809
2016,484,8458,1,0.32912797
2016,484,8459,0,0.27473897
2016,484,8460,0,0.22845642
2016,484,8461,0,0.4122238
2016,484,8462,0,0.2207778
2016,484,8464,1,0.63689464
2016,484,8465,0,0.1779908
2016,484,8466,0,0.15267742
2016,484,8467,0,0.11715386
2016,484,8468,0,0.17004149
2016,484,8470,0,0.1972536
2016,484,8471,0,0.042882442
2016,484,8472,0,0.18225059
2016,484,8473,0,0.13802145
2016,484,8474,0,0.23550561
2016,484,8476,0,0.18705146
2016,484,8477,0,0.1437803
2016,484,8479,0,0.16895315
2016,484,8480,1,0.20822181
2016,484,8481,0,0.060135372
2016,484,8482,0,0.100612625
2016,484,8483,0,0.069740355
2016,484,8484,0,0.19828156
2016,484,8485,0,0.46563324
2016,757,8403,0,0.20151925
2016,757,8404,0,0.37109694
2016,757,8405,0,0.27016222
2016,757,8406,1,0.27966976
2016,757,8407,0,0.21823147
2016,757,8408,0,0.28683698
2016,757,8409,0,0.056448407
2016,757,8411,0,0.10492815
2016,757,8412,0,0.10971485
2016,757,8413,0,0.03710201
2016,757,8414,0,0.027300145
2016,757,8415,0,0.105059795
2016,757,8416,0,0.23167454
2016,757,8417,0,0.173035
2016,757,8418,0,0.0731194
2016,757,8419,0,0.09407792
2016,757,8420,0,0.24477898
2016,757,8421,0,0.049264576
2016,757,8422,0,0.05223599
2016,757,8423,0,0.05854837
2016,757,8424,0,0.05052881
2016,757,8425,0,0.10113246
2016,757,8426,1,0.46550167
2016,757,8427,0,0.14509699
2016,757,8428,0,0.1057521
2016,757,8429,0,0.21838015
2016,757,8430,0,0.21761367
2016,757,8431,0,0.03637446
2016,757,8432,0,0.12593411
2016,757,8433,0,0.2621768
2016,757,8434,0,0.23195316
2016,757,8435,0,0.24502084
2016,757,8436,0,0.20260537
2016,757,8437,1,0.25632882
2016,757,8438,0,0.03327789
2016,757,8439,0,0.22805259
2016,757,8440,0,0.18141448
2016,757,8441,0,0.08864133
2016,757,8442,0,0.13844293
2016,757,8443,0,0.047674425
2016,757,8444,1,0.46781015
2016,757,8445,0,0.18256588
2016,757,8446,0,0.12073018
2016,757,8447,0,0.25146812
2016,757,8448,0,0.05478958
2016,757,8449,0,0.31706592
2016,757,8450,0,0.14203559
2016,757,8451,1,0.06612611
2016,757,8452,0,0.13553934
2016,757,8453,1,0.11963997
2016,757,8454,0,0.19779515
2016,757,8455,1,0.19418608
2016,757,8456,0,0.092629515
2016,757,8457,0,0.25978702
2016,757,8458,0,0.12513044
2016,757,8459,0,0.18700007
2016,757,8460,0,0.10854718
2016,757,8461,0,0.20890614
2016,757,8462,0,0.1239601
2016,757,8463,0,0.11017854
2016,757,8464,0,0.15644646
2016,757,8465,0,0.09010229
2016,757,8466,0,0.060813356
2016,757,8467,0,0.059696108
2016,757,8468,0,0.12518507
2016,757,8470,1,0.20878614
2016,757,8471,1,0.026843285
2016,757,8472,1,0.1565327
2016,757,8473,0,0.0889879
2016,757,8474,0,0.15104693
2016,757,8475,0,0.18648064
2016,757,8476,0,0.17590427
2016,757,8477,0,0.05664311
2016,757,8479,0,0.058901537
2016,757,8480,0,0.08581196
2016,757,8481,0,0.039370086
2016,757,8482,0,0.053702097
2016,757,8483,0,0.10628386
2016,757,8484,0,0.046820797
2016,757,8485,0,0.07986164
2016,764,8402,0,0.4987194
2016,764,8403,0,0.2375521
2016,764,8404,0,0.15762947
2016,764,8405,0,0.40081763
2016,764,8406,0,0.27165902
2016,764,8407,0,0.10397104
2016,764,8408,0,0.386813
2016,764,8409,0,0.031884663
2016,764,8411,0,0.09939557
2016,764,8412,0,0.23872496
2016,764,8413,0,0.035921972
2016,764,8414,0,0.029835472
2016,764,8415,0,0.02246568
2016,764,8416,1,0.6578243
2016,764,8417,1,0.3403368
2016,764,8418,0,0.10755839
2016,764,8419,1,0.14124036
2016,764,8420,1,0.40994933
2016,764,8421,0,0.04534012
2016,764,8422,0,0.11403644
2016,764,8424,0,0.06046635
2016,764,8425,0,0.14009148
2016,764,8426,1,0.49587175
2016,764,8428,0,0.102603555
2016,764,8434,1,0.22171986
2016,764,8437,0,0.118738055
2016,764,8438,0,0.18723065
2016,764,8439,1,0.5253917
2016,764,8441,0,0.10590665
2016,764,8442,0,0.45352697
2016,764,8443,0,0.06331542
2016,764,8445,1,0.52538586
2016,764,8447,0,0.5295666
2016,764,8448,0,0.15873358
2016,764,8450,0,0.06397196
2016,764,8451,0,0.08933431
2016,764,8452,0,0.07464714
2016,764,8453,0,0.24794863
2016,764,8454,0,0.24155007
2016,764,8455,0,0.19416903
2016,764,8456,0,0.10969778
2016,764,8457,0,0.43379787
2016,764,8458,0,0.39734876
2016,764,8459,0,0.14662042
2016,764,8460,0,0.13948505
2016,764,8461,0,0.1363023
2016,764,8462,0,0.16443652
2016,764,8463,0,0.18556081
2016,764,8466,0,0.13285609
2016,764,8467,0,0.18055518
2016,764,8468,0,0.75475144
2016,764,8470,0,0.27935696
2016,764,8471,1,0.023672609
2016,764,8472,1,0.41620332
2016,764,8473,0,0.14650895
2016,764,8475,0,0.45518175
2016,764,8476,0,0.19013423
2016,764,8477,0,0.096159935
2016,764,8479,0,0.19196557
2016,764,8480,0,0.07941796
2016,764,8481,0,0.025890095
2016,764,8482,0,0.039973732
2016,764,8483,0,0.043072812
2016,764,8484,0,0.052362848
2016,764,8485,0,0.12288604
2016,752,8401,0,0.35891178
2016,752,8402,0,0.24696442
2016,752,8403,0,0.30027452
2016,752,8404,0,0.21455368
2016,752,8405,1,0.6846122
2016,752,8406,0,0.41627842
2016,752,8407,0,0.30635178
2016,752,8408,0,0.17133586
2016,752,8409,0,0.05620071
2016,752,8410,1,0.27210087
2016,752,8411,0,0.09402482
2016,752,8412,0,0.03876487
2016,752,8413,0,0.027261134
2016,752,8414,0,0.02752521
2016,752,8415,0,0.06278305
2016,752,8416,0,0.15968671
2016,752,8417,0,0.16795053
2016,752,8418,0,0.04004363
2016,752,8419,0,0.09566355
2016,752,8420,0,0.24588919
2016,752,8421,0,0.049666006
2016,752,8422,0,0.036411747
2016,752,8423,0,0.16615541
2016,752,8424,0,0.032868333
2016,752,8425,0,0.17156243
2016,752,8426,0,0.11196046
2016,752,8427,0,0.07968235
2016,752,8428,0,0.07759672
2016,752,8429,0,0.06451793
2016,752,8430,0,0.07612634
2016,752,8431,0,0.021927439
2016,752,8432,0,0.08982064
2016,752,8433,0,0.14858937
2016,752,8434,0,0.13611782
2016,752,8436,0,0.15122145
2016,752,8437,0,0.13343586
2016,752,8438,0,0.056345887
2016,752,8439,0,0.21008916
2016,752,8440,0,0.20775951
2016,752,8441,0,0.16028325
2016,752,8442,0,0.20455544
2016,752,8443,0,0.08520385
2016,752,8446,1,0.73502225
2016,752,8447,0,0.5680127
2016,752,8448,0,0.17722027
2016,752,8450,0,0.12696396
2016,752,8451,0,0.20121078
2016,752,8452,0,0.26710203
2016,752,8453,0,0.5675235
2016,752,8454,1,0.47055614
2016,752,8455,0,0.13610052
2016,752,8456,1,0.29990596
2016,752,8457,1,0.5371488
2016,752,8458,0,0.121308275
2016,752,8459,0,0.20774211
2016,752,8460,0,0.19457483
2016,752,8461,0,0.33236915
2016,752,8462,0,0.12899862
2016,752,8463,0,0.19956543
2016,752,8464,0,0.22423166
2016,752,8465,0,0.12002139
2016,752,8466,0,0.048249155
2016,752,8467,0,0.04808854
2016,752,8468,0,0.099743955
2016,752,8470,0,0.3777758
2016,752,8471,0,0.057807844
2016,752,8472,1,0.11988246
2016,752,8473,0,0.09385061
2016,752,8474,0,0.08683526
2016,752,8475,0,0.2560056
2016,752,8476,0,0.13715036
2016,752,8477,0,0.110182874
2016,752,8479,0,0.06152354
2016,752,8480,0,0.16336718
2016,752,8481,0,0.031399146
2016,752,8482,0,0.039311167
2016,752,8483,0,0.0754762
2016,752,8484,0,0.04502248
2016,752,8485,0,0.07025489
2016,372,8402,1,0.3479998
2016,372,8403,0,0.30226755
2016,372,8405,1,0.7576454
2016,372,8406,1,0.81545776
2016,372,8407,0,0.45440444
2016,372,8409,0,0.17570761
2016,372,8411,0,0.13728815
2016,372,8412,0,0.23331283
2016,372,8413,0,0.06011314
2016,372,8414,0,0.11095944
2016,372,8415,0,0.14829504
2016,372,8418,0,0.11895401
2016,372,8419,0,0.31585255
2016,372,8421,0,0.11755821
2016,372,8422,0,0.15211795
2016,372,8423,0,0.41023612
2016,372,8424,1,0.18634851
2016,372,8425,1,0.27079725
2016,372,8426,0,0.22756489
2016,372,8427,0,0.22641295
2016,372,8428,0,0.1932455
2016,372,8429,0,0.24414422
2016,372,8430,0,0.1948075
2016,372,8431,0,0.11403966
2016,372,8432,0,0.3066067
2016,372,8433,0,0.1500985
2016,372,8434,0,0.34018672
2016,372,8436,0,0.21709199
2016,372,8437,0,0.49154878
2016,372,8438,0,0.38633588
2016,372,8441,1,0.39353412
2016,372,8443,0,0.09262755
2016,372,8448,0,0.3074499
2016,372,8450,1,0.46868357
2016,372,8451,1,0.29312673
2016,372,8456,0,0.3715558
2016,372,8458,1,0.51352113
2016,372,8459,0,0.3527012
2016,372,8462,1,0.38924903
2016,372,8463,0,0.2680126
2016,372,8464,1,0.7545811
2016,372,8465,1,0.38983232
2016,372,8466,0,0.24674664
2016,372,8467,0,0.21815215
2016,372,8468,0,0.2672288
2016,372,8470,0,0.21256958
2016,372,8471,1,0.027545946
2016,372,8472,0,0.70620203
2016,372,8473,0,0.06742543
2016,372,8474,0,0.2906977
2016,372,8475,0,0.40457287
2016,372,8476,1,0.29510823
2016,372,8477,1,0.18043953
2016,372,8479,0,0.1589622
2016,372,8480,0,0.15162595
2016,372,8481,1,0.08935612
2016,372,8484,0,0.08992138
2016,372,8485,0,0.112775624
2016,40,8401,1,0.5574348
2016,40,8402,1,0.22446339
2016,40,8403,0,0.15831214
2016,40,8404,0,0.2841619
2016,40,8405,1,0.27680612
2016,40,8406,1,0.28793377
2016,40,8407,0,0.17193508
2016,40,8408,0,0.25989926
2016,40,8409,0,0.089599304
2016,40,8410,0,0.31312394
2016,40,8411,0,0.14490151
2016,40,8412,0,0.13247529
2016,40,8413,0,0.026657697
2016,40,8414,1,0.03235428
2016,40,8415,0,0.09179488
2016,40,8416,0,0.14114374
2016,40,8417,1,0.3435331
2016,40,8418,0,0.053884882
2016,40,8419,0,0.15626001
2016,40,8420,0,0.24403794
2016,40,8421,0,0.085417375
2016,40,8422,0,0.075733036
2016,40,8423,0,0.10337945
2016,40,8424,0,0.0392232
2016,40,8425,0,0.08506955
2016,40,8426,0,0.12445061
2016,40,8427,0,0.15829404
2016,40,8428,0,0.53508973
2016,40,8429,0,0.117965505
2016,40,8430,0,0.23910378
2016,40,8431,0,0.036670983
2016,40,8432,0,0.0997765
2016,40,8433,0,0.09626116
2016,40,8434,1,0.31265745
2016,40,8435,0,0.14590117
2016,40,8436,0,0.10900866
2016,40,8437,0,0.10401464
2016,40,8438,0,0.045852065
2016,40,8439,0,0.15100177
2016,40,8440,0,0.22457121
2016,40,8441,0,0.09093648
2016,40,8442,0,0.15213533
2016,40,8443,0,0.0730972
2016,40,8444,1,0.3265663
2016,40,8445,1,0.48815644
2016,40,8446,0,0.40485272
2016,40,8447,0,0.2544118
2016,40,8448,0,0.16542536
2016,40,8449,0,0.6021121
2016,40,8450,0,0.43295103
2016,40,8451,1,0.09740056
2016,40,8452,0,0.08140498
2016,40,8453,0,0.2896949
2016,40,8454,1,0.59176487
2016,40,8455,0,0.1703189
2016,40,8456,0,0.16177166
2016,40,8457,0,0.20797367
2016,40,8458,0,0.16586758
2016,40,8459,0,0.17650361
2016,40,8461,1,0.18746361
2016,40,8462,0,0.120896116
2016,40,8463,0,0.22520097
2016,40,8464,0,0.25986344
2016,40,8465,0,0.10084418
2016,40,8466,0,0.081309
2016,40,8467,0,0.07591071
2016,40,8468,0,0.11119577
2016,40,8470,0,0.54182094
2016,40,8471,1,0.02829484
2016,40,8472,1,0.135391
2016,40,8473,0,0.13831109
2016,40,8474,0,0.1806309
2016,40,8475,0,0.3749359
2016,40,8476,0,0.42716917
2016,40,8477,0,0.05090702
2016,40,8478,0,0.22935541
2016,40,8479,0,0.041281648
2016,40,8480,0,0.07444242
2016,40,8481,0,0.030717362
2016,40,8482,0,0.08803863
2016,40,8483,0,0.09027876
2016,40,8484,0,0.051454343
2016,40,8485,0,0.12802427
2016,724,8401,1,0.3174146
2016,724,8402,1,0.5939448
2016,724,8403,0,0.18997508
2016,724,8404,0,0.46931344
2016,724,8405,1,0.5567768
2016,724,8406,0,0.18226314
2016,724,8407,0,0.1202409
2016,724,8408,0,0.15075015
2016,724,8409,0,0.0322701
2016,724,8410,1,0.17254663
2016,724,8411,0,0.06658378
2016,724,8412,0,0.15380962
2016,724,8413,0,0.025770698
2016,724,8414,0,0.02483895
2016,724,8415,0,0.050923947
2016,724,8416,0,0.14938295
2016,724,8417,0,0.18545112
2016,724,8418,0,0.029541956
2016,724,8419,0,0.10621842
2016,724,8420,0,0.15397736
2016,724,8421,0,0.08986997
2016,724,8422,0,0.034328658
2016,724,8423,0,0.047339294
2016,724,8424,0,0.041102946
2016,724,8425,1,0.13401362
2016,724,8426,0,0.08019258
2016,724,8427,0,0.12728938
2016,724,8428,0,0.08468235
2016,724,8430,0,0.089284495
2016,724,8431,0,0.021428905
2016,724,8432,0,0.07388436
2016,724,8433,0,0.11874233
2016,724,8434,1,0.29357558
2016,724,8435,0,0.25993115
2016,724,8436,0,0.07211449
2016,724,8437,0,0.36736238
2016,724,8438,0,0.037346736
2016,724,8439,0,0.27142143
2016,724,8440,0,0.16392106
2016,724,8441,0,0.07899365
2016,724,8442,0,0.22173585
2016,724,8443,0,0.037725817
2016,724,8444,1,0.40380713
2016,724,8445,1,0.10747583
2016,724,8446,0,0.31413096
2016,724,8447,0,0.22608522
2016,724,8448,0,0.09413953
2016,724,8449,0,0.33602777
2016,724,8450,0,0.14771596
2016,724,8451,1,0.13231753
2016,724,8452,0,0.38764277
2016,724,8453,0,0.22075348
2016,724,8454,0,0.1737208
2016,724,8455,0,0.76006544
2016,724,8456,0,0.15679859
2016,724,8457,0,0.14759406
2016,724,8458,0,0.16328804
2016,724,8459,0,0.13650249
2016,724,8460,1,0.28599438
2016,724,8461,1,0.14039502
2016,724,8462,0,0.07856378
2016,724,8463,0,0.22850402
2016,724,8464,0,0.19366749
2016,724,8465,0,0.06063824
2016,724,8466,0,0.036184385
2016,724,8467,0,0.101653785
2016,724,8468,0,0.1553036
2016,724,8470,0,0.14489102
2016,724,8471,0,0.049372535
2016,724,8472,1,0.13799986
2016,724,8473,0,0.13020879
2016,724,8474,0,0.07369142
2016,724,8475,0,0.34554014
2016,724,8476,0,0.1720918
2016,724,8477,0,0.069242395
2016,724,8478,0,0.15913256
2016,724,8479,0,0.118676856
2016,724,8480,0,0.12393657
2016,724,8481,0,0.027165122
2016,724,8482,0,0.050974373
2016,724,8483,0,0.09557166
2016,724,8484,0,0.056667574
2016,724,8485,0,0.11964929
2017,842,8401,1,0.16665106
2017,842,8402,0,0.14933294
2017,842,8403,0,0.10946369
2017,842,8404,1,0.19568872
2017,842,8405,0,0.16692916
2017,842,8406,1,0.16616975
2017,842,8407,0,0.13111474
2017,842,8408,0,0.2987362
2017,842,8409,0,0.059666432
2017,842,8410,0,0.15344943
2017,842,8411,0,0.08823743
2017,842,8412,0,0.06814054
2017,842,8413,0,0.06075064
2017,842,8414,0,0.0884853
2017,842,8415,0,0.09050078
2017,842,8416,0,0.11696315
2017,842,8417,0,0.15396845
2017,842,8418,0,0.0960461
2017,842,8419,0,0.14754733
2017,842,8420,0,0.11307555
2017,842,8421,0,0.09178844
2017,842,8422,0,0.061295882
2017,842,8423,0,0.07558192
2017,842,8424,0,0.04882888
2017,842,8425,0,0.10230915
2017,842,8426,0,0.15948446
2017,842,8427,0,0.071252726
2017,842,8428,0,0.15004389
2017,842,8429,0,0.06819925
2017,842,8431,0,0.056959964
2017,842,8432,0,0.10044769
2017,842,8433,0,0.05411556
2017,842,8434,0,0.12876543
2017,842,8435,0,0.14363414
2017,842,8436,0,0.057409473
2017,842,8437,0,0.11426014
2017,842,8438,0,0.060930215
2017,842,8439,0,0.15833253
2017,842,8440,1,0.1823899
2017,842,8441,0,0.16322576
2017,842,8442,0,0.22548199
2017,842,8443,0,0.02108832
2017,842,8444,1,0.28995866
2017,842,8445,0,0.15307146
2017,842,8446,0,0.40493855
2017,842,8447,1,0.23214562
2017,842,8448,0,0.06706124
2017,842,8449,1,0.53549784
2017,842,8450,0,0.12210367
2017,842,8451,0,0.056825683
2017,842,8452,0,0.10231139
2017,842,8453,0,0.19713446
2017,842,8454,0,0.15331753
2017,842,8455,0,0.17040879
2017,842,8456,0,0.09260607
2017,842,8457,0,0.21766676
2017,842,8458,0,0.10724181
2017,842,8459,0,0.15307838
2017,842,8460,0,0.07453739
2017,842,8461,0,0.11005695
2017,842,8462,0,0.12037041
2017,842,8463,0,0.11171333
2017,842,8464,0,0.085609525
2017,842,8465,0,0.06514407
2017,842,8466,0,0.023250358
2017,842,8467,0,0.048754964
2017,842,8468,0,0.16724981
2017,842,8470,1,0.35338488
2017,842,8471,0,0.056673583
2017,842,8472,0,0.0443701
2017,842,8473,0,0.05332384
2017,842,8474,0,0.16977933
2017,842,8475,0,0.15348972
2017,842,8476,0,0.13132271
2017,842,8477,0,0.04067383
2017,842,8478,0,0.14609145
2017,842,8479,0,0.050193653
2017,842,8480,0,0.27205226
2017,842,8481,0,0.051871445
2017,842,8482,0,0.033864584
2017,842,8483,0,0.062001612
2017,842,8484,0,0.049896028
2017,842,8485,0,0.0741693
2017,276,8401,0,0.21909565
2017,276,8402,0,0.119143054
2017,276,8403,0,0.05812909
2017,276,8404,1,0.20393233
2017,276,8405,0,0.34272763
2017,276,8406,1,0.51025516
2017,276,8407,0,0.05715877
2017,276,8408,0,0.03355054
2017,276,8409,0,0.037083566
2017,276,8410,1,0.15971196
2017,276,8411,0,0.07947787
2017,276,8412,0,0.060003236
2017,276,8413,0,0.032744378
2017,276,8414,0,0.038884617
2017,276,8415,0,0.043063764
2017,276,8416,0,0.058124848
2017,276,8417,0,0.0995563
2017,276,8418,0,0.049891915
2017,276,8419,0,0.09603244
2017,276,8420,0,0.10424761
2017,276,8421,0,0.04123884
2017,276,8422,0,0.07738749
2017,276,8423,0,0.0448458
2017,276,8424,0,0.039519064
2017,276,8425,0,0.057465408
2017,276,8426,0,0.10585911
2017,276,8427,0,0.06721296
2017,276,8428,0,0.07290195
2017,276,8429,0,0.028470332
2017,276,8430,0,0.06508698
2017,276,8431,0,0.023228565
2017,276,8432,0,0.06588805
2017,276,8433,0,0.055967808
2017,276,8434,0,0.06861554
2017,276,8435,0,0.16424301
2017,276,8436,0,0.033198535
2017,276,8437,0,0.07883472
2017,276,8438,0,0.04964241
2017,276,8439,0,0.13358472
2017,276,8440,0,0.055396337
2017,276,8441,0,0.09752845
2017,276,8442,1,0.10884198
2017,276,8443,0,0.030719068
2017,276,8444,0,0.44104838
2017,276,8445,0,0.17055163
2017,276,8446,0,0.16492441
2017,276,8447,1,0.096645854
2017,276,8448,0,0.03738911
2017,276,8449,1,0.14740667
2017,276,8450,0,0.09165582
2017,276,8451,0,0.05785917
2017,276,8452,0,0.032126755
2017,276,8453,0,0.08908267
2017,276,8454,0,0.15630205
2017,276,8455,0,0.1454275
2017,276,8456,0,0.078291714
2017,276,8457,0,0.123356104
2017,276,8458,0,0.05974321
2017,276,8459,0,0.082840785
2017,276,8460,0,0.05972037
2017,276,8461,0,0.09279564
2017,276,8462,0,0.060195334
2017,276,8463,0,0.11597735
2017,276,8464,0,0.048345055
2017,276,8465,0,0.06312355
2017,276,8466,0,0.021922827
2017,276,8467,0,0.05141216
2017,276,8468,0,0.069306694
2017,276,8470,0,0.21028018
2017,276,8471,0,0.02780284
2017,276,8472,0,0.04013973
2017,276,8473,0,0.08856885
2017,276,8474,0,0.0912564
2017,276,8475,0,0.18868245
2017,276,8476,0,0.13865933
2017,276,8477,0,0.043350223
2017,276,8478,0,0.073652044
2017,276,8479,0,0.029279416
2017,276,8480,0,0.07460909
2017,276,8481,0,0.036702007
2017,276,8482,0,0.028483931
2017,276,8483,0,0.028550474
2017,276,8484,0,0.02901591
2017,276,8485,0,0.038819306
2017,392,8401,0,0.36997965
2017,392,8402,0,0.37196514
2017,392,8403,0,0.2062375
2017,392,8404,0,0.29012355
2017,392,8405,0,0.18623155
2017,392,8406,1,0.19526528
2017,392,8407,0,0.05306966
2017,392,8408,0,0.049227446
2017,392,8409,0,0.027300457
2017,392,8411,0,0.06430639
2017,392,8412,0,0.07869013
2017,392,8413,0,0.035488762
2017,392,8414,0,0.0379018
2017,392,8415,0,0.03867157
2017,392,8416,0,0.15640324
2017,392,8417,0,0.15197289
2017,392,8418,0,0.05361234
2017,392,8419,0,0.10101561
2017,392,8420,0,0.19727902
2017,392,8421,0,0.045760237
2017,392,8422,0,0.051193334
2017,392,8423,0,0.074155234
2017,392,8424,0,0.03703317
2017,392,8425,0,0.07243916
2017,392,8426,0,0.121017486
2017,392,8427,0,0.024176745
2017,392,8428,0,0.08397867
2017,392,8429,0,0.05256096
2017,392,8430,0,0.10458654
2017,392,8431,0,0.032278627
2017,392,8432,1,0.088822685
2017,392,8433,0,0.06025455
2017,392,8434,1,0.36645147
2017,392,8435,1,0.36091715
2017,392,8436,0,0.09443366
2017,392,8437,0,0.13883786
2017,392,8438,0,0.06803721
2017,392,8439,0,0.17980188
2017,392,8440,0,0.16304232
2017,392,8441,0,0.094332024
2017,392,8442,0,0.15932877
2017,392,8443,0,0.04236599
2017,392,8444,1,0.37814966
2017,392,8445,0,0.30908275
2017,392,8446,0,0.2295465
2017,392,8447,1,0.11780495
2017,392,8448,0,0.0696408
2017,392,8449,1,0.27220404
2017,392,8450,0,0.15801623
2017,392,8451,0,0.06471685
2017,392,8452,0,0.0378532
2017,392,8453,1,0.14943309
2017,392,8454,0,0.18003203
2017,392,8455,0,0.18103097
2017,392,8456,0,0.09542414
2017,392,8457,0,0.12981638
2017,392,8458,0,0.09752743
2017,392,8459,0,0.091668285
2017,392,8460,0,0.09547622
2017,392,8461,0,0.13204151
2017,392,8462,0,0.0982132
2017,392,8463,0,0.12533942
2017,392,8464,0,0.14461401
2017,392,8465,0,0.07866512
2017,392,8466,0,0.03436569
2017,392,8467,0,0.047478475
2017,392,8468,0,0.11414004
2017,392,8469,1,0.23101516
2017,392,8470,0,0.19206512
2017,392,8471,0,0.030144092
2017,392,8472,1,0.05874698
2017,392,8473,0,0.08607919
2017,392,8474,0,0.08572518
2017,392,8475,0,0.21119991
2017,392,8476,0,0.18580028
2017,392,8477,0,0.055401426
2017,392,8478,0,0.37030545
2017,392,8479,0,0.06972374
2017,392,8480,0,0.068355374
2017,392,8481,0,0.03711432
2017,392,8482,0,0.024238389
2017,392,8483,0,0.034000874
2017,392,8484,0,0.035590474
2017,392,8485,0,0.0596602
2017,156,8401,0,0.18057631
2017,156,8402,0,0.06542312
2017,156,8403,0,0.028574776
2017,156,8404,0,0.31698158
2017,156,8405,0,0.1467299
2017,156,8406,1,0.15326697
2017,156,8407,0,0.038065646
2017,156,8408,0,0.026513351
2017,156,8409,0,0.020616058
2017,156,8411,0,0.04619331
2017,156,8412,0,0.025004989
2017,156,8413,0,0.03031353
2017,156,8414,0,0.031845048
2017,156,8415,0,0.04078265
2017,156,8416,0,0.09430239
2017,156,8417,0,0.066230774
2017,156,8418,0,0.037485782
2017,156,8419,0,0.08815473
2017,156,8420,0,0.05992045
2017,156,8421,0,0.023304755
2017,156,8422,0,0.018297624
2017,156,8423,0,0.03376772
2017,156,8424,0,0.025403557
2017,156,8425,0,0.04457366
2017,156,8426,0,0.0639076
2017,156,8427,0,0.027652277
2017,156,8428,0,0.044285942
2017,156,8431,0,0.018231813
2017,156,8432,0,0.020800086
2017,156,8433,0,0.03954953
2017,156,8434,0,0.09352925
2017,156,8436,0,0.016286198
2017,156,8439,0,0.10257873
2017,156,8440,0,0.057093345
2017,156,8441,0,0.05449658
2017,156,8442,0,0.06589235
2017,156,8443,0,0.020457223
2017,156,8444,0,0.1427946
2017,156,8445,0,0.06352596
2017,156,8446,0,0.16635194
2017,156,8447,0,0.06860793
2017,156,8448,0,0.01884741
2017,156,8449,0,0.17198846
2017,156,8450,0,0.09891921
2017,156,8451,0,0.037262507
2017,156,8452,0,0.024679188
2017,156,8453,0,0.046985317
2017,156,8454,0,0.10508032
2017,156,8455,0,0.08154881
2017,156,8456,0,0.029382043
2017,156,8457,0,0.05267663
2017,156,8458,0,0.025347622
2017,156,8459,0,0.036375754
2017,156,8460,0,0.022718243
2017,156,8461,0,0.029155554
2017,156,8462,0,0.024647161
2017,156,8463,0,0.047052585
2017,156,8464,0,0.05489007
2017,156,8465,0,0.05663436
2017,156,8466,0,0.020342438
2017,156,8467,0,0.027925022
2017,156,8468,0,0.054379247
2017,156,8470,0,0.09604774
2017,156,8471,0,0.019846769
2017,156,8472,0,0.032650348
2017,156,8473,0,0.060881473
2017,156,8475,0,0.21436262
2017,156,8476,0,0.076384924
2017,156,8477,0,0.021373814
2017,156,8479,0,0.016753186
2017,156,8480,0,0.04874446
2017,156,8481,0,0.039630048
2017,156,8482,0,0.020990241
2017,156,8483,0,0.024855917
2017,156,8484,0,0.03471293
2017,380,8401,1,0.5170242
2017,380,8402,0,0.24732535
2017,380,8403,0,0.051129863
2017,380,8404,0,0.37001047
2017,380,8405,0,0.42671016
2017,380,8406,0,0.22367436
2017,380,8407,0,0.13895707
2017,380,8408,0,0.046144847
2017,380,8409,0,0.033412084
2017,380,8411,0,0.088780575
2017,380,8412,0,0.08758166
2017,380,8413,0,0.042696856
2017,380,8414,0,0.03940235
2017,380,8415,0,0.061327852
2017,380,8416,0,0.1443053
2017,380,8417,0,0.20802318
2017,380,8418,0,0.047679525
2017,380,8419,0,0.13717672
2017,380,8420,0,0.12784009
2017,380,8421,0,0.07101632
2017,380,8422,0,0.06536976
2017,380,8423,0,0.06620387
2017,380,8424,0,0.03933545
2017,380,8425,0,0.11809
2017,380,8426,0,0.09324036
2017,380,8427,0,0.039403915
2017,380,8428,0,0.086946085
2017,380,8429,0,0.025539901
2017,380,8430,0,0.0949811
2017,380,8431,0,0.02442234
2017,380,8432,0,0.04508256
2017,380,8433,0,0.062740706
2017,380,8434,0,0.0665088
2017,380,8435,0,0.11814677
2017,380,8436,0,0.032939
2017,380,8437,0,0.21091498
2017,380,8438,0,0.07005438
2017,380,8439,0,0.122322746
2017,380,8440,0,0.12694907
2017,380,8441,0,0.12454257
2017,380,8442,0,0.14760976
2017,380,8443,0,0.020443842
2017,380,8444,0,0.12317489
2017,380,8445,0,0.18236558
2017,380,8446,0,0.23346545
2017,380,8447,0,0.15080392
2017,380,8448,0,0.05154165
2017,380,8449,0,0.28018692
2017,380,8450,0,0.0640633
2017,380,8451,0,0.027149288
2017,380,8453,0,0.04785473
2017,380,8454,0,0.113088034
2017,380,8455,0,0.20301777
2017,380,8456,0,0.100997865
2017,380,8457,0,0.082121685
2017,380,8458,0,0.056795992
2017,380,8459,0,0.08488808
2017,380,8460,0,0.061614137
2017,380,8461,0,0.06502163
2017,380,8462,0,0.052751407
2017,380,8463,0,0.0730884
2017,380,8464,0,0.072838984
2017,380,8465,0,0.057927225
2017,380,8466,0,0.038367126
2017,380,8467,0,0.04441262
2017,380,8468,0,0.27385542
2017,380,8470,0,0.16087471
2017,380,8471,0,0.028103793
2017,380,8472,0,0.100757174
2017,380,8473,0,0.07721395
2017,380,8474,0,0.09951797
2017,380,8475,0,0.09794525
2017,380,8476,0,0.1719964
2017,380,8477,0,0.032276772
2017,380,8478,0,0.23842467
2017,380,8479,0,0.026472969
2017,380,8480,0,0.08231744
2017,380,8481,0,0.040452555
2017,380,8482,0,0.049561355
2017,380,8483,0,0.050375976
2017,380,8484,0,0.07789302
2017,380,8485,0,0.08816691
2017,826,8401,0,0.29295847
2017,826,8402,0,0.14145425
2017,826,8403,0,0.43761972
2017,826,8404,0,0.1794791
2017,826,8405,1,0.5332342
2017,826,8406,0,0.20471
2017,826,8407,0,0.09157343
2017,826,8408,0,0.11026391
2017,826,8409,0,0.026365628
2017,826,8410,0,0.16055006
2017,826,8411,0,0.055525202
2017,826,8412,0,0.09375625
2017,826,8413,0,0.04027593
2017,826,8414,0,0.042201173
2017,826,8415,0,0.055849496
2017,826,8416,0,0.14045957
2017,826,8417,0,0.11606336
2017,826,8418,0,0.050873328
2017,826,8419,0,0.124685116
2017,826,8420,0,0.21652237
2017,826,8421,0,0.06793385
2017,826,8422,0,0.058372803
2017,826,8423,0,0.059107285
2017,826,8424,0,0.037054613
2017,826,8425,0,0.20206486
2017,826,8426,0,0.10616974
2017,826,8427,0,0.040886723
2017,826,8428,0,0.068229884
2017,826,8429,0,0.02058172
2017,826,8430,0,0.25510627
2017,826,8431,0,0.11537571
2017,826,8432,0,0.039479416
2017,826,8433,0,0.07455053
2017,826,8434,0,0.12978138
2017,826,8435,0,0.40217376
2017,826,8436,0,0.05796865
2017,826,8437,0,0.097091235
2017,826,8438,0,0.04567797
2017,826,8439,0,0.18545304
2017,826,8440,0,0.1537907
2017,826,8441,0,0.115915835
2017,826,8442,0,0.113679826
2017,826,8443,0,0.038315155
2017,826,8444,0,0.28615054
2017,826,8445,0,0.24562135
2017,826,8446,0,0.48911935
2017,826,8447,0,0.11830753
2017,826,8448,0,0.057510063
2017,826,8449,0,0.75066435
2017,826,8450,0,0.16977611
2017,826,8451,0,0.06263568
2017,826,8453,0,0.1891979
2017,826,8454,0,0.18529569
2017,826,8455,0,0.2069722
2017,826,8456,0,0.10237294
2017,826,8457,0,0.1897709
2017,826,8458,0,0.1352028
2017,826,8459,0,0.11932761
2017,826,8460,0,0.06139866
2017,826,8461,0,0.18478228
2017,826,8462,0,0.122551315
2017,826,8463,0,0.11084772
2017,826,8464,0,0.09616737
2017,826,8465,0,0.06523804
2017,826,8466,0,0.022496969
2017,826,8467,0,0.026736753
2017,826,8468,0,0.16376005
2017,826,8470,0,0.31402215
2017,826,8471,0,0.035259545
2017,826,8472,0,0.06069046
2017,826,8473,0,0.07401068
2017,826,8474,0,0.12598985
2017,826,8475,0,0.14941609
2017,826,8476,0,0.14658386
2017,826,8477,0,0.03296565
2017,826,8478,1,0.18101454
2017,826,8479,0,0.027036246
2017,826,8480,0,0.12670304
2017,826,8481,0,0.060416237
2017,826,8482,0,0.025523072
2017,826,8483,0,0.046264213
2017,826,8484,0,0.043291748
2017,826,8485,0,0.058500145
2017,251,8401,1,0.6848117
2017,251,8403,0,0.10787673
2017,251,8404,0,0.28902048
2017,251,8405,1,0.5189055
2017,251,8406,1,0.22578797
2017,251,8407,0,0.14548492
2017,251,8408,0,0.07866792
2017,251,8409,0,0.034092244
2017,251,8411,0,0.10100009
2017,251,8412,0,0.13169791
2017,251,8413,0,0.067025505
2017,251,8414,0,0.065958954
2017,251,8415,0,0.07416735
2017,251,8416,0,0.52599806
2017,251,8417,0,0.17616689
2017,251,8418,0,0.082508735
2017,251,8419,0,0.1200227
2017,251,8420,0,0.20970997
2017,251,8421,0,0.08863055
2017,251,8422,0,0.075087
2017,251,8424,0,0.08437953
2017,251,8425,0,0.14327413
2017,251,8426,0,0.18973525
2017,251,8427,0,0.06299889
2017,251,8428,0,0.1263225
2017,251,8429,0,0.048142236
2017,251,8430,0,0.11945889
2017,251,8431,0,0.02946913
2017,251,8432,0,0.039108638
2017,251,8433,0,0.06791662
2017,251,8434,0,0.116796546
2017,251,8435,0,0.14016262
2017,251,8436,0,0.059271574
2017,251,8438,0,0.078387104
2017,251,8439,0,0.1672527
2017,251,8441,0,0.17457233
2017,251,8442,1,0.26125455
2017,251,8443,0,0.03462215
2017,251,8444,0,0.1373631
2017,251,8445,0,0.23945817
2017,251,8446,0,0.1684613
2017,251,8447,0,0.43159205
2017,251,8448,0,0.078352064
2017,251,8449,0,0.2576764
2017,251,8450,0,0.16248287
2017,251,8451,0,0.039639257
2017,251,8453,0,0.29553047
2017,251,8454,0,0.19676667
2017,251,8455,0,0.18340202
2017,251,8456,0,0.15283687
2017,251,8457,1,0.17084652
2017,251,8458,0,0.19028692
2017,251,8459,0,0.13568887
2017,251,8460,0,0.106533155
2017,251,8461,0,0.12720431
2017,251,8462,0,0.13469057
2017,251,8463,0,0.21695714
2017,251,8464,0,0.14718863
2017,251,8465,0,0.1555869
2017,251,8466,0,0.030078212
2017,251,8467,0,0.0953839
2017,251,8468,1,0.18342684
2017,251,8470,0,0.20047115
2017,251,8471,0,0.029100375
2017,251,8472,1,0.08346054
2017,251,8473,0,0.07452005
2017,251,8475,0,0.20053597
2017,251,8476,0,0.15458407
2017,251,8477,0,0.07227577
2017,251,8478,0,0.2909535
2017,251,8479,0,0.038752608
2017,251,8480,0,0.08707133
2017,251,8481,0,0.054255333
2017,251,8482,0,0.0397056
2017,251,8483,0,0.06417398
2017,251,8484,0,0.09650031
2017,251,8485,0,0.1239492
2017,490,8402,1,0.18095152
2017,490,8403,1,0.72229815
2017,490,8404,1,0.23051727
2017,490,8405,0,0.5131134
2017,490,8406,1,0.7627555
2017,490,8407,0,0.18507892
2017,490,8408,0,0.09412361
2017,490,8409,0,0.038859118
2017,490,8410,0,0.7381966
2017,490,8411,0,0.12594968
2017,490,8412,0,0.10405616
2017,490,8413,0,0.045806866
2017,490,8414,0,0.036249496
2017,490,8415,0,0.0499259
2017,490,8416,0,0.16537957
2017,490,8417,0,0.19815998
2017,490,8418,0,0.038951475
2017,490,8419,0,0.071055554
2017,490,8420,0,0.43915293
2017,490,8421,0,0.052393273
2017,490,8422,0,0.049775727
2017,490,8423,0,0.07090696
2017,490,8424,0,0.043562558
2017,490,8425,0,0.16349669
2017,490,8426,1,0.16973765
2017,490,8427,0,0.07931698
2017,490,8428,0,0.13124931
2017,490,8429,0,0.4234865
2017,490,8430,0,0.16965781
2017,490,8431,0,0.0723833
2017,490,8432,0,0.15605822
2017,490,8433,0,0.07810279
2017,490,8434,0,0.24017906
2017,490,8435,1,0.21521142
2017,490,8436,0,0.101963095
2017,490,8437,0,0.12018424
2017,490,8438,0,0.05411152
2017,490,8439,0,0.24035269
2017,490,8440,0,0.23995137
2017,490,8441,0,0.08489952
2017,490,8442,0,0.2037987
2017,490,8443,0,0.039760128
2017,490,8444,0,0.21970786
2017,490,8445,1,0.20923503
2017,490,8446,0,0.18454151
2017,490,8447,0,0.0708879
2017,490,8448,0,0.0723005
2017,490,8449,1,0.6737912
2017,490,8450,1,0.14558361
2017,490,8451,0,0.09250692
2017,490,8452,0,0.04215883
2017,490,8453,0,0.16396904
2017,490,8454,0,0.20529374
2017,490,8455,0,0.1350352
2017,490,8456,0,0.14701279
2017,490,8457,0,0.08340225
2017,490,8458,0,0.086561665
2017,490,8459,0,0.18108454
2017,490,8460,0,0.08309774
2017,490,8461,0,0.11158855
2017,490,8462,0,0.08857588
2017,490,8463,0,0.11961813
2017,490,8464,0,0.12502077
2017,490,8465,0,0.08691416
2017,490,8466,0,0.05707028
2017,490,8467,0,0.08026813
2017,490,8468,0,0.17297749
2017,490,8470,0,0.18558824
2017,490,8471,0,0.03895033
2017,490,8472,0,0.06791341
2017,490,8473,0,0.09218949
2017,490,8474,0,0.11417323
2017,490,8475,0,0.54616314
2017,490,8476,0,0.18852377
2017,490,8477,0,0.030699369
2017,490,8478,1,0.1479178
2017,490,8479,0,0.08980668
2017,490,8480,0,0.053627066
2017,490,8481,0,0.048093345
2017,490,8482,0,0.030230427
2017,490,8483,0,0.05218605
2017,490,8484,0,0.04349127
2017,490,8485,1,0.08564156
2017,702,8402,0,0.23928182
2017,702,8407,0,0.08594622
2017,702,8408,0,0.16016273
2017,702,8410,0,0.25413188
2017,702,8411,0,0.08452481
2017,702,8412,0,0.08986147
2017,702,8413,0,0.035546377
2017,702,8414,0,0.032081235
2017,702,8416,0,0.20429477
2017,702,8417,0,0.19615036
2017,702,8418,0,0.08171705
2017,702,8419,0,0.12758954
2017,702,8420,0,0.17500927
2017,702,8421,0,0.05218565
2017,702,8422,0,0.09501201
2017,702,8423,0,0.12311768
2017,702,8424,0,0.058800828
2017,702,8425,1,0.27334917
2017,702,8426,0,0.09739019
2017,702,8428,0,0.09348643
2017,702,8430,0,0.16124213
2017,702,8431,0,0.057942368
2017,702,8432,1,0.29314744
2017,702,8433,0,0.43055925
2017,702,8434,0,0.39326775
2017,702,8435,1,0.38362107
2017,702,8436,0,0.12987413
2017,702,8437,0,0.13087475
2017,702,8439,0,0.21677326
2017,702,8441,1,0.49798116
2017,702,8442,0,0.2347306
2017,702,8443,0,0.04092845
2017,702,8445,0,0.37070173
2017,702,8448,1,0.27419215
2017,702,8449,0,0.701528
2017,702,8451,0,0.11629297
2017,702,8452,0,0.13633734
2017,702,8453,1,0.20995939
2017,702,8454,0,0.20478112
2017,702,8455,1,0.24204358
2017,702,8456,0,0.12089681
2017,702,8457,0,0.3494632
2017,702,8458,0,0.1250945
2017,702,8459,0,0.15716329
2017,702,8460,0,0.13504897
2017,702,8461,1,0.30428958
2017,702,8462,0,0.14916629
2017,702,8463,0,0.25526622
2017,702,8464,0,0.17309417
2017,702,8465,0,0.1505975
2017,702,8466,0,0.16743852
2017,702,8467,0,0.09366723
2017,702,8468,1,0.14603297
2017,702,8470,0,0.16802894
2017,702,8471,1,0.023120826
2017,702,8473,0,0.045802306
2017,702,8474,0,0.12098807
2017,702,8475,0,0.4660665
2017,702,8477,0,0.07305499
2017,702,8478,1,0.23113702
2017,702,8479,0,0.06881474
2017,702,8480,0,0.15691417
2017,702,8481,0,0.07129543
2017,702,8482,0,0.03672052
2017,702,8483,0,0.028233329
2017,702,8484,0,0.08512303
2017,702,8485,0,0.07619806
2017,528,8401,1,0.18645225
2017,528,8403,0,0.072550066
2017,528,8404,1,0.5428192
2017,528,8405,1,0.25192288
2017,528,8407,0,0.15810277
2017,528,8408,0,0.057802975
2017,528,8409,0,0.05187874
2017,528,8410,1,0.2612411
2017,528,8411,0,0.14737655
2017,528,8412,0,0.06389894
2017,528,8413,0,0.042360567
2017,528,8414,0,0.06952769
2017,528,8415,0,0.064486094
2017,528,8416,0,0.18707563
2017,528,8417,0,0.15609358
2017,528,8418,0,0.07083845
2017,528,8419,0,0.095627315
2017,528,8420,0,0.18326506
2017,528,8421,0,0.0670437
2017,528,8422,0,0.09575224
2017,528,8423,0,0.09497156
2017,528,8424,0,0.053104702
2017,528,8425,0,0.11236502
2017,528,8426,0,0.15366459
2017,528,8427,0,0.035560567
2017,528,8428,0,0.079986416
2017,528,8429,0,0.04433778
2017,528,8430,0,0.079482526
2017,528,8431,0,0.02687689
2017,528,8432,0,0.029548235
2017,528,8433,0,0.075346366
2017,528,8434,0,0.09886479
2017,528,8435,1,0.60999334
2017,528,8436,0,0.04187431
2017,528,8437,0,0.09142908
2017,528,8438,0,0.045409396
2017,528,8439,1,0.2683085
2017,528,8440,0,0.120679446
2017,528,8441,0,0.13867536
2017,528,8442,0,0.14995208
2017,528,8443,0,0.04006639
2017,528,8444,0,0.39012665
2017,528,8445,0,0.45696947
2017,528,8446,0,0.20319901
2017,528,8447,1,0.4486924
2017,528,8448,0,0.15798955
2017,528,8449,1,0.7290197
2017,528,8450,0,0.2983667
2017,528,8451,0,0.0926278
2017,528,8453,0,0.25677472
2017,528,8454,1,0.42286882
2017,528,8455,0,0.22860193
2017,528,8456,0,0.09536407
2017,528,8457,0,0.1705882
2017,528,8458,0,0.13193989
2017,528,8459,0,0.18375655
2017,528,8460,0,0.14953203
2017,528,8461,0,0.15606132
2017,528,8462,0,0.10139433
2017,528,8463,1,0.4772324
2017,528,8464,0,0.13671595
2017,528,8465,0,0.21457632
2017,528,8466,0,0.05211005
2017,528,8467,0,0.05458953
2017,528,8468,0,0.26021832
2017,528,8470,0,0.23029728
2017,528,8471,0,0.024828441
2017,528,8472,0,0.08476196
2017,528,8473,0,0.12808025
2017,528,8474,0,0.11443134
2017,528,8475,0,0.16145599
2017,528,8476,0,0.28440496
2017,528,8477,0,0.10389608
2017,528,8478,0,0.13477373
2017,528,8479,0,0.06184877
2017,528,8480,0,0.09334162
2017,528,8481,0,0.047228638
2017,528,8482,0,0.052783404
2017,528,8483,0,0.043288253
2017,528,8484,0,0.07911232
2017,528,8485,0,0.10883347
2017,410,8401,1,0.62289923
2017,410,8402,1,0.26018828
2017,410,8403,0,0.077148534
2017,410,8404,1,0.13418187
2017,410,8405,1,0.2647464
2017,410,8406,0,0.2646117
2017,410,8407,0,0.06657137
2017,410,8408,0,0.054377675
2017,410,8409,0,0.029198553
2017,410,8410,0,0.26061955
2017,410,8411,0,0.07691353
2017,410,8412,0,0.09869184
2017,410,8413,0,0.028211012
2017,410,8414,0,0.03661615
2017,410,8415,0,0.045291346
2017,410,8416,1,0.20159557
2017,410,8417,0,0.13778767
2017,410,8418,0,0.12267404
2017,410,8419,0,0.15709257
2017,410,8420,0,0.22664769
2017,410,8421,0,0.038178526
2017,410,8422,0,0.081207514
2017,410,8423,0,0.081723996
2017,410,8424,0,0.03353294
2017,410,8425,0,0.13734701
2017,410,8426,0,0.14570113
2017,410,8427,0,0.05736751
2017,410,8428,0,0.05796423
2017,410,8429,0,0.039802447
2017,410,8431,0,0.032206286
2017,410,8432,0,0.13105467
2017,410,8433,0,0.4333032
2017,410,8434,1,0.22060598
2017,410,8435,0,0.12960665
2017,410,8436,0,0.6525728
2017,410,8437,0,0.093600705
2017,410,8438,0,0.1058134
2017,410,8439,0,0.14423318
2017,410,8440,0,0.12579143
2017,410,8441,0,0.083723776
2017,410,8442,0,0.30299506
2017,410,8443,0,0.031931538
2017,410,8444,0,0.16172446
2017,410,8445,0,0.36434355
2017,410,8446,0,0.21656121
2017,410,8447,1,0.15528274
2017,410,8448,0,0.12746686
2017,410,8449,0,0.1748058
2017,410,8450,1,0.05123518
2017,410,8451,0,0.09449988
2017,410,8452,0,0.1255012
2017,410,8453,0,0.18060978
2017,410,8454,0,0.16607095
2017,410,8455,0,0.16576226
2017,410,8456,1,0.16450338
2017,410,8457,0,0.11805039
2017,410,8458,0,0.08108798
2017,410,8459,0,0.1045573
2017,410,8460,0,0.13431014
2017,410,8461,0,0.14920114
2017,410,8462,0,0.09415704
2017,410,8463,0,0.12542586
2017,410,8464,0,0.2711361
2017,410,8465,1,0.11102975
2017,410,8466,0,0.05782807
2017,410,8467,0,0.05354186
2017,410,8468,0,0.19963937
2017,410,8470,0,0.24856083
2017,410,8471,0,0.035002254
2017,410,8472,0,0.0648424
2017,410,8473,0,0.10487845
2017,410,8474,0,0.10098619
2017,410,8475,0,0.39156067
2017,410,8476,0,0.14026935
2017,410,8477,0,0.054266833
2017,410,8478,0,0.3860299
2017,410,8479,0,0.055404697
2017,410,8480,0,0.059165843
2017,410,8481,0,0.03549678
2017,410,8482,0,0.0314202
2017,410,8483,0,0.034342967
2017,410,8484,0,0.039763223
2017,410,8485,0,0.06935262
2017,458,8404,1,0.45668763
2017,458,8405,1,0.4419949
2017,458,8407,0,0.28056672
2017,458,8408,0,0.19608171
2017,458,8411,0,0.13160145
2017,458,8412,0,0.15869969
2017,458,8413,0,0.072266124
2017,458,8414,0,0.051912397
2017,458,8415,0,0.03186336
2017,458,8416,0,0.5514585
2017,458,8417,0,0.2431241
2017,458,8418,0,0.10402858
2017,458,8419,0,0.15060881
2017,458,8420,0,0.23002286
2017,458,8421,0,0.061400775
2017,458,8422,0,0.10767351
2017,458,8423,0,0.122691914
2017,458,8424,0,0.053503443
2017,458,8425,0,0.26928425
2017,458,8426,0,0.17698126
2017,458,8427,0,0.13763411
2017,458,8428,0,0.100231506
2017,458,8430,0,0.22306165
2017,458,8431,0,0.08721857
2017,458,8433,0,0.1601358
2017,458,8436,0,0.08300716
2017,458,8437,0,0.26202673
2017,458,8438,0,0.13843745
2017,458,8439,1,0.28515202
2017,458,8441,0,0.1664723
2017,458,8442,1,0.42016274
2017,458,8443,0,0.13457419
2017,458,8445,0,0.4394206
2017,458,8447,0,0.31508133
2017,458,8448,0,0.17851676
2017,458,8450,1,0.3181231
2017,458,8451,0,0.092004135
2017,458,8452,1,0.20519307
2017,458,8453,1,0.51182085
2017,458,8454,0,0.2039344
2017,458,8455,0,0.16933317
2017,458,8456,1,0.35656306
2017,458,8457,0,0.31160408
2017,458,8458,0,0.17774123
2017,458,8459,0,0.19110413
2017,458,8460,0,0.16649422
2017,458,8461,1,0.35650104
2017,458,8462,0,0.119926676
2017,458,8463,1,0.18872204
2017,458,8464,1,0.5626273
2017,458,8465,0,0.1625015
2017,458,8466,0,0.15821834
2017,458,8467,0,0.10505763
2017,458,8468,0,0.23976889
2017,458,8470,0,0.1616798
2017,458,8472,1,0.18851596
2017,458,8473,0,0.06792146
2017,458,8474,0,0.15673816
2017,458,8475,0,0.24648482
2017,458,8476,0,0.27908674
2017,458,8477,0,0.07729893
2017,458,8478,1,0.3669782
2017,458,8479,0,0.101031154
2017,458,8480,0,0.09247723
2017,458,8481,0,0.06506366
2017,458,8482,0,0.044777293
2017,458,8484,0,0.07913275
2017,458,8485,0,0.43744832
2017,124,8401,0,0.4441119
2017,124,8402,1,0.7260656
2017,124,8403,0,0.18881112
2017,124,8404,0,0.3130015
2017,124,8405,1,0.72638506
2017,124,8406,1,0.49314758
2017,124,8407,0,0.08565952
2017,124,8408,0,0.18085442
2017,124,8409,0,0.04365351
2017,124,8410,0,0.22150737
2017,124,8411,0,0.065424904
2017,124,8412,0,0.10429526
2017,124,8413,0,0.065465994
2017,124,8414,0,0.12809166
2017,124,8415,0,0.11091381
2017,124,8416,0,0.17282882
2017,124,8417,0,0.12386978
2017,124,8418,0,0.1282595
2017,124,8419,0,0.101907864
2017,124,8420,1,0.60401845
2017,124,8421,0,0.11642949
2017,124,8422,0,0.11486038
2017,124,8423,0,0.11859234
2017,124,8424,0,0.07755668
2017,124,8425,0,0.12922007
2017,124,8426,0,0.28484124
2017,124,8427,0,0.1411326
2017,124,8428,0,0.13872999
2017,124,8429,0,0.18017213
2017,124,8430,0,0.22564255
2017,124,8431,0,0.047207944
2017,124,8432,0,0.10831439
2017,124,8433,0,0.09057658
2017,124,8434,0,0.53168017
2017,124,8436,0,0.071877696
2017,124,8437,0,0.20486653
2017,124,8438,0,0.09386853
2017,124,8439,0,0.17134574
2017,124,8440,0,0.2072541
2017,124,8441,0,0.13653782
2017,124,8442,1,0.19411924
2017,124,8443,0,0.07806796
2017,124,8445,0,0.31533316
2017,124,8448,0,0.23268932
2017,124,8451,0,0.21988727
2017,124,8452,0,0.21615952
2017,124,8454,0,0.1589315
2017,124,8455,0,0.42414427
2017,124,8456,0,0.22206034
2017,124,8457,0,0.26497942
2017,124,8458,0,0.20798007
2017,124,8459,1,0.22402923
2017,124,8460,0,0.18262617
2017,124,8461,0,0.16492254
2017,124,8462,1,0.21481612
2017,124,8463,1,0.58719426
2017,124,8464,1,0.1272871
2017,124,8465,0,0.11306362
2017,124,8466,0,0.05369466
2017,124,8467,0,0.06397601
2017,124,8468,0,0.20280412
2017,124,8470,0,0.28624508
2017,124,8471,0,0.038570862
2017,124,8472,0,0.14154749
2017,124,8473,0,0.10636316
2017,124,8474,0,0.15356421
2017,124,8475,0,0.57459027
2017,124,8476,0,0.29052636
2017,124,8477,0,0.0911162
2017,124,8478,1,0.57912165
2017,124,8479,0,0.07707339
2017,124,8480,0,0.09951697
2017,124,8481,0,0.09266346
2017,124,8482,0,0.04832394
2017,124,8483,0,0.058567043
2017,124,8484,0,0.15809713
2017,124,8485,0,0.082298376
2017,484,8402,0,0.4551215
2017,484,8403,0,0.32310718
2017,484,8404,0,0.31003436
2017,484,8406,0,0.27869892
2017,484,8407,0,0.10119984
2017,484,8408,0,0.11788104
2017,484,8409,0,0.044516448
2017,484,8411,0,0.10936487
2017,484,8412,0,0.1280856
2017,484,8413,0,0.062389717
2017,484,8414,0,0.101827614
2017,484,8415,0,0.13260363
2017,484,8416,0,0.3086833
2017,484,8417,0,0.21057375
2017,484,8418,0,0.11861933
2017,484,8419,0,0.116032645
2017,484,8420,0,0.5050548
2017,484,8421,0,0.12960099
2017,484,8422,0,0.16636921
2017,484,8423,0,0.12072256
2017,484,8424,0,0.09531603
2017,484,8425,0,0.09742027
2017,484,8426,0,0.2691588
2017,484,8427,0,0.41932398
2017,484,8428,0,0.14000644
2017,484,8429,0,0.29676318
2017,484,8430,0,0.21388038
2017,484,8431,0,0.073537156
2017,484,8432,0,0.18368155
2017,484,8433,0,0.09050204
2017,484,8434,0,0.28757575
2017,484,8436,0,0.19721887
2017,484,8437,1,0.2048768
2017,484,8438,1,0.16995749
2017,484,8439,0,0.18592599
2017,484,8441,1,0.28143787
2017,484,8442,0,0.44292477
2017,484,8443,0,0.080478266
2017,484,8450,0,0.09029141
2017,484,8451,0,0.13460302
2017,484,8453,0,0.23311262
2017,484,8455,1,0.74313307
2017,484,8456,0,0.1707072
2017,484,8457,1,0.479339
2017,484,8458,0,0.20294975
2017,484,8459,0,0.4112374
2017,484,8460,1,0.4305212
2017,484,8461,0,0.6419876
2017,484,8462,0,0.15811598
2017,484,8463,1,0.56040245
2017,484,8465,0,0.15471543
2017,484,8466,0,0.08977175
2017,484,8467,0,0.07486916
2017,484,8468,0,0.22456285
2017,484,8470,0,0.46267793
2017,484,8471,0,0.07012913
2017,484,8472,0,0.23769884
2017,484,8473,0,0.23962769
2017,484,8475,0,0.24989815
2017,484,8476,0,0.23463394
2017,484,8477,0,0.105613254
2017,484,8479,0,0.10624862
2017,484,8480,0,0.14187367
2017,484,8481,0,0.060310476
2017,484,8482,0,0.054902267
2017,484,8483,0,0.064569324
2017,484,8484,0,0.1273216
2017,484,8485,0,0.08004906
2017,757,8402,0,0.199991
2017,757,8403,0,0.17071533
2017,757,8404,0,0.5327011
2017,757,8406,0,0.18877651
2017,757,8407,1,0.33566016
2017,757,8408,0,0.17137958
2017,757,8409,0,0.06717973
2017,757,8411,1,0.063172914
2017,757,8412,0,0.113347255
2017,757,8413,0,0.050831832
2017,757,8414,0,0.052262757
2017,757,8415,0,0.089796975
2017,757,8416,0,0.15051015
2017,757,8417,0,0.17838795
2017,757,8418,0,0.11151037
2017,757,8419,0,0.1339671
2017,757,8420,0,0.44765458
2017,757,8421,0,0.060067885
2017,757,8422,0,0.100984745
2017,757,8423,1,0.093746044
2017,757,8424,0,0.052367426
2017,757,8425,0,0.19399822
2017,757,8426,0,0.27797952
2017,757,8427,0,0.122005925
2017,757,8428,0,0.0767488
2017,757,8429,0,0.11729143
2017,757,8430,0,0.18103059
2017,757,8431,0,0.038807724
2017,757,8432,0,0.11068456
2017,757,8433,0,0.13832898
2017,757,8434,0,0.2422886
2017,757,8435,0,0.1888247
2017,757,8436,0,0.1315768
2017,757,8437,0,0.1318418
2017,757,8438,0,0.058411445
2017,757,8439,0,0.16890389
2017,757,8440,0,0.15507375
2017,757,8441,0,0.09302381
2017,757,8442,0,0.17955099
2017,757,8443,0,0.048402783
2017,757,8445,0,0.26694393
2017,757,8446,0,0.15248843
2017,757,8447,1,0.28482395
2017,757,8448,0,0.042450186
2017,757,8449,0,0.5492983
2017,757,8450,0,0.17582527
2017,757,8451,0,0.06213793
2017,757,8452,0,0.092644855
2017,757,8453,0,0.13018292
2017,757,8454,0,0.3146942
2017,757,8455,0,0.21106347
2017,757,8456,0,0.13322696
2017,757,8457,0,0.12066012
2017,757,8458,0,0.12504846
2017,757,8459,0,0.21294883
2017,757,8460,0,0.110032156
2017,757,8461,0,0.17086375
2017,757,8462,0,0.14848351
2017,757,8463,0,0.15603647
2017,757,8464,0,0.1340234
2017,757,8465,0,0.13225791
2017,757,8466,0,0.026996706
2017,757,8467,0,0.08983925
2017,757,8468,1,0.3122497
2017,757,8470,0,0.23395725
2017,757,8471,0,0.030957043
2017,757,8472,1,0.09517318
2017,757,8473,0,0.08572533
2017,757,8474,1,0.171039
2017,757,8475,0,0.3764184
2017,757,8476,0,0.15186118
2017,757,8477,0,0.06650294
2017,757,8478,0,0.13845588
2017,757,8479,0,0.04179942
2017,757,8480,0,0.108347744
2017,757,8481,0,0.058084853
2017,757,8482,0,0.05273339
2017,757,8483,0,0.062402993
2017,757,8484,0,0.07180708
2017,757,8485,0,0.09572229
2017,764,8402,1,0.2951816
2017,764,8403,1,0.5977143
2017,764,8405,0,0.6197587
2017,764,8406,0,0.38854823
2017,764,8407,0,0.11538116
2017,764,8408,0,0.3071478
2017,764,8409,0,0.02829667
2017,764,8411,0,0.21196328
2017,764,8412,0,0.19053923
2017,764,8413,0,0.053070642
2017,764,8414,0,0.036339454
2017,764,8415,0,0.03270074
2017,764,8418,0,0.054010507
2017,764,8419,0,0.104560375
2017,764,8420,0,0.23128513
2017,764,8421,0,0.059850134
2017,764,8422,0,0.08679465
2017,764,8423,0,0.16626783
2017,764,8425,0,0.15567155
2017,764,8426,0,0.18733165
2017,764,8428,0,0.07465819
2017,764,8429,0,0.18157104
2017,764,8431,0,0.072018
2017,764,8434,1,0.17885248
2017,764,8437,0,0.15392317
2017,764,8438,0,0.13921061
2017,764,8439,0,0.19521263
2017,764,8440,0,0.22543286
2017,764,8441,1,0.4269951
2017,764,8442,0,0.27069443
2017,764,8443,0,0.06003183
2017,764,8445,0,0.24278046
2017,764,8447,0,0.3166504
2017,764,8448,1,0.17474458
2017,764,8450,0,0.09800749
2017,764,8451,0,0.079269014
2017,764,8452,0,0.07854597
2017,764,8453,0,0.15873621
2017,764,8454,1,0.31892622
2017,764,8455,1,0.54441285
2017,764,8456,0,0.22986911
2017,764,8457,0,0.22232607
2017,764,8458,0,0.19482711
2017,764,8459,0,0.19432296
2017,764,8460,0,0.2036551
2017,764,8461,1,0.3633767
2017,764,8462,0,0.15660405
2017,764,8463,0,0.32126358
2017,764,8464,0,0.45061144
2017,764,8466,0,0.12742126
2017,764,8467,0,0.117812365
2017,764,8468,1,0.35292304
2017,764,8470,0,0.19763888
2017,764,8471,0,0.14032973
2017,764,8472,1,0.18502481
2017,764,8473,0,0.1096378
2017,764,8475,0,0.25146782
2017,764,8476,0,0.26540267
2017,764,8477,0,0.06313562
2017,764,8479,0,0.05472567
2017,764,8480,0,0.1025601
2017,764,8481,0,0.029094752
2017,764,8482,0,0.03391763
2017,764,8483,0,0.031706184
2017,764,8484,0,0.04321122
2017,764,8485,0,0.07326268
2017,752,8401,0,0.55319136
2017,752,8402,1,0.58615464
2017,752,8403,1,0.3082287
2017,752,8404,0,0.18302771
2017,752,8405,0,0.28338104
2017,752,8406,0,0.57696
2017,752,8407,0,0.23252602
2017,752,8408,0,0.1697365
2017,752,8409,0,0.10586869
2017,752,8410,0,0.2017649
2017,752,8412,0,0.043753553
2017,752,8413,0,0.052058812
2017,752,8414,0,0.07043915
2017,752,8415,0,0.101067245
2017,752,8416,0,0.15787286
2017,752,8417,0,0.29514608
2017,752,8418,0,0.078072175
2017,752,8419,0,0.12792347
2017,752,8420,0,0.20439564
2017,752,8421,0,0.06322579
2017,752,8422,0,0.084063664
2017,752,8423,0,0.10897197
2017,752,8424,0,0.047662772
2017,752,8425,0,0.12780167
2017,752,8426,0,0.14237006
2017,752,8427,0,0.035700016
2017,752,8428,0,0.09814645
2017,752,8429,0,0.045669157
2017,752,8430,0,0.18449625
2017,752,8431,0,0.029890059
2017,752,8432,0,0.05826179
2017,752,8433,0,0.123964995
2017,752,8434,0,0.09571672
2017,752,8436,0,0.14847006
2017,752,8437,0,0.29005378
2017,752,8438,0,0.060951773
2017,752,8439,0,0.21772228
2017,752,8440,0,0.1792033
2017,752,8441,0,0.114425845
2017,752,8442,0,0.27020696
2017,752,8443,0,0.08542315
2017,752,8447,0,0.83529145
2017,752,8448,0,0.20357521
2017,752,8449,0,0.67206514
2017,752,8450,0,0.11640045
2017,752,8451,0,0.17310165
2017,752,8452,0,0.3117314
2017,752,8453,1,0.53196496
2017,752,8454,0,0.27546132
2017,752,8455,0,0.1822142
2017,752,8456,1,0.11345347
2017,752,8458,0,0.15366971
2017,752,8459,0,0.2739783
2017,752,8460,0,0.09911285
2017,752,8461,1,0.6664489
2017,752,8462,0,0.16954508
2017,752,8463,0,0.19359821
2017,752,8464,0,0.11481558
2017,752,8465,0,0.26407313
2017,752,8466,0,0.049179796
2017,752,8467,0,0.064255476
2017,752,8468,0,0.22562239
2017,752,8470,0,0.29339808
2017,752,8471,0,0.07015749
2017,752,8472,1,0.09326967
2017,752,8473,0,0.2096147
2017,752,8474,0,0.13581114
2017,752,8475,0,0.31151542
2017,752,8476,0,0.3842474
2017,752,8477,0,0.06533228
2017,752,8478,0,0.31202063
2017,752,8479,0,0.06484864
2017,752,8480,0,0.10833329
2017,752,8481,0,0.046933394
2017,752,8482,0,0.02764497
2017,752,8483,0,0.054151792
2017,752,8484,0,0.048747003
2017,752,8485,1,0.06927045
2017,372,8403,0,0.21671157
2017,372,8406,0,0.5674502
2017,372,8407,1,0.27623314
2017,372,8409,0,0.111673646
2017,372,8411,0,0.18165568
2017,372,8412,0,0.27778494
2017,372,8413,0,0.11227765
2017,372,8414,0,0.06491678
2017,372,8415,0,0.15210885
2017,372,8418,0,0.09478535
2017,372,8419,1,0.471335
2017,372,8421,0,0.14768706
2017,372,8422,0,0.12583785
2017,372,8423,0,0.5159963
2017,372,8424,0,0.13286352
2017,372,8425,0,0.24281603
2017,372,8427,0,0.13371588
2017,372,8428,0,0.14259836
2017,372,8429,0,0.21780701
2017,372,8430,0,0.46751246
2017,372,8432,0,0.14865531
2017,372,8433,0,0.10948717
2017,372,8434,0,0.27606094
2017,372,8436,0,0.2918821
2017,372,8437,0,0.3857851
2017,372,8438,0,0.34479877
2017,372,8441,0,0.28740695
2017,372,8442,1,0.7286523
2017,372,8443,0,0.093766704
2017,372,8448,0,0.27178183
2017,372,8450,0,0.3402175
2017,372,8451,0,0.19379373
2017,372,8456,1,0.5639922
2017,372,8457,1,0.7713711
2017,372,8459,1,0.66023946
2017,372,8460,1,0.28878143
2017,372,8461,1,0.6211918
2017,372,8462,0,0.28849897
2017,372,8463,0,0.4842928
2017,372,8465,0,0.30141985
2017,372,8466,0,0.12588233
2017,372,8467,0,0.1823876
2017,372,8468,0,0.21433225
2017,372,8470,0,0.6817182
2017,372,8471,0,0.041149672
2017,372,8472,0,0.3369153
2017,372,8473,0,0.12373848
2017,372,8474,0,0.27256793
2017,372,8475,1,0.4456969
2017,372,8477,0,0.08823998
2017,372,8478,1,0.7856232
2017,372,8479,0,0.10468858
2017,372,8480,0,0.16434531
2017,372,8481,1,0.08436388
2017,372,8484,0,0.11814468
2017,372,8485,0,0.16648944
2017,40,8401,0,0.18184645
2017,40,8402,0,0.18881798
2017,40,8403,0,0.12575468
2017,40,8404,1,0.32512838
2017,40,8405,0,0.20509578
2017,40,8406,0,0.21982044
2017,40,8407,0,0.09788304
2017,40,8408,0,0.11013776
2017,40,8409,0,0.0584883
2017,40,8411,0,0.079614
2017,40,8412,0,0.10996543
2017,40,8413,0,0.064073466
2017,40,8414,0,0.04029019
2017,40,8415,0,0.13867348
2017,40,8416,0,0.1929725
2017,40,8417,0,0.19517313
2017,40,8418,0,0.08576202
2017,40,8419,0,0.12042229
2017,40,8420,1,0.24257196
2017,40,8421,0,0.097922504
2017,40,8422,0,0.17799576
2017,40,8423,0,0.083049886
2017,40,8424,0,0.05908806
2017,40,8425,0,0.20509948
2017,40,8426,0,0.13132516
2017,40,8427,0,0.11560823
2017,40,8428,0,0.10877745
2017,40,8429,0,0.084111206
2017,40,8430,0,0.14510806
2017,40,8431,0,0.029195845
2017,40,8432,0,0.07552123
2017,40,8433,0,0.103373475
2017,40,8434,0,0.123755716
2017,40,8435,0,0.30154774
2017,40,8436,0,0.19716354
2017,40,8437,0,0.16735111
2017,40,8438,0,0.07324763
2017,40,8439,0,0.22245379
2017,40,8440,0,0.18748266
2017,40,8441,1,0.599813
2017,40,8442,0,0.17764238
2017,40,8443,0,0.04534489
2017,40,8444,0,0.23732135
2017,40,8445,0,0.15221083
2017,40,8446,0,0.37580398
2017,40,8448,0,0.18538927
2017,40,8449,0,0.2294575
2017,40,8450,0,0.25936636
2017,40,8451,0,0.08328118
2017,40,8452,1,0.50492066
2017,40,8453,1,0.24408256
2017,40,8454,1,0.16571476
2017,40,8455,0,0.21123175
2017,40,8456,0,0.08767511
2017,40,8457,0,0.26035786
2017,40,8458,0,0.20597012
2017,40,8459,0,0.2203275
2017,40,8460,0,0.116168074
2017,40,8461,0,0.14112495
2017,40,8462,0,0.114
2017,40,8463,0,0.30951583
2017,40,8464,0,0.16354683
2017,40,8465,0,0.1106564
2017,40,8466,0,0.058176853
2017,40,8467,0,0.09889583
2017,40,8468,0,0.18142378
2017,40,8470,0,0.44191635
2017,40,8471,0,0.02791717
2017,40,8472,0,0.110230744
2017,40,8473,0,0.08689422
2017,40,8474,0,0.16341178
2017,40,8475,0,0.2899431
2017,40,8476,1,0.20174018
2017,40,8477,0,0.049371835
2017,40,8478,0,0.39862856
2017,40,8479,0,0.040111806
2017,40,8480,0,0.090382785
2017,40,8481,0,0.04705911
2017,40,8482,0,0.06777216
2017,40,8483,0,0.05207251
2017,40,8484,0,0.07428926
2017,40,8485,0,0.08145532
2017,724,8401,0,0.29911917
2017,724,8402,0,0.2118891
2017,724,8403,0,0.19562991
2017,724,8404,0,0.24750194
2017,724,8405,0,0.20937651
2017,724,8407,0,0.099862985
2017,724,8408,0,0.13807534
2017,724,8409,0,0.040251434
2017,724,8410,0,0.17335828
2017,724,8411,0,0.06428892
2017,724,8412,0,0.16295028
2017,724,8413,0,0.0403728
2017,724,8414,0,0.0469664
2017,724,8415,0,0.06842879
2017,724,8416,0,0.16263916
2017,724,8417,0,0.18184674
2017,724,8418,0,0.082886316
2017,724,8419,0,0.13626131
2017,724,8420,0,0.10961246
2017,724,8421,0,0.0944116
2017,724,8422,0,0.047219433
2017,724,8423,0,0.08343518
2017,724,8424,0,0.062010296
2017,724,8425,0,0.10356767
2017,724,8426,0,0.10847093
2017,724,8427,0,0.06367134
2017,724,8428,0,0.12360719
2017,724,8430,0,0.18577254
2017,724,8431,0,0.026107207
2017,724,8432,0,0.07271148
2017,724,8433,0,0.113521494
2017,724,8434,0,0.12794325
2017,724,8435,0,0.21192592
2017,724,8436,0,0.07921645
2017,724,8437,0,0.13741736
2017,724,8438,0,0.06722706
2017,724,8439,0,0.2659604
2017,724,8440,1,0.5016416
2017,724,8441,0,0.1145245
2017,724,8442,0,0.25072607
2017,724,8443,0,0.028729877
2017,724,8444,0,0.33621755
2017,724,8445,0,0.12093302
2017,724,8446,0,0.3662568
2017,724,8447,0,0.14780787
2017,724,8448,0,0.06859985
2017,724,8449,0,0.6357733
2017,724,8450,0,0.12383379
2017,724,8451,0,0.074884504
2017,724,8452,0,0.17968255
2017,724,8453,0,0.1369798
2017,724,8454,0,0.2834203
2017,724,8455,0,0.31773022
2017,724,8456,0,0.17670922
2017,724,8457,0,0.16805007
2017,724,8458,0,0.06344202
2017,724,8459,0,0.17691611
2017,724,8460,0,0.103804044
2017,724,8461,0,0.09006216
2017,724,8462,0,0.098641954
2017,724,8463,0,0.17393385
2017,724,8464,0,0.07107645
2017,724,8465,0,0.07095831
2017,724,8466,0,0.037026573
2017,724,8467,0,0.12683357
2017,724,8468,0,0.18778585
2017,724,8470,0,0.24150771
2017,724,8471,0,0.06990367
2017,724,8472,0,0.078444205
2017,724,8473,0,0.0797653
2017,724,8474,0,0.14380682
2017,724,8475,0,0.4720676
2017,724,8476,0,0.21411885
2017,724,8477,0,0.06608614
2017,724,8478,1,0.40375936
2017,724,8479,0,0.038561143
2017,724,8480,0,0.07134676
2017,724,8481,0,0.04355293
2017,724,8482,0,0.05029419
2017,724,8483,0,0.05934113
2017,724,8484,0,0.06540088
2018,842,8401,0,0.2462313
2018,842,8402,0,0.17711303
2018,842,8403,0,0.083450764
2018,842,8404,1,0.20826825
2018,842,8405,0,0.2238394
2018,842,8406,0,0.10499927
2018,842,8407,0,0.12387565
2018,842,8408,0,0.3628362
2018,842,8409,0,0.0856286
2018,842,8410,1,0.19559146
2018,842,8411,0,0.08958771
2018,842,8412,0,0.052056327
2018,842,8413,0,0.13748726
2018,842,8414,0,0.11773154
2018,842,8415,0,0.14143425
2018,842,8416,0,0.16727762
2018,842,8417,0,0.12954338
2018,842,8418,0,0.13250688
2018,842,8419,0,0.1362937
2018,842,8420,1,0.14774285
2018,842,8421,0,0.08197548
2018,842,8422,0,0.05348383
2018,842,8423,0,0.16269317
2018,842,8424,0,0.07330578
2018,842,8425,0,0.11288336
2018,842,8426,0,0.12372168
2018,842,8427,0,0.080407895
2018,842,8428,0,0.15827112
2018,842,8429,0,0.07156979
2018,842,8430,0,0.11916227
2018,842,8431,0,0.070907235
2018,842,8432,0,0.17186205
2018,842,8433,0,0.06917039
2018,842,8434,0,0.16403306
2018,842,8435,1,0.26240602
2018,842,8436,0,0.07302196
2018,842,8437,0,0.42785242
2018,842,8438,0,0.0572893
2018,842,8439,0,0.18205987
2018,842,8440,0,0.13236436
2018,842,8441,0,0.11243295
2018,842,8442,0,0.32932696
2018,842,8443,0,0.023240853
2018,842,8444,0,0.15520237
2018,842,8445,0,0.14690204
2018,842,8446,0,0.2935936
2018,842,8449,0,0.20731628
2018,842,8450,0,0.15598823
2018,842,8451,0,0.12170328
2018,842,8453,0,0.13230504
2018,842,8454,0,0.13314322
2018,842,8455,0,0.15019776
2018,842,8456,1,0.10293288
2018,842,8457,0,0.13627425
2018,842,8458,0,0.12268739
2018,842,8459,0,0.11550962
2018,842,8460,0,0.07018836
2018,842,8461,1,0.108542725
2018,842,8462,0,0.062256876
2018,842,8463,0,0.12551764
2018,842,8464,0,0.103298545
2018,842,8465,0,0.08833504
2018,842,8466,0,0.027531682
2018,842,8467,0,0.12306017
2018,842,8468,0,0.1388989
2018,842,8470,0,0.22825955
2018,842,8471,0,0.025531298
2018,842,8472,0,0.07723515
2018,842,8473,0,0.06721391
2018,842,8474,0,0.14133263
2018,842,8475,0,0.17370288
2018,842,8476,0,0.12200817
2018,842,8477,0,0.054851767
2018,842,8478,0,0.26553673
2018,842,8479,0,0.060948256
2018,842,8480,0,0.15012994
2018,842,8481,0,0.047503136
2018,842,8482,0,0.058213487
2018,842,8483,0,0.047641143
2018,842,8484,0,0.07134582
2018,842,8485,0,0.04799652
2018,276,8401,1,0.42125756
2018,276,8402,1,0.19229284
2018,276,8403,0,0.05981376
2018,276,8404,0,0.10718494
2018,276,8405,0,0.24997404
2018,276,8406,0,0.15336813
2018,276,8407,0,0.07140083
2018,276,8408,0,0.123916544
2018,276,8409,0,0.063010365
2018,276,8411,0,0.06067068
2018,276,8412,0,0.04695172
2018,276,8413,0,0.08423995
2018,276,8414,0,0.06974269
2018,276,8415,0,0.08639225
2018,276,8416,0,0.0965109
2018,276,8417,0,0.091482714
2018,276,8418,0,0.07848411
2018,276,8419,0,0.087769896
2018,276,8420,0,0.11214937
2018,276,8421,0,0.060339913
2018,276,8422,0,0.06325463
2018,276,8423,0,0.12538458
2018,276,8424,0,0.061183076
2018,276,8425,0,0.0666312
2018,276,8426,0,0.052285943
2018,276,8427,0,0.0805486
2018,276,8428,0,0.07091468
2018,276,8429,0,0.033207346
2018,276,8430,0,0.065409966
2018,276,8431,0,0.028697528
2018,276,8432,0,0.08476019
2018,276,8433,0,0.05770174
2018,276,8434,0,0.077839606
2018,276,8435,0,0.15351318
2018,276,8436,0,0.051521268
2018,276,8437,0,0.10770971
2018,276,8438,0,0.039289363
2018,276,8439,0,0.12616715
2018,276,8440,0,0.094339006
2018,276,8441,0,0.10137463
2018,276,8442,0,0.152277
2018,276,8443,0,0.03901324
2018,276,8444,0,0.6090542
2018,276,8445,1,0.3069678
2018,276,8446,1,0.27385154
2018,276,8447,1,0.5302621
2018,276,8448,1,0.05996952
2018,276,8449,0,0.21755038
2018,276,8450,0,0.16594455
2018,276,8451,0,0.07664868
2018,276,8452,0,0.07243658
2018,276,8453,1,0.14695531
2018,276,8454,0,0.10322483
2018,276,8455,0,0.1533476
2018,276,8456,0,0.06704103
2018,276,8457,0,0.1482527
2018,276,8458,0,0.07211852
2018,276,8459,0,0.07261697
2018,276,8460,0,0.04029372
2018,276,8461,0,0.076427974
2018,276,8462,0,0.045096766
2018,276,8463,0,0.10716355
2018,276,8464,0,0.064186566
2018,276,8465,0,0.06482378
2018,276,8466,0,0.022250062
2018,276,8467,0,0.115391046
2018,276,8468,0,0.20580406
2018,276,8470,0,0.2355223
2018,276,8471,0,0.03153552
2018,276,8472,0,0.05496619
2018,276,8473,0,0.0970195
2018,276,8474,0,0.073632725
2018,276,8475,0,0.116636954
2018,276,8476,0,0.15398614
2018,276,8477,0,0.07392123
2018,276,8478,1,0.08903422
2018,276,8479,0,0.05094592
2018,276,8480,0,0.067229785
2018,276,8481,0,0.058746137
2018,276,8482,0,0.04124066
2018,276,8483,0,0.041429445
2018,276,8484,0,0.068290174
2018,276,8485,0,0.06103347
2018,392,8401,0,0.33307013
2018,392,8402,1,0.3003159
2018,392,8403,0,0.23259486
2018,392,8404,1,0.2599555
2018,392,8406,1,0.12117937
2018,392,8407,0,0.051630437
2018,392,8408,0,0.06556549
2018,392,8409,0,0.044057533
2018,392,8411,0,0.081790134
2018,392,8412,0,0.06468106
2018,392,8413,0,0.07414599
2018,392,8414,0,0.054732565
2018,392,8415,0,0.0765032
2018,392,8416,0,0.16541125
2018,392,8417,0,0.1911483
2018,392,8418,0,0.108361274
2018,392,8419,0,0.07196534
2018,392,8420,1,0.24530317
2018,392,8421,0,0.04114425
2018,392,8422,0,0.042734366
2018,392,8423,0,0.17927104
2018,392,8424,0,0.05526389
2018,392,8425,0,0.09401512
2018,392,8426,0,0.07127081
2018,392,8427,0,0.024717154
2018,392,8428,0,0.084171064
2018,392,8429,0,0.045856718
2018,392,8430,0,0.09797211
2018,392,8431,0,0.032519527
2018,392,8432,0,0.11889879
2018,392,8433,0,0.08131408
2018,392,8434,0,0.14031039
2018,392,8435,0,0.33843723
2018,392,8437,1,0.31604722
2018,392,8438,0,0.07068042
2018,392,8439,0,0.15944794
2018,392,8440,0,0.14842449
2018,392,8441,0,0.08191102
2018,392,8442,0,0.27313945
2018,392,8443,0,0.032417405
2018,392,8444,0,0.25728273
2018,392,8445,1,0.2443987
2018,392,8446,0,0.25592962
2018,392,8447,1,0.33121297
2018,392,8448,0,0.090655774
2018,392,8449,0,0.23813494
2018,392,8450,0,0.21914302
2018,392,8451,0,0.08999686
2018,392,8452,0,0.085623935
2018,392,8453,1,0.15773776
2018,392,8454,0,0.14293784
2018,392,8455,0,0.16897964
2018,392,8456,1,0.10080214
2018,392,8457,1,0.118750185
2018,392,8458,0,0.117683604
2018,392,8459,0,0.08725434
2018,392,8460,0,0.09884672
2018,392,8461,0,0.122270934
2018,392,8462,0,0.08524889
2018,392,8463,0,0.1380966
2018,392,8464,1,0.19748224
2018,392,8465,0,0.07073225
2018,392,8466,0,0.03820502
2018,392,8467,0,0.11544835
2018,392,8468,0,0.3005089
2018,392,8470,1,0.42698213
2018,392,8471,0,0.031050371
2018,392,8472,0,0.07017012
2018,392,8473,0,0.12376539
2018,392,8474,0,0.08144373
2018,392,8475,1,0.20869431
2018,392,8476,0,0.15581281
2018,392,8477,0,0.06942998
2018,392,8478,0,0.34724477
2018,392,8479,0,0.09213679
2018,392,8480,0,0.064991154
2018,392,8481,0,0.045389872
2018,392,8482,0,0.03661127
2018,392,8483,0,0.04409253
2018,392,8484,0,0.034525696
2018,392,8485,0,0.07632187
2018,156,8401,1,0.3916982
2018,156,8402,0,0.06558853
2018,156,8403,0,0.098441705
2018,156,8404,1,0.13024761
2018,156,8405,0,0.08878802
2018,156,8407,0,0.04990828
2018,156,8408,0,0.03528386
2018,156,8409,0,0.031230707
2018,156,8411,0,0.056868058
2018,156,8412,0,0.0443738
2018,156,8413,0,0.060925726
2018,156,8414,0,0.048302
2018,156,8415,0,0.07541157
2018,156,8416,0,0.06058413
2018,156,8417,0,0.11260399
2018,156,8418,0,0.08397612
2018,156,8419,0,0.2924053
2018,156,8420,0,0.0841398
2018,156,8421,0,0.030911338
2018,156,8422,0,0.023694964
2018,156,8423,0,0.072028704
2018,156,8424,0,0.028923286
2018,156,8425,0,0.046122823
2018,156,8426,0,0.050874297
2018,156,8427,0,0.040441383
2018,156,8428,0,0.0428396
2018,156,8431,0,0.024081614
2018,156,8432,0,0.019045923
2018,156,8433,0,0.032450393
2018,156,8434,1,0.059435226
2018,156,8436,0,0.025235415
2018,156,8439,0,0.08742384
2018,156,8440,0,0.10176698
2018,156,8441,0,0.03556505
2018,156,8442,0,0.14010534
2018,156,8443,0,0.024998253
2018,156,8444,0,0.1132552
2018,156,8445,0,0.083876595
2018,156,8446,0,0.15931885
2018,156,8447,0,0.19519247
2018,156,8448,0,0.04098746
2018,156,8449,0,0.13991128
2018,156,8450,0,0.15780579
2018,156,8451,0,0.06827595
2018,156,8452,0,0.1107523
2018,156,8453,0,0.07015979
2018,156,8454,0,0.3110909
2018,156,8455,0,0.08660296
2018,156,8456,0,0.038804267
2018,156,8457,0,0.037475932
2018,156,8458,0,0.030570123
2018,156,8459,0,0.028082598
2018,156,8460,0,0.027159043
2018,156,8461,0,0.025150178
2018,156,8462,0,0.025172183
2018,156,8463,0,0.09077981
2018,156,8464,0,0.05392463
2018,156,8465,0,0.0799355
2018,156,8466,0,0.01659931
2018,156,8467,0,0.062490866
2018,156,8468,0,0.08698963
2018,156,8470,0,0.15885106
2018,156,8471,0,0.025891487
2018,156,8472,0,0.036371842
2018,156,8473,0,0.073034935
2018,156,8475,0,0.05492667
2018,156,8476,0,0.10492701
2018,156,8477,0,0.04774489
2018,156,8478,0,0.09329891
2018,156,8479,0,0.03536046
2018,156,8480,0,0.07378458
2018,156,8481,0,0.047695428
2018,156,8482,0,0.03261926
2018,156,8483,0,0.029367462
2018,156,8484,0,0.039662316
2018,380,8401,0,0.3181245
2018,380,8402,1,0.24733463
2018,380,8403,0,0.07709115
2018,380,8404,0,0.15601023
2018,380,8405,0,0.16803537
2018,380,8406,1,0.50909793
2018,380,8407,0,0.4151382
2018,380,8408,1,0.2112861
2018,380,8409,0,0.07211897
2018,380,8411,0,0.108412825
2018,380,8412,0,0.08050501
2018,380,8413,0,0.09737881
2018,380,8414,0,0.080500074
2018,380,8415,0,0.129781
2018,380,8416,0,0.12938786
2018,380,8417,0,0.43248335
2018,380,8418,0,0.08101219
2018,380,8419,0,0.16126229
2018,380,8420,0,0.22333042
2018,380,8421,0,0.061165567
2018,380,8422,0,0.08146386
2018,380,8423,0,0.12912795
2018,380,8424,0,0.07216902
2018,380,8425,0,0.14007199
2018,380,8426,0,0.052308463
2018,380,8427,0,0.06394504
2018,380,8428,0,0.11347297
2018,380,8429,0,0.034187935
2018,380,8430,0,0.10250049
2018,380,8431,0,0.025666503
2018,380,8432,0,0.047650576
2018,380,8433,0,0.05264405
2018,380,8434,0,0.11826929
2018,380,8435,0,0.121289335
2018,380,8436,0,0.054493695
2018,380,8438,0,0.105800524
2018,380,8439,1,0.17138585
2018,380,8440,1,0.24978969
2018,380,8441,0,0.17915232
2018,380,8442,0,0.26352003
2018,380,8443,0,0.024310118
2018,380,8444,0,0.23604381
2018,380,8445,0,0.21572052
2018,380,8446,1,0.31060588
2018,380,8447,0,0.6481509
2018,380,8448,1,0.06885288
2018,380,8449,0,0.32095912
2018,380,8450,0,0.18583968
2018,380,8451,0,0.22612657
2018,380,8453,1,0.07202993
2018,380,8454,0,0.1511686
2018,380,8455,0,0.102361165
2018,380,8456,0,0.04137964
2018,380,8457,0,0.06205905
2018,380,8458,0,0.08581005
2018,380,8459,0,0.10579364
2018,380,8460,0,0.05612699
2018,380,8461,0,0.07406923
2018,380,8462,0,0.07089947
2018,380,8463,0,0.08042461
2018,380,8464,0,0.087128624
2018,380,8465,0,0.056527708
2018,380,8466,0,0.031826
2018,380,8467,0,0.11989378
2018,380,8468,0,0.19555709
2018,380,8470,0,0.24997193
2018,380,8471,0,0.04355618
2018,380,8472,0,0.124919586
2018,380,8473,0,0.08892219
2018,380,8474,0,0.402554
2018,380,8475,0,0.45999557
2018,380,8476,0,0.121334255
2018,380,8477,0,0.07387255
2018,380,8478,0,0.15493473
2018,380,8479,0,0.045772742
2018,380,8480,1,0.09822026
2018,380,8481,0,0.057369996
2018,380,8482,0,0.05129286
2018,380,8483,0,0.07731646
2018,380,8484,0,0.07691072
2018,380,8485,0,0.07134729
2018,826,8401,1,0.6719728
2018,826,8402,0,0.11907887
2018,826,8403,0,0.27375832
2018,826,8404,0,0.13705818
2018,826,8405,0,0.2113221
2018,826,8406,0,0.17150508
2018,826,8408,0,0.67480934
2018,826,8409,0,0.046923786
2018,826,8410,1,0.438883
2018,826,8411,0,0.06927181
2018,826,8412,0,0.07655084
2018,826,8413,0,0.088113084
2018,826,8414,0,0.0754204
2018,826,8415,0,0.10621501
2018,826,8416,0,0.1329783
2018,826,8418,0,0.10336798
2018,826,8419,0,0.12498245
2018,826,8420,1,0.17853132
2018,826,8421,0,0.06321965
2018,826,8422,0,0.050916772
2018,826,8423,0,0.13729607
2018,826,8424,0,0.073493585
2018,826,8425,0,0.1658495
2018,826,8426,0,0.07666865
2018,826,8427,0,0.07462554
2018,826,8428,0,0.07170081
2018,826,8429,0,0.024116738
2018,826,8430,0,0.061759032
2018,826,8431,0,0.04293997
2018,826,8432,0,0.04347059
2018,826,8433,0,0.12301267
2018,826,8434,0,0.18654212
2018,826,8435,1,0.44359317
2018,826,8436,0,0.08292626
2018,826,8437,0,0.11176898
2018,826,8438,0,0.042877316
2018,826,8439,0,0.13290489
2018,826,8440,0,0.19854291
2018,826,8441,1,0.116752096
2018,826,8442,0,0.25785407
2018,826,8443,1,0.04458624
2018,826,8444,1,0.38567483
2018,826,8445,1,0.19662598
2018,826,8446,1,0.8621615
2018,826,8447,0,0.6758604
2018,826,8448,0,0.06853408
2018,826,8449,1,0.5738992
2018,826,8450,0,0.20371826
2018,826,8451,0,0.15107375
2018,826,8452,0,0.122873336
2018,826,8453,0,0.15223835
2018,826,8454,0,0.16492972
2018,826,8455,0,0.22228543
2018,826,8456,0,0.09652739
2018,826,8457,1,0.22919384
2018,826,8458,0,0.13747844
2018,826,8459,0,0.17541042
2018,826,8460,0,0.056393772
2018,826,8461,0,0.1532603
2018,826,8462,0,0.06435773
2018,826,8463,0,0.13027759
2018,826,8464,0,0.12697326
2018,826,8465,1,0.22597574
2018,826,8466,0,0.04574224
2018,826,8467,0,0.09970678
2018,826,8468,0,0.27418232
2018,826,8470,0,0.4263036
2018,826,8471,0,0.032853298
2018,826,8472,0,0.20518513
2018,826,8473,0,0.09228468
2018,826,8474,0,0.09272179
2018,826,8475,0,0.12105905
2018,826,8476,0,0.17433669
2018,826,8477,0,0.070646115
2018,826,8478,0,0.10723275
2018,826,8479,0,0.048047274
2018,826,8480,0,0.121676914
2018,826,8481,0,0.05851614
2018,826,8482,0,0.047153693
2018,826,8483,0,0.050917275
2018,826,8484,0,0.044112947
2018,826,8485,0,0.06758418
2018,251,8401,1,0.30724722
2018,251,8403,0,0.09256495
2018,251,8404,0,0.28183413
2018,251,8407,0,0.13635232
2018,251,8408,1,0.20916201
2018,251,8409,0,0.07148665
2018,251,8411,0,0.082061715
2018,251,8412,0,0.16198432
2018,251,8413,0,0.13577425
2018,251,8414,0,0.11081142
2018,251,8415,0,0.15482673
2018,251,8416,0,0.21591227
2018,251,8417,0,0.12836084
2018,251,8418,0,0.18685046
2018,251,8419,0,0.11907379
2018,251,8420,0,0.16558743
2018,251,8421,0,0.08604441
2018,251,8422,0,0.06609832
2018,251,8424,0,0.1497498
2018,251,8425,0,0.12498233
2018,251,8426,0,0.13279164
2018,251,8427,0,0.07129303
2018,251,8428,0,0.14589871
2018,251,8429,0,0.047404334
2018,251,8430,0,0.15441866
2018,251,8431,0,0.038834184
2018,251,8432,0,0.042439602
2018,251,8433,0,0.11523039
2018,251,8434,1,0.24429865
2018,251,8435,0,0.16660064
2018,251,8436,0,0.07813197
2018,251,8438,0,0.06524437
2018,251,8439,0,0.13859217
2018,251,8440,0,0.4258572
2018,251,8441,0,0.16207412
2018,251,8442,0,0.29302043
2018,251,8443,0,0.030738015
2018,251,8444,1,0.59318924
2018,251,8445,0,0.366828
2018,251,8446,1,0.5976595
2018,251,8447,1,0.43219742
2018,251,8448,1,0.10392998
2018,251,8449,0,0.28745687
2018,251,8450,1,0.38226122
2018,251,8451,1,0.22221318
2018,251,8453,0,0.18374158
2018,251,8454,0,0.4742191
2018,251,8455,0,0.17126168
2018,251,8456,0,0.16679597
2018,251,8457,0,0.08311921
2018,251,8458,0,0.1992953
2018,251,8459,0,0.1613455
2018,251,8460,0,0.18371545
2018,251,8461,0,0.14342935
2018,251,8462,0,0.14551665
2018,251,8463,0,0.23678324
2018,251,8464,0,0.24397306
2018,251,8465,0,0.18396914
2018,251,8466,0,0.031908087
2018,251,8467,0,0.21998964
2018,251,8468,0,0.26125985
2018,251,8470,0,0.293524
2018,251,8471,0,0.028880058
2018,251,8472,0,0.13313933
2018,251,8473,0,0.09867658
2018,251,8475,0,0.18284401
2018,251,8476,0,0.16347033
2018,251,8477,0,0.08896705
2018,251,8478,1,0.36600116
2018,251,8479,0,0.07364975
2018,251,8480,0,0.10143492
2018,251,8481,0,0.073826455
2018,251,8482,0,0.08048228
2018,251,8483,0,0.07097512
2018,251,8484,0,0.11905591
2018,251,8485,0,0.15094756
2018,490,8401,0,0.81130594
2018,490,8402,0,0.13416901
2018,490,8403,0,0.16837265
2018,490,8404,0,0.18870561
2018,490,8405,0,0.37599412
2018,490,8406,1,0.28217375
2018,490,8407,1,0.19698434
2018,490,8408,0,0.16203935
2018,490,8409,0,0.06943465
2018,490,8410,0,0.4733208
2018,490,8411,1,0.11742659
2018,490,8412,0,0.073452964
2018,490,8413,0,0.08923652
2018,490,8414,0,0.07099296
2018,490,8415,0,0.111347914
2018,490,8416,0,0.24640298
2018,490,8417,0,0.1669274
2018,490,8418,0,0.096612565
2018,490,8419,0,0.07039302
2018,490,8420,0,0.21125495
2018,490,8421,0,0.05770416
2018,490,8422,0,0.042566516
2018,490,8423,0,0.15222868
2018,490,8424,0,0.071446605
2018,490,8425,0,0.15651362
2018,490,8426,0,0.08481358
2018,490,8427,0,0.08991159
2018,490,8428,1,0.08960578
2018,490,8429,1,0.2242292
2018,490,8430,1,0.14088427
2018,490,8431,0,0.05216196
2018,490,8432,0,0.15905015
2018,490,8433,0,0.09636284
2018,490,8434,0,0.2324849
2018,490,8435,0,0.15529802
2018,490,8436,0,0.063826025
2018,490,8437,1,0.1339809
2018,490,8438,0,0.04819433
2018,490,8439,0,0.105937086
2018,490,8440,0,0.22963981
2018,490,8441,0,0.08858692
2018,490,8442,1,0.2338206
2018,490,8443,0,0.041981086
2018,490,8444,1,0.26225242
2018,490,8445,0,0.15764047
2018,490,8446,1,0.3903265
2018,490,8447,1,0.13797355
2018,490,8448,0,0.12411266
2018,490,8449,0,0.25104833
2018,490,8450,0,0.26091728
2018,490,8451,1,0.100913204
2018,490,8452,0,0.070298
2018,490,8453,0,0.124135934
2018,490,8454,0,0.15490378
2018,490,8455,0,0.106181554
2018,490,8456,0,0.12329156
2018,490,8457,1,0.11798483
2018,490,8458,0,0.09727829
2018,490,8459,1,0.15106606
2018,490,8460,0,0.09031897
2018,490,8461,0,0.085538946
2018,490,8462,0,0.06916286
2018,490,8463,1,0.08581847
2018,490,8464,1,0.2243165
2018,490,8465,0,0.06930081
2018,490,8466,1,0.04155513
2018,490,8467,0,0.17099029
2018,490,8468,0,0.297314
2018,490,8470,1,0.30742505
2018,490,8471,0,0.052584875
2018,490,8472,1,0.10723966
2018,490,8473,0,0.14262183
2018,490,8474,0,0.09641451
2018,490,8475,0,0.31494182
2018,490,8476,0,0.133392
2018,490,8477,0,0.052520238
2018,490,8478,0,0.30179143
2018,490,8479,0,0.120048106
2018,490,8480,0,0.055858094
2018,490,8481,0,0.07705388
2018,490,8482,0,0.06446907
2018,490,8483,0,0.06603079
2018,490,8484,0,0.05199953
2018,490,8485,0,0.06197292
2018,702,8402,1,0.2420383
2018,702,8405,0,0.63183284
2018,702,8406,1,0.52622193
2018,702,8407,0,0.29209283
2018,702,8408,1,0.33491126
2018,702,8409,0,0.040785756
2018,702,8411,0,0.1523767
2018,702,8412,0,0.058137484
2018,702,8413,0,0.075229265
2018,702,8414,0,0.055611126
2018,702,8416,0,0.37849635
2018,702,8418,0,0.11990715
2018,702,8419,0,0.114689544
2018,702,8420,0,0.2011718
2018,702,8421,0,0.049152177
2018,702,8422,0,0.06324503
2018,702,8423,1,0.19373631
2018,702,8424,0,0.07792806
2018,702,8425,0,0.14370671
2018,702,8427,0,0.13683632
2018,702,8428,0,0.07280231
2018,702,8430,1,0.46040022
2018,702,8431,0,0.054434475
2018,702,8432,0,0.19154423
2018,702,8433,1,0.47472063
2018,702,8434,1,0.30022186
2018,702,8435,1,0.3595879
2018,702,8436,0,0.12505949
2018,702,8437,0,0.19710252
2018,702,8438,0,0.12760858
2018,702,8439,0,0.2790372
2018,702,8440,1,0.6045814
2018,702,8441,0,0.116261765
2018,702,8442,1,0.44524148
2018,702,8443,0,0.053419083
2018,702,8445,1,0.28714004
2018,702,8446,1,0.68619514
2018,702,8448,0,0.18652658
2018,702,8449,1,0.44862786
2018,702,8451,0,0.18215272
2018,702,8452,0,0.18650798
2018,702,8453,0,0.19262399
2018,702,8454,1,0.63218373
2018,702,8455,0,0.18541849
2018,702,8456,1,0.12115778
2018,702,8457,0,0.2758876
2018,702,8458,0,0.23486985
2018,702,8459,0,0.13973135
2018,702,8460,0,0.18487702
2018,702,8461,0,0.15791392
2018,702,8462,0,0.3228084
2018,702,8463,1,0.57716686
2018,702,8464,0,0.2682727
2018,702,8465,0,0.10908101
2018,702,8466,0,0.11104357
2018,702,8467,0,0.16510399
2018,702,8468,0,0.2976575
2018,702,8470,0,0.19017003
2018,702,8471,1,0.03195547
2018,702,8473,0,0.062296
2018,702,8474,1,0.103321426
2018,702,8475,1,0.38752365
2018,702,8476,0,0.35541883
2018,702,8477,0,0.098039575
2018,702,8479,0,0.108583264
2018,702,8480,1,0.13242649
2018,702,8481,0,0.055894006
2018,702,8482,0,0.03608331
2018,702,8483,0,0.034720816
2018,702,8484,0,0.09427851
2018,528,8401,0,0.24673422
2018,528,8403,0,0.102163605
2018,528,8404,0,0.13423172
2018,528,8405,0,0.17501374
2018,528,8407,1,0.21617803
2018,528,8408,0,0.16322467
2018,528,8409,0,0.05625148
2018,528,8410,0,0.21256165
2018,528,8411,0,0.1277021
2018,528,8412,0,0.06289206
2018,528,8413,0,0.104678296
2018,528,8414,0,0.16074266
2018,528,8415,0,0.1564157
2018,528,8416,1,0.18168166
2018,528,8417,1,0.40048137
2018,528,8418,0,0.15749474
2018,528,8419,0,0.082882315
2018,528,8420,0,0.22385739
2018,528,8421,0,0.06389584
2018,528,8422,0,0.06184453
2018,528,8423,0,0.19714141
2018,528,8424,0,0.1351975
2018,528,8425,0,0.11530898
2018,528,8426,0,0.08000756
2018,528,8427,0,0.07109211
2018,528,8428,0,0.10933045
2018,528,8429,0,0.052714985
2018,528,8430,0,0.1101057
2018,528,8431,0,0.026131453
2018,528,8432,0,0.06445435
2018,528,8433,0,0.08901992
2018,528,8434,0,0.09758066
2018,528,8435,0,0.15160733
2018,528,8436,0,0.090771236
2018,528,8437,1,0.23263165
2018,528,8438,0,0.046543352
2018,528,8439,0,0.14398062
2018,528,8440,0,0.18188722
2018,528,8441,0,0.13947105
2018,528,8442,0,0.24344963
2018,528,8443,0,0.04023403
2018,528,8444,1,0.6231708
2018,528,8445,1,0.70676893
2018,528,8446,0,0.40921664
2018,528,8447,0,0.21790925
2018,528,8448,1,0.26467758
2018,528,8449,0,0.35620472
2018,528,8450,0,0.31536388
2018,528,8451,0,0.13194658
2018,528,8452,0,0.186722
2018,528,8453,1,0.30950612
2018,528,8454,1,0.15628181
2018,528,8455,0,0.18802117
2018,528,8456,0,0.07193744
2018,528,8457,0,0.19690625
2018,528,8458,0,0.21142274
2018,528,8459,0,0.15241782
2018,528,8460,0,0.11635978
2018,528,8461,0,0.15341067
2018,528,8462,0,0.10107739
2018,528,8463,0,0.18085308
2018,528,8464,0,0.21341774
2018,528,8465,1,0.16911808
2018,528,8466,0,0.06902801
2018,528,8467,1,0.14722265
2018,528,8468,0,0.22060539
2018,528,8470,0,0.32586446
2018,528,8471,0,0.03571408
2018,528,8472,0,0.12202458
2018,528,8473,0,0.1671047
2018,528,8474,0,0.11008723
2018,528,8475,0,0.15156585
2018,528,8476,0,0.39493823
2018,528,8477,0,0.10077236
2018,528,8478,0,0.09323933
2018,528,8479,0,0.10112222
2018,528,8480,0,0.09995078
2018,528,8481,0,0.057214584
2018,528,8482,0,0.1113542
2018,528,8483,0,0.06318808
2018,528,8484,0,0.0892341
2018,528,8485,0,0.06040236
2018,410,8401,1,0.2796268
2018,410,8402,0,0.16229218
2018,410,8403,0,0.08112334
2018,410,8404,0,0.17927572
2018,410,8405,1,0.20472865
2018,410,8406,1,0.5282105
2018,410,8407,0,0.11059576
2018,410,8408,0,0.08504486
2018,410,8409,0,0.0397857
2018,410,8410,1,0.75721294
2018,410,8411,0,0.0783575
2018,410,8412,0,0.054349646
2018,410,8413,0,0.07259875
2018,410,8414,0,0.057684008
2018,410,8415,0,0.09851151
2018,410,8416,0,0.16139656
2018,410,8417,0,0.24272418
2018,410,8418,0,0.15676156
2018,410,8419,0,0.096984334
2018,410,8420,1,0.35272276
2018,410,8421,0,0.045985848
2018,410,8422,0,0.06158811
2018,410,8423,0,0.1916437
2018,410,8424,0,0.10220985
2018,410,8425,0,0.13438368
2018,410,8426,0,0.11499965
2018,410,8427,0,0.08268624
2018,410,8428,0,0.07110911
2018,410,8429,0,0.043812986
2018,410,8431,0,0.027396508
2018,410,8432,0,0.11646327
2018,410,8433,0,0.10405338
2018,410,8435,0,0.1609907
2018,410,8436,1,0.5928931
2018,410,8437,0,0.1277461
2018,410,8438,0,0.06510067
2018,410,8439,0,0.18098739
2018,410,8440,1,0.29245353
2018,410,8441,0,0.071929194
2018,410,8442,0,0.3753377
2018,410,8443,0,0.033737324
2018,410,8444,0,0.25162992
2018,410,8445,1,0.28495494
2018,410,8446,1,0.19718443
2018,410,8447,1,0.27455527
2018,410,8448,0,0.1610903
2018,410,8449,1,0.36176157
2018,410,8450,0,0.10755596
2018,410,8451,0,0.12898363
2018,410,8452,0,0.20005552
2018,410,8453,0,0.18217853
2018,410,8454,0,0.312944
2018,410,8455,0,0.23653789
2018,410,8456,0,0.11247447
2018,410,8457,0,0.12596461
2018,410,8458,0,0.15549342
2018,410,8459,0,0.14252858
2018,410,8460,0,0.21159087
2018,410,8461,0,0.155464
2018,410,8462,0,0.08220756
2018,410,8463,0,0.12260647
2018,410,8464,0,0.20280981
2018,410,8465,0,0.11451637
2018,410,8466,0,0.05599323
2018,410,8467,1,0.12370222
2018,410,8468,0,0.23889506
2018,410,8470,0,0.7291497
2018,410,8471,0,0.0640072
2018,410,8472,0,0.1388326
2018,410,8473,0,0.1526961
2018,410,8474,0,0.09397022
2018,410,8475,1,0.25516278
2018,410,8476,0,0.15798669
2018,410,8477,0,0.08702931
2018,410,8478,1,0.35193074
2018,410,8479,0,0.10827403
2018,410,8480,0,0.05015378
2018,410,8481,0,0.059679773
2018,410,8482,0,0.07554615
2018,410,8483,0,0.045056507
2018,410,8484,0,0.047444142
2018,410,8485,0,0.055200342
2018,458,8404,0,0.14460732
2018,458,8405,0,0.2726757
2018,458,8406,1,0.36940908
2018,458,8407,0,0.16198725
2018,458,8409,0,0.3192807
2018,458,8411,0,0.30224684
2018,458,8412,0,0.12379347
2018,458,8413,0,0.14220469
2018,458,8414,0,0.07046369
2018,458,8415,0,0.071836784
2018,458,8416,1,0.3234408
2018,458,8417,0,0.23326916
2018,458,8418,0,0.12817633
2018,458,8419,0,0.19615248
2018,458,8420,1,0.6283484
2018,458,8421,0,0.067862436
2018,458,8422,1,0.18103236
2018,458,8423,1,0.42545336
2018,458,8424,0,0.09572749
2018,458,8426,0,0.15391542
2018,458,8427,0,0.2527112
2018,458,8428,0,0.07004778
2018,458,8430,1,0.40641025
2018,458,8431,0,0.09132487
2018,458,8434,1,0.65660983
2018,458,8436,0,0.114527814
2018,458,8437,0,0.3260682
2018,458,8438,0,0.08722166
2018,458,8439,0,0.14858317
2018,458,8441,0,0.25691178
2018,458,8442,0,0.38921568
2018,458,8443,0,0.08112296
2018,458,8445,1,0.61428994
2018,458,8447,1,0.55656517
2018,458,8448,1,0.17609267
2018,458,8451,0,0.30483347
2018,458,8452,0,0.24035321
2018,458,8454,1,0.21968444
2018,458,8455,0,0.19637176
2018,458,8456,1,0.107310325
2018,458,8458,0,0.24799173
2018,458,8459,0,0.22426802
2018,458,8460,0,0.3007639
2018,458,8462,1,0.19760737
2018,458,8463,0,0.15971273
2018,458,8464,0,0.18376522
2018,458,8465,1,0.29557496
2018,458,8466,1,0.12651853
2018,458,8468,0,0.31015
2018,458,8470,1,0.21136823
2018,458,8471,0,0.033435818
2018,458,8472,1,0.15290694
2018,458,8473,1,0.085928686
2018,458,8474,0,0.14051975
2018,458,8475,0,0.22992516
2018,458,8476,0,0.20239717
2018,458,8477,0,0.22386372
2018,458,8478,1,0.19520025
2018,458,8479,0,0.10330793
2018,458,8480,1,0.16646571
2018,458,8481,0,0.082439825
2018,458,8482,0,0.0808301
2018,458,8484,0,0.084050685
2018,458,8485,1,0.2983021
2018,124,8401,1,0.5342119
2018,124,8402,1,0.22889443
2018,124,8403,0,0.12121506
2018,124,8404,0,0.2791523
2018,124,8405,1,0.34428424
2018,124,8406,1,0.27958068
2018,124,8407,0,0.09812447
2018,124,8408,0,0.17494956
2018,124,8409,0,0.08225193
2018,124,8410,0,0.33514267
2018,124,8411,0,0.066866934
2018,124,8412,0,0.06691583
2018,124,8413,0,0.12197071
2018,124,8414,0,0.13105053
2018,124,8415,0,0.11522451
2018,124,8416,0,0.1528075
2018,124,8417,0,0.15267019
2018,124,8418,0,0.12631291
2018,124,8419,0,0.15067309
2018,124,8420,0,0.24108426
2018,124,8421,0,0.09627317
2018,124,8422,0,0.09959135
2018,124,8423,0,0.17755143
2018,124,8424,0,0.15323398
2018,124,8425,0,0.14861499
2018,124,8426,0,0.11134135
2018,124,8427,0,0.09021675
2018,124,8428,0,0.13715994
2018,124,8429,0,0.20454976
2018,124,8430,0,0.16063553
2018,124,8431,0,0.044385105
2018,124,8432,0,0.08678715
2018,124,8433,0,0.069169596
2018,124,8434,0,0.7134567
2018,124,8436,0,0.08637321
2018,124,8437,0,0.264682
2018,124,8438,0,0.093888916
2018,124,8439,0,0.14929679
2018,124,8440,1,0.30448422
2018,124,8441,0,0.12123994
2018,124,8442,0,0.29398903
2018,124,8443,1,0.07837932
2018,124,8445,1,0.48798582
2018,124,8447,0,0.51998246
2018,124,8448,1,0.2379226
2018,124,8451,0,0.23039965
2018,124,8452,1,0.39110604
2018,124,8453,0,0.2288392
2018,124,8454,0,0.1547874
2018,124,8455,0,0.22270831
2018,124,8456,1,0.14307772
2018,124,8457,1,0.1765947
2018,124,8458,0,0.31459713
2018,124,8459,0,0.14629039
2018,124,8460,0,0.12659346
2018,124,8461,0,0.1795043
2018,124,8462,0,0.14476609
2018,124,8463,1,0.16076371
2018,124,8464,0,0.14090893
2018,124,8465,0,0.09906543
2018,124,8466,0,0.047496773
2018,124,8467,0,0.17524251
2018,124,8468,0,0.26503038
2018,124,8470,0,0.2718533
2018,124,8471,0,0.056565996
2018,124,8472,0,0.23465861
2018,124,8473,0,0.11135804
2018,124,8474,0,0.13973512
2018,124,8475,1,0.35059792
2018,124,8476,0,0.16430362
2018,124,8477,0,0.13181145
2018,124,8479,0,0.08207729
2018,124,8480,0,0.08966818
2018,124,8481,0,0.082388036
2018,124,8482,0,0.057589114
2018,124,8483,0,0.08360592
2018,124,8484,0,0.10949526
2018,124,8485,0,0.5247515
2018,484,8402,0,0.37203625
2018,484,8403,0,0.2787841
2018,484,8404,0,0.39652774
2018,484,8405,0,0.35873717
2018,484,8406,0,0.27876386
2018,484,8407,0,0.108531155
2018,484,8408,0,0.08785553
2018,484,8409,0,0.085667156
2018,484,8411,0,0.08787081
2018,484,8412,0,0.08752211
2018,484,8413,0,0.1030122
2018,484,8414,0,0.12305786
2018,484,8415,0,0.08781227
2018,484,8416,0,0.20020679
2018,484,8417,0,0.47290438
2018,484,8418,0,0.13369513
2018,484,8419,0,0.11682611
2018,484,8420,0,0.38133636
2018,484,8421,0,0.08002532
2018,484,8422,0,0.1588805
2018,484,8423,0,0.14836997
2018,484,8424,0,0.1021899
2018,484,8425,0,0.14550778
2018,484,8426,1,0.18686546
2018,484,8427,0,0.24152154
2018,484,8428,0,0.12863222
2018,484,8429,1,0.20650715
2018,484,8430,1,0.47395027
2018,484,8431,0,0.05745411
2018,484,8432,1,0.41045204
2018,484,8433,0,0.08455273
2018,484,8434,0,0.29455417
2018,484,8436,0,0.18010214
2018,484,8437,0,0.18650319
2018,484,8438,0,0.13066234
2018,484,8439,1,0.34020096
2018,484,8441,0,0.17221929
2018,484,8442,0,0.470932
2018,484,8443,0,0.09443818
2018,484,8450,0,0.29356185
2018,484,8451,0,0.23163754
2018,484,8452,0,0.39017347
2018,484,8453,0,0.5036917
2018,484,8454,1,0.6406239
2018,484,8455,0,0.41982597
2018,484,8456,0,0.30950293
2018,484,8457,0,0.19520575
2018,484,8458,1,0.70743996
2018,484,8459,0,0.27079725
2018,484,8460,0,0.13191882
2018,484,8461,0,0.36653268
2018,484,8462,1,0.50904864
2018,484,8463,0,0.2454945
2018,484,8465,1,0.14444016
2018,484,8466,0,0.083591804
2018,484,8467,0,0.1673013
2018,484,8468,0,0.29784554
2018,484,8470,0,0.75686204
2018,484,8471,0,0.08549096
2018,484,8472,0,0.5790137
2018,484,8473,0,0.22749703
2018,484,8474,0,0.19802642
2018,484,8475,0,0.34938583
2018,484,8476,1,0.1501647
2018,484,8477,0,0.1472002
2018,484,8479,0,0.12345545
2018,484,8480,0,0.13867714
2018,484,8481,0,0.07239576
2018,484,8482,0,0.068958685
2018,484,8483,0,0.06904705
2018,484,8484,0,0.11130899
2018,484,8485,0,0.08018848
2018,757,8402,0,0.5106737
2018,757,8403,0,0.14453639
2018,757,8404,0,0.72695124
2018,757,8405,0,0.21368171
2018,757,8406,1,0.4030451
2018,757,8407,1,0.35902634
2018,757,8408,1,0.47949672
2018,757,8409,0,0.13639674
2018,757,8411,0,0.16017333
2018,757,8412,0,0.08739434
2018,757,8413,0,0.11978644
2018,757,8414,0,0.08821776
2018,757,8415,0,0.19285354
2018,757,8416,1,0.26739678
2018,757,8417,0,0.4953487
2018,757,8418,0,0.24902387
2018,757,8419,0,0.1125804
2018,757,8420,1,0.2433631
2018,757,8421,0,0.078488186
2018,757,8422,0,0.07740565
2018,757,8423,1,0.18817094
2018,757,8424,0,0.119469225
2018,757,8425,0,0.27250347
2018,757,8426,1,0.18347307
2018,757,8427,1,0.103592545
2018,757,8428,0,0.091513894
2018,757,8429,0,0.09259717
2018,757,8430,0,0.25964698
2018,757,8431,0,0.029714616
2018,757,8432,1,0.14143825
2018,757,8433,0,0.26233485
2018,757,8434,0,0.4043733
2018,757,8435,0,0.2510941
2018,757,8436,0,0.17797816
2018,757,8437,0,0.3809675
2018,757,8438,0,0.124325246
2018,757,8439,0,0.18354088
2018,757,8440,0,0.17235135
2018,757,8441,0,0.09089492
2018,757,8442,0,0.2616814
2018,757,8443,0,0.06708231
2018,757,8444,1,0.38672492
2018,757,8445,1,0.40344045
2018,757,8446,1,0.24467832
2018,757,8447,1,0.49429497
2018,757,8448,1,0.058094468
2018,757,8449,1,0.5644233
2018,757,8450,0,0.34903082
2018,757,8451,0,0.1527398
2018,757,8452,1,0.22822866
2018,757,8453,1,0.33038965
2018,757,8454,0,0.18848766
2018,757,8455,0,0.3247367
2018,757,8456,1,0.1224964
2018,757,8457,1,0.12703307
2018,757,8458,0,0.18661381
2018,757,8459,1,0.11698958
2018,757,8460,0,0.104758434
2018,757,8461,0,0.19570105
2018,757,8462,0,0.10980844
2018,757,8463,0,0.12445273
2018,757,8464,0,0.1118952
2018,757,8465,0,0.119394585
2018,757,8466,0,0.030191666
2018,757,8467,0,0.22999057
2018,757,8468,0,0.24657953
2018,757,8470,0,0.3195053
2018,757,8471,0,0.037568532
2018,757,8472,0,0.13766913
2018,757,8473,0,0.14346896
2018,757,8474,0,0.13742805
2018,757,8475,1,0.17942828
2018,757,8476,1,0.18433213
2018,757,8477,0,0.08379272
2018,757,8478,1,0.71635693
2018,757,8479,0,0.079774976
2018,757,8480,0,0.10396089
2018,757,8481,0,0.13202891
2018,757,8482,0,0.1109637
2018,757,8483,0,0.10550592
2018,757,8484,0,0.0895115
2018,757,8485,0,0.19007853
2018,764,8403,0,0.25751323
2018,764,8405,0,0.38923448
2018,764,8406,0,0.3313648
2018,764,8407,0,0.14325725
2018,764,8408,1,0.6395482
2018,764,8409,0,0.11264408
2018,764,8411,0,0.11527764
2018,764,8412,0,0.064682156
2018,764,8413,0,0.1646113
2018,764,8414,0,0.057473917
2018,764,8415,0,0.071467094
2018,764,8416,0,0.51817524
2018,764,8417,0,0.20119612
2018,764,8418,0,0.06634601
2018,764,8419,0,0.27815962
2018,764,8420,1,0.20568892
2018,764,8421,0,0.09550833
2018,764,8422,0,0.054896273
2018,764,8423,0,0.16021705
2018,764,8424,0,0.14486407
2018,764,8427,0,0.15160266
2018,764,8428,0,0.07359133
2018,764,8429,1,0.19796784
2018,764,8430,0,0.26587048
2018,764,8431,0,0.0468463
2018,764,8434,0,0.2845451
2018,764,8435,0,0.70602536
2018,764,8437,1,0.1786214
2018,764,8438,0,0.14125551
2018,764,8439,1,0.13020557
2018,764,8441,0,0.16173258
2018,764,8442,0,0.30973053
2018,764,8443,0,0.080877975
2018,764,8445,0,0.3420423
2018,764,8446,0,0.57810134
2018,764,8447,0,0.37984177
2018,764,8448,1,0.17668602
2018,764,8450,0,0.08582919
2018,764,8451,1,0.09903305
2018,764,8452,0,0.12478136
2018,764,8453,1,0.16066895
2018,764,8455,0,0.15359823
2018,764,8456,1,0.14352831
2018,764,8457,0,0.19210519
2018,764,8458,0,0.29186052
2018,764,8459,0,0.16407907
2018,764,8460,1,0.30633733
2018,764,8461,0,0.14714861
2018,764,8462,0,0.09445321
2018,764,8464,0,0.56709045
2018,764,8466,0,0.11857178
2018,764,8467,0,0.17259939
2018,764,8468,0,0.3121477
2018,764,8470,0,0.29970312
2018,764,8471,0,0.21686171
2018,764,8472,0,0.21070386
2018,764,8473,0,0.14024831
2018,764,8475,1,0.53699875
2018,764,8476,0,0.31810775
2018,764,8477,0,0.09310545
2018,764,8479,0,0.07197633
2018,764,8480,0,0.11131238
2018,764,8481,0,0.049264465
2018,764,8482,0,0.045413956
2018,764,8483,0,0.05882192
2018,764,8484,0,0.050627645
2018,764,8485,0,0.07976945
2018,752,8401,0,0.35867134
2018,752,8402,0,0.23352353
2018,752,8403,0,0.15501878
2018,752,8404,0,0.14825551
2018,752,8405,1,0.7241058
2018,752,8406,0,0.6595504
2018,752,8407,0,0.23985149
2018,752,8408,0,0.23703682
2018,752,8409,0,0.1788705
2018,752,8410,1,0.36262318
2018,752,8412,0,0.063102454
2018,752,8413,0,0.1202891
2018,752,8414,0,0.17844273
2018,752,8415,0,0.25424045
2018,752,8416,1,0.35625136
2018,752,8417,1,0.19938584
2018,752,8418,0,0.21913247
2018,752,8419,0,0.10826574
2018,752,8420,0,0.56507224
2018,752,8421,0,0.10201552
2018,752,8422,0,0.07096705
2018,752,8423,0,0.2504815
2018,752,8424,0,0.104947634
2018,752,8425,0,0.18256332
2018,752,8426,0,0.097901985
2018,752,8427,0,0.07764579
2018,752,8428,0,0.106781155
2018,752,8429,0,0.056940697
2018,752,8430,0,0.17994268
2018,752,8431,0,0.038587008
2018,752,8432,0,0.104167126
2018,752,8433,0,0.13245183
2018,752,8434,0,0.134808
2018,752,8435,0,0.41215634
2018,752,8436,0,0.24923144
2018,752,8437,0,0.2129448
2018,752,8438,0,0.0631277
2018,752,8439,0,0.15416592
2018,752,8440,0,0.36624333
2018,752,8441,0,0.123128965
2018,752,8442,1,0.45839193
2018,752,8443,0,0.07211026
2018,752,8446,0,0.69956553
2018,752,8447,1,0.77980626
2018,752,8448,1,0.20953977
2018,752,8449,0,0.5838831
2018,752,8450,0,0.2925256
2018,752,8451,0,0.2890725
2018,752,8452,0,0.2822136
2018,752,8453,1,0.2882021
2018,752,8454,0,0.37720197
2018,752,8455,0,0.21979493
2018,752,8456,0,0.097406834
2018,752,8457,0,0.48052227
2018,752,8458,0,0.40493244
2018,752,8459,0,0.51828974
2018,752,8460,0,0.117634505
2018,752,8461,1,0.24386132
2018,752,8462,0,0.14190556
2018,752,8463,0,0.22727461
2018,752,8464,0,0.23219605
2018,752,8465,0,0.26001546
2018,752,8466,0,0.06048018
2018,752,8467,0,0.2335212
2018,752,8468,0,0.26693
2018,752,8470,1,0.47910094
2018,752,8471,0,0.07396483
2018,752,8472,1,0.1005142
2018,752,8473,1,0.21465163
2018,752,8474,0,0.13625503
2018,752,8475,0,0.38229886
2018,752,8476,0,0.2883021
2018,752,8477,0,0.12296598
2018,752,8478,1,0.7404447
2018,752,8479,0,0.0796021
2018,752,8480,0,0.15819664
2018,752,8481,0,0.086939044
2018,752,8482,0,0.054340627
2018,752,8483,0,0.087238364
2018,752,8484,0,0.08638325
2018,752,8485,0,0.07913772
2018,372,8402,1,0.7476687
2018,372,8403,0,0.2426377
2018,372,8406,1,0.6140491
2018,372,8409,0,0.23135634
2018,372,8411,0,0.24073866
2018,372,8412,0,0.2690357
2018,372,8413,0,0.22744495
2018,372,8414,0,0.13142823
2018,372,8415,0,0.26377842
2018,372,8418,0,0.17469697
2018,372,8419,0,0.25364828
2018,372,8421,0,0.12658201
2018,372,8422,0,0.19431077
2018,372,8423,0,0.5614433
2018,372,8424,0,0.33410695
2018,372,8425,0,0.33282137
2018,372,8426,1,0.5669176
2018,372,8427,0,0.170362
2018,372,8428,0,0.14780988
2018,372,8429,1,0.23655993
2018,372,8430,1,0.24790631
2018,372,8431,0,0.07664124
2018,372,8432,0,0.2240648
2018,372,8433,0,0.114230886
2018,372,8434,1,0.26180658
2018,372,8436,0,0.2642606
2018,372,8437,1,0.4021583
2018,372,8438,0,0.24164708
2018,372,8441,0,0.28974262
2018,372,8443,0,0.09461831
2018,372,8448,0,0.18924344
2018,372,8450,0,0.41646278
2018,372,8451,1,0.23320319
2018,372,8456,0,0.39810708
2018,372,8457,1,0.43106696
2018,372,8462,1,0.26918077
2018,372,8463,0,0.22190747
2018,372,8465,1,0.25856808
2018,372,8466,0,0.17398338
2018,372,8467,0,0.39099187
2018,372,8468,0,0.31229526
2018,372,8470,0,0.43051174
2018,372,8471,0,0.040230438
2018,372,8472,1,0.4043155
2018,372,8473,0,0.13641626
2018,372,8474,0,0.22452709
2018,372,8475,0,0.30989286
2018,372,8477,0,0.15971418
2018,372,8479,0,0.1971906
2018,372,8480,0,0.23219587
2018,372,8481,0,0.13367437
2018,372,8482,0,0.16596112
2018,372,8483,0,0.21039842
2018,372,8484,0,0.08593905
2018,372,8485,0,0.16638465
2018,40,8401,0,0.44305244
2018,40,8402,1,0.51028526
2018,40,8403,0,0.10733676
2018,40,8404,0,0.17654361
2018,40,8405,0,0.53752774
2018,40,8406,0,0.3335666
2018,40,8407,0,0.1417555
2018,40,8408,0,0.20199005
2018,40,8409,0,0.12577915
2018,40,8411,0,0.09746451
2018,40,8412,0,0.1026245
2018,40,8413,0,0.121235974
2018,40,8414,0,0.10198156
2018,40,8415,0,0.24162298
2018,40,8416,1,0.27007318
2018,40,8417,0,0.2620947
2018,40,8418,0,0.2537791
2018,40,8419,0,0.116540276
2018,40,8420,0,0.16044924
2018,40,8421,0,0.14651303
2018,40,8422,0,0.20065822
2018,40,8423,0,0.15974867
2018,40,8424,0,0.14190045
2018,40,8425,0,0.168653
2018,40,8426,0,0.09691694
2018,40,8427,0,0.34398094
2018,40,8428,0,0.09700373
2018,40,8429,0,0.12165358
2018,40,8430,0,0.17432122
2018,40,8431,0,0.038767643
2018,40,8432,0,0.07742893
2018,40,8433,0,0.13147795
2018,40,8435,0,0.27457023
2018,40,8436,0,0.09935518
2018,40,8438,0,0.0891428
2018,40,8439,0,0.17269565
2018,40,8440,0,0.21321781
2018,40,8441,0,0.11865792
2018,40,8442,1,0.29480553
2018,40,8443,0,0.052063692
2018,40,8444,1,0.8440845
2018,40,8445,0,0.36460915
2018,40,8446,0,0.37688106
2018,40,8447,0,0.19198826
2018,40,8448,0,0.15789348
2018,40,8449,0,0.3398686
2018,40,8450,0,0.39422864
2018,40,8451,0,0.1383645
2018,40,8453,0,0.47750092
2018,40,8454,0,0.17733566
2018,40,8455,0,0.20987743
2018,40,8456,0,0.06810681
2018,40,8457,0,0.21807656
2018,40,8458,0,0.13642852
2018,40,8459,0,0.10951283
2018,40,8460,1,0.14281532
2018,40,8461,0,0.24671355
2018,40,8462,0,0.12703954
2018,40,8463,1,0.14466414
2018,40,8464,0,0.20986383
2018,40,8465,0,0.10438417
2018,40,8466,0,0.06784473
2018,40,8467,0,0.20576036
2018,40,8468,0,0.25931
2018,40,8470,1,0.41202247
2018,40,8471,0,0.04162551
2018,40,8472,0,0.4094772
2018,40,8473,0,0.11803811
2018,40,8474,0,0.11934403
2018,40,8475,1,0.32678813
2018,40,8476,0,0.16225052
2018,40,8477,0,0.110327415
2018,40,8478,0,0.23257025
2018,40,8479,0,0.065855995
2018,40,8480,0,0.10039334
2018,40,8481,0,0.05011344
2018,40,8482,0,0.15679277
2018,40,8483,0,0.10291165
2018,40,8484,0,0.122537196
2018,40,8485,0,0.13728017
2018,724,8401,0,0.6044359
2018,724,8402,0,0.3253054
2018,724,8403,1,0.5786434
2018,724,8404,1,0.48153746
2018,724,8405,1,0.75840384
2018,724,8407,0,0.14708948
2018,724,8408,1,0.17311361
2018,724,8409,0,0.08476253
2018,724,8410,0,0.18420161
2018,724,8411,0,0.059817955
2018,724,8412,0,0.11724651
2018,724,8413,0,0.080382735
2018,724,8414,0,0.08026178
2018,724,8415,0,0.15754806
2018,724,8416,0,0.22161022
2018,724,8417,0,0.37799922
2018,724,8418,0,0.13788141
2018,724,8419,0,0.15612951
2018,724,8420,0,0.16319281
2018,724,8421,0,0.09300142
2018,724,8422,0,0.048644014
2018,724,8424,0,0.11676814
2018,724,8425,0,0.1155114
2018,724,8426,0,0.080015
2018,724,8427,0,0.10369295
2018,724,8428,0,0.104600094
2018,724,8429,0,0.14887317
2018,724,8430,1,0.17690532
2018,724,8431,0,0.026179027
2018,724,8432,0,0.10132634
2018,724,8433,0,0.16289318
2018,724,8434,1,0.3536199
2018,724,8435,0,0.33075318
2018,724,8436,0,0.08019895
2018,724,8437,0,0.111760035
2018,724,8438,0,0.064879544
2018,724,8439,1,0.19119388
2018,724,8440,0,0.16395265
2018,724,8441,0,0.16325583
2018,724,8442,0,0.3013784
2018,724,8443,0,0.047480177
2018,724,8444,1,0.6339723
2018,724,8445,1,0.4473846
2018,724,8446,1,0.71176094
2018,724,8447,1,0.53099716
2018,724,8448,0,0.4130126
2018,724,8449,1,0.620105
2018,724,8450,0,0.18508166
2018,724,8451,0,0.15288952
2018,724,8452,1,0.43941176
2018,724,8453,1,0.2209356
2018,724,8454,0,0.41862568
2018,724,8455,1,0.2680629
2018,724,8456,0,0.1779996
2018,724,8457,1,0.1279196
2018,724,8458,0,0.14489898
2018,724,8459,0,0.12465578
2018,724,8460,0,0.12671907
2018,724,8461,0,0.20002675
2018,724,8462,1,0.14046939
2018,724,8463,0,0.21889132
2018,724,8464,0,0.11476776
2018,724,8465,0,0.09473146
2018,724,8466,0,0.053636078
2018,724,8467,1,0.24758454
2018,724,8468,1,0.263588
2018,724,8470,0,0.31899482
2018,724,8471,0,0.051771738
2018,724,8472,1,0.21425728
2018,724,8473,0,0.098174036
2018,724,8474,0,0.066783525
2018,724,8475,1,0.6293859
2018,724,8476,0,0.20095767
2018,724,8477,0,0.1334238
2018,724,8478,0,0.16850252
2018,724,8479,0,0.07787949
2018,724,8480,1,0.093983196
2018,724,8481,0,0.07531058
2018,724,8482,0,0.096546374
2018,724,8483,0,0.07723484
2018,724,8484,0,0.081030205
2018,724,8485,0,0.10593618
