t,i,k4,label_observed_continuing,p
2016,842,8401,0,0.3006494
2016,842,8402,0,0.119473964
2016,842,8403,0,0.28056479
2016,842,8404,0,0.53405994
2016,842,8405,1,0.5794981
2016,842,8406,1,0.21017514
2016,842,8407,0,0.0545527
2016,842,8408,0,0.109688595
2016,842,8409,0,0.048287358
2016,842,8410,1,0.3371023
2016,842,8411,0,0.102831095
2016,842,8412,0,0.03932012
2016,842,8413,0,0.17541644
2016,842,8414,0,0.31528285
2016,842,8415,0,0.042429104
2016,842,8416,0,0.22111368
2016,842,8417,0,0.16155167
2016,842,8418,0,0.041555244
2016,842,8419,0,0.11051784
2016,842,8420,0,0.14351259
2016,842,8421,0,0.1183575
2016,842,8422,0,0.033768427
2016,842,8423,0,0.10090477
2016,842,8424,0,0.028052555
2016,842,8425,0,0.07710045
2016,842,8426,0,0.10130754
2016,842,8427,0,0.13855554
2016,842,8428,0,0.09762417
2016,842,8429,0,0.14921822
2016,842,8430,0,0.061804347
2016,842,8431,0,0.079959795
2016,842,8432,0,0.1856738
2016,842,8433,0,0.036683667
2016,842,8434,0,0.26954833
2016,842,8435,0,0.17737605
2016,842,8436,0,0.091527745
2016,842,8437,0,0.43103772
2016,842,8438,0,0.02454723
2016,842,8439,0,0.18921146
2016,842,8440,0,0.09710551
2016,842,8441,0,0.0604779
2016,842,8442,0,0.50522953
2016,842,8443,0,0.054126225
2016,842,8444,0,0.5747666
2016,842,8446,0,0.21065511
2016,842,8447,0,0.18206088
2016,842,8449,0,0.17547455
2016,842,8450,0,0.099295735
2016,842,8451,0,0.032741826
2016,842,8452,0,0.11021148
2016,842,8453,0,0.24903324
2016,842,8454,1,0.18716167
2016,842,8455,0,0.12631612
2016,842,8456,1,0.10068151
2016,842,8457,0,0.1652437
2016,842,8458,0,0.09310089
2016,842,8459,0,0.06294374
2016,842,8460,1,0.18429205
2016,842,8461,0,0.06308877
2016,842,8462,0,0.07135635
2016,842,8463,1,0.25807276
2016,842,8464,0,0.086828865
2016,842,8465,0,0.08305323
2016,842,8466,0,0.045490738
2016,842,8467,0,0.038215738
2016,842,8468,0,0.11202531
2016,842,8470,0,0.2833402
2016,842,8471,0,0.032206442
2016,842,8472,1,0.06657152
2016,842,8473,0,0.08928857
2016,842,8474,0,0.05265946
2016,842,8475,0,0.20301107
2016,842,8476,0,0.15970668
2016,842,8477,0,0.04987553
2016,842,8478,0,0.64011663
2016,842,8479,0,0.061056305
2016,842,8480,0,0.091358155
2016,842,8481,0,0.041564208
2016,842,8482,0,0.039773956
2016,842,8483,0,0.060146857
2016,842,8484,0,0.08031375
2016,842,8485,0,0.15013926
2016,276,8401,0,0.21395683
2016,276,8402,0,0.048341632
2016,276,8403,0,0.089356154
2016,276,8404,0,0.21912202
2016,276,8405,1,0.4209774
2016,276,8406,1,0.13046266
2016,276,8407,0,0.06664018
2016,276,8408,0,0.05165501
2016,276,8409,0,0.04157081
2016,276,8410,1,0.2844711
2016,276,8411,0,0.05168626
2016,276,8412,0,0.032866772
2016,276,8413,0,0.02328359
2016,276,8414,0,0.029406482
2016,276,8415,0,0.032496154
2016,276,8416,0,0.03941271
2016,276,8417,0,0.13388541
2016,276,8418,0,0.023340778
2016,276,8419,0,0.07785405
2016,276,8420,0,0.120383576
2016,276,8421,0,0.036881052
2016,276,8422,0,0.041117672
2016,276,8423,0,0.023377547
2016,276,8424,0,0.02471274
2016,276,8425,0,0.030420044
2016,276,8426,0,0.055123862
2016,276,8427,0,0.06849487
2016,276,8428,0,0.04911913
2016,276,8429,0,0.061926167
2016,276,8430,0,0.03983518
2016,276,8431,0,0.028128952
2016,276,8432,0,0.07372764
2016,276,8433,0,0.07310662
2016,276,8434,0,0.07348967
2016,276,8435,0,0.12961501
2016,276,8436,0,0.056339525
2016,276,8437,0,0.3408614
2016,276,8438,0,0.026161084
2016,276,8439,0,0.10652969
2016,276,8440,0,0.042969804
2016,276,8441,0,0.038402654
2016,276,8442,0,0.079749376
2016,276,8443,0,0.04053067
2016,276,8444,0,0.21804981
2016,276,8445,0,0.12678298
2016,276,8446,0,0.21392608
2016,276,8447,0,0.13916123
2016,276,8448,0,0.063094184
2016,276,8449,0,0.21437341
2016,276,8450,0,0.06278668
2016,276,8451,0,0.029031012
2016,276,8452,0,0.03164288
2016,276,8453,0,0.07289805
2016,276,8454,0,0.11732266
2016,276,8455,0,0.28025302
2016,276,8456,0,0.085614674
2016,276,8457,0,0.21612938
2016,276,8458,0,0.10951269
2016,276,8459,0,0.04751163
2016,276,8460,0,0.08189076
2016,276,8461,0,0.08775214
2016,276,8462,0,0.058847252
2016,276,8463,0,0.17206937
2016,276,8464,0,0.0607176
2016,276,8465,0,0.037841376
2016,276,8466,0,0.050139017
2016,276,8467,0,0.03506917
2016,276,8468,0,0.04333316
2016,276,8469,1,0.25520962
2016,276,8470,0,0.073940925
2016,276,8471,1,0.038605284
2016,276,8472,0,0.044678263
2016,276,8473,0,0.075139664
2016,276,8474,0,0.03263347
2016,276,8475,0,0.12994105
2016,276,8476,0,0.15241553
2016,276,8477,0,0.048754193
2016,276,8478,0,0.106902465
2016,276,8479,0,0.03737985
2016,276,8480,0,0.063396305
2016,276,8481,0,0.026836945
2016,276,8482,0,0.037819847
2016,276,8483,0,0.06740416
2016,276,8484,0,0.03075727
2016,276,8485,0,0.025095586
2016,392,8401,0,0.57993895
2016,392,8402,0,0.14177044
2016,392,8403,0,0.21493132
2016,392,8404,1,0.3897663
2016,392,8405,1,0.19873087
2016,392,8406,0,0.100811504
2016,392,8407,0,0.045957793
2016,392,8408,0,0.065955095
2016,392,8409,0,0.030952409
2016,392,8411,0,0.05140616
2016,392,8412,0,0.045436785
2016,392,8413,0,0.027868357
2016,392,8414,0,0.027211508
2016,392,8415,0,0.023697602
2016,392,8416,0,0.21838732
2016,392,8417,0,0.19560345
2016,392,8418,0,0.042718854
2016,392,8419,0,0.09377073
2016,392,8420,0,0.16603431
2016,392,8421,0,0.025891226
2016,392,8422,0,0.03584672
2016,392,8423,0,0.06401899
2016,392,8424,0,0.030847736
2016,392,8425,0,0.05992538
2016,392,8426,0,0.1136366
2016,392,8427,0,0.032133363
2016,392,8428,0,0.07980218
2016,392,8429,0,0.12594849
2016,392,8430,0,0.10009014
2016,392,8431,0,0.05001098
2016,392,8432,0,0.105495594
2016,392,8433,0,0.07287248
2016,392,8434,0,0.18189915
2016,392,8435,0,0.3708942
2016,392,8436,1,0.13628124
2016,392,8437,0,0.16011405
2016,392,8438,0,0.07875246
2016,392,8439,0,0.21651651
2016,392,8440,0,0.12652773
2016,392,8441,0,0.077839516
2016,392,8442,0,0.16532832
2016,392,8443,0,0.051111683
2016,392,8444,0,0.27031988
2016,392,8445,0,0.20675363
2016,392,8446,0,0.3803701
2016,392,8447,0,0.0982587
2016,392,8448,0,0.08657436
2016,392,8449,1,0.69197094
2016,392,8451,0,0.06485351
2016,392,8452,0,0.053788055
2016,392,8453,0,0.33844092
2016,392,8454,0,0.15227777
2016,392,8455,1,0.25128245
2016,392,8456,1,0.29093707
2016,392,8457,0,0.1814642
2016,392,8458,0,0.13328989
2016,392,8459,0,0.108024955
2016,392,8460,0,0.123563826
2016,392,8461,0,0.120615326
2016,392,8462,0,0.11326895
2016,392,8463,0,0.17822047
2016,392,8464,0,0.3662028
2016,392,8465,0,0.09401418
2016,392,8466,0,0.0749483
2016,392,8467,0,0.038468696
2016,392,8468,1,0.11467527
2016,392,8469,1,0.62944233
2016,392,8470,0,0.08405493
2016,392,8471,1,0.031904273
2016,392,8472,0,0.0532475
2016,392,8473,0,0.13610545
2016,392,8474,0,0.1168376
2016,392,8475,0,0.18863592
2016,392,8476,0,0.20686457
2016,392,8477,0,0.07589367
2016,392,8478,0,0.24834879
2016,392,8479,0,0.10240909
2016,392,8480,0,0.05658982
2016,392,8481,0,0.027305065
2016,392,8482,0,0.035630096
2016,392,8483,0,0.037481464
2016,392,8484,0,0.028202822
2016,392,8485,0,0.052204806
2016,156,8401,1,0.3076987
2016,156,8402,1,0.034573402
2016,156,8403,1,0.15280859
2016,156,8404,1,0.09211205
2016,156,8405,0,0.098547615
2016,156,8406,1,0.12988138
2016,156,8407,0,0.05980779
2016,156,8408,0,0.041636392
2016,156,8409,0,0.023219468
2016,156,8411,0,0.031748507
2016,156,8412,0,0.031209953
2016,156,8413,0,0.026744911
2016,156,8414,0,0.029473536
2016,156,8415,0,0.019405805
2016,156,8416,0,0.03330319
2016,156,8417,0,0.075958826
2016,156,8418,0,0.021483343
2016,156,8419,0,0.12322872
2016,156,8420,0,0.04264209
2016,156,8421,0,0.06793065
2016,156,8422,0,0.017047195
2016,156,8423,0,0.023034306
2016,156,8424,0,0.020974034
2016,156,8425,0,0.035120964
2016,156,8426,0,0.08618749
2016,156,8427,0,0.024141159
2016,156,8428,0,0.13388357
2016,156,8430,0,0.06866381
2016,156,8431,0,0.04351187
2016,156,8432,0,0.02626256
2016,156,8433,0,0.021337563
2016,156,8434,0,0.060747877
2016,156,8436,0,0.016476927
2016,156,8439,0,0.04227598
2016,156,8440,0,0.028744018
2016,156,8441,0,0.021817898
2016,156,8442,0,0.05195819
2016,156,8443,0,0.025649885
2016,156,8444,0,0.18907008
2016,156,8445,0,0.11518484
2016,156,8446,0,0.20017703
2016,156,8447,0,0.054205168
2016,156,8448,0,0.030693863
2016,156,8449,0,0.07150097
2016,156,8450,0,0.0601846
2016,156,8451,0,0.015263149
2016,156,8452,0,0.01726689
2016,156,8453,0,0.053828076
2016,156,8454,0,0.051704377
2016,156,8455,0,0.058036413
2016,156,8456,0,0.030206736
2016,156,8457,0,0.070471756
2016,156,8458,0,0.033735108
2016,156,8459,0,0.023548093
2016,156,8460,0,0.022664472
2016,156,8461,0,0.0301584
2016,156,8462,0,0.01938161
2016,156,8463,0,0.051395584
2016,156,8464,0,0.0340648
2016,156,8465,0,0.036711533
2016,156,8466,0,0.022195717
2016,156,8467,0,0.02023627
2016,156,8468,0,0.016853454
2016,156,8469,1,0.14879562
2016,156,8470,0,0.024171712
2016,156,8471,0,0.024041148
2016,156,8472,0,0.030099364
2016,156,8473,0,0.040240206
2016,156,8475,0,0.079766124
2016,156,8476,0,0.04738171
2016,156,8477,0,0.019390875
2016,156,8478,0,0.18959747
2016,156,8479,0,0.033771917
2016,156,8480,0,0.030893072
2016,156,8481,0,0.023178559
2016,156,8482,0,0.022385422
2016,156,8483,0,0.03885188
2016,156,8484,0,0.06469416
2016,380,8401,0,0.553792
2016,380,8403,0,0.092353456
2016,380,8404,0,0.110753134
2016,380,8406,1,0.07275985
2016,380,8407,0,0.10521116
2016,380,8408,0,0.08962652
2016,380,8409,0,0.04376775
2016,380,8411,0,0.31630576
2016,380,8412,0,0.044453382
2016,380,8413,0,0.034618188
2016,380,8414,0,0.02959742
2016,380,8415,0,0.040861998
2016,380,8416,0,0.060713835
2016,380,8417,0,0.048410363
2016,380,8418,0,0.026071394
2016,380,8419,0,0.06699708
2016,380,8420,0,0.15295728
2016,380,8421,0,0.028194845
2016,380,8422,0,0.036289014
2016,380,8423,0,0.0422527
2016,380,8424,0,0.031329963
2016,380,8425,0,0.05027564
2016,380,8426,0,0.05807109
2016,380,8427,0,0.092530124
2016,380,8428,0,0.046091784
2016,380,8429,0,0.07035557
2016,380,8430,0,0.09832723
2016,380,8431,0,0.028872525
2016,380,8432,0,0.048780423
2016,380,8433,0,0.04495228
2016,380,8434,0,0.11764483
2016,380,8435,0,0.14707938
2016,380,8436,0,0.051575564
2016,380,8438,0,0.029070657
2016,380,8439,0,0.13541956
2016,380,8440,0,0.103662826
2016,380,8441,0,0.06547207
2016,380,8442,0,0.14696991
2016,380,8443,0,0.034434695
2016,380,8444,0,0.43551484
2016,380,8445,0,0.18781371
2016,380,8446,0,0.17028649
2016,380,8447,0,0.15293464
2016,380,8448,0,0.06947941
2016,380,8449,0,0.14103198
2016,380,8450,0,0.06933244
2016,380,8451,0,0.026401177
2016,380,8453,0,0.070670225
2016,380,8454,1,0.19110455
2016,380,8455,0,0.3322269
2016,380,8456,0,0.07937204
2016,380,8457,0,0.14036472
2016,380,8458,0,0.17327598
2016,380,8459,0,0.08946548
2016,380,8460,0,0.085607566
2016,380,8461,0,0.07100551
2016,380,8462,0,0.03709884
2016,380,8463,0,0.114002936
2016,380,8464,0,0.051204406
2016,380,8465,0,0.043606427
2016,380,8466,0,0.04091709
2016,380,8467,0,0.03077496
2016,380,8468,0,0.0517381
2016,380,8469,1,0.66912824
2016,380,8470,0,0.48969325
2016,380,8471,1,0.037894435
2016,380,8472,1,0.13442141
2016,380,8473,0,0.06896031
2016,380,8474,0,0.03844202
2016,380,8475,0,0.35400712
2016,380,8476,0,0.08370425
2016,380,8477,0,0.03549876
2016,380,8478,0,0.12198855
2016,380,8479,0,0.03373116
2016,380,8480,0,0.05763667
2016,380,8481,0,0.022132693
2016,380,8482,0,0.056890476
2016,380,8483,0,0.073502935
2016,380,8484,0,0.03642758
2016,380,8485,0,0.04478392
2016,826,8401,1,0.25672317
2016,826,8402,1,0.17450641
2016,826,8403,0,0.4152722
2016,826,8405,0,0.36481705
2016,826,8406,1,0.37182707
2016,826,8407,0,0.058209665
2016,826,8408,0,0.095461294
2016,826,8409,0,0.03326747
2016,826,8411,0,0.034638483
2016,826,8412,0,0.046457008
2016,826,8413,0,0.0388133
2016,826,8414,0,0.038493846
2016,826,8415,0,0.06044
2016,826,8416,0,0.12285304
2016,826,8417,1,0.06636784
2016,826,8418,0,0.049456183
2016,826,8419,0,0.10182747
2016,826,8420,0,0.11959124
2016,826,8421,0,0.042409346
2016,826,8422,0,0.05609777
2016,826,8423,0,0.041186977
2016,826,8424,0,0.02637236
2016,826,8425,0,0.078683026
2016,826,8426,0,0.089279145
2016,826,8427,0,0.112423666
2016,826,8428,0,0.09590095
2016,826,8429,0,0.08771221
2016,826,8430,0,0.068672344
2016,826,8431,0,0.046889916
2016,826,8432,0,0.0939579
2016,826,8433,0,0.19536148
2016,826,8434,0,0.20561638
2016,826,8435,0,0.20193556
2016,826,8436,0,0.09078338
2016,826,8437,0,0.17500651
2016,826,8438,0,0.026827956
2016,826,8439,0,0.19053747
2016,826,8440,0,0.1730474
2016,826,8441,0,0.07893784
2016,826,8442,0,0.15092209
2016,826,8443,0,0.05053129
2016,826,8444,0,0.26041436
2016,826,8445,0,0.30178088
2016,826,8446,0,0.21052209
2016,826,8447,0,0.12891923
2016,826,8448,0,0.12715657
2016,826,8450,0,0.17704634
2016,826,8451,0,0.06982479
2016,826,8452,0,0.0674182
2016,826,8453,0,0.25478894
2016,826,8454,0,0.23443621
2016,826,8455,1,0.6205361
2016,826,8456,0,0.13189276
2016,826,8457,0,0.24182312
2016,826,8458,0,0.14242025
2016,826,8459,0,0.07763874
2016,826,8460,0,0.14724493
2016,826,8461,0,0.17276685
2016,826,8462,0,0.14693096
2016,826,8463,1,0.26575875
2016,826,8464,0,0.30493572
2016,826,8466,0,0.050040085
2016,826,8467,0,0.04249746
2016,826,8468,0,0.096336454
2016,826,8470,0,0.13161285
2016,826,8471,1,0.042362094
2016,826,8472,1,0.04420152
2016,826,8473,0,0.09548684
2016,826,8474,0,0.074213184
2016,826,8475,0,0.16602324
2016,826,8476,0,0.19509763
2016,826,8477,0,0.0449984
2016,826,8478,0,0.14083286
2016,826,8479,0,0.04149016
2016,826,8480,0,0.10520692
2016,826,8481,0,0.049966425
2016,826,8482,0,0.046396166
2016,826,8483,0,0.08084473
2016,826,8484,0,0.03773536
2016,826,8485,0,0.0339482
2016,251,8401,0,0.23207687
2016,251,8402,0,0.26996434
2016,251,8403,0,0.11192404
2016,251,8404,0,0.1745698
2016,251,8405,0,0.26279
2016,251,8406,0,0.187277
2016,251,8407,0,0.079873525
2016,251,8408,0,0.092370674
2016,251,8409,0,0.052548673
2016,251,8411,0,0.085159875
2016,251,8412,0,0.06334998
2016,251,8413,0,0.038970016
2016,251,8414,0,0.038122553
2016,251,8415,0,0.045021847
2016,251,8416,0,0.08376542
2016,251,8417,1,0.09622713
2016,251,8418,0,0.038105458
2016,251,8419,0,0.10107185
2016,251,8420,0,0.19025588
2016,251,8421,0,0.040333487
2016,251,8422,0,0.040783692
2016,251,8423,0,0.0700754
2016,251,8424,0,0.04293493
2016,251,8425,0,0.06319709
2016,251,8426,0,0.13174987
2016,251,8427,0,0.088948555
2016,251,8428,0,0.09503914
2016,251,8429,0,0.10681589
2016,251,8431,0,0.03528321
2016,251,8432,0,0.059884544
2016,251,8433,0,0.08222547
2016,251,8434,0,0.14807922
2016,251,8435,0,0.14138734
2016,251,8436,0,0.04354461
2016,251,8438,0,0.03694314
2016,251,8439,0,0.25019166
2016,251,8441,0,0.11324975
2016,251,8442,0,0.17525071
2016,251,8443,0,0.06600561
2016,251,8444,1,0.57173234
2016,251,8445,0,0.18064159
2016,251,8446,1,0.25696066
2016,251,8447,0,0.14027733
2016,251,8448,0,0.17950733
2016,251,8449,0,0.30078954
2016,251,8450,1,0.13466103
2016,251,8451,0,0.046999216
2016,251,8452,0,0.15832472
2016,251,8453,0,0.19723876
2016,251,8454,0,0.1435152
2016,251,8455,0,0.18461217
2016,251,8456,0,0.18824908
2016,251,8457,0,0.24166022
2016,251,8458,0,0.29715154
2016,251,8459,0,0.21049276
2016,251,8460,0,0.16758533
2016,251,8461,0,0.09292183
2016,251,8462,0,0.11168964
2016,251,8463,0,0.14352843
2016,251,8464,0,0.22859398
2016,251,8465,0,0.1243276
2016,251,8466,0,0.05928217
2016,251,8467,0,0.0589425
2016,251,8468,0,0.09275723
2016,251,8470,0,0.08666005
2016,251,8471,1,0.03663682
2016,251,8472,1,0.13507333
2016,251,8473,0,0.101014376
2016,251,8475,0,0.28405127
2016,251,8476,1,0.2747442
2016,251,8477,0,0.04737751
2016,251,8479,0,0.041211154
2016,251,8480,0,0.048922025
2016,251,8481,0,0.025414903
2016,251,8482,0,0.045110147
2016,251,8483,0,0.07758947
2016,251,8484,0,0.0805383
2016,251,8485,0,0.060119875
2016,490,8402,1,0.41728634
2016,490,8403,0,0.5114339
2016,490,8404,1,0.25507712
2016,490,8405,0,0.3714795
2016,490,8406,0,0.17669517
2016,490,8407,1,0.5340287
2016,490,8408,1,0.17366268
2016,490,8409,0,0.056944955
2016,490,8410,0,0.20877236
2016,490,8411,0,0.14650571
2016,490,8412,0,0.10027216
2016,490,8413,0,0.029062878
2016,490,8414,0,0.031917807
2016,490,8415,0,0.043343134
2016,490,8416,0,0.21516721
2016,490,8417,0,0.15829091
2016,490,8418,0,0.028839057
2016,490,8419,0,0.084855445
2016,490,8420,0,0.17943543
2016,490,8421,0,0.029084347
2016,490,8422,0,0.031609803
2016,490,8423,0,0.056274317
2016,490,8424,0,0.03486395
2016,490,8425,0,0.08970043
2016,490,8426,1,0.48196033
2016,490,8427,0,0.11411344
2016,490,8428,0,0.06246045
2016,490,8429,0,0.35277832
2016,490,8430,0,0.13503481
2016,490,8431,0,0.08185515
2016,490,8432,0,0.117133446
2016,490,8433,0,0.086038694
2016,490,8434,0,0.18448554
2016,490,8435,0,0.13210638
2016,490,8436,0,0.09890639
2016,490,8437,0,0.060192514
2016,490,8438,0,0.052196357
2016,490,8439,0,0.10117764
2016,490,8440,0,0.17195216
2016,490,8441,0,0.057296228
2016,490,8442,0,0.16783813
2016,490,8443,0,0.038891114
2016,490,8444,0,0.2696895
2016,490,8445,0,0.21499792
2016,490,8446,0,0.3461528
2016,490,8447,0,0.095308326
2016,490,8448,0,0.083935626
2016,490,8449,0,0.25348255
2016,490,8450,0,0.15014647
2016,490,8451,0,0.099434406
2016,490,8452,0,0.044764355
2016,490,8453,0,0.18833922
2016,490,8454,0,0.18536617
2016,490,8455,0,0.14283267
2016,490,8456,1,0.40015242
2016,490,8457,0,0.19578506
2016,490,8458,0,0.1313106
2016,490,8459,0,0.10058283
2016,490,8460,0,0.1463943
2016,490,8461,0,0.101884566
2016,490,8462,0,0.08721291
2016,490,8463,0,0.08759882
2016,490,8464,0,0.2466373
2016,490,8465,0,0.11957878
2016,490,8466,0,0.08527678
2016,490,8467,0,0.060387526
2016,490,8468,0,0.11999785
2016,490,8470,0,0.12493737
2016,490,8471,1,0.044281878
2016,490,8472,0,0.06542021
2016,490,8473,0,0.09069365
2016,490,8474,0,0.07357805
2016,490,8475,0,0.6522524
2016,490,8476,0,0.13192983
2016,490,8477,0,0.028068766
2016,490,8478,0,0.27408525
2016,490,8479,0,0.098088115
2016,490,8480,0,0.03506108
2016,490,8481,0,0.035618555
2016,490,8482,0,0.04568959
2016,490,8483,0,0.049828257
2016,490,8484,0,0.04042406
2016,490,8485,0,0.08137601
2016,702,8402,1,0.7240367
2016,702,8403,1,0.26763552
2016,702,8404,1,0.61323076
2016,702,8406,1,0.5171858
2016,702,8407,1,0.1335424
2016,702,8409,0,0.06080619
2016,702,8410,1,0.2530276
2016,702,8411,0,0.097993545
2016,702,8412,0,0.068687476
2016,702,8413,0,0.031213464
2016,702,8414,0,0.019368611
2016,702,8416,1,0.23701026
2016,702,8417,1,0.7522509
2016,702,8418,0,0.08429721
2016,702,8419,0,0.079731405
2016,702,8420,1,0.21955214
2016,702,8421,0,0.028820487
2016,702,8422,0,0.07138809
2016,702,8423,0,0.111343406
2016,702,8424,0,0.05796817
2016,702,8425,0,0.18305883
2016,702,8426,1,0.15890305
2016,702,8427,0,0.12920368
2016,702,8428,0,0.08877097
2016,702,8430,0,0.0878468
2016,702,8431,0,0.050621368
2016,702,8432,0,0.2694378
2016,702,8433,0,0.25762284
2016,702,8435,0,0.47538126
2016,702,8436,0,0.14814182
2016,702,8437,1,0.17276426
2016,702,8438,1,0.121749446
2016,702,8439,1,0.37289298
2016,702,8440,1,0.3558236
2016,702,8441,0,0.16839656
2016,702,8442,0,0.20703223
2016,702,8443,0,0.06282321
2016,702,8445,1,0.3874943
2016,702,8448,1,0.46561378
2016,702,8449,0,0.4297882
2016,702,8451,1,0.1357918
2016,702,8452,1,0.1629879
2016,702,8453,1,0.716395
2016,702,8454,0,0.40828526
2016,702,8455,1,0.56094694
2016,702,8456,1,0.27865848
2016,702,8457,0,0.34567755
2016,702,8458,0,0.14950787
2016,702,8459,1,0.14655484
2016,702,8460,0,0.262418
2016,702,8461,0,0.15383807
2016,702,8462,0,0.16218254
2016,702,8463,0,0.19196184
2016,702,8464,0,0.35885257
2016,702,8465,0,0.16054069
2016,702,8466,0,0.1345286
2016,702,8467,0,0.06897819
2016,702,8468,1,0.27163994
2016,702,8470,0,0.08720088
2016,702,8471,0,0.021026943
2016,702,8472,0,0.09314245
2016,702,8473,0,0.0979145
2016,702,8475,0,0.38551006
2016,702,8476,1,0.30304724
2016,702,8477,0,0.12176716
2016,702,8478,1,0.5292134
2016,702,8479,0,0.13642868
2016,702,8480,0,0.10949137
2016,702,8481,0,0.03104957
2016,702,8482,0,0.040196933
2016,702,8483,0,0.055628832
2016,702,8484,0,0.062707126
2016,528,8401,1,0.36759445
2016,528,8403,0,0.0911019
2016,528,8404,0,0.24366216
2016,528,8406,1,0.2587976
2016,528,8407,0,0.19195062
2016,528,8408,0,0.049653742
2016,528,8409,0,0.027290113
2016,528,8410,1,0.5152354
2016,528,8411,0,0.08125415
2016,528,8412,0,0.033405103
2016,528,8413,0,0.023068342
2016,528,8414,0,0.04241885
2016,528,8415,0,0.04636684
2016,528,8416,0,0.096165694
2016,528,8417,1,0.15361674
2016,528,8418,0,0.04557214
2016,528,8419,0,0.10048183
2016,528,8420,0,0.18785852
2016,528,8421,0,0.042386066
2016,528,8422,0,0.042884097
2016,528,8423,0,0.096469626
2016,528,8424,0,0.03911381
2016,528,8425,0,0.028282719
2016,528,8426,0,0.08409591
2016,528,8427,0,0.055995375
2016,528,8428,0,0.06645188
2016,528,8429,0,0.11700151
2016,528,8430,1,0.06744006
2016,528,8431,0,0.032690123
2016,528,8432,0,0.055996444
2016,528,8433,0,0.101080716
2016,528,8434,0,0.116333015
2016,528,8435,0,0.14432189
2016,528,8436,0,0.08946747
2016,528,8437,0,0.12518364
2016,528,8438,0,0.03948248
2016,528,8439,0,0.19851065
2016,528,8440,0,0.09224055
2016,528,8441,0,0.094639555
2016,528,8442,0,0.13705412
2016,528,8443,0,0.05726296
2016,528,8444,0,0.17299949
2016,528,8445,1,0.57085073
2016,528,8446,1,0.73289055
2016,528,8447,0,0.2191718
2016,528,8448,0,0.21612059
2016,528,8449,0,0.5069396
2016,528,8450,0,0.16666307
2016,528,8451,0,0.10876299
2016,528,8452,0,0.14625943
2016,528,8453,0,0.611226
2016,528,8454,1,0.22837286
2016,528,8455,1,0.26305783
2016,528,8456,0,0.14718069
2016,528,8457,0,0.2657622
2016,528,8458,0,0.19762924
2016,528,8459,0,0.08792153
2016,528,8460,0,0.16480856
2016,528,8461,0,0.12030385
2016,528,8462,0,0.07512565
2016,528,8463,0,0.37131378
2016,528,8464,0,0.12798318
2016,528,8465,0,0.13799752
2016,528,8466,0,0.08082034
2016,528,8467,0,0.061090704
2016,528,8468,0,0.0680752
2016,528,8470,1,0.22252458
2016,528,8471,0,0.04064264
2016,528,8472,1,0.11039948
2016,528,8473,0,0.06811993
2016,528,8474,0,0.08028251
2016,528,8475,1,0.20109244
2016,528,8476,0,0.2238865
2016,528,8477,0,0.073779486
2016,528,8478,0,0.16886847
2016,528,8479,0,0.058779072
2016,528,8480,0,0.115590945
2016,528,8481,0,0.029053615
2016,528,8482,0,0.05635788
2016,528,8483,0,0.05849615
2016,528,8484,0,0.057209443
2016,528,8485,0,0.06421962
2016,410,8401,0,0.4838558
2016,410,8402,0,0.16285387
2016,410,8403,0,0.15734848
2016,410,8404,1,0.16248721
2016,410,8406,1,0.29382583
2016,410,8407,0,0.066706404
2016,410,8408,0,0.087941565
2016,410,8409,0,0.036158327
2016,410,8410,1,0.31011218
2016,410,8411,0,0.07793243
2016,410,8412,0,0.05848565
2016,410,8413,0,0.030046787
2016,410,8414,0,0.03697112
2016,410,8415,0,0.022017973
2016,410,8416,1,0.3996279
2016,410,8417,1,0.59896684
2016,410,8418,0,0.032206018
2016,410,8419,1,0.063240804
2016,410,8420,0,0.20554046
2016,410,8421,0,0.17412056
2016,410,8422,0,0.047001045
2016,410,8423,0,0.076046124
2016,410,8424,1,0.0411022
2016,410,8425,0,0.051492844
2016,410,8426,0,0.07492703
2016,410,8427,0,0.07997626
2016,410,8428,0,0.053202294
2016,410,8429,0,0.06393743
2016,410,8431,0,0.03418042
2016,410,8432,0,0.19122519
2016,410,8433,0,0.09201334
2016,410,8434,0,0.2898924
2016,410,8435,0,0.17389971
2016,410,8436,0,0.09975449
2016,410,8437,0,0.07145411
2016,410,8438,0,0.14043464
2016,410,8439,1,0.25216252
2016,410,8440,0,0.34693825
2016,410,8441,0,0.0815981
2016,410,8442,0,0.46849054
2016,410,8443,0,0.05637575
2016,410,8444,1,0.4102723
2016,410,8445,0,0.44995537
2016,410,8446,0,0.26246232
2016,410,8447,0,0.1265175
2016,410,8448,0,0.08655511
2016,410,8449,1,0.6157643
2016,410,8450,0,0.088089556
2016,410,8451,0,0.044775486
2016,410,8452,0,0.087473266
2016,410,8453,0,0.24746014
2016,410,8454,1,0.7147029
2016,410,8455,0,0.18248922
2016,410,8456,1,0.25679266
2016,410,8457,0,0.19578873
2016,410,8458,0,0.105484866
2016,410,8459,0,0.09485296
2016,410,8460,0,0.2066364
2016,410,8461,1,0.21466804
2016,410,8462,0,0.14328995
2016,410,8463,0,0.10770988
2016,410,8464,0,0.35007975
2016,410,8465,0,0.20038614
2016,410,8466,0,0.09629687
2016,410,8467,0,0.057213284
2016,410,8468,0,0.27036244
2016,410,8470,1,0.17725112
2016,410,8471,1,0.042594716
2016,410,8472,1,0.08097648
2016,410,8473,0,0.11397657
2016,410,8474,1,0.18695663
2016,410,8475,0,0.5420998
2016,410,8476,1,0.13337977
2016,410,8477,0,0.053751346
2016,410,8478,0,0.6793761
2016,410,8479,0,0.111006856
2016,410,8480,0,0.040776156
2016,410,8481,0,0.026500516
2016,410,8482,0,0.047218278
2016,410,8483,0,0.04920965
2016,410,8484,0,0.049470846
2016,458,8404,0,0.3475071
2016,458,8405,0,0.63354677
2016,458,8407,0,0.36943433
2016,458,8408,0,0.11972697
2016,458,8409,0,0.16011153
2016,458,8410,1,0.58865947
2016,458,8411,0,0.08957778
2016,458,8412,0,0.14493516
2016,458,8413,0,0.09692555
2016,458,8414,0,0.033911776
2016,458,8415,0,0.025774503
2016,458,8416,0,0.20723271
2016,458,8417,1,0.39850157
2016,458,8418,0,0.056990143
2016,458,8419,0,0.099690296
2016,458,8420,1,0.400298
2016,458,8421,0,0.058020048
2016,458,8422,1,0.13668786
2016,458,8423,0,0.14118245
2016,458,8424,0,0.074699976
2016,458,8425,0,0.17579257
2016,458,8426,0,0.16969968
2016,458,8427,0,0.3097612
2016,458,8428,0,0.08247909
2016,458,8430,1,0.5187729
2016,458,8431,1,0.08190109
2016,458,8432,0,0.6171448
2016,458,8433,1,0.34470928
2016,458,8435,0,0.2769108
2016,458,8436,0,0.10888216
2016,458,8437,0,0.28190196
2016,458,8439,1,0.44771942
2016,458,8441,0,0.08381716
2016,458,8442,0,0.41391268
2016,458,8443,0,0.122374766
2016,458,8444,1,0.64858913
2016,458,8445,1,0.747709
2016,458,8446,1,0.51601857
2016,458,8447,0,0.5215686
2016,458,8448,0,0.14249186
2016,458,8451,0,0.19721341
2016,458,8452,0,0.50975853
2016,458,8453,0,0.30606297
2016,458,8454,0,0.20464472
2016,458,8455,0,0.2552363
2016,458,8456,0,0.36269948
2016,458,8457,0,0.21209173
2016,458,8458,0,0.21641254
2016,458,8459,0,0.13486877
2016,458,8460,1,0.6693479
2016,458,8462,0,0.30886734
2016,458,8463,0,0.17463706
2016,458,8464,0,0.14505875
2016,458,8465,0,0.37379026
2016,458,8466,0,0.23792589
2016,458,8467,0,0.10469249
2016,458,8468,0,0.14255169
2016,458,8469,1,0.32111496
2016,458,8470,0,0.13940012
2016,458,8471,1,0.028022945
2016,458,8472,1,0.2547208
2016,458,8473,0,0.1068269
2016,458,8474,0,0.1352981
2016,458,8475,0,0.28390765
2016,458,8476,0,0.27908805
2016,458,8477,1,0.13569842
2016,458,8479,0,0.11786948
2016,458,8480,0,0.09516648
2016,458,8481,0,0.051591244
2016,458,8482,0,0.10420427
2016,458,8484,0,0.12610869
2016,458,8485,0,0.156268
2016,124,8401,0,0.7114922
2016,124,8402,0,0.33717632
2016,124,8403,0,0.13321126
2016,124,8404,0,0.30461815
2016,124,8405,0,0.49829262
2016,124,8406,0,0.29158297
2016,124,8407,0,0.07584453
2016,124,8408,0,0.19655113
2016,124,8409,0,0.051136155
2016,124,8410,1,0.252956
2016,124,8411,0,0.059468936
2016,124,8412,0,0.05862766
2016,124,8413,0,0.03613276
2016,124,8414,0,0.03717793
2016,124,8415,0,0.0721964
2016,124,8416,0,0.17686808
2016,124,8417,0,0.14472117
2016,124,8418,0,0.08334591
2016,124,8419,0,0.08858767
2016,124,8420,0,0.2694485
2016,124,8421,0,0.050453015
2016,124,8422,0,0.061219532
2016,124,8423,0,0.12629467
2016,124,8424,0,0.047918472
2016,124,8425,0,0.06302064
2016,124,8426,0,0.25648174
2016,124,8427,0,0.1821266
2016,124,8428,0,0.06851401
2016,124,8429,0,0.29424977
2016,124,8430,0,0.14811538
2016,124,8431,0,0.07373754
2016,124,8432,0,0.16555075
2016,124,8433,0,0.06638209
2016,124,8434,0,0.21599838
2016,124,8435,1,0.3176011
2016,124,8436,0,0.08184139
2016,124,8437,0,0.48825583
2016,124,8438,0,0.08827096
2016,124,8439,0,0.21457265
2016,124,8440,0,0.32705173
2016,124,8441,0,0.16752055
2016,124,8442,0,0.22867356
2016,124,8443,0,0.116523705
2016,124,8445,0,0.3149903
2016,124,8448,0,0.18744628
2016,124,8449,1,0.8310652
2016,124,8451,0,0.16551682
2016,124,8452,0,0.1924066
2016,124,8453,0,0.49327663
2016,124,8454,0,0.17396869
2016,124,8455,0,0.239683
2016,124,8456,1,0.43734816
2016,124,8457,0,0.32478344
2016,124,8458,0,0.523368
2016,124,8459,0,0.22272387
2016,124,8460,0,0.25149795
2016,124,8461,0,0.25524327
2016,124,8462,0,0.18476036
2016,124,8463,0,0.24313718
2016,124,8464,0,0.25029376
2016,124,8465,0,0.09281131
2016,124,8466,0,0.082120486
2016,124,8467,0,0.08356744
2016,124,8468,0,0.22069821
2016,124,8470,0,0.17300874
2016,124,8471,0,0.035577457
2016,124,8472,0,0.12660028
2016,124,8473,0,0.08771872
2016,124,8474,0,0.15779173
2016,124,8475,0,0.2963044
2016,124,8476,0,0.21759261
2016,124,8477,0,0.07703685
2016,124,8478,0,0.4621594
2016,124,8479,0,0.08405164
2016,124,8480,0,0.13934179
2016,124,8481,0,0.037810974
2016,124,8482,0,0.08240033
2016,124,8483,0,0.07608978
2016,124,8484,0,0.103549674
2016,124,8485,0,0.09898646
2016,484,8402,1,0.4945636
2016,484,8403,0,0.230348
2016,484,8404,0,0.41043884
2016,484,8405,1,0.3153839
2016,484,8406,1,0.2873115
2016,484,8407,1,0.2029779
2016,484,8408,0,0.117124885
2016,484,8409,0,0.08855632
2016,484,8410,0,0.49354985
2016,484,8411,0,0.09532705
2016,484,8412,0,0.14971323
2016,484,8413,0,0.049858652
2016,484,8414,0,0.04377048
2016,484,8415,0,0.07416784
2016,484,8416,0,0.26156396
2016,484,8417,1,0.20794342
2016,484,8418,0,0.04790103
2016,484,8419,0,0.09794771
2016,484,8420,0,0.6978332
2016,484,8421,0,0.061423726
2016,484,8423,0,0.12760937
2016,484,8424,0,0.09955152
2016,484,8425,0,0.1246898
2016,484,8426,0,0.268141
2016,484,8427,0,0.6529009
2016,484,8428,0,0.115257874
2016,484,8429,0,0.3930231
2016,484,8430,0,0.2062108
2016,484,8431,0,0.10108479
2016,484,8432,0,0.16165975
2016,484,8433,0,0.11523934
2016,484,8434,0,0.2445763
2016,484,8436,0,0.14837295
2016,484,8438,0,0.14434713
2016,484,8439,1,0.5636079
2016,484,8441,0,0.3267322
2016,484,8442,0,0.22242904
2016,484,8443,0,0.08448606
2016,484,8448,1,0.23857923
2016,484,8450,0,0.5496554
2016,484,8451,0,0.2161576
2016,484,8453,1,0.55829555
2016,484,8454,1,0.3717695
2016,484,8455,0,0.2730673
2016,484,8456,1,0.32494447
2016,484,8457,0,0.37382022
2016,484,8458,1,0.35948583
2016,484,8459,0,0.25003392
2016,484,8460,0,0.22905695
2016,484,8461,0,0.39626744
2016,484,8462,0,0.21344407
2016,484,8464,1,0.57603467
2016,484,8465,0,0.1611518
2016,484,8466,0,0.1812563
2016,484,8467,0,0.12484258
2016,484,8468,0,0.17814048
2016,484,8470,0,0.19564164
2016,484,8471,0,0.047625534
2016,484,8472,0,0.15425399
2016,484,8473,0,0.11108592
2016,484,8474,0,0.1937728
2016,484,8476,0,0.20255312
2016,484,8477,0,0.1469176
2016,484,8479,0,0.17661248
2016,484,8480,1,0.2245984
2016,484,8481,0,0.04627841
2016,484,8482,0,0.1157739
2016,484,8483,0,0.073350094
2016,484,8484,0,0.12739491
2016,484,8485,0,0.32587394
2016,757,8403,0,0.19813524
2016,757,8404,0,0.36916873
2016,757,8405,0,0.25622052
2016,757,8406,1,0.2514893
2016,757,8407,0,0.17222305
2016,757,8408,0,0.3137348
2016,757,8409,0,0.077394925
2016,757,8411,0,0.15514125
2016,757,8412,0,0.07310956
2016,757,8413,0,0.04798741
2016,757,8414,0,0.031610556
2016,757,8415,0,0.11420851
2016,757,8416,0,0.22344957
2016,757,8417,0,0.15054205
2016,757,8418,0,0.092710435
2016,757,8419,0,0.10764371
2016,757,8420,0,0.2205317
2016,757,8421,0,0.04721453
2016,757,8422,0,0.060122825
2016,757,8423,0,0.07440561
2016,757,8424,0,0.055672303
2016,757,8425,0,0.11818763
2016,757,8426,1,0.41915473
2016,757,8427,0,0.19487086
2016,757,8428,0,0.11720472
2016,757,8429,0,0.31770808
2016,757,8430,0,0.21329585
2016,757,8431,0,0.049844436
2016,757,8432,0,0.15780246
2016,757,8433,0,0.2697938
2016,757,8434,0,0.21892777
2016,757,8435,0,0.23895676
2016,757,8436,0,0.12299381
2016,757,8437,1,0.22378378
2016,757,8438,0,0.039472982
2016,757,8439,0,0.19441815
2016,757,8440,0,0.15961468
2016,757,8441,0,0.111583024
2016,757,8442,0,0.14653336
2016,757,8443,0,0.07473953
2016,757,8444,1,0.40336567
2016,757,8445,0,0.19933353
2016,757,8446,0,0.12248326
2016,757,8447,0,0.29180634
2016,757,8448,0,0.071512274
2016,757,8449,0,0.32634506
2016,757,8450,0,0.14064555
2016,757,8451,1,0.06354378
2016,757,8452,0,0.14459142
2016,757,8453,1,0.1297743
2016,757,8454,0,0.1877023
2016,757,8455,1,0.17968836
2016,757,8456,0,0.16819596
2016,757,8457,0,0.34465834
2016,757,8458,0,0.17857666
2016,757,8459,0,0.16731966
2016,757,8460,0,0.13907163
2016,757,8461,0,0.1644922
2016,757,8462,0,0.15498395
2016,757,8463,0,0.13018866
2016,757,8464,0,0.18349244
2016,757,8465,0,0.11975632
2016,757,8466,0,0.07543583
2016,757,8467,0,0.080872335
2016,757,8468,0,0.12793604
2016,757,8470,1,0.1897553
2016,757,8471,1,0.036059976
2016,757,8472,1,0.13251884
2016,757,8473,0,0.09236671
2016,757,8474,0,0.11624422
2016,757,8475,0,0.15207157
2016,757,8476,0,0.17240857
2016,757,8477,0,0.09689133
2016,757,8479,0,0.06769934
2016,757,8480,0,0.078932956
2016,757,8481,0,0.04652971
2016,757,8482,0,0.06929433
2016,757,8483,0,0.11374039
2016,757,8484,0,0.056215458
2016,757,8485,0,0.08537717
2016,764,8402,0,0.53418994
2016,764,8403,0,0.24111947
2016,764,8404,0,0.1373935
2016,764,8405,0,0.47681347
2016,764,8406,0,0.2230723
2016,764,8407,0,0.07641145
2016,764,8408,0,0.4241584
2016,764,8409,0,0.041915037
2016,764,8411,0,0.10072068
2016,764,8412,0,0.19857061
2016,764,8413,0,0.037976857
2016,764,8414,0,0.026938267
2016,764,8415,0,0.017543722
2016,764,8416,1,0.64821523
2016,764,8417,1,0.32459605
2016,764,8418,0,0.095076874
2016,764,8419,1,0.1453258
2016,764,8420,1,0.44266987
2016,764,8421,0,0.029680746
2016,764,8422,0,0.101874165
2016,764,8424,0,0.04623741
2016,764,8425,0,0.111505136
2016,764,8426,1,0.48961207
2016,764,8428,0,0.085763276
2016,764,8434,1,0.20408644
2016,764,8437,0,0.107199796
2016,764,8438,0,0.13597263
2016,764,8439,1,0.4874412
2016,764,8441,0,0.08107785
2016,764,8442,0,0.46528107
2016,764,8443,0,0.0968748
2016,764,8445,1,0.5504199
2016,764,8447,0,0.5741396
2016,764,8448,0,0.12395251
2016,764,8450,0,0.03271797
2016,764,8451,0,0.08868746
2016,764,8452,0,0.087057084
2016,764,8453,0,0.17565368
2016,764,8454,0,0.19227193
2016,764,8455,0,0.16078886
2016,764,8456,0,0.17737715
2016,764,8457,0,0.4147223
2016,764,8458,0,0.48543787
2016,764,8459,0,0.11861717
2016,764,8460,0,0.1967808
2016,764,8461,0,0.117734544
2016,764,8462,0,0.12662257
2016,764,8463,0,0.17268582
2016,764,8466,0,0.17685413
2016,764,8467,0,0.19920354
2016,764,8468,0,0.71881187
2016,764,8470,0,0.24589832
2016,764,8471,1,0.029650155
2016,764,8472,1,0.3857221
2016,764,8473,0,0.10438925
2016,764,8475,0,0.46676815
2016,764,8476,0,0.23696981
2016,764,8477,0,0.10577001
2016,764,8479,0,0.19944155
2016,764,8480,0,0.07665558
2016,764,8481,0,0.026566908
2016,764,8482,0,0.06187856
2016,764,8483,0,0.036456168
2016,764,8484,0,0.036264066
2016,764,8485,0,0.14023334
2016,752,8401,0,0.4282593
2016,752,8402,0,0.2409063
2016,752,8403,0,0.2368886
2016,752,8404,0,0.184307
2016,752,8405,1,0.6685552
2016,752,8406,0,0.42386425
2016,752,8407,0,0.19303963
2016,752,8408,0,0.17115727
2016,752,8409,0,0.07147273
2016,752,8410,1,0.31439608
2016,752,8411,0,0.10974099
2016,752,8412,0,0.033121206
2016,752,8413,0,0.04127895
2016,752,8414,0,0.04145869
2016,752,8415,0,0.08303108
2016,752,8416,0,0.15363955
2016,752,8417,0,0.17222579
2016,752,8418,0,0.054045506
2016,752,8419,0,0.078008585
2016,752,8420,0,0.25593174
2016,752,8421,0,0.051721446
2016,752,8422,0,0.04644803
2016,752,8423,0,0.17594269
2016,752,8424,0,0.039276227
2016,752,8425,0,0.16390489
2016,752,8426,0,0.15037787
2016,752,8427,0,0.12465184
2016,752,8428,0,0.094939806
2016,752,8429,0,0.102785595
2016,752,8430,0,0.09848566
2016,752,8431,0,0.03176474
2016,752,8432,0,0.13699871
2016,752,8433,0,0.2231138
2016,752,8434,0,0.12600665
2016,752,8436,0,0.1824341
2016,752,8437,0,0.1741228
2016,752,8438,0,0.073832236
2016,752,8439,0,0.20529449
2016,752,8440,0,0.26974148
2016,752,8441,0,0.20989537
2016,752,8442,0,0.23883799
2016,752,8443,0,0.11014867
2016,752,8446,1,0.6388949
2016,752,8447,0,0.56265306
2016,752,8448,0,0.17214918
2016,752,8450,0,0.11705619
2016,752,8451,0,0.19421229
2016,752,8452,0,0.23735602
2016,752,8453,0,0.5200927
2016,752,8454,1,0.48732987
2016,752,8455,0,0.12802207
2016,752,8456,1,0.37976426
2016,752,8457,1,0.5029939
2016,752,8458,0,0.15930048
2016,752,8459,0,0.20829894
2016,752,8460,0,0.23385425
2016,752,8461,0,0.31936473
2016,752,8462,0,0.18180315
2016,752,8463,0,0.2033417
2016,752,8464,0,0.22450876
2016,752,8465,0,0.17379929
2016,752,8466,0,0.05157252
2016,752,8467,0,0.05842464
2016,752,8468,0,0.12590602
2016,752,8470,0,0.33136815
2016,752,8471,0,0.05415254
2016,752,8472,1,0.13389626
2016,752,8473,0,0.098648146
2016,752,8474,0,0.086514756
2016,752,8475,0,0.22662166
2016,752,8476,0,0.17669277
2016,752,8477,0,0.16103548
2016,752,8479,0,0.06323357
2016,752,8480,0,0.14232583
2016,752,8481,0,0.04279652
2016,752,8482,0,0.047102354
2016,752,8483,0,0.06885583
2016,752,8484,0,0.05034409
2016,752,8485,0,0.052191548
2016,372,8402,1,0.27655697
2016,372,8403,0,0.2609829
2016,372,8405,1,0.7292656
2016,372,8406,1,0.829188
2016,372,8407,0,0.47173926
2016,372,8409,0,0.15453163
2016,372,8411,0,0.10972895
2016,372,8412,0,0.19038753
2016,372,8413,0,0.08587286
2016,372,8414,0,0.090384334
2016,372,8415,0,0.18291189
2016,372,8418,0,0.17474875
2016,372,8419,0,0.3280197
2016,372,8421,0,0.087894194
2016,372,8422,0,0.17787798
2016,372,8423,0,0.5250732
2016,372,8424,1,0.20880099
2016,372,8425,1,0.28364617
2016,372,8426,0,0.19684051
2016,372,8427,0,0.2498447
2016,372,8428,0,0.19975899
2016,372,8429,0,0.28059426
2016,372,8430,0,0.1909881
2016,372,8431,0,0.13327192
2016,372,8432,0,0.2692553
2016,372,8433,0,0.17454253
2016,372,8434,0,0.31763032
2016,372,8436,0,0.26948974
2016,372,8437,0,0.6034599
2016,372,8438,0,0.41201648
2016,372,8441,1,0.37947246
2016,372,8443,0,0.1097876
2016,372,8448,0,0.2935848
2016,372,8450,1,0.42821437
2016,372,8451,1,0.35005605
2016,372,8456,0,0.36458114
2016,372,8458,1,0.5384382
2016,372,8459,0,0.3502463
2016,372,8462,1,0.38542253
2016,372,8463,0,0.25793865
2016,372,8464,1,0.74865896
2016,372,8465,1,0.37781656
2016,372,8466,0,0.24041775
2016,372,8467,0,0.21763106
2016,372,8468,0,0.26011002
2016,372,8470,0,0.1809786
2016,372,8471,1,0.030106692
2016,372,8472,0,0.6412452
2016,372,8473,0,0.07281986
2016,372,8474,0,0.2394715
2016,372,8475,0,0.38661456
2016,372,8476,1,0.3070772
2016,372,8477,1,0.19881782
2016,372,8479,0,0.18038353
2016,372,8480,0,0.1619292
2016,372,8481,1,0.10963461
2016,372,8484,0,0.11309851
2016,372,8485,0,0.13211627
2016,40,8401,1,0.62277395
2016,40,8402,1,0.20109454
2016,40,8403,0,0.15358844
2016,40,8404,0,0.27521437
2016,40,8405,1,0.29255173
2016,40,8406,1,0.3127909
2016,40,8407,0,0.18034866
2016,40,8408,0,0.26841363
2016,40,8409,0,0.09886533
2016,40,8410,0,0.30061892
2016,40,8411,0,0.14182913
2016,40,8412,0,0.10810431
2016,40,8413,0,0.039473135
2016,40,8414,1,0.04628067
2016,40,8415,0,0.12788847
2016,40,8416,0,0.13817075
2016,40,8417,1,0.32393572
2016,40,8418,0,0.06879862
2016,40,8419,0,0.109960735
2016,40,8420,0,0.23530711
2016,40,8421,0,0.046283733
2016,40,8422,0,0.092910655
2016,40,8423,0,0.11075125
2016,40,8424,0,0.059849203
2016,40,8425,0,0.11289916
2016,40,8426,0,0.1343974
2016,40,8427,0,0.24451792
2016,40,8428,0,0.617874
2016,40,8429,0,0.2032133
2016,40,8430,0,0.21591005
2016,40,8431,0,0.04962215
2016,40,8432,0,0.1367576
2016,40,8433,0,0.12537831
2016,40,8434,1,0.33007476
2016,40,8435,0,0.13114963
2016,40,8436,0,0.14458708
2016,40,8437,0,0.10243252
2016,40,8438,0,0.0580751
2016,40,8439,0,0.14485842
2016,40,8440,0,0.21295975
2016,40,8441,0,0.1162381
2016,40,8442,0,0.15309429
2016,40,8443,0,0.10621952
2016,40,8444,1,0.30745828
2016,40,8445,1,0.45774952
2016,40,8446,0,0.31050935
2016,40,8447,0,0.24784683
2016,40,8448,0,0.21494025
2016,40,8449,0,0.61322707
2016,40,8450,0,0.33164063
2016,40,8451,1,0.10417614
2016,40,8452,0,0.11253385
2016,40,8453,0,0.2743155
2016,40,8454,1,0.589386
2016,40,8455,0,0.13437672
2016,40,8456,0,0.26189142
2016,40,8457,0,0.27530375
2016,40,8458,0,0.19338599
2016,40,8459,0,0.15818992
2016,40,8461,1,0.17833889
2016,40,8462,0,0.16658452
2016,40,8463,0,0.2249464
2016,40,8464,0,0.29997742
2016,40,8465,0,0.124238655
2016,40,8466,0,0.10429522
2016,40,8467,0,0.10539954
2016,40,8468,0,0.13980635
2016,40,8470,0,0.49652353
2016,40,8471,1,0.035787422
2016,40,8472,1,0.10441582
2016,40,8473,0,0.15899917
2016,40,8474,0,0.14695507
2016,40,8475,0,0.33353138
2016,40,8476,0,0.35655466
2016,40,8477,0,0.08295578
2016,40,8478,0,0.2340983
2016,40,8479,0,0.050524086
2016,40,8480,0,0.110007204
2016,40,8481,0,0.04010708
2016,40,8482,0,0.09624038
2016,40,8483,0,0.10530206
2016,40,8484,0,0.07181925
2016,40,8485,0,0.1282047
2016,724,8401,1,0.2948203
2016,724,8402,1,0.5832851
2016,724,8403,0,0.15309194
2016,724,8404,0,0.49682942
2016,724,8405,1,0.53112507
2016,724,8406,0,0.16816933
2016,724,8407,0,0.09035849
2016,724,8408,0,0.18533887
2016,724,8409,0,0.04592179
2016,724,8410,1,0.14218292
2016,724,8411,0,0.07273068
2016,724,8412,0,0.095414616
2016,724,8413,0,0.035635732
2016,724,8414,0,0.029658446
2016,724,8415,0,0.062178377
2016,724,8416,0,0.10227944
2016,724,8417,0,0.10946502
2016,724,8418,0,0.03383988
2016,724,8419,0,0.087127924
2016,724,8420,0,0.13240087
2016,724,8421,0,0.05299314
2016,724,8422,0,0.04248864
2016,724,8423,0,0.048283983
2016,724,8424,0,0.03264427
2016,724,8425,1,0.13101432
2016,724,8426,0,0.08409183
2016,724,8427,0,0.18762621
2016,724,8428,0,0.064260975
2016,724,8430,0,0.08697658
2016,724,8431,0,0.0287415
2016,724,8432,0,0.0932495
2016,724,8433,0,0.12823169
2016,724,8434,1,0.30225688
2016,724,8435,0,0.20448835
2016,724,8436,0,0.06732725
2016,724,8437,0,0.3792049
2016,724,8438,0,0.029891986
2016,724,8439,0,0.22179233
2016,724,8440,0,0.14788696
2016,724,8441,0,0.076002985
2016,724,8442,0,0.19201136
2016,724,8443,0,0.058436107
2016,724,8444,1,0.33953217
2016,724,8445,1,0.12614357
2016,724,8446,0,0.28877187
2016,724,8447,0,0.25299832
2016,724,8448,0,0.13528758
2016,724,8449,0,0.29550081
2016,724,8450,0,0.119989805
2016,724,8451,1,0.14476645
2016,724,8452,0,0.47165444
2016,724,8453,0,0.16182993
2016,724,8454,0,0.14335035
2016,724,8455,0,0.7040102
2016,724,8456,0,0.2218266
2016,724,8457,0,0.1709209
2016,724,8458,0,0.2293343
2016,724,8459,0,0.12810099
2016,724,8460,1,0.35765114
2016,724,8461,1,0.14322299
2016,724,8462,0,0.09345396
2016,724,8463,0,0.19008763
2016,724,8464,0,0.19674946
2016,724,8465,0,0.09627979
2016,724,8466,0,0.052823562
2016,724,8467,0,0.09574109
2016,724,8468,0,0.17055379
2016,724,8470,0,0.09844065
2016,724,8471,0,0.045923807
2016,724,8472,1,0.12575771
2016,724,8473,0,0.11325662
2016,724,8474,0,0.03953755
2016,724,8475,0,0.2774192
2016,724,8476,0,0.17812328
2016,724,8477,0,0.10529335
2016,724,8478,0,0.13852884
2016,724,8479,0,0.10637558
2016,724,8480,0,0.097759955
2016,724,8481,0,0.035393316
2016,724,8482,0,0.06804704
2016,724,8483,0,0.107136875
2016,724,8484,0,0.066250555
2016,724,8485,0,0.09911213
2017,842,8401,1,0.16861035
2017,842,8402,0,0.11555639
2017,842,8403,0,0.10462261
2017,842,8404,1,0.2034178
2017,842,8405,0,0.13842282
2017,842,8406,1,0.16585776
2017,842,8407,0,0.07248143
2017,842,8408,0,0.24770673
2017,842,8409,0,0.044644024
2017,842,8410,0,0.16150996
2017,842,8411,0,0.08841615
2017,842,8412,0,0.056045406
2017,842,8413,0,0.05248155
2017,842,8414,0,0.11072918
2017,842,8415,0,0.056282334
2017,842,8416,0,0.121209756
2017,842,8417,0,0.13703156
2017,842,8418,0,0.08026732
2017,842,8419,0,0.13601646
2017,842,8420,0,0.07130932
2017,842,8421,0,0.09074646
2017,842,8422,0,0.062397297
2017,842,8423,0,0.06653811
2017,842,8424,0,0.04422833
2017,842,8425,0,0.14588797
2017,842,8426,0,0.16966888
2017,842,8427,0,0.048529107
2017,842,8428,0,0.16133119
2017,842,8429,0,0.04743
2017,842,8431,0,0.040365245
2017,842,8432,0,0.09614435
2017,842,8433,0,0.045679092
2017,842,8434,0,0.09400165
2017,842,8435,0,0.14854498
2017,842,8436,0,0.04736713
2017,842,8437,0,0.09320579
2017,842,8438,0,0.04659857
2017,842,8439,0,0.13795176
2017,842,8440,1,0.1534349
2017,842,8441,0,0.1400473
2017,842,8442,0,0.24577329
2017,842,8443,0,0.026568165
2017,842,8444,1,0.26134583
2017,842,8445,0,0.1471936
2017,842,8446,0,0.43241015
2017,842,8447,1,0.20312627
2017,842,8448,0,0.05839911
2017,842,8449,1,0.53205925
2017,842,8450,0,0.111547336
2017,842,8451,0,0.035962593
2017,842,8452,0,0.09898626
2017,842,8453,0,0.1725711
2017,842,8454,0,0.14391537
2017,842,8455,0,0.1526145
2017,842,8456,0,0.08850033
2017,842,8457,0,0.20372191
2017,842,8458,0,0.08328089
2017,842,8459,0,0.12827973
2017,842,8460,0,0.06442641
2017,842,8461,0,0.067112856
2017,842,8462,0,0.12581743
2017,842,8463,0,0.087547936
2017,842,8464,0,0.06548673
2017,842,8465,0,0.051351838
2017,842,8466,0,0.026105667
2017,842,8467,0,0.039610088
2017,842,8468,0,0.17860606
2017,842,8470,1,0.33810097
2017,842,8471,0,0.060669024
2017,842,8472,0,0.03557488
2017,842,8473,0,0.06689343
2017,842,8474,0,0.1975729
2017,842,8475,0,0.16361733
2017,842,8476,0,0.14285082
2017,842,8477,0,0.038304202
2017,842,8478,0,0.16351208
2017,842,8479,0,0.0455691
2017,842,8480,0,0.39665666
2017,842,8481,0,0.056463506
2017,842,8482,0,0.03128252
2017,842,8483,0,0.06740476
2017,842,8484,0,0.045332983
2017,842,8485,0,0.07668041
2017,276,8401,0,0.23336399
2017,276,8402,0,0.07549485
2017,276,8403,0,0.07468877
2017,276,8404,1,0.24582572
2017,276,8405,0,0.32131675
2017,276,8406,1,0.4838433
2017,276,8407,0,0.05099427
2017,276,8408,0,0.028759835
2017,276,8409,0,0.024969656
2017,276,8410,1,0.1550591
2017,276,8411,0,0.093875654
2017,276,8412,0,0.04747155
2017,276,8413,0,0.029752806
2017,276,8414,0,0.037918765
2017,276,8415,0,0.037086643
2017,276,8416,0,0.046018887
2017,276,8417,0,0.078340404
2017,276,8418,0,0.05706266
2017,276,8419,0,0.107571945
2017,276,8420,0,0.073581204
2017,276,8421,0,0.0366459
2017,276,8422,0,0.082786694
2017,276,8423,0,0.039316956
2017,276,8424,0,0.035460237
2017,276,8425,0,0.050627314
2017,276,8426,0,0.11656325
2017,276,8427,0,0.05149633
2017,276,8428,0,0.08827331
2017,276,8429,0,0.030747605
2017,276,8430,0,0.047730368
2017,276,8431,0,0.020536251
2017,276,8432,0,0.0536222
2017,276,8433,0,0.038191944
2017,276,8434,0,0.050178625
2017,276,8435,0,0.1415429
2017,276,8436,0,0.025711128
2017,276,8437,0,0.06349066
2017,276,8438,0,0.03732883
2017,276,8439,0,0.14016594
2017,276,8440,0,0.04336661
2017,276,8441,0,0.07256623
2017,276,8442,1,0.11801609
2017,276,8443,0,0.043848757
2017,276,8444,0,0.37210774
2017,276,8445,0,0.17958939
2017,276,8446,0,0.16967468
2017,276,8447,1,0.08253605
2017,276,8448,0,0.045157753
2017,276,8449,1,0.14154159
2017,276,8450,0,0.109195195
2017,276,8451,0,0.046830736
2017,276,8452,0,0.030433634
2017,276,8453,0,0.083915435
2017,276,8454,0,0.1559399
2017,276,8455,0,0.13009055
2017,276,8456,0,0.092733026
2017,276,8457,0,0.10973079
2017,276,8458,0,0.06363616
2017,276,8459,0,0.06549471
2017,276,8460,0,0.05463654
2017,276,8461,0,0.07322476
2017,276,8462,0,0.047188982
2017,276,8463,0,0.12071318
2017,276,8464,0,0.03698059
2017,276,8465,0,0.034878638
2017,276,8466,0,0.019883562
2017,276,8467,0,0.051528342
2017,276,8468,0,0.044553358
2017,276,8470,0,0.16923246
2017,276,8471,0,0.035124786
2017,276,8472,0,0.025590766
2017,276,8473,0,0.07159031
2017,276,8474,0,0.060759835
2017,276,8475,0,0.18043052
2017,276,8476,0,0.11902283
2017,276,8477,0,0.033244513
2017,276,8478,0,0.07183401
2017,276,8479,0,0.02904494
2017,276,8480,0,0.11076757
2017,276,8481,0,0.038219154
2017,276,8482,0,0.024122614
2017,276,8483,0,0.027015585
2017,276,8484,0,0.023701876
2017,276,8485,0,0.02717036
2017,392,8401,0,0.30301303
2017,392,8402,0,0.3468206
2017,392,8403,0,0.18496904
2017,392,8404,0,0.27996606
2017,392,8405,0,0.15418197
2017,392,8406,1,0.19980697
2017,392,8407,0,0.035055682
2017,392,8408,0,0.048142757
2017,392,8409,0,0.027578022
2017,392,8411,0,0.078660004
2017,392,8412,0,0.049632974
2017,392,8413,0,0.035535123
2017,392,8414,0,0.050768994
2017,392,8415,0,0.0300365
2017,392,8416,0,0.15900001
2017,392,8417,0,0.13887839
2017,392,8418,0,0.07302815
2017,392,8419,0,0.09901663
2017,392,8420,0,0.167188
2017,392,8421,0,0.05694753
2017,392,8422,0,0.050317552
2017,392,8423,0,0.08683293
2017,392,8424,0,0.038640272
2017,392,8425,0,0.10803122
2017,392,8426,0,0.12886673
2017,392,8427,0,0.026502503
2017,392,8428,0,0.080110304
2017,392,8429,0,0.057646476
2017,392,8430,0,0.11632789
2017,392,8431,0,0.037630226
2017,392,8432,1,0.083334535
2017,392,8433,0,0.046714794
2017,392,8434,1,0.37032157
2017,392,8435,1,0.39773107
2017,392,8436,0,0.096453995
2017,392,8437,0,0.12752894
2017,392,8438,0,0.04554561
2017,392,8439,0,0.14748837
2017,392,8440,0,0.12706311
2017,392,8441,0,0.09376595
2017,392,8442,0,0.17667286
2017,392,8443,0,0.049520522
2017,392,8444,1,0.27341902
2017,392,8445,0,0.25957093
2017,392,8446,0,0.20164321
2017,392,8447,1,0.12813039
2017,392,8448,0,0.069442876
2017,392,8449,1,0.3020821
2017,392,8450,0,0.15237531
2017,392,8451,0,0.075769864
2017,392,8452,0,0.035418782
2017,392,8453,1,0.14497477
2017,392,8454,0,0.1488074
2017,392,8455,0,0.15272437
2017,392,8456,0,0.12670673
2017,392,8457,0,0.11114109
2017,392,8458,0,0.09577671
2017,392,8459,0,0.078935765
2017,392,8460,0,0.072572544
2017,392,8461,0,0.11940489
2017,392,8462,0,0.08056552
2017,392,8463,0,0.12589571
2017,392,8464,0,0.15080656
2017,392,8465,0,0.08037955
2017,392,8466,0,0.036368486
2017,392,8467,0,0.04134937
2017,392,8468,0,0.10357187
2017,392,8469,1,0.3036099
2017,392,8470,0,0.14348291
2017,392,8471,0,0.035965744
2017,392,8472,1,0.04925017
2017,392,8473,0,0.09969177
2017,392,8474,0,0.083253376
2017,392,8475,0,0.18467988
2017,392,8476,0,0.22260787
2017,392,8477,0,0.05797524
2017,392,8478,0,0.48076177
2017,392,8479,0,0.08026634
2017,392,8480,0,0.07699069
2017,392,8481,0,0.038547277
2017,392,8482,0,0.023947129
2017,392,8483,0,0.04559027
2017,392,8484,0,0.030819949
2017,392,8485,0,0.052506063
2017,156,8401,0,0.18574966
2017,156,8402,0,0.03283723
2017,156,8403,0,0.018429363
2017,156,8404,0,0.36074722
2017,156,8405,0,0.11576392
2017,156,8406,1,0.10222993
2017,156,8407,0,0.035900477
2017,156,8408,0,0.018607402
2017,156,8409,0,0.022841848
2017,156,8411,0,0.041897915
2017,156,8412,0,0.014567265
2017,156,8413,0,0.029899143
2017,156,8414,0,0.040406175
2017,156,8415,0,0.042911183
2017,156,8416,0,0.08282456
2017,156,8417,0,0.04934409
2017,156,8418,0,0.048967097
2017,156,8419,0,0.07378442
2017,156,8420,0,0.04163703
2017,156,8421,0,0.03709604
2017,156,8422,0,0.014897383
2017,156,8423,0,0.029237613
2017,156,8424,0,0.028167695
2017,156,8425,0,0.047350984
2017,156,8426,0,0.043149456
2017,156,8427,0,0.021193044
2017,156,8428,0,0.032727417
2017,156,8431,0,0.016004955
2017,156,8432,0,0.016148752
2017,156,8433,0,0.03108984
2017,156,8434,0,0.044814937
2017,156,8436,0,0.012205108
2017,156,8439,0,0.0407128
2017,156,8440,0,0.037746098
2017,156,8441,0,0.025183154
2017,156,8442,0,0.036717687
2017,156,8443,0,0.01924094
2017,156,8444,0,0.14641406
2017,156,8445,0,0.08625105
2017,156,8446,0,0.18649678
2017,156,8447,0,0.082058914
2017,156,8448,0,0.016497774
2017,156,8449,0,0.19072098
2017,156,8450,0,0.09010672
2017,156,8451,0,0.028578378
2017,156,8452,0,0.025140354
2017,156,8453,0,0.046891138
2017,156,8454,0,0.046434835
2017,156,8455,0,0.042997934
2017,156,8456,0,0.022543764
2017,156,8457,0,0.054850407
2017,156,8458,0,0.019981276
2017,156,8459,0,0.026586171
2017,156,8460,0,0.01747996
2017,156,8461,0,0.019326193
2017,156,8462,0,0.017919762
2017,156,8463,0,0.046700478
2017,156,8464,0,0.020656448
2017,156,8465,0,0.029570568
2017,156,8466,0,0.014371525
2017,156,8467,0,0.027684892
2017,156,8468,0,0.041790795
2017,156,8470,0,0.062035773
2017,156,8471,0,0.023202669
2017,156,8472,0,0.024166143
2017,156,8473,0,0.055712286
2017,156,8475,0,0.2369618
2017,156,8476,0,0.050190106
2017,156,8477,0,0.017822944
2017,156,8479,0,0.01600111
2017,156,8480,0,0.024378592
2017,156,8481,0,0.053532705
2017,156,8482,0,0.018946413
2017,156,8483,0,0.027223295
2017,156,8484,0,0.028786644
2017,380,8401,1,0.54880065
2017,380,8402,0,0.166404
2017,380,8403,0,0.04983346
2017,380,8404,0,0.315427
2017,380,8405,0,0.47465155
2017,380,8406,0,0.19469348
2017,380,8407,0,0.111350395
2017,380,8408,0,0.0426876
2017,380,8409,0,0.03145672
2017,380,8411,0,0.09904696
2017,380,8412,0,0.07109792
2017,380,8413,0,0.042850718
2017,380,8414,0,0.04087055
2017,380,8415,0,0.055929005
2017,380,8416,0,0.13140404
2017,380,8417,0,0.23843007
2017,380,8418,0,0.06615116
2017,380,8419,0,0.12744708
2017,380,8420,0,0.1044537
2017,380,8421,0,0.06702454
2017,380,8422,0,0.06604467
2017,380,8423,0,0.05674942
2017,380,8424,0,0.042521533
2017,380,8425,0,0.12227561
2017,380,8426,0,0.088978976
2017,380,8427,0,0.0446093
2017,380,8428,0,0.09564565
2017,380,8429,0,0.029660791
2017,380,8430,0,0.07103991
2017,380,8431,0,0.026842594
2017,380,8432,0,0.045674227
2017,380,8433,0,0.052549552
2017,380,8434,0,0.049730312
2017,380,8435,0,0.13282628
2017,380,8436,0,0.028753417
2017,380,8437,0,0.17260532
2017,380,8438,0,0.05199225
2017,380,8439,0,0.12200508
2017,380,8440,0,0.10483188
2017,380,8441,0,0.10989236
2017,380,8442,0,0.14671151
2017,380,8443,0,0.03007997
2017,380,8444,0,0.0924659
2017,380,8445,0,0.19474421
2017,380,8446,0,0.25155434
2017,380,8447,0,0.13083042
2017,380,8448,0,0.05623571
2017,380,8449,0,0.2772386
2017,380,8450,0,0.06464935
2017,380,8451,0,0.026083853
2017,380,8453,0,0.04337387
2017,380,8454,0,0.09182987
2017,380,8455,0,0.20319732
2017,380,8456,0,0.111750744
2017,380,8457,0,0.08639947
2017,380,8458,0,0.0649054
2017,380,8459,0,0.08636019
2017,380,8460,0,0.058065187
2017,380,8461,0,0.056924988
2017,380,8462,0,0.043438703
2017,380,8463,0,0.06568157
2017,380,8464,0,0.048131723
2017,380,8465,0,0.04069465
2017,380,8466,0,0.035755582
2017,380,8467,0,0.03518474
2017,380,8468,0,0.22460638
2017,380,8470,0,0.1429789
2017,380,8471,0,0.031661954
2017,380,8472,0,0.088252224
2017,380,8473,0,0.07457627
2017,380,8474,0,0.099134244
2017,380,8475,0,0.09769545
2017,380,8476,0,0.15692532
2017,380,8477,0,0.022327881
2017,380,8478,0,0.1996691
2017,380,8479,0,0.017928869
2017,380,8480,0,0.108586006
2017,380,8481,0,0.039175432
2017,380,8482,0,0.046398856
2017,380,8483,0,0.051526695
2017,380,8484,0,0.07294856
2017,380,8485,0,0.07831249
2017,826,8401,0,0.26872352
2017,826,8402,0,0.123751104
2017,826,8403,0,0.5186965
2017,826,8404,0,0.14638194
2017,826,8405,1,0.45498395
2017,826,8406,0,0.17720734
2017,826,8407,0,0.08100755
2017,826,8408,0,0.14889981
2017,826,8409,0,0.0209581
2017,826,8410,0,0.15578426
2017,826,8411,0,0.04909047
2017,826,8412,0,0.064185366
2017,826,8413,0,0.05177195
2017,826,8414,0,0.04785538
2017,826,8415,0,0.0394692
2017,826,8416,0,0.12201515
2017,826,8417,0,0.106056556
2017,826,8418,0,0.06110819
2017,826,8419,0,0.09677955
2017,826,8420,0,0.19438894
2017,826,8421,0,0.08881601
2017,826,8422,0,0.073195204
2017,826,8423,0,0.058386423
2017,826,8424,0,0.029193586
2017,826,8425,0,0.22726706
2017,826,8426,0,0.100805126
2017,826,8427,0,0.036703564
2017,826,8428,0,0.08743398
2017,826,8429,0,0.02014851
2017,826,8430,0,0.17290075
2017,826,8431,0,0.10202851
2017,826,8432,0,0.039539702
2017,826,8433,0,0.06698273
2017,826,8434,0,0.104114875
2017,826,8435,0,0.37938172
2017,826,8436,0,0.0684936
2017,826,8437,0,0.08172038
2017,826,8438,0,0.033428792
2017,826,8439,0,0.1505584
2017,826,8440,0,0.104412295
2017,826,8441,0,0.13536592
2017,826,8442,0,0.08245558
2017,826,8443,0,0.052579165
2017,826,8444,0,0.33116046
2017,826,8445,0,0.22038673
2017,826,8446,0,0.50070614
2017,826,8447,0,0.100520454
2017,826,8448,0,0.06728194
2017,826,8449,0,0.8215528
2017,826,8450,0,0.12261265
2017,826,8451,0,0.0468417
2017,826,8453,0,0.16857761
2017,826,8454,0,0.15748878
2017,826,8455,0,0.19697438
2017,826,8456,0,0.106280364
2017,826,8457,0,0.24488308
2017,826,8458,0,0.1529068
2017,826,8459,0,0.09619079
2017,826,8460,0,0.076926224
2017,826,8461,0,0.15198953
2017,826,8462,0,0.09422063
2017,826,8463,0,0.104380526
2017,826,8464,0,0.08652409
2017,826,8465,0,0.04699047
2017,826,8466,0,0.022547893
2017,826,8467,0,0.026626728
2017,826,8468,0,0.14832842
2017,826,8470,0,0.21853185
2017,826,8471,0,0.03362339
2017,826,8472,0,0.04152071
2017,826,8473,0,0.05999127
2017,826,8474,0,0.12264034
2017,826,8475,0,0.13291235
2017,826,8476,0,0.11687747
2017,826,8477,0,0.028180169
2017,826,8478,1,0.13663407
2017,826,8479,0,0.027503647
2017,826,8480,0,0.14504176
2017,826,8481,0,0.07550041
2017,826,8482,0,0.024353864
2017,826,8483,0,0.05063149
2017,826,8484,0,0.031025808
2017,826,8485,0,0.044693734
2017,251,8401,1,0.67539454
2017,251,8403,0,0.114319056
2017,251,8404,0,0.24217503
2017,251,8405,1,0.41041577
2017,251,8406,1,0.2207606
2017,251,8407,0,0.10335266
2017,251,8408,0,0.06703993
2017,251,8409,0,0.028679429
2017,251,8411,0,0.115279235
2017,251,8412,0,0.09715648
2017,251,8413,0,0.058880847
2017,251,8414,0,0.08335307
2017,251,8415,0,0.05932077
2017,251,8416,0,0.63391083
2017,251,8417,0,0.17301089
2017,251,8418,0,0.08878526
2017,251,8419,0,0.116383485
2017,251,8420,0,0.21506062
2017,251,8421,0,0.08309298
2017,251,8422,0,0.06634607
2017,251,8424,0,0.06759297
2017,251,8425,0,0.13426423
2017,251,8426,0,0.22574824
2017,251,8427,0,0.05828335
2017,251,8428,0,0.1390594
2017,251,8429,0,0.04492678
2017,251,8430,0,0.09366466
2017,251,8431,0,0.024638303
2017,251,8432,0,0.038260937
2017,251,8433,0,0.067139894
2017,251,8434,0,0.08719725
2017,251,8435,0,0.1073592
2017,251,8436,0,0.043675292
2017,251,8438,0,0.055625238
2017,251,8439,0,0.16532847
2017,251,8441,0,0.15762061
2017,251,8442,1,0.23784444
2017,251,8443,0,0.06641874
2017,251,8444,0,0.15028167
2017,251,8445,0,0.25657925
2017,251,8446,0,0.13894767
2017,251,8447,0,0.38790357
2017,251,8448,0,0.11118703
2017,251,8449,0,0.24282199
2017,251,8450,0,0.14924002
2017,251,8451,0,0.03730252
2017,251,8453,0,0.325137
2017,251,8454,0,0.18330514
2017,251,8455,0,0.16884744
2017,251,8456,0,0.14863369
2017,251,8457,1,0.18449786
2017,251,8458,0,0.17345408
2017,251,8459,0,0.13751726
2017,251,8460,0,0.085110225
2017,251,8461,0,0.10631064
2017,251,8462,0,0.120885395
2017,251,8463,0,0.21555373
2017,251,8464,0,0.090319104
2017,251,8465,0,0.1468267
2017,251,8466,0,0.04384504
2017,251,8467,0,0.09079412
2017,251,8468,1,0.15161955
2017,251,8470,0,0.22757052
2017,251,8471,0,0.032584228
2017,251,8472,1,0.059828702
2017,251,8473,0,0.08562054
2017,251,8475,0,0.1614208
2017,251,8476,0,0.12793835
2017,251,8477,0,0.059470244
2017,251,8478,0,0.24325134
2017,251,8479,0,0.03358778
2017,251,8480,0,0.099579714
2017,251,8481,0,0.055591147
2017,251,8482,0,0.027347906
2017,251,8483,0,0.06497736
2017,251,8484,0,0.07620898
2017,251,8485,0,0.10975123
2017,490,8402,1,0.17839351
2017,490,8403,1,0.76445466
2017,490,8404,1,0.17425965
2017,490,8405,0,0.50333697
2017,490,8406,1,0.72886616
2017,490,8407,0,0.18167838
2017,490,8408,0,0.08210519
2017,490,8409,0,0.04700272
2017,490,8410,0,0.70709634
2017,490,8411,0,0.12751824
2017,490,8412,0,0.08107144
2017,490,8413,0,0.042483438
2017,490,8414,0,0.050892513
2017,490,8415,0,0.03756159
2017,490,8416,0,0.11702571
2017,490,8417,0,0.20463674
2017,490,8418,0,0.038700357
2017,490,8419,0,0.07537564
2017,490,8420,0,0.43208086
2017,490,8421,0,0.0697764
2017,490,8422,0,0.052778576
2017,490,8423,0,0.047957506
2017,490,8424,0,0.04055945
2017,490,8425,0,0.13000844
2017,490,8426,1,0.1700918
2017,490,8427,0,0.0798882
2017,490,8428,0,0.14642946
2017,490,8429,0,0.52657354
2017,490,8430,0,0.14668423
2017,490,8431,0,0.06253507
2017,490,8432,0,0.12558113
2017,490,8433,0,0.06723821
2017,490,8434,0,0.20158763
2017,490,8435,1,0.2536623
2017,490,8436,0,0.11901709
2017,490,8437,0,0.09703586
2017,490,8438,0,0.042099725
2017,490,8439,0,0.25256604
2017,490,8440,0,0.17322738
2017,490,8441,0,0.052863587
2017,490,8442,0,0.18044081
2017,490,8443,0,0.041216608
2017,490,8444,0,0.23542698
2017,490,8445,1,0.17745788
2017,490,8446,0,0.17320232
2017,490,8447,0,0.07875594
2017,490,8448,0,0.060625438
2017,490,8449,1,0.5580168
2017,490,8450,1,0.16293341
2017,490,8451,0,0.08620388
2017,490,8452,0,0.03681607
2017,490,8453,0,0.17876303
2017,490,8454,0,0.17929363
2017,490,8455,0,0.119123876
2017,490,8456,0,0.16696881
2017,490,8457,0,0.089005604
2017,490,8458,0,0.08247718
2017,490,8459,0,0.17205922
2017,490,8460,0,0.076917455
2017,490,8461,0,0.09164572
2017,490,8462,0,0.07002832
2017,490,8463,0,0.10737634
2017,490,8464,0,0.1399491
2017,490,8465,0,0.06338199
2017,490,8466,0,0.049416456
2017,490,8467,0,0.06815644
2017,490,8468,0,0.14364882
2017,490,8470,0,0.13454075
2017,490,8471,0,0.05213624
2017,490,8472,0,0.05927048
2017,490,8473,0,0.08724334
2017,490,8474,0,0.103944674
2017,490,8475,0,0.5375584
2017,490,8476,0,0.16447635
2017,490,8477,0,0.028216098
2017,490,8478,1,0.15123433
2017,490,8479,0,0.099037044
2017,490,8480,0,0.07808774
2017,490,8481,0,0.05018784
2017,490,8482,0,0.03051263
2017,490,8483,0,0.045213997
2017,490,8484,0,0.04547574
2017,490,8485,1,0.085786246
2017,702,8402,0,0.26335537
2017,702,8407,0,0.08239188
2017,702,8408,0,0.14380388
2017,702,8410,0,0.23391022
2017,702,8411,0,0.0862562
2017,702,8412,0,0.07973217
2017,702,8413,0,0.027621748
2017,702,8414,0,0.035929546
2017,702,8416,0,0.16602443
2017,702,8417,0,0.19540544
2017,702,8418,0,0.08138932
2017,702,8419,0,0.086673185
2017,702,8420,0,0.16773865
2017,702,8421,0,0.046358977
2017,702,8422,0,0.08614808
2017,702,8423,0,0.10931959
2017,702,8424,0,0.042861857
2017,702,8425,1,0.25955346
2017,702,8426,0,0.09514347
2017,702,8428,0,0.112759404
2017,702,8430,0,0.1543723
2017,702,8431,0,0.039342068
2017,702,8432,1,0.40048888
2017,702,8433,0,0.47278088
2017,702,8434,0,0.53614354
2017,702,8435,1,0.36711118
2017,702,8436,0,0.1110438
2017,702,8437,0,0.11387662
2017,702,8439,0,0.23052368
2017,702,8441,1,0.49609315
2017,702,8442,0,0.21787708
2017,702,8443,0,0.056062076
2017,702,8445,0,0.3535413
2017,702,8448,1,0.2561246
2017,702,8449,0,0.7179824
2017,702,8451,0,0.12748802
2017,702,8452,0,0.15056975
2017,702,8453,1,0.26938373
2017,702,8454,0,0.23356946
2017,702,8455,1,0.31781492
2017,702,8456,0,0.18452188
2017,702,8457,0,0.44648924
2017,702,8458,0,0.12575087
2017,702,8459,0,0.15297078
2017,702,8460,0,0.12134206
2017,702,8461,1,0.3318708
2017,702,8462,0,0.11121413
2017,702,8463,0,0.21265115
2017,702,8464,0,0.19466594
2017,702,8465,0,0.14880323
2017,702,8466,0,0.16754195
2017,702,8467,0,0.08983967
2017,702,8468,1,0.12591925
2017,702,8470,0,0.12903845
2017,702,8471,1,0.026530715
2017,702,8473,0,0.058682926
2017,702,8474,0,0.11174967
2017,702,8475,0,0.4425419
2017,702,8477,0,0.08490811
2017,702,8478,1,0.24346726
2017,702,8479,0,0.09433288
2017,702,8480,0,0.21021748
2017,702,8481,0,0.06927642
2017,702,8482,0,0.03101659
2017,702,8483,0,0.029382862
2017,702,8484,0,0.07296796
2017,702,8485,0,0.052082606
2017,528,8401,1,0.22395478
2017,528,8403,0,0.078500785
2017,528,8404,1,0.57601374
2017,528,8405,1,0.21799818
2017,528,8407,0,0.14989431
2017,528,8408,0,0.049667288
2017,528,8409,0,0.042659417
2017,528,8410,1,0.21434067
2017,528,8411,0,0.16265927
2017,528,8412,0,0.0575721
2017,528,8413,0,0.0420932
2017,528,8414,0,0.07122213
2017,528,8415,0,0.05224169
2017,528,8416,0,0.18159918
2017,528,8417,0,0.13550504
2017,528,8418,0,0.11155605
2017,528,8419,0,0.11091048
2017,528,8420,0,0.21086736
2017,528,8421,0,0.063630775
2017,528,8422,0,0.12097777
2017,528,8423,0,0.08789844
2017,528,8424,0,0.06774893
2017,528,8425,0,0.17044242
2017,528,8426,0,0.18306415
2017,528,8427,0,0.032053575
2017,528,8428,0,0.103359714
2017,528,8429,0,0.039881203
2017,528,8430,0,0.05389682
2017,528,8431,0,0.030303808
2017,528,8432,0,0.04060828
2017,528,8433,0,0.06997575
2017,528,8434,0,0.0949147
2017,528,8435,1,0.59436196
2017,528,8436,0,0.032807916
2017,528,8437,0,0.06824156
2017,528,8438,0,0.0413028
2017,528,8439,1,0.2426469
2017,528,8440,0,0.09674406
2017,528,8441,0,0.09873227
2017,528,8442,0,0.15374595
2017,528,8443,0,0.049317084
2017,528,8444,0,0.34146714
2017,528,8445,0,0.462166
2017,528,8446,0,0.27755094
2017,528,8447,1,0.4339825
2017,528,8448,0,0.16949461
2017,528,8449,1,0.681949
2017,528,8450,0,0.28548107
2017,528,8451,0,0.1043917
2017,528,8453,0,0.22205411
2017,528,8454,1,0.41129467
2017,528,8455,0,0.19794406
2017,528,8456,0,0.09187909
2017,528,8457,0,0.18725525
2017,528,8458,0,0.13121563
2017,528,8459,0,0.19704029
2017,528,8460,0,0.121125594
2017,528,8461,0,0.13048264
2017,528,8462,0,0.12371459
2017,528,8463,1,0.49435177
2017,528,8464,0,0.124790154
2017,528,8465,0,0.17152803
2017,528,8466,0,0.054190703
2017,528,8467,0,0.042727843
2017,528,8468,0,0.2064957
2017,528,8470,0,0.17840628
2017,528,8471,0,0.033197325
2017,528,8472,0,0.055374157
2017,528,8473,0,0.11396973
2017,528,8474,0,0.14316037
2017,528,8475,0,0.14820477
2017,528,8476,0,0.2332926
2017,528,8477,0,0.08709203
2017,528,8478,0,0.130516
2017,528,8479,0,0.057861924
2017,528,8480,0,0.09533984
2017,528,8481,0,0.047269683
2017,528,8482,0,0.05522773
2017,528,8483,0,0.050612286
2017,528,8484,0,0.056964613
2017,528,8485,0,0.08300249
2017,410,8401,1,0.66994536
2017,410,8402,1,0.18303967
2017,410,8403,0,0.083710514
2017,410,8404,1,0.12987696
2017,410,8405,1,0.18267466
2017,410,8406,0,0.24130812
2017,410,8407,0,0.05531916
2017,410,8408,0,0.041005053
2017,410,8409,0,0.026057906
2017,410,8410,0,0.2232538
2017,410,8411,0,0.097418636
2017,410,8412,0,0.05959579
2017,410,8413,0,0.029734598
2017,410,8414,0,0.04479717
2017,410,8415,0,0.027993744
2017,410,8416,1,0.18662831
2017,410,8417,0,0.1357176
2017,410,8418,0,0.102869734
2017,410,8419,0,0.09935173
2017,410,8420,0,0.19558345
2017,410,8421,0,0.036662206
2017,410,8422,0,0.06155044
2017,410,8423,0,0.07916175
2017,410,8424,0,0.030428186
2017,410,8425,0,0.08619937
2017,410,8426,0,0.13326761
2017,410,8427,0,0.049528807
2017,410,8428,0,0.06602351
2017,410,8429,0,0.028887678
2017,410,8431,0,0.029669734
2017,410,8432,0,0.117569074
2017,410,8433,0,0.41645727
2017,410,8434,1,0.19794396
2017,410,8435,0,0.1105903
2017,410,8436,0,0.7048464
2017,410,8437,0,0.084885545
2017,410,8438,0,0.06823572
2017,410,8439,0,0.14580265
2017,410,8440,0,0.0997154
2017,410,8441,0,0.07545559
2017,410,8442,0,0.23675312
2017,410,8443,0,0.046436217
2017,410,8444,0,0.15776174
2017,410,8445,0,0.38451123
2017,410,8446,0,0.21378137
2017,410,8447,1,0.15479352
2017,410,8448,0,0.12597492
2017,410,8449,0,0.17461097
2017,410,8450,1,0.047661405
2017,410,8451,0,0.069517955
2017,410,8452,0,0.1528603
2017,410,8453,0,0.2104318
2017,410,8454,0,0.14470358
2017,410,8455,0,0.14577843
2017,410,8456,1,0.1987655
2017,410,8457,0,0.12738672
2017,410,8458,0,0.07808803
2017,410,8459,0,0.08940705
2017,410,8460,0,0.12519646
2017,410,8461,0,0.13500118
2017,410,8462,0,0.080239095
2017,410,8463,0,0.12514195
2017,410,8464,0,0.18525639
2017,410,8465,1,0.1100748
2017,410,8466,0,0.05086613
2017,410,8467,0,0.045298498
2017,410,8468,0,0.21073334
2017,410,8470,0,0.22481222
2017,410,8471,0,0.03213324
2017,410,8472,0,0.044097625
2017,410,8473,0,0.10648941
2017,410,8474,0,0.10258132
2017,410,8475,0,0.30654016
2017,410,8476,0,0.11192425
2017,410,8477,0,0.044775456
2017,410,8478,0,0.34140903
2017,410,8479,0,0.056779686
2017,410,8480,0,0.062211733
2017,410,8481,0,0.035196956
2017,410,8482,0,0.026624613
2017,410,8483,0,0.033826143
2017,410,8484,0,0.030998366
2017,410,8485,0,0.052568104
2017,458,8404,1,0.42861918
2017,458,8405,1,0.43336764
2017,458,8407,0,0.2498787
2017,458,8408,0,0.19667748
2017,458,8411,0,0.16523795
2017,458,8412,0,0.124612845
2017,458,8413,0,0.0564089
2017,458,8414,0,0.053315066
2017,458,8415,0,0.02732673
2017,458,8416,0,0.5265348
2017,458,8417,0,0.23751436
2017,458,8418,0,0.11451389
2017,458,8419,0,0.15643975
2017,458,8420,0,0.21204016
2017,458,8421,0,0.0783328
2017,458,8422,0,0.08665632
2017,458,8423,0,0.119927056
2017,458,8424,0,0.03745389
2017,458,8425,0,0.21587934
2017,458,8426,0,0.16423956
2017,458,8427,0,0.13342768
2017,458,8428,0,0.14415063
2017,458,8430,0,0.20601347
2017,458,8431,0,0.066996545
2017,458,8433,0,0.20184366
2017,458,8436,0,0.09143375
2017,458,8437,0,0.2804756
2017,458,8438,0,0.1398888
2017,458,8439,1,0.24311486
2017,458,8441,0,0.1497986
2017,458,8442,1,0.37243915
2017,458,8443,0,0.13203464
2017,458,8445,0,0.41935962
2017,458,8447,0,0.32475528
2017,458,8448,0,0.15923591
2017,458,8450,1,0.39889088
2017,458,8451,0,0.08081244
2017,458,8452,1,0.17973118
2017,458,8453,1,0.60321695
2017,458,8454,0,0.23774706
2017,458,8455,0,0.16003461
2017,458,8456,1,0.34583658
2017,458,8457,0,0.323095
2017,458,8458,0,0.20706618
2017,458,8459,0,0.18973674
2017,458,8460,0,0.16714117
2017,458,8461,1,0.4104176
2017,458,8462,0,0.10176181
2017,458,8463,1,0.17227829
2017,458,8464,1,0.61557776
2017,458,8465,0,0.19888635
2017,458,8466,0,0.11864691
2017,458,8467,0,0.0851705
2017,458,8468,0,0.24057633
2017,458,8470,0,0.1320911
2017,458,8472,1,0.18087444
2017,458,8473,0,0.08283638
2017,458,8474,0,0.14783123
2017,458,8475,0,0.19785935
2017,458,8476,0,0.24734183
2017,458,8477,0,0.06794806
2017,458,8478,1,0.40486974
2017,458,8479,0,0.074384436
2017,458,8480,0,0.11982407
2017,458,8481,0,0.06351839
2017,458,8482,0,0.04260613
2017,458,8484,0,0.06745615
2017,458,8485,0,0.44776565
2017,124,8401,0,0.5012804
2017,124,8402,1,0.65883774
2017,124,8403,0,0.21049741
2017,124,8404,0,0.29251868
2017,124,8405,1,0.71335834
2017,124,8406,1,0.42544767
2017,124,8407,0,0.057814218
2017,124,8408,0,0.15074773
2017,124,8409,0,0.050356098
2017,124,8410,0,0.2156825
2017,124,8411,0,0.06602177
2017,124,8412,0,0.0759498
2017,124,8413,0,0.06613877
2017,124,8414,0,0.11708047
2017,124,8415,0,0.09884326
2017,124,8416,0,0.19724678
2017,124,8417,0,0.14443411
2017,124,8418,0,0.13279955
2017,124,8419,0,0.14038226
2017,124,8420,1,0.60314643
2017,124,8421,0,0.13310103
2017,124,8422,0,0.15600206
2017,124,8423,0,0.11642979
2017,124,8424,0,0.08579189
2017,124,8425,0,0.17531046
2017,124,8426,0,0.32366964
2017,124,8427,0,0.13639824
2017,124,8428,0,0.17354845
2017,124,8429,0,0.15532686
2017,124,8430,0,0.15763582
2017,124,8431,0,0.027972959
2017,124,8432,0,0.090314835
2017,124,8433,0,0.07809155
2017,124,8434,0,0.5118033
2017,124,8436,0,0.05834317
2017,124,8437,0,0.20375775
2017,124,8438,0,0.11827644
2017,124,8439,0,0.1649759
2017,124,8440,0,0.21102652
2017,124,8441,0,0.16244544
2017,124,8442,1,0.21233809
2017,124,8443,0,0.082239136
2017,124,8445,0,0.32384247
2017,124,8448,0,0.28264108
2017,124,8451,0,0.23933157
2017,124,8452,0,0.20566043
2017,124,8454,0,0.14032145
2017,124,8455,0,0.46756312
2017,124,8456,0,0.21714064
2017,124,8457,0,0.2637981
2017,124,8458,0,0.18021551
2017,124,8459,1,0.23448461
2017,124,8460,0,0.1907402
2017,124,8461,0,0.13923848
2017,124,8462,1,0.28923512
2017,124,8463,1,0.5503003
2017,124,8464,1,0.103733614
2017,124,8465,0,0.105119124
2017,124,8466,0,0.047548432
2017,124,8467,0,0.07422038
2017,124,8468,0,0.18074746
2017,124,8470,0,0.25462335
2017,124,8471,0,0.038255557
2017,124,8472,0,0.12807818
2017,124,8473,0,0.09337473
2017,124,8474,0,0.12825298
2017,124,8475,0,0.60409045
2017,124,8476,0,0.27136025
2017,124,8477,0,0.07931237
2017,124,8478,1,0.5466677
2017,124,8479,0,0.053641126
2017,124,8480,0,0.10891282
2017,124,8481,0,0.09021551
2017,124,8482,0,0.048882935
2017,124,8483,0,0.06720485
2017,124,8484,0,0.10548801
2017,124,8485,0,0.084528446
2017,484,8402,0,0.36749485
2017,484,8403,0,0.28487206
2017,484,8404,0,0.33295202
2017,484,8406,0,0.2451875
2017,484,8407,0,0.06784639
2017,484,8408,0,0.07718579
2017,484,8409,0,0.051043008
2017,484,8411,0,0.12163907
2017,484,8412,0,0.09188426
2017,484,8413,0,0.05502963
2017,484,8414,0,0.10461973
2017,484,8415,0,0.12027598
2017,484,8416,0,0.24106379
2017,484,8417,0,0.21430871
2017,484,8418,0,0.110958144
2017,484,8419,0,0.10329819
2017,484,8420,0,0.42627776
2017,484,8421,0,0.15013076
2017,484,8422,0,0.15179129
2017,484,8423,0,0.1418891
2017,484,8424,0,0.09470603
2017,484,8425,0,0.17047203
2017,484,8426,0,0.31492946
2017,484,8427,0,0.3634281
2017,484,8428,0,0.14493123
2017,484,8429,0,0.26149708
2017,484,8430,0,0.15638192
2017,484,8431,0,0.048518244
2017,484,8432,0,0.1417066
2017,484,8433,0,0.06691623
2017,484,8434,0,0.25179848
2017,484,8436,0,0.15201932
2017,484,8437,1,0.18238015
2017,484,8438,1,0.1374702
2017,484,8439,0,0.17122324
2017,484,8441,1,0.2813553
2017,484,8442,0,0.32922286
2017,484,8443,0,0.08949809
2017,484,8450,0,0.08229704
2017,484,8451,0,0.14792624
2017,484,8453,0,0.19395834
2017,484,8455,1,0.6798943
2017,484,8456,0,0.15893997
2017,484,8457,1,0.6049897
2017,484,8458,0,0.18739483
2017,484,8459,0,0.40394598
2017,484,8460,1,0.39349842
2017,484,8461,0,0.5203262
2017,484,8462,0,0.16404505
2017,484,8463,1,0.58496845
2017,484,8465,0,0.110949166
2017,484,8466,0,0.10274968
2017,484,8467,0,0.08498271
2017,484,8468,0,0.16228981
2017,484,8470,0,0.47044423
2017,484,8471,0,0.064063646
2017,484,8472,0,0.23486827
2017,484,8473,0,0.2053397
2017,484,8475,0,0.2171977
2017,484,8476,0,0.2044117
2017,484,8477,0,0.10258714
2017,484,8479,0,0.06954304
2017,484,8480,0,0.16225977
2017,484,8481,0,0.07043265
2017,484,8482,0,0.058052983
2017,484,8483,0,0.0700738
2017,484,8484,0,0.10660501
2017,484,8485,0,0.08187449
2017,757,8402,0,0.17803107
2017,757,8403,0,0.18163837
2017,757,8404,0,0.5788945
2017,757,8406,0,0.18248755
2017,757,8407,1,0.3786817
2017,757,8408,0,0.15607746
2017,757,8409,0,0.057800647
2017,757,8411,1,0.056988977
2017,757,8412,0,0.09066019
2017,757,8413,0,0.0604152
2017,757,8414,0,0.06833609
2017,757,8415,0,0.09757058
2017,757,8416,0,0.15665461
2017,757,8417,0,0.1681996
2017,757,8418,0,0.13307452
2017,757,8419,0,0.15445305
2017,757,8420,0,0.38120455
2017,757,8421,0,0.0855286
2017,757,8422,0,0.13144387
2017,757,8423,1,0.107457094
2017,757,8424,0,0.051740896
2017,757,8425,0,0.18933892
2017,757,8426,0,0.23266153
2017,757,8427,0,0.121229246
2017,757,8428,0,0.093899995
2017,757,8429,0,0.11858458
2017,757,8430,0,0.1732487
2017,757,8431,0,0.03552338
2017,757,8432,0,0.12617622
2017,757,8433,0,0.12040245
2017,757,8434,0,0.21935539
2017,757,8435,0,0.18366326
2017,757,8436,0,0.14942448
2017,757,8437,0,0.11652302
2017,757,8438,0,0.053899273
2017,757,8439,0,0.14536655
2017,757,8440,0,0.13591902
2017,757,8441,0,0.112502575
2017,757,8442,0,0.18880242
2017,757,8443,0,0.06974997
2017,757,8445,0,0.25499675
2017,757,8446,0,0.11674081
2017,757,8447,1,0.3106859
2017,757,8448,0,0.044785492
2017,757,8449,0,0.5426291
2017,757,8450,0,0.18636811
2017,757,8451,0,0.053006887
2017,757,8452,0,0.08867852
2017,757,8453,0,0.116149515
2017,757,8454,0,0.29588506
2017,757,8455,0,0.18682523
2017,757,8456,0,0.13470602
2017,757,8457,0,0.11197438
2017,757,8458,0,0.11270868
2017,757,8459,0,0.19973384
2017,757,8460,0,0.09628373
2017,757,8461,0,0.17465426
2017,757,8462,0,0.11786958
2017,757,8463,0,0.15220398
2017,757,8464,0,0.097438216
2017,757,8465,0,0.109312065
2017,757,8466,0,0.038126547
2017,757,8467,0,0.08807321
2017,757,8468,1,0.31349298
2017,757,8470,0,0.2253425
2017,757,8471,0,0.04268776
2017,757,8472,1,0.1063287
2017,757,8473,0,0.111623004
2017,757,8474,1,0.1848782
2017,757,8475,0,0.3905682
2017,757,8476,0,0.123499274
2017,757,8477,0,0.07956581
2017,757,8478,0,0.11049004
2017,757,8479,0,0.045042913
2017,757,8480,0,0.13288713
2017,757,8481,0,0.073667124
2017,757,8482,0,0.061441436
2017,757,8483,0,0.069712125
2017,757,8484,0,0.08066592
2017,757,8485,0,0.0921952
2017,764,8402,1,0.28238347
2017,764,8403,1,0.57443464
2017,764,8405,0,0.6095491
2017,764,8406,0,0.39418623
2017,764,8407,0,0.09668122
2017,764,8408,0,0.2773577
2017,764,8409,0,0.026152903
2017,764,8411,0,0.25992483
2017,764,8412,0,0.1489673
2017,764,8413,0,0.03480391
2017,764,8414,0,0.03919075
2017,764,8415,0,0.018236687
2017,764,8418,0,0.041459803
2017,764,8419,0,0.10150229
2017,764,8420,0,0.23619902
2017,764,8421,0,0.061906718
2017,764,8422,0,0.06985882
2017,764,8423,0,0.14455163
2017,764,8425,0,0.11898778
2017,764,8426,0,0.14603086
2017,764,8428,0,0.07426356
2017,764,8429,0,0.17306224
2017,764,8431,0,0.046670318
2017,764,8434,1,0.16012484
2017,764,8437,0,0.14821373
2017,764,8438,0,0.11535388
2017,764,8439,0,0.17677498
2017,764,8440,0,0.2118009
2017,764,8441,1,0.4048979
2017,764,8442,0,0.23102967
2017,764,8443,0,0.07968532
2017,764,8445,0,0.23179959
2017,764,8447,0,0.2952693
2017,764,8448,1,0.16609882
2017,764,8450,0,0.07313453
2017,764,8451,0,0.07112291
2017,764,8452,0,0.07041818
2017,764,8453,0,0.12394967
2017,764,8454,1,0.29012117
2017,764,8455,1,0.44704884
2017,764,8456,0,0.28937027
2017,764,8457,0,0.19877902
2017,764,8458,0,0.13676684
2017,764,8459,0,0.19030644
2017,764,8460,0,0.20182815
2017,764,8461,1,0.2661267
2017,764,8462,0,0.1268529
2017,764,8463,0,0.33971426
2017,764,8464,0,0.3537024
2017,764,8466,0,0.103521876
2017,764,8467,0,0.10340931
2017,764,8468,1,0.3783672
2017,764,8470,0,0.15081099
2017,764,8471,0,0.09029364
2017,764,8472,1,0.18034248
2017,764,8473,0,0.13062333
2017,764,8475,0,0.22899304
2017,764,8476,0,0.31430876
2017,764,8477,0,0.067543134
2017,764,8479,0,0.05178128
2017,764,8480,0,0.10621079
2017,764,8481,0,0.030080423
2017,764,8482,0,0.031205673
2017,764,8483,0,0.03322854
2017,764,8484,0,0.033187892
2017,764,8485,0,0.053230546
2017,752,8401,0,0.6004439
2017,752,8402,1,0.49103597
2017,752,8403,1,0.24069305
2017,752,8404,0,0.17395106
2017,752,8405,0,0.24008046
2017,752,8406,0,0.610905
2017,752,8407,0,0.18673685
2017,752,8408,0,0.16972123
2017,752,8409,0,0.0635303
2017,752,8410,0,0.23673174
2017,752,8412,0,0.03003077
2017,752,8413,0,0.059827235
2017,752,8414,0,0.06572389
2017,752,8415,0,0.09274942
2017,752,8416,0,0.14611466
2017,752,8417,0,0.26724106
2017,752,8418,0,0.10274838
2017,752,8419,0,0.17928296
2017,752,8420,0,0.17675807
2017,752,8421,0,0.08311297
2017,752,8422,0,0.0666272
2017,752,8423,0,0.10245991
2017,752,8424,0,0.039585605
2017,752,8425,0,0.11300246
2017,752,8426,0,0.1697179
2017,752,8427,0,0.052258376
2017,752,8428,0,0.09588342
2017,752,8429,0,0.06103873
2017,752,8430,0,0.14580235
2017,752,8431,0,0.027002322
2017,752,8432,0,0.09107345
2017,752,8433,0,0.10102496
2017,752,8434,0,0.079941675
2017,752,8436,0,0.15275769
2017,752,8437,0,0.31627077
2017,752,8438,0,0.063888535
2017,752,8439,0,0.23924585
2017,752,8440,0,0.1400412
2017,752,8441,0,0.13005888
2017,752,8442,0,0.25827932
2017,752,8443,0,0.10816695
2017,752,8447,0,0.8317344
2017,752,8448,0,0.16522636
2017,752,8449,0,0.7251997
2017,752,8450,0,0.10428125
2017,752,8451,0,0.16110937
2017,752,8452,0,0.42360166
2017,752,8453,1,0.5773007
2017,752,8454,0,0.21413997
2017,752,8455,0,0.16280213
2017,752,8456,1,0.14076628
2017,752,8458,0,0.14951576
2017,752,8459,0,0.2932649
2017,752,8460,0,0.11657506
2017,752,8461,1,0.61336213
2017,752,8462,0,0.1364583
2017,752,8463,0,0.19249672
2017,752,8464,0,0.10758326
2017,752,8465,0,0.18878762
2017,752,8466,0,0.04630949
2017,752,8467,0,0.07217358
2017,752,8468,0,0.26449174
2017,752,8470,0,0.19248377
2017,752,8471,0,0.058237333
2017,752,8472,1,0.10539432
2017,752,8473,0,0.1866106
2017,752,8474,0,0.14936423
2017,752,8475,0,0.26946583
2017,752,8476,0,0.3594273
2017,752,8477,0,0.085052155
2017,752,8478,0,0.27031553
2017,752,8479,0,0.05461696
2017,752,8480,0,0.123447485
2017,752,8481,0,0.06343035
2017,752,8482,0,0.030523714
2017,752,8483,0,0.05284634
2017,752,8484,0,0.04720281
2017,752,8485,1,0.064319424
2017,372,8403,0,0.19290917
2017,372,8406,0,0.5584346
2017,372,8407,1,0.18939656
2017,372,8409,0,0.09922394
2017,372,8411,0,0.19968213
2017,372,8412,0,0.20968844
2017,372,8413,0,0.098899305
2017,372,8414,0,0.06015573
2017,372,8415,0,0.11796345
2017,372,8418,0,0.14854622
2017,372,8419,1,0.4382462
2017,372,8421,0,0.1774491
2017,372,8422,0,0.14206022
2017,372,8423,0,0.4154245
2017,372,8424,0,0.13221571
2017,372,8425,0,0.20983909
2017,372,8427,0,0.13777597
2017,372,8428,0,0.16504261
2017,372,8429,0,0.19405375
2017,372,8430,0,0.37978634
2017,372,8432,0,0.13623345
2017,372,8433,0,0.1047633
2017,372,8434,0,0.21965191
2017,372,8436,0,0.32551304
2017,372,8437,0,0.4571253
2017,372,8438,0,0.3362601
2017,372,8441,0,0.19456536
2017,372,8442,1,0.74725044
2017,372,8443,0,0.10699473
2017,372,8448,0,0.20179169
2017,372,8450,0,0.38955578
2017,372,8451,0,0.17785162
2017,372,8456,1,0.65872467
2017,372,8457,1,0.7601579
2017,372,8459,1,0.6802196
2017,372,8460,1,0.3716806
2017,372,8461,1,0.64814335
2017,372,8462,0,0.21973015
2017,372,8463,0,0.56871635
2017,372,8465,0,0.25119787
2017,372,8466,0,0.13208523
2017,372,8467,0,0.14280204
2017,372,8468,0,0.18501426
2017,372,8470,0,0.61419183
2017,372,8471,0,0.04471487
2017,372,8472,0,0.2939371
2017,372,8473,0,0.07786434
2017,372,8474,0,0.20016226
2017,372,8475,1,0.42610946
2017,372,8477,0,0.10186814
2017,372,8478,1,0.7252549
2017,372,8479,0,0.11878903
2017,372,8480,0,0.18781854
2017,372,8481,1,0.114717476
2017,372,8484,0,0.112778254
2017,372,8485,0,0.14525709
2017,40,8401,0,0.22675203
2017,40,8402,0,0.15770787
2017,40,8403,0,0.15292503
2017,40,8404,1,0.34432074
2017,40,8405,0,0.22568198
2017,40,8406,0,0.23896821
2017,40,8407,0,0.08777164
2017,40,8408,0,0.106925465
2017,40,8409,0,0.052180685
2017,40,8411,0,0.11293054
2017,40,8412,0,0.08876669
2017,40,8413,0,0.06606915
2017,40,8414,0,0.04520065
2017,40,8415,0,0.12876719
2017,40,8416,0,0.21692719
2017,40,8417,0,0.17988506
2017,40,8418,0,0.1154336
2017,40,8419,0,0.134819
2017,40,8420,1,0.2656636
2017,40,8421,0,0.10335251
2017,40,8422,0,0.14129412
2017,40,8423,0,0.07606551
2017,40,8424,0,0.046295196
2017,40,8425,0,0.14630625
2017,40,8426,0,0.12695387
2017,40,8427,0,0.13301821
2017,40,8428,0,0.14261885
2017,40,8429,0,0.099265486
2017,40,8430,0,0.13710634
2017,40,8431,0,0.03385677
2017,40,8432,0,0.09252294
2017,40,8433,0,0.08232569
2017,40,8434,0,0.11185301
2017,40,8435,0,0.22852436
2017,40,8436,0,0.20299073
2017,40,8437,0,0.1473147
2017,40,8438,0,0.046628628
2017,40,8439,0,0.21879591
2017,40,8440,0,0.17688581
2017,40,8441,1,0.60838103
2017,40,8442,0,0.17344297
2017,40,8443,0,0.08088637
2017,40,8444,0,0.30641574
2017,40,8445,0,0.11688866
2017,40,8446,0,0.3495935
2017,40,8448,0,0.15144438
2017,40,8449,0,0.2426126
2017,40,8450,0,0.27168146
2017,40,8451,0,0.089925855
2017,40,8452,1,0.5050842
2017,40,8453,1,0.19785774
2017,40,8454,1,0.13765122
2017,40,8455,0,0.17631885
2017,40,8456,0,0.13422085
2017,40,8457,0,0.2644902
2017,40,8458,0,0.21228161
2017,40,8459,0,0.23006207
2017,40,8460,0,0.08931846
2017,40,8461,0,0.116432995
2017,40,8462,0,0.08694752
2017,40,8463,0,0.25653666
2017,40,8464,0,0.12514628
2017,40,8465,0,0.105770364
2017,40,8466,0,0.063001014
2017,40,8467,0,0.09448574
2017,40,8468,0,0.16895401
2017,40,8470,0,0.3649133
2017,40,8471,0,0.04444453
2017,40,8472,0,0.11402054
2017,40,8473,0,0.09492272
2017,40,8474,0,0.17192326
2017,40,8475,0,0.27668005
2017,40,8476,1,0.1817208
2017,40,8477,0,0.0515301
2017,40,8478,0,0.3798587
2017,40,8479,0,0.03937243
2017,40,8480,0,0.11437391
2017,40,8481,0,0.065026715
2017,40,8482,0,0.057738926
2017,40,8483,0,0.06935168
2017,40,8484,0,0.06800791
2017,40,8485,0,0.08376099
2017,724,8401,0,0.2502071
2017,724,8402,0,0.15987569
2017,724,8403,0,0.17615053
2017,724,8404,0,0.23432842
2017,724,8405,0,0.18670909
2017,724,8407,0,0.08473048
2017,724,8408,0,0.13285261
2017,724,8409,0,0.0410717
2017,724,8410,0,0.14209902
2017,724,8411,0,0.096566595
2017,724,8412,0,0.13700894
2017,724,8413,0,0.037505005
2017,724,8414,0,0.04653735
2017,724,8415,0,0.070482895
2017,724,8416,0,0.18771544
2017,724,8417,0,0.13783452
2017,724,8418,0,0.0997571
2017,724,8419,0,0.14398952
2017,724,8420,0,0.091154404
2017,724,8421,0,0.08265197
2017,724,8422,0,0.03617184
2017,724,8423,0,0.07392552
2017,724,8424,0,0.052160393
2017,724,8425,0,0.07039925
2017,724,8426,0,0.13872688
2017,724,8427,0,0.0631377
2017,724,8428,0,0.10919566
2017,724,8430,0,0.15026888
2017,724,8431,0,0.02749444
2017,724,8432,0,0.09281054
2017,724,8433,0,0.11579328
2017,724,8434,0,0.09761006
2017,724,8435,0,0.1552527
2017,724,8436,0,0.06614211
2017,724,8437,0,0.13720503
2017,724,8438,0,0.05095719
2017,724,8439,0,0.2607611
2017,724,8440,1,0.35217166
2017,724,8441,0,0.1045459
2017,724,8442,0,0.25084284
2017,724,8443,0,0.04167649
2017,724,8444,0,0.30152223
2017,724,8445,0,0.10561726
2017,724,8446,0,0.36805066
2017,724,8447,0,0.14028901
2017,724,8448,0,0.07555619
2017,724,8449,0,0.6049876
2017,724,8450,0,0.15386185
2017,724,8451,0,0.054687634
2017,724,8452,0,0.1276632
2017,724,8453,0,0.109642155
2017,724,8454,0,0.2954881
2017,724,8455,0,0.2728625
2017,724,8456,0,0.20164974
2017,724,8457,0,0.17195109
2017,724,8458,0,0.087550335
2017,724,8459,0,0.19087099
2017,724,8460,0,0.09454391
2017,724,8461,0,0.07512005
2017,724,8462,0,0.075069554
2017,724,8463,0,0.1694489
2017,724,8464,0,0.053789474
2017,724,8465,0,0.06750095
2017,724,8466,0,0.03245992
2017,724,8467,0,0.12212527
2017,724,8468,0,0.12398651
2017,724,8470,0,0.2137459
2017,724,8471,0,0.04934077
2017,724,8472,0,0.075525954
2017,724,8473,0,0.09739036
2017,724,8474,0,0.1472166
2017,724,8475,0,0.40898514
2017,724,8476,0,0.18220556
2017,724,8477,0,0.07052854
2017,724,8478,1,0.38067526
2017,724,8479,0,0.025435893
2017,724,8480,0,0.08063551
2017,724,8481,0,0.044035286
2017,724,8482,0,0.048645258
2017,724,8483,0,0.0714487
2017,724,8484,0,0.05929907
2018,842,8401,0,0.21646914
2018,842,8402,0,0.1330994
2018,842,8403,0,0.077000916
2018,842,8404,1,0.23613796
2018,842,8405,0,0.2322781
2018,842,8406,0,0.09814785
2018,842,8407,0,0.06534084
2018,842,8408,0,0.35792702
2018,842,8409,0,0.064264804
2018,842,8410,1,0.17241651
2018,842,8411,0,0.091477826
2018,842,8412,0,0.03856715
2018,842,8413,0,0.13268499
2018,842,8414,0,0.1401809
2018,842,8415,0,0.12895492
2018,842,8416,0,0.15301618
2018,842,8417,0,0.11622947
2018,842,8418,0,0.14000718
2018,842,8419,0,0.15319476
2018,842,8420,1,0.122995704
2018,842,8421,0,0.08812883
2018,842,8422,0,0.05537841
2018,842,8423,0,0.15306357
2018,842,8424,0,0.095779784
2018,842,8425,0,0.15329568
2018,842,8426,0,0.100204416
2018,842,8427,0,0.04876557
2018,842,8428,0,0.17694989
2018,842,8429,0,0.04300056
2018,842,8430,0,0.061123274
2018,842,8431,0,0.046272494
2018,842,8432,0,0.15874274
2018,842,8433,0,0.054030452
2018,842,8434,0,0.11503765
2018,842,8435,1,0.2508269
2018,842,8436,0,0.06664437
2018,842,8437,0,0.42674854
2018,842,8438,0,0.05248518
2018,842,8439,0,0.15553316
2018,842,8440,0,0.104606286
2018,842,8441,0,0.08419967
2018,842,8442,0,0.30569977
2018,842,8443,0,0.029266115
2018,842,8444,0,0.18728961
2018,842,8445,0,0.13480075
2018,842,8446,0,0.24450031
2018,842,8449,0,0.18160222
2018,842,8450,0,0.1782824
2018,842,8451,0,0.10534569
2018,842,8453,0,0.11958491
2018,842,8454,0,0.1115416
2018,842,8455,0,0.1335836
2018,842,8456,1,0.082614206
2018,842,8457,0,0.16346613
2018,842,8458,0,0.092053585
2018,842,8459,0,0.12577379
2018,842,8460,0,0.053501654
2018,842,8461,1,0.06914094
2018,842,8462,0,0.062347576
2018,842,8463,0,0.106969796
2018,842,8464,0,0.08209993
2018,842,8465,0,0.07735646
2018,842,8466,0,0.024328135
2018,842,8467,0,0.1402062
2018,842,8468,0,0.11372103
2018,842,8470,0,0.25530428
2018,842,8471,0,0.026333893
2018,842,8472,0,0.061900113
2018,842,8473,0,0.080012284
2018,842,8474,0,0.09681429
2018,842,8475,0,0.15183143
2018,842,8476,0,0.12654969
2018,842,8477,0,0.060180146
2018,842,8478,0,0.25502324
2018,842,8479,0,0.07330063
2018,842,8480,0,0.16926582
2018,842,8481,0,0.060971987
2018,842,8482,0,0.060768373
2018,842,8483,0,0.05269042
2018,842,8484,0,0.07486659
2018,842,8485,0,0.04008545
2018,276,8401,1,0.4435367
2018,276,8402,1,0.13941672
2018,276,8403,0,0.078831926
2018,276,8404,0,0.09788475
2018,276,8405,0,0.21963
2018,276,8406,0,0.14690983
2018,276,8407,0,0.06725163
2018,276,8408,0,0.116069816
2018,276,8409,0,0.0592227
2018,276,8411,0,0.08315608
2018,276,8412,0,0.035336398
2018,276,8413,0,0.107710265
2018,276,8414,0,0.098086916
2018,276,8415,0,0.08906165
2018,276,8416,0,0.08683507
2018,276,8417,0,0.0629541
2018,276,8418,0,0.09861077
2018,276,8419,0,0.11005745
2018,276,8420,0,0.08351675
2018,276,8421,0,0.0667629
2018,276,8422,0,0.077518746
2018,276,8423,0,0.1459948
2018,276,8424,0,0.0727329
2018,276,8425,0,0.07087771
2018,276,8426,0,0.035610203
2018,276,8427,0,0.05137449
2018,276,8428,0,0.07335673
2018,276,8429,0,0.030672163
2018,276,8430,0,0.050936386
2018,276,8431,0,0.027684996
2018,276,8432,0,0.06086047
2018,276,8433,0,0.05016198
2018,276,8434,0,0.07555085
2018,276,8435,0,0.12465501
2018,276,8436,0,0.045390055
2018,276,8437,0,0.10514809
2018,276,8438,0,0.04198326
2018,276,8439,0,0.14403658
2018,276,8440,0,0.062083445
2018,276,8441,0,0.0981182
2018,276,8442,0,0.16398649
2018,276,8443,0,0.051482506
2018,276,8444,0,0.58438736
2018,276,8445,1,0.39302465
2018,276,8446,1,0.26175925
2018,276,8447,1,0.55531925
2018,276,8448,1,0.046298973
2018,276,8449,0,0.22882357
2018,276,8450,0,0.15864444
2018,276,8451,0,0.064144775
2018,276,8452,0,0.06415109
2018,276,8453,1,0.10521054
2018,276,8454,0,0.09995269
2018,276,8455,0,0.12260711
2018,276,8456,0,0.078608215
2018,276,8457,0,0.14548302
2018,276,8458,0,0.08057805
2018,276,8459,0,0.059323307
2018,276,8460,0,0.044146404
2018,276,8461,0,0.061687924
2018,276,8462,0,0.039475296
2018,276,8463,0,0.098274395
2018,276,8464,0,0.04241018
2018,276,8465,0,0.04683987
2018,276,8466,0,0.023013605
2018,276,8467,0,0.16394475
2018,276,8468,0,0.18405534
2018,276,8470,0,0.20563577
2018,276,8471,0,0.040592648
2018,276,8472,0,0.03752441
2018,276,8473,0,0.08140544
2018,276,8474,0,0.07076211
2018,276,8475,0,0.10838296
2018,276,8476,0,0.14369352
2018,276,8477,0,0.06157885
2018,276,8478,1,0.084469736
2018,276,8479,0,0.038675334
2018,276,8480,0,0.10031927
2018,276,8481,0,0.078738764
2018,276,8482,0,0.035569414
2018,276,8483,0,0.03882299
2018,276,8484,0,0.07684955
2018,276,8485,0,0.046137363
2018,392,8401,0,0.39945787
2018,392,8402,1,0.26019746
2018,392,8403,0,0.24219148
2018,392,8404,1,0.19863956
2018,392,8406,1,0.08586942
2018,392,8407,0,0.03874838
2018,392,8408,0,0.0553439
2018,392,8409,0,0.038379833
2018,392,8411,0,0.0802274
2018,392,8412,0,0.033101995
2018,392,8413,0,0.07236622
2018,392,8414,0,0.07593048
2018,392,8415,0,0.07423137
2018,392,8416,0,0.1735305
2018,392,8417,0,0.19725375
2018,392,8418,0,0.140374
2018,392,8419,0,0.08681777
2018,392,8420,1,0.23260383
2018,392,8421,0,0.06255989
2018,392,8422,0,0.04420607
2018,392,8423,0,0.15640081
2018,392,8424,0,0.057997517
2018,392,8425,0,0.11513313
2018,392,8426,0,0.06111154
2018,392,8427,0,0.029726986
2018,392,8428,0,0.07565625
2018,392,8429,0,0.040213015
2018,392,8430,0,0.083888076
2018,392,8431,0,0.033443455
2018,392,8432,0,0.10058969
2018,392,8433,0,0.08598001
2018,392,8434,0,0.100954115
2018,392,8435,0,0.34317753
2018,392,8437,1,0.3227457
2018,392,8438,0,0.05147672
2018,392,8439,0,0.14832573
2018,392,8440,0,0.1267073
2018,392,8441,0,0.077199064
2018,392,8442,0,0.29702526
2018,392,8443,0,0.048126064
2018,392,8444,0,0.23164268
2018,392,8445,1,0.2215121
2018,392,8446,0,0.2884964
2018,392,8447,1,0.38292348
2018,392,8448,0,0.07155367
2018,392,8449,0,0.19253503
2018,392,8450,0,0.20689826
2018,392,8451,0,0.12450519
2018,392,8452,0,0.07470436
2018,392,8453,1,0.1170504
2018,392,8454,0,0.12290789
2018,392,8455,0,0.15767245
2018,392,8456,1,0.13648397
2018,392,8457,1,0.1251493
2018,392,8458,0,0.10887519
2018,392,8459,0,0.075130485
2018,392,8460,0,0.09190644
2018,392,8461,0,0.109644845
2018,392,8462,0,0.07002889
2018,392,8463,0,0.12566413
2018,392,8464,1,0.17116502
2018,392,8465,0,0.08511624
2018,392,8466,0,0.036791958
2018,392,8467,0,0.16249064
2018,392,8468,0,0.25762764
2018,392,8470,1,0.3546411
2018,392,8471,0,0.04519922
2018,392,8472,0,0.060030594
2018,392,8473,0,0.11944858
2018,392,8474,0,0.08510261
2018,392,8475,1,0.16548187
2018,392,8476,0,0.16128136
2018,392,8477,0,0.07347039
2018,392,8478,0,0.38990024
2018,392,8479,0,0.07419168
2018,392,8480,0,0.07877952
2018,392,8481,0,0.048597686
2018,392,8482,0,0.035015866
2018,392,8483,0,0.041990504
2018,392,8484,0,0.03089901
2018,392,8485,0,0.073937625
2018,156,8401,1,0.36858305
2018,156,8402,0,0.044173274
2018,156,8403,0,0.08020402
2018,156,8404,1,0.1081774
2018,156,8405,0,0.05978305
2018,156,8407,0,0.046626337
2018,156,8408,0,0.027966743
2018,156,8409,0,0.034041744
2018,156,8411,0,0.04882641
2018,156,8412,0,0.023714706
2018,156,8413,0,0.07105891
2018,156,8414,0,0.078141674
2018,156,8415,0,0.05983332
2018,156,8416,0,0.03621948
2018,156,8417,0,0.11059084
2018,156,8418,0,0.064160176
2018,156,8419,0,0.2950914
2018,156,8420,0,0.044040065
2018,156,8421,0,0.03927659
2018,156,8422,0,0.020455025
2018,156,8423,0,0.04796087
2018,156,8424,0,0.030676851
2018,156,8425,0,0.047030196
2018,156,8426,0,0.039365795
2018,156,8427,0,0.032068886
2018,156,8428,0,0.037475858
2018,156,8431,0,0.023051504
2018,156,8432,0,0.018629111
2018,156,8433,0,0.030963344
2018,156,8434,1,0.03193059
2018,156,8436,0,0.020273814
2018,156,8439,0,0.055802323
2018,156,8440,0,0.074114144
2018,156,8441,0,0.02063526
2018,156,8442,0,0.0816894
2018,156,8443,0,0.027531452
2018,156,8444,0,0.116213955
2018,156,8445,0,0.0811425
2018,156,8446,0,0.14219317
2018,156,8447,0,0.11860096
2018,156,8448,0,0.030527374
2018,156,8449,0,0.13569167
2018,156,8450,0,0.10566125
2018,156,8451,0,0.031549986
2018,156,8452,0,0.15021363
2018,156,8453,0,0.048198007
2018,156,8454,0,0.33791783
2018,156,8455,0,0.06607055
2018,156,8456,0,0.033279676
2018,156,8457,0,0.03176842
2018,156,8458,0,0.024801966
2018,156,8459,0,0.02370026
2018,156,8460,0,0.022118941
2018,156,8461,0,0.019113043
2018,156,8462,0,0.018451631
2018,156,8463,0,0.091760024
2018,156,8464,0,0.022747668
2018,156,8465,0,0.038206782
2018,156,8466,0,0.014138462
2018,156,8467,0,0.09491457
2018,156,8468,0,0.07083693
2018,156,8470,0,0.083028995
2018,156,8471,0,0.032006826
2018,156,8472,0,0.028080598
2018,156,8473,0,0.060687166
2018,156,8475,0,0.07257092
2018,156,8476,0,0.053365074
2018,156,8477,0,0.03805207
2018,156,8478,0,0.07279768
2018,156,8479,0,0.030273488
2018,156,8480,0,0.048031386
2018,156,8481,0,0.06263817
2018,156,8482,0,0.032436885
2018,156,8483,0,0.031018326
2018,156,8484,0,0.030697191
2018,380,8401,0,0.28198424
2018,380,8402,1,0.16063859
2018,380,8403,0,0.070459284
2018,380,8404,0,0.17300582
2018,380,8405,0,0.14449343
2018,380,8406,1,0.60282606
2018,380,8407,0,0.3873379
2018,380,8408,1,0.23111652
2018,380,8409,0,0.081324555
2018,380,8411,0,0.11301639
2018,380,8412,0,0.050695382
2018,380,8413,0,0.106146805
2018,380,8414,0,0.08930018
2018,380,8415,0,0.11833128
2018,380,8416,0,0.10935005
2018,380,8417,0,0.50146323
2018,380,8418,0,0.11138435
2018,380,8419,0,0.16650602
2018,380,8420,0,0.17625774
2018,380,8421,0,0.07028663
2018,380,8422,0,0.09400898
2018,380,8423,0,0.13918963
2018,380,8424,0,0.10017292
2018,380,8425,0,0.11116504
2018,380,8426,0,0.042661823
2018,380,8427,0,0.06674939
2018,380,8428,0,0.1117112
2018,380,8429,0,0.03340501
2018,380,8430,0,0.06603825
2018,380,8431,0,0.031361528
2018,380,8432,0,0.044197045
2018,380,8433,0,0.049053594
2018,380,8434,0,0.10521963
2018,380,8435,0,0.1127826
2018,380,8436,0,0.052391686
2018,380,8438,0,0.12807485
2018,380,8439,1,0.13234022
2018,380,8440,1,0.17096929
2018,380,8441,0,0.23180398
2018,380,8442,0,0.24731761
2018,380,8443,0,0.031621184
2018,380,8444,0,0.22108535
2018,380,8445,0,0.27276832
2018,380,8446,1,0.28917637
2018,380,8447,0,0.6211366
2018,380,8448,1,0.059523582
2018,380,8449,0,0.3189187
2018,380,8450,0,0.22311887
2018,380,8451,0,0.2341232
2018,380,8453,1,0.06376546
2018,380,8454,0,0.14648652
2018,380,8455,0,0.08125493
2018,380,8456,0,0.059391532
2018,380,8457,0,0.075518034
2018,380,8458,0,0.10772388
2018,380,8459,0,0.13345484
2018,380,8460,0,0.056685004
2018,380,8461,0,0.075749815
2018,380,8462,0,0.049005467
2018,380,8463,0,0.0729219
2018,380,8464,0,0.07118548
2018,380,8465,0,0.050129913
2018,380,8466,0,0.032442857
2018,380,8467,0,0.18211171
2018,380,8468,0,0.15057833
2018,380,8470,0,0.27588657
2018,380,8471,0,0.04270518
2018,380,8472,0,0.12847492
2018,380,8473,0,0.09137682
2018,380,8474,0,0.55054
2018,380,8475,0,0.5206496
2018,380,8476,0,0.11379771
2018,380,8477,0,0.069423236
2018,380,8478,0,0.124723956
2018,380,8479,0,0.03695663
2018,380,8480,1,0.10962865
2018,380,8481,0,0.063656636
2018,380,8482,0,0.07056228
2018,380,8483,0,0.08613107
2018,380,8484,0,0.07458022
2018,380,8485,0,0.060118016
2018,826,8401,1,0.63258696
2018,826,8402,0,0.09557718
2018,826,8403,0,0.20107828
2018,826,8404,0,0.14055026
2018,826,8405,0,0.19592336
2018,826,8406,0,0.15985353
2018,826,8408,0,0.75599676
2018,826,8409,0,0.0484513
2018,826,8410,1,0.46100387
2018,826,8411,0,0.06781342
2018,826,8412,0,0.053654395
2018,826,8413,0,0.12147502
2018,826,8414,0,0.110519305
2018,826,8415,0,0.10139269
2018,826,8416,0,0.1235731
2018,826,8418,0,0.15811525
2018,826,8419,0,0.11776124
2018,826,8420,1,0.16006637
2018,826,8421,0,0.097782984
2018,826,8422,0,0.07473238
2018,826,8423,0,0.13360876
2018,826,8424,0,0.09197271
2018,826,8425,0,0.20142114
2018,826,8426,0,0.07281853
2018,826,8427,0,0.071012914
2018,826,8428,0,0.11132432
2018,826,8429,0,0.02435412
2018,826,8430,0,0.03636651
2018,826,8431,0,0.031526163
2018,826,8432,0,0.04180107
2018,826,8433,0,0.10581873
2018,826,8434,0,0.1643832
2018,826,8435,1,0.37922832
2018,826,8436,0,0.09715081
2018,826,8437,0,0.07707182
2018,826,8438,0,0.041449614
2018,826,8439,0,0.1293283
2018,826,8440,0,0.14351402
2018,826,8441,1,0.14110921
2018,826,8442,0,0.22247687
2018,826,8443,1,0.0704893
2018,826,8444,1,0.4090982
2018,826,8445,1,0.16014741
2018,826,8446,1,0.85744655
2018,826,8447,0,0.68136156
2018,826,8448,0,0.08241457
2018,826,8449,1,0.6191911
2018,826,8450,0,0.2097491
2018,826,8451,0,0.1464837
2018,826,8452,0,0.10483522
2018,826,8453,0,0.118038535
2018,826,8454,0,0.13112673
2018,826,8455,0,0.17075855
2018,826,8456,0,0.121808596
2018,826,8457,1,0.22019027
2018,826,8458,0,0.12404316
2018,826,8459,0,0.15589902
2018,826,8460,0,0.068601415
2018,826,8461,0,0.09170124
2018,826,8462,0,0.060996618
2018,826,8463,0,0.12533091
2018,826,8464,0,0.123116635
2018,826,8465,1,0.16520546
2018,826,8466,0,0.041775607
2018,826,8467,0,0.110180125
2018,826,8468,0,0.20204951
2018,826,8470,0,0.37459135
2018,826,8471,0,0.04035672
2018,826,8472,0,0.19499756
2018,826,8473,0,0.06755881
2018,826,8474,0,0.08051495
2018,826,8475,0,0.08106723
2018,826,8476,0,0.12638232
2018,826,8477,0,0.049633957
2018,826,8478,0,0.09441761
2018,826,8479,0,0.04846523
2018,826,8480,0,0.12970291
2018,826,8481,0,0.077843115
2018,826,8482,0,0.07047546
2018,826,8483,0,0.07319639
2018,826,8484,0,0.04483419
2018,826,8485,0,0.04858063
2018,251,8401,1,0.3244241
2018,251,8403,0,0.09659324
2018,251,8404,0,0.25798944
2018,251,8407,0,0.10289206
2018,251,8408,1,0.1614647
2018,251,8409,0,0.06743618
2018,251,8411,0,0.08482065
2018,251,8412,0,0.11257427
2018,251,8413,0,0.13475941
2018,251,8414,0,0.13470219
2018,251,8415,0,0.13334142
2018,251,8416,0,0.21200322
2018,251,8417,0,0.10388416
2018,251,8418,0,0.15126346
2018,251,8419,0,0.14731097
2018,251,8420,0,0.12248658
2018,251,8421,0,0.09556535
2018,251,8422,0,0.063204326
2018,251,8424,0,0.14024794
2018,251,8425,0,0.13521716
2018,251,8426,0,0.11512409
2018,251,8427,0,0.057736784
2018,251,8428,0,0.13654238
2018,251,8429,0,0.05028505
2018,251,8430,0,0.115563035
2018,251,8431,0,0.028520452
2018,251,8432,0,0.051381867
2018,251,8433,0,0.074054874
2018,251,8434,1,0.21842699
2018,251,8435,0,0.11348286
2018,251,8436,0,0.078937635
2018,251,8438,0,0.056204785
2018,251,8439,0,0.09837793
2018,251,8440,0,0.36865237
2018,251,8441,0,0.1595507
2018,251,8442,0,0.28595403
2018,251,8443,0,0.049297664
2018,251,8444,1,0.523138
2018,251,8445,0,0.40428314
2018,251,8446,1,0.61833763
2018,251,8447,1,0.3521514
2018,251,8448,1,0.12489105
2018,251,8449,0,0.27737975
2018,251,8450,1,0.33997354
2018,251,8451,1,0.2625885
2018,251,8453,0,0.16164552
2018,251,8454,0,0.45244992
2018,251,8455,0,0.14425875
2018,251,8456,0,0.18378675
2018,251,8457,0,0.091972806
2018,251,8458,0,0.21433675
2018,251,8459,0,0.14472349
2018,251,8460,0,0.19644985
2018,251,8461,0,0.09279431
2018,251,8462,0,0.12506159
2018,251,8463,0,0.21551386
2018,251,8464,0,0.18239585
2018,251,8465,0,0.15232918
2018,251,8466,0,0.046016302
2018,251,8467,0,0.24980225
2018,251,8468,0,0.23142561
2018,251,8470,0,0.23841639
2018,251,8471,0,0.027095435
2018,251,8472,0,0.0951282
2018,251,8473,0,0.093977325
2018,251,8475,0,0.14300591
2018,251,8476,0,0.1380781
2018,251,8477,0,0.08893016
2018,251,8478,1,0.31131312
2018,251,8479,0,0.059737887
2018,251,8480,0,0.13068019
2018,251,8481,0,0.09273143
2018,251,8482,0,0.07373389
2018,251,8483,0,0.08469274
2018,251,8484,0,0.08429334
2018,251,8485,0,0.088324994
2018,490,8401,0,0.77996516
2018,490,8402,0,0.16534598
2018,490,8403,0,0.15003589
2018,490,8404,0,0.17069854
2018,490,8405,0,0.36864805
2018,490,8406,1,0.25615144
2018,490,8407,1,0.16176344
2018,490,8408,0,0.15295453
2018,490,8409,0,0.078591295
2018,490,8410,0,0.4648582
2018,490,8411,1,0.11569025
2018,490,8412,0,0.050215352
2018,490,8413,0,0.100096315
2018,490,8414,0,0.086463675
2018,490,8415,0,0.120489165
2018,490,8416,0,0.27271715
2018,490,8417,0,0.1803961
2018,490,8418,0,0.11847893
2018,490,8419,0,0.09367553
2018,490,8420,0,0.2353482
2018,490,8421,0,0.07827428
2018,490,8422,0,0.038162135
2018,490,8423,0,0.11039091
2018,490,8424,0,0.06265643
2018,490,8425,0,0.1292326
2018,490,8426,0,0.08294263
2018,490,8427,0,0.07792136
2018,490,8428,1,0.097817145
2018,490,8429,1,0.33903813
2018,490,8430,1,0.20321524
2018,490,8431,0,0.047326416
2018,490,8432,0,0.12737148
2018,490,8433,0,0.10452134
2018,490,8434,0,0.21004935
2018,490,8435,0,0.15841942
2018,490,8436,0,0.0653408
2018,490,8437,1,0.12094786
2018,490,8438,0,0.047516096
2018,490,8439,0,0.08210979
2018,490,8440,0,0.20250653
2018,490,8441,0,0.060607057
2018,490,8442,1,0.21047252
2018,490,8443,0,0.04765382
2018,490,8444,1,0.23224579
2018,490,8445,0,0.15260738
2018,490,8446,1,0.32695585
2018,490,8447,1,0.15476085
2018,490,8448,0,0.08111079
2018,490,8449,0,0.24106869
2018,490,8450,0,0.30960643
2018,490,8451,1,0.10193177
2018,490,8452,0,0.07113173
2018,490,8453,0,0.11684709
2018,490,8454,0,0.16570398
2018,490,8455,0,0.087000065
2018,490,8456,0,0.15125065
2018,490,8457,1,0.12846334
2018,490,8458,0,0.0989668
2018,490,8459,1,0.1494102
2018,490,8460,0,0.08176985
2018,490,8461,0,0.079641186
2018,490,8462,0,0.076866634
2018,490,8463,1,0.07976859
2018,490,8464,1,0.2369727
2018,490,8465,0,0.06275348
2018,490,8466,1,0.03750225
2018,490,8467,0,0.22948597
2018,490,8468,0,0.2824194
2018,490,8470,1,0.2993439
2018,490,8471,0,0.06479572
2018,490,8472,1,0.08120312
2018,490,8473,0,0.12433061
2018,490,8474,0,0.0784411
2018,490,8475,0,0.3295088
2018,490,8476,0,0.12495737
2018,490,8477,0,0.045341868
2018,490,8478,0,0.25029218
2018,490,8479,0,0.10416063
2018,490,8480,0,0.06284597
2018,490,8481,0,0.09394309
2018,490,8482,0,0.049205568
2018,490,8483,0,0.059672993
2018,490,8484,0,0.065720566
2018,490,8485,0,0.054566547
2018,702,8402,1,0.22948672
2018,702,8405,0,0.6286997
2018,702,8406,1,0.5270904
2018,702,8407,0,0.25655738
2018,702,8408,1,0.30816063
2018,702,8409,0,0.036494587
2018,702,8411,0,0.12557845
2018,702,8412,0,0.041338548
2018,702,8413,0,0.049644347
2018,702,8414,0,0.06865513
2018,702,8416,0,0.30328122
2018,702,8418,0,0.18122652
2018,702,8419,0,0.108939014
2018,702,8420,0,0.22052373
2018,702,8421,0,0.05779077
2018,702,8422,0,0.055861913
2018,702,8423,1,0.1968408
2018,702,8424,0,0.056461502
2018,702,8425,0,0.11791491
2018,702,8427,0,0.12567107
2018,702,8428,0,0.09891526
2018,702,8430,1,0.32303172
2018,702,8431,0,0.048658576
2018,702,8432,0,0.23574787
2018,702,8433,1,0.49394426
2018,702,8434,1,0.373515
2018,702,8435,1,0.438052
2018,702,8436,0,0.13362008
2018,702,8437,0,0.18126327
2018,702,8438,0,0.1196064
2018,702,8439,0,0.21755262
2018,702,8440,1,0.58893377
2018,702,8441,0,0.14140733
2018,702,8442,1,0.51591635
2018,702,8443,0,0.059386242
2018,702,8445,1,0.28991035
2018,702,8446,1,0.69548666
2018,702,8448,0,0.19437219
2018,702,8449,1,0.5263485
2018,702,8451,0,0.21459255
2018,702,8452,0,0.21103801
2018,702,8453,0,0.21305609
2018,702,8454,1,0.5357951
2018,702,8455,0,0.17496663
2018,702,8456,1,0.17037107
2018,702,8457,0,0.30374265
2018,702,8458,0,0.2078383
2018,702,8459,0,0.14448653
2018,702,8460,0,0.17421639
2018,702,8461,0,0.15431161
2018,702,8462,0,0.33665535
2018,702,8463,1,0.5836139
2018,702,8464,0,0.24077249
2018,702,8465,0,0.09491584
2018,702,8466,0,0.0846903
2018,702,8467,0,0.16558741
2018,702,8468,0,0.32127988
2018,702,8470,0,0.1698442
2018,702,8471,1,0.037810884
2018,702,8473,0,0.07642342
2018,702,8474,1,0.110479705
2018,702,8475,1,0.2671776
2018,702,8476,0,0.42193383
2018,702,8477,0,0.13007943
2018,702,8479,0,0.104532816
2018,702,8480,1,0.1495865
2018,702,8481,0,0.05068515
2018,702,8482,0,0.03873822
2018,702,8483,0,0.031032717
2018,702,8484,0,0.08051269
2018,528,8401,0,0.2644951
2018,528,8403,0,0.09649008
2018,528,8404,0,0.11850342
2018,528,8405,0,0.1654555
2018,528,8407,1,0.1609562
2018,528,8408,0,0.16275701
2018,528,8409,0,0.05005865
2018,528,8410,0,0.18651293
2018,528,8411,0,0.10726147
2018,528,8412,0,0.045257524
2018,528,8413,0,0.095912054
2018,528,8414,0,0.13974068
2018,528,8415,0,0.106997624
2018,528,8416,1,0.169076
2018,528,8417,1,0.3276613
2018,528,8418,0,0.18706247
2018,528,8419,0,0.115622215
2018,528,8420,0,0.2060686
2018,528,8421,0,0.07754987
2018,528,8422,0,0.06942146
2018,528,8423,0,0.18163379
2018,528,8424,0,0.12189714
2018,528,8425,0,0.124458835
2018,528,8426,0,0.076542884
2018,528,8427,0,0.04283396
2018,528,8428,0,0.10253243
2018,528,8429,0,0.048006527
2018,528,8430,0,0.08310033
2018,528,8431,0,0.032190826
2018,528,8432,0,0.07515274
2018,528,8433,0,0.05976133
2018,528,8434,0,0.108862795
2018,528,8435,0,0.124010764
2018,528,8436,0,0.07088413
2018,528,8437,1,0.210165
2018,528,8438,0,0.05087503
2018,528,8439,0,0.11190041
2018,528,8440,0,0.14964062
2018,528,8441,0,0.09227529
2018,528,8442,0,0.22517347
2018,528,8443,0,0.063061155
2018,528,8444,1,0.6087899
2018,528,8445,1,0.7508049
2018,528,8446,0,0.38094774
2018,528,8447,0,0.251761
2018,528,8448,1,0.29034635
2018,528,8449,0,0.33770084
2018,528,8450,0,0.2607501
2018,528,8451,0,0.16121878
2018,528,8452,0,0.16095561
2018,528,8453,1,0.24200915
2018,528,8454,1,0.15186028
2018,528,8455,0,0.17907508
2018,528,8456,0,0.08687619
2018,528,8457,0,0.25560156
2018,528,8458,0,0.21126674
2018,528,8459,0,0.14421278
2018,528,8460,0,0.09982915
2018,528,8461,0,0.12950152
2018,528,8462,0,0.09957525
2018,528,8463,0,0.1457423
2018,528,8464,0,0.14976817
2018,528,8465,1,0.11493835
2018,528,8466,0,0.05899398
2018,528,8467,1,0.17408809
2018,528,8468,0,0.22468708
2018,528,8470,0,0.33230117
2018,528,8471,0,0.040258076
2018,528,8472,0,0.1011495
2018,528,8473,0,0.14686489
2018,528,8474,0,0.09488971
2018,528,8475,0,0.12114157
2018,528,8476,0,0.4067612
2018,528,8477,0,0.11063601
2018,528,8478,0,0.07595653
2018,528,8479,0,0.099807665
2018,528,8480,0,0.139159
2018,528,8481,0,0.06458901
2018,528,8482,0,0.08839107
2018,528,8483,0,0.0675584
2018,528,8484,0,0.096216366
2018,528,8485,0,0.059303712
2018,410,8401,1,0.21712017
2018,410,8402,0,0.15139367
2018,410,8403,0,0.09332158
2018,410,8404,0,0.14676476
2018,410,8405,1,0.1681316
2018,410,8406,1,0.55049694
2018,410,8407,0,0.09503075
2018,410,8408,0,0.084573604
2018,410,8409,0,0.04474038
2018,410,8410,1,0.7103154
2018,410,8411,0,0.09242192
2018,410,8412,0,0.03296423
2018,410,8413,0,0.074121065
2018,410,8414,0,0.07222102
2018,410,8415,0,0.102721766
2018,410,8416,0,0.1695802
2018,410,8417,0,0.19908276
2018,410,8418,0,0.18053891
2018,410,8419,0,0.112445705
2018,410,8420,1,0.36936086
2018,410,8421,0,0.050481603
2018,410,8422,0,0.044368282
2018,410,8423,0,0.15794656
2018,410,8424,0,0.09985089
2018,410,8425,0,0.09379294
2018,410,8426,0,0.12632369
2018,410,8427,0,0.07034844
2018,410,8428,0,0.06336292
2018,410,8429,0,0.031752594
2018,410,8431,0,0.028794331
2018,410,8432,0,0.10277166
2018,410,8433,0,0.096735105
2018,410,8435,0,0.15213168
2018,410,8436,1,0.57033795
2018,410,8437,0,0.11951
2018,410,8438,0,0.06329178
2018,410,8439,0,0.15164028
2018,410,8440,1,0.24339193
2018,410,8441,0,0.052074086
2018,410,8442,0,0.2671562
2018,410,8443,0,0.03999505
2018,410,8444,0,0.22413358
2018,410,8445,1,0.24668452
2018,410,8446,1,0.19315284
2018,410,8447,1,0.20450798
2018,410,8448,0,0.15820242
2018,410,8449,1,0.2769855
2018,410,8450,0,0.112647116
2018,410,8451,0,0.112929754
2018,410,8452,0,0.1517134
2018,410,8453,0,0.14451566
2018,410,8454,0,0.28848448
2018,410,8455,0,0.20434472
2018,410,8456,0,0.13478808
2018,410,8457,0,0.13812245
2018,410,8458,0,0.17024784
2018,410,8459,0,0.14059521
2018,410,8460,0,0.15708917
2018,410,8461,0,0.13339597
2018,410,8462,0,0.077234656
2018,410,8463,0,0.09971934
2018,410,8464,0,0.2048237
2018,410,8465,0,0.10056827
2018,410,8466,0,0.042089824
2018,410,8467,1,0.13215473
2018,410,8468,0,0.22038306
2018,410,8470,0,0.70496386
2018,410,8471,0,0.0645055
2018,410,8472,0,0.10585586
2018,410,8473,0,0.14110279
2018,410,8474,0,0.09631925
2018,410,8475,1,0.16349041
2018,410,8476,0,0.14052647
2018,410,8477,0,0.06469303
2018,410,8478,1,0.3285932
2018,410,8479,0,0.09011803
2018,410,8480,0,0.059997853
2018,410,8481,0,0.055141423
2018,410,8482,0,0.064023145
2018,410,8483,0,0.048889313
2018,410,8484,0,0.040422413
2018,410,8485,0,0.05053407
2018,458,8404,0,0.15749687
2018,458,8405,0,0.22132581
2018,458,8406,1,0.30607912
2018,458,8407,0,0.17066336
2018,458,8409,0,0.2966672
2018,458,8411,0,0.41830367
2018,458,8412,0,0.09795344
2018,458,8413,0,0.09534017
2018,458,8414,0,0.07821543
2018,458,8415,0,0.05707981
2018,458,8416,1,0.29193076
2018,458,8417,0,0.23003669
2018,458,8418,0,0.1282048
2018,458,8419,0,0.19123465
2018,458,8420,1,0.6856814
2018,458,8421,0,0.1036034
2018,458,8422,1,0.18507685
2018,458,8423,1,0.43232366
2018,458,8424,0,0.07004204
2018,458,8426,0,0.18835166
2018,458,8427,0,0.20272885
2018,458,8428,0,0.075922206
2018,458,8430,1,0.4205146
2018,458,8431,0,0.07680814
2018,458,8434,1,0.6137682
2018,458,8436,0,0.13819261
2018,458,8437,0,0.37249047
2018,458,8438,0,0.08610223
2018,458,8439,0,0.15337536
2018,458,8441,0,0.23290168
2018,458,8442,0,0.354791
2018,458,8443,0,0.115463905
2018,458,8445,1,0.5724628
2018,458,8447,1,0.53278357
2018,458,8448,1,0.14255595
2018,458,8451,0,0.36656216
2018,458,8452,0,0.18415873
2018,458,8454,1,0.23952144
2018,458,8455,0,0.24025731
2018,458,8456,1,0.08950738
2018,458,8458,0,0.27557853
2018,458,8459,0,0.24925016
2018,458,8460,0,0.3378625
2018,458,8462,1,0.25063702
2018,458,8463,0,0.18357447
2018,458,8464,0,0.17779729
2018,458,8465,1,0.24505939
2018,458,8466,1,0.113886595
2018,458,8468,0,0.34113222
2018,458,8470,1,0.22468986
2018,458,8471,0,0.038747195
2018,458,8472,1,0.1504137
2018,458,8473,1,0.11811572
2018,458,8474,0,0.15584263
2018,458,8475,0,0.22013663
2018,458,8476,0,0.17805007
2018,458,8477,0,0.14932968
2018,458,8478,1,0.17057084
2018,458,8479,0,0.08067786
2018,458,8480,1,0.25872204
2018,458,8481,0,0.09875743
2018,458,8482,0,0.08900102
2018,458,8484,0,0.08861401
2018,458,8485,1,0.30811197
2018,124,8401,1,0.5007806
2018,124,8402,1,0.25838688
2018,124,8403,0,0.11220064
2018,124,8404,0,0.27402535
2018,124,8405,1,0.3320817
2018,124,8406,1,0.26381952
2018,124,8407,0,0.06080588
2018,124,8408,0,0.14169875
2018,124,8409,0,0.08928961
2018,124,8410,0,0.30449626
2018,124,8411,0,0.062844284
2018,124,8412,0,0.050311357
2018,124,8413,0,0.14388527
2018,124,8414,0,0.16169389
2018,124,8415,0,0.11436614
2018,124,8416,0,0.15581612
2018,124,8417,0,0.14831701
2018,124,8418,0,0.14933327
2018,124,8419,0,0.18631053
2018,124,8420,0,0.19766352
2018,124,8421,0,0.13066891
2018,124,8422,0,0.11103434
2018,124,8423,0,0.14893492
2018,124,8424,0,0.17562243
2018,124,8425,0,0.18237361
2018,124,8426,0,0.116083615
2018,124,8427,0,0.09350418
2018,124,8428,0,0.1637728
2018,124,8429,0,0.16398376
2018,124,8430,0,0.10378071
2018,124,8431,0,0.032513343
2018,124,8432,0,0.07975959
2018,124,8433,0,0.08219549
2018,124,8434,0,0.67172325
2018,124,8436,0,0.0830891
2018,124,8437,0,0.25394005
2018,124,8438,0,0.10845883
2018,124,8439,0,0.1299206
2018,124,8440,1,0.27914864
2018,124,8441,0,0.12134984
2018,124,8442,0,0.31170666
2018,124,8443,1,0.1026977
2018,124,8445,1,0.5281789
2018,124,8447,0,0.54520327
2018,124,8448,1,0.24812324
2018,124,8451,0,0.27179345
2018,124,8452,1,0.3817017
2018,124,8453,0,0.21270683
2018,124,8454,0,0.13141294
2018,124,8455,0,0.21080722
2018,124,8456,1,0.16530728
2018,124,8457,1,0.171695
2018,124,8458,0,0.29051456
2018,124,8459,0,0.14087754
2018,124,8460,0,0.13691449
2018,124,8461,0,0.141119
2018,124,8462,0,0.13347156
2018,124,8463,1,0.14397661
2018,124,8464,0,0.11675077
2018,124,8465,0,0.11435252
2018,124,8466,0,0.048527963
2018,124,8467,0,0.2809089
2018,124,8468,0,0.22455756
2018,124,8470,0,0.26465106
2018,124,8471,0,0.052306373
2018,124,8472,0,0.24757998
2018,124,8473,0,0.12756465
2018,124,8474,0,0.10608479
2018,124,8475,1,0.36854038
2018,124,8476,0,0.1592643
2018,124,8477,0,0.13729434
2018,124,8479,0,0.07419666
2018,124,8480,0,0.11482702
2018,124,8481,0,0.095267974
2018,124,8482,0,0.075033166
2018,124,8483,0,0.100165576
2018,124,8484,0,0.094050355
2018,124,8485,0,0.51877546
2018,484,8402,0,0.36373046
2018,484,8403,0,0.25937614
2018,484,8404,0,0.40322968
2018,484,8405,0,0.37137735
2018,484,8406,0,0.26460004
2018,484,8407,0,0.07095119
2018,484,8408,0,0.081448145
2018,484,8409,0,0.086412236
2018,484,8411,0,0.088266954
2018,484,8412,0,0.057915967
2018,484,8413,0,0.13160855
2018,484,8414,0,0.12771246
2018,484,8415,0,0.091933295
2018,484,8416,0,0.16850586
2018,484,8417,0,0.46018428
2018,484,8418,0,0.13904545
2018,484,8419,0,0.14205562
2018,484,8420,0,0.36636195
2018,484,8421,0,0.1284367
2018,484,8422,0,0.15704007
2018,484,8423,0,0.20637584
2018,484,8424,0,0.12939529
2018,484,8425,0,0.16246872
2018,484,8426,1,0.22986226
2018,484,8427,0,0.23353195
2018,484,8428,0,0.14718902
2018,484,8429,1,0.22481482
2018,484,8430,1,0.38350165
2018,484,8431,0,0.050539527
2018,484,8432,1,0.38650298
2018,484,8433,0,0.07018776
2018,484,8434,0,0.24129635
2018,484,8436,0,0.15072364
2018,484,8437,0,0.21395698
2018,484,8438,0,0.13173787
2018,484,8439,1,0.2195607
2018,484,8441,0,0.1751828
2018,484,8442,0,0.41592935
2018,484,8443,0,0.11429917
2018,484,8450,0,0.2944919
2018,484,8451,0,0.20640524
2018,484,8452,0,0.41126615
2018,484,8453,0,0.46236485
2018,484,8454,1,0.62489426
2018,484,8455,0,0.364474
2018,484,8456,0,0.29705414
2018,484,8457,0,0.30050084
2018,484,8458,1,0.71305597
2018,484,8459,0,0.19523977
2018,484,8460,0,0.13034092
2018,484,8461,0,0.28303137
2018,484,8462,1,0.49162948
2018,484,8463,0,0.30050313
2018,484,8465,1,0.1411219
2018,484,8466,0,0.088990726
2018,484,8467,0,0.15111716
2018,484,8468,0,0.29644126
2018,484,8470,0,0.64484155
2018,484,8471,0,0.12468937
2018,484,8472,0,0.5201092
2018,484,8473,0,0.18159835
2018,484,8474,0,0.17305338
2018,484,8475,0,0.33170363
2018,484,8476,1,0.12974092
2018,484,8477,0,0.16253385
2018,484,8479,0,0.10926045
2018,484,8480,0,0.1698041
2018,484,8481,0,0.10743962
2018,484,8482,0,0.08697264
2018,484,8483,0,0.07991471
2018,484,8484,0,0.10258008
2018,484,8485,0,0.0827715
2018,757,8402,0,0.4355297
2018,757,8403,0,0.15083222
2018,757,8404,0,0.67901254
2018,757,8405,0,0.21458513
2018,757,8406,1,0.37446594
2018,757,8407,1,0.32324404
2018,757,8408,1,0.43306342
2018,757,8409,0,0.08420662
2018,757,8411,0,0.21200378
2018,757,8412,0,0.05495049
2018,757,8413,0,0.13439764
2018,757,8414,0,0.12025856
2018,757,8415,0,0.15238701
2018,757,8416,1,0.22001106
2018,757,8417,0,0.59714943
2018,757,8418,0,0.28043458
2018,757,8419,0,0.12554018
2018,757,8420,1,0.20203671
2018,757,8421,0,0.10541741
2018,757,8422,0,0.084988475
2018,757,8423,1,0.20633295
2018,757,8424,0,0.1439152
2018,757,8425,0,0.17986852
2018,757,8426,1,0.16110437
2018,757,8427,1,0.10752684
2018,757,8428,0,0.11977547
2018,757,8429,0,0.08427636
2018,757,8430,0,0.21689208
2018,757,8431,0,0.03712086
2018,757,8432,1,0.11739128
2018,757,8433,0,0.21082346
2018,757,8434,0,0.34056
2018,757,8435,0,0.31509212
2018,757,8436,0,0.14185534
2018,757,8437,0,0.46292806
2018,757,8438,0,0.10144965
2018,757,8439,0,0.16657795
2018,757,8440,0,0.16690724
2018,757,8441,0,0.0957051
2018,757,8442,0,0.29382265
2018,757,8443,0,0.088975936
2018,757,8444,1,0.38071904
2018,757,8445,1,0.38854027
2018,757,8446,1,0.16476066
2018,757,8447,1,0.5556479
2018,757,8448,1,0.063040674
2018,757,8449,1,0.6093976
2018,757,8450,0,0.3841424
2018,757,8451,0,0.15848227
2018,757,8452,1,0.2656302
2018,757,8453,1,0.35320738
2018,757,8454,0,0.17334338
2018,757,8455,0,0.3112121
2018,757,8456,1,0.1364613
2018,757,8457,1,0.16545726
2018,757,8458,0,0.18369415
2018,757,8459,1,0.121904165
2018,757,8460,0,0.10757427
2018,757,8461,0,0.17835726
2018,757,8462,0,0.10623485
2018,757,8463,0,0.115650624
2018,757,8464,0,0.100355186
2018,757,8465,0,0.113769114
2018,757,8466,0,0.03766888
2018,757,8467,0,0.31613338
2018,757,8468,0,0.2441718
2018,757,8470,0,0.29643393
2018,757,8471,0,0.0433889
2018,757,8472,0,0.17696734
2018,757,8473,0,0.15636785
2018,757,8474,0,0.13111764
2018,757,8475,1,0.18625954
2018,757,8476,1,0.16266017
2018,757,8477,0,0.11499523
2018,757,8478,1,0.7327815
2018,757,8479,0,0.06933127
2018,757,8480,0,0.11664635
2018,757,8481,0,0.11592011
2018,757,8482,0,0.08100415
2018,757,8483,0,0.09774267
2018,757,8484,0,0.07950228
2018,757,8485,0,0.111537375
2018,764,8403,0,0.24484009
2018,764,8405,0,0.334654
2018,764,8406,0,0.32716554
2018,764,8407,0,0.10336374
2018,764,8408,1,0.55369747
2018,764,8409,0,0.0819157
2018,764,8411,0,0.12385181
2018,764,8412,0,0.045563273
2018,764,8413,0,0.14532886
2018,764,8414,0,0.061764404
2018,764,8415,0,0.041521784
2018,764,8416,0,0.45272496
2018,764,8417,0,0.21437165
2018,764,8418,0,0.06063167
2018,764,8419,0,0.2935166
2018,764,8420,1,0.16910328
2018,764,8421,0,0.0944665
2018,764,8422,0,0.05421824
2018,764,8423,0,0.14159663
2018,764,8424,0,0.14176786
2018,764,8427,0,0.09952721
2018,764,8428,0,0.06151667
2018,764,8429,1,0.17337544
2018,764,8430,0,0.23993224
2018,764,8431,0,0.036203846
2018,764,8434,0,0.2793387
2018,764,8435,0,0.73364407
2018,764,8437,1,0.1515777
2018,764,8438,0,0.14101072
2018,764,8439,1,0.103117004
2018,764,8441,0,0.111112855
2018,764,8442,0,0.27340493
2018,764,8443,0,0.107091114
2018,764,8445,0,0.29429978
2018,764,8446,0,0.52922815
2018,764,8447,0,0.3467378
2018,764,8448,1,0.12645361
2018,764,8450,0,0.04670969
2018,764,8451,1,0.1286352
2018,764,8452,0,0.11242041
2018,764,8453,1,0.108668245
2018,764,8455,0,0.12416122
2018,764,8456,1,0.18589897
2018,764,8457,0,0.20557645
2018,764,8458,0,0.26120812
2018,764,8459,0,0.16318282
2018,764,8460,1,0.33588713
2018,764,8461,0,0.10746345
2018,764,8462,0,0.06962224
2018,764,8464,0,0.59220326
2018,764,8466,0,0.09755019
2018,764,8467,0,0.14439034
2018,764,8468,0,0.3076685
2018,764,8470,0,0.24476542
2018,764,8471,0,0.14958875
2018,764,8472,0,0.20476061
2018,764,8473,0,0.13526654
2018,764,8475,1,0.5102978
2018,764,8476,0,0.3054149
2018,764,8477,0,0.094464675
2018,764,8479,0,0.061938006
2018,764,8480,0,0.13428225
2018,764,8481,0,0.04544039
2018,764,8482,0,0.044576757
2018,764,8483,0,0.051353198
2018,764,8484,0,0.0488784
2018,764,8485,0,0.05708405
2018,752,8401,0,0.36544025
2018,752,8402,0,0.16535965
2018,752,8403,0,0.14614424
2018,752,8404,0,0.1757304
2018,752,8405,1,0.7923283
2018,752,8406,0,0.69715285
2018,752,8407,0,0.16582118
2018,752,8408,0,0.22240779
2018,752,8409,0,0.14546184
2018,752,8410,1,0.3308492
2018,752,8412,0,0.04520276
2018,752,8413,0,0.14603208
2018,752,8414,0,0.11786371
2018,752,8415,0,0.180865
2018,752,8416,1,0.31148592
2018,752,8417,1,0.15510684
2018,752,8418,0,0.221873
2018,752,8419,0,0.1159043
2018,752,8420,0,0.52306366
2018,752,8421,0,0.12590289
2018,752,8422,0,0.06722658
2018,752,8423,0,0.22626528
2018,752,8424,0,0.10479166
2018,752,8425,0,0.19429764
2018,752,8426,0,0.101774804
2018,752,8427,0,0.06465219
2018,752,8428,0,0.15067227
2018,752,8429,0,0.055343412
2018,752,8430,0,0.14117928
2018,752,8431,0,0.031950854
2018,752,8432,0,0.1498701
2018,752,8433,0,0.11964417
2018,752,8434,0,0.09807816
2018,752,8435,0,0.40519047
2018,752,8436,0,0.21352382
2018,752,8437,0,0.20304564
2018,752,8438,0,0.07962922
2018,752,8439,0,0.10161258
2018,752,8440,0,0.3492925
2018,752,8441,0,0.12577388
2018,752,8442,1,0.50682265
2018,752,8443,0,0.1289226
2018,752,8446,0,0.68197536
2018,752,8447,1,0.7884241
2018,752,8448,1,0.14486195
2018,752,8449,0,0.7060459
2018,752,8450,0,0.36619943
2018,752,8451,0,0.29438746
2018,752,8452,0,0.23180132
2018,752,8453,1,0.34818283
2018,752,8454,0,0.4254526
2018,752,8455,0,0.17106551
2018,752,8456,0,0.115287475
2018,752,8457,0,0.46604678
2018,752,8458,0,0.48228335
2018,752,8459,0,0.44592285
2018,752,8460,0,0.11182513
2018,752,8461,1,0.17909645
2018,752,8462,0,0.13447642
2018,752,8463,0,0.23659702
2018,752,8464,0,0.19771944
2018,752,8465,0,0.23480532
2018,752,8466,0,0.047778234
2018,752,8467,0,0.26304963
2018,752,8468,0,0.26042375
2018,752,8470,1,0.44007093
2018,752,8471,0,0.07115762
2018,752,8472,1,0.12242503
2018,752,8473,1,0.21767935
2018,752,8474,0,0.13491818
2018,752,8475,0,0.4053774
2018,752,8476,0,0.2989039
2018,752,8477,0,0.1517009
2018,752,8478,1,0.72030604
2018,752,8479,0,0.070707776
2018,752,8480,0,0.15353738
2018,752,8481,0,0.11395041
2018,752,8482,0,0.064082906
2018,752,8483,0,0.08841332
2018,752,8484,0,0.07986171
2018,752,8485,0,0.06798554
2018,372,8402,1,0.7517836
2018,372,8403,0,0.20341997
2018,372,8406,1,0.60647297
2018,372,8409,0,0.15051186
2018,372,8411,0,0.24465463
2018,372,8412,0,0.20034356
2018,372,8413,0,0.16521104
2018,372,8414,0,0.15845223
2018,372,8415,0,0.26981318
2018,372,8418,0,0.20856123
2018,372,8419,0,0.2259967
2018,372,8421,0,0.15429711
2018,372,8422,0,0.15064313
2018,372,8423,0,0.3811657
2018,372,8424,0,0.25916904
2018,372,8425,0,0.32562593
2018,372,8426,1,0.5855856
2018,372,8427,0,0.1609665
2018,372,8428,0,0.1796207
2018,372,8429,1,0.25246957
2018,372,8430,1,0.22315158
2018,372,8431,0,0.06436195
2018,372,8432,0,0.23722687
2018,372,8433,0,0.118685186
2018,372,8434,1,0.24460377
2018,372,8436,0,0.23505218
2018,372,8437,1,0.411966
2018,372,8438,0,0.24772191
2018,372,8441,0,0.23001264
2018,372,8443,0,0.1260009
2018,372,8448,0,0.12852585
2018,372,8450,0,0.42957154
2018,372,8451,1,0.26902127
2018,372,8456,0,0.38880685
2018,372,8457,1,0.47094184
2018,372,8462,1,0.24424204
2018,372,8463,0,0.21788348
2018,372,8465,1,0.24082807
2018,372,8466,0,0.17002235
2018,372,8467,0,0.31378073
2018,372,8468,0,0.260047
2018,372,8470,0,0.40757224
2018,372,8471,0,0.048853267
2018,372,8472,1,0.34822193
2018,372,8473,0,0.11983967
2018,372,8474,0,0.15526554
2018,372,8475,0,0.28047866
2018,372,8477,0,0.14575423
2018,372,8479,0,0.15876052
2018,372,8480,0,0.30173644
2018,372,8481,0,0.16671373
2018,372,8482,0,0.12320977
2018,372,8483,0,0.13907851
2018,372,8484,0,0.10574832
2018,372,8485,0,0.13299698
2018,40,8401,0,0.41299632
2018,40,8402,1,0.4856461
2018,40,8403,0,0.11424726
2018,40,8404,0,0.15757395
2018,40,8405,0,0.5790226
2018,40,8406,0,0.29545748
2018,40,8407,0,0.11989705
2018,40,8408,0,0.19618855
2018,40,8409,0,0.08753264
2018,40,8411,0,0.12106098
2018,40,8412,0,0.075766206
2018,40,8413,0,0.1451628
2018,40,8414,0,0.13114168
2018,40,8415,0,0.14343949
2018,40,8416,1,0.29918647
2018,40,8417,0,0.27347663
2018,40,8418,0,0.22078463
2018,40,8419,0,0.14837903
2018,40,8420,0,0.13507293
2018,40,8421,0,0.10901782
2018,40,8422,0,0.15857194
2018,40,8423,0,0.19784823
2018,40,8424,0,0.13031654
2018,40,8425,0,0.1498132
2018,40,8426,0,0.09624621
2018,40,8427,0,0.348669
2018,40,8428,0,0.1278586
2018,40,8429,0,0.14619733
2018,40,8430,0,0.13951015
2018,40,8431,0,0.043022566
2018,40,8432,0,0.1127486
2018,40,8433,0,0.1360916
2018,40,8435,0,0.22868149
2018,40,8436,0,0.12045282
2018,40,8438,0,0.08660725
2018,40,8439,0,0.13252468
2018,40,8440,0,0.1827995
2018,40,8441,0,0.1221093
2018,40,8442,1,0.30262563
2018,40,8443,0,0.08856852
2018,40,8444,1,0.8141514
2018,40,8445,0,0.33063602
2018,40,8446,0,0.30693573
2018,40,8447,0,0.23677477
2018,40,8448,0,0.12095614
2018,40,8449,0,0.31073505
2018,40,8450,0,0.39481306
2018,40,8451,0,0.17214997
2018,40,8453,0,0.47694045
2018,40,8454,0,0.15224786
2018,40,8455,0,0.18629049
2018,40,8456,0,0.105891116
2018,40,8457,0,0.24274547
2018,40,8458,0,0.13150707
2018,40,8459,0,0.09437891
2018,40,8460,1,0.12190845
2018,40,8461,0,0.23084901
2018,40,8462,0,0.10964527
2018,40,8463,1,0.13041247
2018,40,8464,0,0.14928648
2018,40,8465,0,0.10768034
2018,40,8466,0,0.061625913
2018,40,8467,0,0.27685797
2018,40,8468,0,0.25666478
2018,40,8470,1,0.3162093
2018,40,8471,0,0.055062015
2018,40,8472,0,0.36171427
2018,40,8473,0,0.12672754
2018,40,8474,0,0.124187894
2018,40,8475,1,0.31132603
2018,40,8476,0,0.13940153
2018,40,8477,0,0.12791571
2018,40,8478,0,0.24388619
2018,40,8479,0,0.07076928
2018,40,8480,0,0.11082141
2018,40,8481,0,0.08360238
2018,40,8482,0,0.09151114
2018,40,8483,0,0.092461735
2018,40,8484,0,0.100561395
2018,40,8485,0,0.09953954
2018,724,8401,0,0.6037135
2018,724,8402,0,0.28535464
2018,724,8403,1,0.54388815
2018,724,8404,1,0.47717947
2018,724,8405,1,0.7061369
2018,724,8407,0,0.129648
2018,724,8408,1,0.14877005
2018,724,8409,0,0.07165264
2018,724,8410,0,0.19339013
2018,724,8411,0,0.07717631
2018,724,8412,0,0.083881445
2018,724,8413,0,0.089438036
2018,724,8414,0,0.08844035
2018,724,8415,0,0.1308149
2018,724,8416,0,0.3141563
2018,724,8417,0,0.40722978
2018,724,8418,0,0.14386025
2018,724,8419,0,0.09956869
2018,724,8420,0,0.17634965
2018,724,8421,0,0.08302453
2018,724,8422,0,0.046885874
2018,724,8424,0,0.11588614
2018,724,8425,0,0.07480819
2018,724,8426,0,0.073102616
2018,724,8427,0,0.111823976
2018,724,8428,0,0.10407116
2018,724,8429,0,0.14452758
2018,724,8430,1,0.18181004
2018,724,8431,0,0.02320129
2018,724,8432,0,0.089084394
2018,724,8433,0,0.15267561
2018,724,8434,1,0.33709103
2018,724,8435,0,0.36543715
2018,724,8436,0,0.05876325
2018,724,8437,0,0.1180543
2018,724,8438,0,0.054117598
2018,724,8439,1,0.15938568
2018,724,8440,0,0.14927636
2018,724,8441,0,0.19820021
2018,724,8442,0,0.2853129
2018,724,8443,0,0.06278943
2018,724,8444,1,0.5293854
2018,724,8445,1,0.41981244
2018,724,8446,1,0.7047431
2018,724,8447,1,0.5705028
2018,724,8448,0,0.42243272
2018,724,8449,1,0.6037256
2018,724,8450,0,0.21768694
2018,724,8451,0,0.119761184
2018,724,8452,1,0.37244195
2018,724,8453,1,0.19876598
2018,724,8454,0,0.44030786
2018,724,8455,1,0.29702118
2018,724,8456,0,0.19272573
2018,724,8457,1,0.15732604
2018,724,8458,0,0.15625603
2018,724,8459,0,0.104005985
2018,724,8460,0,0.15146509
2018,724,8461,0,0.15649016
2018,724,8462,1,0.13133399
2018,724,8463,0,0.21789095
2018,724,8464,0,0.072862595
2018,724,8465,0,0.11119772
2018,724,8466,0,0.042050757
2018,724,8467,1,0.28720555
2018,724,8468,1,0.235005
2018,724,8470,0,0.30516523
2018,724,8471,0,0.053287335
2018,724,8472,1,0.20297623
2018,724,8473,0,0.11986342
2018,724,8474,0,0.06267275
2018,724,8475,1,0.56383616
2018,724,8476,0,0.22189867
2018,724,8477,0,0.104136676
2018,724,8478,0,0.16069111
2018,724,8479,0,0.045985375
2018,724,8480,1,0.103597045
2018,724,8481,0,0.06735563
2018,724,8482,0,0.07201229
2018,724,8483,0,0.08900576
2018,724,8484,0,0.076885566
2018,724,8485,0,0.07055528
