t,i,k4,label_observed_continuing,p_base,p,logit_correction
2016,842,8401,0,0.20706923,0.093454204,-0.92948735
2016,842,8402,0,0.19696847,0.1690875,-0.1867578
2016,842,8403,0,0.39065638,0.17543647,-1.1030233
2016,842,8404,0,0.49380934,0.42409283,-0.2812302
2016,842,8405,1,0.47246304,0.4232376,-0.19923723
2016,842,8406,1,0.27540496,0.30481893,0.14291598
2016,842,8407,0,0.10239765,0.097840466,-0.05058972
2016,842,8408,0,0.1153284,0.14154826,0.23494318
2016,842,8409,0,0.042223573,0.034054272,-0.22351657
2016,842,8410,1,0.34631073,0.44381028,0.4095834
2016,842,8411,0,0.12645079,0.0867336,-0.42147508
2016,842,8412,0,0.049313642,0.03634403,-0.31872112
2016,842,8413,0,0.1475131,0.11989907,-0.23914546
2016,842,8414,0,0.21610354,0.16919892,-0.3027961
2016,842,8415,0,0.05326391,0.039981462,-0.30077535
2016,842,8416,0,0.19420348,0.12050407,-0.5647408
2016,842,8417,0,0.21109493,0.16219918,-0.32361725
2016,842,8418,0,0.050341025,0.035450812,-0.3662321
2016,842,8419,0,0.17106743,0.13970688,-0.23964559
2016,842,8420,0,0.21213935,0.14431953,-0.46778935
2016,842,8421,0,0.15004951,0.115831114,-0.29830196
2016,842,8422,0,0.044696964,0.03402065,-0.2840517
2016,842,8423,0,0.12834339,0.07006365,-0.6700259
2016,842,8424,0,0.030533511,0.024280524,-0.23557961
2016,842,8425,0,0.09789866,0.06781451,-0.39996165
2016,842,8426,0,0.12802795,0.10865568,-0.18603803
2016,842,8427,0,0.11447319,0.10866898,-0.058567192
2016,842,8428,0,0.09776254,0.09856696,0.009086529
2016,842,8429,0,0.105054416,0.10105059,-0.043321118
2016,842,8430,0,0.08452756,0.08017731,-0.057577774
2016,842,8431,0,0.11418227,0.08104335,-0.37953964
2016,842,8432,0,0.2227123,0.14786962,-0.50147885
2016,842,8433,0,0.050165456,0.0403116,-0.22900811
2016,842,8434,0,0.32098472,0.22945908,-0.46211797
2016,842,8435,0,0.33318022,0.18697293,-0.7759642
2016,842,8436,0,0.13330533,0.08669353,-0.48264775
2016,842,8437,0,0.49252847,0.38395923,-0.44288838
2016,842,8438,0,0.03767482,0.030574422,-0.21617945
2016,842,8439,0,0.16087571,0.18610217,0.17618759
2016,842,8440,0,0.107596666,0.13003805,0.21490622
2016,842,8441,0,0.07526025,0.05639763,-0.30871755
2016,842,8442,0,0.4580173,0.30791885,-0.6415398
2016,842,8443,0,0.046189275,0.045342557,-0.019388903
2016,842,8444,0,0.59809005,0.6428701,0.19033012
2016,842,8446,0,0.1833031,0.22897851,0.28003883
2016,842,8447,0,0.19679534,0.22558871,0.17305557
2016,842,8449,0,0.22934799,0.38519228,0.7444296
2016,842,8450,0,0.13102356,0.06903301,-0.70970017
2016,842,8451,0,0.035128962,0.027245915,-0.26225913
2016,842,8452,0,0.13201787,0.09206114,-0.40549043
2016,842,8453,0,0.22655419,0.1560979,-0.45968163
2016,842,8454,1,0.15870176,0.20220108,0.2953257
2016,842,8455,0,0.14549452,0.14441939,-0.008674244
2016,842,8456,1,0.08452275,0.09365204,0.11258779
2016,842,8457,0,0.14584139,0.18630642,0.29340598
2016,842,8458,0,0.0819715,0.09210397,0.12764491
2016,842,8459,0,0.07519003,0.092154,0.22195596
2016,842,8460,1,0.13867892,0.13806279,-0.005167825
2016,842,8461,0,0.07698804,0.07561218,-0.019522171
2016,842,8462,0,0.09430544,0.10024273,0.06763279
2016,842,8463,1,0.34312496,0.3516587,0.03764294
2016,842,8464,0,0.08820326,0.11815228,0.32572812
2016,842,8465,0,0.08309451,0.11271159,0.3376879
2016,842,8466,0,0.036742438,0.035171293,-0.045332022
2016,842,8467,0,0.0350353,0.028753696,-0.20407848
2016,842,8468,0,0.124097064,0.08341023,-0.4426978
2016,842,8470,0,0.35239777,0.2549574,-0.46382862
2016,842,8471,0,0.03253723,0.022168355,-0.3943796
2016,842,8472,1,0.106622264,0.06718329,-0.505067
2016,842,8473,0,0.08511518,0.04505191,-0.67904884
2016,842,8474,0,0.07094659,0.065824404,-0.080434695
2016,842,8475,0,0.17453162,0.23842327,0.39250177
2016,842,8476,0,0.14484516,0.2243631,0.5351985
2016,842,8477,0,0.042099882,0.035289995,-0.18352929
2016,842,8478,0,0.57979226,0.4292514,-0.60682666
2016,842,8479,0,0.054887388,0.049649477,-0.10582264
2016,842,8480,0,0.17500688,0.085200734,-0.8231449
2016,842,8481,0,0.038789026,0.028381603,-0.32316536
2016,842,8482,0,0.027619576,0.0224434,-0.2128373
2016,842,8483,0,0.07623596,0.066960216,-0.13972561
2016,842,8484,0,0.07832834,0.05385519,-0.40081733
2016,842,8485,0,0.18803003,0.10549409,-0.674755
2016,276,8401,0,0.25176135,0.3770152,0.5870037
2016,276,8402,0,0.08811844,0.11913105,0.3361434
2016,276,8403,0,0.07621291,0.051766306,-0.4129106
2016,276,8404,0,0.18322456,0.29269922,0.61234117
2016,276,8405,1,0.39684913,0.43648863,0.16318597
2016,276,8406,1,0.1807397,0.21285257,0.20352818
2016,276,8407,0,0.08932479,0.09415635,0.05799733
2016,276,8408,0,0.055842984,0.07077417,0.25289083
2016,276,8409,0,0.035534054,0.042095527,0.17627634
2016,276,8410,1,0.29359818,0.1289477,-1.032323
2016,276,8411,0,0.09847029,0.072357535,-0.3366888
2016,276,8412,0,0.034035362,0.04184289,0.21463731
2016,276,8413,0,0.02287792,0.020088805,-0.13286
2016,276,8414,0,0.029185453,0.027902793,-0.046264
2016,276,8415,0,0.0338584,0.03754322,0.10712693
2016,276,8416,0,0.061806664,0.07383579,0.19073693
2016,276,8417,0,0.20029147,0.21302834,0.07770673
2016,276,8418,0,0.024348302,0.021916034,-0.10773348
2016,276,8419,0,0.13989191,0.10295817,-0.34859172
2016,276,8420,0,0.12290695,0.12735851,0.040666703
2016,276,8421,0,0.061915375,0.050276324,-0.2205651
2016,276,8422,0,0.08356563,0.062672846,-0.31024605
2016,276,8423,0,0.031057317,0.028562238,-0.08632053
2016,276,8424,0,0.026729342,0.024958951,-0.07034652
2016,276,8425,0,0.033815987,0.040153597,0.17835917
2016,276,8426,0,0.072277576,0.09081792,0.24852991
2016,276,8427,0,0.060516022,0.08095179,0.31293777
2016,276,8428,0,0.05046245,0.049083527,-0.029157154
2016,276,8429,0,0.061507333,0.08146743,0.30254447
2016,276,8430,0,0.053513575,0.06762301,0.24903244
2016,276,8431,0,0.02550138,0.035618883,0.34457982
2016,276,8432,0,0.07574909,0.077273436,0.021574473
2016,276,8433,0,0.07942139,0.066277914,-0.19508737
2016,276,8434,0,0.08195695,0.10386674,0.26106983
2016,276,8435,0,0.16662137,0.20281844,0.24099284
2016,276,8436,0,0.054925147,0.05701598,0.039575037
2016,276,8437,0,0.4321826,0.3382933,-0.39795738
2016,276,8438,0,0.028424628,0.023871325,-0.17925362
2016,276,8439,0,0.10896687,0.13793667,0.26880345
2016,276,8440,0,0.06074389,0.08587411,0.3733359
2016,276,8441,0,0.056921493,0.06159536,0.08388193
2016,276,8442,0,0.15809365,0.13481797,-0.18653326
2016,276,8443,0,0.031787653,0.040183056,0.24307626
2016,276,8444,0,0.24814361,0.28363702,0.18204606
2016,276,8445,0,0.11182237,0.1914181,0.6314382
2016,276,8446,0,0.21535496,0.23699287,0.12370645
2016,276,8447,0,0.13287796,0.15785381,0.20146446
2016,276,8448,0,0.051749997,0.06086601,0.1719105
2016,276,8449,0,0.21280137,0.22768165,0.08667289
2016,276,8450,0,0.116207644,0.07514386,-0.48139042
2016,276,8451,0,0.031035725,0.034459814,0.10819486
2016,276,8452,0,0.036148712,0.04538256,0.23711276
2016,276,8453,0,0.08068272,0.09893961,0.2240444
2016,276,8454,0,0.13476756,0.17102636,0.281076
2016,276,8455,0,0.3065132,0.19798371,-0.5824727
2016,276,8456,0,0.055913623,0.071858294,0.26792112
2016,276,8457,0,0.19165368,0.20293373,0.071242064
2016,276,8458,0,0.07515893,0.08236892,0.099429555
2016,276,8459,0,0.0620305,0.083037585,0.31431788
2016,276,8460,0,0.08057176,0.09885125,0.2245496
2016,276,8461,0,0.11289994,0.13647357,0.21656212
2016,276,8462,0,0.053164534,0.05914786,0.11298821
2016,276,8463,0,0.1395518,0.13240924,-0.060805112
2016,276,8464,0,0.070238285,0.0865261,0.22622609
2016,276,8465,0,0.04249682,0.05008811,0.1723143
2016,276,8466,0,0.046553478,0.057686277,0.22616258
2016,276,8467,0,0.033834588,0.030954106,-0.09195502
2016,276,8468,0,0.04787845,0.0691091,0.3895713
2016,276,8469,1,0.25792265,0.41176108,0.70010364
2016,276,8470,0,0.10673041,0.12074944,0.13922988
2016,276,8471,1,0.035181984,0.02908925,-0.19646052
2016,276,8472,0,0.0480342,0.04114398,-0.16204742
2016,276,8473,0,0.06749214,0.064678915,-0.04558814
2016,276,8474,0,0.0527901,0.056981318,0.08083443
2016,276,8475,0,0.14090955,0.16994102,0.22171077
2016,276,8476,0,0.14508583,0.15583818,0.08414944
2016,276,8477,0,0.045913063,0.049044337,0.069262385
2016,276,8478,0,0.09469599,0.19237356,0.82293856
2016,276,8479,0,0.04053521,0.0475984,0.16801685
2016,276,8480,0,0.10166798,0.07455265,-0.33994424
2016,276,8481,0,0.027596347,0.023189496,-0.17850576
2016,276,8482,0,0.030629395,0.03582859,0.16216393
2016,276,8483,0,0.09805664,0.0871292,-0.1301959
2016,276,8484,0,0.0377996,0.033361003,-0.12951319
2016,276,8485,0,0.044040516,0.046373155,0.05405382
2016,392,8401,0,0.5416125,0.50966346,-0.12817718
2016,392,8402,0,0.14311193,0.22293906,0.5410599
2016,392,8403,0,0.24819982,0.25979957,0.06122589
2016,392,8404,1,0.38762048,0.4676094,0.32758135
2016,392,8405,1,0.20986244,0.27178913,0.34019062
2016,392,8406,0,0.08170961,0.123928145,0.4635959
2016,392,8407,0,0.062932946,0.06316993,0.0040114806
2016,392,8408,0,0.071199164,0.08416603,0.18136944
2016,392,8409,0,0.033820327,0.036807906,0.08774747
2016,392,8411,0,0.064937904,0.051515933,-0.24579246
2016,392,8412,0,0.07512757,0.075818226,0.00989822
2016,392,8413,0,0.033549204,0.03193106,-0.051106945
2016,392,8414,0,0.0287695,0.027502224,-0.046352886
2016,392,8415,0,0.022628339,0.022850579,0.010000771
2016,392,8416,0,0.21727017,0.24073915,0.13301468
2016,392,8417,0,0.17007713,0.18683513,0.11437347
2016,392,8418,0,0.029570075,0.023817623,-0.22224735
2016,392,8419,0,0.09993704,0.0913819,-0.09895291
2016,392,8420,0,0.20511292,0.23901957,0.19657736
2016,392,8421,0,0.042003173,0.03552731,-0.17418057
2016,392,8422,0,0.044502508,0.040938534,-0.08719682
2016,392,8423,0,0.0633175,0.042642362,-0.41714624
2016,392,8424,0,0.03265166,0.02824911,-0.14937456
2016,392,8425,0,0.07701517,0.072334744,-0.06775602
2016,392,8426,0,0.13118027,0.16520314,0.27055046
2016,392,8427,0,0.031951945,0.042822253,0.30411756
2016,392,8428,0,0.105470434,0.09672898,-0.096242525
2016,392,8429,0,0.11424791,0.13971674,0.23042175
2016,392,8430,0,0.10060257,0.1286013,0.2771644
2016,392,8431,0,0.046027735,0.051256925,0.11310321
2016,392,8432,0,0.0965311,0.1724749,0.6681888
2016,392,8433,0,0.062039603,0.04247357,-0.3995367
2016,392,8434,0,0.21828674,0.25082746,0.18147442
2016,392,8435,0,0.3400454,0.29342982,-0.21569216
2016,392,8436,1,0.13274866,0.1314541,-0.0112915505
2016,392,8437,0,0.15527734,0.1617113,0.04824567
2016,392,8438,0,0.057636905,0.054085508,-0.06735817
2016,392,8439,0,0.2316612,0.27402675,0.22466731
2016,392,8440,0,0.10783197,0.12669897,0.18261394
2016,392,8441,0,0.06095292,0.068224356,0.12047328
2016,392,8442,0,0.15161133,0.14091358,-0.08570394
2016,392,8443,0,0.043589346,0.05510772,0.24659343
2016,392,8444,0,0.31427944,0.32263437,0.038496215
2016,392,8445,0,0.18553303,0.23312703,0.28856325
2016,392,8446,0,0.31154352,0.35580742,0.199305
2016,392,8447,0,0.11601759,0.14865837,0.2855327
2016,392,8448,0,0.07358356,0.09030075,0.22293411
2016,392,8449,1,0.7082199,0.7931632,0.4573444
2016,392,8451,0,0.064210705,0.066381305,0.03556772
2016,392,8452,0,0.052299354,0.07251438,0.3483622
2016,392,8453,0,0.27796265,0.32235608,0.21162505
2016,392,8454,0,0.15829372,0.17248845,0.102886
2016,392,8455,1,0.22618829,0.24579248,0.108780794
2016,392,8456,1,0.20334248,0.19799422,-0.033344723
2016,392,8457,0,0.15998465,0.18297079,0.16199395
2016,392,8458,0,0.11189952,0.121362455,0.091892675
2016,392,8459,0,0.13087563,0.1623221,0.2521877
2016,392,8460,0,0.13322766,0.1387009,0.04659501
2016,392,8461,0,0.11054566,0.14478038,0.30903924
2016,392,8462,0,0.11455867,0.14847231,0.29836553
2016,392,8463,0,0.17181945,0.20142603,0.19538148
2016,392,8464,0,0.2778405,0.2760245,-0.009069224
2016,392,8465,0,0.08602338,0.1010635,0.17772238
2016,392,8466,0,0.05590114,0.06141564,0.09993791
2016,392,8467,0,0.041306928,0.036507342,-0.12851079
2016,392,8468,1,0.10661279,0.13333109,0.25399488
2016,392,8469,1,0.6259502,0.7646149,0.66326714
2016,392,8470,0,0.10896328,0.10071621,-0.087917306
2016,392,8471,1,0.025172587,0.023005411,-0.09224683
2016,392,8472,0,0.05506052,0.045109786,-0.20980933
2016,392,8473,0,0.120723106,0.12483021,0.038137
2016,392,8474,0,0.15406956,0.14711621,-0.05436744
2016,392,8475,0,0.18311091,0.20504257,0.14034037
2016,392,8476,0,0.19973426,0.2577726,0.33037817
2016,392,8477,0,0.06477689,0.06924474,0.071487255
2016,392,8478,0,0.25365797,0.36734265,0.53556323
2016,392,8479,0,0.0930473,0.09962323,0.07556435
2016,392,8480,0,0.067103334,0.05651741,-0.18296841
2016,392,8481,0,0.03759058,0.03262848,-0.14671063
2016,392,8482,0,0.030976044,0.033881944,0.092671454
2016,392,8483,0,0.06278089,0.05620229,-0.11768785
2016,392,8484,0,0.042530056,0.03773628,-0.124583274
2016,392,8485,0,0.06633866,0.094218284,0.38115695
2016,156,8401,1,0.27343357,0.37969124,0.48641223
2016,156,8402,1,0.059666,0.084570765,0.37566835
2016,156,8403,1,0.28680632,0.20295525,-0.45697945
2016,156,8404,1,0.11738513,0.19387478,0.59240204
2016,156,8405,0,0.14299852,0.24797793,0.68117934
2016,156,8406,1,0.18649462,0.26125982,0.43351924
2016,156,8407,0,0.051330578,0.053354103,0.040799685
2016,156,8408,0,0.04838333,0.05767767,0.1855297
2016,156,8409,0,0.02158294,0.018503506,-0.15708548
2016,156,8411,0,0.07202172,0.05146698,-0.35793558
2016,156,8412,0,0.04245703,0.040067215,-0.060426638
2016,156,8413,0,0.03861169,0.026447034,-0.3909849
2016,156,8414,0,0.02411541,0.021251667,-0.12934595
2016,156,8415,0,0.022433931,0.017513463,-0.25262544
2016,156,8416,0,0.040470976,0.038469948,-0.05279084
2016,156,8417,0,0.09778781,0.071896255,-0.33586964
2016,156,8418,0,0.021084506,0.016423061,-0.25460267
2016,156,8419,0,0.17439327,0.12794673,-0.3644308
2016,156,8420,0,0.047886223,0.06144806,0.26371083
2016,156,8421,0,0.08637761,0.05958574,-0.40021542
2016,156,8422,0,0.02278511,0.01973265,-0.14695142
2016,156,8423,0,0.02913621,0.025113577,-0.15270807
2016,156,8424,0,0.024414077,0.021338739,-0.13778298
2016,156,8425,0,0.04159136,0.036099378,-0.14733087
2016,156,8426,0,0.12220747,0.08301685,-0.43035546
2016,156,8427,0,0.030827675,0.03430544,0.110485904
2016,156,8428,0,0.13976596,0.09015125,-0.49455425
2016,156,8430,0,0.1016787,0.0568844,-0.62945765
2016,156,8431,0,0.04717897,0.028888728,-0.50951076
2016,156,8432,0,0.027889997,0.029618682,0.061917003
2016,156,8433,0,0.019684099,0.020767814,0.05469917
2016,156,8434,0,0.058268614,0.07336399,0.24652876
2016,156,8436,0,0.020505188,0.022703841,0.104103446
2016,156,8439,0,0.08983711,0.11066266,0.23163526
2016,156,8440,0,0.04555783,0.060153335,0.29332483
2016,156,8441,0,0.027286816,0.030941011,0.1294428
2016,156,8442,0,0.07365148,0.08094837,0.10237548
2016,156,8443,0,0.024512267,0.027920231,0.13367778
2016,156,8444,0,0.184494,0.19298452,0.055459008
2016,156,8445,0,0.10234402,0.14869343,0.4265613
2016,156,8446,0,0.21134181,0.26708582,0.30739778
2016,156,8447,0,0.058985617,0.10476908,0.62434167
2016,156,8448,0,0.024595369,0.038806967,0.47071886
2016,156,8449,0,0.059377424,0.102984555,0.59813374
2016,156,8450,0,0.08745091,0.057124484,-0.45853698
2016,156,8451,0,0.01852496,0.020033346,0.07981735
2016,156,8452,0,0.013253642,0.019612174,0.3983428
2016,156,8453,0,0.04471352,0.09100015,0.7602515
2016,156,8454,0,0.063273564,0.09066246,0.38935068
2016,156,8455,0,0.079675585,0.11312621,0.38756445
2016,156,8456,0,0.025064899,0.033941776,0.31232488
2016,156,8457,0,0.05527938,0.07409791,0.31310812
2016,156,8458,0,0.036848307,0.03811735,0.035178382
2016,156,8459,0,0.029145123,0.042378295,0.3880731
2016,156,8460,0,0.02212298,0.026897516,0.20031175
2016,156,8461,0,0.03135371,0.051500965,0.5172868
2016,156,8462,0,0.02628086,0.03373626,0.2574183
2016,156,8463,0,0.04626695,0.06446976,0.3510387
2016,156,8464,0,0.06497344,0.07767679,0.19225721
2016,156,8465,0,0.044361446,0.04865901,0.09697352
2016,156,8466,0,0.023880675,0.026407778,0.103181414
2016,156,8467,0,0.020578722,0.019342702,-0.06320351
2016,156,8468,0,0.025159355,0.035609506,0.3581606
2016,156,8469,1,0.1776187,0.4685823,1.4067284
2016,156,8470,0,0.032235816,0.03232382,0.0028170764
2016,156,8471,0,0.027832782,0.024534052,-0.12953995
2016,156,8472,0,0.03676027,0.04058324,0.10291442
2016,156,8473,0,0.046784814,0.039324638,-0.18150334
2016,156,8475,0,0.16563734,0.18370922,0.12545097
2016,156,8476,0,0.06294833,0.07535143,0.19317341
2016,156,8477,0,0.023666246,0.024559438,0.037961654
2016,156,8478,0,0.111356094,0.18628629,0.60263956
2016,156,8479,0,0.026576012,0.03110334,0.16196796
2016,156,8480,0,0.05876405,0.045925356,-0.26006106
2016,156,8481,0,0.023100946,0.017567376,-0.27947843
2016,156,8482,0,0.01701453,0.016408596,-0.036878437
2016,156,8483,0,0.04138482,0.029544313,-0.34929886
2016,156,8484,0,0.05140795,0.031617276,-0.50673765
2016,380,8401,0,0.5473174,0.38306817,-0.66638315
2016,380,8403,0,0.088663734,0.07128446,-0.23706308
2016,380,8404,0,0.11643765,0.15379527,0.3214668
2016,380,8406,1,0.097327515,0.14651524,0.46507975
2016,380,8407,0,0.13095772,0.13259059,0.014272196
2016,380,8408,0,0.07405756,0.083675474,0.13254467
2016,380,8409,0,0.035370033,0.040704645,0.14602278
2016,380,8411,0,0.22145873,0.15432084,-0.44392052
2016,380,8412,0,0.059645392,0.06122272,0.027780177
2016,380,8413,0,0.03308413,0.025189148,-0.28077248
2016,380,8414,0,0.031253375,0.028440263,-0.097221054
2016,380,8415,0,0.040879644,0.043318287,0.0604884
2016,380,8416,0,0.07430807,0.093558475,0.25138214
2016,380,8417,0,0.0828948,0.103002355,0.23934852
2016,380,8418,0,0.027688038,0.022403866,-0.21718703
2016,380,8419,0,0.11202961,0.09252152,-0.21305344
2016,380,8420,0,0.14160195,0.14161167,7.991489e-05
2016,380,8421,0,0.0844396,0.05782074,-0.40734816
2016,380,8422,0,0.05673275,0.04046767,-0.35494474
2016,380,8423,0,0.04896465,0.037601784,-0.2759243
2016,380,8424,0,0.029817238,0.024569944,-0.19895662
2016,380,8425,0,0.06249994,0.06330153,0.013599312
2016,380,8426,0,0.07439014,0.08938466,0.19995782
2016,380,8427,0,0.09435494,0.10895472,0.16012108
2016,380,8428,0,0.058130134,0.052313857,-0.11157923
2016,380,8429,0,0.06316562,0.07907615,0.24178031
2016,380,8430,0,0.12032806,0.117459215,-0.027386561
2016,380,8431,0,0.029093554,0.035096887,0.19379827
2016,380,8432,0,0.04653187,0.049296923,0.060628362
2016,380,8433,0,0.046092793,0.040444333,-0.13663395
2016,380,8434,0,0.105897985,0.12026526,0.14342317
2016,380,8435,0,0.16073637,0.117506824,-0.36349535
2016,380,8436,0,0.054136895,0.048990503,-0.10531567
2016,380,8438,0,0.04667331,0.0385478,-0.1997607
2016,380,8439,0,0.1317242,0.15860824,0.21717888
2016,380,8440,0,0.11457057,0.12810561,0.12706856
2016,380,8441,0,0.059093732,0.05933479,0.0043271403
2016,380,8442,0,0.1819534,0.13979764,-0.31380308
2016,380,8443,0,0.033815872,0.04147048,0.2120057
2016,380,8444,0,0.45807293,0.61134994,0.62109315
2016,380,8445,0,0.15189123,0.22197755,0.4656651
2016,380,8446,0,0.17910638,0.23301736,0.33106235
2016,380,8447,0,0.10674264,0.13016714,0.22497223
2016,380,8448,0,0.06022228,0.07431445,0.22537178
2016,380,8449,0,0.18236838,0.24772726,0.38961273
2016,380,8450,0,0.14677095,0.11088563,-0.32157162
2016,380,8451,0,0.03043851,0.029978884,-0.015689021
2016,380,8453,0,0.06525606,0.07516719,0.15205546
2016,380,8454,1,0.20158301,0.24959552,0.2756591
2016,380,8455,0,0.38372755,0.25224933,-0.61289513
2016,380,8456,0,0.052286122,0.06935763,0.30072287
2016,380,8457,0,0.11010359,0.13947324,0.27001128
2016,380,8458,0,0.106711686,0.12915853,0.21635932
2016,380,8459,0,0.0784092,0.09936523,0.25986233
2016,380,8460,0,0.07184751,0.09652213,0.3221708
2016,380,8461,0,0.07632076,0.10807116,0.38282356
2016,380,8462,0,0.044773255,0.052597128,0.1692749
2016,380,8463,0,0.09002713,0.112286545,0.2457086
2016,380,8464,0,0.06699006,0.07711993,0.15173417
2016,380,8465,0,0.04591026,0.052628156,0.1436285
2016,380,8466,0,0.034071077,0.04199662,0.21737936
2016,380,8467,0,0.03189742,0.028482186,-0.11676783
2016,380,8468,0,0.08020765,0.095923595,0.19616687
2016,380,8469,1,0.5525032,0.7853818,1.0865192
2016,380,8470,0,0.49014854,0.5303072,0.1607884
2016,380,8471,1,0.036089376,0.031635292,-0.13633527
2016,380,8472,1,0.14000416,0.12362488,-0.14328694
2016,380,8473,0,0.05407452,0.050234515,-0.07771197
2016,380,8474,0,0.052060448,0.063802704,0.21585456
2016,380,8475,0,0.354653,0.21499324,-0.6964373
2016,380,8476,0,0.092395,0.12619162,0.3496769
2016,380,8477,0,0.037446793,0.03280849,-0.13704096
2016,380,8478,0,0.11832518,0.15054491,0.27805293
2016,380,8479,0,0.03836791,0.033975035,-0.12615316
2016,380,8480,0,0.1277232,0.088294186,-0.4134017
2016,380,8481,0,0.022970429,0.017196063,-0.2954201
2016,380,8482,0,0.043936994,0.051581502,0.16843428
2016,380,8483,0,0.06648793,0.055843152,-0.18581204
2016,380,8484,0,0.03826863,0.029828073,-0.2579187
2016,380,8485,0,0.048533965,0.051412046,0.060638186
2016,826,8401,1,0.27837,0.23966503,-0.20195545
2016,826,8402,1,0.13361734,0.14932165,0.12941512
2016,826,8403,0,0.5049447,0.4189552,-0.34684333
2016,826,8405,0,0.2833524,0.22841352,-0.2893982
2016,826,8406,1,0.39337078,0.43309677,0.16393776
2016,826,8407,0,0.059979964,0.06441208,0.07601677
2016,826,8408,0,0.069254026,0.08919659,0.27472082
2016,826,8409,0,0.029868402,0.030839577,0.032999177
2016,826,8411,0,0.058244094,0.05150751,-0.13004273
2016,826,8412,0,0.075113654,0.07271112,-0.035102397
2016,826,8413,0,0.035242517,0.029652018,-0.17850111
2016,826,8414,0,0.03370309,0.0315215,-0.06917476
2016,826,8415,0,0.046067815,0.044794172,-0.02937085
2016,826,8416,0,0.14128181,0.12563592,-0.13542436
2016,826,8417,1,0.083808444,0.1079233,0.27956033
2016,826,8418,0,0.032328136,0.026643014,-0.19926886
2016,826,8419,0,0.15829524,0.12317173,-0.29176414
2016,826,8420,0,0.14045614,0.19124174,0.3695448
2016,826,8421,0,0.08508518,0.061421424,-0.3514298
2016,826,8422,0,0.04321888,0.030108286,-0.3750869
2016,826,8423,0,0.041190114,0.034683656,-0.17869283
2016,826,8424,0,0.032375995,0.027756311,-0.1587168
2016,826,8425,0,0.07822346,0.058854684,-0.30529293
2016,826,8426,0,0.09818944,0.113354675,0.1605822
2016,826,8427,0,0.06354374,0.07392663,0.16249384
2016,826,8428,0,0.0850929,0.09447231,0.11486803
2016,826,8429,0,0.057468116,0.07337109,0.2613163
2016,826,8430,0,0.060057614,0.08125658,0.32511923
2016,826,8431,0,0.040369388,0.039816894,-0.014356156
2016,826,8432,0,0.07200506,0.08279245,0.15129305
2016,826,8433,0,0.15052688,0.11786641,-0.28231716
2016,826,8434,0,0.17629758,0.20229892,0.16964838
2016,826,8435,0,0.20525433,0.27947885,0.40672415
2016,826,8436,0,0.07262214,0.075502805,0.042010944
2016,826,8437,0,0.14794737,0.14384767,-0.032901816
2016,826,8438,0,0.042711638,0.039694466,-0.07640657
2016,826,8439,0,0.178035,0.21013746,0.20562063
2016,826,8440,0,0.14342827,0.16789684,0.1864964
2016,826,8441,0,0.10449423,0.08869102,-0.18146655
2016,826,8442,0,0.231358,0.20531397,-0.15274762
2016,826,8443,0,0.035259724,0.04759226,0.31279433
2016,826,8444,0,0.21394274,0.37407994,0.7865681
2016,826,8445,0,0.23481332,0.26356733,0.15382001
2016,826,8446,0,0.25511318,0.3327384,0.3756994
2016,826,8447,0,0.13466023,0.17947279,0.34044403
2016,826,8448,0,0.09887693,0.10448272,0.0613861
2016,826,8450,0,0.21738356,0.18101986,-0.2284737
2016,826,8451,0,0.057892933,0.057987634,0.0017350811
2016,826,8452,0,0.07237845,0.06682458,-0.0858071
2016,826,8453,0,0.21732354,0.24895014,0.17711277
2016,826,8454,0,0.21662822,0.19823113,-0.11196188
2016,826,8455,1,0.59422964,0.5172106,-0.31260887
2016,826,8456,0,0.07398709,0.090772375,0.22275712
2016,826,8457,0,0.22071359,0.29217955,0.37669086
2016,826,8458,0,0.10738056,0.15493317,0.42135936
2016,826,8459,0,0.09452399,0.12993714,0.35809243
2016,826,8460,0,0.13295747,0.15054135,0.14469734
2016,826,8461,0,0.15925966,0.18365976,0.17200069
2016,826,8462,0,0.13188684,0.14154375,0.08185097
2016,826,8463,1,0.23069009,0.2253633,-0.030261787
2016,826,8464,0,0.2292234,0.22611734,-0.017664565
2016,826,8466,0,0.03671537,0.042417385,0.1502998
2016,826,8467,0,0.03993705,0.034695726,-0.14613251
2016,826,8468,0,0.08225146,0.10661763,0.2863766
2016,826,8470,0,0.17409055,0.21463643,0.25970837
2016,826,8471,1,0.037977405,0.032807115,-0.1517059
2016,826,8472,1,0.05892127,0.059934136,0.018120984
2016,826,8473,0,0.060964756,0.06392583,0.05058607
2016,826,8474,0,0.0621413,0.06409648,0.03306554
2016,826,8475,0,0.1855938,0.20966974,0.15198174
2016,826,8476,0,0.1399992,0.14690693,0.056227267
2016,826,8477,0,0.04546617,0.05170076,0.13505694
2016,826,8478,0,0.14017315,0.21951704,0.5453694
2016,826,8479,0,0.03786472,0.03301786,-0.14199609
2016,826,8480,0,0.13148503,0.108968355,-0.21343063
2016,826,8481,0,0.050241683,0.034693938,-0.38651785
2016,826,8482,0,0.033240188,0.039552283,0.18041426
2016,826,8483,0,0.064237036,0.052366808,-0.21691228
2016,826,8484,0,0.035879154,0.028359935,-0.24294783
2016,826,8485,0,0.04627889,0.04609342,-0.004210305
2016,251,8401,0,0.21416387,0.43326867,1.0314794
2016,251,8402,0,0.25295636,0.3399339,0.41931778
2016,251,8403,0,0.13796486,0.102748565,-0.3347544
2016,251,8404,0,0.16545346,0.21706215,0.33532885
2016,251,8405,0,0.19625266,0.20635232,0.062827505
2016,251,8406,0,0.1750544,0.23665293,0.3791023
2016,251,8407,0,0.097621076,0.10391646,0.069494806
2016,251,8408,0,0.082690276,0.09926167,0.20088789
2016,251,8409,0,0.04350105,0.053668197,0.22072205
2016,251,8411,0,0.109520204,0.08876898,-0.23310788
2016,251,8412,0,0.08732542,0.08808722,0.009520973
2016,251,8413,0,0.034305815,0.033760715,-0.016581208
2016,251,8414,0,0.037991423,0.037129078,-0.023855912
2016,251,8415,0,0.039336763,0.043591086,0.10713159
2016,251,8416,0,0.086411074,0.092734724,0.077572994
2016,251,8417,1,0.116079316,0.13415155,0.16535394
2016,251,8418,0,0.035773203,0.032334633,-0.10461992
2016,251,8419,0,0.18532479,0.14927758,-0.25959876
2016,251,8420,0,0.23591943,0.24705756,0.060815476
2016,251,8421,0,0.07625227,0.06419155,-0.18514724
2016,251,8422,0,0.048518132,0.033158522,-0.39665172
2016,251,8423,0,0.078443,0.07123399,-0.10419428
2016,251,8424,0,0.037068147,0.033868335,-0.09359506
2016,251,8425,0,0.06321609,0.065450564,0.037124492
2016,251,8426,0,0.14863886,0.18011926,0.22977717
2016,251,8427,0,0.067491286,0.089157246,0.3019113
2016,251,8428,0,0.13629682,0.13938592,0.0259944
2016,251,8429,0,0.07732386,0.09055769,0.17243123
2016,251,8431,0,0.031936646,0.040951554,0.2579916
2016,251,8432,0,0.05910586,0.06499085,0.101190835
2016,251,8433,0,0.06160249,0.053590328,-0.14783551
2016,251,8434,0,0.1666926,0.15782003,-0.065287106
2016,251,8435,0,0.14037178,0.1839177,0.32217875
2016,251,8436,0,0.060811494,0.060516182,-0.00518222
2016,251,8438,0,0.041529942,0.033404116,-0.22617762
2016,251,8439,0,0.2574673,0.2919312,0.17315108
2016,251,8441,0,0.11442362,0.11149419,-0.029237622
2016,251,8442,0,0.20519239,0.16398652,-0.27470848
2016,251,8443,0,0.04488722,0.06777135,0.43623784
2016,251,8444,1,0.50993305,0.6499133,0.57892066
2016,251,8445,0,0.16396879,0.2170126,0.3458285
2016,251,8446,1,0.25595957,0.3192939,0.31005716
2016,251,8447,0,0.146437,0.18655401,0.29026535
2016,251,8448,0,0.10959946,0.12734061,0.17015912
2016,251,8449,0,0.31454217,0.25517732,-0.2922188
2016,251,8450,1,0.18982576,0.1486693,-0.29393354
2016,251,8451,0,0.040608592,0.04467565,0.0996971
2016,251,8452,0,0.10319003,0.124594815,0.21265188
2016,251,8453,0,0.117168576,0.15143609,0.2961388
2016,251,8454,0,0.14442794,0.19575249,0.36593363
2016,251,8455,0,0.22052652,0.23913622,0.10517973
2016,251,8456,0,0.12725046,0.16022158,0.26891088
2016,251,8457,0,0.25612655,0.30224356,0.22956234
2016,251,8458,0,0.24295203,0.278552,0.1849071
2016,251,8459,0,0.15884762,0.16810916,0.067739755
2016,251,8460,0,0.11304805,0.14810897,0.31046742
2016,251,8461,0,0.10955869,0.12593386,0.15785751
2016,251,8462,0,0.08525305,0.105695345,0.23753782
2016,251,8463,0,0.143225,0.17481051,0.23684818
2016,251,8464,0,0.16860598,0.17343451,0.03406028
2016,251,8465,0,0.08933972,0.0950493,0.068238996
2016,251,8466,0,0.05355705,0.06956873,0.27863032
2016,251,8467,0,0.049594227,0.0470145,-0.05612909
2016,251,8468,0,0.08923534,0.1190337,0.32139474
2016,251,8470,0,0.12164304,0.105379775,-0.16186629
2016,251,8471,1,0.036949914,0.027450498,-0.3069945
2016,251,8472,1,0.17075646,0.2292297,0.3676097
2016,251,8473,0,0.067203954,0.056848854,-0.17837587
2016,251,8475,0,0.2975979,0.31476775,0.08083992
2016,251,8476,1,0.3792502,0.20828451,-0.8425652
2016,251,8477,0,0.038310166,0.032900833,-0.1578265
2016,251,8479,0,0.04097557,0.04938515,0.1954814
2016,251,8480,0,0.11283831,0.0926712,-0.2193758
2016,251,8481,0,0.03147675,0.028022505,-0.119801454
2016,251,8482,0,0.04039293,0.04572785,0.12962776
2016,251,8483,0,0.080026135,0.069319196,-0.15520246
2016,251,8484,0,0.06474026,0.05719224,-0.13200322
2016,251,8485,0,0.07177571,0.08122356,0.1338897
2016,490,8402,1,0.3838314,0.40089074,0.071562015
2016,490,8403,0,0.5117337,0.59342754,0.3312095
2016,490,8404,1,0.3109405,0.38431662,0.32446006
2016,490,8405,0,0.35765958,0.28261057,-0.34601218
2016,490,8406,0,0.167483,0.27243352,0.621261
2016,490,8407,1,0.53389406,0.37582988,-0.6430708
2016,490,8408,1,0.22948943,0.2788624,0.26108494
2016,490,8409,0,0.042827442,0.034146097,-0.23555966
2016,490,8410,0,0.22269139,0.24588045,0.12934504
2016,490,8411,0,0.14911523,0.12532106,-0.20142055
2016,490,8412,0,0.14257373,0.14932373,0.054160975
2016,490,8413,0,0.029153476,0.027069842,-0.0762977
2016,490,8414,0,0.031087378,0.02650825,-0.1640608
2016,490,8415,0,0.045040537,0.043200884,-0.04362657
2016,490,8416,0,0.21731551,0.2190848,0.010371736
2016,490,8417,0,0.1686362,0.19236732,0.16062316
2016,490,8418,0,0.033819214,0.03102889,-0.088994175
2016,490,8419,0,0.11697465,0.11725021,0.0026649826
2016,490,8420,0,0.1852475,0.22334926,0.2349377
2016,490,8421,0,0.04386305,0.03879461,-0.12807794
2016,490,8422,0,0.037579335,0.03914675,0.042493194
2016,490,8423,0,0.058499817,0.050494127,-0.15563358
2016,490,8424,0,0.038393077,0.033157714,-0.15203132
2016,490,8425,0,0.112177856,0.1038585,-0.086382985
2016,490,8426,1,0.4583604,0.5128141,0.21821263
2016,490,8427,0,0.08906326,0.10093322,0.1382283
2016,490,8428,0,0.057608705,0.06677913,0.15749551
2016,490,8429,0,0.28314763,0.2585764,-0.12447951
2016,490,8430,0,0.13920498,0.18480764,0.33780023
2016,490,8431,0,0.080259755,0.093344696,0.16535978
2016,490,8432,0,0.12187511,0.09869553,-0.23701145
2016,490,8433,0,0.100107744,0.08121411,-0.22993615
2016,490,8434,0,0.20455264,0.21329814,0.05292085
2016,490,8435,0,0.16161437,0.23325582,0.45624763
2016,490,8436,0,0.10978775,0.11531417,0.055338815
2016,490,8437,0,0.08238176,0.080198176,-0.029240219
2016,490,8438,0,0.048411448,0.04947892,0.022932695
2016,490,8439,0,0.116344705,0.15312757,0.31723097
2016,490,8440,0,0.23337008,0.23794419,0.025394918
2016,490,8441,0,0.070421845,0.08447737,0.19721603
2016,490,8442,0,0.17114897,0.18713164,0.10874925
2016,490,8443,0,0.038869474,0.04730102,0.20513381
2016,490,8444,0,0.3235746,0.39312643,0.30320325
2016,490,8445,0,0.21028903,0.274619,0.3518719
2016,490,8446,0,0.27944785,0.3637077,0.38789448
2016,490,8447,0,0.101639636,0.11860901,0.17346886
2016,490,8448,0,0.07794019,0.09890597,0.26122823
2016,490,8449,0,0.28183472,0.3290916,0.22308235
2016,490,8450,0,0.13356048,0.099515736,-0.3327791
2016,490,8451,0,0.11081387,0.119620316,0.086424135
2016,490,8452,0,0.039164018,0.044772197,0.1396827
2016,490,8453,0,0.18453735,0.2656466,0.4690803
2016,490,8454,0,0.18245843,0.234943,0.31917194
2016,490,8455,0,0.16806653,0.26784605,0.59381396
2016,490,8456,1,0.27831224,0.41185305,0.5965386
2016,490,8457,0,0.14895311,0.16871472,0.14807194
2016,490,8458,0,0.109524526,0.13665678,0.2522671
2016,490,8459,0,0.09864679,0.13503155,0.35516685
2016,490,8460,0,0.13503164,0.17354846,0.2964993
2016,490,8461,0,0.12853627,0.09134584,-0.38334864
2016,490,8462,0,0.098798126,0.11676915,0.18726298
2016,490,8463,0,0.091731966,0.13085473,0.3992461
2016,490,8464,0,0.23334622,0.2394829,0.033995394
2016,490,8465,0,0.14877851,0.14653389,-0.01783536
2016,490,8466,0,0.07823799,0.083406165,0.06958958
2016,490,8467,0,0.06223291,0.052994046,-0.17050812
2016,490,8468,0,0.104432695,0.12403473,0.19414988
2016,490,8470,0,0.11796442,0.10907595,-0.08836534
2016,490,8471,1,0.047211748,0.041282263,-0.14041369
2016,490,8472,0,0.08953789,0.08991137,0.0045729466
2016,490,8473,0,0.0765201,0.06445902,-0.1844998
2016,490,8474,0,0.09313237,0.11688484,0.2537084
2016,490,8475,0,0.57570475,0.58796644,0.050399628
2016,490,8476,0,0.14044327,0.15582976,0.12202316
2016,490,8477,0,0.029733222,0.04046073,0.31918475
2016,490,8478,0,0.2646344,0.31945035,0.26571965
2016,490,8479,0,0.07593443,0.1261742,0.56369525
2016,490,8480,0,0.047922596,0.056366824,0.1712023
2016,490,8481,0,0.03487806,0.030140636,-0.15088037
2016,490,8482,0,0.03599923,0.041202854,0.14042258
2016,490,8483,0,0.056083556,0.06002177,0.07204552
2016,490,8484,0,0.035899885,0.030618683,-0.16458648
2016,490,8485,0,0.1187578,0.122707106,0.037205845
2016,702,8402,1,0.71131927,0.69521064,-0.077206224
2016,702,8403,1,0.23124203,0.33267266,0.5051896
2016,702,8404,1,0.6503862,0.81319356,0.8501589
2016,702,8406,1,0.5864525,0.6684439,0.35183612
2016,702,8407,1,0.14879987,0.16376434,0.11356298
2016,702,8409,0,0.057347294,0.051488295,-0.11396752
2016,702,8410,1,0.28315416,0.3207635,0.17860392
2016,702,8411,0,0.12000007,0.10472698,-0.1533425
2016,702,8412,0,0.08594423,0.09078704,0.06013015
2016,702,8413,0,0.038654596,0.039093737,0.011753653
2016,702,8414,0,0.024186213,0.025590943,0.057896283
2016,702,8416,1,0.22328144,0.1700958,-0.33830345
2016,702,8417,1,0.7515687,0.81493187,0.37538433
2016,702,8418,0,0.104654506,0.11695626,0.12497033
2016,702,8419,0,0.09885467,0.08880177,-0.11833801
2016,702,8420,1,0.20752162,0.3440749,0.6947424
2016,702,8421,0,0.039843116,0.03764797,-0.058954217
2016,702,8422,0,0.09330354,0.096959926,0.042480536
2016,702,8423,0,0.13512626,0.14217305,0.059016645
2016,702,8424,0,0.07006642,0.08244483,0.17608625
2016,702,8425,0,0.15737122,0.16721089,0.07239445
2016,702,8426,1,0.15733828,0.20860662,0.3448225
2016,702,8427,0,0.15708013,0.20953651,0.3523943
2016,702,8428,0,0.09929414,0.108268715,0.09654346
2016,702,8430,0,0.09747808,0.12990199,0.3237397
2016,702,8431,0,0.06782218,0.057602946,-0.17421876
2016,702,8432,0,0.23141366,0.1759762,-0.3435045
2016,702,8433,0,0.22990882,0.26673868,0.19759351
2016,702,8435,0,0.5044552,0.6121374,0.43848422
2016,702,8436,0,0.1531074,0.16438112,0.0844492
2016,702,8437,1,0.2065568,0.22526783,0.110579155
2016,702,8438,1,0.11881526,0.15290692,0.29171622
2016,702,8439,1,0.42867026,0.4532514,0.09973631
2016,702,8440,1,0.35206923,0.38389987,0.1369283
2016,702,8441,0,0.19733827,0.21499743,0.10795308
2016,702,8442,0,0.21836022,0.27605534,0.31113434
2016,702,8443,0,0.059638064,0.07725825,0.27777505
2016,702,8445,1,0.35556394,0.45165086,0.40066773
2016,702,8448,1,0.357481,0.52559245,0.6887734
2016,702,8449,0,0.3622278,0.15292618,-1.1461246
2016,702,8451,1,0.12087761,0.12736912,0.059722137
2016,702,8452,1,0.14557643,0.15989017,0.11068036
2016,702,8453,1,0.6778922,0.6961317,0.084842585
2016,702,8454,0,0.3652008,0.4187747,0.22505593
2016,702,8455,1,0.569562,0.6162053,0.19340809
2016,702,8456,1,0.1725798,0.14133118,-0.23682454
2016,702,8457,0,0.27568582,0.3013239,0.12496192
2016,702,8458,0,0.13801444,0.15263917,0.117830254
2016,702,8459,1,0.16794528,0.21692945,0.31660947
2016,702,8460,0,0.21402946,0.20757785,-0.038782153
2016,702,8461,0,0.1683982,0.21451607,0.29910696
2016,702,8462,0,0.16434982,0.2151615,0.33212376
2016,702,8463,0,0.21268792,0.27907744,0.35975635
2016,702,8464,0,0.3318439,0.37179282,0.17532377
2016,702,8465,0,0.16762763,0.23382849,0.41571677
2016,702,8466,0,0.11105965,0.16581981,0.46441507
2016,702,8467,0,0.074342534,0.08192189,0.105304636
2016,702,8468,1,0.24905613,0.24038215,-0.046933055
2016,702,8470,0,0.107704274,0.10459884,-0.03273102
2016,702,8471,0,0.02147272,0.023192378,0.078799285
2016,702,8472,0,0.10308109,0.14718854,0.40662536
2016,702,8473,0,0.103028744,0.08897528,-0.1621957
2016,702,8475,0,0.3772047,0.4505769,0.30308974
2016,702,8476,1,0.31397885,0.37317652,0.26296934
2016,702,8477,0,0.103782795,0.12729727,0.23081265
2016,702,8478,1,0.5260406,0.66489714,0.580938
2016,702,8479,0,0.09905284,0.0579363,-0.5809355
2016,702,8480,0,0.1000321,0.13191171,0.31270745
2016,702,8481,0,0.037662122,0.03594995,-0.04830486
2016,702,8482,0,0.03960696,0.0500884,0.24575835
2016,702,8483,0,0.053574722,0.054721575,0.022393133
2016,702,8484,0,0.06854478,0.1018392,0.4323067
2016,528,8401,1,0.46522543,0.3042837,-0.68765825
2016,528,8403,0,0.10215698,0.059839502,-0.58089995
2016,528,8404,0,0.230697,0.24879573,0.099334426
2016,528,8406,1,0.2673006,0.31666687,0.23922952
2016,528,8407,0,0.1800773,0.22872445,0.3002961
2016,528,8408,0,0.06255879,0.07463171,0.18942083
2016,528,8409,0,0.023718627,0.029974613,0.24051884
2016,528,8410,1,0.5123169,0.5724814,0.24270478
2016,528,8411,0,0.0965171,0.06980582,-0.35313883
2016,528,8412,0,0.04827388,0.054347135,0.12490289
2016,528,8413,0,0.026866289,0.023792595,-0.12465143
2016,528,8414,0,0.03455209,0.031821366,-0.08515452
2016,528,8415,0,0.045633506,0.051543813,0.12800224
2016,528,8416,0,0.10914296,0.11420011,0.05098654
2016,528,8417,1,0.17973873,0.23819187,0.35550052
2016,528,8418,0,0.033965167,0.025416853,-0.2987329
2016,528,8419,0,0.12959005,0.093616486,-0.3656676
2016,528,8420,0,0.20708007,0.23731348,0.17515141
2016,528,8421,0,0.08961551,0.068058625,-0.29856172
2016,528,8422,0,0.040333766,0.02779989,-0.385133
2016,528,8423,0,0.08744471,0.06734239,-0.28300607
2016,528,8424,0,0.028979618,0.024923585,-0.15494663
2016,528,8425,0,0.037163008,0.033147,-0.11852397
2016,528,8426,0,0.091236725,0.115337566,0.26128417
2016,528,8427,0,0.047754668,0.058669385,0.21736962
2016,528,8428,0,0.07658356,0.07860052,0.02818249
2016,528,8429,0,0.09049621,0.12965427,0.4035722
2016,528,8430,1,0.08194891,0.104051225,0.26315707
2016,528,8431,0,0.0341452,0.046037976,0.3112342
2016,528,8432,0,0.043441694,0.046681184,0.07531384
2016,528,8433,0,0.070347466,0.05544569,-0.25394505
2016,528,8434,0,0.1066933,0.10854465,0.019277891
2016,528,8435,0,0.15875651,0.20562255,0.315993
2016,528,8436,0,0.08488858,0.081654675,-0.04236828
2016,528,8437,0,0.15272973,0.14937834,-0.026135337
2016,528,8438,0,0.03775711,0.03134315,-0.19282144
2016,528,8439,0,0.19132152,0.24300332,0.30516234
2016,528,8440,0,0.098879986,0.1276772,0.28807724
2016,528,8441,0,0.06804134,0.076661,0.1285696
2016,528,8442,0,0.12466352,0.11640298,-0.077952765
2016,528,8443,0,0.043476474,0.05596609,0.2656694
2016,528,8444,0,0.17857502,0.2831869,0.5973239
2016,528,8445,1,0.54472697,0.6001366,0.22664663
2016,528,8446,1,0.64528143,0.72247106,0.35839036
2016,528,8447,0,0.23094803,0.28497183,0.28303424
2016,528,8448,0,0.18113062,0.20177597,0.13347487
2016,528,8449,0,0.44851363,0.52522624,0.3076688
2016,528,8450,0,0.20919165,0.17056626,-0.25181463
2016,528,8451,0,0.0911098,0.06534703,-0.3603044
2016,528,8452,0,0.11398348,0.138042,0.21903357
2016,528,8453,0,0.55364,0.5730175,0.07878423
2016,528,8454,1,0.24167459,0.3202639,0.39096117
2016,528,8455,1,0.31508714,0.30046332,-0.068650246
2016,528,8456,0,0.10693737,0.15049577,0.3916954
2016,528,8457,0,0.21467084,0.28125322,0.3587433
2016,528,8458,0,0.16718847,0.2025928,0.2355182
2016,528,8459,0,0.1033074,0.1291614,0.2526102
2016,528,8460,0,0.14371596,0.18652593,0.3120195
2016,528,8461,0,0.12485438,0.17038554,0.36434466
2016,528,8462,0,0.07061899,0.093327165,0.30354935
2016,528,8463,0,0.37307468,0.44797415,0.3101894
2016,528,8464,0,0.11194063,0.13060737,0.17547067
2016,528,8465,0,0.098317906,0.108333915,0.10818243
2016,528,8466,0,0.06761376,0.09285817,0.34471005
2016,528,8467,0,0.051569115,0.05129021,-0.0057169897
2016,528,8468,0,0.0790557,0.0896717,0.13759695
2016,528,8470,1,0.2204109,0.21315235,-0.042754073
2016,528,8471,0,0.03886209,0.03085721,-0.23894285
2016,528,8472,1,0.16431823,0.15833353,-0.04423731
2016,528,8473,0,0.05480125,0.059418958,0.085797854
2016,528,8474,0,0.08553403,0.13431302,0.50607556
2016,528,8475,1,0.21005888,0.26281065,0.2931595
2016,528,8476,0,0.23392405,0.19825315,-0.2109634
2016,528,8477,0,0.05950395,0.06369941,0.072603434
2016,528,8478,0,0.17670074,0.22633767,0.30975455
2016,528,8479,0,0.055754226,0.060930505,0.09427773
2016,528,8480,0,0.11796322,0.09351091,-0.25963995
2016,528,8481,0,0.028524192,0.025041196,-0.13380915
2016,528,8482,0,0.04584495,0.06283423,0.33320084
2016,528,8483,0,0.06480169,0.058140434,-0.11556784
2016,528,8484,0,0.059335735,0.04558191,-0.2782164
2016,528,8485,0,0.055950347,0.057369597,0.02655441
2016,410,8401,0,0.44309056,0.46472389,0.08728928
2016,410,8402,0,0.22585717,0.23392433,0.04557043
2016,410,8403,0,0.14183715,0.06950306,-0.7942336
2016,410,8404,1,0.15715025,0.2535917,0.60003906
2016,410,8406,1,0.28587085,0.37704754,0.41342482
2016,410,8407,0,0.07290161,0.056808557,-0.2666332
2016,410,8408,0,0.08917419,0.10170527,0.14534104
2016,410,8409,0,0.030815285,0.03245711,0.053604074
2016,410,8410,1,0.4088474,0.3016714,-0.47061926
2016,410,8411,0,0.07769235,0.062132727,-0.24021365
2016,410,8412,0,0.08139553,0.08018747,-0.016267398
2016,410,8413,0,0.033581704,0.032750655,-0.025918067
2016,410,8414,0,0.032859232,0.029676126,-0.1051758
2016,410,8415,0,0.025711726,0.02595462,0.009652007
2016,410,8416,1,0.44497377,0.44547203,0.0020171818
2016,410,8417,1,0.697716,0.6926796,-0.023768459
2016,410,8418,0,0.03415949,0.029514592,-0.1509532
2016,410,8419,1,0.100994244,0.08981818,-0.12963097
2016,410,8420,0,0.26169616,0.3495529,0.41616625
2016,410,8421,0,0.1906084,0.12794128,-0.47322357
2016,410,8422,0,0.06687657,0.056327727,-0.18290333
2016,410,8423,0,0.08562629,0.06918856,-0.23097432
2016,410,8424,1,0.04773714,0.050135802,0.051547863
2016,410,8425,0,0.07941801,0.074940555,-0.06288195
2016,410,8426,0,0.09249738,0.11736934,0.26593494
2016,410,8427,0,0.06226747,0.06441632,0.03622191
2016,410,8428,0,0.052703056,0.051256765,-0.029351456
2016,410,8429,0,0.056407783,0.078493424,0.35409188
2016,410,8431,0,0.036322974,0.043367047,0.18458587
2016,410,8432,0,0.19806553,0.18044703,-0.11489281
2016,410,8433,0,0.1203256,0.10171991,-0.18890847
2016,410,8434,0,0.25074482,0.23844297,-0.06659107
2016,410,8435,0,0.18323682,0.22568657,0.26174027
2016,410,8436,0,0.1132826,0.11906224,0.056300063
2016,410,8437,0,0.107934676,0.12701955,0.18444094
2016,410,8438,0,0.1290455,0.10243462,-0.2610366
2016,410,8439,1,0.24697384,0.30049208,0.2698618
2016,410,8440,0,0.36306238,0.36889035,0.025116853
2016,410,8441,0,0.08113768,0.077795215,-0.04569868
2016,410,8442,0,0.5092818,0.44257262,-0.26785928
2016,410,8443,0,0.048184697,0.063884,0.29865918
2016,410,8444,1,0.37897414,0.495661,0.47654814
2016,410,8445,0,0.3718147,0.42999476,0.2425671
2016,410,8446,0,0.2027181,0.2714716,0.38222277
2016,410,8447,0,0.1610324,0.18007036,0.1346957
2016,410,8448,0,0.089734994,0.09708508,0.08683447
2016,410,8449,1,0.58361596,0.7423809,0.7207452
2016,410,8450,0,0.09937239,0.07947113,-0.24533686
2016,410,8451,0,0.055042528,0.037386242,-0.40531573
2016,410,8452,0,0.085769854,0.11083646,0.28418946
2016,410,8453,0,0.22774638,0.27441207,0.24872907
2016,410,8454,1,0.7300107,0.7344697,0.022742905
2016,410,8455,0,0.16688228,0.18191329,0.10444803
2016,410,8456,1,0.19816041,0.20095177,0.017475419
2016,410,8457,0,0.18050916,0.19559938,0.098872736
2016,410,8458,0,0.08460676,0.110040545,0.2910126
2016,410,8459,0,0.108107075,0.14260906,0.31643695
2016,410,8460,0,0.18293859,0.25018105,0.39891696
2016,410,8461,1,0.21660058,0.23426323,0.10119467
2016,410,8462,0,0.13516718,0.1442255,0.075394854
2016,410,8463,0,0.114345536,0.13006218,0.14669283
2016,410,8464,0,0.3463962,0.36134836,0.06540135
2016,410,8465,0,0.17957562,0.19899537,0.12664011
2016,410,8466,0,0.083432876,0.08353668,0.0013566611
2016,410,8467,0,0.059192155,0.05149946,-0.14736104
2016,410,8468,0,0.28285298,0.31778178,0.16636884
2016,410,8470,1,0.20589279,0.18016332,-0.16537847
2016,410,8471,1,0.050446197,0.046349958,-0.088991635
2016,410,8472,1,0.11502846,0.10312867,-0.122559
2016,410,8473,0,0.122563615,0.11629868,-0.05958327
2016,410,8474,1,0.23650284,0.13753982,-0.66392636
2016,410,8475,0,0.6260731,0.6199017,-0.026275793
2016,410,8476,1,0.18610232,0.24255137,0.33679587
2016,410,8477,0,0.05033283,0.061419956,0.21082067
2016,410,8478,0,0.76447004,0.7178308,-0.24361792
2016,410,8479,0,0.09811606,0.11445414,0.17230459
2016,410,8480,0,0.057711706,0.05552732,-0.040900357
2016,410,8481,0,0.028926687,0.026582994,-0.08690357
2016,410,8482,0,0.042767063,0.043167852,0.0097466
2016,410,8483,0,0.06262211,0.05801061,-0.08140003
2016,410,8484,0,0.07075916,0.062327325,-0.13591504
2016,458,8404,0,0.3720799,0.42907396,0.23767392
2016,458,8405,0,0.6892794,0.65595293,-0.1514422
2016,458,8407,0,0.35446268,0.3547136,0.0010963099
2016,458,8408,0,0.12209631,0.11976842,-0.02189829
2016,458,8409,0,0.1106488,0.10870069,-0.019951021
2016,458,8410,1,0.5611722,0.68516773,0.53170305
2016,458,8411,0,0.09966845,0.0927505,-0.07959065
2016,458,8412,0,0.15864487,0.14484747,-0.10725293
2016,458,8413,0,0.11132045,0.10725467,-0.0417717
2016,458,8414,0,0.03767741,0.038109574,0.011854008
2016,458,8415,0,0.036479224,0.042777754,0.1658338
2016,458,8416,0,0.23192422,0.3403627,0.5357994
2016,458,8417,1,0.35367072,0.4202176,0.28106257
2016,458,8418,0,0.051567234,0.04674829,-0.10317682
2016,458,8419,0,0.11730896,0.14616938,0.25319746
2016,458,8420,1,0.41607475,0.4424599,0.10772338
2016,458,8421,0,0.078609854,0.06173167,-0.25985232
2016,458,8422,1,0.15902229,0.17263196,0.09843315
2016,458,8423,0,0.13235559,0.14553808,0.110255584
2016,458,8424,0,0.07532185,0.074550055,-0.011133944
2016,458,8425,0,0.16489927,0.19956933,0.2332293
2016,458,8426,0,0.17337164,0.24244611,0.42260244
2016,458,8427,0,0.2567793,0.29079732,0.17126122
2016,458,8428,0,0.089469716,0.10903977,0.2195398
2016,458,8430,1,0.46550074,0.50551915,0.16029416
2016,458,8431,1,0.13116106,0.13858664,0.06365287
2016,458,8432,0,0.5937609,0.6612202,0.28920162
2016,458,8433,1,0.29277873,0.3163134,0.11116028
2016,458,8435,0,0.32285023,0.5252107,0.84163225
2016,458,8436,0,0.094574384,0.10154227,0.07881402
2016,458,8437,0,0.31272504,0.4089169,0.41896534
2016,458,8439,1,0.47913164,0.49131662,0.048784755
2016,458,8441,0,0.09470364,0.124846734,0.31019783
2016,458,8442,0,0.46701494,0.4987595,0.12717016
2016,458,8443,0,0.10394381,0.1211263,0.17234524
2016,458,8444,1,0.64712214,0.636435,-0.046489067
2016,458,8445,1,0.76285106,0.7699835,0.039843544
2016,458,8446,1,0.3618462,0.61438197,1.0331297
2016,458,8447,0,0.4606637,0.44990498,-0.043383557
2016,458,8448,0,0.12957495,0.15902492,0.23922116
2016,458,8451,0,0.17257597,0.16885762,-0.026265517
2016,458,8452,0,0.40477538,0.46705663,0.25364193
2016,458,8453,0,0.25338495,0.55864674,1.3163115
2016,458,8454,0,0.20549105,0.23992738,0.1992441
2016,458,8455,0,0.27473953,0.32245955,0.22821581
2016,458,8456,0,0.22469732,0.25280318,0.15478194
2016,458,8457,0,0.23845136,0.33653092,0.48239645
2016,458,8458,0,0.218842,0.24856213,0.16613169
2016,458,8459,0,0.1613607,0.1350394,-0.20897885
2016,458,8460,1,0.5211149,0.6055174,0.3439982
2016,458,8462,0,0.22899318,0.24154757,0.0697913
2016,458,8463,0,0.18673219,0.29691324,0.6093446
2016,458,8464,0,0.17524174,0.23892769,0.39035657
2016,458,8465,0,0.28948754,0.3319693,0.19858253
2016,458,8466,0,0.2073763,0.26498657,0.32060397
2016,458,8467,0,0.08579109,0.089484826,0.04620252
2016,458,8468,0,0.1728459,0.1826757,0.067267194
2016,458,8469,1,0.28905556,0.23858613,-0.26047125
2016,458,8470,0,0.16044524,0.1397554,-0.16240396
2016,458,8471,1,0.024274103,0.02529649,0.042303942
2016,458,8472,1,0.22615914,0.18929656,-0.22446012
2016,458,8473,0,0.11392556,0.09870223,-0.16047232
2016,458,8474,0,0.10590506,0.12825881,0.21682641
2016,458,8475,0,0.3159638,0.42200157,0.45782107
2016,458,8476,0,0.31225035,0.3688158,0.25231928
2016,458,8477,1,0.096205406,0.12318916,0.2775464
2016,458,8479,0,0.119505346,0.16662438,0.38738033
2016,458,8480,0,0.079562195,0.10257751,0.27940235
2016,458,8481,0,0.04639566,0.035484113,-0.27949834
2016,458,8482,0,0.07491358,0.0902411,0.2028573
2016,458,8484,0,0.099069595,0.10510843,0.06589527
2016,458,8485,0,0.14763376,0.15491253,0.05670226
2016,124,8401,0,0.6580882,0.586778,-0.30412465
2016,124,8402,0,0.3311074,0.32443938,-0.030263446
2016,124,8403,0,0.18272305,0.17774615,-0.03368639
2016,124,8404,0,0.2862152,0.30639493,0.09680968
2016,124,8405,0,0.49677628,0.4218419,-0.30232167
2016,124,8406,0,0.29307267,0.2761995,-0.08288515
2016,124,8407,0,0.13322738,0.1283551,-0.042862006
2016,124,8408,0,0.18627511,0.1778888,-0.05631937
2016,124,8409,0,0.054242842,0.047898278,-0.13107756
2016,124,8410,1,0.24291728,0.19059211,-0.30941588
2016,124,8411,0,0.086198054,0.067994945,-0.2569386
2016,124,8412,0,0.09575042,0.08447376,-0.13769759
2016,124,8413,0,0.048830517,0.023675842,-0.75000256
2016,124,8414,0,0.051512435,0.04910058,-0.050492086
2016,124,8415,0,0.10095574,0.08967625,-0.1309443
2016,124,8416,0,0.20655979,0.18189205,-0.15779272
2016,124,8417,0,0.15671194,0.12197419,-0.2909672
2016,124,8418,0,0.07355785,0.032679405,-0.85450566
2016,124,8419,0,0.16296129,0.093145736,-0.63945866
2016,124,8420,0,0.2380753,0.186745,-0.30803996
2016,124,8421,0,0.114860654,0.07560547,-0.46158507
2016,124,8422,0,0.09076984,0.07975733,-0.14137739
2016,124,8423,0,0.16301061,0.12697868,-0.29194477
2016,124,8424,0,0.06662684,0.052103195,-0.26132172
2016,124,8425,0,0.08381513,0.056191556,-0.42955214
2016,124,8426,0,0.23992881,0.2032551,-0.2130029
2016,124,8427,0,0.23161167,0.22951727,-0.011806007
2016,124,8428,0,0.06589613,0.03861287,-0.5632837
2016,124,8429,0,0.19343771,0.20738038,0.08703688
2016,124,8430,0,0.19586898,0.19264072,-0.020625677
2016,124,8431,0,0.094049804,0.07612454,-0.23104657
2016,124,8432,0,0.15025467,0.13999416,-0.08273351
2016,124,8433,0,0.10365671,0.074334525,-0.3646983
2016,124,8434,0,0.24999774,0.24502565,-0.026696397
2016,124,8435,1,0.28378782,0.27405006,-0.048420686
2016,124,8436,0,0.10810297,0.10358724,-0.047720455
2016,124,8437,0,0.5158369,0.48190245,-0.13579065
2016,124,8438,0,0.09654918,0.062718116,-0.4681646
2016,124,8439,0,0.24777713,0.24809365,0.0016975468
2016,124,8440,0,0.2978522,0.28823447,-0.046427708
2016,124,8441,0,0.21019202,0.15313898,-0.38642225
2016,124,8442,0,0.22260834,0.19589387,-0.16162787
2016,124,8443,0,0.10861046,0.12157672,0.12743075
2016,124,8445,0,0.3341715,0.3318248,-0.0105655175
2016,124,8448,0,0.18883795,0.1836551,-0.0341988
2016,124,8449,1,0.80691373,0.74334604,-0.3666466
2016,124,8451,0,0.12014205,0.088183835,-0.34492916
2016,124,8452,0,0.17406431,0.14111221,-0.24899074
2016,124,8453,0,0.3860934,0.33737704,-0.21124157
2016,124,8454,0,0.20720477,0.14534879,-0.4296996
2016,124,8455,0,0.28389025,0.21671963,-0.35964054
2016,124,8456,1,0.3628189,0.33209908,-0.1355564
2016,124,8457,0,0.25382254,0.245471,-0.044586785
2016,124,8458,0,0.3953293,0.38360405,-0.049313717
2016,124,8459,0,0.25035807,0.24221268,-0.043882918
2016,124,8460,0,0.19842821,0.2085653,0.06255182
2016,124,8461,0,0.27208188,0.25534284,-0.08623126
2016,124,8462,0,0.20067656,0.18213804,-0.11985738
2016,124,8463,0,0.22439167,0.21059944,-0.0810612
2016,124,8464,0,0.22150993,0.21757734,-0.022951847
2016,124,8465,0,0.1119999,0.10642459,-0.057320103
2016,124,8466,0,0.09602944,0.07163585,-0.31968632
2016,124,8467,0,0.08301656,0.06466018,-0.26971504
2016,124,8468,0,0.20082815,0.2027455,0.011903915
2016,124,8470,0,0.21788,0.2049924,-0.07731496
2016,124,8471,0,0.037076134,0.029992022,-0.21937208
2016,124,8472,0,0.13609017,0.12352098,-0.111350976
2016,124,8473,0,0.105240464,0.07982372,-0.3044375
2016,124,8474,0,0.15650627,0.14706418,-0.07335894
2016,124,8475,0,0.2878618,0.27316856,-0.072814085
2016,124,8476,0,0.22560373,0.20776178,-0.10516636
2016,124,8477,0,0.06979883,0.061226476,-0.14021076
2016,124,8478,0,0.43528903,0.43943423,0.016845243
2016,124,8479,0,0.10618176,0.084914826,-0.24701838
2016,124,8480,0,0.15278362,0.14206976,-0.08527116
2016,124,8481,0,0.043547433,0.031803675,-0.32647246
2016,124,8482,0,0.07794939,0.066034675,-0.17871895
2016,124,8483,0,0.07247294,0.048526883,-0.42658484
2016,124,8484,0,0.118186146,0.09932995,-0.19497183
2016,124,8485,0,0.13463491,0.1071585,-0.25951532
2016,484,8402,1,0.5060397,0.49611452,-0.03970235
2016,484,8403,0,0.25046945,0.2870487,0.18634878
2016,484,8404,0,0.4265005,0.41982856,-0.027333712
2016,484,8405,1,0.31675857,0.29621547,-0.09667675
2016,484,8406,1,0.27628767,0.22596465,-0.26828757
2016,484,8407,1,0.24021168,0.21997575,-0.11428846
2016,484,8408,0,0.15800779,0.15851389,0.0037991805
2016,484,8409,0,0.08509509,0.0677254,-0.24711533
2016,484,8410,0,0.5551942,0.4635574,-0.3677095
2016,484,8411,0,0.11801125,0.09959644,-0.19031736
2016,484,8412,0,0.26077983,0.24068677,-0.106998704
2016,484,8413,0,0.064829074,0.034668516,-0.6576645
2016,484,8414,0,0.05948239,0.03657629,-0.51034313
2016,484,8415,0,0.12896559,0.07291207,-0.6326583
2016,484,8416,0,0.28386337,0.27114847,-0.06342553
2016,484,8417,1,0.26390958,0.27868435,0.074749276
2016,484,8418,0,0.06537792,0.05068813,-0.27008805
2016,484,8419,0,0.1494646,0.11033129,-0.34855515
2016,484,8420,0,0.63387656,0.63282216,-0.0045406325
2016,484,8421,0,0.1426408,0.118557476,-0.21263447
2016,484,8423,0,0.14003566,0.11750141,-0.2013129
2016,484,8424,0,0.08763129,0.0709811,-0.22880933
2016,484,8425,0,0.11121239,0.10800536,-0.032862637
2016,484,8426,0,0.25281325,0.2225631,-0.1671278
2016,484,8427,0,0.6870618,0.68629235,-0.003576029
2016,484,8428,0,0.14869224,0.12902988,-0.16466849
2016,484,8429,0,0.36832818,0.3470331,-0.09271053
2016,484,8430,0,0.2633874,0.23484093,-0.15273915
2016,484,8431,0,0.15152158,0.124016635,-0.23221496
2016,484,8432,0,0.18434364,0.108411275,-0.6198812
2016,484,8433,0,0.17244607,0.14833292,-0.17934673
2016,484,8434,0,0.24209285,0.24350178,0.0076636183
2016,484,8436,0,0.16978383,0.13871028,-0.23888354
2016,484,8438,0,0.14009477,0.10596882,-0.3180927
2016,484,8439,1,0.6363362,0.62477356,-0.049637567
2016,484,8441,0,0.3069049,0.21387115,-0.48711777
2016,484,8442,0,0.20549797,0.17063653,-0.22884329
2016,484,8443,0,0.098286755,0.08754451,-0.12758471
2016,484,8448,1,0.19846603,0.17491125,-0.15530285
2016,484,8450,0,0.541482,0.4040073,-0.5551058
2016,484,8451,0,0.25612098,0.082330756,-1.3448639
2016,484,8453,1,0.5019228,0.47283867,-0.11644354
2016,484,8454,1,0.31251162,0.32412636,0.05353056
2016,484,8455,0,0.26276362,0.23120932,-0.16984151
2016,484,8456,1,0.24622488,0.19752035,-0.2830161
2016,484,8457,0,0.2999345,0.29815832,-0.008473545
2016,484,8458,1,0.323909,0.32342735,-0.002200336
2016,484,8459,0,0.24825312,0.15650773,-0.5764946
2016,484,8460,0,0.22662501,0.22396985,-0.015212654
2016,484,8461,0,0.41942263,0.38845795,-0.12865488
2016,484,8462,0,0.23982807,0.23431073,-0.03050592
2016,484,8464,1,0.5993597,0.53025407,-0.28163365
2016,484,8465,0,0.20276971,0.16381538,-0.26103678
2016,484,8466,0,0.15704837,0.12990977,-0.22140104
2016,484,8467,0,0.13134705,0.0988254,-0.32124358
2016,484,8468,0,0.17961681,0.18015678,0.003660187
2016,484,8470,0,0.17490712,0.13252552,-0.3275699
2016,484,8471,0,0.06711321,0.056510534,-0.18325524
2016,484,8472,0,0.1735101,0.15900385,-0.10470692
2016,484,8473,0,0.11553169,0.093698956,-0.23384261
2016,484,8474,0,0.21806103,0.2059366,-0.072593264
2016,484,8476,0,0.21100543,0.200561,-0.06391629
2016,484,8477,0,0.14209652,0.072147645,-0.75617296
2016,484,8479,0,0.23593295,0.14254239,-0.6192244
2016,484,8480,1,0.28353262,0.23617111,-0.24678166
2016,484,8481,0,0.073025234,0.037588052,-0.70163506
2016,484,8482,0,0.1041611,0.0749853,-0.3606957
2016,484,8483,0,0.08376988,0.071689814,-0.16882326
2016,484,8484,0,0.17324734,0.10337001,-0.597543
2016,484,8485,0,0.4964497,0.3964644,-0.40601727
2016,757,8403,0,0.23686624,0.107438534,-0.9472387
2016,757,8404,0,0.39629743,0.4579398,0.2522773
2016,757,8405,0,0.239904,0.3787401,0.6583066
2016,757,8406,1,0.2730714,0.32841218,0.2637197
2016,757,8407,0,0.22153226,0.24431635,0.12760046
2016,757,8408,0,0.24306458,0.3189585,0.37738857
2016,757,8409,0,0.06575427,0.07344837,0.11892766
2016,757,8411,0,0.13818456,0.095864326,-0.4135945
2016,757,8412,0,0.116216406,0.11314384,-0.030264728
2016,757,8413,0,0.043643054,0.041033033,-0.06439214
2016,757,8414,0,0.029554596,0.029140826,-0.014525338
2016,757,8415,0,0.11256961,0.10666122,-0.060549892
2016,757,8416,0,0.24288335,0.24715385,0.023086185
2016,757,8417,0,0.1807735,0.22631788,0.28189516
2016,757,8418,0,0.08345682,0.067554496,-0.22859624
2016,757,8419,0,0.15418142,0.121464156,-0.27646253
2016,757,8420,0,0.22764139,0.19824755,-0.17560601
2016,757,8421,0,0.07731804,0.058714386,-0.29520452
2016,757,8422,0,0.06581901,0.05178054,-0.2548101
2016,757,8423,0,0.08154806,0.07176461,-0.1383968
2016,757,8424,0,0.062676,0.052936263,-0.17922744
2016,757,8425,0,0.106264405,0.102439135,-0.040932532
2016,757,8426,1,0.44046447,0.45950904,0.07695804
2016,757,8427,0,0.17026636,0.200642,0.2014541
2016,757,8428,0,0.10209951,0.10461897,0.027186794
2016,757,8429,0,0.24934115,0.36925396,0.5667106
2016,757,8430,0,0.20232269,0.21668601,0.08675604
2016,757,8431,0,0.047344867,0.06430265,0.32410333
2016,757,8432,0,0.10989088,0.12160149,0.114505045
2016,757,8433,0,0.20188364,0.16727583,-0.23049541
2016,757,8434,0,0.23568985,0.28824526,0.27253523
2016,757,8435,0,0.23651746,0.20676385,-0.1726755
2016,757,8436,0,0.17660682,0.1865904,0.0671889
2016,757,8437,1,0.32017618,0.23970155,-0.40135416
2016,757,8438,0,0.03657995,0.028345024,-0.26356012
2016,757,8439,0,0.19774587,0.22862926,0.1843754
2016,757,8440,0,0.17031716,0.18203312,0.08074801
2016,757,8441,0,0.087388046,0.06278316,-0.35727543
2016,757,8442,0,0.13482112,0.12417601,-0.094477735
2016,757,8443,0,0.06332738,0.08012178,0.25332227
2016,757,8444,1,0.5080706,0.467186,-0.1637301
2016,757,8445,0,0.1949677,0.2702797,0.42484456
2016,757,8446,0,0.113211304,0.1450992,0.28478292
2016,757,8447,0,0.26774877,0.34151316,0.3495163
2016,757,8448,0,0.050508056,0.06798395,0.3157158
2016,757,8449,0,0.31970814,0.41806298,0.42438346
2016,757,8450,0,0.14549905,0.1001817,-0.42485934
2016,757,8451,1,0.050101582,0.06097137,0.207861
2016,757,8452,0,0.11613634,0.10979045,-0.06334551
2016,757,8453,1,0.14942425,0.09618617,-0.50121397
2016,757,8454,0,0.18508431,0.22266158,0.23205058
2016,757,8455,1,0.20594007,0.22766443,0.12802729
2016,757,8456,0,0.10245971,0.12262971,0.20242864
2016,757,8457,0,0.25601056,0.2827791,0.13609031
2016,757,8458,0,0.15223157,0.18438914,0.23031582
2016,757,8459,0,0.17453536,0.18583061,0.07648622
2016,757,8460,0,0.13119498,0.1587722,0.22304219
2016,757,8461,0,0.18417762,0.22304331,0.24027738
2016,757,8462,0,0.1290393,0.14135939,0.105434835
2016,757,8463,0,0.1255617,0.15151575,0.21802245
2016,757,8464,0,0.1723477,0.17620143,0.026780944
2016,757,8465,0,0.10891811,0.11841349,0.09429957
2016,757,8466,0,0.07508429,0.09308439,0.2345483
2016,757,8467,0,0.08201272,0.06602019,-0.23418508
2016,757,8468,0,0.13173735,0.16208008,0.24285209
2016,757,8470,1,0.18974619,0.17626521,-0.09019876
2016,757,8471,1,0.03933915,0.03209594,-0.21100247
2016,757,8472,1,0.15519391,0.12869152,-0.2181461
2016,757,8473,0,0.11027418,0.09589173,-0.15578589
2016,757,8474,0,0.1310581,0.15957707,0.23025729
2016,757,8475,0,0.1712163,0.23709506,0.4083592
2016,757,8476,0,0.16359457,0.13310803,-0.24203104
2016,757,8477,0,0.06644713,0.05857643,-0.13446978
2016,757,8479,0,0.06284936,0.09637708,0.46395963
2016,757,8480,0,0.12963027,0.09933731,-0.30037785
2016,757,8481,0,0.046665367,0.039941438,-0.16261634
2016,757,8482,0,0.058257867,0.07087338,0.20950212
2016,757,8483,0,0.101678,0.09988087,-0.019831456
2016,757,8484,0,0.05917325,0.050197776,-0.17399368
2016,757,8485,0,0.07758607,0.0762216,-0.019220958
2016,764,8402,0,0.5787019,0.50253737,-0.30729732
2016,764,8403,0,0.2319393,0.24051271,0.047522303
2016,764,8404,0,0.17727141,0.3008982,0.69192004
2016,764,8405,0,0.4815654,0.48178056,0.00086175284
2016,764,8406,0,0.2921243,0.29773414,0.026977936
2016,764,8407,0,0.09326555,0.08771235,-0.067493804
2016,764,8408,0,0.33997124,0.3121956,-0.12645209
2016,764,8409,0,0.03740946,0.04278558,0.13987839
2016,764,8411,0,0.099005304,0.10210379,0.034261174
2016,764,8412,0,0.23292772,0.21942194,-0.077185445
2016,764,8413,0,0.03776781,0.034119684,-0.10536668
2016,764,8414,0,0.029606583,0.029680094,0.0025556523
2016,764,8415,0,0.0232456,0.02444709,0.051626127
2016,764,8416,1,0.6107516,0.60055196,-0.042707052
2016,764,8417,1,0.35394642,0.43457374,0.33852267
2016,764,8418,0,0.13297887,0.100707486,-0.31451508
2016,764,8419,1,0.19900799,0.1815162,-0.11360261
2016,764,8420,1,0.43344542,0.531293,0.3931433
2016,764,8421,0,0.05584698,0.04726296,-0.1759392
2016,764,8422,0,0.1101212,0.08474698,-0.29002666
2016,764,8424,0,0.054945536,0.046820693,-0.16857776
2016,764,8425,0,0.14593552,0.12858756,-0.14666352
2016,764,8426,1,0.45809993,0.47336504,0.061353527
2016,764,8428,0,0.12305178,0.095899045,-0.27980223
2016,764,8434,1,0.23394403,0.27168196,0.20006768
2016,764,8437,0,0.14166087,0.1811362,0.2928947
2016,764,8438,0,0.15226449,0.16938673,0.12696971
2016,764,8439,1,0.5626425,0.58311737,0.08369028
2016,764,8441,0,0.10245598,0.11115447,0.091226414
2016,764,8442,0,0.502335,0.5081894,0.023420377
2016,764,8443,0,0.07768128,0.100550786,0.28315684
2016,764,8445,1,0.5609723,0.5729813,0.048916105
2016,764,8447,0,0.48069146,0.45139164,-0.11777681
2016,764,8448,0,0.14942592,0.19589877,0.32698354
2016,764,8450,0,0.063764766,0.04910915,-0.2766879
2016,764,8451,0,0.08823758,0.08447459,-0.04770093
2016,764,8452,0,0.0765841,0.06935726,-0.10691439
2016,764,8453,0,0.19626822,0.2530558,0.32740298
2016,764,8454,0,0.27032718,0.29025182,0.0988019
2016,764,8455,0,0.20328604,0.2932632,0.4862938
2016,764,8456,0,0.1386111,0.16547816,0.20885417
2016,764,8457,0,0.31669343,0.30791825,-0.0408604
2016,764,8458,0,0.4162794,0.34756684,-0.29168585
2016,764,8459,0,0.12968901,0.16278002,0.26602405
2016,764,8460,0,0.18571608,0.20639743,0.13131087
2016,764,8461,0,0.17335352,0.22172824,0.30642086
2016,764,8462,0,0.14524658,0.19249642,0.33851025
2016,764,8463,0,0.2214931,0.27535877,0.28938448
2016,764,8466,0,0.15261765,0.16934614,0.12394791
2016,764,8467,0,0.18037836,0.15337493,-0.19458646
2016,764,8468,0,0.70046735,0.6915475,-0.04216052
2016,764,8470,0,0.23502694,0.21600465,-0.10896264
2016,764,8471,1,0.03127822,0.027428644,-0.13530025
2016,764,8472,1,0.34217614,0.36785966,0.112201765
2016,764,8473,0,0.10245806,0.11797203,0.15843008
2016,764,8475,0,0.45346245,0.4208432,-0.13262233
2016,764,8476,0,0.23274334,0.20243154,-0.17828085
2016,764,8477,0,0.08564701,0.08741334,0.022347154
2016,764,8479,0,0.15996791,0.21200357,0.34557626
2016,764,8480,0,0.08138011,0.071274616,-0.14353143
2016,764,8481,0,0.031215921,0.030266633,-0.03186173
2016,764,8482,0,0.052622292,0.0626397,0.18488944
2016,764,8483,0,0.05484503,0.048815306,-0.12282697
2016,764,8484,0,0.05818876,0.061153024,0.052839577
2016,764,8485,0,0.12992957,0.11991178,-0.09168423
2016,752,8401,0,0.42286208,0.2787269,-0.6397502
2016,752,8402,0,0.2716906,0.29667032,0.12285783
2016,752,8403,0,0.2612086,0.20104247,-0.34009525
2016,752,8404,0,0.19388857,0.26369455,0.3980848
2016,752,8405,1,0.6760948,0.7218662,0.21785504
2016,752,8406,0,0.4394872,0.45551023,0.06481248
2016,752,8407,0,0.26330417,0.25951597,-0.019620609
2016,752,8408,0,0.1378384,0.14613588,0.06812559
2016,752,8409,0,0.054383576,0.042493284,-0.25921178
2016,752,8410,1,0.31376722,0.3101657,-0.01677914
2016,752,8411,0,0.119594954,0.07724713,-0.48408028
2016,752,8412,0,0.04099942,0.0452155,0.102288045
2016,752,8413,0,0.02979732,0.025122946,-0.17544328
2016,752,8414,0,0.03180789,0.029415758,-0.08065158
2016,752,8415,0,0.058807615,0.05608556,-0.050280903
2016,752,8416,0,0.18699706,0.20066051,0.08747056
2016,752,8417,0,0.19273137,0.21301411,0.1255072
2016,752,8418,0,0.04592967,0.04074057,-0.12531118
2016,752,8419,0,0.1446531,0.11872024,-0.22743675
2016,752,8420,0,0.24513437,0.21248221,-0.18529448
2016,752,8421,0,0.07935164,0.062467206,-0.25742102
2016,752,8422,0,0.04496415,0.036381774,-0.22074383
2016,752,8423,0,0.13854142,0.11580952,-0.20526823
2016,752,8424,0,0.03970142,0.035165265,-0.1260408
2016,752,8425,0,0.15577771,0.14603835,-0.07603124
2016,752,8426,0,0.12412682,0.1661466,0.34073043
2016,752,8427,0,0.09193672,0.11347979,0.23453449
2016,752,8428,0,0.07580982,0.07767494,0.026324913
2016,752,8429,0,0.079375766,0.10267928,0.28305575
2016,752,8430,0,0.07252177,0.080945864,0.11901812
2016,752,8431,0,0.029982409,0.033829447,0.124694556
2016,752,8432,0,0.08476675,0.10836768,0.2717517
2016,752,8433,0,0.112679765,0.11105876,-0.016315725
2016,752,8434,0,0.12923855,0.13693176,0.06669712
2016,752,8436,0,0.14693534,0.13337791,-0.112573795
2016,752,8437,0,0.15341108,0.20150743,0.33119473
2016,752,8438,0,0.063748494,0.061910957,-0.031209318
2016,752,8439,0,0.18787934,0.21400851,0.16291884
2016,752,8440,0,0.23799716,0.37786326,0.66506386
2016,752,8441,0,0.14047858,0.12559935,-0.12912074
2016,752,8442,0,0.23236616,0.27651486,0.2331831
2016,752,8443,0,0.07934012,0.09257825,0.16879332
2016,752,8446,1,0.70715356,0.7024988,-0.022374159
2016,752,8447,0,0.62370133,0.3407442,-1.1652682
2016,752,8448,0,0.15505064,0.16729322,0.09059137
2016,752,8450,0,0.15190926,0.11595026,-0.31164765
2016,752,8451,0,0.15788795,0.15503491,-0.021617545
2016,752,8452,0,0.24687326,0.19432649,-0.3067805
2016,752,8453,0,0.5509388,0.5649572,0.05684112
2016,752,8454,1,0.435994,0.5359763,0.4015907
2016,752,8455,0,0.1566568,0.19341187,0.2553255
2016,752,8456,1,0.3232091,0.33439457,0.05068749
2016,752,8457,1,0.4905612,0.5139296,0.093492635
2016,752,8458,0,0.14774859,0.18683659,0.2816717
2016,752,8459,0,0.21628162,0.2336827,0.0998364
2016,752,8460,0,0.19693181,0.22129413,0.14744134
2016,752,8461,0,0.29654667,0.3534735,0.2599913
2016,752,8462,0,0.16584483,0.18156148,0.10956286
2016,752,8463,0,0.19967213,0.18709692,-0.080640264
2016,752,8464,0,0.22756672,0.24176207,0.079058886
2016,752,8465,0,0.14569415,0.16088653,0.1171332
2016,752,8466,0,0.04927626,0.056885883,0.15164116
2016,752,8467,0,0.056979693,0.049857974,-0.14104
2016,752,8468,0,0.12155963,0.14832242,0.22992347
2016,752,8470,0,0.34917852,0.29518148,-0.2476979
2016,752,8471,0,0.06433347,0.060430277,-0.06675256
2016,752,8472,1,0.12171763,0.14214014,0.1786369
2016,752,8473,0,0.073825166,0.07422483,0.0058306474
2016,752,8474,0,0.072740875,0.08609984,0.18311578
2016,752,8475,0,0.20513283,0.367209,0.8103083
2016,752,8476,0,0.15390147,0.15109763,-0.021694884
2016,752,8477,0,0.12585083,0.12999314,0.037134327
2016,752,8479,0,0.0685511,0.081830606,0.19143124
2016,752,8480,0,0.20572257,0.16315597,-0.2840268
2016,752,8481,0,0.032999717,0.028111776,-0.1653523
2016,752,8482,0,0.0360413,0.039597146,0.09778723
2016,752,8483,0,0.07434957,0.05920944,-0.2439207
2016,752,8484,0,0.052112497,0.044110242,-0.17511961
2016,752,8485,0,0.07214838,0.07399039,0.027197579
2016,372,8402,1,0.31582627,0.3504795,0.15608744
2016,372,8403,0,0.29308182,0.28401142,-0.04418665
2016,372,8405,1,0.70591533,0.7610369,0.28274474
2016,372,8406,1,0.781986,0.8553825,0.5001792
2016,372,8407,0,0.49552074,0.48449957,-0.044104133
2016,372,8409,0,0.16668503,0.17837828,0.08193219
2016,372,8411,0,0.17653462,0.10199671,-0.6352286
2016,372,8412,0,0.2338664,0.23452352,0.0036638854
2016,372,8413,0,0.0678031,0.06213696,-0.09332674
2016,372,8414,0,0.09457526,0.0850285,-0.116898336
2016,372,8415,0,0.14135021,0.15296645,0.092598975
2016,372,8418,0,0.1276149,0.103420846,-0.2375662
2016,372,8419,0,0.3385954,0.29973593,-0.17899579
2016,372,8421,0,0.13221689,0.10817971,-0.22797284
2016,372,8422,0,0.14546545,0.11329779,-0.28687122
2016,372,8423,0,0.42868644,0.35644096,-0.30363268
2016,372,8424,1,0.14694525,0.1331195,-0.1148903
2016,372,8425,1,0.2481486,0.18462025,-0.37684202
2016,372,8426,0,0.21083274,0.23133731,0.119137704
2016,372,8427,0,0.25182423,0.25035504,-0.007813077
2016,372,8428,0,0.16326113,0.13311355,-0.23954444
2016,372,8429,0,0.2915171,0.33013353,0.18044612
2016,372,8430,0,0.22236387,0.22808062,0.03276262
2016,372,8431,0,0.106192894,0.13520384,0.27452257
2016,372,8432,0,0.277085,0.24565955,-0.16292986
2016,372,8433,0,0.14282596,0.12688245,-0.13679503
2016,372,8434,0,0.31639105,0.3152303,-0.0053719813
2016,372,8436,0,0.22801214,0.20475616,-0.13725916
2016,372,8437,0,0.5425508,0.5882659,0.18618542
2016,372,8438,0,0.35353643,0.31706107,-0.16378066
2016,372,8441,1,0.3671392,0.3705714,0.014743198
2016,372,8443,0,0.11268865,0.14558786,0.2939332
2016,372,8448,0,0.26270562,0.23219757,-0.16399077
2016,372,8450,1,0.38370368,0.38191658,-0.00756404
2016,372,8451,1,0.38698652,0.3501614,-0.15833277
2016,372,8456,0,0.3195737,0.44549483,0.53684115
2016,372,8458,1,0.45895627,0.44077894,-0.07345618
2016,372,8459,0,0.30860212,0.39745504,0.39058223
2016,372,8462,1,0.31938416,0.29722303,-0.10395335
2016,372,8463,0,0.25298485,0.28265482,0.15142499
2016,372,8464,1,0.75376236,0.8255519,0.43564475
2016,372,8465,1,0.40269828,0.41527393,0.0520296
2016,372,8466,0,0.21832886,0.24862295,0.16946158
2016,372,8467,0,0.20919827,0.20859247,-0.0036658307
2016,372,8468,0,0.27694243,0.24984649,-0.13975199
2016,372,8470,0,0.22363774,0.1684931,-0.351753
2016,372,8471,1,0.033810515,0.029463764,-0.14209934
2016,372,8472,0,0.68367714,0.68505836,0.0063941516
2016,372,8473,0,0.064332955,0.06222087,-0.03563626
2016,372,8474,0,0.26255384,0.25269133,-0.051572777
2016,372,8475,0,0.33527023,0.5151005,0.7448641
2016,372,8476,1,0.30228585,0.31097946,0.04089215
2016,372,8477,1,0.15919803,0.14771912,-0.08839625
2016,372,8479,0,0.16246046,0.18351632,0.14733048
2016,372,8480,0,0.15047617,0.10943825,-0.36562088
2016,372,8481,1,0.0903528,0.06731653,-0.31932518
2016,372,8484,0,0.101451226,0.093671195,-0.08840851
2016,372,8485,0,0.12734324,0.11764651,-0.09025214
2016,40,8401,1,0.54693806,0.70869696,0.7007575
2016,40,8402,1,0.24138168,0.2615268,0.107071176
2016,40,8403,0,0.16977939,0.10464743,-0.55942905
2016,40,8404,0,0.28144348,0.33672443,0.25938696
2016,40,8405,1,0.30751774,0.37429044,0.29789567
2016,40,8406,1,0.34400678,0.34316725,-0.0037224235
2016,40,8407,0,0.16784073,0.16698906,-0.0061101224
2016,40,8408,0,0.2363246,0.25093147,0.07928601
2016,40,8409,0,0.0938905,0.12889333,0.35625175
2016,40,8410,0,0.33440688,0.2563849,-0.3765236
2016,40,8411,0,0.19304855,0.14069434,-0.37921318
2016,40,8412,0,0.13027167,0.13152641,0.011029376
2016,40,8413,0,0.033771873,0.031174395,-0.08271569
2016,40,8414,1,0.04182919,0.045344528,0.08437065
2016,40,8415,0,0.0810878,0.0838856,0.036970835
2016,40,8416,0,0.1388927,0.165401,0.20593882
2016,40,8417,1,0.30025432,0.25324938,-0.23526955
2016,40,8418,0,0.057699848,0.048088975,-0.19234923
2016,40,8419,0,0.15437005,0.10770312,-0.41369107
2016,40,8420,0,0.25730336,0.3048534,0.23574018
2016,40,8421,0,0.1082016,0.08132535,-0.3152304
2016,40,8422,0,0.07550637,0.057208657,-0.29711053
2016,40,8423,0,0.10679239,0.09447642,-0.1362307
2016,40,8424,0,0.05273604,0.04955146,-0.06564353
2016,40,8425,0,0.10225523,0.10103373,-0.013377235
2016,40,8426,0,0.1330815,0.14803088,0.123853825
2016,40,8427,0,0.17005213,0.20162542,0.20909163
2016,40,8428,0,0.3801967,0.28209972,-0.44535652
2016,40,8429,0,0.14435609,0.15856047,0.11059303
2016,40,8430,0,0.16610917,0.17955105,0.094065234
2016,40,8431,0,0.04525642,0.059480418,0.28831285
2016,40,8432,0,0.07989232,0.09826124,0.22711553
2016,40,8433,0,0.091801435,0.08221868,-0.1207415
2016,40,8434,1,0.35473436,0.25474507,-0.47517022
2016,40,8435,0,0.17711718,0.20780563,0.19779874
2016,40,8436,0,0.099878885,0.09714314,-0.03080754
2016,40,8437,0,0.14128737,0.12215092,-0.16757907
2016,40,8438,0,0.04392113,0.052452806,0.186482
2016,40,8439,0,0.14036527,0.17319638,0.24911831
2016,40,8440,0,0.23606797,0.35259944,0.56672657
2016,40,8441,0,0.09610064,0.11232705,0.17413323
2016,40,8442,0,0.14680552,0.16060336,0.106133156
2016,40,8443,0,0.07064565,0.088398054,0.24345984
2016,40,8444,1,0.3075227,0.2917618,-0.07511614
2016,40,8445,1,0.4659814,0.52064025,0.2188928
2016,40,8446,0,0.44836777,0.39018768,-0.23925565
2016,40,8447,0,0.24607225,0.27496764,0.15010849
2016,40,8448,0,0.1692011,0.13188095,-0.29312947
2016,40,8449,0,0.60369736,0.54280615,-0.24925
2016,40,8450,0,0.33923587,0.29876912,-0.18646476
2016,40,8451,1,0.094308436,0.09143547,-0.03410433
2016,40,8452,0,0.083465755,0.09450189,0.13629766
2016,40,8453,0,0.2689387,0.3622623,0.43445522
2016,40,8454,1,0.5849855,0.43195426,-0.61715585
2016,40,8455,0,0.16814503,0.181111,0.08999271
2016,40,8456,0,0.2028444,0.23280604,0.17607678
2016,40,8457,0,0.24911575,0.28526065,0.18481925
2016,40,8458,0,0.17021939,0.18873799,0.12584183
2016,40,8459,0,0.18491687,0.21337879,0.17870593
2016,40,8461,1,0.20109919,0.18145563,-0.12707792
2016,40,8462,0,0.12251169,0.14519316,0.19604662
2016,40,8463,0,0.21792033,0.2118162,-0.03618525
2016,40,8464,0,0.26996675,0.2808047,0.054317635
2016,40,8465,0,0.097203486,0.09463373,-0.029634912
2016,40,8466,0,0.100155845,0.13887273,0.37080985
2016,40,8467,0,0.08061047,0.06807919,-0.1824949
2016,40,8468,0,0.13308842,0.18223883,0.37267113
2016,40,8470,0,0.49463394,0.4598481,-0.13948902
2016,40,8471,1,0.034200188,0.033027746,-0.036096286
2016,40,8472,1,0.13818362,0.1281185,-0.08723908
2016,40,8473,0,0.09834403,0.08798906,-0.122678265
2016,40,8474,0,0.17136261,0.0902978,-0.7340034
2016,40,8475,0,0.3593796,0.41102085,0.21831091
2016,40,8476,0,0.34127688,0.40633914,0.27848902
2016,40,8477,0,0.054328315,0.06019749,0.10881095
2016,40,8478,0,0.23423226,0.28814533,0.28015703
2016,40,8479,0,0.048314087,0.057264462,0.17940646
2016,40,8480,0,0.107781194,0.0819282,-0.3028242
2016,40,8481,0,0.031983864,0.030096935,-0.062755555
2016,40,8482,0,0.09197247,0.10084076,0.10186796
2016,40,8483,0,0.08617787,0.08510708,-0.013674157
2016,40,8484,0,0.0655003,0.060964834,-0.07659905
2016,40,8485,0,0.15051839,0.17502216,0.18009703
2016,724,8401,1,0.30195922,0.55782086,1.0703084
2016,724,8402,1,0.6135159,0.61927366,0.024351027
2016,724,8403,0,0.20034541,0.20357786,0.020056024
2016,724,8404,0,0.47614682,0.3903705,-0.35026994
2016,724,8405,1,0.46563613,0.661285,0.8066984
2016,724,8406,0,0.17972787,0.26607174,0.5035469
2016,724,8407,0,0.111678734,0.14405845,0.2917241
2016,724,8408,0,0.16652973,0.18629514,0.13615866
2016,724,8409,0,0.042405892,0.03414399,-0.22529155
2016,724,8410,1,0.1752096,0.20875172,0.21668017
2016,724,8411,0,0.09234285,0.08324586,-0.1136826
2016,724,8412,0,0.13329738,0.1419077,0.07257856
2016,724,8413,0,0.029797014,0.02245204,-0.29056892
2016,724,8414,0,0.03451818,0.03028426,-0.13523366
2016,724,8415,0,0.06328573,0.043346208,-0.399504
2016,724,8416,0,0.151859,0.14787638,-0.031260442
2016,724,8417,0,0.18978834,0.14338794,-0.33604512
2016,724,8418,0,0.03555949,0.026543137,-0.30174124
2016,724,8419,0,0.16538458,0.12716658,-0.3075493
2016,724,8420,0,0.16144426,0.18043037,0.13408658
2016,724,8421,0,0.11991291,0.07966851,-0.45360452
2016,724,8422,0,0.04402177,0.033142306,-0.29518977
2016,724,8423,0,0.05672922,0.04306167,-0.29004166
2016,724,8424,0,0.04114325,0.028758671,-0.3709538
2016,724,8425,1,0.12861797,0.11357765,-0.14147276
2016,724,8426,0,0.086548306,0.080558166,-0.07825943
2016,724,8427,0,0.124946676,0.14683555,0.18675867
2016,724,8428,0,0.13462338,0.116455145,-0.16575219
2016,724,8430,0,0.10688262,0.11844247,0.11572376
2016,724,8431,0,0.029854601,0.02814604,-0.060691908
2016,724,8432,0,0.07397167,0.07036068,-0.05393942
2016,724,8433,0,0.12580986,0.07496009,-0.5743549
2016,724,8434,1,0.27069896,0.27869105,0.040115524
2016,724,8435,0,0.2803307,0.19045112,-0.5042599
2016,724,8436,0,0.0851162,0.061141886,-0.35668755
2016,724,8437,0,0.43677092,0.3421923,-0.39926222
2016,724,8438,0,0.043423764,0.032174174,-0.31153446
2016,724,8439,0,0.25955358,0.27960184,0.10185269
2016,724,8440,0,0.18528023,0.15231413,-0.2355903
2016,724,8441,0,0.08062774,0.0815988,0.01302851
2016,724,8442,0,0.21991006,0.20756653,-0.07346605
2016,724,8443,0,0.045310482,0.05421314,0.18875377
2016,724,8444,1,0.38656282,0.39540598,0.037139293
2016,724,8445,1,0.132608,0.13433722,0.014951371
2016,724,8446,0,0.26449263,0.28235108,0.089917995
2016,724,8447,0,0.23880145,0.20177491,-0.21597596
2016,724,8448,0,0.09682709,0.0961979,-0.0072157527
2016,724,8449,0,0.3320404,0.49808758,0.69132143
2016,724,8450,0,0.19074836,0.12647,-0.48738235
2016,724,8451,1,0.13193089,0.11601895,-0.14668883
2016,724,8452,0,0.33393726,0.27917638,-0.25811994
2016,724,8453,0,0.19429557,0.15731551,-0.25600284
2016,724,8454,0,0.14945127,0.21270132,0.43019244
2016,724,8455,0,0.75821567,0.72739345,-0.16148393
2016,724,8456,0,0.18728606,0.18317872,-0.02721613
2016,724,8457,0,0.1516643,0.1706466,0.14055526
2016,724,8458,0,0.14524373,0.16777742,0.17094153
2016,724,8459,0,0.11627829,0.1623375,0.38721803
2016,724,8460,1,0.27155885,0.31091362,0.1908765
2016,724,8461,1,0.15150338,0.17216507,0.15249814
2016,724,8462,0,0.0782766,0.070729226,-0.10954471
2016,724,8463,0,0.21149996,0.22778903,0.09506981
2016,724,8464,0,0.18544011,0.16324827,-0.15433918
2016,724,8465,0,0.0743998,0.08017837,0.081063196
2016,724,8466,0,0.051993083,0.055235717,0.063925505
2016,724,8467,0,0.11336621,0.07731866,-0.42254
2016,724,8468,0,0.16752324,0.15370633,-0.10253942
2016,724,8470,0,0.12411566,0.12014496,-0.037038017
2016,724,8471,0,0.058874007,0.053152487,-0.10829591
2016,724,8472,1,0.14269578,0.13163778,-0.09347693
2016,724,8473,0,0.090208784,0.07674299,-0.17635728
2016,724,8474,0,0.07469399,0.08033467,0.07891642
2016,724,8475,0,0.3272617,0.36499402,0.16684283
2016,724,8476,0,0.1864078,0.21579456,0.18317835
2016,724,8477,0,0.07447143,0.06476135,-0.15014328
2016,724,8478,0,0.1579026,0.21878219,0.40113991
2016,724,8479,0,0.1284771,0.080980435,-0.5146083
2016,724,8480,0,0.13011482,0.10596455,-0.23269683
2016,724,8481,0,0.03464857,0.026789462,-0.26535603
2016,724,8482,0,0.055288766,0.05371279,-0.030585466
2016,724,8483,0,0.08348292,0.059794508,-0.35924608
2016,724,8484,0,0.0702448,0.05450986,-0.2703868
2016,724,8485,0,0.10580957,0.10763238,0.019121137
2017,842,8401,1,0.15744436,0.24778967,0.56693184
2017,842,8402,0,0.124188334,0.14978516,0.21706477
2017,842,8403,0,0.13606495,0.114307925,-0.19910817
2017,842,8404,1,0.18354972,0.23409848,0.30716872
2017,842,8405,0,0.15644157,0.21429038,0.3856913
2017,842,8406,1,0.15693285,0.20438778,0.32213598
2017,842,8407,0,0.124743186,0.15080744,0.21997797
2017,842,8408,0,0.2576956,0.27018073,0.06427458
2017,842,8409,0,0.083592825,0.050354525,-0.5424973
2017,842,8410,0,0.16373436,0.20093772,0.2502572
2017,842,8411,0,0.09343679,0.08438349,-0.111850284
2017,842,8412,0,0.10358804,0.11003177,0.06756154
2017,842,8413,0,0.094126314,0.06980449,-0.32543424
2017,842,8414,0,0.10966951,0.06531276,-0.5669032
2017,842,8415,0,0.08731576,0.07278257,-0.19785258
2017,842,8416,0,0.15753217,0.15782201,0.002182327
2017,842,8417,0,0.1146607,0.11863727,0.038595207
2017,842,8418,0,0.11772718,0.08550065,-0.35572153
2017,842,8419,0,0.12706092,0.11508992,-0.11257321
2017,842,8420,0,0.10038132,0.11896217,0.19069993
2017,842,8421,0,0.11038752,0.08800235,-0.2514851
2017,842,8422,0,0.1194495,0.09135685,-0.29952568
2017,842,8423,0,0.12257151,0.09208312,-0.32016045
2017,842,8424,0,0.07876272,0.05581888,-0.36892796
2017,842,8425,0,0.109861046,0.07608979,-0.4045397
2017,842,8426,0,0.13892373,0.1697278,0.23670045
2017,842,8427,0,0.08482518,0.07178382,-0.18108305
2017,842,8428,0,0.13959745,0.11913641,-0.18199626
2017,842,8429,0,0.05973114,0.074929714,0.24299307
2017,842,8431,0,0.048004728,0.045521755,-0.055713817
2017,842,8432,0,0.12694827,0.11685271,-0.09436266
2017,842,8433,0,0.09099677,0.07958404,-0.14648743
2017,842,8434,0,0.11728696,0.11854407,0.012086485
2017,842,8435,0,0.13509543,0.20061283,0.47416922
2017,842,8436,0,0.06772153,0.06693257,-0.012564376
2017,842,8437,0,0.1253686,0.13328208,0.070298515
2017,842,8438,0,0.07883153,0.07445001,-0.0619303
2017,842,8439,0,0.13864565,0.18546097,0.34680668
2017,842,8440,1,0.19517802,0.23881717,0.2575338
2017,842,8441,0,0.13270217,0.115674086,-0.15677384
2017,842,8442,0,0.21987824,0.17873459,-0.25856844
2017,842,8443,0,0.024908315,0.031467285,0.24049592
2017,842,8444,1,0.2799761,0.5781767,1.2598732
2017,842,8445,0,0.16725966,0.209031,0.27439824
2017,842,8446,0,0.36202604,0.40231982,0.17077287
2017,842,8447,1,0.22358832,0.23694234,0.075359635
2017,842,8448,0,0.06617819,0.05934752,-0.116228655
2017,842,8449,1,0.5771954,0.4410328,-0.5482423
2017,842,8450,0,0.14009337,0.08175698,-0.60419637
2017,842,8451,0,0.057402596,0.051865727,-0.1072883
2017,842,8452,0,0.11999782,0.08732951,-0.35423577
2017,842,8453,0,0.19957486,0.2733201,0.41111118
2017,842,8454,0,0.14578824,0.18379001,0.27714625
2017,842,8455,0,0.14317898,0.16053954,0.13491441
2017,842,8456,0,0.09176892,0.11036189,0.20517513
2017,842,8457,0,0.18622951,0.2130007,0.16776672
2017,842,8458,0,0.09944384,0.110035494,0.113041036
2017,842,8459,0,0.1562669,0.19112927,0.24358165
2017,842,8460,0,0.07583892,0.080232054,0.061076287
2017,842,8461,0,0.09522395,0.09056807,-0.055262327
2017,842,8462,0,0.097569466,0.09180092,-0.067314036
2017,842,8463,0,0.13121039,0.16352211,0.2580471
2017,842,8464,0,0.11168904,0.11005711,-0.016554615
2017,842,8465,0,0.06981414,0.060031764,-0.16142443
2017,842,8466,0,0.02892281,0.026450673,-0.09189162
2017,842,8467,0,0.07243088,0.060498558,-0.1927953
2017,842,8468,0,0.24750173,0.23887846,-0.046856996
2017,842,8470,1,0.29568824,0.25292295,-0.21516794
2017,842,8471,0,0.06616845,0.068880275,0.043074302
2017,842,8472,0,0.036423426,0.042357277,0.15710524
2017,842,8473,0,0.061062235,0.06716576,0.10179159
2017,842,8474,0,0.17959623,0.17893957,-0.0044632507
2017,842,8475,0,0.13801967,0.1336725,-0.03703408
2017,842,8476,0,0.14307164,0.19858181,0.39482704
2017,842,8477,0,0.059404436,0.04545601,-0.28234428
2017,842,8478,0,0.16043665,0.32116377,0.90655416
2017,842,8479,0,0.040009886,0.03207518,-0.22927544
2017,842,8480,0,0.3172387,0.25395045,-0.31116208
2017,842,8481,0,0.07493037,0.058301225,-0.2687526
2017,842,8482,0,0.042616062,0.035816446,-0.18090138
2017,842,8483,0,0.097618096,0.07771053,-0.24989352
2017,842,8484,0,0.07579544,0.055728365,-0.32902926
2017,842,8485,0,0.13287699,0.095524564,-0.37221485
2017,276,8401,0,0.25176135,0.44383484,0.8636276
2017,276,8402,0,0.10643561,0.14643225,0.36481607
2017,276,8403,0,0.06507496,0.043922964,-0.41547468
2017,276,8404,1,0.17255665,0.24302752,0.43146276
2017,276,8405,0,0.3572909,0.47659144,0.4934392
2017,276,8406,1,0.4561272,0.40418363,-0.2121195
2017,276,8407,0,0.07441029,0.07852001,0.058209136
2017,276,8408,0,0.035668593,0.045565553,0.25519755
2017,276,8409,0,0.044943646,0.03735007,-0.19299409
2017,276,8410,1,0.20622236,0.166179,-0.26510486
2017,276,8411,0,0.09452956,0.07290059,-0.28342205
2017,276,8412,0,0.0732129,0.067645945,-0.08507289
2017,276,8413,0,0.045414776,0.03338688,-0.32019588
2017,276,8414,0,0.046745088,0.03741741,-0.23231065
2017,276,8415,0,0.061179798,0.05149209,-0.18265508
2017,276,8416,0,0.062057603,0.07239864,0.16521098
2017,276,8417,0,0.118896686,0.14272217,0.2100577
2017,276,8418,0,0.081787,0.05197899,-0.485226
2017,276,8419,0,0.10098206,0.08641081,-0.17190811
2017,276,8420,0,0.089204945,0.10949265,0.22744755
2017,276,8421,0,0.041022357,0.032832578,-0.23119974
2017,276,8422,0,0.07266482,0.04997196,-0.39857176
2017,276,8423,0,0.07747116,0.05970281,-0.27960393
2017,276,8424,0,0.04959119,0.03648587,-0.32058313
2017,276,8425,0,0.07562265,0.069131136,-0.09674851
2017,276,8426,0,0.15058799,0.16726257,0.12484328
2017,276,8427,0,0.07312081,0.063198596,-0.15647884
2017,276,8428,0,0.07232942,0.056891475,-0.25659
2017,276,8429,0,0.035475433,0.047977667,0.31494218
2017,276,8430,0,0.06860891,0.07957125,0.16006997
2017,276,8431,0,0.023426414,0.022820223,-0.026837662
2017,276,8432,0,0.06802529,0.06274639,-0.08642671
2017,276,8433,0,0.094823554,0.076760545,-0.2310858
2017,276,8434,0,0.07453548,0.086121336,0.15707995
2017,276,8435,0,0.16574775,0.19263507,0.18309055
2017,276,8436,0,0.035735868,0.037604664,0.052913196
2017,276,8437,0,0.08603705,0.09383488,0.09532723
2017,276,8438,0,0.05992566,0.04554096,-0.28967863
2017,276,8439,0,0.121928126,0.14463642,0.1969932
2017,276,8440,0,0.071599245,0.09171242,0.26947564
2017,276,8441,0,0.080872,0.0686806,-0.17657787
2017,276,8442,1,0.14349884,0.10682584,-0.337053
2017,276,8443,0,0.030683896,0.038619775,0.23824716
2017,276,8444,0,0.43695363,0.29434288,-0.62084913
2017,276,8445,0,0.17109735,0.20754442,0.23807895
2017,276,8446,0,0.16685681,0.18630345,0.13385886
2017,276,8447,1,0.11660567,0.12858795,0.111471996
2017,276,8448,0,0.046518322,0.053019673,0.1376586
2017,276,8449,1,0.13782568,0.15976083,0.17345904
2017,276,8450,0,0.14138603,0.08650297,-0.5532758
2017,276,8451,0,0.054360144,0.046454113,-0.165492
2017,276,8452,0,0.04163545,0.04448478,0.06917258
2017,276,8453,0,0.08769462,0.09712141,0.112488054
2017,276,8454,0,0.15240608,0.17815095,0.1869276
2017,276,8455,0,0.12240368,0.16113544,0.32005817
2017,276,8456,0,0.08282086,0.09340614,0.1318852
2017,276,8457,0,0.11090042,0.11719631,0.06232398
2017,276,8458,0,0.05383468,0.06456208,0.19311197
2017,276,8459,0,0.089353226,0.107439764,0.20439407
2017,276,8460,0,0.05844786,0.07104202,0.20860267
2017,276,8461,0,0.08427285,0.09912811,0.17870876
2017,276,8462,0,0.054941736,0.060094446,0.09511137
2017,276,8463,0,0.14315775,0.1608646,0.1374977
2017,276,8464,0,0.04528816,0.057098858,0.24418664
2017,276,8465,0,0.071818255,0.06451533,-0.11507298
2017,276,8466,0,0.02492128,0.023493838,-0.06044681
2017,276,8467,0,0.074417286,0.055062134,-0.3219216
2017,276,8468,0,0.06854489,0.086368695,0.2504572
2017,276,8470,0,0.17069247,0.17881335,0.056319717
2017,276,8471,0,0.029837936,0.025980731,-0.14239335
2017,276,8472,0,0.03819444,0.045049477,0.17222431
2017,276,8473,0,0.10120964,0.12508045,0.23868093
2017,276,8474,0,0.10330566,0.0938034,-0.10703228
2017,276,8475,0,0.16865146,0.19600944,0.1837902
2017,276,8476,0,0.1427178,0.12309826,-0.17051409
2017,276,8477,0,0.043684226,0.037008956,-0.17278317
2017,276,8478,0,0.082033165,0.15704207,0.73463434
2017,276,8479,0,0.034099318,0.033667848,-0.013180641
2017,276,8480,0,0.08803113,0.062487874,-0.3703419
2017,276,8481,0,0.04479094,0.03205864,-0.34768027
2017,276,8482,0,0.0378839,0.037318517,-0.015623977
2017,276,8483,0,0.03726203,0.03120716,-0.18359676
2017,276,8484,0,0.04359006,0.03515818,-0.22374941
2017,276,8485,0,0.054483633,0.04941901,-0.10290747
2017,392,8401,0,0.340879,0.2915591,-0.22844435
2017,392,8402,0,0.3763408,0.39222696,0.06714794
2017,392,8403,0,0.22150601,0.25362042,0.17751582
2017,392,8404,0,0.27825955,0.28160515,0.016597873
2017,392,8405,0,0.17307483,0.21393135,0.2626012
2017,392,8406,1,0.18297249,0.2132209,0.19071802
2017,392,8407,0,0.058771912,0.061832212,0.054017007
2017,392,8408,0,0.06472257,0.074676745,0.15375878
2017,392,8409,0,0.036770515,0.035440832,-0.038211036
2017,392,8411,0,0.08484008,0.059331357,-0.38512242
2017,392,8412,0,0.09631008,0.08958918,-0.0797481
2017,392,8413,0,0.044567477,0.039455596,-0.12716462
2017,392,8414,0,0.044583347,0.038038224,-0.16559601
2017,392,8415,0,0.03916312,0.03255236,-0.1917421
2017,392,8416,0,0.13994531,0.10908886,-0.28433773
2017,392,8417,0,0.1461758,0.16957128,0.17624666
2017,392,8418,0,0.054311246,0.038465258,-0.36159292
2017,392,8419,0,0.08760324,0.080030516,-0.09867557
2017,392,8420,0,0.1874326,0.2708424,0.47642675
2017,392,8421,0,0.043060098,0.030938096,-0.34319648
2017,392,8422,0,0.05343078,0.043943834,-0.20544726
2017,392,8423,0,0.11090815,0.08172222,-0.33767575
2017,392,8424,0,0.048448566,0.039157208,-0.22263516
2017,392,8425,0,0.08566745,0.08332604,-0.0302694
2017,392,8426,0,0.114718854,0.15064621,0.3138791
2017,392,8427,0,0.031419694,0.032688238,0.040890954
2017,392,8428,0,0.09648002,0.08316382,-0.16315402
2017,392,8429,0,0.04491637,0.055960275,0.23147036
2017,392,8430,0,0.08441676,0.10885738,0.28132942
2017,392,8431,0,0.03689559,0.038683373,0.049175803
2017,392,8432,1,0.089693986,0.11486984,0.27544203
2017,392,8433,0,0.07529024,0.047280528,-0.49509275
2017,392,8434,1,0.3930058,0.43068665,0.15564471
2017,392,8435,1,0.3541176,0.23101212,-0.60161674
2017,392,8436,0,0.10175932,0.08913279,-0.14644226
2017,392,8437,0,0.13828567,0.13326065,-0.04282908
2017,392,8438,0,0.05918465,0.047192603,-0.23909083
2017,392,8439,0,0.18933415,0.22523648,0.21893537
2017,392,8440,0,0.16076393,0.16235709,0.011761307
2017,392,8441,0,0.11401847,0.09843502,-0.16439995
2017,392,8442,0,0.14680767,0.1034704,-0.39938414
2017,392,8443,0,0.04867771,0.06484264,0.30388018
2017,392,8444,1,0.3197562,0.33009413,0.04713301
2017,392,8445,0,0.2762639,0.31761658,0.19832356
2017,392,8446,0,0.16036381,0.20265044,0.28571293
2017,392,8447,1,0.11883778,0.16260804,0.36453277
2017,392,8448,0,0.06539858,0.08070804,0.22685407
2017,392,8449,1,0.28050822,0.39282572,0.5064924
2017,392,8450,0,0.14094296,0.10194786,-0.3682867
2017,392,8451,0,0.06656658,0.07253102,0.092221916
2017,392,8452,0,0.043970145,0.051424615,0.16443406
2017,392,8453,1,0.15279001,0.1887834,0.25494936
2017,392,8454,0,0.14454247,0.14768666,0.02520164
2017,392,8455,0,0.14403301,0.1399368,-0.033625733
2017,392,8456,0,0.08639043,0.15012825,0.6249308
2017,392,8457,0,0.11916132,0.14255767,0.20618886
2017,392,8458,0,0.101808675,0.11358073,0.12261178
2017,392,8459,0,0.07850969,0.114444576,0.4166458
2017,392,8460,0,0.07235318,0.0855566,0.18195419
2017,392,8461,0,0.09982658,0.11425797,0.1511859
2017,392,8462,0,0.08463111,0.08709006,0.03133084
2017,392,8463,0,0.1117897,0.13545677,0.21904038
2017,392,8464,0,0.16022898,0.16298838,0.020366326
2017,392,8465,0,0.07489392,0.09592115,0.2704457
2017,392,8466,0,0.047329202,0.043059126,-0.09902539
2017,392,8467,0,0.058509674,0.048076734,-0.20741417
2017,392,8468,0,0.10070519,0.13360427,0.319954
2017,392,8469,1,0.2432796,0.2432796,0.0
2017,392,8470,0,0.21373735,0.21052583,-0.019215768
2017,392,8471,0,0.028794132,0.030193776,0.048906364
2017,392,8472,1,0.059069913,0.060014762,0.016873714
2017,392,8473,0,0.08163687,0.09946667,0.21714737
2017,392,8474,0,0.09031921,0.10075058,0.12083117
2017,392,8475,0,0.17953502,0.18809251,0.057048596
2017,392,8476,0,0.17945702,0.2089313,0.1886511
2017,392,8477,0,0.058114547,0.05911231,0.018082978
2017,392,8478,0,0.46005693,0.499228,0.15702541
2017,392,8479,0,0.08160643,0.06301943,-0.27850145
2017,392,8480,0,0.07377668,0.0588949,-0.24122766
2017,392,8481,0,0.04924648,0.04342643,-0.13187252
2017,392,8482,0,0.033855412,0.03284243,-0.03142536
2017,392,8483,0,0.047779925,0.040823508,-0.16462646
2017,392,8484,0,0.038792122,0.035338935,-0.09681794
2017,392,8485,0,0.07087623,0.07345932,0.038580615
2017,156,8401,0,0.17307958,0.21373849,0.2614207
2017,156,8402,0,0.048119985,0.07416149,0.46028653
2017,156,8403,0,0.03028307,0.028648118,-0.05718556
2017,156,8404,0,0.34514198,0.31417486,-0.1402103
2017,156,8405,0,0.14862682,0.2625748,0.7127833
2017,156,8406,1,0.1862194,0.25295627,0.3918582
2017,156,8407,0,0.051559333,0.052951083,0.028103748
2017,156,8408,0,0.018604947,0.024914293,0.29846382
2017,156,8409,0,0.03599554,0.02885382,-0.22853382
2017,156,8411,0,0.05184993,0.046983384,-0.10367912
2017,156,8412,0,0.028773071,0.028365875,-0.014672392
2017,156,8413,0,0.04885185,0.03720971,-0.2843882
2017,156,8414,0,0.041292153,0.033847503,-0.20654242
2017,156,8415,0,0.064031504,0.045741845,-0.3557141
2017,156,8416,0,0.100888945,0.09246489,-0.096516974
2017,156,8417,0,0.056062497,0.077348955,0.34466884
2017,156,8418,0,0.05982343,0.040354244,-0.4141972
2017,156,8419,0,0.0785022,0.07527181,-0.045520492
2017,156,8420,0,0.08109842,0.10116954,0.24321891
2017,156,8421,0,0.04966282,0.035853323,-0.34024695
2017,156,8422,0,0.031173196,0.02527941,-0.21563347
2017,156,8423,0,0.0478149,0.038873456,-0.21637222
2017,156,8424,0,0.04800707,0.036473736,-0.28679806
2017,156,8425,0,0.080398954,0.0679131,-0.18225841
2017,156,8426,0,0.06917101,0.09360732,0.32912967
2017,156,8427,0,0.03638277,0.03755979,0.03306094
2017,156,8428,0,0.034509763,0.036954943,0.07099306
2017,156,8431,0,0.016559776,0.017648678,0.06479219
2017,156,8432,0,0.017745823,0.021149166,0.17892127
2017,156,8433,0,0.06666234,0.060364548,-0.10596329
2017,156,8434,0,0.075119615,0.10458645,0.36331108
2017,156,8436,0,0.019449176,0.019392738,-0.0029634496
2017,156,8439,0,0.10759646,0.14071488,0.30616572
2017,156,8440,0,0.056248922,0.06235735,0.10958805
2017,156,8441,0,0.0662186,0.06422626,-0.032680426
2017,156,8442,0,0.08423837,0.08436492,0.0016394123
2017,156,8443,0,0.019399205,0.026967447,0.33714628
2017,156,8444,0,0.13107288,0.15308845,0.18092541
2017,156,8445,0,0.070963845,0.115514606,0.5363682
2017,156,8446,0,0.20268628,0.27470505,0.39870846
2017,156,8447,0,0.102334954,0.1498541,0.4357999
2017,156,8448,0,0.015842194,0.021632124,0.31740317
2017,156,8449,0,0.18059295,0.2193724,0.24300797
2017,156,8450,0,0.09575589,0.07756232,-0.2306408
2017,156,8451,0,0.044587165,0.04301752,-0.037480105
2017,156,8452,0,0.03297537,0.039092652,0.17651962
2017,156,8453,0,0.051069807,0.08045995,0.48602766
2017,156,8454,0,0.121155515,0.14820531,0.2327861
2017,156,8455,0,0.09261875,0.114824116,0.23968625
2017,156,8456,0,0.019872302,0.030922856,0.45350736
2017,156,8457,0,0.054663822,0.06730242,0.22145358
2017,156,8458,0,0.026157865,0.031131148,0.17917906
2017,156,8459,0,0.0457323,0.062440585,0.32907456
2017,156,8460,0,0.02478336,0.034148525,0.33019662
2017,156,8461,0,0.025951257,0.03780758,0.3885364
2017,156,8462,0,0.032079373,0.036615502,0.13695602
2017,156,8463,0,0.050789587,0.07397528,0.40076914
2017,156,8464,0,0.049221646,0.055922665,0.13470903
2017,156,8465,0,0.07221271,0.07202069,-0.0028695622
2017,156,8466,0,0.015732333,0.014202611,-0.1038453
2017,156,8467,0,0.040868532,0.03552534,-0.14566937
2017,156,8468,0,0.060969703,0.07289911,0.1914847
2017,156,8470,0,0.09199653,0.089344665,-0.032165427
2017,156,8471,0,0.023220139,0.02184606,-0.062405225
2017,156,8472,0,0.02225737,0.031790882,0.36630458
2017,156,8473,0,0.06558983,0.069824636,0.06710861
2017,156,8475,0,0.21346031,0.22062695,0.042175736
2017,156,8476,0,0.10801535,0.106084846,-0.020196198
2017,156,8477,0,0.027010405,0.025628753,-0.0539263
2017,156,8479,0,0.018880138,0.027146926,0.37161493
2017,156,8480,0,0.045649067,0.040182266,-0.13326922
2017,156,8481,0,0.059013244,0.042577278,-0.34375718
2017,156,8482,0,0.0208357,0.019335296,-0.07626682
2017,156,8483,0,0.04313507,0.03241595,-0.2968259
2017,156,8484,0,0.054008584,0.039990406,-0.3152133
2017,380,8401,1,0.5256723,0.46519354,-0.24223097
2017,380,8402,0,0.27167895,0.223575,-0.2588322
2017,380,8403,0,0.05551844,0.051344663,-0.082563646
2017,380,8404,0,0.38501877,0.40567878,0.08644131
2017,380,8405,0,0.45852315,0.4795324,0.084373236
2017,380,8406,0,0.2114893,0.20932318,-0.013038256
2017,380,8407,0,0.13923576,0.13974011,0.004201893
2017,380,8408,0,0.044984385,0.04481906,-0.003854882
2017,380,8409,0,0.041370165,0.035533167,-0.1581637
2017,380,8411,0,0.12302201,0.089143075,-0.3600246
2017,380,8412,0,0.09611914,0.09231843,-0.04454062
2017,380,8413,0,0.066230565,0.044509765,-0.4204286
2017,380,8414,0,0.06428055,0.042750385,-0.43062732
2017,380,8415,0,0.09164976,0.07043976,-0.28629795
2017,380,8416,0,0.14414468,0.15837607,0.11092307
2017,380,8417,0,0.21487707,0.22066234,0.033963416
2017,380,8418,0,0.08228999,0.054395895,-0.44390312
2017,380,8419,0,0.12152669,0.1028564,-0.18783036
2017,380,8420,0,0.10528798,0.117567785,0.12413583
2017,380,8421,0,0.08110702,0.055599283,-0.40498012
2017,380,8422,0,0.07799214,0.057315484,-0.3302151
2017,380,8423,0,0.10303525,0.080240645,-0.2751365
2017,380,8424,0,0.06862048,0.044981014,-0.44741488
2017,380,8425,0,0.14032345,0.115013674,-0.22791511
2017,380,8426,0,0.12394009,0.13001893,0.054844752
2017,380,8427,0,0.0411551,0.0371794,-0.1057308
2017,380,8428,0,0.092470564,0.070057645,-0.30196857
2017,380,8429,0,0.03221108,0.037531614,0.15838593
2017,380,8430,0,0.08077269,0.08694074,0.08032048
2017,380,8431,0,0.028321017,0.026684485,-0.06120466
2017,380,8432,0,0.049263217,0.048255544,-0.021726102
2017,380,8433,0,0.09274091,0.07005208,-0.30527112
2017,380,8434,0,0.08165347,0.10338172,0.25988844
2017,380,8435,0,0.15312794,0.0902218,-0.6006538
2017,380,8436,0,0.03484915,0.031086264,-0.11815382
2017,380,8437,0,0.24667431,0.21612851,-0.17194317
2017,380,8438,0,0.08593507,0.0701099,-0.22069289
2017,380,8439,0,0.123338476,0.1610383,0.3106657
2017,380,8440,0,0.11904026,0.12820879,0.08466031
2017,380,8441,0,0.10686808,0.074751444,-0.39275482
2017,380,8442,0,0.1645067,0.12674965,-0.3049374
2017,380,8443,0,0.03013405,0.037425555,0.22424448
2017,380,8444,0,0.1366057,0.2193184,0.57413
2017,380,8445,0,0.1643384,0.2313068,0.4253491
2017,380,8446,0,0.17771459,0.22433504,0.29132876
2017,380,8447,0,0.18352708,0.19209284,0.05616322
2017,380,8448,0,0.057894908,0.059094172,0.021776559
2017,380,8449,0,0.2660121,0.20571241,-0.33601582
2017,380,8450,0,0.08804399,0.06439086,-0.33847088
2017,380,8451,0,0.032404233,0.032595873,0.006094705
2017,380,8453,0,0.048138488,0.07335184,0.44803116
2017,380,8454,0,0.09920675,0.12417166,0.25256446
2017,380,8455,0,0.16145451,0.16843836,0.050709806
2017,380,8456,0,0.0898753,0.08887003,-0.012352219
2017,380,8457,0,0.07226351,0.10000723,0.3552842
2017,380,8458,0,0.053664528,0.06324404,0.17442289
2017,380,8459,0,0.07173753,0.09902696,0.35221738
2017,380,8460,0,0.056806378,0.07373593,0.27895367
2017,380,8461,0,0.06684095,0.085235246,0.263008
2017,380,8462,0,0.054051656,0.051362514,-0.05387038
2017,380,8463,0,0.091256574,0.11315438,0.23947005
2017,380,8464,0,0.07772376,0.07397397,-0.05350508
2017,380,8465,0,0.06712897,0.06700376,-0.002001167
2017,380,8466,0,0.045901585,0.03776856,-0.20351087
2017,380,8467,0,0.04749317,0.03825696,-0.2259105
2017,380,8468,0,0.26642352,0.24762343,-0.09848323
2017,380,8470,0,0.18548557,0.22816175,0.26089504
2017,380,8471,0,0.035221115,0.028550427,-0.2168643
2017,380,8472,0,0.08792794,0.07328836,-0.19803919
2017,380,8473,0,0.09790837,0.12801588,0.30206704
2017,380,8474,0,0.12778345,0.122643635,-0.046929743
2017,380,8475,0,0.10446671,0.15974872,0.488452
2017,380,8476,0,0.1895315,0.21498151,0.15790214
2017,380,8477,0,0.04113389,0.03605772,-0.13699129
2017,380,8478,0,0.18363427,0.29083994,0.6006081
2017,380,8479,0,0.030057149,0.027825197,-0.07945708
2017,380,8480,0,0.10975606,0.069174536,-0.50620365
2017,380,8481,0,0.06711854,0.04575784,-0.40573645
2017,380,8482,0,0.07843486,0.062614955,-0.24228506
2017,380,8483,0,0.07363871,0.052780848,-0.35528845
2017,380,8484,0,0.11862808,0.08075074,-0.42670363
2017,380,8485,0,0.08816181,0.065962546,-0.3141407
2017,826,8401,0,0.29191113,0.3035444,0.0556441
2017,826,8402,0,0.10775661,0.14915721,0.37263742
2017,826,8403,0,0.39062458,0.27229673,-0.5383134
2017,826,8404,0,0.12966402,0.20337194,0.5385814
2017,826,8405,1,0.5294174,0.55376446,0.098086976
2017,826,8406,0,0.15458082,0.2350034,0.5188442
2017,826,8407,0,0.07004728,0.07627094,0.0918364
2017,826,8408,0,0.14643662,0.1327046,-0.11442697
2017,826,8409,0,0.03826292,0.034958553,-0.09374801
2017,826,8410,0,0.15607102,0.16458297,0.0632409
2017,826,8411,0,0.078852236,0.065279886,-0.20351845
2017,826,8412,0,0.11592196,0.09800003,-0.18801856
2017,826,8413,0,0.073668756,0.051437028,-0.38293666
2017,826,8414,0,0.073307104,0.05543826,-0.29848638
2017,826,8415,0,0.060874123,0.049742255,-0.21373695
2017,826,8416,0,0.17295372,0.14212859,-0.23288533
2017,826,8417,0,0.13768838,0.1560626,0.14680262
2017,826,8418,0,0.050651465,0.029802654,-0.5520941
2017,826,8419,0,0.08160232,0.06845511,-0.1898936
2017,826,8420,0,0.19032568,0.16384766,-0.18197832
2017,826,8421,0,0.07301628,0.053450957,-0.3328046
2017,826,8422,0,0.05270459,0.039422046,-0.3043015
2017,826,8423,0,0.077876665,0.057865713,-0.31847012
2017,826,8424,0,0.046303384,0.03306018,-0.35067636
2017,826,8425,0,0.13411283,0.11049173,-0.220655
2017,826,8426,0,0.106396906,0.13320884,0.2552052
2017,826,8427,0,0.050828394,0.03985555,-0.2546875
2017,826,8428,0,0.06720845,0.054884348,-0.21569642
2017,826,8429,0,0.021638453,0.027911887,0.2610136
2017,826,8430,0,0.21410307,0.23830761,0.13838759
2017,826,8431,0,0.09299983,0.063694015,-0.4103067
2017,826,8432,0,0.037778337,0.037647355,-0.0036090964
2017,826,8433,0,0.119703874,0.082575366,-0.41262168
2017,826,8434,0,0.13601065,0.15339884,0.14063898
2017,826,8435,0,0.3556531,0.4371983,0.34174094
2017,826,8436,0,0.06524814,0.061590556,-0.06159432
2017,826,8437,0,0.0997117,0.10353336,0.041864958
2017,826,8438,0,0.04528007,0.039518148,-0.14212391
2017,826,8439,0,0.1492658,0.17761399,0.20777382
2017,826,8440,0,0.12683345,0.14237832,0.13357617
2017,826,8441,0,0.16979255,0.12805456,-0.3311722
2017,826,8442,0,0.113169275,0.10022397,-0.13596892
2017,826,8443,0,0.036487076,0.047257956,0.26990473
2017,826,8444,0,0.2554839,0.39879173,0.6590729
2017,826,8445,0,0.18683031,0.23607458,0.2964165
2017,826,8446,0,0.49788126,0.53709084,0.15711139
2017,826,8447,0,0.116327465,0.16094282,0.37644768
2017,826,8448,0,0.06299129,0.057116654,-0.10415069
2017,826,8449,0,0.6906078,0.7611314,0.35592994
2017,826,8450,0,0.15266263,0.16671602,0.10478589
2017,826,8451,0,0.081311405,0.07233916,-0.12663949
2017,826,8453,0,0.14649965,0.16422547,0.1352043
2017,826,8454,0,0.17434765,0.16834553,-0.042275906
2017,826,8455,0,0.19537833,0.20970933,0.08875601
2017,826,8456,0,0.10405267,0.09632243,-0.08578701
2017,826,8457,0,0.22641845,0.3359074,0.5470602
2017,826,8458,0,0.12154853,0.1626234,0.33901036
2017,826,8459,0,0.09385404,0.123172924,0.3047391
2017,826,8460,0,0.08218394,0.09888421,0.20335296
2017,826,8461,0,0.14559384,0.16668823,0.1603032
2017,826,8462,0,0.12394838,0.1298298,0.053095356
2017,826,8463,0,0.12993208,0.14308864,0.11168917
2017,826,8464,0,0.10783553,0.09243698,-0.1711926
2017,826,8465,0,0.07093089,0.06562552,-0.083435535
2017,826,8466,0,0.028545875,0.025037833,-0.13472903
2017,826,8467,0,0.04139277,0.034335103,-0.19427337
2017,826,8468,0,0.1957111,0.1742669,-0.14236447
2017,826,8470,0,0.27698487,0.2833931,0.031774923
2017,826,8471,0,0.03021445,0.030603778,0.013204741
2017,826,8472,0,0.061512742,0.063473575,0.03347075
2017,826,8473,0,0.07181558,0.09572165,0.3134363
2017,826,8474,0,0.17423616,0.15640876,-0.12929805
2017,826,8475,0,0.15283488,0.18019605,0.19751766
2017,826,8476,0,0.12567955,0.12238428,-0.030331371
2017,826,8477,0,0.042765725,0.039381728,-0.0859639
2017,826,8478,1,0.13098969,0.15375534,0.18679044
2017,826,8479,0,0.03414708,0.021222072,-0.4889285
2017,826,8480,0,0.16546825,0.1235449,-0.34118932
2017,826,8481,0,0.073959425,0.04909398,-0.43627745
2017,826,8482,0,0.03323122,0.03088218,-0.07573727
2017,826,8483,0,0.076860785,0.05966289,-0.27174392
2017,826,8484,0,0.06832242,0.05503095,-0.2305076
2017,826,8485,0,0.08582888,0.065140426,-0.29818866
2017,251,8401,1,0.6516769,0.6674085,0.07006903
2017,251,8403,0,0.1253646,0.091145396,-0.3571483
2017,251,8404,0,0.24431373,0.3047601,0.30444106
2017,251,8405,1,0.45753512,0.2724396,-0.8120103
2017,251,8406,1,0.2417322,0.27669692,0.18230055
2017,251,8407,0,0.13121599,0.17983055,0.37275386
2017,251,8408,0,0.07287696,0.07315863,0.00416132
2017,251,8409,0,0.045780364,0.03668682,-0.23092249
2017,251,8411,0,0.13501859,0.09533406,-0.39288303
2017,251,8412,0,0.17325154,0.16307911,-0.072738186
2017,251,8413,0,0.07305223,0.05424185,-0.31781152
2017,251,8414,0,0.09059141,0.0666422,-0.33301547
2017,251,8415,0,0.10588419,0.08603879,-0.22950052
2017,251,8416,0,0.51184404,0.4052927,-0.43084484
2017,251,8417,0,0.18515821,0.20879014,0.14954965
2017,251,8418,0,0.1161498,0.06541704,-0.62991095
2017,251,8419,0,0.11650204,0.092466466,-0.25790432
2017,251,8420,0,0.20353645,0.20132384,-0.013704511
2017,251,8421,0,0.074778885,0.052524358,-0.37702712
2017,251,8422,0,0.107136875,0.07889047,-0.3371925
2017,251,8424,0,0.10551775,0.07709481,-0.3451246
2017,251,8425,0,0.10732139,0.095017195,-0.13545941
2017,251,8426,0,0.19349705,0.19255254,-0.006063702
2017,251,8427,0,0.048603535,0.043270748,-0.12180905
2017,251,8428,0,0.12723273,0.10121339,-0.25816363
2017,251,8429,0,0.04769097,0.0558314,0.16617918
2017,251,8430,0,0.10205713,0.12349188,0.2148032
2017,251,8431,0,0.027041588,0.023960318,-0.1241389
2017,251,8432,0,0.03727195,0.03681009,-0.012948854
2017,251,8433,0,0.09573179,0.07791977,-0.2253769
2017,251,8434,0,0.1259559,0.11977355,-0.05737737
2017,251,8435,0,0.13812064,0.18686056,0.36044788
2017,251,8436,0,0.054644212,0.0546002,-0.0008524622
2017,251,8438,0,0.08728227,0.06759034,-0.27702788
2017,251,8439,0,0.18779731,0.2221703,0.21132316
2017,251,8441,0,0.16215087,0.12781127,-0.27814025
2017,251,8442,1,0.24810475,0.22533861,-0.12607595
2017,251,8443,0,0.040625956,0.058299813,0.37978587
2017,251,8444,0,0.19023983,0.2260908,0.21793467
2017,251,8445,0,0.22593668,0.2491836,0.12842779
2017,251,8446,0,0.15440828,0.20697281,0.35716632
2017,251,8447,0,0.34723017,0.39670545,0.21202531
2017,251,8448,0,0.067256086,0.0516294,-0.28103095
2017,251,8449,0,0.2535542,0.40992016,0.71545005
2017,251,8450,0,0.17195086,0.12441816,-0.37937665
2017,251,8451,0,0.0437952,0.03688394,-0.17894989
2017,251,8453,0,0.24388333,0.22471593,-0.10688678
2017,251,8454,0,0.1782058,0.21413676,0.2283831
2017,251,8455,0,0.19515175,0.23793322,0.2528322
2017,251,8456,0,0.11843674,0.09900704,-0.2009888
2017,251,8457,1,0.17513697,0.19562244,0.13576671
2017,251,8458,0,0.14317176,0.21494573,0.49382523
2017,251,8459,0,0.11658614,0.139284,0.2039138
2017,251,8460,0,0.10627031,0.12303169,0.16538852
2017,251,8461,0,0.12269072,0.116907656,-0.054852463
2017,251,8462,0,0.1385679,0.1424171,0.031878147
2017,251,8463,0,0.17872259,0.19907445,0.13293692
2017,251,8464,0,0.12773089,0.13557364,0.06862119
2017,251,8465,0,0.18510278,0.1564241,-0.20292817
2017,251,8466,0,0.035061836,0.028426813,-0.216633
2017,251,8467,0,0.11725245,0.085046455,-0.3569658
2017,251,8468,1,0.2099086,0.23517478,0.14615802
2017,251,8470,0,0.2198551,0.16503848,-0.35469607
2017,251,8471,0,0.028765863,0.026607713,-0.08020791
2017,251,8472,1,0.0763746,0.09695194,0.2610959
2017,251,8473,0,0.07826561,0.09395107,0.19982955
2017,251,8475,0,0.17019182,0.20031305,0.1999295
2017,251,8476,0,0.15077448,0.15497497,0.032436967
2017,251,8477,0,0.074717514,0.05953149,-0.24348809
2017,251,8478,0,0.24914303,0.28510144,0.1838925
2017,251,8479,0,0.04438474,0.03345302,-0.29412818
2017,251,8480,0,0.114522524,0.08570491,-0.32188773
2017,251,8481,0,0.074444,0.055531293,-0.31332844
2017,251,8482,0,0.047212806,0.042631328,-0.10687282
2017,251,8483,0,0.083860725,0.06466782,-0.28062692
2017,251,8484,0,0.1261161,0.090593584,-0.37066397
2017,251,8485,0,0.15602738,0.14499761,-0.0862985
2017,490,8402,1,0.19508785,0.28529632,0.49894348
2017,490,8403,1,0.73885554,0.9242396,1.4613662
2017,490,8404,1,0.22393884,0.26314852,0.2131906
2017,490,8405,0,0.53936327,0.58752596,0.19596778
2017,490,8406,1,0.7778181,0.77909243,0.0073890877
2017,490,8407,0,0.19255692,0.2811566,0.494749
2017,490,8408,0,0.089721404,0.1396015,0.49843767
2017,490,8409,0,0.062320378,0.041601025,-0.42601955
2017,490,8410,0,0.7343448,0.7519559,0.09229186
2017,490,8411,0,0.15362442,0.12495494,-0.23986986
2017,490,8412,0,0.10662367,0.10802429,0.014619483
2017,490,8413,0,0.052110583,0.04437473,-0.1688259
2017,490,8414,0,0.047722626,0.039706793,-0.19226585
2017,490,8415,0,0.053373158,0.042917706,-0.22900793
2017,490,8416,0,0.142882,0.14255859,-0.00264339
2017,490,8417,0,0.19727464,0.23388423,0.21690883
2017,490,8418,0,0.03842744,0.033289205,-0.1488679
2017,490,8419,0,0.06553365,0.07363648,0.12528573
2017,490,8420,0,0.44080332,0.46921444,0.114604056
2017,490,8421,0,0.053171102,0.035278212,-0.4289708
2017,490,8422,0,0.046449434,0.04265903,-0.08909241
2017,490,8423,0,0.070535526,0.0616955,-0.14337143
2017,490,8424,0,0.054412298,0.043163262,-0.24342659
2017,490,8425,0,0.122108616,0.11100514,-0.10790302
2017,490,8426,1,0.16513512,0.1833909,0.12696522
2017,490,8427,0,0.08989037,0.086008966,-0.048394926
2017,490,8428,0,0.1308431,0.12848613,-0.020886155
2017,490,8429,0,0.40692866,0.47662926,0.2831256
2017,490,8430,0,0.15497889,0.24320798,0.56090117
2017,490,8431,0,0.06427669,0.06336338,-0.0152865285
2017,490,8432,0,0.122332305,0.1096495,-0.12379925
2017,490,8433,0,0.10535307,0.08372322,-0.25369045
2017,490,8434,0,0.22169301,0.25421867,0.17958981
2017,490,8435,1,0.21164148,0.3036503,0.485084
2017,490,8436,0,0.115263626,0.13540463,0.18407385
2017,490,8437,0,0.11027906,0.14444871,0.3090721
2017,490,8438,0,0.054088082,0.05255644,-0.030344276
2017,490,8439,0,0.22390439,0.2441322,0.112899885
2017,490,8440,0,0.23634005,0.23525962,-0.0059957034
2017,490,8441,0,0.06878106,0.06808325,-0.010946279
2017,490,8442,0,0.20569485,0.25397596,0.2735558
2017,490,8443,0,0.04624603,0.07006857,0.44079363
2017,490,8444,0,0.27328336,0.26288375,-0.053006385
2017,490,8445,1,0.18954004,0.256049,0.3863954
2017,490,8446,0,0.1782143,0.22845988,0.31146494
2017,490,8447,0,0.08000607,0.09475287,0.18532881
2017,490,8448,0,0.06920032,0.08082013,0.16778271
2017,490,8449,1,0.58324605,0.6199071,0.15304069
2017,490,8450,1,0.16628774,0.11763366,-0.40286344
2017,490,8451,0,0.10311129,0.12387613,0.20689747
2017,490,8452,0,0.04527686,0.04553593,0.0059769806
2017,490,8453,0,0.15118805,0.19499539,0.30744115
2017,490,8454,0,0.17585544,0.25986698,0.49802375
2017,490,8455,0,0.14389439,0.17806241,0.2537838
2017,490,8456,0,0.15045328,0.1746762,0.17820849
2017,490,8457,0,0.095413566,0.11098256,0.16851328
2017,490,8458,0,0.0780314,0.0985422,0.2558716
2017,490,8459,0,0.17870218,0.2075812,0.18559778
2017,490,8460,0,0.08589424,0.11285745,0.30294943
2017,490,8461,0,0.09549112,0.13723901,0.40994525
2017,490,8462,0,0.07461327,0.083449066,0.12151224
2017,490,8463,0,0.14852774,0.16209298,0.10345816
2017,490,8464,0,0.15265226,0.14502597,-0.060209688
2017,490,8465,0,0.083950326,0.07269176,-0.15621267
2017,490,8466,0,0.05209305,0.05588359,0.0742461
2017,490,8467,0,0.096829765,0.07719317,-0.24815233
2017,490,8468,0,0.16655385,0.16804568,0.010708674
2017,490,8470,0,0.18537816,0.14563483,-0.28893024
2017,490,8471,0,0.048227984,0.039431654,-0.21057005
2017,490,8472,0,0.0878846,0.09123732,0.041121937
2017,490,8473,0,0.10431854,0.11584463,0.1177527
2017,490,8474,0,0.1219837,0.1434508,0.1868581
2017,490,8475,0,0.54235566,0.72710365,0.8101472
2017,490,8476,0,0.19682041,0.22175635,0.15082617
2017,490,8477,0,0.032500863,0.037548654,0.14960204
2017,490,8478,1,0.17092797,0.23497683,0.39864564
2017,490,8479,0,0.11059618,0.1031567,-0.077966176
2017,490,8480,0,0.06536734,0.0713776,0.094412506
2017,490,8481,0,0.055948205,0.044787176,-0.23425776
2017,490,8482,0,0.040665545,0.041119777,0.011581726
2017,490,8483,0,0.050991435,0.050391145,-0.012474421
2017,490,8484,0,0.0750034,0.057498574,-0.28452066
2017,490,8485,1,0.13127916,0.13623568,0.042782243
2017,702,8402,0,0.26029345,0.27458403,0.072955914
2017,702,8407,0,0.1025955,0.10997687,0.077735215
2017,702,8408,0,0.17396626,0.20090055,0.17709884
2017,702,8410,0,0.28939664,0.3532965,0.2937358
2017,702,8411,0,0.11921958,0.08713319,-0.34931087
2017,702,8412,0,0.09504479,0.10227911,0.081383415
2017,702,8413,0,0.036763918,0.035889745,-0.024972362
2017,702,8414,0,0.039552405,0.03883705,-0.018996555
2017,702,8416,0,0.18012731,0.20698225,0.17227252
2017,702,8417,0,0.20913385,0.25698873,0.26847547
2017,702,8418,0,0.07751697,0.08574544,0.109845825
2017,702,8419,0,0.1052351,0.10169016,-0.0382204
2017,702,8420,0,0.18026046,0.23445503,0.33125973
2017,702,8421,0,0.044115447,0.040504616,-0.089164525
2017,702,8422,0,0.10762343,0.1065714,-0.011001243
2017,702,8423,0,0.1366428,0.14422314,0.062810265
2017,702,8424,0,0.057505373,0.060473368,0.05347873
2017,702,8425,1,0.17172858,0.18614884,0.09819474
2017,702,8426,0,0.101766184,0.13731244,0.3399588
2017,702,8428,0,0.111508146,0.1132359,0.017322171
2017,702,8430,0,0.14376163,0.15475485,0.086607836
2017,702,8431,0,0.05369554,0.057454802,0.071649015
2017,702,8432,1,0.33952886,0.4514647,0.47063994
2017,702,8433,0,0.4638027,0.47190797,0.03255636
2017,702,8434,0,0.44724777,0.47265467,0.1023065
2017,702,8435,1,0.41228095,0.5710527,0.6406911
2017,702,8436,0,0.12983336,0.16064619,0.24900481
2017,702,8437,0,0.14283906,0.17602184,0.24837126
2017,702,8439,0,0.2487495,0.30289486,0.27174237
2017,702,8441,1,0.4386125,0.4435398,0.019986993
2017,702,8442,0,0.2283092,0.3105778,0.42046383
2017,702,8443,0,0.05052992,0.062072385,0.2179668
2017,702,8445,0,0.32230282,0.32650876,0.019190758
2017,702,8448,1,0.22926895,0.26599953,0.19742858
2017,702,8449,0,0.70466065,0.6567785,-0.22062014
2017,702,8451,0,0.12561363,0.12191112,-0.034143977
2017,702,8452,0,0.14528188,0.16144355,0.12456959
2017,702,8453,1,0.20699291,0.2632485,0.31399548
2017,702,8454,0,0.20811146,0.29797372,0.4793813
2017,702,8455,1,0.2587925,0.28919074,0.15293641
2017,702,8456,0,0.1038492,0.16842176,0.5583147
2017,702,8457,0,0.36244178,0.35763013,-0.020883288
2017,702,8458,0,0.14103761,0.15067726,0.077399515
2017,702,8459,0,0.15779813,0.22282857,0.4254449
2017,702,8460,0,0.12301872,0.12615983,0.028801158
2017,702,8461,1,0.40542668,0.3718918,-0.1412055
2017,702,8462,0,0.13935724,0.16832441,0.22308943
2017,702,8463,0,0.24153297,0.3173314,0.37823042
2017,702,8464,0,0.19659096,0.25481936,0.33466706
2017,702,8465,0,0.14464203,0.17939574,0.2568114
2017,702,8466,0,0.23745756,0.33046824,0.46060118
2017,702,8467,0,0.098056234,0.09033276,-0.09056763
2017,702,8468,1,0.13345619,0.22091286,0.6103848
2017,702,8470,0,0.1589543,0.12475574,-0.2821161
2017,702,8471,1,0.024792453,0.030202972,0.20296457
2017,702,8473,0,0.058227863,0.058872,0.011685877
2017,702,8474,0,0.114979275,0.13431701,0.1775432
2017,702,8475,0,0.44490725,0.31861418,-0.53887844
2017,702,8477,0,0.10378519,0.0903713,-0.15325294
2017,702,8478,1,0.24389654,0.3087569,0.32549664
2017,702,8479,0,0.07636359,0.03739993,-0.7551568
2017,702,8480,0,0.16659656,0.21734239,0.3287214
2017,702,8481,0,0.09722423,0.07876903,-0.23073658
2017,702,8482,0,0.04444258,0.053617496,0.19732538
2017,702,8483,0,0.03415753,0.035219464,0.031715903
2017,702,8484,0,0.096790254,0.14246634,0.4384537
2017,702,8485,0,0.06671457,0.089039885,0.3128732
2017,528,8401,1,0.26721814,0.2500624,-0.08949675
2017,528,8403,0,0.08034526,0.051728215,-0.47097248
2017,528,8404,1,0.4646442,0.40738612,-0.2331221
2017,528,8405,1,0.22422124,0.31651068,0.47138017
2017,528,8407,0,0.16821624,0.2234884,0.35287008
2017,528,8408,0,0.054291297,0.05774781,0.0653832
2017,528,8409,0,0.073209174,0.05693596,-0.26879996
2017,528,8410,1,0.23504762,0.28888094,0.2792002
2017,528,8411,0,0.1681466,0.15147553,-0.12425479
2017,528,8412,0,0.097155124,0.08755674,-0.114597194
2017,528,8413,0,0.06974411,0.049889732,-0.35613605
2017,528,8414,0,0.10273153,0.07518079,-0.3424664
2017,528,8415,0,0.09849148,0.075951345,-0.28457245
2017,528,8416,0,0.20739253,0.19281736,-0.091091774
2017,528,8417,0,0.141205,0.1868789,0.33489823
2017,528,8418,0,0.09631552,0.065818004,-0.4139271
2017,528,8419,0,0.11351991,0.09438966,-0.20589711
2017,528,8420,0,0.20159732,0.2413142,0.23085296
2017,528,8421,0,0.07357935,0.052604828,-0.3579444
2017,528,8422,0,0.114267856,0.075351305,-0.45938337
2017,528,8423,0,0.14723213,0.10068936,-0.4331114
2017,528,8424,0,0.080183774,0.048891615,-0.5281694
2017,528,8425,0,0.12573612,0.09856579,-0.27406594
2017,528,8426,0,0.16266888,0.16538912,0.019838328
2017,528,8427,0,0.038908694,0.034897167,-0.11297733
2017,528,8428,0,0.11217346,0.084254906,-0.3171614
2017,528,8429,0,0.045857083,0.05805207,0.24867423
2017,528,8430,0,0.07867955,0.08887613,0.13298944
2017,528,8431,0,0.03294632,0.025727442,-0.25475827
2017,528,8432,0,0.031098094,0.03292706,0.05903761
2017,528,8433,0,0.10672903,0.08958797,-0.19407937
2017,528,8434,0,0.0944159,0.10590685,0.12762067
2017,528,8435,1,0.59723824,0.46149397,-0.5483007
2017,528,8436,0,0.043514196,0.04416827,0.015603474
2017,528,8437,0,0.09812687,0.11839888,0.21053228
2017,528,8438,0,0.07632083,0.060296796,-0.25286636
2017,528,8439,1,0.21234553,0.26264933,0.27860093
2017,528,8440,0,0.1279455,0.1235491,-0.039994534
2017,528,8441,0,0.14110897,0.10799236,-0.30530447
2017,528,8442,0,0.14413375,0.12058254,-0.20555279
2017,528,8443,0,0.03400807,0.046432424,0.32434544
2017,528,8444,0,0.4159946,0.39102286,-0.103776775
2017,528,8445,0,0.4574442,0.43195796,-0.10323125
2017,528,8446,0,0.19370218,0.22385588,0.18279564
2017,528,8447,1,0.46366557,0.3793179,-0.34685
2017,528,8448,0,0.14687449,0.1176179,-0.2558558
2017,528,8449,1,0.73451066,0.609936,-0.5705868
2017,528,8450,0,0.29787236,0.2681579,-0.14653857
2017,528,8451,0,0.14331093,0.079296656,-0.6638837
2017,528,8453,0,0.21653287,0.20995297,-0.039222106
2017,528,8454,1,0.48019636,0.37542304,-0.42976505
2017,528,8455,0,0.22796473,0.24953268,0.11873303
2017,528,8456,0,0.08111381,0.08263504,0.02023738
2017,528,8457,0,0.2012017,0.25873238,0.32623312
2017,528,8458,0,0.14535862,0.17673762,0.23286942
2017,528,8459,0,0.20480096,0.24615113,0.23730774
2017,528,8460,0,0.147854,0.17431696,0.19619673
2017,528,8461,0,0.15195526,0.17182492,0.1465987
2017,528,8462,0,0.114158675,0.10255402,-0.12021472
2017,528,8463,1,0.47842783,0.4992491,0.08333866
2017,528,8464,0,0.12338647,0.11625679,-0.06762038
2017,528,8465,0,0.22830658,0.17828798,-0.31009182
2017,528,8466,0,0.049954314,0.035771262,-0.34878266
2017,528,8467,0,0.07087896,0.059940934,-0.17931773
2017,528,8468,0,0.30376926,0.2783766,-0.1231158
2017,528,8470,0,0.21310952,0.17376117,-0.25291923
2017,528,8471,0,0.029612202,0.024802791,-0.18217415
2017,528,8472,0,0.087449804,0.09429634,0.082908355
2017,528,8473,0,0.18608643,0.2629784,0.44509757
2017,528,8474,0,0.15700348,0.15257312,-0.0338657
2017,528,8475,0,0.17243327,0.2275138,0.34607625
2017,528,8476,0,0.21960926,0.1548875,-0.428826
2017,528,8477,0,0.09464671,0.08065641,-0.1752874
2017,528,8478,0,0.14583136,0.23919411,0.61057496
2017,528,8479,0,0.07371033,0.041996516,-0.5962207
2017,528,8480,0,0.10548252,0.078105286,-0.33063415
2017,528,8481,0,0.071222045,0.052739017,-0.3201519
2017,528,8482,0,0.0853354,0.06110334,-0.36017078
2017,528,8483,0,0.0709878,0.05588008,-0.25543147
2017,528,8484,0,0.10443209,0.07375368,-0.3814882
2017,528,8485,0,0.10654026,0.08862287,-0.20398864
2017,410,8401,1,0.63536143,0.6344967,-0.0037307802
2017,410,8402,1,0.273569,0.29756105,0.11765059
2017,410,8403,0,0.08278135,0.053846173,-0.46113098
2017,410,8404,1,0.13296813,0.16853608,0.27892825
2017,410,8405,1,0.25835714,0.31402728,0.27316687
2017,410,8406,0,0.26223975,0.3184206,0.27332005
2017,410,8407,0,0.077934965,0.077170484,-0.010686443
2017,410,8408,0,0.061155558,0.077601716,0.2558414
2017,410,8409,0,0.03437202,0.028230136,-0.20319322
2017,410,8410,0,0.2580524,0.25051787,-0.03973618
2017,410,8411,0,0.096963264,0.080559105,-0.20334363
2017,410,8412,0,0.09599356,0.090737335,-0.062109824
2017,410,8413,0,0.03638463,0.030316904,-0.18871816
2017,410,8414,0,0.0430683,0.036536746,-0.17127119
2017,410,8415,0,0.047407825,0.037351165,-0.24892506
2017,410,8416,1,0.1963485,0.15139906,-0.31439534
2017,410,8417,0,0.14477289,0.15234898,0.05990552
2017,410,8418,0,0.12692845,0.097537704,-0.2964938
2017,410,8419,0,0.13599016,0.1310519,-0.042688414
2017,410,8420,0,0.21263503,0.26564032,0.292259
2017,410,8421,0,0.036459044,0.029904936,-0.20494507
2017,410,8422,0,0.08633832,0.071168326,-0.20969264
2017,410,8423,0,0.13330677,0.10904021,-0.22855045
2017,410,8424,0,0.040638477,0.037625052,-0.08018139
2017,410,8425,0,0.11145747,0.10712944,-0.04446437
2017,410,8426,0,0.12377892,0.1616483,0.31110674
2017,410,8427,0,0.059350546,0.052707497,-0.12574093
2017,410,8428,0,0.068170965,0.055878963,-0.21193567
2017,410,8429,0,0.03447642,0.0455293,0.28959388
2017,410,8431,0,0.03448177,0.03909878,0.13045375
2017,410,8432,0,0.12103449,0.11659623,-0.042395353
2017,410,8433,0,0.44988734,0.32278138,-0.5398929
2017,410,8434,1,0.21658833,0.20496269,-0.06990114
2017,410,8435,0,0.1313038,0.1873286,0.42201725
2017,410,8436,0,0.68122375,0.43318588,-1.028266
2017,410,8437,0,0.12997198,0.14031468,0.088527724
2017,410,8438,0,0.09352508,0.09684436,0.03854383
2017,410,8439,0,0.18092,0.2131815,0.20427313
2017,410,8440,0,0.13295972,0.15464611,0.17642313
2017,410,8441,0,0.1076477,0.08355951,-0.27994075
2017,410,8442,0,0.24047206,0.16659379,-0.45986953
2017,410,8443,0,0.043285664,0.062008463,0.37921324
2017,410,8444,0,0.20972706,0.21602951,0.03761502
2017,410,8445,0,0.3512283,0.43649304,0.35823718
2017,410,8446,0,0.22243994,0.2970281,0.39001343
2017,410,8447,1,0.1991093,0.19319975,-0.03748086
2017,410,8448,0,0.15864179,0.13446644,-0.1936628
2017,410,8449,0,0.19554015,0.25872838,0.361817
2017,410,8450,1,0.08892124,0.054043528,-0.5355285
2017,410,8451,0,0.1094252,0.079758614,-0.34900543
2017,410,8452,0,0.17214207,0.1874067,0.103571914
2017,410,8453,0,0.18347578,0.23068984,0.28855377
2017,410,8454,0,0.16177225,0.20569475,0.29402575
2017,410,8455,0,0.15307534,0.16999002,0.124983534
2017,410,8456,1,0.15163925,0.37920848,1.2288924
2017,410,8457,0,0.12811463,0.13582915,0.067359924
2017,410,8458,0,0.07408849,0.08413582,0.1380828
2017,410,8459,0,0.08729454,0.09912895,0.14018454
2017,410,8460,0,0.1420058,0.1672264,0.19331622
2017,410,8461,0,0.1346115,0.16169585,0.21512185
2017,410,8462,0,0.07769271,0.07754058,-0.0021250255
2017,410,8463,0,0.15514605,0.17832492,0.16705903
2017,410,8464,0,0.27688757,0.28916004,0.06048612
2017,410,8465,1,0.13237439,0.12948583,-0.025386477
2017,410,8466,0,0.051419627,0.0577002,0.121883556
2017,410,8467,0,0.06841194,0.0574262,-0.18677011
2017,410,8468,0,0.19989827,0.22852273,0.17025886
2017,410,8470,0,0.3029591,0.24473862,-0.29362676
2017,410,8471,0,0.038869705,0.028706573,-0.31360778
2017,410,8472,0,0.06412637,0.06938692,0.08447961
2017,410,8473,0,0.1427865,0.1275407,-0.13054419
2017,410,8474,0,0.11415638,0.1347782,0.18961567
2017,410,8475,0,0.352209,0.38777164,0.1526546
2017,410,8476,0,0.15427859,0.16823415,0.10323581
2017,410,8477,0,0.05167268,0.049674593,-0.04154048
2017,410,8478,0,0.40726578,0.48840824,0.32890478
2017,410,8479,0,0.070368685,0.059596468,-0.17767319
2017,410,8480,0,0.0835346,0.06818836,-0.21959327
2017,410,8481,0,0.040774107,0.036420643,-0.11743974
2017,410,8482,0,0.03883907,0.035686083,-0.087941
2017,410,8483,0,0.04195615,0.03620942,-0.15328634
2017,410,8484,0,0.04572941,0.042323258,-0.08096794
2017,410,8485,0,0.073282085,0.06684968,-0.098786905
2017,458,8404,1,0.405827,0.5416468,0.5482175
2017,458,8405,1,0.4137902,0.39152795,-0.09257532
2017,458,8407,0,0.27113032,0.3264587,0.2646494
2017,458,8408,0,0.20644008,0.22488147,0.109076485
2017,458,8411,0,0.14507443,0.14606534,0.007966767
2017,458,8412,0,0.15687053,0.14073971,-0.12745994
2017,458,8413,0,0.079126164,0.067772605,-0.1671392
2017,458,8414,0,0.057498354,0.051827468,-0.10983493
2017,458,8415,0,0.038429826,0.039477676,0.02799186
2017,458,8416,0,0.5401726,0.5226179,-0.070504196
2017,458,8417,0,0.22778277,0.23475476,0.03921849
2017,458,8418,0,0.11160302,0.079867214,-0.36968213
2017,458,8419,0,0.18682353,0.2151128,0.1764064
2017,458,8420,0,0.23162825,0.2774065,0.24177718
2017,458,8421,0,0.06109462,0.04788657,-0.25755808
2017,458,8422,0,0.11478069,0.11292457,-0.018397884
2017,458,8423,0,0.12492648,0.12391149,-0.009317016
2017,458,8424,0,0.07310504,0.06645473,-0.10252559
2017,458,8425,0,0.23708586,0.21500109,-0.12631606
2017,458,8426,0,0.17904855,0.2230541,0.2748507
2017,458,8427,0,0.12291694,0.104582235,-0.18222389
2017,458,8428,0,0.10112323,0.106567726,0.058516156
2017,458,8430,0,0.20051022,0.1834895,-0.1097737
2017,458,8431,0,0.08110141,0.081584156,0.0064601107
2017,458,8433,0,0.18400112,0.19695726,0.08404995
2017,458,8436,0,0.0857623,0.09899638,0.1580851
2017,458,8437,0,0.27308613,0.2854005,0.06119204
2017,458,8438,0,0.14435014,0.11213249,-0.28952193
2017,458,8439,1,0.2909876,0.34148824,0.23392312
2017,458,8441,0,0.15740089,0.18000911,0.1614095
2017,458,8442,1,0.40123656,0.41794127,0.06908493
2017,458,8443,0,0.12507921,0.13491128,0.086971566
2017,458,8445,0,0.44774815,0.48726183,0.15880968
2017,458,8447,0,0.2686618,0.3914723,0.5602949
2017,458,8448,0,0.14756921,0.15723783,0.07486947
2017,458,8450,1,0.43893373,0.3934239,-0.18745187
2017,458,8451,0,0.09640046,0.110841386,0.15569982
2017,458,8452,1,0.1656992,0.23481452,0.43509755
2017,458,8453,1,0.58027834,0.6172982,0.15417975
2017,458,8454,0,0.21655227,0.29573992,0.418205
2017,458,8455,0,0.1764454,0.21348736,0.23658724
2017,458,8456,1,0.3501367,0.48670906,0.5652621
2017,458,8457,0,0.29793015,0.323994,0.121696964
2017,458,8458,0,0.17384908,0.21599838,0.26944983
2017,458,8459,0,0.18196099,0.24020599,0.35156718
2017,458,8460,0,0.15220147,0.13502729,-0.13978322
2017,458,8461,1,0.3837227,0.30703008,-0.34026393
2017,458,8462,0,0.111082815,0.12147994,0.10123855
2017,458,8463,1,0.18431243,0.2602014,0.44247693
2017,458,8464,1,0.5579278,0.5618787,0.016033733
2017,458,8465,0,0.2050172,0.22191869,0.100706674
2017,458,8466,0,0.13936369,0.16741085,0.2164956
2017,458,8467,0,0.08255447,0.08892483,0.081300944
2017,458,8468,0,0.26623827,0.24933575,-0.08836541
2017,458,8470,0,0.1912986,0.15801735,-0.23146032
2017,458,8472,1,0.18940628,0.2582431,0.3987526
2017,458,8473,0,0.0899764,0.08553134,-0.05553727
2017,458,8474,0,0.16330804,0.17119198,0.056614697
2017,458,8475,0,0.22670487,0.30457708,0.40141562
2017,458,8476,0,0.26430365,0.2899015,0.12785633
2017,458,8477,0,0.0689128,0.08545244,0.23304151
2017,458,8478,1,0.43098113,0.5800726,0.6009205
2017,458,8479,0,0.09774696,0.13003185,0.32183585
2017,458,8480,0,0.10164022,0.12771659,0.25783053
2017,458,8481,0,0.085529424,0.06386169,-0.31555867
2017,458,8482,0,0.052727807,0.062249344,0.17610738
2017,458,8484,0,0.09014791,0.087700464,-0.03021093
2017,458,8485,0,0.40202373,0.32641703,-0.32739553
2017,124,8401,0,0.44347095,0.37033996,-0.3036717
2017,124,8402,1,0.72089857,0.7006513,-0.09852175
2017,124,8403,0,0.24675672,0.24270755,-0.0219068
2017,124,8404,0,0.33514762,0.3315574,-0.016155802
2017,124,8405,1,0.7559319,0.7418273,-0.07501603
2017,124,8406,1,0.44526616,0.44416982,-0.0044396287
2017,124,8407,0,0.11671637,0.08489041,-0.35378322
2017,124,8408,0,0.1932153,0.17623813,-0.11279359
2017,124,8409,0,0.074980274,0.034788303,-0.8104762
2017,124,8410,0,0.24789058,0.21915229,-0.16071884
2017,124,8411,0,0.09711513,0.08133072,-0.19470452
2017,124,8412,0,0.1400263,0.12788457,-0.104722194
2017,124,8413,0,0.122690305,0.11222554,-0.10101034
2017,124,8414,0,0.15817513,0.10182081,-0.50528586
2017,124,8415,0,0.12361653,0.09502767,-0.29511684
2017,124,8416,0,0.21316443,0.2046145,-0.05174374
2017,124,8417,0,0.15805157,0.108541824,-0.4329255
2017,124,8418,0,0.16014628,0.07794813,-0.81341773
2017,124,8419,0,0.13900569,0.09091634,-0.4789243
2017,124,8420,1,0.58239037,0.39608863,-0.7543834
2017,124,8421,0,0.118309215,0.0702861,-0.5737631
2017,124,8422,0,0.16117534,0.13521022,-0.20614694
2017,124,8423,0,0.14656927,0.1252078,-0.18224552
2017,124,8424,0,0.098061964,0.0751384,-0.291366
2017,124,8425,0,0.153021,0.092454016,-0.572932
2017,124,8426,0,0.3275509,0.29475874,-0.15309975
2017,124,8427,0,0.14004388,0.13300534,-0.05971796
2017,124,8428,0,0.16318317,0.065130375,-1.0292841
2017,124,8429,0,0.19454448,0.19545923,0.005827325
2017,124,8430,0,0.18148753,0.17283133,-0.059390955
2017,124,8431,0,0.058295716,0.053014226,-0.10056119
2017,124,8432,0,0.0927653,0.08084257,-0.1506252
2017,124,8433,0,0.112284996,0.08363076,-0.32639748
2017,124,8434,0,0.56796414,0.5259392,-0.16969934
2017,124,8436,0,0.08287481,0.06934035,-0.19295382
2017,124,8437,0,0.20777225,0.16084357,-0.31355843
2017,124,8438,0,0.12025359,0.05830626,-0.79193985
2017,124,8439,0,0.20369574,0.19323057,-0.06579985
2017,124,8440,0,0.21160454,0.21604088,0.026391355
2017,124,8441,0,0.1872443,0.14792278,-0.28297028
2017,124,8442,1,0.19802569,0.12317815,-0.56399244
2017,124,8443,0,0.08459188,0.098355,0.1658942
2017,124,8445,0,0.26921532,0.26626027,-0.015072771
2017,124,8448,0,0.20601314,0.18548118,-0.13051723
2017,124,8451,0,0.22286324,0.16831632,-0.34854913
2017,124,8452,0,0.1930694,0.16991672,-0.15602964
2017,124,8454,0,0.17262135,0.15221028,-0.15020768
2017,124,8455,0,0.4249455,0.3719652,-0.22129147
2017,124,8456,0,0.19162552,0.14862128,-0.30597347
2017,124,8457,0,0.22368181,0.20224005,-0.12801458
2017,124,8458,0,0.20040014,0.12976295,-0.51926106
2017,124,8459,1,0.21191591,0.24070017,0.16457054
2017,124,8460,0,0.21181017,0.16802984,-0.28560635
2017,124,8461,0,0.15811725,0.13385221,-0.19501528
2017,124,8462,1,0.25271183,0.22992189,-0.1245513
2017,124,8463,1,0.5399153,0.5112235,-0.11510001
2017,124,8464,1,0.13615328,0.089589,-0.47104946
2017,124,8465,0,0.13082013,0.09120686,-0.4052607
2017,124,8466,0,0.068139076,0.045989256,-0.4166344
2017,124,8467,0,0.10746942,0.07878509,-0.34211504
2017,124,8468,0,0.18072298,0.10876962,-0.5919139
2017,124,8470,0,0.27298167,0.17934391,-0.54125184
2017,124,8471,0,0.04535412,0.037048172,-0.21094489
2017,124,8472,0,0.1289412,0.118689105,-0.0945499
2017,124,8473,0,0.14721479,0.15963739,0.09568659
2017,124,8474,0,0.1880476,0.1497562,-0.27376798
2017,124,8475,0,0.59667414,0.5870613,-0.039796285
2017,124,8476,0,0.28865218,0.25343508,-0.17843579
2017,124,8477,0,0.1039664,0.084302805,-0.23136045
2017,124,8478,1,0.58993196,0.6677831,0.3344911
2017,124,8479,0,0.10605687,0.09699281,-0.099426895
2017,124,8480,0,0.12967344,0.11286732,-0.15793249
2017,124,8481,0,0.12891172,0.088104464,-0.42638674
2017,124,8482,0,0.07720513,0.065594696,-0.17547452
2017,124,8483,0,0.07893393,0.05442704,-0.39800918
2017,124,8484,0,0.15227224,0.11352122,-0.3383778
2017,124,8485,0,0.1503413,0.12245225,-0.23748364
2017,484,8402,0,0.37919053,0.39064765,0.04839461
2017,484,8403,0,0.3245675,0.3257745,0.005500465
2017,484,8404,0,0.35973826,0.36937064,0.04158255
2017,484,8406,0,0.27966326,0.28099793,0.006615669
2017,484,8407,0,0.12505616,0.09611833,-0.29572168
2017,484,8408,0,0.12161972,0.07453742,-0.5418119
2017,484,8409,0,0.07762127,0.06694451,-0.15948632
2017,484,8411,0,0.14058349,0.10118245,-0.37370262
2017,484,8412,0,0.15867212,0.14622477,-0.09638167
2017,484,8413,0,0.115620635,0.07906316,-0.42057267
2017,484,8414,0,0.14615166,0.13349557,-0.10529034
2017,484,8415,0,0.14815944,0.14175186,-0.051704846
2017,484,8416,0,0.3147567,0.2893772,-0.1204367
2017,484,8417,0,0.21328953,0.18419321,-0.1829826
2017,484,8418,0,0.13231021,0.11000553,-0.20999967
2017,484,8419,0,0.16717115,0.11166677,-0.46801776
2017,484,8420,0,0.40887,0.31583032,-0.4043621
2017,484,8421,0,0.13272665,0.08800812,-0.46113962
2017,484,8422,0,0.14052022,0.10158733,-0.36873466
2017,484,8423,0,0.1349008,0.06354286,-0.83208466
2017,484,8424,0,0.1066822,0.0921209,-0.16292149
2017,484,8425,0,0.14288206,0.135224,-0.063981906
2017,484,8426,0,0.2614051,0.27547887,0.07167826
2017,484,8427,0,0.39018923,0.37691,-0.056167576
2017,484,8428,0,0.15098546,0.11528797,-0.31093624
2017,484,8429,0,0.24718527,0.25722507,0.053239472
2017,484,8430,0,0.22003807,0.21281664,-0.042585768
2017,484,8431,0,0.092299856,0.081605844,-0.1348543
2017,484,8432,0,0.19058973,0.13270202,-0.43109354
2017,484,8433,0,0.12586589,0.104825124,-0.20670862
2017,484,8434,0,0.30498698,0.31475368,0.045673493
2017,484,8436,0,0.18720154,0.16615818,-0.14480615
2017,484,8437,1,0.212779,0.19174132,-0.13048
2017,484,8438,1,0.14916484,0.10418052,-0.41044745
2017,484,8439,0,0.22051768,0.21256518,-0.04687963
2017,484,8441,1,0.26029983,0.19720113,-0.35946915
2017,484,8442,0,0.32839474,0.19514611,-0.7014578
2017,484,8443,0,0.0928011,0.09430626,0.017749527
2017,484,8450,0,0.09087247,0.063043885,-0.39577693
2017,484,8451,0,0.19370364,0.12889695,-0.48462507
2017,484,8453,0,0.21724045,0.20402695,-0.07949242
2017,484,8455,1,0.7361409,0.7080947,-0.13985816
2017,484,8456,0,0.17310894,0.12157138,-0.41388115
2017,484,8457,1,0.43916297,0.38684955,-0.21601464
2017,484,8458,0,0.22129369,0.21506485,-0.036518335
2017,484,8459,0,0.39540383,0.3856696,-0.040898852
2017,484,8460,1,0.34981424,0.31688046,-0.14828943
2017,484,8461,0,0.62556326,0.59554857,-0.12627824
2017,484,8462,0,0.179559,0.17305793,-0.044770166
2017,484,8463,1,0.52089876,0.48439643,-0.14607827
2017,484,8465,0,0.16467273,0.100441605,-0.5684639
2017,484,8466,0,0.10506795,0.08894612,-0.18443067
2017,484,8467,0,0.079370014,0.031886898,-0.96221626
2017,484,8468,0,0.25343752,0.20629933,-0.26701626
2017,484,8470,0,0.45295575,0.3008343,-0.6545929
2017,484,8471,0,0.09490273,0.07380241,-0.27450642
2017,484,8472,0,0.2128013,0.164716,-0.31542724
2017,484,8473,0,0.25967062,0.26738095,0.03972969
2017,484,8475,0,0.25608894,0.27772686,0.11063152
2017,484,8476,0,0.232379,0.22633742,-0.034182467
2017,484,8477,0,0.15212871,0.090481,-0.5897741
2017,484,8479,0,0.12770186,0.117750145,-0.092477374
2017,484,8480,0,0.16562264,0.1382559,-0.21287817
2017,484,8481,0,0.113369055,0.053544965,-0.81542134
2017,484,8482,0,0.101019554,0.074398026,-0.33506784
2017,484,8483,0,0.10320395,0.08338766,-0.23506296
2017,484,8484,0,0.165639,0.106688045,-0.5081713
2017,484,8485,0,0.1099785,0.08663579,-0.264461
2017,757,8402,0,0.21397403,0.27247268,0.31902203
2017,757,8403,0,0.19297957,0.09813772,-0.78732526
2017,757,8404,0,0.6081848,0.5637167,-0.18342842
2017,757,8406,0,0.18780957,0.2650905,0.44463015
2017,757,8407,1,0.29362053,0.50207466,0.88616306
2017,757,8408,0,0.13893493,0.11902295,-0.17755082
2017,757,8409,0,0.07105325,0.053665664,-0.29920068
2017,757,8411,1,0.072696455,0.05357721,-0.32557735
2017,757,8412,0,0.15527248,0.14489779,-0.081359744
2017,757,8413,0,0.06128949,0.04130611,-0.41566274
2017,757,8414,0,0.08451146,0.06155791,-0.34167188
2017,757,8415,0,0.15816294,0.10922086,-0.4267637
2017,757,8416,0,0.17058116,0.1504331,-0.14969409
2017,757,8417,0,0.17833897,0.2165983,0.2420408
2017,757,8418,0,0.16042474,0.11040372,-0.43155277
2017,757,8419,0,0.14842287,0.11017737,-0.34190592
2017,757,8420,0,0.41504985,0.35388723,-0.25886768
2017,757,8421,0,0.06958523,0.0502576,-0.3459509
2017,757,8422,0,0.13787746,0.095253676,-0.41807887
2017,757,8423,1,0.14124204,0.12112103,-0.17684467
2017,757,8424,0,0.06933513,0.04775187,-0.39585984
2017,757,8425,0,0.2414093,0.19858786,-0.25017524
2017,757,8426,0,0.24354501,0.24619356,0.014323657
2017,757,8427,0,0.10341399,0.083380714,-0.2374213
2017,757,8428,0,0.09691323,0.080074884,-0.20932738
2017,757,8429,0,0.11208476,0.1532369,0.3601849
2017,757,8430,0,0.18351686,0.20599352,0.14345281
2017,757,8431,0,0.039918777,0.03882672,-0.028875114
2017,757,8432,0,0.091682814,0.10730983,0.17473926
2017,757,8433,0,0.14967252,0.1184057,-0.27044323
2017,757,8434,0,0.26442686,0.33417973,0.33374444
2017,757,8435,0,0.18309772,0.22943091,0.28397208
2017,757,8436,0,0.16060062,0.20337996,0.28846407
2017,757,8437,0,0.14667547,0.12517118,-0.18342847
2017,757,8438,0,0.09111456,0.07202557,-0.25588167
2017,757,8439,0,0.16216268,0.17212099,0.07155455
2017,757,8440,0,0.15197147,0.1625439,0.079800665
2017,757,8441,0,0.13194558,0.095179826,-0.36810324
2017,757,8442,0,0.17197558,0.1462388,-0.19272026
2017,757,8443,0,0.060362127,0.075191505,0.23558415
2017,757,8445,0,0.23991226,0.32211807,0.4091057
2017,757,8446,0,0.1363767,0.18500724,0.36293146
2017,757,8447,1,0.2372889,0.25295478,0.08468602
2017,757,8448,0,0.04313507,0.04421535,0.025865244
2017,757,8449,0,0.5266959,0.7060817,0.7695439
2017,757,8450,0,0.17565584,0.11834003,-0.4621827
2017,757,8451,0,0.07691077,0.05703268,-0.32032734
2017,757,8452,0,0.10202198,0.09302316,-0.102311194
2017,757,8453,0,0.15109438,0.1632417,0.09174007
2017,757,8454,0,0.24456917,0.2694288,0.13026743
2017,757,8455,0,0.23278369,0.25538138,0.12254496
2017,757,8456,0,0.11144295,0.093890056,-0.19095007
2017,757,8457,0,0.1166559,0.15284063,0.31199327
2017,757,8458,0,0.11670835,0.15825678,0.35272124
2017,757,8459,0,0.17190754,0.17138906,-0.0036466583
2017,757,8460,0,0.09038961,0.09215901,0.021333119
2017,757,8461,0,0.15126996,0.16589639,0.10968094
2017,757,8462,0,0.1189695,0.11414643,-0.046844438
2017,757,8463,0,0.16428548,0.1501172,-0.107000686
2017,757,8464,0,0.12559284,0.16156977,0.29390654
2017,757,8465,0,0.12573914,0.114354536,-0.10784362
2017,757,8466,0,0.032149587,0.028007125,-0.14221174
2017,757,8467,0,0.12043262,0.07905229,-0.46695378
2017,757,8468,1,0.326692,0.3031637,-0.10909254
2017,757,8470,0,0.2007206,0.16797718,-0.21823497
2017,757,8471,0,0.04213752,0.0343988,-0.21096359
2017,757,8472,1,0.10819183,0.084408656,-0.27455506
2017,757,8473,0,0.13251123,0.1763125,0.3374021
2017,757,8474,1,0.1747701,0.15931624,-0.111133635
2017,757,8475,0,0.41373512,0.49464265,0.3271155
2017,757,8476,0,0.15875985,0.13167767,-0.21872137
2017,757,8477,0,0.08498345,0.06550964,-0.28131837
2017,757,8478,0,0.12965149,0.17596619,0.36012402
2017,757,8479,0,0.046479043,0.058412183,0.24111676
2017,757,8480,0,0.12910655,0.095082,-0.344223
2017,757,8481,0,0.09279715,0.06223916,-0.43256047
2017,757,8482,0,0.08949458,0.07267648,-0.22646287
2017,757,8483,0,0.08683282,0.060623776,-0.38759446
2017,757,8484,0,0.104519024,0.067948,-0.47065404
2017,757,8485,0,0.13949831,0.09905992,-0.3882507
2017,764,8402,1,0.33478928,0.38675636,0.22563519
2017,764,8403,1,0.6270772,0.62604284,-0.004420556
2017,764,8405,0,0.6242136,0.63214976,0.033978496
2017,764,8406,0,0.3707977,0.38353688,0.05423337
2017,764,8407,0,0.117265195,0.13713129,0.17926314
2017,764,8408,0,0.28088108,0.25600597,-0.126737
2017,764,8409,0,0.033529676,0.037123743,0.1055514
2017,764,8411,0,0.22956248,0.22063756,-0.05117156
2017,764,8412,0,0.17695126,0.12802526,-0.38139182
2017,764,8413,0,0.06079371,0.051560428,-0.17451483
2017,764,8414,0,0.052229617,0.04729448,-0.10444971
2017,764,8415,0,0.04171078,0.034572408,-0.19512504
2017,764,8418,0,0.07211265,0.046973187,-0.45538518
2017,764,8419,0,0.12989692,0.10228148,-0.27025747
2017,764,8420,0,0.21463476,0.37200296,0.7735774
2017,764,8421,0,0.07919398,0.057800706,-0.3378668
2017,764,8422,0,0.10238763,0.07942833,-0.27916735
2017,764,8423,0,0.16815872,0.18250062,0.09923671
2017,764,8425,0,0.15142691,0.14084907,-0.08480248
2017,764,8426,0,0.19450913,0.21613751,0.13265397
2017,764,8428,0,0.085500665,0.077643335,-0.10495372
2017,764,8429,0,0.1627864,0.15692037,-0.0436826
2017,764,8431,0,0.06243968,0.07181095,0.14988184
2017,764,8434,1,0.1736121,0.22125576,0.30187744
2017,764,8437,0,0.17517172,0.20304096,0.18201293
2017,764,8438,0,0.1389681,0.1546898,0.12560524
2017,764,8439,0,0.19069855,0.23749462,0.27901304
2017,764,8440,0,0.3445201,0.36017925,0.068628974
2017,764,8441,1,0.3793033,0.3617618,-0.075219065
2017,764,8442,0,0.24492837,0.29115826,0.23608145
2017,764,8443,0,0.07257196,0.101212114,0.36400798
2017,764,8445,0,0.23123331,0.32164472,0.4551368
2017,764,8447,0,0.27220222,0.21070442,-0.33720657
2017,764,8448,1,0.16147442,0.19353762,0.22011302
2017,764,8450,0,0.121584095,0.0818044,-0.44056526
2017,764,8451,0,0.101278216,0.089550346,-0.13603544
2017,764,8452,0,0.10683557,0.08590349,-0.24123186
2017,764,8453,0,0.16615498,0.24762149,0.50178856
2017,764,8454,1,0.3280269,0.33677503,0.03942355
2017,764,8455,1,0.4808641,0.4421837,-0.15572326
2017,764,8456,0,0.19028644,0.22196975,0.19392574
2017,764,8457,0,0.20336777,0.16820675,-0.23301291
2017,764,8458,0,0.16359064,0.13497157,-0.22594732
2017,764,8459,0,0.1789574,0.23796567,0.35956216
2017,764,8460,0,0.1846945,0.20143725,0.1075242
2017,764,8461,1,0.36120728,0.3834244,0.09508959
2017,764,8462,0,0.1636646,0.18287775,0.1342397
2017,764,8463,0,0.4140325,0.43941233,0.10377244
2017,764,8464,0,0.44600654,0.41824585,-0.11315938
2017,764,8466,0,0.10599278,0.12581843,0.19389462
2017,764,8467,0,0.13910645,0.12263027,-0.14502329
2017,764,8468,1,0.36531803,0.4103705,0.1899218
2017,764,8470,0,0.18032332,0.17096034,-0.06467796
2017,764,8471,0,0.13045613,0.10565452,-0.238986
2017,764,8472,1,0.18278815,0.19607733,0.0865766
2017,764,8473,0,0.1585252,0.14819928,-0.07955225
2017,764,8475,0,0.24865131,0.26776364,0.09981953
2017,764,8476,0,0.2693126,0.2765582,0.036514185
2017,764,8477,0,0.07737424,0.066249534,-0.16721112
2017,764,8479,0,0.061272964,0.06455635,0.05570365
2017,764,8480,0,0.12224337,0.09254847,-0.31155238
2017,764,8481,0,0.038829394,0.035439562,-0.094869465
2017,764,8482,0,0.051667236,0.060095336,0.16003546
2017,764,8483,0,0.046475068,0.039938778,-0.15839979
2017,764,8484,0,0.044985857,0.046781987,0.04103253
2017,764,8485,0,0.07950908,0.068514176,-0.16070446
2017,752,8401,0,0.570581,0.4913683,-0.31875223
2017,752,8402,1,0.5831968,0.5738808,-0.038208097
2017,752,8403,1,0.30610698,0.24326211,-0.31649423
2017,752,8404,0,0.1813497,0.2589113,0.45559505
2017,752,8405,0,0.24233913,0.31686604,0.37168595
2017,752,8406,0,0.6954409,0.74092996,0.22512677
2017,752,8407,0,0.25379944,0.25068572,-0.016508343
2017,752,8408,0,0.1301416,0.14354262,0.11353466
2017,752,8409,0,0.12745644,0.09269548,-0.3575205
2017,752,8410,0,0.22787744,0.26403204,0.19521922
2017,752,8412,0,0.04977567,0.055067617,0.106620215
2017,752,8413,0,0.08269159,0.0610069,-0.32749537
2017,752,8414,0,0.09970123,0.07714013,-0.2813051
2017,752,8415,0,0.12335682,0.10146422,-0.2200414
2017,752,8416,0,0.1714081,0.15720348,-0.103504054
2017,752,8417,0,0.29654676,0.30495533,0.039985683
2017,752,8418,0,0.07403168,0.05473998,-0.32251877
2017,752,8419,0,0.1444034,0.11657582,-0.24607532
2017,752,8420,0,0.18477508,0.1324474,-0.3951658
2017,752,8421,0,0.068627454,0.050993025,-0.31576067
2017,752,8422,0,0.068004824,0.05309643,-0.26333854
2017,752,8423,0,0.13700096,0.11421023,-0.20801324
2017,752,8424,0,0.053415805,0.04354333,-0.21472561
2017,752,8425,0,0.14158747,0.12306411,-0.16156141
2017,752,8426,0,0.13959353,0.15897585,0.15280202
2017,752,8427,0,0.040077817,0.034786142,-0.1471015
2017,752,8428,0,0.111012064,0.09719254,-0.1483705
2017,752,8429,0,0.051469073,0.061544906,0.18946518
2017,752,8430,0,0.15846631,0.16940112,0.079806484
2017,752,8431,0,0.03302853,0.03348289,0.014132718
2017,752,8432,0,0.06645423,0.070681415,0.066207655
2017,752,8433,0,0.1337392,0.10415407,-0.28360277
2017,752,8434,0,0.09336615,0.10707832,0.15227152
2017,752,8436,0,0.12276921,0.11461057,-0.07802346
2017,752,8437,0,0.28436527,0.298933,0.07052639
2017,752,8438,0,0.110756025,0.08748107,-0.26174453
2017,752,8439,0,0.23134136,0.24298173,0.06435153
2017,752,8440,0,0.18304391,0.24166818,0.3523039
2017,752,8441,0,0.14575382,0.10981974,-0.3242832
2017,752,8442,0,0.26276904,0.26084214,-0.009970328
2017,752,8443,0,0.07192121,0.086503565,0.20045157
2017,752,8447,0,0.8603325,0.71201384,-0.9128694
2017,752,8448,0,0.16875902,0.10017404,-0.60084426
2017,752,8449,0,0.63175863,0.6246242,-0.03054623
2017,752,8450,0,0.1518612,0.12549795,-0.2212878
2017,752,8451,0,0.18639219,0.15258001,-0.24088198
2017,752,8452,0,0.33876073,0.25686735,-0.39349312
2017,752,8453,1,0.5474472,0.50681823,-0.16308688
2017,752,8454,0,0.24927066,0.2790019,0.15308793
2017,752,8455,0,0.16959816,0.16362739,-0.043004505
2017,752,8456,1,0.15534174,0.18992282,0.24279292
2017,752,8458,0,0.17336491,0.19366227,0.13557768
2017,752,8459,0,0.2757315,0.26139447,-0.072998814
2017,752,8460,0,0.13302727,0.1487721,0.13018915
2017,752,8461,1,0.6275239,0.6731855,0.20101944
2017,752,8462,0,0.12479944,0.12839557,0.032525264
2017,752,8463,0,0.19246629,0.18588538,-0.04290717
2017,752,8464,0,0.10738533,0.10578613,-0.016794315
2017,752,8465,0,0.25868258,0.23193263,-0.1446034
2017,752,8466,0,0.04162684,0.03881678,-0.07282051
2017,752,8467,0,0.094256565,0.07215175,-0.29136103
2017,752,8468,0,0.2586815,0.29601908,0.18650545
2017,752,8470,0,0.2780399,0.25473812,-0.11929439
2017,752,8471,0,0.072702385,0.06905845,-0.05534287
2017,752,8472,1,0.09639901,0.111584395,0.1632335
2017,752,8473,0,0.24348038,0.29584786,0.26654312
2017,752,8474,0,0.12345365,0.1222495,-0.011174584
2017,752,8475,0,0.29072675,0.38485706,0.42287442
2017,752,8476,0,0.348221,0.3181514,-0.13541204
2017,752,8477,0,0.1011775,0.08066486,-0.2491386
2017,752,8478,0,0.3062693,0.41205224,0.46213108
2017,752,8479,0,0.06256278,0.0576561,-0.08689501
2017,752,8480,0,0.1528206,0.13347736,-0.15790857
2017,752,8481,0,0.06866415,0.051285643,-0.31030405
2017,752,8482,0,0.036617555,0.035627875,-0.028426088
2017,752,8483,0,0.061726633,0.05195908,-0.18261532
2017,752,8484,0,0.066930376,0.052043,-0.267412
2017,752,8485,1,0.06742352,0.06084539,-0.10968685
2017,372,8403,0,0.2697329,0.26860172,-0.005750223
2017,372,8406,0,0.5225474,0.7088115,0.79936826
2017,372,8407,1,0.2361257,0.22233936,-0.07804633
2017,372,8409,0,0.14389633,0.108485855,-0.32300317
2017,372,8411,0,0.16443723,0.1465729,-0.13616054
2017,372,8412,0,0.29047498,0.27080658,-0.09745577
2017,372,8413,0,0.16223091,0.11138179,-0.4349819
2017,372,8414,0,0.09568428,0.07122135,-0.3219532
2017,372,8415,0,0.1673802,0.12443424,-0.34678367
2017,372,8418,0,0.13347235,0.0842248,-0.515682
2017,372,8419,1,0.5322195,0.43595356,-0.38665769
2017,372,8421,0,0.15568665,0.1291183,-0.2180989
2017,372,8422,0,0.1740592,0.1286641,-0.35569477
2017,372,8423,0,0.5662947,0.37177858,-0.7913435
2017,372,8424,0,0.16070601,0.13202298,-0.23020491
2017,372,8425,0,0.23016565,0.22350797,-0.03796318
2017,372,8427,0,0.112127416,0.102251954,-0.103257276
2017,372,8428,0,0.19522187,0.14381272,-0.36754733
2017,372,8429,0,0.20879498,0.23975235,0.1781666
2017,372,8430,0,0.4447308,0.43533447,-0.03813492
2017,372,8432,0,0.13758455,0.12774768,-0.08552319
2017,372,8433,0,0.13093075,0.11151795,-0.18257475
2017,372,8434,0,0.2615023,0.28378385,0.11240576
2017,372,8436,0,0.27132052,0.25547987,-0.08166317
2017,372,8437,0,0.34850213,0.411887,0.26945966
2017,372,8438,0,0.37829506,0.22252086,-0.7542449
2017,372,8441,0,0.23943786,0.1980055,-0.24304317
2017,372,8442,1,0.72399116,0.7238773,-0.00056963955
2017,372,8443,0,0.10095369,0.13700666,0.34629512
2017,372,8448,0,0.22273792,0.12161449,-0.7274477
2017,372,8450,0,0.27637562,0.2623481,-0.07128841
2017,372,8451,0,0.18913288,0.14660695,-0.3058106
2017,372,8456,1,0.5118475,0.5053528,-0.025986804
2017,372,8457,1,0.7642508,0.6899226,-0.37636995
2017,372,8459,1,0.6565324,0.5560502,-0.4227323
2017,372,8460,1,0.3982793,0.30141538,-0.4279272
2017,372,8461,1,0.5040533,0.5038113,-0.00096806063
2017,372,8462,0,0.23951791,0.22496943,-0.08161357
2017,372,8463,0,0.51158416,0.469103,-0.17009054
2017,372,8465,0,0.21731177,0.2080978,-0.05502834
2017,372,8466,0,0.10833618,0.08606206,-0.25484395
2017,372,8467,0,0.19001105,0.1764562,-0.09060563
2017,372,8468,0,0.26860166,0.18009208,-0.5139949
2017,372,8470,0,0.5995309,0.5999615,0.0017939252
2017,372,8471,0,0.04763342,0.045123335,-0.056767296
2017,372,8472,0,0.3325399,0.33122006,-0.0059522423
2017,372,8473,0,0.11821915,0.14120086,0.2040517
2017,372,8474,0,0.25659266,0.21387027,-0.23799787
2017,372,8475,1,0.40700266,0.4306954,0.09735579
2017,372,8477,0,0.13415952,0.10898259,-0.23650457
2017,372,8478,1,0.73988116,0.7632931,0.12546864
2017,372,8479,0,0.079485565,0.09157022,0.1547457
2017,372,8480,0,0.20365436,0.16736339,-0.24082077
2017,372,8481,1,0.15525186,0.116594255,-0.3310945
2017,372,8484,0,0.16720241,0.11867981,-0.3994064
2017,372,8485,0,0.20986381,0.18000816,-0.19054571
2017,40,8401,0,0.22728328,0.22754778,0.001505395
2017,40,8402,0,0.18557994,0.20698658,0.13580431
2017,40,8403,0,0.15134731,0.10136886,-0.45803398
2017,40,8404,1,0.37150785,0.42842615,0.23747823
2017,40,8405,0,0.2157502,0.2737322,0.31483772
2017,40,8406,0,0.27076134,0.32109627,0.24202497
2017,40,8407,0,0.0988775,0.09482987,-0.046278957
2017,40,8408,0,0.11986948,0.13128296,0.10400431
2017,40,8409,0,0.076625146,0.06384677,-0.19618331
2017,40,8411,0,0.13196844,0.104414344,-0.26544556
2017,40,8412,0,0.124904126,0.12277095,-0.019660693
2017,40,8413,0,0.07529854,0.052403264,-0.38695008
2017,40,8414,0,0.05101517,0.037718806,-0.31587812
2017,40,8415,0,0.17266017,0.12109076,-0.415251
2017,40,8416,0,0.21579665,0.20333211,-0.07526531
2017,40,8417,0,0.17529821,0.17210709,-0.022233656
2017,40,8418,0,0.12481915,0.07969875,-0.4988825
2017,40,8419,0,0.12973313,0.1056164,-0.23300074
2017,40,8420,1,0.22999208,0.24419011,0.078513004
2017,40,8421,0,0.11265342,0.089162685,-0.25998208
2017,40,8422,0,0.1898239,0.121907964,-0.5233302
2017,40,8423,0,0.091311015,0.08028801,-0.1407088
2017,40,8424,0,0.067345686,0.06047945,-0.11487022
2017,40,8425,0,0.1972429,0.17153163,-0.17119476
2017,40,8426,0,0.117881715,0.12584688,0.074454874
2017,40,8427,0,0.12410617,0.099997,-0.24315044
2017,40,8428,0,0.14351943,0.10810971,-0.3238355
2017,40,8429,0,0.102649115,0.11161539,0.093784675
2017,40,8430,0,0.13228418,0.13221318,-0.00061867334
2017,40,8431,0,0.035685033,0.033194344,-0.074931294
2017,40,8432,0,0.061172448,0.06493515,0.063708
2017,40,8433,0,0.11745786,0.100088224,-0.17951772
2017,40,8434,0,0.14059064,0.15064056,0.080807194
2017,40,8435,0,0.26875567,0.28354785,0.07401435
2017,40,8436,0,0.1581533,0.14982587,-0.06393428
2017,40,8437,0,0.14892483,0.13017462,-0.15635699
2017,40,8438,0,0.06076137,0.06265166,0.032650467
2017,40,8439,0,0.18721393,0.21442333,0.16975017
2017,40,8440,0,0.18551742,0.3172341,0.7128922
2017,40,8441,1,0.62013966,0.56293744,-0.23704895
2017,40,8442,0,0.17133778,0.17163517,0.0020930874
2017,40,8443,0,0.049555033,0.06228524,0.24212492
2017,40,8444,0,0.27610844,0.29117644,0.0741707
2017,40,8445,0,0.15543935,0.20100759,0.31255227
2017,40,8446,0,0.3575474,0.28647688,-0.32653186
2017,40,8448,0,0.17805812,0.14184645,-0.27047822
2017,40,8449,0,0.26648298,0.24712633,-0.10145752
2017,40,8450,0,0.30124083,0.26712435,-0.16786565
2017,40,8451,0,0.09929627,0.07252055,-0.34353232
2017,40,8452,1,0.44567353,0.32485956,-0.5133606
2017,40,8453,1,0.21588704,0.2980215,0.43306062
2017,40,8454,1,0.16675249,0.18901734,0.15241216
2017,40,8455,0,0.19233406,0.22695978,0.20935652
2017,40,8456,0,0.096374534,0.08344735,-0.1582305
2017,40,8457,0,0.24739283,0.27675986,0.1519748
2017,40,8458,0,0.19185925,0.19740072,0.035354316
2017,40,8459,0,0.24311458,0.26933038,0.13765642
2017,40,8460,0,0.12468353,0.1719548,0.37697065
2017,40,8461,0,0.13185698,0.17727561,0.34972298
2017,40,8462,0,0.10885782,0.10330944,-0.05852089
2017,40,8463,0,0.26953447,0.2904474,0.1037736
2017,40,8464,0,0.17178413,0.14078185,-0.23577602
2017,40,8465,0,0.12325718,0.111551456,-0.113050185
2017,40,8466,0,0.053601492,0.043397035,-0.22191039
2017,40,8467,0,0.124097265,0.0866212,-0.4014166
2017,40,8468,0,0.16288969,0.1861577,0.16171028
2017,40,8470,0,0.37728876,0.3272529,-0.21956426
2017,40,8471,0,0.03793336,0.033896785,-0.116697885
2017,40,8472,0,0.13582864,0.1258801,-0.08751066
2017,40,8473,0,0.089259274,0.118227676,0.3133912
2017,40,8474,0,0.21435487,0.18368734,-0.19269015
2017,40,8475,0,0.3014248,0.39964852,0.43359256
2017,40,8476,1,0.18399586,0.19366357,0.06312756
2017,40,8477,0,0.057705328,0.046760514,-0.22185858
2017,40,8478,0,0.38601157,0.45290312,0.27516097
2017,40,8479,0,0.041409463,0.037668187,-0.0985887
2017,40,8480,0,0.105270766,0.07967623,-0.30676883
2017,40,8481,0,0.056611937,0.03591304,-0.476823
2017,40,8482,0,0.09073991,0.085637234,-0.06347341
2017,40,8483,0,0.08961691,0.06406995,-0.3632439
2017,40,8484,0,0.096663006,0.07731117,-0.24458854
2017,40,8485,0,0.10304664,0.09376399,-0.10469681
2017,724,8401,0,0.31026253,0.39979556,0.39257517
2017,724,8402,0,0.2630226,0.25672805,-0.032727335
2017,724,8403,0,0.21330018,0.20572595,-0.045737304
2017,724,8404,0,0.23142116,0.27952784,0.2534991
2017,724,8405,0,0.21661754,0.25859216,0.232189
2017,724,8407,0,0.10536066,0.13474788,0.27941585
2017,724,8408,0,0.14267972,0.14713335,0.035945285
2017,724,8409,0,0.048033763,0.03726448,-0.26511252
2017,724,8410,0,0.15790932,0.20473662,0.3169178
2017,724,8411,0,0.1118862,0.09623762,-0.16812852
2017,724,8412,0,0.18706433,0.18163104,-0.03613651
2017,724,8413,0,0.068604626,0.048745558,-0.3628438
2017,724,8414,0,0.07441124,0.053673066,-0.3488539
2017,724,8415,0,0.12016016,0.089553304,-0.328187
2017,724,8416,0,0.19606727,0.19292797,-0.020038102
2017,724,8417,0,0.15659866,0.19732216,0.2806411
2017,724,8418,0,0.123387605,0.08270556,-0.44540754
2017,724,8419,0,0.13035098,0.09196483,-0.39201787
2017,724,8420,0,0.10794118,0.13200502,0.22859968
2017,724,8421,0,0.09137163,0.0661893,-0.34975377
2017,724,8422,0,0.060164873,0.046338636,-0.2757168
2017,724,8423,0,0.13579006,0.10375498,-0.30547577
2017,724,8424,0,0.071923375,0.04983056,-0.39049882
2017,724,8425,0,0.1211547,0.10143057,-0.19988872
2017,724,8426,0,0.14949802,0.153989,0.03489238
2017,724,8427,0,0.059887666,0.053605374,-0.11748155
2017,724,8428,0,0.11440604,0.084858544,-0.3315883
2017,724,8430,0,0.14889292,0.17146468,0.16802853
2017,724,8431,0,0.032368653,0.024125308,-0.3024119
2017,724,8432,0,0.068032846,0.05583102,-0.21066867
2017,724,8433,0,0.15695664,0.1257048,-0.2584331
2017,724,8434,0,0.1207397,0.16740687,0.38132605
2017,724,8435,0,0.24300167,0.18868701,-0.3222716
2017,724,8436,0,0.07708164,0.06910115,-0.11790373
2017,724,8437,0,0.15938875,0.13406555,-0.20269716
2017,724,8438,0,0.08874133,0.064747065,-0.34122747
2017,724,8439,0,0.26315776,0.30173618,0.19057623
2017,724,8440,1,0.43622428,0.46541652,0.11794484
2017,724,8441,0,0.1290689,0.10722684,-0.21016942
2017,724,8442,0,0.23913191,0.2589042,0.10577297
2017,724,8443,0,0.03515243,0.04307925,0.21159723
2017,724,8444,0,0.33441854,0.51375425,0.7432985
2017,724,8445,0,0.13694434,0.16460297,0.21653378
2017,724,8446,0,0.31869298,0.40608302,0.37960288
2017,724,8447,0,0.14412326,0.19981895,0.3940311
2017,724,8448,0,0.06795163,0.06634675,-0.025621612
2017,724,8449,0,0.67350274,0.47174415,-0.8372145
2017,724,8450,0,0.20354174,0.13393529,-0.50229925
2017,724,8451,0,0.09934085,0.07126302,-0.36287788
2017,724,8452,0,0.17903791,0.1344831,-0.3390091
2017,724,8453,0,0.14357585,0.12688632,-0.14287192
2017,724,8454,0,0.30888158,0.30931965,0.0020513337
2017,724,8455,0,0.32526687,0.3382651,0.05863602
2017,724,8456,0,0.16794106,0.13249674,-0.27877104
2017,724,8457,0,0.13898581,0.15571924,0.13330865
2017,724,8458,0,0.07269744,0.08403942,0.15728648
2017,724,8459,0,0.15982297,0.19239771,0.22504082
2017,724,8460,0,0.11761911,0.13484728,0.15640907
2017,724,8461,0,0.11394373,0.13272674,0.17401397
2017,724,8462,0,0.086362295,0.08384505,-0.032332134
2017,724,8463,0,0.17835015,0.18280597,0.03011436
2017,724,8464,0,0.05780156,0.06217362,0.07756615
2017,724,8465,0,0.09215083,0.08306823,-0.113719314
2017,724,8466,0,0.035064824,0.031516653,-0.11035265
2017,724,8467,0,0.20747234,0.15276414,-0.37285447
2017,724,8468,0,0.20538953,0.19985135,-0.034279987
2017,724,8470,0,0.3028409,0.31575853,0.060472865
2017,724,8471,0,0.06661504,0.047022257,-0.36908308
2017,724,8472,0,0.07629791,0.1017741,0.31607828
2017,724,8473,0,0.09591466,0.12844838,0.32871705
2017,724,8474,0,0.19684611,0.1608199,-0.24601611
2017,724,8475,0,0.41537434,0.47267795,0.23239452
2017,724,8476,0,0.20912209,0.25878212,0.27791733
2017,724,8477,0,0.08671752,0.0747226,-0.16192172
2017,724,8478,1,0.32190818,0.4174286,0.41167817
2017,724,8479,0,0.037933882,0.030735852,-0.21786882
2017,724,8480,0,0.10719307,0.08622351,-0.24090442
2017,724,8481,0,0.072023444,0.04841082,-0.4223953
2017,724,8482,0,0.07054,0.05355223,-0.2936347
2017,724,8483,0,0.11001766,0.08372544,-0.30221245
2017,724,8484,0,0.106340036,0.07879371,-0.33016717
2018,842,8401,0,0.20693931,0.19046643,-0.10350816
2018,842,8402,0,0.16545704,0.17962009,0.09924914
2018,842,8403,0,0.11087279,0.06982851,-0.50746983
2018,842,8404,1,0.217282,0.24908414,0.17807357
2018,842,8405,0,0.2121388,0.22571433,0.07941036
2018,842,8406,0,0.121805735,0.15832154,0.30467033
2018,842,8407,0,0.12815805,0.14529605,0.14536212
2018,842,8408,0,0.39005986,0.41901073,0.12022481
2018,842,8409,0,0.11303664,0.07693127,-0.4246996
2018,842,8410,1,0.20026375,0.3016215,0.54505837
2018,842,8411,0,0.090122595,0.074227296,-0.21135786
2018,842,8412,0,0.06370925,0.061968308,-0.029564492
2018,842,8413,0,0.12797214,0.0981652,-0.2987708
2018,842,8414,0,0.11217574,0.081541054,-0.35288355
2018,842,8415,0,0.117804624,0.08863725,-0.31700283
2018,842,8416,0,0.19456463,0.16046338,-0.23416589
2018,842,8417,0,0.12229229,0.14181103,0.17057066
2018,842,8418,0,0.12836784,0.068964764,-0.6872338
2018,842,8419,0,0.13088065,0.09777383,-0.32901362
2018,842,8420,1,0.15038994,0.15897031,0.06563643
2018,842,8421,0,0.10220414,0.07436445,-0.34853184
2018,842,8422,0,0.10054568,0.07321888,-0.34708777
2018,842,8423,0,0.16278906,0.13328849,-0.2345696
2018,842,8424,0,0.100362815,0.06347417,-0.4983441
2018,842,8425,0,0.11541892,0.06811899,-0.5794033
2018,842,8426,0,0.09736787,0.10911548,0.12701079
2018,842,8427,0,0.08358461,0.076745845,-0.092794895
2018,842,8428,0,0.1519716,0.10739745,-0.39838448
2018,842,8429,0,0.06569656,0.07953632,0.20609082
2018,842,8430,0,0.096183635,0.09925701,0.034859393
2018,842,8431,0,0.0540239,0.051555905,-0.049365316
2018,842,8432,0,0.14417027,0.12150252,-0.19720154
2018,842,8433,0,0.109191604,0.08557368,-0.26989397
2018,842,8434,0,0.14369375,0.14372428,0.00024820847
2018,842,8435,1,0.24834652,0.18987681,-0.3433604
2018,842,8436,0,0.10860724,0.0976069,-0.11905515
2018,842,8437,0,0.48192078,0.38737348,-0.38601792
2018,842,8438,0,0.08785221,0.07154153,-0.22310148
2018,842,8439,0,0.16930322,0.20204224,0.21699467
2018,842,8440,0,0.13432172,0.15446468,0.16327094
2018,842,8441,0,0.13420497,0.10952495,-0.23132274
2018,842,8442,0,0.26209283,0.19817412,-0.36262622
2018,842,8443,0,0.02731611,0.033693794,0.2164154
2018,842,8444,0,0.19410267,0.2620547,0.3882526
2018,842,8445,0,0.1720547,0.1705346,-0.01070852
2018,842,8446,0,0.27145913,0.29964373,0.13823713
2018,842,8449,0,0.24945064,0.38813967,0.6464056
2018,842,8450,0,0.14376062,0.10749094,-0.3322296
2018,842,8451,0,0.106465735,0.080031835,-0.31455305
2018,842,8453,0,0.15350261,0.18217096,0.2056818
2018,842,8454,0,0.11628937,0.17387332,0.46962693
2018,842,8455,0,0.14132574,0.17204228,0.23310037
2018,842,8456,1,0.09776491,0.079728924,-0.2237266
2018,842,8457,0,0.13764279,0.15028897,0.10267142
2018,842,8458,0,0.10805197,0.111941315,0.039732564
2018,842,8459,0,0.13291197,0.15120877,0.15030167
2018,842,8460,0,0.069277346,0.07266059,0.05132297
2018,842,8461,1,0.094455615,0.083746605,-0.13209096
2018,842,8462,0,0.07115053,0.062407624,-0.14047888
2018,842,8463,0,0.14218113,0.1330556,-0.0769166
2018,842,8464,0,0.12321142,0.097513594,-0.2627975
2018,842,8465,0,0.11419385,0.076927036,-0.4362502
2018,842,8466,0,0.03155855,0.026045803,-0.19766429
2018,842,8467,0,0.13837953,0.103335835,-0.33188245
2018,842,8468,0,0.12616779,0.14248902,0.14050664
2018,842,8470,0,0.20162857,0.18928212,-0.07853482
2018,842,8471,0,0.031256665,0.033202425,0.0624008
2018,842,8472,0,0.07044774,0.068448946,-0.03093103
2018,842,8473,0,0.08089993,0.08850722,0.09818237
2018,842,8474,0,0.15060677,0.14327241,-0.058522224
2018,842,8475,0,0.14776547,0.13871987,-0.07372782
2018,842,8476,0,0.14701691,0.18465318,0.27305788
2018,842,8477,0,0.09171713,0.054806113,-0.5547417
2018,842,8478,0,0.27117687,0.35871404,0.40770975
2018,842,8479,0,0.056787945,0.051879242,-0.09559612
2018,842,8480,0,0.14295316,0.09139915,-0.5056941
2018,842,8481,0,0.08304092,0.054433312,-0.45307866
2018,842,8482,0,0.09302511,0.06829345,-0.33595884
2018,842,8483,0,0.08832699,0.067403,-0.293048
2018,842,8484,0,0.09863151,0.06530343,-0.44865397
2018,842,8485,0,0.077983774,0.060044166,-0.2806904
2018,276,8401,1,0.45195654,0.57472473,0.4939231
2018,276,8402,1,0.17105438,0.23490143,0.39733416
2018,276,8403,0,0.06670597,0.04372107,-0.44679388
2018,276,8404,0,0.10434182,0.15393203,0.44579807
2018,276,8405,0,0.26464206,0.2611394,-0.01807573
2018,276,8406,0,0.14187686,0.16585286,0.18447922
2018,276,8407,0,0.111655235,0.116468534,0.047638457
2018,276,8408,0,0.13795134,0.104356036,-0.31732368
2018,276,8409,0,0.075591005,0.054598957,-0.34777716
2018,276,8411,0,0.08336414,0.06295761,-0.30277476
2018,276,8412,0,0.071585685,0.062176194,-0.15100694
2018,276,8413,0,0.08280784,0.05422745,-0.45402065
2018,276,8414,0,0.07436703,0.051590294,-0.389988
2018,276,8415,0,0.1054152,0.07695093,-0.34606165
2018,276,8416,0,0.11132964,0.097969875,-0.14275698
2018,276,8417,0,0.08950763,0.09314572,0.04384483
2018,276,8418,0,0.08990139,0.05518616,-0.52543616
2018,276,8419,0,0.091042906,0.06524613,-0.36114964
2018,276,8420,0,0.091916814,0.12566471,0.35060537
2018,276,8421,0,0.058673497,0.039830968,-0.40716276
2018,276,8422,0,0.090295225,0.05923114,-0.45521456
2018,276,8423,0,0.12701784,0.08331107,-0.47059917
2018,276,8424,0,0.0570244,0.04419306,-0.2684271
2018,276,8425,0,0.10872184,0.09138278,-0.19300288
2018,276,8426,0,0.058475852,0.06613344,0.13122702
2018,276,8427,0,0.089901835,0.07318498,-0.2239297
2018,276,8428,0,0.065835916,0.04513392,-0.39945057
2018,276,8429,0,0.035932187,0.040296406,0.11916588
2018,276,8430,0,0.07977307,0.09132496,0.14787103
2018,276,8431,0,0.029010756,0.026007155,-0.11238371
2018,276,8432,0,0.07254764,0.063528486,-0.1424327
2018,276,8433,0,0.094711855,0.07496269,-0.2554296
2018,276,8434,0,0.082458995,0.09184049,0.118029326
2018,276,8435,0,0.15766568,0.1396911,-0.14215782
2018,276,8436,0,0.08475723,0.07082648,-0.19466431
2018,276,8437,0,0.14081047,0.13121884,-0.081650056
2018,276,8438,0,0.07611577,0.058061406,-0.29010782
2018,276,8439,0,0.13951044,0.16505241,0.19825613
2018,276,8440,0,0.09423871,0.116551675,0.23744646
2018,276,8441,0,0.09676517,0.08717352,-0.114949755
2018,276,8442,0,0.13259245,0.115559824,-0.15693772
2018,276,8443,0,0.03992287,0.04857294,0.20516774
2018,276,8444,0,0.61133534,0.5188137,-0.37763834
2018,276,8445,1,0.35926834,0.29950634,-0.2711085
2018,276,8446,1,0.26777872,0.22193626,-0.24849646
2018,276,8447,1,0.4422065,0.38047695,-0.25531247
2018,276,8448,1,0.05501959,0.05263507,-0.046826825
2018,276,8449,0,0.20729755,0.26264015,0.3090015
2018,276,8450,0,0.14542235,0.09108725,-0.5294661
2018,276,8451,0,0.070230104,0.054105468,-0.27803555
2018,276,8452,0,0.053363718,0.048158526,-0.10811647
2018,276,8453,1,0.13300568,0.11149702,-0.2008996
2018,276,8454,0,0.11661644,0.11415251,-0.024140194
2018,276,8455,0,0.14530012,0.16180833,0.12711476
2018,276,8456,0,0.06529943,0.0696408,0.069022916
2018,276,8457,0,0.14260928,0.14306018,0.0036827282
2018,276,8458,0,0.063023634,0.07035496,0.11789867
2018,276,8459,0,0.06841118,0.07223135,0.058447085
2018,276,8460,0,0.047332168,0.05860761,0.22558078
2018,276,8461,0,0.07099606,0.087099805,0.22191666
2018,276,8462,0,0.044644117,0.04523228,0.013704266
2018,276,8463,0,0.09405503,0.10528245,0.12523724
2018,276,8464,0,0.057234675,0.06045447,0.05815183
2018,276,8465,0,0.06433759,0.0616099,-0.04623255
2018,276,8466,0,0.024453124,0.021553673,-0.1291796
2018,276,8467,0,0.12469779,0.08521167,-0.42487803
2018,276,8468,0,0.17316252,0.17365772,0.0034546433
2018,276,8470,0,0.22009529,0.17298262,-0.29952338
2018,276,8471,0,0.03410352,0.032978367,-0.034712967
2018,276,8472,0,0.056781597,0.07010615,0.2250256
2018,276,8473,0,0.11732681,0.13899699,0.19434595
2018,276,8474,0,0.092394575,0.07888518,-0.1728499
2018,276,8475,0,0.107778795,0.12588024,0.17574684
2018,276,8476,0,0.1729097,0.13781883,-0.26838097
2018,276,8477,0,0.06446506,0.05246158,-0.21879126
2018,276,8478,1,0.088552564,0.1378097,0.4978353
2018,276,8479,0,0.05324612,0.045284986,-0.17032316
2018,276,8480,0,0.083948046,0.05620559,-0.43101707
2018,276,8481,0,0.07590146,0.049772616,-0.4498536
2018,276,8482,0,0.048234846,0.03646049,-0.2921477
2018,276,8483,0,0.047672957,0.03461511,-0.3336923
2018,276,8484,0,0.08834513,0.057899408,-0.45539457
2018,276,8485,0,0.08552588,0.06966267,-0.22235245
2018,392,8401,0,0.33045673,0.2838216,-0.21946333
2018,392,8402,1,0.31590524,0.28163168,-0.1637281
2018,392,8403,0,0.24572289,0.23584862,-0.05402041
2018,392,8404,1,0.25470388,0.25341353,-0.00680873
2018,392,8406,1,0.1323073,0.13562463,0.028594276
2018,392,8407,0,0.05925125,0.057511523,-0.03164919
2018,392,8408,0,0.07480947,0.07409211,-0.010410653
2018,392,8409,0,0.048076995,0.04212304,-0.13844419
2018,392,8411,0,0.112234525,0.08797307,-0.2705218
2018,392,8412,0,0.0738621,0.0712831,-0.038321197
2018,392,8413,0,0.06439112,0.052304763,-0.22072372
2018,392,8414,0,0.050578326,0.038907554,-0.27455226
2018,392,8415,0,0.07215831,0.04884138,-0.41510412
2018,392,8416,0,0.14764678,0.12350759,-0.2064472
2018,392,8417,0,0.16288693,0.19925115,0.24592158
2018,392,8418,0,0.086799115,0.055308644,-0.4845696
2018,392,8419,0,0.06733317,0.052038167,-0.2739418
2018,392,8420,1,0.22858433,0.25973198,0.16896006
2018,392,8421,0,0.04529646,0.032790277,-0.33611125
2018,392,8422,0,0.06256042,0.051789686,-0.20036572
2018,392,8423,0,0.15393831,0.080854274,-0.7267558
2018,392,8424,0,0.06438854,0.049228217,-0.28454262
2018,392,8425,0,0.081159085,0.07469202,-0.09005172
2018,392,8426,0,0.07782097,0.09332831,0.19867168
2018,392,8427,0,0.03351686,0.03509906,0.047764037
2018,392,8428,0,0.08991729,0.057806365,-0.47646675
2018,392,8429,0,0.041858807,0.047727637,0.1373524
2018,392,8430,0,0.0775767,0.0998517,0.27686357
2018,392,8431,0,0.033760633,0.034248274,0.014845559
2018,392,8432,0,0.09885042,0.1450693,0.43625465
2018,392,8433,0,0.13307051,0.08299621,-0.5282381
2018,392,8434,0,0.12346094,0.15304738,0.24915917
2018,392,8435,0,0.3163201,0.24575347,-0.35065526
2018,392,8437,1,0.23916979,0.22704126,-0.06785737
2018,392,8438,0,0.07069412,0.06672051,-0.06211683
2018,392,8439,0,0.18733753,0.20373097,0.10426713
2018,392,8440,0,0.15781152,0.1419949,-0.124216564
2018,392,8441,0,0.09658739,0.08484314,-0.14256017
2018,392,8442,0,0.22740617,0.16218731,-0.41902682
2018,392,8443,0,0.03463978,0.041805826,0.19548386
2018,392,8444,0,0.26747012,0.19571123,-0.4058219
2018,392,8445,1,0.23830904,0.24325117,0.0270358
2018,392,8446,0,0.26446453,0.29853746,0.1686195
2018,392,8447,1,0.34539625,0.3217383,-0.10645702
2018,392,8448,0,0.08156463,0.07546565,-0.084336855
2018,392,8449,0,0.2215594,0.2577357,0.19883116
2018,392,8450,0,0.20292807,0.12618692,-0.56700873
2018,392,8451,0,0.1068221,0.10607108,-0.007896052
2018,392,8452,0,0.07851812,0.06610051,-0.1855387
2018,392,8453,1,0.1548028,0.2570563,0.63609284
2018,392,8454,0,0.14598979,0.15380049,0.061307408
2018,392,8455,0,0.15520962,0.17312221,0.13065289
2018,392,8456,1,0.10504702,0.08665048,-0.21287306
2018,392,8457,1,0.12003428,0.122624,0.02429284
2018,392,8458,0,0.10740634,0.11199201,0.046958823
2018,392,8459,0,0.077500746,0.09034544,0.16737469
2018,392,8460,0,0.081633024,0.097080804,0.19027366
2018,392,8461,0,0.096221864,0.1170129,0.21890102
2018,392,8462,0,0.07308405,0.07126104,-0.027225165
2018,392,8463,0,0.13626531,0.10589055,-0.2867604
2018,392,8464,1,0.19075446,0.2076726,0.10610344
2018,392,8465,0,0.07359382,0.068445496,-0.078065045
2018,392,8466,0,0.052170757,0.044213276,-0.17385751
2018,392,8467,0,0.11401968,0.08217767,-0.36279652
2018,392,8468,0,0.25839436,0.2820966,0.120245256
2018,392,8470,1,0.41701367,0.39409363,-0.09509208
2018,392,8471,0,0.033521753,0.032051947,-0.046356235
2018,392,8472,0,0.06296486,0.061960448,-0.017151743
2018,392,8473,0,0.09945285,0.11755397,0.18751872
2018,392,8474,0,0.06998621,0.078886375,0.12932639
2018,392,8475,1,0.198616,0.113186665,-0.66362906
2018,392,8476,0,0.15449785,0.17507398,0.14966549
2018,392,8477,0,0.07288084,0.06971224,-0.047861867
2018,392,8478,0,0.34204036,0.5929643,1.0304482
2018,392,8479,0,0.09036748,0.09845059,0.09459605
2018,392,8480,0,0.08636187,0.058065522,-0.42747527
2018,392,8481,0,0.063931726,0.05665106,-0.12865274
2018,392,8482,0,0.043683153,0.03696988,-0.17385434
2018,392,8483,0,0.05289056,0.042650364,-0.22594309
2018,392,8484,0,0.03686735,0.032152385,-0.14172323
2018,392,8485,0,0.0733485,0.07296825,-0.0056077424
2018,156,8401,1,0.37653828,0.39455238,0.07605142
2018,156,8402,0,0.06576916,0.08663709,0.29816714
2018,156,8403,0,0.09015894,0.116053745,0.28135306
2018,156,8404,1,0.14732203,0.19984406,0.3684917
2018,156,8405,0,0.072969064,0.13469417,0.68187517
2018,156,8407,0,0.057243913,0.04969447,-0.14940366
2018,156,8408,0,0.04006804,0.042001985,0.049154572
2018,156,8409,0,0.055910934,0.036568265,-0.44486025
2018,156,8411,0,0.08691662,0.06607923,-0.2966591
2018,156,8412,0,0.048099652,0.041668348,-0.15026672
2018,156,8413,0,0.06898569,0.052174848,-0.29719397
2018,156,8414,0,0.06525443,0.043425195,-0.43033886
2018,156,8415,0,0.079555735,0.05536573,-0.3884384
2018,156,8416,0,0.05990972,0.060282417,0.0065982696
2018,156,8417,0,0.09000383,0.09658652,0.07784692
2018,156,8418,0,0.10177955,0.056062885,-0.6459791
2018,156,8419,0,0.28689465,0.19469965,-0.50924313
2018,156,8420,0,0.10205573,0.09852081,-0.0391802
2018,156,8421,0,0.046660446,0.034544908,-0.31326497
2018,156,8422,0,0.04108931,0.030416274,-0.31183913
2018,156,8423,0,0.11324947,0.07550201,-0.44712108
2018,156,8424,0,0.060195502,0.04272816,-0.361155
2018,156,8425,0,0.0848429,0.06772599,-0.24386203
2018,156,8426,0,0.057209786,0.07811423,0.33386979
2018,156,8427,0,0.05877691,0.042927362,-0.33093873
2018,156,8428,0,0.038402855,0.038033705,-0.010042809
2018,156,8431,0,0.025149114,0.02595677,0.032438673
2018,156,8432,0,0.019108126,0.020609757,0.077183105
2018,156,8433,0,0.058588985,0.045416605,-0.2685642
2018,156,8434,1,0.052299827,0.06020804,0.14919257
2018,156,8436,0,0.034334794,0.033463936,-0.026592238
2018,156,8439,0,0.12454305,0.14545088,0.17935891
2018,156,8440,0,0.10086213,0.10127664,0.0045623053
2018,156,8441,0,0.045248397,0.041479275,-0.090913415
2018,156,8442,0,0.101852,0.09726435,-0.051183254
2018,156,8443,0,0.02307241,0.025592888,0.106260255
2018,156,8444,0,0.09811546,0.12850353,0.30408618
2018,156,8445,0,0.090691,0.098056234,0.08621579
2018,156,8446,0,0.14449748,0.22166562,0.5224408
2018,156,8447,0,0.21385357,0.23597114,0.12695535
2018,156,8448,0,0.037811223,0.03231511,-0.16276704
2018,156,8449,0,0.15900588,0.12689003,-0.26309735
2018,156,8450,0,0.13035837,0.09619765,-0.3424119
2018,156,8451,0,0.08495372,0.07065114,-0.1998621
2018,156,8452,0,0.1681024,0.12398059,-0.35612714
2018,156,8453,0,0.065214716,0.10337103,0.5023142
2018,156,8454,0,0.3381249,0.23343733,-0.5173413
2018,156,8455,0,0.07448398,0.080892116,0.08948025
2018,156,8456,0,0.037435636,0.03962757,0.05918171
2018,156,8457,0,0.037698243,0.04314141,0.14054231
2018,156,8458,0,0.028204286,0.030083958,0.06645419
2018,156,8459,0,0.034507997,0.036363464,0.054297015
2018,156,8460,0,0.033048663,0.035664085,0.07887144
2018,156,8461,0,0.023143701,0.02828836,0.20600826
2018,156,8462,0,0.033385895,0.037357014,0.11650396
2018,156,8463,0,0.12514496,0.13270338,0.06732084
2018,156,8464,0,0.051847003,0.050897058,-0.019493232
2018,156,8465,0,0.106618404,0.07613481,-0.37030283
2018,156,8466,0,0.018240452,0.01359783,-0.29844916
2018,156,8467,0,0.08711924,0.06514012,-0.3145285
2018,156,8468,0,0.076367125,0.08063304,0.058985475
2018,156,8470,0,0.11643025,0.08587268,-0.33842647
2018,156,8471,0,0.030844444,0.03213172,0.04221627
2018,156,8472,0,0.031222412,0.039332718,0.23932736
2018,156,8473,0,0.06923399,0.07873216,0.13881674
2018,156,8475,0,0.04967011,0.07249193,0.40237954
2018,156,8476,0,0.1102011,0.0890025,-0.23718716
2018,156,8477,0,0.059273515,0.046851855,-0.24828976
2018,156,8478,0,0.074130215,0.111533575,0.44973922
2018,156,8479,0,0.048016842,0.049776625,0.037844054
2018,156,8480,0,0.062725335,0.042166136,-0.4188459
2018,156,8481,0,0.058467075,0.040661488,-0.38191706
2018,156,8482,0,0.043995198,0.03345221,-0.28493044
2018,156,8483,0,0.05581349,0.034941938,-0.49019253
2018,156,8484,0,0.06194684,0.038765714,-0.49315196
2018,380,8401,0,0.28791472,0.57173103,1.1944506
2018,380,8402,1,0.2520664,0.25516576,0.016373442
2018,380,8403,0,0.107507326,0.08118232,-0.30993083
2018,380,8404,0,0.148224,0.15801924,0.07555854
2018,380,8405,0,0.17145191,0.25763765,0.51708883
2018,380,8406,1,0.5300157,0.41895112,-0.44728792
2018,380,8407,0,0.40484506,0.3734328,-0.1322007
2018,380,8408,1,0.23788144,0.16155069,-0.48240548
2018,380,8409,0,0.09714831,0.06846199,-0.38123864
2018,380,8411,0,0.12108757,0.08733184,-0.36448592
2018,380,8412,0,0.10745124,0.08303478,-0.28476596
2018,380,8413,0,0.09336841,0.061438035,-0.45313662
2018,380,8414,0,0.08984975,0.05580716,-0.5129573
2018,380,8415,0,0.15785062,0.110228054,-0.41410545
2018,380,8416,0,0.12513855,0.103247076,-0.21701138
2018,380,8417,0,0.40698266,0.33567375,-0.30618054
2018,380,8418,0,0.09373958,0.057036597,-0.53652805
2018,380,8419,0,0.15507607,0.10189421,-0.4810219
2018,380,8420,0,0.17941648,0.16924004,-0.070716925
2018,380,8421,0,0.081144914,0.056799054,-0.3828677
2018,380,8422,0,0.08972708,0.056274142,-0.50262886
2018,380,8423,0,0.12728067,0.08331796,-0.47287714
2018,380,8424,0,0.0858494,0.05536494,-0.47145122
2018,380,8425,0,0.1391,0.09901363,-0.38544738
2018,380,8426,0,0.068021856,0.06941693,0.021799771
2018,380,8427,0,0.06619887,0.0513036,-0.27072784
2018,380,8428,0,0.094737865,0.05582583,-0.5709631
2018,380,8429,0,0.041330922,0.041479163,0.00373482
2018,380,8430,0,0.09581443,0.09483669,-0.011337764
2018,380,8431,0,0.02943303,0.024018424,-0.20885976
2018,380,8432,0,0.049106915,0.042275824,-0.15694262
2018,380,8433,0,0.08229409,0.057283647,-0.3891725
2018,380,8434,0,0.13097674,0.1278848,-0.02744153
2018,380,8435,0,0.11251255,0.12171176,0.08901025
2018,380,8436,0,0.08158185,0.06680515,-0.2157879
2018,380,8438,0,0.17323826,0.12463215,-0.38642898
2018,380,8439,1,0.13851166,0.16135615,0.17953491
2018,380,8440,1,0.21312174,0.17819965,-0.22238289
2018,380,8441,0,0.207327,0.1387992,-0.4841858
2018,380,8442,0,0.26496136,0.20772055,-0.31838155
2018,380,8443,0,0.035137206,0.039143942,0.11214645
2018,380,8444,0,0.20540038,0.22536384,0.11819991
2018,380,8445,0,0.20718858,0.20878877,0.009714045
2018,380,8446,1,0.22386332,0.18828061,-0.21792825
2018,380,8447,0,0.50336856,0.40580776,-0.39479777
2018,380,8448,1,0.0734172,0.06296079,-0.16486791
2018,380,8449,0,0.2981914,0.19460307,-0.5644482
2018,380,8450,0,0.1790091,0.12877737,-0.38873705
2018,380,8451,0,0.25931117,0.18095964,-0.4603075
2018,380,8453,1,0.0797478,0.087984204,0.107278556
2018,380,8454,0,0.15750149,0.16498153,0.055316683
2018,380,8455,0,0.101162046,0.10563483,0.048252977
2018,380,8456,0,0.041885424,0.044485852,0.06295102
2018,380,8457,0,0.058124088,0.06619921,0.13869876
2018,380,8458,0,0.08895118,0.09346508,0.054467086
2018,380,8459,0,0.110701405,0.1108013,0.0010141568
2018,380,8460,0,0.05226217,0.06448247,0.22309868
2018,380,8461,0,0.06774289,0.06461646,-0.050598357
2018,380,8462,0,0.05717098,0.04979673,-0.145888
2018,380,8463,0,0.08493424,0.091395944,0.080410294
2018,380,8464,0,0.104497224,0.0848208,-0.23035428
2018,380,8465,0,0.09451222,0.07350157,-0.27436087
2018,380,8466,0,0.040822007,0.030848512,-0.29047704
2018,380,8467,0,0.13662791,0.09981338,-0.35571525
2018,380,8468,0,0.2163687,0.17577195,-0.25830507
2018,380,8470,0,0.24385324,0.25517583,0.06047353
2018,380,8471,0,0.048778445,0.042432774,-0.14601633
2018,380,8472,0,0.13302974,0.12082192,-0.110237725
2018,380,8473,0,0.10618076,0.12382487,0.17366275
2018,380,8474,0,0.4295866,0.34853026,-0.3419679
2018,380,8475,0,0.41079012,0.3181702,-0.4014937
2018,380,8476,0,0.1317007,0.13384002,0.018580165
2018,380,8477,0,0.102948196,0.07670141,-0.32314497
2018,380,8478,0,0.1306062,0.18155824,0.38978377
2018,380,8479,0,0.06400664,0.04303626,-0.41910094
2018,380,8480,1,0.12745735,0.08388163,-0.46710923
2018,380,8481,0,0.08642841,0.05789879,-0.43137085
2018,380,8482,0,0.08626894,0.050991155,-0.5636992
2018,380,8483,0,0.11534075,0.086213365,-0.32346004
2018,380,8484,0,0.09626865,0.063170895,-0.45726773
2018,380,8485,0,0.10610241,0.07197981,-0.4254813
2018,826,8401,1,0.6478971,0.62726456,-0.08930885
2018,826,8402,0,0.102262236,0.12752256,0.24929397
2018,826,8403,0,0.23715574,0.17885369,-0.3557964
2018,826,8404,0,0.13016616,0.1820429,0.39692298
2018,826,8405,0,0.19028707,0.22154705,0.19147241
2018,826,8406,0,0.16574875,0.24967377,0.5157086
2018,826,8408,0,0.61009187,0.4957662,-0.46463397
2018,826,8409,0,0.070687994,0.053933464,-0.28839308
2018,826,8410,1,0.34288195,0.38011482,0.1614166
2018,826,8411,0,0.09747299,0.076617844,-0.26358995
2018,826,8412,0,0.11081415,0.08283171,-0.32202825
2018,826,8413,0,0.09200161,0.061651833,-0.43318155
2018,826,8414,0,0.085410744,0.057933904,-0.41776952
2018,826,8415,0,0.11581804,0.08904295,-0.2927343
2018,826,8416,0,0.13930573,0.12899467,-0.088808775
2018,826,8418,0,0.10671229,0.059943702,-0.62776166
2018,826,8419,0,0.106001176,0.071670026,-0.42906016
2018,826,8420,1,0.16678101,0.20712796,0.26628998
2018,826,8421,0,0.08782879,0.06226208,-0.3716796
2018,826,8422,0,0.080070816,0.050432835,-0.4939784
2018,826,8423,0,0.121973455,0.08273081,-0.43193564
2018,826,8424,0,0.07551294,0.052536685,-0.38734147
2018,826,8425,0,0.16187075,0.1327798,-0.23222663
2018,826,8426,0,0.07494594,0.0943005,0.25086412
2018,826,8427,0,0.09362006,0.075602755,-0.23343529
2018,826,8428,0,0.08614789,0.063422516,-0.33081013
2018,826,8429,0,0.028275,0.031667877,0.11682245
2018,826,8430,0,0.058433354,0.07806063,0.31066465
2018,826,8431,0,0.030645644,0.02863277,-0.070013046
2018,826,8432,0,0.044616383,0.041487087,-0.075988956
2018,826,8433,0,0.16491883,0.106467344,-0.505269
2018,826,8434,0,0.21542738,0.20121418,-0.08620765
2018,826,8435,1,0.31624186,0.28497246,-0.14883162
2018,826,8436,0,0.14353651,0.1202863,-0.20349951
2018,826,8437,0,0.087126635,0.081790276,-0.0690328
2018,826,8438,0,0.05383054,0.044813804,-0.19280927
2018,826,8439,0,0.1680972,0.14308193,-0.19075164
2018,826,8440,0,0.16174686,0.18083419,0.13458167
2018,826,8441,1,0.13134135,0.09233564,-0.39629382
2018,826,8442,0,0.23832421,0.19295062,-0.26906142
2018,826,8443,1,0.044288315,0.0564596,0.25562137
2018,826,8444,1,0.3333619,0.42743716,0.40070346
2018,826,8445,1,0.17719732,0.2113238,0.21848819
2018,826,8446,1,0.8674164,0.8308409,-0.28670713
2018,826,8447,0,0.6236741,0.5187389,-0.4301816
2018,826,8448,0,0.08147232,0.061601605,-0.3009779
2018,826,8449,1,0.5870676,0.62321043,0.15134124
2018,826,8450,0,0.18177815,0.17928389,-0.016860252
2018,826,8451,0,0.13743171,0.09822572,-0.38030893
2018,826,8452,0,0.113990605,0.08418564,-0.33617783
2018,826,8453,0,0.121039055,0.15833262,0.31194028
2018,826,8454,0,0.20561013,0.23545198,0.17381467
2018,826,8455,0,0.20027255,0.19691885,-0.021072289
2018,826,8456,0,0.13597474,0.12725472,-0.07632009
2018,826,8457,1,0.19863209,0.22483803,0.15717417
2018,826,8458,0,0.13951628,0.14381309,0.035339147
2018,826,8459,0,0.17167473,0.18564376,0.095236026
2018,826,8460,0,0.07880503,0.08025982,0.019872861
2018,826,8461,0,0.14151213,0.12281426,-0.16325854
2018,826,8462,0,0.05863916,0.06650883,0.13432689
2018,826,8463,0,0.14624667,0.17165415,0.19039842
2018,826,8464,0,0.14503706,0.10154748,-0.4060785
2018,826,8465,1,0.24730167,0.24111551,-0.033517968
2018,826,8466,0,0.050263576,0.038768347,-0.27170762
2018,826,8467,0,0.09781973,0.06755214,-0.40322548
2018,826,8468,0,0.20075083,0.20707041,0.03893286
2018,826,8470,0,0.34167278,0.3010301,-0.18654889
2018,826,8471,0,0.030145368,0.029334733,-0.028094484
2018,826,8472,0,0.22950917,0.1933048,-0.21759291
2018,826,8473,0,0.09745426,0.11186566,0.15401196
2018,826,8474,0,0.11818242,0.096956104,-0.22175683
2018,826,8475,0,0.10941231,0.12954177,0.19174173
2018,826,8476,0,0.15727443,0.12616923,-0.25661352
2018,826,8477,0,0.057216026,0.05211921,-0.098692045
2018,826,8478,0,0.09012916,0.12841058,0.39697328
2018,826,8479,0,0.08634149,0.061390083,-0.36800507
2018,826,8480,0,0.15018587,0.107549675,-0.38287407
2018,826,8481,0,0.08615703,0.05984074,-0.39287552
2018,826,8482,0,0.07833779,0.051038343,-0.45764253
2018,826,8483,0,0.09669979,0.06792555,-0.38455665
2018,826,8484,0,0.0821122,0.0612401,-0.3157689
2018,826,8485,0,0.08114239,0.062378287,-0.2832036
2018,251,8401,1,0.33405063,0.5902005,1.0547153
2018,251,8403,0,0.093376204,0.059516516,-0.487049
2018,251,8404,0,0.2710623,0.33460864,0.30182585
2018,251,8407,0,0.1471086,0.17308068,0.19351196
2018,251,8408,1,0.22902541,0.18215387,-0.288
2018,251,8409,0,0.09818829,0.061034065,-0.51582825
2018,251,8411,0,0.14079678,0.106535174,-0.31794387
2018,251,8412,0,0.21621867,0.15733169,-0.39037734
2018,251,8413,0,0.11620641,0.07807544,-0.43993238
2018,251,8414,0,0.114241116,0.070286006,-0.5341706
2018,251,8415,0,0.16566041,0.12305913,-0.34707412
2018,251,8416,0,0.20875715,0.1756817,-0.21344958
2018,251,8417,0,0.116135806,0.12344857,0.06937245
2018,251,8418,0,0.17487273,0.09296104,-0.7265256
2018,251,8419,0,0.13426557,0.08863706,-0.4666328
2018,251,8420,0,0.15998872,0.1571534,-0.021250604
2018,251,8421,0,0.08905706,0.06094378,-0.40972057
2018,251,8422,0,0.09731125,0.06788278,-0.3922129
2018,251,8424,0,0.14377931,0.10745371,-0.33276975
2018,251,8425,0,0.12352786,0.10413924,-0.19261804
2018,251,8426,0,0.100081004,0.09928706,-0.008846527
2018,251,8427,0,0.057858612,0.044853114,-0.2683191
2018,251,8428,0,0.15222809,0.097333916,-0.5099735
2018,251,8429,0,0.05350901,0.05177423,-0.034788493
2018,251,8430,0,0.122425,0.1667055,0.36050543
2018,251,8431,0,0.03382763,0.025675012,-0.28416225
2018,251,8432,0,0.04594499,0.03772082,-0.2058159
2018,251,8433,0,0.13533053,0.09358079,-0.41604963
2018,251,8434,1,0.27553266,0.32080472,0.2166545
2018,251,8435,0,0.13702795,0.1058407,-0.29375148
2018,251,8436,0,0.10975846,0.09295964,-0.18481097
2018,251,8438,0,0.09095481,0.06894058,-0.3010462
2018,251,8439,0,0.14283825,0.17620867,0.24966551
2018,251,8440,0,0.34544778,0.3308193,-0.06537196
2018,251,8441,0,0.17616175,0.12609506,-0.39336392
2018,251,8442,0,0.3174498,0.21262963,-0.5436306
2018,251,8443,0,0.03662356,0.04787848,0.2797261
2018,251,8444,1,0.5744685,0.53755355,-0.14960876
2018,251,8445,0,0.30257204,0.24718049,-0.27862686
2018,251,8446,1,0.5968134,0.5295998,-0.27366725
2018,251,8447,1,0.35853764,0.27262267,-0.39963993
2018,251,8448,1,0.13082428,0.073796585,-0.636091
2018,251,8449,0,0.2732912,0.18973596,-0.4737388
2018,251,8450,1,0.25902802,0.1914644,-0.38949636
2018,251,8451,1,0.18050909,0.121825956,-0.46234936
2018,251,8453,0,0.1655309,0.15228519,-0.099151336
2018,251,8454,0,0.48820376,0.40667725,-0.33052492
2018,251,8455,0,0.18087995,0.18287303,0.013394653
2018,251,8456,0,0.13622993,0.113248795,-0.211015
2018,251,8457,0,0.08667075,0.10959237,0.26006842
2018,251,8458,0,0.16542141,0.22696288,0.39289016
2018,251,8459,0,0.16799864,0.1482242,-0.1487191
2018,251,8460,0,0.22818336,0.21389234,-0.08302328
2018,251,8461,0,0.1235668,0.096633025,-0.27612975
2018,251,8462,0,0.18541746,0.14215744,-0.31741953
2018,251,8463,0,0.21757564,0.17478733,-0.27222052
2018,251,8464,0,0.18117824,0.15354455,-0.19868176
2018,251,8465,0,0.20085768,0.15271041,-0.33255675
2018,251,8466,0,0.032751426,0.025828915,-0.24458335
2018,251,8467,0,0.21279559,0.14097536,-0.49905655
2018,251,8468,0,0.26505664,0.25574896,-0.048332125
2018,251,8470,0,0.26658475,0.18086958,-0.49844718
2018,251,8471,0,0.028980993,0.028664304,-0.011313644
2018,251,8472,0,0.12842509,0.13059375,0.019236872
2018,251,8473,0,0.10122884,0.124485,0.23301785
2018,251,8475,0,0.17614046,0.19277497,0.11063936
2018,251,8476,0,0.16290787,0.15178175,-0.08394505
2018,251,8477,0,0.123758465,0.09038862,-0.3515892
2018,251,8478,1,0.33326194,0.38485667,0.22448416
2018,251,8479,0,0.098631375,0.06553675,-0.44483647
2018,251,8480,0,0.12582695,0.085968636,-0.42551148
2018,251,8481,0,0.10228818,0.071274,-0.39522707
2018,251,8482,0,0.103879854,0.07016446,-0.4293263
2018,251,8483,0,0.10183198,0.073451504,-0.35780814
2018,251,8484,0,0.1341188,0.09724322,-0.36321616
2018,251,8485,0,0.13145436,0.093724675,-0.38082123
2018,490,8401,0,0.803983,0.79169905,-0.07617918
2018,490,8402,0,0.15780209,0.2642353,0.65060306
2018,490,8403,0,0.15857174,0.28249335,0.7367665
2018,490,8404,0,0.19664803,0.26219508,0.37278685
2018,490,8405,0,0.39562503,0.4922318,0.39265254
2018,490,8406,1,0.33260533,0.34610188,0.060206473
2018,490,8407,1,0.21992067,0.22823218,0.047808584
2018,490,8408,0,0.16631372,0.20382099,0.24939932
2018,490,8409,0,0.10133008,0.068277165,-0.43092752
2018,490,8410,0,0.5101421,0.51790726,0.031085616
2018,490,8411,1,0.14408757,0.11497211,-0.2591826
2018,490,8412,0,0.07800459,0.075053655,-0.041759875
2018,490,8413,0,0.074259035,0.055369146,-0.31373674
2018,490,8414,0,0.073217176,0.04554018,-0.5042614
2018,490,8415,0,0.12883604,0.0770458,-0.5718901
2018,490,8416,0,0.24817447,0.24394952,-0.022774637
2018,490,8417,0,0.18168908,0.19738494,0.102226116
2018,490,8418,0,0.08551883,0.060301386,-0.37658376
2018,490,8419,0,0.07617543,0.06669294,-0.1431519
2018,490,8420,0,0.21249016,0.29031333,0.41611734
2018,490,8421,0,0.060447298,0.04930949,-0.21544015
2018,490,8422,0,0.05142406,0.047059987,-0.09327308
2018,490,8423,0,0.15651655,0.10666556,-0.4408843
2018,490,8424,0,0.07805877,0.058719102,-0.30545712
2018,490,8425,0,0.12291692,0.106419355,-0.16275615
2018,490,8426,0,0.08653445,0.10610402,0.22553341
2018,490,8427,0,0.109462224,0.066059634,-0.5526087
2018,490,8428,1,0.096177794,0.106294684,0.11127321
2018,490,8429,1,0.23674555,0.33693126,0.49360582
2018,490,8430,1,0.17745632,0.27169046,0.54761434
2018,490,8431,0,0.05266077,0.048201725,-0.093171835
2018,490,8432,0,0.11033141,0.09648837,-0.1495061
2018,490,8433,0,0.14135727,0.0975914,-0.42021567
2018,490,8434,0,0.23722288,0.21957633,-0.10017123
2018,490,8435,0,0.16909964,0.23662217,0.42073327
2018,490,8436,0,0.077204384,0.09669638,0.24646866
2018,490,8437,1,0.14620629,0.14009595,-0.04982224
2018,490,8438,0,0.056262396,0.053895485,-0.045484457
2018,490,8439,0,0.113393895,0.14318436,0.2674436
2018,490,8440,0,0.22520843,0.25675577,0.17266822
2018,490,8441,0,0.09312415,0.088727176,-0.053203996
2018,490,8442,1,0.22400513,0.25324667,0.16110596
2018,490,8443,0,0.042869303,0.049088847,0.14199513
2018,490,8444,1,0.26596904,0.26346108,-0.012885262
2018,490,8445,0,0.1603111,0.18879709,0.19806975
2018,490,8446,1,0.2707022,0.232157,-0.20510861
2018,490,8447,1,0.16562274,0.1717834,0.043932706
2018,490,8448,0,0.09201892,0.100723505,0.10001808
2018,490,8449,0,0.26788467,0.32371747,0.26864165
2018,490,8450,0,0.22793129,0.14584479,-0.5475406
2018,490,8451,1,0.10091671,0.11876568,0.18290903
2018,490,8452,0,0.056812,0.048680205,-0.16305971
2018,490,8453,0,0.12932019,0.18119313,0.3986982
2018,490,8454,0,0.17075434,0.19733156,0.17723422
2018,490,8455,0,0.101826355,0.12277963,0.2107273
2018,490,8456,0,0.14236344,0.14236273,-5.82327e-06
2018,490,8457,1,0.108953424,0.10761606,-0.013850406
2018,490,8458,0,0.08972354,0.090567805,0.010293438
2018,490,8459,1,0.1245952,0.13130046,0.060107403
2018,490,8460,0,0.08213114,0.10834637,0.3059929
2018,490,8461,0,0.07067699,0.08082039,0.14508404
2018,490,8462,0,0.071248755,0.076741874,0.08020242
2018,490,8463,1,0.081191786,0.10790677,0.3139604
2018,490,8464,1,0.23669454,0.23412673,-0.014266373
2018,490,8465,0,0.07965212,0.061584007,-0.276708
2018,490,8466,1,0.041783586,0.04109133,-0.017428631
2018,490,8467,0,0.17513567,0.1290838,-0.35942605
2018,490,8468,0,0.37203288,0.31317607,-0.2618069
2018,490,8470,1,0.2781944,0.18669255,-0.5182103
2018,490,8471,0,0.054917514,0.0486301,-0.12822022
2018,490,8472,1,0.11116841,0.10016897,-0.116487004
2018,490,8473,0,0.15493047,0.16554376,0.078897834
2018,490,8474,0,0.08975819,0.109996885,0.22581825
2018,490,8475,0,0.35249865,0.5017665,0.61514026
2018,490,8476,0,0.14877652,0.13593546,-0.10523789
2018,490,8477,0,0.053366162,0.053495064,0.0025487489
2018,490,8478,0,0.23439309,0.22888845,-0.030929025
2018,490,8479,0,0.12388474,0.16390029,0.32665634
2018,490,8480,0,0.06003553,0.053004492,-0.13201217
2018,490,8481,0,0.07523791,0.058708455,-0.26578772
2018,490,8482,0,0.065568395,0.051370427,-0.25911117
2018,490,8483,0,0.08664092,0.07486342,-0.15891899
2018,490,8484,0,0.08533827,0.05735873,-0.42742932
2018,490,8485,0,0.061381772,0.054385435,-0.12844285
2018,702,8402,1,0.22545396,0.26178366,0.19744265
2018,702,8405,0,0.6015544,0.5627345,-0.15967853
2018,702,8406,1,0.5276681,0.56263554,0.14107966
2018,702,8407,0,0.26721382,0.28174743,0.07299445
2018,702,8408,1,0.3026678,0.32499692,0.103724554
2018,702,8409,0,0.039300345,0.0423301,0.07742386
2018,702,8411,0,0.19203295,0.15764669,-0.23898873
2018,702,8412,0,0.05652416,0.060323782,0.06909368
2018,702,8413,0,0.05358293,0.048310302,-0.10914145
2018,702,8414,0,0.042973354,0.032234173,-0.29871196
2018,702,8416,0,0.37058774,0.3923603,0.092294544
2018,702,8418,0,0.10239298,0.11360239,0.11645308
2018,702,8419,0,0.108419575,0.08923532,-0.21602063
2018,702,8420,0,0.20450644,0.26168588,0.32113874
2018,702,8421,0,0.041030772,0.03605976,-0.13431507
2018,702,8422,0,0.08093747,0.084264584,0.04391134
2018,702,8423,1,0.19032066,0.18416275,-0.040467028
2018,702,8424,0,0.07597964,0.069810376,-0.091337234
2018,702,8425,0,0.12794754,0.13313738,0.04573018
2018,702,8427,0,0.13450788,0.13015783,-0.03788852
2018,702,8428,0,0.09931022,0.07431557,-0.31730056
2018,702,8430,1,0.46343043,0.4598366,-0.014460336
2018,702,8431,0,0.046214387,0.05929649,0.26306987
2018,702,8432,0,0.22783937,0.29652575,0.3566545
2018,702,8433,1,0.43628398,0.42556605,-0.0437078
2018,702,8434,1,0.30527177,0.31013617,0.022835422
2018,702,8435,1,0.32605296,0.37143254,0.20001566
2018,702,8436,0,0.13831733,0.15429755,0.12805174
2018,702,8437,0,0.20960046,0.23768449,0.16191897
2018,702,8438,0,0.11663843,0.1383168,0.19531474
2018,702,8439,0,0.2599813,0.18593562,-0.43057317
2018,702,8440,1,0.61339515,0.6028469,-0.04426485
2018,702,8441,0,0.1376176,0.1480799,0.08547924
2018,702,8442,1,0.466348,0.4085936,-0.23497051
2018,702,8443,0,0.056560043,0.06290254,0.1130292
2018,702,8445,1,0.2643493,0.29252502,0.14033209
2018,702,8446,1,0.70009357,0.70743436,0.03521232
2018,702,8448,0,0.1893763,0.22019868,0.189559
2018,702,8449,1,0.45869076,0.37455702,-0.3471017
2018,702,8451,0,0.19547394,0.17990248,-0.10218206
2018,702,8452,0,0.17776641,0.14187923,-0.26821455
2018,702,8453,0,0.16726531,0.31618488,0.83377343
2018,702,8454,1,0.6608996,0.70281714,0.19344333
2018,702,8455,0,0.17027654,0.1888946,0.12645966
2018,702,8456,1,0.12970448,0.10400983,-0.24986981
2018,702,8457,0,0.28159007,0.27339226,-0.040891208
2018,702,8458,0,0.22067043,0.2195623,-0.006455237
2018,702,8459,0,0.16468988,0.14059685,-0.1866027
2018,702,8460,0,0.18737435,0.19086044,0.022733122
2018,702,8461,0,0.16307232,0.1676064,0.032856774
2018,702,8462,0,0.40077987,0.4061239,0.022204343
2018,702,8463,1,0.57464373,0.37776795,-0.799856
2018,702,8464,0,0.22899039,0.22772244,-0.00719577
2018,702,8465,0,0.104219265,0.12651068,0.21902941
2018,702,8466,0,0.13998434,0.17968608,0.2969443
2018,702,8467,0,0.13596773,0.13943142,0.029171942
2018,702,8468,0,0.24867162,0.2719365,0.12088985
2018,702,8470,0,0.18185234,0.1872542,0.035896562
2018,702,8471,1,0.028947512,0.03393077,0.16398318
2018,702,8473,0,0.07031864,0.08830538,0.2473009
2018,702,8474,1,0.119672,0.13770619,0.16106619
2018,702,8475,1,0.3911206,0.28337902,-0.48515767
2018,702,8476,0,0.38575798,0.4913212,0.43046027
2018,702,8477,0,0.12863496,0.11807323,-0.09772169
2018,702,8479,0,0.11897944,0.09345269,-0.2700577
2018,702,8480,1,0.15360324,0.20273696,0.33734003
2018,702,8481,0,0.05552218,0.055334736,-0.0035801937
2018,702,8482,0,0.04559301,0.048320685,0.060967498
2018,702,8483,0,0.040617865,0.040765166,0.0037733975
2018,702,8484,0,0.09195933,0.14763929,0.5367051
2018,528,8401,0,0.28111184,0.47228828,0.8279927
2018,528,8403,0,0.098828845,0.056102872,-0.6125245
2018,528,8404,0,0.13235317,0.17379668,0.32135615
2018,528,8405,0,0.1723322,0.2362319,0.3957375
2018,528,8407,1,0.22587548,0.28191084,0.29674602
2018,528,8408,0,0.2381251,0.19875915,-0.2310816
2018,528,8409,0,0.07907172,0.056670357,-0.35713768
2018,528,8410,0,0.21294321,0.21406028,0.006652634
2018,528,8411,0,0.12438554,0.08767904,-0.39076892
2018,528,8412,0,0.09300906,0.07442819,-0.24314138
2018,528,8413,0,0.109035164,0.06415581,-0.57949966
2018,528,8414,0,0.15390503,0.08050586,-0.73119783
2018,528,8415,0,0.1546379,0.11420658,-0.34979582
2018,528,8416,1,0.19873159,0.1568531,-0.28759077
2018,528,8417,1,0.37573504,0.3322478,-0.19034553
2018,528,8418,0,0.14675,0.09520107,-0.4913996
2018,528,8419,0,0.09725863,0.055474024,-0.6067059
2018,528,8420,0,0.23434909,0.20523427,-0.16998075
2018,528,8421,0,0.07353746,0.0504384,-0.40166906
2018,528,8422,0,0.09708024,0.05564993,-0.60132015
2018,528,8423,0,0.21643521,0.13065727,-0.6085973
2018,528,8424,0,0.13686673,0.09506077,-0.41178992
2018,528,8425,0,0.1327026,0.10133516,-0.30520526
2018,528,8426,0,0.082917586,0.08373624,0.010717703
2018,528,8427,0,0.08597001,0.06385412,-0.32130536
2018,528,8428,0,0.1473078,0.083376095,-0.641461
2018,528,8429,0,0.055755723,0.051884823,-0.076044835
2018,528,8430,0,0.090292,0.111917116,0.2387683
2018,528,8431,0,0.030327966,0.023186643,-0.27583176
2018,528,8432,0,0.057840794,0.04178418,-0.34207535
2018,528,8433,0,0.11616617,0.083145276,-0.3711122
2018,528,8434,0,0.10544699,0.100317545,-0.055585273
2018,528,8435,0,0.1594602,0.15994738,0.0036302584
2018,528,8436,0,0.11792867,0.10626761,-0.11725293
2018,528,8437,1,0.24607979,0.24639279,0.0016862819
2018,528,8438,0,0.07714767,0.056068517,-0.34173128
2018,528,8439,0,0.1555642,0.17290422,0.12642759
2018,528,8440,0,0.16791879,0.12754105,-0.32242778
2018,528,8441,0,0.12972772,0.09806497,-0.31554398
2018,528,8442,0,0.2676499,0.20181514,-0.36840916
2018,528,8443,0,0.042066444,0.051129773,0.20462286
2018,528,8444,1,0.6417597,0.5850114,-0.23962958
2018,528,8445,1,0.6399259,0.5876754,-0.22067858
2018,528,8446,0,0.38148826,0.35614458,-0.10890131
2018,528,8447,0,0.20692976,0.1676352,-0.2589484
2018,528,8448,1,0.25633126,0.18916516,-0.3903187
2018,528,8449,0,0.35933784,0.14394258,-1.2046838
2018,528,8450,0,0.31703678,0.2744349,-0.20481354
2018,528,8451,0,0.18839738,0.09371513,-0.80863667
2018,528,8452,0,0.2482709,0.16277738,-0.5298509
2018,528,8453,1,0.23307067,0.2700234,0.19654916
2018,528,8454,1,0.18936302,0.22316165,0.2068185
2018,528,8455,0,0.20405665,0.19163154,-0.0783131
2018,528,8456,0,0.0858453,0.088106126,0.028471509
2018,528,8457,0,0.20463836,0.1862553,-0.11697573
2018,528,8458,0,0.21533433,0.21052416,-0.028703023
2018,528,8459,0,0.16983443,0.15203951,-0.13189241
2018,528,8460,0,0.10992056,0.13358267,0.22190654
2018,528,8461,0,0.13620606,0.14000548,0.031920902
2018,528,8462,0,0.10185981,0.09052948,-0.13045824
2018,528,8463,0,0.17698607,0.19993536,0.15020373
2018,528,8464,0,0.18925492,0.1607959,-0.1974593
2018,528,8465,1,0.1481433,0.12275478,-0.21735968
2018,528,8466,0,0.06766461,0.033537164,-0.73785937
2018,528,8467,1,0.13641287,0.09170212,-0.44761837
2018,528,8468,0,0.23496006,0.20845509,-0.15375048
2018,528,8470,0,0.28901574,0.1949907,-0.51773286
2018,528,8471,0,0.035436783,0.030251782,-0.16355644
2018,528,8472,0,0.13401562,0.14434963,0.08628701
2018,528,8473,0,0.20750262,0.265348,0.32169047
2018,528,8474,0,0.15551735,0.11687327,-0.33041143
2018,528,8475,0,0.16132452,0.19918123,0.25698614
2018,528,8476,0,0.35581997,0.24900027,-0.510398
2018,528,8477,0,0.105002,0.07976406,-0.30271503
2018,528,8478,0,0.09036361,0.16850497,0.7129434
2018,528,8479,0,0.13668549,0.08524151,-0.530075
2018,528,8480,0,0.15553561,0.108939104,-0.40979585
2018,528,8481,0,0.08518371,0.057165276,-0.42903128
2018,528,8482,0,0.16402619,0.084847026,-0.74967015
2018,528,8483,0,0.09621483,0.067018144,-0.3934142
2018,528,8484,0,0.13768522,0.10083789,-0.3532989
2018,528,8485,0,0.09291206,0.06962454,-0.31388533
2018,410,8401,1,0.27589116,0.41084912,0.60447896
2018,410,8402,0,0.20609236,0.18397298,-0.14101584
2018,410,8403,0,0.08416594,0.06559417,-0.26937914
2018,410,8404,0,0.17564017,0.19533733,0.1304745
2018,410,8405,1,0.16871795,0.20406778,0.23367889
2018,410,8406,1,0.48064518,0.36019832,-0.49704564
2018,410,8407,0,0.15199727,0.13694885,-0.12184518
2018,410,8408,0,0.08866785,0.08489293,-0.047640033
2018,410,8409,0,0.05257421,0.04123919,-0.25472972
2018,410,8410,1,0.6845264,0.66296995,-0.098094516
2018,410,8411,0,0.11024971,0.09367074,-0.1814239
2018,410,8412,0,0.068507425,0.06306639,-0.08857817
2018,410,8413,0,0.056662086,0.04219409,-0.31004572
2018,410,8414,0,0.05658213,0.041930757,-0.3150844
2018,410,8415,0,0.07856214,0.048702482,-0.5100514
2018,410,8416,0,0.17347953,0.15372474,-0.144516
2018,410,8417,0,0.21438156,0.23564792,0.12202413
2018,410,8418,0,0.13437559,0.06223764,-0.84972435
2018,410,8419,0,0.085444346,0.0648168,-0.2986044
2018,410,8420,1,0.29432693,0.28095508,-0.06526825
2018,410,8421,0,0.04280968,0.036323916,-0.17104076
2018,410,8422,0,0.08395276,0.06518372,-0.2733266
2018,410,8423,0,0.17983064,0.13021995,-0.38152003
2018,410,8424,0,0.09223815,0.07858839,-0.17507456
2018,410,8425,0,0.12480893,0.11355628,-0.10726074
2018,410,8426,0,0.11709424,0.14416745,0.2391401
2018,410,8427,0,0.10109198,0.07743559,-0.29256088
2018,410,8428,0,0.0758074,0.06431638,-0.17673862
2018,410,8429,0,0.042770486,0.05171885,0.19936603
2018,410,8431,0,0.030800836,0.03240222,0.05233876
2018,410,8432,0,0.11671047,0.1076417,-0.091102935
2018,410,8433,0,0.113817975,0.08054443,-0.38265076
2018,410,8435,0,0.15665394,0.29092643,0.79244924
2018,410,8436,1,0.572404,0.42620933,-0.5890001
2018,410,8437,0,0.1439796,0.16651897,0.17212075
2018,410,8438,0,0.07236726,0.06441323,-0.12497301
2018,410,8439,0,0.18100058,0.18354127,0.017046234
2018,410,8440,1,0.27539295,0.20572866,-0.38343635
2018,410,8441,0,0.07105697,0.07369972,0.03936589
2018,410,8442,0,0.28943518,0.19095139,-0.54571116
2018,410,8443,0,0.03712895,0.043393057,0.16242924
2018,410,8444,0,0.28485003,0.35294366,0.31440452
2018,410,8445,1,0.2661337,0.23212013,-0.18205017
2018,410,8446,1,0.19312459,0.15481867,-0.2674629
2018,410,8447,1,0.28876674,0.26337856,-0.12710047
2018,410,8448,0,0.22785652,0.17096816,-0.358327
2018,410,8449,1,0.3524674,0.3446409,-0.03446933
2018,410,8450,0,0.09240537,0.051398095,-0.63077545
2018,410,8451,0,0.118349046,0.07962647,-0.43927503
2018,410,8452,0,0.16717894,0.14485829,-0.16975728
2018,410,8453,0,0.17569233,0.24064866,0.396683
2018,410,8454,0,0.36934498,0.3668218,-0.010847853
2018,410,8455,0,0.21093735,0.17648175,-0.22108369
2018,410,8456,0,0.11914074,0.11683829,-0.022125106
2018,410,8457,0,0.11346764,0.11443688,0.0095996335
2018,410,8458,0,0.12965076,0.110860065,-0.17793573
2018,410,8459,0,0.12759566,0.1115035,-0.15308803
2018,410,8460,0,0.1842703,0.20679551,0.14332876
2018,410,8461,0,0.13840504,0.14268546,0.03543845
2018,410,8462,0,0.07843054,0.07854545,0.0015889113
2018,410,8463,0,0.12869889,0.1303191,0.014371905
2018,410,8464,0,0.2520737,0.26544732,0.069737546
2018,410,8465,0,0.10211046,0.10474241,0.028384363
2018,410,8466,0,0.053667977,0.0461692,-0.15839644
2018,410,8467,1,0.12248665,0.08899925,-0.35682583
2018,410,8468,0,0.23378994,0.2316547,-0.011957982
2018,410,8470,0,0.72009903,0.5680958,-0.67086667
2018,410,8471,0,0.050042275,0.036557093,-0.32808864
2018,410,8472,0,0.14130111,0.107389174,-0.31316605
2018,410,8473,0,0.1839416,0.1829414,-0.006677271
2018,410,8474,0,0.10285202,0.122411855,0.19614334
2018,410,8475,1,0.22951837,0.2489033,0.106562875
2018,410,8476,0,0.17777869,0.15195844,-0.18785244
2018,410,8477,0,0.083258905,0.077861056,-0.07289996
2018,410,8478,1,0.30483323,0.3362329,0.1442597
2018,410,8479,0,0.11741044,0.13399738,0.1511169
2018,410,8480,0,0.07075766,0.050588347,-0.3570124
2018,410,8481,0,0.06435063,0.052121025,-0.2237642
2018,410,8482,0,0.09327807,0.076786295,-0.21258381
2018,410,8483,0,0.05636895,0.042710267,-0.29185018
2018,410,8484,0,0.07021223,0.057855044,-0.20678481
2018,410,8485,0,0.069064364,0.058238376,-0.18205646
2018,458,8404,0,0.17339177,0.22777045,0.34083363
2018,458,8405,0,0.2387749,0.29305446,0.27881262
2018,458,8406,1,0.30395967,0.40548742,0.4458605
2018,458,8407,0,0.1718391,0.22791657,0.35253593
2018,458,8409,0,0.27675512,0.169731,-0.62692016
2018,458,8411,0,0.33204958,0.32207894,-0.0453045
2018,458,8412,0,0.1260338,0.11626574,-0.09178657
2018,458,8413,0,0.11204279,0.09213898,-0.21775043
2018,458,8414,0,0.05187591,0.041127328,-0.2434548
2018,458,8415,0,0.06450842,0.04959828,-0.27865225
2018,458,8416,1,0.3146775,0.29550242,-0.09046664
2018,458,8417,0,0.25530553,0.24628636,-0.04800466
2018,458,8418,0,0.12128924,0.0829236,-0.42299354
2018,458,8419,0,0.16205363,0.13165541,-0.24337372
2018,458,8420,1,0.61944824,0.57717067,-0.17603745
2018,458,8421,0,0.08807397,0.06815319,-0.27802873
2018,458,8422,1,0.17648596,0.17645368,-0.00022216549
2018,458,8423,1,0.34338126,0.33474216,-0.038551852
2018,458,8424,0,0.09483685,0.07308029,-0.28435117
2018,458,8426,0,0.18602866,0.21019417,0.15226904
2018,458,8427,0,0.2627792,0.20164531,-0.34446925
2018,458,8428,0,0.070609964,0.06912664,-0.02282582
2018,458,8430,1,0.49096704,0.5445945,0.21498911
2018,458,8431,0,0.095000215,0.09791612,0.033459187
2018,458,8434,1,0.66553146,0.6552758,-0.045731273
2018,458,8436,0,0.1180882,0.12059741,0.023875117
2018,458,8437,0,0.32743922,0.3392125,0.05298455
2018,458,8438,0,0.084028825,0.0767363,-0.09871515
2018,458,8439,0,0.17081349,0.22425859,0.3388535
2018,458,8441,0,0.27332392,0.25844502,-0.07624311
2018,458,8442,0,0.3632366,0.41319385,0.21056612
2018,458,8443,0,0.09796227,0.10121949,0.036326375
2018,458,8445,1,0.61289257,0.6304132,0.074502245
2018,458,8447,1,0.49557078,0.4791444,-0.06575346
2018,458,8448,1,0.12826133,0.13113147,0.025428379
2018,458,8451,0,0.39765927,0.38242567,-0.06403733
2018,458,8452,0,0.17127469,0.16378441,-0.053715356
2018,458,8454,1,0.2647835,0.33760393,0.34726226
2018,458,8455,0,0.23165962,0.23853293,0.03822423
2018,458,8456,1,0.11508992,0.12070901,0.054039184
2018,458,8458,0,0.2625577,0.2894513,0.13466653
2018,458,8459,0,0.2454,0.25602964,0.05659015
2018,458,8460,0,0.28981334,0.26673487,-0.11496133
2018,458,8462,1,0.183469,0.20763348,0.15376952
2018,458,8463,0,0.19367076,0.26724198,0.41767153
2018,458,8464,0,0.19452633,0.20817293,0.084889196
2018,458,8465,1,0.22209081,0.20695491,-0.08985572
2018,458,8466,1,0.11870596,0.13001594,0.10392416
2018,458,8468,0,0.3161109,0.3503544,0.15422091
2018,458,8470,1,0.2300693,0.16699213,-0.39917648
2018,458,8471,0,0.03379076,0.03783135,0.11714146
2018,458,8472,1,0.1627559,0.18866467,0.17915386
2018,458,8473,1,0.096235566,0.12773979,0.31867722
2018,458,8474,0,0.12498379,0.1362369,0.099155225
2018,458,8475,0,0.22126696,0.24007373,0.10602311
2018,458,8476,0,0.20105311,0.18993874,-0.07068289
2018,458,8477,0,0.13441089,0.12549654,-0.07886924
2018,458,8478,1,0.21399832,0.28390434,0.3758144
2018,458,8479,0,0.09906898,0.12716332,0.28133604
2018,458,8480,1,0.19899718,0.22614568,0.16236943
2018,458,8481,0,0.10064339,0.06621777,-0.4561983
2018,458,8482,0,0.09528296,0.089504175,-0.06893278
2018,458,8484,0,0.110571094,0.09584131,-0.15939027
2018,458,8485,1,0.32323426,0.2865612,-0.1731967
2018,124,8401,1,0.5416726,0.34619597,-0.80288076
2018,124,8402,1,0.24517676,0.24108388,-0.02224207
2018,124,8403,0,0.1555977,0.1470414,-0.06664171
2018,124,8404,0,0.28757685,0.27504456,-0.06199521
2018,124,8405,1,0.38326997,0.3656295,-0.07532102
2018,124,8406,1,0.28584144,0.29234135,0.031628
2018,124,8407,0,0.11932657,0.09772627,-0.22392476
2018,124,8408,0,0.15820967,0.12942126,-0.23447567
2018,124,8409,0,0.11127186,0.099069364,-0.12979284
2018,124,8410,0,0.31025016,0.294575,-0.07431666
2018,124,8411,0,0.10499866,0.08994388,-0.17144272
2018,124,8412,0,0.11010302,0.10338068,-0.07052402
2018,124,8413,0,0.12644622,0.10223423,-0.2398902
2018,124,8414,0,0.13341415,0.068052515,-0.7458938
2018,124,8415,0,0.14463608,0.11063528,-0.3069622
2018,124,8416,0,0.17698076,0.13747826,-0.29945594
2018,124,8417,0,0.14257975,0.12352479,-0.16543989
2018,124,8418,0,0.16490589,0.08744992,-0.7230072
2018,124,8419,0,0.15416607,0.07554402,-0.8021972
2018,124,8420,0,0.22675541,0.15671273,-0.4561699
2018,124,8421,0,0.11994853,0.095545284,-0.25481433
2018,124,8422,0,0.1392212,0.10350108,-0.33714157
2018,124,8423,0,0.16520628,0.108097434,-0.49033415
2018,124,8424,0,0.15565647,0.09185038,-0.6003403
2018,124,8425,0,0.1616256,0.12688407,-0.28261232
2018,124,8426,0,0.11688071,0.112676516,-0.041382022
2018,124,8427,0,0.11020776,0.104829445,-0.056058843
2018,124,8428,0,0.16369115,0.067398645,-0.9963364
2018,124,8429,0,0.18766883,0.19396694,0.04079218
2018,124,8430,0,0.12560569,0.1229232,-0.024650844
2018,124,8431,0,0.058187842,0.0521844,-0.11524701
2018,124,8432,0,0.102307335,0.096077114,-0.06974644
2018,124,8433,0,0.10696973,0.0790246,-0.33359966
2018,124,8434,0,0.6419187,0.61858124,-0.10017101
2018,124,8436,0,0.10904034,0.09523968,-0.15069233
2018,124,8437,0,0.28859597,0.272113,-0.08171552
2018,124,8438,0,0.11576118,0.06805034,-0.5838332
2018,124,8439,0,0.17902689,0.17455967,-0.030695995
2018,124,8440,1,0.2896228,0.25146267,-0.1936098
2018,124,8441,0,0.15888901,0.07781288,-0.8059236
2018,124,8442,0,0.25832242,0.23630393,-0.11834504
2018,124,8443,1,0.0807897,0.08382959,0.040249195
2018,124,8445,1,0.5452258,0.5135233,-0.12729266
2018,124,8447,0,0.56132257,0.5424789,-0.076205045
2018,124,8448,1,0.19460924,0.17723851,-0.11483594
2018,124,8451,0,0.20433004,0.12199804,-0.61419576
2018,124,8452,1,0.4104818,0.34886992,-0.26203635
2018,124,8453,0,0.21337353,0.13146096,-0.58339345
2018,124,8454,0,0.16896884,0.11482174,-0.4494553
2018,124,8455,0,0.2465185,0.24638683,-0.0007090244
2018,124,8456,1,0.17487402,0.121801,-0.42401442
2018,124,8457,1,0.17296487,0.14695041,-0.19396389
2018,124,8458,0,0.28757626,0.24396907,-0.22385609
2018,124,8459,0,0.16279466,0.14460763,-0.13995646
2018,124,8460,0,0.11729591,0.1017763,-0.15935183
2018,124,8461,0,0.1952408,0.17838567,-0.11101361
2018,124,8462,0,0.12650123,0.105567135,-0.20458807
2018,124,8463,1,0.15643887,0.14883727,-0.058782663
2018,124,8464,0,0.12754433,0.08370836,-0.47014797
2018,124,8465,0,0.12678158,0.08548303,-0.44035813
2018,124,8466,0,0.06469912,0.040460393,-0.49500945
2018,124,8467,0,0.17712627,0.11701448,-0.4850711
2018,124,8468,0,0.24179463,0.15771559,-0.5324588
2018,124,8470,0,0.2772335,0.24640118,-0.15967293
2018,124,8471,0,0.061283763,0.054263763,-0.12910868
2018,124,8472,0,0.24795663,0.23148906,-0.09038198
2018,124,8473,0,0.1368252,0.14090945,0.03415613
2018,124,8474,0,0.14723824,0.124222085,-0.19661346
2018,124,8475,1,0.3633427,0.36292726,-0.0017963819
2018,124,8476,0,0.17278443,0.11776458,-0.44775087
2018,124,8477,0,0.15835547,0.11287531,-0.39118642
2018,124,8479,0,0.11788418,0.09358794,-0.25797167
2018,124,8480,0,0.12568118,0.067941524,-0.6790515
2018,124,8481,0,0.11433509,0.0866673,-0.3078184
2018,124,8482,0,0.115478925,0.10340019,-0.12404431
2018,124,8483,0,0.11534114,0.08170906,-0.3820415
2018,124,8484,0,0.13687475,0.09924259,-0.36417517
2018,124,8485,0,0.53566444,0.47785747,-0.23152864
2018,484,8402,0,0.397971,0.39463627,-0.013938403
2018,484,8403,0,0.29131293,0.291748,0.0021063844
2018,484,8404,0,0.35439214,0.31748745,-0.16555431
2018,484,8405,0,0.29078388,0.33604354,0.21060412
2018,484,8406,0,0.3221996,0.31887648,-0.015258296
2018,484,8407,0,0.124774896,0.12242447,-0.021699
2018,484,8408,0,0.12224444,0.094257884,-0.29137444
2018,484,8409,0,0.108740754,0.10104606,-0.08198677
2018,484,8411,0,0.15922046,0.120125175,-0.32720563
2018,484,8412,0,0.11923718,0.112036325,-0.070433974
2018,484,8413,0,0.15211949,0.08997381,-0.5958815
2018,484,8414,0,0.15684783,0.12870486,-0.2305876
2018,484,8415,0,0.12205387,0.04314508,-1.1259608
2018,484,8416,0,0.22109196,0.16912018,-0.33256128
2018,484,8417,0,0.44801554,0.40358624,-0.18185237
2018,484,8418,0,0.15290314,0.108712435,-0.39195058
2018,484,8419,0,0.17575221,0.08760332,-0.79785985
2018,484,8420,0,0.31186607,0.26711842,-0.21788244
2018,484,8421,0,0.12281727,0.06630039,-0.67894113
2018,484,8422,0,0.17920986,0.11730303,-0.4965114
2018,484,8423,0,0.18501413,0.07256395,-1.065217
2018,484,8424,0,0.14410242,0.1244922,-0.16893454
2018,484,8425,0,0.15264598,0.14963885,-0.023439163
2018,484,8426,1,0.18636912,0.16154326,-0.17301245
2018,484,8427,0,0.23927303,0.19661596,-0.25091127
2018,484,8428,0,0.15340447,0.11340829,-0.348245
2018,484,8429,1,0.22260194,0.22858924,0.034273036
2018,484,8430,1,0.5192457,0.53450954,0.061237253
2018,484,8431,0,0.08017908,0.071537085,-0.12339818
2018,484,8432,1,0.41955057,0.25409305,-0.7522818
2018,484,8433,0,0.110133626,0.08763839,-0.2534404
2018,484,8434,0,0.2814267,0.27049845,-0.054699484
2018,484,8436,0,0.18327631,0.12744813,-0.42940667
2018,484,8437,0,0.21157998,0.21876462,0.042547833
2018,484,8438,0,0.12392523,0.09876637,-0.2552343
2018,484,8439,1,0.32206276,0.30790162,-0.065639496
2018,484,8441,0,0.1837497,0.14180481,-0.30923343
2018,484,8442,0,0.3409477,0.27263254,-0.32223314
2018,484,8443,0,0.097891524,0.09526113,-0.030149763
2018,484,8450,0,0.23029123,0.17367017,-0.35316867
2018,484,8451,0,0.26768777,0.24948293,-0.09498631
2018,484,8452,0,0.38233873,0.30925566,-0.32396823
2018,484,8453,0,0.54612994,0.5047857,-0.16590253
2018,484,8454,1,0.5367487,0.5016877,-0.14050938
2018,484,8455,0,0.48454,0.28814697,-0.84254104
2018,484,8456,0,0.37271398,0.26506913,-0.49919447
2018,484,8457,0,0.18328305,0.17407842,-0.06273308
2018,484,8458,1,0.71733606,0.6564217,-0.28389728
2018,484,8459,0,0.21060272,0.20526035,-0.032439124
2018,484,8460,0,0.14577295,0.13548519,-0.08515927
2018,484,8461,0,0.33541256,0.3304402,-0.022389708
2018,484,8462,1,0.4727537,0.4388573,-0.13670771
2018,484,8463,0,0.21750645,0.19622856,-0.12977754
2018,484,8465,1,0.1472708,0.068904385,-0.8474733
2018,484,8466,0,0.104656965,0.091971874,-0.14327353
2018,484,8467,0,0.1557809,0.0561338,-1.1322848
2018,484,8468,0,0.3058003,0.22286116,-0.4292428
2018,484,8470,0,0.68486667,0.5367289,-0.6290476
2018,484,8471,0,0.16404203,0.13951012,-0.19090901
2018,484,8472,0,0.49486014,0.43407446,-0.24468623
2018,484,8473,0,0.2393096,0.23466295,-0.025697775
2018,484,8474,0,0.19619925,0.17511769,-0.13956179
2018,484,8475,0,0.382496,0.38152733,-0.0041032033
2018,484,8476,1,0.1742476,0.16410513,-0.072177865
2018,484,8477,0,0.15779656,0.088129655,-0.6619738
2018,484,8479,0,0.16553675,0.13935305,-0.2030783
2018,484,8480,0,0.18563162,0.1524106,-0.23716947
2018,484,8481,0,0.12961596,0.07351564,-0.62954044
2018,484,8482,0,0.1159739,0.07713779,-0.45076516
2018,484,8483,0,0.13170913,0.108269654,-0.22260815
2018,484,8484,0,0.17685838,0.11037111,-0.54917693
2018,484,8485,0,0.11568434,0.085491225,-0.3360246
2018,757,8402,0,0.50245404,0.51423687,0.047146626
2018,757,8403,0,0.16527185,0.07228331,-0.9326186
2018,757,8404,0,0.7155842,0.7688034,0.27890497
2018,757,8405,0,0.2303205,0.26843807,0.20394078
2018,757,8406,1,0.32277697,0.3631854,0.17947404
2018,757,8407,1,0.2908404,0.18657687,-0.58110213
2018,757,8408,1,0.5142802,0.4294286,-0.34131914
2018,757,8409,0,0.1304265,0.095189855,-0.3546588
2018,757,8411,0,0.21298265,0.15034936,-0.42482397
2018,757,8412,0,0.15534326,0.115413606,-0.34330487
2018,757,8413,0,0.12562555,0.07714911,-0.5415246
2018,757,8414,0,0.09407632,0.057867143,-0.52514803
2018,757,8415,0,0.24932072,0.16735502,-0.5022515
2018,757,8416,1,0.31741616,0.25744903,-0.29359815
2018,757,8417,0,0.48888662,0.3807112,-0.44206983
2018,757,8418,0,0.25350335,0.16761197,-0.52263296
2018,757,8419,0,0.12700295,0.07158034,-0.6349415
2018,757,8420,1,0.20441349,0.14816888,-0.39010084
2018,757,8421,0,0.09044993,0.06268811,-0.39669052
2018,757,8422,0,0.12569815,0.06717943,-0.6913035
2018,757,8423,1,0.17756498,0.12692952,-0.39545143
2018,757,8424,0,0.13874318,0.08786964,-0.51416045
2018,757,8425,0,0.27671078,0.21488512,-0.33489025
2018,757,8426,1,0.21220565,0.21793108,0.033917286
2018,757,8427,1,0.16014934,0.105418764,-0.48129764
2018,757,8428,0,0.14811651,0.0965906,-0.4862438
2018,757,8429,0,0.087676995,0.07633093,-0.1509412
2018,757,8430,0,0.2657128,0.28255025,0.08463779
2018,757,8431,0,0.03905759,0.029556805,-0.28856146
2018,757,8432,1,0.08905668,0.057291407,-0.47539884
2018,757,8433,0,0.3011696,0.21775733,-0.4370493
2018,757,8434,0,0.35875216,0.38610983,0.11709
2018,757,8435,0,0.2980744,0.17855696,-0.66967076
2018,757,8436,0,0.2194555,0.18154906,-0.23704526
2018,757,8437,0,0.436006,0.33902234,-0.41026643
2018,757,8438,0,0.20638292,0.15766422,-0.32884338
2018,757,8439,0,0.16524102,0.16201809,-0.02355065
2018,757,8440,0,0.15911977,0.1308635,-0.22855334
2018,757,8441,0,0.14080049,0.112901285,-0.2527852
2018,757,8442,0,0.25596237,0.19659093,-0.3406777
2018,757,8443,0,0.0709809,0.07653666,0.08135729
2018,757,8444,1,0.41433558,0.34251475,-0.30603686
2018,757,8445,1,0.36516175,0.30417344,-0.2744726
2018,757,8446,1,0.20907466,0.20779473,-0.0077577014
2018,757,8447,1,0.4802871,0.41600737,-0.26029286
2018,757,8448,1,0.06408305,0.049159613,-0.28092703
2018,757,8449,1,0.59448457,0.5697725,-0.10161295
2018,757,8450,0,0.41951564,0.3175826,-0.44014153
2018,757,8451,0,0.20778957,0.11959683,-0.6579524
2018,757,8452,1,0.26444507,0.20971948,-0.30362552
2018,757,8453,1,0.34945762,0.29482806,-0.25062522
2018,757,8454,0,0.17755614,0.18436341,0.045933332
2018,757,8455,0,0.38525614,0.27294967,-0.51241106
2018,757,8456,1,0.12189552,0.09732675,-0.25268564
2018,757,8457,1,0.14413136,0.13662285,-0.062235642
2018,757,8458,0,0.15308172,0.14430061,-0.06938809
2018,757,8459,1,0.11082315,0.10340891,-0.077548146
2018,757,8460,0,0.11034398,0.08682966,-0.26574177
2018,757,8461,0,0.17158853,0.18723944,0.1063623
2018,757,8462,0,0.09642483,0.0765866,-0.2520595
2018,757,8463,0,0.13516568,0.12459751,-0.09355858
2018,757,8464,0,0.12477189,0.10642375,-0.17980549
2018,757,8465,0,0.13822038,0.11525511,-0.20800099
2018,757,8466,0,0.037265677,0.024675148,-0.42526928
2018,757,8467,0,0.20713533,0.124401085,-0.60911703
2018,757,8468,0,0.21914831,0.1971608,-0.13349831
2018,757,8470,0,0.25437984,0.18670419,-0.3961817
2018,757,8471,0,0.043536995,0.037326407,-0.16038215
2018,757,8472,0,0.15442954,0.12741502,-0.223737
2018,757,8473,0,0.17355733,0.19027033,0.112367965
2018,757,8474,0,0.18614481,0.115751006,-0.5580397
2018,757,8475,1,0.20184809,0.14423873,-0.4057382
2018,757,8476,1,0.18661785,0.11938964,-0.5260849
2018,757,8477,0,0.12769178,0.08524763,-0.4515698
2018,757,8478,1,0.7411006,0.653095,-0.41902506
2018,757,8479,0,0.10008114,0.06806761,-0.42043534
2018,757,8480,0,0.13412455,0.09065721,-0.4406645
2018,757,8481,0,0.12906042,0.07765432,-0.5653611
2018,757,8482,0,0.13695443,0.08166265,-0.5791488
2018,757,8483,0,0.15053996,0.1013941,-0.45145738
2018,757,8484,0,0.13177271,0.08092259,-0.54450214
2018,757,8485,0,0.19650367,0.15107231,-0.31792384
2018,764,8403,0,0.22711134,0.2147779,-0.0716675
2018,764,8405,0,0.33437103,0.30770594,-0.122385025
2018,764,8406,0,0.34412408,0.34451562,0.0017343073
2018,764,8407,0,0.12935302,0.1361299,0.05887851
2018,764,8408,1,0.6025022,0.48343435,-0.48218873
2018,764,8409,0,0.10856524,0.060810547,-0.63177294
2018,764,8411,0,0.15758409,0.14113529,-0.12957782
2018,764,8412,0,0.08011641,0.060060028,-0.30970514
2018,764,8413,0,0.11892924,0.078870684,-0.45518148
2018,764,8414,0,0.05705953,0.044049922,-0.2724741
2018,764,8415,0,0.06521197,0.050320525,-0.2750347
2018,764,8416,0,0.5263362,0.42302433,-0.41581285
2018,764,8417,0,0.2228739,0.19935316,-0.14134555
2018,764,8418,0,0.05403205,0.03149817,-0.5631894
2018,764,8419,0,0.28254983,0.17627788,-0.6099231
2018,764,8420,1,0.18685508,0.23849152,0.30960843
2018,764,8421,0,0.08469373,0.06406901,-0.30136397
2018,764,8422,0,0.08078326,0.06182758,-0.28783193
2018,764,8423,0,0.16128367,0.16727641,0.043653563
2018,764,8424,0,0.19446199,0.1312659,-0.4685384
2018,764,8427,0,0.12726317,0.14754927,0.17142361
2018,764,8428,0,0.092599876,0.08934599,-0.03935108
2018,764,8429,1,0.17604427,0.20621888,0.19551173
2018,764,8430,0,0.3051619,0.33402476,0.13279903
2018,764,8431,0,0.041340873,0.040624082,-0.018238079
2018,764,8434,0,0.25954986,0.19191502,-0.38930514
2018,764,8435,0,0.7573363,0.7841327,0.15178342
2018,764,8437,1,0.18049592,0.19813438,0.11499567
2018,764,8438,0,0.14590226,0.14766966,0.014112197
2018,764,8439,1,0.14576629,0.16111006,0.11820859
2018,764,8441,0,0.16481422,0.14435872,-0.1567145
2018,764,8442,0,0.31982836,0.35627165,0.16297746
2018,764,8443,0,0.088378765,0.101744786,0.15560633
2018,764,8445,0,0.36164272,0.413215,0.21755101
2018,764,8446,0,0.4847125,0.523435,0.15497771
2018,764,8447,0,0.33123183,0.25021616,-0.3948409
2018,764,8448,1,0.13661267,0.11979922,-0.15061915
2018,764,8450,0,0.078505516,0.06402867,-0.21942598
2018,764,8451,1,0.13153714,0.09421912,-0.37573874
2018,764,8452,0,0.14368099,0.10052887,-0.4063145
2018,764,8453,1,0.14948265,0.16656731,0.1285111
2018,764,8455,0,0.16949926,0.18511078,0.107082516
2018,764,8456,1,0.14147091,0.16219006,0.16110404
2018,764,8457,0,0.18157181,0.18358015,0.013457026
2018,764,8458,0,0.28024364,0.2563767,-0.1216333
2018,764,8459,0,0.17030303,0.14636138,-0.17994793
2018,764,8460,1,0.24259654,0.2228033,-0.11090784
2018,764,8461,0,0.1481224,0.16870084,0.15454124
2018,764,8462,0,0.09290112,0.10325778,0.11717609
2018,764,8464,0,0.55126536,0.5532507,0.008029076
2018,764,8466,0,0.086743705,0.07808339,-0.1146187
2018,764,8467,0,0.21798252,0.18033904,-0.23658994
2018,764,8468,0,0.29864457,0.33230162,0.15596715
2018,764,8470,0,0.25675857,0.21948507,-0.20578487
2018,764,8471,0,0.21162894,0.17382617,-0.24361493
2018,764,8472,0,0.23227403,0.23860589,0.035177115
2018,764,8473,0,0.14611435,0.15545723,0.072983004
2018,764,8475,1,0.59416556,0.6801507,0.37325183
2018,764,8476,0,0.30697864,0.27964193,-0.1319558
2018,764,8477,0,0.10322706,0.084506996,-0.2207567
2018,764,8479,0,0.0767657,0.10433291,0.33714312
2018,764,8480,0,0.12664616,0.098018095,-0.28849867
2018,764,8481,0,0.056150958,0.040675703,-0.33867565
2018,764,8482,0,0.052058812,0.049955625,-0.04345514
2018,764,8483,0,0.0806804,0.055876873,-0.39396796
2018,764,8484,0,0.07043171,0.05847935,-0.19874601
2018,764,8485,0,0.09664747,0.077364594,-0.24366203
2018,752,8401,0,0.3399227,0.33787286,-0.009149172
2018,752,8402,0,0.19987132,0.25279304,0.3033278
2018,752,8403,0,0.16948867,0.10822252,-0.51977175
2018,752,8404,0,0.18133321,0.2354421,0.3295081
2018,752,8405,1,0.7871777,0.67785096,-0.5640834
2018,752,8406,0,0.66216564,0.6428322,-0.085282154
2018,752,8407,0,0.20279835,0.20073634,-0.01280312
2018,752,8408,0,0.28380173,0.2649437,-0.09474855
2018,752,8409,0,0.23567323,0.1919849,-0.26061478
2018,752,8410,1,0.30972743,0.29030296,-0.09251929
2018,752,8412,0,0.09608492,0.08091734,-0.18844487
2018,752,8413,0,0.11760225,0.08062988,-0.41848463
2018,752,8414,0,0.15084414,0.09542937,-0.5210782
2018,752,8415,0,0.2900759,0.1854411,-0.584894
2018,752,8416,1,0.28213066,0.23116377,-0.26783425
2018,752,8417,1,0.19930737,0.21739475,0.10971551
2018,752,8418,0,0.1786526,0.1099215,-0.5660402
2018,752,8419,0,0.123752475,0.075667575,-0.54535687
2018,752,8420,0,0.54680413,0.45393136,-0.37256488
2018,752,8421,0,0.11551061,0.07896444,-0.42085278
2018,752,8422,0,0.10352309,0.07009335,-0.4265785
2018,752,8423,0,0.28760257,0.20852378,-0.42679048
2018,752,8424,0,0.12231364,0.0889787,-0.35546857
2018,752,8425,0,0.22628038,0.17603403,-0.31401715
2018,752,8426,0,0.09836737,0.09405956,-0.049547397
2018,752,8427,0,0.071004756,0.053150542,-0.30865508
2018,752,8428,0,0.18952076,0.123144396,-0.5098577
2018,752,8429,0,0.05822133,0.054508585,-0.06982811
2018,752,8430,0,0.12801428,0.1470487,0.16069257
2018,752,8431,0,0.033793453,0.028738292,-0.16725498
2018,752,8432,0,0.10399588,0.079544514,-0.29495806
2018,752,8433,0,0.16453874,0.09616793,-0.61570954
2018,752,8434,0,0.12630728,0.12009929,-0.05747909
2018,752,8435,0,0.38232374,0.3982111,0.06677212
2018,752,8436,0,0.24662302,0.19360702,-0.3100359
2018,752,8437,0,0.21326755,0.23036392,0.09908315
2018,752,8438,0,0.11253734,0.084930964,-0.31207937
2018,752,8439,0,0.1346203,0.1623857,0.22012685
2018,752,8440,0,0.36501265,0.36754754,0.010920646
2018,752,8441,0,0.15348266,0.10503407,-0.43495768
2018,752,8442,1,0.40646973,0.45571578,0.20097657
2018,752,8443,0,0.06651694,0.07279433,0.09692884
2018,752,8446,0,0.6722694,0.66536087,-0.031190217
2018,752,8447,1,0.8233815,0.7988742,-0.16015488
2018,752,8448,1,0.18599388,0.1368079,-0.36580542
2018,752,8449,0,0.6361822,0.6332476,-0.012657435
2018,752,8450,0,0.25588658,0.15061875,-0.6622972
2018,752,8451,0,0.27112678,0.20904528,-0.3417766
2018,752,8452,0,0.23329113,0.17071585,-0.39074224
2018,752,8453,1,0.33203912,0.40460962,0.31268218
2018,752,8454,0,0.33779892,0.25095963,-0.4203823
2018,752,8455,0,0.22053695,0.20766562,-0.076514244
2018,752,8456,0,0.11551203,0.17938718,0.5151293
2018,752,8457,0,0.46647215,0.37956905,-0.35706493
2018,752,8458,0,0.39744863,0.4205741,0.09569021
2018,752,8459,0,0.43240166,0.31535712,-0.5031325
2018,752,8460,0,0.1256435,0.11579596,-0.09281853
2018,752,8461,1,0.20587212,0.22056283,0.08759988
2018,752,8462,0,0.13153131,0.09335949,-0.38580185
2018,752,8463,0,0.25000933,0.2199315,-0.16750313
2018,752,8464,0,0.2180362,0.16971572,-0.31049612
2018,752,8465,0,0.2337417,0.18021855,-0.32756478
2018,752,8466,0,0.056566656,0.043226164,-0.28301495
2018,752,8467,0,0.21062629,0.1514488,-0.40212834
2018,752,8468,0,0.2922542,0.26997045,-0.110311404
2018,752,8470,1,0.38859832,0.3043101,-0.37364885
2018,752,8471,0,0.07658025,0.06973826,-0.100972205
2018,752,8472,1,0.13737877,0.14879516,0.093151584
2018,752,8473,1,0.2564003,0.28711838,0.15534218
2018,752,8474,0,0.1617699,0.13765644,-0.18977517
2018,752,8475,0,0.33957335,0.39710125,0.24763794
2018,752,8476,0,0.28619462,0.21218108,-0.39788985
2018,752,8477,0,0.19642493,0.15026402,-0.3237416
2018,752,8478,1,0.7378308,0.7246378,-0.067139864
2018,752,8479,0,0.11837923,0.07760305,-0.46750018
2018,752,8480,0,0.21524228,0.14564045,-0.4756005
2018,752,8481,0,0.13256073,0.08608239,-0.48393095
2018,752,8482,0,0.058409154,0.044119813,-0.29562542
2018,752,8483,0,0.13679947,0.100121446,-0.35374492
2018,752,8484,0,0.11942681,0.08647057,-0.3596422
2018,752,8485,0,0.1133686,0.09186473,-0.23429143
2018,372,8402,1,0.7947877,0.8002497,0.033826035
2018,372,8403,0,0.27032202,0.14493684,-0.78188777
2018,372,8406,1,0.58540577,0.6810433,0.41356575
2018,372,8409,0,0.2558469,0.14875624,-0.676722
2018,372,8411,0,0.24030596,0.19176418,-0.28758466
2018,372,8412,0,0.29512358,0.27077347,-0.12007351
2018,372,8413,0,0.26019013,0.18527474,-0.43603048
2018,372,8414,0,0.1741093,0.11730101,-0.46146166
2018,372,8415,0,0.30896053,0.20749323,-0.5351189
2018,372,8418,0,0.23306641,0.13992685,-0.62482095
2018,372,8419,0,0.2966139,0.20936778,-0.46526584
2018,372,8421,0,0.14517388,0.11389704,-0.27857235
2018,372,8422,0,0.26744807,0.16602269,-0.60647297
2018,372,8423,0,0.52780604,0.40001923,-0.51672405
2018,372,8424,0,0.28740627,0.24563956,-0.21399036
2018,372,8425,0,0.41484794,0.36168492,-0.22409895
2018,372,8426,1,0.62577313,0.50627244,-0.48903468
2018,372,8427,0,0.14445423,0.11510789,-0.260819
2018,372,8428,0,0.20369174,0.11210007,-0.70608836
2018,372,8429,1,0.2576004,0.22057861,-0.20381947
2018,372,8430,1,0.2515963,0.36172396,0.5222273
2018,372,8431,0,0.07013439,0.044109285,-0.49134636
2018,372,8432,0,0.20575972,0.15703988,-0.3297429
2018,372,8433,0,0.15347807,0.11308213,-0.3520597
2018,372,8434,1,0.2518607,0.24300183,-0.04757867
2018,372,8436,0,0.28856048,0.2434294,-0.2315832
2018,372,8437,1,0.36320415,0.360678,-0.010938757
2018,372,8438,0,0.25213495,0.13656028,-0.7568998
2018,372,8441,0,0.2901962,0.1935974,-0.53237104
2018,372,8443,0,0.103462234,0.12892492,0.2488358
2018,372,8448,0,0.17628182,0.10432261,-0.6083478
2018,372,8450,0,0.3502547,0.3457368,-0.019912086
2018,372,8451,1,0.25761694,0.2027782,-0.3106287
2018,372,8456,0,0.47684476,0.43734756,-0.15924649
2018,372,8457,1,0.41676614,0.41556156,-0.004957708
2018,372,8462,1,0.26929817,0.24601369,-0.12180067
2018,372,8463,0,0.22181174,0.23576926,0.07912328
2018,372,8465,1,0.21974549,0.198946,-0.12574483
2018,372,8466,0,0.14761718,0.10309004,-0.4099392
2018,372,8467,0,0.405355,0.35450837,-0.21607906
2018,372,8468,0,0.31586435,0.20218879,-0.59982675
2018,372,8470,0,0.38107783,0.38471025,0.015373133
2018,372,8471,0,0.052751217,0.049103186,-0.07550664
2018,372,8472,1,0.35359585,0.37849516,0.1073299
2018,372,8473,0,0.1470188,0.17172487,0.18472527
2018,372,8474,0,0.2333207,0.19927575,-0.20117244
2018,372,8475,0,0.303457,0.43651164,0.575558
2018,372,8477,0,0.22901036,0.17982878,-0.30360028
2018,372,8479,0,0.1569444,0.108093984,-0.42921832
2018,372,8480,0,0.3279733,0.28402317,-0.20722619
2018,372,8481,0,0.16056146,0.123221,-0.308219
2018,372,8482,0,0.17359534,0.105242185,-0.57993126
2018,372,8483,0,0.23665053,0.16966897,-0.41684368
2018,372,8484,0,0.14310391,0.099792436,-0.4097873
2018,372,8485,0,0.29264182,0.22064194,-0.37934166
2018,40,8401,0,0.38303354,0.57382464,0.77416503
2018,40,8402,1,0.5171894,0.5130554,-0.016551353
2018,40,8403,0,0.11933575,0.072893634,-0.54433143
2018,40,8404,0,0.18547793,0.2428892,0.34276143
2018,40,8405,0,0.56368786,0.29815498,-1.1122419
2018,40,8406,0,0.31661418,0.3240614,0.034206375
2018,40,8407,0,0.13496685,0.07040184,-0.72279435
2018,40,8408,0,0.20345569,0.121531576,-0.6131714
2018,40,8409,0,0.14877638,0.078387514,-0.72022957
2018,40,8411,0,0.14803447,0.091744244,-0.5424202
2018,40,8412,0,0.1368654,0.11337831,-0.21511579
2018,40,8413,0,0.11855055,0.07768,-0.4680663
2018,40,8414,0,0.116628364,0.06580208,-0.62828326
2018,40,8415,0,0.24641404,0.19704898,-0.28701147
2018,40,8416,1,0.2949511,0.23616795,-0.30234715
2018,40,8417,0,0.26499298,0.2537222,-0.058681194
2018,40,8418,0,0.193037,0.12634154,-0.5033047
2018,40,8419,0,0.13509728,0.0811494,-0.5702098
2018,40,8420,0,0.16667609,0.1582835,-0.061685383
2018,40,8421,0,0.12884076,0.10043815,-0.281118
2018,40,8422,0,0.25898796,0.20471,-0.3058772
2018,40,8423,0,0.17551282,0.1268975,-0.3816237
2018,40,8424,0,0.14686824,0.10410945,-0.39299718
2018,40,8425,0,0.19128527,0.15041846,-0.2896424
2018,40,8426,0,0.101948075,0.09460336,-0.082915746
2018,40,8427,0,0.38580623,0.295279,-0.40490615
2018,40,8428,0,0.15450235,0.0857689,-0.6667108
2018,40,8429,0,0.1198171,0.10821994,-0.114890546
2018,40,8430,0,0.14926378,0.15737028,0.06246096
2018,40,8431,0,0.04089307,0.029696865,-0.3315251
2018,40,8432,0,0.06667196,0.05160958,-0.27208653
2018,40,8433,0,0.15493052,0.12412833,-0.25746155
2018,40,8435,0,0.22444595,0.21549015,-0.052201126
2018,40,8436,0,0.14162922,0.1121099,-0.2675447
2018,40,8438,0,0.09463872,0.07146774,-0.30609164
2018,40,8439,0,0.13291833,0.123492055,-0.0843706
2018,40,8440,0,0.18481866,0.20319048,0.11756364
2018,40,8441,0,0.1395435,0.104605876,-0.3279775
2018,40,8442,1,0.2936868,0.24459101,-0.25012693
2018,40,8443,0,0.05670613,0.062209606,0.09847847
2018,40,8444,1,0.80799836,0.6211093,-0.9427968
2018,40,8445,0,0.3714538,0.35556942,-0.068661585
2018,40,8446,0,0.3356885,0.2655403,-0.33480087
2018,40,8447,0,0.1798576,0.19056974,0.071000084
2018,40,8448,0,0.17971167,0.1303881,-0.3792294
2018,40,8449,0,0.34543902,0.3167768,-0.12947555
2018,40,8450,0,0.40289775,0.24321015,-0.7417542
2018,40,8451,0,0.19338812,0.13726029,-0.4100905
2018,40,8453,0,0.4623609,0.35535288,-0.4447499
2018,40,8454,0,0.18255615,0.19296768,0.068283394
2018,40,8455,0,0.18165345,0.1756189,-0.04113154
2018,40,8456,0,0.07920338,0.066683814,-0.18556161
2018,40,8457,0,0.23227774,0.23655038,0.023808083
2018,40,8458,0,0.12529756,0.14430988,0.16324693
2018,40,8459,0,0.09856388,0.10537032,0.07435537
2018,40,8460,1,0.15481643,0.18941653,0.24350792
2018,40,8461,0,0.2182768,0.19788054,-0.12385735
2018,40,8462,0,0.1421391,0.10685131,-0.32567906
2018,40,8463,1,0.18270811,0.1952845,0.08207508
2018,40,8464,0,0.19099328,0.16803074,-0.1560797
2018,40,8465,0,0.13159454,0.10581706,-0.24726558
2018,40,8466,0,0.069966584,0.03979456,-0.59621435
2018,40,8467,0,0.23393089,0.15409274,-0.5166084
2018,40,8468,0,0.29105937,0.2662978,-0.12324346
2018,40,8470,1,0.3633983,0.31067628,-0.23631485
2018,40,8471,0,0.04281293,0.035773747,-0.18695307
2018,40,8472,0,0.3641052,0.32156888,-0.1889808
2018,40,8473,0,0.13841848,0.16567856,0.2119189
2018,40,8474,0,0.1523264,0.11416233,-0.33244208
2018,40,8475,1,0.38093024,0.40733016,0.110588364
2018,40,8476,0,0.15465899,0.18038383,0.18476829
2018,40,8477,0,0.1647473,0.12294857,-0.341478
2018,40,8478,0,0.24530561,0.26849255,0.1215237
2018,40,8479,0,0.08587939,0.05215864,-0.53487873
2018,40,8480,0,0.12061695,0.078649655,-0.4742364
2018,40,8481,0,0.08660487,0.057593655,-0.4392116
2018,40,8482,0,0.17572987,0.12744933,-0.37815136
2018,40,8483,0,0.1488286,0.096477024,-0.4931784
2018,40,8484,0,0.20882498,0.1495854,-0.40583387
2018,40,8485,0,0.20480052,0.14085528,-0.45164782
2018,724,8401,0,0.6430945,0.6131843,-0.12810348
2018,724,8402,0,0.35369366,0.36170104,0.034853745
2018,724,8403,1,0.5332093,0.67698264,0.6069064
2018,724,8404,1,0.5336218,0.77054554,1.0767037
2018,724,8405,1,0.7422041,0.6579742,-0.40317678
2018,724,8407,0,0.18515983,0.2268824,0.25577316
2018,724,8408,1,0.1904954,0.19340807,0.01877885
2018,724,8409,0,0.10952006,0.068747886,-0.51043123
2018,724,8410,0,0.18165666,0.18858163,0.04591066
2018,724,8411,0,0.11131978,0.08828888,-0.25737825
2018,724,8412,0,0.14304247,0.1456423,0.02105031
2018,724,8413,0,0.09595686,0.059886366,-0.51057357
2018,724,8414,0,0.102971226,0.06963009,-0.42774722
2018,724,8415,0,0.15911838,0.093217395,-0.6101659
2018,724,8416,0,0.23870127,0.17738855,-0.37432846
2018,724,8417,0,0.40339604,0.3217444,-0.35443193
2018,724,8418,0,0.12961867,0.08607521,-0.45819244
2018,724,8419,0,0.104385704,0.06651241,-0.49212193
2018,724,8420,0,0.19019288,0.1887679,-0.009278663
2018,724,8421,0,0.09563713,0.06287719,-0.45496133
2018,724,8422,0,0.092443615,0.058331907,-0.4973468
2018,724,8424,0,0.10091474,0.06172966,-0.5341718
2018,724,8425,0,0.09413384,0.070507765,-0.31474155
2018,724,8426,0,0.08063949,0.07889383,-0.023782518
2018,724,8427,0,0.12366997,0.087659776,-0.3844236
2018,724,8428,0,0.107309945,0.07933485,-0.33290067
2018,724,8429,0,0.17023227,0.20302294,0.21647507
2018,724,8430,1,0.16628316,0.24490467,0.48622665
2018,724,8431,0,0.028232243,0.021058898,-0.30049604
2018,724,8432,0,0.08808288,0.08084186,-0.093692265
2018,724,8433,0,0.17901771,0.11743614,-0.4939198
2018,724,8434,1,0.29881003,0.30275953,0.018779416
2018,724,8435,0,0.29355952,0.19592917,-0.5337755
2018,724,8436,0,0.08164166,0.08033999,-0.017488506
2018,724,8437,0,0.12739845,0.13236089,0.043915704
2018,724,8438,0,0.09333951,0.07140235,-0.2918204
2018,724,8439,1,0.1794032,0.19026394,0.0721
2018,724,8440,0,0.18887457,0.17072329,-0.12317023
2018,724,8441,0,0.18509457,0.12542257,-0.45984706
2018,724,8442,0,0.2999569,0.23583682,-0.3281381
2018,724,8443,0,0.05182269,0.059934698,0.1540198
2018,724,8444,1,0.58652633,0.72990876,0.644536
2018,724,8445,1,0.42363775,0.38132408,-0.1760744
2018,724,8446,1,0.68921286,0.7592233,0.3519838
2018,724,8447,1,0.5994354,0.6850681,0.3740485
2018,724,8448,0,0.28545502,0.21462949,-0.379681
2018,724,8449,1,0.65870154,0.40727147,-1.0327697
2018,724,8450,0,0.18640892,0.114954114,-0.56759125
2018,724,8451,0,0.15532582,0.11594833,-0.33794478
2018,724,8452,1,0.47018236,0.44061533,-0.11925293
2018,724,8453,1,0.19898874,0.2119515,0.079424605
2018,724,8454,0,0.46669057,0.34565207,-0.5047712
2018,724,8455,1,0.31859347,0.2514646,-0.3305731
2018,724,8456,0,0.19059329,0.13002327,-0.45459324
2018,724,8457,1,0.15989509,0.17501889,0.10854229
2018,724,8458,0,0.12561315,0.1241891,-0.013028849
2018,724,8459,0,0.12503804,0.10025976,-0.2487794
2018,724,8460,0,0.1384356,0.13040978,-0.06899594
2018,724,8461,0,0.16409646,0.14700243,-0.13024881
2018,724,8462,1,0.1559367,0.113760814,-0.36411124
2018,724,8463,0,0.21105659,0.24110118,0.17191663
2018,724,8464,0,0.114572234,0.11298637,-0.015727857
2018,724,8465,0,0.15968338,0.14008322,-0.15401311
2018,724,8466,0,0.054027285,0.0447437,-0.19830434
2018,724,8467,1,0.29694927,0.2236475,-0.3826677
2018,724,8468,1,0.28192806,0.26420763,-0.08929489
2018,724,8470,0,0.3306893,0.32564467,-0.02288119
2018,724,8471,0,0.05372984,0.048412118,-0.10982225
2018,724,8472,1,0.16535647,0.15158947,-0.10328757
2018,724,8473,0,0.13140935,0.15645346,0.2036983
2018,724,8474,0,0.08217322,0.08966403,0.09543521
2018,724,8475,1,0.58010167,0.47259954,-0.43290246
2018,724,8476,0,0.24237667,0.20684229,-0.20437199
2018,724,8477,0,0.13106394,0.10896064,-0.20981751
2018,724,8478,0,0.1691502,0.24384376,0.45994166
2018,724,8479,0,0.0808253,0.054056942,-0.43095836
2018,724,8480,1,0.1322906,0.11076358,-0.20210923
2018,724,8481,0,0.09124519,0.056911867,-0.50913084
2018,724,8482,0,0.11865085,0.06753216,-0.619962
2018,724,8483,0,0.12695199,0.09605776,-0.31363437
2018,724,8484,0,0.12734321,0.08587286,-0.4404454
2018,724,8485,0,0.14582516,0.11704973,-0.25294253
