t,i,k4,label_observed_continuing,p_base,p,logit_correction
2016,842,8401,0,0.20706923,0.31288487,0.5560162
2016,842,8402,0,0.19696847,0.22644047,0.17682986
2016,842,8403,0,0.39065638,0.36004892,-0.13059776
2016,842,8404,0,0.49380934,0.51017594,0.06547324
2016,842,8405,1,0.47246304,0.48917708,0.0669608
2016,842,8406,1,0.27540496,0.3417605,0.31191152
2016,842,8407,0,0.10239765,0.12201873,0.19741279
2016,842,8408,0,0.1153284,0.16284089,0.40019232
2016,842,8409,0,0.042223573,0.044862717,0.06338767
2016,842,8410,1,0.34631073,0.42471647,0.3318545
2016,842,8411,0,0.12645079,0.13379824,0.06492642
2016,842,8412,0,0.049313642,0.05704795,0.15386009
2016,842,8413,0,0.1475131,0.124586165,-0.19545831
2016,842,8414,0,0.21610354,0.19730373,-0.11471287
2016,842,8415,0,0.05326391,0.06830758,0.26477933
2016,842,8416,0,0.19420348,0.10326536,-0.7385333
2016,842,8417,0,0.21109493,0.24051927,0.16850345
2016,842,8418,0,0.050341025,0.038854185,-0.27102774
2016,842,8419,0,0.17106743,0.18370941,0.08666573
2016,842,8420,0,0.21213935,0.16700943,-0.2948942
2016,842,8421,0,0.15004951,0.11539313,-0.3025856
2016,842,8422,0,0.044696964,0.038827937,-0.14689052
2016,842,8423,0,0.12834339,0.09021008,-0.39538646
2016,842,8424,0,0.030533511,0.02267223,-0.30576012
2016,842,8425,0,0.09789866,0.09758223,-0.003588185
2016,842,8426,0,0.12802795,0.13181071,0.033465818
2016,842,8427,0,0.11447319,0.1329633,0.17083393
2016,842,8428,0,0.09776254,0.09761262,-0.0017008916
2016,842,8429,0,0.105054416,0.15401176,0.43880793
2016,842,8430,0,0.08452756,0.13522913,0.5268685
2016,842,8431,0,0.11418227,0.11734522,0.03090117
2016,842,8432,0,0.2227123,0.18299241,-0.24627386
2016,842,8433,0,0.050165456,0.04777845,-0.051261894
2016,842,8434,0,0.32098472,0.2552323,-0.32164815
2016,842,8435,0,0.33318022,0.26856577,-0.30807516
2016,842,8436,0,0.13330533,0.09016839,-0.439536
2016,842,8437,0,0.49252847,0.37540624,-0.47920433
2016,842,8438,0,0.03767482,0.041419778,0.09866579
2016,842,8439,0,0.16087571,0.20319645,0.28529194
2016,842,8440,0,0.107596666,0.15161245,0.3935186
2016,842,8441,0,0.07526025,0.050345767,-0.42862308
2016,842,8442,0,0.4580173,0.37434784,-0.34528208
2016,842,8443,0,0.046189275,0.034240942,-0.31177482
2016,842,8444,0,0.59809005,0.65930134,0.26266894
2016,842,8446,0,0.1833031,0.25000426,0.39553738
2016,842,8447,0,0.19679534,0.23467343,0.22433743
2016,842,8449,0,0.22934799,0.23746485,0.045367386
2016,842,8450,0,0.13102356,0.06424095,-0.7867782
2016,842,8451,0,0.035128962,0.02452393,-0.37030774
2016,842,8452,0,0.13201787,0.09108251,-0.41725457
2016,842,8453,0,0.22655419,0.18120028,-0.2803653
2016,842,8454,1,0.15870176,0.17430636,0.11251025
2016,842,8455,0,0.14549452,0.16790366,0.16982675
2016,842,8456,1,0.08452275,0.10427831,0.23185852
2016,842,8457,0,0.14584139,0.18665649,0.29571366
2016,842,8458,0,0.0819715,0.0902029,0.10469663
2016,842,8459,0,0.07519003,0.0950364,0.25593492
2016,842,8460,1,0.13867892,0.20719975,0.4844181
2016,842,8461,0,0.07698804,0.09709186,0.25402886
2016,842,8462,0,0.09430544,0.1008844,0.074726716
2016,842,8463,1,0.34312496,0.41378316,0.30105147
2016,842,8464,0,0.08820326,0.096475236,0.09875597
2016,842,8465,0,0.08309451,0.11151754,0.32569265
2016,842,8466,0,0.036742438,0.028435374,-0.26488537
2016,842,8467,0,0.0350353,0.030731821,-0.13550733
2016,842,8468,0,0.124097064,0.14807084,0.20437863
2016,842,8470,0,0.35239777,0.25615346,-0.4575419
2016,842,8471,0,0.03253723,0.03899276,0.18768594
2016,842,8472,1,0.106622264,0.115986146,0.09471502
2016,842,8473,0,0.08511518,0.1495269,0.6364762
2016,842,8474,0,0.07094659,0.09698626,0.3410704
2016,842,8475,0,0.17453162,0.1320925,-0.32873762
2016,842,8476,0,0.14484516,0.23311138,0.584792
2016,842,8477,0,0.042099882,0.039602913,-0.0637454
2016,842,8478,0,0.57979226,0.60170805,0.090666294
2016,842,8479,0,0.054887388,0.074927546,0.33266985
2016,842,8480,0,0.17500688,0.104693,-0.59558475
2016,842,8481,0,0.038789026,0.030969152,-0.23324834
2016,842,8482,0,0.027619576,0.022316322,-0.21864557
2016,842,8483,0,0.07623596,0.064259745,-0.18378106
2016,842,8484,0,0.07832834,0.0627631,-0.2382891
2016,842,8485,0,0.18803003,0.12877029,-0.44901383
2016,276,8401,0,0.25176135,0.33451754,0.4014173
2016,276,8402,0,0.08811844,0.123304494,0.37532547
2016,276,8403,0,0.07621291,0.10170085,0.31648326
2016,276,8404,0,0.18322456,0.21261984,0.18544634
2016,276,8405,1,0.39684913,0.45462552,0.23661251
2016,276,8406,1,0.1807397,0.2272634,0.28751555
2016,276,8407,0,0.08932479,0.10433554,0.17195348
2016,276,8408,0,0.055842984,0.076917894,0.34276888
2016,276,8409,0,0.035534054,0.05073988,0.3721125
2016,276,8410,1,0.29359818,0.163153,-0.7569808
2016,276,8411,0,0.09847029,0.067623496,-0.40944305
2016,276,8412,0,0.034035362,0.041129168,0.19668849
2016,276,8413,0,0.02287792,0.0210377,-0.08573779
2016,276,8414,0,0.029185453,0.028693335,-0.017512275
2016,276,8415,0,0.0338584,0.035448804,0.04755006
2016,276,8416,0,0.061806664,0.08864679,0.3896741
2016,276,8417,0,0.20029147,0.24435593,0.2555292
2016,276,8418,0,0.024348302,0.016340971,-0.40696
2016,276,8419,0,0.13989191,0.12553938,-0.12479982
2016,276,8420,0,0.12290695,0.111462496,-0.11070299
2016,276,8421,0,0.061915375,0.058829404,-0.054410916
2016,276,8422,0,0.08356563,0.059577335,-0.36419606
2016,276,8423,0,0.031057317,0.022299754,-0.34025645
2016,276,8424,0,0.026729342,0.019546572,-0.32031497
2016,276,8425,0,0.033815987,0.042928997,0.24809054
2016,276,8426,0,0.072277576,0.093025014,0.27497226
2016,276,8427,0,0.060516022,0.08028589,0.30395368
2016,276,8428,0,0.05046245,0.038661428,-0.27873874
2016,276,8429,0,0.061507333,0.083964735,0.33546078
2016,276,8430,0,0.053513575,0.07704338,0.38960758
2016,276,8431,0,0.02550138,0.033251952,0.27336615
2016,276,8432,0,0.07574909,0.057000205,-0.3044542
2016,276,8433,0,0.07942139,0.08095396,0.020779021
2016,276,8434,0,0.08195695,0.062263545,-0.29604262
2016,276,8435,0,0.16662137,0.23290782,0.41779983
2016,276,8436,0,0.054925147,0.056203783,0.024366507
2016,276,8437,0,0.4321826,0.44217032,0.04059321
2016,276,8438,0,0.028424628,0.018771406,-0.42480785
2016,276,8439,0,0.10896687,0.094339214,-0.16043009
2016,276,8440,0,0.06074389,0.104288936,0.5879692
2016,276,8441,0,0.056921493,0.040223397,-0.36477518
2016,276,8442,0,0.15809365,0.225269,0.43726063
2016,276,8443,0,0.031787653,0.022187993,-0.3693927
2016,276,8444,0,0.24814361,0.2852189,0.18981823
2016,276,8445,0,0.11182237,0.20704648,0.72943884
2016,276,8446,0,0.21535496,0.30452952,0.46712327
2016,276,8447,0,0.13287796,0.11323852,-0.18233116
2016,276,8448,0,0.051749997,0.040655397,-0.25292498
2016,276,8449,0,0.21280137,0.24485485,0.18187708
2016,276,8450,0,0.116207644,0.077606834,-0.44647267
2016,276,8451,0,0.031035725,0.03199561,0.031450853
2016,276,8452,0,0.036148712,0.026280109,-0.32901576
2016,276,8453,0,0.08068272,0.07857086,-0.028818235
2016,276,8454,0,0.13476756,0.18350329,0.36665633
2016,276,8455,0,0.3065132,0.24744438,-0.2958177
2016,276,8456,0,0.055913623,0.068913296,0.22290637
2016,276,8457,0,0.19165368,0.20782527,0.101216264
2016,276,8458,0,0.07515893,0.065016426,-0.15587209
2016,276,8459,0,0.0620305,0.08651384,0.35912737
2016,276,8460,0,0.08057176,0.10337226,0.27429965
2016,276,8461,0,0.11289994,0.1611876,0.41203758
2016,276,8462,0,0.053164534,0.057266966,0.078674465
2016,276,8463,0,0.1395518,0.16756843,0.21605827
2016,276,8464,0,0.070238285,0.053359848,-0.29282573
2016,276,8465,0,0.04249682,0.046625957,0.09704995
2016,276,8466,0,0.046553478,0.033528488,-0.3417746
2016,276,8467,0,0.033834588,0.02590701,-0.27514175
2016,276,8468,0,0.04787845,0.072329484,0.4385825
2016,276,8469,1,0.25792265,0.45508307,0.8766402
2016,276,8470,0,0.10673041,0.10990961,0.03291757
2016,276,8471,1,0.035181984,0.03155671,-0.11249818
2016,276,8472,0,0.0480342,0.049180858,0.024796464
2016,276,8473,0,0.06749214,0.08342429,0.22916123
2016,276,8474,0,0.0527901,0.06761723,0.26331642
2016,276,8475,0,0.14090955,0.15720862,0.12861033
2016,276,8476,0,0.14508583,0.15197954,0.05451671
2016,276,8477,0,0.045913063,0.042357754,-0.08431776
2016,276,8478,0,0.09469599,0.14396897,0.4748902
2016,276,8479,0,0.04053521,0.04803825,0.17767738
2016,276,8480,0,0.10166798,0.08976515,-0.13767862
2016,276,8481,0,0.027596347,0.020176178,-0.32078275
2016,276,8482,0,0.030629395,0.03811016,0.22626783
2016,276,8483,0,0.09805664,0.08104878,-0.20917535
2016,276,8484,0,0.0377996,0.032366022,-0.16082057
2016,276,8485,0,0.044040516,0.061452944,0.3515442
2016,392,8401,0,0.5416125,0.47090778,-0.2833365
2016,392,8402,0,0.14311193,0.21803156,0.51250565
2016,392,8403,0,0.24819982,0.28403383,0.18369685
2016,392,8404,1,0.38762048,0.43441483,0.19346453
2016,392,8405,1,0.20986244,0.30141953,0.4852075
2016,392,8406,0,0.08170961,0.12404304,0.46465376
2016,392,8407,0,0.062932946,0.06329501,0.0061230166
2016,392,8408,0,0.071199164,0.092433155,0.28413182
2016,392,8409,0,0.033820327,0.0462728,0.32646447
2016,392,8411,0,0.064937904,0.05136838,-0.24881631
2016,392,8412,0,0.07512757,0.075361766,0.003365708
2016,392,8413,0,0.033549204,0.03439885,0.025889367
2016,392,8414,0,0.0287695,0.034364786,0.18349437
2016,392,8415,0,0.022628339,0.020548843,-0.09852381
2016,392,8416,0,0.21727017,0.27871144,0.33078372
2016,392,8417,0,0.17007713,0.21446311,0.2868512
2016,392,8418,0,0.029570075,0.02142433,-0.33059457
2016,392,8419,0,0.09993704,0.118274465,0.1890513
2016,392,8420,0,0.20511292,0.2677475,0.34855834
2016,392,8421,0,0.042003173,0.047467016,0.12800947
2016,392,8422,0,0.044502508,0.0454463,0.021974161
2016,392,8423,0,0.0633175,0.040842913,-0.46213892
2016,392,8424,0,0.03265166,0.02551464,-0.25399408
2016,392,8425,0,0.07701517,0.09280526,0.20375662
2016,392,8426,0,0.13118027,0.1734786,0.32939154
2016,392,8427,0,0.031951945,0.044054724,0.3337805
2016,392,8428,0,0.105470434,0.09291238,-0.14071484
2016,392,8429,0,0.11424791,0.15922558,0.38406485
2016,392,8430,0,0.10060257,0.15928876,0.5270176
2016,392,8431,0,0.046027735,0.057548393,0.23553208
2016,392,8432,0,0.0965311,0.09544617,-0.012502927
2016,392,8433,0,0.062039603,0.055745102,-0.11367172
2016,392,8434,0,0.21828674,0.2198385,0.009070737
2016,392,8435,0,0.3400454,0.4352247,0.40252644
2016,392,8436,1,0.13274866,0.14312892,0.08732941
2016,392,8437,0,0.15527734,0.18609467,0.218207
2016,392,8438,0,0.057636905,0.05446911,-0.05988519
2016,392,8439,0,0.2316612,0.24069722,0.050094035
2016,392,8440,0,0.10783197,0.15136637,0.38915583
2016,392,8441,0,0.06095292,0.042626947,-0.37694257
2016,392,8442,0,0.15161133,0.15683131,0.04002233
2016,392,8443,0,0.043589346,0.029122815,-0.4183036
2016,392,8444,0,0.31427944,0.34848905,0.15450029
2016,392,8445,0,0.18553303,0.29703975,0.6178666
2016,392,8446,0,0.31154352,0.3759153,0.2859907
2016,392,8447,0,0.11601759,0.12818049,0.11355227
2016,392,8448,0,0.07358356,0.057537884,-0.2631499
2016,392,8449,1,0.7082199,0.6214358,-0.39110714
2016,392,8451,0,0.064210705,0.053144857,-0.20090437
2016,392,8452,0,0.052299354,0.038888823,-0.31032857
2016,392,8453,0,0.27796265,0.32495123,0.22348031
2016,392,8454,0,0.15829372,0.21554503,0.37915948
2016,392,8455,1,0.22618829,0.3944818,0.80144906
2016,392,8456,1,0.20334248,0.20823321,0.029924871
2016,392,8457,0,0.15998465,0.21258704,0.34894088
2016,392,8458,0,0.11189952,0.14031126,0.2587764
2016,392,8459,0,0.13087563,0.16809519,0.2940512
2016,392,8460,0,0.13322766,0.16383266,0.24273384
2016,392,8461,0,0.11054566,0.19805615,0.6866916
2016,392,8462,0,0.11455867,0.16963762,0.45680135
2016,392,8463,0,0.17181945,0.24174552,0.4296534
2016,392,8464,0,0.2778405,0.21979648,-0.3116541
2016,392,8465,0,0.08602338,0.1060956,0.23192757
2016,392,8466,0,0.05590114,0.043331727,-0.26792547
2016,392,8467,0,0.041306928,0.033445165,-0.21928999
2016,392,8468,1,0.10661279,0.15332304,0.41704434
2016,392,8469,1,0.6259502,0.86816555,1.3699538
2016,392,8470,0,0.10896328,0.12796423,0.18229486
2016,392,8471,1,0.025172587,0.027249882,0.08142685
2016,392,8472,0,0.05506052,0.058538407,0.06493727
2016,392,8473,0,0.120723106,0.1777461,0.45390728
2016,392,8474,0,0.15406956,0.18458612,0.21745333
2016,392,8475,0,0.18311091,0.30936232,0.6923091
2016,392,8476,0,0.19973426,0.32317048,0.64871657
2016,392,8477,0,0.06477689,0.058191646,-0.114223614
2016,392,8478,0,0.25365797,0.29141194,0.19066064
2016,392,8479,0,0.0930473,0.056424156,-0.5397971
2016,392,8480,0,0.067103334,0.051436562,-0.2825387
2016,392,8481,0,0.03759058,0.033700906,-0.11326227
2016,392,8482,0,0.030976044,0.024664283,-0.23435041
2016,392,8483,0,0.06278089,0.053779405,-0.16431868
2016,392,8484,0,0.042530056,0.03892549,-0.09231922
2016,392,8485,0,0.06633866,0.11869556,0.63949955
2016,156,8401,1,0.27343357,0.40074894,0.5749256
2016,156,8402,1,0.059666,0.08685728,0.40484697
2016,156,8403,1,0.28680632,0.29661992,0.04750003
2016,156,8404,1,0.11738513,0.1842716,0.52975804
2016,156,8405,0,0.14299852,0.26788798,0.78524077
2016,156,8406,1,0.18649462,0.19469829,0.05318422
2016,156,8407,0,0.051330578,0.046220083,-0.11024468
2016,156,8408,0,0.04838333,0.0667943,0.341999
2016,156,8409,0,0.02158294,0.036301423,0.5351113
2016,156,8411,0,0.07202172,0.044604667,-0.5082462
2016,156,8412,0,0.04245703,0.045782603,0.0788909
2016,156,8413,0,0.03861169,0.031846665,-0.19963449
2016,156,8414,0,0.02411541,0.025646042,0.06310799
2016,156,8415,0,0.022433931,0.026112845,0.1556232
2016,156,8416,0,0.040470976,0.051348098,0.24944344
2016,156,8417,0,0.09778781,0.1174452,0.20520076
2016,156,8418,0,0.021084506,0.015446436,-0.31690305
2016,156,8419,0,0.17439327,0.1689687,-0.038148284
2016,156,8420,0,0.047886223,0.039459698,-0.20235951
2016,156,8421,0,0.08637761,0.08617566,-0.0025618093
2016,156,8422,0,0.02278511,0.021705534,-0.04964422
2016,156,8423,0,0.02913621,0.02635646,-0.103127584
2016,156,8424,0,0.024414077,0.017444529,-0.34325254
2016,156,8425,0,0.04159136,0.05151083,0.22430345
2016,156,8426,0,0.12220747,0.18036765,0.45783147
2016,156,8427,0,0.030827675,0.03882788,0.23901452
2016,156,8428,0,0.13976596,0.14886962,0.07374085
2016,156,8430,0,0.1016787,0.0654103,-0.48071796
2016,156,8431,0,0.04717897,0.04929452,0.04608741
2016,156,8432,0,0.027889997,0.038141932,0.32364824
2016,156,8433,0,0.019684099,0.02309794,0.1634207
2016,156,8434,0,0.058268614,0.07472513,0.26638192
2016,156,8436,0,0.020505188,0.026386797,0.25820878
2016,156,8439,0,0.08983711,0.15472937,0.6176461
2016,156,8440,0,0.04555783,0.07523975,0.53328955
2016,156,8441,0,0.027286816,0.020744538,-0.280824
2016,156,8442,0,0.07365148,0.0935878,0.26131213
2016,156,8443,0,0.024512267,0.015340068,-0.47806427
2016,156,8444,0,0.184494,0.2026866,0.116605
2016,156,8445,0,0.10234402,0.16066274,0.51814187
2016,156,8446,0,0.21134181,0.3425998,0.6651264
2016,156,8447,0,0.058985617,0.11704618,0.7489604
2016,156,8448,0,0.024595369,0.0132689355,-0.62867767
2016,156,8449,0,0.059377424,0.12396463,0.80721754
2016,156,8450,0,0.08745091,0.052117646,-0.55556256
2016,156,8451,0,0.01852496,0.016949885,-0.09046142
2016,156,8452,0,0.013253642,0.0075676306,-0.5661385
2016,156,8453,0,0.04471352,0.09039838,0.752955
2016,156,8454,0,0.063273564,0.08446347,0.31173244
2016,156,8455,0,0.079675585,0.12120505,0.46569517
2016,156,8456,0,0.025064899,0.033500485,0.29878157
2016,156,8457,0,0.05527938,0.082736164,0.43275088
2016,156,8458,0,0.036848307,0.026984513,-0.32173562
2016,156,8459,0,0.029145123,0.047209397,0.50108707
2016,156,8460,0,0.02212298,0.032719288,0.40224317
2016,156,8461,0,0.03135371,0.056685906,0.61869335
2016,156,8462,0,0.02628086,0.038461104,0.39339444
2016,156,8463,0,0.04626695,0.06996779,0.43877175
2016,156,8464,0,0.06497344,0.078972675,0.21020861
2016,156,8465,0,0.044361446,0.050358012,0.1330817
2016,156,8466,0,0.023880675,0.014927826,-0.47897288
2016,156,8467,0,0.020578722,0.019633135,-0.04800389
2016,156,8468,0,0.025159355,0.03709132,0.4004686
2016,156,8469,1,0.1776187,0.5561157,1.7579774
2016,156,8470,0,0.032235816,0.046388097,0.37869644
2016,156,8471,0,0.027832782,0.028236829,0.014828174
2016,156,8472,0,0.03676027,0.036426216,-0.009475593
2016,156,8473,0,0.046784814,0.05311184,0.13350073
2016,156,8475,0,0.16563734,0.2716532,0.63061637
2016,156,8476,0,0.06294833,0.095216714,0.4488842
2016,156,8477,0,0.023666246,0.027446782,0.15207893
2016,156,8478,0,0.111356094,0.14260162,0.28311557
2016,156,8479,0,0.026576012,0.024913961,-0.06628658
2016,156,8480,0,0.05876405,0.056876652,-0.03464877
2016,156,8481,0,0.023100946,0.021727862,-0.06268285
2016,156,8482,0,0.01701453,0.020299474,0.1798747
2016,156,8483,0,0.04138482,0.028033469,-0.4033467
2016,156,8484,0,0.05140795,0.037429184,-0.33197093
2016,380,8401,0,0.5473174,0.67996216,0.5637601
2016,380,8403,0,0.088663734,0.08365856,-0.06358437
2016,380,8404,0,0.11643765,0.16737044,0.42222658
2016,380,8406,1,0.097327515,0.15218383,0.50970334
2016,380,8407,0,0.13095772,0.115513094,-0.14310655
2016,380,8408,0,0.07405756,0.10763547,0.41084504
2016,380,8409,0,0.035370033,0.059662726,0.5483484
2016,380,8411,0,0.22145873,0.15431634,-0.44395494
2016,380,8412,0,0.059645392,0.06406375,0.07617137
2016,380,8413,0,0.03308413,0.025845021,-0.25439483
2016,380,8414,0,0.031253375,0.027691966,-0.12465445
2016,380,8415,0,0.040879644,0.038759187,-0.055472918
2016,380,8416,0,0.07430807,0.0912423,0.22376196
2016,380,8417,0,0.0828948,0.11608299,0.373592
2016,380,8418,0,0.027688038,0.018335585,-0.4217295
2016,380,8419,0,0.11202961,0.117774375,0.05649805
2016,380,8420,0,0.14160195,0.20531556,0.44865093
2016,380,8421,0,0.0844396,0.0643078,-0.29410565
2016,380,8422,0,0.05673275,0.047517918,-0.18696633
2016,380,8423,0,0.04896465,0.032760013,-0.4187854
2016,380,8424,0,0.029817238,0.018905217,-0.46683347
2016,380,8425,0,0.06249994,0.061692946,-0.013856295
2016,380,8426,0,0.07439014,0.100582235,0.33035728
2016,380,8427,0,0.09435494,0.11206789,0.19179346
2016,380,8428,0,0.058130134,0.04515254,-0.26632208
2016,380,8429,0,0.06316562,0.083802,0.30497068
2016,380,8430,0,0.12032806,0.16726823,0.38421425
2016,380,8431,0,0.029093554,0.034003153,0.16100618
2016,380,8432,0,0.04653187,0.039190017,-0.17938602
2016,380,8433,0,0.046092793,0.04503024,-0.02443547
2016,380,8434,0,0.105897985,0.098131895,-0.084812246
2016,380,8435,0,0.16073637,0.14102776,-0.15402049
2016,380,8436,0,0.054136895,0.0667973,0.22362201
2016,380,8438,0,0.04667331,0.035439845,-0.28705016
2016,380,8439,0,0.1317242,0.17443328,0.3312713
2016,380,8440,0,0.11457057,0.16008992,0.3873226
2016,380,8441,0,0.059093732,0.03439046,-0.56726176
2016,380,8442,0,0.1819534,0.18101412,-0.006323151
2016,380,8443,0,0.033815872,0.023389902,-0.37935907
2016,380,8444,0,0.45807293,0.540379,0.32997137
2016,380,8445,0,0.15189123,0.31899133,0.96143305
2016,380,8446,0,0.17910638,0.26358855,0.49501395
2016,380,8447,0,0.10674264,0.12158621,0.14695978
2016,380,8448,0,0.06022228,0.06524342,0.08544019
2016,380,8449,0,0.18236838,0.2703147,0.50735664
2016,380,8450,0,0.14677095,0.11400611,-0.29030308
2016,380,8451,0,0.03043851,0.022978162,-0.2888293
2016,380,8453,0,0.06525606,0.077029005,0.17853785
2016,380,8454,1,0.20158301,0.12508774,-0.5686784
2016,380,8455,0,0.38372755,0.342996,-0.1762149
2016,380,8456,0,0.052286122,0.055823132,0.06919639
2016,380,8457,0,0.11010359,0.13745943,0.2531298
2016,380,8458,0,0.106711686,0.12253559,0.15614374
2016,380,8459,0,0.0784092,0.109819256,0.3715712
2016,380,8460,0,0.07184751,0.09996003,0.36098126
2016,380,8461,0,0.07632076,0.11910323,0.49247015
2016,380,8462,0,0.044773255,0.056813672,0.25085092
2016,380,8463,0,0.09002713,0.13344222,0.44244352
2016,380,8464,0,0.06699006,0.06485665,-0.034648802
2016,380,8465,0,0.04591026,0.058672644,0.25875163
2016,380,8466,0,0.034071077,0.021076875,-0.4936351
2016,380,8467,0,0.03189742,0.02262686,-0.352918
2016,380,8468,0,0.08020765,0.1181116,0.42909342
2016,380,8469,1,0.5525032,0.84547716,1.4887692
2016,380,8470,0,0.49014854,0.47415778,-0.06405024
2016,380,8471,1,0.036089376,0.031533387,-0.13966703
2016,380,8472,1,0.14000416,0.13500388,-0.042166166
2016,380,8473,0,0.05407452,0.06815186,0.24636924
2016,380,8474,0,0.052060448,0.07083594,0.32796645
2016,380,8475,0,0.354653,0.4296934,0.31554613
2016,380,8476,0,0.092395,0.13961089,0.4662109
2016,380,8477,0,0.037446793,0.031676825,-0.17331217
2016,380,8478,0,0.11832518,0.138001,0.17639342
2016,380,8479,0,0.03836791,0.031446762,-0.2060969
2016,380,8480,0,0.1277232,0.09790041,-0.2995327
2016,380,8481,0,0.022970429,0.018150866,-0.24041004
2016,380,8482,0,0.043936994,0.039440442,-0.11265718
2016,380,8483,0,0.06648793,0.0445551,-0.423517
2016,380,8484,0,0.03826863,0.034274425,-0.11437552
2016,380,8485,0,0.048533965,0.060238797,0.22843096
2016,826,8401,1,0.27837,0.5728874,1.2462028
2016,826,8402,1,0.13361734,0.16662915,0.25963858
2016,826,8403,0,0.5049447,0.47900623,-0.103803866
2016,826,8405,0,0.2833524,0.35755667,0.34190816
2016,826,8406,1,0.39337078,0.43015882,0.15196206
2016,826,8407,0,0.059979964,0.07337462,0.21591946
2016,826,8408,0,0.069254026,0.109620996,0.50358665
2016,826,8409,0,0.029868402,0.04364549,0.39360186
2016,826,8411,0,0.058244094,0.03800726,-0.44812632
2016,826,8412,0,0.075113654,0.08766115,0.16813588
2016,826,8413,0,0.035242517,0.03197263,-0.10075667
2016,826,8414,0,0.03370309,0.03642408,0.08046052
2016,826,8415,0,0.046067815,0.040028658,-0.14682975
2016,826,8416,0,0.14128181,0.18068218,0.29295167
2016,826,8417,1,0.083808444,0.120130196,0.40049386
2016,826,8418,0,0.032328136,0.021192526,-0.43373135
2016,826,8419,0,0.15829524,0.15335803,-0.037535228
2016,826,8420,0,0.14045614,0.12551449,-0.12970792
2016,826,8421,0,0.08508518,0.07323211,-0.16289115
2016,826,8422,0,0.04321888,0.031385414,-0.33222616
2016,826,8423,0,0.041190114,0.028792074,-0.37094596
2016,826,8424,0,0.032375995,0.022670263,-0.3663438
2016,826,8425,0,0.07822346,0.09774746,0.24422602
2016,826,8426,0,0.09818944,0.14266573,0.42418224
2016,826,8427,0,0.06354374,0.07335404,0.15410039
2016,826,8428,0,0.0850929,0.061255984,-0.3544023
2016,826,8429,0,0.057468116,0.077200495,0.31633335
2016,826,8430,0,0.060057614,0.086091466,0.38819408
2016,826,8431,0,0.040369388,0.055264864,0.32970926
2016,826,8432,0,0.07200506,0.09298035,0.27851394
2016,826,8433,0,0.15052688,0.11923736,-0.26919737
2016,826,8434,0,0.17629758,0.12838423,-0.37368518
2016,826,8435,0,0.20525433,0.32530966,0.62429595
2016,826,8436,0,0.07262214,0.07985267,0.10274078
2016,826,8437,0,0.14794737,0.16595607,0.13622871
2016,826,8438,0,0.042711638,0.042578783,-0.0032540786
2016,826,8439,0,0.178035,0.19131294,0.08821621
2016,826,8440,0,0.14342827,0.2065539,0.44127893
2016,826,8441,0,0.10449423,0.06627061,-0.4971833
2016,826,8442,0,0.231358,0.237437,0.033876218
2016,826,8443,0,0.035259724,0.022779485,-0.44973445
2016,826,8444,0,0.21394274,0.34257933,0.6495004
2016,826,8445,0,0.23481332,0.32628995,0.45631558
2016,826,8446,0,0.25511318,0.3219025,0.3264826
2016,826,8447,0,0.13466023,0.10037829,-0.33266094
2016,826,8448,0,0.09887693,0.075735,-0.29199237
2016,826,8450,0,0.21738356,0.14321835,-0.5078332
2016,826,8451,0,0.057892933,0.039023384,-0.41426545
2016,826,8452,0,0.07237845,0.05011589,-0.3912865
2016,826,8453,0,0.21732354,0.25373882,0.20256193
2016,826,8454,0,0.21662822,0.1293857,-0.62097645
2016,826,8455,1,0.59422964,0.622628,0.11923928
2016,826,8456,0,0.07398709,0.085918404,0.16247581
2016,826,8457,0,0.22071359,0.23726566,0.09378342
2016,826,8458,0,0.10738056,0.12806332,0.19958924
2016,826,8459,0,0.09452399,0.14343497,0.4725586
2016,826,8460,0,0.13295747,0.1641722,0.24755202
2016,826,8461,0,0.15925966,0.20094007,0.28331766
2016,826,8462,0,0.13188684,0.15572408,0.19398412
2016,826,8463,1,0.23069009,0.2808567,0.2642026
2016,826,8464,0,0.2292234,0.20969921,-0.11403788
2016,826,8466,0,0.03671537,0.02463572,-0.41146004
2016,826,8467,0,0.03993705,0.032433324,-0.2159035
2016,826,8468,0,0.08225146,0.14222652,0.6152233
2016,826,8470,0,0.17409055,0.15224122,-0.16022032
2016,826,8471,1,0.037977405,0.039066635,0.0294104
2016,826,8472,1,0.05892127,0.05813355,-0.014295922
2016,826,8473,0,0.060964756,0.089706406,0.41733205
2016,826,8474,0,0.0621413,0.07284225,0.17036112
2016,826,8475,0,0.1855938,0.24371198,0.34646365
2016,826,8476,0,0.1399992,0.13958447,-0.0034488644
2016,826,8477,0,0.04546617,0.041508432,-0.09520952
2016,826,8478,0,0.14017315,0.21312179,0.5076428
2016,826,8479,0,0.03786472,0.030254118,-0.23226652
2016,826,8480,0,0.13148503,0.10873736,-0.21581206
2016,826,8481,0,0.050241683,0.039102964,-0.26230648
2016,826,8482,0,0.033240188,0.029660698,-0.11763269
2016,826,8483,0,0.064237036,0.04250384,-0.43594503
2016,826,8484,0,0.035879154,0.02783506,-0.26216888
2016,826,8485,0,0.04627889,0.05871184,0.25107732
2016,251,8401,0,0.21416387,0.40383387,0.91049093
2016,251,8402,0,0.25295636,0.34125015,0.4251786
2016,251,8403,0,0.13796486,0.15029223,0.09998606
2016,251,8404,0,0.16545346,0.25253937,0.53308403
2016,251,8405,0,0.19625266,0.29444703,0.53599936
2016,251,8406,0,0.1750544,0.2166459,0.2649
2016,251,8407,0,0.097621076,0.10320104,0.06178822
2016,251,8408,0,0.082690276,0.10728809,0.28759682
2016,251,8409,0,0.04350105,0.06568666,0.43557867
2016,251,8411,0,0.109520204,0.083793394,-0.2962364
2016,251,8412,0,0.08732542,0.095849596,0.1025224
2016,251,8413,0,0.034305815,0.02928168,-0.16354193
2016,251,8414,0,0.037991423,0.03704393,-0.026240302
2016,251,8415,0,0.039336763,0.03293658,-0.18421568
2016,251,8416,0,0.086411074,0.10881037,0.25531432
2016,251,8417,1,0.116079316,0.16685337,0.42199945
2016,251,8418,0,0.035773203,0.020242903,-0.5853728
2016,251,8419,0,0.18532479,0.18475302,-0.0037915616
2016,251,8420,0,0.23591943,0.2660587,0.16047098
2016,251,8421,0,0.07625227,0.06455416,-0.17912668
2016,251,8422,0,0.048518132,0.036572415,-0.29511994
2016,251,8423,0,0.078443,0.058025215,-0.3234084
2016,251,8424,0,0.037068147,0.02662585,-0.34166148
2016,251,8425,0,0.06321609,0.052336637,-0.20040892
2016,251,8426,0,0.14863886,0.19355242,0.3182263
2016,251,8427,0,0.067491286,0.09156608,0.33121866
2016,251,8428,0,0.13629682,0.104415566,-0.3027034
2016,251,8429,0,0.07732386,0.09260743,0.1970698
2016,251,8431,0,0.031936646,0.03803013,0.18093902
2016,251,8432,0,0.05910586,0.056208238,-0.053341597
2016,251,8433,0,0.06160249,0.0640944,0.042313844
2016,251,8434,0,0.1666926,0.14621963,-0.15531301
2016,251,8435,0,0.14037178,0.17091678,0.2330618
2016,251,8436,0,0.060811494,0.06956614,0.14386433
2016,251,8438,0,0.041529942,0.037242867,-0.113417126
2016,251,8439,0,0.2574673,0.27755165,0.10253529
2016,251,8441,0,0.11442362,0.076500766,-0.44453803
2016,251,8442,0,0.20519239,0.1780846,-0.17522664
2016,251,8443,0,0.04488722,0.023292357,-0.67838573
2016,251,8444,1,0.50993305,0.5936746,0.3394397
2016,251,8445,0,0.16396879,0.26908037,0.6296964
2016,251,8446,1,0.25595957,0.34926254,0.44479346
2016,251,8447,0,0.146437,0.118078426,-0.24793008
2016,251,8448,0,0.10959946,0.0679352,-0.5240093
2016,251,8449,0,0.31454217,0.29662508,-0.08445222
2016,251,8450,1,0.18982576,0.14307472,-0.338841
2016,251,8451,0,0.040608592,0.027204443,-0.41447434
2016,251,8452,0,0.10319003,0.06020255,-0.5856779
2016,251,8453,0,0.117168576,0.12833509,0.10376029
2016,251,8454,0,0.14442794,0.17136103,0.20297767
2016,251,8455,0,0.22052652,0.26676548,0.25150484
2016,251,8456,0,0.12725046,0.12958421,0.020851225
2016,251,8457,0,0.25612655,0.3058431,0.2465736
2016,251,8458,0,0.24295203,0.2607607,0.09454405
2016,251,8459,0,0.15884762,0.21753497,0.38673785
2016,251,8460,0,0.11304805,0.14550272,0.28965926
2016,251,8461,0,0.10955869,0.15775545,0.4202324
2016,251,8462,0,0.08525305,0.10182215,0.195883
2016,251,8463,0,0.143225,0.19876176,0.3947071
2016,251,8464,0,0.16860598,0.120189585,-0.39509675
2016,251,8465,0,0.08933972,0.09902952,0.11366915
2016,251,8466,0,0.05355705,0.03123678,-0.5624606
2016,251,8467,0,0.049594227,0.03327931,-0.4159591
2016,251,8468,0,0.08923534,0.1272628,0.39762712
2016,251,8470,0,0.12164304,0.1184213,-0.030503476
2016,251,8471,1,0.036949914,0.03605657,-0.025401378
2016,251,8472,1,0.17075646,0.17066355,-0.00065628695
2016,251,8473,0,0.067203954,0.0938351,0.3627723
2016,251,8475,0,0.2975979,0.38575315,0.3935636
2016,251,8476,1,0.3792502,0.20845592,-0.84152603
2016,251,8477,0,0.038310166,0.032631323,-0.16633043
2016,251,8479,0,0.04097557,0.037244864,-0.099344455
2016,251,8480,0,0.11283831,0.11245169,-0.0038678644
2016,251,8481,0,0.03147675,0.026546353,-0.17543453
2016,251,8482,0,0.04039293,0.031162808,-0.26900223
2016,251,8483,0,0.080026135,0.06141659,-0.28469974
2016,251,8484,0,0.06474026,0.049416777,-0.28634477
2016,251,8485,0,0.07177571,0.09400563,0.29404882
2016,490,8402,1,0.3838314,0.40340406,0.08201576
2016,490,8403,0,0.5117337,0.64412564,0.54637265
2016,490,8404,1,0.3109405,0.36453483,0.23999077
2016,490,8405,0,0.35765958,0.38018748,0.09678427
2016,490,8406,0,0.167483,0.24528386,0.47964638
2016,490,8407,1,0.53389406,0.46262577,-0.2855609
2016,490,8408,1,0.22948943,0.3240015,0.47575366
2016,490,8409,0,0.042827442,0.06526637,0.44502008
2016,490,8410,0,0.22269139,0.28998455,0.35459143
2016,490,8411,0,0.14911523,0.112830155,-0.32059562
2016,490,8412,0,0.14257373,0.14373988,0.009507078
2016,490,8413,0,0.029153476,0.0318464,0.09112777
2016,490,8414,0,0.031087378,0.033430494,0.075087816
2016,490,8415,0,0.045040537,0.04711953,0.047304254
2016,490,8416,0,0.21731551,0.23829827,0.11934763
2016,490,8417,0,0.1686362,0.20697947,0.25209427
2016,490,8418,0,0.033819214,0.02662847,-0.24646318
2016,490,8419,0,0.11697465,0.13669601,0.17838928
2016,490,8420,0,0.1852475,0.24136706,0.3359925
2016,490,8421,0,0.04386305,0.051003702,0.158322
2016,490,8422,0,0.037579335,0.043900143,0.1620527
2016,490,8423,0,0.058499817,0.044104934,-0.2976255
2016,490,8424,0,0.038393077,0.029083703,-0.28733376
2016,490,8425,0,0.112177856,0.13645373,0.22362383
2016,490,8426,1,0.4583604,0.47324818,0.05983545
2016,490,8427,0,0.08906326,0.105692185,0.1896076
2016,490,8428,0,0.057608705,0.06609802,0.14651415
2016,490,8429,0,0.28314763,0.38137448,0.44518325
2016,490,8430,0,0.13920498,0.19383924,0.3966548
2016,490,8431,0,0.080259755,0.09926608,0.23341697
2016,490,8432,0,0.12187511,0.11790764,-0.03760317
2016,490,8433,0,0.100107744,0.09234453,-0.0893103
2016,490,8434,0,0.20455264,0.23729832,0.19053039
2016,490,8435,0,0.16161437,0.24597594,0.5260746
2016,490,8436,0,0.10978775,0.13765149,0.25797647
2016,490,8437,0,0.08238176,0.11638332,0.38328323
2016,490,8438,0,0.048411448,0.06459627,0.30557495
2016,490,8439,0,0.116344705,0.16328838,0.39354807
2016,490,8440,0,0.23337008,0.2871385,0.2800561
2016,490,8441,0,0.070421845,0.048610702,-0.3938521
2016,490,8442,0,0.17114897,0.24518576,0.45305052
2016,490,8443,0,0.038869474,0.023524914,-0.51798815
2016,490,8444,0,0.3235746,0.3628188,0.17424199
2016,490,8445,0,0.21028903,0.30817065,0.51449853
2016,490,8446,0,0.27944785,0.388323,0.4928352
2016,490,8447,0,0.101639636,0.087177694,-0.1694551
2016,490,8448,0,0.07794019,0.06213903,-0.24355912
2016,490,8449,0,0.28183472,0.3665023,0.38812733
2016,490,8450,0,0.13356048,0.13418627,0.0053970134
2016,490,8451,0,0.11081387,0.11160953,0.00804968
2016,490,8452,0,0.039164018,0.03449572,-0.13176993
2016,490,8453,0,0.18453735,0.11653311,-0.53977466
2016,490,8454,0,0.18245843,0.17900155,-0.02334732
2016,490,8455,0,0.16806653,0.27116922,0.61069393
2016,490,8456,1,0.27831224,0.3567993,0.36356553
2016,490,8457,0,0.14895311,0.18208674,0.24056253
2016,490,8458,0,0.109524526,0.15201712,0.37673968
2016,490,8459,0,0.09864679,0.14852126,0.4661051
2016,490,8460,0,0.13503164,0.19352888,0.42994234
2016,490,8461,0,0.12853627,0.18535344,0.43347323
2016,490,8462,0,0.098798126,0.12690109,0.28200984
2016,490,8463,0,0.091731966,0.14311928,0.50304824
2016,490,8464,0,0.23334622,0.2419279,0.047373272
2016,490,8465,0,0.14877851,0.15834917,0.073651016
2016,490,8466,0,0.07823799,0.073129095,-0.07305634
2016,490,8467,0,0.06223291,0.048881892,-0.25561363
2016,490,8468,0,0.104432695,0.16667551,0.53954035
2016,490,8470,0,0.11796442,0.0972544,-0.21626106
2016,490,8471,1,0.047211748,0.051134434,0.083941005
2016,490,8472,0,0.08953789,0.09057501,0.012656108
2016,490,8473,0,0.0765201,0.115684524,0.45664847
2016,490,8474,0,0.09313237,0.1327834,0.39940518
2016,490,8475,0,0.57570475,0.7259372,0.668941
2016,490,8476,0,0.14044327,0.20343326,0.44664025
2016,490,8477,0,0.029733222,0.0399905,0.30700466
2016,490,8478,0,0.2646344,0.17736237,-0.5123023
2016,490,8479,0,0.07593443,0.033050925,-0.87718356
2016,490,8480,0,0.047922596,0.051271234,0.07106625
2016,490,8481,0,0.03487806,0.031183971,-0.11577421
2016,490,8482,0,0.03599923,0.027400026,-0.2818344
2016,490,8483,0,0.056083556,0.05460516,-0.028279422
2016,490,8484,0,0.035899885,0.033451546,-0.073172435
2016,490,8485,0,0.1187578,0.11970253,0.008996345
2016,702,8402,1,0.71131927,0.7233499,0.05933969
2016,702,8403,1,0.23124203,0.33796015,0.52891344
2016,702,8404,1,0.6503862,0.76253337,0.5458819
2016,702,8406,1,0.5864525,0.6540842,0.28772157
2016,702,8407,1,0.14879987,0.13814853,-0.086708516
2016,702,8409,0,0.057347294,0.067770764,0.17812443
2016,702,8410,1,0.28315416,0.35463488,0.33014184
2016,702,8411,0,0.12000007,0.10265931,-0.17559034
2016,702,8412,0,0.08594423,0.09848765,0.15005045
2016,702,8413,0,0.038654596,0.04917664,0.2517585
2016,702,8414,0,0.024186213,0.027849503,0.14479351
2016,702,8416,1,0.22328144,0.25939843,0.19754747
2016,702,8417,1,0.7515687,0.75234824,0.0041797264
2016,702,8418,0,0.104654506,0.098671295,-0.06553082
2016,702,8419,0,0.09885467,0.12625673,0.27554667
2016,702,8420,1,0.20752162,0.3798812,0.84987724
2016,702,8421,0,0.039843116,0.049509507,0.22733366
2016,702,8422,0,0.09330354,0.11796603,0.26211578
2016,702,8423,0,0.13512626,0.114074774,-0.19340453
2016,702,8424,0,0.07006642,0.055969797,-0.23967648
2016,702,8425,0,0.15737122,0.22221601,0.42512006
2016,702,8426,1,0.15733828,0.21754578,0.39814138
2016,702,8427,0,0.15708013,0.22161251,0.42382175
2016,702,8428,0,0.09929414,0.099590495,0.0033092638
2016,702,8430,0,0.09747808,0.13706964,0.38572064
2016,702,8431,0,0.06782218,0.086824894,0.26760006
2016,702,8432,0,0.23141366,0.25502276,0.12834539
2016,702,8433,0,0.22990882,0.3048255,0.38440284
2016,702,8435,0,0.5044552,0.5811314,0.30959833
2016,702,8436,0,0.1531074,0.1918318,0.27228296
2016,702,8437,1,0.2065568,0.30069244,0.50180376
2016,702,8438,1,0.11881526,0.22592953,0.7722576
2016,702,8439,1,0.42867026,0.47317332,0.17986871
2016,702,8440,1,0.35206923,0.21715234,-0.67238295
2016,702,8441,0,0.19733827,0.23907483,0.24525572
2016,702,8442,0,0.21836022,0.28422594,0.35165286
2016,702,8443,0,0.059638064,0.039807778,-0.4251004
2016,702,8445,1,0.35556394,0.5430948,0.7674785
2016,702,8448,1,0.357481,0.44442555,0.36309418
2016,702,8449,0,0.3622278,0.34349594,-0.08204569
2016,702,8451,1,0.12087761,0.10439502,-0.16517204
2016,702,8452,1,0.14557643,0.11904149,-0.2318127
2016,702,8453,1,0.6778922,0.69243854,0.06744249
2016,702,8454,0,0.3652008,0.36899346,0.016324112
2016,702,8455,1,0.569562,0.59707135,0.113212705
2016,702,8456,1,0.1725798,0.14910738,-0.17416637
2016,702,8457,0,0.27568582,0.34684113,0.3330097
2016,702,8458,0,0.13801444,0.15500413,0.13600028
2016,702,8459,1,0.16794528,0.23385218,0.41357413
2016,702,8460,0,0.21402946,0.25155056,0.210446
2016,702,8461,0,0.1683982,0.21789883,0.31906906
2016,702,8462,0,0.16434982,0.20333447,0.26063016
2016,702,8463,0,0.21268792,0.30874714,0.5028158
2016,702,8464,0,0.3318439,0.19545566,-0.71508545
2016,702,8465,0,0.16762763,0.23725133,0.43472636
2016,702,8466,0,0.11105965,0.10504035,-0.062471487
2016,702,8467,0,0.074342534,0.06005539,-0.22873266
2016,702,8468,1,0.24905613,0.33532834,0.4194696
2016,702,8470,0,0.107704274,0.089664735,-0.20332709
2016,702,8471,0,0.02147272,0.024814956,0.14808452
2016,702,8472,0,0.10308109,0.16892497,0.5701841
2016,702,8473,0,0.103028744,0.12924981,0.25640765
2016,702,8475,0,0.3772047,0.4171842,0.16708662
2016,702,8476,1,0.31397885,0.35472992,0.18327062
2016,702,8477,0,0.103782795,0.1180495,0.1448508
2016,702,8478,1,0.5260406,0.28165716,-1.040513
2016,702,8479,0,0.09905284,0.05677902,-0.6023404
2016,702,8480,0,0.1000321,0.113637336,0.14275382
2016,702,8481,0,0.037662122,0.04464799,0.17744015
2016,702,8482,0,0.03960696,0.029097086,-0.3192507
2016,702,8483,0,0.053574722,0.04953435,-0.082670875
2016,702,8484,0,0.06854478,0.10284843,0.44329235
2016,528,8401,1,0.46522543,0.58566236,0.4853853
2016,528,8403,0,0.10215698,0.08423168,-0.21270773
2016,528,8404,0,0.230697,0.31497762,0.42742985
2016,528,8406,1,0.2673006,0.3926234,0.5720637
2016,528,8407,0,0.1800773,0.21695359,0.23231529
2016,528,8408,0,0.06255879,0.07981415,0.2621724
2016,528,8409,0,0.023718627,0.04284072,0.6110093
2016,528,8410,1,0.5123169,0.6075808,0.38787678
2016,528,8411,0,0.0965171,0.0634978,-0.45460966
2016,528,8412,0,0.04827388,0.059942592,0.22883289
2016,528,8413,0,0.026866289,0.023615254,-0.13231477
2016,528,8414,0,0.03455209,0.039068732,0.12754364
2016,528,8415,0,0.045633506,0.037395775,-0.20767903
2016,528,8416,0,0.10914296,0.12713665,0.17300896
2016,528,8417,1,0.17973873,0.25679296,0.455414
2016,528,8418,0,0.033965167,0.017128091,-0.70189476
2016,528,8419,0,0.12959005,0.12607603,-0.031519942
2016,528,8420,0,0.20708007,0.19759658,-0.058767315
2016,528,8421,0,0.08961551,0.069350295,-0.27837384
2016,528,8422,0,0.040333766,0.029152004,-0.33624956
2016,528,8423,0,0.08744471,0.053240553,-0.53298265
2016,528,8424,0,0.028979618,0.019608498,-0.40023413
2016,528,8425,0,0.037163008,0.04415556,0.1796939
2016,528,8426,0,0.091236725,0.11525721,0.2604965
2016,528,8427,0,0.047754668,0.061742887,0.27170056
2016,528,8428,0,0.07658356,0.05314838,-0.39035675
2016,528,8429,0,0.09049621,0.1347118,0.44766617
2016,528,8430,1,0.08194891,0.124157436,0.46252114
2016,528,8431,0,0.0341452,0.04585688,0.3071029
2016,528,8432,0,0.043441694,0.044987846,0.036590382
2016,528,8433,0,0.070347466,0.058923606,-0.18941833
2016,528,8434,0,0.1066933,0.07847334,-0.33830118
2016,528,8435,0,0.15875651,0.21882445,0.39497954
2016,528,8436,0,0.08488858,0.080303885,-0.060518987
2016,528,8437,0,0.15272973,0.18600123,0.23714425
2016,528,8438,0,0.03775711,0.03018228,-0.23176013
2016,528,8439,0,0.19132152,0.24313052,0.3058537
2016,528,8440,0,0.098879986,0.14784072,0.45809358
2016,528,8441,0,0.06804134,0.04103071,-0.53436553
2016,528,8442,0,0.12466352,0.15047435,0.21810472
2016,528,8443,0,0.043476474,0.029605316,-0.39866358
2016,528,8444,0,0.17857502,0.28370112,0.5998556
2016,528,8445,1,0.54472697,0.7478596,0.90784156
2016,528,8446,1,0.64528143,0.65177715,0.028498191
2016,528,8447,0,0.23094803,0.17784975,-0.32801816
2016,528,8448,0,0.18113062,0.15968569,-0.15186238
2016,528,8449,0,0.44851363,0.43598038,-0.050813735
2016,528,8450,0,0.20919165,0.17026111,-0.25397304
2016,528,8451,0,0.0911098,0.06653515,-0.341014
2016,528,8452,0,0.11398348,0.074233614,-0.47272286
2016,528,8453,0,0.55364,0.40231788,-0.61120534
2016,528,8454,1,0.24167459,0.34319723,0.49444193
2016,528,8455,1,0.31508714,0.32154846,0.029777687
2016,528,8456,0,0.10693737,0.11577612,0.0893615
2016,528,8457,0,0.21467084,0.23493892,0.11636693
2016,528,8458,0,0.16718847,0.19964917,0.21719705
2016,528,8459,0,0.1033074,0.15134901,0.43694448
2016,528,8460,0,0.14371596,0.1669625,0.17745389
2016,528,8461,0,0.12485438,0.18728922,0.47952092
2016,528,8462,0,0.07061899,0.07343247,0.042098995
2016,528,8463,0,0.37307468,0.44765133,0.30888388
2016,528,8464,0,0.11194063,0.08426701,-0.3146644
2016,528,8465,0,0.098317906,0.10870065,0.11197335
2016,528,8466,0,0.06761376,0.036558717,-0.64765626
2016,528,8467,0,0.051569115,0.036142774,-0.37158006
2016,528,8468,0,0.0790557,0.10589963,0.32192054
2016,528,8470,1,0.2204109,0.2373588,0.09605864
2016,528,8471,0,0.03886209,0.035912666,-0.081993096
2016,528,8472,1,0.16431823,0.22126502,0.36813322
2016,528,8473,0,0.05480125,0.049317457,-0.11121991
2016,528,8474,0,0.08553403,0.10299062,0.20499764
2016,528,8475,1,0.21005888,0.32957783,0.6144755
2016,528,8476,0,0.23392405,0.205038,-0.16881412
2016,528,8477,0,0.05950395,0.05693369,-0.04688444
2016,528,8478,0,0.17670074,0.15373993,-0.16670217
2016,528,8479,0,0.055754226,0.034964807,-0.48838922
2016,528,8480,0,0.11796322,0.10046495,-0.18020828
2016,528,8481,0,0.028524192,0.022207921,-0.2567843
2016,528,8482,0,0.04584495,0.037250012,-0.21658027
2016,528,8483,0,0.06480169,0.047704183,-0.3244298
2016,528,8484,0,0.059335735,0.050918818,-0.16188715
2016,528,8485,0,0.055950347,0.0756412,0.32261482
2016,410,8401,0,0.44309056,0.4819561,0.15642141
2016,410,8402,0,0.22585717,0.28194636,0.29702613
2016,410,8403,0,0.14183715,0.16649222,0.1894198
2016,410,8404,1,0.15715025,0.23248968,0.48528025
2016,410,8406,1,0.28587085,0.43354937,0.64813936
2016,410,8407,0,0.07290161,0.072525166,-0.0055831308
2016,410,8408,0,0.08917419,0.11608707,0.29374185
2016,410,8409,0,0.030815285,0.047807455,0.45685872
2016,410,8410,1,0.4088474,0.53907025,0.5253324
2016,410,8411,0,0.07769235,0.05068003,-0.45609185
2016,410,8412,0,0.08139553,0.07845531,-0.039986897
2016,410,8413,0,0.033581704,0.035458244,0.05631805
2016,410,8414,0,0.032859232,0.037665647,0.14149794
2016,410,8415,0,0.025711726,0.030929292,0.19012627
2016,410,8416,1,0.44497377,0.47116226,0.10552102
2016,410,8417,1,0.697716,0.6784446,-0.08981219
2016,410,8418,0,0.03415949,0.028372074,-0.19160934
2016,410,8419,1,0.100994244,0.123984724,0.23100062
2016,410,8420,0,0.26169616,0.38919047,0.5864549
2016,410,8421,0,0.1906084,0.20902416,0.11524422
2016,410,8422,0,0.06687657,0.05647603,-0.18011664
2016,410,8423,0,0.08562629,0.07878378,-0.0907407
2016,410,8424,1,0.04773714,0.044005077,-0.085316226
2016,410,8425,0,0.07941801,0.12683615,0.52105385
2016,410,8426,0,0.09249738,0.124923065,0.33690253
2016,410,8427,0,0.06226747,0.07138305,0.14638978
2016,410,8428,0,0.052703056,0.06525257,0.22692814
2016,410,8429,0,0.056407783,0.08497278,0.44046396
2016,410,8431,0,0.036322974,0.050793167,0.3504409
2016,410,8432,0,0.19806553,0.22565575,0.16542302
2016,410,8433,0,0.1203256,0.13034327,0.09142334
2016,410,8434,0,0.25074482,0.2796437,0.14841418
2016,410,8435,0,0.18323682,0.20279706,0.12566637
2016,410,8436,0,0.1132826,0.13686998,0.21610692
2016,410,8437,0,0.107934676,0.13712367,0.27262497
2016,410,8438,0,0.1290455,0.13460387,0.048573524
2016,410,8439,1,0.24697384,0.3513732,0.501809
2016,410,8440,0,0.36306238,0.46124884,0.406781
2016,410,8441,0,0.08113768,0.050225973,-0.512703
2016,410,8442,0,0.5092818,0.48203975,-0.10900347
2016,410,8443,0,0.048184697,0.029262202,-0.5184303
2016,410,8444,1,0.37897414,0.43572223,0.23536296
2016,410,8445,0,0.3718147,0.50711185,0.5528889
2016,410,8446,0,0.2027181,0.2884512,0.46647373
2016,410,8447,0,0.1610324,0.10065319,-0.5394214
2016,410,8448,0,0.089734994,0.07142698,-0.24809842
2016,410,8449,1,0.58361596,0.689481,0.46005893
2016,410,8450,0,0.09937239,0.08755664,-0.13962245
2016,410,8451,0,0.055042528,0.05149745,-0.07031847
2016,410,8452,0,0.085769854,0.059729517,-0.38992643
2016,410,8453,0,0.22774638,0.2671015,0.21170183
2016,410,8454,1,0.7300107,0.5480146,-0.8020249
2016,410,8455,0,0.16688228,0.24335767,0.47352797
2016,410,8456,1,0.19816041,0.19167706,-0.041317973
2016,410,8457,0,0.18050916,0.23118404,0.3112642
2016,410,8458,0,0.08460676,0.107917584,0.2691487
2016,410,8459,0,0.108107075,0.15268786,0.3965505
2016,410,8460,0,0.18293859,0.2779265,0.54179347
2016,410,8461,1,0.21660058,0.28661224,0.37369278
2016,410,8462,0,0.13516718,0.15214138,0.13812009
2016,410,8463,0,0.114345536,0.15167995,0.32561672
2016,410,8464,0,0.3463962,0.32040483,-0.116993785
2016,410,8465,0,0.17957562,0.20909071,0.18881027
2016,410,8466,0,0.083432876,0.06188847,-0.3219422
2016,410,8467,0,0.059192155,0.047933254,-0.22287568
2016,410,8468,0,0.28285298,0.4250047,0.6280918
2016,410,8470,1,0.20589279,0.2916332,0.46239772
2016,410,8471,1,0.050446197,0.066441305,0.29239994
2016,410,8472,1,0.11502846,0.11889612,0.037450574
2016,410,8473,0,0.122563615,0.16142014,0.32067484
2016,410,8474,1,0.23650284,0.300376,0.32644114
2016,410,8475,0,0.6260731,0.6320042,0.025417734
2016,410,8476,1,0.18610232,0.29655057,0.61175984
2016,410,8477,0,0.05033283,0.053236444,0.05914791
2016,410,8478,0,0.76447004,0.62844783,-0.651781
2016,410,8479,0,0.09811606,0.059170157,-0.5480103
2016,410,8480,0,0.057711706,0.05519736,-0.047209766
2016,410,8481,0,0.028926687,0.030067036,0.03983967
2016,410,8482,0,0.042767063,0.030281348,-0.35819563
2016,410,8483,0,0.06262211,0.048774805,-0.26456887
2016,410,8484,0,0.07075916,0.069848396,-0.01393459
2016,458,8404,0,0.3720799,0.535876,0.66705525
2016,458,8405,0,0.6892794,0.7034382,0.06697216
2016,458,8407,0,0.35446268,0.35368,-0.003422143
2016,458,8408,0,0.12209631,0.1902602,0.5244064
2016,458,8409,0,0.1106488,0.139805,0.26722047
2016,458,8410,1,0.5611722,0.6378863,0.32028097
2016,458,8411,0,0.09966845,0.0786297,-0.26019862
2016,458,8412,0,0.15864487,0.15018836,-0.06477881
2016,458,8413,0,0.11132045,0.15220374,0.35990328
2016,458,8414,0,0.03767741,0.042188205,0.1177784
2016,458,8415,0,0.036479224,0.034938704,-0.044745144
2016,458,8416,0,0.23192422,0.44801885,0.988799
2016,458,8417,1,0.35367072,0.3991059,0.1937508
2016,458,8418,0,0.051567234,0.04469337,-0.15028277
2016,458,8419,0,0.11730896,0.16778108,0.41672868
2016,458,8420,1,0.41607475,0.37312573,-0.17992257
2016,458,8421,0,0.078609854,0.07927384,0.009131821
2016,458,8422,1,0.15902229,0.18653658,0.1928471
2016,458,8423,0,0.13235559,0.1270888,-0.046658017
2016,458,8424,0,0.07532185,0.06649406,-0.13415936
2016,458,8425,0,0.16489927,0.25652313,0.55809873
2016,458,8426,0,0.17337164,0.24798445,0.45252672
2016,458,8427,0,0.2567793,0.29010215,0.1678882
2016,458,8428,0,0.089469716,0.079678625,-0.12659466
2016,458,8430,1,0.46550074,0.5117596,0.18526368
2016,458,8431,1,0.13116106,0.23361723,0.7027338
2016,458,8432,0,0.5937609,0.6838461,0.391969
2016,458,8433,1,0.29277873,0.33231065,0.18417372
2016,458,8435,0,0.32285023,0.3783829,0.24428628
2016,458,8436,0,0.094574384,0.121243656,0.27831304
2016,458,8437,0,0.31272504,0.3802168,0.29878208
2016,458,8439,1,0.47913164,0.49599615,0.067506015
2016,458,8441,0,0.09470364,0.119145855,0.25696632
2016,458,8442,0,0.46701494,0.50704956,0.16033229
2016,458,8443,0,0.10394381,0.060055006,-0.59640783
2016,458,8444,1,0.64712214,0.64169145,-0.023700122
2016,458,8445,1,0.76285106,0.7823005,0.11074883
2016,458,8446,1,0.3618462,0.6196556,1.0554467
2016,458,8447,0,0.4606637,0.47222123,0.046441574
2016,458,8448,0,0.12957495,0.12097719,-0.07848658
2016,458,8451,0,0.17257597,0.13540131,-0.2865428
2016,458,8452,0,0.40477538,0.24480581,-0.740903
2016,458,8453,0,0.25338495,0.6514739,1.7061641
2016,458,8454,0,0.20549105,0.19982776,-0.035049383
2016,458,8455,0,0.27473953,0.35169667,0.3591178
2016,458,8456,0,0.22469732,0.15989055,-0.42054346
2016,458,8457,0,0.23845136,0.34676352,0.5278927
2016,458,8458,0,0.218842,0.23760445,0.10656913
2016,458,8459,0,0.1613607,0.21584216,0.35807568
2016,458,8460,1,0.5211149,0.64780116,0.524878
2016,458,8462,0,0.22899318,0.24768923,0.10303043
2016,458,8463,0,0.18673219,0.31695008,0.7035613
2016,458,8464,0,0.17524174,0.23458184,0.36630616
2016,458,8465,0,0.28948754,0.33083087,0.19344465
2016,458,8466,0,0.2073763,0.25394624,0.26313838
2016,458,8467,0,0.08579109,0.07919739,-0.087158404
2016,458,8468,0,0.1728459,0.3080127,0.756164
2016,458,8469,1,0.28905556,0.5054104,0.9216176
2016,458,8470,0,0.16044524,0.17534167,0.106686294
2016,458,8471,1,0.024274103,0.034129683,0.35090944
2016,458,8472,1,0.22615914,0.21510142,-0.06431744
2016,458,8473,0,0.11392556,0.2292018,0.83843195
2016,458,8474,0,0.10590506,0.15464598,0.4346518
2016,458,8475,0,0.3159638,0.4316123,0.4971072
2016,458,8476,0,0.31225035,0.5281994,0.90253705
2016,458,8477,1,0.096205406,0.15041715,0.5087835
2016,458,8479,0,0.119505346,0.17569152,0.45130762
2016,458,8480,0,0.079562195,0.07568337,-0.054185867
2016,458,8481,0,0.04639566,0.044123102,-0.05260283
2016,458,8482,0,0.07491358,0.053652387,-0.35653213
2016,458,8484,0,0.099069595,0.08138872,-0.21602103
2016,458,8485,0,0.14763376,0.17049208,0.17113787
2016,124,8401,0,0.6580882,0.7417862,0.4004871
2016,124,8402,0,0.3311074,0.37143156,0.17710046
2016,124,8403,0,0.18272305,0.18464297,0.012804339
2016,124,8404,0,0.2862152,0.4422942,0.6819813
2016,124,8405,0,0.49677628,0.68486744,0.7891271
2016,124,8406,0,0.29307267,0.1888581,-0.5769397
2016,124,8407,0,0.13322738,0.1437994,0.08863403
2016,124,8408,0,0.18627511,0.2404487,0.3241766
2016,124,8409,0,0.054242842,0.11373093,0.80532956
2016,124,8410,1,0.24291728,0.32002482,0.3830937
2016,124,8411,0,0.086198054,0.06520924,-0.30175534
2016,124,8412,0,0.09575042,0.09455212,-0.013918161
2016,124,8413,0,0.048830517,0.03460444,-0.35921913
2016,124,8414,0,0.051512435,0.051410697,-0.0020842992
2016,124,8415,0,0.10095574,0.088299304,-0.14792944
2016,124,8416,0,0.20655979,0.23241284,0.15105157
2016,124,8417,0,0.15671194,0.20764913,0.3437447
2016,124,8418,0,0.07355785,0.028107999,-1.009911
2016,124,8419,0,0.16296129,0.16778843,0.03497486
2016,124,8420,0,0.2380753,0.2478589,0.05319644
2016,124,8421,0,0.114860654,0.087035105,-0.30836058
2016,124,8422,0,0.09076984,0.073072426,-0.23615304
2016,124,8423,0,0.16301061,0.12586825,-0.30199927
2016,124,8424,0,0.06662684,0.051423557,-0.27516845
2016,124,8425,0,0.08381513,0.087730415,0.049937613
2016,124,8426,0,0.23992881,0.1891351,-0.30257004
2016,124,8427,0,0.23161167,0.23931368,0.04278719
2016,124,8428,0,0.06589613,0.02735221,-0.9197168
2016,124,8429,0,0.19343771,0.31102997,0.632517
2016,124,8430,0,0.19586898,0.21649976,0.12613422
2016,124,8431,0,0.094049804,0.08169547,-0.15437089
2016,124,8432,0,0.15025467,0.1531349,0.022382759
2016,124,8433,0,0.10365671,0.0829807,-0.24528149
2016,124,8434,0,0.24999774,0.26932442,0.10057144
2016,124,8435,1,0.28378782,0.22112769,-0.33335727
2016,124,8436,0,0.10810297,0.10438113,-0.039199546
2016,124,8437,0,0.5158369,0.4945396,-0.08521125
2016,124,8438,0,0.09654918,0.08841215,-0.09700943
2016,124,8439,0,0.24777713,0.259536,0.0621214
2016,124,8440,0,0.2978522,0.2953177,-0.012148878
2016,124,8441,0,0.21019202,0.13266957,-0.55379003
2016,124,8442,0,0.22260834,0.17671736,-0.2882176
2016,124,8443,0,0.10861046,0.07130716,-0.46176735
2016,124,8445,0,0.3341715,0.41724578,0.35528764
2016,124,8448,0,0.18883795,0.13985047,-0.35895386
2016,124,8449,1,0.80691373,0.7514238,-0.32385918
2016,124,8451,0,0.12014205,0.109107696,-0.10880252
2016,124,8452,0,0.17406431,0.15290636,-0.15489358
2016,124,8453,0,0.3860934,0.5446823,0.64297086
2016,124,8454,0,0.20720477,0.35653013,0.75140095
2016,124,8455,0,0.28389025,0.4692054,0.80191106
2016,124,8456,1,0.3628189,0.33376804,-0.1280416
2016,124,8457,0,0.25382254,0.3177019,0.313975
2016,124,8458,0,0.3953293,0.41455135,0.07978329
2016,124,8459,0,0.25035807,0.37227064,0.5742156
2016,124,8460,0,0.19842821,0.35417715,0.79541904
2016,124,8461,0,0.27208188,0.27165046,-0.0021793076
2016,124,8462,0,0.20067656,0.16741545,-0.221985
2016,124,8463,0,0.22439167,0.33907515,0.5728363
2016,124,8464,0,0.22150993,0.2236052,0.012109673
2016,124,8465,0,0.1119999,0.1131565,0.011577044
2016,124,8466,0,0.09602944,0.05783903,-0.5483703
2016,124,8467,0,0.08301656,0.06244896,-0.30687243
2016,124,8468,0,0.20082815,0.34244442,0.7287064
2016,124,8470,0,0.21788,0.20772655,-0.060620263
2016,124,8471,0,0.037076134,0.037182115,0.0029645178
2016,124,8472,0,0.13609017,0.11259451,-0.21635845
2016,124,8473,0,0.105240464,0.111439414,0.06418526
2016,124,8474,0,0.15650627,0.17765553,0.15214351
2016,124,8475,0,0.2878618,0.34052446,0.24483356
2016,124,8476,0,0.22560373,0.22917327,0.020318368
2016,124,8477,0,0.06979883,0.05983945,-0.16460177
2016,124,8478,0,0.43528903,0.3973926,-0.1560375
2016,124,8479,0,0.10618176,0.09258035,-0.15217803
2016,124,8480,0,0.15278362,0.14151286,-0.08984764
2016,124,8481,0,0.043547433,0.033956267,-0.25875515
2016,124,8482,0,0.07794939,0.075160146,-0.039459273
2016,124,8483,0,0.07247294,0.0461373,-0.47958925
2016,124,8484,0,0.118186146,0.10089451,-0.17760466
2016,124,8485,0,0.13463491,0.12174005,-0.11546983
2016,484,8402,1,0.5060397,0.5339986,0.11204473
2016,484,8403,0,0.25046945,0.3522283,0.48685133
2016,484,8404,0,0.4265005,0.44607309,0.07959352
2016,484,8405,1,0.31675857,0.40732807,0.39368632
2016,484,8406,1,0.27628767,0.44849485,0.75619745
2016,484,8407,1,0.24021168,0.22305572,-0.09642781
2016,484,8408,0,0.15800779,0.4354966,1.4136671
2016,484,8409,0,0.08509509,0.09482733,0.11898271
2016,484,8410,0,0.5551942,0.5931573,0.15535286
2016,484,8411,0,0.11801125,0.09730662,-0.21611658
2016,484,8412,0,0.26077983,0.24668667,-0.074442886
2016,484,8413,0,0.064829074,0.037584644,-0.5738754
2016,484,8414,0,0.05948239,0.03258592,-0.62999624
2016,484,8415,0,0.12896559,0.09046056,-0.39788845
2016,484,8416,0,0.28386337,0.28793383,0.0199378
2016,484,8417,1,0.26390958,0.29749668,0.16649942
2016,484,8418,0,0.06537792,0.049060244,-0.30444402
2016,484,8419,0,0.1494646,0.15151598,0.016046297
2016,484,8420,0,0.63387656,0.63233703,-0.006627918
2016,484,8421,0,0.1426408,0.12781118,-0.12692447
2016,484,8423,0,0.14003566,0.112836935,-0.24709123
2016,484,8424,0,0.08763129,0.06963988,-0.24932835
2016,484,8425,0,0.11121239,0.110551275,-0.0067057717
2016,484,8426,0,0.25281325,0.21756023,-0.19627717
2016,484,8427,0,0.6870618,0.6873992,0.0015696093
2016,484,8428,0,0.14869224,0.117925145,-0.26733166
2016,484,8429,0,0.36832818,0.43455234,0.27609432
2016,484,8430,0,0.2633874,0.30287823,0.19480686
2016,484,8431,0,0.15152158,0.09550069,-0.52553165
2016,484,8432,0,0.18434364,0.10740814,-0.63030183
2016,484,8433,0,0.17244607,0.14361547,-0.21719041
2016,484,8434,0,0.24209285,0.25251293,0.05598497
2016,484,8436,0,0.16978383,0.1280783,-0.3308978
2016,484,8438,0,0.14009477,0.10748697,-0.30216855
2016,484,8439,1,0.6363362,0.605287,-0.13195337
2016,484,8441,0,0.3069049,0.15174387,-0.90635926
2016,484,8442,0,0.20549797,0.1387101,-0.47376567
2016,484,8443,0,0.098286755,0.06100189,-0.5175015
2016,484,8448,1,0.19846603,0.15082482,-0.33223706
2016,484,8450,0,0.541482,0.40417877,-0.5543937
2016,484,8451,0,0.25612098,0.095352225,-1.1837397
2016,484,8453,1,0.5019228,0.564743,0.25274277
2016,484,8454,1,0.31251162,0.27847454,-0.16363776
2016,484,8455,0,0.26276362,0.51364076,1.0862303
2016,484,8456,1,0.24622488,0.2266998,-0.10819182
2016,484,8457,0,0.2999345,0.32466817,0.11520928
2016,484,8458,1,0.323909,0.3248104,0.004113011
2016,484,8459,0,0.24825312,0.33429092,0.41910964
2016,484,8460,0,0.22662501,0.23233867,0.03231482
2016,484,8461,0,0.41942263,0.34840682,-0.3009056
2016,484,8462,0,0.23982807,0.20268558,-0.2159709
2016,484,8464,1,0.5993597,0.5248342,-0.30337933
2016,484,8465,0,0.20276971,0.2168912,0.0851968
2016,484,8466,0,0.15704837,0.10671613,-0.44437632
2016,484,8467,0,0.13134705,0.09095988,-0.4128701
2016,484,8468,0,0.17961681,0.3280217,0.80179954
2016,484,8470,0,0.17490712,0.1656036,-0.06587072
2016,484,8471,0,0.06711321,0.05991596,-0.12112361
2016,484,8472,0,0.1735101,0.15948421,-0.101118915
2016,484,8473,0,0.11553169,0.1342256,0.17133951
2016,484,8474,0,0.21806103,0.24152398,0.1326593
2016,484,8476,0,0.21100543,0.19879535,-0.07496499
2016,484,8477,0,0.14209652,0.07131414,-0.7686908
2016,484,8479,0,0.23593295,0.15841284,-0.49497706
2016,484,8480,1,0.28353262,0.23766255,-0.23853198
2016,484,8481,0,0.073025234,0.03459476,-0.7877245
2016,484,8482,0,0.1041611,0.099262096,-0.053628568
2016,484,8483,0,0.08376988,0.06979855,-0.19759388
2016,484,8484,0,0.17324734,0.09828585,-0.65363234
2016,484,8485,0,0.4964497,0.40353405,-0.37655985
2016,757,8403,0,0.23686624,0.29358482,0.29190117
2016,757,8404,0,0.39629743,0.50640196,0.44652593
2016,757,8405,0,0.239904,0.35075414,0.5374799
2016,757,8406,1,0.2730714,0.36040765,0.40549967
2016,757,8407,0,0.22153226,0.23644657,0.08449849
2016,757,8408,0,0.24306458,0.44024363,0.8957773
2016,757,8409,0,0.06575427,0.1117554,0.5808802
2016,757,8411,0,0.13818456,0.08518576,-0.54343575
2016,757,8412,0,0.116216406,0.12604499,0.09236826
2016,757,8413,0,0.043643054,0.033862643,-0.2639064
2016,757,8414,0,0.029554596,0.031760726,0.07426726
2016,757,8415,0,0.11256961,0.097719245,-0.158069
2016,757,8416,0,0.24288335,0.23116444,-0.064811885
2016,757,8417,0,0.1807735,0.22942747,0.29956886
2016,757,8418,0,0.08345682,0.05394642,-0.4680281
2016,757,8419,0,0.15418142,0.16992581,0.116021745
2016,757,8420,0,0.22764139,0.14050364,-0.5894357
2016,757,8421,0,0.07731804,0.07160418,-0.08294753
2016,757,8422,0,0.06581901,0.05331409,-0.22400525
2016,757,8423,0,0.08154806,0.06284358,-0.28070417
2016,757,8424,0,0.062676,0.043764867,-0.37912205
2016,757,8425,0,0.106264405,0.10709237,0.00868823
2016,757,8426,1,0.44046447,0.46447912,0.09695396
2016,757,8427,0,0.17026636,0.20818251,0.2478249
2016,757,8428,0,0.10209951,0.08172517,-0.24502315
2016,757,8429,0,0.24934115,0.40312278,0.709659
2016,757,8430,0,0.20232269,0.23296067,0.18017171
2016,757,8431,0,0.047344867,0.05369632,0.13257544
2016,757,8432,0,0.10989088,0.07845441,-0.37167844
2016,757,8433,0,0.20188364,0.17990047,-0.14245903
2016,757,8434,0,0.23568985,0.17072177,-0.40406367
2016,757,8435,0,0.23651746,0.26603827,0.15705147
2016,757,8436,0,0.17660682,0.21151665,0.22370027
2016,757,8437,1,0.32017618,0.27383134,-0.22230776
2016,757,8438,0,0.03657995,0.031403188,-0.15794988
2016,757,8439,0,0.19774587,0.30634773,0.5831927
2016,757,8440,0,0.17031716,0.22302707,0.33526874
2016,757,8441,0,0.087388046,0.04318488,-0.7521675
2016,757,8442,0,0.13482112,0.1359039,0.009251418
2016,757,8443,0,0.06332738,0.040664848,-0.46686044
2016,757,8444,1,0.5080706,0.46212608,-0.18407162
2016,757,8445,0,0.1949677,0.31112468,0.6231818
2016,757,8446,0,0.113211304,0.15725556,0.3795593
2016,757,8447,0,0.26774877,0.3391765,0.33910832
2016,757,8448,0,0.050508056,0.035361752,-0.37232798
2016,757,8449,0,0.31970814,0.3211145,0.0064587877
2016,757,8450,0,0.14549905,0.098173596,-0.4473368
2016,757,8451,1,0.050101582,0.027970005,-0.6059516
2016,757,8452,0,0.11613634,0.06901636,-0.5723604
2016,757,8453,1,0.14942425,0.119917564,-0.2540871
2016,757,8454,0,0.18508431,0.20202103,0.10856272
2016,757,8455,1,0.20594007,0.30917737,0.5456058
2016,757,8456,0,0.10245971,0.11019552,0.08144277
2016,757,8457,0,0.25601056,0.31630063,0.29598284
2016,757,8458,0,0.15223157,0.16087046,0.06543903
2016,757,8459,0,0.17453536,0.21436298,0.25499496
2016,757,8460,0,0.13119498,0.16573574,0.27427852
2016,757,8461,0,0.18417762,0.22827715,0.27023098
2016,757,8462,0,0.1290393,0.11672168,-0.114368305
2016,757,8463,0,0.1255617,0.16026141,0.2845
2016,757,8464,0,0.1723477,0.12147806,-0.40942806
2016,757,8465,0,0.10891811,0.12153713,0.12388605
2016,757,8466,0,0.07508429,0.041069765,-0.6394547
2016,757,8467,0,0.08201272,0.049480274,-0.54012567
2016,757,8468,0,0.13173735,0.19099891,0.44215152
2016,757,8470,1,0.18974619,0.16288957,-0.18522337
2016,757,8471,1,0.03933915,0.03860534,-0.01959325
2016,757,8472,1,0.15519391,0.16482244,0.0716562
2016,757,8473,0,0.11027418,0.12370943,0.1301814
2016,757,8474,0,0.1310581,0.109397076,-0.20527893
2016,757,8475,0,0.1712163,0.25066963,0.48198733
2016,757,8476,0,0.16359457,0.16315474,-0.003217971
2016,757,8477,0,0.06644713,0.05138984,-0.2729664
2016,757,8479,0,0.06284936,0.06507185,0.037125807
2016,757,8480,0,0.12963027,0.09122697,-0.39451298
2016,757,8481,0,0.046665367,0.03154748,-0.40724197
2016,757,8482,0,0.058257867,0.049557447,-0.17094271
2016,757,8483,0,0.101678,0.061429184,-0.5477557
2016,757,8484,0,0.05917325,0.048231978,-0.21600956
2016,757,8485,0,0.07758607,0.092331424,0.19011146
2016,764,8402,0,0.5787019,0.6750881,0.41384214
2016,764,8403,0,0.2319393,0.25099668,0.104089364
2016,764,8404,0,0.17727141,0.2876371,0.62805665
2016,764,8405,0,0.4815654,0.5397993,0.23330651
2016,764,8406,0,0.2921243,0.4054055,0.50209713
2016,764,8407,0,0.09326555,0.081579186,-0.14668281
2016,764,8408,0,0.33997124,0.39835033,0.25107887
2016,764,8409,0,0.03740946,0.05211808,0.34698644
2016,764,8411,0,0.099005304,0.084572755,-0.17345296
2016,764,8412,0,0.23292772,0.18436638,-0.29518747
2016,764,8413,0,0.03776781,0.033437975,-0.12625445
2016,764,8414,0,0.029606583,0.034722142,0.16466638
2016,764,8415,0,0.0232456,0.024507567,0.05415897
2016,764,8416,1,0.6107516,0.38651103,-0.9124745
2016,764,8417,1,0.35394642,0.38805765,0.14625262
2016,764,8418,0,0.13297887,0.10442663,-0.2741062
2016,764,8419,1,0.19900799,0.22913429,0.1792999
2016,764,8420,1,0.43344542,0.27941972,-0.67953426
2016,764,8421,0,0.05584698,0.066629864,0.18802378
2016,764,8422,0,0.1101212,0.086908996,-0.2624703
2016,764,8424,0,0.054945536,0.042617403,-0.26704025
2016,764,8425,0,0.14593552,0.20011675,0.38127694
2016,764,8426,1,0.45809993,0.4934931,0.1419652
2016,764,8428,0,0.12305178,0.13216342,0.08187852
2016,764,8434,1,0.23394403,0.38960394,0.73719597
2016,764,8437,0,0.14166087,0.19896093,0.40876204
2016,764,8438,0,0.15226449,0.17798412,0.18688414
2016,764,8439,1,0.5626425,0.63947487,0.32119223
2016,764,8441,0,0.10245598,0.07583856,-0.33005095
2016,764,8442,0,0.502335,0.5126314,0.0411963
2016,764,8443,0,0.07768128,0.037964173,-0.7581323
2016,764,8445,1,0.5609723,0.58633655,0.10373228
2016,764,8447,0,0.48069146,0.4478936,-0.13191253
2016,764,8448,0,0.14942592,0.08552628,-0.6304141
2016,764,8450,0,0.063764766,0.057652097,-0.107281975
2016,764,8451,0,0.08823758,0.086926915,-0.016401757
2016,764,8452,0,0.0765841,0.07612371,-0.0065281694
2016,764,8453,0,0.19626822,0.21692187,0.126088
2016,764,8454,0,0.27032718,0.2930299,0.11224947
2016,764,8455,0,0.20328604,0.279205,0.41747323
2016,764,8456,0,0.1386111,0.13381736,-0.040745985
2016,764,8457,0,0.31669343,0.35005006,0.15019022
2016,764,8458,0,0.4162794,0.38900658,-0.11342412
2016,764,8459,0,0.12968901,0.17623746,0.36166123
2016,764,8460,0,0.18571608,0.22073439,0.21669818
2016,764,8461,0,0.17335352,0.26927507,0.56374043
2016,764,8462,0,0.14524658,0.1997429,0.38447818
2016,764,8463,0,0.2214931,0.2923851,0.37315816
2016,764,8466,0,0.15261765,0.0746247,-0.80351174
2016,764,8467,0,0.18037836,0.12148197,-0.4646844
2016,764,8468,0,0.70046735,0.7114916,0.053114776
2016,764,8470,0,0.23502694,0.2620517,0.14480859
2016,764,8471,1,0.03127822,0.04229144,0.3130964
2016,764,8472,1,0.34217614,0.39043757,0.20813824
2016,764,8473,0,0.10245806,0.14551802,0.40001088
2016,764,8475,0,0.45346245,0.48383236,0.12199738
2016,764,8476,0,0.23274334,0.37583733,0.6856304
2016,764,8477,0,0.08564701,0.068637334,-0.23982975
2016,764,8479,0,0.15996791,0.07759902,-0.81695837
2016,764,8480,0,0.08138011,0.061227806,-0.30622974
2016,764,8481,0,0.031215921,0.028693207,-0.0868685
2016,764,8482,0,0.052622292,0.035886716,-0.40028366
2016,764,8483,0,0.05484503,0.05023522,-0.09266069
2016,764,8484,0,0.05818876,0.06192801,0.06625856
2016,764,8485,0,0.12992957,0.12902811,-0.007997777
2016,752,8401,0,0.42286208,0.5424939,0.48142174
2016,752,8402,0,0.2716906,0.2526618,-0.09840395
2016,752,8403,0,0.2612086,0.23236482,-0.15530959
2016,752,8404,0,0.19388857,0.28919038,0.525619
2016,752,8405,1,0.6760948,0.73568755,0.28779107
2016,752,8406,0,0.4394872,0.38954672,-0.20597447
2016,752,8407,0,0.26330417,0.26901385,0.029233648
2016,752,8408,0,0.1378384,0.16205822,0.19036786
2016,752,8409,0,0.054383576,0.06691925,0.22077
2016,752,8410,1,0.31376722,0.36352277,0.2224589
2016,752,8411,0,0.119594954,0.14042488,0.18450585
2016,752,8412,0,0.04099942,0.048340198,0.17238946
2016,752,8413,0,0.02979732,0.02384895,-0.2287906
2016,752,8414,0,0.03180789,0.02807959,-0.12851487
2016,752,8415,0,0.058807615,0.073786765,0.24295118
2016,752,8416,0,0.18699706,0.19625172,0.059753723
2016,752,8417,0,0.19273137,0.2740264,0.45806986
2016,752,8418,0,0.04592967,0.031324584,-0.39790037
2016,752,8419,0,0.1446531,0.15877858,0.10982444
2016,752,8420,0,0.24513437,0.16963732,-0.4634667
2016,752,8421,0,0.07935164,0.061953932,-0.26621896
2016,752,8422,0,0.04496415,0.038750865,-0.1551971
2016,752,8423,0,0.13854142,0.10797394,-0.28414777
2016,752,8424,0,0.03970142,0.029394072,-0.3112703
2016,752,8425,0,0.15577771,0.17171031,0.11643154
2016,752,8426,0,0.12412682,0.15617482,0.26694825
2016,752,8427,0,0.09193672,0.11009636,0.20045646
2016,752,8428,0,0.07580982,0.050419956,-0.4349427
2016,752,8429,0,0.079375766,0.107863195,0.33810303
2016,752,8430,0,0.07252177,0.099595845,0.34685928
2016,752,8431,0,0.029982409,0.040005386,0.29878962
2016,752,8432,0,0.08476675,0.04980407,-0.56929594
2016,752,8433,0,0.112679765,0.121955164,0.089611866
2016,752,8434,0,0.12923855,0.13597348,0.058564533
2016,752,8436,0,0.14693534,0.14102714,-0.047942307
2016,752,8437,0,0.15341108,0.1966716,0.3008659
2016,752,8438,0,0.063748494,0.057775494,-0.1047405
2016,752,8439,0,0.18787934,0.20189236,0.08934023
2016,752,8440,0,0.23799716,0.39825124,0.75093454
2016,752,8441,0,0.14047858,0.100492306,-0.38044578
2016,752,8442,0,0.23236616,0.29471618,0.32241094
2016,752,8443,0,0.07934012,0.057944216,-0.3372372
2016,752,8446,1,0.70715356,0.7201036,0.063376024
2016,752,8447,0,0.62370133,0.40171131,-0.90362823
2016,752,8448,0,0.15505064,0.117377006,-0.32198215
2016,752,8450,0,0.15190926,0.11681757,-0.3032139
2016,752,8451,0,0.15788795,0.15515849,-0.020674508
2016,752,8452,0,0.24687326,0.25469577,0.041635714
2016,752,8453,0,0.5509388,0.4504777,-0.4032053
2016,752,8454,1,0.435994,0.6004916,0.6649502
2016,752,8455,0,0.1566568,0.2155182,0.39133862
2016,752,8456,1,0.3232091,0.30685613,-0.07579577
2016,752,8457,1,0.4905612,0.5369942,0.18600757
2016,752,8458,0,0.14774859,0.16027203,0.096164
2016,752,8459,0,0.21628162,0.28545094,0.36988693
2016,752,8460,0,0.19693181,0.2598718,0.35894722
2016,752,8461,0,0.29654667,0.3678952,0.3225399
2016,752,8462,0,0.16584483,0.15494399,-0.08097248
2016,752,8463,0,0.19967213,0.24558017,0.26601925
2016,752,8464,0,0.22756672,0.17827483,-0.30597743
2016,752,8465,0,0.14569415,0.15573008,0.078431755
2016,752,8466,0,0.04927626,0.034653135,-0.36731818
2016,752,8467,0,0.056979693,0.0445926,-0.25817698
2016,752,8468,0,0.12155963,0.15499373,0.28178385
2016,752,8470,0,0.34917852,0.29648936,-0.24141972
2016,752,8471,0,0.06433347,0.059598785,-0.08149243
2016,752,8472,1,0.12171763,0.13671559,0.13342272
2016,752,8473,0,0.073825166,0.09629166,0.29023832
2016,752,8474,0,0.072740875,0.08490988,0.16789745
2016,752,8475,0,0.20513283,0.36956185,0.8204204
2016,752,8476,0,0.15390147,0.15688004,0.022695385
2016,752,8477,0,0.12585083,0.09364074,-0.33181646
2016,752,8479,0,0.0685511,0.05524796,-0.2299291
2016,752,8480,0,0.20572257,0.17629564,-0.190745
2016,752,8481,0,0.032999717,0.024040386,-0.3259862
2016,752,8482,0,0.0360413,0.0295893,-0.20392378
2016,752,8483,0,0.07434957,0.058428288,-0.25803173
2016,752,8484,0,0.052112497,0.039422844,-0.29235798
2016,752,8485,0,0.07214838,0.0897122,0.23699316
2016,372,8402,1,0.31582627,0.4010195,0.37180066
2016,372,8403,0,0.29308182,0.1965851,-0.5273127
2016,372,8405,1,0.70591533,0.83291435,0.7307971
2016,372,8406,1,0.781986,0.8575283,0.5176333
2016,372,8407,0,0.49552074,0.49138597,-0.016541991
2016,372,8409,0,0.16668503,0.21742289,0.32855746
2016,372,8411,0,0.17653462,0.08866318,-0.79006344
2016,372,8412,0,0.2338664,0.24516693,0.062049273
2016,372,8413,0,0.0678031,0.052585874,-0.27035272
2016,372,8414,0,0.09457526,0.09842806,0.04419427
2016,372,8415,0,0.14135021,0.15830287,0.13321044
2016,372,8418,0,0.1276149,0.08693799,-0.4293949
2016,372,8419,0,0.3385954,0.30999428,-0.13058615
2016,372,8421,0,0.13221689,0.11213838,-0.18758407
2016,372,8422,0,0.14546545,0.10952741,-0.32495913
2016,372,8423,0,0.42868644,0.33610225,-0.39350018
2016,372,8424,1,0.14694525,0.12953022,-0.14635514
2016,372,8425,1,0.2481486,0.35425,0.50810146
2016,372,8426,0,0.21083274,0.2434553,0.18608485
2016,372,8427,0,0.25182423,0.2680445,0.084339924
2016,372,8428,0,0.16326113,0.10593049,-0.4988392
2016,372,8429,0,0.2915171,0.37562615,0.37987223
2016,372,8430,0,0.22236387,0.25454703,0.17743716
2016,372,8431,0,0.106192894,0.08361515,-0.26397887
2016,372,8432,0,0.277085,0.2621723,-0.075741015
2016,372,8433,0,0.14282596,0.11445209,-0.25403613
2016,372,8434,0,0.31639105,0.3518973,0.15969719
2016,372,8436,0,0.22801214,0.2044218,-0.13931373
2016,372,8437,0,0.5425508,0.57548183,0.13363688
2016,372,8438,0,0.35353643,0.26473087,-0.41799256
2016,372,8441,1,0.3671392,0.23105283,-0.65786654
2016,372,8443,0,0.11268865,0.05959358,-0.6951971
2016,372,8448,0,0.26270562,0.19828138,-0.36511746
2016,372,8450,1,0.38370368,0.39039478,0.028204178
2016,372,8451,1,0.38698652,0.33501536,-0.22559047
2016,372,8456,0,0.3195737,0.24035087,-0.3950253
2016,372,8458,1,0.45895627,0.47186837,0.05189979
2016,372,8459,0,0.30860212,0.3406403,0.1462206
2016,372,8462,1,0.31938416,0.25317293,-0.3251573
2016,372,8463,0,0.25298485,0.326307,0.35781989
2016,372,8464,1,0.75376236,0.41741696,-1.4521662
2016,372,8465,1,0.40269828,0.42080662,0.0747717
2016,372,8466,0,0.21832886,0.12453435,-0.6747427
2016,372,8467,0,0.20919827,0.18300839,-0.16633204
2016,372,8468,0,0.27694243,0.3926707,0.5235793
2016,372,8470,0,0.22363774,0.16215819,-0.39766523
2016,372,8471,1,0.033810515,0.03635886,0.075307176
2016,372,8472,0,0.68367714,0.68212074,-0.0071874224
2016,372,8473,0,0.064332955,0.07705881,0.19419096
2016,372,8474,0,0.26255384,0.24220026,-0.10791729
2016,372,8475,0,0.33527023,0.6965379,1.5153091
2016,372,8476,1,0.30228585,0.2645597,-0.18596612
2016,372,8477,1,0.15919803,0.11795751,-0.3477085
2016,372,8479,0,0.16246046,0.14172803,-0.16097727
2016,372,8480,0,0.15047617,0.1079264,-0.38122797
2016,372,8481,1,0.0903528,0.07148995,-0.25468937
2016,372,8484,0,0.101451226,0.078329355,-0.28406262
2016,372,8485,0,0.12734324,0.14885804,0.18107031
2016,40,8401,1,0.54693806,0.6409247,0.39107314
2016,40,8402,1,0.24138168,0.24804975,0.036078412
2016,40,8403,0,0.16977939,0.22168748,0.33133203
2016,40,8404,0,0.28144348,0.3746107,0.42482576
2016,40,8405,1,0.30751774,0.37567347,0.30379665
2016,40,8406,1,0.34400678,0.39151597,0.20454475
2016,40,8407,0,0.16784073,0.14735608,-0.15448165
2016,40,8408,0,0.2363246,0.28540203,0.2551153
2016,40,8409,0,0.0938905,0.16667098,0.65762395
2016,40,8410,0,0.33440688,0.36588132,0.13839291
2016,40,8411,0,0.19304855,0.12540813,-0.5118621
2016,40,8412,0,0.13027167,0.13974944,0.08118635
2016,40,8413,0,0.033771873,0.027088374,-0.22741708
2016,40,8414,1,0.04182919,0.056729816,0.32037878
2016,40,8415,0,0.0810878,0.08483668,0.04928352
2016,40,8416,0,0.1388927,0.13709335,-0.015127013
2016,40,8417,1,0.30025432,0.31793734,0.08281981
2016,40,8418,0,0.057699848,0.039651066,-0.39410955
2016,40,8419,0,0.15437005,0.14339955,-0.086607456
2016,40,8420,0,0.25730336,0.25935334,0.010699494
2016,40,8421,0,0.1082016,0.09035143,-0.20010749
2016,40,8422,0,0.07550637,0.052029215,-0.397489
2016,40,8423,0,0.10679239,0.075408876,-0.3824942
2016,40,8424,0,0.05273604,0.037396487,-0.359786
2016,40,8425,0,0.10225523,0.09896986,-0.03630941
2016,40,8426,0,0.1330815,0.14577346,0.105840564
2016,40,8427,0,0.17005213,0.20763606,0.24602394
2016,40,8428,0,0.3801967,0.28043625,-0.45358524
2016,40,8429,0,0.14435609,0.17998232,0.2631039
2016,40,8430,0,0.16610917,0.21387714,0.31174594
2016,40,8431,0,0.04525642,0.047655433,0.054168053
2016,40,8432,0,0.07989232,0.08537531,0.072354145
2016,40,8433,0,0.091801435,0.086852804,-0.060847346
2016,40,8434,1,0.35473436,0.2493166,-0.50396764
2016,40,8435,0,0.17711718,0.2330109,0.34461495
2016,40,8436,0,0.099878885,0.109109275,0.09869909
2016,40,8437,0,0.14128737,0.15101883,0.078005925
2016,40,8438,0,0.04392113,0.050953,0.15589017
2016,40,8439,0,0.14036527,0.23666553,0.64121103
2016,40,8440,0,0.23606797,0.36541435,0.6224187
2016,40,8441,0,0.09610064,0.06393461,-0.44250244
2016,40,8442,0,0.14680552,0.1484477,0.013050564
2016,40,8443,0,0.07064565,0.046572316,-0.44224378
2016,40,8444,1,0.3075227,0.4183091,0.48200783
2016,40,8445,1,0.4659814,0.71505064,1.0563269
2016,40,8446,0,0.44836777,0.45539543,0.028373966
2016,40,8447,0,0.24607225,0.18097925,-0.39005572
2016,40,8448,0,0.1692011,0.124883644,-0.35567477
2016,40,8449,0,0.60369736,0.5247028,-0.32200313
2016,40,8450,0,0.33923587,0.28965247,-0.2303712
2016,40,8451,1,0.094308436,0.11551899,0.2265621
2016,40,8452,0,0.083465755,0.0738954,-0.13217348
2016,40,8453,0,0.2689387,0.24547026,-0.122905135
2016,40,8454,1,0.5849855,0.5287298,-0.22822778
2016,40,8455,0,0.16814503,0.25103098,0.5057098
2016,40,8456,0,0.2028444,0.21981695,0.10187728
2016,40,8457,0,0.24911575,0.28001845,0.15896374
2016,40,8458,0,0.17021939,0.16587684,-0.031062398
2016,40,8459,0,0.18491687,0.2336105,0.29534838
2016,40,8461,1,0.20109919,0.18828396,-0.08176073
2016,40,8462,0,0.12251169,0.10802727,-0.14219454
2016,40,8463,0,0.21792033,0.25688264,0.21559225
2016,40,8464,0,0.26996675,0.23287882,-0.19733532
2016,40,8465,0,0.097203486,0.099157505,0.022069778
2016,40,8466,0,0.100155845,0.047226008,-0.80893874
2016,40,8467,0,0.08061047,0.058679953,-0.3411039
2016,40,8468,0,0.13308842,0.20090993,0.4933063
2016,40,8470,0,0.49463394,0.45131373,-0.17389894
2016,40,8471,1,0.034200188,0.034900762,0.021003343
2016,40,8472,1,0.13818362,0.1437577,0.04603472
2016,40,8473,0,0.09834403,0.09960189,0.014105203
2016,40,8474,0,0.17136261,0.15503965,-0.11960795
2016,40,8475,0,0.3593796,0.44596013,0.36105087
2016,40,8476,0,0.34127688,0.34292558,0.0073253782
2016,40,8477,0,0.054328315,0.04370783,-0.2286863
2016,40,8478,0,0.23423226,0.26488703,0.16384502
2016,40,8479,0,0.048314087,0.04544031,-0.06433861
2016,40,8480,0,0.107781194,0.09124463,-0.18492354
2016,40,8481,0,0.031983864,0.021554714,-0.40535298
2016,40,8482,0,0.09197247,0.07599183,-0.20830964
2016,40,8483,0,0.08617787,0.060161434,-0.387454
2016,40,8484,0,0.0655003,0.05720081,-0.14432855
2016,40,8485,0,0.15051839,0.16344523,0.09772699
2016,724,8401,1,0.30195922,0.4332444,0.5693595
2016,724,8402,1,0.6135159,0.65501344,0.17903478
2016,724,8403,0,0.20034541,0.26011735,0.3387783
2016,724,8404,0,0.47614682,0.5687759,0.37234366
2016,724,8405,1,0.46563613,0.650133,0.7572966
2016,724,8406,0,0.17972787,0.25806662,0.46215057
2016,724,8407,0,0.111678734,0.12330412,0.11220072
2016,724,8408,0,0.16652973,0.19193773,0.1729561
2016,724,8409,0,0.042405892,0.06120811,0.38682264
2016,724,8410,1,0.1752096,0.255853,0.48151076
2016,724,8411,0,0.09234285,0.07343299,-0.24975458
2016,724,8412,0,0.13329738,0.16176161,0.22693451
2016,724,8413,0,0.029797014,0.022776615,-0.2758839
2016,724,8414,0,0.03451818,0.030230967,-0.13704997
2016,724,8415,0,0.06328573,0.040144015,-0.47959167
2016,724,8416,0,0.151859,0.21168955,0.40532312
2016,724,8417,0,0.18978834,0.21300973,0.14450815
2016,724,8418,0,0.03555949,0.024035145,-0.40356833
2016,724,8419,0,0.16538458,0.1523021,-0.09796076
2016,724,8420,0,0.16144426,0.11170612,-0.4259098
2016,724,8421,0,0.11991291,0.09317686,-0.28219292
2016,724,8422,0,0.04402177,0.038037587,-0.15234983
2016,724,8423,0,0.05672922,0.038187407,-0.41524985
2016,724,8424,0,0.04114325,0.026835788,-0.4421346
2016,724,8425,1,0.12861797,0.11914986,-0.08727149
2016,724,8426,0,0.086548306,0.09753586,0.13161896
2016,724,8427,0,0.124946676,0.13493669,0.08840068
2016,724,8428,0,0.13462338,0.10330674,-0.30032754
2016,724,8430,0,0.10688262,0.14991342,0.38770646
2016,724,8431,0,0.029854601,0.03202173,0.07231214
2016,724,8432,0,0.07397167,0.09643875,0.28978673
2016,724,8433,0,0.12580986,0.1124552,-0.12737802
2016,724,8434,1,0.27069896,0.26722702,-0.017658075
2016,724,8435,0,0.2803307,0.27925068,-0.005359679
2016,724,8436,0,0.0851162,0.09071606,0.06985675
2016,724,8437,0,0.43677092,0.37962416,-0.23686624
2016,724,8438,0,0.043423764,0.03430065,-0.24533457
2016,724,8439,0,0.25955358,0.30995864,0.24797735
2016,724,8440,0,0.18528023,0.20317657,0.11441712
2016,724,8441,0,0.08062774,0.056249328,-0.38621944
2016,724,8442,0,0.21991006,0.21988732,-0.00013265788
2016,724,8443,0,0.045310482,0.032502722,-0.34554088
2016,724,8444,1,0.38656282,0.49031475,0.4230377
2016,724,8445,1,0.132608,0.22519593,0.6424542
2016,724,8446,0,0.26449263,0.30762872,0.21151847
2016,724,8447,0,0.23880145,0.22609721,-0.07121933
2016,724,8448,0,0.09682709,0.06326564,-0.4620702
2016,724,8449,0,0.3320404,0.35934022,0.12074217
2016,724,8450,0,0.19074836,0.11566962,-0.5889377
2016,724,8451,1,0.13193089,0.111846365,-0.18802539
2016,724,8452,0,0.33393726,0.21433857,-0.60853827
2016,724,8453,0,0.19429557,0.21673292,0.1375286
2016,724,8454,0,0.14945127,0.13874052,-0.0868791
2016,724,8455,0,0.75821567,0.7596043,0.007589551
2016,724,8456,0,0.18728606,0.18641575,-0.005728086
2016,724,8457,0,0.1516643,0.17977339,0.20372336
2016,724,8458,0,0.14524373,0.16974297,0.18495303
2016,724,8459,0,0.11627829,0.19852139,0.6325943
2016,724,8460,1,0.27155885,0.30773482,0.17599723
2016,724,8461,1,0.15150338,0.17632586,0.18141684
2016,724,8462,0,0.0782766,0.08595094,0.10188896
2016,724,8463,0,0.21149996,0.28780314,0.40982994
2016,724,8464,0,0.18544011,0.14168958,-0.32141122
2016,724,8465,0,0.0743998,0.071438506,-0.043810286
2016,724,8466,0,0.051993083,0.03918761,-0.29616746
2016,724,8467,0,0.11336621,0.07267609,-0.48948157
2016,724,8468,0,0.16752324,0.24209234,0.4620408
2016,724,8470,0,0.12411566,0.09022282,-0.35689715
2016,724,8471,0,0.058874007,0.05296406,-0.11204619
2016,724,8472,1,0.14269578,0.13014221,-0.10662398
2016,724,8473,0,0.090208784,0.069084205,-0.2897543
2016,724,8474,0,0.07469399,0.117710926,0.5024369
2016,724,8475,0,0.3272617,0.44585934,0.5031811
2016,724,8476,0,0.1864078,0.15808149,-0.19905011
2016,724,8477,0,0.07447143,0.06809157,-0.096431784
2016,724,8478,0,0.1579026,0.13888572,-0.15065844
2016,724,8479,0,0.1284771,0.09493286,-0.34034786
2016,724,8480,0,0.13011482,0.12629692,-0.034160927
2016,724,8481,0,0.03464857,0.026081001,-0.29288542
2016,724,8482,0,0.055288766,0.04617349,-0.18976647
2016,724,8483,0,0.08348292,0.054021996,-0.46688938
2016,724,8484,0,0.0702448,0.05899544,-0.18655272
2016,724,8485,0,0.10580957,0.13234133,0.25386384
2017,842,8401,1,0.15744436,0.32227293,0.93402165
2017,842,8402,0,0.124188334,0.16041073,0.29817668
2017,842,8403,0,0.13606495,0.20144013,0.47104743
2017,842,8404,1,0.18354972,0.21710594,0.20986843
2017,842,8405,0,0.15644157,0.21231684,0.3739303
2017,842,8406,1,0.15693285,0.21933089,0.4116586
2017,842,8407,0,0.124743186,0.15563457,0.25718552
2017,842,8408,0,0.2576956,0.28896335,0.15755625
2017,842,8409,0,0.083592825,0.10804264,0.2836108
2017,842,8410,0,0.16373436,0.24344638,0.4968243
2017,842,8411,0,0.09343679,0.10623051,0.14253893
2017,842,8412,0,0.10358804,0.13030994,0.2597572
2017,842,8413,0,0.094126314,0.08183766,-0.15337436
2017,842,8414,0,0.10966951,0.13520707,0.2384388
2017,842,8415,0,0.08731576,0.091877855,0.055940047
2017,842,8416,0,0.15753217,0.17950548,0.15700433
2017,842,8417,0,0.1146607,0.14706439,0.28618017
2017,842,8418,0,0.11772718,0.096899405,-0.21802923
2017,842,8419,0,0.12706092,0.15684454,0.24530295
2017,842,8420,0,0.10038132,0.1380705,0.3615857
2017,842,8421,0,0.11038752,0.10313089,-0.07612193
2017,842,8422,0,0.1194495,0.112347856,-0.06932642
2017,842,8423,0,0.12257151,0.090478316,-0.33950776
2017,842,8424,0,0.07876272,0.063642144,-0.22944398
2017,842,8425,0,0.109861046,0.12246675,0.12288596
2017,842,8426,0,0.13892373,0.17316698,0.2609115
2017,842,8427,0,0.08482518,0.08642024,0.020373752
2017,842,8428,0,0.13959745,0.13416106,-0.04602056
2017,842,8429,0,0.05973114,0.07793493,0.28557077
2017,842,8431,0,0.048004728,0.051794156,0.07996641
2017,842,8432,0,0.12694827,0.116854854,-0.094341904
2017,842,8433,0,0.09099677,0.08298319,-0.100963145
2017,842,8434,0,0.11728696,0.15268503,0.30468133
2017,842,8435,0,0.13509543,0.24366452,0.723945
2017,842,8436,0,0.06772153,0.0735265,0.08848784
2017,842,8437,0,0.1253686,0.15164876,0.2208167
2017,842,8438,0,0.07883153,0.08828593,0.12358416
2017,842,8439,0,0.13864565,0.19115269,0.38404688
2017,842,8440,1,0.19517802,0.13371532,-0.45179152
2017,842,8441,0,0.13270217,0.15390919,0.17301114
2017,842,8442,0,0.21987824,0.21376462,-0.036004655
2017,842,8443,0,0.024908315,0.032261427,0.2662401
2017,842,8444,1,0.2799761,0.35735545,0.35771927
2017,842,8445,0,0.16725966,0.24460377,0.4775716
2017,842,8446,0,0.36202604,0.40714717,0.19080995
2017,842,8447,1,0.22358832,0.24526444,0.1208459
2017,842,8448,0,0.06617819,0.06652079,0.0055305026
2017,842,8449,1,0.5771954,0.52401984,-0.21511734
2017,842,8450,0,0.14009337,0.07793673,-0.6562017
2017,842,8451,0,0.057402596,0.06551139,0.14077431
2017,842,8452,0,0.11999782,0.12738252,0.068147965
2017,842,8453,0,0.19957486,0.26006722,0.34333447
2017,842,8454,0,0.14578824,0.22063257,0.5060401
2017,842,8455,0,0.14317898,0.18414734,0.30063593
2017,842,8456,0,0.09176892,0.077783786,-0.18062155
2017,842,8457,0,0.18622951,0.20968793,0.14789121
2017,842,8458,0,0.09944384,0.12596047,0.26626202
2017,842,8459,0,0.1562669,0.20326978,0.3202887
2017,842,8460,0,0.07583892,0.1044209,0.35123408
2017,842,8461,0,0.09522395,0.12656294,0.31975973
2017,842,8462,0,0.097569466,0.11703263,0.20369175
2017,842,8463,0,0.13121039,0.19857754,0.49509034
2017,842,8464,0,0.11168904,0.16685553,0.4655247
2017,842,8465,0,0.06981414,0.069603056,-0.0032548776
2017,842,8466,0,0.02892281,0.03595585,0.22493012
2017,842,8467,0,0.07243088,0.06712376,-0.08179977
2017,842,8468,0,0.24750173,0.29829258,0.25653946
2017,842,8470,1,0.29568824,0.203824,-0.49464804
2017,842,8471,0,0.06616845,0.066498764,0.005333489
2017,842,8472,0,0.036423426,0.04378081,0.19164824
2017,842,8473,0,0.061062235,0.056263242,-0.08695037
2017,842,8474,0,0.17959623,0.21419334,0.21925384
2017,842,8475,0,0.13801967,0.19777453,0.4315741
2017,842,8476,0,0.14307164,0.16225477,0.14846244
2017,842,8477,0,0.059404436,0.06746697,0.13587773
2017,842,8478,0,0.16043665,0.27212858,0.67113304
2017,842,8479,0,0.040009886,0.047889903,0.18802056
2017,842,8480,0,0.3172387,0.28636494,-0.1466138
2017,842,8481,0,0.07493037,0.068598874,-0.09510428
2017,842,8482,0,0.042616062,0.035525054,-0.18937227
2017,842,8483,0,0.097618096,0.09393518,-0.042531095
2017,842,8484,0,0.07579544,0.083873436,0.11004962
2017,842,8485,0,0.13287699,0.11443435,-0.1704684
2017,276,8401,0,0.25176135,0.41675362,0.7531259
2017,276,8402,0,0.10643561,0.14614594,0.36252356
2017,276,8403,0,0.06507496,0.05688998,-0.14313726
2017,276,8404,1,0.17255665,0.23661725,0.39629942
2017,276,8405,0,0.3572909,0.48827007,0.5402137
2017,276,8406,1,0.4561272,0.49263942,0.1464992
2017,276,8407,0,0.07441029,0.10177321,0.343161
2017,276,8408,0,0.035668593,0.051401418,0.3818446
2017,276,8409,0,0.044943646,0.053491976,0.18311304
2017,276,8410,1,0.20622236,0.32538384,0.61871004
2017,276,8411,0,0.09452956,0.09210335,-0.028677193
2017,276,8412,0,0.0732129,0.09126017,0.24000785
2017,276,8413,0,0.045414776,0.04600871,0.013615588
2017,276,8414,0,0.046745088,0.062069774,0.29975688
2017,276,8415,0,0.061179798,0.052509625,-0.16201356
2017,276,8416,0,0.062057603,0.08323334,0.3164205
2017,276,8417,0,0.118896686,0.15300572,0.29170132
2017,276,8418,0,0.081787,0.07028429,-0.16401932
2017,276,8419,0,0.10098206,0.103611454,0.028634105
2017,276,8420,0,0.089204945,0.129675,0.419546
2017,276,8421,0,0.041022357,0.047717884,0.15819542
2017,276,8422,0,0.07266482,0.0534207,-0.32819864
2017,276,8423,0,0.07747116,0.061237797,-0.25258464
2017,276,8424,0,0.04959119,0.04375489,-0.13133198
2017,276,8425,0,0.07562265,0.09036623,0.1941931
2017,276,8426,0,0.15058799,0.19638827,0.3209743
2017,276,8427,0,0.07312081,0.07679935,0.053059716
2017,276,8428,0,0.07232942,0.06354548,-0.1388993
2017,276,8429,0,0.035475433,0.05229555,0.40566358
2017,276,8430,0,0.06860891,0.09518823,0.35638624
2017,276,8431,0,0.023426414,0.0323023,0.3304048
2017,276,8432,0,0.06802529,0.052416608,-0.27726522
2017,276,8433,0,0.094823554,0.08707734,-0.09374225
2017,276,8434,0,0.07453548,0.08846197,0.18646011
2017,276,8435,0,0.16574775,0.22164127,0.3599413
2017,276,8436,0,0.035735868,0.044752456,0.23438631
2017,276,8437,0,0.08603705,0.11233028,0.29585588
2017,276,8438,0,0.05992566,0.06397971,0.069782965
2017,276,8439,0,0.121928126,0.15355904,0.26734135
2017,276,8440,0,0.071599245,0.11834678,0.5541991
2017,276,8441,0,0.080872,0.07814062,-0.037324946
2017,276,8442,1,0.14349884,0.17709875,0.25039992
2017,276,8443,0,0.030683896,0.03893291,0.24664824
2017,276,8444,0,0.43695363,0.36690572,-0.2919795
2017,276,8445,0,0.17109735,0.264717,0.55627596
2017,276,8446,0,0.16685681,0.21847859,0.3335151
2017,276,8447,1,0.11660567,0.13707136,0.18514343
2017,276,8448,0,0.046518322,0.055947542,0.19450672
2017,276,8449,1,0.13782568,0.18183291,0.32948935
2017,276,8450,0,0.14138603,0.08665627,-0.55133736
2017,276,8451,0,0.054360144,0.049980696,-0.088614866
2017,276,8452,0,0.04163545,0.049901623,0.18976417
2017,276,8453,0,0.08769462,0.10409707,0.18960585
2017,276,8454,0,0.15240608,0.21194585,0.40261704
2017,276,8455,0,0.12240368,0.17206118,0.39877304
2017,276,8456,0,0.08282086,0.0704835,-0.17466307
2017,276,8457,0,0.11090042,0.13954413,0.26249516
2017,276,8458,0,0.05383468,0.06913852,0.26650098
2017,276,8459,0,0.089353226,0.12515406,0.3770554
2017,276,8460,0,0.05844786,0.071205765,0.21108128
2017,276,8461,0,0.08427285,0.11849567,0.3789052
2017,276,8462,0,0.054941736,0.06899035,0.24267025
2017,276,8463,0,0.14315775,0.1950246,0.3716206
2017,276,8464,0,0.04528816,0.06774699,0.42653963
2017,276,8465,0,0.071818255,0.06541797,-0.100213505
2017,276,8466,0,0.02492128,0.034231,0.32700315
2017,276,8467,0,0.074417286,0.06241139,-0.18882823
2017,276,8468,0,0.06854489,0.08349728,0.21350817
2017,276,8470,0,0.17069247,0.16381949,-0.049351703
2017,276,8471,0,0.029837936,0.03645936,0.20726608
2017,276,8472,0,0.03819444,0.04470308,0.16414256
2017,276,8473,0,0.10120964,0.08115293,-0.24292848
2017,276,8474,0,0.10330566,0.12053227,0.17362352
2017,276,8475,0,0.16865146,0.23076488,0.39121762
2017,276,8476,0,0.1427178,0.13015614,-0.106681
2017,276,8477,0,0.043684226,0.050751783,0.15737745
2017,276,8478,0,0.082033165,0.11989705,0.42163235
2017,276,8479,0,0.034099318,0.04848795,0.3670467
2017,276,8480,0,0.08803113,0.07950095,-0.111231536
2017,276,8481,0,0.04479094,0.037665546,-0.18069199
2017,276,8482,0,0.0378839,0.033927888,-0.11439234
2017,276,8483,0,0.03726203,0.04344852,0.16004863
2017,276,8484,0,0.04359006,0.043807473,0.005202476
2017,276,8485,0,0.054483633,0.057465818,0.05644905
2017,392,8401,0,0.340879,0.5719819,0.94932157
2017,392,8402,0,0.3763408,0.40131617,0.10512484
2017,392,8403,0,0.22150601,0.18714403,-0.21176398
2017,392,8404,0,0.27825955,0.2954677,0.08413672
2017,392,8405,0,0.17307483,0.23421107,0.3793063
2017,392,8406,1,0.18297249,0.24892363,0.39197573
2017,392,8407,0,0.058771912,0.11435561,0.72651887
2017,392,8408,0,0.06472257,0.08812971,0.33404508
2017,392,8409,0,0.036770515,0.04142006,0.12390776
2017,392,8411,0,0.08484008,0.07916971,-0.07535126
2017,392,8412,0,0.09631008,0.10268571,0.07118013
2017,392,8413,0,0.044567477,0.04109368,-0.08477917
2017,392,8414,0,0.044583347,0.056795765,0.2549661
2017,392,8415,0,0.03916312,0.03776377,-0.037840564
2017,392,8416,0,0.13994531,0.14110723,0.00962026
2017,392,8417,0,0.1461758,0.20475283,0.40806594
2017,392,8418,0,0.054311246,0.05098531,-0.066704616
2017,392,8419,0,0.08760324,0.10263035,0.17492262
2017,392,8420,0,0.1874326,0.25503975,0.39486817
2017,392,8421,0,0.043060098,0.049654868,0.14941506
2017,392,8422,0,0.05343078,0.047721837,-0.11901084
2017,392,8423,0,0.11090815,0.086138934,-0.2802188
2017,392,8424,0,0.048448566,0.05071654,0.048135705
2017,392,8425,0,0.08566745,0.09098758,0.06608556
2017,392,8426,0,0.114718854,0.15501308,0.34760913
2017,392,8427,0,0.031419694,0.038460433,0.20949076
2017,392,8428,0,0.09648002,0.090685226,-0.06833464
2017,392,8429,0,0.04491637,0.061030615,0.3235894
2017,392,8430,0,0.08441676,0.12830119,0.46773186
2017,392,8431,0,0.03689559,0.050019123,0.3180331
2017,392,8432,1,0.089693986,0.05455349,-0.53509843
2017,392,8433,0,0.07529024,0.064090766,-0.17308885
2017,392,8434,1,0.3930058,0.40658793,0.05660602
2017,392,8435,1,0.3541176,0.37343788,0.08349205
2017,392,8436,0,0.10175932,0.112074144,0.10809992
2017,392,8437,0,0.13828567,0.17035958,0.2465213
2017,392,8438,0,0.05918465,0.068123,0.1501987
2017,392,8439,0,0.18933415,0.2458222,0.3333229
2017,392,8440,0,0.16076393,0.16022824,-0.0039758785
2017,392,8441,0,0.11401847,0.12704475,0.12299077
2017,392,8442,0,0.14680767,0.1315362,-0.12758224
2017,392,8443,0,0.04867771,0.06709611,0.3404556
2017,392,8444,1,0.3197562,0.32870996,0.040866915
2017,392,8445,0,0.2762639,0.33402544,0.2730359
2017,392,8446,0,0.16036381,0.20679457,0.3111673
2017,392,8447,1,0.11883778,0.14906816,0.26155394
2017,392,8448,0,0.06539858,0.07231742,0.107995115
2017,392,8449,1,0.28050822,0.28112242,0.003041214
2017,392,8450,0,0.14094296,0.12522715,-0.13635485
2017,392,8451,0,0.06656658,0.06912295,0.040426504
2017,392,8452,0,0.043970145,0.057512794,0.28276336
2017,392,8453,1,0.15279001,0.18832885,0.25197843
2017,392,8454,0,0.14454247,0.15798403,0.104757994
2017,392,8455,0,0.14403301,0.22692452,0.5564301
2017,392,8456,0,0.08639043,0.11939523,0.36035675
2017,392,8457,0,0.11916132,0.12978247,0.09751277
2017,392,8458,0,0.101808675,0.121229865,0.19645299
2017,392,8459,0,0.07850969,0.11607304,0.43261558
2017,392,8460,0,0.07235318,0.09736372,0.32422566
2017,392,8461,0,0.09982658,0.15900716,0.53351897
2017,392,8462,0,0.08463111,0.10975392,0.28776804
2017,392,8463,0,0.1117897,0.15432538,0.37151778
2017,392,8464,0,0.16022898,0.16175593,0.011304732
2017,392,8465,0,0.07489392,0.09429833,0.2515893
2017,392,8466,0,0.047329202,0.05182366,0.09544833
2017,392,8467,0,0.058509674,0.05284558,-0.10781633
2017,392,8468,0,0.10070519,0.100209534,-0.0054850113
2017,392,8469,1,0.2432796,0.2432796,0.0
2017,392,8470,0,0.21373735,0.22024819,0.038322296
2017,392,8471,0,0.028794132,0.033489555,0.15590824
2017,392,8472,1,0.059069913,0.060645986,0.028008267
2017,392,8473,0,0.08163687,0.06460462,-0.25237158
2017,392,8474,0,0.09031921,0.13208304,0.42707837
2017,392,8475,0,0.17953502,0.23482633,0.33824432
2017,392,8476,0,0.17945702,0.18618612,0.045045562
2017,392,8477,0,0.058114547,0.078319274,0.32006237
2017,392,8478,0,0.46005693,0.46806613,0.03220391
2017,392,8479,0,0.08160643,0.07346801,-0.11388058
2017,392,8480,0,0.07377668,0.06609509,-0.11820754
2017,392,8481,0,0.04924648,0.048066717,-0.025487982
2017,392,8482,0,0.033855412,0.029758723,-0.13320787
2017,392,8483,0,0.047779925,0.04824944,0.01027184
2017,392,8484,0,0.038792122,0.03859693,-0.0052472367
2017,392,8485,0,0.07087623,0.06599216,-0.076642
2017,156,8401,0,0.17307958,0.22787338,0.34359863
2017,156,8402,0,0.048119985,0.07556282,0.4805207
2017,156,8403,0,0.03028307,0.03333872,0.0992868
2017,156,8404,0,0.34514198,0.40629834,0.2611734
2017,156,8405,0,0.14862682,0.24847655,0.63865787
2017,156,8406,1,0.1862194,0.2674343,0.46708617
2017,156,8407,0,0.051559333,0.063680574,0.22400886
2017,156,8408,0,0.018604947,0.027053522,0.38303554
2017,156,8409,0,0.03599554,0.041094225,0.13777569
2017,156,8411,0,0.05184993,0.057575773,0.1108054
2017,156,8412,0,0.028773071,0.033790853,0.16593009
2017,156,8413,0,0.04885185,0.045864478,-0.06623715
2017,156,8414,0,0.041292153,0.05347891,0.27140808
2017,156,8415,0,0.064031504,0.073035635,0.14123882
2017,156,8416,0,0.100888945,0.11742819,0.17037328
2017,156,8417,0,0.056062497,0.079720296,0.37743947
2017,156,8418,0,0.05982343,0.051048804,-0.1679048
2017,156,8419,0,0.0785022,0.098699436,0.25111413
2017,156,8420,0,0.08109842,0.13321365,0.5546772
2017,156,8421,0,0.04966282,0.053691886,0.08225398
2017,156,8422,0,0.031173196,0.029388677,-0.060789276
2017,156,8423,0,0.0478149,0.05404989,0.12913989
2017,156,8424,0,0.04800707,0.042957883,-0.116418004
2017,156,8425,0,0.080398954,0.08076729,0.004971505
2017,156,8426,0,0.06917101,0.09529475,0.34885925
2017,156,8427,0,0.03638277,0.043213736,0.17917739
2017,156,8428,0,0.034509763,0.041668247,0.19593896
2017,156,8431,0,0.016559776,0.022265248,0.30186903
2017,156,8432,0,0.017745823,0.019535908,0.09792822
2017,156,8433,0,0.06666234,0.061795738,-0.08100652
2017,156,8434,0,0.075119615,0.09819127,0.29309753
2017,156,8436,0,0.019449176,0.023030562,0.1726765
2017,156,8439,0,0.10759646,0.16024134,0.4590972
2017,156,8440,0,0.056248922,0.08497241,0.44344786
2017,156,8441,0,0.0662186,0.092679136,0.36492828
2017,156,8442,0,0.08423837,0.1194315,0.38828093
2017,156,8443,0,0.019399205,0.03005941,0.44887424
2017,156,8444,0,0.13107288,0.22781932,0.6708399
2017,156,8445,0,0.070963845,0.10439009,0.42260697
2017,156,8446,0,0.20268628,0.270068,0.37531126
2017,156,8447,0,0.102334954,0.17701696,0.6348557
2017,156,8448,0,0.015842194,0.02565959,0.492266
2017,156,8449,0,0.18059295,0.2528258,0.42873776
2017,156,8450,0,0.09575589,0.08544521,-0.1252648
2017,156,8451,0,0.044587165,0.054863885,0.21822381
2017,156,8452,0,0.03297537,0.042681284,0.26808715
2017,156,8453,0,0.051069807,0.080398604,0.48519838
2017,156,8454,0,0.121155515,0.16964133,0.3933617
2017,156,8455,0,0.09261875,0.13633208,0.43597642
2017,156,8456,0,0.019872302,0.02853215,0.3705792
2017,156,8457,0,0.054663822,0.07117916,0.28162265
2017,156,8458,0,0.026157865,0.03623042,0.33614618
2017,156,8459,0,0.0457323,0.06949452,0.44365937
2017,156,8460,0,0.02478336,0.04118052,0.5247499
2017,156,8461,0,0.025951257,0.043921754,0.5448112
2017,156,8462,0,0.032079373,0.04529153,0.35865086
2017,156,8463,0,0.050789587,0.07831481,0.46247226
2017,156,8464,0,0.049221646,0.07912012,0.50658506
2017,156,8465,0,0.07221271,0.09324785,0.27857816
2017,156,8466,0,0.015732333,0.018356973,0.15696166
2017,156,8467,0,0.040868532,0.045400705,0.1099037
2017,156,8468,0,0.060969703,0.07150722,0.17070645
2017,156,8470,0,0.09199653,0.10481633,0.14467803
2017,156,8471,0,0.023220139,0.023643762,0.018513089
2017,156,8472,0,0.02225737,0.030483995,0.32297805
2017,156,8473,0,0.06558983,0.057782758,-0.13505045
2017,156,8475,0,0.21346031,0.28036866,0.36155868
2017,156,8476,0,0.10801535,0.120520465,0.12366474
2017,156,8477,0,0.027010405,0.035010982,0.26769638
2017,156,8479,0,0.018880138,0.02935411,0.45205495
2017,156,8480,0,0.045649067,0.051764973,0.13215971
2017,156,8481,0,0.059013244,0.056370307,-0.04862407
2017,156,8482,0,0.0208357,0.022020156,0.056500755
2017,156,8483,0,0.04313507,0.046287198,0.07382869
2017,156,8484,0,0.054008584,0.045052167,-0.19074513
2017,380,8401,1,0.5256723,0.5155655,-0.040497396
2017,380,8402,0,0.27167895,0.33541286,0.30231714
2017,380,8403,0,0.05551844,0.043672536,-0.25245994
2017,380,8404,0,0.38501877,0.42345285,0.1596847
2017,380,8405,0,0.45852315,0.55441535,0.38481644
2017,380,8406,0,0.2114893,0.2914941,0.42783302
2017,380,8407,0,0.13923576,0.1331102,-0.05208257
2017,380,8408,0,0.044984385,0.07118898,0.4868451
2017,380,8409,0,0.041370165,0.04973723,0.19296016
2017,380,8411,0,0.12302201,0.11363493,-0.090019405
2017,380,8412,0,0.09611914,0.11066473,0.15713999
2017,380,8413,0,0.066230565,0.053077195,-0.23538269
2017,380,8414,0,0.06428055,0.085513346,0.30836833
2017,380,8415,0,0.09164976,0.068977654,-0.30884504
2017,380,8416,0,0.14414468,0.18037748,0.26749182
2017,380,8417,0,0.21487707,0.26455954,0.273371
2017,380,8418,0,0.08228999,0.068704404,-0.19513139
2017,380,8419,0,0.12152669,0.12819287,0.061019413
2017,380,8420,0,0.10528798,0.15802704,0.46682099
2017,380,8421,0,0.08110702,0.0646063,-0.24525554
2017,380,8422,0,0.07799214,0.07134315,-0.09629217
2017,380,8423,0,0.10303525,0.08971328,-0.1531953
2017,380,8424,0,0.06862048,0.05096826,-0.31616336
2017,380,8425,0,0.14032345,0.1443226,0.032763697
2017,380,8426,0,0.12394009,0.16101228,0.3049207
2017,380,8427,0,0.0411551,0.039197117,-0.050784566
2017,380,8428,0,0.092470564,0.083147675,-0.116492495
2017,380,8429,0,0.03221108,0.043090444,0.3022959
2017,380,8430,0,0.08077269,0.10703226,0.31047437
2017,380,8431,0,0.028321017,0.038143102,0.30790067
2017,380,8432,0,0.049263217,0.0340751,-0.38445958
2017,380,8433,0,0.09274091,0.0862936,-0.079135336
2017,380,8434,0,0.08165347,0.10427397,0.26947758
2017,380,8435,0,0.15312794,0.16472758,0.08681106
2017,380,8436,0,0.03484915,0.03394075,-0.02735314
2017,380,8437,0,0.24667431,0.2767178,0.15562755
2017,380,8438,0,0.08593507,0.09415979,0.10043984
2017,380,8439,0,0.123338476,0.16331284,0.3274059
2017,380,8440,0,0.11904026,0.1633602,0.36811408
2017,380,8441,0,0.10686808,0.11157013,0.048336774
2017,380,8442,0,0.1645067,0.15225819,-0.091927364
2017,380,8443,0,0.03013405,0.039259892,0.2740015
2017,380,8444,0,0.1366057,0.19749889,0.44177243
2017,380,8445,0,0.1643384,0.27616525,0.66273224
2017,380,8446,0,0.17771459,0.21322776,0.22633086
2017,380,8447,0,0.18352708,0.19877864,0.09868605
2017,380,8448,0,0.057894908,0.067784265,0.16825317
2017,380,8449,0,0.2660121,0.2346725,-0.16716212
2017,380,8450,0,0.08804399,0.06681696,-0.2988891
2017,380,8451,0,0.032404233,0.03362565,0.038263246
2017,380,8453,0,0.048138488,0.06101794,0.25070906
2017,380,8454,0,0.09920675,0.13525164,0.35076818
2017,380,8455,0,0.16145451,0.20936224,0.31867146
2017,380,8456,0,0.0898753,0.06939922,-0.28079623
2017,380,8457,0,0.07226351,0.08674978,0.19844654
2017,380,8458,0,0.053664528,0.06591728,0.21868052
2017,380,8459,0,0.07173753,0.11467945,0.51649153
2017,380,8460,0,0.056806378,0.08204028,0.3946798
2017,380,8461,0,0.06684095,0.10302691,0.47222424
2017,380,8462,0,0.054051656,0.06391212,0.17804733
2017,380,8463,0,0.091256574,0.12177512,0.3226612
2017,380,8464,0,0.07772376,0.11534383,0.43640226
2017,380,8465,0,0.06712897,0.08608089,0.26919645
2017,380,8466,0,0.045901585,0.05633358,0.2157852
2017,380,8467,0,0.04749317,0.04517925,-0.052374385
2017,380,8468,0,0.26642352,0.26592112,-0.0025720976
2017,380,8470,0,0.18548557,0.19478081,0.060375463
2017,380,8471,0,0.035221115,0.03932092,0.11436945
2017,380,8472,0,0.08792794,0.07839154,-0.12520306
2017,380,8473,0,0.09790837,0.07392891,-0.3071631
2017,380,8474,0,0.12778345,0.14885637,0.17710169
2017,380,8475,0,0.10446671,0.17535718,0.60042554
2017,380,8476,0,0.1895315,0.19672564,0.04617106
2017,380,8477,0,0.04113389,0.050053786,0.2056119
2017,380,8478,0,0.18363427,0.24826485,0.38402826
2017,380,8479,0,0.030057149,0.03254924,0.08222605
2017,380,8480,0,0.10975606,0.09303322,-0.18391393
2017,380,8481,0,0.06711854,0.04988823,-0.3149767
2017,380,8482,0,0.07843486,0.057016917,-0.34189528
2017,380,8483,0,0.07363871,0.06646566,-0.110198736
2017,380,8484,0,0.11862808,0.09129427,-0.29244694
2017,380,8485,0,0.08816181,0.092232965,0.049618468
2017,826,8401,0,0.29191113,0.41120216,0.5271223
2017,826,8402,0,0.10775661,0.15431896,0.4127433
2017,826,8403,0,0.39062458,0.2621639,-0.59006417
2017,826,8404,0,0.12966402,0.18012492,0.38843128
2017,826,8405,1,0.5294174,0.596546,0.27328804
2017,826,8406,0,0.15458082,0.23427829,0.5148065
2017,826,8407,0,0.07004728,0.0891106,0.26142007
2017,826,8408,0,0.14643662,0.20824715,0.4273034
2017,826,8409,0,0.03826292,0.042892747,0.11904717
2017,826,8410,0,0.15607102,0.21189,0.37418672
2017,826,8411,0,0.078852236,0.08892922,0.13126484
2017,826,8412,0,0.11592196,0.14152081,0.22891252
2017,826,8413,0,0.073668756,0.054537237,-0.32113776
2017,826,8414,0,0.073307104,0.08565659,0.16910455
2017,826,8415,0,0.060874123,0.04995764,-0.20918953
2017,826,8416,0,0.17295372,0.17199683,-0.0067043686
2017,826,8417,0,0.13768838,0.1811777,0.326235
2017,826,8418,0,0.050651465,0.039928712,-0.24910413
2017,826,8419,0,0.08160232,0.08809383,0.08363829
2017,826,8420,0,0.19032568,0.21317564,0.1420068
2017,826,8421,0,0.07301628,0.07116831,-0.027626274
2017,826,8422,0,0.05270459,0.046099216,-0.14085525
2017,826,8423,0,0.077876665,0.060161766,-0.27711815
2017,826,8424,0,0.046303384,0.03858066,-0.19052908
2017,826,8425,0,0.13411283,0.11901466,-0.13672118
2017,826,8426,0,0.106396906,0.14542344,0.35712877
2017,826,8427,0,0.050828394,0.05086055,0.00066633767
2017,826,8428,0,0.06720845,0.05977029,-0.12523265
2017,826,8429,0,0.021638453,0.029605975,0.3216812
2017,826,8430,0,0.21410307,0.25192305,0.21198598
2017,826,8431,0,0.09299983,0.08853132,-0.054155774
2017,826,8432,0,0.037778337,0.02878288,-0.28126022
2017,826,8433,0,0.119703874,0.083289556,-0.4032311
2017,826,8434,0,0.13601065,0.15831988,0.1780448
2017,826,8435,0,0.3556531,0.466757,0.46111295
2017,826,8436,0,0.06524814,0.060403164,-0.08232575
2017,826,8437,0,0.0997117,0.12170727,0.22407073
2017,826,8438,0,0.04528007,0.052737195,0.16029537
2017,826,8439,0,0.1492658,0.19188361,0.30255404
2017,826,8440,0,0.12683345,0.17105222,0.35106328
2017,826,8441,0,0.16979255,0.15808204,-0.085470214
2017,826,8442,0,0.113169275,0.10895605,-0.042679835
2017,826,8443,0,0.036487076,0.04865335,0.30046985
2017,826,8444,0,0.2554839,0.36017883,0.49498698
2017,826,8445,0,0.18683031,0.25978947,0.42367586
2017,826,8446,0,0.49788126,0.5094602,0.046320334
2017,826,8447,0,0.116327465,0.14835228,0.280094
2017,826,8448,0,0.06299129,0.062826075,-0.0028026886
2017,826,8449,0,0.6906078,0.7204368,0.1436669
2017,826,8450,0,0.15266263,0.09109941,-0.5864158
2017,826,8451,0,0.081311405,0.07426692,-0.09825937
2017,826,8453,0,0.14649965,0.17999992,0.24597481
2017,826,8454,0,0.17434765,0.20816909,0.21912532
2017,826,8455,0,0.19537833,0.26913506,0.416419
2017,826,8456,0,0.10405267,0.07916276,-0.30079287
2017,826,8457,0,0.22641845,0.32639027,0.5040892
2017,826,8458,0,0.12154853,0.13207178,0.09508377
2017,826,8459,0,0.09385404,0.13965066,0.44926512
2017,826,8460,0,0.08218394,0.114350274,0.36598188
2017,826,8461,0,0.14559384,0.20462635,0.4119594
2017,826,8462,0,0.12394838,0.14135025,0.15143968
2017,826,8463,0,0.12993208,0.16230005,0.26034623
2017,826,8464,0,0.10783553,0.11463069,0.068754
2017,826,8465,0,0.07093089,0.07767655,0.098134555
2017,826,8466,0,0.028545875,0.03389846,0.17738228
2017,826,8467,0,0.04139277,0.037140757,-0.11281703
2017,826,8468,0,0.1957111,0.1683727,-0.18388547
2017,826,8470,0,0.27698487,0.2618841,-0.0767315
2017,826,8471,0,0.03021445,0.03450967,0.13735831
2017,826,8472,0,0.061512742,0.063209414,0.029018434
2017,826,8473,0,0.07181558,0.057524215,-0.23717524
2017,826,8474,0,0.17423616,0.19454148,0.135131
2017,826,8475,0,0.15283488,0.21762608,0.4329832
2017,826,8476,0,0.12567955,0.095123775,-0.3129078
2017,826,8477,0,0.042765725,0.05661829,0.29517213
2017,826,8478,1,0.13098969,0.16226701,0.2507801
2017,826,8479,0,0.03414708,0.035446692,0.038699433
2017,826,8480,0,0.16546825,0.13705228,-0.2219002
2017,826,8481,0,0.073959425,0.059613854,-0.2310012
2017,826,8482,0,0.03323122,0.024990924,-0.29346436
2017,826,8483,0,0.076860785,0.07652556,-0.0047339466
2017,826,8484,0,0.06832242,0.06156778,-0.11132313
2017,826,8485,0,0.08582888,0.07288547,-0.1775255
2017,251,8401,1,0.6516769,0.6782045,0.11911405
2017,251,8403,0,0.1253646,0.09069096,-0.36264655
2017,251,8404,0,0.24431373,0.2722485,0.14592884
2017,251,8405,1,0.45753512,0.55682427,0.398553
2017,251,8406,1,0.2417322,0.31728962,0.3769504
2017,251,8407,0,0.13121599,0.17932026,0.36929017
2017,251,8408,0,0.07287696,0.09698454,0.31212574
2017,251,8409,0,0.045780364,0.050782412,0.108950555
2017,251,8411,0,0.13501859,0.112489715,-0.20826285
2017,251,8412,0,0.17325154,0.1855687,0.08369097
2017,251,8413,0,0.07305223,0.05960601,-0.21781988
2017,251,8414,0,0.09059141,0.11675852,0.28294417
2017,251,8415,0,0.10588419,0.09295592,-0.1445762
2017,251,8416,0,0.51184404,0.4336376,-0.31441
2017,251,8417,0,0.18515821,0.24193124,0.33966276
2017,251,8418,0,0.1161498,0.09889872,-0.18011451
2017,251,8419,0,0.11650204,0.12426301,0.073314816
2017,251,8420,0,0.20353645,0.21291593,0.0568985
2017,251,8421,0,0.074778885,0.072954334,-0.026671829
2017,251,8422,0,0.107136875,0.0880543,-0.21730065
2017,251,8424,0,0.10551775,0.08737084,-0.20880213
2017,251,8425,0,0.10732139,0.10339627,-0.041646585
2017,251,8426,0,0.19349705,0.23321103,0.23717733
2017,251,8427,0,0.048603535,0.04497184,-0.08146972
2017,251,8428,0,0.12723273,0.11208792,-0.14393818
2017,251,8429,0,0.04769097,0.06474394,0.3237675
2017,251,8430,0,0.10205713,0.13280475,0.29818952
2017,251,8431,0,0.027041588,0.033609238,0.22419815
2017,251,8432,0,0.03727195,0.02805885,-0.29346126
2017,251,8433,0,0.09573179,0.07825744,-0.22068648
2017,251,8434,0,0.1259559,0.14159787,0.13511747
2017,251,8435,0,0.13812064,0.21458569,0.53348553
2017,251,8436,0,0.054644212,0.06345589,0.15886639
2017,251,8438,0,0.08728227,0.0938674,0.07997684
2017,251,8439,0,0.18779731,0.23132686,0.26355264
2017,251,8441,0,0.16215087,0.16339391,0.009121412
2017,251,8442,1,0.24810475,0.21320103,-0.19699138
2017,251,8443,0,0.040625956,0.0600185,0.4106665
2017,251,8444,0,0.19023983,0.23504022,0.26838598
2017,251,8445,0,0.22593668,0.3175538,0.46636236
2017,251,8446,0,0.15440828,0.19775824,0.3000716
2017,251,8447,0,0.34723017,0.35932848,0.052956685
2017,251,8448,0,0.067256086,0.0724294,0.07966655
2017,251,8449,0,0.2535542,0.32341316,0.34161532
2017,251,8450,0,0.17195086,0.12738307,-0.3524341
2017,251,8451,0,0.0437952,0.043577034,-0.005222014
2017,251,8453,0,0.24388333,0.25657156,0.06764082
2017,251,8454,0,0.1782058,0.22820169,0.3100575
2017,251,8455,0,0.19515175,0.26012328,0.3715484
2017,251,8456,0,0.11843674,0.089460835,-0.31291816
2017,251,8457,1,0.17513697,0.20779109,0.21135718
2017,251,8458,0,0.14317176,0.1917529,0.35053217
2017,251,8459,0,0.11658614,0.16395809,0.3960955
2017,251,8460,0,0.10627031,0.12813751,0.21188976
2017,251,8461,0,0.12269072,0.17590563,0.42285547
2017,251,8462,0,0.1385679,0.15321542,0.11763441
2017,251,8463,0,0.17872259,0.24403396,0.3943371
2017,251,8464,0,0.12773089,0.16477156,0.298027
2017,251,8465,0,0.18510278,0.15524971,-0.21185543
2017,251,8466,0,0.035061836,0.0411032,0.16525306
2017,251,8467,0,0.11725245,0.09861889,-0.19395535
2017,251,8468,1,0.2099086,0.2229936,0.077170834
2017,251,8470,0,0.2198551,0.20449886,-0.09189889
2017,251,8471,0,0.028765863,0.03380494,0.16661933
2017,251,8472,1,0.0763746,0.08801428,0.1545313
2017,251,8473,0,0.07826561,0.06256155,-0.24085131
2017,251,8475,0,0.17019182,0.24211459,0.44314736
2017,251,8476,0,0.15077448,0.13532078,-0.12617086
2017,251,8477,0,0.074717514,0.083845556,0.12517615
2017,251,8478,0,0.24914303,0.2740062,0.12879722
2017,251,8479,0,0.04438474,0.05203681,0.16709547
2017,251,8480,0,0.114522524,0.10523016,-0.095061146
2017,251,8481,0,0.074444,0.06389157,-0.16419657
2017,251,8482,0,0.047212806,0.03592389,-0.28504127
2017,251,8483,0,0.083860725,0.08041921,-0.04565378
2017,251,8484,0,0.1261161,0.10071906,-0.2535159
2017,251,8485,0,0.15602738,0.16267586,0.049636982
2017,490,8402,1,0.19508785,0.2900008,0.5219029
2017,490,8403,1,0.73885554,0.67106086,-0.3270417
2017,490,8404,1,0.22393884,0.27693537,0.28314394
2017,490,8405,0,0.53936327,0.57995063,0.1647911
2017,490,8406,1,0.7778181,0.7790322,0.0070387824
2017,490,8407,0,0.19255692,0.3096101,0.631538
2017,490,8408,0,0.089721404,0.14408563,0.5352789
2017,490,8409,0,0.062320378,0.06420355,0.03178037
2017,490,8410,0,0.7343448,0.7508243,0.086233824
2017,490,8411,0,0.15362442,0.1381772,-0.12406034
2017,490,8412,0,0.10662367,0.11403964,0.075576186
2017,490,8413,0,0.052110583,0.051785856,-0.006593417
2017,490,8414,0,0.047722626,0.06180117,0.2734111
2017,490,8415,0,0.053373158,0.052472237,-0.017975125
2017,490,8416,0,0.142882,0.15120614,0.066384144
2017,490,8417,0,0.19727464,0.22684895,0.1772257
2017,490,8418,0,0.03842744,0.03988988,0.03887293
2017,490,8419,0,0.06553365,0.08420652,0.27089328
2017,490,8420,0,0.44080332,0.4785902,0.15221071
2017,490,8421,0,0.053171102,0.07011047,0.29460973
2017,490,8422,0,0.046449434,0.04326109,-0.07444876
2017,490,8423,0,0.070535526,0.064761624,-0.09159611
2017,490,8424,0,0.054412298,0.053019382,-0.027404463
2017,490,8425,0,0.122108616,0.12495049,0.026248986
2017,490,8426,1,0.16513512,0.20090045,0.23982984
2017,490,8427,0,0.08989037,0.0826416,-0.09201063
2017,490,8428,0,0.1308431,0.15196927,0.17428619
2017,490,8429,0,0.40692866,0.4868441,0.32404116
2017,490,8430,0,0.15497889,0.22797981,0.4763191
2017,490,8431,0,0.06427669,0.08647475,0.32066408
2017,490,8432,0,0.122332305,0.08756235,-0.37324166
2017,490,8433,0,0.10535307,0.085956685,-0.22492258
2017,490,8434,0,0.22169301,0.25871575,0.2031733
2017,490,8435,1,0.21164148,0.30159587,0.4753493
2017,490,8436,0,0.115263626,0.16086666,0.38627404
2017,490,8437,0,0.11027906,0.14494878,0.31311277
2017,490,8438,0,0.054088082,0.071846575,0.30287138
2017,490,8439,0,0.22390439,0.24866004,0.1372849
2017,490,8440,0,0.23634005,0.24774556,0.062178575
2017,490,8441,0,0.06878106,0.08337652,0.20823607
2017,490,8442,0,0.20569485,0.2557278,0.28278077
2017,490,8443,0,0.04624603,0.06847554,0.41608423
2017,490,8444,0,0.27328336,0.30060795,0.13362281
2017,490,8445,1,0.18954004,0.2522209,0.3661993
2017,490,8446,0,0.1782143,0.22265843,0.27825204
2017,490,8447,0,0.08000607,0.1131125,0.38292927
2017,490,8448,0,0.06920032,0.073354,0.062763914
2017,490,8449,1,0.58324605,0.4793211,-0.41887608
2017,490,8450,1,0.16628774,0.12052987,-0.37525335
2017,490,8451,0,0.10311129,0.098786935,-0.047653403
2017,490,8452,0,0.04527686,0.04977151,0.099365495
2017,490,8453,0,0.15118805,0.19313435,0.295542
2017,490,8454,0,0.17585544,0.26469234,0.5229628
2017,490,8455,0,0.14389439,0.1876616,0.31803754
2017,490,8456,0,0.15045328,0.15616141,0.043979254
2017,490,8457,0,0.095413566,0.12255988,0.2808481
2017,490,8458,0,0.0780314,0.113668695,0.4155971
2017,490,8459,0,0.17870218,0.23600923,0.35048044
2017,490,8460,0,0.08589424,0.12012404,0.37357357
2017,490,8461,0,0.09549112,0.16328734,0.61438966
2017,490,8462,0,0.07461327,0.08844175,0.18508191
2017,490,8463,0,0.14852774,0.19826494,0.34902123
2017,490,8464,0,0.15265226,0.17644165,0.17330438
2017,490,8465,0,0.083950326,0.082537584,-0.018512424
2017,490,8466,0,0.05209305,0.067185,0.27046803
2017,490,8467,0,0.096829765,0.08612404,-0.12894958
2017,490,8468,0,0.16655385,0.14001708,-0.20489779
2017,490,8470,0,0.18537816,0.17071708,-0.10022755
2017,490,8471,0,0.048227984,0.05266585,0.09270144
2017,490,8472,0,0.0878846,0.089427985,0.019102683
2017,490,8473,0,0.10431854,0.083386414,-0.24706486
2017,490,8474,0,0.1219837,0.15180658,0.25327626
2017,490,8475,0,0.54235566,0.7235939,0.7925293
2017,490,8476,0,0.19682041,0.19449492,-0.0147768725
2017,490,8477,0,0.032500863,0.047633946,0.39804417
2017,490,8478,1,0.17092797,0.20766796,0.24002482
2017,490,8479,0,0.11059618,0.2092791,0.7553894
2017,490,8480,0,0.06536734,0.078865536,0.20226902
2017,490,8481,0,0.055948205,0.052941725,-0.05841422
2017,490,8482,0,0.040665545,0.035031725,-0.1549825
2017,490,8483,0,0.050991435,0.05503225,0.08052864
2017,490,8484,0,0.0750034,0.06783133,-0.10823294
2017,490,8485,1,0.13127916,0.13325039,0.0171756
2017,702,8402,0,0.26029345,0.2731826,0.065908946
2017,702,8407,0,0.1025955,0.12339002,0.2080006
2017,702,8408,0,0.17396626,0.22384325,0.31436574
2017,702,8410,0,0.28939664,0.3502501,0.2803761
2017,702,8411,0,0.11921958,0.09193321,-0.29041433
2017,702,8412,0,0.09504479,0.10568572,0.11794981
2017,702,8413,0,0.036763918,0.0389991,0.06134494
2017,702,8414,0,0.039552405,0.050835602,0.26278782
2017,702,8416,0,0.18012731,0.21573034,0.22476149
2017,702,8417,0,0.20913385,0.25652918,0.26606727
2017,702,8418,0,0.07751697,0.086877316,0.12419871
2017,702,8419,0,0.1052351,0.12618141,0.20521198
2017,702,8420,0,0.18026046,0.22412305,0.27278507
2017,702,8421,0,0.044115447,0.05300093,0.19283845
2017,702,8422,0,0.10762343,0.09333397,-0.15834028
2017,702,8423,0,0.1366428,0.13475768,-0.01607307
2017,702,8424,0,0.057505373,0.056432094,-0.019978516
2017,702,8425,1,0.17172858,0.18384692,0.0829272
2017,702,8426,0,0.101766184,0.13762714,0.342613
2017,702,8428,0,0.111508146,0.11983709,0.08145409
2017,702,8430,0,0.14376163,0.17468205,0.23159094
2017,702,8431,0,0.05369554,0.062602766,0.16293678
2017,702,8432,1,0.33952886,0.44636282,0.45001698
2017,702,8433,0,0.4638027,0.5847236,0.48723784
2017,702,8434,0,0.44724777,0.42780358,-0.079021014
2017,702,8435,1,0.41228095,0.5469105,0.5427397
2017,702,8436,0,0.12983336,0.15509462,0.20724374
2017,702,8437,0,0.14283906,0.1840058,0.3024673
2017,702,8439,0,0.2487495,0.3023921,0.26936004
2017,702,8441,1,0.4386125,0.45950603,0.08446377
2017,702,8442,0,0.2283092,0.30658162,0.40173352
2017,702,8443,0,0.05052992,0.06347546,0.24181603
2017,702,8445,0,0.32230282,0.3274776,0.023593303
2017,702,8448,1,0.22926895,0.2169661,-0.07099119
2017,702,8449,0,0.70466065,0.60628587,-0.4378649
2017,702,8451,0,0.12561363,0.11593364,-0.09120255
2017,702,8452,0,0.14528188,0.16088468,0.120435566
2017,702,8453,1,0.20699291,0.21560423,0.05167839
2017,702,8454,0,0.20811146,0.3158547,0.5634588
2017,702,8455,1,0.2587925,0.38049996,0.56482744
2017,702,8456,0,0.1038492,0.16700955,0.5481976
2017,702,8457,0,0.36244178,0.40766513,0.19115573
2017,702,8458,0,0.14103761,0.16583872,0.19128756
2017,702,8459,0,0.15779813,0.2359823,0.4998689
2017,702,8460,0,0.12301872,0.13882308,0.13904956
2017,702,8461,1,0.40542668,0.47097144,0.266659
2017,702,8462,0,0.13935724,0.16459984,0.19624516
2017,702,8463,0,0.24153297,0.2877004,0.23771453
2017,702,8464,0,0.19659096,0.25648987,0.3434456
2017,702,8465,0,0.14464203,0.12827443,-0.13904446
2017,702,8466,0,0.23745756,0.34883553,0.5425076
2017,702,8467,0,0.098056234,0.092512935,-0.06431976
2017,702,8468,1,0.13345619,0.11325141,-0.18721174
2017,702,8470,0,0.1589543,0.12711242,-0.26070568
2017,702,8471,1,0.024792453,0.030249676,0.20455799
2017,702,8473,0,0.058227863,0.04964653,-0.16850604
2017,702,8474,0,0.114979275,0.15240982,0.32503504
2017,702,8475,0,0.44490725,0.6236905,0.7265116
2017,702,8477,0,0.10378519,0.12008409,0.16422284
2017,702,8478,1,0.24389654,0.28244725,0.19907938
2017,702,8479,0,0.07636359,0.05748155,-0.3042792
2017,702,8480,0,0.16659656,0.19233122,0.1750097
2017,702,8481,0,0.09722423,0.083817124,-0.16312423
2017,702,8482,0,0.04444258,0.045239,0.018595392
2017,702,8483,0,0.03415753,0.037755437,0.103878535
2017,702,8484,0,0.096790254,0.10260277,0.06477464
2017,702,8485,0,0.06671457,0.07597215,0.13991243
2017,528,8401,1,0.26721814,0.4390564,0.76379013
2017,528,8403,0,0.08034526,0.05371497,-0.43118703
2017,528,8404,1,0.4646442,0.46531337,0.002689908
2017,528,8405,1,0.22422124,0.32043365,0.48945457
2017,528,8407,0,0.16821624,0.206662,0.2531574
2017,528,8408,0,0.054291297,0.0686343,0.24971104
2017,528,8409,0,0.073209174,0.07338943,0.0026535804
2017,528,8410,1,0.23504762,0.32432628,0.44606516
2017,528,8411,0,0.1681466,0.17824018,0.070503764
2017,528,8412,0,0.097155124,0.11912424,0.22849222
2017,528,8413,0,0.06974411,0.054909743,-0.25496283
2017,528,8414,0,0.10273153,0.12869851,0.2547206
2017,528,8415,0,0.09849148,0.07215952,-0.33988112
2017,528,8416,0,0.20739253,0.21890435,0.068652056
2017,528,8417,0,0.141205,0.17874962,0.28047553
2017,528,8418,0,0.09631552,0.07840123,-0.22541957
2017,528,8419,0,0.11351991,0.1173925,0.03792297
2017,528,8420,0,0.20159732,0.21063158,0.055218212
2017,528,8421,0,0.07357935,0.06996117,-0.054321922
2017,528,8422,0,0.114267856,0.080718964,-0.38474908
2017,528,8423,0,0.14723213,0.10129962,-0.42639023
2017,528,8424,0,0.080183774,0.05626861,-0.37985206
2017,528,8425,0,0.12573612,0.12063603,-0.047224034
2017,528,8426,0,0.16266888,0.20165718,0.26253384
2017,528,8427,0,0.038908694,0.041062735,0.056126975
2017,528,8428,0,0.11217346,0.0948275,-0.18733625
2017,528,8429,0,0.045857083,0.07652682,0.54478335
2017,528,8430,0,0.07867955,0.10890215,0.35842016
2017,528,8431,0,0.03294632,0.038901757,0.1723372
2017,528,8432,0,0.031098094,0.020609932,-0.42214
2017,528,8433,0,0.10672903,0.09131584,-0.17307633
2017,528,8434,0,0.0944159,0.10813833,0.15097104
2017,528,8435,1,0.59723824,0.4976358,-0.40342766
2017,528,8436,0,0.043514196,0.041619614,-0.04649452
2017,528,8437,0,0.09812687,0.12896672,0.30808672
2017,528,8438,0,0.07632083,0.08352279,0.09800135
2017,528,8439,1,0.21234553,0.24584278,0.189936
2017,528,8440,0,0.1279455,0.14695302,0.1605458
2017,528,8441,0,0.14110897,0.1455289,0.036001638
2017,528,8442,0,0.14413375,0.17948057,0.2615018
2017,528,8443,0,0.03400807,0.047179688,0.34109467
2017,528,8444,0,0.4159946,0.43825576,0.090993926
2017,528,8445,0,0.4574442,0.5536437,0.38603976
2017,528,8446,0,0.19370218,0.23331761,0.23645942
2017,528,8447,1,0.46366557,0.44321537,-0.08252825
2017,528,8448,0,0.14687449,0.1351645,-0.09671857
2017,528,8449,1,0.73451066,0.6305825,-0.48291326
2017,528,8450,0,0.29787236,0.2687002,-0.14377707
2017,528,8451,0,0.14331093,0.092724524,-0.49275476
2017,528,8453,0,0.21653287,0.21232066,-0.02500662
2017,528,8454,1,0.48019636,0.5107992,0.12245965
2017,528,8455,0,0.22796473,0.26526773,0.20107281
2017,528,8456,0,0.08111381,0.07932233,-0.024281334
2017,528,8457,0,0.2012017,0.29232094,0.49466223
2017,528,8458,0,0.14535862,0.17269897,0.20485952
2017,528,8459,0,0.20480096,0.28788897,0.450895
2017,528,8460,0,0.147854,0.17177181,0.17841083
2017,528,8461,0,0.15195526,0.19945972,0.32967266
2017,528,8462,0,0.114158675,0.11808786,0.038285077
2017,528,8463,1,0.47842783,0.4752924,-0.0125685865
2017,528,8464,0,0.12338647,0.17868303,0.43544912
2017,528,8465,0,0.22830658,0.2053289,-0.13541722
2017,528,8466,0,0.049954314,0.061073847,0.21274817
2017,528,8467,0,0.07087896,0.06892544,-0.030048724
2017,528,8468,0,0.30376926,0.295794,-0.037994914
2017,528,8470,0,0.21310952,0.19085349,-0.13819095
2017,528,8471,0,0.029612202,0.028538302,-0.038045455
2017,528,8472,0,0.087449804,0.0849653,-0.031540968
2017,528,8473,0,0.18608643,0.13132566,-0.41364515
2017,528,8474,0,0.15700348,0.17285854,0.11519263
2017,528,8475,0,0.17243327,0.27009842,0.5743562
2017,528,8476,0,0.21960926,0.14268956,-0.52518386
2017,528,8477,0,0.09464671,0.10304752,0.094361424
2017,528,8478,0,0.14583136,0.21708071,0.48491734
2017,528,8479,0,0.07371033,0.06984494,-0.05802976
2017,528,8480,0,0.10548252,0.092907764,-0.14089763
2017,528,8481,0,0.071222045,0.058276627,-0.21444324
2017,528,8482,0,0.0853354,0.043291233,-0.72358084
2017,528,8483,0,0.0709878,0.06456195,-0.10177582
2017,528,8484,0,0.10443209,0.08491731,-0.22841547
2017,528,8485,0,0.10654026,0.104012914,-0.026832566
2017,410,8401,1,0.63536143,0.63478893,-0.0024702311
2017,410,8402,1,0.273569,0.3286757,0.26240873
2017,410,8403,0,0.08278135,0.034646306,-0.92216027
2017,410,8404,1,0.13296813,0.16896492,0.2819854
2017,410,8405,1,0.25835714,0.35375017,0.4519297
2017,410,8406,0,0.26223975,0.30785045,0.22417177
2017,410,8407,0,0.077934965,0.09580644,0.22602746
2017,410,8408,0,0.061155558,0.09420917,0.46793827
2017,410,8409,0,0.03437202,0.045868225,0.30050653
2017,410,8410,0,0.2580524,0.27182332,0.07072446
2017,410,8411,0,0.096963264,0.10093192,0.04451853
2017,410,8412,0,0.09599356,0.10655558,0.11613806
2017,410,8413,0,0.03638463,0.03294578,-0.10284569
2017,410,8414,0,0.0430683,0.056976374,0.29449016
2017,410,8415,0,0.047407825,0.053118743,0.11975566
2017,410,8416,1,0.1963485,0.17302471,-0.15506579
2017,410,8417,0,0.14477289,0.18837854,0.31562012
2017,410,8418,0,0.12692845,0.10743274,-0.18884288
2017,410,8419,0,0.13599016,0.1501277,0.11540176
2017,410,8420,0,0.21263503,0.26590297,0.29360497
2017,410,8421,0,0.036459044,0.043506883,0.18407115
2017,410,8422,0,0.08633832,0.07430018,-0.16324976
2017,410,8423,0,0.13330677,0.110729605,-0.2112781
2017,410,8424,0,0.040638477,0.04436233,0.09156449
2017,410,8425,0,0.11145747,0.10903664,-0.024679968
2017,410,8426,0,0.12377892,0.161579,0.31059533
2017,410,8427,0,0.059350546,0.062085446,0.047961842
2017,410,8428,0,0.068170965,0.06448733,-0.059495296
2017,410,8429,0,0.03447642,0.048935317,0.36531216
2017,410,8431,0,0.03448177,0.05723002,0.5304904
2017,410,8432,0,0.12103449,0.11510583,-0.056945946
2017,410,8433,0,0.44988734,0.32243848,-0.541462
2017,410,8434,1,0.21658833,0.23111135,0.08361334
2017,410,8435,0,0.1313038,0.20709753,0.5469693
2017,410,8436,0,0.68122375,0.47662205,-0.8529814
2017,410,8437,0,0.12997198,0.16330898,0.2673956
2017,410,8438,0,0.09352508,0.11207144,0.2015788
2017,410,8439,0,0.18092,0.23338196,0.32081452
2017,410,8440,0,0.13295972,0.13840604,0.04644665
2017,410,8441,0,0.1076477,0.110499345,0.029346565
2017,410,8442,0,0.24047206,0.21785942,-0.12809134
2017,410,8443,0,0.043285664,0.06418409,0.41602
2017,410,8444,0,0.20972706,0.21371968,0.023923425
2017,410,8445,0,0.3512283,0.41020617,0.2505313
2017,410,8446,0,0.22243994,0.2784392,0.2992867
2017,410,8447,1,0.1991093,0.22852303,0.17520082
2017,410,8448,0,0.15864179,0.14457153,-0.10945943
2017,410,8449,0,0.19554015,0.24827905,0.30659348
2017,410,8450,1,0.08892124,0.049549483,-0.62708604
2017,410,8451,0,0.1094252,0.11357869,0.041929558
2017,410,8452,0,0.17214207,0.2124363,0.2602194
2017,410,8453,0,0.18347578,0.22674,0.26616257
2017,410,8454,0,0.16177225,0.22175212,0.3896154
2017,410,8455,0,0.15307534,0.19588129,0.29844353
2017,410,8456,1,0.15163925,0.31581894,0.94874805
2017,410,8457,0,0.12811463,0.15449254,0.21794142
2017,410,8458,0,0.07408849,0.110088415,0.43568012
2017,410,8459,0,0.08729454,0.12180787,0.3717048
2017,410,8460,0,0.1420058,0.18204492,0.29617542
2017,410,8461,0,0.1346115,0.18430725,0.3733522
2017,410,8462,0,0.07769271,0.09018699,0.16276307
2017,410,8463,0,0.15514605,0.24229442,0.55465555
2017,410,8464,0,0.27688757,0.31275576,0.17268604
2017,410,8465,1,0.13237439,0.15050891,0.14951102
2017,410,8466,0,0.051419627,0.06256594,0.20802121
2017,410,8467,0,0.06841194,0.07008764,0.02599962
2017,410,8468,0,0.19989827,0.16867536,-0.20811415
2017,410,8470,0,0.3029591,0.26819137,-0.17057182
2017,410,8471,0,0.038869705,0.04487147,0.149851
2017,410,8472,0,0.06412637,0.07514102,0.17035007
2017,410,8473,0,0.1427865,0.12892427,-0.11816724
2017,410,8474,0,0.11415638,0.14122482,0.24381715
2017,410,8475,0,0.352209,0.4949303,0.5890638
2017,410,8476,0,0.15427859,0.16071482,0.048510935
2017,410,8477,0,0.05167268,0.06600596,0.2600455
2017,410,8478,0,0.40726578,0.47512892,0.27571344
2017,410,8479,0,0.070368685,0.089174286,0.25728092
2017,410,8480,0,0.0835346,0.08287663,-0.008625494
2017,410,8481,0,0.040774107,0.03915817,-0.042121463
2017,410,8482,0,0.03883907,0.034981355,-0.10861715
2017,410,8483,0,0.04195615,0.044813868,0.06887979
2017,410,8484,0,0.04572941,0.045242596,-0.011212543
2017,410,8485,0,0.073282085,0.07167553,-0.023898916
2017,458,8404,1,0.405827,0.49849522,0.3752246
2017,458,8405,1,0.4137902,0.44995725,0.14747521
2017,458,8407,0,0.27113032,0.30770582,0.17802846
2017,458,8408,0,0.20644008,0.2586971,0.29376727
2017,458,8411,0,0.14507443,0.16961789,0.18542969
2017,458,8412,0,0.15687053,0.17472811,0.12921798
2017,458,8413,0,0.079126164,0.082702085,0.048091903
2017,458,8414,0,0.057498354,0.073555075,0.26346117
2017,458,8415,0,0.038429826,0.042780798,0.111790694
2017,458,8416,0,0.5401726,0.4993496,-0.16363923
2017,458,8417,0,0.22778277,0.24442822,0.09232035
2017,458,8418,0,0.11160302,0.10122927,-0.109169416
2017,458,8419,0,0.18682353,0.2110055,0.15190849
2017,458,8420,0,0.23162825,0.26527,0.18038498
2017,458,8421,0,0.06109462,0.062315043,0.02107979
2017,458,8422,0,0.11478069,0.10515904,-0.09835999
2017,458,8423,0,0.12492648,0.12750591,0.02338949
2017,458,8424,0,0.07310504,0.076722585,0.052209288
2017,458,8425,0,0.23708586,0.20821789,-0.16697817
2017,458,8426,0,0.17904855,0.242902,0.38597244
2017,458,8427,0,0.12291694,0.10952104,-0.1305498
2017,458,8428,0,0.10112323,0.10230902,0.012977997
2017,458,8430,0,0.20051022,0.25616142,0.31709224
2017,458,8431,0,0.08110141,0.10017435,0.23218653
2017,458,8433,0,0.18400112,0.15109432,-0.23657262
2017,458,8436,0,0.0857623,0.097198404,0.13776256
2017,458,8437,0,0.27308613,0.28699312,0.0689879
2017,458,8438,0,0.14435014,0.16110267,0.12957287
2017,458,8439,1,0.2909876,0.3392398,0.22390857
2017,458,8441,0,0.15740089,0.18917395,0.22230871
2017,458,8442,1,0.40123656,0.4138256,0.052142676
2017,458,8443,0,0.12507921,0.14560498,0.17568977
2017,458,8445,0,0.44774815,0.47908556,0.12606676
2017,458,8447,0,0.2686618,0.350449,0.3843565
2017,458,8448,0,0.14756921,0.15564941,0.06283306
2017,458,8450,1,0.43893373,0.47292107,0.1370687
2017,458,8451,0,0.09640046,0.09656346,0.0018696991
2017,458,8452,1,0.1656992,0.20944363,0.2881375
2017,458,8453,1,0.58027834,0.60651046,0.10875135
2017,458,8454,0,0.21655227,0.30786625,0.47575846
2017,458,8455,0,0.1764454,0.22036438,0.2770742
2017,458,8456,1,0.3501367,0.41584718,0.27859348
2017,458,8457,0,0.29793015,0.31862503,0.09707608
2017,458,8458,0,0.17384908,0.21372259,0.25595912
2017,458,8459,0,0.18196099,0.27837458,0.5505791
2017,458,8460,0,0.15220147,0.15614095,0.030211529
2017,458,8461,1,0.3837227,0.47916076,0.3903717
2017,458,8462,0,0.111082815,0.14021498,0.2662226
2017,458,8463,1,0.18431243,0.26936337,0.48954418
2017,458,8464,1,0.5579278,0.6033127,0.18653087
2017,458,8465,0,0.2050172,0.2092108,0.025537506
2017,458,8466,0,0.13936369,0.17602383,0.27706265
2017,458,8467,0,0.08255447,0.084319524,0.023080941
2017,458,8468,0,0.26623827,0.23040462,-0.19223514
2017,458,8470,0,0.1912986,0.14332955,-0.3463126
2017,458,8472,1,0.18940628,0.24523023,0.32965738
2017,458,8473,0,0.0899764,0.06849017,-0.29619342
2017,458,8474,0,0.16330804,0.21240039,0.3233011
2017,458,8475,0,0.22670487,0.31166342,0.43465754
2017,458,8476,0,0.26430365,0.29035276,0.13004746
2017,458,8477,0,0.0689128,0.0942458,0.34064934
2017,458,8478,1,0.43098113,0.4919686,0.24572113
2017,458,8479,0,0.09774696,0.10416933,0.07077935
2017,458,8480,0,0.10164022,0.114553496,0.13408111
2017,458,8481,0,0.085529424,0.07329703,-0.16762806
2017,458,8482,0,0.052727807,0.048627876,-0.085264996
2017,458,8484,0,0.09014791,0.08706369,-0.03819584
2017,458,8485,0,0.40202373,0.30780715,-0.41335118
2017,124,8401,0,0.44347095,0.56238866,0.47794896
2017,124,8402,1,0.72089857,0.7587652,0.19699876
2017,124,8403,0,0.24675672,0.24399856,-0.014895736
2017,124,8404,0,0.33514762,0.5531049,0.8982178
2017,124,8405,1,0.7559319,0.7643033,0.04591476
2017,124,8406,1,0.44526616,0.470385,0.101217374
2017,124,8407,0,0.11671637,0.11540784,-0.012755007
2017,124,8408,0,0.1932153,0.26771885,0.42302462
2017,124,8409,0,0.074980274,0.0764336,0.020769684
2017,124,8410,0,0.24789058,0.2992515,0.25902978
2017,124,8411,0,0.09711513,0.095332235,-0.020501925
2017,124,8412,0,0.1400263,0.15257607,0.100533865
2017,124,8413,0,0.122690305,0.1263405,0.033486623
2017,124,8414,0,0.15817513,0.18931426,0.21739714
2017,124,8415,0,0.12361653,0.12889642,0.0478676
2017,124,8416,0,0.21316443,0.21435744,0.0070982655
2017,124,8417,0,0.15805157,0.18957344,0.22001326
2017,124,8418,0,0.16014628,0.09960197,-0.5445147
2017,124,8419,0,0.13900569,0.16211638,0.1810082
2017,124,8420,1,0.58239037,0.4174994,-0.6656411
2017,124,8421,0,0.118309215,0.16411965,0.38064992
2017,124,8422,0,0.16117534,0.13654856,-0.1947484
2017,124,8423,0,0.14656927,0.1265518,-0.17003086
2017,124,8424,0,0.098061964,0.08979748,-0.09716396
2017,124,8425,0,0.153021,0.16248019,0.07121191
2017,124,8426,0,0.3275509,0.3443666,0.07538797
2017,124,8427,0,0.14004388,0.14067757,0.0052518984
2017,124,8428,0,0.16318317,0.10312199,-0.5282754
2017,124,8429,0,0.19454448,0.24118973,0.2745794
2017,124,8430,0,0.18148753,0.2202829,0.24228309
2017,124,8431,0,0.058295716,0.066429205,0.13928266
2017,124,8432,0,0.0927653,0.08452046,-0.10212578
2017,124,8433,0,0.112284996,0.09640227,-0.17024392
2017,124,8434,0,0.56796414,0.55331045,-0.059494104
2017,124,8436,0,0.08287481,0.08386487,0.012955561
2017,124,8437,0,0.20777225,0.33008468,0.63060445
2017,124,8438,0,0.12025359,0.19620863,0.5798696
2017,124,8439,0,0.20369574,0.23940152,0.20739046
2017,124,8440,0,0.21160454,0.22664472,0.08792582
2017,124,8441,0,0.1872443,0.18042088,-0.04548232
2017,124,8442,1,0.19802569,0.14981504,-0.33737254
2017,124,8443,0,0.08459188,0.108808614,0.27856296
2017,124,8445,0,0.26921532,0.31049114,0.20078315
2017,124,8448,0,0.20601314,0.18340255,-0.1443358
2017,124,8451,0,0.22286324,0.17571566,-0.29659042
2017,124,8452,0,0.1930694,0.16625082,-0.18224709
2017,124,8454,0,0.17262135,0.1868183,0.09634403
2017,124,8455,0,0.4249455,0.56564355,0.5666024
2017,124,8456,0,0.19162552,0.15176223,-0.28136355
2017,124,8457,0,0.22368181,0.3574961,0.6580896
2017,124,8458,0,0.20040014,0.2560925,0.3174174
2017,124,8459,1,0.21191591,0.33323637,0.6198317
2017,124,8460,0,0.21181017,0.2094109,-0.014431466
2017,124,8461,0,0.15811725,0.2009791,0.2921177
2017,124,8462,1,0.25271183,0.24701013,-0.030421352
2017,124,8463,1,0.5399153,0.5466302,0.027062628
2017,124,8464,1,0.13615328,0.14190516,0.04805844
2017,124,8465,0,0.13082013,0.103605054,-0.2640683
2017,124,8466,0,0.068139076,0.052202456,-0.2833786
2017,124,8467,0,0.10746942,0.09141355,-0.17964186
2017,124,8468,0,0.18072298,0.09304926,-0.76550215
2017,124,8470,0,0.27298167,0.16404498,-0.64888716
2017,124,8471,0,0.04535412,0.049448207,0.09072263
2017,124,8472,0,0.1289412,0.12107348,-0.07195079
2017,124,8473,0,0.14721479,0.1093045,-0.34125006
2017,124,8474,0,0.1880476,0.22927813,0.25035477
2017,124,8475,0,0.59667414,0.6176141,0.08780708
2017,124,8476,0,0.28865218,0.25907612,-0.14883688
2017,124,8477,0,0.1039664,0.10860866,0.04887776
2017,124,8478,1,0.58993196,0.60236496,0.051644817
2017,124,8479,0,0.10605687,0.14367785,0.34659356
2017,124,8480,0,0.12967344,0.11851327,-0.10273589
2017,124,8481,0,0.12891172,0.107251585,-0.2085121
2017,124,8482,0,0.07720513,0.06591601,-0.17024392
2017,124,8483,0,0.07893393,0.072656594,-0.089659154
2017,124,8484,0,0.15227224,0.11903446,-0.28471583
2017,124,8485,0,0.1503413,0.12496299,-0.21432185
2017,484,8402,0,0.37919053,0.42837608,0.20450577
2017,484,8403,0,0.3245675,0.32287928,-0.007711307
2017,484,8404,0,0.35973826,0.5555126,0.79947
2017,484,8406,0,0.27966326,0.35841566,0.36388516
2017,484,8407,0,0.12505616,0.13593225,0.09590224
2017,484,8408,0,0.12161972,0.37040782,1.4467129
2017,484,8409,0,0.07762127,0.072993934,-0.06646941
2017,484,8411,0,0.14058349,0.13553435,-0.0424344
2017,484,8412,0,0.15867212,0.17255422,0.100509524
2017,484,8413,0,0.115620635,0.083296515,-0.3638058
2017,484,8414,0,0.14615166,0.15103225,0.03858088
2017,484,8415,0,0.14815944,0.14159696,-0.052978594
2017,484,8416,0,0.3147567,0.31005836,-0.021872573
2017,484,8417,0,0.21328953,0.27220243,0.32173276
2017,484,8418,0,0.13231021,0.123684525,-0.07730699
2017,484,8419,0,0.16717115,0.20291534,0.23763797
2017,484,8420,0,0.40887,0.33192357,-0.3308591
2017,484,8421,0,0.13272665,0.13426584,0.013306228
2017,484,8422,0,0.14052022,0.11144954,-0.26504368
2017,484,8423,0,0.1349008,0.066461846,-0.7840492
2017,484,8424,0,0.1066822,0.10676751,0.0008947293
2017,484,8425,0,0.14288206,0.1443348,0.011812503
2017,484,8426,0,0.2614051,0.2846642,0.11723652
2017,484,8427,0,0.39018923,0.38292313,-0.030642528
2017,484,8428,0,0.15098546,0.1252358,-0.21686317
2017,484,8429,0,0.24718527,0.29604712,0.24748832
2017,484,8430,0,0.22003807,0.24385199,0.13376881
2017,484,8431,0,0.092299856,0.1354191,0.43200108
2017,484,8432,0,0.19058973,0.1170114,-0.5748581
2017,484,8433,0,0.12586589,0.09954913,-0.26422748
2017,484,8434,0,0.30498698,0.3499509,0.2044065
2017,484,8436,0,0.18720154,0.19271697,0.03584566
2017,484,8437,1,0.212779,0.28321195,0.3796703
2017,484,8438,1,0.14916484,0.17756335,0.20822243
2017,484,8439,0,0.22051768,0.24374248,0.13038246
2017,484,8441,1,0.26029983,0.23012145,-0.16321485
2017,484,8442,0,0.32839474,0.22597513,-0.5157247
2017,484,8443,0,0.0928011,0.112055086,0.20998415
2017,484,8450,0,0.09087247,0.07090338,-0.26986635
2017,484,8451,0,0.19370364,0.049736004,-1.523889
2017,484,8453,0,0.21724045,0.23630577,0.108779915
2017,484,8455,1,0.7361409,0.76086986,0.13144816
2017,484,8456,0,0.17310894,0.121948615,-0.41035354
2017,484,8457,1,0.43916297,0.43348476,-0.023087572
2017,484,8458,0,0.22129369,0.22474603,0.019923493
2017,484,8459,0,0.39540383,0.407453,0.05014848
2017,484,8460,1,0.34981424,0.34125438,-0.03785339
2017,484,8461,0,0.62556326,0.66190636,0.15857157
2017,484,8462,0,0.179559,0.18126729,0.011553114
2017,484,8463,1,0.52089876,0.57564485,0.22127646
2017,484,8465,0,0.16467273,0.24853827,0.51744014
2017,484,8466,0,0.10506795,0.096077815,-0.09944406
2017,484,8467,0,0.079370014,0.08400175,0.061760765
2017,484,8468,0,0.25343752,0.3606864,0.50797564
2017,484,8470,0,0.45295575,0.25777876,-0.8688103
2017,484,8471,0,0.09490273,0.11369143,0.20161276
2017,484,8472,0,0.2128013,0.1721669,-0.26222557
2017,484,8473,0,0.25967062,0.22129509,-0.21045385
2017,484,8475,0,0.25608894,0.45121744,0.8706438
2017,484,8476,0,0.232379,0.22394498,-0.047896605
2017,484,8477,0,0.15212871,0.16504891,0.09687066
2017,484,8479,0,0.12770186,0.17547943,0.37415272
2017,484,8480,0,0.16562264,0.14650322,-0.14532048
2017,484,8481,0,0.113369055,0.11975722,0.062049057
2017,484,8482,0,0.101019554,0.07336436,-0.35017484
2017,484,8483,0,0.10320395,0.099549726,-0.040116295
2017,484,8484,0,0.165639,0.10303196,-0.54712564
2017,484,8485,0,0.1099785,0.07946699,-0.35865045
2017,757,8402,0,0.21397403,0.2720563,0.31692052
2017,757,8403,0,0.19297957,0.06768869,-1.191983
2017,757,8404,0,0.6081848,0.6366922,0.121347636
2017,757,8406,0,0.18780957,0.24874233,0.35897514
2017,757,8407,1,0.29362053,0.42595613,0.579495
2017,757,8408,0,0.13893493,0.17439786,0.26939055
2017,757,8409,0,0.07105325,0.08155027,0.14915426
2017,757,8411,1,0.072696455,0.07966204,0.099040486
2017,757,8412,0,0.15527248,0.16694574,0.08640264
2017,757,8413,0,0.06128949,0.052589413,-0.16231883
2017,757,8414,0,0.08451146,0.11429902,0.3350094
2017,757,8415,0,0.15816294,0.1212057,-0.309101
2017,757,8416,0,0.17058116,0.20942725,0.25313297
2017,757,8417,0,0.17833897,0.23422931,0.3430596
2017,757,8418,0,0.16042474,0.13193083,-0.22892253
2017,757,8419,0,0.14842287,0.13982652,-0.06970691
2017,757,8420,0,0.41504985,0.38368034,-0.130828
2017,757,8421,0,0.06958523,0.07409044,0.067588024
2017,757,8422,0,0.13787746,0.10382429,-0.3224044
2017,757,8423,1,0.14124204,0.124072954,-0.14940105
2017,757,8424,0,0.06933513,0.051916663,-0.3078552
2017,757,8425,0,0.2414093,0.22778106,-0.075914636
2017,757,8426,0,0.24354501,0.26632053,0.119969584
2017,757,8427,0,0.10341399,0.0937728,-0.10856118
2017,757,8428,0,0.09691323,0.0961129,-0.009178469
2017,757,8429,0,0.11208476,0.20736381,0.72873145
2017,757,8430,0,0.18351686,0.22628672,0.2633012
2017,757,8431,0,0.039918777,0.050995287,0.25649047
2017,757,8432,0,0.091682814,0.05049521,-0.64080346
2017,757,8433,0,0.14967252,0.13786949,-0.0959273
2017,757,8434,0,0.26442686,0.21382897,-0.2789125
2017,757,8435,0,0.18309772,0.21962976,0.22767425
2017,757,8436,0,0.16060062,0.20801893,0.31685752
2017,757,8437,0,0.14667547,0.15140775,0.03731509
2017,757,8438,0,0.09111456,0.08793679,-0.038989566
2017,757,8439,0,0.16216268,0.1869054,0.17197913
2017,757,8440,0,0.15197147,0.19412123,0.29577097
2017,757,8441,0,0.13194558,0.12345107,-0.07628272
2017,757,8442,0,0.17197558,0.17201392,0.00026926913
2017,757,8443,0,0.060362127,0.08063071,0.31132427
2017,757,8445,0,0.23991226,0.3228361,0.41239202
2017,757,8446,0,0.1363767,0.18358386,0.35346308
2017,757,8447,1,0.2372889,0.24772051,0.056794126
2017,757,8448,0,0.04313507,0.049728133,0.14914861
2017,757,8449,0,0.5266959,0.5746002,0.1937598
2017,757,8450,0,0.17565584,0.11507589,-0.49384856
2017,757,8451,0,0.07691077,0.06900136,-0.11705163
2017,757,8452,0,0.10202198,0.09628129,-0.06428698
2017,757,8453,0,0.15109438,0.15338531,0.017750721
2017,757,8454,0,0.24456917,0.2887795,0.22647096
2017,757,8455,0,0.23278369,0.2946886,0.31993893
2017,757,8456,0,0.11144295,0.07394087,-0.45158613
2017,757,8457,0,0.1166559,0.18918651,0.56918174
2017,757,8458,0,0.11670835,0.12837282,0.108554065
2017,757,8459,0,0.17190754,0.22995007,0.36357477
2017,757,8460,0,0.09038961,0.1310793,0.4174377
2017,757,8461,0,0.15126996,0.19322573,0.29549012
2017,757,8462,0,0.1189695,0.12560618,0.06184572
2017,757,8463,0,0.16428548,0.19999738,0.2403707
2017,757,8464,0,0.12559284,0.18792243,0.47693437
2017,757,8465,0,0.12573914,0.11266625,-0.12462179
2017,757,8466,0,0.032149587,0.04205967,0.27898175
2017,757,8467,0,0.12043262,0.105415165,-0.15011346
2017,757,8468,1,0.326692,0.32078236,-0.026993608
2017,757,8470,0,0.2007206,0.1870622,-0.08741662
2017,757,8471,0,0.04213752,0.04450791,0.0572062
2017,757,8472,1,0.10819183,0.09186111,-0.18177435
2017,757,8473,0,0.13251123,0.09472269,-0.37835255
2017,757,8474,1,0.1747701,0.18450214,0.066052936
2017,757,8475,0,0.41373512,0.49805406,0.340762
2017,757,8476,0,0.15875985,0.10405185,-0.4855087
2017,757,8477,0,0.08498345,0.100705,0.18706986
2017,757,8478,0,0.12965149,0.19248535,0.47010252
2017,757,8479,0,0.046479043,0.08576894,0.65473336
2017,757,8480,0,0.12910655,0.124465734,-0.041922227
2017,757,8481,0,0.09279715,0.07431919,-0.24221015
2017,757,8482,0,0.08949458,0.055350754,-0.5173016
2017,757,8483,0,0.08683282,0.07785869,-0.11886868
2017,757,8484,0,0.104519024,0.07477349,-0.36758325
2017,757,8485,0,0.13949831,0.13194628,-0.06439554
2017,764,8402,1,0.33478928,0.39859834,0.27529377
2017,764,8403,1,0.6270772,0.62585306,-0.005231118
2017,764,8405,0,0.6242136,0.65523183,0.1346451
2017,764,8406,0,0.3707977,0.40042388,0.12509704
2017,764,8407,0,0.117265195,0.14635184,0.25508136
2017,764,8408,0,0.28088108,0.3285015,0.22512488
2017,764,8409,0,0.033529676,0.042029258,0.23476838
2017,764,8411,0,0.22956248,0.2188363,-0.061677314
2017,764,8412,0,0.17695126,0.18741277,0.070231326
2017,764,8413,0,0.06079371,0.05323205,-0.1408445
2017,764,8414,0,0.052229617,0.066811495,0.26173052
2017,764,8415,0,0.04171078,0.038686574,-0.07841789
2017,764,8418,0,0.07211265,0.063054435,-0.14394589
2017,764,8419,0,0.12989692,0.16065106,0.2484787
2017,764,8420,0,0.21463476,0.3130292,0.51121575
2017,764,8421,0,0.07919398,0.07957465,0.0052086217
2017,764,8422,0,0.10238763,0.0848098,-0.2077484
2017,764,8423,0,0.16815872,0.17876789,0.07401572
2017,764,8425,0,0.15142691,0.1730966,0.15961507
2017,764,8426,0,0.19450913,0.23559056,0.24396473
2017,764,8428,0,0.085500665,0.096749894,0.13598222
2017,764,8429,0,0.1627864,0.19326429,0.20870286
2017,764,8431,0,0.06243968,0.08194403,0.29285827
2017,764,8434,1,0.1736121,0.22363837,0.31565264
2017,764,8437,0,0.17517172,0.21142653,0.23306048
2017,764,8438,0,0.1389681,0.15116933,0.098428
2017,764,8439,0,0.19069855,0.24822824,0.33739337
2017,764,8440,0,0.3445201,0.3682538,0.10349988
2017,764,8441,1,0.3793033,0.41276857,0.13997446
2017,764,8442,0,0.24492837,0.3118724,0.33446667
2017,764,8443,0,0.07257196,0.10580215,0.4134802
2017,764,8445,0,0.23123331,0.31101006,0.4059589
2017,764,8447,0,0.27220222,0.24800378,-0.12580927
2017,764,8448,1,0.16147442,0.16942684,0.05760346
2017,764,8450,0,0.121584095,0.08639894,-0.38090461
2017,764,8451,0,0.101278216,0.091399975,-0.113557465
2017,764,8452,0,0.10683557,0.09244884,-0.1606148
2017,764,8453,0,0.16615498,0.21712269,0.33061317
2017,764,8454,1,0.3280269,0.40973347,0.35205537
2017,764,8455,1,0.4808641,0.48963416,0.035111774
2017,764,8456,0,0.19028644,0.15156126,-0.27425808
2017,764,8457,0,0.20336777,0.29771397,0.5071694
2017,764,8458,0,0.16359064,0.19205564,0.19504282
2017,764,8459,0,0.1789574,0.25241554,0.43765658
2017,764,8460,0,0.1846945,0.23974891,0.33080316
2017,764,8461,1,0.36120728,0.4424061,0.33872533
2017,764,8462,0,0.1636646,0.17258234,0.06377542
2017,764,8463,0,0.4140325,0.46354434,0.20123808
2017,764,8464,0,0.44600654,0.48352948,0.15091331
2017,764,8466,0,0.10599278,0.12941216,0.22617649
2017,764,8467,0,0.13910645,0.09680031,-0.41056213
2017,764,8468,1,0.36531803,0.35603088,-0.040277537
2017,764,8470,0,0.18032332,0.17569487,-0.031633493
2017,764,8471,0,0.13045613,0.12758248,-0.025573315
2017,764,8472,1,0.18278815,0.19134277,0.056261823
2017,764,8473,0,0.1585252,0.11142109,-0.40706435
2017,764,8475,0,0.24865131,0.30653638,0.28945604
2017,764,8476,0,0.2693126,0.27591118,0.033278
2017,764,8477,0,0.07737424,0.09233198,0.19308166
2017,764,8479,0,0.061272964,0.06953729,0.1353672
2017,764,8480,0,0.12224337,0.10384055,-0.1839064
2017,764,8481,0,0.038829394,0.040181786,0.0356443
2017,764,8482,0,0.051667236,0.04540421,-0.13580145
2017,764,8483,0,0.046475068,0.05052151,0.087735966
2017,764,8484,0,0.044985857,0.04549744,0.011843648
2017,764,8485,0,0.07950908,0.07216926,-0.10479928
2017,752,8401,0,0.570581,0.67203116,0.43316397
2017,752,8402,1,0.5831968,0.6439645,0.25670266
2017,752,8403,1,0.30610698,0.20108032,-0.56117284
2017,752,8404,0,0.1813497,0.2590745,0.4564454
2017,752,8405,0,0.24233913,0.31370598,0.35704777
2017,752,8406,0,0.6954409,0.7516932,0.28198218
2017,752,8407,0,0.25379944,0.25903222,0.027445268
2017,752,8408,0,0.1301416,0.15286414,0.18739581
2017,752,8409,0,0.12745644,0.1070352,-0.19775149
2017,752,8410,0,0.22787744,0.2699218,0.22531599
2017,752,8412,0,0.04977567,0.062108908,0.23442751
2017,752,8413,0,0.08269159,0.0686062,-0.20197335
2017,752,8414,0,0.09970123,0.12077627,0.21544914
2017,752,8415,0,0.12335682,0.0861947,-0.39998996
2017,752,8416,0,0.1714081,0.18664281,0.103706844
2017,752,8417,0,0.29654676,0.35615182,0.27169055
2017,752,8418,0,0.07403168,0.07086061,-0.047197104
2017,752,8419,0,0.1444034,0.1480094,0.028888581
2017,752,8420,0,0.18477508,0.2192584,0.21433142
2017,752,8421,0,0.068627454,0.06853119,-0.0015070505
2017,752,8422,0,0.068004824,0.05786957,-0.17220305
2017,752,8423,0,0.13700096,0.120399624,-0.14822558
2017,752,8424,0,0.053415805,0.046583507,-0.14405192
2017,752,8425,0,0.14158747,0.14253461,0.0077711674
2017,752,8426,0,0.13959353,0.17294934,0.2538029
2017,752,8427,0,0.040077817,0.04581345,0.13974768
2017,752,8428,0,0.111012064,0.09780493,-0.14141099
2017,752,8429,0,0.051469073,0.067894295,0.29443905
2017,752,8430,0,0.15846631,0.19957821,0.28075132
2017,752,8431,0,0.03302853,0.04109849,0.2269803
2017,752,8432,0,0.06645423,0.051465895,-0.2715218
2017,752,8433,0,0.1337392,0.13287747,-0.0074585075
2017,752,8434,0,0.09336615,0.10799301,0.16180226
2017,752,8436,0,0.12276921,0.12259645,-0.0016051778
2017,752,8437,0,0.28436527,0.3433532,0.27452385
2017,752,8438,0,0.110756025,0.114497066,0.03743539
2017,752,8439,0,0.23134136,0.29414028,0.3253929
2017,752,8440,0,0.18304391,0.2313981,0.2954258
2017,752,8441,0,0.14575382,0.14130956,-0.036155105
2017,752,8442,0,0.26276904,0.28886446,0.1307202
2017,752,8443,0,0.07192121,0.09665347,0.32257125
2017,752,8447,0,0.8603325,0.7073451,-0.9355296
2017,752,8448,0,0.16875902,0.14022997,-0.21893321
2017,752,8449,0,0.63175863,0.6373346,0.024045285
2017,752,8450,0,0.1518612,0.1330296,-0.15435585
2017,752,8451,0,0.18639219,0.15686622,-0.2081069
2017,752,8452,0,0.33876073,0.29406756,-0.20688832
2017,752,8453,1,0.5474472,0.631616,0.3487942
2017,752,8454,0,0.24927066,0.30048603,0.25752133
2017,752,8455,0,0.16959816,0.22010805,0.32344103
2017,752,8456,1,0.15534174,0.111994974,-0.37721893
2017,752,8458,0,0.17336491,0.1777461,0.03027155
2017,752,8459,0,0.2757315,0.34276062,0.3147186
2017,752,8460,0,0.13302727,0.16812351,0.27546835
2017,752,8461,1,0.6275239,0.6880703,0.2695043
2017,752,8462,0,0.12479944,0.14448589,0.16922438
2017,752,8463,0,0.19246629,0.24009934,0.28192896
2017,752,8464,0,0.10738533,0.12874238,0.2056069
2017,752,8465,0,0.25868258,0.26524693,0.03395387
2017,752,8466,0,0.04162684,0.049891744,0.18977156
2017,752,8467,0,0.094256565,0.08265006,-0.14413778
2017,752,8468,0,0.2586815,0.23927522,-0.103824474
2017,752,8470,0,0.2780399,0.26816747,-0.049734797
2017,752,8471,0,0.072702385,0.080753416,0.11374616
2017,752,8472,1,0.09639901,0.097979926,0.01801787
2017,752,8473,0,0.24348038,0.20522186,-0.2202792
2017,752,8474,0,0.12345365,0.14511675,0.18669753
2017,752,8475,0,0.29072675,0.3839955,0.41923356
2017,752,8476,0,0.348221,0.3116698,-0.16545627
2017,752,8477,0,0.1011775,0.10752462,0.067930005
2017,752,8478,0,0.3062693,0.34654188,0.18334422
2017,752,8479,0,0.06256278,0.08098679,0.27796492
2017,752,8480,0,0.1528206,0.15609212,0.025050927
2017,752,8481,0,0.06866415,0.058734454,-0.16680595
2017,752,8482,0,0.036617555,0.032075398,-0.13714206
2017,752,8483,0,0.061726633,0.058255393,-0.061571654
2017,752,8484,0,0.066930376,0.060929317,-0.100349486
2017,752,8485,1,0.06742352,0.070238486,0.043925487
2017,372,8403,0,0.2697329,0.26154533,-0.041973982
2017,372,8406,0,0.5225474,0.73633444,0.9367523
2017,372,8407,1,0.2361257,0.24547234,0.051131416
2017,372,8409,0,0.14389633,0.12449384,-0.16724761
2017,372,8411,0,0.16443723,0.1670492,0.01889043
2017,372,8412,0,0.29047498,0.29677704,0.030385492
2017,372,8413,0,0.16223091,0.12098109,-0.34145033
2017,372,8414,0,0.09568428,0.1386379,0.41947505
2017,372,8415,0,0.1673802,0.13163422,-0.28227675
2017,372,8418,0,0.13347235,0.106676966,-0.25454345
2017,372,8419,1,0.5322195,0.43812996,-0.37781182
2017,372,8421,0,0.15568665,0.15104774,-0.035728704
2017,372,8422,0,0.1740592,0.13436897,-0.30574158
2017,372,8423,0,0.5662947,0.39005336,-0.7138372
2017,372,8424,0,0.16070601,0.14162296,-0.14889076
2017,372,8425,0,0.23016565,0.23131773,0.0064906944
2017,372,8427,0,0.112127416,0.10792738,-0.04289649
2017,372,8428,0,0.19522187,0.15129383,-0.30805936
2017,372,8429,0,0.20879498,0.2610942,0.29191515
2017,372,8430,0,0.4447308,0.5100708,0.26227257
2017,372,8432,0,0.13758455,0.091415815,-0.4609705
2017,372,8433,0,0.13093075,0.11422603,-0.15552843
2017,372,8434,0,0.2615023,0.28958416,0.14077032
2017,372,8436,0,0.27132052,0.2569304,-0.07405141
2017,372,8437,0,0.34850213,0.46243134,0.47507134
2017,372,8438,0,0.37829506,0.31293568,-0.28963906
2017,372,8441,0,0.23943786,0.25218615,0.06877725
2017,372,8442,1,0.72399116,0.7144012,-0.047489677
2017,372,8443,0,0.10095369,0.16003379,0.5286961
2017,372,8448,0,0.22273792,0.13064867,-0.6454539
2017,372,8450,0,0.27637562,0.25683647,-0.09996499
2017,372,8451,0,0.18913288,0.17035167,-0.12748264
2017,372,8456,1,0.5118475,0.44040045,-0.28693587
2017,372,8457,1,0.7642508,0.6983504,-0.33667225
2017,372,8459,1,0.6565324,0.7584872,0.49652463
2017,372,8460,1,0.3982793,0.3023785,-0.42335728
2017,372,8461,1,0.5040533,0.50446707,0.001655028
2017,372,8462,0,0.23951791,0.2021423,-0.21763408
2017,372,8463,0,0.51158416,0.53862065,0.10844598
2017,372,8465,0,0.21731177,0.22492002,0.044180032
2017,372,8466,0,0.10833618,0.11408366,0.05815957
2017,372,8467,0,0.19001105,0.18031506,-0.06427596
2017,372,8468,0,0.26860166,0.17227538,-0.56785756
2017,372,8470,0,0.5995309,0.5832852,-0.06723664
2017,372,8471,0,0.04763342,0.05077599,0.06719414
2017,372,8472,0,0.3325399,0.2675484,-0.31037706
2017,372,8473,0,0.11821915,0.095619895,-0.23746538
2017,372,8474,0,0.25659266,0.29730365,0.20358345
2017,372,8475,1,0.40700266,0.48762357,0.32685426
2017,372,8477,0,0.13415952,0.14256172,0.070496954
2017,372,8478,1,0.73988116,0.732325,-0.038899995
2017,372,8479,0,0.079485565,0.09384558,0.18179831
2017,372,8480,0,0.20365436,0.18903084,-0.092710786
2017,372,8481,1,0.15525186,0.12090806,-0.28986916
2017,372,8484,0,0.16720241,0.12380377,-0.3513068
2017,372,8485,0,0.20986381,0.22333924,0.07943486
2017,40,8401,0,0.22728328,0.23103599,0.021244649
2017,40,8402,0,0.18557994,0.24523981,0.3548269
2017,40,8403,0,0.15134731,0.09942668,-0.47953832
2017,40,8404,1,0.37150785,0.43470183,0.2630606
2017,40,8405,0,0.2157502,0.28214782,0.35677385
2017,40,8406,0,0.27076134,0.35285243,0.38423884
2017,40,8407,0,0.0988775,0.10011064,0.013763768
2017,40,8408,0,0.11986948,0.16362813,0.3621898
2017,40,8409,0,0.076625146,0.09373056,0.22019765
2017,40,8411,0,0.13196844,0.12857324,-0.029967826
2017,40,8412,0,0.124904126,0.14238851,0.15119517
2017,40,8413,0,0.07529854,0.0616401,-0.21481076
2017,40,8414,0,0.05101517,0.081076875,0.495465
2017,40,8415,0,0.17266017,0.13725878,-0.27135643
2017,40,8416,0,0.21579665,0.21641725,0.0036634468
2017,40,8417,0,0.17529821,0.21670596,0.26356655
2017,40,8418,0,0.12481915,0.097473964,-0.2780475
2017,40,8419,0,0.12973313,0.1265097,-0.02885774
2017,40,8420,1,0.22999208,0.26195,0.17249802
2017,40,8421,0,0.11265342,0.11201372,-0.0064154104
2017,40,8422,0,0.1898239,0.13359368,-0.41839626
2017,40,8423,0,0.091311015,0.07056014,-0.28038517
2017,40,8424,0,0.067345686,0.061665025,-0.094194464
2017,40,8425,0,0.1972429,0.19184044,-0.03447927
2017,40,8426,0,0.117881715,0.13951032,0.19328158
2017,40,8427,0,0.12410617,0.11699914,-0.0670522
2017,40,8428,0,0.14351943,0.117118254,-0.23364584
2017,40,8429,0,0.102649115,0.123026885,0.20405704
2017,40,8430,0,0.13228418,0.1596229,0.21987517
2017,40,8431,0,0.035685033,0.0444155,0.22795205
2017,40,8432,0,0.061172448,0.039480075,-0.46074364
2017,40,8433,0,0.11745786,0.09886399,-0.19318421
2017,40,8434,0,0.14059064,0.14415853,0.029221471
2017,40,8435,0,0.26875567,0.36956063,0.4668429
2017,40,8436,0,0.1581533,0.15929231,0.008529903
2017,40,8437,0,0.14892483,0.15632501,0.057228707
2017,40,8438,0,0.06076137,0.07856948,0.2761712
2017,40,8439,0,0.18721393,0.22968978,0.2581522
2017,40,8440,0,0.18551742,0.2548519,0.40650398
2017,40,8441,1,0.62013966,0.57486653,-0.18840615
2017,40,8442,0,0.17133778,0.17126589,-0.000506405
2017,40,8443,0,0.049555033,0.06454944,0.28024954
2017,40,8444,0,0.27610844,0.532625,1.0945337
2017,40,8445,0,0.15543935,0.18747915,0.22608712
2017,40,8446,0,0.3575474,0.33932737,-0.08026809
2017,40,8448,0,0.17805812,0.16048889,-0.1250353
2017,40,8449,0,0.26648298,0.25905314,-0.03835521
2017,40,8450,0,0.30124083,0.26470527,-0.18025823
2017,40,8451,0,0.09929627,0.09110287,-0.095174275
2017,40,8452,1,0.44567353,0.42940715,-0.06610314
2017,40,8453,1,0.21588704,0.3093722,0.48674163
2017,40,8454,1,0.16675249,0.2154922,0.3166883
2017,40,8455,0,0.19233406,0.26781204,0.42916295
2017,40,8456,0,0.096374534,0.07541028,-0.26823357
2017,40,8457,0,0.24739283,0.3077082,0.30171025
2017,40,8458,0,0.19185925,0.19359107,0.011131249
2017,40,8459,0,0.24311458,0.29320416,0.2558063
2017,40,8460,0,0.12468353,0.16500059,0.32732472
2017,40,8461,0,0.13185698,0.1865338,0.41194665
2017,40,8462,0,0.10885782,0.12022506,0.112160645
2017,40,8463,0,0.26953447,0.30518675,0.17426646
2017,40,8464,0,0.17178413,0.21496046,0.27775532
2017,40,8465,0,0.12325718,0.11197237,-0.10881015
2017,40,8466,0,0.053601492,0.07026306,0.28843144
2017,40,8467,0,0.124097265,0.10326783,-0.20724192
2017,40,8468,0,0.16288969,0.1902275,0.18835
2017,40,8470,0,0.37728876,0.31811118,-0.2613937
2017,40,8471,0,0.03793336,0.041498978,0.09355097
2017,40,8472,0,0.13582864,0.12609647,-0.08554576
2017,40,8473,0,0.089259274,0.071047984,-0.24798869
2017,40,8474,0,0.21435487,0.21825816,0.023026194
2017,40,8475,0,0.3014248,0.40110013,0.4396389
2017,40,8476,1,0.18399586,0.15503223,-0.20615931
2017,40,8477,0,0.057705328,0.07086447,0.21948309
2017,40,8478,0,0.38601157,0.39929447,0.055702932
2017,40,8479,0,0.041409463,0.057718746,0.3492328
2017,40,8480,0,0.105270766,0.08910032,-0.18468463
2017,40,8481,0,0.056611937,0.04955539,-0.14058083
2017,40,8482,0,0.09073991,0.06819805,-0.31007048
2017,40,8483,0,0.08961691,0.082199715,-0.09450643
2017,40,8484,0,0.096663006,0.0839143,-0.15544897
2017,40,8485,0,0.10304664,0.11869352,0.15896164
2017,724,8401,0,0.31026253,0.47116455,0.6834222
2017,724,8402,0,0.2630226,0.3174174,0.26465145
2017,724,8403,0,0.21330018,0.17992136,-0.2117341
2017,724,8404,0,0.23142116,0.3424402,0.54786515
2017,724,8405,0,0.21661754,0.2923788,0.40162903
2017,724,8407,0,0.10536066,0.12647294,0.20652053
2017,724,8408,0,0.14267972,0.14853938,0.047106016
2017,724,8409,0,0.048033763,0.0480958,0.001355817
2017,724,8410,0,0.15790932,0.24950738,0.57262546
2017,724,8411,0,0.1118862,0.111138836,-0.0075433077
2017,724,8412,0,0.18706433,0.21189903,0.155683
2017,724,8413,0,0.068604626,0.057927817,-0.18056025
2017,724,8414,0,0.07441124,0.08619083,0.15976503
2017,724,8415,0,0.12016016,0.07685532,-0.49494705
2017,724,8416,0,0.19606727,0.21154724,0.09543363
2017,724,8417,0,0.15659866,0.18699053,0.2140719
2017,724,8418,0,0.123387605,0.0952724,-0.29015964
2017,724,8419,0,0.13035098,0.13728198,0.059808232
2017,724,8420,0,0.10794118,0.1528651,0.3996415
2017,724,8421,0,0.09137163,0.08533217,-0.075008415
2017,724,8422,0,0.060164873,0.051707633,-0.16044164
2017,724,8423,0,0.13579006,0.122193426,-0.12111516
2017,724,8424,0,0.071923375,0.05423109,-0.3012309
2017,724,8425,0,0.1211547,0.120799065,-0.0033442955
2017,724,8426,0,0.14949802,0.18226884,0.23749281
2017,724,8427,0,0.059887666,0.054434955,-0.1012473
2017,724,8428,0,0.11440604,0.10590852,-0.08672769
2017,724,8430,0,0.14889292,0.1876124,0.27771118
2017,724,8431,0,0.032368653,0.03931068,0.20150584
2017,724,8432,0,0.068032846,0.04520482,-0.43298632
2017,724,8433,0,0.15695664,0.14988767,-0.054433577
2017,724,8434,0,0.1207397,0.16732939,0.38077003
2017,724,8435,0,0.24300167,0.22560358,-0.09701175
2017,724,8436,0,0.07708164,0.07371435,-0.048309647
2017,724,8437,0,0.15938875,0.17911196,0.1404074
2017,724,8438,0,0.08874133,0.09012284,0.016965235
2017,724,8439,0,0.26315776,0.30491138,0.20560208
2017,724,8440,1,0.43622428,0.40567315,-0.12538171
2017,724,8441,0,0.1290689,0.13890997,0.08484337
2017,724,8442,0,0.23913191,0.25375593,0.07876489
2017,724,8443,0,0.03515243,0.044672016,0.24956897
2017,724,8444,0,0.33441854,0.47234467,0.5775334
2017,724,8445,0,0.13694434,0.1880389,0.37810105
2017,724,8446,0,0.31869298,0.41052046,0.39797056
2017,724,8447,0,0.14412326,0.17091613,0.20230898
2017,724,8448,0,0.06795163,0.074442595,0.09822081
2017,724,8449,0,0.67350274,0.6209829,-0.23034841
2017,724,8450,0,0.20354174,0.11770589,-0.6500327
2017,724,8451,0,0.09934085,0.08827273,-0.13033967
2017,724,8452,0,0.17903791,0.19447826,0.10170951
2017,724,8453,0,0.14357585,0.16858388,0.19020538
2017,724,8454,0,0.30888158,0.35583365,0.2118595
2017,724,8455,0,0.32526687,0.36123446,0.1596609
2017,724,8456,0,0.16794106,0.14589478,-0.1668786
2017,724,8457,0,0.13898581,0.18067199,0.31193787
2017,724,8458,0,0.07269744,0.09061243,0.2397939
2017,724,8459,0,0.15982297,0.23513386,0.48000008
2017,724,8460,0,0.11761911,0.13531008,0.16037038
2017,724,8461,0,0.11394373,0.15596518,0.36251476
2017,724,8462,0,0.086362295,0.10664306,0.23338401
2017,724,8463,0,0.17835015,0.21852636,0.25329077
2017,724,8464,0,0.05780156,0.07629609,0.29743022
2017,724,8465,0,0.09215083,0.0964551,0.050403293
2017,724,8466,0,0.035064824,0.038792573,0.104900956
2017,724,8467,0,0.20747234,0.18439709,-0.14660671
2017,724,8468,0,0.20538953,0.21975884,0.08587141
2017,724,8470,0,0.3028409,0.28711438,-0.0756343
2017,724,8471,0,0.06661504,0.05260614,-0.25099456
2017,724,8472,0,0.07629791,0.09156731,0.19909766
2017,724,8473,0,0.09591466,0.07194863,-0.31366962
2017,724,8474,0,0.19684611,0.21683188,0.12189908
2017,724,8475,0,0.41537434,0.4963819,0.32731903
2017,724,8476,0,0.20912209,0.18046977,-0.18294264
2017,724,8477,0,0.08671752,0.10248556,0.18448178
2017,724,8478,1,0.32190818,0.42758143,0.45329064
2017,724,8479,0,0.037933882,0.04359698,0.145047
2017,724,8480,0,0.10719307,0.113348834,0.0627572
2017,724,8481,0,0.072023444,0.05778697,-0.23545343
2017,724,8482,0,0.07054,0.04192926,-0.5505139
2017,724,8483,0,0.11001766,0.0932236,-0.18433431
2017,724,8484,0,0.106340036,0.09548365,-0.11976167
2018,842,8401,0,0.20693931,0.45469308,1.1617479
2018,842,8402,0,0.16545704,0.20702802,0.2752389
2018,842,8403,0,0.11087279,0.20420474,0.721638
2018,842,8404,1,0.217282,0.26495177,0.26118806
2018,842,8405,0,0.2121388,0.2667875,0.30109796
2018,842,8406,0,0.121805735,0.17362265,0.4152732
2018,842,8407,0,0.12815805,0.15536581,0.22422262
2018,842,8408,0,0.39005986,0.4985091,0.44109696
2018,842,8409,0,0.11303664,0.10829951,-0.04813799
2018,842,8410,1,0.20026375,0.28819096,0.48046044
2018,842,8411,0,0.090122595,0.11557077,0.27707958
2018,842,8412,0,0.06370925,0.08276856,0.2822847
2018,842,8413,0,0.12797214,0.10657417,-0.20721345
2018,842,8414,0,0.11217574,0.09965822,-0.13232097
2018,842,8415,0,0.117804624,0.09398887,-0.252489
2018,842,8416,0,0.19456463,0.22048064,0.1577509
2018,842,8417,0,0.12229229,0.16396362,0.341872
2018,842,8418,0,0.12836784,0.07872787,-0.5442907
2018,842,8419,0,0.13088065,0.16922946,0.3020966
2018,842,8420,1,0.15038994,0.19239022,0.29699248
2018,842,8421,0,0.10220414,0.09087516,-0.13002525
2018,842,8422,0,0.10054568,0.102340385,0.019689618
2018,842,8423,0,0.16278906,0.14886817,-0.10588499
2018,842,8424,0,0.100362815,0.08131666,-0.2313908
2018,842,8425,0,0.11541892,0.14351325,0.25013456
2018,842,8426,0,0.09736787,0.13330717,0.35479024
2018,842,8427,0,0.08358461,0.074948885,-0.118432246
2018,842,8428,0,0.1519716,0.12891968,-0.19132414
2018,842,8429,0,0.06569656,0.08683287,0.301821
2018,842,8430,0,0.096183635,0.13300301,0.36570323
2018,842,8431,0,0.0540239,0.06279485,0.1597617
2018,842,8432,0,0.14417027,0.15212862,0.06307385
2018,842,8433,0,0.109191604,0.10624434,-0.030665679
2018,842,8434,0,0.14369375,0.18235263,0.28445503
2018,842,8435,1,0.24834652,0.32294512,0.36718044
2018,842,8436,0,0.10860724,0.094252735,-0.15773343
2018,842,8437,0,0.48192078,0.4406449,-0.16619672
2018,842,8438,0,0.08785221,0.110444374,0.25393602
2018,842,8439,0,0.16930322,0.23475029,0.40889364
2018,842,8440,0,0.13432172,0.21998027,0.59749407
2018,842,8441,0,0.13420497,0.1148888,-0.1774685
2018,842,8442,0,0.26209283,0.27805555,0.0809919
2018,842,8443,0,0.02731611,0.037307907,0.32205403
2018,842,8444,0,0.19410267,0.29706222,0.5622423
2018,842,8445,0,0.1720547,0.24557939,0.44880491
2018,842,8446,0,0.27145913,0.28474626,0.06619335
2018,842,8449,0,0.24945064,0.29847005,0.24695046
2018,842,8450,0,0.14376062,0.10651466,-0.34244683
2018,842,8451,0,0.106465735,0.10710258,0.0066768364
2018,842,8453,0,0.15350261,0.24807023,0.59845847
2018,842,8454,0,0.11628937,0.16788754,0.4273749
2018,842,8455,0,0.14132574,0.20395882,0.4425895
2018,842,8456,1,0.09776491,0.072026044,-0.33366656
2018,842,8457,0,0.13764279,0.1622316,0.19329108
2018,842,8458,0,0.10805197,0.14130673,0.3063166
2018,842,8459,0,0.13291197,0.18529895,0.39460266
2018,842,8460,0,0.069277346,0.11273549,0.5347446
2018,842,8461,1,0.094455615,0.13435538,0.39742014
2018,842,8462,0,0.07115053,0.09078832,0.26510167
2018,842,8463,0,0.14218113,0.1731447,0.23378904
2018,842,8464,0,0.12321142,0.18114954,0.4537857
2018,842,8465,0,0.11419385,0.10449691,-0.09962751
2018,842,8466,0,0.03155855,0.04192456,0.2947885
2018,842,8467,0,0.13837953,0.1298081,-0.07384186
2018,842,8468,0,0.12616779,0.19038107,0.48773974
2018,842,8470,0,0.20162857,0.15280668,-0.33660862
2018,842,8471,0,0.031256665,0.02418034,-0.26397094
2018,842,8472,0,0.07044774,0.091997825,0.29035005
2018,842,8473,0,0.08089993,0.10589771,0.29683554
2018,842,8474,0,0.15060677,0.21275203,0.42143396
2018,842,8475,0,0.14776547,0.18011762,0.23668471
2018,842,8476,0,0.14701691,0.111671336,-0.31558976
2018,842,8477,0,0.09171713,0.13399306,0.4267419
2018,842,8478,0,0.27117687,0.40503907,0.6041477
2018,842,8479,0,0.056787945,0.07293983,0.2675834
2018,842,8480,0,0.14295316,0.13284029,-0.08510009
2018,842,8481,0,0.08304092,0.064805895,-0.26762813
2018,842,8482,0,0.09302511,0.09776464,0.05493282
2018,842,8483,0,0.08832699,0.0868613,-0.0183397
2018,842,8484,0,0.09863151,0.08716498,-0.13622895
2018,842,8485,0,0.077983774,0.074290834,-0.052510563
2018,276,8401,1,0.45195654,0.58156407,0.5219659
2018,276,8402,1,0.17105438,0.21154353,0.26252657
2018,276,8403,0,0.06670597,0.067400426,0.011101258
2018,276,8404,0,0.10434182,0.14581142,0.38204882
2018,276,8405,0,0.26464206,0.3742787,0.50807476
2018,276,8406,0,0.14187686,0.19369711,0.37362432
2018,276,8407,0,0.111655235,0.13487743,0.21543927
2018,276,8408,0,0.13795134,0.18918203,0.3770768
2018,276,8409,0,0.075591005,0.08741648,0.15822148
2018,276,8411,0,0.08336414,0.09866076,0.18529782
2018,276,8412,0,0.071585685,0.09400139,0.29685465
2018,276,8413,0,0.08280784,0.07774663,-0.06857055
2018,276,8414,0,0.07436703,0.079731986,0.075471014
2018,276,8415,0,0.1054152,0.081918016,-0.27811497
2018,276,8416,0,0.11132964,0.14730619,0.32134372
2018,276,8417,0,0.08950763,0.11788779,0.30707556
2018,276,8418,0,0.08990139,0.06555084,-0.34229162
2018,276,8419,0,0.091042906,0.1056471,0.16497082
2018,276,8420,0,0.091916814,0.14380924,0.5064465
2018,276,8421,0,0.058673497,0.056850873,-0.033490878
2018,276,8422,0,0.090295225,0.07167071,-0.25126895
2018,276,8423,0,0.12701784,0.105574146,-0.20918103
2018,276,8424,0,0.0570244,0.04661912,-0.21244262
2018,276,8425,0,0.10872184,0.12327837,0.14211935
2018,276,8426,0,0.058475852,0.086547345,0.42234606
2018,276,8427,0,0.089901835,0.0923901,0.030039331
2018,276,8428,0,0.065835916,0.07218064,0.09882148
2018,276,8429,0,0.035932187,0.046834867,0.2763679
2018,276,8430,0,0.07977307,0.10485303,0.30100605
2018,276,8431,0,0.029010756,0.04229003,0.3906551
2018,276,8432,0,0.07254764,0.073635325,0.016054908
2018,276,8433,0,0.094711855,0.084711485,-0.12257414
2018,276,8434,0,0.082458995,0.110598035,0.32474932
2018,276,8435,0,0.15766568,0.18441269,0.18896785
2018,276,8436,0,0.08475723,0.089965485,0.06534188
2018,276,8437,0,0.14081047,0.18095765,0.29870203
2018,276,8438,0,0.07611577,0.09106982,0.19568954
2018,276,8439,0,0.13951044,0.18365549,0.3275871
2018,276,8440,0,0.09423871,0.13584723,0.41272607
2018,276,8441,0,0.09676517,0.08752271,-0.11056951
2018,276,8442,0,0.13259245,0.1666658,0.2687846
2018,276,8443,0,0.03992287,0.0530673,0.29839718
2018,276,8444,0,0.61133534,0.6450752,0.14453213
2018,276,8445,1,0.35926834,0.4501489,0.37847203
2018,276,8446,1,0.26777872,0.27684706,0.045766316
2018,276,8447,1,0.4422065,0.44244048,0.00094868254
2018,276,8448,1,0.05501959,0.05890286,0.072318114
2018,276,8449,0,0.20729755,0.32188278,0.5961601
2018,276,8450,0,0.14542235,0.09539217,-0.47854006
2018,276,8451,0,0.070230104,0.06580484,-0.0698318
2018,276,8452,0,0.053363718,0.07040355,0.29527718
2018,276,8453,1,0.13300568,0.16767372,0.27243602
2018,276,8454,0,0.11661644,0.1702668,0.44113165
2018,276,8455,0,0.14530012,0.22142825,0.51458645
2018,276,8456,0,0.06529943,0.06315542,-0.03567574
2018,276,8457,0,0.14260928,0.16889124,0.20027938
2018,276,8458,0,0.063023634,0.08511083,0.3242995
2018,276,8459,0,0.06841118,0.092287146,0.3253321
2018,276,8460,0,0.047332168,0.065720394,0.34770972
2018,276,8461,0,0.07099606,0.1102321,0.4831161
2018,276,8462,0,0.044644117,0.07157342,0.5005938
2018,276,8463,0,0.09405503,0.1340161,0.39919212
2018,276,8464,0,0.057234675,0.080292694,0.3632806
2018,276,8465,0,0.06433759,0.06225916,-0.035057295
2018,276,8466,0,0.024453124,0.036398143,0.41007963
2018,276,8467,0,0.12469779,0.10517131,-0.19236568
2018,276,8468,0,0.17316252,0.20848615,0.2293029
2018,276,8470,0,0.22009529,0.16948518,-0.32416904
2018,276,8471,0,0.03410352,0.025390377,-0.30401072
2018,276,8472,0,0.056781597,0.079032846,0.35452455
2018,276,8473,0,0.11732681,0.15049413,0.28726104
2018,276,8474,0,0.092394575,0.12501259,0.33894628
2018,276,8475,0,0.107778795,0.15022023,0.38075843
2018,276,8476,0,0.1729097,0.16629376,-0.046980835
2018,276,8477,0,0.06446506,0.075731196,0.17318252
2018,276,8478,1,0.088552564,0.12863751,0.41837785
2018,276,8479,0,0.05324612,0.06603102,0.22879559
2018,276,8480,0,0.083948046,0.09621005,0.14981163
2018,276,8481,0,0.07590146,0.06166205,-0.22305878
2018,276,8482,0,0.048234846,0.05704092,0.1769826
2018,276,8483,0,0.047672957,0.050879683,0.06847236
2018,276,8484,0,0.08834513,0.07636183,-0.15882717
2018,276,8485,0,0.08552588,0.100590944,0.17885458
2018,392,8401,0,0.33045673,0.33269262,0.010088272
2018,392,8402,1,0.31590524,0.3377288,0.09922229
2018,392,8403,0,0.24572289,0.2837721,0.19572839
2018,392,8404,1,0.25470388,0.2741602,0.10006331
2018,392,8406,1,0.1323073,0.17002821,0.29528302
2018,392,8407,0,0.05925125,0.07382215,0.23548166
2018,392,8408,0,0.07480947,0.09683604,0.28217041
2018,392,8409,0,0.048076995,0.06029649,0.2393899
2018,392,8411,0,0.112234525,0.12292076,0.10305943
2018,392,8412,0,0.0738621,0.072508216,-0.019960713
2018,392,8413,0,0.06439112,0.061420217,-0.05040689
2018,392,8414,0,0.050578326,0.057224087,0.13047636
2018,392,8415,0,0.07215831,0.05889567,-0.21728769
2018,392,8416,0,0.14764678,0.17133741,0.17699997
2018,392,8417,0,0.16288693,0.22046925,0.3739691
2018,392,8418,0,0.086799115,0.061671987,-0.36891022
2018,392,8419,0,0.06733317,0.089329585,0.30654657
2018,392,8420,1,0.22858433,0.31188583,0.42500463
2018,392,8421,0,0.04529646,0.03978145,-0.13558812
2018,392,8422,0,0.06256042,0.059531502,-0.052852973
2018,392,8423,0,0.15393831,0.0980576,-0.51495516
2018,392,8424,0,0.06438854,0.049765103,-0.2731307
2018,392,8425,0,0.081159085,0.082499675,0.017843168
2018,392,8426,0,0.07782097,0.10301478,0.3081615
2018,392,8427,0,0.03351686,0.04347343,0.27045655
2018,392,8428,0,0.08991729,0.087253556,-0.032994445
2018,392,8429,0,0.041858807,0.062338356,0.41988054
2018,392,8430,0,0.0775767,0.11420065,0.42720357
2018,392,8431,0,0.033760633,0.04199712,0.22686638
2018,392,8432,0,0.09885042,0.10275788,0.04311313
2018,392,8433,0,0.13307051,0.1028053,-0.29235747
2018,392,8434,0,0.12346094,0.17380711,0.40117434
2018,392,8435,0,0.3163201,0.40139672,0.3710864
2018,392,8437,1,0.23916979,0.2778573,0.20212135
2018,392,8438,0,0.07069412,0.101388596,0.39418563
2018,392,8439,0,0.18733753,0.22044317,0.20431828
2018,392,8440,0,0.15781152,0.22757618,0.45255402
2018,392,8441,0,0.09658739,0.103326134,0.074929126
2018,392,8442,0,0.22740617,0.19547312,-0.19181569
2018,392,8443,0,0.03463978,0.045145962,0.27584088
2018,392,8444,0,0.26747012,0.29579407,0.14008895
2018,392,8445,1,0.23830904,0.25727224,0.1017778
2018,392,8446,0,0.26446453,0.33145583,0.32128373
2018,392,8447,1,0.34539625,0.39257923,0.2028545
2018,392,8448,0,0.08156463,0.07807048,-0.04758089
2018,392,8449,0,0.2215594,0.24439403,0.12786369
2018,392,8450,0,0.20292807,0.13121301,-0.52218264
2018,392,8451,0,0.1068221,0.112886466,0.06203052
2018,392,8452,0,0.07851812,0.092408575,0.1780791
2018,392,8453,1,0.1548028,0.26915482,0.698503
2018,392,8454,0,0.14598979,0.21910559,0.4955201
2018,392,8455,0,0.15520962,0.18092619,0.18422684
2018,392,8456,1,0.10504702,0.07688325,-0.34310457
2018,392,8457,1,0.12003428,0.14936794,0.2525387
2018,392,8458,0,0.10740634,0.14760634,0.36401266
2018,392,8459,0,0.077500746,0.10711345,0.35622805
2018,392,8460,0,0.081633024,0.1229926,0.45597202
2018,392,8461,0,0.096221864,0.13816458,0.40930855
2018,392,8462,0,0.07308405,0.10638808,0.41207454
2018,392,8463,0,0.13626531,0.17770134,0.31466246
2018,392,8464,1,0.19075446,0.21489637,0.14945555
2018,392,8465,0,0.07359382,0.07083445,-0.041189734
2018,392,8466,0,0.052170757,0.06386839,0.21472076
2018,392,8467,0,0.11401968,0.108802415,-0.05270878
2018,392,8468,0,0.25839436,0.35617334,0.46231863
2018,392,8470,1,0.41701367,0.37831613,-0.16165672
2018,392,8471,0,0.033521753,0.022670005,-0.40231755
2018,392,8472,0,0.06296486,0.08153943,0.27853188
2018,392,8473,0,0.09945285,0.14212903,0.40560046
2018,392,8474,0,0.06998621,0.092012085,0.29759002
2018,392,8475,1,0.198616,0.28262413,0.46348488
2018,392,8476,0,0.15449785,0.12015878,-0.29117686
2018,392,8477,0,0.07288084,0.09091632,0.24075866
2018,392,8478,0,0.34204036,0.5275055,0.7643481
2018,392,8479,0,0.09036748,0.12694201,0.3808845
2018,392,8480,0,0.08636187,0.12469499,0.41018662
2018,392,8481,0,0.063931726,0.0647722,0.013959099
2018,392,8482,0,0.043683153,0.046909384,0.07463459
2018,392,8483,0,0.05289056,0.051219396,-0.033869453
2018,392,8484,0,0.03686735,0.04058403,0.09991474
2018,392,8485,0,0.0733485,0.07994385,0.0932453
2018,156,8401,1,0.37653828,0.40484983,0.118970014
2018,156,8402,0,0.06576916,0.08954623,0.33438435
2018,156,8403,0,0.09015894,0.10667153,0.18649587
2018,156,8404,1,0.14732203,0.17920673,0.23402978
2018,156,8405,0,0.072969064,0.13063705,0.64661354
2018,156,8407,0,0.057243913,0.06859365,0.19299048
2018,156,8408,0,0.04006804,0.06039799,0.43178263
2018,156,8409,0,0.055910934,0.06439373,0.15028213
2018,156,8411,0,0.08691662,0.10635628,0.22336528
2018,156,8412,0,0.048099652,0.06365887,0.29674417
2018,156,8413,0,0.06898569,0.071416244,0.037240293
2018,156,8414,0,0.06525443,0.08028489,0.2234978
2018,156,8415,0,0.079555735,0.077563904,-0.027517242
2018,156,8416,0,0.05990972,0.10032738,0.5595448
2018,156,8417,0,0.09000383,0.12659287,0.38216254
2018,156,8418,0,0.10177955,0.06665614,-0.4616201
2018,156,8419,0,0.28689465,0.2594382,-0.13837646
2018,156,8420,0,0.10205573,0.15786497,0.5003887
2018,156,8421,0,0.046660446,0.044911962,-0.040025033
2018,156,8422,0,0.04108931,0.04240352,0.032854903
2018,156,8423,0,0.11324947,0.11730586,0.03977648
2018,156,8424,0,0.060195502,0.05447199,-0.10598264
2018,156,8425,0,0.0848429,0.10868908,0.2740925
2018,156,8426,0,0.057209786,0.08422515,0.4158418
2018,156,8427,0,0.05877691,0.06547965,0.11513716
2018,156,8428,0,0.038402855,0.052114066,0.3196645
2018,156,8431,0,0.025149114,0.039232753,0.4592417
2018,156,8432,0,0.019108126,0.023852104,0.22660692
2018,156,8433,0,0.058588985,0.052468475,-0.116814554
2018,156,8434,1,0.052299827,0.07311668,0.3572741
2018,156,8436,0,0.034334794,0.041643597,0.20058587
2018,156,8439,0,0.12454305,0.16283141,0.31278446
2018,156,8440,0,0.10086213,0.14093958,0.38017398
2018,156,8441,0,0.045248397,0.048712246,0.077397875
2018,156,8442,0,0.101852,0.12932011,0.26983055
2018,156,8443,0,0.02307241,0.033238575,0.37553433
2018,156,8444,0,0.09811546,0.15629318,0.53227013
2018,156,8445,0,0.090691,0.117549725,0.28938589
2018,156,8446,0,0.14449748,0.2539877,0.7009707
2018,156,8447,0,0.21385357,0.302138,0.464714
2018,156,8448,0,0.037811223,0.043447424,0.1448204
2018,156,8449,0,0.15900588,0.24006674,0.51332974
2018,156,8450,0,0.13035837,0.116949655,-0.123844765
2018,156,8451,0,0.08495372,0.10356331,0.21862344
2018,156,8452,0,0.1681024,0.1640084,-0.029565006
2018,156,8453,0,0.065214716,0.119536325,0.66580343
2018,156,8454,0,0.3381249,0.3418854,0.016757887
2018,156,8455,0,0.07448398,0.103660785,0.3625723
2018,156,8456,0,0.037435636,0.033537216,-0.114009246
2018,156,8457,0,0.037698243,0.052429598,0.3452848
2018,156,8458,0,0.028204286,0.03891481,0.33298343
2018,156,8459,0,0.034507997,0.054279134,0.47363898
2018,156,8460,0,0.033048663,0.045411684,0.3306564
2018,156,8461,0,0.023143701,0.034484964,0.41047862
2018,156,8462,0,0.033385895,0.049273018,0.40581554
2018,156,8463,0,0.12514496,0.17573795,0.39909086
2018,156,8464,0,0.051847003,0.07856671,0.44423664
2018,156,8465,0,0.106618404,0.11854414,0.11946823
2018,156,8466,0,0.018240452,0.025212001,0.33080482
2018,156,8467,0,0.08711924,0.092087984,0.060924545
2018,156,8468,0,0.076367125,0.10132,0.3101192
2018,156,8470,0,0.11643025,0.120091386,0.035112847
2018,156,8471,0,0.030844444,0.027915444,-0.10279408
2018,156,8472,0,0.031222412,0.040052105,0.25820124
2018,156,8473,0,0.06923399,0.09440348,0.33749998
2018,156,8475,0,0.04967011,0.08274818,0.5458257
2018,156,8476,0,0.1102011,0.111266576,0.010820269
2018,156,8477,0,0.059273515,0.07912085,0.31013763
2018,156,8478,0,0.074130215,0.11803208,0.51371115
2018,156,8479,0,0.048016842,0.06921829,0.38823593
2018,156,8480,0,0.062725335,0.06469086,0.032953665
2018,156,8481,0,0.058467075,0.06396846,0.095786616
2018,156,8482,0,0.043995198,0.051387493,0.16307697
2018,156,8483,0,0.05581349,0.05743113,0.030285686
2018,156,8484,0,0.06194684,0.05612039,-0.10496961
2018,380,8401,0,0.28791472,0.62861854,1.4318283
2018,380,8402,1,0.2520664,0.3112878,0.2935162
2018,380,8403,0,0.107507326,0.08806761,-0.22100168
2018,380,8404,0,0.148224,0.17382218,0.18982174
2018,380,8405,0,0.17145191,0.2633999,0.5470003
2018,380,8406,1,0.5300157,0.5668331,0.14873427
2018,380,8407,0,0.40484506,0.38659418,-0.076333985
2018,380,8408,1,0.23788144,0.29437307,0.290091
2018,380,8409,0,0.09714831,0.1041425,0.07729846
2018,380,8411,0,0.12108757,0.13344339,0.111321226
2018,380,8412,0,0.10745124,0.10432177,-0.03305719
2018,380,8413,0,0.09336841,0.079023674,-0.18250369
2018,380,8414,0,0.08984975,0.07910834,-0.13905323
2018,380,8415,0,0.15785062,0.12584879,-0.26386404
2018,380,8416,0,0.12513855,0.14444512,0.1657934
2018,380,8417,0,0.40698266,0.4583865,0.20961317
2018,380,8418,0,0.09373958,0.06891624,-0.33465123
2018,380,8419,0,0.15507607,0.17081772,0.11548784
2018,380,8420,0,0.17941648,0.25021684,0.42284977
2018,380,8421,0,0.081144914,0.06608516,-0.22154938
2018,380,8422,0,0.08972708,0.07350193,-0.21712843
2018,380,8423,0,0.12728067,0.11642444,-0.10151494
2018,380,8424,0,0.0858494,0.065289535,-0.29600433
2018,380,8425,0,0.1391,0.1381196,-0.008211412
2018,380,8426,0,0.068021856,0.09515987,0.36528048
2018,380,8427,0,0.06619887,0.061953902,-0.070808455
2018,380,8428,0,0.094737865,0.10465889,0.110612445
2018,380,8429,0,0.041330922,0.054435484,0.28916916
2018,380,8430,0,0.09581443,0.12715341,0.31825575
2018,380,8431,0,0.02943303,0.04547002,0.451597
2018,380,8432,0,0.049106915,0.051916946,0.058604944
2018,380,8433,0,0.08229409,0.081884935,-0.0054299706
2018,380,8434,0,0.13097674,0.17471473,0.33977565
2018,380,8435,0,0.11251255,0.13081655,0.17157137
2018,380,8436,0,0.08158185,0.085151345,0.046717543
2018,380,8438,0,0.17323826,0.19440345,0.14120138
2018,380,8439,1,0.13851166,0.17646928,0.28725305
2018,380,8440,1,0.21312174,0.26022625,0.2614172
2018,380,8441,0,0.207327,0.18486275,-0.14262928
2018,380,8442,0,0.26496136,0.26020586,-0.0245598
2018,380,8443,0,0.035137206,0.04478551,0.25267404
2018,380,8444,0,0.20540038,0.28650364,0.4404513
2018,380,8445,0,0.20718858,0.26233461,0.3080865
2018,380,8446,1,0.22386332,0.20045403,-0.1401662
2018,380,8447,0,0.50336856,0.40731066,-0.38856864
2018,380,8448,1,0.0734172,0.07555203,0.030969948
2018,380,8449,0,0.2981914,0.35598478,0.26309064
2018,380,8450,0,0.1790091,0.13939156,-0.29727742
2018,380,8451,0,0.25931117,0.19618645,-0.36075
2018,380,8453,1,0.0797478,0.08772953,0.104100615
2018,380,8454,0,0.15750149,0.22064365,0.4150176
2018,380,8455,0,0.101162046,0.1270857,0.25740337
2018,380,8456,0,0.041885424,0.0359357,-0.15939742
2018,380,8457,0,0.058124088,0.08460511,0.40393248
2018,380,8458,0,0.08895118,0.12259178,0.35839626
2018,380,8459,0,0.110701405,0.15488337,0.38679418
2018,380,8460,0,0.05226217,0.07418953,0.37375882
2018,380,8461,0,0.06774289,0.10394539,0.46775353
2018,380,8462,0,0.05717098,0.078636974,0.34182635
2018,380,8463,0,0.08493424,0.122412995,0.407343
2018,380,8464,0,0.104497224,0.13730805,0.31039402
2018,380,8465,0,0.09451222,0.110800214,0.1771514
2018,380,8466,0,0.040822007,0.05862578,0.38068908
2018,380,8467,0,0.13662791,0.11451612,-0.20183413
2018,380,8468,0,0.2163687,0.2376421,0.12130442
2018,380,8470,0,0.24385324,0.24074794,-0.016914329
2018,380,8471,0,0.048778445,0.03772986,-0.26838502
2018,380,8472,0,0.13302974,0.1570327,0.19395794
2018,380,8473,0,0.10618076,0.1370757,0.29056704
2018,380,8474,0,0.4295866,0.4315314,0.0079322215
2018,380,8475,0,0.41079012,0.44855106,0.15417336
2018,380,8476,0,0.1317007,0.13797244,0.053771377
2018,380,8477,0,0.102948196,0.1316788,0.27869168
2018,380,8478,0,0.1306062,0.17025664,0.31179997
2018,380,8479,0,0.06400664,0.06954719,0.088955715
2018,380,8480,1,0.12745735,0.10691053,-0.19906473
2018,380,8481,0,0.08642841,0.07103045,-0.21292187
2018,380,8482,0,0.08626894,0.09518612,0.10817143
2018,380,8483,0,0.11534075,0.10634275,-0.09134325
2018,380,8484,0,0.09626865,0.07785477,-0.23246822
2018,380,8485,0,0.10610241,0.14933234,0.39133918
2018,826,8401,1,0.6478971,0.7249753,0.35946837
2018,826,8402,0,0.102262236,0.13308379,0.2983742
2018,826,8403,0,0.23715574,0.25112575,0.07571975
2018,826,8404,0,0.13016616,0.17332713,0.33726218
2018,826,8405,0,0.19028707,0.25013527,0.35025516
2018,826,8406,0,0.16574875,0.2562437,0.550477
2018,826,8408,0,0.61009187,0.6249473,0.06290247
2018,826,8409,0,0.070687994,0.07830304,0.11053867
2018,826,8410,1,0.34288195,0.41410792,0.30346844
2018,826,8411,0,0.09747299,0.12574801,0.28653464
2018,826,8412,0,0.11081415,0.13789497,0.24956706
2018,826,8413,0,0.09200161,0.076417916,-0.20260602
2018,826,8414,0,0.085410744,0.09451969,0.11134569
2018,826,8415,0,0.11581804,0.099605635,-0.16897157
2018,826,8416,0,0.13930573,0.17420776,0.2649737
2018,826,8418,0,0.10671229,0.07287847,-0.41851896
2018,826,8419,0,0.106001176,0.12302545,0.16816765
2018,826,8420,1,0.16678101,0.26262897,0.57626605
2018,826,8421,0,0.08782879,0.076383494,-0.152092
2018,826,8422,0,0.080070816,0.06405257,-0.24047005
2018,826,8423,0,0.121973455,0.100038886,-0.22291914
2018,826,8424,0,0.07551294,0.06816831,-0.11023726
2018,826,8425,0,0.16187075,0.16295344,0.007958927
2018,826,8426,0,0.07494594,0.105995,0.38076574
2018,826,8427,0,0.09362006,0.08961395,-0.048143893
2018,826,8428,0,0.08614789,0.10107989,0.17632033
2018,826,8429,0,0.028275,0.03877022,0.32653388
2018,826,8430,0,0.058433354,0.081081726,0.3519186
2018,826,8431,0,0.030645644,0.04322106,0.35689524
2018,826,8432,0,0.044616383,0.041255727,-0.08182273
2018,826,8433,0,0.16491883,0.13238904,-0.25792304
2018,826,8434,0,0.21542738,0.2933071,0.41313934
2018,826,8435,1,0.31624186,0.41167948,0.41407007
2018,826,8436,0,0.14353651,0.13245724,-0.093182646
2018,826,8437,0,0.087126635,0.11511508,0.30970922
2018,826,8438,0,0.05383054,0.06544934,0.2077913
2018,826,8439,0,0.1680972,0.22802992,0.37970427
2018,826,8440,0,0.16174686,0.21899338,0.37374544
2018,826,8441,1,0.13134135,0.10142734,-0.29231426
2018,826,8442,0,0.23832421,0.24479899,0.035342485
2018,826,8443,1,0.044288315,0.0612958,0.34294632
2018,826,8444,1,0.3333619,0.4393112,0.44906062
2018,826,8445,1,0.17719732,0.23290153,0.3434529
2018,826,8446,1,0.8674164,0.8415196,-0.20872746
2018,826,8447,0,0.6236741,0.57605195,-0.19858544
2018,826,8448,0,0.08147232,0.060994174,-0.31153455
2018,826,8449,1,0.5870676,0.5983546,0.046757825
2018,826,8450,0,0.18177815,0.12837638,-0.41104484
2018,826,8451,0,0.13743171,0.10965411,-0.2574918
2018,826,8452,0,0.113990605,0.12537606,0.10813528
2018,826,8453,0,0.121039055,0.1748921,0.43128216
2018,826,8454,0,0.20561013,0.3157527,0.5782325
2018,826,8455,0,0.20027255,0.25285003,0.30112243
2018,826,8456,0,0.13597474,0.10746872,-0.26772892
2018,826,8457,1,0.19863209,0.24154769,0.25065276
2018,826,8458,0,0.13951628,0.17585494,0.27462626
2018,826,8459,0,0.17167473,0.2392013,0.416741
2018,826,8460,0,0.07880503,0.09429044,0.19635603
2018,826,8461,0,0.14151213,0.18650842,0.32992792
2018,826,8462,0,0.05863916,0.08360536,0.38158408
2018,826,8463,0,0.14624667,0.1927744,0.3322649
2018,826,8464,0,0.14503706,0.19549043,0.3593475
2018,826,8465,1,0.24730167,0.31690368,0.34501752
2018,826,8466,0,0.050263576,0.063375205,0.24569371
2018,826,8467,0,0.09781973,0.08688654,-0.13056888
2018,826,8468,0,0.20075083,0.25399342,0.3041822
2018,826,8470,0,0.34167278,0.28598344,-0.25912368
2018,826,8471,0,0.030145368,0.023311496,-0.26410636
2018,826,8472,0,0.22950917,0.20671201,-0.13377506
2018,826,8473,0,0.09745426,0.1188043,0.22203413
2018,826,8474,0,0.11818242,0.15431121,0.30857584
2018,826,8475,0,0.10941231,0.1465364,0.3347289
2018,826,8476,0,0.15727443,0.12684661,-0.25048357
2018,826,8477,0,0.057216026,0.07754886,0.325877
2018,826,8478,0,0.09012916,0.1392153,0.49023628
2018,826,8479,0,0.08634149,0.09955523,0.15697032
2018,826,8480,0,0.15018587,0.13706632,-0.10672888
2018,826,8481,0,0.08615703,0.075579494,-0.14249487
2018,826,8482,0,0.07833779,0.081718765,0.045928743
2018,826,8483,0,0.09669979,0.087594874,-0.10891793
2018,826,8484,0,0.0821122,0.07434924,-0.10773483
2018,826,8485,0,0.08114239,0.088481516,0.09460726
2018,251,8401,1,0.33405063,0.56054157,0.9332813
2018,251,8403,0,0.093376204,0.077695,-0.20099396
2018,251,8404,0,0.2710623,0.29846218,0.13460803
2018,251,8407,0,0.1471086,0.14020936,-0.05609103
2018,251,8408,1,0.22902541,0.27733186,0.25608733
2018,251,8409,0,0.09818829,0.099621184,0.01607805
2018,251,8411,0,0.14079678,0.16547738,0.19066255
2018,251,8412,0,0.21621867,0.21118918,-0.029932452
2018,251,8413,0,0.11620641,0.09867093,-0.1832244
2018,251,8414,0,0.114241116,0.09847741,-0.16612437
2018,251,8415,0,0.16566041,0.14415784,-0.16447659
2018,251,8416,0,0.20875715,0.21480258,0.036217537
2018,251,8417,0,0.116135806,0.159253,0.36574644
2018,251,8418,0,0.17487273,0.10651679,-0.5753457
2018,251,8419,0,0.13426557,0.15359,0.15704118
2018,251,8420,0,0.15998872,0.23887944,0.49947917
2018,251,8421,0,0.08905706,0.074477956,-0.19465192
2018,251,8422,0,0.09731125,0.08735558,-0.11889614
2018,251,8424,0,0.14377931,0.11779463,-0.22923362
2018,251,8425,0,0.12352786,0.12580691,0.020885285
2018,251,8426,0,0.100081004,0.13409434,0.33109248
2018,251,8427,0,0.057858612,0.05784922,-0.00017227506
2018,251,8428,0,0.15222809,0.16298161,0.08102303
2018,251,8429,0,0.05350901,0.072664686,0.32645172
2018,251,8430,0,0.122425,0.16180743,0.3248229
2018,251,8431,0,0.03382763,0.050941363,0.427269
2018,251,8432,0,0.04594499,0.039562944,-0.15621911
2018,251,8433,0,0.13533053,0.12618445,-0.0804975
2018,251,8434,1,0.27553266,0.34271568,0.31551504
2018,251,8435,0,0.13702795,0.16552414,0.22251064
2018,251,8436,0,0.10975846,0.11631468,0.065408945
2018,251,8438,0,0.09095481,0.10294056,0.13706154
2018,251,8439,0,0.14283825,0.19616216,0.38145778
2018,251,8440,0,0.34544778,0.3708093,0.11036339
2018,251,8441,0,0.17616175,0.16012311,-0.114740774
2018,251,8442,0,0.3174498,0.26981077,-0.23006652
2018,251,8443,0,0.03662356,0.053868063,0.4039082
2018,251,8444,1,0.5744685,0.5854432,0.04505277
2018,251,8445,0,0.30257204,0.38959166,0.38605088
2018,251,8446,1,0.5968134,0.5038257,-0.37690166
2018,251,8447,1,0.35853764,0.3279232,-0.13587637
2018,251,8448,1,0.13082428,0.089808755,-0.42228216
2018,251,8449,0,0.2732912,0.26649085,-0.034512218
2018,251,8450,1,0.25902802,0.1910609,-0.3921048
2018,251,8451,1,0.18050909,0.13836356,-0.31604654
2018,251,8453,0,0.1655309,0.2092411,0.2881319
2018,251,8454,0,0.48820376,0.5097627,0.0862496
2018,251,8455,0,0.18087995,0.23155206,0.31082907
2018,251,8456,0,0.13622993,0.09089738,-0.45576417
2018,251,8457,0,0.08667075,0.1137803,0.30228457
2018,251,8458,0,0.16542141,0.25868347,0.56560826
2018,251,8459,0,0.16799864,0.2120831,0.2874638
2018,251,8460,0,0.22818336,0.31509712,0.4422015
2018,251,8461,0,0.1235668,0.16200905,0.31572342
2018,251,8462,0,0.18541746,0.23148078,0.28009707
2018,251,8463,0,0.21757564,0.24113017,0.13335738
2018,251,8464,0,0.18117824,0.21786949,0.23025973
2018,251,8465,0,0.20085768,0.1852468,-0.10025384
2018,251,8466,0,0.032751426,0.05279238,0.49835747
2018,251,8467,0,0.21279559,0.17191018,-0.26399365
2018,251,8468,0,0.26505664,0.30279216,0.18581294
2018,251,8470,0,0.26658475,0.18848288,-0.44787842
2018,251,8471,0,0.028980993,0.022906039,-0.24147624
2018,251,8472,0,0.12842509,0.14212263,0.11718517
2018,251,8473,0,0.10122884,0.1339122,0.31684288
2018,251,8475,0,0.17614046,0.22498743,0.30588368
2018,251,8476,0,0.16290787,0.14648409,-0.12569813
2018,251,8477,0,0.123758465,0.15105242,0.23093942
2018,251,8478,1,0.33326194,0.48551074,0.6354952
2018,251,8479,0,0.098631375,0.110723734,0.12915516
2018,251,8480,0,0.12582695,0.11158239,-0.13630784
2018,251,8481,0,0.10228818,0.0835874,-0.22251886
2018,251,8482,0,0.103879854,0.102931574,-0.010228187
2018,251,8483,0,0.10183198,0.09798372,-0.042798214
2018,251,8484,0,0.1341188,0.114302784,-0.18250255
2018,251,8485,0,0.13145436,0.13620187,0.040959425
2018,490,8401,0,0.803983,0.8248701,0.13832127
2018,490,8402,0,0.15780209,0.26497173,0.65438753
2018,490,8403,0,0.15857174,0.21243583,0.3585887
2018,490,8404,0,0.19664803,0.23854747,0.24671793
2018,490,8405,0,0.39562503,0.5381262,0.5765294
2018,490,8406,1,0.33260533,0.34325814,0.047616743
2018,490,8407,1,0.21992067,0.25007805,0.16793269
2018,490,8408,0,0.16631372,0.22182003,0.35688987
2018,490,8409,0,0.10133008,0.10444757,0.03377699
2018,490,8410,0,0.5101421,0.5644719,0.21875739
2018,490,8411,1,0.14408757,0.15918906,0.117472686
2018,490,8412,0,0.07800459,0.08110875,0.04239556
2018,490,8413,0,0.074259035,0.07164619,-0.038637783
2018,490,8414,0,0.073217176,0.09032845,0.22865815
2018,490,8415,0,0.12883604,0.09827249,-0.3052786
2018,490,8416,0,0.24817447,0.2860921,0.19393213
2018,490,8417,0,0.18168908,0.20204946,0.13141145
2018,490,8418,0,0.08551883,0.06392546,-0.314357
2018,490,8419,0,0.07617543,0.10125309,0.312105
2018,490,8420,0,0.21249016,0.2581725,0.25449127
2018,490,8421,0,0.060447298,0.05543486,-0.09188389
2018,490,8422,0,0.05142406,0.050985537,-0.009026179
2018,490,8423,0,0.15651655,0.12414249,-0.26939505
2018,490,8424,0,0.07805877,0.060672965,-0.270646
2018,490,8425,0,0.12291692,0.127996,0.046297975
2018,490,8426,0,0.08653445,0.1316965,0.4706618
2018,490,8427,0,0.109462224,0.10044064,-0.09609229
2018,490,8428,1,0.096177794,0.15381344,0.5354348
2018,490,8429,1,0.23674555,0.3394766,0.50497806
2018,490,8430,1,0.17745632,0.26599845,0.5186565
2018,490,8431,0,0.05266077,0.07681226,0.40331808
2018,490,8432,0,0.11033141,0.08548736,-0.28266248
2018,490,8433,0,0.14135727,0.11416351,-0.24483812
2018,490,8434,0,0.23722288,0.29450098,0.2943428
2018,490,8435,0,0.16909964,0.18281206,0.094611235
2018,490,8436,0,0.077204384,0.10381833,0.325451
2018,490,8437,1,0.14620629,0.17213975,0.19413327
2018,490,8438,0,0.056262396,0.0864723,0.46233237
2018,490,8439,0,0.113393895,0.16709028,0.45014244
2018,490,8440,0,0.22520843,0.30343762,0.40458637
2018,490,8441,0,0.09312415,0.09800029,0.056428142
2018,490,8442,1,0.22400513,0.22706392,0.017512148
2018,490,8443,0,0.042869303,0.05742438,0.30763683
2018,490,8444,1,0.26596904,0.3068353,0.20021474
2018,490,8445,0,0.1603111,0.23255944,0.462
2018,490,8446,1,0.2707022,0.3161991,0.21976796
2018,490,8447,1,0.16562274,0.2192443,0.3468975
2018,490,8448,0,0.09201892,0.06500489,-0.37684944
2018,490,8449,0,0.26788467,0.39072898,0.5611324
2018,490,8450,0,0.22793129,0.13668174,-0.62309897
2018,490,8451,1,0.10091671,0.09855545,-0.026298929
2018,490,8452,0,0.056812,0.05839627,0.029185575
2018,490,8453,0,0.12932019,0.18715596,0.438386
2018,490,8454,0,0.17075434,0.22535776,0.3455784
2018,490,8455,0,0.101826355,0.124951944,0.23074484
2018,490,8456,0,0.14236344,0.11603355,-0.23474257
2018,490,8457,1,0.108953424,0.15024875,0.36882472
2018,490,8458,0,0.08972354,0.10841045,0.20993383
2018,490,8459,1,0.1245952,0.17356123,0.3890209
2018,490,8460,0,0.08213114,0.142106,0.61582994
2018,490,8461,0,0.07067699,0.10251185,0.40671498
2018,490,8462,0,0.071248755,0.10784307,0.45469874
2018,490,8463,1,0.081191786,0.12942825,0.5202399
2018,490,8464,1,0.23669454,0.29599008,0.3044213
2018,490,8465,0,0.07965212,0.06566345,-0.20821115
2018,490,8466,1,0.041783586,0.046970233,0.122437894
2018,490,8467,0,0.17513567,0.1531979,-0.1600785
2018,490,8468,0,0.37203288,0.41507757,0.1804918
2018,490,8470,1,0.2781944,0.20867871,-0.37947252
2018,490,8471,0,0.054917514,0.034846775,-0.47588626
2018,490,8472,1,0.11116841,0.12423138,0.12590541
2018,490,8473,0,0.15493047,0.2103305,0.3735081
2018,490,8474,0,0.08975819,0.12552588,0.37548026
2018,490,8475,0,0.35249865,0.21543323,-0.6844065
2018,490,8476,0,0.14877652,0.12704138,-0.1831458
2018,490,8477,0,0.053366162,0.07026845,0.29316258
2018,490,8478,0,0.23439309,0.30496478,0.35990325
2018,490,8479,0,0.12388474,0.19054846,0.50969565
2018,490,8480,0,0.06003553,0.06749544,0.12509146
2018,490,8481,0,0.07523791,0.0683488,-0.1034531
2018,490,8482,0,0.065568395,0.07481003,0.14179751
2018,490,8483,0,0.08664092,0.094492406,0.09538079
2018,490,8484,0,0.08533827,0.0821924,-0.040993672
2018,490,8485,0,0.061381772,0.07489764,0.21351393
2018,702,8402,1,0.22545396,0.2717825,0.24856348
2018,702,8405,0,0.6015544,0.5844357,-0.070936665
2018,702,8406,1,0.5276681,0.5723856,0.18080565
2018,702,8407,0,0.26721382,0.3093405,0.20560047
2018,702,8408,1,0.3026678,0.33978683,0.1703818
2018,702,8409,0,0.039300345,0.05051553,0.2627902
2018,702,8411,0,0.19203295,0.1971834,0.032862265
2018,702,8412,0,0.05652416,0.06404233,0.1328767
2018,702,8413,0,0.05358293,0.056201898,0.05049116
2018,702,8414,0,0.042973354,0.05131322,0.18612076
2018,702,8416,0,0.37058774,0.39033514,0.08379257
2018,702,8418,0,0.10239298,0.09950574,-0.031814393
2018,702,8419,0,0.108419575,0.14120086,0.30163524
2018,702,8420,0,0.20450644,0.25753754,0.29955646
2018,702,8421,0,0.041030772,0.03924141,-0.04645407
2018,702,8422,0,0.08093747,0.07795356,-0.04080518
2018,702,8423,1,0.19032066,0.18547188,-0.031777684
2018,702,8424,0,0.07597964,0.06767602,-0.124679774
2018,702,8425,0,0.12794754,0.1536138,0.21269521
2018,702,8427,0,0.13450788,0.15819615,0.18996422
2018,702,8428,0,0.09931022,0.10972187,0.11132725
2018,702,8430,1,0.46343043,0.48995376,0.10634959
2018,702,8431,0,0.046214387,0.06754819,0.40217164
2018,702,8432,0,0.22783937,0.23042852,0.01465849
2018,702,8433,1,0.43628398,0.44828287,0.048646294
2018,702,8434,1,0.30527177,0.31014216,0.02286348
2018,702,8435,1,0.32605296,0.35413557,0.1251818
2018,702,8436,0,0.13831733,0.1544168,0.12896538
2018,702,8437,0,0.20960046,0.24592853,0.20688921
2018,702,8438,0,0.11663843,0.15466976,0.32622078
2018,702,8439,0,0.2599813,0.38486996,0.57713765
2018,702,8440,1,0.61339515,0.62916607,0.06703465
2018,702,8441,0,0.1376176,0.14568813,0.066391855
2018,702,8442,1,0.466348,0.55613786,0.36031416
2018,702,8443,0,0.056560043,0.066830106,0.17779632
2018,702,8445,1,0.2643493,0.31017083,0.22416331
2018,702,8446,1,0.70009357,0.70901734,0.042872768
2018,702,8448,0,0.1893763,0.19928876,0.063322276
2018,702,8449,1,0.45869076,0.4799569,0.08539894
2018,702,8451,0,0.19547394,0.20295861,0.04692175
2018,702,8452,0,0.17776641,0.16819876,-0.06689296
2018,702,8453,0,0.16726531,0.37826458,1.1082132
2018,702,8454,1,0.6608996,0.6691547,0.03705876
2018,702,8455,0,0.17027654,0.19674209,0.17688644
2018,702,8456,1,0.12970448,0.105889715,-0.22985683
2018,702,8457,0,0.28159007,0.3017823,0.097763084
2018,702,8458,0,0.22067043,0.24391322,0.13042004
2018,702,8459,0,0.16468988,0.2034243,0.25871074
2018,702,8460,0,0.18737435,0.21465427,0.17006658
2018,702,8461,0,0.16307232,0.1761594,0.09295597
2018,702,8462,0,0.40077987,0.41995367,0.07925304
2018,702,8463,1,0.57464373,0.43642706,-0.55649865
2018,702,8464,0,0.22899039,0.26044983,0.1703889
2018,702,8465,0,0.104219265,0.1075507,0.03519119
2018,702,8466,0,0.13998434,0.191747,0.3767216
2018,702,8467,0,0.13596773,0.1441564,0.068003505
2018,702,8468,0,0.24867162,0.30290744,0.27221856
2018,702,8470,0,0.18185234,0.16771674,-0.0980484
2018,702,8471,1,0.028947512,0.024318213,-0.17901471
2018,702,8473,0,0.07031864,0.100675404,0.3920623
2018,702,8474,1,0.119672,0.14393987,0.21259485
2018,702,8475,1,0.3911206,0.4651702,0.3030592
2018,702,8476,0,0.38575798,0.48644963,0.41096395
2018,702,8477,0,0.12863496,0.15519822,0.21868354
2018,702,8479,0,0.11897944,0.14243121,0.2068879
2018,702,8480,1,0.15360324,0.1338521,-0.160705
2018,702,8481,0,0.05552218,0.058395885,0.053510297
2018,702,8482,0,0.04559301,0.054972168,0.19694845
2018,702,8483,0,0.040617865,0.0448887,0.10443971
2018,702,8484,0,0.09195933,0.11181929,0.21765155
2018,528,8401,0,0.28111184,0.5374779,1.0891466
2018,528,8403,0,0.098828845,0.08212334,-0.20353505
2018,528,8404,0,0.13235317,0.16174768,0.2350293
2018,528,8405,0,0.1723322,0.24698976,0.45445597
2018,528,8407,1,0.22587548,0.3213438,0.4841458
2018,528,8408,0,0.2381251,0.27886418,0.21288349
2018,528,8409,0,0.07907172,0.08719671,0.10667311
2018,528,8410,0,0.21294321,0.28113794,0.36845088
2018,528,8411,0,0.12438554,0.13282524,0.07533369
2018,528,8412,0,0.09300906,0.11879245,0.2735202
2018,528,8413,0,0.109035164,0.08268761,-0.30574378
2018,528,8414,0,0.15390503,0.11159173,-0.37028858
2018,528,8415,0,0.1546379,0.14039315,-0.1133495
2018,528,8416,1,0.19873159,0.22738878,0.17112611
2018,528,8417,1,0.37573504,0.43869385,0.26122597
2018,528,8418,0,0.14675,0.10636858,-0.36806095
2018,528,8419,0,0.09725863,0.105774134,0.093410015
2018,528,8420,0,0.23434909,0.28358588,0.25717118
2018,528,8421,0,0.07353746,0.062267013,-0.17845497
2018,528,8422,0,0.09708024,0.06990069,-0.35812002
2018,528,8423,0,0.21643521,0.16266066,-0.3520007
2018,528,8424,0,0.13686673,0.112252325,-0.2263769
2018,528,8425,0,0.1327026,0.13169804,-0.00875642
2018,528,8426,0,0.082917586,0.11657275,0.37805665
2018,528,8427,0,0.08597001,0.08610854,0.0017616343
2018,528,8428,0,0.1473078,0.17274018,0.1895442
2018,528,8429,0,0.055755723,0.09267266,0.54797506
2018,528,8430,0,0.090292,0.11582514,0.27750146
2018,528,8431,0,0.030327966,0.049729105,0.514731
2018,528,8432,0,0.057840794,0.04459073,-0.274134
2018,528,8433,0,0.11616617,0.112587035,-0.035336368
2018,528,8434,0,0.10544699,0.1498435,0.40228692
2018,528,8435,0,0.1594602,0.21864086,0.3886456
2018,528,8436,0,0.11792867,0.1262503,0.0776655
2018,528,8437,1,0.24607979,0.2979736,0.2626645
2018,528,8438,0,0.07714767,0.08848804,0.14951071
2018,528,8439,0,0.1555642,0.18838516,0.23107293
2018,528,8440,0,0.16791879,0.19418673,0.17741774
2018,528,8441,0,0.12972772,0.11490851,-0.13818632
2018,528,8442,0,0.2676499,0.24424756,-0.12295268
2018,528,8443,0,0.042066444,0.057063498,0.32069364
2018,528,8444,1,0.6417597,0.64779305,0.026342306
2018,528,8445,1,0.6399259,0.6499331,0.043702587
2018,528,8446,0,0.38148826,0.42251635,0.170784
2018,528,8447,0,0.20692976,0.22148837,0.08651841
2018,528,8448,1,0.25633126,0.20713826,-0.27713728
2018,528,8449,0,0.35933784,0.23216115,-0.6179089
2018,528,8450,0,0.31703678,0.27125427,-0.22084501
2018,528,8451,0,0.18839738,0.12776767,-0.46038496
2018,528,8452,0,0.2482709,0.24208389,-0.033432763
2018,528,8453,1,0.23307067,0.26960748,0.19443792
2018,528,8454,1,0.18936302,0.25822085,0.3989181
2018,528,8455,0,0.20405665,0.2465069,0.24380049
2018,528,8456,0,0.0858453,0.06931122,-0.23186514
2018,528,8457,0,0.20463836,0.2675875,0.3506553
2018,528,8458,0,0.21533433,0.29577982,0.4255902
2018,528,8459,0,0.16983443,0.23637925,0.41416737
2018,528,8460,0,0.10992056,0.1282349,0.17489652
2018,528,8461,0,0.13620606,0.1741002,0.29032287
2018,528,8462,0,0.10185981,0.13117214,0.28609422
2018,528,8463,0,0.17698607,0.22687668,0.31087005
2018,528,8464,0,0.18925492,0.22306341,0.20695613
2018,528,8465,1,0.1481433,0.16289599,0.112401806
2018,528,8466,0,0.06766461,0.11861958,0.6175616
2018,528,8467,1,0.13641287,0.107677825,-0.26927495
2018,528,8468,0,0.23496006,0.27698252,0.22103351
2018,528,8470,0,0.28901574,0.20657773,-0.4455096
2018,528,8471,0,0.035436783,0.026920553,-0.28365064
2018,528,8472,0,0.13401562,0.13125412,-0.024004774
2018,528,8473,0,0.20750262,0.31330827,0.5553474
2018,528,8474,0,0.15551735,0.19984587,0.30470893
2018,528,8475,0,0.16132452,0.20759413,0.30891693
2018,528,8476,0,0.35581997,0.2538629,-0.48456168
2018,528,8477,0,0.105002,0.13822,0.3126887
2018,528,8478,0,0.09036361,0.16900727,0.7165242
2018,528,8479,0,0.13668549,0.14058873,0.03268784
2018,528,8480,0,0.15553561,0.13474178,-0.16783993
2018,528,8481,0,0.08518371,0.06769886,-0.24867344
2018,528,8482,0,0.16402619,0.16011563,-0.028796747
2018,528,8483,0,0.09621483,0.08601071,-0.12333882
2018,528,8484,0,0.13768522,0.12181186,-0.14073285
2018,528,8485,0,0.09291206,0.11825885,0.2695633
2018,410,8401,1,0.27589116,0.391838,0.5253426
2018,410,8402,0,0.20609236,0.26329976,0.31975475
2018,410,8403,0,0.08416594,0.06784146,-0.23328458
2018,410,8404,0,0.17564017,0.1963544,0.13693264
2018,410,8405,1,0.16871795,0.26819262,0.5909289
2018,410,8406,1,0.48064518,0.56755257,0.34933057
2018,410,8407,0,0.15199727,0.17281404,0.15320793
2018,410,8408,0,0.08866785,0.108990625,0.22891703
2018,410,8409,0,0.05257421,0.060916588,0.15612414
2018,410,8410,1,0.6845264,0.6917726,0.03376715
2018,410,8411,0,0.11024971,0.12015006,0.097183146
2018,410,8412,0,0.068507425,0.07007497,0.024307728
2018,410,8413,0,0.056662086,0.05059935,-0.11957293
2018,410,8414,0,0.05658213,0.068186246,0.19892606
2018,410,8415,0,0.07856214,0.06505714,-0.20317392
2018,410,8416,0,0.17347953,0.18842418,0.10088297
2018,410,8417,0,0.21438156,0.25037652,0.20210865
2018,410,8418,0,0.13437559,0.07022208,-0.7204707
2018,410,8419,0,0.085444346,0.11381354,0.3182072
2018,410,8420,1,0.29432693,0.38322583,0.39858243
2018,410,8421,0,0.04280968,0.041917156,-0.022001017
2018,410,8422,0,0.08395276,0.07320015,-0.14872648
2018,410,8423,0,0.17983064,0.14708136,-0.24018289
2018,410,8424,0,0.09223815,0.08635389,-0.07238123
2018,410,8425,0,0.12480893,0.1305714,0.051742043
2018,410,8426,0,0.11709424,0.17030098,0.43674374
2018,410,8427,0,0.10109198,0.10841436,0.07810899
2018,410,8428,0,0.0758074,0.13681655,0.65873826
2018,410,8429,0,0.042770486,0.063285775,0.41347724
2018,410,8431,0,0.030800836,0.04861218,0.4748807
2018,410,8432,0,0.11671047,0.108741984,-0.07969929
2018,410,8433,0,0.113817975,0.095003195,-0.20169908
2018,410,8435,0,0.15665394,0.25413468,0.6066575
2018,410,8436,1,0.572404,0.5142984,-0.23445703
2018,410,8437,0,0.1439796,0.17779002,0.2512299
2018,410,8438,0,0.07236726,0.08115037,0.12406325
2018,410,8439,0,0.18100058,0.24830635,0.4019176
2018,410,8440,1,0.27539295,0.30917516,0.16345227
2018,410,8441,0,0.07105697,0.07538648,0.063817546
2018,410,8442,0,0.28943518,0.24804723,-0.21092568
2018,410,8443,0,0.03712895,0.048725385,0.28391975
2018,410,8444,0,0.28485003,0.37264997,0.3996643
2018,410,8445,1,0.2661337,0.31719872,0.24765268
2018,410,8446,1,0.19312459,0.26275194,0.39811975
2018,410,8447,1,0.28876674,0.32690468,0.17916283
2018,410,8448,0,0.22785652,0.16597243,-0.3939906
2018,410,8449,1,0.3524674,0.4409205,0.37078393
2018,410,8450,0,0.09240537,0.046774164,-0.7299083
2018,410,8451,0,0.118349046,0.11766153,-0.0066056596
2018,410,8452,0,0.16717894,0.18109117,0.0967818
2018,410,8453,0,0.17569233,0.2601647,0.50069684
2018,410,8454,0,0.36934498,0.4430129,0.30608466
2018,410,8455,0,0.21093735,0.24225157,0.17890982
2018,410,8456,0,0.11914074,0.13531296,0.14581518
2018,410,8457,0,0.11346764,0.17063741,0.47468337
2018,410,8458,0,0.12965076,0.19203351,0.46719956
2018,410,8459,0,0.12759566,0.16912585,0.33055148
2018,410,8460,0,0.1842703,0.20697175,0.14440286
2018,410,8461,0,0.13840504,0.1586755,0.16048461
2018,410,8462,0,0.07843054,0.09754299,0.23903704
2018,410,8463,0,0.12869889,0.19470479,0.49278775
2018,410,8464,0,0.2520737,0.2850324,0.16794848
2018,410,8465,0,0.10211046,0.106546976,0.047484163
2018,410,8466,0,0.053667977,0.06726891,0.24035811
2018,410,8467,1,0.12248665,0.12498774,0.023067832
2018,410,8468,0,0.23378994,0.33553544,0.5037793
2018,410,8470,0,0.72009903,0.58238584,-0.61237764
2018,410,8471,0,0.050042275,0.026330769,-0.6667839
2018,410,8472,0,0.14130111,0.12557018,-0.1361821
2018,410,8473,0,0.1839416,0.20412555,0.12916137
2018,410,8474,0,0.10285202,0.13893324,0.34175113
2018,410,8475,1,0.22951837,0.2572231,0.15058088
2018,410,8476,0,0.17777869,0.15049036,-0.19929022
2018,410,8477,0,0.083258905,0.10909525,0.298854
2018,410,8478,1,0.30483323,0.33794355,0.15191506
2018,410,8479,0,0.11741044,0.18380302,0.5263934
2018,410,8480,0,0.07075766,0.08153356,0.15341814
2018,410,8481,0,0.06435063,0.06057842,-0.064431325
2018,410,8482,0,0.09327807,0.09596363,0.031350397
2018,410,8483,0,0.05636895,0.05787963,0.028049229
2018,410,8484,0,0.07021223,0.07451841,0.06416572
2018,410,8485,0,0.069064364,0.07942543,0.15097193
2018,458,8404,0,0.17339177,0.22906701,0.34819043
2018,458,8405,0,0.2387749,0.27067772,0.16822097
2018,458,8406,1,0.30395967,0.39322376,0.39473125
2018,458,8407,0,0.1718391,0.17052498,-0.009262366
2018,458,8409,0,0.27675512,0.24017826,-0.19108763
2018,458,8411,0,0.33204958,0.34554142,0.0602339
2018,458,8412,0,0.1260338,0.13397188,0.07020426
2018,458,8413,0,0.11204279,0.12065676,0.08381716
2018,458,8414,0,0.05187591,0.060619976,0.16503535
2018,458,8415,0,0.06450842,0.061012175,-0.05945277
2018,458,8416,1,0.3146775,0.34604362,0.14186548
2018,458,8417,0,0.25530553,0.28684554,0.15975888
2018,458,8418,0,0.12128924,0.08293405,-0.4228559
2018,458,8419,0,0.16205363,0.21504174,0.34822845
2018,458,8420,1,0.61944824,0.6588657,0.17103651
2018,458,8421,0,0.08807397,0.073971264,-0.18984665
2018,458,8422,1,0.17648596,0.17078653,-0.039724015
2018,458,8423,1,0.34338126,0.35266814,0.040930532
2018,458,8424,0,0.09483685,0.0763356,-0.2372523
2018,458,8426,0,0.18602866,0.20842509,0.1415795
2018,458,8427,0,0.2627792,0.22260761,-0.21896124
2018,458,8428,0,0.070609964,0.08810419,0.24035156
2018,458,8430,1,0.49096704,0.5003166,0.037402403
2018,458,8431,0,0.095000215,0.11672423,0.23023231
2018,458,8434,1,0.66553146,0.69206315,0.12173934
2018,458,8436,0,0.1180882,0.13627157,0.16405141
2018,458,8437,0,0.32743922,0.35696125,0.13121235
2018,458,8438,0,0.084028825,0.11338342,0.33218732
2018,458,8439,0,0.17081349,0.23565803,0.4032393
2018,458,8441,0,0.27332392,0.27633613,0.015114215
2018,458,8442,0,0.3632366,0.39917484,0.1524393
2018,458,8443,0,0.09796227,0.11200967,0.14969836
2018,458,8445,1,0.61289257,0.6662019,0.23156911
2018,458,8447,1,0.49557078,0.51395434,0.07354938
2018,458,8448,1,0.12826133,0.12991448,0.01470472
2018,458,8451,0,0.39765927,0.38498905,-0.0531975
2018,458,8452,0,0.17127469,0.15637374,-0.1088406
2018,458,8454,1,0.2647835,0.36161268,0.45288113
2018,458,8455,0,0.23165962,0.24477153,0.07226844
2018,458,8456,1,0.11508992,0.10147984,-0.14111671
2018,458,8458,0,0.2625577,0.27847034,0.08065496
2018,458,8459,0,0.2454,0.34323716,0.47439697
2018,458,8460,0,0.28981334,0.36951798,0.36200547
2018,458,8462,1,0.183469,0.24980097,0.3933449
2018,458,8463,0,0.19367076,0.27487203,0.4562901
2018,458,8464,0,0.19452633,0.25200814,0.33293235
2018,458,8465,1,0.22209081,0.19036114,-0.19414169
2018,458,8466,1,0.11870596,0.1423871,0.2091385
2018,458,8468,0,0.3161109,0.3390923,0.10436076
2018,458,8470,1,0.2300693,0.17982796,-0.30959362
2018,458,8471,0,0.03379076,0.026726235,-0.24182667
2018,458,8472,1,0.1627559,0.20662118,0.29245037
2018,458,8473,1,0.096235566,0.15171953,0.5185918
2018,458,8474,0,0.12498379,0.17245899,0.37775922
2018,458,8475,0,0.22126696,0.28936547,0.3598306
2018,458,8476,0,0.20105311,0.17496146,-0.17113897
2018,458,8477,0,0.13441089,0.1712056,0.28540197
2018,458,8478,1,0.21399832,0.30540884,0.4793187
2018,458,8479,0,0.09906898,0.11146578,0.13175683
2018,458,8480,1,0.19899718,0.2551142,0.32105416
2018,458,8481,0,0.10064339,0.07862331,-0.27110457
2018,458,8482,0,0.09528296,0.0987236,0.03928317
2018,458,8484,0,0.110571094,0.09483945,-0.17100587
2018,458,8485,1,0.32323426,0.35371822,0.1362129
2018,124,8401,1,0.5416726,0.5047116,-0.14823091
2018,124,8402,1,0.24517676,0.41950196,0.7996861
2018,124,8403,0,0.1555977,0.1468732,-0.06798326
2018,124,8404,0,0.28757685,0.31816727,0.14497481
2018,124,8405,1,0.38326997,0.49856243,0.4699416
2018,124,8406,1,0.28584144,0.31013396,0.11617473
2018,124,8407,0,0.11932657,0.14793327,0.24791935
2018,124,8408,0,0.15820967,0.21517861,0.37762198
2018,124,8409,0,0.11127186,0.117682375,0.06325212
2018,124,8410,0,0.31025016,0.3443423,0.15494736
2018,124,8411,0,0.10499866,0.11073291,0.059601177
2018,124,8412,0,0.11010302,0.11738702,0.072278686
2018,124,8413,0,0.12644622,0.11748544,-0.083708204
2018,124,8414,0,0.13341415,0.22193125,0.61665577
2018,124,8415,0,0.14463608,0.12563072,-0.16284984
2018,124,8416,0,0.17698076,0.24666552,0.4204625
2018,124,8417,0,0.14257975,0.1614303,0.14640242
2018,124,8418,0,0.16490589,0.096307985,-0.616768
2018,124,8419,0,0.15416607,0.14810477,-0.047251012
2018,124,8420,0,0.22675541,0.3048965,0.402635
2018,124,8421,0,0.11994853,0.10076649,-0.19581918
2018,124,8422,0,0.1392212,0.11472039,-0.22163232
2018,124,8423,0,0.16520628,0.109465286,-0.47622487
2018,124,8424,0,0.15565647,0.1019553,-0.48477745
2018,124,8425,0,0.1616256,0.1562801,-0.039988488
2018,124,8426,0,0.11688071,0.14892568,0.27925432
2018,124,8427,0,0.11020776,0.1253287,0.14571232
2018,124,8428,0,0.16369115,0.31494525,0.85391676
2018,124,8429,0,0.18766883,0.22170205,0.2094543
2018,124,8430,0,0.12560569,0.15223098,0.22317465
2018,124,8431,0,0.058187842,0.0752974,0.2761029
2018,124,8432,0,0.102307335,0.103186,0.009531108
2018,124,8433,0,0.10696973,0.10734524,0.0039249538
2018,124,8434,0,0.6419187,0.6413057,-0.0026659053
2018,124,8436,0,0.10904034,0.0939548,-0.16569425
2018,124,8437,0,0.28859597,0.32564554,0.17426644
2018,124,8438,0,0.11576118,0.14715536,0.2761093
2018,124,8439,0,0.17902689,0.19362707,0.09634208
2018,124,8440,1,0.2896228,0.3297208,0.18776865
2018,124,8441,0,0.15888901,0.097857736,-0.5547398
2018,124,8442,0,0.25832242,0.2696446,0.05827967
2018,124,8443,1,0.0807897,0.11329943,0.37419224
2018,124,8445,1,0.5452258,0.5509131,0.022961766
2018,124,8447,0,0.56132257,0.5632332,0.00776304
2018,124,8448,1,0.19460924,0.16895957,-0.17268498
2018,124,8451,0,0.20433004,0.15513311,-0.33544767
2018,124,8452,1,0.4104818,0.36881498,-0.17533007
2018,124,8453,0,0.21337353,0.40730065,0.92957354
2018,124,8454,0,0.16896884,0.32284236,0.852213
2018,124,8455,0,0.2465185,0.24896345,0.013119158
2018,124,8456,1,0.17487402,0.09857799,-0.6616551
2018,124,8457,1,0.17296487,0.22591493,0.33323535
2018,124,8458,0,0.28757626,0.37130198,0.38054943
2018,124,8459,0,0.16279466,0.19121489,0.19544436
2018,124,8460,0,0.11729591,0.19727996,0.61490786
2018,124,8461,0,0.1952408,0.24461378,0.2887609
2018,124,8462,0,0.12650123,0.14948674,0.19362226
2018,124,8463,1,0.15643887,0.17836246,0.1574854
2018,124,8464,0,0.12754433,0.1861341,0.4475196
2018,124,8465,0,0.12678158,0.14487785,0.15436651
2018,124,8466,0,0.06469912,0.08058985,0.23676108
2018,124,8467,0,0.17712627,0.16978222,-0.051231578
2018,124,8468,0,0.24179463,0.36334938,0.5820094
2018,124,8470,0,0.2772335,0.23270497,-0.23487395
2018,124,8471,0,0.061283763,0.042023826,-0.39758778
2018,124,8472,0,0.24795663,0.2390429,-0.04839393
2018,124,8473,0,0.1368252,0.18498099,0.35895458
2018,124,8474,0,0.14723824,0.18618773,0.28145403
2018,124,8475,1,0.3633427,0.37399763,0.04578028
2018,124,8476,0,0.17278443,0.07778561,-0.9068005
2018,124,8477,0,0.15835547,0.20277388,0.30146843
2018,124,8479,0,0.11788418,0.14980741,0.2765084
2018,124,8480,0,0.12568118,0.082642846,-0.46727204
2018,124,8481,0,0.11433509,0.103885494,-0.107573785
2018,124,8482,0,0.115478925,0.11787663,0.023264907
2018,124,8483,0,0.11534114,0.09999575,-0.15996373
2018,124,8484,0,0.13687475,0.11834825,-0.16667221
2018,124,8485,0,0.53566444,0.4828345,-0.21158944
2018,484,8402,0,0.397971,0.4214178,0.096970744
2018,484,8403,0,0.29131293,0.2917446,0.002089963
2018,484,8404,0,0.35439214,0.38997024,0.15235095
2018,484,8405,0,0.29078388,0.41298816,0.5399539
2018,484,8406,0,0.3221996,0.3315727,0.042601172
2018,484,8407,0,0.124774896,0.12643418,0.015108051
2018,484,8408,0,0.12224444,0.360506,1.3981769
2018,484,8409,0,0.108740754,0.11090691,0.022158002
2018,484,8411,0,0.15922046,0.16951975,0.075005
2018,484,8412,0,0.11923718,0.12506431,0.05435149
2018,484,8413,0,0.15211949,0.07527413,-0.79028755
2018,484,8414,0,0.15684783,0.18425599,0.19409673
2018,484,8415,0,0.12205387,0.03352738,-1.3881676
2018,484,8416,0,0.22109196,0.2884837,0.35655454
2018,484,8417,0,0.44801554,0.43936214,-0.0350591
2018,484,8418,0,0.15290314,0.14216767,-0.085391164
2018,484,8419,0,0.17575221,0.22596644,0.3141673
2018,484,8420,0,0.31186607,0.3440094,0.14593218
2018,484,8421,0,0.12281727,0.06882835,-0.6388102
2018,484,8422,0,0.17920986,0.15334468,-0.18689558
2018,484,8423,0,0.18501413,0.06680901,-1.1540333
2018,484,8424,0,0.14410242,0.12311205,-0.18165778
2018,484,8425,0,0.15264598,0.15208027,-0.0043801838
2018,484,8426,1,0.18636912,0.2111631,0.15584876
2018,484,8427,0,0.23927303,0.33745837,0.48202816
2018,484,8428,0,0.15340447,0.20169593,0.33241677
2018,484,8429,1,0.22260194,0.23986614,0.09715383
2018,484,8430,1,0.5192457,0.55051583,0.12573428
2018,484,8431,0,0.08017908,0.14023842,0.62660515
2018,484,8432,1,0.41955057,0.2724146,-0.6577877
2018,484,8433,0,0.110133626,0.07673816,-0.3981368
2018,484,8434,0,0.2814267,0.30660042,0.12133466
2018,484,8436,0,0.18327631,0.15083835,-0.23373488
2018,484,8437,0,0.21157998,0.25229314,0.22900863
2018,484,8438,0,0.12392523,0.15801439,0.28269616
2018,484,8439,1,0.32206276,0.32558483,0.016085487
2018,484,8441,0,0.1837497,0.16963823,-0.097046725
2018,484,8442,0,0.3409477,0.37174773,0.13434757
2018,484,8443,0,0.097891524,0.11333755,0.16378091
2018,484,8450,0,0.23029123,0.15917814,-0.45768836
2018,484,8451,0,0.26768777,0.23865192,-0.15369888
2018,484,8452,0,0.38233873,0.30347607,-0.3511661
2018,484,8453,0,0.54612994,0.5381396,-0.03219073
2018,484,8454,1,0.5367487,0.5700203,0.13467367
2018,484,8455,0,0.48454,0.49238953,0.0314155
2018,484,8456,0,0.37271398,0.17065087,-1.0604303
2018,484,8457,0,0.18328305,0.2729284,0.5144454
2018,484,8458,1,0.71733606,0.78970164,0.391842
2018,484,8459,0,0.21060272,0.2163503,0.03423303
2018,484,8460,0,0.14577295,0.1731061,0.20437501
2018,484,8461,0,0.33541256,0.34464583,0.04114665
2018,484,8462,1,0.4727537,0.4852527,0.05008705
2018,484,8463,0,0.21750645,0.25217834,0.19322929
2018,484,8465,1,0.1472708,0.0833019,-0.6421378
2018,484,8466,0,0.104656965,0.1104388,0.060252205
2018,484,8467,0,0.1557809,0.114778854,-0.35286868
2018,484,8468,0,0.3058003,0.47540173,0.7213548
2018,484,8470,0,0.68486667,0.44525525,-0.9960888
2018,484,8471,0,0.16404203,0.122238465,-0.34294543
2018,484,8472,0,0.49486014,0.44901255,-0.18410096
2018,484,8473,0,0.2393096,0.29161835,0.26893127
2018,484,8474,0,0.19619925,0.24364048,0.27739754
2018,484,8475,0,0.382496,0.3955705,0.05501134
2018,484,8476,1,0.1742476,0.16146706,-0.091535
2018,484,8477,0,0.15779656,0.25891706,0.6231102
2018,484,8479,0,0.16553675,0.20215322,0.24470478
2018,484,8480,0,0.18563162,0.20373207,0.11551864
2018,484,8481,0,0.12961596,0.18018484,0.38926297
2018,484,8482,0,0.1159739,0.11989524,0.03769897
2018,484,8483,0,0.13170913,0.12122046,-0.09499234
2018,484,8484,0,0.17685838,0.1082985,-0.57046115
2018,484,8485,0,0.11568434,0.08066384,-0.39941275
2018,757,8402,0,0.50245404,0.4697177,-0.13109386
2018,757,8403,0,0.16527185,0.1770082,0.082764305
2018,757,8404,0,0.7155842,0.71576446,0.00088594184
2018,757,8405,0,0.2303205,0.29598668,0.34001955
2018,757,8406,1,0.32277697,0.4438945,0.51566803
2018,757,8407,1,0.2908404,0.25432652,-0.18436298
2018,757,8408,1,0.5142802,0.53391063,0.07871461
2018,757,8409,0,0.1304265,0.1367982,0.055051375
2018,757,8411,0,0.21298265,0.20694184,-0.03641915
2018,757,8412,0,0.15534326,0.16045137,0.03841955
2018,757,8413,0,0.12562555,0.09906762,-0.26742455
2018,757,8414,0,0.09407632,0.09074418,-0.039733358
2018,757,8415,0,0.24932072,0.19733989,-0.30076534
2018,757,8416,1,0.31741616,0.31695947,-0.0021087176
2018,757,8417,0,0.48888662,0.5105651,0.08672747
2018,757,8418,0,0.25350335,0.17021656,-0.5040791
2018,757,8419,0,0.12700295,0.14959076,0.1899074
2018,757,8420,1,0.20441349,0.20635825,0.011916372
2018,757,8421,0,0.09044993,0.07186326,-0.25026044
2018,757,8422,0,0.12569815,0.08412397,-0.44804704
2018,757,8423,1,0.17756498,0.15667474,-0.15024787
2018,757,8424,0,0.13874318,0.092029095,-0.46333948
2018,757,8425,0,0.27671078,0.2628756,-0.07023947
2018,757,8426,1,0.21220565,0.27788782,0.35671827
2018,757,8427,1,0.16014934,0.13588917,-0.192744
2018,757,8428,0,0.14811651,0.16146405,0.10207557
2018,757,8429,0,0.087676995,0.12857075,0.4286791
2018,757,8430,0,0.2657128,0.28902695,0.11636961
2018,757,8431,0,0.03905759,0.06386032,0.5178108
2018,757,8432,1,0.08905668,0.062641494,-0.38043034
2018,757,8433,0,0.3011696,0.24645168,-0.2758927
2018,757,8434,0,0.35875216,0.40845084,0.21041107
2018,757,8435,0,0.2980744,0.29997373,0.009061298
2018,757,8436,0,0.2194555,0.20522916,-0.0850845
2018,757,8437,0,0.436006,0.42134362,-0.059872493
2018,757,8438,0,0.20638292,0.20291036,-0.021335023
2018,757,8439,0,0.16524102,0.21174629,0.30530673
2018,757,8440,0,0.15911977,0.20369513,0.30143437
2018,757,8441,0,0.14080049,0.122937635,-0.15624373
2018,757,8442,0,0.25596237,0.23633234,-0.105832495
2018,757,8443,0,0.0709809,0.09386255,0.30435893
2018,757,8444,1,0.41433558,0.44529766,0.12638208
2018,757,8445,1,0.36516175,0.39469177,0.12539715
2018,757,8446,1,0.20907466,0.2412271,0.18454854
2018,757,8447,1,0.4802871,0.46178672,-0.07425929
2018,757,8448,1,0.06408305,0.04888743,-0.28676498
2018,757,8449,1,0.59448457,0.5768793,-0.07256
2018,757,8450,0,0.41951564,0.32064483,-0.42604795
2018,757,8451,0,0.20778957,0.13424473,-0.52563673
2018,757,8452,1,0.26444507,0.23382045,-0.16387127
2018,757,8453,1,0.34945762,0.4175683,0.28866035
2018,757,8454,0,0.17755614,0.23986536,0.3795756
2018,757,8455,0,0.38525614,0.39444432,0.03862876
2018,757,8456,1,0.12189552,0.07764622,-0.50016475
2018,757,8457,1,0.14413136,0.1912003,0.33916214
2018,757,8458,0,0.15308172,0.20856085,0.37701023
2018,757,8459,1,0.11082315,0.12497113,0.13618642
2018,757,8460,0,0.11034398,0.20369865,0.7238964
2018,757,8461,0,0.17158853,0.27734792,0.61675566
2018,757,8462,0,0.09642483,0.1377927,0.40385038
2018,757,8463,0,0.13516568,0.16932802,0.26563942
2018,757,8464,0,0.12477189,0.20665188,0.60277086
2018,757,8465,0,0.13822038,0.13440274,-0.032428734
2018,757,8466,0,0.037265677,0.061914876,0.53362435
2018,757,8467,0,0.20713533,0.15572336,-0.34811905
2018,757,8468,0,0.21914831,0.28142717,0.3332432
2018,757,8470,0,0.25437984,0.19394329,-0.34920058
2018,757,8471,0,0.043536995,0.031185225,-0.34649813
2018,757,8472,0,0.15442954,0.14310306,-0.089479074
2018,757,8473,0,0.17355733,0.22054882,0.2981516
2018,757,8474,0,0.18614481,0.17319785,-0.08787328
2018,757,8475,1,0.20184809,0.31140947,0.58124536
2018,757,8476,1,0.18661785,0.13507968,-0.38463452
2018,757,8477,0,0.12769178,0.17007758,0.33644596
2018,757,8478,1,0.7411006,0.71812195,-0.11653187
2018,757,8479,0,0.10008114,0.12441312,0.24503662
2018,757,8480,0,0.13412455,0.12250928,-0.10390746
2018,757,8481,0,0.12906042,0.09205613,-0.37949204
2018,757,8482,0,0.13695443,0.13450724,-0.020861736
2018,757,8483,0,0.15053996,0.12751438,-0.19274478
2018,757,8484,0,0.13177271,0.10329896,-0.2757201
2018,757,8485,0,0.19650367,0.22224762,0.15567546
2018,764,8403,0,0.22711134,0.25118226,0.13237768
2018,764,8405,0,0.33437103,0.4626174,0.53867114
2018,764,8406,0,0.34412408,0.37954482,0.15348868
2018,764,8407,0,0.12935302,0.14132051,0.10232599
2018,764,8408,1,0.6025022,0.49989626,-0.4163169
2018,764,8409,0,0.10856524,0.107235946,-0.013809964
2018,764,8411,0,0.15758409,0.17239346,0.1075562
2018,764,8412,0,0.08011641,0.08158238,0.019727437
2018,764,8413,0,0.11892924,0.09213111,-0.28527814
2018,764,8414,0,0.05705953,0.06547205,0.14648978
2018,764,8415,0,0.06521197,0.054880377,-0.18347871
2018,764,8416,0,0.5263362,0.42966837,-0.38864666
2018,764,8417,0,0.2228739,0.22831757,0.031160953
2018,764,8418,0,0.05403205,0.037166294,-0.391847
2018,764,8419,0,0.28254983,0.30439824,0.10540811
2018,764,8420,1,0.18685508,0.27902976,0.5212967
2018,764,8421,0,0.08469373,0.07262956,-0.16676405
2018,764,8422,0,0.08078326,0.06950945,-0.16249709
2018,764,8423,0,0.16128367,0.14660689,-0.11275777
2018,764,8424,0,0.19446199,0.13272884,-0.45576963
2018,764,8427,0,0.12726317,0.12436564,-0.026345747
2018,764,8428,0,0.092599876,0.11074966,0.19918923
2018,764,8429,1,0.17604427,0.2450592,0.41824186
2018,764,8430,0,0.3051619,0.3245486,0.089890465
2018,764,8431,0,0.041340873,0.05520977,0.30386084
2018,764,8434,0,0.25954986,0.3348445,0.3619548
2018,764,8435,0,0.7573363,0.7827683,0.14374141
2018,764,8437,1,0.18049592,0.2123936,0.20243378
2018,764,8438,0,0.14590226,0.16394651,0.13795634
2018,764,8439,1,0.14576629,0.20592523,0.4185358
2018,764,8441,0,0.16481422,0.16197181,-0.02079419
2018,764,8442,0,0.31982836,0.25136107,-0.33680564
2018,764,8443,0,0.088378765,0.12810382,0.41576362
2018,764,8445,0,0.36164272,0.48446745,0.50609106
2018,764,8446,0,0.4847125,0.5605657,0.30462733
2018,764,8447,0,0.33123183,0.30982834,-0.098302975
2018,764,8448,1,0.13661267,0.10076486,-0.345041
2018,764,8450,0,0.078505516,0.064142816,-0.21752287
2018,764,8451,1,0.13153714,0.12557594,-0.05321919
2018,764,8452,0,0.14368099,0.1301538,-0.114552006
2018,764,8453,1,0.14948265,0.19853283,0.34317502
2018,764,8455,0,0.16949926,0.20242026,0.21794449
2018,764,8456,1,0.14147091,0.10048837,-0.38868347
2018,764,8457,0,0.18157181,0.20321743,0.1394291
2018,764,8458,0,0.28024364,0.3169226,0.17530288
2018,764,8459,0,0.17030303,0.21139704,0.26695636
2018,764,8460,1,0.24259654,0.35953775,0.5611253
2018,764,8461,0,0.1481224,0.18602514,0.27335635
2018,764,8462,0,0.09290112,0.118429594,0.27132967
2018,764,8464,0,0.55126536,0.5575579,0.02547212
2018,764,8466,0,0.086743705,0.102811046,0.18768501
2018,764,8467,0,0.21798252,0.2025516,-0.09296023
2018,764,8468,0,0.29864457,0.30233017,0.01753436
2018,764,8470,0,0.25675857,0.22669101,-0.16420618
2018,764,8471,0,0.21162894,0.17119728,-0.26203117
2018,764,8472,0,0.23227403,0.25287682,0.11218756
2018,764,8473,0,0.14611435,0.2026046,0.3953135
2018,764,8475,1,0.59416556,0.7191618,0.55909497
2018,764,8476,0,0.30697864,0.22324274,-0.4325855
2018,764,8477,0,0.10322706,0.12609589,0.22594371
2018,764,8479,0,0.0767657,0.10633843,0.3584246
2018,764,8480,0,0.12664616,0.10456042,-0.2166058
2018,764,8481,0,0.056150958,0.049135644,-0.14086421
2018,764,8482,0,0.052058812,0.057333045,0.1020825
2018,764,8483,0,0.0806804,0.071154065,-0.13595726
2018,764,8484,0,0.07043171,0.06651753,-0.06137983
2018,764,8485,0,0.09664747,0.09103663,-0.0659999
2018,752,8401,0,0.3399227,0.37038565,0.13307591
2018,752,8402,0,0.19987132,0.2581283,0.33137923
2018,752,8403,0,0.16948867,0.15587327,-0.100003846
2018,752,8404,0,0.18133321,0.24843575,0.40036854
2018,752,8405,1,0.7871777,0.845179,0.38928264
2018,752,8406,0,0.66216564,0.6591621,-0.013397656
2018,752,8407,0,0.20279835,0.20124114,-0.009659739
2018,752,8408,0,0.28380173,0.31072614,0.12895443
2018,752,8409,0,0.23567323,0.22099717,-0.08331561
2018,752,8410,1,0.30972743,0.5089142,0.8370542
2018,752,8412,0,0.09608492,0.101886556,0.06506662
2018,752,8413,0,0.11760225,0.096927956,-0.21649958
2018,752,8414,0,0.15084414,0.13422018,-0.13615331
2018,752,8415,0,0.2900759,0.2460804,-0.22461197
2018,752,8416,1,0.28213066,0.27695104,-0.025719007
2018,752,8417,1,0.19930737,0.25831243,0.33587065
2018,752,8418,0,0.1786526,0.11831707,-0.48296162
2018,752,8419,0,0.123752475,0.14647472,0.19484285
2018,752,8420,0,0.54680413,0.5627488,0.06455911
2018,752,8421,0,0.11551061,0.09015521,-0.27609327
2018,752,8422,0,0.10352309,0.08078804,-0.27301013
2018,752,8423,0,0.28760257,0.2338497,-0.27964333
2018,752,8424,0,0.12231364,0.0958402,-0.27362314
2018,752,8425,0,0.22628038,0.22180143,-0.025764626
2018,752,8426,0,0.09836737,0.12742524,0.2915794
2018,752,8427,0,0.071004756,0.07034433,-0.010055358
2018,752,8428,0,0.18952076,0.2097537,0.12671663
2018,752,8429,0,0.05822133,0.08002088,0.34145513
2018,752,8430,0,0.12801428,0.16568659,0.30212006
2018,752,8431,0,0.033793453,0.045252465,0.3039207
2018,752,8432,0,0.10399588,0.09428855,-0.108767256
2018,752,8433,0,0.16453874,0.17782606,0.093692
2018,752,8434,0,0.12630728,0.16859327,0.33838123
2018,752,8435,0,0.38232374,0.48539242,0.4212496
2018,752,8436,0,0.24662302,0.211336,-0.20018624
2018,752,8437,0,0.21326755,0.24195652,0.16335797
2018,752,8438,0,0.11253734,0.12588091,0.12720113
2018,752,8439,0,0.1346203,0.18381876,0.370024
2018,752,8440,0,0.36501265,0.43143317,0.27766684
2018,752,8441,0,0.15348266,0.118379004,-0.30032784
2018,752,8442,1,0.40646973,0.43685564,0.12464566
2018,752,8443,0,0.06651694,0.09422998,0.37841913
2018,752,8446,0,0.6722694,0.6871983,0.06858604
2018,752,8447,1,0.8233815,0.79083973,-0.20943291
2018,752,8448,1,0.18599388,0.152293,-0.24047467
2018,752,8449,0,0.6361822,0.63910884,0.012666633
2018,752,8450,0,0.25588658,0.15129803,-0.6569972
2018,752,8451,0,0.27112678,0.23984087,-0.1646389
2018,752,8452,0,0.23329113,0.19824602,-0.20747302
2018,752,8453,1,0.33203912,0.35890725,0.11886666
2018,752,8454,0,0.33779892,0.40208992,0.27635375
2018,752,8455,0,0.22053695,0.2551452,0.19118348
2018,752,8456,0,0.11551203,0.14919268,0.2946872
2018,752,8457,0,0.46647215,0.4599048,-0.026412956
2018,752,8458,0,0.39744863,0.43715522,0.16339153
2018,752,8459,0,0.43240166,0.53527576,0.41339678
2018,752,8460,0,0.1256435,0.21370117,0.6372815
2018,752,8461,1,0.20587212,0.25631374,0.28477213
2018,752,8462,0,0.13153131,0.19933075,0.49700415
2018,752,8463,0,0.25000933,0.2993972,0.2483924
2018,752,8464,0,0.2180362,0.26374003,0.25052798
2018,752,8465,0,0.2337417,0.20938195,-0.14135213
2018,752,8466,0,0.056566656,0.072138466,0.25981092
2018,752,8467,0,0.21062629,0.17846088,-0.20565563
2018,752,8468,0,0.2922542,0.29953238,0.034935452
2018,752,8470,1,0.38859832,0.29576737,-0.4143275
2018,752,8471,0,0.07658025,0.06227247,-0.22219543
2018,752,8472,1,0.13737877,0.1495044,0.09874038
2018,752,8473,1,0.2564003,0.3041717,0.23725232
2018,752,8474,0,0.1617699,0.20584281,0.29494897
2018,752,8475,0,0.33957335,0.41068584,0.30406514
2018,752,8476,0,0.28619462,0.21055701,-0.40763298
2018,752,8477,0,0.19642493,0.24030837,0.25780064
2018,752,8478,1,0.7378308,0.749132,0.059263572
2018,752,8479,0,0.11837923,0.12772009,0.08659947
2018,752,8480,0,0.21524228,0.17897946,-0.22966637
2018,752,8481,0,0.13256073,0.096853115,-0.35418507
2018,752,8482,0,0.058409154,0.06804592,0.16299741
2018,752,8483,0,0.13679947,0.11978062,-0.15237828
2018,752,8484,0,0.11942681,0.11002427,-0.092623726
2018,752,8485,0,0.1133686,0.12423233,0.103837356
2018,372,8402,1,0.7947877,0.79265213,-0.013043445
2018,372,8403,0,0.27032202,0.15897866,-0.6728577
2018,372,8406,1,0.58540577,0.78850484,0.9709313
2018,372,8409,0,0.2558469,0.24072775,-0.081026256
2018,372,8411,0,0.24030596,0.24836302,0.043641016
2018,372,8412,0,0.29512358,0.29062164,-0.021738455
2018,372,8413,0,0.26019013,0.20223804,-0.3273842
2018,372,8414,0,0.1741093,0.16139762,-0.091086455
2018,372,8415,0,0.30896053,0.23934424,-0.35129458
2018,372,8418,0,0.23306641,0.14593071,-0.5758037
2018,372,8419,0,0.2966139,0.27504542,-0.10569809
2018,372,8421,0,0.14517388,0.12720625,-0.15292355
2018,372,8422,0,0.26744807,0.18368478,-0.48397067
2018,372,8423,0,0.52780604,0.46621022,-0.24670461
2018,372,8424,0,0.28740627,0.24704544,-0.20641796
2018,372,8425,0,0.41484794,0.41027775,-0.018857485
2018,372,8426,1,0.62577313,0.5971678,-0.120447695
2018,372,8427,0,0.14445423,0.13264236,-0.09901806
2018,372,8428,0,0.20369174,0.2673535,0.35528708
2018,372,8429,1,0.2576004,0.24820659,-0.049722083
2018,372,8430,1,0.2515963,0.27822936,0.13685502
2018,372,8431,0,0.07013439,0.12233941,0.61416614
2018,372,8432,0,0.20575972,0.15522929,-0.34348503
2018,372,8433,0,0.15347807,0.13907228,-0.115438186
2018,372,8434,1,0.2518607,0.33120084,0.3859543
2018,372,8436,0,0.28856048,0.27582476,-0.062882
2018,372,8437,1,0.36320415,0.3564011,-0.0295349
2018,372,8438,0,0.25213495,0.2978398,0.22965218
2018,372,8441,0,0.2901962,0.29112342,0.004497102
2018,372,8443,0,0.103462234,0.15297139,0.4478501
2018,372,8448,0,0.17628182,0.11190966,-0.529637
2018,372,8450,0,0.3502547,0.34739453,-0.012591867
2018,372,8451,1,0.25761694,0.22909804,-0.15501967
2018,372,8456,0,0.47684476,0.4346681,-0.17014307
2018,372,8457,1,0.41676614,0.41855496,0.007354728
2018,372,8462,1,0.26929817,0.30098674,0.15558273
2018,372,8463,0,0.22181174,0.24940154,0.15333286
2018,372,8465,1,0.21974549,0.24454781,0.13924456
2018,372,8466,0,0.14761718,0.16567113,0.13679041
2018,372,8467,0,0.405355,0.36157012,-0.18535462
2018,372,8468,0,0.31586435,0.41206342,0.41740143
2018,372,8470,0,0.38107783,0.35584664,-0.108461075
2018,372,8471,0,0.052751217,0.04011168,-0.28717434
2018,372,8472,1,0.35359585,0.3886003,0.15007065
2018,372,8473,0,0.1470188,0.18801643,0.29522637
2018,372,8474,0,0.2333207,0.24608204,0.07003616
2018,372,8475,0,0.303457,0.4056576,0.44894338
2018,372,8477,0,0.22901036,0.25533748,0.14356264
2018,372,8479,0,0.1569444,0.1615087,0.03409601
2018,372,8480,0,0.3279733,0.31029823,-0.08135948
2018,372,8481,0,0.16056146,0.13452448,-0.20747645
2018,372,8482,0,0.17359534,0.1735357,-0.0004157153
2018,372,8483,0,0.23665053,0.20211612,-0.20198935
2018,372,8484,0,0.14310391,0.1186822,-0.21522316
2018,372,8485,0,0.29264182,0.2775884,-0.07386796
2018,40,8401,0,0.38303354,0.5509078,0.68103135
2018,40,8402,1,0.5171894,0.52900916,0.047382295
2018,40,8403,0,0.11933575,0.108117394,-0.11138146
2018,40,8404,0,0.18547793,0.2404016,0.32918662
2018,40,8405,0,0.56368786,0.4442004,-0.48027483
2018,40,8406,0,0.31661418,0.40300077,0.37639832
2018,40,8407,0,0.13496685,0.23146558,0.6576845
2018,40,8408,0,0.20345569,0.31312418,0.5792809
2018,40,8409,0,0.14877638,0.15899609,0.078513816
2018,40,8411,0,0.14803447,0.14961165,0.012450874
2018,40,8412,0,0.1368654,0.16010158,0.18410015
2018,40,8413,0,0.11855055,0.098131,-0.21193756
2018,40,8414,0,0.116628364,0.09247991,-0.25897086
2018,40,8415,0,0.24641404,0.24945578,0.016312925
2018,40,8416,1,0.2949511,0.29111275,-0.018528355
2018,40,8417,0,0.26499298,0.309117,0.21592602
2018,40,8418,0,0.193037,0.13491939,-0.42774928
2018,40,8419,0,0.13509728,0.17715108,0.32085225
2018,40,8420,0,0.16667609,0.20745063,0.2690087
2018,40,8421,0,0.12884076,0.10734419,-0.20691301
2018,40,8422,0,0.25898796,0.21185733,-0.26253074
2018,40,8423,0,0.17551282,0.14913249,-0.19437179
2018,40,8424,0,0.14686824,0.11143747,-0.31676325
2018,40,8425,0,0.19128527,0.18713875,-0.02702987
2018,40,8426,0,0.101948075,0.13886802,0.35104048
2018,40,8427,0,0.38580623,0.31601626,-0.3071653
2018,40,8428,0,0.15450235,0.14214699,-0.09785505
2018,40,8429,0,0.1198171,0.1506545,0.26468635
2018,40,8430,0,0.14926378,0.19316287,0.31079894
2018,40,8431,0,0.04089307,0.06563732,0.4993216
2018,40,8432,0,0.06667196,0.0617845,-0.08135487
2018,40,8433,0,0.15493052,0.1439543,-0.08638575
2018,40,8435,0,0.22444595,0.30278775,0.40588492
2018,40,8436,0,0.14162922,0.13224302,-0.07944677
2018,40,8438,0,0.09463872,0.109289266,0.16024587
2018,40,8439,0,0.13291833,0.1811636,0.36691454
2018,40,8440,0,0.18481866,0.24503624,0.35877195
2018,40,8441,0,0.1395435,0.12486336,-0.12807333
2018,40,8442,1,0.2936868,0.3063304,0.0602135
2018,40,8443,0,0.05670613,0.069082595,0.21062784
2018,40,8444,1,0.80799836,0.7140816,-0.52176523
2018,40,8445,0,0.3714538,0.46668258,0.39251763
2018,40,8446,0,0.3356885,0.27380753,-0.29282218
2018,40,8447,0,0.1798576,0.21966296,0.24968106
2018,40,8448,0,0.17971167,0.13758177,-0.31721967
2018,40,8449,0,0.34543902,0.4610933,0.48320648
2018,40,8450,0,0.40289775,0.23761033,-0.77242035
2018,40,8451,0,0.19338812,0.13996015,-0.38747734
2018,40,8453,0,0.4623609,0.46245447,0.0003765596
2018,40,8454,0,0.18255615,0.23105678,0.29677078
2018,40,8455,0,0.18165345,0.22704825,0.28013104
2018,40,8456,0,0.07920338,0.058574233,-0.32388034
2018,40,8457,0,0.23227774,0.29962412,0.34640574
2018,40,8458,0,0.12529756,0.17421834,0.38717124
2018,40,8459,0,0.09856388,0.13673493,0.3706067
2018,40,8460,1,0.15481643,0.22669357,0.47023758
2018,40,8461,0,0.2182768,0.251433,0.1847526
2018,40,8462,0,0.1421391,0.1960493,0.38646403
2018,40,8463,1,0.18270811,0.2604764,0.45461243
2018,40,8464,0,0.19099328,0.23070593,0.2392394
2018,40,8465,0,0.13159454,0.11878938,-0.11701139
2018,40,8466,0,0.069966584,0.11439381,0.54057735
2018,40,8467,0,0.23393089,0.18126293,-0.32156777
2018,40,8468,0,0.29105937,0.35553572,0.29545087
2018,40,8470,1,0.3633983,0.30114588,-0.28120244
2018,40,8471,0,0.04281293,0.028270552,-0.4300981
2018,40,8472,0,0.3641052,0.35747468,-0.028751321
2018,40,8473,0,0.13841848,0.17762795,0.29598635
2018,40,8474,0,0.1523264,0.18172361,0.21175686
2018,40,8475,1,0.38093024,0.48857364,0.43988815
2018,40,8476,0,0.15465899,0.17412704,0.1418617
2018,40,8477,0,0.1647473,0.2058569,0.2732391
2018,40,8478,0,0.24530561,0.28577575,0.20781836
2018,40,8479,0,0.08587939,0.09108331,0.06453956
2018,40,8480,0,0.12061695,0.10811957,-0.123493545
2018,40,8481,0,0.08660487,0.070745125,-0.21948701
2018,40,8482,0,0.17572987,0.16982819,-0.04129503
2018,40,8483,0,0.1488286,0.13295266,-0.1312822
2018,40,8484,0,0.20882498,0.16729215,-0.2729184
2018,40,8485,0,0.20480052,0.25968677,0.30895936
2018,724,8401,0,0.6430945,0.7146778,0.32939222
2018,724,8402,0,0.35369366,0.40940115,0.23640077
2018,724,8403,1,0.5332093,0.50781465,-0.10177199
2018,724,8404,1,0.5336218,0.64593214,0.46651557
2018,724,8405,1,0.7422041,0.730946,-0.058028754
2018,724,8407,0,0.18515983,0.24986674,0.38244936
2018,724,8408,1,0.1904954,0.20816189,0.11075351
2018,724,8409,0,0.10952006,0.11791748,0.08335238
2018,724,8410,0,0.18165666,0.27579316,0.53973776
2018,724,8411,0,0.11131978,0.11962778,0.08137092
2018,724,8412,0,0.14304247,0.15198624,0.071139835
2018,724,8413,0,0.09595686,0.08191695,-0.17360361
2018,724,8414,0,0.102971226,0.101787485,-0.012881333
2018,724,8415,0,0.15911838,0.0945903,-0.5940303
2018,724,8416,0,0.23870127,0.24438392,0.031019984
2018,724,8417,0,0.40339604,0.43274346,0.12066815
2018,724,8418,0,0.12961867,0.112434275,-0.16177918
2018,724,8419,0,0.104385704,0.1063543,0.020883866
2018,724,8420,0,0.19019288,0.24530205,0.32493025
2018,724,8421,0,0.09563713,0.08027831,-0.19190222
2018,724,8422,0,0.092443615,0.076600835,-0.20529675
2018,724,8424,0,0.10091474,0.07674427,-0.30032572
2018,724,8425,0,0.09413384,0.09607326,0.022536734
2018,724,8426,0,0.08063949,0.11376205,0.38081342
2018,724,8427,0,0.12366997,0.11043669,-0.12816185
2018,724,8428,0,0.107309945,0.11622913,0.089883916
2018,724,8429,0,0.17023227,0.21709184,0.30128717
2018,724,8430,1,0.16628316,0.27184847,0.6269373
2018,724,8431,0,0.028232243,0.043581616,0.450092
2018,724,8432,0,0.08808288,0.086485706,-0.020048898
2018,724,8433,0,0.17901771,0.13658735,-0.32091165
2018,724,8434,1,0.29881003,0.32863745,0.13861673
2018,724,8435,0,0.29355952,0.27670488,-0.08270721
2018,724,8436,0,0.08164166,0.08967921,0.10268992
2018,724,8437,0,0.12739845,0.16908273,0.3320173
2018,724,8438,0,0.09333951,0.10718473,0.15369874
2018,724,8439,1,0.1794032,0.23866324,0.3603737
2018,724,8440,0,0.18887457,0.21059802,0.13601509
2018,724,8441,0,0.18509457,0.1526429,-0.23181576
2018,724,8442,0,0.2999569,0.3344164,0.15922576
2018,724,8443,0,0.05182269,0.067919545,0.28761816
2018,724,8444,1,0.58652633,0.7462107,0.72887987
2018,724,8445,1,0.42363775,0.4788471,0.2231953
2018,724,8446,1,0.68921286,0.7680506,0.40089452
2018,724,8447,1,0.5994354,0.7116468,0.5002825
2018,724,8448,0,0.28545502,0.2586715,-0.13532358
2018,724,8449,1,0.65870154,0.47638586,-0.7520402
2018,724,8450,0,0.18640892,0.124142855,-0.48025486
2018,724,8451,0,0.15532582,0.16022512,0.036872037
2018,724,8452,1,0.47018236,0.44718722,-0.09262981
2018,724,8453,1,0.19898874,0.25837156,0.33817706
2018,724,8454,0,0.46669057,0.44114515,-0.10308038
2018,724,8455,1,0.31859347,0.39336988,0.32707438
2018,724,8456,0,0.19059329,0.15609117,-0.24144453
2018,724,8457,1,0.15989509,0.20759265,0.3195111
2018,724,8458,0,0.12561315,0.18371585,0.4489437
2018,724,8459,0,0.12503804,0.16278744,0.30792964
2018,724,8460,0,0.1384356,0.22329278,0.58176494
2018,724,8461,0,0.16409646,0.21054906,0.30643973
2018,724,8462,1,0.1559367,0.20176496,0.3134776
2018,724,8463,0,0.21105659,0.25254893,0.23350449
2018,724,8464,0,0.114572234,0.1470622,0.2870344
2018,724,8465,0,0.15968338,0.16650824,0.05000678
2018,724,8466,0,0.054027285,0.077553965,0.3866696
2018,724,8467,1,0.29694927,0.25092766,-0.23180321
2018,724,8468,1,0.28192806,0.32089368,0.18524992
2018,724,8470,0,0.3306893,0.32868427,-0.009072816
2018,724,8471,0,0.05372984,0.042901304,-0.23644483
2018,724,8472,1,0.16535647,0.17192818,0.046878062
2018,724,8473,0,0.13140935,0.17433445,0.33334053
2018,724,8474,0,0.08217322,0.11592335,0.38156462
2018,724,8475,1,0.58010167,0.57733244,-0.011358444
2018,724,8476,0,0.24237667,0.20045947,-0.2437317
2018,724,8477,0,0.13106394,0.17766319,0.35932383
2018,724,8478,0,0.1691502,0.27133864,0.60382044
2018,724,8479,0,0.0808253,0.083512895,0.035639357
2018,724,8480,1,0.1322906,0.13507085,0.024007551
2018,724,8481,0,0.09124519,0.068024985,-0.3189058
2018,724,8482,0,0.11865085,0.1250191,0.059533272
2018,724,8483,0,0.12695199,0.10991143,-0.16346456
2018,724,8484,0,0.12734321,0.10542942,-0.21364562
2018,724,8485,0,0.14582516,0.16719429,0.16208369
