t,i,k4,label_observed_continuing,p_base,p,logit_correction
2016,842,8401,0,0.20706923,0.29640046,0.47818485
2016,842,8402,0,0.19696847,0.22280858,0.15597673
2016,842,8403,0,0.39065638,0.27309352,-0.53442955
2016,842,8404,0,0.49380934,0.49172556,-0.0083370125
2016,842,8405,1,0.47246304,0.474809,0.009409972
2016,842,8406,1,0.27540496,0.33471227,0.28042185
2016,842,8407,0,0.10239765,0.11789616,0.1583578
2016,842,8408,0,0.1153284,0.16212134,0.3949046
2016,842,8409,0,0.042223573,0.043818407,0.038741905
2016,842,8410,1,0.34631073,0.42179868,0.31990167
2016,842,8411,0,0.12645079,0.1385783,0.10556256
2016,842,8412,0,0.049313642,0.057540055,0.16297124
2016,842,8413,0,0.1475131,0.124164276,-0.19933206
2016,842,8414,0,0.21610354,0.20052907,-0.094471715
2016,842,8415,0,0.05326391,0.06987663,0.28917545
2016,842,8416,0,0.19420348,0.103484176,-0.7361725
2016,842,8417,0,0.21109493,0.242384,0.1786847
2016,842,8418,0,0.050341025,0.038571764,-0.27861696
2016,842,8419,0,0.17106743,0.17913496,0.055861827
2016,842,8420,0,0.21213935,0.18886344,-0.14533423
2016,842,8421,0,0.15004951,0.115472645,-0.30180717
2016,842,8422,0,0.044696964,0.038158372,-0.16498148
2016,842,8423,0,0.12834339,0.084734246,-0.4640085
2016,842,8424,0,0.030533511,0.022540187,-0.3117363
2016,842,8425,0,0.09789866,0.094067805,-0.044154618
2016,842,8426,0,0.12802795,0.13439742,0.055883992
2016,842,8427,0,0.11447319,0.13241181,0.16604179
2016,842,8428,0,0.09776254,0.10971818,0.12871334
2016,842,8429,0,0.105054416,0.15496288,0.44608936
2016,842,8430,0,0.08452756,0.13832045,0.5530521
2016,842,8431,0,0.11418227,0.117730804,0.034618694
2016,842,8432,0,0.2227123,0.18305688,-0.24584273
2016,842,8433,0,0.050165456,0.047592994,-0.05534576
2016,842,8434,0,0.32098472,0.27353707,-0.22750024
2016,842,8435,0,0.33318022,0.25254694,-0.39123815
2016,842,8436,0,0.13330533,0.090412356,-0.43656576
2016,842,8437,0,0.49252847,0.3782646,-0.46703228
2016,842,8438,0,0.03767482,0.043279577,0.14453006
2016,842,8439,0,0.16087571,0.1997352,0.26377657
2016,842,8440,0,0.107596666,0.14876543,0.37121165
2016,842,8441,0,0.07526025,0.050353564,-0.42846
2016,842,8442,0,0.4580173,0.36951846,-0.36595607
2016,842,8443,0,0.046189275,0.034268018,-0.3109563
2016,842,8444,0,0.59809005,0.6300654,0.13498406
2016,842,8446,0,0.1833031,0.25076833,0.39960828
2016,842,8447,0,0.19679534,0.23551835,0.22903612
2016,842,8449,0,0.22934799,0.2551568,0.14070082
2016,842,8450,0,0.13102356,0.06440422,-0.78406566
2016,842,8451,0,0.035128962,0.024587477,-0.3676547
2016,842,8452,0,0.13201787,0.09924453,-0.32241312
2016,842,8453,0,0.22655419,0.17535415,-0.32027492
2016,842,8454,1,0.15870176,0.20690864,0.32425857
2016,842,8455,0,0.14549452,0.16787688,0.1696351
2016,842,8456,1,0.08452275,0.106093615,0.25114557
2016,842,8457,0,0.14584139,0.17858218,0.24161418
2016,842,8458,0,0.0819715,0.085297376,0.043401364
2016,842,8459,0,0.07519003,0.09540859,0.26025483
2016,842,8460,1,0.13867892,0.20349544,0.46171683
2016,842,8461,0,0.07698804,0.09588566,0.2401926
2016,842,8462,0,0.09430544,0.09738174,0.03550224
2016,842,8463,1,0.34312496,0.38492572,0.18070655
2016,842,8464,0,0.08820326,0.11164164,0.26169214
2016,842,8465,0,0.08309451,0.105248876,0.26080805
2016,842,8466,0,0.036742438,0.028352946,-0.26787317
2016,842,8467,0,0.0350353,0.030840347,-0.13187023
2016,842,8468,0,0.124097064,0.14501247,0.17992397
2016,842,8470,0,0.35239777,0.2563629,-0.45644307
2016,842,8471,0,0.03253723,0.037957437,0.15969875
2016,842,8472,1,0.106622264,0.119856395,0.13192639
2016,842,8473,0,0.08511518,0.14249942,0.5801088
2016,842,8474,0,0.07094659,0.09792511,0.35174447
2016,842,8475,0,0.17453162,0.15038471,-0.17774189
2016,842,8476,0,0.14484516,0.20953342,0.4478772
2016,842,8477,0,0.042099882,0.038861558,-0.08341431
2016,842,8478,0,0.57979226,0.45895952,-0.48645273
2016,842,8479,0,0.054887388,0.07683333,0.3598491
2016,842,8480,0,0.17500688,0.10321216,-0.61148274
2016,842,8481,0,0.038789026,0.031614877,-0.21194556
2016,842,8482,0,0.027619576,0.021700729,-0.24724744
2016,842,8483,0,0.07623596,0.06426777,-0.18364774
2016,842,8484,0,0.07832834,0.061120942,-0.26655254
2016,842,8485,0,0.18803003,0.13162847,-0.4237746
2016,276,8401,0,0.25176135,0.38392803,0.61633176
2016,276,8402,0,0.08811844,0.12578678,0.39809212
2016,276,8403,0,0.07621291,0.07187568,-0.063277066
2016,276,8404,0,0.18322456,0.19078295,0.04972087
2016,276,8405,1,0.39684913,0.5256361,0.5212455
2016,276,8406,1,0.1807397,0.21355328,0.20770541
2016,276,8407,0,0.08932479,0.10215871,0.1484415
2016,276,8408,0,0.055842984,0.07698438,0.3437049
2016,276,8409,0,0.035534054,0.044142403,0.22589485
2016,276,8410,1,0.29359818,0.17015564,-0.70655257
2016,276,8411,0,0.09847029,0.06767673,-0.40859902
2016,276,8412,0,0.034035362,0.0410827,0.19550946
2016,276,8413,0,0.02287792,0.020150967,-0.12970674
2016,276,8414,0,0.029185453,0.028630747,-0.01976048
2016,276,8415,0,0.0338584,0.03606911,0.06554054
2016,276,8416,0,0.061806664,0.087946214,0.3809713
2016,276,8417,0,0.20029147,0.22292744,0.13578631
2016,276,8418,0,0.024348302,0.016292144,-0.41000262
2016,276,8419,0,0.13989191,0.11850441,-0.19048171
2016,276,8420,0,0.12290695,0.09750038,-0.26012656
2016,276,8421,0,0.061915375,0.058019355,-0.06913644
2016,276,8422,0,0.08356563,0.059268143,-0.36972812
2016,276,8423,0,0.031057317,0.021645263,-0.37071472
2016,276,8424,0,0.026729342,0.019561332,-0.31954497
2016,276,8425,0,0.033815987,0.041534472,0.2136106
2016,276,8426,0,0.072277576,0.08769758,0.21014135
2016,276,8427,0,0.060516022,0.07767042,0.26799434
2016,276,8428,0,0.05046245,0.041266233,-0.21082324
2016,276,8429,0,0.061507333,0.08405432,0.33662486
2016,276,8430,0,0.053513575,0.07800534,0.4030593
2016,276,8431,0,0.02550138,0.031227635,0.20846441
2016,276,8432,0,0.07574909,0.05552698,-0.3322011
2016,276,8433,0,0.07942139,0.07874604,-0.0092731
2016,276,8434,0,0.08195695,0.060271565,-0.3306804
2016,276,8435,0,0.16662137,0.2239242,0.3668216
2016,276,8436,0,0.054925147,0.052639484,-0.044920467
2016,276,8437,0,0.4321826,0.40988114,-0.091504924
2016,276,8438,0,0.028424628,0.019643981,-0.37848198
2016,276,8439,0,0.10896687,0.08771877,-0.24047476
2016,276,8440,0,0.06074389,0.10190868,0.5622271
2016,276,8441,0,0.056921493,0.04021409,-0.36501628
2016,276,8442,0,0.15809365,0.22495191,0.43544266
2016,276,8443,0,0.031787653,0.022189649,-0.36931637
2016,276,8444,0,0.24814361,0.28640157,0.19561225
2016,276,8445,0,0.11182237,0.19552672,0.6577695
2016,276,8446,0,0.21535496,0.2968102,0.43040988
2016,276,8447,0,0.13287796,0.13601519,0.02696007
2016,276,8448,0,0.051749997,0.04256684,-0.20498651
2016,276,8449,0,0.21280137,0.24868563,0.2024868
2016,276,8450,0,0.116207644,0.08857568,-0.30230787
2016,276,8451,0,0.031035725,0.029856162,-0.03996443
2016,276,8452,0,0.036148712,0.025293123,-0.36830848
2016,276,8453,0,0.08068272,0.07206825,-0.12223779
2016,276,8454,0,0.13476756,0.16905129,0.2670807
2016,276,8455,0,0.3065132,0.22104415,-0.44312057
2016,276,8456,0,0.055913623,0.07094629,0.25416622
2016,276,8457,0,0.19165368,0.21079575,0.1191649
2016,276,8458,0,0.07515893,0.06409736,-0.17109127
2016,276,8459,0,0.0620305,0.0869473,0.36459976
2016,276,8460,0,0.08057176,0.100387245,0.24167432
2016,276,8461,0,0.11289994,0.1612212,0.41228616
2016,276,8462,0,0.053164534,0.056131337,0.057441063
2016,276,8463,0,0.1395518,0.16376683,0.18855365
2016,276,8464,0,0.070238285,0.054448247,-0.2714831
2016,276,8465,0,0.04249682,0.041887693,-0.015073112
2016,276,8466,0,0.046553478,0.031064864,-0.42063865
2016,276,8467,0,0.033834588,0.025357548,-0.29714283
2016,276,8468,0,0.04787845,0.070503704,0.41104966
2016,276,8469,1,0.25792265,0.44402072,0.83193374
2016,276,8470,0,0.10673041,0.116200656,0.095670745
2016,276,8471,1,0.035181984,0.030579694,-0.14495657
2016,276,8472,0,0.0480342,0.045514114,-0.05653457
2016,276,8473,0,0.06749214,0.07990874,0.1822789
2016,276,8474,0,0.0527901,0.065979145,0.23703697
2016,276,8475,0,0.14090955,0.15822306,0.13624674
2016,276,8476,0,0.14508583,0.13873515,-0.05215989
2016,276,8477,0,0.045913063,0.043144282,-0.06509766
2016,276,8478,0,0.09469599,0.12901044,0.34786242
2016,276,8479,0,0.04053521,0.044109415,0.0882344
2016,276,8480,0,0.10166798,0.083470754,-0.21727046
2016,276,8481,0,0.027596347,0.020048613,-0.32725558
2016,276,8482,0,0.030629395,0.034487527,0.12262548
2016,276,8483,0,0.09805664,0.077870645,-0.25263
2016,276,8484,0,0.0377996,0.029050447,-0.27231634
2016,276,8485,0,0.044040516,0.059843548,0.32329264
2016,392,8401,0,0.5416125,0.44603002,-0.3835601
2016,392,8402,0,0.14311193,0.22116888,0.5308126
2016,392,8403,0,0.24819982,0.26978824,0.11253929
2016,392,8404,1,0.38762048,0.4357089,0.19872977
2016,392,8405,1,0.20986244,0.31604794,0.55376077
2016,392,8406,0,0.08170961,0.123721376,0.46169
2016,392,8407,0,0.062932946,0.06857094,0.09183377
2016,392,8408,0,0.071199164,0.09264991,0.28671297
2016,392,8409,0,0.033820327,0.045727495,0.31403828
2016,392,8411,0,0.064937904,0.052463725,-0.22656171
2016,392,8412,0,0.07512757,0.07518607,0.00084172084
2016,392,8413,0,0.033549204,0.034468263,0.027977332
2016,392,8414,0,0.0287695,0.03745865,0.27290866
2016,392,8415,0,0.022628339,0.019683925,-0.14240894
2016,392,8416,0,0.21727017,0.28306597,0.35234216
2016,392,8417,0,0.17007713,0.21512528,0.2907772
2016,392,8418,0,0.029570075,0.02142817,-0.33041155
2016,392,8419,0,0.09993704,0.10790358,0.085588165
2016,392,8420,0,0.20511292,0.25135386,0.26323476
2016,392,8421,0,0.042003173,0.048972216,0.16080901
2016,392,8422,0,0.044502508,0.045441583,0.021865463
2016,392,8423,0,0.0633175,0.038937367,-0.5119025
2016,392,8424,0,0.03265166,0.0256608,-0.24813195
2016,392,8425,0,0.07701517,0.09397684,0.21759385
2016,392,8426,0,0.13118027,0.16287474,0.2535708
2016,392,8427,0,0.031951945,0.044715535,0.34936056
2016,392,8428,0,0.105470434,0.09284204,-0.14154992
2016,392,8429,0,0.11424791,0.16182338,0.40334293
2016,392,8430,0,0.10060257,0.16085698,0.5386818
2016,392,8431,0,0.046027735,0.056176197,0.20994397
2016,392,8432,0,0.0965311,0.095883176,-0.00745161
2016,392,8433,0,0.062039603,0.060659893,-0.023960099
2016,392,8434,0,0.21828674,0.20317027,-0.090918094
2016,392,8435,0,0.3400454,0.42315602,0.35326108
2016,392,8436,1,0.13274866,0.13688776,0.035487805
2016,392,8437,0,0.15527734,0.18381612,0.20309179
2016,392,8438,0,0.057636905,0.063399374,0.1014246
2016,392,8439,0,0.2316612,0.21742198,-0.08179885
2016,392,8440,0,0.10783197,0.14812176,0.3636713
2016,392,8441,0,0.06095292,0.04332563,-0.35995474
2016,392,8442,0,0.15161133,0.14892098,-0.021070436
2016,392,8443,0,0.043589346,0.029122666,-0.4183088
2016,392,8444,0,0.31427944,0.35211548,0.17043445
2016,392,8445,0,0.18553303,0.2785338,0.5275548
2016,392,8446,0,0.31154352,0.37743908,0.29248086
2016,392,8447,0,0.11601759,0.14894795,0.28781906
2016,392,8448,0,0.07358356,0.05691196,-0.27475187
2016,392,8449,1,0.7082199,0.63632506,-0.32730523
2016,392,8451,0,0.064210705,0.053716097,-0.18960957
2016,392,8452,0,0.052299354,0.036451504,-0.37758547
2016,392,8453,0,0.27796265,0.32800406,0.2373638
2016,392,8454,0,0.15829372,0.21493343,0.37553862
2016,392,8455,1,0.22618829,0.401959,0.8326517
2016,392,8456,1,0.20334248,0.21158941,0.050161958
2016,392,8457,0,0.15998465,0.21318729,0.35252312
2016,392,8458,0,0.11189952,0.13337821,0.20006962
2016,392,8459,0,0.13087563,0.16380654,0.26306495
2016,392,8460,0,0.13322766,0.16527395,0.25321776
2016,392,8461,0,0.11054566,0.19602408,0.6738476
2016,392,8462,0,0.11455867,0.17616063,0.5024198
2016,392,8463,0,0.17181945,0.24147837,0.42819545
2016,392,8464,0,0.2778405,0.2252494,-0.2801342
2016,392,8465,0,0.08602338,0.10352374,0.20451494
2016,392,8466,0,0.05590114,0.04286812,-0.27916673
2016,392,8467,0,0.041306928,0.031111285,-0.2940384
2016,392,8468,1,0.10661279,0.14893222,0.38281605
2016,392,8469,1,0.6259502,0.8554675,1.2632618
2016,392,8470,0,0.10896328,0.13210084,0.21886463
2016,392,8471,1,0.025172587,0.027149552,0.077635065
2016,392,8472,0,0.05506052,0.058512013,0.064458266
2016,392,8473,0,0.120723106,0.1778321,0.4544955
2016,392,8474,0,0.15406956,0.18271844,0.2049957
2016,392,8475,0,0.18311091,0.3119198,0.70425206
2016,392,8476,0,0.19973426,0.32038507,0.63595325
2016,392,8477,0,0.06477689,0.059396427,-0.09245129
2016,392,8478,0,0.25365797,0.29534882,0.20965129
2016,392,8479,0,0.0930473,0.05753016,-0.5192123
2016,392,8480,0,0.067103334,0.04986079,-0.3153128
2016,392,8481,0,0.03759058,0.03367091,-0.114183724
2016,392,8482,0,0.030976044,0.02399763,-0.2624348
2016,392,8483,0,0.06278089,0.053724688,-0.16539444
2016,392,8484,0,0.042530056,0.037771724,-0.12360754
2016,392,8485,0,0.06633866,0.1186886,0.6394331
2016,156,8401,1,0.27343357,0.40093318,0.57569283
2016,156,8402,1,0.059666,0.0871575,0.4086263
2016,156,8403,1,0.28680632,0.27119005,-0.07764733
2016,156,8404,1,0.11738513,0.18207617,0.51508456
2016,156,8405,0,0.14299852,0.26534635,0.7722421
2016,156,8406,1,0.18649462,0.18548672,-0.0066573536
2016,156,8407,0,0.051330578,0.046310946,-0.108185425
2016,156,8408,0,0.04838333,0.06709996,0.34689245
2016,156,8409,0,0.02158294,0.034729686,0.48921952
2016,156,8411,0,0.07202172,0.04399809,-0.5225731
2016,156,8412,0,0.04245703,0.044745855,0.054899525
2016,156,8413,0,0.03861169,0.03219665,-0.18834338
2016,156,8414,0,0.02411541,0.025606632,0.06152961
2016,156,8415,0,0.022433931,0.025635296,0.13667579
2016,156,8416,0,0.040470976,0.05086475,0.23947649
2016,156,8417,0,0.09778781,0.11815777,0.21205725
2016,156,8418,0,0.021084506,0.01540306,-0.31975934
2016,156,8419,0,0.17439327,0.16346031,-0.07789812
2016,156,8420,0,0.047886223,0.033417083,-0.3748431
2016,156,8421,0,0.08637761,0.08743362,0.013307706
2016,156,8422,0,0.02278511,0.021394504,-0.06439514
2016,156,8423,0,0.02913621,0.02668036,-0.0905804
2016,156,8424,0,0.024414077,0.018066248,-0.30760002
2016,156,8425,0,0.04159136,0.04984647,0.18970576
2016,156,8426,0,0.12220747,0.18348692,0.4787905
2016,156,8427,0,0.030827675,0.038890537,0.24069221
2016,156,8428,0,0.13976596,0.15207915,0.098849006
2016,156,8430,0,0.1016787,0.064870946,-0.4895747
2016,156,8431,0,0.04717897,0.046795968,-0.008552923
2016,156,8432,0,0.027889997,0.037158027,0.29649135
2016,156,8433,0,0.019684099,0.022596225,0.14094664
2016,156,8434,0,0.058268614,0.07555957,0.2783893
2016,156,8436,0,0.020505188,0.025314165,0.21560778
2016,156,8439,0,0.08983711,0.14831573,0.56775284
2016,156,8440,0,0.04555783,0.074276656,0.51936585
2016,156,8441,0,0.027286816,0.020731576,-0.2814623
2016,156,8442,0,0.07365148,0.087757036,0.1905721
2016,156,8443,0,0.024512267,0.0153380735,-0.47819602
2016,156,8444,0,0.184494,0.20898646,0.1551462
2016,156,8445,0,0.10234402,0.15303677,0.46046805
2016,156,8446,0,0.21134181,0.32744005,0.59707004
2016,156,8447,0,0.058985617,0.11787831,0.75698745
2016,156,8448,0,0.024595369,0.01312691,-0.63958293
2016,156,8449,0,0.059377424,0.13004437,0.8620614
2016,156,8450,0,0.08745091,0.051666573,-0.56473094
2016,156,8451,0,0.01852496,0.014808347,-0.22770765
2016,156,8452,0,0.013253642,0.007574653,-0.5652039
2016,156,8453,0,0.04471352,0.08389266,0.6711401
2016,156,8454,0,0.063273564,0.08601276,0.33160254
2016,156,8455,0,0.079675585,0.121175565,0.46541825
2016,156,8456,0,0.025064899,0.034089558,0.31682253
2016,156,8457,0,0.05527938,0.0825141,0.42982134
2016,156,8458,0,0.036848307,0.027037522,-0.3197185
2016,156,8459,0,0.029145123,0.046669845,0.4890263
2016,156,8460,0,0.02212298,0.030145166,0.3176452
2016,156,8461,0,0.03135371,0.055555232,0.59734756
2016,156,8462,0,0.02628086,0.03897307,0.40715042
2016,156,8463,0,0.04626695,0.07099266,0.4544157
2016,156,8464,0,0.06497344,0.079958774,0.22368918
2016,156,8465,0,0.044361446,0.04703806,0.06139111
2016,156,8466,0,0.023880675,0.014892575,-0.48137277
2016,156,8467,0,0.020578722,0.017860955,-0.14441153
2016,156,8468,0,0.025159355,0.036594942,0.3864803
2016,156,8469,1,0.1776187,0.5516935,1.7400805
2016,156,8470,0,0.032235816,0.04337472,0.30837542
2016,156,8471,0,0.027832782,0.02744567,-0.014404235
2016,156,8472,0,0.03676027,0.034495387,-0.065940596
2016,156,8473,0,0.046784814,0.05251726,0.12161506
2016,156,8475,0,0.16563734,0.2719715,0.63222444
2016,156,8476,0,0.06294833,0.08930191,0.37823555
2016,156,8477,0,0.023666246,0.029423075,0.22364333
2016,156,8478,0,0.111356094,0.15345216,0.36918554
2016,156,8479,0,0.026576012,0.025303682,-0.050365154
2016,156,8480,0,0.05876405,0.05485393,-0.073002085
2016,156,8481,0,0.023100946,0.021663826,-0.0656998
2016,156,8482,0,0.01701453,0.018482976,0.084277436
2016,156,8483,0,0.04138482,0.027363077,-0.42824075
2016,156,8484,0,0.05140795,0.034868274,-0.4055014
2016,380,8401,0,0.5473174,0.6988628,0.65205085
2016,380,8403,0,0.088663734,0.07897953,-0.1262327
2016,380,8404,0,0.11643765,0.16685493,0.41852278
2016,380,8406,1,0.097327515,0.14948003,0.4885929
2016,380,8407,0,0.13095772,0.11243396,-0.17359957
2016,380,8408,0,0.07405756,0.10650157,0.3989847
2016,380,8409,0,0.035370033,0.054949954,0.4610646
2016,380,8411,0,0.22145873,0.15532675,-0.43623316
2016,380,8412,0,0.059645392,0.06274154,0.053904764
2016,380,8413,0,0.03308413,0.02555345,-0.2660397
2016,380,8414,0,0.031253375,0.026853263,-0.15627173
2016,380,8415,0,0.040879644,0.037356593,-0.09378928
2016,380,8416,0,0.07430807,0.0878124,0.18167898
2016,380,8417,0,0.0828948,0.11835871,0.39558437
2016,380,8418,0,0.027688038,0.018326232,-0.42224935
2016,380,8419,0,0.11202961,0.114637986,0.025957868
2016,380,8420,0,0.14160195,0.19674443,0.39528054
2016,380,8421,0,0.0844396,0.06363914,-0.30527246
2016,380,8422,0,0.05673275,0.04634079,-0.21328588
2016,380,8423,0,0.04896465,0.032915484,-0.41389003
2016,380,8424,0,0.029817238,0.018925318,-0.46575028
2016,380,8425,0,0.06249994,0.059506483,-0.052268356
2016,380,8426,0,0.07439014,0.09504502,0.26759478
2016,380,8427,0,0.09435494,0.109674826,0.16751684
2016,380,8428,0,0.058130134,0.04684652,-0.22771621
2016,380,8429,0,0.06316562,0.08413654,0.30932006
2016,380,8430,0,0.12032806,0.1577455,0.31422794
2016,380,8431,0,0.029093554,0.031119308,0.0694005
2016,380,8432,0,0.04653187,0.03785684,-0.21538298
2016,380,8433,0,0.046092793,0.04598118,-0.0025412084
2016,380,8434,0,0.105897985,0.10684273,0.009939048
2016,380,8435,0,0.16073637,0.13291074,-0.22270486
2016,380,8436,0,0.054136895,0.06318306,0.16413024
2016,380,8438,0,0.04667331,0.038488455,-0.20136307
2016,380,8439,0,0.1317242,0.17226501,0.3161401
2016,380,8440,0,0.11457057,0.15760258,0.36870643
2016,380,8441,0,0.059093732,0.03440533,-0.56681424
2016,380,8442,0,0.1819534,0.15925457,-0.16061626
2016,380,8443,0,0.033815872,0.023394406,-0.37916186
2016,380,8444,0,0.45807293,0.5144178,0.22579034
2016,380,8445,0,0.15189123,0.31046534,0.92189944
2016,380,8446,0,0.17910638,0.27057672,0.53071517
2016,380,8447,0,0.10674264,0.12836106,0.20892586
2016,380,8448,0,0.06022228,0.059995476,-0.0040145325
2016,380,8449,0,0.18236838,0.28760502,0.5933387
2016,380,8450,0,0.14677095,0.12586439,-0.17787561
2016,380,8451,0,0.03043851,0.021499444,-0.3568589
2016,380,8453,0,0.06525606,0.07372816,0.13117082
2016,380,8454,1,0.20158301,0.14154045,-0.42612422
2016,380,8455,0,0.38372755,0.34471083,-0.1686143
2016,380,8456,0,0.052286122,0.05573977,0.067613885
2016,380,8457,0,0.11010359,0.13877746,0.26420218
2016,380,8458,0,0.106711686,0.11962982,0.1288384
2016,380,8459,0,0.0784092,0.109283425,0.36607832
2016,380,8460,0,0.07184751,0.098038435,0.33943778
2016,380,8461,0,0.07632076,0.11830252,0.48481587
2016,380,8462,0,0.044773255,0.054509103,0.20700122
2016,380,8463,0,0.09002713,0.1312609,0.4234478
2016,380,8464,0,0.06699006,0.0700896,0.048557702
2016,380,8465,0,0.04591026,0.056927904,0.22671199
2016,380,8466,0,0.034071077,0.020653801,-0.5143446
2016,380,8467,0,0.03189742,0.022392472,-0.36357054
2016,380,8468,0,0.08020765,0.118821,0.43588638
2016,380,8469,1,0.5525032,0.8311878,1.3832787
2016,380,8470,0,0.49014854,0.47811761,-0.048174564
2016,380,8471,1,0.036089376,0.031069659,-0.15496099
2016,380,8472,1,0.14000416,0.14078082,0.006435517
2016,380,8473,0,0.05407452,0.063715935,0.17431642
2016,380,8474,0,0.052060448,0.07473611,0.38576952
2016,380,8475,0,0.354653,0.43335307,0.33046472
2016,380,8476,0,0.092395,0.11995037,0.29183614
2016,380,8477,0,0.037446793,0.03061814,-0.20839766
2016,380,8478,0,0.11832518,0.14985861,0.2726762
2016,380,8479,0,0.03836791,0.031028768,-0.21990971
2016,380,8480,0,0.1277232,0.09940079,-0.28265902
2016,380,8481,0,0.022970429,0.018266108,-0.23396373
2016,380,8482,0,0.043936994,0.03348171,-0.28263375
2016,380,8483,0,0.06648793,0.04328449,-0.45377836
2016,380,8484,0,0.03826863,0.03554635,-0.076619595
2016,380,8485,0,0.048533965,0.056974005,0.16924135
2016,826,8401,1,0.27837,0.556753,1.1805558
2016,826,8402,1,0.13361734,0.16665132,0.25979835
2016,826,8403,0,0.5049447,0.45878908,-0.18499789
2016,826,8405,0,0.2833524,0.35463437,0.32916307
2016,826,8406,1,0.39337078,0.4276515,0.14172554
2016,826,8407,0,0.059979964,0.06891161,0.1483612
2016,826,8408,0,0.069254026,0.10939234,0.5012419
2016,826,8409,0,0.029868402,0.04110979,0.3311003
2016,826,8411,0,0.058244094,0.037772376,-0.4545695
2016,826,8412,0,0.075113654,0.089700766,0.1933745
2016,826,8413,0,0.035242517,0.031403147,-0.119316734
2016,826,8414,0,0.03370309,0.035257973,0.04671261
2016,826,8415,0,0.046067815,0.039238226,-0.1675971
2016,826,8416,0,0.14128181,0.1648494,0.1821046
2016,826,8417,1,0.083808444,0.12171027,0.41535848
2016,826,8418,0,0.032328136,0.021057537,-0.4402593
2016,826,8419,0,0.15829524,0.15028614,-0.06139108
2016,826,8420,0,0.14045614,0.113829926,-0.24069668
2016,826,8421,0,0.08508518,0.069869414,-0.21351881
2016,826,8422,0,0.04321888,0.030825762,-0.35079652
2016,826,8423,0,0.041190114,0.028455116,-0.38306493
2016,826,8424,0,0.032375995,0.022744965,-0.36297742
2016,826,8425,0,0.07822346,0.09892682,0.257527
2016,826,8426,0,0.09818944,0.13563308,0.3654617
2016,826,8427,0,0.06354374,0.071628414,0.12843426
2016,826,8428,0,0.0850929,0.06249681,-0.33302563
2016,826,8429,0,0.057468116,0.07746376,0.3200231
2016,826,8430,0,0.060057614,0.0867042,0.39595675
2016,826,8431,0,0.040369388,0.054842662,0.3215936
2016,826,8432,0,0.07200506,0.07082641,-0.017773543
2016,826,8433,0,0.15052688,0.10624663,-0.39919212
2016,826,8434,0,0.17629758,0.12925152,-0.36595687
2016,826,8435,0,0.20525433,0.30435866,0.5271449
2016,826,8436,0,0.07262214,0.07944156,0.09713242
2016,826,8437,0,0.14794737,0.16391155,0.12138416
2016,826,8438,0,0.042711638,0.03999709,-0.06849648
2016,826,8439,0,0.178035,0.18183707,0.025767218
2016,826,8440,0,0.14342827,0.20011477,0.40152583
2016,826,8441,0,0.10449423,0.06635264,-0.49585843
2016,826,8442,0,0.231358,0.22360353,-0.04412985
2016,826,8443,0,0.035259724,0.02278041,-0.44969288
2016,826,8444,0,0.21394274,0.33740783,0.62645394
2016,826,8445,0,0.23481332,0.3122903,0.39189547
2016,826,8446,0,0.25511318,0.32889417,0.35833412
2016,826,8447,0,0.13466023,0.13261208,-0.017690813
2016,826,8448,0,0.09887693,0.074317545,-0.3124183
2016,826,8450,0,0.21738356,0.13756101,-0.5547176
2016,826,8451,0,0.057892933,0.039055344,-0.41341352
2016,826,8452,0,0.07237845,0.049157027,-0.41161394
2016,826,8453,0,0.21732354,0.22967355,0.071176626
2016,826,8454,0,0.21662822,0.1320352,-0.59765774
2016,826,8455,1,0.59422964,0.57868505,-0.06410072
2016,826,8456,0,0.07398709,0.08764559,0.18427046
2016,826,8457,0,0.22071359,0.22556488,0.027986677
2016,826,8458,0,0.10738056,0.11901248,0.115966156
2016,826,8459,0,0.09452399,0.1405496,0.44887432
2016,826,8460,0,0.13295747,0.16043463,0.22006102
2016,826,8461,0,0.15925966,0.20896433,0.33256742
2016,826,8462,0,0.13188684,0.15448363,0.18451847
2016,826,8463,1,0.23069009,0.26364708,0.17732048
2016,826,8464,0,0.2292234,0.21179396,-0.101443976
2016,826,8466,0,0.03671537,0.024322381,-0.4245818
2016,826,8467,0,0.03993705,0.030974513,-0.26343176
2016,826,8468,0,0.08225146,0.14252155,0.61763936
2016,826,8470,0,0.17409055,0.13899359,-0.2667645
2016,826,8471,1,0.037977405,0.03945178,0.03962156
2016,826,8472,1,0.05892127,0.054602835,-0.080694705
2016,826,8473,0,0.060964756,0.0873742,0.38843125
2016,826,8474,0,0.0621413,0.0687216,0.10769384
2016,826,8475,0,0.1855938,0.24778768,0.36845246
2016,826,8476,0,0.1399992,0.12429757,-0.13705127
2016,826,8477,0,0.04546617,0.04098628,-0.10841346
2016,826,8478,0,0.14017315,0.20000844,0.4276108
2016,826,8479,0,0.03786472,0.037166964,-0.019324215
2016,826,8480,0,0.13148503,0.11106096,-0.19205762
2016,826,8481,0,0.050241683,0.039516088,-0.25136694
2016,826,8482,0,0.033240188,0.027221484,-0.20595968
2016,826,8483,0,0.064237036,0.04336681,-0.41494346
2016,826,8484,0,0.035879154,0.026834143,-0.29981917
2016,826,8485,0,0.04627889,0.056365047,0.20779526
2016,251,8401,0,0.21416387,0.40217456,0.9035943
2016,251,8402,0,0.25295636,0.3491856,0.46028554
2016,251,8403,0,0.13796486,0.13084063,-0.06124964
2016,251,8404,0,0.16545346,0.25466004,0.5442875
2016,251,8405,0,0.19625266,0.3130666,0.62406075
2016,251,8406,0,0.1750544,0.2117838,0.23601413
2016,251,8407,0,0.097621076,0.092481844,-0.059760153
2016,251,8408,0,0.082690276,0.10697934,0.2843692
2016,251,8409,0,0.04350105,0.06419532,0.41101804
2016,251,8411,0,0.109520204,0.084409565,-0.28823718
2016,251,8412,0,0.08732542,0.09405599,0.08165046
2016,251,8413,0,0.034305815,0.027973058,-0.21060947
2016,251,8414,0,0.037991423,0.03498155,-0.08566349
2016,251,8415,0,0.039336763,0.032548923,-0.19645624
2016,251,8416,0,0.086411074,0.10287719,0.19260807
2016,251,8417,1,0.116079316,0.16997582,0.44429505
2016,251,8418,0,0.035773203,0.020236408,-0.58570063
2016,251,8419,0,0.18532479,0.17704153,-0.055841755
2016,251,8420,0,0.23591943,0.22624049,-0.0544797
2016,251,8421,0,0.07625227,0.064692974,-0.17683034
2016,251,8422,0,0.048518132,0.035980824,-0.31204188
2016,251,8423,0,0.078443,0.058010455,-0.32367852
2016,251,8424,0,0.037068147,0.026683208,-0.3394506
2016,251,8425,0,0.06321609,0.05107022,-0.22623947
2016,251,8426,0,0.14863886,0.18591051,0.26851204
2016,251,8427,0,0.067491286,0.09026404,0.31546476
2016,251,8428,0,0.13629682,0.10957132,-0.24873316
2016,251,8429,0,0.07732386,0.09101584,0.1779817
2016,251,8431,0,0.031936646,0.03490748,0.09202042
2016,251,8432,0,0.05910586,0.052353725,-0.12845759
2016,251,8433,0,0.06160249,0.06289657,0.022169404
2016,251,8434,0,0.1666926,0.13832551,-0.22001658
2016,251,8435,0,0.14037178,0.1518381,0.09194872
2016,251,8436,0,0.060811494,0.06319672,0.0410166
2016,251,8438,0,0.041529942,0.03602888,-0.14781682
2016,251,8439,0,0.2574673,0.2511696,-0.033210073
2016,251,8441,0,0.11442362,0.076399155,-0.44597715
2016,251,8442,0,0.20519239,0.15208581,-0.36418247
2016,251,8443,0,0.04488722,0.023295071,-0.67826664
2016,251,8444,1,0.50993305,0.56713045,0.23041543
2016,251,8445,0,0.16396879,0.24939923,0.5271709
2016,251,8446,1,0.25595957,0.3538237,0.4648022
2016,251,8447,0,0.146437,0.13414884,-0.10193907
2016,251,8448,0,0.10959946,0.06280011,-0.60810095
2016,251,8449,0,0.31454217,0.29869607,-0.07454596
2016,251,8450,1,0.18982576,0.14261183,-0.34262148
2016,251,8451,0,0.040608592,0.026953425,-0.4240021
2016,251,8452,0,0.10319003,0.059825704,-0.59235805
2016,251,8453,0,0.117168576,0.119792394,0.02512286
2016,251,8454,0,0.14442794,0.16065916,0.12565792
2016,251,8455,0,0.22052652,0.26373836,0.23597263
2016,251,8456,0,0.12725046,0.1354511,0.0718941
2016,251,8457,0,0.25612655,0.3069623,0.2518399
2016,251,8458,0,0.24295203,0.25850013,0.08278384
2016,251,8459,0,0.15884762,0.21895294,0.3950489
2016,251,8460,0,0.11304805,0.1403686,0.24774592
2016,251,8461,0,0.10955869,0.15837954,0.424922
2016,251,8462,0,0.08525305,0.099787936,0.1734404
2016,251,8463,0,0.143225,0.1927227,0.35634366
2016,251,8464,0,0.16860598,0.12534137,-0.34725338
2016,251,8465,0,0.08933972,0.08603802,-0.041275978
2016,251,8466,0,0.05355705,0.03124611,-0.56215245
2016,251,8467,0,0.049594227,0.03325709,-0.41665006
2016,251,8468,0,0.08923534,0.12149726,0.34467998
2016,251,8470,0,0.12164304,0.10367208,-0.18011126
2016,251,8471,1,0.036949914,0.036246024,-0.019964164
2016,251,8472,1,0.17075646,0.16916505,-0.011280745
2016,251,8473,0,0.067203954,0.08902913,0.30490738
2016,251,8475,0,0.2975979,0.40348294,0.46778917
2016,251,8476,1,0.3792502,0.20862283,-0.8405147
2016,251,8477,0,0.038310166,0.032101564,-0.18324561
2016,251,8479,0,0.04097557,0.036220163,-0.12830642
2016,251,8480,0,0.11283831,0.108330846,-0.045833725
2016,251,8481,0,0.03147675,0.025981806,-0.1975102
2016,251,8482,0,0.04039293,0.029917844,-0.31105667
2016,251,8483,0,0.080026135,0.054212753,-0.41710955
2016,251,8484,0,0.06474026,0.048065554,-0.31548965
2016,251,8485,0,0.07177571,0.09612017,0.31862998
2016,490,8402,1,0.3838314,0.40283394,0.079646386
2016,490,8403,0,0.5117337,0.65501773,0.5942259
2016,490,8404,1,0.3109405,0.3548688,0.19802043
2016,490,8405,0,0.35765958,0.37360114,0.068738244
2016,490,8406,0,0.167483,0.2463084,0.48517296
2016,490,8407,1,0.53389406,0.42894885,-0.42192551
2016,490,8408,1,0.22948943,0.32255462,0.46914008
2016,490,8409,0,0.042827442,0.062107906,0.39204308
2016,490,8410,0,0.22269139,0.29070032,0.3580653
2016,490,8411,0,0.14911523,0.11244939,-0.32440487
2016,490,8412,0,0.14257373,0.14203304,-0.0044299406
2016,490,8413,0,0.029153476,0.032006465,0.096306756
2016,490,8414,0,0.031087378,0.03269247,0.05200067
2016,490,8415,0,0.045040537,0.04698522,0.04430867
2016,490,8416,0,0.21731551,0.22962442,0.07094636
2016,490,8417,0,0.1686362,0.21566515,0.3042147
2016,490,8418,0,0.033819214,0.02647931,-0.2522335
2016,490,8419,0,0.11697465,0.12556405,0.08063359
2016,490,8420,0,0.1852475,0.20254607,0.11073491
2016,490,8421,0,0.04386305,0.054293476,0.22430062
2016,490,8422,0,0.037579335,0.044760827,0.18236893
2016,490,8423,0,0.058499817,0.043757994,-0.3058858
2016,490,8424,0,0.038393077,0.029084656,-0.28729996
2016,490,8425,0,0.112177856,0.13501632,0.2113707
2016,490,8426,1,0.4583604,0.44393033,-0.058280837
2016,490,8427,0,0.08906326,0.1040356,0.1719591
2016,490,8428,0,0.057608705,0.068616465,0.18660827
2016,490,8429,0,0.28314763,0.3957739,0.50579613
2016,490,8430,0,0.13920498,0.19588362,0.40968552
2016,490,8431,0,0.080259755,0.09506083,0.18547232
2016,490,8432,0,0.12187511,0.121931255,0.00052449317
2016,490,8433,0,0.100107744,0.09643605,-0.041438725
2016,490,8434,0,0.20455264,0.23929127,0.20151031
2016,490,8435,0,0.16161437,0.2488301,0.5414037
2016,490,8436,0,0.10978775,0.1403315,0.28037173
2016,490,8437,0,0.08238176,0.118667,0.4053029
2016,490,8438,0,0.048411448,0.06509862,0.31385878
2016,490,8439,0,0.116344705,0.16099927,0.37669787
2016,490,8440,0,0.23337008,0.2844126,0.2667007
2016,490,8441,0,0.070421845,0.050207347,-0.359855
2016,490,8442,0,0.17114897,0.23409717,0.3921871
2016,490,8443,0,0.038869474,0.023560956,-0.51642036
2016,490,8444,0,0.3235746,0.35431692,0.13727538
2016,490,8445,0,0.21028903,0.2861437,0.40899652
2016,490,8446,0,0.27944785,0.39543465,0.5226779
2016,490,8447,0,0.101639636,0.12255192,0.21065478
2016,490,8448,0,0.07794019,0.060906142,-0.2649132
2016,490,8449,0,0.28183472,0.3912166,0.49317777
2016,490,8450,0,0.13356048,0.12380528,-0.08704045
2016,490,8451,0,0.11081387,0.11244691,0.016467452
2016,490,8452,0,0.039164018,0.033169515,-0.1723467
2016,490,8453,0,0.18453735,0.11334158,-0.5711501
2016,490,8454,0,0.18245843,0.21616687,0.21163394
2016,490,8455,0,0.16806653,0.26289576,0.5684207
2016,490,8456,1,0.27831224,0.3699744,0.4205223
2016,490,8457,0,0.14895311,0.1811958,0.23456886
2016,490,8458,0,0.109524526,0.15584603,0.40614066
2016,490,8459,0,0.09864679,0.14721136,0.4557092
2016,490,8460,0,0.13503164,0.18606678,0.38141125
2016,490,8461,0,0.12853627,0.17941354,0.39363727
2016,490,8462,0,0.098798126,0.12940928,0.3044589
2016,490,8463,0,0.091731966,0.14105171,0.48608637
2016,490,8464,0,0.23334622,0.24075168,0.040949155
2016,490,8465,0,0.14877851,0.15582848,0.054614
2016,490,8466,0,0.07823799,0.07145883,-0.09796135
2016,490,8467,0,0.06223291,0.04845947,-0.26473686
2016,490,8468,0,0.104432695,0.16188806,0.50466794
2016,490,8470,0,0.11796442,0.09396633,-0.25429052
2016,490,8471,1,0.047211748,0.051042695,0.082048625
2016,490,8472,0,0.08953789,0.08912308,-0.0050990265
2016,490,8473,0,0.0765201,0.11283676,0.42850873
2016,490,8474,0,0.09313237,0.13429454,0.41246548
2016,490,8475,0,0.57570475,0.7260374,0.6694441
2016,490,8476,0,0.14044327,0.14246789,0.016671123
2016,490,8477,0,0.029733222,0.04054892,0.32145384
2016,490,8478,0,0.2646344,0.18395351,-0.4677698
2016,490,8479,0,0.07593443,0.037168868,-0.7554936
2016,490,8480,0,0.047922596,0.048178386,0.005592176
2016,490,8481,0,0.03487806,0.032203358,-0.0825548
2016,490,8482,0,0.03599923,0.026126228,-0.33074728
2016,490,8483,0,0.056083556,0.0548758,-0.023048768
2016,490,8484,0,0.035899885,0.032072596,-0.116693996
2016,490,8485,0,0.1187578,0.13345477,0.13349487
2016,702,8402,1,0.71131927,0.71938986,0.039637145
2016,702,8403,1,0.23124203,0.3469704,0.56892824
2016,702,8404,1,0.6503862,0.7293978,0.37083194
2016,702,8406,1,0.5864525,0.6473842,0.25824153
2016,702,8407,1,0.14879987,0.13013357,-0.15573321
2016,702,8409,0,0.057347294,0.06752456,0.17422087
2016,702,8410,1,0.28315416,0.3543929,0.3290843
2016,702,8411,0,0.12000007,0.10275256,-0.17457837
2016,702,8412,0,0.08594423,0.098423764,0.14933056
2016,702,8413,0,0.038654596,0.048964463,0.24721138
2016,702,8414,0,0.024186213,0.027947178,0.14839496
2016,702,8416,1,0.22328144,0.2554906,0.17710516
2016,702,8417,1,0.7515687,0.7593334,0.04203214
2016,702,8418,0,0.104654506,0.09944721,-0.056836616
2016,702,8419,0,0.09885467,0.12637445,0.2766132
2016,702,8420,1,0.20752162,0.39377072,0.9084403
2016,702,8421,0,0.039843116,0.052593928,0.2910198
2016,702,8422,0,0.09330354,0.124177344,0.3204968
2016,702,8423,0,0.13512626,0.11468262,-0.18740386
2016,702,8424,0,0.07006642,0.054998104,-0.25821877
2016,702,8425,0,0.15737122,0.21865955,0.40442407
2016,702,8426,1,0.15733828,0.21649738,0.3919714
2016,702,8427,0,0.15708013,0.22439657,0.4398893
2016,702,8428,0,0.09929414,0.101156585,0.020653022
2016,702,8430,0,0.09747808,0.13704878,0.38554418
2016,702,8431,0,0.06782218,0.08739792,0.2748059
2016,702,8432,0,0.23141366,0.29340363,0.32143572
2016,702,8433,0,0.22990882,0.3097506,0.4075406
2016,702,8435,0,0.5044552,0.5663343,0.24908927
2016,702,8436,0,0.1531074,0.19534783,0.29480588
2016,702,8437,1,0.2065568,0.30618012,0.52776754
2016,702,8438,1,0.11881526,0.23262602,0.81015515
2016,702,8439,1,0.42867026,0.46527874,0.1481696
2016,702,8440,1,0.35206923,0.35856277,0.0283484
2016,702,8441,0,0.19733827,0.2405249,0.25321007
2016,702,8442,0,0.21836022,0.28388667,0.3499846
2016,702,8443,0,0.059638064,0.03978311,-0.42574608
2016,702,8445,1,0.35556394,0.5035551,0.6088911
2016,702,8448,1,0.357481,0.40498385,0.20157291
2016,702,8449,0,0.3622278,0.3436195,-0.08149783
2016,702,8451,1,0.12087761,0.1037512,-0.17207691
2016,702,8452,1,0.14557643,0.11897881,-0.23241052
2016,702,8453,1,0.6778922,0.69653165,0.08673395
2016,702,8454,0,0.3652008,0.36632365,0.0048402324
2016,702,8455,1,0.569562,0.5910683,0.0883193
2016,702,8456,1,0.1725798,0.15635017,-0.11818648
2016,702,8457,0,0.27568582,0.3525825,0.35825667
2016,702,8458,0,0.13801444,0.15288341,0.11971748
2016,702,8459,1,0.16794528,0.23736198,0.43306273
2016,702,8460,0,0.21402946,0.24268419,0.16278628
2016,702,8461,0,0.1683982,0.21438752,0.2983438
2016,702,8462,0,0.16434982,0.20335524,0.26075846
2016,702,8463,0,0.21268792,0.30700907,0.4946591
2016,702,8464,0,0.3318439,0.19695178,-0.7055987
2016,702,8465,0,0.16762763,0.23281339,0.41004208
2016,702,8466,0,0.11105965,0.09220284,-0.20706736
2016,702,8467,0,0.074342534,0.058459446,-0.25736305
2016,702,8468,1,0.24905613,0.33345327,0.41104513
2016,702,8470,0,0.107704274,0.08889026,-0.21285245
2016,702,8471,0,0.02147272,0.02505181,0.15782723
2016,702,8472,0,0.10308109,0.16894577,0.5703322
2016,702,8473,0,0.103028744,0.12966038,0.2600509
2016,702,8475,0,0.3772047,0.48846406,0.45527774
2016,702,8476,1,0.31397885,0.3293729,0.07056019
2016,702,8477,0,0.103782795,0.11909993,0.1549012
2016,702,8478,1,0.5260406,0.2819924,-1.0388567
2016,702,8479,0,0.09905284,0.07720064,-0.27321082
2016,702,8480,0,0.1000321,0.10585907,0.0631132
2016,702,8481,0,0.037662122,0.045587678,0.19925241
2016,702,8482,0,0.03960696,0.028027115,-0.35781774
2016,702,8483,0,0.053574722,0.047798693,-0.12016336
2016,702,8484,0,0.06854478,0.09131745,0.31160694
2016,528,8401,1,0.46522543,0.574898,0.4411867
2016,528,8403,0,0.10215698,0.074923135,-0.3399296
2016,528,8404,0,0.230697,0.32122624,0.45623752
2016,528,8406,1,0.2673006,0.3912733,0.56639844
2016,528,8407,0,0.1800773,0.21012081,0.1916265
2016,528,8408,0,0.06255879,0.07968301,0.26038542
2016,528,8409,0,0.023718627,0.04086087,0.56162703
2016,528,8410,1,0.5123169,0.61961037,0.43861723
2016,528,8411,0,0.0965171,0.06289429,-0.4648036
2016,528,8412,0,0.04827388,0.058027696,0.19433111
2016,528,8413,0,0.026866289,0.023121003,-0.15397222
2016,528,8414,0,0.03455209,0.035561305,0.02983604
2016,528,8415,0,0.045633506,0.03664017,-0.22887634
2016,528,8416,0,0.10914296,0.11580687,0.06677384
2016,528,8417,1,0.17973873,0.25479835,0.44493622
2016,528,8418,0,0.033965167,0.017096972,-0.7037445
2016,528,8419,0,0.12959005,0.11870136,-0.10019738
2016,528,8420,0,0.20708007,0.1442531,-0.43778858
2016,528,8421,0,0.08961551,0.06887473,-0.28576577
2016,528,8422,0,0.040333766,0.029336758,-0.32974163
2016,528,8423,0,0.08744471,0.052824568,-0.541266
2016,528,8424,0,0.028979618,0.019608626,-0.40022752
2016,528,8425,0,0.037163008,0.042639725,0.14317691
2016,528,8426,0,0.091236725,0.10463766,0.15190215
2016,528,8427,0,0.047754668,0.06186692,0.27383974
2016,528,8428,0,0.07658356,0.056553196,-0.32466027
2016,528,8429,0,0.09049621,0.13461344,0.4468222
2016,528,8430,1,0.08194891,0.12542126,0.4740928
2016,528,8431,0,0.0341452,0.044020817,0.2643181
2016,528,8432,0,0.043441694,0.04000297,-0.086054556
2016,528,8433,0,0.070347466,0.061724033,-0.14000665
2016,528,8434,0,0.1066933,0.08148979,-0.29730374
2016,528,8435,0,0.15875651,0.19220923,0.23179106
2016,528,8436,0,0.08488858,0.076000355,-0.12026736
2016,528,8437,0,0.15272973,0.16852075,0.1172023
2016,528,8438,0,0.03775711,0.029353002,-0.26047495
2016,528,8439,0,0.19132152,0.17465559,-0.11153872
2016,528,8440,0,0.098879986,0.14058077,0.39925689
2016,528,8441,0,0.06804134,0.04109631,-0.53269935
2016,528,8442,0,0.12466352,0.14416979,0.16790989
2016,528,8443,0,0.043476474,0.029608015,-0.39856958
2016,528,8444,0,0.17857502,0.2966724,0.6628376
2016,528,8445,1,0.54472697,0.65627646,0.4673571
2016,528,8446,1,0.64528143,0.65827936,0.0572739
2016,528,8447,0,0.23094803,0.20302677,-0.16451742
2016,528,8448,0,0.18113062,0.14722882,-0.24779707
2016,528,8449,0,0.44851363,0.44719094,-0.005348843
2016,528,8450,0,0.20919165,0.1689201,-0.26349527
2016,528,8451,0,0.0911098,0.06409339,-0.38101554
2016,528,8452,0,0.11398348,0.070768364,-0.52426374
2016,528,8453,0,0.55364,0.40218833,-0.61174405
2016,528,8454,1,0.24167459,0.30161774,0.30391434
2016,528,8455,1,0.31508714,0.31430793,-0.0036131432
2016,528,8456,0,0.10693737,0.111247875,0.044355765
2016,528,8457,0,0.21467084,0.21653394,0.011016753
2016,528,8458,0,0.16718847,0.17930289,0.0846079
2016,528,8459,0,0.1033074,0.15060945,0.43117505
2016,528,8460,0,0.14371596,0.15788825,0.11073809
2016,528,8461,0,0.12485438,0.19065244,0.501466
2016,528,8462,0,0.07061899,0.070599616,-0.00029513062
2016,528,8463,0,0.37307468,0.43983057,0.27719915
2016,528,8464,0,0.11194063,0.08654822,-0.28545895
2016,528,8465,0,0.098317906,0.102723256,0.048730094
2016,528,8466,0,0.06761376,0.035073336,-0.69067526
2016,528,8467,0,0.051569115,0.034372155,-0.42364562
2016,528,8468,0,0.0790557,0.10550074,0.31770095
2016,528,8470,1,0.2204109,0.23632912,0.09036202
2016,528,8471,0,0.03886209,0.033538263,-0.15285607
2016,528,8472,1,0.16431823,0.20906928,0.29589823
2016,528,8473,0,0.05480125,0.044520557,-0.21858005
2016,528,8474,0,0.08553403,0.092445016,0.08528584
2016,528,8475,1,0.21005888,0.33651,0.6456846
2016,528,8476,0,0.23392405,0.18964146,-0.26605675
2016,528,8477,0,0.05950395,0.05745001,-0.03730894
2016,528,8478,0,0.17670074,0.16120055,-0.11046014
2016,528,8479,0,0.055754226,0.05306083,-0.052362587
2016,528,8480,0,0.11796322,0.09882821,-0.19845206
2016,528,8481,0,0.028524192,0.022269536,-0.2539507
2016,528,8482,0,0.04584495,0.03065807,-0.4181604
2016,528,8483,0,0.06480169,0.046615083,-0.3486677
2016,528,8484,0,0.059335735,0.04878736,-0.20689166
2016,528,8485,0,0.055950347,0.074839294,0.31108966
2016,410,8401,0,0.44309056,0.47827703,0.14168188
2016,410,8402,0,0.22585717,0.28025737,0.2886683
2016,410,8403,0,0.14183715,0.12051199,-0.18747653
2016,410,8404,1,0.15715025,0.2410732,0.5327817
2016,410,8406,1,0.28587085,0.43915895,0.6709476
2016,410,8407,0,0.07290161,0.07000196,-0.043710176
2016,410,8408,0,0.08917419,0.11606212,0.29349878
2016,410,8409,0,0.030815285,0.04743071,0.44855148
2016,410,8410,1,0.4088474,0.54233587,0.53848207
2016,410,8411,0,0.07769235,0.049966738,-0.47101742
2016,410,8412,0,0.08139553,0.07748857,-0.05343394
2016,410,8413,0,0.033581704,0.035273246,0.05089529
2016,410,8414,0,0.032859232,0.03777375,0.14447607
2016,410,8415,0,0.025711726,0.031107932,0.1960697
2016,410,8416,1,0.44497377,0.46317557,0.07343501
2016,410,8417,1,0.697716,0.6635982,-0.15707484
2016,410,8418,0,0.03415949,0.028375015,-0.19150257
2016,410,8419,1,0.100994244,0.122970864,0.2216331
2016,410,8420,0,0.26169616,0.37142742,0.5110734
2016,410,8421,0,0.1906084,0.22135885,0.1882968
2016,410,8422,0,0.06687657,0.056012213,-0.18885478
2016,410,8423,0,0.08562629,0.07488613,-0.14570124
2016,410,8424,1,0.04773714,0.044299174,-0.078347415
2016,410,8425,0,0.07941801,0.13074003,0.55584955
2016,410,8426,0,0.09249738,0.12330429,0.3220115
2016,410,8427,0,0.06226747,0.070931345,0.13955542
2016,410,8428,0,0.052703056,0.070786335,0.31426656
2016,410,8429,0,0.056407783,0.08586957,0.45194313
2016,410,8431,0,0.036322974,0.05109054,0.35659176
2016,410,8432,0,0.19806553,0.21825774,0.12258051
2016,410,8433,0,0.1203256,0.13747029,0.1528887
2016,410,8434,0,0.25074482,0.27844304,0.14244597
2016,410,8435,0,0.18323682,0.19534959,0.07895252
2016,410,8436,0,0.1132826,0.11929952,0.058560517
2016,410,8437,0,0.107934676,0.13892347,0.28775287
2016,410,8438,0,0.1290455,0.13507564,0.05261752
2016,410,8439,1,0.24697384,0.34340993,0.46668243
2016,410,8440,0,0.36306238,0.47960532,0.48047304
2016,410,8441,0,0.08113768,0.050409548,-0.5088613
2016,410,8442,0,0.5092818,0.4797377,-0.11822506
2016,410,8443,0,0.048184697,0.029293805,-0.5173182
2016,410,8444,1,0.37897414,0.4298128,0.21128966
2016,410,8445,0,0.3718147,0.48142058,0.45008767
2016,410,8446,0,0.2027181,0.2941358,0.49401066
2016,410,8447,0,0.1610324,0.103401706,-0.50942016
2016,410,8448,0,0.089734994,0.0696568,-0.27509823
2016,410,8449,1,0.58361596,0.67964125,0.41448835
2016,410,8450,0,0.09937239,0.08945919,-0.11603855
2016,410,8451,0,0.055042528,0.05456835,-0.009153891
2016,410,8452,0,0.085769854,0.05879931,-0.40661138
2016,410,8453,0,0.22774638,0.2720339,0.23675258
2016,410,8454,1,0.7300107,0.5546847,-0.7750595
2016,410,8455,0,0.16688228,0.21005212,0.28327516
2016,410,8456,1,0.19816041,0.2017499,0.022438675
2016,410,8457,0,0.18050916,0.23275958,0.32010758
2016,410,8458,0,0.08460676,0.09173306,0.08868404
2016,410,8459,0,0.108107075,0.15288493,0.39807308
2016,410,8460,0,0.18293859,0.27391368,0.5217079
2016,410,8461,1,0.21660058,0.2792039,0.3371737
2016,410,8462,0,0.13516718,0.1540474,0.15282087
2016,410,8463,0,0.114345536,0.15030086,0.31485862
2016,410,8464,0,0.3463962,0.32183963,-0.11041218
2016,410,8465,0,0.17957562,0.20927472,0.18992253
2016,410,8466,0,0.083432876,0.05571937,-0.4335027
2016,410,8467,0,0.059192155,0.047730062,-0.22733717
2016,410,8468,0,0.28285298,0.42045245,0.6094371
2016,410,8470,1,0.20589279,0.29149616,0.46173432
2016,410,8471,1,0.050446197,0.068758324,0.32916388
2016,410,8472,1,0.11502846,0.12616785,0.105100915
2016,410,8473,0,0.122563615,0.1550822,0.27309015
2016,410,8474,1,0.23650284,0.31268498,0.3843526
2016,410,8475,0,0.6260731,0.6231781,-0.012346925
2016,410,8476,1,0.18610232,0.27186576,0.490361
2016,410,8477,0,0.05033283,0.050782036,0.009358249
2016,410,8478,0,0.76447004,0.64649504,-0.5736767
2016,410,8479,0,0.09811606,0.1093755,0.12119859
2016,410,8480,0,0.057711706,0.054195244,-0.066591784
2016,410,8481,0,0.028926687,0.029993957,0.037330903
2016,410,8482,0,0.042767063,0.029556355,-0.38317615
2016,410,8483,0,0.06262211,0.04830992,-0.27463427
2016,410,8484,0,0.07075916,0.06858742,-0.033507243
2016,458,8404,0,0.3720799,0.52471936,0.6222625
2016,458,8405,0,0.6892794,0.70716494,0.08490193
2016,458,8407,0,0.35446268,0.357553,0.0134792775
2016,458,8408,0,0.12209631,0.19226873,0.53739136
2016,458,8409,0,0.1106488,0.14041673,0.272298
2016,458,8410,1,0.5611722,0.6187013,0.23811865
2016,458,8411,0,0.09966845,0.07666648,-0.28761184
2016,458,8412,0,0.15864487,0.15157925,-0.05392236
2016,458,8413,0,0.11132045,0.15371627,0.3715774
2016,458,8414,0,0.03767741,0.043100767,0.14013182
2016,458,8415,0,0.036479224,0.033059433,-0.10197909
2016,458,8416,0,0.23192422,0.46799448,1.0692801
2016,458,8417,1,0.35367072,0.40328583,0.21115002
2016,458,8418,0,0.051567234,0.044588465,-0.15274264
2016,458,8419,0,0.11730896,0.1705168,0.43619514
2016,458,8420,1,0.41607475,0.3730933,-0.18006118
2016,458,8421,0,0.078609854,0.07989932,0.017670702
2016,458,8422,1,0.15902229,0.18893641,0.20858477
2016,458,8423,0,0.13235559,0.12362426,-0.0782584
2016,458,8424,0,0.07532185,0.069083825,-0.09317335
2016,458,8425,0,0.16489927,0.26011726,0.57685834
2016,458,8426,0,0.17337164,0.26575562,0.54565305
2016,458,8427,0,0.2567793,0.2790363,0.113529146
2016,458,8428,0,0.089469716,0.08496554,-0.05658898
2016,458,8430,1,0.46550074,0.5145105,0.19627495
2016,458,8431,1,0.13116106,0.24067302,0.74173844
2016,458,8432,0,0.5937609,0.70429444,0.48829752
2016,458,8433,1,0.29277873,0.33400452,0.19179817
2016,458,8435,0,0.32285023,0.3802091,0.25204307
2016,458,8436,0,0.094574384,0.12200121,0.28540418
2016,458,8437,0,0.31272504,0.4187383,0.45945516
2016,458,8439,1,0.47913164,0.49500442,0.063538775
2016,458,8441,0,0.09470364,0.13510571,0.40096018
2016,458,8442,0,0.46701494,0.51183605,0.17948523
2016,458,8443,0,0.10394381,0.060134493,-0.5950005
2016,458,8444,1,0.64712214,0.6408329,-0.027432002
2016,458,8445,1,0.76285106,0.78214425,0.10983131
2016,458,8446,1,0.3618462,0.62372315,1.0727415
2016,458,8447,0,0.4606637,0.49598324,0.14160372
2016,458,8448,0,0.12957495,0.11740792,-0.1124867
2016,458,8451,0,0.17257597,0.13499989,-0.28997597
2016,458,8452,0,0.40477538,0.23514555,-0.79387426
2016,458,8453,0,0.25338495,0.6549213,1.7213824
2016,458,8454,0,0.20549105,0.21524544,0.05872967
2016,458,8455,0,0.27473953,0.34444004,0.32713762
2016,458,8456,0,0.22469732,0.18359937,-0.25364992
2016,458,8457,0,0.23845136,0.34772855,0.53215015
2016,458,8458,0,0.218842,0.24181743,0.12968618
2016,458,8459,0,0.1613607,0.2078039,0.30992445
2016,458,8460,1,0.5211149,0.6527422,0.5466049
2016,458,8462,0,0.22899318,0.25378504,0.13547882
2016,458,8463,0,0.18673219,0.310448,0.67335916
2016,458,8464,0,0.17524174,0.25578308,0.48092133
2016,458,8465,0,0.28948754,0.3087894,0.09208913
2016,458,8466,0,0.2073763,0.21139,0.02424643
2016,458,8467,0,0.08579109,0.07844494,-0.097521536
2016,458,8468,0,0.1728459,0.31116092,0.77089316
2016,458,8469,1,0.28905556,0.48879284,0.8551394
2016,458,8470,0,0.16044524,0.16583733,0.03949793
2016,458,8471,1,0.024274103,0.03244276,0.29847428
2016,458,8472,1,0.22615914,0.22262718,-0.020294152
2016,458,8473,0,0.11392556,0.23210567,0.8547963
2016,458,8474,0,0.10590506,0.15596029,0.44467068
2016,458,8475,0,0.3159638,0.42418548,0.46676838
2016,458,8476,0,0.31225035,0.45105654,0.5932169
2016,458,8477,1,0.096205406,0.15503268,0.54445463
2016,458,8479,0,0.119505346,0.19590108,0.5850103
2016,458,8480,0,0.079562195,0.072090365,-0.10670358
2016,458,8481,0,0.04639566,0.045420676,-0.022260517
2016,458,8482,0,0.07491358,0.05242995,-0.3808709
2016,458,8484,0,0.099069595,0.07929262,-0.24439181
2016,458,8485,0,0.14763376,0.17152667,0.17843583
2016,124,8401,0,0.6580882,0.72840834,0.33177558
2016,124,8402,0,0.3311074,0.36932182,0.16805337
2016,124,8403,0,0.18272305,0.18233563,-0.0025965073
2016,124,8404,0,0.2862152,0.43730253,0.6617206
2016,124,8405,0,0.49677628,0.6564497,0.6604074
2016,124,8406,0,0.29307267,0.19214934,-0.55559707
2016,124,8407,0,0.13322738,0.14285153,0.08091415
2016,124,8408,0,0.18627511,0.24077877,0.3259829
2016,124,8409,0,0.054242842,0.10715731,0.73840225
2016,124,8410,1,0.24291728,0.27471042,0.16589801
2016,124,8411,0,0.086198054,0.06523813,-0.30128148
2016,124,8412,0,0.09575042,0.095561504,-0.0021839319
2016,124,8413,0,0.048830517,0.034190472,-0.37168294
2016,124,8414,0,0.051512435,0.050748833,-0.015739493
2016,124,8415,0,0.10095574,0.088432886,-0.14627115
2016,124,8416,0,0.20655979,0.22240224,0.094066516
2016,124,8417,0,0.15671194,0.17585847,0.13823655
2016,124,8418,0,0.07355785,0.028110826,-1.0098077
2016,124,8419,0,0.16296129,0.21118802,0.31857863
2016,124,8420,0,0.2380753,0.21178147,-0.15095979
2016,124,8421,0,0.114860654,0.091811284,-0.24969178
2016,124,8422,0,0.09076984,0.072922185,-0.23837328
2016,124,8423,0,0.16301061,0.12391003,-0.3199169
2016,124,8424,0,0.06662684,0.051724,-0.269026
2016,124,8425,0,0.08381513,0.09315711,0.11592284
2016,124,8426,0,0.23992881,0.1631832,-0.48166177
2016,124,8427,0,0.23161167,0.23856148,0.03865058
2016,124,8428,0,0.06589613,0.040693756,-0.5086279
2016,124,8429,0,0.19343771,0.3185109,0.66720194
2016,124,8430,0,0.19586898,0.21676926,0.1277224
2016,124,8431,0,0.094049804,0.08015622,-0.1750664
2016,124,8432,0,0.15025467,0.15171711,0.011408498
2016,124,8433,0,0.10365671,0.1045377,0.009446728
2016,124,8434,0,0.24999774,0.26946747,0.10129834
2016,124,8435,1,0.28378782,0.21235214,-0.3850556
2016,124,8436,0,0.10810297,0.10198997,-0.06504036
2016,124,8437,0,0.5158369,0.4993596,-0.06593037
2016,124,8438,0,0.09654918,0.08430731,-0.14904314
2016,124,8439,0,0.24777713,0.26274428,0.07874937
2016,124,8440,0,0.2978522,0.30613083,0.039275672
2016,124,8441,0,0.21019202,0.15317501,-0.38614455
2016,124,8442,0,0.22260834,0.1544539,-0.44955656
2016,124,8443,0,0.10861046,0.0713233,-0.46152377
2016,124,8445,0,0.3341715,0.40455258,0.3028464
2016,124,8448,0,0.18883795,0.14027993,-0.35538813
2016,124,8449,1,0.80691373,0.7349352,-0.41027144
2016,124,8451,0,0.12014205,0.097872324,-0.23000655
2016,124,8452,0,0.17406431,0.14922898,-0.18356903
2016,124,8453,0,0.3860934,0.5287924,0.5790605
2016,124,8454,0,0.20720477,0.2813867,0.404264
2016,124,8455,0,0.28389025,0.47627452,0.83027256
2016,124,8456,1,0.3628189,0.30726123,-0.2498046
2016,124,8457,0,0.25382254,0.32599938,0.35199252
2016,124,8458,0,0.3953293,0.39003846,-0.02218561
2016,124,8459,0,0.25035807,0.25261956,0.012013942
2016,124,8460,0,0.19842821,0.3441975,0.751503
2016,124,8461,0,0.27208188,0.27506214,0.014996615
2016,124,8462,0,0.20067656,0.16643132,-0.22906213
2016,124,8463,0,0.22439167,0.33881232,0.57166326
2016,124,8464,0,0.22150993,0.22814156,0.038053967
2016,124,8465,0,0.1119999,0.11308273,0.010841921
2016,124,8466,0,0.09602944,0.054980233,-0.6020901
2016,124,8467,0,0.08301656,0.061571952,-0.32195038
2016,124,8468,0,0.20082815,0.3473917,0.7506022
2016,124,8470,0,0.21788,0.21231607,-0.0329571
2016,124,8471,0,0.037076134,0.038395144,0.036328245
2016,124,8472,0,0.13609017,0.11063879,-0.236082
2016,124,8473,0,0.105240464,0.102669455,-0.02760233
2016,124,8474,0,0.15650627,0.17605484,0.14114782
2016,124,8475,0,0.2878618,0.3601007,0.33086422
2016,124,8476,0,0.22560373,0.21772835,-0.045650195
2016,124,8477,0,0.06979883,0.059598148,-0.16889909
2016,124,8478,0,0.43528903,0.3981097,-0.15304378
2016,124,8479,0,0.10618176,0.09491834,-0.12465819
2016,124,8480,0,0.15278362,0.14146659,-0.090228535
2016,124,8481,0,0.043547433,0.037118256,-0.16644119
2016,124,8482,0,0.07794939,0.07355026,-0.06285045
2016,124,8483,0,0.07247294,0.043212947,-0.5481319
2016,124,8484,0,0.118186146,0.10013636,-0.18599041
2016,124,8485,0,0.13463491,0.11237376,-0.20613542
2016,484,8402,1,0.5060397,0.53534615,0.11746102
2016,484,8403,0,0.25046945,0.33752927,0.4217859
2016,484,8404,0,0.4265005,0.44507366,0.07554813
2016,484,8405,1,0.31675857,0.40436107,0.381382
2016,484,8406,1,0.27628767,0.46296084,0.81452286
2016,484,8407,1,0.24021168,0.2187978,-0.12116659
2016,484,8408,0,0.15800779,0.43625385,1.4167467
2016,484,8409,0,0.08509509,0.09888282,0.16535102
2016,484,8410,0,0.5551942,0.5935009,0.15677692
2016,484,8411,0,0.11801125,0.0973948,-0.21511321
2016,484,8412,0,0.26077983,0.24841532,-0.0651626
2016,484,8413,0,0.064829074,0.03721364,-0.58418095
2016,484,8414,0,0.05948239,0.032991044,-0.61722153
2016,484,8415,0,0.12896559,0.2681013,0.90585876
2016,484,8416,0,0.28386337,0.27648062,-0.036608674
2016,484,8417,1,0.26390958,0.29719388,0.16505012
2016,484,8418,0,0.06537792,0.049067907,-0.3042797
2016,484,8419,0,0.1494646,0.16007403,0.08112909
2016,484,8420,0,0.63387656,0.63231677,-0.0067148847
2016,484,8421,0,0.1426408,0.13582146,-0.056910902
2016,484,8423,0,0.14003566,0.11294722,-0.2459901
2016,484,8424,0,0.08763129,0.06984454,-0.24617378
2016,484,8425,0,0.11121239,0.11071151,-0.0050773546
2016,484,8426,0,0.25281325,0.20872237,-0.24897979
2016,484,8427,0,0.6870618,0.68722665,0.0007668253
2016,484,8428,0,0.14869224,0.12279722,-0.22130868
2016,484,8429,0,0.36832818,0.43557498,0.28025508
2016,484,8430,0,0.2633874,0.30161664,0.1888247
2016,484,8431,0,0.15152158,0.09580762,-0.52198327
2016,484,8432,0,0.18434364,0.11219394,-0.5813328
2016,484,8433,0,0.17244607,0.14505309,-0.20554987
2016,484,8434,0,0.24209285,0.2523306,0.055018827
2016,484,8436,0,0.16978383,0.12653287,-0.34480834
2016,484,8438,0,0.14009477,0.105780184,-0.32008532
2016,484,8439,1,0.6363362,0.6143207,-0.09398627
2016,484,8441,0,0.3069049,0.15191133,-0.9050588
2016,484,8442,0,0.20549797,0.12724788,-0.57323515
2016,484,8443,0,0.098286755,0.06100377,-0.5174685
2016,484,8448,1,0.19846603,0.15157437,-0.32639658
2016,484,8450,0,0.541482,0.40419006,-0.5543468
2016,484,8451,0,0.25612098,0.08846059,-1.2663493
2016,484,8453,1,0.5019228,0.56518143,0.25452662
2016,484,8454,1,0.31251162,0.31914526,0.030700697
2016,484,8455,0,0.26276362,0.5284282,1.1454893
2016,484,8456,1,0.24622488,0.2348329,-0.062371194
2016,484,8457,0,0.2999345,0.33069044,0.14254583
2016,484,8458,1,0.323909,0.3246824,0.003529465
2016,484,8459,0,0.24825312,0.27525535,0.13983066
2016,484,8460,0,0.22662501,0.23143005,0.02721346
2016,484,8461,0,0.41942263,0.39070353,-0.119212
2016,484,8462,0,0.23982807,0.20623401,-0.1941548
2016,484,8464,1,0.5993597,0.53666854,-0.25585997
2016,484,8465,0,0.20276971,0.21419899,0.06927451
2016,484,8466,0,0.15704837,0.10576834,-0.4543579
2016,484,8467,0,0.13134705,0.08924464,-0.43379232
2016,484,8468,0,0.17961681,0.31777018,0.75490767
2016,484,8470,0,0.17490712,0.16109902,-0.09883264
2016,484,8471,0,0.06711321,0.06001332,-0.119396314
2016,484,8472,0,0.1735101,0.15925805,-0.10280712
2016,484,8473,0,0.11553169,0.12695397,0.10727822
2016,484,8474,0,0.21806103,0.2416101,0.13312954
2016,484,8476,0,0.21100543,0.21077521,-0.0013834699
2016,484,8477,0,0.14209652,0.07176873,-0.76184714
2016,484,8479,0,0.23593295,0.1657435,-0.4409916
2016,484,8480,1,0.28353262,0.2426005,-0.21146934
2016,484,8481,0,0.073025234,0.035754457,-0.75354993
2016,484,8482,0,0.1041611,0.093551055,-0.11920558
2016,484,8483,0,0.08376988,0.06994832,-0.19528946
2016,484,8484,0,0.17324734,0.10030214,-0.6310867
2016,484,8485,0,0.4964497,0.40444276,-0.3727859
2016,757,8403,0,0.23686624,0.22386448,-0.07334853
2016,757,8404,0,0.39629743,0.49582142,0.40420175
2016,757,8405,0,0.239904,0.34125647,0.49550596
2016,757,8406,1,0.2730714,0.34386978,0.33299866
2016,757,8407,0,0.22153226,0.22679384,0.030254995
2016,757,8408,0,0.24306458,0.42659038,0.8401748
2016,757,8409,0,0.06575427,0.10981739,0.5612071
2016,757,8411,0,0.13818456,0.08534757,-0.54136115
2016,757,8412,0,0.116216406,0.12213571,0.056399092
2016,757,8413,0,0.043643054,0.03326625,-0.2822927
2016,757,8414,0,0.029554596,0.030473122,0.03155286
2016,757,8415,0,0.11256961,0.09673816,-0.16924621
2016,757,8416,0,0.24288335,0.23191196,-0.060610402
2016,757,8417,0,0.1807735,0.23296492,0.31947118
2016,757,8418,0,0.08345682,0.05391112,-0.46871996
2016,757,8419,0,0.15418142,0.16363177,0.07072444
2016,757,8420,0,0.22764139,0.13653013,-0.6227362
2016,757,8421,0,0.07731804,0.07153796,-0.0839441
2016,757,8422,0,0.06581901,0.05224796,-0.24533056
2016,757,8423,0,0.08154806,0.06271182,-0.28294364
2016,757,8424,0,0.062676,0.043874934,-0.3764952
2016,757,8425,0,0.106264405,0.10585253,-0.004344223
2016,757,8426,1,0.44046447,0.4561031,0.06323627
2016,757,8427,0,0.17026636,0.20782882,0.24567795
2016,757,8428,0,0.10209951,0.08399859,-0.21510655
2016,757,8429,0,0.24934115,0.40169308,0.7037136
2016,757,8430,0,0.20232269,0.24424215,0.24227937
2016,757,8431,0,0.047344867,0.04948411,0.046441298
2016,757,8432,0,0.10989088,0.07275109,-0.45332184
2016,757,8433,0,0.20188364,0.17538705,-0.1733559
2016,757,8434,0,0.23568985,0.17822342,-0.3519738
2016,757,8435,0,0.23651746,0.25256124,0.08686951
2016,757,8436,0,0.17660682,0.21550272,0.24743834
2016,757,8437,1,0.32017618,0.28617397,-0.16107707
2016,757,8438,0,0.03657995,0.028480113,-0.25866646
2016,757,8439,0,0.19774587,0.29209015,0.5151884
2016,757,8440,0,0.17031716,0.21798709,0.30594578
2016,757,8441,0,0.087388046,0.045621112,-0.6947379
2016,757,8442,0,0.13482112,0.12811303,-0.05875939
2016,757,8443,0,0.06332738,0.040675804,-0.4665797
2016,757,8444,1,0.5080706,0.44485343,-0.25377253
2016,757,8445,0,0.1949677,0.3033275,0.5865461
2016,757,8446,0,0.113211304,0.16176611,0.41320515
2016,757,8447,0,0.26774877,0.3580952,0.42243347
2016,757,8448,0,0.050508056,0.034739852,-0.39071584
2016,757,8449,0,0.31970814,0.34902978,0.13180667
2016,757,8450,0,0.14549905,0.09606648,-0.47136748
2016,757,8451,1,0.050101582,0.027706265,-0.61569697
2016,757,8452,0,0.11613634,0.06446346,-0.6454837
2016,757,8453,1,0.14942425,0.10937494,-0.3580178
2016,757,8454,0,0.18508431,0.23664358,0.31110317
2016,757,8455,1,0.20594007,0.29110947,0.45957205
2016,757,8456,0,0.10245971,0.10995168,0.07895376
2016,757,8457,0,0.25601056,0.29308897,0.18637955
2016,757,8458,0,0.15223157,0.12190352,-0.2573219
2016,757,8459,0,0.17453536,0.20942967,0.22545242
2016,757,8460,0,0.13119498,0.1554673,0.19808617
2016,757,8461,0,0.18417762,0.20341212,0.123192586
2016,757,8462,0,0.1290393,0.10604699,-0.22229101
2016,757,8463,0,0.1255617,0.15898828,0.27500933
2016,757,8464,0,0.1723477,0.12339801,-0.39155895
2016,757,8465,0,0.10891811,0.10930948,0.004026125
2016,757,8466,0,0.07508429,0.04099779,-0.641284
2016,757,8467,0,0.08201272,0.049250975,-0.54501176
2016,757,8468,0,0.13173735,0.18385923,0.3952676
2016,757,8470,1,0.18974619,0.16002475,-0.20638381
2016,757,8471,1,0.03933915,0.037854254,-0.040021434
2016,757,8472,1,0.15519391,0.16241013,0.054027963
2016,757,8473,0,0.11027418,0.11543461,0.051551443
2016,757,8474,0,0.1310581,0.11645938,-0.13475919
2016,757,8475,0,0.1712163,0.2630325,0.54676527
2016,757,8476,0,0.16359457,0.10679641,-0.49216792
2016,757,8477,0,0.06644713,0.047772083,-0.34977195
2016,757,8479,0,0.06284936,0.08325747,0.3032146
2016,757,8480,0,0.12963027,0.10080316,-0.28410053
2016,757,8481,0,0.046665367,0.031624213,-0.4047334
2016,757,8482,0,0.058257867,0.04185074,-0.3480417
2016,757,8483,0,0.101678,0.059626926,-0.57945186
2016,757,8484,0,0.05917325,0.047138944,-0.24008018
2016,757,8485,0,0.07758607,0.08773764,0.1340297
2016,764,8402,0,0.5787019,0.6662919,0.37401435
2016,764,8403,0,0.2319393,0.25071388,0.102584496
2016,764,8404,0,0.17727141,0.28963652,0.6377945
2016,764,8405,0,0.4815654,0.5310572,0.19816062
2016,764,8406,0,0.2921243,0.4017348,0.48684716
2016,764,8407,0,0.09326555,0.08224338,-0.13785055
2016,764,8408,0,0.33997124,0.39927956,0.2549545
2016,764,8409,0,0.03740946,0.051725477,0.33901104
2016,764,8411,0,0.099005304,0.08419891,-0.17829129
2016,764,8412,0,0.23292772,0.18237966,-0.30845472
2016,764,8413,0,0.03776781,0.03349733,-0.124419644
2016,764,8414,0,0.029606583,0.034808617,0.16724351
2016,764,8415,0,0.0232456,0.02375943,0.022389965
2016,764,8416,1,0.6107516,0.3912475,-0.892544
2016,764,8417,1,0.35394642,0.39058274,0.15687364
2016,764,8418,0,0.13297887,0.10477733,-0.27036202
2016,764,8419,1,0.19900799,0.22953767,0.18158227
2016,764,8420,1,0.43344542,0.27942455,-0.67951024
2016,764,8421,0,0.05584698,0.066780865,0.19044922
2016,764,8422,0,0.1101212,0.08617451,-0.27176133
2016,764,8424,0,0.054945536,0.04300803,-0.25750804
2016,764,8425,0,0.14593552,0.2040813,0.4058631
2016,764,8426,1,0.45809993,0.49525374,0.14900862
2016,764,8428,0,0.12305178,0.14898764,0.22127943
2016,764,8434,1,0.23394403,0.44406584,0.96149635
2016,764,8437,0,0.14166087,0.20189904,0.42709598
2016,764,8438,0,0.15226449,0.1796774,0.19841498
2016,764,8439,1,0.5626425,0.64637154,0.35123417
2016,764,8441,0,0.10245598,0.07638985,-0.32221115
2016,764,8442,0,0.502335,0.504466,0.008524398
2016,764,8443,0,0.07768128,0.038000923,-0.75712657
2016,764,8445,1,0.5609723,0.57607675,0.061579432
2016,764,8447,0,0.48069146,0.45361716,-0.10879379
2016,764,8448,0,0.14942592,0.08585928,-0.6261642
2016,764,8450,0,0.063764766,0.07327405,0.14921474
2016,764,8451,0,0.08823758,0.0837358,-0.05729185
2016,764,8452,0,0.0765841,0.07436685,-0.03177727
2016,764,8453,0,0.19626822,0.14727962,-0.3463154
2016,764,8454,0,0.27032718,0.30342966,0.16194426
2016,764,8455,0,0.20328604,0.2770474,0.4067266
2016,764,8456,0,0.1386111,0.107573114,-0.28890002
2016,764,8457,0,0.31669343,0.34300014,0.119056605
2016,764,8458,0,0.4162794,0.35491446,-0.25944036
2016,764,8459,0,0.12968901,0.17639494,0.3627455
2016,764,8460,0,0.18571608,0.21816903,0.20172155
2016,764,8461,0,0.17335352,0.26853016,0.5599513
2016,764,8462,0,0.14524658,0.20170648,0.39671758
2016,764,8463,0,0.2214931,0.2914954,0.36885408
2016,764,8466,0,0.15261765,0.07405522,-0.81178737
2016,764,8467,0,0.18037836,0.12150261,-0.46449095
2016,764,8468,0,0.70046735,0.7010447,0.0027530396
2016,764,8470,0,0.23502694,0.27455163,0.20849001
2016,764,8471,1,0.03127822,0.041979123,0.30535808
2016,764,8472,1,0.34217614,0.39120606,0.21136607
2016,764,8473,0,0.10245806,0.14552891,0.40009847
2016,764,8475,0,0.45346245,0.48511878,0.12714826
2016,764,8476,0,0.23274334,0.37102506,0.6650633
2016,764,8477,0,0.08564701,0.06829054,-0.24526748
2016,764,8479,0,0.15996791,0.084558964,-0.72348994
2016,764,8480,0,0.08138011,0.060362414,-0.32138604
2016,764,8481,0,0.031215921,0.029185202,-0.06936042
2016,764,8482,0,0.052622292,0.035668552,-0.40660763
2016,764,8483,0,0.05484503,0.048430037,-0.1311557
2016,764,8484,0,0.05818876,0.060806494,0.04678777
2016,764,8485,0,0.12992957,0.12864111,-0.011445787
2016,752,8401,0,0.42286208,0.5456809,0.49426958
2016,752,8402,0,0.2716906,0.29398587,0.10995849
2016,752,8403,0,0.2612086,0.21011856,-0.2845145
2016,752,8404,0,0.19388857,0.28520694,0.5061602
2016,752,8405,1,0.6760948,0.76533026,0.44624576
2016,752,8406,0,0.4394872,0.350061,-0.37552774
2016,752,8407,0,0.26330417,0.26773924,0.02274221
2016,752,8408,0,0.1378384,0.16243571,0.19314511
2016,752,8409,0,0.054383576,0.057854377,0.065544166
2016,752,8410,1,0.31376722,0.34589145,0.1454173
2016,752,8411,0,0.119594954,0.14415777,0.21509361
2016,752,8412,0,0.04099942,0.048271436,0.17089398
2016,752,8413,0,0.02979732,0.023739483,-0.23350339
2016,752,8414,0,0.03180789,0.027902035,-0.13504079
2016,752,8415,0,0.058807615,0.07596586,0.27441117
2016,752,8416,0,0.18699706,0.18279643,-0.027873283
2016,752,8417,0,0.19273137,0.24828586,0.32458362
2016,752,8418,0,0.04592967,0.031208355,-0.40173766
2016,752,8419,0,0.1446531,0.15456782,0.07795373
2016,752,8420,0,0.24513437,0.16440806,-0.5010558
2016,752,8421,0,0.07935164,0.06107744,-0.2814014
2016,752,8422,0,0.04496415,0.038970537,-0.14931588
2016,752,8423,0,0.13854142,0.10809445,-0.2828971
2016,752,8424,0,0.03970142,0.029339148,-0.31319714
2016,752,8425,0,0.15577771,0.17244962,0.121620886
2016,752,8426,0,0.12412682,0.14506845,0.18010189
2016,752,8427,0,0.09193672,0.1053015,0.15055451
2016,752,8428,0,0.07580982,0.051683217,-0.40886536
2016,752,8429,0,0.079375766,0.10694167,0.3284905
2016,752,8430,0,0.07252177,0.10077046,0.35988963
2016,752,8431,0,0.029982409,0.039290164,0.28000513
2016,752,8432,0,0.08476675,0.049238484,-0.5813121
2016,752,8433,0,0.112679765,0.12561992,0.12340171
2016,752,8434,0,0.12923855,0.14127856,0.10299721
2016,752,8436,0,0.14693534,0.12880868,-0.1526908
2016,752,8437,0,0.15341108,0.19814375,0.31015754
2016,752,8438,0,0.063748494,0.05784047,-0.10354741
2016,752,8439,0,0.18787934,0.17951462,-0.05579051
2016,752,8440,0,0.23799716,0.40593156,0.78288156
2016,752,8441,0,0.14047858,0.10118746,-0.37277892
2016,752,8442,0,0.23236616,0.2908161,0.3035747
2016,752,8443,0,0.07934012,0.057948146,-0.33716515
2016,752,8446,1,0.70715356,0.71959263,0.06084242
2016,752,8447,0,0.62370133,0.3251924,-1.2352991
2016,752,8448,0,0.15505064,0.113217026,-0.36276895
2016,752,8450,0,0.15190926,0.11720068,-0.29950586
2016,752,8451,0,0.15788795,0.15103352,-0.05249042
2016,752,8452,0,0.24687326,0.24463601,-0.01206988
2016,752,8453,0,0.5509388,0.45043957,-0.40335953
2016,752,8454,1,0.435994,0.585232,0.6017254
2016,752,8455,0,0.1566568,0.22066711,0.4215336
2016,752,8456,1,0.3232091,0.3061083,-0.07931414
2016,752,8457,1,0.4905612,0.525715,0.14071043
2016,752,8458,0,0.14774859,0.14557393,-0.017376509
2016,752,8459,0,0.21628162,0.29026645,0.3933782
2016,752,8460,0,0.19693181,0.24707286,0.291297
2016,752,8461,0,0.29654667,0.3698133,0.33077905
2016,752,8462,0,0.16584483,0.15468483,-0.082953036
2016,752,8463,0,0.19967213,0.2435193,0.25486398
2016,752,8464,0,0.22756672,0.1811434,-0.28651792
2016,752,8465,0,0.14569415,0.13534428,-0.08573001
2016,752,8466,0,0.04927626,0.033347007,-0.40709046
2016,752,8467,0,0.056979693,0.043568946,-0.2824711
2016,752,8468,0,0.12155963,0.1488948,0.23444736
2016,752,8470,0,0.34917852,0.2540167,-0.45465118
2016,752,8471,0,0.06433347,0.059131138,-0.089867055
2016,752,8472,1,0.12171763,0.13105118,0.08456788
2016,752,8473,0,0.073825166,0.09054436,0.22235712
2016,752,8474,0,0.072740875,0.0838798,0.15456688
2016,752,8475,0,0.20513283,0.37347108,0.83716303
2016,752,8476,0,0.15390147,0.15803865,0.031428687
2016,752,8477,0,0.12585083,0.091685064,-0.3550779
2016,752,8479,0,0.0685511,0.057452884,-0.18845898
2016,752,8480,0,0.20572257,0.17136881,-0.2250528
2016,752,8481,0,0.032999717,0.023971424,-0.32892957
2016,752,8482,0,0.0360413,0.027870523,-0.26553655
2016,752,8483,0,0.07434957,0.058121923,-0.26361412
2016,752,8484,0,0.052112497,0.043530226,-0.1889628
2016,752,8485,0,0.07214838,0.083860524,0.16313346
2016,372,8402,1,0.31582627,0.3957472,0.34980276
2016,372,8403,0,0.29308182,0.1597703,-0.77947503
2016,372,8405,1,0.70591533,0.820271,0.6425572
2016,372,8406,1,0.781986,0.83901894,0.37366912
2016,372,8407,0,0.49552074,0.49176207,-0.015037259
2016,372,8409,0,0.16668503,0.17317632,0.046024475
2016,372,8411,0,0.17653462,0.088617474,-0.7906291
2016,372,8412,0,0.2338664,0.2417549,0.043524273
2016,372,8413,0,0.0678031,0.050662585,-0.3096405
2016,372,8414,0,0.09457526,0.09667873,0.024323229
2016,372,8415,0,0.14135021,0.15353408,0.09697312
2016,372,8418,0,0.1276149,0.08695375,-0.42919645
2016,372,8419,0,0.3385954,0.2921895,-0.21521388
2016,372,8421,0,0.13221689,0.11149386,-0.1940739
2016,372,8422,0,0.14546545,0.108653486,-0.33395103
2016,372,8423,0,0.42868644,0.33605888,-0.39369455
2016,372,8424,1,0.14694525,0.12940411,-0.14747405
2016,372,8425,1,0.2481486,0.34084344,0.448973
2016,372,8426,0,0.21083274,0.2388369,0.16084632
2016,372,8427,0,0.25182423,0.2667705,0.07783667
2016,372,8428,0,0.16326113,0.12501813,-0.3115833
2016,372,8429,0,0.2915171,0.37383914,0.37224555
2016,372,8430,0,0.22236387,0.25165343,0.16213022
2016,372,8431,0,0.106192894,0.07513429,-0.3801386
2016,372,8432,0,0.277085,0.2642714,-0.06491733
2016,372,8433,0,0.14282596,0.113685444,-0.2616223
2016,372,8434,0,0.31639105,0.35173488,0.15898502
2016,372,8436,0,0.22801214,0.19784935,-0.18022075
2016,372,8437,0,0.5425508,0.56484485,0.09023258
2016,372,8438,0,0.35353643,0.26070935,-0.43875474
2016,372,8441,1,0.3671392,0.23130998,-0.6564197
2016,372,8443,0,0.11268865,0.05959732,-0.69513035
2016,372,8448,0,0.26270562,0.19908357,-0.3600789
2016,372,8450,1,0.38370368,0.39053023,0.02877337
2016,372,8451,1,0.38698652,0.33355367,-0.23215875
2016,372,8456,0,0.3195737,0.2570287,-0.30573794
2016,372,8458,1,0.45895627,0.45961657,0.0026587849
2016,372,8459,0,0.30860212,0.310133,0.0071651447
2016,372,8462,1,0.31938416,0.25176543,-0.33261517
2016,372,8463,0,0.25298485,0.29794234,0.22564022
2016,372,8464,1,0.75376236,0.4195801,-1.4432774
2016,372,8465,1,0.40269828,0.40344825,0.0031169367
2016,372,8466,0,0.21832886,0.12428628,-0.67701995
2016,372,8467,0,0.20919827,0.18275152,-0.16805093
2016,372,8468,0,0.27694243,0.3671217,0.41509438
2016,372,8470,0,0.22363774,0.16575217,-0.3714451
2016,372,8471,1,0.033810515,0.035624705,0.054147042
2016,372,8472,0,0.68367714,0.64667,-0.16628887
2016,372,8473,0,0.064332955,0.070684485,0.100965574
2016,372,8474,0,0.26255384,0.22663662,-0.19466424
2016,372,8475,0,0.33527023,0.70600975,1.5605261
2016,372,8476,1,0.30228585,0.25361216,-0.24300282
2016,372,8477,1,0.15919803,0.11734811,-0.35357878
2016,372,8479,0,0.16246046,0.13509034,-0.21664745
2016,372,8480,0,0.15047617,0.11480332,-0.31171829
2016,372,8481,1,0.0903528,0.0726849,-0.236825
2016,372,8484,0,0.101451226,0.07373122,-0.34953532
2016,372,8485,0,0.12734324,0.1489466,0.18176918
2016,40,8401,1,0.54693806,0.6035435,0.23194517
2016,40,8402,1,0.24138168,0.24002405,-0.0074282633
2016,40,8403,0,0.16977939,0.16818568,-0.011349079
2016,40,8404,0,0.28144348,0.37477857,0.42554227
2016,40,8405,1,0.30751774,0.3699259,0.27921498
2016,40,8406,1,0.34400678,0.3840471,0.1730838
2016,40,8407,0,0.16784073,0.1418154,-0.19928469
2016,40,8408,0,0.2363246,0.28323817,0.24448112
2016,40,8409,0,0.0938905,0.15824588,0.595693
2016,40,8410,0,0.33440688,0.45040658,0.48929185
2016,40,8411,0,0.19304855,0.12549606,-0.5110607
2016,40,8412,0,0.13027167,0.13404162,0.032872304
2016,40,8413,0,0.033771873,0.026146876,-0.26375914
2016,40,8414,1,0.04182919,0.05209999,0.23034737
2016,40,8415,0,0.0810878,0.0844523,0.04432254
2016,40,8416,0,0.1388927,0.12133412,-0.15533929
2016,40,8417,1,0.30025432,0.31041503,0.04790742
2016,40,8418,0,0.057699848,0.03964868,-0.39417225
2016,40,8419,0,0.15437005,0.13419354,-0.16364908
2016,40,8420,0,0.25730336,0.18423767,-0.4278645
2016,40,8421,0,0.1082016,0.0885061,-0.22276941
2016,40,8422,0,0.07550637,0.050200537,-0.43519592
2016,40,8423,0,0.10679239,0.0755044,-0.38112503
2016,40,8424,0,0.05273604,0.037430603,-0.3588387
2016,40,8425,0,0.10225523,0.09324751,-0.1021984
2016,40,8426,0,0.1330815,0.1394451,0.054076813
2016,40,8427,0,0.17005213,0.20943616,0.2569305
2016,40,8428,0,0.3801967,0.28524718,-0.4298672
2016,40,8429,0,0.14435609,0.17830892,0.2517242
2016,40,8430,0,0.16610917,0.21609753,0.32490256
2016,40,8431,0,0.04525642,0.04385871,-0.03283404
2016,40,8432,0,0.07989232,0.08037597,0.0065612183
2016,40,8433,0,0.091801435,0.08621533,-0.06891187
2016,40,8434,1,0.35473436,0.24991077,-0.50079536
2016,40,8435,0,0.17711718,0.21557835,0.24438
2016,40,8436,0,0.099878885,0.104925245,0.05491194
2016,40,8437,0,0.14128737,0.14674176,0.044250533
2016,40,8438,0,0.04392113,0.047271106,0.077013746
2016,40,8439,0,0.14036527,0.23108856,0.61008465
2016,40,8440,0,0.23606797,0.3590239,0.59475595
2016,40,8441,0,0.09610064,0.06405367,-0.44051483
2016,40,8442,0,0.14680552,0.14027612,-0.053119734
2016,40,8443,0,0.07064565,0.046575855,-0.44216415
2016,40,8444,1,0.3075227,0.40587145,0.43066743
2016,40,8445,1,0.4659814,0.7001373,0.98423684
2016,40,8446,0,0.44836777,0.464221,0.06390668
2016,40,8447,0,0.24607225,0.18356127,-0.372732
2016,40,8448,0,0.1692011,0.123205975,-0.37111488
2016,40,8449,0,0.60369736,0.50119966,-0.4160962
2016,40,8450,0,0.33923587,0.2888938,-0.23406129
2016,40,8451,1,0.094308436,0.10749961,0.14558844
2016,40,8452,0,0.083465755,0.069452986,-0.19895954
2016,40,8453,0,0.2689387,0.21441479,-0.29850268
2016,40,8454,1,0.5849855,0.49912784,-0.34676236
2016,40,8455,0,0.16814503,0.24144487,0.45405686
2016,40,8456,0,0.2028444,0.22098723,0.10868825
2016,40,8457,0,0.24911575,0.2693892,0.105610214
2016,40,8458,0,0.17021939,0.155248,-0.109946184
2016,40,8459,0,0.18491687,0.22389986,0.24030109
2016,40,8461,1,0.20109919,0.17843843,-0.14752483
2016,40,8462,0,0.12251169,0.098310634,-0.24728084
2016,40,8463,0,0.21792033,0.25507534,0.20610279
2016,40,8464,0,0.26996675,0.23311153,-0.1960331
2016,40,8465,0,0.097203486,0.0890158,-0.09702122
2016,40,8466,0,0.100155845,0.047221985,-0.8090282
2016,40,8467,0,0.08061047,0.057759844,-0.3578852
2016,40,8468,0,0.13308842,0.19723617,0.47026455
2016,40,8470,0,0.49463394,0.45692885,-0.15124756
2016,40,8471,1,0.034200188,0.034033533,-0.0050574397
2016,40,8472,1,0.13818362,0.14234467,0.03450789
2016,40,8473,0,0.09834403,0.09263133,-0.066160314
2016,40,8474,0,0.17136261,0.15666859,-0.10722659
2016,40,8475,0,0.3593796,0.46461454,0.43627912
2016,40,8476,0,0.34127688,0.3333992,-0.035241645
2016,40,8477,0,0.054328315,0.041680366,-0.27830115
2016,40,8478,0,0.23423226,0.27644393,0.22239573
2016,40,8479,0,0.048314087,0.04156134,-0.15762323
2016,40,8480,0,0.107781194,0.08702906,-0.23685385
2016,40,8481,0,0.031983864,0.021313783,-0.4168398
2016,40,8482,0,0.09197247,0.07339433,-0.24589606
2016,40,8483,0,0.08617787,0.058139075,-0.42379722
2016,40,8484,0,0.0655003,0.054264065,-0.20014453
2016,40,8485,0,0.15051839,0.16323783,0.09620923
2016,724,8401,1,0.30195922,0.48097754,0.76185906
2016,724,8402,1,0.6135159,0.6744553,0.26629028
2016,724,8403,0,0.20034541,0.21926251,0.11416754
2016,724,8404,0,0.47614682,0.5886985,0.45407286
2016,724,8405,1,0.46563613,0.6485948,0.7505407
2016,724,8406,0,0.17972787,0.2520703,0.4305914
2016,724,8407,0,0.111678734,0.11661933,0.048866004
2016,724,8408,0,0.16652973,0.19088095,0.16612801
2016,724,8409,0,0.042405892,0.05559351,0.28464642
2016,724,8410,1,0.1752096,0.24890809,0.444702
2016,724,8411,0,0.09234285,0.073419265,-0.24995632
2016,724,8412,0,0.13329738,0.16327305,0.23803954
2016,724,8413,0,0.029797014,0.0221824,-0.30292714
2016,724,8414,0,0.03451818,0.029693635,-0.15553777
2016,724,8415,0,0.06328573,0.0395542,-0.4950073
2016,724,8416,0,0.151859,0.21692613,0.43642426
2016,724,8417,0,0.18978834,0.21209088,0.13901813
2016,724,8418,0,0.03555949,0.024011537,-0.4045751
2016,724,8419,0,0.16538458,0.14576568,-0.1495077
2016,724,8420,0,0.16144426,0.10587376,-0.4860784
2016,724,8421,0,0.11991291,0.0924644,-0.29065397
2016,724,8422,0,0.04402177,0.03765342,-0.16289987
2016,724,8423,0,0.05672922,0.038043953,-0.4191625
2016,724,8424,0,0.04114325,0.026927881,-0.43861404
2016,724,8425,1,0.12861797,0.11479363,-0.12945083
2016,724,8426,0,0.086548306,0.091536954,0.061516292
2016,724,8427,0,0.124946676,0.12319159,-0.016150031
2016,724,8428,0,0.13462338,0.10679026,-0.26327115
2016,724,8430,0,0.10688262,0.14995451,0.3880288
2016,724,8431,0,0.029854601,0.029201405,-0.02279528
2016,724,8432,0,0.07397167,0.09344578,0.25495324
2016,724,8433,0,0.12580986,0.10965221,-0.15577234
2016,724,8434,1,0.27069896,0.26472312,-0.030483454
2016,724,8435,0,0.2803307,0.2629551,-0.087843895
2016,724,8436,0,0.0851162,0.08525625,0.0017971158
2016,724,8437,0,0.43677092,0.38002548,-0.23516247
2016,724,8438,0,0.043423764,0.035818346,-0.200466
2016,724,8439,0,0.25955358,0.27776375,0.09270885
2016,724,8440,0,0.18528023,0.23975529,0.32695314
2016,724,8441,0,0.08062774,0.056156263,-0.38797393
2016,724,8442,0,0.21991006,0.21831436,-0.0093260575
2016,724,8443,0,0.045310482,0.03250423,-0.34549302
2016,724,8444,1,0.38656282,0.48446834,0.39963686
2016,724,8445,1,0.132608,0.20905529,0.5474643
2016,724,8446,0,0.26449263,0.31053096,0.225109
2016,724,8447,0,0.23880145,0.22756474,-0.062851645
2016,724,8448,0,0.09682709,0.06367136,-0.45524454
2016,724,8449,0,0.3320404,0.3786931,0.20387203
2016,724,8450,0,0.19074836,0.11345811,-0.61073965
2016,724,8451,1,0.13193089,0.10958721,-0.21097128
2016,724,8452,0,0.33393726,0.21278064,-0.6178144
2016,724,8453,0,0.19429557,0.22801396,0.20277685
2016,724,8454,0,0.14945127,0.12582505,-0.19947685
2016,724,8455,0,0.75821567,0.76378065,0.030598013
2016,724,8456,0,0.18728606,0.18878028,0.009786806
2016,724,8457,0,0.1516643,0.17490174,0.17032872
2016,724,8458,0,0.14524373,0.1538904,0.067994855
2016,724,8459,0,0.11627829,0.17959918,0.5090904
2016,724,8460,1,0.27155885,0.30064407,0.14249519
2016,724,8461,1,0.15150338,0.17365697,0.16293009
2016,724,8462,0,0.0782766,0.09006104,0.15310663
2016,724,8463,0,0.21149996,0.27676177,0.35532603
2016,724,8464,0,0.18544011,0.14877762,-0.26430482
2016,724,8465,0,0.0743998,0.066083096,-0.1274853
2016,724,8466,0,0.051993083,0.036074348,-0.38218102
2016,724,8467,0,0.11336621,0.07269033,-0.48927048
2016,724,8468,0,0.16752324,0.24008596,0.45107478
2016,724,8470,0,0.12411566,0.09280611,-0.32582363
2016,724,8471,0,0.058874007,0.05201019,-0.1312269
2016,724,8472,1,0.14269578,0.13287334,-0.08271069
2016,724,8473,0,0.090208784,0.06403625,-0.37103927
2016,724,8474,0,0.07469399,0.12038351,0.5279214
2016,724,8475,0,0.3272617,0.45147675,0.5258906
2016,724,8476,0,0.1864078,0.14674726,-0.28682142
2016,724,8477,0,0.07447143,0.068136774,-0.09571965
2016,724,8478,0,0.1579026,0.13309325,-0.19996406
2016,724,8479,0,0.1284771,0.09877984,-0.29636467
2016,724,8480,0,0.13011482,0.1268664,-0.029010009
2016,724,8481,0,0.03464857,0.026084479,-0.29274833
2016,724,8482,0,0.055288766,0.039247233,-0.35952654
2016,724,8483,0,0.08348292,0.05340338,-0.47906032
2016,724,8484,0,0.0702448,0.059305932,-0.18097354
2016,724,8485,0,0.10580957,0.13022375,0.23529603
2017,842,8401,1,0.15744436,0.31422493,0.8969269
2017,842,8402,0,0.124188334,0.1610511,0.30292374
2017,842,8403,0,0.13606495,0.19461876,0.42809197
2017,842,8404,1,0.18354972,0.19863383,0.09762554
2017,842,8405,0,0.15644157,0.20699401,0.3418057
2017,842,8406,1,0.15693285,0.21341027,0.3767383
2017,842,8407,0,0.124743186,0.16138291,0.30028585
2017,842,8408,0,0.2576956,0.27665535,0.096866965
2017,842,8409,0,0.083592825,0.096966065,0.16310406
2017,842,8410,0,0.16373436,0.24544466,0.5076438
2017,842,8411,0,0.09343679,0.100356,0.07910038
2017,842,8412,0,0.10358804,0.122440726,0.18846078
2017,842,8413,0,0.094126314,0.07907356,-0.19073938
2017,842,8414,0,0.10966951,0.120985106,0.110987104
2017,842,8415,0,0.08731576,0.0955547,0.09923613
2017,842,8416,0,0.15753217,0.1750135,0.12620188
2017,842,8417,0,0.1146607,0.14297087,0.2531627
2017,842,8418,0,0.11772718,0.09531206,-0.23630247
2017,842,8419,0,0.12706092,0.14654243,0.1652183
2017,842,8420,0,0.10038132,0.13501428,0.3356623
2017,842,8421,0,0.11038752,0.09945568,-0.11649858
2017,842,8422,0,0.1194495,0.11058172,-0.08715922
2017,842,8423,0,0.12257151,0.08802026,-0.3697501
2017,842,8424,0,0.07876272,0.057769563,-0.33250996
2017,842,8425,0,0.109861046,0.113999136,0.04163404
2017,842,8426,0,0.13892373,0.16503501,0.20302582
2017,842,8427,0,0.08482518,0.08736556,0.032288402
2017,842,8428,0,0.13959745,0.124159925,-0.13497569
2017,842,8429,0,0.05973114,0.07782754,0.2840754
2017,842,8431,0,0.048004728,0.05004414,0.043750636
2017,842,8432,0,0.12694827,0.1176446,-0.08671143
2017,842,8433,0,0.09099677,0.07765669,-0.17309521
2017,842,8434,0,0.11728696,0.15099023,0.29152104
2017,842,8435,0,0.13509543,0.23577596,0.68065876
2017,842,8436,0,0.06772153,0.07349789,0.088067755
2017,842,8437,0,0.1253686,0.14701822,0.18436275
2017,842,8438,0,0.07883153,0.08345073,0.061970413
2017,842,8439,0,0.13864565,0.18901685,0.3701735
2017,842,8440,1,0.19517802,0.14229877,-0.37961796
2017,842,8441,0,0.13270217,0.1373096,0.03945744
2017,842,8442,0,0.21987824,0.19307655,-0.163766
2017,842,8443,0,0.024908315,0.0323406,0.26877296
2017,842,8444,1,0.2799761,0.37207884,0.42127115
2017,842,8445,0,0.16725966,0.24153139,0.46087244
2017,842,8446,0,0.36202604,0.40060747,0.16364665
2017,842,8447,1,0.22358832,0.23773637,0.07974632
2017,842,8448,0,0.06617819,0.06382454,-0.038730398
2017,842,8449,1,0.5771954,0.5588147,-0.07491765
2017,842,8450,0,0.14009337,0.073787384,-0.71540135
2017,842,8451,0,0.057402596,0.063915364,0.114403516
2017,842,8452,0,0.11999782,0.11307761,-0.06723218
2017,842,8453,0,0.19957486,0.25131026,0.2973172
2017,842,8454,0,0.14578824,0.20296687,0.4001706
2017,842,8455,0,0.14317898,0.18316793,0.29410347
2017,842,8456,0,0.09176892,0.06902137,-0.30959514
2017,842,8457,0,0.18622951,0.19761111,0.073406085
2017,842,8458,0,0.09944384,0.12627296,0.2690973
2017,842,8459,0,0.1562669,0.20094597,0.30587825
2017,842,8460,0,0.07583892,0.09924086,0.2945866
2017,842,8461,0,0.09522395,0.123993725,0.29631367
2017,842,8462,0,0.097569466,0.110030286,0.13409549
2017,842,8463,0,0.13121039,0.19111343,0.44750735
2017,842,8464,0,0.11168904,0.16344808,0.44081014
2017,842,8465,0,0.06981414,0.06806,-0.027330924
2017,842,8466,0,0.02892281,0.032317854,0.11449154
2017,842,8467,0,0.07243088,0.062474456,-0.15855174
2017,842,8468,0,0.24750173,0.29966253,0.2630758
2017,842,8470,1,0.29568824,0.20880623,-0.46422082
2017,842,8471,0,0.06616845,0.06194845,-0.07040992
2017,842,8472,0,0.036423426,0.04391575,0.19486675
2017,842,8473,0,0.061062235,0.05832748,-0.048728794
2017,842,8474,0,0.17959623,0.21068242,0.19826855
2017,842,8475,0,0.13801967,0.19332306,0.40327573
2017,842,8476,0,0.14307164,0.13420132,-0.074302524
2017,842,8477,0,0.059404436,0.06534455,0.10164051
2017,842,8478,0,0.16043665,0.278485,0.70299387
2017,842,8479,0,0.040009886,0.047747936,0.18490247
2017,842,8480,0,0.3172387,0.27835557,-0.18614246
2017,842,8481,0,0.07493037,0.06600913,-0.13636406
2017,842,8482,0,0.042616062,0.033826616,-0.24012208
2017,842,8483,0,0.097618096,0.08939465,-0.09707374
2017,842,8484,0,0.07579544,0.07753672,0.024599228
2017,842,8485,0,0.13287699,0.11506292,-0.16428031
2017,276,8401,0,0.25176135,0.39574832,0.6660279
2017,276,8402,0,0.10643561,0.14942832,0.38858622
2017,276,8403,0,0.06507496,0.046020605,-0.3666262
2017,276,8404,1,0.17255665,0.23691857,0.39796683
2017,276,8405,0,0.3572909,0.43243867,0.31523374
2017,276,8406,1,0.4561272,0.48826587,0.12899859
2017,276,8407,0,0.07441029,0.09956452,0.31876418
2017,276,8408,0,0.035668593,0.051718473,0.38832802
2017,276,8409,0,0.044943646,0.050043248,0.11283202
2017,276,8410,1,0.20622236,0.32645446,0.62358326
2017,276,8411,0,0.09452956,0.08917371,-0.064224064
2017,276,8412,0,0.0732129,0.08766996,0.19592972
2017,276,8413,0,0.045414776,0.042651545,-0.06566445
2017,276,8414,0,0.046745088,0.058482654,0.23641059
2017,276,8415,0,0.061179798,0.050805666,-0.1967987
2017,276,8416,0,0.062057603,0.0792638,0.2632335
2017,276,8417,0,0.118896686,0.1519481,0.28351697
2017,276,8418,0,0.081787,0.06506385,-0.24679804
2017,276,8419,0,0.10098206,0.09362401,-0.083807275
2017,276,8420,0,0.089204945,0.1284404,0.40856206
2017,276,8421,0,0.041022357,0.04538769,0.10568608
2017,276,8422,0,0.07266482,0.052220378,-0.35219145
2017,276,8423,0,0.07747116,0.060387928,-0.26746482
2017,276,8424,0,0.04959119,0.04317246,-0.14534135
2017,276,8425,0,0.07562265,0.08474378,0.12379295
2017,276,8426,0,0.15058799,0.18882975,0.27236462
2017,276,8427,0,0.07312081,0.07425274,0.016583798
2017,276,8428,0,0.07232942,0.062102787,-0.16340384
2017,276,8429,0,0.035475433,0.053028096,0.4203474
2017,276,8430,0,0.06860891,0.09535501,0.3583212
2017,276,8431,0,0.023426414,0.030973233,0.28701717
2017,276,8432,0,0.06802529,0.051611494,-0.29359362
2017,276,8433,0,0.094823554,0.081355214,-0.16796246
2017,276,8434,0,0.07453548,0.085787185,0.15282677
2017,276,8435,0,0.16574775,0.18593451,0.13942245
2017,276,8436,0,0.035735868,0.04237699,0.17736173
2017,276,8437,0,0.08603705,0.107781276,0.24940467
2017,276,8438,0,0.05992566,0.061613746,0.029577386
2017,276,8439,0,0.121928126,0.15096852,0.24727178
2017,276,8440,0,0.071599245,0.11536,0.52525556
2017,276,8441,0,0.080872,0.07390774,-0.09759851
2017,276,8442,1,0.14349884,0.150409,0.055131923
2017,276,8443,0,0.030683896,0.037694886,0.21304554
2017,276,8444,0,0.43695363,0.35192132,-0.35706955
2017,276,8445,0,0.17109735,0.27245584,0.59567183
2017,276,8446,0,0.16685681,0.20177107,0.23280776
2017,276,8447,1,0.11660567,0.13577871,0.17417139
2017,276,8448,0,0.046518322,0.05599333,0.19537319
2017,276,8449,1,0.13782568,0.17405894,0.2763383
2017,276,8450,0,0.14138603,0.08647804,-0.5535913
2017,276,8451,0,0.054360144,0.049354155,-0.10188912
2017,276,8452,0,0.04163545,0.04466404,0.07338187
2017,276,8453,0,0.08769462,0.09781163,0.12033437
2017,276,8454,0,0.15240608,0.19911447,0.32401487
2017,276,8455,0,0.12240368,0.17096567,0.39106342
2017,276,8456,0,0.08282086,0.06486747,-0.2637192
2017,276,8457,0,0.11090042,0.13609636,0.23347859
2017,276,8458,0,0.05383468,0.06866185,0.2590709
2017,276,8459,0,0.089353226,0.115945294,0.29015726
2017,276,8460,0,0.05844786,0.06652896,0.13812204
2017,276,8461,0,0.08427285,0.116179205,0.3565384
2017,276,8462,0,0.054941736,0.06822052,0.23062252
2017,276,8463,0,0.14315775,0.1906557,0.34355143
2017,276,8464,0,0.04528816,0.0649545,0.38145572
2017,276,8465,0,0.071818255,0.060763102,-0.17899618
2017,276,8466,0,0.02492128,0.0329138,0.28640062
2017,276,8467,0,0.074417286,0.059302673,-0.2432318
2017,276,8468,0,0.06854489,0.08152965,0.18751621
2017,276,8470,0,0.17069247,0.16023627,-0.07574357
2017,276,8471,0,0.029837936,0.035520248,0.18019645
2017,276,8472,0,0.03819444,0.04536471,0.17952752
2017,276,8473,0,0.10120964,0.08416166,-0.20324461
2017,276,8474,0,0.10330566,0.116419554,0.13424103
2017,276,8475,0,0.16865146,0.22904745,0.3815173
2017,276,8476,0,0.1427178,0.11825291,-0.21618165
2017,276,8477,0,0.043684226,0.04811425,0.101234466
2017,276,8478,0,0.082033165,0.11400419,0.3645605
2017,276,8479,0,0.034099318,0.04562306,0.30313835
2017,276,8480,0,0.08803113,0.07503176,-0.17393258
2017,276,8481,0,0.04479094,0.03600829,-0.22740918
2017,276,8482,0,0.0378839,0.033371452,-0.13150461
2017,276,8483,0,0.03726203,0.040732007,0.09265017
2017,276,8484,0,0.04359006,0.043347795,-0.005826752
2017,276,8485,0,0.054483633,0.055968482,0.028459942
2017,392,8401,0,0.340879,0.57011306,0.94169205
2017,392,8402,0,0.3763408,0.40185001,0.10734634
2017,392,8403,0,0.22150601,0.1781754,-0.27184695
2017,392,8404,0,0.27825955,0.2856348,0.036431026
2017,392,8405,0,0.17307483,0.23443696,0.38056517
2017,392,8406,1,0.18297249,0.25325575,0.41501418
2017,392,8407,0,0.058771912,0.11478164,0.7307186
2017,392,8408,0,0.06472257,0.08816242,0.33445218
2017,392,8409,0,0.036770515,0.03996044,0.08651086
2017,392,8411,0,0.08484008,0.07574025,-0.12335272
2017,392,8412,0,0.09631008,0.10024772,0.04443807
2017,392,8413,0,0.044567477,0.0402273,-0.106990844
2017,392,8414,0,0.044583347,0.055286165,0.22642787
2017,392,8415,0,0.03916312,0.037384037,-0.048341397
2017,392,8416,0,0.13994531,0.14454588,0.037708893
2017,392,8417,0,0.1461758,0.19943675,0.37509695
2017,392,8418,0,0.054311246,0.048415337,-0.12112965
2017,392,8419,0,0.08760324,0.09615983,0.10261596
2017,392,8420,0,0.1874326,0.2516326,0.3768558
2017,392,8421,0,0.043060098,0.048711594,0.12924351
2017,392,8422,0,0.05343078,0.047061067,-0.1336477
2017,392,8423,0,0.11090815,0.08332286,-0.3165343
2017,392,8424,0,0.048448566,0.051848162,0.071395926
2017,392,8425,0,0.08566745,0.08761725,0.024639647
2017,392,8426,0,0.114718854,0.14589277,0.27623597
2017,392,8427,0,0.031419694,0.038635958,0.21422672
2017,392,8428,0,0.09648002,0.08905277,-0.08829362
2017,392,8429,0,0.04491637,0.060306992,0.3108915
2017,392,8430,0,0.08441676,0.12689495,0.455099
2017,392,8431,0,0.03689559,0.048439804,0.2842886
2017,392,8432,1,0.089693986,0.060394593,-0.42718345
2017,392,8433,0,0.07529024,0.06740143,-0.119179234
2017,392,8434,1,0.3930058,0.37255952,-0.086557224
2017,392,8435,1,0.3541176,0.39828226,0.18836093
2017,392,8436,0,0.10175932,0.10403489,0.024652418
2017,392,8437,0,0.13828567,0.16544649,0.21135318
2017,392,8438,0,0.05918465,0.06564663,0.1105162
2017,392,8439,0,0.18933415,0.24114674,0.30793974
2017,392,8440,0,0.16076393,0.1591894,-0.01171667
2017,392,8441,0,0.11401847,0.12132204,0.07036568
2017,392,8442,0,0.14680767,0.1257789,-0.1789462
2017,392,8443,0,0.04867771,0.067164324,0.34154478
2017,392,8444,1,0.3197562,0.31248158,-0.03365064
2017,392,8445,0,0.2762639,0.3194257,0.20665807
2017,392,8446,0,0.16036381,0.18884447,0.1979876
2017,392,8447,1,0.11883778,0.1460715,0.23773095
2017,392,8448,0,0.06539858,0.07250487,0.11078584
2017,392,8449,1,0.28050822,0.29065374,0.04973094
2017,392,8450,0,0.14094296,0.13001724,-0.09332617
2017,392,8451,0,0.06656658,0.068354495,0.028421815
2017,392,8452,0,0.043970145,0.053065296,0.19757119
2017,392,8453,1,0.15279001,0.17616203,0.17031442
2017,392,8454,0,0.14454247,0.13448675,-0.08379388
2017,392,8455,0,0.14403301,0.22141677,0.5247602
2017,392,8456,0,0.08639043,0.11641578,0.33170798
2017,392,8457,0,0.11916132,0.12210482,0.02774891
2017,392,8458,0,0.101808675,0.11281433,0.11497692
2017,392,8459,0,0.07850969,0.11493413,0.42146733
2017,392,8460,0,0.07235318,0.09243464,0.26682788
2017,392,8461,0,0.09982658,0.15576094,0.5090397
2017,392,8462,0,0.08463111,0.10785557,0.2681903
2017,392,8463,0,0.1117897,0.15524925,0.37857932
2017,392,8464,0,0.16022898,0.15569507,-0.034088936
2017,392,8465,0,0.07489392,0.0958421,0.26953357
2017,392,8466,0,0.047329202,0.049337737,0.04367231
2017,392,8467,0,0.058509674,0.05062523,-0.15308163
2017,392,8468,0,0.10070519,0.1027301,0.022161996
2017,392,8469,1,0.2432796,0.2432796,0.0
2017,392,8470,0,0.21373735,0.21865232,0.029005622
2017,392,8471,0,0.028794132,0.032916714,0.13806282
2017,392,8472,1,0.059069913,0.062197525,0.05492303
2017,392,8473,0,0.08163687,0.0698343,-0.16892558
2017,392,8474,0,0.09031921,0.13176985,0.4243436
2017,392,8475,0,0.17953502,0.23352806,0.33100513
2017,392,8476,0,0.17945702,0.18063027,0.007947203
2017,392,8477,0,0.058114547,0.07655274,0.29533383
2017,392,8478,0,0.46005693,0.4706647,0.042637333
2017,392,8479,0,0.08160643,0.0821681,0.0074708047
2017,392,8480,0,0.07377668,0.06155148,-0.1942813
2017,392,8481,0,0.04924648,0.047025226,-0.04848723
2017,392,8482,0,0.033855412,0.02867532,-0.17140946
2017,392,8483,0,0.047779925,0.046811204,-0.021499867
2017,392,8484,0,0.038792122,0.038163513,-0.016990783
2017,392,8485,0,0.07087623,0.067864686,-0.046655357
2017,156,8401,0,0.17307958,0.22771439,0.34269467
2017,156,8402,0,0.048119985,0.07549758,0.47958624
2017,156,8403,0,0.03028307,0.027425826,-0.10204585
2017,156,8404,0,0.34514198,0.4029754,0.24737991
2017,156,8405,0,0.14862682,0.24885717,0.64069533
2017,156,8406,1,0.1862194,0.27403346,0.5005116
2017,156,8407,0,0.051559333,0.062241763,0.19961992
2017,156,8408,0,0.018604947,0.02713533,0.38613918
2017,156,8409,0,0.03599554,0.036782034,0.022430668
2017,156,8411,0,0.05184993,0.05206133,0.0042918227
2017,156,8412,0,0.028773071,0.032983113,0.1409
2017,156,8413,0,0.04885185,0.0434876,-0.12194037
2017,156,8414,0,0.041292153,0.051943805,0.24066259
2017,156,8415,0,0.064031504,0.069670156,0.09043962
2017,156,8416,0,0.100888945,0.1093339,0.08982314
2017,156,8417,0,0.056062497,0.07994757,0.38053316
2017,156,8418,0,0.05982343,0.047683388,-0.23964399
2017,156,8419,0,0.0785022,0.09379888,0.19476539
2017,156,8420,0,0.08109842,0.12732375,0.5026838
2017,156,8421,0,0.04966282,0.05190236,0.046467137
2017,156,8422,0,0.031173196,0.02762541,-0.12447792
2017,156,8423,0,0.0478149,0.05095086,0.06682321
2017,156,8424,0,0.04800707,0.041030828,-0.16432595
2017,156,8425,0,0.080398954,0.074296586,-0.085549995
2017,156,8426,0,0.06917101,0.095745884,0.35408086
2017,156,8427,0,0.03638277,0.04367857,0.19036248
2017,156,8428,0,0.034509763,0.041480877,0.1912368
2017,156,8431,0,0.016559776,0.021088248,0.24635448
2017,156,8432,0,0.017745823,0.019161932,0.078218155
2017,156,8433,0,0.06666234,0.06021594,-0.108586416
2017,156,8434,0,0.075119615,0.09499922,0.25651553
2017,156,8436,0,0.019449176,0.023250943,0.18242571
2017,156,8439,0,0.10759646,0.15989381,0.4565123
2017,156,8440,0,0.056248922,0.074958935,0.30717775
2017,156,8441,0,0.0662186,0.087495476,0.30167517
2017,156,8442,0,0.08423837,0.10830727,0.27795616
2017,156,8443,0,0.019399205,0.029953029,0.44521916
2017,156,8444,0,0.13107288,0.2287994,0.67640275
2017,156,8445,0,0.070963845,0.10570945,0.4366408
2017,156,8446,0,0.20268628,0.23798332,0.20582093
2017,156,8447,0,0.102334954,0.17312227,0.60788697
2017,156,8448,0,0.015842194,0.023352541,0.39568937
2017,156,8449,0,0.18059295,0.25799754,0.4559329
2017,156,8450,0,0.09575589,0.08346553,-0.15086873
2017,156,8451,0,0.044587165,0.05092496,0.13956277
2017,156,8452,0,0.03297537,0.038594104,0.16316582
2017,156,8453,0,0.051069807,0.07982959,0.47747704
2017,156,8454,0,0.121155515,0.16597189,0.3670844
2017,156,8455,0,0.09261875,0.13555822,0.4293883
2017,156,8456,0,0.019872302,0.027408624,0.32924953
2017,156,8457,0,0.054663822,0.0685531,0.24120773
2017,156,8458,0,0.026157865,0.034332696,0.2803781
2017,156,8459,0,0.0457323,0.06858321,0.42948037
2017,156,8460,0,0.02478336,0.037861817,0.4372723
2017,156,8461,0,0.025951257,0.04357992,0.53664076
2017,156,8462,0,0.032079373,0.044490352,0.3399644
2017,156,8463,0,0.050789587,0.07920665,0.47476384
2017,156,8464,0,0.049221646,0.0774625,0.4836135
2017,156,8465,0,0.07221271,0.08467173,0.1726854
2017,156,8466,0,0.015732333,0.017372131,0.100816526
2017,156,8467,0,0.040868532,0.042255595,0.034823548
2017,156,8468,0,0.060969703,0.06837759,0.12258805
2017,156,8470,0,0.09199653,0.101458766,0.108377196
2017,156,8471,0,0.023220139,0.022754425,-0.020736892
2017,156,8472,0,0.02225737,0.031433363,0.35462564
2017,156,8473,0,0.06558983,0.058604155,-0.120063305
2017,156,8475,0,0.21346031,0.27707756,0.34518775
2017,156,8476,0,0.10801535,0.11840533,0.10355693
2017,156,8477,0,0.027010405,0.03430403,0.24656512
2017,156,8479,0,0.018880138,0.02761924,0.38934937
2017,156,8480,0,0.045649067,0.04390352,-0.040816173
2017,156,8481,0,0.059013244,0.053522024,-0.1034873
2017,156,8482,0,0.0208357,0.019924318,-0.04565722
2017,156,8483,0,0.04313507,0.041985113,-0.028222304
2017,156,8484,0,0.054008584,0.043836363,-0.219375
2017,380,8401,1,0.5256723,0.51423407,-0.045827847
2017,380,8402,0,0.27167895,0.33758295,0.31203678
2017,380,8403,0,0.05551844,0.040123045,-0.3409334
2017,380,8404,0,0.38501877,0.43037438,0.18797581
2017,380,8405,0,0.45852315,0.5417672,0.3337484
2017,380,8406,0,0.2114893,0.2942421,0.44110233
2017,380,8407,0,0.13923576,0.13185813,-0.06297658
2017,380,8408,0,0.044984385,0.07128343,0.48827258
2017,380,8409,0,0.041370165,0.04828843,0.16187507
2017,380,8411,0,0.12302201,0.10974968,-0.12918201
2017,380,8412,0,0.09611914,0.10591058,0.107898444
2017,380,8413,0,0.066230565,0.05080061,-0.28162307
2017,380,8414,0,0.06428055,0.07965302,0.23098776
2017,380,8415,0,0.09164976,0.06692857,-0.34120017
2017,380,8416,0,0.14414468,0.16941936,0.19153601
2017,380,8417,0,0.21487707,0.25616723,0.22978844
2017,380,8418,0,0.08228999,0.06432942,-0.2656142
2017,380,8419,0,0.12152669,0.12121741,-0.0029002249
2017,380,8420,0,0.10528798,0.15253735,0.42496535
2017,380,8421,0,0.08110702,0.063570656,-0.2625219
2017,380,8422,0,0.07799214,0.06718133,-0.16086991
2017,380,8423,0,0.10303525,0.08432712,-0.2210103
2017,380,8424,0,0.06862048,0.050341297,-0.32920098
2017,380,8425,0,0.14032345,0.1341055,-0.0525302
2017,380,8426,0,0.12394009,0.15078045,0.22714332
2017,380,8427,0,0.0411551,0.03820362,-0.077491
2017,380,8428,0,0.092470564,0.080561794,-0.15090269
2017,380,8429,0,0.03221108,0.0424982,0.28783765
2017,380,8430,0,0.08077269,0.10657052,0.3056341
2017,380,8431,0,0.028321017,0.035375133,0.2296912
2017,380,8432,0,0.049263217,0.033799518,-0.39286518
2017,380,8433,0,0.09274091,0.07956338,-0.16767563
2017,380,8434,0,0.08165347,0.09810976,0.20168439
2017,380,8435,0,0.15312794,0.14381476,-0.07368476
2017,380,8436,0,0.03484915,0.033889703,-0.02891116
2017,380,8437,0,0.24667431,0.27588558,0.1514655
2017,380,8438,0,0.08593507,0.09135091,0.06705889
2017,380,8439,0,0.123338476,0.16236503,0.3204531
2017,380,8440,0,0.11904026,0.15045434,0.27050817
2017,380,8441,0,0.10686808,0.09997189,-0.074397855
2017,380,8442,0,0.1645067,0.13980854,-0.19181007
2017,380,8443,0,0.03013405,0.038991515,0.26686296
2017,380,8444,0,0.1366057,0.1934657,0.41612646
2017,380,8445,0,0.1643384,0.2772405,0.668105
2017,380,8446,0,0.17771459,0.2144001,0.23330502
2017,380,8447,0,0.18352708,0.19119623,0.050375585
2017,380,8448,0,0.057894908,0.06773413,0.16745956
2017,380,8449,0,0.2660121,0.20345284,-0.34990147
2017,380,8450,0,0.08804399,0.066292025,-0.307339
2017,380,8451,0,0.032404233,0.03104942,-0.044108246
2017,380,8453,0,0.048138488,0.058437854,0.20476107
2017,380,8454,0,0.09920675,0.11655794,0.18063253
2017,380,8455,0,0.16145451,0.20145181,0.27020025
2017,380,8456,0,0.0898753,0.068002075,-0.302634
2017,380,8457,0,0.07226351,0.07562563,0.049106527
2017,380,8458,0,0.053664528,0.057606596,0.07505922
2017,380,8459,0,0.07173753,0.112630695,0.4961537
2017,380,8460,0,0.056806378,0.080531806,0.37447968
2017,380,8461,0,0.06684095,0.10249718,0.46647882
2017,380,8462,0,0.054051656,0.061328676,0.13402987
2017,380,8463,0,0.091256574,0.115259364,0.2602782
2017,380,8464,0,0.07772376,0.10687604,0.3506281
2017,380,8465,0,0.06712897,0.08247326,0.2224436
2017,380,8466,0,0.045901585,0.04980301,0.08567335
2017,380,8467,0,0.04749317,0.043320935,-0.09632053
2017,380,8468,0,0.26642352,0.2678953,0.0075175124
2017,380,8470,0,0.18548557,0.19375615,0.053829245
2017,380,8471,0,0.035221115,0.0380137,0.079199485
2017,380,8472,0,0.08792794,0.07575325,-0.16229619
2017,380,8473,0,0.09790837,0.0777214,-0.25303265
2017,380,8474,0,0.12778345,0.14311053,0.13100898
2017,380,8475,0,0.10446671,0.171354,0.57248944
2017,380,8476,0,0.1895315,0.17294349,-0.11185087
2017,380,8477,0,0.04113389,0.046669334,0.13204458
2017,380,8478,0,0.18363427,0.24337907,0.35767415
2017,380,8479,0,0.030057149,0.030818716,0.025807051
2017,380,8480,0,0.10975606,0.08191566,-0.3233638
2017,380,8481,0,0.06711854,0.048865598,-0.33676392
2017,380,8482,0,0.07843486,0.054610524,-0.38756526
2017,380,8483,0,0.07363871,0.059511125,-0.22814308
2017,380,8484,0,0.11862808,0.09186411,-0.28559718
2017,380,8485,0,0.08816181,0.08523415,-0.036977217
2017,826,8401,0,0.29191113,0.40370268,0.49605945
2017,826,8402,0,0.10775661,0.15425895,0.4122834
2017,826,8403,0,0.39062458,0.24788949,-0.6652127
2017,826,8404,0,0.12966402,0.17590901,0.3596185
2017,826,8405,1,0.5294174,0.60423875,0.30535254
2017,826,8406,0,0.15458082,0.23402674,0.5134036
2017,826,8407,0,0.07004728,0.07981395,0.14108573
2017,826,8408,0,0.14643662,0.20719536,0.42091224
2017,826,8409,0,0.03826292,0.040952723,0.070737876
2017,826,8410,0,0.15607102,0.21419935,0.38796115
2017,826,8411,0,0.078852236,0.077976406,-0.012119654
2017,826,8412,0,0.11592196,0.13957755,0.21282503
2017,826,8413,0,0.073668756,0.053134743,-0.3486725
2017,826,8414,0,0.073307104,0.07894298,0.0801686
2017,826,8415,0,0.060874123,0.04868803,-0.23626724
2017,826,8416,0,0.17295372,0.16483548,-0.057844292
2017,826,8417,0,0.13768838,0.1813473,0.32737774
2017,826,8418,0,0.050651465,0.03727798,-0.32055414
2017,826,8419,0,0.08160232,0.079358034,-0.030328752
2017,826,8420,0,0.19032568,0.20366341,0.0843421
2017,826,8421,0,0.07301628,0.06787393,-0.07856241
2017,826,8422,0,0.05270459,0.044702888,-0.17307584
2017,826,8423,0,0.077876665,0.058776278,-0.3018899
2017,826,8424,0,0.046303384,0.037711337,-0.21422322
2017,826,8425,0,0.13411283,0.11586303,-0.16712987
2017,826,8426,0,0.106396906,0.13788486,0.2951152
2017,826,8427,0,0.050828394,0.053373463,0.051543497
2017,826,8428,0,0.06720845,0.05802514,-0.15671948
2017,826,8429,0,0.021638453,0.030032456,0.3364233
2017,826,8430,0,0.21410307,0.2484978,0.19372799
2017,826,8431,0,0.09299983,0.08523657,-0.09568995
2017,826,8432,0,0.037778337,0.028024685,-0.30873573
2017,826,8433,0,0.119703874,0.07742032,-0.48268726
2017,826,8434,0,0.13601065,0.14288175,0.05726875
2017,826,8435,0,0.3556531,0.460119,0.43441787
2017,826,8436,0,0.06524814,0.063044325,-0.036714282
2017,826,8437,0,0.0997117,0.119795226,0.20606129
2017,826,8438,0,0.04528007,0.053109724,0.16772795
2017,826,8439,0,0.1492658,0.18371208,0.24897368
2017,826,8440,0,0.12683345,0.15649223,0.24468884
2017,826,8441,0,0.16979255,0.14707215,-0.17065348
2017,826,8442,0,0.113169275,0.10650277,-0.068202674
2017,826,8443,0,0.036487076,0.04856208,0.29849637
2017,826,8444,0,0.2554839,0.3470641,0.43760562
2017,826,8445,0,0.18683031,0.25783744,0.41350004
2017,826,8446,0,0.49788126,0.50484186,0.02784313
2017,826,8447,0,0.116327465,0.14095558,0.22030137
2017,826,8448,0,0.06299129,0.059886105,-0.053860378
2017,826,8449,0,0.6906078,0.7173801,0.12854032
2017,826,8450,0,0.15266263,0.09211404,-0.57422286
2017,826,8451,0,0.081311405,0.07176729,-0.13519262
2017,826,8453,0,0.14649965,0.17514303,0.21271583
2017,826,8454,0,0.17434765,0.19035502,0.10741752
2017,826,8455,0,0.19537833,0.26580238,0.39940923
2017,826,8456,0,0.10405267,0.07759202,-0.32253864
2017,826,8457,0,0.22641845,0.28181517,0.29317075
2017,826,8458,0,0.12154853,0.13056152,0.08184398
2017,826,8459,0,0.09385404,0.13650593,0.42284057
2017,826,8460,0,0.08218394,0.10469513,0.2669254
2017,826,8461,0,0.14559384,0.20313706,0.4027841
2017,826,8462,0,0.12394838,0.13760197,0.12020812
2017,826,8463,0,0.12993208,0.15814029,0.22942859
2017,826,8464,0,0.10783553,0.104286715,-0.0374331
2017,826,8465,0,0.07093089,0.075386226,0.06572551
2017,826,8466,0,0.028545875,0.031021751,0.08572796
2017,826,8467,0,0.04139277,0.0358334,-0.15000843
2017,826,8468,0,0.1957111,0.165255,-0.2063176
2017,826,8470,0,0.27698487,0.2582277,-0.0957333
2017,826,8471,0,0.03021445,0.03403163,0.12291411
2017,826,8472,0,0.061512742,0.06227885,0.013194043
2017,826,8473,0,0.07181558,0.060843732,-0.17754415
2017,826,8474,0,0.17423616,0.1821394,0.053977747
2017,826,8475,0,0.15283488,0.21180889,0.39848137
2017,826,8476,0,0.12567955,0.091143645,-0.36003876
2017,826,8477,0,0.042765725,0.052503407,0.215366
2017,826,8478,1,0.13098969,0.15186493,0.17218798
2017,826,8479,0,0.03414708,0.03697324,0.08244781
2017,826,8480,0,0.16546825,0.13196157,-0.2656338
2017,826,8481,0,0.073959425,0.058134284,-0.25770563
2017,826,8482,0,0.03323122,0.024085267,-0.33130533
2017,826,8483,0,0.076860785,0.07302278,-0.055373248
2017,826,8484,0,0.06832242,0.06043128,-0.13116527
2017,826,8485,0,0.08582888,0.071735024,-0.19467567
2017,251,8401,1,0.6516769,0.6548391,0.013960512
2017,251,8403,0,0.1253646,0.08277035,-0.4627071
2017,251,8404,0,0.24431373,0.25287536,0.045837816
2017,251,8405,1,0.45753512,0.55563045,0.39371663
2017,251,8406,1,0.2417322,0.31363282,0.3600162
2017,251,8407,0,0.13121599,0.1795437,0.37080792
2017,251,8408,0,0.07287696,0.09682011,0.3102468
2017,251,8409,0,0.045780364,0.04771495,0.043418784
2017,251,8411,0,0.13501859,0.10698915,-0.26457578
2017,251,8412,0,0.17325154,0.1828184,0.06538786
2017,251,8413,0,0.07305223,0.056171708,-0.28080836
2017,251,8414,0,0.09059141,0.108451195,0.19977528
2017,251,8415,0,0.10588419,0.09153514,-0.16154377
2017,251,8416,0,0.51184404,0.4286172,-0.33488023
2017,251,8417,0,0.18515821,0.2318761,0.28403547
2017,251,8418,0,0.1161498,0.09013813,-0.28254265
2017,251,8419,0,0.11650204,0.11278546,-0.036619242
2017,251,8420,0,0.20353645,0.17956352,-0.1549712
2017,251,8421,0,0.074778885,0.06975627,-0.074942164
2017,251,8422,0,0.107136875,0.08684891,-0.2324054
2017,251,8424,0,0.10551775,0.085373074,-0.23411964
2017,251,8425,0,0.10732139,0.09827247,-0.09816977
2017,251,8426,0,0.19349705,0.22038895,0.164044
2017,251,8427,0,0.048603535,0.045103747,-0.078402825
2017,251,8428,0,0.12723273,0.10736907,-0.19225022
2017,251,8429,0,0.04769097,0.06320132,0.29800436
2017,251,8430,0,0.10205713,0.13278058,0.29797953
2017,251,8431,0,0.027041588,0.031522773,0.1579506
2017,251,8432,0,0.03727195,0.02711011,-0.32883433
2017,251,8433,0,0.09573179,0.07564474,-0.25747293
2017,251,8434,0,0.1259559,0.14206052,0.13891867
2017,251,8435,0,0.13812064,0.17018771,0.24669029
2017,251,8436,0,0.054644212,0.06063735,0.11042732
2017,251,8438,0,0.08728227,0.090618245,0.04116981
2017,251,8439,0,0.18779731,0.22414929,0.22273882
2017,251,8441,0,0.16215087,0.15395965,-0.06156567
2017,251,8442,1,0.24810475,0.20892307,-0.22268319
2017,251,8443,0,0.040625956,0.05879723,0.38881
2017,251,8444,0,0.19023983,0.21471374,0.15170987
2017,251,8445,0,0.22593668,0.32282335,0.49057207
2017,251,8446,0,0.15440828,0.17290352,0.13524881
2017,251,8447,0,0.34723017,0.33769917,-0.042327657
2017,251,8448,0,0.067256086,0.06268167,-0.07533062
2017,251,8449,0,0.2535542,0.32146555,0.33270055
2017,251,8450,0,0.17195086,0.12645043,-0.36085075
2017,251,8451,0,0.0437952,0.04205336,-0.042404987
2017,251,8453,0,0.24388333,0.23955876,-0.023594435
2017,251,8454,0,0.1782058,0.21250898,0.21868308
2017,251,8455,0,0.19515175,0.2548518,0.34397534
2017,251,8456,0,0.11843674,0.085032634,-0.36853543
2017,251,8457,1,0.17513697,0.19574964,0.13657486
2017,251,8458,0,0.14317176,0.18549095,0.30961293
2017,251,8459,0,0.11658614,0.16076916,0.37264717
2017,251,8460,0,0.10627031,0.11540959,0.09278007
2017,251,8461,0,0.12269072,0.16626965,0.35489362
2017,251,8462,0,0.1385679,0.14284907,0.035410367
2017,251,8463,0,0.17872259,0.23664108,0.35384238
2017,251,8464,0,0.12773089,0.15612957,0.23385963
2017,251,8465,0,0.18510278,0.15380588,-0.22290675
2017,251,8466,0,0.035061836,0.038267612,0.090818435
2017,251,8467,0,0.11725245,0.09435164,-0.24291244
2017,251,8468,1,0.2099086,0.2210141,0.06571004
2017,251,8470,0,0.2198551,0.1915594,-0.1733982
2017,251,8471,0,0.028765863,0.032948233,0.14006373
2017,251,8472,1,0.0763746,0.08696691,0.14141205
2017,251,8473,0,0.07826561,0.06453402,-0.20770325
2017,251,8475,0,0.17019182,0.23461157,0.40181625
2017,251,8476,0,0.15077448,0.1256146,-0.21176311
2017,251,8477,0,0.074717514,0.08138692,0.09273418
2017,251,8478,0,0.24914303,0.262507,0.070209116
2017,251,8479,0,0.04438474,0.049613424,0.11685238
2017,251,8480,0,0.114522524,0.09737135,-0.18142368
2017,251,8481,0,0.074444,0.062084872,-0.19480973
2017,251,8482,0,0.047212806,0.03494676,-0.313631
2017,251,8483,0,0.083860725,0.07717972,-0.09028671
2017,251,8484,0,0.1261161,0.09830011,-0.28051203
2017,251,8485,0,0.15602738,0.16556107,0.070668995
2017,490,8402,1,0.19508785,0.2908374,0.5259627
2017,490,8403,1,0.73885554,0.7256661,-0.06728473
2017,490,8404,1,0.22393884,0.27484265,0.27266854
2017,490,8405,0,0.53936327,0.58914065,0.20263454
2017,490,8406,1,0.7778181,0.779154,0.007746642
2017,490,8407,0,0.19255692,0.29389903,0.5569587
2017,490,8408,0,0.089721404,0.14490135,0.54187775
2017,490,8409,0,0.062320378,0.06082384,-0.025901347
2017,490,8410,0,0.7343448,0.75286025,0.09714618
2017,490,8411,0,0.15362442,0.13557065,-0.14612432
2017,490,8412,0,0.10662367,0.11303905,0.06563467
2017,490,8413,0,0.052110583,0.046847206,-0.11201403
2017,490,8414,0,0.047722626,0.059380196,0.23087232
2017,490,8415,0,0.053373158,0.05303254,-0.006761914
2017,490,8416,0,0.142882,0.1472136,0.03493188
2017,490,8417,0,0.19727464,0.23230217,0.20805864
2017,490,8418,0,0.03842744,0.03882681,0.010754594
2017,490,8419,0,0.06553365,0.07886123,0.19949068
2017,490,8420,0,0.44080332,0.4805619,0.16011094
2017,490,8421,0,0.053171102,0.067614265,0.2556758
2017,490,8422,0,0.046449434,0.04205408,-0.10400675
2017,490,8423,0,0.070535526,0.063440464,-0.113619156
2017,490,8424,0,0.054412298,0.053134765,-0.025108902
2017,490,8425,0,0.122108616,0.12061038,-0.014050871
2017,490,8426,1,0.16513512,0.19601986,0.20914727
2017,490,8427,0,0.08989037,0.0880962,-0.022130726
2017,490,8428,0,0.1308431,0.14900321,0.15108417
2017,490,8429,0,0.40692866,0.49127454,0.34177136
2017,490,8430,0,0.15497889,0.2356823,0.5195739
2017,490,8431,0,0.06427669,0.084256664,0.2922543
2017,490,8432,0,0.122332305,0.08830975,-0.36392283
2017,490,8433,0,0.10535307,0.08113091,-0.28796786
2017,490,8434,0,0.22169301,0.2557054,0.18741645
2017,490,8435,1,0.21164148,0.2975098,0.45587492
2017,490,8436,0,0.115263626,0.15632395,0.35222974
2017,490,8437,0,0.11027906,0.14044625,0.27630523
2017,490,8438,0,0.054088082,0.071963795,0.30462793
2017,490,8439,0,0.22390439,0.2490551,0.1393985
2017,490,8440,0,0.23634005,0.25096092,0.07935707
2017,490,8441,0,0.06878106,0.08069683,0.17264934
2017,490,8442,0,0.20569485,0.23895939,0.19268085
2017,490,8443,0,0.04624603,0.06873735,0.4201816
2017,490,8444,0,0.27328336,0.28041738,0.03563515
2017,490,8445,1,0.18954004,0.25074208,0.35834315
2017,490,8446,0,0.1782143,0.21495305,0.23316903
2017,490,8447,0,0.08000607,0.10690636,0.31952643
2017,490,8448,0,0.06920032,0.07549748,0.09388206
2017,490,8449,1,0.58324605,0.43831897,-0.5841005
2017,490,8450,1,0.16628774,0.12087429,-0.37200823
2017,490,8451,0,0.10311129,0.101658724,-0.01580567
2017,490,8452,0,0.04527686,0.043780953,-0.035163023
2017,490,8453,0,0.15118805,0.19523141,0.30894405
2017,490,8454,0,0.17585544,0.26190814,0.50860935
2017,490,8455,0,0.14389439,0.18822697,0.3217418
2017,490,8456,0,0.15045328,0.14848827,-0.015456893
2017,490,8457,0,0.095413566,0.1171687,0.22973774
2017,490,8458,0,0.0780314,0.10832107,0.36139333
2017,490,8459,0,0.17870218,0.21907139,0.25407907
2017,490,8460,0,0.08589424,0.11278248,0.3022003
2017,490,8461,0,0.09549112,0.15848231,0.5787949
2017,490,8462,0,0.07461327,0.088683635,0.18807857
2017,490,8463,0,0.14852774,0.17921345,0.22450957
2017,490,8464,0,0.15265226,0.16786252,0.11309625
2017,490,8465,0,0.083950326,0.08525886,0.016896207
2017,490,8466,0,0.05209305,0.06447411,0.22637992
2017,490,8467,0,0.096829765,0.08397839,-0.15652364
2017,490,8468,0,0.16655385,0.14556304,-0.15958306
2017,490,8470,0,0.18537816,0.16660862,-0.12952965
2017,490,8471,0,0.048227984,0.049019337,0.017107204
2017,490,8472,0,0.0878846,0.09571731,0.0939991
2017,490,8473,0,0.10431854,0.088490024,-0.18207693
2017,490,8474,0,0.1219837,0.1495403,0.23556662
2017,490,8475,0,0.54235566,0.7229615,0.7893696
2017,490,8476,0,0.19682041,0.18284129,-0.09092832
2017,490,8477,0,0.032500863,0.046058364,0.36275473
2017,490,8478,1,0.17092797,0.20358585,0.21503326
2017,490,8479,0,0.11059618,0.22015633,0.81991035
2017,490,8480,0,0.06536734,0.07042225,0.07990947
2017,490,8481,0,0.055948205,0.05041004,-0.110085316
2017,490,8482,0,0.040665545,0.033060607,-0.21493474
2017,490,8483,0,0.050991435,0.052817624,0.037113428
2017,490,8484,0,0.0750034,0.06552854,-0.14523871
2017,490,8485,1,0.13127916,0.13883935,0.06473217
2017,702,8402,0,0.26029345,0.27316537,0.065822184
2017,702,8407,0,0.1025955,0.118282095,0.15991281
2017,702,8408,0,0.17396626,0.22566298,0.32480982
2017,702,8410,0,0.28939664,0.36099064,0.32724908
2017,702,8411,0,0.11921958,0.09093575,-0.30242115
2017,702,8412,0,0.09504479,0.10297588,0.08894921
2017,702,8413,0,0.036763918,0.037497398,0.020516431
2017,702,8414,0,0.039552405,0.049782436,0.24074405
2017,702,8416,0,0.18012731,0.21174337,0.20103648
2017,702,8417,0,0.20913385,0.26001,0.28423768
2017,702,8418,0,0.07751697,0.086524785,0.11974679
2017,702,8419,0,0.1052351,0.11714873,0.120651655
2017,702,8420,0,0.18026046,0.21903849,0.24330528
2017,702,8421,0,0.044115447,0.053066112,0.19413629
2017,702,8422,0,0.10762343,0.0931717,-0.16025917
2017,702,8423,0,0.1366428,0.13363904,-0.025700895
2017,702,8424,0,0.057505373,0.05557066,-0.036273796
2017,702,8425,1,0.17172858,0.1788438,0.049225044
2017,702,8426,0,0.101766184,0.13790432,0.3449464
2017,702,8428,0,0.111508146,0.11789405,0.062901996
2017,702,8430,0,0.14376163,0.17586409,0.23976822
2017,702,8431,0,0.05369554,0.061946906,0.15170538
2017,702,8432,1,0.33952886,0.46347672,0.5190408
2017,702,8433,0,0.4638027,0.30472058,-0.67987555
2017,702,8434,0,0.44724777,0.42852482,-0.076075196
2017,702,8435,1,0.41228095,0.56768334,0.6269494
2017,702,8436,0,0.12983336,0.14733487,0.14677411
2017,702,8437,0,0.14283906,0.18536335,0.3114829
2017,702,8439,0,0.2487495,0.3000494,0.25823006
2017,702,8441,1,0.4386125,0.46024966,0.087457515
2017,702,8442,0,0.2283092,0.30530375,0.39571565
2017,702,8443,0,0.05052992,0.063290894,0.238707
2017,702,8445,0,0.32230282,0.32737023,0.023105603
2017,702,8448,1,0.22926895,0.21636143,-0.074553885
2017,702,8449,0,0.70466065,0.57815737,-0.55437744
2017,702,8451,0,0.12561363,0.11644333,-0.08623916
2017,702,8452,0,0.14528188,0.15693764,0.090903506
2017,702,8453,1,0.20699291,0.20392959,-0.018765267
2017,702,8454,0,0.20811146,0.31604967,0.5643609
2017,702,8455,1,0.2587925,0.38513872,0.584461
2017,702,8456,0,0.1038492,0.14932197,0.4152399
2017,702,8457,0,0.36244178,0.41174728,0.20803483
2017,702,8458,0,0.14103761,0.16120939,0.15744154
2017,702,8459,0,0.15779813,0.23321691,0.48446813
2017,702,8460,0,0.12301872,0.13518727,0.10829715
2017,702,8461,1,0.40542668,0.43512383,0.12192808
2017,702,8462,0,0.13935724,0.16365933,0.18938984
2017,702,8463,0,0.24153297,0.2970462,0.28288987
2017,702,8464,0,0.19659096,0.2365495,0.23604794
2017,702,8465,0,0.14464203,0.13826056,-0.05255481
2017,702,8466,0,0.23745756,0.23832232,0.0047696494
2017,702,8467,0,0.098056234,0.088915884,-0.10793316
2017,702,8468,1,0.13345619,0.10409347,-0.28180742
2017,702,8470,0,0.1589543,0.12700076,-0.26171234
2017,702,8471,1,0.024792453,0.030093936,0.19923545
2017,702,8473,0,0.058227863,0.051699087,-0.12583226
2017,702,8474,0,0.114979275,0.15288645,0.32871994
2017,702,8475,0,0.44490725,0.61235315,0.6784838
2017,702,8477,0,0.10378519,0.117096476,0.1356391
2017,702,8478,1,0.24389654,0.28186676,0.1962134
2017,702,8479,0,0.07636359,0.06803596,-0.12444555
2017,702,8480,0,0.16659656,0.15558565,-0.08150412
2017,702,8481,0,0.09722423,0.08288915,-0.17526987
2017,702,8482,0,0.04444258,0.042944487,-0.03585627
2017,702,8483,0,0.03415753,0.03607381,0.05656999
2017,702,8484,0,0.096790254,0.10536376,0.09440998
2017,702,8485,0,0.06671457,0.080960356,0.2089182
2017,528,8401,1,0.26721814,0.4431987,0.78059256
2017,528,8403,0,0.08034526,0.044524755,-0.62849844
2017,528,8404,1,0.4646442,0.39751795,-0.27415827
2017,528,8405,1,0.22422124,0.31747776,0.47584674
2017,528,8407,0,0.16821624,0.2010795,0.21876106
2017,528,8408,0,0.054291297,0.06875978,0.2516723
2017,528,8409,0,0.073209174,0.071158595,-0.030619824
2017,528,8410,1,0.23504762,0.32448435,0.4467865
2017,528,8411,0,0.1681466,0.18123741,0.09083371
2017,528,8412,0,0.097155124,0.11131805,0.15189388
2017,528,8413,0,0.06974411,0.05329478,-0.2865227
2017,528,8414,0,0.10273153,0.1178626,0.15440771
2017,528,8415,0,0.09849148,0.06865883,-0.39337662
2017,528,8416,0,0.20739253,0.20708588,-0.0018665815
2017,528,8417,0,0.141205,0.17556119,0.25860226
2017,528,8418,0,0.09631552,0.07609871,-0.25772312
2017,528,8419,0,0.11351991,0.1083718,-0.052200876
2017,528,8420,0,0.20159732,0.18136716,-0.13077135
2017,528,8421,0,0.07357935,0.06643572,-0.109811045
2017,528,8422,0,0.114267856,0.078871146,-0.4099153
2017,528,8423,0,0.14723213,0.09499333,-0.49765867
2017,528,8424,0,0.080183774,0.05346716,-0.4338853
2017,528,8425,0,0.12573612,0.11101589,-0.14120914
2017,528,8426,0,0.16266888,0.18367754,0.14687502
2017,528,8427,0,0.038908694,0.040817965,0.049893036
2017,528,8428,0,0.11217346,0.09321792,-0.20623223
2017,528,8429,0,0.045857083,0.07468948,0.51849365
2017,528,8430,0,0.07867955,0.10973426,0.3669662
2017,528,8431,0,0.03294632,0.036535505,0.10712331
2017,528,8432,0,0.031098094,0.019630706,-0.47181752
2017,528,8433,0,0.10672903,0.08841002,-0.20860821
2017,528,8434,0,0.0944159,0.103372864,0.10057305
2017,528,8435,1,0.59723824,0.46008265,-0.55398077
2017,528,8436,0,0.043514196,0.041849073,-0.04075702
2017,528,8437,0,0.09812687,0.11987353,0.22458422
2017,528,8438,0,0.07632083,0.08207758,0.078970835
2017,528,8439,1,0.21234553,0.23701839,0.14174838
2017,528,8440,0,0.1279455,0.14125398,0.11433371
2017,528,8441,0,0.14110897,0.13527595,-0.048984047
2017,528,8442,0,0.14413375,0.16301084,0.14537801
2017,528,8443,0,0.03400807,0.04489884,0.2891524
2017,528,8444,0,0.4159946,0.41838214,0.009819542
2017,528,8445,0,0.4574442,0.53652114,0.31698117
2017,528,8446,0,0.19370218,0.2337329,0.23877949
2017,528,8447,1,0.46366557,0.41548166,-0.19575526
2017,528,8448,0,0.14687449,0.1301169,-0.14059737
2017,528,8449,1,0.73451066,0.62314206,-0.5147235
2017,528,8450,0,0.29787236,0.2699213,-0.13757169
2017,528,8451,0,0.14331093,0.09001165,-0.5254345
2017,528,8453,0,0.21653287,0.22196278,0.031722024
2017,528,8454,1,0.48019636,0.46113792,-0.076506525
2017,528,8455,0,0.22796473,0.2622288,0.18542293
2017,528,8456,0,0.08111381,0.07005339,-0.15856057
2017,528,8457,0,0.2012017,0.255516,0.30939427
2017,528,8458,0,0.14535862,0.16802664,0.1718002
2017,528,8459,0,0.20480096,0.28039894,0.41407022
2017,528,8460,0,0.147854,0.15261105,0.037265263
2017,528,8461,0,0.15195526,0.18781793,0.25509584
2017,528,8462,0,0.114158675,0.10753128,-0.0672612
2017,528,8463,1,0.47842783,0.47057208,-0.031505473
2017,528,8464,0,0.12338647,0.15006323,0.22663946
2017,528,8465,0,0.22830658,0.1986878,-0.17661786
2017,528,8466,0,0.049954314,0.052424956,0.050877836
2017,528,8467,0,0.07087896,0.06398508,-0.10971628
2017,528,8468,0,0.30376926,0.28423154,-0.09415484
2017,528,8470,0,0.21310952,0.1860219,-0.16978619
2017,528,8471,0,0.029612202,0.028550962,-0.03758876
2017,528,8472,0,0.087449804,0.089080006,0.020257842
2017,528,8473,0,0.18608643,0.13745579,-0.36094117
2017,528,8474,0,0.15700348,0.16135211,0.032492917
2017,528,8475,0,0.17243327,0.26306257,0.53836834
2017,528,8476,0,0.21960926,0.13821572,-0.56224453
2017,528,8477,0,0.09464671,0.0994235,0.054527447
2017,528,8478,0,0.14583136,0.21378756,0.46543366
2017,528,8479,0,0.07371033,0.0664346,-0.111748956
2017,528,8480,0,0.10548252,0.08780988,-0.2029353
2017,528,8481,0,0.071222045,0.05691957,-0.23944505
2017,528,8482,0,0.0853354,0.0423192,-0.74730575
2017,528,8483,0,0.0709878,0.061962526,-0.14564632
2017,528,8484,0,0.10443209,0.08149839,-0.27323928
2017,528,8485,0,0.10654026,0.10207024,-0.04785237
2017,410,8401,1,0.63536143,0.6348468,-0.0022204383
2017,410,8402,1,0.273569,0.32548255,0.247901
2017,410,8403,0,0.08278135,0.033381723,-0.9606521
2017,410,8404,1,0.13296813,0.16849016,0.27860048
2017,410,8405,1,0.25835714,0.35009113,0.43588626
2017,410,8406,0,0.26223975,0.3072743,0.22146636
2017,410,8407,0,0.077934965,0.09357709,0.20002052
2017,410,8408,0,0.061155558,0.093148455,0.4554449
2017,410,8409,0,0.03437202,0.04359407,0.24727438
2017,410,8410,0,0.2580524,0.27129626,0.06806016
2017,410,8411,0,0.096963264,0.0975554,0.00674414
2017,410,8412,0,0.09599356,0.1049977,0.09966751
2017,410,8413,0,0.03638463,0.03395514,-0.07162428
2017,410,8414,0,0.0430683,0.05527295,0.26233235
2017,410,8415,0,0.047407825,0.05371579,0.13156359
2017,410,8416,1,0.1963485,0.17661175,-0.13019937
2017,410,8417,0,0.14477289,0.18866183,0.31747195
2017,410,8418,0,0.12692845,0.1145255,-0.11693224
2017,410,8419,0,0.13599016,0.14601916,0.0828307
2017,410,8420,0,0.21263503,0.26188606,0.27292615
2017,410,8421,0,0.036459044,0.043149855,0.1754577
2017,410,8422,0,0.08633832,0.07304812,-0.18159617
2017,410,8423,0,0.13330677,0.10729848,-0.24660571
2017,410,8424,0,0.040638477,0.044004675,0.08309547
2017,410,8425,0,0.11145747,0.105167694,-0.06514066
2017,410,8426,0,0.12377892,0.15650724,0.2726723
2017,410,8427,0,0.059350546,0.06446454,0.08810553
2017,410,8428,0,0.068170965,0.06705561,-0.017692575
2017,410,8429,0,0.03447642,0.049497914,0.3773351
2017,410,8431,0,0.03448177,0.055281434,0.49378428
2017,410,8432,0,0.12103449,0.11623332,-0.04592352
2017,410,8433,0,0.44988734,0.32126218,-0.5468514
2017,410,8434,1,0.21658833,0.2287548,0.070304275
2017,410,8435,0,0.1313038,0.20143428,0.51212555
2017,410,8436,0,0.68122375,0.47636306,-0.85401964
2017,410,8437,0,0.12997198,0.16298556,0.26502675
2017,410,8438,0,0.09352508,0.11073873,0.18811624
2017,410,8439,0,0.18092,0.2317984,0.31194273
2017,410,8440,0,0.13295972,0.13965735,0.05690042
2017,410,8441,0,0.1076477,0.10051303,-0.07654005
2017,410,8442,0,0.24047206,0.20437877,-0.20905502
2017,410,8443,0,0.043285664,0.06403945,0.4136093
2017,410,8444,0,0.20972706,0.19790581,-0.07286342
2017,410,8445,0,0.3512283,0.42168316,0.2977767
2017,410,8446,0,0.22243994,0.25928834,0.20183294
2017,410,8447,1,0.1991093,0.21776687,0.11314295
2017,410,8448,0,0.15864179,0.14420904,-0.112393446
2017,410,8449,0,0.19554015,0.23786983,0.2500116
2017,410,8450,1,0.08892124,0.047528606,-0.6708499
2017,410,8451,0,0.1094252,0.117037386,0.07583651
2017,410,8452,0,0.17214207,0.20557359,0.21870513
2017,410,8453,0,0.18347578,0.22485419,0.25537485
2017,410,8454,0,0.16177225,0.21399991,0.34411904
2017,410,8455,0,0.15307534,0.19356136,0.28364834
2017,410,8456,1,0.15163925,0.36064875,1.1492522
2017,410,8457,0,0.12811463,0.14258333,0.12373517
2017,410,8458,0,0.07408849,0.103051335,0.36174694
2017,410,8459,0,0.08729454,0.11910786,0.34621957
2017,410,8460,0,0.1420058,0.1760072,0.2550925
2017,410,8461,0,0.1346115,0.18035598,0.3468483
2017,410,8462,0,0.07769271,0.08929074,0.15179108
2017,410,8463,0,0.15514605,0.23751314,0.5284345
2017,410,8464,0,0.27688757,0.3121834,0.17002185
2017,410,8465,1,0.13237439,0.15105334,0.15376273
2017,410,8466,0,0.051419627,0.061250422,0.18536851
2017,410,8467,0,0.06841194,0.067395374,-0.016061442
2017,410,8468,0,0.19989827,0.17567793,-0.15897872
2017,410,8470,0,0.3029591,0.27476472,-0.1373347
2017,410,8471,0,0.038869705,0.04416158,0.13316096
2017,410,8472,0,0.06412637,0.07871104,0.22063437
2017,410,8473,0,0.1427865,0.13726595,-0.045849722
2017,410,8474,0,0.11415638,0.13993368,0.23313022
2017,410,8475,0,0.352209,0.48108175,0.53363425
2017,410,8476,0,0.15427859,0.1542394,-0.00030036367
2017,410,8477,0,0.05167268,0.06390198,0.22540072
2017,410,8478,0,0.40726578,0.47038126,0.25666627
2017,410,8479,0,0.070368685,0.09911886,0.37398604
2017,410,8480,0,0.0835346,0.078333244,-0.06994827
2017,410,8481,0,0.040774107,0.038179204,-0.06845781
2017,410,8482,0,0.03883907,0.033132933,-0.16481811
2017,410,8483,0,0.04195615,0.041697606,-0.006451053
2017,410,8484,0,0.04572941,0.04411009,-0.03774854
2017,410,8485,0,0.073282085,0.070533484,-0.041190237
2017,458,8404,1,0.405827,0.49528247,0.36237288
2017,458,8405,1,0.4137902,0.44085768,0.110636644
2017,458,8407,0,0.27113032,0.30293393,0.15552984
2017,458,8408,0,0.20644008,0.25076655,0.2519906
2017,458,8411,0,0.14507443,0.17396282,0.2159692
2017,458,8412,0,0.15687053,0.16788296,0.08099379
2017,458,8413,0,0.079126164,0.07925675,0.0017908758
2017,458,8414,0,0.057498354,0.072482936,0.24762124
2017,458,8415,0,0.038429826,0.04198728,0.09223933
2017,458,8416,0,0.5401726,0.48318702,-0.22831471
2017,458,8417,0,0.22778277,0.23274218,0.02798191
2017,458,8418,0,0.11160302,0.096218675,-0.16549361
2017,458,8419,0,0.18682353,0.20647813,0.124497205
2017,458,8420,0,0.23162825,0.2587776,0.14680813
2017,458,8421,0,0.06109462,0.06084605,-0.0043415194
2017,458,8422,0,0.11478069,0.10394383,-0.111340374
2017,458,8423,0,0.12492648,0.12512131,0.0017811506
2017,458,8424,0,0.07310504,0.07396436,0.012613463
2017,458,8425,0,0.23708586,0.200627,-0.21365713
2017,458,8426,0,0.17904855,0.24482296,0.39639023
2017,458,8427,0,0.12291694,0.10608352,-0.16629258
2017,458,8428,0,0.10112323,0.102761835,0.017898884
2017,458,8430,0,0.20051022,0.25879616,0.33087352
2017,458,8431,0,0.08110141,0.09955213,0.22526449
2017,458,8433,0,0.18400112,0.13406534,-0.37601086
2017,458,8436,0,0.0857623,0.09838357,0.15119584
2017,458,8437,0,0.27308613,0.28386927,0.053671833
2017,458,8438,0,0.14435014,0.16502135,0.15828805
2017,458,8439,1,0.2909876,0.34210896,0.2366823
2017,458,8441,0,0.15740089,0.18754733,0.2116689
2017,458,8442,1,0.40123656,0.4071667,0.02462486
2017,458,8443,0,0.12507921,0.14473596,0.16868697
2017,458,8445,0,0.44774815,0.4832348,0.14268723
2017,458,8447,0,0.2686618,0.34384114,0.3551993
2017,458,8448,0,0.14756921,0.15971892,0.09347383
2017,458,8450,1,0.43893373,0.5051135,0.26594532
2017,458,8451,0,0.09640046,0.09648233,0.0009393746
2017,458,8452,1,0.1656992,0.20143786,0.23908804
2017,458,8453,1,0.58027834,0.6095675,0.12157861
2017,458,8454,0,0.21655227,0.30623904,0.4681108
2017,458,8455,0,0.1764454,0.22071451,0.279111
2017,458,8456,1,0.3501367,0.42997864,0.33650002
2017,458,8457,0,0.29793015,0.30548477,0.035859656
2017,458,8458,0,0.17384908,0.21372415,0.25596845
2017,458,8459,0,0.18196099,0.2751747,0.5345932
2017,458,8460,0,0.15220147,0.14241023,-0.077976085
2017,458,8461,1,0.3837227,0.45574987,0.29631206
2017,458,8462,0,0.111082815,0.13774298,0.2455642
2017,458,8463,1,0.18431243,0.2729322,0.5076028
2017,458,8464,1,0.5579278,0.5799092,0.089644425
2017,458,8465,0,0.2050172,0.20197396,-0.018775875
2017,458,8466,0,0.13936369,0.17164578,0.246577
2017,458,8467,0,0.08255447,0.07926285,-0.04427004
2017,458,8468,0,0.26623827,0.20965607,-0.31320688
2017,458,8470,0,0.1912986,0.1418297,-0.35858127
2017,458,8472,1,0.18940628,0.24919803,0.35097873
2017,458,8473,0,0.0899764,0.0709628,-0.25806987
2017,458,8474,0,0.16330804,0.19563313,0.22000352
2017,458,8475,0,0.22670487,0.3058208,0.4072808
2017,458,8476,0,0.26430365,0.27732024,0.065925665
2017,458,8477,0,0.0689128,0.093228966,0.32867956
2017,458,8478,1,0.43098113,0.5058495,0.30124834
2017,458,8479,0,0.09774696,0.09900147,0.014143929
2017,458,8480,0,0.10164022,0.11565562,0.14490184
2017,458,8481,0,0.085529424,0.07308395,-0.17076914
2017,458,8482,0,0.052727807,0.046327848,-0.1361332
2017,458,8484,0,0.09014791,0.082630925,-0.09529569
2017,458,8485,0,0.40202373,0.30304047,-0.435821
2017,124,8401,0,0.44347095,0.51541656,0.28877297
2017,124,8402,1,0.72089857,0.7649024,0.23082428
2017,124,8403,0,0.24675672,0.2432613,-0.018896438
2017,124,8404,0,0.33514762,0.4271134,0.3913557
2017,124,8405,1,0.7559319,0.75819916,0.012327509
2017,124,8406,1,0.44526616,0.46469802,0.078373045
2017,124,8407,0,0.11671637,0.15509126,0.3286845
2017,124,8408,0,0.1932153,0.26647374,0.41666397
2017,124,8409,0,0.074980274,0.07123807,-0.05523505
2017,124,8410,0,0.24789058,0.2977729,0.2519687
2017,124,8411,0,0.09711513,0.09223697,-0.056924433
2017,124,8412,0,0.1400263,0.1493802,0.075601116
2017,124,8413,0,0.122690305,0.12375674,0.009870809
2017,124,8414,0,0.15817513,0.17816898,0.1430668
2017,124,8415,0,0.12361653,0.13823849,0.1286213
2017,124,8416,0,0.21316443,0.21198921,-0.007020924
2017,124,8417,0,0.15805157,0.189832,0.2216953
2017,124,8418,0,0.16014628,0.09144074,-0.63902885
2017,124,8419,0,0.13900569,0.14982504,0.08759908
2017,124,8420,1,0.58239037,0.4158869,-0.67227507
2017,124,8421,0,0.118309215,0.16021755,0.35192937
2017,124,8422,0,0.16117534,0.13579723,-0.2011357
2017,124,8423,0,0.14656927,0.12681496,-0.16765226
2017,124,8424,0,0.098061964,0.09014042,-0.09297534
2017,124,8425,0,0.153021,0.14958385,-0.026768142
2017,124,8426,0,0.3275509,0.31779566,-0.044637635
2017,124,8427,0,0.14004388,0.14857516,0.06910525
2017,124,8428,0,0.16318317,0.10230238,-0.53716844
2017,124,8429,0,0.19454448,0.2431828,0.2854389
2017,124,8430,0,0.18148753,0.22013706,0.24143374
2017,124,8431,0,0.058295716,0.064040534,0.10010672
2017,124,8432,0,0.0927653,0.085085,-0.09485208
2017,124,8433,0,0.112284996,0.10321346,-0.094408035
2017,124,8434,0,0.56796414,0.5507709,-0.06976403
2017,124,8436,0,0.08287481,0.08565474,0.036029
2017,124,8437,0,0.20777225,0.2884133,0.4353037
2017,124,8438,0,0.12025359,0.21781588,0.7115908
2017,124,8439,0,0.20369574,0.23328501,0.17349982
2017,124,8440,0,0.21160454,0.22804572,0.095901445
2017,124,8441,0,0.1872443,0.16808616,-0.13123585
2017,124,8442,1,0.19802569,0.13701801,-0.44160166
2017,124,8443,0,0.08459188,0.102592625,0.21278797
2017,124,8445,0,0.26921532,0.30607012,0.18005057
2017,124,8448,0,0.20601314,0.18740116,-0.11785918
2017,124,8451,0,0.22286324,0.17358391,-0.31137913
2017,124,8452,0,0.1930694,0.16381332,-0.19993652
2017,124,8454,0,0.17262135,0.1566286,-0.1163681
2017,124,8455,0,0.4249455,0.55034184,0.504556
2017,124,8456,0,0.19162552,0.15585886,-0.24988648
2017,124,8457,0,0.22368181,0.31620654,0.4730776
2017,124,8458,0,0.20040014,0.22765464,0.16219331
2017,124,8459,1,0.21191591,0.32696092,0.59145254
2017,124,8460,0,0.21181017,0.19353116,-0.11317822
2017,124,8461,0,0.15811725,0.19918212,0.28089002
2017,124,8462,1,0.25271183,0.2446303,-0.04325819
2017,124,8463,1,0.5399153,0.5497532,0.03967179
2017,124,8464,1,0.13615328,0.13739055,0.010479526
2017,124,8465,0,0.13082013,0.102387555,-0.2772466
2017,124,8466,0,0.068139076,0.04993564,-0.33016202
2017,124,8467,0,0.10746942,0.08908896,-0.20795546
2017,124,8468,0,0.18072298,0.09014842,-0.8003671
2017,124,8470,0,0.27298167,0.1671563,-0.6263698
2017,124,8471,0,0.04535412,0.048537176,0.071168974
2017,124,8472,0,0.1289412,0.12545717,-0.03138392
2017,124,8473,0,0.14721479,0.11545562,-0.2795715
2017,124,8474,0,0.1880476,0.2291062,0.2493817
2017,124,8475,0,0.59667414,0.6126572,0.06686918
2017,124,8476,0,0.28865218,0.26885784,-0.09848602
2017,124,8477,0,0.1039664,0.10638161,0.025664134
2017,124,8478,1,0.58993196,0.60394645,0.05825183
2017,124,8479,0,0.10605687,0.16487305,0.5092586
2017,124,8480,0,0.12967344,0.116700634,-0.12020295
2017,124,8481,0,0.12891172,0.10467549,-0.23570578
2017,124,8482,0,0.07720513,0.06522143,-0.18158051
2017,124,8483,0,0.07893393,0.06802302,-0.16054125
2017,124,8484,0,0.15227224,0.11607187,-0.31327656
2017,124,8485,0,0.1503413,0.12558544,-0.20864166
2017,484,8402,0,0.37919053,0.38957408,0.04388247
2017,484,8403,0,0.3245675,0.32329243,-0.0058221696
2017,484,8404,0,0.35973826,0.43766168,0.32584292
2017,484,8406,0,0.27966326,0.34697962,0.3137903
2017,484,8407,0,0.12505616,0.11738442,-0.07203878
2017,484,8408,0,0.12161972,0.3729808,1.4577303
2017,484,8409,0,0.07762127,0.07190428,-0.08268476
2017,484,8411,0,0.14058349,0.12933104,-0.09643438
2017,484,8412,0,0.15867212,0.17175585,0.09490748
2017,484,8413,0,0.115620635,0.07896201,-0.42196283
2017,484,8414,0,0.14615166,0.14839928,0.01789735
2017,484,8415,0,0.14815944,0.14205243,-0.049236413
2017,484,8416,0,0.3147567,0.30085593,-0.065251306
2017,484,8417,0,0.21328953,0.27497536,0.3356855
2017,484,8418,0,0.13231021,0.118272,-0.12821165
2017,484,8419,0,0.16717115,0.17999643,0.089438386
2017,484,8420,0,0.40887,0.3245271,-0.36440527
2017,484,8421,0,0.13272665,0.12754998,-0.045734696
2017,484,8422,0,0.14052022,0.11064293,-0.27321464
2017,484,8423,0,0.1349008,0.06218662,-0.85510653
2017,484,8424,0,0.1066822,0.10866959,0.020684795
2017,484,8425,0,0.14288206,0.13851339,-0.036136646
2017,484,8426,0,0.2614051,0.2805349,0.09686839
2017,484,8427,0,0.39018923,0.4018006,0.04854866
2017,484,8428,0,0.15098546,0.12718627,-0.19917661
2017,484,8429,0,0.24718527,0.29823887,0.25798276
2017,484,8430,0,0.22003807,0.24331309,0.13084388
2017,484,8431,0,0.092299856,0.12507606,0.3406565
2017,484,8432,0,0.19058973,0.1331888,-0.4268707
2017,484,8433,0,0.12586589,0.099627994,-0.26334792
2017,484,8434,0,0.30498698,0.34891683,0.19985758
2017,484,8436,0,0.18720154,0.19194569,0.030880556
2017,484,8437,1,0.212779,0.27778468,0.35277796
2017,484,8438,1,0.14916484,0.1808547,0.23059882
2017,484,8439,0,0.22051768,0.24291945,0.12591238
2017,484,8441,1,0.26029983,0.22401229,-0.19802503
2017,484,8442,0,0.32839474,0.22641768,-0.51319635
2017,484,8443,0,0.0928011,0.10920252,0.18099028
2017,484,8450,0,0.09087247,0.07020141,-0.28057116
2017,484,8451,0,0.19370364,0.051817253,-1.480702
2017,484,8453,0,0.21724045,0.22520413,0.046228364
2017,484,8455,1,0.7361409,0.75477767,0.098251715
2017,484,8456,0,0.17310894,0.13131072,-0.32566726
2017,484,8457,1,0.43916297,0.41645643,-0.092777446
2017,484,8458,0,0.22129369,0.29901975,0.40617305
2017,484,8459,0,0.39540383,0.4063822,0.045711633
2017,484,8460,1,0.34981424,0.32940975,-0.09100015
2017,484,8461,0,0.62556326,0.6588022,0.14473134
2017,484,8462,0,0.179559,0.17653522,-0.020662276
2017,484,8463,1,0.52089876,0.5696549,0.1967994
2017,484,8465,0,0.16467273,0.22497465,0.3869555
2017,484,8466,0,0.10506795,0.09380241,-0.12592627
2017,484,8467,0,0.079370014,0.068142295,-0.16464455
2017,484,8468,0,0.25343752,0.32682353,0.35777482
2017,484,8470,0,0.45295575,0.26341897,-0.8395382
2017,484,8471,0,0.09490273,0.11124644,0.17711791
2017,484,8472,0,0.2128013,0.16734725,-0.29642382
2017,484,8473,0,0.25967062,0.22625999,-0.18187003
2017,484,8475,0,0.25608894,0.44624257,0.8505327
2017,484,8476,0,0.232379,0.22511384,-0.04118333
2017,484,8477,0,0.15212871,0.17017122,0.13358773
2017,484,8479,0,0.12770186,0.21023726,0.5979371
2017,484,8480,0,0.16562264,0.14518644,-0.15589066
2017,484,8481,0,0.113369055,0.1012979,-0.12610544
2017,484,8482,0,0.101019554,0.071827725,-0.37299958
2017,484,8483,0,0.10320395,0.09559629,-0.08502066
2017,484,8484,0,0.165639,0.10151986,-0.56359476
2017,484,8485,0,0.1099785,0.081000715,-0.33786654
2017,757,8402,0,0.21397403,0.27487308,0.33109793
2017,757,8403,0,0.19297957,0.06465928,-1.2410146
2017,757,8404,0,0.6081848,0.58076996,-0.11375355
2017,757,8406,0,0.18780957,0.2434972,0.33070555
2017,757,8407,1,0.29362053,0.4034561,0.4867791
2017,757,8408,0,0.13893493,0.16503674,0.20294479
2017,757,8409,0,0.07105325,0.07900367,0.114659905
2017,757,8411,1,0.072696455,0.073030934,0.004951263
2017,757,8412,0,0.15527248,0.16155297,0.047114257
2017,757,8413,0,0.06128949,0.048252232,-0.25295934
2017,757,8414,0,0.08451146,0.10662251,0.25685623
2017,757,8415,0,0.15816294,0.11753901,-0.34398353
2017,757,8416,0,0.17058116,0.18365672,0.08974758
2017,757,8417,0,0.17833897,0.23390077,0.3412272
2017,757,8418,0,0.16042474,0.12599875,-0.28173864
2017,757,8419,0,0.14842287,0.12585835,-0.1910606
2017,757,8420,0,0.41504985,0.398266,-0.06956746
2017,757,8421,0,0.06958523,0.07025756,0.010338455
2017,757,8422,0,0.13787746,0.10125348,-0.35034183
2017,757,8423,1,0.14124204,0.120891206,-0.17900553
2017,757,8424,0,0.06933513,0.050489336,-0.33723724
2017,757,8425,0,0.2414093,0.2130029,-0.16195026
2017,757,8426,0,0.24354501,0.25229976,0.04695704
2017,757,8427,0,0.10341399,0.08768054,-0.18243623
2017,757,8428,0,0.09691323,0.089836426,-0.083631344
2017,757,8429,0,0.11208476,0.21441671,0.77111584
2017,757,8430,0,0.18351686,0.20828065,0.15737928
2017,757,8431,0,0.039918777,0.04802455,0.19334401
2017,757,8432,0,0.091682814,0.04795119,-0.6951739
2017,757,8433,0,0.14967252,0.122007445,-0.23638414
2017,757,8434,0,0.26442686,0.21132673,-0.29386136
2017,757,8435,0,0.18309772,0.19167666,0.056347255
2017,757,8436,0,0.16060062,0.19086787,0.20938519
2017,757,8437,0,0.14667547,0.1421087,-0.036967788
2017,757,8438,0,0.09111456,0.08551214,-0.06960448
2017,757,8439,0,0.16216268,0.18010932,0.126617
2017,757,8440,0,0.15197147,0.180072,0.20336173
2017,757,8441,0,0.13194558,0.11390559,-0.16758876
2017,757,8442,0,0.17197558,0.15921423,-0.09239605
2017,757,8443,0,0.060362127,0.079864815,0.3009473
2017,757,8445,0,0.23991226,0.326185,0.42766958
2017,757,8446,0,0.1363767,0.17683786,0.30779585
2017,757,8447,1,0.2372889,0.24727294,0.05439103
2017,757,8448,0,0.04313507,0.049565174,0.14569463
2017,757,8449,0,0.5266959,0.5675151,0.16483447
2017,757,8450,0,0.17565584,0.11366752,-0.507753
2017,757,8451,0,0.07691077,0.065433934,-0.17396143
2017,757,8452,0,0.10202198,0.096338,-0.06363534
2017,757,8453,0,0.15109438,0.1455666,-0.043761577
2017,757,8454,0,0.24456917,0.28399405,0.20305498
2017,757,8455,0,0.23278369,0.27615917,0.229065
2017,757,8456,0,0.11144295,0.070884824,-0.4970903
2017,757,8457,0,0.1166559,0.17031923,0.44111982
2017,757,8458,0,0.11670835,0.12393654,0.06830852
2017,757,8459,0,0.17190754,0.22127633,0.31392407
2017,757,8460,0,0.09038961,0.12046115,0.32081646
2017,757,8461,0,0.15126996,0.18454152,0.23879914
2017,757,8462,0,0.1189695,0.118891105,-0.00074814435
2017,757,8463,0,0.16428548,0.1998306,0.23932807
2017,757,8464,0,0.12559284,0.18305539,0.4447182
2017,757,8465,0,0.12573914,0.102500446,-0.23057614
2017,757,8466,0,0.032149587,0.037909284,0.17076507
2017,757,8467,0,0.12043262,0.09878677,-0.22243841
2017,757,8468,1,0.326692,0.3116143,-0.06939796
2017,757,8470,0,0.2007206,0.18301907,-0.114228755
2017,757,8471,0,0.04213752,0.0442623,0.05141535
2017,757,8472,1,0.10819183,0.09280881,-0.1704664
2017,757,8473,0,0.13251123,0.09969355,-0.32169905
2017,757,8474,1,0.1747701,0.16129941,-0.096400805
2017,757,8475,0,0.41373512,0.4876555,0.29915768
2017,757,8476,0,0.15875985,0.10059388,-0.52315867
2017,757,8477,0,0.08498345,0.09656668,0.14051698
2017,757,8478,0,0.12965149,0.18733528,0.436625
2017,757,8479,0,0.046479043,0.08064978,0.5876089
2017,757,8480,0,0.12910655,0.116685964,-0.11531281
2017,757,8481,0,0.09279715,0.07191347,-0.27771115
2017,757,8482,0,0.08949458,0.05369666,-0.54939055
2017,757,8483,0,0.08683282,0.073571675,-0.18014215
2017,757,8484,0,0.104519024,0.07816457,-0.31955832
2017,757,8485,0,0.13949831,0.1376526,-0.015461941
2017,764,8402,1,0.33478928,0.40465063,0.30047804
2017,764,8403,1,0.6270772,0.6252874,-0.0076462138
2017,764,8405,0,0.6242136,0.64016575,0.06861186
2017,764,8406,0,0.3707977,0.39489886,0.102030255
2017,764,8407,0,0.117265195,0.14497489,0.24401659
2017,764,8408,0,0.28088108,0.32748848,0.22052908
2017,764,8409,0,0.033529676,0.040002428,0.18322897
2017,764,8411,0,0.22956248,0.21410997,-0.08954374
2017,764,8412,0,0.17695126,0.18912639,0.0814444
2017,764,8413,0,0.06079371,0.04949717,-0.21752691
2017,764,8414,0,0.052229617,0.064441204,0.22307187
2017,764,8415,0,0.04171078,0.03748285,-0.11127841
2017,764,8418,0,0.07211265,0.062174734,-0.1589342
2017,764,8419,0,0.12989692,0.14657076,0.1401162
2017,764,8420,0,0.21463476,0.30394158,0.46861288
2017,764,8421,0,0.07919398,0.07720335,-0.027617091
2017,764,8422,0,0.10238763,0.0823086,-0.24041319
2017,764,8423,0,0.16815872,0.18358392,0.1064811
2017,764,8425,0,0.15142691,0.15964612,0.062589645
2017,764,8426,0,0.19450913,0.23061785,0.21614698
2017,764,8428,0,0.085500665,0.094082355,0.10507462
2017,764,8429,0,0.1627864,0.19565897,0.22399023
2017,764,8431,0,0.06243968,0.08201026,0.29373834
2017,764,8434,1,0.1736121,0.21099453,0.24129964
2017,764,8437,0,0.17517172,0.20978057,0.2231598
2017,764,8438,0,0.1389681,0.1539596,0.12001016
2017,764,8439,0,0.19069855,0.24758486,0.3339428
2017,764,8440,0,0.3445201,0.37134376,0.116758786
2017,764,8441,1,0.3793033,0.4151145,0.14964469
2017,764,8442,0,0.24492837,0.28350356,0.1986983
2017,764,8443,0,0.07257196,0.105024904,0.4052381
2017,764,8445,0,0.23123331,0.31543493,0.42652902
2017,764,8447,0,0.27220222,0.23586716,-0.1919948
2017,764,8448,1,0.16147442,0.16103625,-0.0032396459
2017,764,8450,0,0.121584095,0.08417965,-0.40935296
2017,764,8451,0,0.101278216,0.08866285,-0.14696991
2017,764,8452,0,0.10683557,0.09003867,-0.18968287
2017,764,8453,0,0.16615498,0.20792916,0.2756733
2017,764,8454,1,0.3280269,0.40012738,0.3121883
2017,764,8455,1,0.4808641,0.48015442,-0.0028430512
2017,764,8456,0,0.19028644,0.15477553,-0.24947643
2017,764,8457,0,0.20336777,0.24999064,0.26671493
2017,764,8458,0,0.16359064,0.18486936,0.14805198
2017,764,8459,0,0.1789574,0.24410677,0.39313278
2017,764,8460,0,0.1846945,0.21235585,0.17407678
2017,764,8461,1,0.36120728,0.4222489,0.2565799
2017,764,8462,0,0.1636646,0.17230484,0.06183093
2017,764,8463,0,0.4140325,0.4552417,0.1678062
2017,764,8464,0,0.44600654,0.47775006,0.1277607
2017,764,8466,0,0.10599278,0.12187627,0.15756169
2017,764,8467,0,0.13910645,0.09230491,-0.46307984
2017,764,8468,1,0.36531803,0.3516484,-0.059445687
2017,764,8470,0,0.18032332,0.16858704,-0.081515856
2017,764,8471,0,0.13045613,0.12468955,-0.051819783
2017,764,8472,1,0.18278815,0.19145432,0.05698269
2017,764,8473,0,0.1585252,0.11709101,-0.3510281
2017,764,8475,0,0.24865131,0.3029346,0.2724559
2017,764,8476,0,0.2693126,0.27067348,0.006904672
2017,764,8477,0,0.07737424,0.08506476,0.10312938
2017,764,8479,0,0.061272964,0.07083949,0.15532123
2017,764,8480,0,0.12224337,0.10086219,-0.21632582
2017,764,8481,0,0.038829394,0.038827054,-6.2640895e-05
2017,764,8482,0,0.051667236,0.044557143,-0.15552095
2017,764,8483,0,0.046475068,0.04840834,0.042785723
2017,764,8484,0,0.044985857,0.045418702,0.010029142
2017,764,8485,0,0.07950908,0.070643574,-0.1278093
2017,752,8401,0,0.570581,0.66241103,0.38983533
2017,752,8402,1,0.5831968,0.6387354,0.23396905
2017,752,8403,1,0.30610698,0.17543079,-0.7292333
2017,752,8404,0,0.1813497,0.258118,0.4514564
2017,752,8405,0,0.24233913,0.31718,0.37313604
2017,752,8406,0,0.6954409,0.75258625,0.28677264
2017,752,8407,0,0.25379944,0.24537139,-0.04500256
2017,752,8408,0,0.1301416,0.14965901,0.16242927
2017,752,8409,0,0.12745644,0.10185803,-0.25311047
2017,752,8410,0,0.22787744,0.2664532,0.20764254
2017,752,8412,0,0.04977567,0.05982502,0.19452974
2017,752,8413,0,0.08269159,0.06631914,-0.23833038
2017,752,8414,0,0.09970123,0.113565646,0.14572264
2017,752,8415,0,0.12335682,0.08110347,-0.4664288
2017,752,8416,0,0.1714081,0.18649305,0.102720015
2017,752,8417,0,0.29654676,0.35605502,0.27126843
2017,752,8418,0,0.07403168,0.06807714,-0.09026177
2017,752,8419,0,0.1444034,0.13752866,-0.056781255
2017,752,8420,0,0.18477508,0.20696141,0.1409852
2017,752,8421,0,0.068627454,0.06262101,-0.09802017
2017,752,8422,0,0.068004824,0.05449414,-0.2358781
2017,752,8423,0,0.13700096,0.11367975,-0.21326743
2017,752,8424,0,0.053415805,0.045306884,-0.17317781
2017,752,8425,0,0.14158747,0.13612582,-0.045680366
2017,752,8426,0,0.13959353,0.16806425,0.21926123
2017,752,8427,0,0.040077817,0.04523886,0.1265244
2017,752,8428,0,0.111012064,0.09671906,-0.15377842
2017,752,8429,0,0.051469073,0.065470606,0.25549144
2017,752,8430,0,0.15846631,0.20128737,0.29141656
2017,752,8431,0,0.03302853,0.03966563,0.1900008
2017,752,8432,0,0.06645423,0.050538313,-0.29068682
2017,752,8433,0,0.1337392,0.1044335,-0.28061166
2017,752,8434,0,0.09336615,0.10797,0.1615633
2017,752,8436,0,0.12276921,0.11763626,-0.048543148
2017,752,8437,0,0.28436527,0.34381157,0.2765562
2017,752,8438,0,0.110756025,0.10948472,-0.012973384
2017,752,8439,0,0.23134136,0.28142592,0.26335314
2017,752,8440,0,0.18304391,0.2262395,0.26619112
2017,752,8441,0,0.14575382,0.13108617,-0.123088755
2017,752,8442,0,0.26276904,0.27104208,0.04228383
2017,752,8443,0,0.07192121,0.09570102,0.31161425
2017,752,8447,0,0.8603325,0.72491163,-0.8490969
2017,752,8448,0,0.16875902,0.13703212,-0.24571407
2017,752,8449,0,0.63175863,0.6365114,0.020485643
2017,752,8450,0,0.1518612,0.13176593,-0.16535683
2017,752,8451,0,0.18639219,0.15399876,-0.22995086
2017,752,8452,0,0.33876073,0.2799647,-0.2758151
2017,752,8453,1,0.5474472,0.66048807,0.47510844
2017,752,8454,0,0.24927066,0.29263127,0.21986729
2017,752,8455,0,0.16959816,0.21689974,0.3046524
2017,752,8456,1,0.15534174,0.11167022,-0.3804882
2017,752,8458,0,0.17336491,0.17986919,0.044730548
2017,752,8459,0,0.2757315,0.32731968,0.24540175
2017,752,8460,0,0.13302727,0.15255994,0.15979089
2017,752,8461,1,0.6275239,0.6822129,0.24235131
2017,752,8462,0,0.12479944,0.14320515,0.15882479
2017,752,8463,0,0.19246629,0.23026162,0.22722937
2017,752,8464,0,0.10738533,0.11886025,0.114463665
2017,752,8465,0,0.25868258,0.25997236,0.0067148893
2017,752,8466,0,0.04162684,0.047157325,0.13053165
2017,752,8467,0,0.094256565,0.08058212,-0.17172842
2017,752,8468,0,0.2586815,0.23219162,-0.14314438
2017,752,8470,0,0.2780399,0.25912738,-0.09630371
2017,752,8471,0,0.072702385,0.08161516,0.12529877
2017,752,8472,1,0.09639901,0.1006301,0.04764882
2017,752,8473,0,0.24348038,0.21360664,-0.16962877
2017,752,8474,0,0.12345365,0.13756081,0.12442531
2017,752,8475,0,0.29072675,0.37698844,0.38950646
2017,752,8476,0,0.348221,0.3023857,-0.20909482
2017,752,8477,0,0.1011775,0.10211736,0.010292566
2017,752,8478,0,0.3062693,0.3604995,0.24442229
2017,752,8479,0,0.06256278,0.07832855,0.24170251
2017,752,8480,0,0.1528206,0.15395702,0.008751085
2017,752,8481,0,0.06866415,0.056468304,-0.20855749
2017,752,8482,0,0.036617555,0.030150732,-0.20100889
2017,752,8483,0,0.061726633,0.05611195,-0.10133301
2017,752,8484,0,0.066930376,0.059919067,-0.11814418
2017,752,8485,1,0.06742352,0.06929753,0.029426824
2017,372,8403,0,0.2697329,0.14390792,-0.7872262
2017,372,8406,0,0.5225474,0.72570634,0.88269556
2017,372,8407,1,0.2361257,0.24280687,0.036686946
2017,372,8409,0,0.14389633,0.11825865,-0.22572616
2017,372,8411,0,0.16443723,0.17067248,0.0447078
2017,372,8412,0,0.29047498,0.29296616,0.01205688
2017,372,8413,0,0.16223091,0.11622756,-0.38692772
2017,372,8414,0,0.09568428,0.13328922,0.37394056
2017,372,8415,0,0.1673802,0.12426625,-0.3483265
2017,372,8418,0,0.13347235,0.1018717,-0.30599916
2017,372,8419,1,0.5322195,0.44663882,-0.34331736
2017,372,8421,0,0.15568665,0.14747621,-0.06385588
2017,372,8422,0,0.1740592,0.13169596,-0.3289185
2017,372,8423,0,0.5662947,0.36737895,-0.81022716
2017,372,8424,0,0.16070601,0.14055549,-0.15769958
2017,372,8425,0,0.23016565,0.22947396,-0.0039076745
2017,372,8427,0,0.112127416,0.11495632,0.028107526
2017,372,8428,0,0.19522187,0.15316832,-0.29353464
2017,372,8429,0,0.20879498,0.24545413,0.20919831
2017,372,8430,0,0.4447308,0.5040849,0.23832378
2017,372,8432,0,0.13758455,0.08968211,-0.48202395
2017,372,8433,0,0.13093075,0.11118477,-0.18594183
2017,372,8434,0,0.2615023,0.28989357,0.1422739
2017,372,8436,0,0.27132052,0.23885278,-0.17104635
2017,372,8437,0,0.34850213,0.43759173,0.37468806
2017,372,8438,0,0.37829506,0.29683337,-0.36563176
2017,372,8441,0,0.23943786,0.24708782,0.041559238
2017,372,8442,1,0.72399116,0.7185763,-0.02693571
2017,372,8443,0,0.10095369,0.15748395,0.5096035
2017,372,8448,0,0.22273792,0.14280097,-0.5424364
2017,372,8450,0,0.27637562,0.2622225,-0.07193747
2017,372,8451,0,0.18913288,0.16573219,-0.16052689
2017,372,8456,1,0.5118475,0.4358991,-0.30522114
2017,372,8457,1,0.7642508,0.6843458,-0.4023113
2017,372,8459,1,0.6565324,0.7359952,0.3773772
2017,372,8460,1,0.3982793,0.2850524,-0.5068965
2017,372,8461,1,0.5040533,0.50424904,0.0007828558
2017,372,8462,0,0.23951791,0.19375277,-0.2704831
2017,372,8463,0,0.51158416,0.49163184,-0.07982069
2017,372,8465,0,0.21731177,0.2145125,-0.016535185
2017,372,8466,0,0.10833618,0.10553925,-0.029288061
2017,372,8467,0,0.19001105,0.18703865,-0.019429814
2017,372,8468,0,0.26860166,0.159571,-0.6596946
2017,372,8470,0,0.5995309,0.5836913,-0.06556572
2017,372,8471,0,0.04763342,0.04911215,0.03212575
2017,372,8472,0,0.3325399,0.27242702,-0.28562382
2017,372,8473,0,0.11821915,0.0986187,-0.20326407
2017,372,8474,0,0.25659266,0.28632054,0.15043229
2017,372,8475,1,0.40700266,0.48177376,0.30343303
2017,372,8477,0,0.13415952,0.1364492,0.01957081
2017,372,8478,1,0.73988116,0.7247779,-0.07706421
2017,372,8479,0,0.079485565,0.086869024,0.09687948
2017,372,8480,0,0.20365436,0.18456869,-0.12208637
2017,372,8481,1,0.15525186,0.11994106,-0.29899842
2017,372,8484,0,0.16720241,0.12336027,-0.35540152
2017,372,8485,0,0.20986381,0.22557752,0.09229281
2017,40,8401,0,0.22728328,0.23142208,0.023416575
2017,40,8402,0,0.18557994,0.24509096,0.35402268
2017,40,8403,0,0.15134731,0.095162235,-0.52809966
2017,40,8404,1,0.37150785,0.4256863,0.22628042
2017,40,8405,0,0.2157502,0.28467909,0.3692377
2017,40,8406,0,0.27076134,0.3465985,0.35673863
2017,40,8407,0,0.0988775,0.09845332,-0.0047698105
2017,40,8408,0,0.11986948,0.16488883,0.37137344
2017,40,8409,0,0.076625146,0.09089775,0.18638743
2017,40,8411,0,0.13196844,0.1245371,-0.06648371
2017,40,8412,0,0.124904126,0.13267934,0.06931351
2017,40,8413,0,0.07529854,0.05538026,-0.3285492
2017,40,8414,0,0.05101517,0.076407924,0.43108556
2017,40,8415,0,0.17266017,0.13138759,-0.32185513
2017,40,8416,0,0.21579665,0.20251037,-0.080345854
2017,40,8417,0,0.17529821,0.20908162,0.21806325
2017,40,8418,0,0.12481915,0.09302331,-0.32970217
2017,40,8419,0,0.12973313,0.1095205,-0.19232792
2017,40,8420,1,0.22999208,0.24683475,0.09279038
2017,40,8421,0,0.11265342,0.10905605,-0.036500048
2017,40,8422,0,0.1898239,0.13068123,-0.44379398
2017,40,8423,0,0.091311015,0.06861926,-0.31036353
2017,40,8424,0,0.067345686,0.060092293,-0.121704325
2017,40,8425,0,0.1972429,0.18459834,-0.081882246
2017,40,8426,0,0.117881715,0.13313195,0.13909855
2017,40,8427,0,0.12410617,0.11298163,-0.10653272
2017,40,8428,0,0.14351943,0.11407979,-0.26336765
2017,40,8429,0,0.102649115,0.1209437,0.18460669
2017,40,8430,0,0.13228418,0.15287057,0.16864991
2017,40,8431,0,0.035685033,0.04166715,0.16120449
2017,40,8432,0,0.061172448,0.038553413,-0.48545957
2017,40,8433,0,0.11745786,0.09398203,-0.24922854
2017,40,8434,0,0.14059064,0.14284894,0.018566513
2017,40,8435,0,0.26875567,0.28196582,0.066213526
2017,40,8436,0,0.1581533,0.15169276,-0.049352705
2017,40,8437,0,0.14892483,0.1424241,-0.05224153
2017,40,8438,0,0.06076137,0.076339364,0.24495926
2017,40,8439,0,0.18721393,0.21823438,0.19223055
2017,40,8440,0,0.18551742,0.25648442,0.41508248
2017,40,8441,1,0.62013966,0.571212,-0.20334333
2017,40,8442,0,0.17133778,0.16397479,-0.05277032
2017,40,8443,0,0.049555033,0.06401799,0.27141434
2017,40,8444,0,0.27610844,0.5382077,1.1169773
2017,40,8445,0,0.15543935,0.18829758,0.2314508
2017,40,8446,0,0.3575474,0.3231792,-0.15317445
2017,40,8448,0,0.17805812,0.15858252,-0.13925318
2017,40,8449,0,0.26648298,0.23438324,-0.17118374
2017,40,8450,0,0.30124083,0.2658744,-0.17426011
2017,40,8451,0,0.09929627,0.08222346,-0.207445
2017,40,8452,1,0.44567353,0.38936713,-0.23180619
2017,40,8453,1,0.21588704,0.27804306,0.33560824
2017,40,8454,1,0.16675249,0.20128916,0.23056355
2017,40,8455,0,0.19233406,0.25777826,0.37736657
2017,40,8456,0,0.096374534,0.07348349,-0.29619804
2017,40,8457,0,0.24739283,0.2836061,0.18592212
2017,40,8458,0,0.19185925,0.18514231,-0.043914475
2017,40,8459,0,0.24311458,0.26639575,0.12269233
2017,40,8460,0,0.12468353,0.1524391,0.23320921
2017,40,8461,0,0.13185698,0.16782174,0.28349435
2017,40,8462,0,0.10885782,0.110190675,0.013666471
2017,40,8463,0,0.26953447,0.2926535,0.11445447
2017,40,8464,0,0.17178413,0.19371343,0.14697587
2017,40,8465,0,0.12325718,0.10565212,-0.17400225
2017,40,8466,0,0.053601492,0.060303442,0.12491901
2017,40,8467,0,0.124097265,0.09580535,-0.2905367
2017,40,8468,0,0.16288969,0.18899906,0.18035544
2017,40,8470,0,0.37728876,0.3177128,-0.26323077
2017,40,8471,0,0.03793336,0.0410562,0.082362086
2017,40,8472,0,0.13582864,0.12750335,-0.07283908
2017,40,8473,0,0.089259274,0.075392455,-0.18394913
2017,40,8474,0,0.21435487,0.20461117,-0.058847375
2017,40,8475,0,0.3014248,0.38790518,0.3843961
2017,40,8476,1,0.18399586,0.15245625,-0.22595872
2017,40,8477,0,0.057705328,0.06710672,0.16096188
2017,40,8478,0,0.38601157,0.3857688,-0.0010244602
2017,40,8479,0,0.041409463,0.0524593,0.24812248
2017,40,8480,0,0.105270766,0.08671269,-0.214465
2017,40,8481,0,0.056611937,0.04654249,-0.20647128
2017,40,8482,0,0.09073991,0.06905249,-0.29670206
2017,40,8483,0,0.08961691,0.07795498,-0.15214099
2017,40,8484,0,0.096663006,0.08402835,-0.15396622
2017,40,8485,0,0.10304664,0.11397171,0.1130236
2017,724,8401,0,0.31026253,0.49065012,0.7614883
2017,724,8402,0,0.2630226,0.31600592,0.25812903
2017,724,8403,0,0.21330018,0.1399812,-0.51029986
2017,724,8404,0,0.23142116,0.3271175,0.47905266
2017,724,8405,0,0.21661754,0.2923429,0.40145558
2017,724,8407,0,0.10536066,0.120212704,0.14861389
2017,724,8408,0,0.14267972,0.14863046,0.047825973
2017,724,8409,0,0.048033763,0.046893984,-0.025211299
2017,724,8410,0,0.15790932,0.24972436,0.5737839
2017,724,8411,0,0.1118862,0.109917305,-0.019968433
2017,724,8412,0,0.18706433,0.21045497,0.14701425
2017,724,8413,0,0.068604626,0.055144686,-0.23274755
2017,724,8414,0,0.07441124,0.078898266,0.06341182
2017,724,8415,0,0.12016016,0.07412399,-0.5340868
2017,724,8416,0,0.19606727,0.20127891,0.03273765
2017,724,8417,0,0.15659866,0.18992075,0.23323159
2017,724,8418,0,0.123387605,0.094455756,-0.2996704
2017,724,8419,0,0.13035098,0.12327368,-0.063928835
2017,724,8420,0,0.10794118,0.14632788,0.34824833
2017,724,8421,0,0.09137163,0.081478976,-0.12541859
2017,724,8422,0,0.060164873,0.050853807,-0.17799212
2017,724,8423,0,0.13579006,0.11371011,-0.20268603
2017,724,8424,0,0.071923375,0.052052554,-0.34453213
2017,724,8425,0,0.1211547,0.115535505,-0.053863864
2017,724,8426,0,0.14949802,0.1759839,0.19474617
2017,724,8427,0,0.059887666,0.053056456,-0.128354
2017,724,8428,0,0.11440604,0.10030877,-0.14729387
2017,724,8430,0,0.14889292,0.18821193,0.2816399
2017,724,8431,0,0.032368653,0.036925714,0.13643846
2017,724,8432,0,0.068032846,0.04381613,-0.46564123
2017,724,8433,0,0.15695664,0.13932398,-0.13986728
2017,724,8434,0,0.1207397,0.16504061,0.36425242
2017,724,8435,0,0.24300167,0.20521589,-0.21771532
2017,724,8436,0,0.07708164,0.06913694,-0.11734737
2017,724,8437,0,0.15938875,0.16878363,0.06851063
2017,724,8438,0,0.08874133,0.086104445,-0.033054035
2017,724,8439,0,0.26315776,0.29594302,0.1629278
2017,724,8440,1,0.43622428,0.3856008,-0.20934236
2017,724,8441,0,0.1290689,0.12189172,-0.06542031
2017,724,8442,0,0.23913191,0.23886788,-0.0014515939
2017,724,8443,0,0.03515243,0.044439156,0.24409896
2017,724,8444,0,0.33441854,0.46275204,0.53899944
2017,724,8445,0,0.13694434,0.18858702,0.381687
2017,724,8446,0,0.31869298,0.40986112,0.39524525
2017,724,8447,0,0.14412326,0.15931085,0.1180928
2017,724,8448,0,0.06795163,0.07050175,0.039581235
2017,724,8449,0,0.67350274,0.60738754,-0.2877265
2017,724,8450,0,0.20354174,0.117221296,-0.6547074
2017,724,8451,0,0.09934085,0.086593516,-0.15138607
2017,724,8452,0,0.17903791,0.16894588,-0.070237175
2017,724,8453,0,0.14357585,0.1538054,0.0808411
2017,724,8454,0,0.30888158,0.32899928,0.09263853
2017,724,8455,0,0.32526687,0.35850185,0.14779882
2017,724,8456,0,0.16794106,0.13875368,-0.22539003
2017,724,8457,0,0.13898581,0.16554098,0.20617439
2017,724,8458,0,0.07269744,0.095060416,0.2926184
2017,724,8459,0,0.15982297,0.21329667,0.35437864
2017,724,8460,0,0.11761911,0.13100025,0.12302866
2017,724,8461,0,0.11394373,0.15064006,0.3214859
2017,724,8462,0,0.086362295,0.10082298,0.17076926
2017,724,8463,0,0.17835015,0.19757576,0.12605035
2017,724,8464,0,0.05780156,0.070754744,0.21604715
2017,724,8465,0,0.09215083,0.08474648,-0.091885336
2017,724,8466,0,0.035064824,0.036786307,0.049712848
2017,724,8467,0,0.20747234,0.17527345,-0.20847523
2017,724,8468,0,0.20538953,0.2106128,0.03170809
2017,724,8470,0,0.3028409,0.28602758,-0.08095015
2017,724,8471,0,0.06661504,0.050403547,-0.29608822
2017,724,8472,0,0.07629791,0.09575796,0.24847071
2017,724,8473,0,0.09591466,0.076231815,-0.25121742
2017,724,8474,0,0.19684611,0.20729662,0.06482573
2017,724,8475,0,0.41537434,0.50994235,0.38156638
2017,724,8476,0,0.20912209,0.1622409,-0.31142303
2017,724,8477,0,0.08671752,0.099637,0.15312487
2017,724,8478,1,0.32190818,0.4313106,0.46851048
2017,724,8479,0,0.037933882,0.04112781,0.084165126
2017,724,8480,0,0.10719307,0.11041607,0.03324045
2017,724,8481,0,0.072023444,0.056969047,-0.2505762
2017,724,8482,0,0.07054,0.040823326,-0.5783979
2017,724,8483,0,0.11001766,0.09056967,-0.21613826
2017,724,8484,0,0.106340036,0.09444365,-0.13186254
2018,842,8401,0,0.20693931,0.44702256,1.130766
2018,842,8402,0,0.16545704,0.20497888,0.26271078
2018,842,8403,0,0.11087279,0.20421676,0.72171193
2018,842,8404,1,0.217282,0.26461595,0.25946298
2018,842,8405,0,0.2121388,0.26417828,0.2877173
2018,842,8406,0,0.121805735,0.173792,0.4164531
2018,842,8407,0,0.12815805,0.1478702,0.16593984
2018,842,8408,0,0.39005986,0.49648896,0.4330162
2018,842,8409,0,0.11303664,0.1024665,-0.11002284
2018,842,8410,1,0.20026375,0.2867908,0.473625
2018,842,8411,0,0.090122595,0.10509108,0.17024444
2018,842,8412,0,0.06370925,0.07797974,0.21747832
2018,842,8413,0,0.12797214,0.10472787,-0.22675374
2018,842,8414,0,0.11217574,0.094764285,-0.18809582
2018,842,8415,0,0.117804624,0.09324392,-0.26126853
2018,842,8416,0,0.19456463,0.21388656,0.11896322
2018,842,8417,0,0.12229229,0.1639585,0.34183472
2018,842,8418,0,0.12836784,0.07681131,-0.5710141
2018,842,8419,0,0.13088065,0.15825054,0.22189175
2018,842,8420,1,0.15038994,0.17047939,0.14931235
2018,842,8421,0,0.10220414,0.08758413,-0.17052552
2018,842,8422,0,0.10054568,0.09909882,-0.016101934
2018,842,8423,0,0.16278906,0.149105,-0.10401717
2018,842,8424,0,0.100362815,0.08138269,-0.23050722
2018,842,8425,0,0.11541892,0.12222742,0.06504188
2018,842,8426,0,0.09736787,0.13363518,0.35762614
2018,842,8427,0,0.08358461,0.07367905,-0.13689196
2018,842,8428,0,0.1519716,0.12023615,-0.2709753
2018,842,8429,0,0.06569656,0.08251137,0.24605055
2018,842,8430,0,0.096183635,0.13359824,0.37085533
2018,842,8431,0,0.0540239,0.06165109,0.14015993
2018,842,8432,0,0.14417027,0.1331711,-0.09213038
2018,842,8433,0,0.109191604,0.10455863,-0.048543487
2018,842,8434,0,0.14369375,0.18301405,0.28888488
2018,842,8435,1,0.24834652,0.29399619,0.23139657
2018,842,8436,0,0.10860724,0.09242317,-0.17935339
2018,842,8437,0,0.48192078,0.44484302,-0.14918092
2018,842,8438,0,0.08785221,0.106680505,0.2150402
2018,842,8439,0,0.16930322,0.22339849,0.34460327
2018,842,8440,0,0.13432172,0.20601508,0.5141604
2018,842,8441,0,0.13420497,0.11019362,-0.22448485
2018,842,8442,0,0.26209283,0.28053793,0.09332438
2018,842,8443,0,0.02731611,0.036832344,0.30873135
2018,842,8444,0,0.19410267,0.30501053,0.6000186
2018,842,8445,0,0.1720547,0.24295577,0.43459237
2018,842,8446,0,0.27145913,0.2979975,0.1303802
2018,842,8449,0,0.24945064,0.30679396,0.2863935
2018,842,8450,0,0.14376062,0.105522305,-0.35291725
2018,842,8451,0,0.106465735,0.09998384,-0.0700425
2018,842,8453,0,0.15350261,0.24153553,0.5631101
2018,842,8454,0,0.11628937,0.16673297,0.41908738
2018,842,8455,0,0.14132574,0.19714172,0.40006685
2018,842,8456,1,0.09776491,0.06824985,-0.39158008
2018,842,8457,0,0.13764279,0.16016376,0.17799763
2018,842,8458,0,0.10805197,0.13901316,0.28728488
2018,842,8459,0,0.13291197,0.18215424,0.37363353
2018,842,8460,0,0.069277346,0.111288354,0.5201951
2018,842,8461,1,0.094455615,0.11971631,0.26528695
2018,842,8462,0,0.07115053,0.08693939,0.21755788
2018,842,8463,0,0.14218113,0.16639055,0.18586388
2018,842,8464,0,0.12321142,0.17557904,0.41577226
2018,842,8465,0,0.11419385,0.096252725,-0.19097182
2018,842,8466,0,0.03155855,0.03995679,0.2446636
2018,842,8467,0,0.13837953,0.12293594,-0.13610187
2018,842,8468,0,0.12616779,0.1937318,0.509334
2018,842,8470,0,0.20162857,0.15437949,-0.32451025
2018,842,8471,0,0.031256665,0.02345546,-0.29515013
2018,842,8472,0,0.07044774,0.08838718,0.24634326
2018,842,8473,0,0.08089993,0.10711473,0.30962446
2018,842,8474,0,0.15060677,0.21220547,0.41816774
2018,842,8475,0,0.14776547,0.17942543,0.2319903
2018,842,8476,0,0.14701691,0.101647384,-0.42086077
2018,842,8477,0,0.09171713,0.1299044,0.39104247
2018,842,8478,0,0.27117687,0.39223605,0.5507371
2018,842,8479,0,0.056787945,0.06642866,0.16707817
2018,842,8480,0,0.14295316,0.13120049,-0.09941015
2018,842,8481,0,0.08304092,0.06283568,-0.30060622
2018,842,8482,0,0.09302511,0.09517822,0.025258334
2018,842,8483,0,0.08832699,0.08641075,-0.024033424
2018,842,8484,0,0.09863151,0.08400721,-0.17658238
2018,842,8485,0,0.077983774,0.07552977,-0.034631886
2018,276,8401,1,0.45195654,0.58508354,0.5364459
2018,276,8402,1,0.17105438,0.21646425,0.29178172
2018,276,8403,0,0.06670597,0.05663753,-0.17435293
2018,276,8404,0,0.10434182,0.14406753,0.3679771
2018,276,8405,0,0.26464206,0.35564214,0.42765003
2018,276,8406,0,0.14187686,0.1913493,0.35852158
2018,276,8407,0,0.111655235,0.13651212,0.22937746
2018,276,8408,0,0.13795134,0.18753031,0.3662725
2018,276,8409,0,0.075591005,0.08157622,0.08269628
2018,276,8411,0,0.08336414,0.092430696,0.11318144
2018,276,8412,0,0.071585685,0.08274774,0.15699717
2018,276,8413,0,0.08280784,0.073222846,-0.13341147
2018,276,8414,0,0.07436703,0.07448321,0.0016866312
2018,276,8415,0,0.1054152,0.08025039,-0.30049697
2018,276,8416,0,0.11132964,0.1411025,0.27106792
2018,276,8417,0,0.08950763,0.11626636,0.2913897
2018,276,8418,0,0.08990139,0.06189545,-0.40357524
2018,276,8419,0,0.091042906,0.10107927,0.11567712
2018,276,8420,0,0.091916814,0.13467333,0.43019697
2018,276,8421,0,0.058673497,0.053392697,-0.09990836
2018,276,8422,0,0.090295225,0.06858938,-0.29852688
2018,276,8423,0,0.12701784,0.100784615,-0.26094934
2018,276,8424,0,0.0570244,0.0454771,-0.23844178
2018,276,8425,0,0.10872184,0.1180463,0.09280138
2018,276,8426,0,0.058475852,0.08433948,0.39409047
2018,276,8427,0,0.089901835,0.08861536,-0.015825633
2018,276,8428,0,0.065835916,0.06570756,-0.0020890625
2018,276,8429,0,0.035932187,0.046094194,0.2596502
2018,276,8430,0,0.07977307,0.10478724,0.3003048
2018,276,8431,0,0.029010756,0.04148431,0.3705781
2018,276,8432,0,0.07254764,0.070713826,-0.027577715
2018,276,8433,0,0.094711855,0.0846029,-0.1239752
2018,276,8434,0,0.082458995,0.11128626,0.33172676
2018,276,8435,0,0.15766568,0.15932207,0.012419331
2018,276,8436,0,0.08475723,0.08597535,0.015601511
2018,276,8437,0,0.14081047,0.17254658,0.2408892
2018,276,8438,0,0.07611577,0.08334355,0.09856953
2018,276,8439,0,0.13951044,0.1794565,0.29932797
2018,276,8440,0,0.09423871,0.12567018,0.32314786
2018,276,8441,0,0.09676517,0.08613496,-0.12807205
2018,276,8442,0,0.13259245,0.14522195,0.10565018
2018,276,8443,0,0.03992287,0.052750606,0.29207712
2018,276,8444,0,0.61133534,0.6443967,0.14156997
2018,276,8445,1,0.35926834,0.4343831,0.31455097
2018,276,8446,1,0.26777872,0.2798454,0.060693063
2018,276,8447,1,0.4422065,0.43735272,-0.019701093
2018,276,8448,1,0.05501959,0.054453216,-0.010946396
2018,276,8449,0,0.20729755,0.31424665,0.56095284
2018,276,8450,0,0.14542235,0.093379855,-0.50208294
2018,276,8451,0,0.070230104,0.060956888,-0.15153435
2018,276,8452,0,0.053363718,0.060666703,0.1360086
2018,276,8453,1,0.13300568,0.1628557,0.2375086
2018,276,8454,0,0.11661644,0.17127475,0.44824964
2018,276,8455,0,0.14530012,0.19996132,0.38541293
2018,276,8456,0,0.06529943,0.05932381,-0.10234521
2018,276,8457,0,0.14260928,0.16798994,0.19384468
2018,276,8458,0,0.063023634,0.08477615,0.31999376
2018,276,8459,0,0.06841118,0.08946528,0.29117385
2018,276,8460,0,0.047332168,0.06307975,0.3038777
2018,276,8461,0,0.07099606,0.10734364,0.45332223
2018,276,8462,0,0.044644117,0.070814416,0.48911557
2018,276,8463,0,0.09405503,0.13423477,0.40107512
2018,276,8464,0,0.057234675,0.08091251,0.3716445
2018,276,8465,0,0.06433759,0.059801314,-0.07795297
2018,276,8466,0,0.024453124,0.03595037,0.3972368
2018,276,8467,0,0.12469779,0.10712498,-0.17177442
2018,276,8468,0,0.17316252,0.19877623,0.16941704
2018,276,8470,0,0.22009529,0.17134812,-0.31099162
2018,276,8471,0,0.03410352,0.024799734,-0.32815382
2018,276,8472,0,0.056781597,0.07578706,0.30907065
2018,276,8473,0,0.11732681,0.15190086,0.29822236
2018,276,8474,0,0.092394575,0.12201698,0.31127444
2018,276,8475,0,0.107778795,0.143387,0.32619423
2018,276,8476,0,0.1729097,0.1559506,-0.12352734
2018,276,8477,0,0.06446506,0.074331194,0.15300943
2018,276,8478,1,0.088552564,0.13116981,0.4407827
2018,276,8479,0,0.05324612,0.060952578,0.14334431
2018,276,8480,0,0.083948046,0.08489528,0.012254939
2018,276,8481,0,0.07590146,0.058698043,-0.27547488
2018,276,8482,0,0.048234846,0.051903006,0.07715663
2018,276,8483,0,0.047672957,0.047844075,0.0037627278
2018,276,8484,0,0.08834513,0.07202336,-0.22200553
2018,276,8485,0,0.08552588,0.09514019,0.11710177
2018,392,8401,0,0.33045673,0.33384198,0.015261032
2018,392,8402,1,0.31590524,0.33618444,0.092309766
2018,392,8403,0,0.24572289,0.2752193,0.15325437
2018,392,8404,1,0.25470388,0.27761257,0.11734497
2018,392,8406,1,0.1323073,0.17500857,0.3301723
2018,392,8407,0,0.05925125,0.072097294,0.20997877
2018,392,8408,0,0.07480947,0.09668381,0.28042838
2018,392,8409,0,0.048076995,0.059201233,0.21989353
2018,392,8411,0,0.112234525,0.11502024,0.027660087
2018,392,8412,0,0.0738621,0.07064467,-0.048005
2018,392,8413,0,0.06439112,0.05724075,-0.12532303
2018,392,8414,0,0.050578326,0.054818247,0.084975645
2018,392,8415,0,0.07215831,0.05886355,-0.21786746
2018,392,8416,0,0.14764678,0.17069507,0.17246908
2018,392,8417,0,0.16288693,0.22030842,0.37303287
2018,392,8418,0,0.086799115,0.062459048,-0.35538983
2018,392,8419,0,0.06733317,0.08944291,0.307939
2018,392,8420,1,0.22858433,0.30150348,0.37617353
2018,392,8421,0,0.04529646,0.03899089,-0.15648389
2018,392,8422,0,0.06256042,0.056971043,-0.09953436
2018,392,8423,0,0.15393831,0.09705861,-0.5263024
2018,392,8424,0,0.06438854,0.0464486,-0.3455825
2018,392,8425,0,0.081159085,0.08119072,0.00042412133
2018,392,8426,0,0.07782097,0.09878698,0.26155245
2018,392,8427,0,0.03351686,0.044550434,0.29605514
2018,392,8428,0,0.08991729,0.07756965,-0.16119017
2018,392,8429,0,0.041858807,0.05982438,0.37603945
2018,392,8430,0,0.0775767,0.11454159,0.4305697
2018,392,8431,0,0.033760633,0.041873235,0.22378312
2018,392,8432,0,0.09885042,0.102355756,0.038744222
2018,392,8433,0,0.13307051,0.09273651,-0.40659204
2018,392,8434,0,0.12346094,0.17614603,0.4173765
2018,392,8435,0,0.3163201,0.3885477,0.31731415
2018,392,8437,1,0.23916979,0.2558577,0.08962562
2018,392,8438,0,0.07069412,0.09570607,0.33020288
2018,392,8439,0,0.18733753,0.197523,0.06555571
2018,392,8440,0,0.15781152,0.20467593,0.3172807
2018,392,8441,0,0.09658739,0.098331235,0.019825704
2018,392,8442,0,0.22740617,0.18215051,-0.27882922
2018,392,8443,0,0.03463978,0.044849057,0.26893187
2018,392,8444,0,0.26747012,0.29287642,0.12604156
2018,392,8445,1,0.23830904,0.2544241,0.08681836
2018,392,8446,0,0.26446453,0.33206776,0.32404393
2018,392,8447,1,0.34539625,0.3867726,0.17843887
2018,392,8448,0,0.08156463,0.07089624,-0.15172724
2018,392,8449,0,0.2215594,0.28551567,0.33933783
2018,392,8450,0,0.20292807,0.132177,-0.5137525
2018,392,8451,0,0.1068221,0.108131774,0.013653382
2018,392,8452,0,0.07851812,0.08713346,0.11350483
2018,392,8453,1,0.1548028,0.26862174,0.6957914
2018,392,8454,0,0.14598979,0.21808864,0.48956662
2018,392,8455,0,0.15520962,0.17197521,0.122619115
2018,392,8456,1,0.10504702,0.0774133,-0.33565968
2018,392,8457,1,0.12003428,0.1450826,0.21840397
2018,392,8458,0,0.10740634,0.14585759,0.35004503
2018,392,8459,0,0.077500746,0.1048354,0.33218285
2018,392,8460,0,0.081633024,0.1201895,0.42972627
2018,392,8461,0,0.096221864,0.13625877,0.39320984
2018,392,8462,0,0.07308405,0.09485745,0.2845354
2018,392,8463,0,0.13626531,0.16473185,0.22322793
2018,392,8464,1,0.19075446,0.23201188,0.24812973
2018,392,8465,0,0.07359382,0.06814051,-0.08285829
2018,392,8466,0,0.052170757,0.06461246,0.22709861
2018,392,8467,0,0.11401968,0.104074016,-0.10243185
2018,392,8468,0,0.25839436,0.34652403,0.4199772
2018,392,8470,1,0.41701367,0.37893984,-0.15900567
2018,392,8471,0,0.033521753,0.022262946,-0.4208528
2018,392,8472,0,0.06296486,0.07387482,0.17150675
2018,392,8473,0,0.09945285,0.14421014,0.4225656
2018,392,8474,0,0.06998621,0.089938596,0.27251622
2018,392,8475,1,0.198616,0.28238973,0.46232843
2018,392,8476,0,0.15449785,0.12690735,-0.22883396
2018,392,8477,0,0.07288084,0.093312964,0.2694181
2018,392,8478,0,0.34204036,0.5574287,0.884948
2018,392,8479,0,0.09036748,0.12263129,0.34141108
2018,392,8480,0,0.08636187,0.119896285,0.36547568
2018,392,8481,0,0.063931726,0.06458027,0.010786394
2018,392,8482,0,0.043683153,0.044826135,0.027024794
2018,392,8483,0,0.05289056,0.050422117,-0.050397914
2018,392,8484,0,0.03686735,0.039718505,0.0774556
2018,392,8485,0,0.0733485,0.08138308,0.112653635
2018,156,8401,1,0.37653828,0.40489188,0.119144484
2018,156,8402,0,0.06576916,0.089855865,0.33817646
2018,156,8403,0,0.09015894,0.10369971,0.15491964
2018,156,8404,1,0.14732203,0.18558256,0.27678785
2018,156,8405,0,0.072969064,0.12862818,0.6288085
2018,156,8407,0,0.057243913,0.06733814,0.1731704
2018,156,8408,0,0.04006804,0.06056664,0.43475074
2018,156,8409,0,0.055910934,0.059745647,0.070406504
2018,156,8411,0,0.08691662,0.10445112,0.20316024
2018,156,8412,0,0.048099652,0.056999102,0.17915356
2018,156,8413,0,0.06898569,0.07016707,0.0182498
2018,156,8414,0,0.06525443,0.07412442,0.13698545
2018,156,8415,0,0.079555735,0.07690139,-0.036813468
2018,156,8416,0,0.05990972,0.09652159,0.51665175
2018,156,8417,0,0.09000383,0.12604411,0.37719026
2018,156,8418,0,0.10177955,0.064077854,-0.5038271
2018,156,8419,0,0.28689465,0.24499345,-0.21498089
2018,156,8420,0,0.10205573,0.14061835,0.36442527
2018,156,8421,0,0.046660446,0.043088175,-0.08338839
2018,156,8422,0,0.04108931,0.03996752,-0.028850155
2018,156,8423,0,0.11324947,0.10326064,-0.103538506
2018,156,8424,0,0.060195502,0.05318506,-0.13125178
2018,156,8425,0,0.0848429,0.105659746,0.24243213
2018,156,8426,0,0.057209786,0.08037847,0.36490297
2018,156,8427,0,0.05877691,0.06495737,0.10657032
2018,156,8428,0,0.038402855,0.05126307,0.30230272
2018,156,8431,0,0.025149114,0.038185384,0.43109295
2018,156,8432,0,0.019108126,0.023552282,0.21364999
2018,156,8433,0,0.058588985,0.051482238,-0.13683061
2018,156,8434,1,0.052299827,0.07276608,0.3520892
2018,156,8436,0,0.034334794,0.040951047,0.18309337
2018,156,8439,0,0.12454305,0.1575785,0.2737378
2018,156,8440,0,0.10086213,0.13883545,0.3626857
2018,156,8441,0,0.045248397,0.047895264,0.059625678
2018,156,8442,0,0.101852,0.12612794,0.24117698
2018,156,8443,0,0.02307241,0.032928243,0.36583298
2018,156,8444,0,0.09811546,0.1620321,0.5751563
2018,156,8445,0,0.090691,0.11546739,0.26915544
2018,156,8446,0,0.14449748,0.25119436,0.68617445
2018,156,8447,0,0.21385357,0.30902418,0.49716625
2018,156,8448,0,0.037811223,0.03985526,0.054774914
2018,156,8449,0,0.15900588,0.24939191,0.5637853
2018,156,8450,0,0.13035837,0.109317936,-0.19993314
2018,156,8451,0,0.08495372,0.09570054,0.13093132
2018,156,8452,0,0.1681024,0.15587112,-0.090139635
2018,156,8453,0,0.065214716,0.12116934,0.6812287
2018,156,8454,0,0.3381249,0.31732866,-0.094414
2018,156,8455,0,0.07448398,0.09505737,0.2663762
2018,156,8456,0,0.037435636,0.030916948,-0.19806781
2018,156,8457,0,0.037698243,0.04965722,0.28803563
2018,156,8458,0,0.028204286,0.038673542,0.3265132
2018,156,8459,0,0.034507997,0.053214546,0.45270592
2018,156,8460,0,0.033048663,0.04151976,0.23698768
2018,156,8461,0,0.023143701,0.034865487,0.42184684
2018,156,8462,0,0.033385895,0.049161673,0.40343606
2018,156,8463,0,0.12514496,0.17609695,0.4015673
2018,156,8464,0,0.051847003,0.0794774,0.45674998
2018,156,8465,0,0.106618404,0.11213997,0.05669152
2018,156,8466,0,0.018240452,0.024631046,0.3068965
2018,156,8467,0,0.08711924,0.09687729,0.11691426
2018,156,8468,0,0.076367125,0.10028796,0.29873332
2018,156,8470,0,0.11643025,0.10829652,-0.0815828
2018,156,8471,0,0.030844444,0.025709478,-0.18738131
2018,156,8472,0,0.031222412,0.039106663,0.23332843
2018,156,8473,0,0.06923399,0.09530567,0.3480081
2018,156,8475,0,0.04967011,0.08271785,0.54542625
2018,156,8476,0,0.1102011,0.10270933,-0.07878837
2018,156,8477,0,0.059273515,0.07848433,0.30136886
2018,156,8478,0,0.074130215,0.11780812,0.511558
2018,156,8479,0,0.048016842,0.06047698,0.24388593
2018,156,8480,0,0.062725335,0.055906516,-0.12233334
2018,156,8481,0,0.058467075,0.0636631,0.09067529
2018,156,8482,0,0.043995198,0.047971994,0.09070538
2018,156,8483,0,0.05581349,0.05251878,-0.064328305
2018,156,8484,0,0.06194684,0.05548285,-0.11707005
2018,380,8401,0,0.28791472,0.62578166,1.4196954
2018,380,8402,1,0.2520664,0.314656,0.3091807
2018,380,8403,0,0.107507326,0.08574752,-0.25024033
2018,380,8404,0,0.148224,0.17388982,0.19029263
2018,380,8405,0,0.17145191,0.24659368,0.45850947
2018,380,8406,1,0.5300157,0.5643596,0.13866717
2018,380,8407,0,0.40484506,0.38492638,-0.083372466
2018,380,8408,1,0.23788144,0.282291,0.23120393
2018,380,8409,0,0.09714831,0.09581136,-0.015337299
2018,380,8411,0,0.12108757,0.13176619,0.0967393
2018,380,8412,0,0.10745124,0.094469465,-0.14320035
2018,380,8413,0,0.09336841,0.07574452,-0.22843935
2018,380,8414,0,0.08984975,0.07510852,-0.19527142
2018,380,8415,0,0.15785062,0.12206592,-0.29870197
2018,380,8416,0,0.12513855,0.13764447,0.109650396
2018,380,8417,0,0.40698266,0.45026848,0.17686701
2018,380,8418,0,0.09373958,0.065219596,-0.3937454
2018,380,8419,0,0.15507607,0.15888257,0.028764931
2018,380,8420,0,0.17941648,0.23981626,0.3666189
2018,380,8421,0,0.081144914,0.06568721,-0.2280151
2018,380,8422,0,0.08972708,0.069092505,-0.28374195
2018,380,8423,0,0.12728067,0.11219,-0.14334455
2018,380,8424,0,0.0858494,0.062466983,-0.34321317
2018,380,8425,0,0.1391,0.12704256,-0.104579456
2018,380,8426,0,0.068021856,0.0925642,0.33475992
2018,380,8427,0,0.06619887,0.060237944,-0.10072417
2018,380,8428,0,0.094737865,0.100459784,0.06498468
2018,380,8429,0,0.041330922,0.051020622,0.22077765
2018,380,8430,0,0.09581443,0.12821266,0.32776603
2018,380,8431,0,0.02943303,0.044967417,0.4399555
2018,380,8432,0,0.049106915,0.0479424,-0.02522351
2018,380,8433,0,0.08229409,0.07913197,-0.04262198
2018,380,8434,0,0.13097674,0.17354085,0.3316127
2018,380,8435,0,0.11251255,0.13078171,0.17126495
2018,380,8436,0,0.08158185,0.08104933,-0.0071285493
2018,380,8438,0,0.17323826,0.18415536,0.07440445
2018,380,8439,1,0.13851166,0.16557924,0.21041924
2018,380,8440,1,0.21312174,0.25344327,0.22587831
2018,380,8441,0,0.207327,0.17472136,-0.21141504
2018,380,8442,0,0.26496136,0.2450593,-0.10479993
2018,380,8443,0,0.035137206,0.0442013,0.23893219
2018,380,8444,0,0.20540038,0.2943118,0.47834352
2018,380,8445,0,0.20718858,0.2644428,0.3189527
2018,380,8446,1,0.22386332,0.19443314,-0.178165
2018,380,8447,0,0.50336856,0.4042662,-0.40119475
2018,380,8448,1,0.0734172,0.069516726,-0.058791574
2018,380,8449,0,0.2981914,0.39206088,0.41726747
2018,380,8450,0,0.1790091,0.13861017,-0.30380633
2018,380,8451,0,0.25931117,0.19277413,-0.3825325
2018,380,8453,1,0.0797478,0.087228626,0.09782572
2018,380,8454,0,0.15750149,0.22025539,0.41275832
2018,380,8455,0,0.101162046,0.116190635,0.15536991
2018,380,8456,0,0.041885424,0.03491241,-0.18934712
2018,380,8457,0,0.058124088,0.07106405,0.21483514
2018,380,8458,0,0.08895118,0.121600814,0.34915122
2018,380,8459,0,0.110701405,0.14943399,0.3445491
2018,380,8460,0,0.05226217,0.07367747,0.3662799
2018,380,8461,0,0.06774289,0.10282358,0.45565122
2018,380,8462,0,0.05717098,0.074688114,0.28602862
2018,380,8463,0,0.08493424,0.11766902,0.3624273
2018,380,8464,0,0.104497224,0.13421522,0.28403303
2018,380,8465,0,0.09451222,0.10035317,0.06643805
2018,380,8466,0,0.040822007,0.055265658,0.31810334
2018,380,8467,0,0.13662791,0.11464633,-0.20055057
2018,380,8468,0,0.2163687,0.21951808,0.018477822
2018,380,8470,0,0.24385324,0.24670357,0.015397494
2018,380,8471,0,0.048778445,0.036192283,-0.31158733
2018,380,8472,0,0.13302974,0.13311455,0.0007350809
2018,380,8473,0,0.10618076,0.13856408,0.30309287
2018,380,8474,0,0.4295866,0.42363262,-0.024340669
2018,380,8475,0,0.41079012,0.45014825,0.16062833
2018,380,8476,0,0.1317007,0.1227539,-0.08060145
2018,380,8477,0,0.102948196,0.13115238,0.2740797
2018,380,8478,0,0.1306062,0.172384,0.32678476
2018,380,8479,0,0.06400664,0.061520454,-0.042269986
2018,380,8480,1,0.12745735,0.0956513,-0.32287595
2018,380,8481,0,0.08642841,0.068378866,-0.25381714
2018,380,8482,0,0.08626894,0.082438976,-0.049594212
2018,380,8483,0,0.11534075,0.104722194,-0.1085112
2018,380,8484,0,0.09626865,0.07593047,-0.25957996
2018,380,8485,0,0.10610241,0.14112571,0.32521498
2018,826,8401,1,0.6478971,0.7109803,0.29034168
2018,826,8402,0,0.102262236,0.13304947,0.29807666
2018,826,8403,0,0.23715574,0.21829562,-0.107289664
2018,826,8404,0,0.13016616,0.17320222,0.3363902
2018,826,8405,0,0.19028707,0.2515674,0.3578757
2018,826,8406,0,0.16574875,0.25131825,0.5244675
2018,826,8408,0,0.61009187,0.6123069,0.009321037
2018,826,8409,0,0.070687994,0.07345381,0.0413615
2018,826,8410,1,0.34288195,0.40419865,0.26247665
2018,826,8411,0,0.09747299,0.1337737,0.3576267
2018,826,8412,0,0.11081415,0.11627736,0.054286987
2018,826,8413,0,0.09200161,0.074286126,-0.23320447
2018,826,8414,0,0.085410744,0.0890476,0.0456837
2018,826,8415,0,0.11581804,0.09695494,-0.19888358
2018,826,8416,0,0.13930573,0.16578275,0.2052527
2018,826,8418,0,0.10671229,0.069077365,-0.47617668
2018,826,8419,0,0.106001176,0.11997534,0.1395907
2018,826,8420,1,0.16678101,0.23436673,0.4247988
2018,826,8421,0,0.08782879,0.07224668,-0.21224126
2018,826,8422,0,0.080070816,0.06175312,-0.27948335
2018,826,8423,0,0.121973455,0.096572004,-0.26203427
2018,826,8424,0,0.07551294,0.067518145,-0.12051827
2018,826,8425,0,0.16187075,0.15226993,-0.07253342
2018,826,8426,0,0.07494594,0.10339436,0.3530195
2018,826,8427,0,0.09362006,0.08767927,-0.07209221
2018,826,8428,0,0.08614789,0.09339406,0.088723265
2018,826,8429,0,0.028275,0.037848625,0.30151764
2018,826,8430,0,0.058433354,0.08135159,0.35553524
2018,826,8431,0,0.030645644,0.04242457,0.33746296
2018,826,8432,0,0.044616383,0.040667944,-0.0967854
2018,826,8433,0,0.16491883,0.13280441,-0.2543115
2018,826,8434,0,0.21542738,0.28423044,0.36894223
2018,826,8435,1,0.31624186,0.3991797,0.36221272
2018,826,8436,0,0.14353651,0.13064452,-0.109049916
2018,826,8437,0,0.087126635,0.10904285,0.24867927
2018,826,8438,0,0.05383054,0.06304332,0.16776574
2018,826,8439,0,0.1680972,0.21540822,0.30654472
2018,826,8440,0,0.16174686,0.20946687,0.31714568
2018,826,8441,1,0.13134135,0.09625664,-0.35037675
2018,826,8442,0,0.23832421,0.23198964,-0.03522142
2018,826,8443,1,0.044288315,0.06049888,0.3290113
2018,826,8444,1,0.3333619,0.44735464,0.48165372
2018,826,8445,1,0.17719732,0.23177549,0.3371396
2018,826,8446,1,0.8674164,0.83951604,-0.22367433
2018,826,8447,0,0.6236741,0.5521869,-0.29566175
2018,826,8448,0,0.08147232,0.058814105,-0.35025018
2018,826,8449,1,0.5870676,0.59497106,0.03269806
2018,826,8450,0,0.18177815,0.12950969,-0.4009545
2018,826,8451,0,0.13743171,0.10718747,-0.2830099
2018,826,8452,0,0.113990605,0.11466175,0.006628195
2018,826,8453,0,0.121039055,0.17495404,0.4317113
2018,826,8454,0,0.20561013,0.31378406,0.56910515
2018,826,8455,0,0.20027255,0.23691064,0.21489964
2018,826,8456,0,0.13597474,0.10976526,-0.24400827
2018,826,8457,1,0.19863209,0.23570804,0.21851005
2018,826,8458,0,0.13951628,0.17231429,0.24999988
2018,826,8459,0,0.17167473,0.23018661,0.3665467
2018,826,8460,0,0.07880503,0.08918802,0.13510518
2018,826,8461,0,0.14151213,0.17926075,0.2814231
2018,826,8462,0,0.05863916,0.08137433,0.35210493
2018,826,8463,0,0.14624667,0.19234943,0.32953167
2018,826,8464,0,0.14503706,0.18228886,0.27315226
2018,826,8465,1,0.24730167,0.3067273,0.29759124
2018,826,8466,0,0.050263576,0.05812036,0.15354224
2018,826,8467,0,0.09781973,0.0828935,-0.18197902
2018,826,8468,0,0.20075083,0.24520577,0.25726077
2018,826,8470,0,0.34167278,0.2705765,-0.33585092
2018,826,8471,0,0.030145368,0.023003643,-0.2777154
2018,826,8472,0,0.22950917,0.19974366,-0.17681253
2018,826,8473,0,0.09745426,0.11961694,0.22977363
2018,826,8474,0,0.11818242,0.1446629,0.23266642
2018,826,8475,0,0.10941231,0.14395832,0.3139629
2018,826,8476,0,0.15727443,0.11086359,-0.4033011
2018,826,8477,0,0.057216026,0.077797316,0.32934496
2018,826,8478,0,0.09012916,0.1404141,0.500204
2018,826,8479,0,0.08634149,0.0879399,0.02009449
2018,826,8480,0,0.15018587,0.13157383,-0.15397052
2018,826,8481,0,0.08615703,0.072004944,-0.19480437
2018,826,8482,0,0.07833779,0.073215194,-0.073169716
2018,826,8483,0,0.09669979,0.08644469,-0.12339533
2018,826,8484,0,0.0821122,0.071263835,-0.15344721
2018,826,8485,0,0.08114239,0.08476723,0.047656283
2018,251,8401,1,0.33405063,0.4171593,0.3554754
2018,251,8403,0,0.093376204,0.070051305,-0.31281048
2018,251,8404,0,0.2710623,0.29316127,0.109159864
2018,251,8407,0,0.1471086,0.1396628,-0.060632266
2018,251,8408,1,0.22902541,0.27495912,0.2442169
2018,251,8409,0,0.09818829,0.090802744,-0.08635381
2018,251,8411,0,0.14079678,0.15960911,0.14754857
2018,251,8412,0,0.21621867,0.1901445,-0.16123171
2018,251,8413,0,0.11620641,0.09340125,-0.24393964
2018,251,8414,0,0.114241116,0.092976585,-0.22968686
2018,251,8415,0,0.16566041,0.13811041,-0.21437325
2018,251,8416,0,0.20875715,0.20366947,-0.031082554
2018,251,8417,0,0.116135806,0.15833879,0.3589024
2018,251,8418,0,0.17487273,0.10209396,-0.62269264
2018,251,8419,0,0.13426557,0.14307323,0.07376253
2018,251,8420,0,0.15998872,0.18802133,0.19539337
2018,251,8421,0,0.08905706,0.070627436,-0.25188795
2018,251,8422,0,0.09731125,0.08345332,-0.16886233
2018,251,8424,0,0.14377931,0.11438513,-0.26246253
2018,251,8425,0,0.12352786,0.11751034,-0.056782518
2018,251,8426,0,0.100081004,0.13281049,0.31999055
2018,251,8427,0,0.057858612,0.057434794,-0.007801754
2018,251,8428,0,0.15222809,0.14392143,-0.065863
2018,251,8429,0,0.05350901,0.067119226,0.24110459
2018,251,8430,0,0.122425,0.1626404,0.33095178
2018,251,8431,0,0.03382763,0.049227525,0.39124256
2018,251,8432,0,0.04594499,0.039119158,-0.16796152
2018,251,8433,0,0.13533053,0.11573803,-0.17879704
2018,251,8434,1,0.27553266,0.3389226,0.29863122
2018,251,8435,0,0.13702795,0.15332669,0.13145334
2018,251,8436,0,0.10975846,0.109533064,-0.0023089573
2018,251,8438,0,0.09095481,0.09754774,0.07725801
2018,251,8439,0,0.14283825,0.18512014,0.3098781
2018,251,8440,0,0.34544778,0.3533924,0.034949344
2018,251,8441,0,0.17616175,0.14960343,-0.1951432
2018,251,8442,0,0.3174498,0.24975845,-0.3343846
2018,251,8443,0,0.03662356,0.053186703,0.39045915
2018,251,8444,1,0.5744685,0.5869976,0.051461063
2018,251,8445,0,0.30257204,0.37530634,0.32556114
2018,251,8446,1,0.5968134,0.5070457,-0.36402062
2018,251,8447,1,0.35853764,0.3197076,-0.173399
2018,251,8448,1,0.13082428,0.0808667,-0.53693885
2018,251,8449,0,0.2732912,0.29706997,0.116698354
2018,251,8450,1,0.25902802,0.1885628,-0.4083494
2018,251,8451,1,0.18050909,0.13067931,-0.3820636
2018,251,8453,0,0.1655309,0.20051129,0.23453596
2018,251,8454,0,0.48820376,0.5053278,0.0685059
2018,251,8455,0,0.18087995,0.20810972,0.17403975
2018,251,8456,0,0.13622993,0.08828455,-0.48780036
2018,251,8457,0,0.08667075,0.11117164,0.27615106
2018,251,8458,0,0.16542141,0.25156343,0.5281395
2018,251,8459,0,0.16799864,0.20239455,0.2284832
2018,251,8460,0,0.22818336,0.29918325,0.36740726
2018,251,8461,0,0.1235668,0.15759318,0.28283244
2018,251,8462,0,0.18541746,0.21538822,0.1873189
2018,251,8463,0,0.21757564,0.22804067,0.060442857
2018,251,8464,0,0.18117824,0.21220803,0.19671822
2018,251,8465,0,0.20085768,0.17341387,-0.18068065
2018,251,8466,0,0.032751426,0.05184883,0.47932735
2018,251,8467,0,0.21279559,0.1639115,-0.3212519
2018,251,8468,0,0.26505664,0.29722726,0.15931346
2018,251,8470,0,0.26658475,0.18864723,-0.4468043
2018,251,8471,0,0.028980993,0.022238608,-0.27173004
2018,251,8472,0,0.12842509,0.1319995,0.031561863
2018,251,8473,0,0.10122884,0.13635726,0.33776388
2018,251,8475,0,0.17614046,0.21393017,0.24132244
2018,251,8476,0,0.16290787,0.14374709,-0.14776114
2018,251,8477,0,0.123758465,0.15097713,0.23035233
2018,251,8478,1,0.33326194,0.45726496,0.5221101
2018,251,8479,0,0.098631375,0.09680327,-0.020734714
2018,251,8480,0,0.12582695,0.10450996,-0.20971781
2018,251,8481,0,0.10228818,0.08168504,-0.24761473
2018,251,8482,0,0.103879854,0.09303583,-0.12227857
2018,251,8483,0,0.10183198,0.0933866,-0.09593527
2018,251,8484,0,0.1341188,0.11038131,-0.2218303
2018,251,8485,0,0.13145436,0.13196963,0.0045054653
2018,490,8401,0,0.803983,0.81312835,0.059090342
2018,490,8402,0,0.15780209,0.26073107,0.6325011
2018,490,8403,0,0.15857174,0.20768824,0.32997683
2018,490,8404,0,0.19664803,0.23733695,0.24004199
2018,490,8405,0,0.39562503,0.5120158,0.4718005
2018,490,8406,1,0.33260533,0.34381363,0.0500797
2018,490,8407,1,0.21992067,0.23680244,0.09583807
2018,490,8408,0,0.16631372,0.21781647,0.33354473
2018,490,8409,0,0.10133008,0.09726826,-0.045420114
2018,490,8410,0,0.5101421,0.53999186,0.11973584
2018,490,8411,1,0.14408757,0.15807544,0.10912884
2018,490,8412,0,0.07800459,0.07678686,-0.017053979
2018,490,8413,0,0.074259035,0.06888292,-0.080941685
2018,490,8414,0,0.073217176,0.08476052,0.15893348
2018,490,8415,0,0.12883604,0.09480849,-0.3449979
2018,490,8416,0,0.24817447,0.2732968,0.13041255
2018,490,8417,0,0.18168908,0.2022354,0.13256429
2018,490,8418,0,0.08551883,0.06378636,-0.3166841
2018,490,8419,0,0.07617543,0.094294466,0.23319149
2018,490,8420,0,0.21249016,0.20353281,-0.054378685
2018,490,8421,0,0.060447298,0.05461049,-0.10773893
2018,490,8422,0,0.05142406,0.04799494,-0.07261896
2018,490,8423,0,0.15651655,0.121228375,-0.29647025
2018,490,8424,0,0.07805877,0.059236195,-0.2961399
2018,490,8425,0,0.12291692,0.11485738,-0.076964386
2018,490,8426,0,0.08653445,0.113439575,0.30062413
2018,490,8427,0,0.109462224,0.10184253,-0.08067146
2018,490,8428,1,0.096177794,0.14666864,0.47946212
2018,490,8429,1,0.23674555,0.3381132,0.49889168
2018,490,8430,1,0.17745632,0.26374036,0.50705934
2018,490,8431,0,0.05266077,0.07461029,0.37184998
2018,490,8432,0,0.11033141,0.08871943,-0.24201147
2018,490,8433,0,0.14135727,0.10686359,-0.31912363
2018,490,8434,0,0.23722288,0.29836237,0.31285754
2018,490,8435,0,0.16909964,0.16747491,-0.01160815
2018,490,8436,0,0.077204384,0.097449474,0.25506097
2018,490,8437,1,0.14620629,0.16154985,0.11792972
2018,490,8438,0,0.056262396,0.08408456,0.43172076
2018,490,8439,0,0.113393895,0.15599766,0.36821902
2018,490,8440,0,0.22520843,0.29614314,0.36983562
2018,490,8441,0,0.09312415,0.096671075,0.041299697
2018,490,8442,1,0.22400513,0.20804322,-0.094284095
2018,490,8443,0,0.042869303,0.057213284,0.30372998
2018,490,8444,1,0.26596904,0.310965,0.21955955
2018,490,8445,0,0.1603111,0.23025592,0.44904843
2018,490,8446,1,0.2707022,0.26972005,-0.0049805394
2018,490,8447,1,0.16562274,0.2186069,0.3431699
2018,490,8448,0,0.09201892,0.056297496,-0.52993166
2018,490,8449,0,0.26788467,0.45073465,0.8076785
2018,490,8450,0,0.22793129,0.13736102,-0.6173543
2018,490,8451,1,0.10091671,0.093882106,-0.08004957
2018,490,8452,0,0.056812,0.05430079,-0.04786778
2018,490,8453,0,0.12932019,0.19044136,0.45983806
2018,490,8454,0,0.17075434,0.22892815,0.36591724
2018,490,8455,0,0.101826355,0.122347124,0.20670563
2018,490,8456,0,0.14236344,0.12304242,-0.16813214
2018,490,8457,1,0.108953424,0.14202002,0.30286348
2018,490,8458,0,0.08972354,0.10716877,0.19702236
2018,490,8459,1,0.1245952,0.1704525,0.36719266
2018,490,8460,0,0.08213114,0.13873349,0.5878881
2018,490,8461,0,0.07067699,0.099724755,0.37604982
2018,490,8462,0,0.071248755,0.105352335,0.42854396
2018,490,8463,1,0.081191786,0.13025206,0.52753145
2018,490,8464,1,0.23669454,0.29553685,0.3022453
2018,490,8465,0,0.07965212,0.062244702,-0.26533282
2018,490,8466,1,0.041783586,0.04707074,0.12468094
2018,490,8467,0,0.17513567,0.15022777,-0.18315782
2018,490,8468,0,0.37203288,0.40222985,0.12732291
2018,490,8470,1,0.2781944,0.19550067,-0.46122053
2018,490,8471,0,0.054917514,0.034574844,-0.4840024
2018,490,8472,1,0.11116841,0.11397174,0.028063156
2018,490,8473,0,0.15493047,0.2137451,0.39394572
2018,490,8474,0,0.08975819,0.121578,0.33901992
2018,490,8475,0,0.35249865,0.24652104,-0.5091798
2018,490,8476,0,0.14877652,0.119345784,-0.25441062
2018,490,8477,0,0.053366162,0.0707057,0.29983616
2018,490,8478,0,0.23439309,0.3013649,0.34286255
2018,490,8479,0,0.12388474,0.18613946,0.48085317
2018,490,8480,0,0.06003553,0.067117006,0.119063206
2018,490,8481,0,0.07523791,0.06712057,-0.12290394
2018,490,8482,0,0.065568395,0.070707135,0.08096725
2018,490,8483,0,0.08664092,0.08715666,0.006499659
2018,490,8484,0,0.08533827,0.07975482,-0.073751725
2018,490,8485,0,0.061381772,0.07343826,0.19226019
2018,702,8402,1,0.22545396,0.27045792,0.24186064
2018,702,8405,0,0.6015544,0.57926494,-0.09218931
2018,702,8406,1,0.5276681,0.57240254,0.18087453
2018,702,8407,0,0.26721382,0.30293116,0.17542619
2018,702,8408,1,0.3026678,0.34238562,0.18194507
2018,702,8409,0,0.039300345,0.047274943,0.19308257
2018,702,8411,0,0.19203295,0.19838786,0.04045355
2018,702,8412,0,0.05652416,0.059092067,0.047154017
2018,702,8413,0,0.05358293,0.055784725,0.042598825
2018,702,8414,0,0.042973354,0.04709141,0.0958226
2018,702,8416,0,0.37058774,0.39025378,0.083450586
2018,702,8418,0,0.10239298,0.10502401,0.028306257
2018,702,8419,0,0.108419575,0.13433331,0.24381123
2018,702,8420,0,0.20450644,0.24365427,0.2256149
2018,702,8421,0,0.041030772,0.0379306,-0.08179166
2018,702,8422,0,0.08093747,0.076026045,-0.067930706
2018,702,8423,1,0.19032066,0.19930343,0.05727439
2018,702,8424,0,0.07597964,0.06413681,-0.18218242
2018,702,8425,0,0.12794754,0.14281967,0.12716372
2018,702,8427,0,0.13450788,0.16324022,0.22736128
2018,702,8428,0,0.09931022,0.10049741,0.01320254
2018,702,8430,1,0.46343043,0.48770806,0.097362384
2018,702,8431,0,0.046214387,0.06431563,0.3496723
2018,702,8432,0,0.22783937,0.22931924,0.008392744
2018,702,8433,1,0.43628398,0.45790565,0.0874804
2018,702,8434,1,0.30527177,0.31039026,0.024022946
2018,702,8435,1,0.32605296,0.35382846,0.12383882
2018,702,8436,0,0.13831733,0.15474248,0.13145746
2018,702,8437,0,0.20960046,0.24163947,0.18362345
2018,702,8438,0,0.11663843,0.15139309,0.30093944
2018,702,8439,0,0.2599813,0.374349,0.53246164
2018,702,8440,1,0.61339515,0.6307035,0.0736297
2018,702,8441,0,0.1376176,0.14775872,0.082930915
2018,702,8442,1,0.466348,0.52582294,0.2381955
2018,702,8443,0,0.056560043,0.06654022,0.17313866
2018,702,8445,1,0.2643493,0.3091431,0.21935573
2018,702,8446,1,0.70009357,0.7040981,0.019146262
2018,702,8448,0,0.1893763,0.19063452,0.00817534
2018,702,8449,1,0.45869076,0.52521414,0.26655665
2018,702,8451,0,0.19547394,0.2117839,0.1006205
2018,702,8452,0,0.17776641,0.16252811,-0.10798264
2018,702,8453,0,0.16726531,0.38742167,1.1469707
2018,702,8454,1,0.6608996,0.6802161,0.08745907
2018,702,8455,0,0.17027654,0.19628087,0.17396533
2018,702,8456,1,0.12970448,0.09953714,-0.2988038
2018,702,8457,0,0.28159007,0.28707772,0.02696861
2018,702,8458,0,0.22067043,0.24353817,0.1283853
2018,702,8459,0,0.16468988,0.18394302,0.13388072
2018,702,8460,0,0.18737435,0.20316818,0.10055254
2018,702,8461,0,0.16307232,0.1739028,0.07732783
2018,702,8462,0,0.40077987,0.41053078,0.040445145
2018,702,8463,1,0.57464373,0.4435035,-0.5277783
2018,702,8464,0,0.22899039,0.25817367,0.15853828
2018,702,8465,0,0.104219265,0.107348755,0.03308547
2018,702,8466,0,0.13998434,0.19115016,0.37286606
2018,702,8467,0,0.13596773,0.14035012,0.03680747
2018,702,8468,0,0.24867162,0.29796195,0.24868776
2018,702,8470,0,0.18185234,0.16015427,-0.15323283
2018,702,8471,1,0.028947512,0.023571655,-0.21096018
2018,702,8473,0,0.07031864,0.10222742,0.40908822
2018,702,8474,1,0.119672,0.14302497,0.20515038
2018,702,8475,1,0.3911206,0.44897652,0.23779742
2018,702,8476,0,0.38575798,0.47677147,0.37219775
2018,702,8477,0,0.12863496,0.15591218,0.22411874
2018,702,8479,0,0.11897944,0.11956727,0.0055959034
2018,702,8480,1,0.15360324,0.147117,-0.05077883
2018,702,8481,0,0.05552218,0.05698829,0.027616676
2018,702,8482,0,0.04559301,0.053655945,0.17132185
2018,702,8483,0,0.040617865,0.045002405,0.107088566
2018,702,8484,0,0.09195933,0.10334363,0.12932976
2018,528,8401,0,0.28111184,0.5567188,1.1668093
2018,528,8403,0,0.098828845,0.07623851,-0.28428155
2018,528,8404,0,0.13235317,0.16317546,0.24552266
2018,528,8405,0,0.1723322,0.24839164,0.46197918
2018,528,8407,1,0.22587548,0.31273568,0.4443882
2018,528,8408,0,0.2381251,0.27517706,0.19447343
2018,528,8409,0,0.07907172,0.07931861,0.0033854926
2018,528,8410,0,0.21294321,0.26651326,0.29488948
2018,528,8411,0,0.12438554,0.12687989,0.022707757
2018,528,8412,0,0.09300906,0.106334046,0.14868912
2018,528,8413,0,0.109035164,0.07848632,-0.3624587
2018,528,8414,0,0.15390503,0.10542186,-0.43408635
2018,528,8415,0,0.1546379,0.13332534,-0.17319256
2018,528,8416,1,0.19873159,0.21434645,0.09531853
2018,528,8417,1,0.37573504,0.4399388,0.2662803
2018,528,8418,0,0.14675,0.100972034,-0.42614838
2018,528,8419,0,0.09725863,0.09679778,-0.005260082
2018,528,8420,0,0.23434909,0.26254728,0.15114373
2018,528,8421,0,0.07353746,0.059953623,-0.21877937
2018,528,8422,0,0.09708024,0.06571536,-0.42435253
2018,528,8423,0,0.21643521,0.15677392,-0.39586768
2018,528,8424,0,0.13686673,0.11092173,-0.23979881
2018,528,8425,0,0.1327026,0.1267658,-0.052591145
2018,528,8426,0,0.082917586,0.11028267,0.31549314
2018,528,8427,0,0.08597001,0.07665142,-0.12487386
2018,528,8428,0,0.1473078,0.14842199,0.008842652
2018,528,8429,0,0.055755723,0.074588746,0.31115633
2018,528,8430,0,0.090292,0.118015304,0.29871434
2018,528,8431,0,0.030327966,0.048260476,0.4832092
2018,528,8432,0,0.057840794,0.043400418,-0.3024358
2018,528,8433,0,0.11616617,0.10456235,-0.11828163
2018,528,8434,0,0.10544699,0.14882147,0.39424142
2018,528,8435,0,0.1594602,0.19697405,0.2569349
2018,528,8436,0,0.11792867,0.124202855,0.058974635
2018,528,8437,1,0.24607979,0.28360805,0.19299635
2018,528,8438,0,0.07714767,0.085370645,0.11023117
2018,528,8439,0,0.1555642,0.18416245,0.2032132
2018,528,8440,0,0.16791879,0.1850565,0.11799189
2018,528,8441,0,0.12972772,0.1076906,-0.21118236
2018,528,8442,0,0.2676499,0.22077271,-0.25459015
2018,528,8443,0,0.042066444,0.055523314,0.29170007
2018,528,8444,1,0.6417597,0.60303676,-0.1648754
2018,528,8445,1,0.6399259,0.63150233,-0.036375336
2018,528,8446,0,0.38148826,0.42075527,0.16356248
2018,528,8447,0,0.20692976,0.20884506,0.011631243
2018,528,8448,1,0.25633126,0.19661939,-0.34243366
2018,528,8449,0,0.35933784,0.26421636,-0.44592845
2018,528,8450,0,0.31703678,0.26981264,-0.22815019
2018,528,8451,0,0.18839738,0.112230614,-0.6076989
2018,528,8452,0,0.2482709,0.22524445,-0.12750563
2018,528,8453,1,0.23307067,0.25405055,0.11392832
2018,528,8454,1,0.18936302,0.25341365,0.37366623
2018,528,8455,0,0.20405665,0.23816799,0.19838051
2018,528,8456,0,0.0858453,0.07037848,-0.21543701
2018,528,8457,0,0.20463836,0.2609352,0.3164389
2018,528,8458,0,0.21533433,0.29350668,0.41465265
2018,528,8459,0,0.16983443,0.22021885,0.32240975
2018,528,8460,0,0.10992056,0.11419701,0.042983264
2018,528,8461,0,0.13620606,0.17112315,0.26947722
2018,528,8462,0,0.10185981,0.12931354,0.26968682
2018,528,8463,0,0.17698607,0.21868363,0.263548
2018,528,8464,0,0.18925492,0.22063445,0.19288585
2018,528,8465,1,0.1481433,0.14996625,0.014372466
2018,528,8466,0,0.06766461,0.11289566,0.5616306
2018,528,8467,1,0.13641287,0.10274735,-0.32165566
2018,528,8468,0,0.23496006,0.2440164,0.049728163
2018,528,8470,0,0.28901574,0.20771746,-0.4385701
2018,528,8471,0,0.035436783,0.026635356,-0.2945944
2018,528,8472,0,0.13401562,0.12174952,-0.11005553
2018,528,8473,0,0.20750262,0.31879324,0.5807221
2018,528,8474,0,0.15551735,0.18235493,0.19149356
2018,528,8475,0,0.16132452,0.19949628,0.25896022
2018,528,8476,0,0.35581997,0.23298597,-0.59797347
2018,528,8477,0,0.105002,0.13762678,0.30769947
2018,528,8478,0,0.09036361,0.17500393,0.7586332
2018,528,8479,0,0.13668549,0.12974688,-0.060102087
2018,528,8480,0,0.15553561,0.12954722,-0.21314013
2018,528,8481,0,0.08518371,0.065253995,-0.28807458
2018,528,8482,0,0.16402619,0.1292233,-0.2792724
2018,528,8483,0,0.09621483,0.08216675,-0.17325687
2018,528,8484,0,0.13768522,0.11848378,-0.17221701
2018,528,8485,0,0.09291206,0.113346845,0.22158451
2018,410,8401,1,0.27589116,0.38540968,0.49828628
2018,410,8402,0,0.20609236,0.26372486,0.32194516
2018,410,8403,0,0.08416594,0.047614567,-0.60878605
2018,410,8404,0,0.17564017,0.19762957,0.14499387
2018,410,8405,1,0.16871795,0.2620707,0.55950695
2018,410,8406,1,0.48064518,0.5492201,0.27497804
2018,410,8407,0,0.15199727,0.16582549,0.10351465
2018,410,8408,0,0.08866785,0.10808831,0.21959172
2018,410,8409,0,0.05257421,0.05867157,0.11618605
2018,410,8410,1,0.6845264,0.67703915,-0.034454048
2018,410,8411,0,0.11024971,0.11613027,0.058595937
2018,410,8412,0,0.068507425,0.065242656,-0.052327327
2018,410,8413,0,0.056662086,0.048952375,-0.15439694
2018,410,8414,0,0.05658213,0.065524004,0.15624657
2018,410,8415,0,0.07856214,0.06665331,-0.17722654
2018,410,8416,0,0.17347953,0.18425365,0.073375
2018,410,8417,0,0.21438156,0.25043818,0.20243704
2018,410,8418,0,0.13437559,0.06846043,-0.7477704
2018,410,8419,0,0.085444346,0.105098136,0.2287535
2018,410,8420,1,0.29432693,0.31856334,0.114078894
2018,410,8421,0,0.04280968,0.041369494,-0.03572404
2018,410,8422,0,0.08395276,0.070113175,-0.19513837
2018,410,8423,0,0.17983064,0.14554712,-0.25246608
2018,410,8424,0,0.09223815,0.08293375,-0.11652942
2018,410,8425,0,0.12480893,0.11938138,-0.05064318
2018,410,8426,0,0.11709424,0.15441966,0.31989002
2018,410,8427,0,0.10109198,0.109011054,0.08426706
2018,410,8428,0,0.0758074,0.13496889,0.64300334
2018,410,8429,0,0.042770486,0.060973804,0.37379566
2018,410,8431,0,0.030800836,0.04674069,0.43365648
2018,410,8432,0,0.11671047,0.10997521,-0.067037694
2018,410,8433,0,0.113817975,0.09169445,-0.2407971
2018,410,8435,0,0.15665394,0.25750616,0.62436724
2018,410,8436,1,0.572404,0.49910846,-0.29523236
2018,410,8437,0,0.1439796,0.17404097,0.22536811
2018,410,8438,0,0.07236726,0.07842726,0.086971775
2018,410,8439,0,0.18100058,0.2326478,0.3161629
2018,410,8440,1,0.27539295,0.28018725,0.0238976
2018,410,8441,0,0.07105697,0.074426964,0.049970567
2018,410,8442,0,0.28943518,0.2329809,-0.2934265
2018,410,8443,0,0.03712895,0.048579663,0.2807714
2018,410,8444,0,0.28485003,0.3850628,0.4524158
2018,410,8445,1,0.2661337,0.30542028,0.19270986
2018,410,8446,1,0.19312459,0.21943338,0.16086233
2018,410,8447,1,0.28876674,0.33103588,0.1978775
2018,410,8448,0,0.22785652,0.1591043,-0.44445336
2018,410,8449,1,0.3524674,0.48102984,0.5322938
2018,410,8450,0,0.09240537,0.046803776,-0.72924423
2018,410,8451,0,0.118349046,0.11535385,-0.02902528
2018,410,8452,0,0.16717894,0.17696331,0.06869568
2018,410,8453,0,0.17569233,0.2643112,0.5221295
2018,410,8454,0,0.36934498,0.43817428,0.28645295
2018,410,8455,0,0.21093735,0.236122,0.14522508
2018,410,8456,0,0.11914074,0.13891855,0.17629114
2018,410,8457,0,0.11346764,0.16409612,0.42773873
2018,410,8458,0,0.12965076,0.18866296,0.44532883
2018,410,8459,0,0.12759566,0.15491761,0.22584592
2018,410,8460,0,0.1842703,0.21182352,0.17371087
2018,410,8461,0,0.13840504,0.15584588,0.13913321
2018,410,8462,0,0.07843054,0.09320802,0.18878552
2018,410,8463,0,0.12869889,0.1859318,0.43584797
2018,410,8464,0,0.2520737,0.29071382,0.19566327
2018,410,8465,0,0.10211046,0.10314113,0.0111914985
2018,410,8466,0,0.053667977,0.063689925,0.18185665
2018,410,8467,1,0.12248665,0.11623104,-0.059525542
2018,410,8468,0,0.23378994,0.33533952,0.5029004
2018,410,8470,0,0.72009903,0.5856426,-0.59897214
2018,410,8471,0,0.050042275,0.026129665,-0.6746575
2018,410,8472,0,0.14130111,0.117408946,-0.2126737
2018,410,8473,0,0.1839416,0.20525791,0.13611723
2018,410,8474,0,0.10285202,0.13568705,0.31434578
2018,410,8475,1,0.22951837,0.23875551,0.05151828
2018,410,8476,0,0.17777869,0.14706856,-0.22631012
2018,410,8477,0,0.083258905,0.109205395,0.2999867
2018,410,8478,1,0.30483323,0.3382035,0.15307657
2018,410,8479,0,0.11741044,0.17725533,0.48212975
2018,410,8480,0,0.07075766,0.07769199,0.100981645
2018,410,8481,0,0.06435063,0.059050206,-0.09160762
2018,410,8482,0,0.09327807,0.09350483,0.0026781906
2018,410,8483,0,0.05636895,0.05587134,-0.009394202
2018,410,8484,0,0.07021223,0.07255789,0.035388205
2018,410,8485,0,0.069064364,0.07182556,0.042172045
2018,458,8404,0,0.17339177,0.23412524,0.37661484
2018,458,8405,0,0.2387749,0.2651107,0.13983546
2018,458,8406,1,0.30395967,0.39372534,0.39683285
2018,458,8407,0,0.1718391,0.17020434,-0.011530871
2018,458,8409,0,0.27675512,0.23180988,-0.237505
2018,458,8411,0,0.33204958,0.3481897,0.071923554
2018,458,8412,0,0.1260338,0.12839164,0.021236671
2018,458,8413,0,0.11204279,0.11747379,0.05346931
2018,458,8414,0,0.05187591,0.06014603,0.15668182
2018,458,8415,0,0.06450842,0.057440206,-0.12357844
2018,458,8416,1,0.3146775,0.3273037,0.0579357
2018,458,8417,0,0.25530553,0.28018418,0.12696473
2018,458,8418,0,0.12128924,0.08192173,-0.43624073
2018,458,8419,0,0.16205363,0.2099569,0.31784147
2018,458,8420,1,0.61944824,0.6365193,0.07308174
2018,458,8421,0,0.08807397,0.073487796,-0.1969261
2018,458,8422,1,0.17648596,0.16781235,-0.060872372
2018,458,8423,1,0.34338126,0.33283946,-0.047108304
2018,458,8424,0,0.09483685,0.07805401,-0.21312864
2018,458,8426,0,0.18602866,0.21942417,0.20699917
2018,458,8427,0,0.2627792,0.21077193,-0.28870544
2018,458,8428,0,0.070609964,0.08645484,0.21964662
2018,458,8430,1,0.49096704,0.51295006,0.087947726
2018,458,8431,0,0.095000215,0.11696913,0.23260552
2018,458,8434,1,0.66553146,0.68739766,0.099937946
2018,458,8436,0,0.1180882,0.13647248,0.16575733
2018,458,8437,0,0.32743922,0.3575227,0.13365737
2018,458,8438,0,0.084028825,0.11265088,0.3248799
2018,458,8439,0,0.17081349,0.23326825,0.3899249
2018,458,8441,0,0.27332392,0.2807456,0.037056986
2018,458,8442,0,0.3632366,0.3912138,0.11913076
2018,458,8443,0,0.09796227,0.11142302,0.14378661
2018,458,8445,1,0.61289257,0.6623733,0.21440119
2018,458,8447,1,0.49557078,0.50578094,0.040842105
2018,458,8448,1,0.12826133,0.12651965,-0.015668178
2018,458,8451,0,0.39765927,0.37803143,-0.08268448
2018,458,8452,0,0.17127469,0.15551744,-0.11534609
2018,458,8454,1,0.2647835,0.36938575,0.4863997
2018,458,8455,0,0.23165962,0.24265783,0.060800817
2018,458,8456,1,0.11508992,0.10004112,-0.15699545
2018,458,8458,0,0.2625577,0.27425793,0.059591368
2018,458,8459,0,0.2454,0.344221,0.47875836
2018,458,8460,0,0.28981334,0.36648515,0.34896526
2018,458,8462,1,0.183469,0.24588922,0.3723609
2018,458,8463,0,0.19367076,0.28255877,0.49452814
2018,458,8464,0,0.19452633,0.2509698,0.32741633
2018,458,8465,1,0.22209081,0.17850518,-0.27298462
2018,458,8466,1,0.11870596,0.13985622,0.18825723
2018,458,8468,0,0.3161109,0.31732878,0.005627736
2018,458,8470,1,0.2300693,0.17515106,-0.34163153
2018,458,8471,0,0.03379076,0.025619144,-0.28526917
2018,458,8472,1,0.1627559,0.20790973,0.3002927
2018,458,8473,1,0.096235566,0.15416759,0.5374887
2018,458,8474,0,0.12498379,0.1683581,0.34874976
2018,458,8475,0,0.22126696,0.27091774,0.2683271
2018,458,8476,0,0.20105311,0.1710779,-0.19828176
2018,458,8477,0,0.13441089,0.17030704,0.27905607
2018,458,8478,1,0.21399832,0.30696988,0.48666698
2018,458,8479,0,0.09906898,0.10259923,0.038940273
2018,458,8480,1,0.19899718,0.25162777,0.30262432
2018,458,8481,0,0.10064339,0.07568796,-0.31233454
2018,458,8482,0,0.09528296,0.09545257,0.0019659135
2018,458,8484,0,0.110571094,0.09539607,-0.16453895
2018,458,8485,1,0.32323426,0.3483991,0.11286432
2018,124,8401,1,0.5416726,0.45202172,-0.3595834
2018,124,8402,1,0.24517676,0.4001054,0.7194782
2018,124,8403,0,0.1555977,0.14639333,-0.071818344
2018,124,8404,0,0.28757685,0.3175459,0.14210902
2018,124,8405,1,0.38326997,0.48304224,0.40783456
2018,124,8406,1,0.28584144,0.30459875,0.090174
2018,124,8407,0,0.11932657,0.14905143,0.2567625
2018,124,8408,0,0.15820967,0.21361709,0.36835104
2018,124,8409,0,0.11127186,0.11520966,0.03921789
2018,124,8410,0,0.31025016,0.33905035,0.13142098
2018,124,8411,0,0.10499866,0.107515216,0.026500573
2018,124,8412,0,0.11010302,0.11519843,0.05098205
2018,124,8413,0,0.12644622,0.11804399,-0.07833213
2018,124,8414,0,0.13341415,0.23245448,0.6765995
2018,124,8415,0,0.14463608,0.13890931,-0.047072377
2018,124,8416,0,0.17698076,0.22234921,0.28491005
2018,124,8417,0,0.14257975,0.16804019,0.19444567
2018,124,8418,0,0.16490589,0.09467919,-0.6356256
2018,124,8419,0,0.15416607,0.14610156,-0.06321764
2018,124,8420,0,0.22675541,0.26856068,0.22478607
2018,124,8421,0,0.11994853,0.0960494,-0.24899441
2018,124,8422,0,0.1392212,0.1116501,-0.2522224
2018,124,8423,0,0.16520628,0.10709187,-0.500807
2018,124,8424,0,0.15565647,0.09931979,-0.5138975
2018,124,8425,0,0.1616256,0.14815632,-0.102952935
2018,124,8426,0,0.11688071,0.14830759,0.2743695
2018,124,8427,0,0.11020776,0.12982048,0.18607363
2018,124,8428,0,0.16369115,0.31263563,0.8431905
2018,124,8429,0,0.18766883,0.22842468,0.24800159
2018,124,8430,0,0.12560569,0.15246105,0.22495624
2018,124,8431,0,0.058187842,0.07475192,0.2682424
2018,124,8432,0,0.102307335,0.101751976,-0.0060615498
2018,124,8433,0,0.10696973,0.10081641,-0.06611164
2018,124,8434,0,0.6419187,0.64102113,-0.0039025494
2018,124,8436,0,0.10904034,0.09533503,-0.14958623
2018,124,8437,0,0.28859597,0.32155326,0.15557
2018,124,8438,0,0.11576118,0.137912,0.20045641
2018,124,8439,0,0.17902689,0.19144987,0.08233765
2018,124,8440,1,0.2896228,0.32578284,0.16989557
2018,124,8441,0,0.15888901,0.09437261,-0.59485936
2018,124,8442,0,0.25832242,0.2505176,-0.041147448
2018,124,8443,1,0.0807897,0.108101755,0.32138622
2018,124,8445,1,0.5452258,0.5133888,-0.12783088
2018,124,8447,0,0.56132257,0.568319,0.028464803
2018,124,8448,1,0.19460924,0.1634017,-0.21279848
2018,124,8451,0,0.20433004,0.14727986,-0.3966489
2018,124,8452,1,0.4104818,0.34947017,-0.2593949
2018,124,8453,0,0.21337353,0.40451336,0.918015
2018,124,8454,0,0.16896884,0.3324147,0.8956689
2018,124,8455,0,0.2465185,0.24834684,0.009818798
2018,124,8456,1,0.17487402,0.10047245,-0.64051574
2018,124,8457,1,0.17296487,0.21397112,0.26360622
2018,124,8458,0,0.28757626,0.36943272,0.37253356
2018,124,8459,0,0.16279466,0.19066608,0.19189171
2018,124,8460,0,0.11729591,0.19666775,0.6110374
2018,124,8461,0,0.1952408,0.24578495,0.29508895
2018,124,8462,0,0.12650123,0.13690628,0.091027975
2018,124,8463,1,0.15643887,0.17877129,0.16027258
2018,124,8464,0,0.12754433,0.18843538,0.4626389
2018,124,8465,0,0.12678158,0.12737939,0.005388956
2018,124,8466,0,0.06469912,0.057891898,-0.11842196
2018,124,8467,0,0.17712627,0.15090376,-0.19159028
2018,124,8468,0,0.24179463,0.365352,0.59065646
2018,124,8470,0,0.2772335,0.23126197,-0.24297312
2018,124,8471,0,0.061283763,0.041839324,-0.40218046
2018,124,8472,0,0.24795663,0.23364061,-0.07832708
2018,124,8473,0,0.1368252,0.18915829,0.3864243
2018,124,8474,0,0.14723824,0.18421549,0.26838416
2018,124,8475,1,0.3633427,0.37346247,0.043493956
2018,124,8476,0,0.17278443,0.07440303,-0.9549215
2018,124,8477,0,0.15835547,0.20499441,0.315149
2018,124,8479,0,0.11788418,0.1304846,0.1159399
2018,124,8480,0,0.12568118,0.08265964,-0.4670504
2018,124,8481,0,0.11433509,0.0999005,-0.15112543
2018,124,8482,0,0.115478925,0.11710484,0.0158214
2018,124,8483,0,0.11534114,0.09934202,-0.16724889
2018,124,8484,0,0.13687475,0.11618863,-0.18753512
2018,124,8485,0,0.53566444,0.48460826,-0.20448686
2018,484,8402,0,0.397971,0.4190425,0.08722122
2018,484,8403,0,0.29131293,0.29049194,-0.0039800336
2018,484,8404,0,0.35439214,0.40096608,0.1983468
2018,484,8405,0,0.29078388,0.41150042,0.53381383
2018,484,8406,0,0.3221996,0.33037832,0.037207153
2018,484,8407,0,0.124774896,0.12563694,0.007870351
2018,484,8408,0,0.12224444,0.3565103,1.3808028
2018,484,8409,0,0.108740754,0.10847062,-0.0027903717
2018,484,8411,0,0.15922046,0.15931043,0.0006720082
2018,484,8412,0,0.11923718,0.12123693,0.018905045
2018,484,8413,0,0.15211949,0.075443976,-0.78784996
2018,484,8414,0,0.15684783,0.18494517,0.1986753
2018,484,8415,0,0.12205387,0.034596615,-1.3556674
2018,484,8416,0,0.22109196,0.2727936,0.27881932
2018,484,8417,0,0.44801554,0.4386544,-0.037932947
2018,484,8418,0,0.15290314,0.14580047,-0.055915393
2018,484,8419,0,0.17575221,0.20162445,0.16922377
2018,484,8420,0,0.31186607,0.29811537,-0.06487872
2018,484,8421,0,0.12281727,0.067196116,-0.66456187
2018,484,8422,0,0.17920986,0.14531533,-0.2501166
2018,484,8423,0,0.18501413,0.068035334,-1.1345289
2018,484,8424,0,0.14410242,0.12290508,-0.1835765
2018,484,8425,0,0.15264598,0.15149044,-0.008961647
2018,484,8426,1,0.18636912,0.20502754,0.118614264
2018,484,8427,0,0.23927303,0.35570633,0.5626201
2018,484,8428,0,0.15340447,0.19767232,0.30723876
2018,484,8429,1,0.22260194,0.23813693,0.08764632
2018,484,8430,1,0.5192457,0.5602433,0.16512862
2018,484,8431,0,0.08017908,0.13659808,0.5960789
2018,484,8432,1,0.41955057,0.2854289,-0.5930709
2018,484,8433,0,0.110133626,0.074684784,-0.4274813
2018,484,8434,0,0.2814267,0.30978295,0.13626158
2018,484,8436,0,0.18327631,0.13766791,-0.34049007
2018,484,8437,0,0.21157998,0.2496917,0.21517059
2018,484,8438,0,0.12392523,0.15035796,0.22397672
2018,484,8439,1,0.32206276,0.32857615,0.029676242
2018,484,8441,0,0.1837497,0.15834329,-0.17946026
2018,484,8442,0,0.3409477,0.2842665,-0.2643219
2018,484,8443,0,0.097891524,0.11374028,0.16778241
2018,484,8450,0,0.23029123,0.15909655,-0.45829803
2018,484,8451,0,0.26768777,0.23828454,-0.15572193
2018,484,8452,0,0.38233873,0.29864588,-0.37412113
2018,484,8453,0,0.54612994,0.5263004,-0.0797473
2018,484,8454,1,0.5367487,0.5718358,0.1420849
2018,484,8455,0,0.48454,0.40988675,-0.30257374
2018,484,8456,0,0.37271398,0.1801167,-0.9949657
2018,484,8457,0,0.18328305,0.26470527,0.4726066
2018,484,8458,1,0.71733606,0.7871621,0.37661773
2018,484,8459,0,0.21060272,0.21580039,0.03098647
2018,484,8460,0,0.14577295,0.17248185,0.20000783
2018,484,8461,0,0.33541256,0.34533823,0.044210766
2018,484,8462,1,0.4727537,0.475537,0.011163144
2018,484,8463,0,0.21750645,0.25327986,0.1990618
2018,484,8465,1,0.1472708,0.07585562,-0.74386746
2018,484,8466,0,0.104656965,0.10288624,-0.019039787
2018,484,8467,0,0.1557809,0.08483236,-0.68846864
2018,484,8468,0,0.3058003,0.4979736,0.81172156
2018,484,8470,0,0.68486667,0.42106768,-1.0946205
2018,484,8471,0,0.16404203,0.12185115,-0.34656012
2018,484,8472,0,0.49486014,0.43494046,-0.24116167
2018,484,8473,0,0.2393096,0.29610932,0.290574
2018,484,8474,0,0.19619925,0.24236037,0.27043852
2018,484,8475,0,0.382496,0.39572003,0.055636734
2018,484,8476,1,0.1742476,0.1653146,-0.063386865
2018,484,8477,0,0.15779656,0.2635744,0.6472426
2018,484,8479,0,0.16553675,0.2008442,0.23656891
2018,484,8480,0,0.18563162,0.19836582,0.082109265
2018,484,8481,0,0.12961596,0.12911825,-0.0044189673
2018,484,8482,0,0.1159739,0.11751966,0.014990507
2018,484,8483,0,0.13170913,0.11881294,-0.117788784
2018,484,8484,0,0.17685838,0.10872285,-0.5660745
2018,484,8485,0,0.11568434,0.08114043,-0.39300287
2018,757,8402,0,0.50245404,0.471175,-0.1252443
2018,757,8403,0,0.16527185,0.10018651,-0.57563955
2018,757,8404,0,0.7155842,0.7147857,-0.003919874
2018,757,8405,0,0.2303205,0.27665427,0.24538368
2018,757,8406,1,0.32277697,0.43048483,0.4611656
2018,757,8407,1,0.2908404,0.2483734,-0.2160004
2018,757,8408,1,0.5142802,0.5204846,0.024848118
2018,757,8409,0,0.1304265,0.12603886,-0.039252628
2018,757,8411,0,0.21298265,0.19841476,-0.089192085
2018,757,8412,0,0.15534326,0.14229363,-0.10307604
2018,757,8413,0,0.12562555,0.09408192,-0.32457978
2018,757,8414,0,0.09407632,0.084103785,-0.1230028
2018,757,8415,0,0.24932072,0.19020602,-0.34643364
2018,757,8416,1,0.31741616,0.28681067,-0.14525293
2018,757,8417,0,0.48888662,0.49585727,0.027889516
2018,757,8418,0,0.25350335,0.1692675,-0.5108133
2018,757,8419,0,0.12700295,0.13222557,0.04629939
2018,757,8420,1,0.20441349,0.18201071,-0.1438489
2018,757,8421,0,0.09044993,0.07107188,-0.26218593
2018,757,8422,0,0.12569815,0.08014736,-0.5008042
2018,757,8423,1,0.17756498,0.15168694,-0.18849818
2018,757,8424,0,0.13874318,0.08988475,-0.48927474
2018,757,8425,0,0.27671078,0.24670763,-0.15541323
2018,757,8426,1,0.21220565,0.27126276,0.32345596
2018,757,8427,1,0.16014934,0.11255465,-0.40779075
2018,757,8428,0,0.14811651,0.14703703,-0.008581117
2018,757,8429,0,0.087676995,0.08668379,-0.012480813
2018,757,8430,0,0.2657128,0.27419347,0.04303475
2018,757,8431,0,0.03905759,0.0619496,0.4853948
2018,757,8432,1,0.08905668,0.06055047,-0.41660896
2018,757,8433,0,0.3011696,0.23501894,-0.33845058
2018,757,8434,0,0.35875216,0.39014548,0.13408358
2018,757,8435,0,0.2980744,0.23239678,-0.3383425
2018,757,8436,0,0.2194555,0.19865574,-0.1258751
2018,757,8437,0,0.436006,0.38784358,-0.19899827
2018,757,8438,0,0.20638292,0.19518822,-0.06977634
2018,757,8439,0,0.16524102,0.18447581,0.13342509
2018,757,8440,0,0.15911977,0.19679707,0.25835776
2018,757,8441,0,0.14080049,0.12240591,-0.16118416
2018,757,8442,0,0.25596237,0.22178727,-0.18822001
2018,757,8443,0,0.0709809,0.09184985,0.28046384
2018,757,8444,1,0.41433558,0.44194186,0.11278597
2018,757,8445,1,0.36516175,0.38422766,0.0813877
2018,757,8446,1,0.20907466,0.22879016,0.11535692
2018,757,8447,1,0.4802871,0.46233806,-0.07204105
2018,757,8448,1,0.06408305,0.04426935,-0.39083663
2018,757,8449,1,0.59448457,0.64120126,0.198046
2018,757,8450,0,0.41951564,0.3202172,-0.42801178
2018,757,8451,0,0.20778957,0.12876047,-0.5736619
2018,757,8452,1,0.26444507,0.21489331,-0.2726864
2018,757,8453,1,0.34945762,0.3607432,0.049284093
2018,757,8454,0,0.17755614,0.23463714,0.35068354
2018,757,8455,0,0.38525614,0.29848608,-0.38722017
2018,757,8456,1,0.12189552,0.07876057,-0.48470625
2018,757,8457,1,0.14413136,0.18330821,0.2872992
2018,757,8458,0,0.15308172,0.20244753,0.33956552
2018,757,8459,1,0.11082315,0.1140426,0.032263804
2018,757,8460,0,0.11034398,0.19069831,0.64175314
2018,757,8461,0,0.17158853,0.2621622,0.53965014
2018,757,8462,0,0.09642483,0.12430238,0.28529197
2018,757,8463,0,0.13516568,0.16591476,0.24117531
2018,757,8464,0,0.12477189,0.20578253,0.59746
2018,757,8465,0,0.13822038,0.12713651,-0.096367456
2018,757,8466,0,0.037265677,0.057634536,0.4574335
2018,757,8467,0,0.20713533,0.15198357,-0.3768474
2018,757,8468,0,0.21914831,0.26333708,0.24194103
2018,757,8470,0,0.25437984,0.19393985,-0.34922272
2018,757,8471,0,0.043536995,0.03092533,-0.35513502
2018,757,8472,0,0.15442954,0.1310287,-0.1916202
2018,757,8473,0,0.17355733,0.22297655,0.31221864
2018,757,8474,0,0.18614481,0.15356502,-0.23165195
2018,757,8475,1,0.20184809,0.3002077,0.5284745
2018,757,8476,1,0.18661785,0.12435739,-0.47966042
2018,757,8477,0,0.12769178,0.17113884,0.343946
2018,757,8478,1,0.7411006,0.7182736,-0.115782656
2018,757,8479,0,0.10008114,0.101508066,0.015744057
2018,757,8480,0,0.13412455,0.11225546,-0.20293461
2018,757,8481,0,0.12906042,0.08745616,-0.43580645
2018,757,8482,0,0.13695443,0.11676543,-0.1826044
2018,757,8483,0,0.15053996,0.122664,-0.23706876
2018,757,8484,0,0.13177271,0.09815929,-0.3324714
2018,757,8485,0,0.19650367,0.21109396,0.08994764
2018,764,8403,0,0.22711134,0.2628479,0.19347589
2018,764,8405,0,0.33437103,0.45389286,0.50352716
2018,764,8406,0,0.34412408,0.37679392,0.14179043
2018,764,8407,0,0.12935302,0.1417521,0.105878
2018,764,8408,1,0.6025022,0.50178343,-0.40876806
2018,764,8409,0,0.10856524,0.09948328,-0.09749814
2018,764,8411,0,0.15758409,0.17028782,0.09272574
2018,764,8412,0,0.08011641,0.075772196,-0.060460895
2018,764,8413,0,0.11892924,0.0903065,-0.30728906
2018,764,8414,0,0.05705953,0.06182611,0.085298456
2018,764,8415,0,0.06521197,0.052466128,-0.23101805
2018,764,8416,0,0.5263362,0.43212938,-0.37861103
2018,764,8417,0,0.2228739,0.22470647,0.010549764
2018,764,8418,0,0.05403205,0.038425516,-0.35721907
2018,764,8419,0,0.28254983,0.2891283,0.03222714
2018,764,8420,1,0.18685508,0.27611527,0.5067622
2018,764,8421,0,0.08469373,0.07176714,-0.17963879
2018,764,8422,0,0.08078326,0.06649872,-0.21000734
2018,764,8423,0,0.16128367,0.13886152,-0.17607027
2018,764,8424,0,0.19446199,0.13073307,-0.47321898
2018,764,8427,0,0.12726317,0.12909913,0.016429143
2018,764,8428,0,0.092599876,0.10804752,0.17145398
2018,764,8429,1,0.17604427,0.24199481,0.40160742
2018,764,8430,0,0.3051619,0.32591194,0.09610293
2018,764,8431,0,0.041340873,0.05352741,0.27113587
2018,764,8434,0,0.25954986,0.31931078,0.29136848
2018,764,8435,0,0.7573363,0.7874542,0.17151688
2018,764,8437,1,0.18049592,0.20997474,0.18791348
2018,764,8438,0,0.14590226,0.16214412,0.12474817
2018,764,8439,1,0.14576629,0.20283894,0.39955586
2018,764,8441,0,0.16481422,0.16021271,-0.033811014
2018,764,8442,0,0.31982836,0.21317351,-0.55134064
2018,764,8443,0,0.088378765,0.12636515,0.40010613
2018,764,8445,0,0.36164272,0.47903,0.4843122
2018,764,8446,0,0.4847125,0.50163686,0.067716435
2018,764,8447,0,0.33123183,0.27377394,-0.27293968
2018,764,8448,1,0.13661267,0.0945134,-0.4160171
2018,764,8450,0,0.078505516,0.0638212,-0.22289321
2018,764,8451,1,0.13153714,0.11884542,-0.11597376
2018,764,8452,0,0.14368099,0.112595715,-0.27944943
2018,764,8453,1,0.14948265,0.19783224,0.33876625
2018,764,8455,0,0.16949926,0.18973045,0.1374177
2018,764,8456,1,0.14147091,0.10755038,-0.31288412
2018,764,8457,0,0.18157181,0.20129001,0.12748322
2018,764,8458,0,0.28024364,0.31567174,0.16951862
2018,764,8459,0,0.17030303,0.19225587,0.14806293
2018,764,8460,1,0.24259654,0.3420927,0.48451415
2018,764,8461,0,0.1481224,0.18366742,0.25770864
2018,764,8462,0,0.09290112,0.116434105,0.2520754
2018,764,8464,0,0.55126536,0.5496648,-0.0064680893
2018,764,8466,0,0.086743705,0.09713875,0.124630265
2018,764,8467,0,0.21798252,0.19903542,-0.1148717
2018,764,8468,0,0.29864457,0.30310473,0.021203851
2018,764,8470,0,0.25675857,0.23145124,-0.13725
2018,764,8471,0,0.21162894,0.17130667,-0.26126036
2018,764,8472,0,0.23227403,0.24940214,0.09371159
2018,764,8473,0,0.14611435,0.20590098,0.415595
2018,764,8475,1,0.59416556,0.7003067,0.4675462
2018,764,8476,0,0.30697864,0.19176002,-0.6243317
2018,764,8477,0,0.10322706,0.12657323,0.23026848
2018,764,8479,0,0.0767657,0.09408871,0.222422
2018,764,8480,0,0.12664616,0.103118904,-0.23209703
2018,764,8481,0,0.056150958,0.0472813,-0.18128234
2018,764,8482,0,0.052058812,0.056615602,0.08872912
2018,764,8483,0,0.0806804,0.06926774,-0.16485426
2018,764,8484,0,0.07043171,0.06461588,-0.09242025
2018,764,8485,0,0.09664747,0.09753459,0.010119485
2018,752,8401,0,0.3399227,0.372827,0.14353073
2018,752,8402,0,0.19987132,0.253094,0.30492035
2018,752,8403,0,0.16948867,0.11489464,-0.45243567
2018,752,8404,0,0.18133321,0.24765272,0.3961704
2018,752,8405,1,0.7871777,0.8476667,0.40842
2018,752,8406,0,0.66216564,0.653037,-0.040544383
2018,752,8407,0,0.20279835,0.19970292,-0.019256644
2018,752,8408,0,0.28380173,0.30482692,0.10126439
2018,752,8409,0,0.23567323,0.2115711,-0.138932
2018,752,8410,1,0.30972743,0.47390625,0.696924
2018,752,8412,0,0.09608492,0.09113394,-0.058364477
2018,752,8413,0,0.11760225,0.09354562,-0.2557566
2018,752,8414,0,0.15084414,0.12780403,-0.1925205
2018,752,8415,0,0.2900759,0.23232657,-0.30020484
2018,752,8416,1,0.28213066,0.2698014,-0.06171305
2018,752,8417,1,0.19930737,0.25313497,0.30866718
2018,752,8418,0,0.1786526,0.116992086,-0.49572492
2018,752,8419,0,0.123752475,0.13301685,0.082821466
2018,752,8420,0,0.54680413,0.5478972,0.00441205
2018,752,8421,0,0.11551061,0.08690043,-0.31643388
2018,752,8422,0,0.10352309,0.07870639,-0.3013765
2018,752,8423,0,0.28760257,0.22399138,-0.3354996
2018,752,8424,0,0.12231364,0.095309615,-0.2797612
2018,752,8425,0,0.22628038,0.20105292,-0.15029192
2018,752,8426,0,0.09836737,0.12438361,0.26394027
2018,752,8427,0,0.071004756,0.067984775,-0.04670847
2018,752,8428,0,0.18952076,0.18015581,-0.062165067
2018,752,8429,0,0.05822133,0.073283605,0.24620792
2018,752,8430,0,0.12801428,0.16602689,0.30457976
2018,752,8431,0,0.033793453,0.043743387,0.26842466
2018,752,8432,0,0.10399588,0.09120172,-0.14545552
2018,752,8433,0,0.16453874,0.15362215,-0.08163186
2018,752,8434,0,0.12630728,0.16314071,0.29896826
2018,752,8435,0,0.38232374,0.4754096,0.3812556
2018,752,8436,0,0.24662302,0.20254426,-0.25376305
2018,752,8437,0,0.21326755,0.23862107,0.14508638
2018,752,8438,0,0.11253734,0.119551376,0.06839595
2018,752,8439,0,0.1346203,0.17649353,0.32042283
2018,752,8440,0,0.36501265,0.43351826,0.2861623
2018,752,8441,0,0.15348266,0.11360247,-0.34691715
2018,752,8442,1,0.40646973,0.4047412,-0.0071697147
2018,752,8443,0,0.06651694,0.09253068,0.3583468
2018,752,8446,0,0.6722694,0.6820992,0.044968415
2018,752,8447,1,0.8233815,0.79938614,-0.15696552
2018,752,8448,1,0.18599388,0.14691058,-0.28278628
2018,752,8449,0,0.6361822,0.649072,0.056130767
2018,752,8450,0,0.25588658,0.15013601,-0.66607547
2018,752,8451,0,0.27112678,0.2290564,-0.22473358
2018,752,8452,0,0.23329113,0.18011305,-0.32576177
2018,752,8453,1,0.33203912,0.35989988,0.12317797
2018,752,8454,0,0.33779892,0.4039629,0.28413862
2018,752,8455,0,0.22053695,0.24392523,0.13126141
2018,752,8456,0,0.11551203,0.14810364,0.28608164
2018,752,8457,0,0.46647215,0.44425994,-0.08957775
2018,752,8458,0,0.39744863,0.43351007,0.148563
2018,752,8459,0,0.43240166,0.50021946,0.27293694
2018,752,8460,0,0.1256435,0.20121612,0.5613286
2018,752,8461,1,0.20587212,0.25458926,0.27570552
2018,752,8462,0,0.13153131,0.18294911,0.3909932
2018,752,8463,0,0.25000933,0.29902297,0.2466078
2018,752,8464,0,0.2180362,0.25842884,0.22299646
2018,752,8465,0,0.2337417,0.20156635,-0.1892304
2018,752,8466,0,0.056566656,0.06681726,0.17746645
2018,752,8467,0,0.21062629,0.17180513,-0.25173324
2018,752,8468,0,0.2922542,0.27799615,-0.06996221
2018,752,8470,1,0.38859832,0.27569237,-0.5127226
2018,752,8471,0,0.07658025,0.062756695,-0.21393307
2018,752,8472,1,0.13737877,0.13777635,0.0033507252
2018,752,8473,1,0.2564003,0.30702588,0.25070238
2018,752,8474,0,0.1617699,0.20368475,0.28169587
2018,752,8475,0,0.33957335,0.39680335,0.24639368
2018,752,8476,0,0.28619462,0.19107306,-0.5291145
2018,752,8477,0,0.19642493,0.23936613,0.2526324
2018,752,8478,1,0.7378308,0.7253424,-0.063605905
2018,752,8479,0,0.11837923,0.11042559,-0.078532346
2018,752,8480,0,0.21524228,0.16594388,-0.32104015
2018,752,8481,0,0.13256073,0.09393077,-0.38805303
2018,752,8482,0,0.058409154,0.06361028,0.09084165
2018,752,8483,0,0.13679947,0.115029864,-0.19823116
2018,752,8484,0,0.11942681,0.10460811,-0.14917088
2018,752,8485,0,0.1133686,0.12133038,0.076893225
2018,372,8402,1,0.7947877,0.78741825,-0.044597182
2018,372,8403,0,0.27032202,0.11959271,-1.0033033
2018,372,8406,1,0.58540577,0.7590316,0.80237275
2018,372,8409,0,0.2558469,0.21788085,-0.21039104
2018,372,8411,0,0.24030596,0.22356692,-0.09399672
2018,372,8412,0,0.29512358,0.2824333,-0.061795227
2018,372,8413,0,0.26019013,0.19893898,-0.3479583
2018,372,8414,0,0.1741093,0.14759336,-0.19682363
2018,372,8415,0,0.30896053,0.23295312,-0.38672736
2018,372,8418,0,0.23306641,0.14398341,-0.59151495
2018,372,8419,0,0.2966139,0.257414,-0.19597824
2018,372,8421,0,0.14517388,0.12548468,-0.1685203
2018,372,8422,0,0.26744807,0.17805998,-0.52193826
2018,372,8423,0,0.52780604,0.45956752,-0.27342296
2018,372,8424,0,0.28740627,0.24677876,-0.20785215
2018,372,8425,0,0.41484794,0.3958838,-0.07868622
2018,372,8426,1,0.62577313,0.57789856,-0.19997297
2018,372,8427,0,0.14445423,0.13321002,-0.094092794
2018,372,8428,0,0.20369174,0.23678656,0.19300006
2018,372,8429,1,0.2576004,0.2303876,-0.14764567
2018,372,8430,1,0.2515963,0.28532314,0.17190869
2018,372,8431,0,0.07013439,0.11529351,0.54685205
2018,372,8432,0,0.20575972,0.15651207,-0.3337355
2018,372,8433,0,0.15347807,0.12964858,-0.196491
2018,372,8434,1,0.2518607,0.32288018,0.34814614
2018,372,8436,0,0.28856048,0.25700057,-0.15923141
2018,372,8437,1,0.36320415,0.35536253,-0.034065504
2018,372,8438,0,0.25213495,0.27718306,0.1287803
2018,372,8441,0,0.2901962,0.29406056,0.018687593
2018,372,8443,0,0.103462234,0.14944986,0.4204112
2018,372,8448,0,0.17628182,0.10615839,-0.5888519
2018,372,8450,0,0.3502547,0.34838286,-0.008235186
2018,372,8451,1,0.25761694,0.22099465,-0.20148776
2018,372,8456,0,0.47684476,0.4360444,-0.16454424
2018,372,8457,1,0.41676614,0.41854367,0.0073082824
2018,372,8462,1,0.26929817,0.29799983,0.14134555
2018,372,8463,0,0.22181174,0.24204911,0.11366158
2018,372,8465,1,0.21974549,0.2266727,0.039954912
2018,372,8466,0,0.14761718,0.15161838,0.03144952
2018,372,8467,0,0.405355,0.35965452,-0.1936626
2018,372,8468,0,0.31586435,0.406724,0.39531845
2018,372,8470,0,0.38107783,0.3589751,-0.09483931
2018,372,8471,0,0.052751217,0.039758336,-0.2963906
2018,372,8472,1,0.35359585,0.38644814,0.14100325
2018,372,8473,0,0.1470188,0.19029607,0.3100896
2018,372,8474,0,0.2333207,0.23783338,0.025059897
2018,372,8475,0,0.303457,0.3851472,0.36313245
2018,372,8477,0,0.22901036,0.24931897,0.11166003
2018,372,8479,0,0.1569444,0.14376152,-0.10325196
2018,372,8480,0,0.3279733,0.3050634,-0.10593505
2018,372,8481,0,0.16056146,0.13152023,-0.2335272
2018,372,8482,0,0.17359534,0.15325205,-0.14896151
2018,372,8483,0,0.23665053,0.19439027,-0.2506001
2018,372,8484,0,0.14310391,0.117102034,-0.23041822
2018,372,8485,0,0.29264182,0.27367526,-0.09346717
2018,40,8401,0,0.38303354,0.57910377,0.7957875
2018,40,8402,1,0.5171894,0.52127725,0.016375776
2018,40,8403,0,0.11933575,0.09162156,-0.29525876
2018,40,8404,0,0.18547793,0.23648256,0.30760413
2018,40,8405,0,0.56368786,0.41670308,-0.59246516
2018,40,8406,0,0.31661418,0.38957596,0.3202806
2018,40,8407,0,0.13496685,0.21099445,0.53879714
2018,40,8408,0,0.20345569,0.30710372,0.5511397
2018,40,8409,0,0.14877638,0.13861272,-0.08262989
2018,40,8411,0,0.14803447,0.14524223,-0.022314236
2018,40,8412,0,0.1368654,0.14279065,0.049270004
2018,40,8413,0,0.11855055,0.09368238,-0.26325148
2018,40,8414,0,0.116628364,0.09073492,-0.27994087
2018,40,8415,0,0.24641404,0.24100661,-0.029338785
2018,40,8416,1,0.2949511,0.27344635,-0.10574929
2018,40,8417,0,0.26499298,0.2993393,0.1697306
2018,40,8418,0,0.193037,0.13038619,-0.46715257
2018,40,8419,0,0.13509728,0.15225512,0.13959974
2018,40,8420,0,0.16667609,0.17365274,0.04941246
2018,40,8421,0,0.12884076,0.105912134,-0.22194657
2018,40,8422,0,0.25898796,0.21004418,-0.2734239
2018,40,8423,0,0.17551282,0.14706317,-0.21077383
2018,40,8424,0,0.14686824,0.10910005,-0.3405886
2018,40,8425,0,0.19128527,0.17633675,-0.09968595
2018,40,8426,0,0.101948075,0.12974533,0.27255204
2018,40,8427,0,0.38580623,0.30237335,-0.3710464
2018,40,8428,0,0.15450235,0.12890789,-0.21093346
2018,40,8429,0,0.1198171,0.1309613,0.10167747
2018,40,8430,0,0.14926378,0.1933043,0.31170622
2018,40,8431,0,0.04089307,0.06351093,0.464116
2018,40,8432,0,0.06667196,0.05878405,-0.13432989
2018,40,8433,0,0.15493052,0.13608393,-0.1517616
2018,40,8435,0,0.22444595,0.27848807,0.28796914
2018,40,8436,0,0.14162922,0.12563798,-0.13826635
2018,40,8438,0,0.09463872,0.104797475,0.113247104
2018,40,8439,0,0.13291833,0.16712616,0.269265
2018,40,8440,0,0.18481866,0.2430988,0.34827065
2018,40,8441,0,0.1395435,0.1190233,-0.18262525
2018,40,8442,1,0.2936868,0.28839397,-0.025652071
2018,40,8443,0,0.05670613,0.068657346,0.2039965
2018,40,8444,1,0.80799836,0.70798165,-0.55145466
2018,40,8445,0,0.3714538,0.45959112,0.36399636
2018,40,8446,0,0.3356885,0.26011914,-0.36278194
2018,40,8447,0,0.1798576,0.22263588,0.2669413
2018,40,8448,0,0.17971167,0.12972093,-0.38512635
2018,40,8449,0,0.34543902,0.4832593,0.57216066
2018,40,8450,0,0.40289775,0.23834352,-0.76837707
2018,40,8451,0,0.19338812,0.13801517,-0.40373057
2018,40,8453,0,0.4623609,0.44881216,-0.05462938
2018,40,8454,0,0.18255615,0.22896332,0.28495038
2018,40,8455,0,0.18165345,0.21931624,0.23552962
2018,40,8456,0,0.07920338,0.0565789,-0.3606565
2018,40,8457,0,0.23227774,0.2782563,0.2423668
2018,40,8458,0,0.12529756,0.17695576,0.40608212
2018,40,8459,0,0.09856388,0.13010342,0.31323957
2018,40,8460,1,0.15481643,0.22016056,0.4325829
2018,40,8461,0,0.2182768,0.24195026,0.13371977
2018,40,8462,0,0.1421391,0.17941082,0.27729142
2018,40,8463,1,0.18270811,0.24972904,0.39804843
2018,40,8464,0,0.19099328,0.2206929,0.18193595
2018,40,8465,0,0.13159454,0.11302648,-0.17325978
2018,40,8466,0,0.069966584,0.102996275,0.42283562
2018,40,8467,0,0.23393089,0.17117642,-0.39106593
2018,40,8468,0,0.29105937,0.34079474,0.23048991
2018,40,8470,1,0.3633983,0.29711688,-0.3004204
2018,40,8471,0,0.04281293,0.027789412,-0.44775856
2018,40,8472,0,0.3641052,0.34282628,-0.09313419
2018,40,8473,0,0.13841848,0.17930068,0.30739546
2018,40,8474,0,0.1523264,0.17038561,0.13357334
2018,40,8475,1,0.38093024,0.47370058,0.38030675
2018,40,8476,0,0.15465899,0.14051458,-0.11250522
2018,40,8477,0,0.1647473,0.20489274,0.26733106
2018,40,8478,0,0.24530561,0.2828645,0.19351128
2018,40,8479,0,0.08587939,0.07797174,-0.10521088
2018,40,8480,0,0.12061695,0.093261436,-0.28784674
2018,40,8481,0,0.08660487,0.06765909,-0.26740423
2018,40,8482,0,0.17572987,0.15637864,-0.13987316
2018,40,8483,0,0.1488286,0.12882558,-0.16756463
2018,40,8484,0,0.20882498,0.16411558,-0.2958968
2018,40,8485,0,0.20480052,0.25146645,0.2657501
2018,724,8401,0,0.6430945,0.7615532,0.5723935
2018,724,8402,0,0.35369366,0.40529105,0.21937577
2018,724,8403,1,0.5332093,0.49144372,-0.1672617
2018,724,8404,1,0.5336218,0.67595744,0.60056466
2018,724,8405,1,0.7422041,0.72702324,-0.077884145
2018,724,8407,0,0.18515983,0.2422569,0.34142682
2018,724,8408,1,0.1904954,0.20630729,0.0994648
2018,724,8409,0,0.10952006,0.108927615,-0.0060893088
2018,724,8410,0,0.18165666,0.25823402,0.44999602
2018,724,8411,0,0.11131978,0.118538186,0.07098416
2018,724,8412,0,0.14304247,0.14359602,0.004508485
2018,724,8413,0,0.09595686,0.07777778,-0.22995217
2018,724,8414,0,0.102971226,0.096289545,-0.07451104
2018,724,8415,0,0.15911838,0.09023471,-0.64596987
2018,724,8416,0,0.23870127,0.22593099,-0.0716185
2018,724,8417,0,0.40339604,0.4272303,0.09817424
2018,724,8418,0,0.12961867,0.10686325,-0.21885513
2018,724,8419,0,0.104385704,0.09775354,-0.073021114
2018,724,8420,0,0.19019288,0.21970803,0.18138878
2018,724,8421,0,0.09563713,0.07834634,-0.21836074
2018,724,8422,0,0.092443615,0.07150653,-0.2796177
2018,724,8424,0,0.10091474,0.07524812,-0.32163253
2018,724,8425,0,0.09413384,0.08721329,-0.083971396
2018,724,8426,0,0.08063949,0.111985356,0.36306977
2018,724,8427,0,0.12366997,0.104601994,-0.18897943
2018,724,8428,0,0.107309945,0.10957767,0.023455892
2018,724,8429,0,0.17023227,0.21022332,0.26040205
2018,724,8430,1,0.16628316,0.27874473,0.661505
2018,724,8431,0,0.028232243,0.041148975,0.3901156
2018,724,8432,0,0.08808288,0.082515106,-0.07138372
2018,724,8433,0,0.17901771,0.12756048,-0.39968592
2018,724,8434,1,0.29881003,0.32613918,0.1272716
2018,724,8435,0,0.29355952,0.24378538,-0.2538784
2018,724,8436,0,0.08164166,0.08898303,0.09413211
2018,724,8437,0,0.12739845,0.16380623,0.2939832
2018,724,8438,0,0.09333951,0.10173141,0.095391534
2018,724,8439,1,0.1794032,0.23497215,0.33995077
2018,724,8440,0,0.18887457,0.1921271,0.02109192
2018,724,8441,0,0.18509457,0.14495978,-0.29248703
2018,724,8442,0,0.2999569,0.30996746,0.04723168
2018,724,8443,0,0.05182269,0.067410946,0.2795564
2018,724,8444,1,0.58652633,0.7252133,0.62084687
2018,724,8445,1,0.42363775,0.48024827,0.22880955
2018,724,8446,1,0.68921286,0.71461374,0.12145694
2018,724,8447,1,0.5994354,0.7202561,0.5426192
2018,724,8448,0,0.28545502,0.24120122,-0.22854367
2018,724,8449,1,0.65870154,0.5462562,-0.471958
2018,724,8450,0,0.18640892,0.11830927,-0.535024
2018,724,8451,0,0.15532582,0.15102765,-0.033137724
2018,724,8452,1,0.47018236,0.4450991,-0.10108034
2018,724,8453,1,0.19898874,0.2565231,0.3285078
2018,724,8454,0,0.46669057,0.42771167,-0.15775836
2018,724,8455,1,0.31859347,0.37561572,0.25204375
2018,724,8456,0,0.19059329,0.14576843,-0.32202324
2018,724,8457,1,0.15989509,0.19995224,0.27241597
2018,724,8458,0,0.12561315,0.17899857,0.41716897
2018,724,8459,0,0.12503804,0.15784058,0.2711786
2018,724,8460,0,0.1384356,0.21701407,0.54519206
2018,724,8461,0,0.16409646,0.21073888,0.30758145
2018,724,8462,1,0.1559367,0.19161454,0.24922408
2018,724,8463,0,0.21105659,0.24099252,0.17132258
2018,724,8464,0,0.114572234,0.14451206,0.26655626
2018,724,8465,0,0.15968338,0.15993705,0.001889347
2018,724,8466,0,0.054027285,0.07071358,0.2869452
2018,724,8467,1,0.29694927,0.24028836,-0.28923148
2018,724,8468,1,0.28192806,0.31329855,0.15017477
2018,724,8470,0,0.3306893,0.3392518,0.03843881
2018,724,8471,0,0.05372984,0.04213063,-0.25537688
2018,724,8472,1,0.16535647,0.16260183,-0.020094132
2018,724,8473,0,0.13140935,0.17645612,0.34801015
2018,724,8474,0,0.08217322,0.114450425,0.3671124
2018,724,8475,1,0.58010167,0.5408067,-0.15959996
2018,724,8476,0,0.24237667,0.18475546,-0.3447616
2018,724,8477,0,0.13106394,0.17901364,0.36853984
2018,724,8478,0,0.1691502,0.26970282,0.59553105
2018,724,8479,0,0.0808253,0.07451971,-0.08806298
2018,724,8480,1,0.1322906,0.1281789,-0.03630146
2018,724,8481,0,0.09124519,0.0654052,-0.3609862
2018,724,8482,0,0.11865085,0.10639909,-0.12279338
2018,724,8483,0,0.12695199,0.1072911,-0.19053324
2018,724,8484,0,0.12734321,0.099823065,-0.27453548
2018,724,8485,0,0.14582516,0.16444857,0.14223352
