t,i,k4,label_observed_continuing,p_base,p,logit_correction
2016,842,8401,0,0.20706923,0.3516039,0.7306861
2016,842,8402,0,0.19696847,0.25926295,0.3555473
2016,842,8403,0,0.39065638,0.370332,-0.08623872
2016,842,8404,0,0.49380934,0.5532398,0.23853345
2016,842,8405,1,0.47246304,0.5546837,0.3298726
2016,842,8406,1,0.27540496,0.3634039,0.40674973
2016,842,8407,0,0.10239765,0.12583876,0.23259982
2016,842,8408,0,0.1153284,0.16258718,0.39833006
2016,842,8409,0,0.042223573,0.049161296,0.15939794
2016,842,8410,1,0.34631073,0.5296916,0.7542018
2016,842,8411,0,0.12645079,0.17696345,0.3956538
2016,842,8412,0,0.049313642,0.070046894,0.37301415
2016,842,8413,0,0.1475131,0.1327476,-0.12263959
2016,842,8414,0,0.21610354,0.25031146,0.19156742
2016,842,8415,0,0.05326391,0.07070314,0.30182326
2016,842,8416,0,0.19420348,0.105520904,-0.71440756
2016,842,8417,0,0.21109493,0.26683417,0.30759355
2016,842,8418,0,0.050341025,0.04832584,-0.042973705
2016,842,8419,0,0.17106743,0.20276432,0.20897502
2016,842,8420,0,0.21213935,0.26585606,0.29632777
2016,842,8421,0,0.15004951,0.12694669,-0.19401655
2016,842,8422,0,0.044696964,0.04849544,0.085548304
2016,842,8423,0,0.12834339,0.11487422,-0.12620597
2016,842,8424,0,0.030533511,0.02739458,-0.11171226
2016,842,8425,0,0.09789866,0.1082615,0.1121707
2016,842,8426,0,0.12802795,0.15566178,0.22764112
2016,842,8427,0,0.11447319,0.13481492,0.18680154
2016,842,8428,0,0.09776254,0.13867235,0.3959754
2016,842,8429,0,0.105054416,0.15596072,0.45368955
2016,842,8430,0,0.08452756,0.13882364,0.55726767
2016,842,8431,0,0.11418227,0.13860226,0.22176723
2016,842,8432,0,0.2227123,0.2230439,0.0019145653
2016,842,8433,0,0.050165456,0.060384173,0.1962171
2016,842,8434,0,0.32098472,0.31088224,-0.046747934
2016,842,8435,0,0.33318022,0.28788,-0.21186636
2016,842,8436,0,0.13330533,0.09637555,-0.36611667
2016,842,8437,0,0.49252847,0.44039708,-0.20966233
2016,842,8438,0,0.03767482,0.052926734,0.35589263
2016,842,8439,0,0.16087571,0.23179835,0.45354235
2016,842,8440,0,0.107596666,0.14909433,0.37380645
2016,842,8441,0,0.07526025,0.054584388,-0.34331667
2016,842,8442,0,0.4580173,0.406067,-0.21192117
2016,842,8443,0,0.046189275,0.036593456,-0.24288845
2016,842,8444,0,0.59809005,0.7105693,0.5006377
2016,842,8446,0,0.1833031,0.24979055,0.3943973
2016,842,8447,0,0.19679534,0.24311407,0.2707634
2016,842,8449,0,0.22934799,0.34119418,0.55401945
2016,842,8450,0,0.13102356,0.06888029,-0.7120789
2016,842,8451,0,0.035128962,0.029156897,-0.19250485
2016,842,8452,0,0.13201787,0.11935126,-0.11535416
2016,842,8453,0,0.22655419,0.20768784,-0.11104784
2016,842,8454,1,0.15870176,0.23753738,0.501691
2016,842,8455,0,0.14549452,0.19506069,0.35292837
2016,842,8456,1,0.08452275,0.11829179,0.37371796
2016,842,8457,0,0.14584139,0.19675471,0.36089495
2016,842,8458,0,0.0819715,0.09974036,0.21574391
2016,842,8459,0,0.07519003,0.09729548,0.28192693
2016,842,8460,1,0.13867892,0.21552801,0.534386
2016,842,8461,0,0.07698804,0.10488546,0.3399093
2016,842,8462,0,0.09430544,0.11195554,0.1912431
2016,842,8463,1,0.34312496,0.4314777,0.37357447
2016,842,8464,0,0.08820326,0.12316262,0.37295717
2016,842,8465,0,0.08309451,0.11778611,0.38746157
2016,842,8466,0,0.036742438,0.03401313,-0.08001518
2016,842,8467,0,0.0350353,0.03989609,0.13497211
2016,842,8468,0,0.124097064,0.15726103,0.27544096
2016,842,8470,0,0.35239777,0.25631994,-0.4566685
2016,842,8471,0,0.03253723,0.04488313,0.33452034
2016,842,8472,1,0.106622264,0.1410314,0.3189673
2016,842,8473,0,0.08511518,0.14616734,0.6098097
2016,842,8474,0,0.07094659,0.09892535,0.36301643
2016,842,8475,0,0.17453162,0.24273221,0.41608694
2016,842,8476,0,0.14484516,0.24221514,0.6350439
2016,842,8477,0,0.042099882,0.048723888,0.15306383
2016,842,8478,0,0.57979226,0.51394516,-0.26612553
2016,842,8479,0,0.054887388,0.09224647,0.5595117
2016,842,8480,0,0.17500688,0.1976266,0.14935502
2016,842,8481,0,0.038789026,0.041798797,0.077866375
2016,842,8482,0,0.027619576,0.028759876,0.04162987
2016,842,8483,0,0.07623596,0.067373894,-0.13312337
2016,842,8484,0,0.07832834,0.074155316,-0.059265133
2016,842,8485,0,0.18803003,0.15132028,-0.2614215
2016,276,8401,0,0.25176135,0.3558105,0.4956455
2016,276,8402,0,0.08811844,0.13419746,0.47248358
2016,276,8403,0,0.07621291,0.068146326,-0.12056776
2016,276,8404,0,0.18322456,0.2936491,0.61692506
2016,276,8405,1,0.39684913,0.5136917,0.47339174
2016,276,8406,1,0.1807397,0.25474268,0.43786836
2016,276,8407,0,0.08932479,0.11447066,0.2760404
2016,276,8408,0,0.055842984,0.07833686,0.36258698
2016,276,8409,0,0.035534054,0.051984902,0.39766607
2016,276,8410,1,0.29359818,0.24857569,-0.22825111
2016,276,8411,0,0.09847029,0.103923075,0.05996271
2016,276,8412,0,0.034035362,0.045069523,0.292295
2016,276,8413,0,0.02287792,0.02549483,0.1109853
2016,276,8414,0,0.029185453,0.0398781,0.3232322
2016,276,8415,0,0.0338584,0.046589784,0.3324595
2016,276,8416,0,0.061806664,0.090710804,0.41495815
2016,276,8417,0,0.20029147,0.275602,0.41809058
2016,276,8418,0,0.024348302,0.018973142,-0.25493202
2016,276,8419,0,0.13989191,0.16428009,0.18946731
2016,276,8420,0,0.12290695,0.14274213,0.17248645
2016,276,8421,0,0.061915375,0.074478306,0.19822204
2016,276,8422,0,0.08356563,0.07014029,-0.18967812
2016,276,8423,0,0.031057317,0.026967935,-0.14539753
2016,276,8424,0,0.026729342,0.02072253,-0.26069313
2016,276,8425,0,0.033815987,0.044001907,0.27389762
2016,276,8426,0,0.072277576,0.09932201,0.34743813
2016,276,8427,0,0.060516022,0.082189746,0.32946256
2016,276,8428,0,0.05046245,0.05583717,0.1068867
2016,276,8429,0,0.061507333,0.08287409,0.32119623
2016,276,8430,0,0.053513575,0.07863882,0.41183478
2016,276,8431,0,0.02550138,0.037792023,0.40605813
2016,276,8432,0,0.07574909,0.077259995,0.021385834
2016,276,8433,0,0.07942139,0.09166449,0.15675601
2016,276,8434,0,0.08195695,0.08371174,0.023098586
2016,276,8435,0,0.16662137,0.23383474,0.4229809
2016,276,8436,0,0.054925147,0.06278673,0.14212558
2016,276,8437,0,0.4321826,0.49416512,0.24961106
2016,276,8438,0,0.028424628,0.028361011,-0.0023059233
2016,276,8439,0,0.10896687,0.1380818,0.27002352
2016,276,8440,0,0.06074389,0.10108554,0.55320084
2016,276,8441,0,0.056921493,0.054604653,-0.044007547
2016,276,8442,0,0.15809365,0.22987856,0.46348417
2016,276,8443,0,0.031787653,0.022408392,-0.35928297
2016,276,8444,0,0.24814361,0.3192772,0.3514422
2016,276,8445,0,0.11182237,0.21517964,0.7782786
2016,276,8446,0,0.21535496,0.31492844,0.51576596
2016,276,8447,0,0.13287796,0.17401424,0.31830823
2016,276,8448,0,0.051749997,0.06059704,0.16719528
2016,276,8449,0,0.21280137,0.27816203,0.35452446
2016,276,8450,0,0.116207644,0.12452137,0.07854999
2016,276,8451,0,0.031035725,0.03617258,0.15847774
2016,276,8452,0,0.036148712,0.0323648,-0.11448813
2016,276,8453,0,0.08068272,0.10064928,0.24307574
2016,276,8454,0,0.13476756,0.19605157,0.44828913
2016,276,8455,0,0.3065132,0.3096774,0.01484349
2016,276,8456,0,0.055913623,0.0760469,0.32909858
2016,276,8457,0,0.19165368,0.22625981,0.20974839
2016,276,8458,0,0.07515893,0.089258574,0.18729545
2016,276,8459,0,0.0620305,0.090055674,0.40313578
2016,276,8460,0,0.08057176,0.10937989,0.33751264
2016,276,8461,0,0.11289994,0.16605906,0.44763663
2016,276,8462,0,0.053164534,0.066580996,0.23929887
2016,276,8463,0,0.1395518,0.18462548,0.33369932
2016,276,8464,0,0.070238285,0.079937816,0.13984247
2016,276,8465,0,0.04249682,0.049610447,0.1622294
2016,276,8466,0,0.046553478,0.03558298,-0.28017485
2016,276,8467,0,0.033834588,0.030773016,-0.09800923
2016,276,8468,0,0.04787845,0.071540475,0.42676383
2016,276,8469,1,0.25792265,0.45719773,0.88516456
2016,276,8470,0,0.10673041,0.15832113,0.4538091
2016,276,8471,1,0.035181984,0.034596924,-0.017375574
2016,276,8472,0,0.0480342,0.06051892,0.24424446
2016,276,8473,0,0.06749214,0.08562474,0.25759962
2016,276,8474,0,0.0527901,0.072868556,0.3437589
2016,276,8475,0,0.14090955,0.20324692,0.44163287
2016,276,8476,0,0.14508583,0.16004801,0.11580472
2016,276,8477,0,0.045913063,0.052713353,0.1452723
2016,276,8478,0,0.09469599,0.18020771,0.74265826
2016,276,8479,0,0.04053521,0.056156226,0.34238157
2016,276,8480,0,0.10166798,0.10798007,0.06728556
2016,276,8481,0,0.027596347,0.026079979,-0.058073763
2016,276,8482,0,0.030629395,0.040026605,0.2773256
2016,276,8483,0,0.09805664,0.097667105,-0.004412213
2016,276,8484,0,0.0377996,0.03826699,0.012774893
2016,276,8485,0,0.044040516,0.062184077,0.36415073
2016,392,8401,0,0.5416125,0.40702343,-0.5431201
2016,392,8402,0,0.14311193,0.23273218,0.59673274
2016,392,8403,0,0.24819982,0.3008339,0.26490647
2016,392,8404,1,0.38762048,0.45838267,0.29047018
2016,392,8405,1,0.20986244,0.31725547,0.55934143
2016,392,8406,0,0.08170961,0.13856253,0.5920613
2016,392,8407,0,0.062932946,0.07636494,0.20789172
2016,392,8408,0,0.071199164,0.09234555,0.28308696
2016,392,8409,0,0.033820327,0.04646293,0.33076426
2016,392,8411,0,0.064937904,0.06684175,0.030934516
2016,392,8412,0,0.07512757,0.08127241,0.08528529
2016,392,8413,0,0.033549204,0.038153376,0.13337642
2016,392,8414,0,0.0287695,0.04243599,0.4028524
2016,392,8415,0,0.022628339,0.025981415,0.14161481
2016,392,8416,0,0.21727017,0.28462365,0.360005
2016,392,8417,0,0.17007713,0.22974764,0.375344
2016,392,8418,0,0.029570075,0.02185433,-0.3102832
2016,392,8419,0,0.09993704,0.12550406,0.25661477
2016,392,8420,0,0.20511292,0.35077256,0.73899436
2016,392,8421,0,0.042003173,0.05335613,0.25116524
2016,392,8422,0,0.044502508,0.055142183,0.2255671
2016,392,8423,0,0.0633175,0.059747785,-0.061833464
2016,392,8424,0,0.03265166,0.033020303,0.011608037
2016,392,8425,0,0.07701517,0.09603737,0.24155962
2016,392,8426,0,0.13118027,0.18912947,0.43488654
2016,392,8427,0,0.031951945,0.04455957,0.3457031
2016,392,8428,0,0.105470434,0.10332675,-0.022927891
2016,392,8429,0,0.11424791,0.16085117,0.3961579
2016,392,8430,0,0.10060257,0.16276178,0.5527262
2016,392,8431,0,0.046027735,0.062397737,0.32159343
2016,392,8432,0,0.0965311,0.16560917,0.61930525
2016,392,8433,0,0.062039603,0.092351586,0.43068057
2016,392,8434,0,0.21828674,0.30118185,0.43400222
2016,392,8435,0,0.3400454,0.473176,0.5556928
2016,392,8436,1,0.13274866,0.15906487,0.21166888
2016,392,8437,0,0.15527734,0.19182892,0.25562572
2016,392,8438,0,0.057636905,0.07769652,0.32016376
2016,392,8439,0,0.2316612,0.29535046,0.32941687
2016,392,8440,0,0.10783197,0.1484614,0.36636037
2016,392,8441,0,0.06095292,0.058032826,-0.052197684
2016,392,8442,0,0.15161133,0.18309627,0.22650957
2016,392,8443,0,0.043589346,0.034014456,-0.2579887
2016,392,8444,0,0.31427944,0.35933134,0.20192017
2016,392,8445,0,0.18553303,0.29562867,0.6110995
2016,392,8446,0,0.31154352,0.38043624,0.30521607
2016,392,8447,0,0.11601759,0.16100839,0.3799513
2016,392,8448,0,0.07358356,0.08753942,0.18884659
2016,392,8449,1,0.7082199,0.81438494,0.59200424
2016,392,8451,0,0.064210705,0.07412421,0.15422249
2016,392,8452,0,0.052299354,0.054259162,0.038857877
2016,392,8453,0,0.27796265,0.33423683,0.2655059
2016,392,8454,0,0.15829372,0.21979836,0.4041369
2016,392,8455,1,0.22618829,0.418725,0.9019512
2016,392,8456,1,0.20334248,0.22544493,0.13132039
2016,392,8457,0,0.15998465,0.22033,0.39459792
2016,392,8458,0,0.11189952,0.14267801,0.27826044
2016,392,8459,0,0.13087563,0.1736159,0.33302453
2016,392,8460,0,0.13322766,0.17099984,0.29415926
2016,392,8461,0,0.11054566,0.20600988,0.73603266
2016,392,8462,0,0.11455867,0.18402448,0.55568355
2016,392,8463,0,0.17181945,0.24393703,0.44157246
2016,392,8464,0,0.2778405,0.2595783,-0.092962764
2016,392,8465,0,0.08602338,0.110582955,0.2783857
2016,392,8466,0,0.05590114,0.058083545,0.040612064
2016,392,8467,0,0.041306928,0.04068844,-0.015731027
2016,392,8468,1,0.10661279,0.14990751,0.39048994
2016,392,8469,1,0.6259502,0.86785275,1.3672234
2016,392,8470,0,0.10896328,0.14431107,0.32143888
2016,392,8471,1,0.025172587,0.02899951,0.14545678
2016,392,8472,0,0.05506052,0.07449886,0.32313627
2016,392,8473,0,0.120723106,0.17966059,0.4669516
2016,392,8474,0,0.15406956,0.22033407,0.43931234
2016,392,8475,0,0.18311091,0.34079093,0.8356397
2016,392,8476,0,0.19973426,0.32810432,0.6711846
2016,392,8477,0,0.06477689,0.084401384,0.28584197
2016,392,8478,0,0.25365797,0.35609487,0.4868429
2016,392,8479,0,0.0930473,0.09936918,0.072728895
2016,392,8480,0,0.067103334,0.08196635,0.21613544
2016,392,8481,0,0.03759058,0.0405225,0.078155085
2016,392,8482,0,0.030976044,0.036004964,0.15564577
2016,392,8483,0,0.06278089,0.064066336,0.021640884
2016,392,8484,0,0.042530056,0.051115002,0.19287361
2016,392,8485,0,0.06633866,0.12627023,0.70999414
2016,156,8401,1,0.27343357,0.39633867,0.556527
2016,156,8402,1,0.059666,0.090862796,0.45432746
2016,156,8403,1,0.28680632,0.2786226,-0.040358454
2016,156,8404,1,0.11738513,0.1976807,0.61657506
2016,156,8405,0,0.14299852,0.2810884,0.8515362
2016,156,8406,1,0.18649462,0.30290028,0.6394252
2016,156,8407,0,0.051330578,0.05232629,0.020262396
2016,156,8408,0,0.04838333,0.06760247,0.3548923
2016,156,8409,0,0.02158294,0.036034834,0.52746356
2016,156,8411,0,0.07202172,0.076962665,0.07169139
2016,156,8412,0,0.04245703,0.058145773,0.33098087
2016,156,8413,0,0.03861169,0.04197937,0.08713212
2016,156,8414,0,0.02411541,0.031641763,0.2793691
2016,156,8415,0,0.022433931,0.027773192,0.21897344
2016,156,8416,0,0.040470976,0.052178077,0.2663533
2016,156,8417,0,0.09778781,0.12973745,0.3187675
2016,156,8418,0,0.021084506,0.017857108,-0.1694283
2016,156,8419,0,0.17439327,0.21104361,0.23615943
2016,156,8420,0,0.047886223,0.059944723,0.23734087
2016,156,8421,0,0.08637761,0.112832904,0.2965634
2016,156,8422,0,0.02278511,0.027036427,0.1754378
2016,156,8423,0,0.02913621,0.03482651,0.18427536
2016,156,8424,0,0.024414077,0.023256846,-0.049745914
2016,156,8425,0,0.04159136,0.04967329,0.18604332
2016,156,8426,0,0.12220747,0.1863806,0.49798813
2016,156,8427,0,0.030827675,0.04010538,0.27271655
2016,156,8428,0,0.13976596,0.17940128,0.29682612
2016,156,8430,0,0.1016787,0.07267559,-0.36758783
2016,156,8431,0,0.04717897,0.064354345,0.32864645
2016,156,8432,0,0.027889997,0.039747722,0.36655727
2016,156,8433,0,0.019684099,0.02685618,0.31802773
2016,156,8434,0,0.058268614,0.08178476,0.3643156
2016,156,8436,0,0.020505188,0.026849924,0.27608374
2016,156,8439,0,0.08983711,0.15876241,0.6481601
2016,156,8440,0,0.04555783,0.07202504,0.48615366
2016,156,8441,0,0.027286816,0.03467497,0.24723881
2016,156,8442,0,0.07365148,0.10039077,0.33901623
2016,156,8443,0,0.024512267,0.017166682,-0.36370534
2016,156,8444,0,0.184494,0.23359074,0.2980463
2016,156,8445,0,0.10234402,0.16189075,0.52722025
2016,156,8446,0,0.21134181,0.36452657,0.7610855
2016,156,8447,0,0.058985617,0.11815482,0.759644
2016,156,8448,0,0.024595369,0.021946743,-0.11665111
2016,156,8449,0,0.059377424,0.13941135,0.94244015
2016,156,8450,0,0.08745091,0.06142737,-0.3813405
2016,156,8451,0,0.01852496,0.020980112,0.12696046
2016,156,8452,0,0.013253642,0.009591806,-0.32706717
2016,156,8453,0,0.04471352,0.09077543,0.757532
2016,156,8454,0,0.063273564,0.09799659,0.47523817
2016,156,8455,0,0.079675585,0.12646005,0.5141356
2016,156,8456,0,0.025064899,0.035231285,0.35094866
2016,156,8457,0,0.05527938,0.08525744,0.4655221
2016,156,8458,0,0.036848307,0.033333957,-0.10387508
2016,156,8459,0,0.029145123,0.047713008,0.512227
2016,156,8460,0,0.02212298,0.035015207,0.47243705
2016,156,8461,0,0.03135371,0.055295926,0.5923947
2016,156,8462,0,0.02628086,0.039756775,0.42787582
2016,156,8463,0,0.04626695,0.07271798,0.48028672
2016,156,8464,0,0.06497344,0.09386999,0.39932433
2016,156,8465,0,0.044361446,0.05164117,0.15959527
2016,156,8466,0,0.023880675,0.01616284,-0.39823055
2016,156,8467,0,0.020578722,0.022116434,0.073634565
2016,156,8468,0,0.025159355,0.03819408,0.43091202
2016,156,8469,1,0.1776187,0.5433238,1.7062958
2016,156,8470,0,0.032235816,0.05138143,0.48618042
2016,156,8471,0,0.027832782,0.03012053,0.08134836
2016,156,8472,0,0.03676027,0.048518088,0.28980073
2016,156,8473,0,0.046784814,0.061444994,0.28808278
2016,156,8475,0,0.16563734,0.2880207,0.71185094
2016,156,8476,0,0.06294833,0.09290682,0.42177606
2016,156,8477,0,0.023666246,0.033485405,0.35716796
2016,156,8478,0,0.111356094,0.19143933,0.6362787
2016,156,8479,0,0.026576012,0.036421847,0.32532597
2016,156,8480,0,0.05876405,0.07167866,0.21247862
2016,156,8481,0,0.023100946,0.02748233,0.17816469
2016,156,8482,0,0.01701453,0.022462105,0.28331923
2016,156,8483,0,0.04138482,0.03755717,-0.10103484
2016,156,8484,0,0.05140795,0.045555394,-0.12701468
2016,380,8401,0,0.5473174,0.67983747,0.5631873
2016,380,8403,0,0.088663734,0.08501883,-0.04596964
2016,380,8404,0,0.11643765,0.1752438,0.4776962
2016,380,8406,1,0.097327515,0.17082028,0.64745307
2016,380,8407,0,0.13095772,0.12334322,-0.06862749
2016,380,8408,0,0.07405756,0.10846015,0.41940224
2016,380,8409,0,0.035370033,0.05612189,0.48340857
2016,380,8411,0,0.22145873,0.20112298,-0.12210477
2016,380,8412,0,0.059645392,0.07131411,0.1911637
2016,380,8413,0,0.03308413,0.033135094,0.0015918365
2016,380,8414,0,0.031253375,0.042593997,0.32136154
2016,380,8415,0,0.040879644,0.050853852,0.22877741
2016,380,8416,0,0.07430807,0.108819716,0.41946766
2016,380,8417,0,0.0828948,0.12172798,0.42748234
2016,380,8418,0,0.027688038,0.021460576,-0.26116738
2016,380,8419,0,0.11202961,0.14961763,0.33257195
2016,380,8420,0,0.14160195,0.21728128,0.5204672
2016,380,8421,0,0.0844396,0.08424862,-0.0024729553
2016,380,8422,0,0.05673275,0.058917053,0.040097125
2016,380,8423,0,0.04896465,0.04072696,-0.19283299
2016,380,8424,0,0.029817238,0.02226814,-0.2996807
2016,380,8425,0,0.06249994,0.06811764,0.09208072
2016,380,8426,0,0.07439014,0.105181694,0.38019806
2016,380,8427,0,0.09435494,0.11176127,0.18870842
2016,380,8428,0,0.058130134,0.060489986,0.042302363
2016,380,8429,0,0.06316562,0.0827766,0.2915406
2016,380,8430,0,0.12032806,0.16789924,0.38873762
2016,380,8431,0,0.029093554,0.043493036,0.4170262
2016,380,8432,0,0.04653187,0.059402533,0.25779012
2016,380,8433,0,0.046092793,0.05984531,0.2756286
2016,380,8434,0,0.105897985,0.13239558,0.25340194
2016,380,8435,0,0.16073637,0.1522102,-0.06461087
2016,380,8436,0,0.054136895,0.07106544,0.29014465
2016,380,8438,0,0.04667331,0.053955365,0.1526524
2016,380,8439,0,0.1317242,0.18456584,0.40008467
2016,380,8440,0,0.11457057,0.15599605,0.35655534
2016,380,8441,0,0.059093732,0.035046436,-0.5476875
2016,380,8442,0,0.1819534,0.19484319,0.08432669
2016,380,8443,0,0.033815872,0.024374392,-0.3371217
2016,380,8444,0,0.45807293,0.6354889,0.72394073
2016,380,8445,0,0.15189123,0.32795894,1.0024133
2016,380,8446,0,0.17910638,0.2830967,0.5932611
2016,380,8447,0,0.10674264,0.16002321,0.46639863
2016,380,8448,0,0.06022228,0.07753738,0.27131444
2016,380,8449,0,0.18236838,0.32003325,0.7467642
2016,380,8450,0,0.14677095,0.16843362,0.16338535
2016,380,8451,0,0.03043851,0.027294282,-0.112268984
2016,380,8453,0,0.06525606,0.08605181,0.29912916
2016,380,8454,1,0.20158301,0.216179,0.088355854
2016,380,8455,0,0.38372755,0.43519238,0.21305932
2016,380,8456,0,0.052286122,0.066951714,0.2628365
2016,380,8457,0,0.11010359,0.1444569,0.31092802
2016,380,8458,0,0.106711686,0.14382575,0.34090734
2016,380,8459,0,0.0784092,0.112610325,0.39980918
2016,380,8460,0,0.07184751,0.10650783,0.43173105
2016,380,8461,0,0.07632076,0.12222633,0.52190566
2016,380,8462,0,0.044773255,0.06450546,0.3860123
2016,380,8463,0,0.09002713,0.13295703,0.4382411
2016,380,8464,0,0.06699006,0.090173624,0.3223549
2016,380,8465,0,0.04591026,0.05928165,0.26972502
2016,380,8466,0,0.034071077,0.024424454,-0.3428012
2016,380,8467,0,0.03189742,0.028339254,-0.12194586
2016,380,8468,0,0.08020765,0.11953897,0.44272563
2016,380,8469,1,0.5525032,0.8362565,1.4198444
2016,380,8470,0,0.49014854,0.55455863,0.25851804
2016,380,8471,1,0.036089376,0.035157766,-0.027118836
2016,380,8472,1,0.14000416,0.17302948,0.25094843
2016,380,8473,0,0.05407452,0.07308683,0.32158896
2016,380,8474,0,0.052060448,0.080220886,0.46253562
2016,380,8475,0,0.354653,0.5266546,0.70536786
2016,380,8476,0,0.092395,0.13963677,0.46642625
2016,380,8477,0,0.037446793,0.040959768,0.09332558
2016,380,8478,0,0.11832518,0.1792873,0.48720297
2016,380,8479,0,0.03836791,0.046516195,0.20108855
2016,380,8480,0,0.1277232,0.1372658,0.08305395
2016,380,8481,0,0.022970429,0.026821895,0.15896048
2016,380,8482,0,0.043936994,0.057519305,0.2836724
2016,380,8483,0,0.06648793,0.055660143,-0.18928842
2016,380,8484,0,0.03826863,0.045719184,0.18566461
2016,380,8485,0,0.048533965,0.062456504,0.26694757
2016,826,8401,1,0.27837,0.5519778,1.1612265
2016,826,8402,1,0.13361734,0.17556901,0.32268536
2016,826,8403,0,0.5049447,0.4503265,-0.21913117
2016,826,8405,0,0.2833524,0.40680224,0.55069226
2016,826,8406,1,0.39337078,0.4611362,0.27739573
2016,826,8407,0,0.059979964,0.074478105,0.23203793
2016,826,8408,0,0.069254026,0.11055651,0.5131359
2016,826,8409,0,0.029868402,0.04321206,0.38316837
2016,826,8411,0,0.058244094,0.06424077,0.10438326
2016,826,8412,0,0.075113654,0.09537115,0.2609199
2016,826,8413,0,0.035242517,0.03830827,0.08659527
2016,826,8414,0,0.03370309,0.04607114,0.32547927
2016,826,8415,0,0.046067815,0.05016863,0.08958331
2016,826,8416,0,0.14128181,0.1867533,0.33343828
2016,826,8417,1,0.083808444,0.12577766,0.4528726
2016,826,8418,0,0.032328136,0.026429664,-0.20752779
2016,826,8419,0,0.15829524,0.18763013,0.20548442
2016,826,8420,0,0.14045614,0.19986904,0.4243936
2016,826,8421,0,0.08508518,0.09420901,0.11188542
2016,826,8422,0,0.04321888,0.04618602,0.06950574
2016,826,8423,0,0.041190114,0.034622774,-0.18051255
2016,826,8424,0,0.032375995,0.025130976,-0.26077554
2016,826,8425,0,0.07822346,0.101686336,0.28810695
2016,826,8426,0,0.09818944,0.15262175,0.50332123
2016,826,8427,0,0.06354374,0.079314426,0.23867589
2016,826,8428,0,0.0850929,0.0806533,-0.0584246
2016,826,8429,0,0.057468116,0.07672007,0.3095702
2016,826,8430,0,0.060057614,0.088106036,0.41353154
2016,826,8431,0,0.040369388,0.061568055,0.44440925
2016,826,8432,0,0.07200506,0.0972634,0.32828182
2016,826,8433,0,0.15052688,0.14878078,-0.013721205
2016,826,8434,0,0.17629758,0.19158147,0.10186923
2016,826,8435,0,0.20525433,0.3229575,0.6135589
2016,826,8436,0,0.07262214,0.09035535,0.23778738
2016,826,8437,0,0.14794737,0.19463263,0.33060694
2016,826,8438,0,0.042711638,0.051808737,0.20263587
2016,826,8439,0,0.178035,0.23759595,0.3638124
2016,826,8440,0,0.14342827,0.1970872,0.38250312
2016,826,8441,0,0.10449423,0.06926847,-0.4497241
2016,826,8442,0,0.231358,0.27742845,0.24340564
2016,826,8443,0,0.035259724,0.02303234,-0.43843675
2016,826,8444,0,0.21394274,0.3784703,0.80527526
2016,826,8445,0,0.23481332,0.32718617,0.46038973
2016,826,8446,0,0.25511318,0.35252398,0.46356192
2016,826,8447,0,0.13466023,0.1669349,0.2528596
2016,826,8448,0,0.09887693,0.0991749,0.0033398438
2016,826,8450,0,0.21738356,0.14194313,-0.5182646
2016,826,8451,0,0.057892933,0.04122032,-0.35720646
2016,826,8452,0,0.07237845,0.061815575,-0.16907607
2016,826,8453,0,0.21732354,0.26870716,0.2801403
2016,826,8454,0,0.21662822,0.19891982,-0.107634395
2016,826,8455,1,0.59422964,0.58501464,-0.038084906
2016,826,8456,0,0.07398709,0.09499471,0.27287796
2016,826,8457,0,0.22071359,0.28905162,0.36151826
2016,826,8458,0,0.10738056,0.15666755,0.43454584
2016,826,8459,0,0.09452399,0.14697455,0.5010771
2016,826,8460,0,0.13295747,0.17334303,0.31294143
2016,826,8461,0,0.15925966,0.22465777,0.42502058
2016,826,8462,0,0.13188684,0.16246478,0.24437582
2016,826,8463,1,0.23069009,0.31410918,0.42344078
2016,826,8464,0,0.2292234,0.25705597,0.15137473
2016,826,8466,0,0.03671537,0.027469385,-0.29967585
2016,826,8467,0,0.03993705,0.03790164,-0.05442779
2016,826,8468,0,0.08225146,0.13852233,0.5845247
2016,826,8470,0,0.17409055,0.18107586,0.047834132
2016,826,8471,1,0.037977405,0.04247887,0.116705686
2016,826,8472,1,0.05892127,0.07513832,0.26051122
2016,826,8473,0,0.060964756,0.09000176,0.42094386
2016,826,8474,0,0.0621413,0.089973174,0.4002261
2016,826,8475,0,0.1855938,0.26778063,0.47298682
2016,826,8476,0,0.1399992,0.15353869,0.1081847
2016,826,8477,0,0.04546617,0.052273825,0.14668466
2016,826,8478,0,0.14017315,0.22996369,0.60533625
2016,826,8479,0,0.03786472,0.057104442,0.43106177
2016,826,8480,0,0.13148503,0.12892409,-0.022613522
2016,826,8481,0,0.050241683,0.05418057,0.07963314
2016,826,8482,0,0.033240188,0.041298654,0.22544065
2016,826,8483,0,0.064237036,0.058980785,-0.0909695
2016,826,8484,0,0.035879154,0.034752425,-0.033075184
2016,826,8485,0,0.04627889,0.059100676,0.25809148
2016,251,8401,0,0.21416387,0.4140611,0.9528048
2016,251,8402,0,0.25295636,0.36678034,0.5368523
2016,251,8403,0,0.13796486,0.1278974,-0.08738177
2016,251,8404,0,0.16545346,0.26823312,0.61459285
2016,251,8405,0,0.19625266,0.3248129,0.6781415
2016,251,8406,0,0.1750544,0.2532439,0.46883494
2016,251,8407,0,0.097621076,0.11993581,0.23090297
2016,251,8408,0,0.082690276,0.107601285,0.29086286
2016,251,8409,0,0.04350105,0.066493794,0.4486556
2016,251,8411,0,0.109520204,0.10776109,-0.018165821
2016,251,8412,0,0.08732542,0.10360284,0.18891898
2016,251,8413,0,0.034305815,0.034179922,-0.0038067205
2016,251,8414,0,0.037991423,0.048258435,0.24994026
2016,251,8415,0,0.039336763,0.04740541,0.1950114
2016,251,8416,0,0.086411074,0.11250779,0.2928878
2016,251,8417,1,0.116079316,0.17672005,0.49136427
2016,251,8418,0,0.035773203,0.026647188,-0.30393544
2016,251,8419,0,0.18532479,0.23274566,0.28780758
2016,251,8420,0,0.23591943,0.30473262,0.3503212
2016,251,8421,0,0.07625227,0.08943247,0.17380758
2016,251,8422,0,0.048518132,0.051607314,0.06497782
2016,251,8423,0,0.078443,0.063777134,-0.22276637
2016,251,8424,0,0.037068147,0.029351398,-0.24139977
2016,251,8425,0,0.06321609,0.05868054,-0.079280704
2016,251,8426,0,0.14863886,0.21334204,0.4404201
2016,251,8427,0,0.067491286,0.09251808,0.3426104
2016,251,8428,0,0.13629682,0.14580964,0.07854203
2016,251,8429,0,0.07732386,0.096067406,0.23757093
2016,251,8431,0,0.031936646,0.044320114,0.34055907
2016,251,8432,0,0.05910586,0.07588836,0.267931
2016,251,8433,0,0.06160249,0.07709603,0.24099809
2016,251,8434,0,0.1666926,0.1922909,0.17405857
2016,251,8435,0,0.14037178,0.1725813,0.24476315
2016,251,8436,0,0.060811494,0.073030286,0.19619083
2016,251,8438,0,0.041529942,0.0507529,0.21022318
2016,251,8439,0,0.2574673,0.32582957,0.33206564
2016,251,8441,0,0.11442362,0.08009303,-0.39475247
2016,251,8442,0,0.20519239,0.21061985,0.032958884
2016,251,8443,0,0.04488722,0.023769183,-0.6576328
2016,251,8444,1,0.50993305,0.6747172,0.6898615
2016,251,8445,0,0.16396879,0.26711336,0.6196718
2016,251,8446,1,0.25595957,0.3618602,0.4997762
2016,251,8447,0,0.146437,0.17916508,0.24080966
2016,251,8448,0,0.10959946,0.11615424,0.06547524
2016,251,8449,0,0.31454217,0.36464688,0.2237173
2016,251,8450,1,0.18982576,0.14930801,-0.28889596
2016,251,8451,0,0.040608592,0.038116556,-0.0659252
2016,251,8452,0,0.10319003,0.07257081,-0.385582
2016,251,8453,0,0.117168576,0.15176542,0.2986994
2016,251,8454,0,0.14442794,0.20287009,0.41053787
2016,251,8455,0,0.22052652,0.27436152,0.28999537
2016,251,8456,0,0.12725046,0.15800193,0.25232092
2016,251,8457,0,0.25612655,0.31553924,0.29185107
2016,251,8458,0,0.24295203,0.29978263,0.28822953
2016,251,8459,0,0.15884762,0.22504732,0.43033615
2016,251,8460,0,0.11304805,0.15062489,0.33026928
2016,251,8461,0,0.10955869,0.16441353,0.46950772
2016,251,8462,0,0.08525305,0.11874118,0.36861825
2016,251,8463,0,0.143225,0.20712788,0.44643292
2016,251,8464,0,0.16860598,0.16293295,-0.04102608
2016,251,8465,0,0.08933972,0.1044288,0.17276749
2016,251,8466,0,0.05355705,0.03274608,-0.51371443
2016,251,8467,0,0.049594227,0.03952687,-0.23743081
2016,251,8468,0,0.08923534,0.12622026,0.3882074
2016,251,8470,0,0.12164304,0.12362338,0.018405894
2016,251,8471,1,0.036949914,0.041644566,0.1244944
2016,251,8472,1,0.17075646,0.2313335,0.37947884
2016,251,8473,0,0.067203954,0.09323022,0.35563773
2016,251,8475,0,0.2975979,0.42445084,0.5542343
2016,251,8476,1,0.3792502,0.20849596,-0.8412833
2016,251,8477,0,0.038310166,0.041023858,0.07126419
2016,251,8479,0,0.04097557,0.060015284,0.40167612
2016,251,8480,0,0.11283831,0.1328575,0.18614507
2016,251,8481,0,0.03147675,0.033787675,0.07323574
2016,251,8482,0,0.04039293,0.041370336,0.024928292
2016,251,8483,0,0.080026135,0.07186163,-0.116446145
2016,251,8484,0,0.06474026,0.064932615,0.003172304
2016,251,8485,0,0.07177571,0.099304184,0.35474733
2016,490,8402,1,0.3838314,0.4072109,0.097809754
2016,490,8403,0,0.5117337,0.6537452,0.5885991
2016,490,8404,1,0.3109405,0.38275662,0.31786194
2016,490,8405,0,0.35765958,0.42409888,0.27956742
2016,490,8406,0,0.167483,0.27114472,0.6147493
2016,490,8407,1,0.53389406,0.5111702,-0.09109623
2016,490,8408,1,0.22948943,0.32843912,0.49594316
2016,490,8409,0,0.042827442,0.06439936,0.43071964
2016,490,8410,0,0.22269139,0.315053,0.4734498
2016,490,8411,0,0.14911523,0.13243261,-0.13806203
2016,490,8412,0,0.14257373,0.17162599,0.21992889
2016,490,8413,0,0.029153476,0.035255466,0.19635163
2016,490,8414,0,0.031087378,0.041889194,0.30943695
2016,490,8415,0,0.045040537,0.052705977,0.16522518
2016,490,8416,0,0.21731551,0.24677655,0.1655009
2016,490,8417,0,0.1686362,0.22618131,0.36532316
2016,490,8418,0,0.033819214,0.032738067,-0.033608936
2016,490,8419,0,0.11697465,0.14626083,0.25716227
2016,490,8420,0,0.1852475,0.2883232,0.57764983
2016,490,8421,0,0.04386305,0.05787801,0.29203153
2016,490,8422,0,0.037579335,0.051223125,0.324015
2016,490,8423,0,0.058499817,0.05550789,-0.055671263
2016,490,8424,0,0.038393077,0.03956309,0.03123677
2016,490,8425,0,0.112177856,0.14005995,0.25389355
2016,490,8426,1,0.4583604,0.51403224,0.22308876
2016,490,8427,0,0.08906326,0.1074855,0.20843974
2016,490,8428,0,0.057608705,0.07983654,0.3501767
2016,490,8429,0,0.28314763,0.4652399,0.78963655
2016,490,8430,0,0.13920498,0.19411659,0.3984287
2016,490,8431,0,0.080259755,0.119751334,0.44403598
2016,490,8432,0,0.12187511,0.16714609,0.36880198
2016,490,8433,0,0.100107744,0.11655675,0.17057912
2016,490,8434,0,0.20455264,0.25659156,0.29431912
2016,490,8435,0,0.16161437,0.2560215,0.5795145
2016,490,8436,0,0.10978775,0.15441896,0.39255643
2016,490,8437,0,0.08238176,0.11956724,0.4138828
2016,490,8438,0,0.048411448,0.06821491,0.36395746
2016,490,8439,0,0.116344705,0.16995497,0.44156328
2016,490,8440,0,0.23337008,0.28672072,0.27801415
2016,490,8441,0,0.070421845,0.08567338,0.21258174
2016,490,8442,0,0.17114897,0.26675674,0.5663657
2016,490,8443,0,0.038869474,0.034285713,-0.13023834
2016,490,8444,0,0.3235746,0.46240672,0.586735
2016,490,8445,0,0.21028903,0.3067991,0.5080575
2016,490,8446,0,0.27944785,0.39635542,0.5265278
2016,490,8447,0,0.101639636,0.12980834,0.27648327
2016,490,8448,0,0.07794019,0.0913978,0.17398228
2016,490,8449,0,0.28183472,0.49034962,0.89677256
2016,490,8450,0,0.13356048,0.18283315,0.37256864
2016,490,8451,0,0.11081387,0.12150513,0.10420102
2016,490,8452,0,0.039164018,0.042324733,0.08090836
2016,490,8453,0,0.18453735,0.16826583,-0.112064056
2016,490,8454,0,0.18245843,0.25598612,0.4328428
2016,490,8455,0,0.16806653,0.2717688,0.6137257
2016,490,8456,1,0.27831224,0.5301249,1.0734947
2016,490,8457,0,0.14895311,0.19351874,0.31552938
2016,490,8458,0,0.109524526,0.16584308,0.4802276
2016,490,8459,0,0.09864679,0.15188666,0.49247178
2016,490,8460,0,0.13503164,0.20328635,0.4913041
2016,490,8461,0,0.12853627,0.19141313,0.47310913
2016,490,8462,0,0.098798126,0.13370408,0.3420532
2016,490,8463,0,0.091731966,0.14656325,0.5308541
2016,490,8464,0,0.23334622,0.2726678,0.20838283
2016,490,8465,0,0.14877851,0.17820148,0.21563333
2016,490,8466,0,0.07823799,0.083428904,0.069886886
2016,490,8467,0,0.06223291,0.059349712,-0.0505066
2016,490,8468,0,0.104432695,0.16109125,0.49878356
2016,490,8470,0,0.11796442,0.13913271,0.18933731
2016,490,8471,1,0.047211748,0.054151095,0.14444545
2016,490,8472,0,0.08953789,0.11401057,0.26887646
2016,490,8473,0,0.0765201,0.11608427,0.4605503
2016,490,8474,0,0.09313237,0.13537079,0.42169157
2016,490,8475,0,0.57570475,0.74732864,0.7792501
2016,490,8476,0,0.14044327,0.18441984,0.32492837
2016,490,8477,0,0.029733222,0.04747057,0.48629493
2016,490,8478,0,0.2646344,0.26762882,0.015332065
2016,490,8479,0,0.07593443,0.10981443,0.40627486
2016,490,8480,0,0.047922596,0.06834625,0.3766847
2016,490,8481,0,0.03487806,0.037925113,0.08691753
2016,490,8482,0,0.03599923,0.039698668,0.10166506
2016,490,8483,0,0.056083556,0.069026574,0.2214558
2016,490,8484,0,0.035899885,0.03982155,0.107750095
2016,490,8485,0,0.1187578,0.14166608,0.2027261
2016,702,8402,1,0.71131927,0.7701167,0.30717036
2016,702,8403,1,0.23124203,0.36382395,0.642506
2016,702,8404,1,0.6503862,0.81609905,0.8694011
2016,702,8406,1,0.5864525,0.694099,0.47003376
2016,702,8407,1,0.14879987,0.16387215,0.11435009
2016,702,8409,0,0.057347294,0.068916604,0.19612047
2016,702,8410,1,0.28315416,0.3678996,0.38763103
2016,702,8411,0,0.12000007,0.11263795,-0.071644716
2016,702,8412,0,0.08594423,0.106113076,0.23311898
2016,702,8413,0,0.038654596,0.05156192,0.30163512
2016,702,8414,0,0.024186213,0.03147379,0.2708686
2016,702,8416,1,0.22328144,0.29253495,0.36354086
2016,702,8417,1,0.7515687,0.8162469,0.38412762
2016,702,8418,0,0.104654506,0.114563964,0.10159827
2016,702,8419,0,0.09885467,0.1342245,0.3459038
2016,702,8420,1,0.20752162,0.39548483,0.9156154
2016,702,8421,0,0.039843116,0.052753024,0.29420823
2016,702,8422,0,0.09330354,0.13406299,0.4084473
2016,702,8423,0,0.13512626,0.1591659,0.19192666
2016,702,8424,0,0.07006642,0.09129755,0.2877758
2016,702,8425,0,0.15737122,0.21755713,0.3979597
2016,702,8426,1,0.15733828,0.22917692,0.46520287
2016,702,8427,0,0.15708013,0.22591366,0.44858545
2016,702,8428,0,0.09929414,0.11432948,0.1578317
2016,702,8430,0,0.09747808,0.14150524,0.42272153
2016,702,8431,0,0.06782218,0.08961271,0.3022613
2016,702,8432,0,0.23141366,0.35896158,0.6204721
2016,702,8433,0,0.22990882,0.31947964,0.45266196
2016,702,8435,0,0.5044552,0.6154375,0.4524057
2016,702,8436,0,0.1531074,0.20894831,0.37915775
2016,702,8437,1,0.2065568,0.31055874,0.54829794
2016,702,8438,1,0.11881526,0.24151416,0.85930127
2016,702,8439,1,0.42867026,0.49847212,0.28116712
2016,702,8440,1,0.35206923,0.4323564,0.33771256
2016,702,8441,0,0.19733827,0.25164992,0.31318215
2016,702,8442,0,0.21836022,0.28754976,0.36793375
2016,702,8443,0,0.059638064,0.053130124,-0.12244688
2016,702,8445,1,0.35556394,0.532573,0.72514737
2016,702,8448,1,0.357481,0.53575104,0.729563
2016,702,8449,0,0.3622278,0.32001537,-0.18799338
2016,702,8451,1,0.12087761,0.10916426,-0.115160726
2016,702,8452,1,0.14557643,0.12267694,-0.197595
2016,702,8453,1,0.6778922,0.70278573,0.11649673
2016,702,8454,0,0.3652008,0.46778372,0.42381743
2016,702,8455,1,0.569562,0.6121535,0.17630875
2016,702,8456,1,0.1725798,0.16762546,-0.035097554
2016,702,8457,0,0.27568582,0.38605085,0.50202036
2016,702,8458,0,0.13801444,0.1646141,0.20759031
2016,702,8459,1,0.16794528,0.237587,0.43430558
2016,702,8460,0,0.21402946,0.27064857,0.3094712
2016,702,8461,0,0.1683982,0.21932507,0.32741827
2016,702,8462,0,0.16434982,0.22034343,0.36254668
2016,702,8463,0,0.21268792,0.31327894,0.52396464
2016,702,8464,0,0.3318439,0.21166055,-0.6150878
2016,702,8465,0,0.16762763,0.23889716,0.4437996
2016,702,8466,0,0.11105965,0.14215317,0.28244227
2016,702,8467,0,0.074342534,0.080377206,0.08458802
2016,702,8468,1,0.24905613,0.33686998,0.42637855
2016,702,8470,0,0.107704274,0.11338906,0.0578269
2016,702,8471,0,0.02147272,0.026426617,0.21266384
2016,702,8472,0,0.10308109,0.1741882,0.60721886
2016,702,8473,0,0.103028744,0.13032928,0.26596537
2016,702,8475,0,0.3772047,0.54345435,0.6756869
2016,702,8476,1,0.31397885,0.48117617,0.7062519
2016,702,8477,0,0.103782795,0.14026324,0.34277725
2016,702,8478,1,0.5260406,0.2863835,-1.0172706
2016,702,8479,0,0.09905284,0.1250624,0.26245362
2016,702,8480,0,0.1000321,0.15752755,0.5201273
2016,702,8481,0,0.037662122,0.047010772,0.23148406
2016,702,8482,0,0.03960696,0.054101445,0.32706338
2016,702,8483,0,0.053574722,0.059005022,0.10229942
2016,702,8484,0,0.06854478,0.11749476,0.5928898
2016,528,8401,1,0.46522543,0.42623472,-0.15790692
2016,528,8403,0,0.10215698,0.0734506,-0.36136952
2016,528,8404,0,0.230697,0.3439808,0.55877554
2016,528,8406,1,0.2673006,0.42755342,0.71652156
2016,528,8407,0,0.1800773,0.23818852,0.3531872
2016,528,8408,0,0.06255879,0.07982644,0.26233968
2016,528,8409,0,0.023718627,0.042196855,0.59519356
2016,528,8410,1,0.5123169,0.6862331,0.73328954
2016,528,8411,0,0.0965171,0.10592291,0.10345641
2016,528,8412,0,0.04827388,0.065574646,0.32464403
2016,528,8413,0,0.026866289,0.029166706,0.08452223
2016,528,8414,0,0.03455209,0.04844022,0.35235208
2016,528,8415,0,0.045633506,0.055397086,0.20416795
2016,528,8416,0,0.10914296,0.13555996,0.2468575
2016,528,8417,1,0.17973873,0.2754364,0.5509058
2016,528,8418,0,0.033965167,0.021176672,-0.48558667
2016,528,8419,0,0.12959005,0.1545351,0.2051229
2016,528,8420,0,0.20708007,0.18616082,-0.13253526
2016,528,8421,0,0.08961551,0.09477174,0.061622836
2016,528,8422,0,0.040333766,0.039622243,-0.018539328
2016,528,8423,0,0.08744471,0.06078032,-0.3925414
2016,528,8424,0,0.028979618,0.020041497,-0.37795043
2016,528,8425,0,0.037163008,0.04521769,0.20457537
2016,528,8426,0,0.091236725,0.12582861,0.36027148
2016,528,8427,0,0.047754668,0.062299673,0.28127176
2016,528,8428,0,0.07658356,0.072905235,-0.053197294
2016,528,8429,0,0.09049621,0.13878493,0.48217234
2016,528,8430,1,0.08194891,0.12761292,0.49392545
2016,528,8431,0,0.0341452,0.058207955,0.55862904
2016,528,8432,0,0.043441694,0.06808472,0.47543278
2016,528,8433,0,0.070347466,0.0792481,0.12875706
2016,528,8434,0,0.1066933,0.11186042,0.05309471
2016,528,8435,0,0.15875651,0.20644122,0.3209977
2016,528,8436,0,0.08488858,0.0878703,0.037786048
2016,528,8437,0,0.15272973,0.20167258,0.33747646
2016,528,8438,0,0.03775711,0.044361398,0.16808301
2016,528,8439,0,0.19132152,0.254608,0.367261
2016,528,8440,0,0.098879986,0.14753766,0.45568606
2016,528,8441,0,0.06804134,0.04457395,-0.44783485
2016,528,8442,0,0.12466352,0.1571945,0.26973772
2016,528,8443,0,0.043476474,0.029937793,-0.38715327
2016,528,8444,0,0.17857502,0.34476292,0.8838917
2016,528,8445,1,0.54472697,0.7138185,0.7346151
2016,528,8446,1,0.64528143,0.7115353,0.3044904
2016,528,8447,0,0.23094803,0.27235714,0.22026975
2016,528,8448,0,0.18113062,0.18253237,0.009422378
2016,528,8449,0,0.44851363,0.5325995,0.33726117
2016,528,8450,0,0.20919165,0.18556988,-0.1492523
2016,528,8451,0,0.0911098,0.07461961,-0.21764247
2016,528,8452,0,0.11398348,0.09634289,-0.18785432
2016,528,8453,0,0.55364,0.4278197,-0.50614125
2016,528,8454,1,0.24167459,0.3822122,0.6633513
2016,528,8455,1,0.31508714,0.3395274,0.1110414
2016,528,8456,0,0.10693737,0.13848184,0.29445654
2016,528,8457,0,0.21467084,0.29944655,0.4470623
2016,528,8458,0,0.16718847,0.2026951,0.23615131
2016,528,8459,0,0.1033074,0.15369245,0.4550748
2016,528,8460,0,0.14371596,0.20021228,0.39979517
2016,528,8461,0,0.12485438,0.19864309,0.5524454
2016,528,8462,0,0.07061899,0.098736785,0.36588004
2016,528,8463,0,0.37307468,0.45099336,0.32239074
2016,528,8464,0,0.11194063,0.11512264,0.03161882
2016,528,8465,0,0.098317906,0.11177903,0.14335927
2016,528,8466,0,0.06761376,0.04186378,-0.5066334
2016,528,8467,0,0.051569115,0.038998976,-0.29255423
2016,528,8468,0,0.0790557,0.106990345,0.3333881
2016,528,8470,1,0.2204109,0.2502172,0.1658193
2016,528,8471,0,0.03886209,0.040119305,0.033147294
2016,528,8472,1,0.16431823,0.23024054,0.4194895
2016,528,8473,0,0.05480125,0.065771475,0.19414745
2016,528,8474,0,0.08553403,0.13021821,0.47039518
2016,528,8475,1,0.21005888,0.34661427,0.6906154
2016,528,8476,0,0.23392405,0.2325128,-0.0078918245
2016,528,8477,0,0.05950395,0.077280596,0.28048253
2016,528,8478,0,0.17670074,0.21903297,0.26755154
2016,528,8479,0,0.055754226,0.085229166,0.45610335
2016,528,8480,0,0.11796322,0.11865614,0.00664271
2016,528,8481,0,0.028524192,0.02914847,0.022292545
2016,528,8482,0,0.04584495,0.057676475,0.24206181
2016,528,8483,0,0.06480169,0.061716083,-0.052081104
2016,528,8484,0,0.059335735,0.067075804,0.13087393
2016,528,8485,0,0.055950347,0.07785523,0.35386294
2016,410,8401,0,0.44309056,0.48348457,0.16254283
2016,410,8402,0,0.22585717,0.3071426,0.41834137
2016,410,8403,0,0.14183715,0.12033368,-0.18915991
2016,410,8404,1,0.15715025,0.2563158,0.6143801
2016,410,8406,1,0.28587085,0.4565339,0.74121934
2016,410,8407,0,0.07290161,0.086317234,0.1834948
2016,410,8408,0,0.08917419,0.11696421,0.30226225
2016,410,8409,0,0.030815285,0.04728459,0.44531253
2016,410,8410,1,0.4088474,0.55178386,0.576613
2016,410,8411,0,0.07769235,0.07269472,-0.07189212
2016,410,8412,0,0.08139553,0.08803859,0.085713014
2016,410,8413,0,0.033581704,0.039610513,0.1713709
2016,410,8414,0,0.032859232,0.042407226,0.2650075
2016,410,8415,0,0.025711726,0.035663746,0.33745483
2016,410,8416,1,0.44497377,0.48854205,0.17516026
2016,410,8417,1,0.697716,0.71036375,0.06070618
2016,410,8418,0,0.03415949,0.028713534,-0.17929454
2016,410,8419,1,0.100994244,0.1430716,0.39621684
2016,410,8420,0,0.26169616,0.45122617,0.8414538
2016,410,8421,0,0.1906084,0.26047158,0.40254298
2016,410,8422,0,0.06687657,0.07534908,0.12840417
2016,410,8423,0,0.08562629,0.1039881,0.21456987
2016,410,8424,1,0.04773714,0.054424893,0.13815969
2016,410,8425,0,0.07941801,0.13299175,0.57551944
2016,410,8426,0,0.09249738,0.12885112,0.3723608
2016,410,8427,0,0.06226747,0.07133344,0.14564118
2016,410,8428,0,0.052703056,0.087274216,0.54155874
2016,410,8429,0,0.056407783,0.08440313,0.43311515
2016,410,8431,0,0.036322974,0.054501127,0.42481455
2016,410,8432,0,0.19806553,0.23136415,0.1978045
2016,410,8433,0,0.1203256,0.16505395,0.36825567
2016,410,8434,0,0.25074482,0.2811865,0.15606003
2016,410,8435,0,0.18323682,0.22515056,0.2586703
2016,410,8436,0,0.1132826,0.1392823,0.23637706
2016,410,8437,0,0.107934676,0.14085047,0.30376902
2016,410,8438,0,0.1290455,0.15591808,0.22050588
2016,410,8439,1,0.24697384,0.3613801,0.54543847
2016,410,8440,0,0.36306238,0.48496017,0.5019197
2016,410,8441,0,0.08113768,0.056979448,-0.37940872
2016,410,8442,0,0.5092818,0.5527729,0.17474931
2016,410,8443,0,0.048184697,0.05102272,0.06021578
2016,410,8444,1,0.37897414,0.5342579,0.6311513
2016,410,8445,0,0.3718147,0.5081686,0.5571169
2016,410,8446,0,0.2027181,0.29559866,0.5010463
2016,410,8447,0,0.1610324,0.13776721,-0.18339348
2016,410,8448,0,0.089734994,0.092556074,0.03405775
2016,410,8449,1,0.58361596,0.79869676,1.0405337
2016,410,8450,0,0.09937239,0.10910582,0.104310274
2016,410,8451,0,0.055042528,0.07476369,0.32731697
2016,410,8452,0,0.085769854,0.07732048,-0.11290837
2016,410,8453,0,0.22774638,0.27663133,0.25984713
2016,410,8454,1,0.7300107,0.5659993,-0.72913
2016,410,8455,0,0.16688228,0.2381661,0.44512603
2016,410,8456,1,0.19816041,0.23223184,0.20208003
2016,410,8457,0,0.18050916,0.2380276,0.34937802
2016,410,8458,0,0.08460676,0.13063301,0.48596618
2016,410,8459,0,0.108107075,0.15783691,0.43581268
2016,410,8460,0,0.18293859,0.29628265,0.6315009
2016,410,8461,1,0.21660058,0.28975257,0.38900155
2016,410,8462,0,0.13516718,0.1567441,0.17336783
2016,410,8463,0,0.114345536,0.15636696,0.36158994
2016,410,8464,0,0.3463962,0.3360711,-0.045934018
2016,410,8465,0,0.17957562,0.21075015,0.19881587
2016,410,8466,0,0.083432876,0.062918454,-0.30433807
2016,410,8467,0,0.059192155,0.06415966,0.08587988
2016,410,8468,0,0.28285298,0.41997713,0.60748625
2016,410,8470,1,0.20589279,0.34640718,0.71499324
2016,410,8471,1,0.050446197,0.07259035,0.38752154
2016,410,8472,1,0.11502846,0.16264313,0.40168405
2016,410,8473,0,0.122563615,0.16730803,0.36354706
2016,410,8474,1,0.23650284,0.3348565,0.48564845
2016,410,8475,0,0.6260731,0.677764,0.22810815
2016,410,8476,1,0.18610232,0.29756075,0.6165974
2016,410,8477,0,0.05033283,0.06839767,0.3258867
2016,410,8478,0,0.76447004,0.6821437,-0.41370392
2016,410,8479,0,0.09811606,0.14968446,0.48125657
2016,410,8480,0,0.057711706,0.06355614,0.102685116
2016,410,8481,0,0.028926687,0.034734163,0.18895757
2016,410,8482,0,0.042767063,0.04399144,0.029506715
2016,410,8483,0,0.06262211,0.06486129,0.037524227
2016,410,8484,0,0.07075916,0.08504315,0.19936764
2016,458,8404,0,0.3720799,0.53323185,0.656428
2016,458,8405,0,0.6892794,0.7512219,0.308387
2016,458,8407,0,0.35446268,0.39942044,0.1915994
2016,458,8408,0,0.12209631,0.19622055,0.5626411
2016,458,8409,0,0.1106488,0.1398394,0.2675065
2016,458,8410,1,0.5611722,0.6750882,0.48536903
2016,458,8411,0,0.09966845,0.10941752,0.10420926
2016,458,8412,0,0.15864487,0.16060449,0.014608543
2016,458,8413,0,0.11132045,0.15399553,0.3737225
2016,458,8414,0,0.03767741,0.047345564,0.23850982
2016,458,8415,0,0.036479224,0.04360806,0.18592517
2016,458,8416,0,0.23192422,0.4296917,0.91436845
2016,458,8417,1,0.35367072,0.41907912,0.27638793
2016,458,8418,0,0.051567234,0.062674895,0.206855
2016,458,8419,0,0.11730896,0.17286117,0.45268044
2016,458,8420,1,0.41607475,0.37354842,-0.1781158
2016,458,8421,0,0.078609854,0.091499224,0.16592121
2016,458,8422,1,0.15902229,0.19387212,0.24047716
2016,458,8423,0,0.13235559,0.1429227,0.08906572
2016,458,8424,0,0.07532185,0.08825822,0.1725854
2016,458,8425,0,0.16489927,0.255532,0.5528953
2016,458,8426,0,0.17337164,0.266004,0.5469254
2016,458,8427,0,0.2567793,0.3040886,0.23487282
2016,458,8428,0,0.089469716,0.1070036,0.19840696
2016,458,8430,1,0.46550074,0.5159099,0.20187774
2016,458,8431,1,0.13116106,0.24008186,0.7385009
2016,458,8432,0,0.5937609,0.7159873,0.54510903
2016,458,8433,1,0.29277873,0.3350222,0.19636963
2016,458,8435,0,0.32285023,0.45442572,0.5578995
2016,458,8436,0,0.094574384,0.1282164,0.34219655
2016,458,8437,0,0.31272504,0.4166158,0.4507286
2016,458,8439,1,0.47913164,0.50602156,0.10760947
2016,458,8441,0,0.09470364,0.14989711,0.5221017
2016,458,8442,0,0.46701494,0.55614996,0.35768348
2016,458,8443,0,0.10394381,0.065618865,-0.5018685
2016,458,8444,1,0.64712214,0.6396549,-0.03254644
2016,458,8445,1,0.76285106,0.7827852,0.113596976
2016,458,8446,1,0.3618462,0.5808275,0.8935312
2016,458,8447,0,0.4606637,0.5733858,0.45334956
2016,458,8448,0,0.12957495,0.15719569,0.22547892
2016,458,8451,0,0.17257597,0.14239553,-0.22805478
2016,458,8452,0,0.40477538,0.36976558,-0.14761597
2016,458,8453,0,0.25338495,0.65726566,1.7317724
2016,458,8454,0,0.20549105,0.26113126,0.31222478
2016,458,8455,0,0.27473953,0.3491769,0.34804812
2016,458,8456,0,0.22469732,0.24200769,0.096795484
2016,458,8457,0,0.23845136,0.34881008,0.53691494
2016,458,8458,0,0.218842,0.27443415,0.3001869
2016,458,8459,0,0.1613607,0.22896582,0.43397856
2016,458,8460,1,0.5211149,0.6564043,0.5628015
2016,458,8462,0,0.22899318,0.26340315,0.18565002
2016,458,8463,0,0.18673219,0.3303728,0.76488566
2016,458,8464,0,0.17524174,0.26877397,0.5480722
2016,458,8465,0,0.28948754,0.33367857,0.20628022
2016,458,8466,0,0.2073763,0.2530141,0.2582123
2016,458,8467,0,0.08579109,0.09821982,0.14898103
2016,458,8468,0,0.1728459,0.3090913,0.7612196
2016,458,8469,1,0.28905556,0.48444724,0.8377443
2016,458,8470,0,0.16044524,0.22715828,0.43049186
2016,458,8471,1,0.024274103,0.03614399,0.41034025
2016,458,8472,1,0.22615914,0.30216616,0.39312342
2016,458,8473,0,0.11392556,0.22584,0.8193039
2016,458,8474,0,0.10590506,0.15679237,0.4509782
2016,458,8475,0,0.3159638,0.45510578,0.59232134
2016,458,8476,0,0.31225035,0.46935797,0.6668977
2016,458,8477,1,0.096205406,0.16158164,0.59360975
2016,458,8479,0,0.119505346,0.22207548,0.7435104
2016,458,8480,0,0.079562195,0.10099951,0.26214248
2016,458,8481,0,0.04639566,0.057969052,0.23491414
2016,458,8482,0,0.07491358,0.07908141,0.058658127
2016,458,8484,0,0.099069595,0.09889157,-0.0019963528
2016,458,8485,0,0.14763376,0.17436339,0.19826852
2016,124,8401,0,0.6580882,0.7252022,0.31562883
2016,124,8402,0,0.3311074,0.36657998,0.15626372
2016,124,8403,0,0.18272305,0.18303053,0.0020576154
2016,124,8404,0,0.2862152,0.43194282,0.6399088
2016,124,8405,0,0.49677628,0.6638809,0.6935321
2016,124,8406,0,0.29307267,0.3313884,0.17859516
2016,124,8407,0,0.13322738,0.14140241,0.06902883
2016,124,8408,0,0.18627511,0.24318482,0.33910027
2016,124,8409,0,0.054242842,0.10521563,0.7179439
2016,124,8410,1,0.24291728,0.3192554,0.37955576
2016,124,8411,0,0.086198054,0.074951515,-0.1520385
2016,124,8412,0,0.09575042,0.10478686,0.100226775
2016,124,8413,0,0.048830517,0.043719213,-0.11592723
2016,124,8414,0,0.051512435,0.05396246,0.049051773
2016,124,8415,0,0.10095574,0.09643615,-0.050815523
2016,124,8416,0,0.20655979,0.22925612,0.13327198
2016,124,8417,0,0.15671194,0.22599743,0.45184767
2016,124,8418,0,0.07355785,0.028211867,-1.0061157
2016,124,8419,0,0.16296129,0.24483982,0.51003194
2016,124,8420,0,0.2380753,0.29457584,0.28999794
2016,124,8421,0,0.114860654,0.121955745,0.06798663
2016,124,8422,0,0.09076984,0.079481654,-0.14513947
2016,124,8423,0,0.16301061,0.1388184,-0.18914276
2016,124,8424,0,0.06662684,0.057145808,-0.16360806
2016,124,8425,0,0.08381513,0.09462914,0.13322538
2016,124,8426,0,0.23992881,0.32479993,0.42127016
2016,124,8427,0,0.23161167,0.23961602,0.04444732
2016,124,8428,0,0.06589613,0.05556554,-0.18151528
2016,124,8429,0,0.19343771,0.31254253,0.63956624
2016,124,8430,0,0.19586898,0.21933258,0.14275622
2016,124,8431,0,0.094049804,0.095832594,0.020748144
2016,124,8432,0,0.15025467,0.15652172,0.048265677
2016,124,8433,0,0.10365671,0.12696193,0.22914708
2016,124,8434,0,0.24999774,0.26967204,0.102337174
2016,124,8435,1,0.28378782,0.22779705,-0.29504263
2016,124,8436,0,0.10810297,0.10649878,-0.016747674
2016,124,8437,0,0.5158369,0.5336958,0.07161895
2016,124,8438,0,0.09654918,0.122623816,0.2683545
2016,124,8439,0,0.24777713,0.28408954,0.18623719
2016,124,8440,0,0.2978522,0.31447196,0.078252025
2016,124,8441,0,0.21019202,0.19803971,-0.074823126
2016,124,8442,0,0.22260834,0.2203249,-0.013243709
2016,124,8443,0,0.10861046,0.073369816,-0.43102822
2016,124,8445,0,0.3341715,0.41258988,0.33610854
2016,124,8448,0,0.18883795,0.1609166,-0.19384533
2016,124,8449,1,0.80691373,0.7716697,-0.21231654
2016,124,8451,0,0.12014205,0.10621729,-0.1388901
2016,124,8452,0,0.17406431,0.15733397,-0.12110794
2016,124,8453,0,0.3860934,0.575271,0.7671536
2016,124,8454,0,0.20720477,0.30658677,0.5257321
2016,124,8455,0,0.28389025,0.4703516,0.8065128
2016,124,8456,1,0.3628189,0.3180938,-0.19939573
2016,124,8457,0,0.25382254,0.33469927,0.39132148
2016,124,8458,0,0.3953293,0.43362257,0.15787871
2016,124,8459,0,0.25035807,0.35428753,0.4964581
2016,124,8460,0,0.19842821,0.38799447,0.94039685
2016,124,8461,0,0.27208188,0.2917183,0.09703225
2016,124,8462,0,0.20067656,0.18803793,-0.08073869
2016,124,8463,0,0.22439167,0.35728085,0.65306896
2016,124,8464,0,0.22150993,0.27293748,0.27711916
2016,124,8465,0,0.1119999,0.11899229,0.068466246
2016,124,8466,0,0.09602944,0.07889024,-0.21537974
2016,124,8467,0,0.08301656,0.07626333,-0.09218557
2016,124,8468,0,0.20082815,0.36423945,0.8241159
2016,124,8470,0,0.21788,0.21921128,0.0077951634
2016,124,8471,0,0.037076134,0.040999733,0.10467497
2016,124,8472,0,0.13609017,0.13640133,0.002643926
2016,124,8473,0,0.105240464,0.12872967,0.22806953
2016,124,8474,0,0.15650627,0.17988203,0.1673094
2016,124,8475,0,0.2878618,0.36113727,0.3353601
2016,124,8476,0,0.22560373,0.22236207,-0.018650364
2016,124,8477,0,0.06979883,0.07498578,0.07727321
2016,124,8478,0,0.43528903,0.4009279,-0.14129664
2016,124,8479,0,0.10618176,0.13558337,0.27788198
2016,124,8480,0,0.15278362,0.1441662,-0.06817604
2016,124,8481,0,0.043547433,0.04390851,0.008635028
2016,124,8482,0,0.07794939,0.08967394,0.1529176
2016,124,8483,0,0.07247294,0.06387784,-0.13546477
2016,124,8484,0,0.118186146,0.10820084,-0.0995317
2016,124,8485,0,0.13463491,0.13074917,-0.033766314
2016,484,8402,1,0.5060397,0.5280326,0.08808809
2016,484,8403,0,0.25046945,0.35562122,0.50168955
2016,484,8404,0,0.4265005,0.44191486,0.06274927
2016,484,8405,1,0.31675857,0.39883208,0.35837466
2016,484,8406,1,0.27628767,0.48298615,0.8948697
2016,484,8407,1,0.24021168,0.22228251,-0.10089495
2016,484,8408,0,0.15800779,0.44434643,1.4495858
2016,484,8409,0,0.08509509,0.09927139,0.16970418
2016,484,8410,0,0.5551942,0.5599905,0.019443467
2016,484,8411,0,0.11801125,0.1007002,-0.17806932
2016,484,8412,0,0.26077983,0.25749058,-0.017133124
2016,484,8413,0,0.064829074,0.044011828,-0.4093121
2016,484,8414,0,0.05948239,0.08029491,0.32240328
2016,484,8415,0,0.12896559,0.26957202,0.9133408
2016,484,8416,0,0.28386337,0.28152797,-0.011517053
2016,484,8417,1,0.26390958,0.3095533,0.22353795
2016,484,8418,0,0.06537792,0.04916719,-0.30215397
2016,484,8419,0,0.1494646,0.17409632,0.181937
2016,484,8420,0,0.63387656,0.6324146,-0.006294285
2016,484,8421,0,0.1426408,0.14883,0.049720176
2016,484,8423,0,0.14003566,0.11991806,-0.1782125
2016,484,8424,0,0.08763129,0.07248994,-0.20614983
2016,484,8425,0,0.11121239,0.1107147,-0.0050448272
2016,484,8426,0,0.25281325,0.2519686,-0.00447645
2016,484,8427,0,0.6870618,0.68741,0.0016199078
2016,484,8428,0,0.14869224,0.12966882,-0.15899499
2016,484,8429,0,0.36832818,0.4263299,0.24255462
2016,484,8430,0,0.2633874,0.31214625,0.23833166
2016,484,8431,0,0.15152158,0.13881242,-0.10247221
2016,484,8432,0,0.18434364,0.14451525,-0.2910917
2016,484,8433,0,0.17244607,0.15547657,-0.12388769
2016,484,8434,0,0.24209285,0.25203967,0.053476147
2016,484,8436,0,0.16978383,0.14356637,-0.19881926
2016,484,8438,0,0.14009477,0.14212485,0.016750287
2016,484,8439,1,0.6363362,0.6506728,0.06250074
2016,484,8441,0,0.3069049,0.15502307,-0.88110614
2016,484,8442,0,0.20549797,0.15542795,-0.3403684
2016,484,8443,0,0.098286755,0.061196953,-0.5141009
2016,484,8448,1,0.19846603,0.17837985,-0.13145354
2016,484,8450,0,0.541482,0.40437105,-0.5535952
2016,484,8451,0,0.25612098,0.105790436,-1.0682515
2016,484,8453,1,0.5019228,0.55433536,0.21051165
2016,484,8454,1,0.31251162,0.35347828,0.18461862
2016,484,8455,0,0.26276362,0.4873437,0.9810177
2016,484,8456,1,0.24622488,0.23745018,-0.04786108
2016,484,8457,0,0.2999345,0.32580063,0.12036958
2016,484,8458,1,0.323909,0.325795,0.008599187
2016,484,8459,0,0.24825312,0.34165585,0.45202696
2016,484,8460,0,0.22662501,0.23268412,0.034250658
2016,484,8461,0,0.41942263,0.40266305,-0.06923717
2016,484,8462,0,0.23982807,0.2577538,0.09594611
2016,484,8464,1,0.5993597,0.587756,-0.048101448
2016,484,8465,0,0.20276971,0.24600744,0.24905202
2016,484,8466,0,0.15704837,0.12259229,-0.28775176
2016,484,8467,0,0.13134705,0.12519462,-0.055031355
2016,484,8468,0,0.17961681,0.3345923,0.8314587
2016,484,8470,0,0.17490712,0.20174828,0.1758377
2016,484,8471,0,0.06711321,0.06320385,-0.06419753
2016,484,8472,0,0.1735101,0.1766405,0.02167551
2016,484,8473,0,0.11553169,0.14313439,0.24594471
2016,484,8474,0,0.21806103,0.24120854,0.13093661
2016,484,8476,0,0.21100543,0.23242532,0.124208726
2016,484,8477,0,0.14209652,0.09305028,-0.47896206
2016,484,8479,0,0.23593295,0.21293832,-0.1321963
2016,484,8480,1,0.28353262,0.2575933,-0.13150963
2016,484,8481,0,0.073025234,0.046104945,-0.4885123
2016,484,8482,0,0.1041611,0.13006724,0.2514576
2016,484,8483,0,0.08376988,0.071812145,-0.16698644
2016,484,8484,0,0.17324734,0.116840325,-0.45991242
2016,484,8485,0,0.4964497,0.40185514,-0.3835398
2016,757,8403,0,0.23686624,0.23877685,0.0105405655
2016,757,8404,0,0.39629743,0.5241782,0.51770496
2016,757,8405,0,0.239904,0.35954562,0.57586914
2016,757,8406,1,0.2730714,0.40351668,0.58826154
2016,757,8407,0,0.22153226,0.2539426,0.17906511
2016,757,8408,0,0.24306458,0.44389847,0.91059583
2016,757,8409,0,0.06575427,0.113881096,0.6021185
2016,757,8411,0,0.13818456,0.116029516,-0.20012808
2016,757,8412,0,0.116216406,0.13607052,0.18044043
2016,757,8413,0,0.043643054,0.0399614,-0.09197232
2016,757,8414,0,0.029554596,0.04107868,0.34119612
2016,757,8415,0,0.11256961,0.10877956,-0.03851005
2016,757,8416,0,0.24288335,0.2573708,0.077257015
2016,757,8417,0,0.1807735,0.23833263,0.34927318
2016,757,8418,0,0.08345682,0.06230118,-0.3151687
2016,757,8419,0,0.15418142,0.19729036,0.29885846
2016,757,8420,0,0.22764139,0.20202053,-0.15203616
2016,757,8421,0,0.07731804,0.10259798,0.31067166
2016,757,8422,0,0.06581901,0.06553526,-0.004624208
2016,757,8423,0,0.08154806,0.073455736,-0.11328182
2016,757,8424,0,0.062676,0.049738254,-0.24491271
2016,757,8425,0,0.106264405,0.11087181,0.047612946
2016,757,8426,1,0.44046447,0.4878846,0.19080625
2016,757,8427,0,0.17026636,0.20913514,0.2535943
2016,757,8428,0,0.10209951,0.108146936,0.06430071
2016,757,8429,0,0.24934115,0.40731707,0.72706157
2016,757,8430,0,0.20232269,0.24615449,0.252612
2016,757,8431,0,0.047344867,0.07231603,0.45014927
2016,757,8432,0,0.10989088,0.15773779,0.41669896
2016,757,8433,0,0.20188364,0.2078891,0.036866177
2016,757,8434,0,0.23568985,0.2541112,0.099652424
2016,757,8435,0,0.23651746,0.29625043,0.30665085
2016,757,8436,0,0.17660682,0.2233131,0.2930454
2016,757,8437,1,0.32017618,0.33050987,0.047082346
2016,757,8438,0,0.03657995,0.044377573,0.2013605
2016,757,8439,0,0.19774587,0.3082275,0.59202385
2016,757,8440,0,0.17031716,0.21721673,0.301421
2016,757,8441,0,0.087388046,0.08162028,-0.07458103
2016,757,8442,0,0.13482112,0.14826822,0.1107388
2016,757,8443,0,0.06332738,0.042443134,-0.42220408
2016,757,8444,1,0.5080706,0.47733766,-0.12299654
2016,757,8445,0,0.1949677,0.3155027,0.6435311
2016,757,8446,0,0.113211304,0.16368534,0.4272919
2016,757,8447,0,0.26774877,0.38474685,0.5366263
2016,757,8448,0,0.050508056,0.055322222,0.09612506
2016,757,8449,0,0.31970814,0.37667024,0.2514078
2016,757,8450,0,0.14549905,0.11944055,-0.2273905
2016,757,8451,1,0.050101582,0.042589046,-0.17033306
2016,757,8452,0,0.11613634,0.09645302,-0.2077341
2016,757,8453,1,0.14942425,0.12300227,-0.22517763
2016,757,8454,0,0.18508431,0.26651645,0.46990398
2016,757,8455,1,0.20594007,0.30902058,0.54487145
2016,757,8456,0,0.10245971,0.11962925,0.1742427
2016,757,8457,0,0.25601056,0.3323304,0.36914438
2016,757,8458,0,0.15223157,0.21032189,0.39421856
2016,757,8459,0,0.17453536,0.21746626,0.27332565
2016,757,8460,0,0.13119498,0.18654706,0.41782957
2016,757,8461,0,0.18417762,0.27940473,0.54087967
2016,757,8462,0,0.1290393,0.14489254,0.13424507
2016,757,8463,0,0.1255617,0.16560169,0.32365888
2016,757,8464,0,0.1723477,0.15714131,-0.110574745
2016,757,8465,0,0.10891811,0.1254241,0.15980178
2016,757,8466,0,0.07508429,0.043532636,-0.5786446
2016,757,8467,0,0.08201272,0.051021703,-0.5078255
2016,757,8468,0,0.13173735,0.18338197,0.39208388
2016,757,8470,1,0.18974619,0.19904262,0.059371304
2016,757,8471,1,0.03933915,0.0431242,0.09581189
2016,757,8472,1,0.15519391,0.1855097,0.21497643
2016,757,8473,0,0.11027418,0.13513173,0.23161633
2016,757,8474,0,0.1310581,0.18963584,0.43925738
2016,757,8475,0,0.1712163,0.27172995,0.59116834
2016,757,8476,0,0.16359457,0.15731026,-0.046656627
2016,757,8477,0,0.06644713,0.07335756,0.10636872
2016,757,8479,0,0.06284936,0.12086164,0.7178074
2016,757,8480,0,0.12963027,0.13122065,0.014022835
2016,757,8481,0,0.046665367,0.038329873,-0.20547824
2016,757,8482,0,0.058257867,0.07042681,0.20270073
2016,757,8483,0,0.101678,0.0872442,-0.16903965
2016,757,8484,0,0.05917325,0.07018686,0.18246706
2016,757,8485,0,0.07758607,0.100027375,0.2786857
2016,764,8402,0,0.5787019,0.6967841,0.5145837
2016,764,8403,0,0.2319393,0.25196815,0.10925024
2016,764,8404,0,0.17727141,0.31607828,0.76309085
2016,764,8405,0,0.4815654,0.5418177,0.24143447
2016,764,8406,0,0.2921243,0.41952136,0.56035054
2016,764,8407,0,0.09326555,0.1047093,0.12843822
2016,764,8408,0,0.33997124,0.40422893,0.27554724
2016,764,8409,0,0.03740946,0.052267857,0.35001433
2016,764,8411,0,0.099005304,0.11005512,0.118147515
2016,764,8412,0,0.23292772,0.26278672,0.16031836
2016,764,8413,0,0.03776781,0.03727865,-0.013544635
2016,764,8414,0,0.029606583,0.03989236,0.3088443
2016,764,8415,0,0.0232456,0.02726405,0.16357554
2016,764,8416,1,0.6107516,0.5199806,-0.3705077
2016,764,8417,1,0.35394642,0.45118392,0.4058486
2016,764,8418,0,0.13297887,0.13690159,0.03360681
2016,764,8419,1,0.19900799,0.23853134,0.23175767
2016,764,8420,1,0.43344542,0.28542656,-0.6498935
2016,764,8421,0,0.05584698,0.07257448,0.27987352
2016,764,8422,0,0.1101212,0.13110702,0.19829775
2016,764,8424,0,0.054945536,0.057843328,0.054466743
2016,764,8425,0,0.14593552,0.22176662,0.51144093
2016,764,8426,1,0.45809993,0.53114796,0.29274762
2016,764,8428,0,0.12305178,0.17092694,0.38477063
2016,764,8434,1,0.23394403,0.4305664,0.9066328
2016,764,8437,0,0.14166087,0.20285827,0.4330382
2016,764,8438,0,0.15226449,0.1800418,0.20088528
2016,764,8439,1,0.5626425,0.6605562,0.41388053
2016,764,8441,0,0.10245598,0.10492262,0.026541889
2016,764,8442,0,0.502335,0.54115653,0.15565933
2016,764,8443,0,0.07768128,0.046580482,-0.54459685
2016,764,8445,1,0.5609723,0.5811146,0.08224149
2016,764,8447,0,0.48069146,0.47320142,-0.030024467
2016,764,8448,0,0.14942592,0.099345155,-0.46541125
2016,764,8450,0,0.063764766,0.08541067,0.31566188
2016,764,8451,0,0.08823758,0.10520731,0.19468713
2016,764,8452,0,0.0765841,0.10008203,0.2933768
2016,764,8453,0,0.19626822,0.23492642,0.22908364
2016,764,8454,0,0.27032718,0.34719974,0.36159226
2016,764,8455,0,0.20328604,0.30565852,0.5453863
2016,764,8456,0,0.1386111,0.13818082,-0.0036084896
2016,764,8457,0,0.31669343,0.3487395,0.14442492
2016,764,8458,0,0.4162794,0.44746506,0.12714748
2016,764,8459,0,0.12968901,0.18069156,0.3920421
2016,764,8460,0,0.18571608,0.26941586,0.48050174
2016,764,8461,0,0.17335352,0.27523378,0.5938158
2016,764,8462,0,0.14524658,0.20416696,0.41192892
2016,764,8463,0,0.2214931,0.29778785,0.3991321
2016,764,8466,0,0.15261765,0.080660686,-0.71918786
2016,764,8467,0,0.18037836,0.20784175,0.17580202
2016,764,8468,0,0.70046735,0.7078422,0.03540271
2016,764,8470,0,0.23502694,0.31609637,0.40837047
2016,764,8471,1,0.03127822,0.042174324,0.3102012
2016,764,8472,1,0.34217614,0.45960242,0.49166816
2016,764,8473,0,0.10245806,0.14611779,0.40482622
2016,764,8475,0,0.45346245,0.56408906,0.44446465
2016,764,8476,0,0.23274334,0.36649922,0.6456202
2016,764,8477,0,0.08564701,0.091936834,0.077770196
2016,764,8479,0,0.15996791,0.18640696,0.18493873
2016,764,8480,0,0.08138011,0.07656808,-0.0661752
2016,764,8481,0,0.031215921,0.034055043,0.08998475
2016,764,8482,0,0.052622292,0.052699544,0.001548553
2016,764,8483,0,0.05484503,0.061157774,0.115646824
2016,764,8484,0,0.05818876,0.07261034,0.23684631
2016,764,8485,0,0.12992957,0.1405033,0.090465635
2016,752,8401,0,0.42286208,0.53870964,0.46618423
2016,752,8402,0,0.2716906,0.33932778,0.3197707
2016,752,8403,0,0.2612086,0.2023252,-0.33212835
2016,752,8404,0,0.19388857,0.29552066,0.55621815
2016,752,8405,1,0.6760948,0.7908048,0.59390086
2016,752,8406,0,0.4394872,0.5488156,0.43913
2016,752,8407,0,0.26330417,0.2693015,0.0306959
2016,752,8408,0,0.1378384,0.16278842,0.1957354
2016,752,8409,0,0.054383576,0.06750796,0.2301598
2016,752,8410,1,0.31376722,0.38372704,0.30880713
2016,752,8411,0,0.119594954,0.17983004,0.47877187
2016,752,8412,0,0.04099942,0.052327294,0.25584272
2016,752,8413,0,0.02979732,0.029634852,-0.0056346995
2016,752,8414,0,0.03180789,0.041566573,0.27771246
2016,752,8415,0,0.058807615,0.096577145,0.53702766
2016,752,8416,0,0.18699706,0.23389514,0.2831956
2016,752,8417,0,0.19273137,0.30692586,0.6178283
2016,752,8418,0,0.04592967,0.03479161,-0.2893417
2016,752,8419,0,0.1446531,0.1812416,0.2692106
2016,752,8420,0,0.24513437,0.20799364,-0.21232867
2016,752,8421,0,0.07935164,0.08777611,0.11009284
2016,752,8422,0,0.04496415,0.050233062,0.11634028
2016,752,8423,0,0.13854142,0.12345937,-0.13261321
2016,752,8424,0,0.03970142,0.03646963,-0.08826675
2016,752,8425,0,0.15577771,0.18689972,0.21970354
2016,752,8426,0,0.12412682,0.17822099,0.42547023
2016,752,8427,0,0.09193672,0.115107335,0.25061217
2016,752,8428,0,0.07580982,0.06971134,-0.09044192
2016,752,8429,0,0.079375766,0.106255,0.32128012
2016,752,8430,0,0.07252177,0.10190669,0.37236613
2016,752,8431,0,0.029982409,0.045418732,0.43135518
2016,752,8432,0,0.08476675,0.083625115,-0.01480607
2016,752,8433,0,0.112679765,0.16219881,0.42169815
2016,752,8434,0,0.12923855,0.1688834,0.31414667
2016,752,8436,0,0.14693534,0.15570071,0.06827146
2016,752,8437,0,0.15341108,0.20392361,0.3461445
2016,752,8438,0,0.063748494,0.07753247,0.21058315
2016,752,8439,0,0.18787934,0.24506843,0.33875924
2016,752,8440,0,0.23799716,0.41722777,0.82952744
2016,752,8441,0,0.14047858,0.10732128,-0.30707914
2016,752,8442,0,0.23236616,0.2963551,0.3302831
2016,752,8443,0,0.07934012,0.058334775,-0.33010477
2016,752,8446,1,0.70715356,0.729781,0.11191197
2016,752,8447,0,0.62370133,0.29630315,-1.370253
2016,752,8448,0,0.15505064,0.15864024,0.027144585
2016,752,8450,0,0.15190926,0.13875227,-0.10598781
2016,752,8451,0,0.15788795,0.1639202,0.04468311
2016,752,8452,0,0.24687326,0.2838954,0.19013804
2016,752,8453,0,0.5509388,0.45189354,-0.39748758
2016,752,8454,1,0.435994,0.611635,0.7116266
2016,752,8455,0,0.1566568,0.22894017,0.46901128
2016,752,8456,1,0.3232091,0.35294136,0.13292794
2016,752,8457,1,0.4905612,0.56166047,0.28566346
2016,752,8458,0,0.14774859,0.18976349,0.30082163
2016,752,8459,0,0.21628162,0.31273624,0.5001104
2016,752,8460,0,0.19693181,0.29626465,0.5404329
2016,752,8461,0,0.29654667,0.3791599,0.37068138
2016,752,8462,0,0.16584483,0.20388396,0.2531729
2016,752,8463,0,0.19967213,0.2525372,0.30321878
2016,752,8464,0,0.22756672,0.21866724,-0.051347874
2016,752,8465,0,0.14569415,0.16279551,0.1312063
2016,752,8466,0,0.04927626,0.03566541,-0.33747584
2016,752,8467,0,0.056979693,0.052814078,-0.08032472
2016,752,8468,0,0.12155963,0.14882083,0.23386353
2016,752,8470,0,0.34917852,0.31607533,-0.1492152
2016,752,8471,0,0.06433347,0.063148804,-0.019851413
2016,752,8472,1,0.12171763,0.15352565,0.26905206
2016,752,8473,0,0.073825166,0.09707923,0.29925618
2016,752,8474,0,0.072740875,0.102209255,0.37241477
2016,752,8475,0,0.20513283,0.38292873,0.87738156
2016,752,8476,0,0.15390147,0.18370347,0.21286827
2016,752,8477,0,0.12585083,0.12743129,0.014289659
2016,752,8479,0,0.0685511,0.09489858,0.35392353
2016,752,8480,0,0.20572257,0.20919718,0.021133073
2016,752,8481,0,0.032999717,0.03069394,-0.07481525
2016,752,8482,0,0.0360413,0.03738237,0.03792593
2016,752,8483,0,0.07434957,0.068974406,-0.080832504
2016,752,8484,0,0.052112497,0.058462676,0.12170559
2016,752,8485,0,0.07214838,0.09338825,0.28119832
2016,372,8402,1,0.31582627,0.41518414,0.4304448
2016,372,8403,0,0.29308182,0.14591771,-0.88652164
2016,372,8405,1,0.70591533,0.8514795,0.8706246
2016,372,8406,1,0.781986,0.92870176,1.2896378
2016,372,8407,0,0.49552074,0.50605416,0.042135242
2016,372,8409,0,0.16668503,0.24002343,0.45675468
2016,372,8411,0,0.17653462,0.106007226,-0.5921859
2016,372,8412,0,0.2338664,0.25841928,0.1324059
2016,372,8413,0,0.0678031,0.060743548,-0.117491394
2016,372,8414,0,0.09457526,0.13014984,0.35937363
2016,372,8415,0,0.14135021,0.23051336,0.5987058
2016,372,8418,0,0.1276149,0.09055185,-0.38470158
2016,372,8419,0,0.3385954,0.3551783,0.07320604
2016,372,8421,0,0.13221689,0.12704557,-0.0458394
2016,372,8422,0,0.14546545,0.12683813,-0.15859091
2016,372,8423,0,0.42868644,0.33642974,-0.39203295
2016,372,8424,1,0.14694525,0.13782251,-0.0747308
2016,372,8425,1,0.2481486,0.40435472,0.7211582
2016,372,8426,0,0.21083274,0.25163174,0.22998464
2016,372,8427,0,0.25182423,0.26591122,0.07343915
2016,372,8428,0,0.16326113,0.17375493,0.07491556
2016,372,8429,0,0.2915171,0.36179993,0.3204668
2016,372,8430,0,0.22236387,0.25907132,0.20114261
2016,372,8431,0,0.106192894,0.12023677,0.14004289
2016,372,8432,0,0.277085,0.39542753,0.5344132
2016,372,8433,0,0.14282596,0.13578156,-0.05876409
2016,372,8434,0,0.31639105,0.35681963,0.18121222
2016,372,8436,0,0.22801214,0.21599662,-0.069580674
2016,372,8437,0,0.5425508,0.5932622,0.20685174
2016,372,8438,0,0.35353643,0.316302,-0.16728856
2016,372,8441,1,0.3671392,0.23687813,-0.6253625
2016,372,8443,0,0.11268865,0.06021557,-0.68415236
2016,372,8448,0,0.26270562,0.22273083,-0.21786948
2016,372,8450,1,0.38370368,0.39062065,0.029153243
2016,372,8451,1,0.38698652,0.3441456,-0.18487693
2016,372,8456,0,0.3195737,0.39109853,0.31303456
2016,372,8458,1,0.45895627,0.499745,0.16352512
2016,372,8459,0,0.30860212,0.43531135,0.5464496
2016,372,8462,1,0.31938416,0.2955282,-0.112080716
2016,372,8463,0,0.25298485,0.32711178,0.36147842
2016,372,8464,1,0.75376236,0.44138014,-1.3543428
2016,372,8465,1,0.40269828,0.42923385,0.10925715
2016,372,8466,0,0.21832886,0.1290008,-0.63439083
2016,372,8467,0,0.20919827,0.19408587,-0.09391164
2016,372,8468,0,0.27694243,0.35744685,0.3732164
2016,372,8470,0,0.22363774,0.20784315,-0.09338401
2016,372,8471,1,0.033810515,0.038644515,0.13864866
2016,372,8472,0,0.68367714,0.7109639,0.12934789
2016,372,8473,0,0.064332955,0.08600754,0.31380042
2016,372,8474,0,0.26255384,0.31069076,0.23584509
2016,372,8475,0,0.33527023,0.70733976,1.5669425
2016,372,8476,1,0.30228585,0.30366495,0.0065304716
2016,372,8477,1,0.15919803,0.14573635,-0.10423342
2016,372,8479,0,0.16246046,0.20724425,0.2984167
2016,372,8480,0,0.15047617,0.14163603,-0.07089637
2016,372,8481,1,0.0903528,0.107586816,0.19370356
2016,372,8484,0,0.101451226,0.10775552,0.06732777
2016,372,8485,0,0.12734324,0.16144086,0.27710998
2016,40,8401,1,0.54693806,0.7160134,0.7364651
2016,40,8402,1,0.24138168,0.28914708,0.24558927
2016,40,8403,0,0.16977939,0.16803434,-0.012431169
2016,40,8404,0,0.28144348,0.40294906,0.5441205
2016,40,8405,1,0.30751774,0.39794314,0.39770713
2016,40,8406,1,0.34400678,0.45365965,0.45959425
2016,40,8407,0,0.16784073,0.17539419,0.053138886
2016,40,8408,0,0.2363246,0.28479433,0.25213367
2016,40,8409,0,0.0938905,0.160634,0.6135126
2016,40,8410,0,0.33440688,0.45691234,0.51554084
2016,40,8411,0,0.19304855,0.13100822,-0.46175182
2016,40,8412,0,0.13027167,0.15647896,0.21389554
2016,40,8413,0,0.033771873,0.03168567,-0.06592066
2016,40,8414,1,0.04182919,0.0747075,0.6149022
2016,40,8415,0,0.0810878,0.09307874,0.15104829
2016,40,8416,0,0.1388927,0.1638966,0.19500093
2016,40,8417,1,0.30025432,0.3620124,0.27944663
2016,40,8418,0,0.057699848,0.043447837,-0.2987048
2016,40,8419,0,0.15437005,0.1820226,0.19802545
2016,40,8420,0,0.25730336,0.29719627,0.19934687
2016,40,8421,0,0.1082016,0.12513821,0.16459675
2016,40,8422,0,0.07550637,0.06864627,-0.10264323
2016,40,8423,0,0.10679239,0.08219128,-0.2890075
2016,40,8424,0,0.05273604,0.040403083,-0.27932867
2016,40,8425,0,0.10225523,0.101340495,-0.01000436
2016,40,8426,0,0.1330815,0.16673185,0.2650146
2016,40,8427,0,0.17005213,0.21327029,0.27993345
2016,40,8428,0,0.3801967,0.30303618,-0.3441678
2016,40,8429,0,0.14435609,0.17968348,0.26107782
2016,40,8430,0,0.16610917,0.21841572,0.33853456
2016,40,8431,0,0.04525642,0.06391565,0.36495695
2016,40,8432,0,0.07989232,0.111372516,0.36701342
2016,40,8433,0,0.091801435,0.10357949,0.13376477
2016,40,8434,1,0.35473436,0.27567658,-0.3677168
2016,40,8435,0,0.17711718,0.23269504,0.34284678
2016,40,8436,0,0.099878885,0.11925586,0.19907506
2016,40,8437,0,0.14128737,0.2009011,0.4239664
2016,40,8438,0,0.04392113,0.058803745,0.30749878
2016,40,8439,0,0.14036527,0.25030953,0.71529734
2016,40,8440,0,0.23606797,0.3379173,0.5017699
2016,40,8441,0,0.09610064,0.0713944,-0.3241426
2016,40,8442,0,0.14680552,0.1835556,0.2674376
2016,40,8443,0,0.07064565,0.047052953,-0.4314724
2016,40,8444,1,0.3075227,0.4500352,0.6111981
2016,40,8445,1,0.4659814,0.71618974,1.0619241
2016,40,8446,0,0.44836777,0.47852454,0.12131308
2016,40,8447,0,0.24607225,0.22080007,-0.1413387
2016,40,8448,0,0.1692011,0.14784409,-0.16031143
2016,40,8449,0,0.60369736,0.64376724,0.17085819
2016,40,8450,0,0.33923587,0.2942698,-0.20803471
2016,40,8451,1,0.094308436,0.13592942,0.41260946
2016,40,8452,0,0.083465755,0.08940204,0.07520505
2016,40,8453,0,0.2689387,0.32283795,0.2592536
2016,40,8454,1,0.5849855,0.65738183,0.30837482
2016,40,8455,0,0.16814503,0.2575809,0.54025114
2016,40,8456,0,0.2028444,0.25238165,0.28266063
2016,40,8457,0,0.24911575,0.30059814,0.2588827
2016,40,8458,0,0.17021939,0.20439179,0.22500509
2016,40,8459,0,0.18491687,0.2345893,0.30080745
2016,40,8461,1,0.20109919,0.21344833,0.07517499
2016,40,8462,0,0.12251169,0.15049897,0.23816425
2016,40,8463,0,0.21792033,0.26204252,0.24244761
2016,40,8464,0,0.26996675,0.29440153,0.12068954
2016,40,8465,0,0.097203486,0.10258439,0.059857477
2016,40,8466,0,0.100155845,0.04875314,-0.7755097
2016,40,8467,0,0.08061047,0.061127473,-0.29763705
2016,40,8468,0,0.13308842,0.19720821,0.470088
2016,40,8470,0,0.49463394,0.4737177,-0.08376106
2016,40,8471,1,0.034200188,0.036555164,0.06903277
2016,40,8472,1,0.13818362,0.16960326,0.24201716
2016,40,8473,0,0.09834403,0.12023964,0.22559842
2016,40,8474,0,0.17136261,0.23366763,0.38828456
2016,40,8475,0,0.3593796,0.4852754,0.51914227
2016,40,8476,0,0.34127688,0.39576754,0.2344773
2016,40,8477,0,0.054328315,0.058325905,0.07523693
2016,40,8478,0,0.23423226,0.3010444,0.3422363
2016,40,8479,0,0.048314087,0.066544764,0.33949378
2016,40,8480,0,0.107781194,0.09939419,-0.09036588
2016,40,8481,0,0.031983864,0.02957234,-0.08088018
2016,40,8482,0,0.09197247,0.0948273,0.03371693
2016,40,8483,0,0.08617787,0.07888444,-0.09637904
2016,40,8484,0,0.0655003,0.06903861,0.056404606
2016,40,8485,0,0.15051839,0.17932954,0.2096446
2016,724,8401,1,0.30195922,0.3574472,0.25152412
2016,724,8402,1,0.6135159,0.68791866,0.32829118
2016,724,8403,0,0.20034541,0.23059228,0.1791672
2016,724,8404,0,0.47614682,0.6117264,0.5500602
2016,724,8405,1,0.46563613,0.6529561,0.76973116
2016,724,8406,0,0.17972787,0.3078927,0.7082028
2016,724,8407,0,0.111678734,0.15834951,0.40314704
2016,724,8408,0,0.16652973,0.19041821,0.16312915
2016,724,8409,0,0.042405892,0.06484291,0.44838968
2016,724,8410,1,0.1752096,0.26101226,0.50843227
2016,724,8411,0,0.09234285,0.08083265,-0.14572883
2016,724,8412,0,0.13329738,0.19515596,0.45526385
2016,724,8413,0,0.029797014,0.02914413,-0.022827366
2016,724,8414,0,0.03451818,0.044336934,0.26055378
2016,724,8415,0,0.06328573,0.060598616,-0.046252605
2016,724,8416,0,0.151859,0.2251734,0.484326
2016,724,8417,0,0.18978834,0.23545161,0.27360633
2016,724,8418,0,0.03555949,0.025689695,-0.33529875
2016,724,8419,0,0.16538458,0.19142793,0.17793919
2016,724,8420,0,0.16144426,0.1697756,0.060302705
2016,724,8421,0,0.11991291,0.12378044,0.03614786
2016,724,8422,0,0.04402177,0.04695362,0.06754751
2016,724,8423,0,0.05672922,0.04639742,-0.21193902
2016,724,8424,0,0.04114325,0.029159348,-0.35670504
2016,724,8425,1,0.12861797,0.12737957,-0.011095444
2016,724,8426,0,0.086548306,0.113248006,0.29854274
2016,724,8427,0,0.124946676,0.15665041,0.26303282
2016,724,8428,0,0.13462338,0.14191005,0.061168186
2016,724,8430,0,0.10688262,0.15257473,0.4084387
2016,724,8431,0,0.029854601,0.039594915,0.29245248
2016,724,8432,0,0.07397167,0.11852793,0.520778
2016,724,8433,0,0.12580986,0.13922374,0.11677383
2016,724,8434,1,0.27069896,0.29058495,0.09853449
2016,724,8435,0,0.2803307,0.27745506,-0.014298872
2016,724,8436,0,0.0851162,0.10336266,0.21437201
2016,724,8437,0,0.43677092,0.43462804,-0.008715574
2016,724,8438,0,0.043423764,0.04958856,0.13921872
2016,724,8439,0,0.25955358,0.33952957,0.3828989
2016,724,8440,0,0.18528023,0.24796596,0.3714847
2016,724,8441,0,0.08062774,0.06349685,-0.2573142
2016,724,8442,0,0.21991006,0.226901,0.04029719
2016,724,8443,0,0.045310482,0.032701883,-0.33922637
2016,724,8444,1,0.38656282,0.54357034,0.6365079
2016,724,8445,1,0.132608,0.22227204,0.62561876
2016,724,8446,0,0.26449263,0.31349075,0.2388973
2016,724,8447,0,0.23880145,0.2695307,0.16225709
2016,724,8448,0,0.09682709,0.072742365,-0.31232032
2016,724,8449,0,0.3320404,0.47953492,0.6170649
2016,724,8450,0,0.19074836,0.12934205,-0.46163398
2016,724,8451,1,0.13193089,0.123674765,-0.07408892
2016,724,8452,0,0.33393726,0.24847116,-0.416352
2016,724,8453,0,0.19429557,0.24075589,0.2737966
2016,724,8454,0,0.14945127,0.20520106,0.38481238
2016,724,8455,0,0.75821567,0.74905896,-0.04932184
2016,724,8456,0,0.18728606,0.21096481,0.14862244
2016,724,8457,0,0.1516643,0.19105294,0.27842396
2016,724,8458,0,0.14524373,0.19916624,0.38088956
2016,724,8459,0,0.11627829,0.19375272,0.602348
2016,724,8460,1,0.27155885,0.35098514,0.37201634
2016,724,8461,1,0.15150338,0.18380971,0.2321118
2016,724,8462,0,0.0782766,0.09913767,0.25915357
2016,724,8463,0,0.21149996,0.2906659,0.42375547
2016,724,8464,0,0.18544011,0.21774873,0.20108172
2016,724,8465,0,0.0743998,0.079508685,0.071947925
2016,724,8466,0,0.051993083,0.044647615,-0.16002819
2016,724,8467,0,0.11336621,0.07351705,-0.4770697
2016,724,8468,0,0.16752324,0.24851996,0.49676156
2016,724,8470,0,0.12411566,0.118335865,-0.054264147
2016,724,8471,0,0.058874007,0.05652237,-0.043259013
2016,724,8472,1,0.14269578,0.18034904,0.27909335
2016,724,8473,0,0.090208784,0.10016528,0.11569884
2016,724,8474,0,0.07469399,0.12232554,0.54613495
2016,724,8475,0,0.3272617,0.46275,0.5713197
2016,724,8476,0,0.1864078,0.19028006,0.025331127
2016,724,8477,0,0.07447143,0.084139846,0.13256598
2016,724,8478,0,0.1579026,0.20880574,0.3417782
2016,724,8479,0,0.1284771,0.13214426,0.032360137
2016,724,8480,0,0.13011482,0.15194638,0.18052773
2016,724,8481,0,0.03464857,0.03845399,0.10815572
2016,724,8482,0,0.055288766,0.072766565,0.29336074
2016,724,8483,0,0.08348292,0.06556258,-0.2610009
2016,724,8484,0,0.0702448,0.072553895,0.034830067
2016,724,8485,0,0.10580957,0.14217243,0.3369152
2017,842,8401,1,0.15744436,0.34078297,1.0175606
2017,842,8402,0,0.124188334,0.1656594,0.33664396
2017,842,8403,0,0.13606495,0.23369989,0.66082907
2017,842,8404,1,0.18354972,0.2671973,0.4835913
2017,842,8405,0,0.15644157,0.22257914,0.43424737
2017,842,8406,1,0.15693285,0.23960114,0.52636105
2017,842,8407,0,0.124743186,0.16045314,0.2933998
2017,842,8408,0,0.2576956,0.3450271,0.41700935
2017,842,8409,0,0.083592825,0.13023408,0.49561238
2017,842,8410,0,0.16373436,0.24630374,0.51227695
2017,842,8411,0,0.09343679,0.119906366,0.27905852
2017,842,8412,0,0.10358804,0.15086184,0.43012083
2017,842,8413,0,0.094126314,0.09693897,0.032553613
2017,842,8414,0,0.10966951,0.15354818,0.38708255
2017,842,8415,0,0.08731576,0.1013936,0.16502379
2017,842,8416,0,0.15753217,0.1851552,0.19490252
2017,842,8417,0,0.1146607,0.15103377,0.3174778
2017,842,8418,0,0.11772718,0.11073911,-0.06908222
2017,842,8419,0,0.12706092,0.16386019,0.2974168
2017,842,8420,0,0.10038132,0.14374666,0.40848103
2017,842,8421,0,0.11038752,0.11567808,0.05277895
2017,842,8422,0,0.1194495,0.13418867,0.13323328
2017,842,8423,0,0.12257151,0.13774838,0.1341823
2017,842,8424,0,0.07876272,0.08098506,0.030240372
2017,842,8425,0,0.109861046,0.14835316,0.3445848
2017,842,8426,0,0.13892373,0.1806702,0.31244454
2017,842,8427,0,0.08482518,0.10104612,0.19286804
2017,842,8428,0,0.13959745,0.16443707,0.19305974
2017,842,8429,0,0.05973114,0.078549735,0.2940955
2017,842,8431,0,0.048004728,0.057445213,0.18949819
2017,842,8432,0,0.12694827,0.13749556,0.0919665
2017,842,8433,0,0.09099677,0.09568734,0.055435326
2017,842,8434,0,0.11728696,0.16724215,0.41307637
2017,842,8435,0,0.13509543,0.24680358,0.74090445
2017,842,8436,0,0.06772153,0.08558454,0.25344712
2017,842,8437,0,0.1253686,0.15408792,0.23965223
2017,842,8438,0,0.07883153,0.09993893,0.26042655
2017,842,8439,0,0.13864565,0.20052724,0.44358233
2017,842,8440,1,0.19517802,0.26522025,0.39769885
2017,842,8441,0,0.13270217,0.15995672,0.21872492
2017,842,8442,0,0.21987824,0.2130054,-0.040527996
2017,842,8443,0,0.024908315,0.03236663,0.2696045
2017,842,8444,1,0.2799761,0.52625346,1.0496907
2017,842,8445,0,0.16725966,0.28703618,0.6953521
2017,842,8446,0,0.36202604,0.4528573,0.37744868
2017,842,8447,1,0.22358832,0.2822725,0.31165934
2017,842,8448,0,0.06617819,0.06956084,0.05347979
2017,842,8449,1,0.5771954,0.6144912,0.15495987
2017,842,8450,0,0.14009337,0.09479372,-0.44194505
2017,842,8451,0,0.057402596,0.07220848,0.24530016
2017,842,8452,0,0.11999782,0.13044602,0.095429905
2017,842,8453,0,0.19957486,0.26997826,0.39422068
2017,842,8454,0,0.14578824,0.23054443,0.5627845
2017,842,8455,0,0.14317898,0.19062042,0.3431496
2017,842,8456,0,0.09176892,0.108766064,0.18881759
2017,842,8457,0,0.18622951,0.22180377,0.21951286
2017,842,8458,0,0.09944384,0.12955289,0.2985016
2017,842,8459,0,0.1562669,0.2055982,0.33460507
2017,842,8460,0,0.07583892,0.10971856,0.4066555
2017,842,8461,0,0.09522395,0.12600765,0.31472692
2017,842,8462,0,0.097569466,0.11998748,0.2319784
2017,842,8463,0,0.13121039,0.2062395,0.54255533
2017,842,8464,0,0.11168904,0.18269667,0.57542026
2017,842,8465,0,0.06981414,0.09218433,0.30229664
2017,842,8466,0,0.02892281,0.03968875,0.3275856
2017,842,8467,0,0.07243088,0.07823333,0.08333831
2017,842,8468,0,0.24750173,0.3160293,0.3399011
2017,842,8470,1,0.29568824,0.24942282,-0.23377754
2017,842,8471,0,0.06616845,0.070465274,0.06752828
2017,842,8472,0,0.036423426,0.045674592,0.2359772
2017,842,8473,0,0.061062235,0.08038984,0.2957935
2017,842,8474,0,0.17959623,0.22991967,0.31032062
2017,842,8475,0,0.13801967,0.20756553,0.49217358
2017,842,8476,0,0.14307164,0.152691,0.07635967
2017,842,8477,0,0.059404436,0.08421987,0.3757989
2017,842,8478,0,0.16043665,0.31424487,0.87463474
2017,842,8479,0,0.040009886,0.06445291,0.50259984
2017,842,8480,0,0.3172387,0.29784155,-0.091106705
2017,842,8481,0,0.07493037,0.07693676,0.028595682
2017,842,8482,0,0.042616062,0.04255348,-0.0015348532
2017,842,8483,0,0.097618096,0.10627473,0.094604015
2017,842,8484,0,0.07579544,0.09601839,0.258626
2017,842,8485,0,0.13287699,0.15221636,0.15843454
2017,276,8401,0,0.25176135,0.4283978,0.8008492
2017,276,8402,0,0.10643561,0.15983891,0.46825093
2017,276,8403,0,0.06507496,0.0634898,-0.026354525
2017,276,8404,1,0.17255665,0.24491817,0.44171315
2017,276,8405,0,0.3572909,0.49744973,0.57694066
2017,276,8406,1,0.4561272,0.52548134,0.27795762
2017,276,8407,0,0.07441029,0.105009444,0.37807384
2017,276,8408,0,0.035668593,0.052130677,0.39670146
2017,276,8409,0,0.044943646,0.064572304,0.3831428
2017,276,8410,1,0.20622236,0.32286474,0.6072109
2017,276,8411,0,0.09452956,0.11286953,0.1977824
2017,276,8412,0,0.0732129,0.105067916,0.3962115
2017,276,8413,0,0.045414776,0.057248957,0.24404675
2017,276,8414,0,0.046745088,0.06374743,0.32821688
2017,276,8415,0,0.061179798,0.06544882,0.072008744
2017,276,8416,0,0.062057603,0.09083168,0.41210333
2017,276,8417,0,0.118896686,0.16224137,0.361275
2017,276,8418,0,0.081787,0.08757351,0.074682355
2017,276,8419,0,0.10098206,0.12092878,0.202696
2017,276,8420,0,0.089204945,0.14342543,0.5362553
2017,276,8421,0,0.041022357,0.05344968,0.277667
2017,276,8422,0,0.07266482,0.06436607,-0.13017982
2017,276,8423,0,0.07747116,0.07262915,-0.069774315
2017,276,8424,0,0.04959119,0.054773495,0.10486075
2017,276,8425,0,0.07562265,0.09652674,0.26693815
2017,276,8426,0,0.15058799,0.20137215,0.35225645
2017,276,8427,0,0.07312081,0.09052502,0.23246919
2017,276,8428,0,0.07232942,0.081424266,0.12829478
2017,276,8429,0,0.035475433,0.054266065,0.4447327
2017,276,8430,0,0.06860891,0.09944198,0.40481672
2017,276,8431,0,0.023426414,0.034286596,0.39207342
2017,276,8432,0,0.06802529,0.059617896,-0.14090447
2017,276,8433,0,0.094823554,0.09897458,0.04744177
2017,276,8434,0,0.07453548,0.10717486,0.39909148
2017,276,8435,0,0.16574775,0.21969417,0.34861925
2017,276,8436,0,0.035735868,0.050386,0.35886806
2017,276,8437,0,0.08603705,0.11767907,0.34841728
2017,276,8438,0,0.05992566,0.07128796,0.18578301
2017,276,8439,0,0.121928126,0.16157974,0.32777599
2017,276,8440,0,0.071599245,0.11611675,0.5326501
2017,276,8441,0,0.080872,0.0866779,0.07566814
2017,276,8442,1,0.14349884,0.16490668,0.16436496
2017,276,8443,0,0.030683896,0.039030172,0.24924465
2017,276,8444,0,0.43695363,0.49379575,0.22871675
2017,276,8445,0,0.17109735,0.34868696,0.9530542
2017,276,8446,0,0.16685681,0.27043548,0.6156553
2017,276,8447,1,0.11660567,0.15880135,0.35780004
2017,276,8448,0,0.046518322,0.06487709,0.3520905
2017,276,8449,1,0.13782568,0.2563513,0.7684476
2017,276,8450,0,0.14138603,0.10055648,-0.3872313
2017,276,8451,0,0.054360144,0.063334756,0.1623388
2017,276,8452,0,0.04163545,0.05388948,0.27085206
2017,276,8453,0,0.08769462,0.11992519,0.3489754
2017,276,8454,0,0.15240608,0.22448047,0.47610867
2017,276,8455,0,0.12240368,0.1802829,0.45543033
2017,276,8456,0,0.08282086,0.075117975,-0.1059836
2017,276,8457,0,0.11090042,0.15190332,0.3618262
2017,276,8458,0,0.05383468,0.075379714,0.35965446
2017,276,8459,0,0.089353226,0.1229546,0.35681415
2017,276,8460,0,0.05844786,0.08054637,0.3444482
2017,276,8461,0,0.08427285,0.11890841,0.38285053
2017,276,8462,0,0.054941736,0.07564419,0.3419169
2017,276,8463,0,0.14315775,0.19441147,0.3677105
2017,276,8464,0,0.04528816,0.070714764,0.4726027
2017,276,8465,0,0.071818255,0.08482853,0.18060954
2017,276,8466,0,0.02492128,0.03654002,0.3946733
2017,276,8467,0,0.074417286,0.072871596,-0.022657854
2017,276,8468,0,0.06854489,0.097391985,0.38271484
2017,276,8470,0,0.17069247,0.20124209,0.20217828
2017,276,8471,0,0.029837936,0.03522926,0.17166895
2017,276,8472,0,0.03819444,0.04692966,0.21508372
2017,276,8473,0,0.10120964,0.13162363,0.29717714
2017,276,8474,0,0.10330566,0.13273257,0.28401184
2017,276,8475,0,0.16865146,0.25791183,0.53836477
2017,276,8476,0,0.1427178,0.13058943,-0.10285932
2017,276,8477,0,0.043684226,0.05846858,0.30708292
2017,276,8478,0,0.082033165,0.15958002,0.75368136
2017,276,8479,0,0.034099318,0.05237205,0.44819474
2017,276,8480,0,0.08803113,0.108987205,0.2367871
2017,276,8481,0,0.04479094,0.05033241,0.12246156
2017,276,8482,0,0.0378839,0.047990248,0.24703136
2017,276,8483,0,0.03726203,0.050528042,0.31842896
2017,276,8484,0,0.04359006,0.05549855,0.25405723
2017,276,8485,0,0.054483633,0.06858972,0.24527358
2017,392,8401,0,0.340879,0.5570283,0.8884898
2017,392,8402,0,0.3763408,0.40376166,0.11529323
2017,392,8403,0,0.22150601,0.21477209,-0.039485015
2017,392,8404,0,0.27825955,0.37910137,0.4597471
2017,392,8405,0,0.17307483,0.2508718,0.47002205
2017,392,8406,1,0.18297249,0.2663418,0.48307416
2017,392,8407,0,0.058771912,0.12155241,0.7957108
2017,392,8408,0,0.06472257,0.08948253,0.35076362
2017,392,8409,0,0.036770515,0.04668928,0.2491692
2017,392,8411,0,0.08484008,0.09934795,0.17384008
2017,392,8412,0,0.09631008,0.12338208,0.27812788
2017,392,8413,0,0.044567477,0.049041808,0.10036274
2017,392,8414,0,0.044583347,0.05853825,0.2870337
2017,392,8415,0,0.03916312,0.043579467,0.111457475
2017,392,8416,0,0.13994531,0.15555625,0.12407349
2017,392,8417,0,0.1461758,0.20912422,0.43470287
2017,392,8418,0,0.054311246,0.06136775,0.1296429
2017,392,8419,0,0.08760324,0.11286371,0.28143936
2017,392,8420,0,0.1874326,0.2961362,0.6010142
2017,392,8421,0,0.043060098,0.060827207,0.36418146
2017,392,8422,0,0.05343078,0.061641242,0.15165591
2017,392,8423,0,0.11090815,0.09942482,-0.12213364
2017,392,8424,0,0.048448566,0.0639083,0.29332677
2017,392,8425,0,0.08566745,0.1013085,0.1849518
2017,392,8426,0,0.114718854,0.1577101,0.36805505
2017,392,8427,0,0.031419694,0.046894405,0.41656917
2017,392,8428,0,0.09648002,0.10238424,0.06595307
2017,392,8429,0,0.04491637,0.064190716,0.3774435
2017,392,8430,0,0.08441676,0.1362303,0.5368359
2017,392,8431,0,0.03689559,0.054391176,0.40644255
2017,392,8432,1,0.089693986,0.09955583,0.115207516
2017,392,8433,0,0.07529024,0.101599626,0.3285535
2017,392,8434,1,0.3930058,0.4841516,0.37128004
2017,392,8435,1,0.3541176,0.43496928,0.33938375
2017,392,8436,0,0.10175932,0.12070648,0.19207056
2017,392,8437,0,0.13828567,0.18009527,0.31390008
2017,392,8438,0,0.05918465,0.081138,0.3391002
2017,392,8439,0,0.18933415,0.25050738,0.35843444
2017,392,8440,0,0.16076393,0.21530525,0.35931692
2017,392,8441,0,0.11401847,0.13818485,0.21988706
2017,392,8442,0,0.14680767,0.14828776,0.011767514
2017,392,8443,0,0.04867771,0.06743148,0.345801
2017,392,8444,1,0.3197562,0.35326904,0.15019198
2017,392,8445,0,0.2762639,0.39866415,0.55203605
2017,392,8446,0,0.16036381,0.23102143,0.45297104
2017,392,8447,1,0.11883778,0.1767957,0.46527275
2017,392,8448,0,0.06539858,0.092156,0.3720298
2017,392,8449,1,0.28050822,0.45513865,0.76201284
2017,392,8450,0,0.14094296,0.14896815,0.06476312
2017,392,8451,0,0.06656658,0.08536286,0.26905072
2017,392,8452,0,0.043970145,0.061315242,0.3508271
2017,392,8453,1,0.15279001,0.20980668,0.38679308
2017,392,8454,0,0.14454247,0.18996277,0.32781097
2017,392,8455,0,0.14403301,0.2387679,0.62274295
2017,392,8456,0,0.08639043,0.163378,0.7252206
2017,392,8457,0,0.11916132,0.15495744,0.30415976
2017,392,8458,0,0.101808675,0.12824704,0.2607401
2017,392,8459,0,0.07850969,0.119649455,0.46701637
2017,392,8460,0,0.07235318,0.101311624,0.3683565
2017,392,8461,0,0.09982658,0.15977836,0.5392748
2017,392,8462,0,0.08463111,0.11256833,0.31625405
2017,392,8463,0,0.1117897,0.16120942,0.42333233
2017,392,8464,0,0.16022898,0.22982943,0.44725087
2017,392,8465,0,0.07489392,0.12644644,0.5810851
2017,392,8466,0,0.047329202,0.061044674,0.26897994
2017,392,8467,0,0.058509674,0.06384194,0.09289797
2017,392,8468,0,0.10070519,0.13632292,0.343241
2017,392,8469,1,0.2432796,0.2432796,0.0
2017,392,8470,0,0.21373735,0.24954188,0.20148592
2017,392,8471,0,0.028794132,0.03613236,0.2346017
2017,392,8472,1,0.059069913,0.06829395,0.154951
2017,392,8473,0,0.08163687,0.12469951,0.47165164
2017,392,8474,0,0.09031921,0.1387318,0.48388016
2017,392,8475,0,0.17953502,0.2420721,0.37814832
2017,392,8476,0,0.17945702,0.18876912,0.062002473
2017,392,8477,0,0.058114547,0.09029958,0.475485
2017,392,8478,0,0.46005693,0.49910823,0.15654638
2017,392,8479,0,0.08160643,0.10436524,0.27108184
2017,392,8480,0,0.07377668,0.10168077,0.3513853
2017,392,8481,0,0.04924648,0.056456022,0.14423618
2017,392,8482,0,0.033855412,0.03647078,0.077123135
2017,392,8483,0,0.047779925,0.05849162,0.21359074
2017,392,8484,0,0.038792122,0.045656845,0.17010379
2017,392,8485,0,0.07087623,0.08844963,0.24059331
2017,156,8401,0,0.17307958,0.22554588,0.33032212
2017,156,8402,0,0.048119985,0.07773589,0.51122695
2017,156,8403,0,0.03028307,0.0340431,0.1209235
2017,156,8404,0,0.34514198,0.46342304,0.49389306
2017,156,8405,0,0.14862682,0.26023933,0.7006871
2017,156,8406,1,0.1862194,0.2801527,0.531061
2017,156,8407,0,0.051559333,0.06576233,0.25840235
2017,156,8408,0,0.018604947,0.027284227,0.3917643
2017,156,8409,0,0.03599554,0.046362843,0.26391602
2017,156,8411,0,0.05184993,0.076967284,0.42187497
2017,156,8412,0,0.028773071,0.035661057,0.22173658
2017,156,8413,0,0.04885185,0.054573916,0.116797864
2017,156,8414,0,0.041292153,0.053982448,0.28131184
2017,156,8415,0,0.064031504,0.0762363,0.18758789
2017,156,8416,0,0.100888945,0.12249377,0.2183624
2017,156,8417,0,0.056062497,0.07944877,0.3737326
2017,156,8418,0,0.05982343,0.05658595,-0.059074216
2017,156,8419,0,0.0785022,0.10986639,0.37076706
2017,156,8420,0,0.08109842,0.14012808,0.6132888
2017,156,8421,0,0.04966282,0.06125499,0.22206156
2017,156,8422,0,0.031173196,0.034332357,0.09979572
2017,156,8423,0,0.0478149,0.05871015,0.21678367
2017,156,8424,0,0.04800707,0.050393574,0.05102547
2017,156,8425,0,0.080398954,0.09409894,0.1723555
2017,156,8426,0,0.06917101,0.09583138,0.35506797
2017,156,8427,0,0.03638277,0.04867593,0.30392897
2017,156,8428,0,0.034509763,0.046278965,0.30571014
2017,156,8431,0,0.016559776,0.02545289,0.4389366
2017,156,8432,0,0.017745823,0.022588007,0.24621074
2017,156,8433,0,0.06666234,0.07357387,0.10608256
2017,156,8434,0,0.075119615,0.10764907,0.39559987
2017,156,8436,0,0.019449176,0.026644874,0.3221577
2017,156,8439,0,0.10759646,0.17156872,0.5409809
2017,156,8440,0,0.056248922,0.08263453,0.41299725
2017,156,8441,0,0.0662186,0.09346406,0.3742274
2017,156,8442,0,0.08423837,0.11311136,0.32675892
2017,156,8443,0,0.019399205,0.029890487,0.44306463
2017,156,8444,0,0.13107288,0.26517597,0.8722682
2017,156,8445,0,0.070963845,0.12460894,0.62248677
2017,156,8446,0,0.20268628,0.30678946,0.5544168
2017,156,8447,0,0.102334954,0.19200118,0.7344865
2017,156,8448,0,0.015842194,0.026200378,0.51367754
2017,156,8449,0,0.18059295,0.32464722,0.77983934
2017,156,8450,0,0.09575589,0.0924625,-0.038634654
2017,156,8451,0,0.044587165,0.06228341,0.35294482
2017,156,8452,0,0.03297537,0.04476996,0.3180483
2017,156,8453,0,0.051069807,0.084695436,0.5419466
2017,156,8454,0,0.121155515,0.1712732,0.40490246
2017,156,8455,0,0.09261875,0.139608,0.4635215
2017,156,8456,0,0.019872302,0.030138135,0.42699367
2017,156,8457,0,0.054663822,0.074629314,0.33267742
2017,156,8458,0,0.026157865,0.036248937,0.3366764
2017,156,8459,0,0.0457323,0.069577314,0.44493887
2017,156,8460,0,0.02478336,0.040560618,0.50893563
2017,156,8461,0,0.025951257,0.042870075,0.5194762
2017,156,8462,0,0.032079373,0.04620312,0.37953356
2017,156,8463,0,0.050789587,0.08085605,0.4971669
2017,156,8464,0,0.049221646,0.08392879,0.57082236
2017,156,8465,0,0.07221271,0.10400072,0.39964467
2017,156,8466,0,0.015732333,0.020677404,0.2783603
2017,156,8467,0,0.040868532,0.049191672,0.19407962
2017,156,8468,0,0.060969703,0.07617604,0.23899609
2017,156,8470,0,0.09199653,0.123082034,0.32593507
2017,156,8471,0,0.023220139,0.02617126,0.122667804
2017,156,8472,0,0.02225737,0.03144733,0.3550844
2017,156,8473,0,0.06558983,0.08664965,0.30124843
2017,156,8475,0,0.21346031,0.30743834,0.49206966
2017,156,8476,0,0.10801535,0.1256611,0.17129615
2017,156,8477,0,0.027010405,0.036241557,0.3035172
2017,156,8479,0,0.018880138,0.032704804,0.5636024
2017,156,8480,0,0.045649067,0.05403485,0.17747183
2017,156,8481,0,0.059013244,0.06449685,0.09469908
2017,156,8482,0,0.0208357,0.027847597,0.29726565
2017,156,8483,0,0.04313507,0.053474046,0.22572398
2017,156,8484,0,0.054008584,0.055748347,0.033545505
2017,380,8401,1,0.5256723,0.6470347,0.5032505
2017,380,8402,0,0.27167895,0.35761988,0.4004113
2017,380,8403,0,0.05551844,0.048932277,-0.13322707
2017,380,8404,0,0.38501877,0.49406284,0.44454977
2017,380,8405,0,0.45852315,0.5763488,0.47409216
2017,380,8406,0,0.2114893,0.3183077,0.55441177
2017,380,8407,0,0.13923576,0.14650503,0.059372094
2017,380,8408,0,0.044984385,0.07192692,0.49795246
2017,380,8409,0,0.041370165,0.058005586,0.3554849
2017,380,8411,0,0.12302201,0.14243482,0.16890591
2017,380,8412,0,0.09611914,0.12187685,0.26633328
2017,380,8413,0,0.066230565,0.066781655,0.00887649
2017,380,8414,0,0.06428055,0.093858965,0.41065702
2017,380,8415,0,0.09164976,0.08187115,-0.123535454
2017,380,8416,0,0.14414468,0.21837193,0.50610447
2017,380,8417,0,0.21487707,0.27461183,0.32442594
2017,380,8418,0,0.08228999,0.08136387,-0.012326759
2017,380,8419,0,0.12152669,0.14498955,0.20359957
2017,380,8420,0,0.10528798,0.16990526,0.5535039
2017,380,8421,0,0.08110702,0.076317616,-0.066064455
2017,380,8422,0,0.07799214,0.08239534,0.05970791
2017,380,8423,0,0.10303525,0.09798691,-0.055849742
2017,380,8424,0,0.06862048,0.06550643,-0.049780693
2017,380,8425,0,0.14032345,0.15737475,0.13471371
2017,380,8426,0,0.12394009,0.16437583,0.32961264
2017,380,8427,0,0.0411551,0.045600943,0.107228085
2017,380,8428,0,0.092470564,0.10394248,0.12966867
2017,380,8429,0,0.03221108,0.044247627,0.33000624
2017,380,8430,0,0.08077269,0.112970725,0.3711452
2017,380,8431,0,0.028321017,0.041471045,0.39501712
2017,380,8432,0,0.049263217,0.0404473,-0.20640773
2017,380,8433,0,0.09274091,0.10213205,0.106862105
2017,380,8434,0,0.08165347,0.11543708,0.38372248
2017,380,8435,0,0.15312794,0.15168221,-0.011191826
2017,380,8436,0,0.03484915,0.0453621,0.27460042
2017,380,8437,0,0.24667431,0.3008366,0.2731114
2017,380,8438,0,0.08593507,0.10700631,0.2426179
2017,380,8439,0,0.123338476,0.17216791,0.39084834
2017,380,8440,0,0.11904026,0.16972327,0.41396043
2017,380,8441,0,0.10686808,0.13182354,0.2382083
2017,380,8442,0,0.1645067,0.15638341,-0.06031635
2017,380,8443,0,0.03013405,0.038966555,0.26619637
2017,380,8444,0,0.1366057,0.25850677,0.7900286
2017,380,8445,0,0.1643384,0.36111504,1.0557683
2017,380,8446,0,0.17771459,0.26845658,0.5294413
2017,380,8447,0,0.18352708,0.2464048,0.37475196
2017,380,8448,0,0.057894908,0.07724037,0.30904084
2017,380,8449,0,0.2660121,0.320167,0.26194632
2017,380,8450,0,0.08804399,0.07626696,-0.1564282
2017,380,8451,0,0.032404233,0.040290587,0.22601262
2017,380,8453,0,0.048138488,0.076931655,0.49955168
2017,380,8454,0,0.09920675,0.1428789,0.41448796
2017,380,8455,0,0.16145451,0.21388994,0.3458103
2017,380,8456,0,0.0898753,0.08115153,-0.11164486
2017,380,8457,0,0.07226351,0.09180579,0.2606455
2017,380,8458,0,0.053664528,0.07909049,0.41507572
2017,380,8459,0,0.07173753,0.114833154,0.5180048
2017,380,8460,0,0.056806378,0.08396211,0.41993096
2017,380,8461,0,0.06684095,0.10243039,0.4657526
2017,380,8462,0,0.054051656,0.07060636,0.2848356
2017,380,8463,0,0.091256574,0.12583089,0.36005273
2017,380,8464,0,0.07772376,0.117378466,0.4561908
2017,380,8465,0,0.06712897,0.0947952,0.37520868
2017,380,8466,0,0.045901585,0.06418773,0.3546643
2017,380,8467,0,0.04749317,0.053197525,0.11943278
2017,380,8468,0,0.26642352,0.3002453,0.1667148
2017,380,8470,0,0.18548557,0.24698673,0.3648669
2017,380,8471,0,0.035221115,0.038479835,0.09187187
2017,380,8472,0,0.08792794,0.083207056,-0.06034811
2017,380,8473,0,0.09790837,0.13609959,0.37261346
2017,380,8474,0,0.12778345,0.15991297,0.2618249
2017,380,8475,0,0.10446671,0.1869963,0.678904
2017,380,8476,0,0.1895315,0.23115827,0.25127482
2017,380,8477,0,0.04113389,0.056309275,0.32997987
2017,380,8478,0,0.18363427,0.2887815,0.59060687
2017,380,8479,0,0.030057149,0.04006429,0.29775578
2017,380,8480,0,0.10975606,0.11652261,0.067454726
2017,380,8481,0,0.06711854,0.06164042,-0.09099768
2017,380,8482,0,0.07843486,0.09387084,0.19654289
2017,380,8483,0,0.07363871,0.081147455,0.10523583
2017,380,8484,0,0.11862808,0.11462147,-0.03889377
2017,380,8485,0,0.08816181,0.1132679,0.27850154
2017,826,8401,0,0.29191113,0.39800394,0.4723311
2017,826,8402,0,0.10775661,0.15783049,0.4394042
2017,826,8403,0,0.39062458,0.25103247,-0.6484257
2017,826,8404,0,0.12966402,0.19521599,0.4874653
2017,826,8405,1,0.5294174,0.6264936,0.39939764
2017,826,8406,0,0.15458082,0.2517364,0.60974276
2017,826,8407,0,0.07004728,0.09806802,0.36708546
2017,826,8408,0,0.14643662,0.21224362,0.45137295
2017,826,8409,0,0.03826292,0.049810853,0.2758317
2017,826,8410,0,0.15607102,0.21843922,0.41297215
2017,826,8411,0,0.078852236,0.11241194,0.3917071
2017,826,8412,0,0.11592196,0.1518768,0.31167197
2017,826,8413,0,0.073668756,0.06570783,-0.12291793
2017,826,8414,0,0.073307104,0.09178408,0.24492145
2017,826,8415,0,0.060874123,0.06049553,-0.0066415556
2017,826,8416,0,0.17295372,0.1964751,0.15636405
2017,826,8417,0,0.13768838,0.18482865,0.3506546
2017,826,8418,0,0.050651465,0.056521237,0.115850426
2017,826,8419,0,0.08160232,0.10417293,0.2690777
2017,826,8420,0,0.19032568,0.24928756,0.34547985
2017,826,8421,0,0.07301628,0.0815174,0.119347095
2017,826,8422,0,0.05270459,0.054821625,0.04161965
2017,826,8423,0,0.077876665,0.0701134,-0.113396265
2017,826,8424,0,0.046303384,0.047276467,0.021818325
2017,826,8425,0,0.13411283,0.1386462,0.03849331
2017,826,8426,0,0.106396906,0.15058371,0.39805496
2017,826,8427,0,0.050828394,0.06426058,0.24874377
2017,826,8428,0,0.06720845,0.08165535,0.21031746
2017,826,8429,0,0.021638453,0.030420499,0.34966165
2017,826,8430,0,0.21410307,0.2730669,0.32125053
2017,826,8431,0,0.09299983,0.10205558,0.102954365
2017,826,8432,0,0.037778337,0.039405666,0.043866284
2017,826,8433,0,0.119703874,0.11100665,-0.08526218
2017,826,8434,0,0.13601065,0.19797802,0.44984722
2017,826,8435,0,0.3556531,0.47549972,0.49620157
2017,826,8436,0,0.06524814,0.08194403,0.24586186
2017,826,8437,0,0.0997117,0.1290525,0.29106978
2017,826,8438,0,0.04528007,0.05845858,0.2693512
2017,826,8439,0,0.1492658,0.2076351,0.40113142
2017,826,8440,0,0.12683345,0.18370336,0.43779594
2017,826,8441,0,0.16979255,0.1802661,0.07255254
2017,826,8442,0,0.113169275,0.12258329,0.09057818
2017,826,8443,0,0.036487076,0.048185352,0.29031256
2017,826,8444,0,0.2554839,0.441692,0.835277
2017,826,8445,0,0.18683031,0.30331483,0.6391767
2017,826,8446,0,0.49788126,0.5905562,0.37474012
2017,826,8447,0,0.116327465,0.1811932,0.51939297
2017,826,8448,0,0.06299129,0.06723934,0.06980589
2017,826,8449,0,0.6906078,0.752955,0.31147277
2017,826,8450,0,0.15266263,0.13242348,-0.16583022
2017,826,8451,0,0.081311405,0.086752295,0.0707107
2017,826,8453,0,0.14649965,0.20104194,0.38252795
2017,826,8454,0,0.17434765,0.24109231,0.40842217
2017,826,8455,0,0.19537833,0.28041893,0.47304985
2017,826,8456,0,0.10405267,0.09084669,-0.15035601
2017,826,8457,0,0.22641845,0.39164764,0.7882545
2017,826,8458,0,0.12154853,0.15613317,0.29056183
2017,826,8459,0,0.09385404,0.14143859,0.46406692
2017,826,8460,0,0.08218394,0.11790181,0.400586
2017,826,8461,0,0.14559384,0.20360908,0.40569764
2017,826,8462,0,0.12394838,0.15824395,0.28420743
2017,826,8463,0,0.12993208,0.16903624,0.30908647
2017,826,8464,0,0.10783553,0.14246924,0.31811237
2017,826,8465,0,0.07093089,0.09751666,0.3473502
2017,826,8466,0,0.028545875,0.039367415,0.3326279
2017,826,8467,0,0.04139277,0.045226328,0.09258035
2017,826,8468,0,0.1957111,0.25981876,0.36640826
2017,826,8470,0,0.27698487,0.287182,0.050357386
2017,826,8471,0,0.03021445,0.036025442,0.18191528
2017,826,8472,0,0.061512742,0.07066856,0.14856023
2017,826,8473,0,0.07181558,0.09762572,0.3352406
2017,826,8474,0,0.17423616,0.20450391,0.19751832
2017,826,8475,0,0.15283488,0.22583048,0.48053136
2017,826,8476,0,0.12567955,0.11746861,-0.07691163
2017,826,8477,0,0.042765725,0.06301826,0.40907204
2017,826,8478,1,0.13098969,0.1942584,0.46966252
2017,826,8479,0,0.03414708,0.048192285,0.3591705
2017,826,8480,0,0.16546825,0.16314024,-0.01695485
2017,826,8481,0,0.073959425,0.07228309,-0.024735058
2017,826,8482,0,0.03323122,0.036957514,0.11014104
2017,826,8483,0,0.076860785,0.0905657,0.17903715
2017,826,8484,0,0.06832242,0.07541297,0.10638101
2017,826,8485,0,0.08582888,0.09483825,0.109721445
2017,251,8401,1,0.6516769,0.7260906,0.34845892
2017,251,8403,0,0.1253646,0.09864902,-0.2697457
2017,251,8404,0,0.24431373,0.3134146,0.34496936
2017,251,8405,1,0.45753512,0.5935806,0.5490571
2017,251,8406,1,0.2417322,0.33151588,0.4418691
2017,251,8407,0,0.13121599,0.19777913,0.49001685
2017,251,8408,0,0.07287696,0.09743337,0.3172401
2017,251,8409,0,0.045780364,0.063599214,0.34759626
2017,251,8411,0,0.13501859,0.14397937,0.07467106
2017,251,8412,0,0.17325154,0.20046958,0.17939395
2017,251,8413,0,0.07305223,0.07688499,0.055279605
2017,251,8414,0,0.09059141,0.12402379,0.35156962
2017,251,8415,0,0.10588419,0.10977292,0.040426765
2017,251,8416,0,0.51184404,0.4576825,-0.21706092
2017,251,8417,0,0.18515821,0.26473188,0.4602656
2017,251,8418,0,0.1161498,0.12617126,0.09416257
2017,251,8419,0,0.11650204,0.147911,0.2748999
2017,251,8420,0,0.20353645,0.26138014,0.32552874
2017,251,8421,0,0.074778885,0.08730535,0.16850765
2017,251,8422,0,0.107136875,0.10514042,-0.021044003
2017,251,8424,0,0.10551775,0.10589388,0.003978776
2017,251,8425,0,0.10732139,0.11415227,0.069386624
2017,251,8426,0,0.19349705,0.24091555,0.27977857
2017,251,8427,0,0.048603535,0.056104347,0.15143235
2017,251,8428,0,0.12723273,0.14372934,0.14099643
2017,251,8429,0,0.04769097,0.067446046,0.36754856
2017,251,8430,0,0.10205713,0.13815789,0.34389883
2017,251,8431,0,0.027041588,0.036436718,0.30790424
2017,251,8432,0,0.03727195,0.032012716,-0.15755577
2017,251,8433,0,0.09573179,0.10185493,0.068793535
2017,251,8434,0,0.1259559,0.16684428,0.3290393
2017,251,8435,0,0.13812064,0.20831072,0.49584964
2017,251,8436,0,0.054644212,0.07184235,0.2919906
2017,251,8438,0,0.08728227,0.10664152,0.2217643
2017,251,8439,0,0.18779731,0.25698173,0.40267098
2017,251,8441,0,0.16215087,0.17744821,0.10857823
2017,251,8442,1,0.24810475,0.21870331,-0.16449295
2017,251,8443,0,0.040625956,0.060354896,0.41661355
2017,251,8444,0,0.19023983,0.31201124,0.65771925
2017,251,8445,0,0.22593668,0.38162586,0.74874586
2017,251,8446,0,0.15440828,0.22752076,0.4780728
2017,251,8447,0,0.34723017,0.40298393,0.23818943
2017,251,8448,0,0.067256086,0.092774615,0.3494053
2017,251,8449,0,0.2535542,0.41047233,0.7177323
2017,251,8450,0,0.17195086,0.13842815,-0.25654334
2017,251,8451,0,0.0437952,0.049711768,0.13292426
2017,251,8453,0,0.24388333,0.31769425,0.36711726
2017,251,8454,0,0.1782058,0.24333991,0.39409605
2017,251,8455,0,0.19515175,0.26470703,0.39523104
2017,251,8456,0,0.11843674,0.10718793,-0.11247462
2017,251,8457,1,0.17513697,0.23925687,0.39289096
2017,251,8458,0,0.14317176,0.24110678,0.6425713
2017,251,8459,0,0.11658614,0.16619219,0.4123053
2017,251,8460,0,0.10627031,0.14120588,0.32410717
2017,251,8461,0,0.12269072,0.1720775,0.3962184
2017,251,8462,0,0.1385679,0.17553064,0.2803094
2017,251,8463,0,0.17872259,0.2417679,0.3820146
2017,251,8464,0,0.12773089,0.170557,0.3394876
2017,251,8465,0,0.18510278,0.19701263,0.07707965
2017,251,8466,0,0.035061836,0.05008571,0.3723146
2017,251,8467,0,0.11725245,0.11515843,-0.020389875
2017,251,8468,1,0.2099086,0.26985255,0.33010563
2017,251,8470,0,0.2198551,0.2374739,0.099931926
2017,251,8471,0,0.028765863,0.034536306,0.18878084
2017,251,8472,1,0.0763746,0.08763387,0.14978275
2017,251,8473,0,0.07826561,0.09643802,0.22870465
2017,251,8475,0,0.17019182,0.25202495,0.49642697
2017,251,8476,0,0.15077448,0.14528294,-0.04354776
2017,251,8477,0,0.074717514,0.09901356,0.3081513
2017,251,8478,0,0.24914303,0.34103033,0.44448182
2017,251,8479,0,0.04438474,0.06432871,0.39220142
2017,251,8480,0,0.114522524,0.1249049,0.09857554
2017,251,8481,0,0.074444,0.079772174,0.07490092
2017,251,8482,0,0.047212806,0.051526975,0.09197867
2017,251,8483,0,0.083860725,0.095779635,0.14598803
2017,251,8484,0,0.1261161,0.12886022,0.024670484
2017,251,8485,0,0.15602738,0.19642195,0.27927938
2017,490,8402,1,0.19508785,0.29396558,0.5410819
2017,490,8403,1,0.73885554,0.8849541,1.0001756
2017,490,8404,1,0.22393884,0.29158798,0.35517433
2017,490,8405,0,0.53936327,0.62114257,0.33662105
2017,490,8406,1,0.7778181,0.779244,0.008270177
2017,490,8407,0,0.19255692,0.36614266,0.8846799
2017,490,8408,0,0.089721404,0.14747784,0.5625201
2017,490,8409,0,0.062320378,0.08322821,0.31184766
2017,490,8410,0,0.7343448,0.7569403,0.119197786
2017,490,8411,0,0.15362442,0.16747591,0.10282965
2017,490,8412,0,0.10662367,0.14033933,0.31322786
2017,490,8413,0,0.052110583,0.057977982,0.112904646
2017,490,8414,0,0.047722626,0.06430935,0.31587067
2017,490,8415,0,0.053373158,0.062407356,0.16596466
2017,490,8416,0,0.142882,0.15914062,0.12692018
2017,490,8417,0,0.19727464,0.24721232,0.28988004
2017,490,8418,0,0.03842744,0.045231074,0.17011325
2017,490,8419,0,0.06553365,0.09578742,0.4124786
2017,490,8420,0,0.44080332,0.51424694,0.29490563
2017,490,8421,0,0.053171102,0.08852636,0.5478411
2017,490,8422,0,0.046449434,0.049891777,0.07510843
2017,490,8423,0,0.070535526,0.07542133,0.07224406
2017,490,8424,0,0.054412298,0.06580022,0.20214927
2017,490,8425,0,0.122108616,0.14635342,0.20911904
2017,490,8426,1,0.16513512,0.20306958,0.25328723
2017,490,8427,0,0.08989037,0.10213514,0.14125153
2017,490,8428,0,0.1308431,0.1661676,0.2804894
2017,490,8429,0,0.40692866,0.50576615,0.3997424
2017,490,8430,0,0.15497889,0.24448395,0.56782144
2017,490,8431,0,0.06427669,0.09503755,0.42450136
2017,490,8432,0,0.122332305,0.10480593,-0.17440322
2017,490,8433,0,0.10535307,0.11654995,0.11359697
2017,490,8434,0,0.22169301,0.30081308,0.41239837
2017,490,8435,1,0.21164148,0.31430057,0.5349697
2017,490,8436,0,0.115263626,0.17588782,0.49360746
2017,490,8437,0,0.11027906,0.14988077,0.3523571
2017,490,8438,0,0.054088082,0.07650826,0.3707724
2017,490,8439,0,0.22390439,0.25988835,0.19650769
2017,490,8440,0,0.23634005,0.27880284,0.22244337
2017,490,8441,0,0.06878106,0.0923962,0.320844
2017,490,8442,0,0.20569485,0.28490245,0.43080187
2017,490,8443,0,0.04624603,0.07109833,0.4564911
2017,490,8444,0,0.27328336,0.40037507,0.5741248
2017,490,8445,1,0.18954004,0.30934286,0.6498083
2017,490,8446,0,0.1782143,0.27116582,0.5397771
2017,490,8447,0,0.08000607,0.12313868,0.47922692
2017,490,8448,0,0.06920032,0.0906107,0.2928377
2017,490,8449,1,0.58324605,0.63035697,0.19763546
2017,490,8450,1,0.16628774,0.13916369,-0.21008477
2017,490,8451,0,0.10311129,0.12284841,0.1973942
2017,490,8452,0,0.04527686,0.057328947,0.24871354
2017,490,8453,0,0.15118805,0.20215875,0.35245675
2017,490,8454,0,0.17585544,0.28994843,0.6490492
2017,490,8455,0,0.14389439,0.19809653,0.38508016
2017,490,8456,0,0.15045328,0.19407196,0.30728492
2017,490,8457,0,0.095413566,0.13081004,0.3554415
2017,490,8458,0,0.0780314,0.121215165,0.48842707
2017,490,8459,0,0.17870218,0.24603195,0.40527666
2017,490,8460,0,0.08589424,0.13174425,0.47920582
2017,490,8461,0,0.09549112,0.16009723,0.59085417
2017,490,8462,0,0.07461327,0.09219243,0.23073879
2017,490,8463,0,0.14852774,0.2003757,0.36224735
2017,490,8464,0,0.15265226,0.24312805,0.57834274
2017,490,8465,0,0.083950326,0.11788442,0.37722686
2017,490,8466,0,0.05209305,0.07535343,0.39400265
2017,490,8467,0,0.096829765,0.10184742,0.056092385
2017,490,8468,0,0.16655385,0.20068257,0.2282165
2017,490,8470,0,0.18537816,0.20159711,0.10398401
2017,490,8471,0,0.048227984,0.055507403,0.14825463
2017,490,8472,0,0.0878846,0.104872815,0.19552442
2017,490,8473,0,0.10431854,0.14314948,0.3607618
2017,490,8474,0,0.1219837,0.15997538,0.3153665
2017,490,8475,0,0.54235566,0.73890316,0.87044585
2017,490,8476,0,0.19682041,0.21613514,0.11795393
2017,490,8477,0,0.032500863,0.050622042,0.46202794
2017,490,8478,1,0.17092797,0.26107714,0.5386872
2017,490,8479,0,0.11059618,0.2626582,1.0524678
2017,490,8480,0,0.06536734,0.10213835,0.48644304
2017,490,8481,0,0.055948205,0.060116682,0.07628629
2017,490,8482,0,0.040665545,0.046661865,0.14381632
2017,490,8483,0,0.050991435,0.06375803,0.23698148
2017,490,8484,0,0.0750034,0.08323205,0.11303472
2017,490,8485,1,0.13127916,0.15270017,0.17611757
2017,702,8402,0,0.26029345,0.27475744,0.07382639
2017,702,8407,0,0.1025955,0.14020655,0.35513714
2017,702,8408,0,0.17396626,0.22908552,0.3442923
2017,702,8410,0,0.28939664,0.38814944,0.44321862
2017,702,8411,0,0.11921958,0.11303912,-0.060225695
2017,702,8412,0,0.09504479,0.119088724,0.25244892
2017,702,8413,0,0.036763918,0.043654,0.1789567
2017,702,8414,0,0.039552405,0.051887747,0.2843827
2017,702,8416,0,0.18012731,0.21790299,0.2375564
2017,702,8417,0,0.20913385,0.2626446,0.297886
2017,702,8418,0,0.07751697,0.09565699,0.23013218
2017,702,8419,0,0.1052351,0.15025797,0.40778503
2017,702,8420,0,0.18026046,0.23411259,0.32935077
2017,702,8421,0,0.044115447,0.05719408,0.27341694
2017,702,8422,0,0.10762343,0.116722874,0.0914134
2017,702,8423,0,0.1366428,0.16991438,0.2572241
2017,702,8424,0,0.057505373,0.06859858,0.18823345
2017,702,8425,1,0.17172858,0.20431197,0.21386652
2017,702,8426,0,0.101766184,0.14112628,0.3717857
2017,702,8428,0,0.111508146,0.14087129,0.26735553
2017,702,8430,0,0.14376163,0.1968915,0.37855518
2017,702,8431,0,0.05369554,0.06681571,0.23257005
2017,702,8432,1,0.33952886,0.4608789,0.50858945
2017,702,8433,0,0.4638027,0.6046837,0.57006216
2017,702,8434,0,0.44724777,0.49465156,0.19040269
2017,702,8435,1,0.41228095,0.62307525,0.85716575
2017,702,8436,0,0.12983336,0.18256724,0.40338275
2017,702,8437,0,0.14283906,0.18919544,0.33666077
2017,702,8439,0,0.2487495,0.30962506,0.30342
2017,702,8441,1,0.4386125,0.462992,0.098491795
2017,702,8442,0,0.2283092,0.30884594,0.4123628
2017,702,8443,0,0.05052992,0.064092726,0.252153
2017,702,8445,0,0.32230282,0.3349891,0.05750358
2017,702,8448,1,0.22926895,0.22606412,-0.018226767
2017,702,8449,0,0.70466065,0.73098814,0.13005029
2017,702,8451,0,0.12561363,0.141555,0.1378772
2017,702,8452,0,0.14528188,0.17577066,0.2268272
2017,702,8453,1,0.20699291,0.29725587,0.48274815
2017,702,8454,0,0.20811146,0.32722744,0.61559504
2017,702,8455,1,0.2587925,0.4124315,0.6983315
2017,702,8456,0,0.1038492,0.19454916,0.7344515
2017,702,8457,0,0.36244178,0.4835458,0.49894124
2017,702,8458,0,0.14103761,0.1730961,0.24285711
2017,702,8459,0,0.15779813,0.23554705,0.49745336
2017,702,8460,0,0.12301872,0.18091515,0.45398962
2017,702,8461,1,0.40542668,0.46999112,0.26272392
2017,702,8462,0,0.13935724,0.1822042,0.31915417
2017,702,8463,0,0.24153297,0.31635523,0.37372053
2017,702,8464,0,0.19659096,0.3153941,0.6327184
2017,702,8465,0,0.14464203,0.19276623,0.34512308
2017,702,8466,0,0.23745756,0.32443604,0.4332099
2017,702,8467,0,0.098056234,0.107555345,0.10305214
2017,702,8468,1,0.13345619,0.18802653,0.40785486
2017,702,8470,0,0.1589543,0.16595893,0.051486857
2017,702,8471,1,0.024792453,0.030217666,0.2034661
2017,702,8473,0,0.058227863,0.07946032,0.33369708
2017,702,8474,0,0.114979275,0.15712294,0.36106664
2017,702,8475,0,0.44490725,0.6736524,0.9460204
2017,702,8477,0,0.10378519,0.12845907,0.24120432
2017,702,8478,1,0.24389654,0.3238613,0.39535114
2017,702,8479,0,0.07636359,0.08152393,0.070993215
2017,702,8480,0,0.16659656,0.21487951,0.31418297
2017,702,8481,0,0.09722423,0.10486626,0.08416699
2017,702,8482,0,0.04444258,0.05395618,0.20398033
2017,702,8483,0,0.03415753,0.040841997,0.18567286
2017,702,8484,0,0.096790254,0.16259682,0.59437644
2017,702,8485,0,0.06671457,0.10551843,0.500929
2017,528,8401,1,0.26721814,0.4189786,0.681815
2017,528,8403,0,0.08034526,0.06198057,-0.27928454
2017,528,8404,1,0.4646442,0.44601062,-0.07514315
2017,528,8405,1,0.22422124,0.33589897,0.5596104
2017,528,8407,0,0.16821624,0.23918006,0.4411421
2017,528,8408,0,0.054291297,0.069012985,0.25562006
2017,528,8409,0,0.073209174,0.084837474,0.16004273
2017,528,8410,1,0.23504762,0.3348469,0.49368176
2017,528,8411,0,0.1681466,0.20652269,0.25280517
2017,528,8412,0,0.097155124,0.13073649,0.3347792
2017,528,8413,0,0.06974411,0.06841791,-0.020622926
2017,528,8414,0,0.10273153,0.13757133,0.33162612
2017,528,8415,0,0.09849148,0.0874414,-0.13118407
2017,528,8416,0,0.20739253,0.23932524,0.18433239
2017,528,8417,0,0.141205,0.18957718,0.35255766
2017,528,8418,0,0.09631552,0.094172716,-0.024867238
2017,528,8419,0,0.11351991,0.13953048,0.23608528
2017,528,8420,0,0.20159732,0.2527018,0.2920867
2017,528,8421,0,0.07357935,0.0828461,0.12867339
2017,528,8422,0,0.114267856,0.097027734,-0.1828259
2017,528,8423,0,0.14723213,0.119166225,-0.24387263
2017,528,8424,0,0.080183774,0.072691485,-0.1062094
2017,528,8425,0,0.12573612,0.12838905,0.023918685
2017,528,8426,0,0.16266888,0.20366141,0.27493715
2017,528,8427,0,0.038908694,0.047581628,0.210294
2017,528,8428,0,0.11217346,0.12504414,0.12322314
2017,528,8429,0,0.045857083,0.080620065,0.601332
2017,528,8430,0,0.07867955,0.11418324,0.411719
2017,528,8431,0,0.03294632,0.045277983,0.33077517
2017,528,8432,0,0.031098094,0.025369013,-0.20951363
2017,528,8433,0,0.10672903,0.11166521,0.050753277
2017,528,8434,0,0.0944159,0.13464902,0.40040705
2017,528,8435,1,0.59723824,0.44979832,-0.59545654
2017,528,8436,0,0.043514196,0.051935162,0.18575184
2017,528,8437,0,0.09812687,0.13179666,0.33304685
2017,528,8438,0,0.07632083,0.09935885,0.28905
2017,528,8439,1,0.21234553,0.2924386,0.42727488
2017,528,8440,0,0.1279455,0.16880958,0.32515994
2017,528,8441,0,0.14110897,0.15999772,0.14786455
2017,528,8442,0,0.14413375,0.17761903,0.24880975
2017,528,8443,0,0.03400807,0.046612836,0.32841244
2017,528,8444,0,0.4159946,0.6103503,0.78802294
2017,528,8445,0,0.4574442,0.6998459,1.0172004
2017,528,8446,0,0.19370218,0.2810006,0.48662773
2017,528,8447,1,0.46366557,0.5036221,0.16008313
2017,528,8448,0,0.14687449,0.14087507,-0.048712596
2017,528,8449,1,0.73451066,0.70455545,-0.14854398
2017,528,8450,0,0.29787236,0.27677703,-0.103055194
2017,528,8451,0,0.14331093,0.10420226,-0.36332238
2017,528,8453,0,0.21653287,0.24328305,0.15122305
2017,528,8454,1,0.48019636,0.48929715,0.03643809
2017,528,8455,0,0.22796473,0.26489794,0.19917451
2017,528,8456,0,0.08111381,0.07911235,-0.02715985
2017,528,8457,0,0.2012017,0.33431485,0.69006693
2017,528,8458,0,0.14535862,0.19204028,0.33467084
2017,528,8459,0,0.20480096,0.28488246,0.43618354
2017,528,8460,0,0.147854,0.19711173,0.34708765
2017,528,8461,0,0.15195526,0.18719256,0.25099093
2017,528,8462,0,0.114158675,0.14031088,0.23623827
2017,528,8463,1,0.47842783,0.50917774,0.12305751
2017,528,8464,0,0.12338647,0.19137281,0.5196302
2017,528,8465,0,0.22830658,0.24415708,0.08787612
2017,528,8466,0,0.049954314,0.08255487,0.5372714
2017,528,8467,0,0.07087896,0.08182944,0.1555192
2017,528,8468,0,0.30376926,0.3079688,0.019780086
2017,528,8470,0,0.21310952,0.2125186,-0.0035273582
2017,528,8471,0,0.029612202,0.028966127,-0.022724837
2017,528,8472,0,0.087449804,0.0979624,0.12510557
2017,528,8473,0,0.18608643,0.26363152,0.44846457
2017,528,8474,0,0.15700348,0.18574679,0.20280774
2017,528,8475,0,0.17243327,0.27637935,0.6059864
2017,528,8476,0,0.21960926,0.15811875,-0.4043478
2017,528,8477,0,0.09464671,0.11872546,0.2536187
2017,528,8478,0,0.14583136,0.25066516,0.67260975
2017,528,8479,0,0.07371033,0.087471835,0.186142
2017,528,8480,0,0.10548252,0.10517753,-0.0032364202
2017,528,8481,0,0.071222045,0.070779316,-0.0067120898
2017,528,8482,0,0.0853354,0.081970386,-0.04390359
2017,528,8483,0,0.0709878,0.078703314,0.11151701
2017,528,8484,0,0.10443209,0.112919986,0.08766523
2017,528,8485,0,0.10654026,0.12706189,0.19938797
2017,410,8401,1,0.63536143,0.6352199,-0.00061095285
2017,410,8402,1,0.273569,0.35076675,0.36091906
2017,410,8403,0,0.08278135,0.052679982,-0.48425838
2017,410,8404,1,0.13296813,0.17846742,0.34820077
2017,410,8405,1,0.25835714,0.37736666,0.5537844
2017,410,8406,0,0.26223975,0.31927124,0.27723685
2017,410,8407,0,0.077934965,0.100155436,0.27524236
2017,410,8408,0,0.061155558,0.09624132,0.49152538
2017,410,8409,0,0.03437202,0.05376418,0.46765134
2017,410,8410,0,0.2580524,0.27282915,0.07580023
2017,410,8411,0,0.096963264,0.12747668,0.30797502
2017,410,8412,0,0.09599356,0.12364951,0.28424022
2017,410,8413,0,0.03638463,0.04191366,0.14721964
2017,410,8414,0,0.0430683,0.058328602,0.319381
2017,410,8415,0,0.047407825,0.060757104,0.26220945
2017,410,8416,1,0.1963485,0.19348177,-0.018268561
2017,410,8417,0,0.14477289,0.20315202,0.40949124
2017,410,8418,0,0.12692845,0.12796745,0.0093431575
2017,410,8419,0,0.13599016,0.18119287,0.34071514
2017,410,8420,0,0.21263503,0.3052938,0.48690015
2017,410,8421,0,0.036459044,0.053441014,0.40017083
2017,410,8422,0,0.08633832,0.083666764,-0.034351286
2017,410,8423,0,0.13330677,0.12847197,-0.042505264
2017,410,8424,0,0.040638477,0.05293201,0.27719006
2017,410,8425,0,0.11145747,0.13068405,0.18101542
2017,410,8426,0,0.12377892,0.1657947,0.34139213
2017,410,8427,0,0.059350546,0.06881762,0.15811396
2017,410,8428,0,0.068170965,0.09919301,0.40890726
2017,410,8429,0,0.03447642,0.050263874,0.3934973
2017,410,8431,0,0.03448177,0.061286543,0.6032842
2017,410,8432,0,0.12103449,0.12014826,-0.0083569065
2017,410,8433,0,0.44988734,0.3466702,-0.43258217
2017,410,8434,1,0.21658833,0.24394068,0.15446515
2017,410,8435,0,0.1313038,0.2085473,0.5557756
2017,410,8436,0,0.68122375,0.6377053,-0.1939831
2017,410,8437,0,0.12997198,0.1685312,0.3051336
2017,410,8438,0,0.09352508,0.12197118,0.2974391
2017,410,8439,0,0.18092,0.24598753,0.38999897
2017,410,8440,0,0.13295972,0.18512319,0.3930238
2017,410,8441,0,0.1076477,0.12318265,0.15236661
2017,410,8442,0,0.24047206,0.27186424,0.16490853
2017,410,8443,0,0.043285664,0.06562462,0.43975592
2017,410,8444,0,0.20972706,0.26955432,0.3296865
2017,410,8445,0,0.3512283,0.45748252,0.4431629
2017,410,8446,0,0.22243994,0.32265222,0.5098939
2017,410,8447,1,0.1991093,0.25624627,0.3262997
2017,410,8448,0,0.15864179,0.1650695,0.047386847
2017,410,8449,0,0.19554015,0.3002026,0.56807214
2017,410,8450,1,0.08892124,0.0633116,-0.36740386
2017,410,8451,0,0.1094252,0.13111986,0.20553249
2017,410,8452,0,0.17214207,0.24159034,0.42654124
2017,410,8453,0,0.18347578,0.26959112,0.4962759
2017,410,8454,0,0.16177225,0.23091687,0.44195905
2017,410,8455,0,0.15307534,0.20020294,0.32565504
2017,410,8456,1,0.15163925,0.3778685,1.2231964
2017,410,8457,0,0.12811463,0.15781139,0.24312915
2017,410,8458,0,0.07408849,0.12075235,0.5401937
2017,410,8459,0,0.08729454,0.12141653,0.36804146
2017,410,8460,0,0.1420058,0.20219114,0.42607394
2017,410,8461,0,0.1346115,0.18680261,0.38986436
2017,410,8462,0,0.07769271,0.091985635,0.1844892
2017,410,8463,0,0.15514605,0.246498,0.5774191
2017,410,8464,0,0.27688757,0.32491216,0.22866516
2017,410,8465,1,0.13237439,0.1818631,0.3763506
2017,410,8466,0,0.051419627,0.090980224,0.61322194
2017,410,8467,0,0.06841194,0.079213895,0.1582673
2017,410,8468,0,0.19989827,0.27650046,0.425043
2017,410,8470,0,0.3029591,0.3249148,0.101970464
2017,410,8471,0,0.038869705,0.04969794,0.25707847
2017,410,8472,0,0.06412637,0.08309396,0.27959174
2017,410,8473,0,0.1427865,0.18545222,0.31250077
2017,410,8474,0,0.11415638,0.14856836,0.30309713
2017,410,8475,0,0.352209,0.53907084,0.76594615
2017,410,8476,0,0.15427859,0.19258538,0.26813224
2017,410,8477,0,0.05167268,0.07580768,0.40905008
2017,410,8478,0,0.40726578,0.57304704,0.6695741
2017,410,8479,0,0.070368685,0.11231635,0.51374376
2017,410,8480,0,0.0835346,0.10455844,0.24769257
2017,410,8481,0,0.040774107,0.046953607,0.14757587
2017,410,8482,0,0.03883907,0.042687185,0.0984839
2017,410,8483,0,0.04195615,0.051278893,0.21043265
2017,410,8484,0,0.04572941,0.054172616,0.17832103
2017,410,8485,0,0.073282085,0.08463576,0.15636778
2017,458,8404,1,0.405827,0.5434455,0.5554649
2017,458,8405,1,0.4137902,0.46123388,0.19294243
2017,458,8407,0,0.27113032,0.32396337,0.25327855
2017,458,8408,0,0.20644008,0.27368075,0.37049145
2017,458,8411,0,0.14507443,0.2036499,0.4101309
2017,458,8412,0,0.15687053,0.18748952,0.2152939
2017,458,8413,0,0.079126164,0.10067709,0.26455536
2017,458,8414,0,0.057498354,0.07485557,0.2823921
2017,458,8415,0,0.038429826,0.04876487,0.24898268
2017,458,8416,0,0.5401726,0.5201702,-0.08031289
2017,458,8417,0,0.22778277,0.24673608,0.10477694
2017,458,8418,0,0.11160302,0.1138084,0.02205379
2017,458,8419,0,0.18682353,0.23502539,0.29063463
2017,458,8420,0,0.23162825,0.2693675,0.20130587
2017,458,8421,0,0.06109462,0.07171493,0.17165105
2017,458,8422,0,0.11478069,0.11942221,0.044899028
2017,458,8423,0,0.12492648,0.14352673,0.16028085
2017,458,8424,0,0.07310504,0.089218445,0.21672767
2017,458,8425,0,0.23708586,0.23012352,-0.038890675
2017,458,8426,0,0.17904855,0.24591744,0.4023011
2017,458,8427,0,0.12291694,0.13004263,0.064510904
2017,458,8428,0,0.10112323,0.11844328,0.1775511
2017,458,8430,0,0.20051022,0.26376343,0.35660976
2017,458,8431,0,0.08110141,0.11150765,0.35204268
2017,458,8433,0,0.18400112,0.19787234,0.08982551
2017,458,8436,0,0.0857623,0.1117612,0.29363483
2017,458,8437,0,0.27308613,0.2904376,0.08576101
2017,458,8438,0,0.14435014,0.17892797,0.25599185
2017,458,8439,1,0.2909876,0.34526578,0.2506774
2017,458,8441,0,0.15740089,0.19957106,0.28871787
2017,458,8442,1,0.40123656,0.43680465,0.14617503
2017,458,8443,0,0.12507921,0.144683,0.16825917
2017,458,8445,0,0.44774815,0.4894469,0.16755469
2017,458,8447,0,0.2686618,0.40388826,0.6121328
2017,458,8448,0,0.14756921,0.169637,0.16559264
2017,458,8450,1,0.43893373,0.5557911,0.46958804
2017,458,8451,0,0.09640046,0.1255538,0.29701892
2017,458,8452,1,0.1656992,0.24813507,0.5078364
2017,458,8453,1,0.58027834,0.633982,0.22542201
2017,458,8454,0,0.21655227,0.31843546,0.5249012
2017,458,8455,0,0.1764454,0.23122951,0.3392367
2017,458,8456,1,0.3501367,0.47877008,0.53346753
2017,458,8457,0,0.29793015,0.31969434,0.101997025
2017,458,8458,0,0.17384908,0.22258107,0.307902
2017,458,8459,0,0.18196099,0.27573326,0.53739196
2017,458,8460,0,0.15220147,0.20842837,0.38301292
2017,458,8461,1,0.3837227,0.49041858,0.4354466
2017,458,8462,0,0.111082815,0.14277956,0.28733498
2017,458,8463,1,0.18431243,0.287356,0.5791389
2017,458,8464,1,0.5579278,0.59852344,0.16656029
2017,458,8465,0,0.2050172,0.21961834,0.0873347
2017,458,8466,0,0.13936369,0.1840929,0.331725
2017,458,8467,0,0.08255447,0.09798041,0.18826616
2017,458,8468,0,0.26623827,0.26208434,-0.021370461
2017,458,8470,0,0.1912986,0.18975545,-0.010005696
2017,458,8472,1,0.18940628,0.25107184,0.36096868
2017,458,8473,0,0.0899764,0.124808736,0.3662631
2017,458,8474,0,0.16330804,0.22112423,0.37469095
2017,458,8475,0,0.22670487,0.32691944,0.50486034
2017,458,8476,0,0.26430365,0.29648674,0.15963466
2017,458,8477,0,0.0689128,0.09599458,0.36096737
2017,458,8478,1,0.43098113,0.5872175,0.63032377
2017,458,8479,0,0.09774696,0.11922628,0.22273532
2017,458,8480,0,0.10164022,0.15442754,0.47884235
2017,458,8481,0,0.085529424,0.08473147,-0.010245447
2017,458,8482,0,0.052727807,0.06127885,0.15935959
2017,458,8484,0,0.09014791,0.102242365,0.1392762
2017,458,8485,0,0.40202373,0.35661927,-0.19302791
2017,124,8401,0,0.44347095,0.5612711,0.47340918
2017,124,8402,1,0.72089857,0.76323724,0.22158726
2017,124,8403,0,0.24675672,0.24497007,-0.009635983
2017,124,8404,0,0.33514762,0.43235835,0.41275847
2017,124,8405,1,0.7559319,0.7937458,0.21714976
2017,124,8406,1,0.44526616,0.4771453,0.12833375
2017,124,8407,0,0.11671637,0.16182789,0.37920955
2017,124,8408,0,0.1932153,0.26897928,0.42944434
2017,124,8409,0,0.074980274,0.11808762,0.5019241
2017,124,8410,0,0.24789058,0.3195862,0.35422015
2017,124,8411,0,0.09711513,0.10603613,0.097812474
2017,124,8412,0,0.1400263,0.15290421,0.1030695
2017,124,8413,0,0.122690305,0.1261423,0.03168971
2017,124,8414,0,0.15817513,0.20954964,0.34422696
2017,124,8415,0,0.12361653,0.12892568,0.04812821
2017,124,8416,0,0.21316443,0.2156493,0.014752789
2017,124,8417,0,0.15805157,0.193856,0.24765064
2017,124,8418,0,0.16014628,0.118338816,-0.3511159
2017,124,8419,0,0.13900569,0.20407075,0.46252942
2017,124,8420,1,0.58239037,0.5656715,-0.06838152
2017,124,8421,0,0.118309215,0.17765972,0.47625536
2017,124,8422,0,0.16117534,0.14461654,-0.12795529
2017,124,8423,0,0.14656927,0.13230126,-0.118996814
2017,124,8424,0,0.098061964,0.10008713,0.022689348
2017,124,8425,0,0.153021,0.20165418,0.33511308
2017,124,8426,0,0.3275509,0.3264973,-0.004787451
2017,124,8427,0,0.14004388,0.1474644,0.060297314
2017,124,8428,0,0.16318317,0.1872521,0.1667667
2017,124,8429,0,0.19454448,0.2428549,0.28365618
2017,124,8430,0,0.18148753,0.22842024,0.28904867
2017,124,8431,0,0.058295716,0.068958424,0.17936262
2017,124,8432,0,0.0927653,0.087054946,-0.0698077
2017,124,8433,0,0.112284996,0.11983323,0.07360015
2017,124,8434,0,0.56796414,0.60833985,0.16678952
2017,124,8436,0,0.08287481,0.081624,-0.016570807
2017,124,8437,0,0.20777225,0.28938997,0.44005778
2017,124,8438,0,0.12025359,0.21961279,0.7221065
2017,124,8439,0,0.20369574,0.24499582,0.23787193
2017,124,8440,0,0.21160454,0.25247514,0.22982588
2017,124,8441,0,0.1872443,0.19154212,0.027995544
2017,124,8442,1,0.19802569,0.1785253,-0.12769102
2017,124,8443,0,0.08459188,0.11114972,0.30248094
2017,124,8445,0,0.26921532,0.37941396,0.5065709
2017,124,8448,0,0.20601314,0.19705337,-0.05568668
2017,124,8451,0,0.22286324,0.1866371,-0.2229532
2017,124,8452,0,0.1930694,0.1894966,-0.023096392
2017,124,8454,0,0.17262135,0.1814315,0.060483124
2017,124,8455,0,0.4249455,0.6011091,0.71259224
2017,124,8456,0,0.19162552,0.15360223,-0.26714072
2017,124,8457,0,0.22368181,0.39873934,0.8336173
2017,124,8458,0,0.20040014,0.30958828,0.58175063
2017,124,8459,1,0.21191591,0.32928693,0.6020033
2017,124,8460,0,0.21181017,0.26374257,0.28744224
2017,124,8461,0,0.15811725,0.19921444,0.2810927
2017,124,8462,1,0.25271183,0.26246473,0.05100388
2017,124,8463,1,0.5399153,0.551113,0.045167062
2017,124,8464,1,0.13615328,0.1462673,0.083431624
2017,124,8465,0,0.13082013,0.12837562,-0.021671467
2017,124,8466,0,0.068139076,0.076167665,0.1200392
2017,124,8467,0,0.10746942,0.10615264,-0.013802587
2017,124,8468,0,0.18072298,0.13547088,-0.3419713
2017,124,8470,0,0.27298167,0.20184577,-0.3952509
2017,124,8471,0,0.04535412,0.052683502,0.1575087
2017,124,8472,0,0.1289412,0.13060911,0.014769111
2017,124,8473,0,0.14721479,0.19577263,0.34368694
2017,124,8474,0,0.1880476,0.2301606,0.25534207
2017,124,8475,0,0.59667414,0.6238239,0.1141844
2017,124,8476,0,0.28865218,0.42294678,0.59125084
2017,124,8477,0,0.1039664,0.11844882,0.14670801
2017,124,8478,1,0.58993196,0.6653516,0.32355124
2017,124,8479,0,0.10605687,0.19234554,0.69682586
2017,124,8480,0,0.12967344,0.123067826,-0.05984482
2017,124,8481,0,0.12891172,0.11866034,-0.09456241
2017,124,8482,0,0.07720513,0.072475776,-0.068325594
2017,124,8483,0,0.07893393,0.08783742,0.11658996
2017,124,8484,0,0.15227224,0.12789804,-0.20278339
2017,124,8485,0,0.1503413,0.14609694,-0.033620615
2017,484,8402,0,0.37919053,0.49233392,0.46231875
2017,484,8403,0,0.3245675,0.3247803,0.00097051216
2017,484,8404,0,0.35973826,0.42906857,0.29084805
2017,484,8406,0,0.27966326,0.3719351,0.42220846
2017,484,8407,0,0.12505616,0.14735189,0.18987343
2017,484,8408,0,0.12161972,0.3745524,1.4644446
2017,484,8409,0,0.07762127,0.079713896,0.028873779
2017,484,8411,0,0.14058349,0.16037117,0.15498316
2017,484,8412,0,0.15867212,0.17439616,0.11335584
2017,484,8413,0,0.115620635,0.097055204,-0.19580983
2017,484,8414,0,0.14615166,0.15466823,0.066661984
2017,484,8415,0,0.14815944,0.14235586,-0.04674903
2017,484,8416,0,0.3147567,0.326374,0.053342924
2017,484,8417,0,0.21328953,0.27354044,0.3284765
2017,484,8418,0,0.13231021,0.12888744,-0.030146688
2017,484,8419,0,0.16717115,0.23884824,0.44680557
2017,484,8420,0,0.40887,0.3865769,-0.093085475
2017,484,8421,0,0.13272665,0.15386477,0.17245728
2017,484,8422,0,0.14052022,0.13532975,-0.043657854
2017,484,8423,0,0.1349008,0.06899833,-0.7438744
2017,484,8424,0,0.1066822,0.11192965,0.053907737
2017,484,8425,0,0.14288206,0.14357999,0.0056873634
2017,484,8426,0,0.2614051,0.2886186,0.13657565
2017,484,8427,0,0.39018923,0.3964707,0.026324509
2017,484,8428,0,0.15098546,0.15176103,0.0060375254
2017,484,8429,0,0.24718527,0.30513877,0.29073548
2017,484,8430,0,0.22003807,0.24725732,0.15215063
2017,484,8431,0,0.092299856,0.14753745,0.5318244
2017,484,8432,0,0.19058973,0.14621326,-0.3184323
2017,484,8433,0,0.12586589,0.10068272,-0.25164494
2017,484,8434,0,0.30498698,0.36417875,0.2663888
2017,484,8436,0,0.18720154,0.19431755,0.046101335
2017,484,8437,1,0.212779,0.27502304,0.33897007
2017,484,8438,1,0.14916484,0.19617279,0.33077785
2017,484,8439,0,0.22051768,0.24803779,0.15354714
2017,484,8441,1,0.26029983,0.27408874,0.0704349
2017,484,8442,0,0.32839474,0.24105342,-0.43145838
2017,484,8443,0,0.0928011,0.11067506,0.19603886
2017,484,8450,0,0.09087247,0.07837747,-0.16157071
2017,484,8451,0,0.19370364,0.07192759,-1.1313277
2017,484,8453,0,0.21724045,0.25710857,0.22076924
2017,484,8455,1,0.7361409,0.7708967,0.18737523
2017,484,8456,0,0.17310894,0.13008611,-0.33644584
2017,484,8457,1,0.43916297,0.45396712,0.0599053
2017,484,8458,0,0.22129369,0.3183894,0.4969598
2017,484,8459,0,0.39540383,0.40603828,0.04428581
2017,484,8460,1,0.34981424,0.35607997,0.027436608
2017,484,8461,0,0.62556326,0.65934116,0.14712991
2017,484,8462,0,0.179559,0.18592906,0.042655874
2017,484,8463,1,0.52089876,0.5744169,0.21625122
2017,484,8465,0,0.16467273,0.25599852,0.55699223
2017,484,8466,0,0.10506795,0.10704769,0.020881817
2017,484,8467,0,0.079370014,0.09764784,0.22730008
2017,484,8468,0,0.25343752,0.49350327,1.0543736
2017,484,8470,0,0.45295575,0.33820772,-0.48255616
2017,484,8471,0,0.09490273,0.102928326,0.090087
2017,484,8472,0,0.2128013,0.17790423,-0.22248974
2017,484,8473,0,0.25967062,0.30166215,0.20828591
2017,484,8475,0,0.25608894,0.46518782,0.92692226
2017,484,8476,0,0.232379,0.23808022,0.031692885
2017,484,8477,0,0.15212871,0.22842401,0.5007704
2017,484,8479,0,0.12770186,0.23465341,0.7392137
2017,484,8480,0,0.16562264,0.16898635,0.024145624
2017,484,8481,0,0.113369055,0.13522543,0.20125473
2017,484,8482,0,0.101019554,0.09285114,-0.09336179
2017,484,8483,0,0.10320395,0.10408662,0.009501029
2017,484,8484,0,0.165639,0.11541823,-0.41969728
2017,484,8485,0,0.1099785,0.10601971,-0.041097768
2017,757,8402,0,0.21397403,0.28676704,0.38999727
2017,757,8403,0,0.19297957,0.07138493,-1.1348429
2017,757,8404,0,0.6081848,0.6347001,0.112745516
2017,757,8406,0,0.18780957,0.28659746,0.5523392
2017,757,8407,1,0.29362053,0.4538875,0.6928887
2017,757,8408,0,0.13893493,0.17893286,0.3005701
2017,757,8409,0,0.07105325,0.09977299,0.37087214
2017,757,8411,1,0.072696455,0.09924777,0.34037757
2017,757,8412,0,0.15527248,0.17688279,0.15622132
2017,757,8413,0,0.06128949,0.08135428,0.3048117
2017,757,8414,0,0.08451146,0.12043768,0.39427882
2017,757,8415,0,0.15816294,0.1413308,-0.13231985
2017,757,8416,0,0.17058116,0.20384668,0.21909042
2017,757,8417,0,0.17833897,0.24015862,0.3758318
2017,757,8418,0,0.16042474,0.15900153,-0.010604844
2017,757,8419,0,0.14842287,0.18567674,0.26867455
2017,757,8420,0,0.41504985,0.44898415,0.13835214
2017,757,8421,0,0.06958523,0.08714962,0.24413241
2017,757,8422,0,0.13787746,0.12548195,-0.108478904
2017,757,8423,1,0.14124204,0.13306916,-0.06907823
2017,757,8424,0,0.06933513,0.06858175,-0.011734436
2017,757,8425,0,0.2414093,0.2438258,0.013150855
2017,757,8426,0,0.24354501,0.28837103,0.23003268
2017,757,8427,0,0.10341399,0.124193,0.20654503
2017,757,8428,0,0.09691323,0.13036709,0.3342855
2017,757,8429,0,0.11208476,0.22425288,0.8285687
2017,757,8430,0,0.18351686,0.24078389,0.34431303
2017,757,8431,0,0.039918777,0.05715849,0.37710074
2017,757,8432,0,0.091682814,0.06773435,-0.32876557
2017,757,8433,0,0.14967252,0.1505461,0.0068476517
2017,757,8434,0,0.26442686,0.30230474,0.18673845
2017,757,8435,0,0.18309772,0.24136181,0.35027152
2017,757,8436,0,0.16060062,0.2709236,0.6638243
2017,757,8437,0,0.14667547,0.16265497,0.12231244
2017,757,8438,0,0.09111456,0.1001428,0.10446267
2017,757,8439,0,0.16216268,0.20568511,0.2910904
2017,757,8440,0,0.15197147,0.19918163,0.32780448
2017,757,8441,0,0.13194558,0.15499683,0.18792918
2017,757,8442,0,0.17197558,0.18075754,0.06046662
2017,757,8443,0,0.060362127,0.079823986,0.30039173
2017,757,8445,0,0.23991226,0.36668336,0.6066888
2017,757,8446,0,0.1363767,0.2148313,0.54967016
2017,757,8447,1,0.2372889,0.27602607,0.203341
2017,757,8448,0,0.04313507,0.059121054,0.3320985
2017,757,8449,0,0.5266959,0.6884924,0.68619525
2017,757,8450,0,0.17565584,0.12974502,-0.3571535
2017,757,8451,0,0.07691077,0.09372309,0.21607967
2017,757,8452,0,0.10202198,0.10551393,0.037550863
2017,757,8453,0,0.15109438,0.19557875,0.31188336
2017,757,8454,0,0.24456917,0.31300223,0.34166935
2017,757,8455,0,0.23278369,0.30641952,0.3757471
2017,757,8456,0,0.11144295,0.088796064,-0.2523384
2017,757,8457,0,0.1166559,0.20475829,0.6676704
2017,757,8458,0,0.11670835,0.1722044,0.45389315
2017,757,8459,0,0.17190754,0.22723517,0.3481787
2017,757,8460,0,0.09038961,0.13811035,0.47781283
2017,757,8461,0,0.15126996,0.1980135,0.3259184
2017,757,8462,0,0.1189695,0.1397688,0.18501356
2017,757,8463,0,0.16428548,0.20056325,0.24390377
2017,757,8464,0,0.12559284,0.19275941,0.5083218
2017,757,8465,0,0.12573914,0.14778267,0.18707064
2017,757,8466,0,0.032149587,0.053503476,0.5316573
2017,757,8467,0,0.12043262,0.14267801,0.1951166
2017,757,8468,1,0.326692,0.37437624,0.20969713
2017,757,8470,0,0.2007206,0.2215364,0.12506144
2017,757,8471,0,0.04213752,0.04590193,0.0895065
2017,757,8472,1,0.10819183,0.0980392,-0.10985856
2017,757,8473,0,0.13251123,0.18815286,0.41687793
2017,757,8474,1,0.1747701,0.21729222,0.27067432
2017,757,8475,0,0.41373512,0.51616174,0.41321525
2017,757,8476,0,0.15875985,0.13566646,-0.18427482
2017,757,8477,0,0.08498345,0.12105852,0.39404133
2017,757,8478,0,0.12965149,0.22588909,0.6723725
2017,757,8479,0,0.046479043,0.10075598,0.8323071
2017,757,8480,0,0.12910655,0.15248002,0.1936009
2017,757,8481,0,0.09279715,0.09814095,0.061896544
2017,757,8482,0,0.08949458,0.089517646,0.00028309866
2017,757,8483,0,0.08683282,0.103029646,0.18892846
2017,757,8484,0,0.104519024,0.11706075,0.12742849
2017,757,8485,0,0.13949831,0.18440898,0.33270615
2017,764,8402,1,0.33478928,0.4082874,0.31555292
2017,764,8403,1,0.6270772,0.62655556,-0.0022299527
2017,764,8405,0,0.6242136,0.6735568,0.21684468
2017,764,8406,0,0.3707977,0.40986106,0.16425638
2017,764,8407,0,0.117265195,0.15333046,0.30987197
2017,764,8408,0,0.28088108,0.33389318,0.24946634
2017,764,8409,0,0.033529676,0.049042158,0.39643037
2017,764,8411,0,0.22956248,0.23962747,0.056060404
2017,764,8412,0,0.17695126,0.25388467,0.45914096
2017,764,8413,0,0.06079371,0.059179474,-0.028628709
2017,764,8414,0,0.052229617,0.070892766,0.3254069
2017,764,8415,0,0.04171078,0.047857206,0.14389691
2017,764,8418,0,0.07211265,0.07921636,0.1016386
2017,764,8419,0,0.12989692,0.17945312,0.38181338
2017,764,8420,0,0.21463476,0.35173836,0.6858042
2017,764,8421,0,0.07919398,0.09621448,0.213337
2017,764,8422,0,0.10238763,0.09905416,-0.036806177
2017,764,8423,0,0.16815872,0.26054978,0.5556204
2017,764,8425,0,0.15142691,0.20761743,0.3841059
2017,764,8426,0,0.19450913,0.24092534,0.27335978
2017,764,8428,0,0.085500665,0.11590778,0.33808604
2017,764,8429,0,0.1627864,0.20967126,0.31073222
2017,764,8431,0,0.06243968,0.0884145,0.3759308
2017,764,8434,1,0.1736121,0.31762466,0.79553133
2017,764,8437,0,0.17517172,0.21511395,0.25503772
2017,764,8438,0,0.1389681,0.17960602,0.30486813
2017,764,8439,0,0.19069855,0.2654728,0.42776302
2017,764,8440,0,0.3445201,0.42463937,0.33945832
2017,764,8441,1,0.3793033,0.43237466,0.2203372
2017,764,8442,0,0.24492837,0.34699365,0.49356657
2017,764,8443,0,0.07257196,0.10731538,0.42937523
2017,764,8445,0,0.23123331,0.35370654,0.5985742
2017,764,8447,0,0.27220222,0.2604486,-0.06016028
2017,764,8448,1,0.16147442,0.18504974,0.16479588
2017,764,8450,0,0.121584095,0.10713434,-0.14283855
2017,764,8451,0,0.101278216,0.13150847,0.29541564
2017,764,8452,0,0.10683557,0.104311034,-0.02673622
2017,764,8453,0,0.16615498,0.26924983,0.6146948
2017,764,8454,1,0.3280269,0.43334994,0.44892645
2017,764,8455,1,0.4808641,0.51472926,0.13551514
2017,764,8456,0,0.19028644,0.18571024,-0.029978644
2017,764,8457,0,0.20336777,0.2917599,0.4785252
2017,764,8458,0,0.16359064,0.203454,0.26690605
2017,764,8459,0,0.1789574,0.25313964,0.4414903
2017,764,8460,0,0.1846945,0.2740993,0.51093704
2017,764,8461,1,0.36120728,0.45170367,0.3763385
2017,764,8462,0,0.1636646,0.18358412,0.1389598
2017,764,8463,0,0.4140325,0.48302922,0.27941048
2017,764,8464,0,0.44600654,0.48577255,0.15989405
2017,764,8466,0,0.10599278,0.18855506,0.6729163
2017,764,8467,0,0.13910645,0.17926018,0.3013635
2017,764,8468,1,0.36531803,0.38895807,0.10066173
2017,764,8470,0,0.18032332,0.21833977,0.23879075
2017,764,8471,0,0.13045613,0.13372475,0.028512666
2017,764,8472,1,0.18278815,0.1943321,0.07546731
2017,764,8473,0,0.1585252,0.23277211,0.4765185
2017,764,8475,0,0.24865131,0.3228668,0.36519006
2017,764,8476,0,0.2693126,0.27782443,0.04283413
2017,764,8477,0,0.07737424,0.10097897,0.29217556
2017,764,8479,0,0.061272964,0.09585015,0.48497707
2017,764,8480,0,0.12224337,0.13484882,0.1126054
2017,764,8481,0,0.038829394,0.046585266,0.19020858
2017,764,8482,0,0.051667236,0.06382492,0.22422297
2017,764,8483,0,0.046475068,0.059893582,0.26782593
2017,764,8484,0,0.044985857,0.050556634,0.12259628
2017,764,8485,0,0.07950908,0.09607942,0.20746943
2017,752,8401,0,0.570581,0.6633613,0.39408764
2017,752,8402,1,0.5831968,0.69607496,0.49276567
2017,752,8403,1,0.30610698,0.19401999,-0.6057146
2017,752,8404,0,0.1813497,0.2781052,0.55334973
2017,752,8405,0,0.24233913,0.33650708,0.46099883
2017,752,8406,0,0.6954409,0.7763671,0.4189388
2017,752,8407,0,0.25379944,0.2520938,-0.009026257
2017,752,8408,0,0.1301416,0.15634823,0.21405324
2017,752,8409,0,0.12745644,0.12865467,0.010731313
2017,752,8410,0,0.22787744,0.28499663,0.30052543
2017,752,8412,0,0.04977567,0.06884641,0.34462583
2017,752,8413,0,0.08269159,0.082452826,-0.0031518103
2017,752,8414,0,0.09970123,0.12921414,0.29262346
2017,752,8415,0,0.12335682,0.12067856,-0.025001172
2017,752,8416,0,0.1714081,0.2264584,0.34726232
2017,752,8417,0,0.29654676,0.36647552,0.31642964
2017,752,8418,0,0.07403168,0.07996678,0.08354863
2017,752,8419,0,0.1444034,0.1752065,0.23002039
2017,752,8420,0,0.18477508,0.31087527,0.68829423
2017,752,8421,0,0.068627454,0.07704985,0.12484411
2017,752,8422,0,0.068004824,0.06857945,0.009030943
2017,752,8423,0,0.13700096,0.1350379,-0.016704524
2017,752,8424,0,0.053415805,0.056419298,0.057882655
2017,752,8425,0,0.14158747,0.1593797,0.13931647
2017,752,8426,0,0.13959353,0.18142073,0.31191862
2017,752,8427,0,0.040077817,0.053160097,0.29620722
2017,752,8428,0,0.111012064,0.12983777,0.17805086
2017,752,8429,0,0.051469073,0.07012253,0.3291247
2017,752,8430,0,0.15846631,0.20942247,0.34127393
2017,752,8431,0,0.03302853,0.04382055,0.2939543
2017,752,8432,0,0.06645423,0.064829886,-0.026485125
2017,752,8433,0,0.1337392,0.17858131,0.34230542
2017,752,8434,0,0.09336615,0.13374019,0.4049239
2017,752,8436,0,0.12276921,0.14874198,0.22196174
2017,752,8437,0,0.28436527,0.35851938,0.3411141
2017,752,8438,0,0.110756025,0.1276572,0.16120808
2017,752,8439,0,0.23134136,0.31135324,0.4069523
2017,752,8440,0,0.18304391,0.25039205,0.39933673
2017,752,8441,0,0.14575382,0.15905443,0.103019916
2017,752,8442,0,0.26276904,0.28297397,0.10186859
2017,752,8443,0,0.07192121,0.09512069,0.30489036
2017,752,8447,0,0.8603325,0.65702635,-1.1679839
2017,752,8448,0,0.16875902,0.14678162,-0.16562168
2017,752,8449,0,0.63175863,0.6832454,0.2289582
2017,752,8450,0,0.1518612,0.1473132,-0.035753924
2017,752,8451,0,0.18639219,0.17288087,-0.09172057
2017,752,8452,0,0.33876073,0.31703284,-0.09861967
2017,752,8453,1,0.5474472,0.6988341,0.6513907
2017,752,8454,0,0.24927066,0.32000658,0.34876427
2017,752,8455,0,0.16959816,0.22657123,0.36070365
2017,752,8456,1,0.15534174,0.1550536,-0.0021977017
2017,752,8458,0,0.17336491,0.19815655,0.16410865
2017,752,8459,0,0.2757315,0.34211937,0.31187075
2017,752,8460,0,0.13302727,0.19000368,0.4244672
2017,752,8461,1,0.6275239,0.68700814,0.2645602
2017,752,8462,0,0.12479944,0.15236256,0.23155504
2017,752,8463,0,0.19246629,0.23640136,0.2615526
2017,752,8464,0,0.10738533,0.1504804,0.38689312
2017,752,8465,0,0.25868258,0.2887681,0.1514526
2017,752,8466,0,0.04162684,0.057866402,0.34648177
2017,752,8467,0,0.094256565,0.096841834,0.029916964
2017,752,8468,0,0.2586815,0.26768464,0.04643116
2017,752,8470,0,0.2780399,0.33916995,0.2872098
2017,752,8471,0,0.072702385,0.07988043,0.1019275
2017,752,8472,1,0.09639901,0.1122072,0.16950054
2017,752,8473,0,0.24348038,0.29777557,0.27577913
2017,752,8474,0,0.12345365,0.15167186,0.2385757
2017,752,8475,0,0.29072675,0.39670217,0.4726319
2017,752,8476,0,0.348221,0.3239087,-0.10899829
2017,752,8477,0,0.1011775,0.13040724,0.28684628
2017,752,8478,0,0.3062693,0.4164331,0.48018584
2017,752,8479,0,0.06256278,0.10307785,0.54349476
2017,752,8480,0,0.1528206,0.17807032,0.18317148
2017,752,8481,0,0.06866415,0.0723312,0.05597357
2017,752,8482,0,0.036617555,0.04155687,0.13167518
2017,752,8483,0,0.061726633,0.06855513,0.11222726
2017,752,8484,0,0.066930376,0.077391066,0.15649264
2017,752,8485,1,0.06742352,0.08917708,0.30323264
2017,372,8403,0,0.2697329,0.2382017,-0.16658592
2017,372,8406,0,0.5225474,0.7859399,1.2103726
2017,372,8407,1,0.2361257,0.24662192,0.057328396
2017,372,8409,0,0.14389633,0.15219262,0.06579201
2017,372,8411,0,0.16443723,0.18338569,0.13200122
2017,372,8412,0,0.29047498,0.31306222,0.10723659
2017,372,8413,0,0.16223091,0.1341623,-0.22292526
2017,372,8414,0,0.09568428,0.14384022,0.46237057
2017,372,8415,0,0.1673802,0.16149983,-0.04280153
2017,372,8418,0,0.13347235,0.13443543,0.008301567
2017,372,8419,1,0.5322195,0.48944822,-0.17127012
2017,372,8421,0,0.15568665,0.1594929,0.028672291
2017,372,8422,0,0.1740592,0.1526142,-0.15711522
2017,372,8423,0,0.5662947,0.41817328,-0.597026
2017,372,8424,0,0.16070601,0.1622668,0.011526666
2017,372,8425,0,0.23016565,0.23421183,0.022696618
2017,372,8427,0,0.112127416,0.11964992,0.07344286
2017,372,8428,0,0.19522187,0.20263904,0.046548713
2017,372,8429,0,0.20879498,0.2849067,0.41195294
2017,372,8430,0,0.4447308,0.5167385,0.2889628
2017,372,8432,0,0.13758455,0.10062531,-0.3547974
2017,372,8433,0,0.13093075,0.1329946,0.018017478
2017,372,8434,0,0.2615023,0.30784446,0.22795872
2017,372,8436,0,0.27132052,0.31283796,0.20104831
2017,372,8437,0,0.34850213,0.44653165,0.41093552
2017,372,8438,0,0.37829506,0.39115462,0.05432971
2017,372,8441,0,0.23943786,0.2839849,0.23098367
2017,372,8442,1,0.72399116,0.7320628,0.040767435
2017,372,8443,0,0.10095369,0.15797362,0.51328945
2017,372,8448,0,0.22273792,0.16282997,-0.387539
2017,372,8450,0,0.27637562,0.275485,-0.0044577518
2017,372,8451,0,0.18913288,0.16311666,-0.17956464
2017,372,8456,1,0.5118475,0.4470505,-0.25999376
2017,372,8457,1,0.7642508,0.8263108,0.383576
2017,372,8459,1,0.6565324,0.7333194,0.36365056
2017,372,8460,1,0.3982793,0.37969425,-0.07820638
2017,372,8461,1,0.5040533,0.5046011,0.0021913575
2017,372,8462,0,0.23951791,0.25135544,0.063928165
2017,372,8463,0,0.51158416,0.5690492,0.23162806
2017,372,8465,0,0.21731177,0.23774317,0.11630878
2017,372,8466,0,0.10833618,0.14269502,0.31476593
2017,372,8467,0,0.19001105,0.19599012,0.038390957
2017,372,8468,0,0.26860166,0.2021747,-0.3710288
2017,372,8470,0,0.5995309,0.60219246,0.01109798
2017,372,8471,0,0.04763342,0.050918393,0.07014481
2017,372,8472,0,0.3325399,0.2840832,-0.22757708
2017,372,8473,0,0.11821915,0.15043487,0.27820906
2017,372,8474,0,0.25659266,0.30378756,0.23442812
2017,372,8475,1,0.40700266,0.5047167,0.3952374
2017,372,8477,0,0.13415952,0.15825623,0.19341084
2017,372,8478,1,0.73988116,0.7817165,0.2303465
2017,372,8479,0,0.079485565,0.114700735,0.40575784
2017,372,8480,0,0.20365436,0.20693621,0.02011613
2017,372,8481,1,0.15525186,0.13977212,-0.12319412
2017,372,8484,0,0.16720241,0.17277469,0.039496765
2017,372,8485,0,0.20986381,0.2629494,0.29505163
2017,40,8401,0,0.22728328,0.23937623,0.06761302
2017,40,8402,0,0.18557994,0.2542113,0.40271407
2017,40,8403,0,0.15134731,0.10194383,-0.45173767
2017,40,8404,1,0.37150785,0.46657157,0.39184016
2017,40,8405,0,0.2157502,0.2879518,0.38525385
2017,40,8406,0,0.27076134,0.39232424,0.55321056
2017,40,8407,0,0.0988775,0.102975994,0.045172628
2017,40,8408,0,0.11986948,0.17031191,0.4102485
2017,40,8409,0,0.076625146,0.116847746,0.46648407
2017,40,8411,0,0.13196844,0.14954491,0.14549042
2017,40,8412,0,0.124904126,0.16120069,0.29746574
2017,40,8413,0,0.07529854,0.07933719,0.05662311
2017,40,8414,0,0.05101517,0.08400669,0.53415704
2017,40,8415,0,0.17266017,0.17736809,0.032608546
2017,40,8416,0,0.21579665,0.24180354,0.14751479
2017,40,8417,0,0.17529821,0.24964401,0.44802156
2017,40,8418,0,0.12481915,0.12105229,-0.03493824
2017,40,8419,0,0.12973313,0.16253267,0.2638173
2017,40,8420,1,0.22999208,0.29205707,0.3229416
2017,40,8421,0,0.11265342,0.11884071,0.060465034
2017,40,8422,0,0.1898239,0.17151763,-0.12375472
2017,40,8423,0,0.091311015,0.08605126,-0.06509985
2017,40,8424,0,0.067345686,0.074376814,0.10687291
2017,40,8425,0,0.1972429,0.20914997,0.07355937
2017,40,8426,0,0.117881715,0.14317964,0.22351632
2017,40,8427,0,0.12410617,0.14457837,0.17633475
2017,40,8428,0,0.14351943,0.15295883,0.07478061
2017,40,8429,0,0.102649115,0.13793603,0.33559096
2017,40,8430,0,0.13228418,0.17548338,0.33365884
2017,40,8431,0,0.035685033,0.05131767,0.3796477
2017,40,8432,0,0.061172448,0.052875146,-0.15456274
2017,40,8433,0,0.11745786,0.11153063,-0.058473736
2017,40,8434,0,0.14059064,0.17821187,0.2818835
2017,40,8435,0,0.26875567,0.3412936,0.3434102
2017,40,8436,0,0.1581533,0.1849121,0.18861772
2017,40,8437,0,0.14892483,0.17342323,0.18150109
2017,40,8438,0,0.06076137,0.08728916,0.3909226
2017,40,8439,0,0.18721393,0.2535217,0.38829887
2017,40,8440,0,0.18551742,0.29113263,0.58951473
2017,40,8441,1,0.62013966,0.58934927,-0.12886497
2017,40,8442,0,0.17133778,0.18111831,0.06738653
2017,40,8443,0,0.049555033,0.064728096,0.28320462
2017,40,8444,0,0.27610844,0.56394154,1.2210221
2017,40,8445,0,0.15543935,0.20251727,0.32192582
2017,40,8446,0,0.3575474,0.31910056,-0.17188326
2017,40,8448,0,0.17805812,0.15537384,-0.16350026
2017,40,8449,0,0.26648298,0.31361982,0.22929026
2017,40,8450,0,0.30124083,0.27874738,-0.10928747
2017,40,8451,0,0.09929627,0.117321245,0.18702292
2017,40,8452,1,0.44567353,0.4260444,-0.07984142
2017,40,8453,1,0.21588704,0.37017563,0.75833434
2017,40,8454,1,0.16675249,0.22861698,0.39268315
2017,40,8455,0,0.19233406,0.27697462,0.4753964
2017,40,8456,0,0.096374534,0.08402318,-0.15072547
2017,40,8457,0,0.24739283,0.3430106,0.46265936
2017,40,8458,0,0.19185925,0.2593618,0.38868588
2017,40,8459,0,0.24311458,0.3118725,0.3442994
2017,40,8460,0,0.12468353,0.17990318,0.43180314
2017,40,8461,0,0.13185698,0.18700269,0.415034
2017,40,8462,0,0.10885782,0.13650902,0.25786853
2017,40,8463,0,0.26953447,0.31263605,0.20916156
2017,40,8464,0,0.17178413,0.2284626,0.35602266
2017,40,8465,0,0.12325718,0.1345857,0.100933485
2017,40,8466,0,0.053601492,0.09054928,0.56414026
2017,40,8467,0,0.124097265,0.1257448,0.015071539
2017,40,8468,0,0.16288969,0.22052047,0.3742467
2017,40,8470,0,0.37728876,0.34881452,-0.123182185
2017,40,8471,0,0.03793336,0.040571455,0.06997976
2017,40,8472,0,0.13582864,0.13245654,-0.02903417
2017,40,8473,0,0.089259274,0.12138255,0.3433103
2017,40,8474,0,0.21435487,0.24064855,0.14974502
2017,40,8475,0,0.3014248,0.42337668,0.5315954
2017,40,8476,1,0.18399586,0.20981461,0.16346289
2017,40,8477,0,0.057705328,0.07917484,0.33935696
2017,40,8478,0,0.38601157,0.4728541,0.35541835
2017,40,8479,0,0.041409463,0.06704698,0.5089934
2017,40,8480,0,0.105270766,0.10585726,0.0062115686
2017,40,8481,0,0.056611937,0.07112938,0.24378903
2017,40,8482,0,0.09073991,0.095030464,0.050930105
2017,40,8483,0,0.08961691,0.10537956,0.17949058
2017,40,8484,0,0.096663006,0.110203,0.1461957
2017,40,8485,0,0.10304664,0.16568759,0.5473183
2017,724,8401,0,0.31026253,0.60787964,1.2373003
2017,724,8402,0,0.2630226,0.32970998,0.32082027
2017,724,8403,0,0.21330018,0.17208667,-0.26576385
2017,724,8404,0,0.23142116,0.35643923,0.6094513
2017,724,8405,0,0.21661754,0.32616213,0.5598928
2017,724,8407,0,0.10536066,0.16254018,0.49958336
2017,724,8408,0,0.14267972,0.1491214,0.05170044
2017,724,8409,0,0.048033763,0.057935428,0.1978807
2017,724,8410,0,0.15790932,0.25619477,0.60802543
2017,724,8411,0,0.1118862,0.12345991,0.11155162
2017,724,8412,0,0.18706433,0.22641681,0.24054387
2017,724,8413,0,0.068604626,0.071444586,0.043615777
2017,724,8414,0,0.07441124,0.09195468,0.23082456
2017,724,8415,0,0.12016016,0.103271365,-0.17047885
2017,724,8416,0,0.19606727,0.22650644,0.1829139
2017,724,8417,0,0.15659866,0.21629426,0.39636284
2017,724,8418,0,0.123387605,0.11233495,-0.106374994
2017,724,8419,0,0.13035098,0.1678034,0.29658353
2017,724,8420,0,0.10794118,0.16610253,0.4984404
2017,724,8421,0,0.09137163,0.09444311,0.03644862
2017,724,8422,0,0.060164873,0.062169358,0.034908485
2017,724,8423,0,0.13579006,0.13128585,-0.03893136
2017,724,8424,0,0.071923375,0.06252705,-0.15007567
2017,724,8425,0,0.1211547,0.13693853,0.14058681
2017,724,8426,0,0.14949802,0.18737452,0.27138266
2017,724,8427,0,0.059887666,0.066254295,0.10782504
2017,724,8428,0,0.11440604,0.12898111,0.13650706
2017,724,8430,0,0.14889292,0.19765614,0.34230214
2017,724,8431,0,0.032368653,0.04458691,0.33295715
2017,724,8432,0,0.068032846,0.058543663,-0.16034822
2017,724,8433,0,0.15695664,0.17224418,0.111243635
2017,724,8434,0,0.1207397,0.17369163,0.42575744
2017,724,8435,0,0.24300167,0.23084292,-0.06726499
2017,724,8436,0,0.07708164,0.091068916,0.18202274
2017,724,8437,0,0.15938875,0.18645349,0.1895618
2017,724,8438,0,0.08874133,0.10472235,0.1832798
2017,724,8439,0,0.26315776,0.32866323,0.31538284
2017,724,8440,1,0.43622428,0.4497755,0.05492215
2017,724,8441,0,0.1290689,0.14697559,0.15069485
2017,724,8442,0,0.23913191,0.24249281,0.018383762
2017,724,8443,0,0.03515243,0.044331174,0.24155304
2017,724,8444,0,0.33441854,0.5286118,0.80284005
2017,724,8445,0,0.13694434,0.2116086,0.52564836
2017,724,8446,0,0.31869298,0.46226442,0.60855496
2017,724,8447,0,0.14412326,0.20608072,0.43274355
2017,724,8448,0,0.06795163,0.08275602,0.21311182
2017,724,8449,0,0.67350274,0.63112235,-0.18703589
2017,724,8450,0,0.20354174,0.14241664,-0.43105787
2017,724,8451,0,0.09934085,0.107724406,0.090371065
2017,724,8452,0,0.17903791,0.21278025,0.21463194
2017,724,8453,0,0.14357585,0.19967474,0.39757377
2017,724,8454,0,0.30888158,0.3749806,0.29444486
2017,724,8455,0,0.32526687,0.37050837,0.19963475
2017,724,8456,0,0.16794106,0.16803752,0.000690044
2017,724,8457,0,0.13898581,0.18591964,0.34699464
2017,724,8458,0,0.07269744,0.11045604,0.4598826
2017,724,8459,0,0.15982297,0.24084665,0.5115026
2017,724,8460,0,0.11761911,0.16202174,0.37191057
2017,724,8461,0,0.11394373,0.1564493,0.36618778
2017,724,8462,0,0.086362295,0.11578657,0.32593307
2017,724,8463,0,0.17835015,0.23461899,0.3451548
2017,724,8464,0,0.05780156,0.08544817,0.42067602
2017,724,8465,0,0.09215083,0.1186973,0.28282687
2017,724,8466,0,0.035064824,0.052047655,0.412718
2017,724,8467,0,0.20747234,0.20706011,-0.002508869
2017,724,8468,0,0.20538953,0.25129297,0.2612154
2017,724,8470,0,0.3028409,0.330065,0.125915
2017,724,8471,0,0.06661504,0.05309359,-0.24125667
2017,724,8472,0,0.07629791,0.10167837,0.3150305
2017,724,8473,0,0.09591466,0.13296573,0.36847782
2017,724,8474,0,0.19684611,0.23543462,0.22824974
2017,724,8475,0,0.41537434,0.5522428,0.55152845
2017,724,8476,0,0.20912209,0.20360914,-0.033662606
2017,724,8477,0,0.08671752,0.117289975,0.33604163
2017,724,8478,1,0.32190818,0.45927915,0.58177143
2017,724,8479,0,0.037933882,0.054457434,0.37889892
2017,724,8480,0,0.10719307,0.12418695,0.16637425
2017,724,8481,0,0.072023444,0.07463357,0.038415402
2017,724,8482,0,0.07054,0.0742276,0.054931335
2017,724,8483,0,0.11001766,0.110086635,0.00070417335
2017,724,8484,0,0.106340036,0.12224917,0.15738213
2018,842,8401,0,0.20693931,0.45549878,1.1649971
2018,842,8402,0,0.16545704,0.2255693,0.384672
2018,842,8403,0,0.11087279,0.22137815,0.8242036
2018,842,8404,1,0.217282,0.3009029,0.43857443
2018,842,8405,0,0.2121388,0.31011587,0.5125035
2018,842,8406,0,0.121805735,0.18122697,0.46738374
2018,842,8407,0,0.12815805,0.20832108,0.5822685
2018,842,8408,0,0.39005986,0.5176167,0.5175565
2018,842,8409,0,0.11303664,0.12515424,0.11559104
2018,842,8410,1,0.20026375,0.3146326,0.6060972
2018,842,8411,0,0.090122595,0.13304216,0.43781477
2018,842,8412,0,0.06370925,0.09699734,0.45655438
2018,842,8413,0,0.12797214,0.12136856,-0.06052501
2018,842,8414,0,0.11217574,0.10723567,-0.05058676
2018,842,8415,0,0.117804624,0.114570625,-0.031495392
2018,842,8416,0,0.19456463,0.24905983,0.31698576
2018,842,8417,0,0.12229229,0.16941862,0.3811464
2018,842,8418,0,0.12836784,0.09936798,-0.28879917
2018,842,8419,0,0.13088065,0.17627718,0.35141823
2018,842,8420,1,0.15038994,0.20912321,0.40132734
2018,842,8421,0,0.10220414,0.10892225,0.07117311
2018,842,8422,0,0.10054568,0.120760724,0.20593025
2018,842,8423,0,0.16278906,0.16470115,0.01396398
2018,842,8424,0,0.100362815,0.106798805,0.06933477
2018,842,8425,0,0.11541892,0.17507033,0.48643556
2018,842,8426,0,0.09736787,0.13540094,0.37279326
2018,842,8427,0,0.08358461,0.0973905,0.1680491
2018,842,8428,0,0.1519716,0.17116922,0.14185712
2018,842,8429,0,0.06569656,0.08586278,0.28952423
2018,842,8430,0,0.096183635,0.15123744,0.5154385
2018,842,8431,0,0.0540239,0.066596486,0.22260499
2018,842,8432,0,0.14417027,0.15656646,0.09707585
2018,842,8433,0,0.109191604,0.1204689,0.11102798
2018,842,8434,0,0.14369375,0.1820379,0.28234276
2018,842,8435,1,0.24834652,0.32247317,0.36502114
2018,842,8436,0,0.10860724,0.12902239,0.19541657
2018,842,8437,0,0.48192078,0.47829613,-0.014521594
2018,842,8438,0,0.08785221,0.11970407,0.3449105
2018,842,8439,0,0.16930322,0.25622916,0.52491283
2018,842,8440,0,0.13432172,0.21349165,0.5592699
2018,842,8441,0,0.13420497,0.13997354,0.048770223
2018,842,8442,0,0.26209283,0.3196722,0.2798407
2018,842,8443,0,0.02731611,0.037009634,0.31371734
2018,842,8444,0,0.19410267,0.328199,0.707227
2018,842,8445,0,0.1720547,0.26150346,0.5329658
2018,842,8446,0,0.27145913,0.3663755,0.43943438
2018,842,8449,0,0.24945064,0.3948475,0.6745636
2018,842,8450,0,0.14376062,0.12407706,-0.16997476
2018,842,8451,0,0.106465735,0.11813666,0.11716648
2018,842,8453,0,0.15350261,0.24921347,0.604578
2018,842,8454,0,0.11628937,0.1783276,0.50032854
2018,842,8455,0,0.14132574,0.21901362,0.53289837
2018,842,8456,1,0.09776491,0.07944959,-0.2275398
2018,842,8457,0,0.13764279,0.16898671,0.2421822
2018,842,8458,0,0.10805197,0.14696404,0.3521818
2018,842,8459,0,0.13291197,0.19158423,0.4357044
2018,842,8460,0,0.069277346,0.1168106,0.5748575
2018,842,8461,1,0.094455615,0.1326698,0.38284987
2018,842,8462,0,0.07115053,0.09146051,0.27321783
2018,842,8463,0,0.14218113,0.19310959,0.36736125
2018,842,8464,0,0.12321142,0.1882314,0.5008208
2018,842,8465,0,0.11419385,0.118983366,0.046507724
2018,842,8466,0,0.03155855,0.042871494,0.31811276
2018,842,8467,0,0.13837953,0.14384529,0.045102004
2018,842,8468,0,0.12616779,0.1968233,0.5290073
2018,842,8470,0,0.20162857,0.20324586,0.010016961
2018,842,8471,0,0.031256665,0.030147389,-0.037278745
2018,842,8472,0,0.07044774,0.09377375,0.3114279
2018,842,8473,0,0.08089993,0.10812697,0.32016438
2018,842,8474,0,0.15060677,0.22383933,0.486419
2018,842,8475,0,0.14776547,0.19112529,0.3095205
2018,842,8476,0,0.14701691,0.14479858,-0.017801292
2018,842,8477,0,0.09171713,0.14762804,0.53951955
2018,842,8478,0,0.27117687,0.42470598,0.6851756
2018,842,8479,0,0.056787945,0.08345133,0.41361547
2018,842,8480,0,0.14295316,0.1714496,0.21558726
2018,842,8481,0,0.08304092,0.09073099,0.09698723
2018,842,8482,0,0.09302511,0.114704475,0.23368295
2018,842,8483,0,0.08832699,0.10176172,0.15643428
2018,842,8484,0,0.09863151,0.10121552,0.028732255
2018,842,8485,0,0.077983774,0.08572145,0.10302974
2018,276,8401,1,0.45195654,0.6409019,0.77204937
2018,276,8402,1,0.17105438,0.2512767,0.48635834
2018,276,8403,0,0.06670597,0.070727974,0.06286549
2018,276,8404,0,0.10434182,0.15592302,0.4610053
2018,276,8405,0,0.26464206,0.3785446,0.52624893
2018,276,8406,0,0.14187686,0.19886607,0.40639144
2018,276,8407,0,0.111655235,0.14377213,0.2896371
2018,276,8408,0,0.13795134,0.19172971,0.3936008
2018,276,8409,0,0.075591005,0.10265687,0.33577117
2018,276,8411,0,0.08336414,0.108716935,0.2935776
2018,276,8412,0,0.071585685,0.10399932,0.40902606
2018,276,8413,0,0.08280784,0.10467108,0.25842586
2018,276,8414,0,0.07436703,0.08747677,0.17662475
2018,276,8415,0,0.1054152,0.10560477,0.0020085215
2018,276,8416,0,0.11132964,0.1549223,0.3807261
2018,276,8417,0,0.08950763,0.12282374,0.35370395
2018,276,8418,0,0.08990139,0.08209063,-0.09943497
2018,276,8419,0,0.091042906,0.11623125,0.27235326
2018,276,8420,0,0.091916814,0.15184309,0.57023394
2018,276,8421,0,0.058673497,0.06955562,0.18176621
2018,276,8422,0,0.090295225,0.08715042,-0.03890017
2018,276,8423,0,0.12701784,0.12469608,-0.021104062
2018,276,8424,0,0.0570244,0.056311112,-0.013343674
2018,276,8425,0,0.10872184,0.13302808,0.22941753
2018,276,8426,0,0.058475852,0.08982417,0.46310237
2018,276,8427,0,0.089901835,0.108015075,0.20365565
2018,276,8428,0,0.065835916,0.08823019,0.31704837
2018,276,8429,0,0.035932187,0.052361857,0.39373362
2018,276,8430,0,0.07977307,0.10980205,0.3526697
2018,276,8431,0,0.029010756,0.043018717,0.4085002
2018,276,8432,0,0.07254764,0.08989911,0.2333304
2018,276,8433,0,0.094711855,0.099401325,0.05351975
2018,276,8434,0,0.082458995,0.113122754,0.3501632
2018,276,8435,0,0.15766568,0.19379936,0.250191
2018,276,8436,0,0.08475723,0.1087543,0.2758695
2018,276,8437,0,0.14081047,0.18824366,0.3471117
2018,276,8438,0,0.07611577,0.0970298,0.2656599
2018,276,8439,0,0.13951044,0.19054548,0.37289235
2018,276,8440,0,0.09423871,0.13351317,0.39269796
2018,276,8441,0,0.09676517,0.11087323,0.1518431
2018,276,8442,0,0.13259245,0.1574555,0.20094527
2018,276,8443,0,0.03992287,0.05259352,0.2889291
2018,276,8444,0,0.61133534,0.6432028,0.13636371
2018,276,8445,1,0.35926834,0.46240503,0.42787686
2018,276,8446,1,0.26777872,0.34069353,0.34571674
2018,276,8447,1,0.4422065,0.47206652,0.12036151
2018,276,8448,1,0.05501959,0.072846085,0.29970396
2018,276,8449,0,0.20729755,0.36168182,0.7732207
2018,276,8450,0,0.14542235,0.10649354,-0.35610408
2018,276,8451,0,0.070230104,0.07888867,0.1256168
2018,276,8452,0,0.053363718,0.07479452,0.3605128
2018,276,8453,1,0.13300568,0.17685173,0.33681595
2018,276,8454,0,0.11661644,0.18019448,0.50983876
2018,276,8455,0,0.14530012,0.22218269,0.51895744
2018,276,8456,0,0.06529943,0.070511065,0.08237771
2018,276,8457,0,0.14260928,0.1741282,0.23713738
2018,276,8458,0,0.063023634,0.08894324,0.37254137
2018,276,8459,0,0.06841118,0.095876336,0.36744845
2018,276,8460,0,0.047332168,0.072323486,0.4505421
2018,276,8461,0,0.07099606,0.11791035,0.55911946
2018,276,8462,0,0.044644117,0.07338212,0.5275004
2018,276,8463,0,0.09405503,0.14012116,0.45081457
2018,276,8464,0,0.057234675,0.08127736,0.37654066
2018,276,8465,0,0.06433759,0.07751762,0.20054764
2018,276,8466,0,0.024453124,0.037759993,0.44822657
2018,276,8467,0,0.12469779,0.12361182,-0.009986768
2018,276,8468,0,0.17316252,0.223294,0.31680503
2018,276,8470,0,0.22009529,0.21707807,-0.017664686
2018,276,8471,0,0.03410352,0.031432055,-0.08433449
2018,276,8472,0,0.056781597,0.081636794,0.38977268
2018,276,8473,0,0.11732681,0.15118903,0.29268616
2018,276,8474,0,0.092394575,0.12904881,0.37534624
2018,276,8475,0,0.107778795,0.16726741,0.5085144
2018,276,8476,0,0.1729097,0.19943649,0.17532432
2018,276,8477,0,0.06446506,0.08323733,0.27584234
2018,276,8478,1,0.088552564,0.13909641,0.5086223
2018,276,8479,0,0.05324612,0.07845115,0.4145347
2018,276,8480,0,0.083948046,0.11009176,0.30007067
2018,276,8481,0,0.07590146,0.08805176,0.16172427
2018,276,8482,0,0.048234846,0.069043495,0.38076076
2018,276,8483,0,0.047672957,0.061452642,0.2684776
2018,276,8484,0,0.08834513,0.090244584,0.023358079
2018,276,8485,0,0.08552588,0.11156488,0.29467475
2018,392,8401,0,0.33045673,0.4244185,0.40145916
2018,392,8402,1,0.31590524,0.36458653,0.21714208
2018,392,8403,0,0.24572289,0.2876094,0.2145322
2018,392,8404,1,0.25470388,0.2959297,0.20692375
2018,392,8406,1,0.1323073,0.18447906,0.39441922
2018,392,8407,0,0.05925125,0.0760949,0.26826125
2018,392,8408,0,0.07480947,0.099187165,0.30876648
2018,392,8409,0,0.048076995,0.06388543,0.30103362
2018,392,8411,0,0.112234525,0.13805346,0.23656476
2018,392,8412,0,0.0738621,0.08255783,0.120732695
2018,392,8413,0,0.06439112,0.0715754,0.1134841
2018,392,8414,0,0.050578326,0.06456565,0.2590014
2018,392,8415,0,0.07215831,0.073400244,0.018404294
2018,392,8416,0,0.14764678,0.1881495,0.291099
2018,392,8417,0,0.16288693,0.23253544,0.44285318
2018,392,8418,0,0.086799115,0.079194434,-0.09998341
2018,392,8419,0,0.06733317,0.09206779,0.33975047
2018,392,8420,1,0.22858433,0.3202131,0.46352962
2018,392,8421,0,0.04529646,0.049746078,0.09837438
2018,392,8422,0,0.06256042,0.07496988,0.19427957
2018,392,8423,0,0.15393831,0.14261363,-0.089709304
2018,392,8424,0,0.06438854,0.072268575,0.12391151
2018,392,8425,0,0.081159085,0.09215458,0.13909501
2018,392,8426,0,0.07782097,0.10742113,0.35497043
2018,392,8427,0,0.03351686,0.051698435,0.4523702
2018,392,8428,0,0.08991729,0.12269991,0.3475377
2018,392,8429,0,0.041858807,0.06203611,0.41469824
2018,392,8430,0,0.0775767,0.1213574,0.4960988
2018,392,8431,0,0.033760633,0.04302865,0.25220904
2018,392,8432,0,0.09885042,0.15842883,0.5400985
2018,392,8433,0,0.13307051,0.17731366,0.33942363
2018,392,8434,0,0.12346094,0.17836952,0.43262303
2018,392,8435,0,0.3163201,0.39168203,0.33048782
2018,392,8437,1,0.23916979,0.29553628,0.28859112
2018,392,8438,0,0.07069412,0.10816695,0.46647245
2018,392,8439,0,0.18733753,0.24485426,0.3411562
2018,392,8440,0,0.15781152,0.23025943,0.46775547
2018,392,8441,0,0.09658739,0.13419192,0.3713389
2018,392,8442,0,0.22740617,0.22278501,-0.026493892
2018,392,8443,0,0.03463978,0.04457824,0.2625915
2018,392,8444,0,0.26747012,0.3563069,0.41606677
2018,392,8445,1,0.23830904,0.28246665,0.22971374
2018,392,8446,0,0.26446453,0.36344963,0.4624689
2018,392,8447,1,0.34539625,0.4165543,0.30240327
2018,392,8448,0,0.08156463,0.09126438,0.12298229
2018,392,8449,0,0.2215594,0.3759425,0.7497956
2018,392,8450,0,0.20292807,0.14351878,-0.4182732
2018,392,8451,0,0.1068221,0.13025,0.22487086
2018,392,8452,0,0.07851812,0.11260578,0.3982573
2018,392,8453,1,0.1548028,0.27044353,0.70504445
2018,392,8454,0,0.14598979,0.24201366,0.6247353
2018,392,8455,0,0.15520962,0.19268553,0.26165822
2018,392,8456,1,0.10504702,0.095455416,-0.106409304
2018,392,8457,1,0.12003428,0.15850024,0.3226759
2018,392,8458,0,0.10740634,0.15508786,0.4222714
2018,392,8459,0,0.077500746,0.10802539,0.36572757
2018,392,8460,0,0.081633024,0.1249398,0.47390246
2018,392,8461,0,0.096221864,0.1460023,0.47362113
2018,392,8462,0,0.07308405,0.109881684,0.44830257
2018,392,8463,0,0.13626531,0.19901334,0.45418933
2018,392,8464,1,0.19075446,0.24461125,0.31755304
2018,392,8465,0,0.07359382,0.08906051,0.20759118
2018,392,8466,0,0.052170757,0.06904228,0.29815754
2018,392,8467,0,0.11401968,0.12033999,0.061109275
2018,392,8468,0,0.25839436,0.36347917,0.49403554
2018,392,8470,1,0.41701367,0.40551874,-0.04747725
2018,392,8471,0,0.033521753,0.028145684,-0.18034759
2018,392,8472,0,0.06296486,0.08926617,0.3775161
2018,392,8473,0,0.09945285,0.14361227,0.4177127
2018,392,8474,0,0.06998621,0.094683625,0.32915777
2018,392,8475,1,0.198616,0.31491485,0.6177261
2018,392,8476,0,0.15449785,0.18344216,0.20655213
2018,392,8477,0,0.07288084,0.095563434,0.29573447
2018,392,8478,0,0.34204036,0.56465423,0.91428787
2018,392,8479,0,0.09036748,0.16069424,0.6560845
2018,392,8480,0,0.08636187,0.1491699,0.61776197
2018,392,8481,0,0.063931726,0.07311148,0.14402477
2018,392,8482,0,0.043683153,0.05321053,0.20730649
2018,392,8483,0,0.05289056,0.06262496,0.17927028
2018,392,8484,0,0.03686735,0.04698362,0.25303182
2018,392,8485,0,0.0733485,0.08784168,0.19607806
2018,156,8401,1,0.37653828,0.40363798,0.11393812
2018,156,8402,0,0.06576916,0.09498887,0.399385
2018,156,8403,0,0.09015894,0.14032269,0.4990834
2018,156,8404,1,0.14732203,0.2163876,0.46891776
2018,156,8405,0,0.072969064,0.13066891,0.6468941
2018,156,8407,0,0.057243913,0.07294831,0.259228
2018,156,8408,0,0.04006804,0.060757138,0.43809387
2018,156,8409,0,0.055910934,0.0753052,0.3185461
2018,156,8411,0,0.08691662,0.11641614,0.32506308
2018,156,8412,0,0.048099652,0.0715946,0.42273667
2018,156,8413,0,0.06898569,0.08215832,0.18899868
2018,156,8414,0,0.06525443,0.085647196,0.29400033
2018,156,8415,0,0.079555735,0.083167166,0.04832609
2018,156,8416,0,0.05990972,0.098914936,0.54379773
2018,156,8417,0,0.09000383,0.1333769,0.44216296
2018,156,8418,0,0.10177955,0.078588754,-0.2840715
2018,156,8419,0,0.28689465,0.28151834,-0.026428454
2018,156,8420,0,0.10205573,0.1479856,0.42410055
2018,156,8421,0,0.046660446,0.05222567,0.11853216
2018,156,8422,0,0.04108931,0.051114943,0.22883908
2018,156,8423,0,0.11324947,0.11793631,0.045851007
2018,156,8424,0,0.060195502,0.06446974,0.07315686
2018,156,8425,0,0.0848429,0.11355593,0.323372
2018,156,8426,0,0.057209786,0.08583598,0.43654704
2018,156,8427,0,0.05877691,0.07824155,0.30694866
2018,156,8428,0,0.038402855,0.0544529,0.3660361
2018,156,8431,0,0.025149114,0.040301893,0.4872415
2018,156,8432,0,0.019108126,0.026677666,0.34146002
2018,156,8433,0,0.058588985,0.0682773,0.16337518
2018,156,8434,1,0.052299827,0.07345187,0.36220956
2018,156,8436,0,0.034334794,0.046815384,0.32306123
2018,156,8439,0,0.12454305,0.17655988,0.4102639
2018,156,8440,0,0.10086213,0.13695922,0.34690318
2018,156,8441,0,0.045248397,0.059515253,0.28912127
2018,156,8442,0,0.101852,0.14237519,0.381113
2018,156,8443,0,0.02307241,0.032895066,0.36479077
2018,156,8444,0,0.09811546,0.19713601,0.81405026
2018,156,8445,0,0.090691,0.12765127,0.38333964
2018,156,8446,0,0.14449748,0.29064605,0.8861786
2018,156,8447,0,0.21385357,0.31747782,0.5364645
2018,156,8448,0,0.037811223,0.0467078,0.22059442
2018,156,8449,0,0.15900588,0.25679755,0.60296303
2018,156,8450,0,0.13035837,0.12174358,-0.07822781
2018,156,8451,0,0.08495372,0.11466074,0.33287472
2018,156,8452,0,0.1681024,0.19063546,0.15324955
2018,156,8453,0,0.065214716,0.120554216,0.67543936
2018,156,8454,0,0.3381249,0.37658015,0.16757211
2018,156,8455,0,0.07448398,0.11202145,0.44951016
2018,156,8456,0,0.037435636,0.043170925,0.14852022
2018,156,8457,0,0.037698243,0.055620763,0.40774336
2018,156,8458,0,0.028204286,0.03907813,0.33734146
2018,156,8459,0,0.034507997,0.054684356,0.48150536
2018,156,8460,0,0.033048663,0.049767572,0.426824
2018,156,8461,0,0.023143701,0.03576539,0.448263
2018,156,8462,0,0.033385895,0.0495051,0.41075867
2018,156,8463,0,0.12514496,0.18754685,0.47855586
2018,156,8464,0,0.051847003,0.07816835,0.43872085
2018,156,8465,0,0.106618404,0.13074471,0.23136747
2018,156,8466,0,0.018240452,0.025939357,0.3599926
2018,156,8467,0,0.08711924,0.10373237,0.19290282
2018,156,8468,0,0.076367125,0.11097588,0.41195092
2018,156,8470,0,0.11643025,0.13488281,0.16821921
2018,156,8471,0,0.030844444,0.035737395,0.15230262
2018,156,8472,0,0.031222412,0.041866474,0.30439705
2018,156,8473,0,0.06923399,0.09558804,0.35127872
2018,156,8475,0,0.04967011,0.088049516,0.6137194
2018,156,8476,0,0.1102011,0.13365762,0.21968982
2018,156,8477,0,0.059273515,0.08193634,0.34816563
2018,156,8478,0,0.074130215,0.12082661,0.54028493
2018,156,8479,0,0.048016842,0.07442663,0.4663959
2018,156,8480,0,0.062725335,0.064997815,0.038015798
2018,156,8481,0,0.058467075,0.07413287,0.25417367
2018,156,8482,0,0.043995198,0.056457058,0.26252067
2018,156,8483,0,0.05581349,0.06582955,0.17571804
2018,156,8484,0,0.06194684,0.06588449,0.0658332
2018,380,8401,0,0.28791472,0.63079876,1.4411784
2018,380,8402,1,0.2520664,0.3330046,0.39299473
2018,380,8403,0,0.107507326,0.092282094,-0.16962415
2018,380,8404,0,0.148224,0.19231126,0.31353736
2018,380,8405,0,0.17145191,0.2778037,0.6199898
2018,380,8406,1,0.5300157,0.6027847,0.2968743
2018,380,8407,0,0.40484506,0.4136555,0.036443308
2018,380,8408,1,0.23788144,0.30498454,0.3406567
2018,380,8409,0,0.09714831,0.11369981,0.17582549
2018,380,8411,0,0.12108757,0.15766998,0.3065035
2018,380,8412,0,0.10745124,0.13978055,0.29993019
2018,380,8413,0,0.09336841,0.09617394,0.03270464
2018,380,8414,0,0.08984975,0.095346466,0.0654362
2018,380,8415,0,0.15785062,0.14843772,-0.07259886
2018,380,8416,0,0.12513855,0.16331147,0.3108513
2018,380,8417,0,0.40698266,0.48486647,0.31590044
2018,380,8418,0,0.09373958,0.08237202,-0.14174
2018,380,8419,0,0.15507607,0.18807696,0.23277655
2018,380,8420,0,0.17941648,0.26567513,0.5036286
2018,380,8421,0,0.081144914,0.07886064,-0.03103742
2018,380,8422,0,0.08972708,0.088847406,-0.010818132
2018,380,8423,0,0.12728067,0.14220172,0.12809691
2018,380,8424,0,0.0858494,0.07979633,-0.07971658
2018,380,8425,0,0.1391,0.16525577,0.20315434
2018,380,8426,0,0.068021856,0.09776975,0.39522576
2018,380,8427,0,0.06619887,0.07525186,0.13791914
2018,380,8428,0,0.094737865,0.12704152,0.32973677
2018,380,8429,0,0.041330922,0.05588935,0.31706557
2018,380,8430,0,0.09581443,0.13651296,0.40006194
2018,380,8431,0,0.02943303,0.04678694,0.4815286
2018,380,8432,0,0.049106915,0.0656574,0.30800885
2018,380,8433,0,0.08229409,0.10081869,0.2234167
2018,380,8434,0,0.13097674,0.17783983,0.36129826
2018,380,8435,0,0.11251255,0.13851924,0.237686
2018,380,8436,0,0.08158185,0.103440456,0.26147738
2018,380,8438,0,0.17323826,0.20976348,0.23649704
2018,380,8439,1,0.13851166,0.19352207,0.40042216
2018,380,8440,1,0.21312174,0.27217022,0.3225705
2018,380,8441,0,0.207327,0.21248713,0.031115461
2018,380,8442,0,0.26496136,0.27511188,0.05149955
2018,380,8443,0,0.035137206,0.044347297,0.24238256
2018,380,8444,0,0.20540038,0.35159358,0.7408354
2018,380,8445,0,0.20718858,0.2943752,0.4677275
2018,380,8446,1,0.22386332,0.24499434,0.11780285
2018,380,8447,0,0.50336856,0.44697705,-0.22636653
2018,380,8448,1,0.0734172,0.08355094,0.14029501
2018,380,8449,0,0.2981914,0.44487324,0.6345181
2018,380,8450,0,0.1790091,0.1516949,-0.19829378
2018,380,8451,0,0.25931117,0.23545334,-0.12821856
2018,380,8453,1,0.0797478,0.099443816,0.24235904
2018,380,8454,0,0.15750149,0.22941706,0.46533126
2018,380,8455,0,0.101162046,0.13685305,0.3427019
2018,380,8456,0,0.041885424,0.046849895,0.117205776
2018,380,8457,0,0.058124088,0.09672546,0.5511435
2018,380,8458,0,0.08895118,0.13183063,0.44164
2018,380,8459,0,0.110701405,0.16349006,0.45111027
2018,380,8460,0,0.05226217,0.07941939,0.4475432
2018,380,8461,0,0.06774289,0.10689604,0.49904308
2018,380,8462,0,0.05717098,0.08159465,0.3819635
2018,380,8463,0,0.08493424,0.12542902,0.43512526
2018,380,8464,0,0.104497224,0.14539365,0.37702882
2018,380,8465,0,0.09451222,0.12788706,0.33997327
2018,380,8466,0,0.040822007,0.06023992,0.40956584
2018,380,8467,0,0.13662791,0.12891243,-0.06702462
2018,380,8468,0,0.2163687,0.27330005,0.30901137
2018,380,8470,0,0.24385324,0.31667143,0.3625579
2018,380,8471,0,0.048778445,0.044839267,-0.08833687
2018,380,8472,0,0.13302974,0.1588333,0.20749739
2018,380,8473,0,0.10618076,0.13807103,0.298956
2018,380,8474,0,0.4295866,0.4610177,0.12729165
2018,380,8475,0,0.41079012,0.5154009,0.4223231
2018,380,8476,0,0.1317007,0.15866332,0.21779706
2018,380,8477,0,0.102948196,0.13607511,0.31660876
2018,380,8478,0,0.1306062,0.18225,0.39443213
2018,380,8479,0,0.06400664,0.08980528,0.3666068
2018,380,8480,1,0.12745735,0.114392914,-0.123004474
2018,380,8481,0,0.08642841,0.09285294,0.078757785
2018,380,8482,0,0.08626894,0.1316066,0.47323892
2018,380,8483,0,0.11534075,0.12413379,0.0834584
2018,380,8484,0,0.09626865,0.09081068,-0.064387105
2018,380,8485,0,0.10610241,0.15072404,0.40225285
2018,826,8401,1,0.6478971,0.73876995,0.42977676
2018,826,8402,0,0.102262236,0.14054397,0.36155817
2018,826,8403,0,0.23715574,0.24868935,0.062722094
2018,826,8404,0,0.13016616,0.19050585,0.45276377
2018,826,8405,0,0.19028707,0.27702776,0.4888929
2018,826,8406,0,0.16574875,0.2689432,0.6160706
2018,826,8408,0,0.61009187,0.6437978,0.14418787
2018,826,8409,0,0.070687994,0.08543127,0.20542836
2018,826,8410,1,0.34288195,0.41764024,0.31800935
2018,826,8411,0,0.09747299,0.14240968,0.43020484
2018,826,8412,0,0.11081415,0.17949139,0.5626546
2018,826,8413,0,0.09200161,0.10044645,0.09716261
2018,826,8414,0,0.085410744,0.10711067,0.2504031
2018,826,8415,0,0.11581804,0.11477398,-0.0102355
2018,826,8416,0,0.13930573,0.18279204,0.3235237
2018,826,8418,0,0.10671229,0.1002033,-0.070195444
2018,826,8419,0,0.106001176,0.14587517,0.3649283
2018,826,8420,1,0.16678101,0.26839173,0.60581726
2018,826,8421,0,0.08782879,0.087786525,-0.00052770507
2018,826,8422,0,0.080070816,0.08604843,0.07851791
2018,826,8423,0,0.121973455,0.11903579,-0.027719487
2018,826,8424,0,0.07551294,0.08429686,0.119587325
2018,826,8425,0,0.16187075,0.18679133,0.17337847
2018,826,8426,0,0.07494594,0.109354876,0.41573736
2018,826,8427,0,0.09362006,0.10619361,0.13998866
2018,826,8428,0,0.08614789,0.11718839,0.3422742
2018,826,8429,0,0.028275,0.03962517,0.3492358
2018,826,8430,0,0.058433354,0.084176615,0.39275187
2018,826,8431,0,0.030645644,0.044255752,0.3816346
2018,826,8432,0,0.044616383,0.05522938,0.22456473
2018,826,8433,0,0.16491883,0.1772566,0.0870296
2018,826,8434,0,0.21542738,0.3202848,0.54005206
2018,826,8435,1,0.31624186,0.42263788,0.45914307
2018,826,8436,0,0.14353651,0.16861299,0.19073288
2018,826,8437,0,0.087126635,0.11720936,0.33010805
2018,826,8438,0,0.05383054,0.06971434,0.2754951
2018,826,8439,0,0.1680972,0.23476258,0.41756177
2018,826,8440,0,0.16174686,0.21883443,0.37281594
2018,826,8441,1,0.13134135,0.12894265,-0.02118947
2018,826,8442,0,0.23832421,0.2637556,0.13534981
2018,826,8443,1,0.044288315,0.060525622,0.32948148
2018,826,8444,1,0.3333619,0.48857158,0.64729697
2018,826,8445,1,0.17719732,0.24696326,0.42057803
2018,826,8446,1,0.8674164,0.8318154,-0.27975717
2018,826,8447,0,0.6236741,0.57111245,-0.21878096
2018,826,8448,0,0.08147232,0.07178661,-0.13705489
2018,826,8449,1,0.5870676,0.6162646,0.12186682
2018,826,8450,0,0.18177815,0.20567068,0.15312469
2018,826,8451,0,0.13743171,0.13270979,-0.040421695
2018,826,8452,0,0.113990605,0.13086596,0.15728778
2018,826,8453,0,0.121039055,0.17563479,0.43642014
2018,826,8454,0,0.20561013,0.33565566,0.6688778
2018,826,8455,0,0.20027255,0.27571413,0.41877025
2018,826,8456,0,0.13597474,0.12931517,-0.057894606
2018,826,8457,1,0.19863209,0.25125858,0.30295467
2018,826,8458,0,0.13951628,0.18286677,0.3222691
2018,826,8459,0,0.17167473,0.24959642,0.47303846
2018,826,8460,0,0.07880503,0.12886798,0.5476899
2018,826,8461,0,0.14151213,0.19449869,0.3817477
2018,826,8462,0,0.05863916,0.08646893,0.41839138
2018,826,8463,0,0.14624667,0.2018669,0.38968077
2018,826,8464,0,0.14503706,0.19174977,0.33538833
2018,826,8465,1,0.24730167,0.33662507,0.4346851
2018,826,8466,0,0.050263576,0.07164702,0.37724322
2018,826,8467,0,0.09781973,0.101585135,0.04195331
2018,826,8468,0,0.20075083,0.26810104,0.37732974
2018,826,8470,0,0.34167278,0.315253,-0.11982538
2018,826,8471,0,0.030145368,0.028911244,-0.04307252
2018,826,8472,0,0.22950917,0.22882569,-0.0038691496
2018,826,8473,0,0.09745426,0.119459845,0.22828099
2018,826,8474,0,0.11818242,0.15768741,0.3342193
2018,826,8475,0,0.10941231,0.16066027,0.4434346
2018,826,8476,0,0.15727443,0.15381916,-0.026306352
2018,826,8477,0,0.057216026,0.07933142,0.35053733
2018,826,8478,0,0.09012916,0.14387259,0.52856773
2018,826,8479,0,0.08634149,0.13434872,0.49610335
2018,826,8480,0,0.15018587,0.16121992,0.083964944
2018,826,8481,0,0.08615703,0.09868298,0.14954264
2018,826,8482,0,0.07833779,0.108463034,0.35861117
2018,826,8483,0,0.09669979,0.10857831,0.12909776
2018,826,8484,0,0.0821122,0.08528502,0.041374817
2018,826,8485,0,0.08114239,0.09999384,0.22963272
2018,251,8401,1,0.33405063,0.5435385,0.8645174
2018,251,8403,0,0.093376204,0.086325265,-0.08626132
2018,251,8404,0,0.2710623,0.3258164,0.26207098
2018,251,8407,0,0.1471086,0.19279745,0.32552668
2018,251,8408,1,0.22902541,0.28090325,0.2738369
2018,251,8409,0,0.09818829,0.11801059,0.20611307
2018,251,8411,0,0.14079678,0.17612046,0.26583186
2018,251,8412,0,0.21621867,0.29293776,0.4066813
2018,251,8413,0,0.11620641,0.11841725,0.02135118
2018,251,8414,0,0.114241116,0.11847456,0.04117787
2018,251,8415,0,0.16566041,0.15748906,-0.060330205
2018,251,8416,0,0.20875715,0.23468296,0.15037863
2018,251,8417,0,0.116135806,0.16408826,0.4014245
2018,251,8418,0,0.17487273,0.13347714,-0.319079
2018,251,8419,0,0.13426557,0.17465304,0.310756
2018,251,8420,0,0.15998872,0.23953643,0.5030892
2018,251,8421,0,0.08905706,0.08794159,-0.013828358
2018,251,8422,0,0.09731125,0.102503255,0.057748355
2018,251,8424,0,0.14377931,0.1358479,-0.065964304
2018,251,8425,0,0.12352786,0.13455741,0.098188095
2018,251,8426,0,0.100081004,0.13620108,0.34911716
2018,251,8427,0,0.057858612,0.06868175,0.18303546
2018,251,8428,0,0.15222809,0.18188831,0.21362558
2018,251,8429,0,0.05350901,0.07265868,0.32636273
2018,251,8430,0,0.122425,0.17671923,0.4309287
2018,251,8431,0,0.03382763,0.05231426,0.45531043
2018,251,8432,0,0.04594499,0.05226545,0.13553762
2018,251,8433,0,0.13533053,0.14940256,0.11533256
2018,251,8434,1,0.27553266,0.34996733,0.34754777
2018,251,8435,0,0.13702795,0.17225301,0.2704542
2018,251,8436,0,0.10975846,0.14331612,0.30519456
2018,251,8438,0,0.09095481,0.11216376,0.23320468
2018,251,8439,0,0.14283825,0.21151839,0.4761166
2018,251,8440,0,0.34544778,0.38145855,0.1557479
2018,251,8441,0,0.17616175,0.19349152,0.11509094
2018,251,8442,0,0.3174498,0.28502074,-0.15417515
2018,251,8443,0,0.03662356,0.05317823,0.3902907
2018,251,8444,1,0.5744685,0.64281064,0.2874777
2018,251,8445,0,0.30257204,0.4236841,0.5274121
2018,251,8446,1,0.5968134,0.4948169,-0.41293824
2018,251,8447,1,0.35853764,0.38655514,0.11990081
2018,251,8448,1,0.13082428,0.10671005,-0.23110579
2018,251,8449,0,0.2732912,0.3409569,0.318955
2018,251,8450,1,0.25902802,0.20672451,-0.2937569
2018,251,8451,1,0.18050909,0.15710557,-0.16702159
2018,251,8453,0,0.1655309,0.20943259,0.28928888
2018,251,8454,0,0.48820376,0.55167544,0.2546361
2018,251,8455,0,0.18087995,0.23488916,0.32949013
2018,251,8456,0,0.13622993,0.12058438,-0.13994542
2018,251,8457,0,0.08667075,0.12148504,0.37653813
2018,251,8458,0,0.16542141,0.30748603,0.80653197
2018,251,8459,0,0.16799864,0.21697108,0.3164727
2018,251,8460,0,0.22818336,0.33019784,0.51130706
2018,251,8461,0,0.1235668,0.17749922,0.4256953
2018,251,8462,0,0.18541746,0.24272941,0.3422927
2018,251,8463,0,0.21757564,0.28150764,0.34285527
2018,251,8464,0,0.18117824,0.22038253,0.2449466
2018,251,8465,0,0.20085768,0.21110554,0.06266805
2018,251,8466,0,0.032751426,0.055925366,0.55932194
2018,251,8467,0,0.21279559,0.1958934,-0.10400516
2018,251,8468,0,0.26505664,0.32234272,0.2768235
2018,251,8470,0,0.26658475,0.21619098,-0.2759834
2018,251,8471,0,0.028980993,0.028856631,-0.0044283713
2018,251,8472,0,0.12842509,0.14685954,0.15550849
2018,251,8473,0,0.10122884,0.13640518,0.3381709
2018,251,8475,0,0.17614046,0.25430307,0.46692577
2018,251,8476,0,0.16290787,0.17239897,0.06802952
2018,251,8477,0,0.123758465,0.15804243,0.28444394
2018,251,8478,1,0.33326194,0.5066678,0.7201411
2018,251,8479,0,0.098631375,0.14759591,0.45894238
2018,251,8480,0,0.12582695,0.12829837,0.022282137
2018,251,8481,0,0.10228818,0.112342566,0.10502185
2018,251,8482,0,0.103879854,0.13549103,0.30158314
2018,251,8483,0,0.10183198,0.11638589,0.14992392
2018,251,8484,0,0.1341188,0.12845516,-0.049665634
2018,251,8485,0,0.13145436,0.1517882,0.16751619
2018,490,8401,0,0.803983,0.8227762,0.1238941
2018,490,8402,0,0.15780209,0.2787882,0.7241929
2018,490,8403,0,0.15857174,0.26044747,0.62524945
2018,490,8404,0,0.19664803,0.2571498,0.34654188
2018,490,8405,0,0.39562503,0.5721831,0.7144916
2018,490,8406,1,0.33260533,0.3476667,0.06711365
2018,490,8407,1,0.21992067,0.27822742,0.31285745
2018,490,8408,0,0.16631372,0.23253894,0.41795126
2018,490,8409,0,0.10133008,0.115653254,0.14828001
2018,490,8410,0,0.5101421,0.5688186,0.23645878
2018,490,8411,1,0.14408757,0.18654113,0.30910328
2018,490,8412,0,0.07800459,0.112871826,0.40803605
2018,490,8413,0,0.074259035,0.09122352,0.22424863
2018,490,8414,0,0.073217176,0.10667907,0.4131684
2018,490,8415,0,0.12883604,0.12436967,-0.04039606
2018,490,8416,0,0.24817447,0.29762682,0.24974795
2018,490,8417,0,0.18168908,0.20620842,0.15701196
2018,490,8418,0,0.08551883,0.084593065,-0.011896046
2018,490,8419,0,0.07617543,0.11429139,0.44784644
2018,490,8420,0,0.21249016,0.3212838,0.56210184
2018,490,8421,0,0.060447298,0.06332304,0.04954285
2018,490,8422,0,0.05142406,0.05968631,0.15774484
2018,490,8423,0,0.15651655,0.1618447,0.039812285
2018,490,8424,0,0.07805877,0.07478655,-0.04636682
2018,490,8425,0,0.12291692,0.14434376,0.18542202
2018,490,8426,0,0.08653445,0.13883361,0.53169143
2018,490,8427,0,0.109462224,0.12970838,0.19270629
2018,490,8428,1,0.096177794,0.18301794,0.7444012
2018,490,8429,1,0.23674555,0.34055698,0.5097923
2018,490,8430,1,0.17745632,0.28147367,0.59651375
2018,490,8431,0,0.05266077,0.078779764,0.43074343
2018,490,8432,0,0.11033141,0.111936174,0.016245553
2018,490,8433,0,0.14135727,0.1342417,-0.05990149
2018,490,8434,0,0.23722288,0.30093512,0.32511684
2018,490,8435,0,0.16909964,0.2010284,0.21214245
2018,490,8436,0,0.077204384,0.11873558,0.47649294
2018,490,8437,1,0.14620629,0.18764775,0.29930353
2018,490,8438,0,0.056262396,0.091463834,0.5239307
2018,490,8439,0,0.113393895,0.18001382,0.5402795
2018,490,8440,0,0.22520843,0.31787658,0.4720202
2018,490,8441,0,0.09312415,0.11760732,0.26078612
2018,490,8442,1,0.22400513,0.3302704,0.5355146
2018,490,8443,0,0.042869303,0.05732431,0.3057864
2018,490,8444,1,0.26596904,0.34076795,0.35529745
2018,490,8445,0,0.1603111,0.25124177,0.56391466
2018,490,8446,1,0.2707022,0.33295232,0.29620063
2018,490,8447,1,0.16562274,0.22677515,0.39036217
2018,490,8448,0,0.09201892,0.089105114,-0.035381224
2018,490,8449,0,0.26788467,0.5348526,1.1450185
2018,490,8450,0,0.22793129,0.14331241,-0.56801695
2018,490,8451,1,0.10091671,0.12813237,0.26950645
2018,490,8452,0,0.056812,0.06560073,0.15320116
2018,490,8453,0,0.12932019,0.19202128,0.47005346
2018,490,8454,0,0.17075434,0.24947649,0.4788842
2018,490,8455,0,0.101826355,0.12989736,0.27522781
2018,490,8456,0,0.14236344,0.1597011,0.13534337
2018,490,8457,1,0.108953424,0.16442509,0.47581118
2018,490,8458,0,0.08972354,0.117027685,0.29613185
2018,490,8459,1,0.1245952,0.17911112,0.42723507
2018,490,8460,0,0.08213114,0.15151352,0.6909581
2018,490,8461,0,0.07067699,0.106926665,0.45381093
2018,490,8462,0,0.071248755,0.112573475,0.5029441
2018,490,8463,1,0.081191786,0.13499749,0.56878716
2018,490,8464,1,0.23669454,0.32347852,0.43305638
2018,490,8465,0,0.07965212,0.087195314,0.09871176
2018,490,8466,1,0.041783586,0.049573753,0.17912102
2018,490,8467,0,0.17513567,0.16883178,-0.044271495
2018,490,8468,0,0.37203288,0.45174232,0.32987204
2018,490,8470,1,0.2781944,0.23739874,-0.21355844
2018,490,8471,0,0.054917514,0.041716803,-0.28879946
2018,490,8472,1,0.11116841,0.12822305,0.16209914
2018,490,8473,0,0.15493047,0.21358858,0.39301413
2018,490,8474,0,0.08975819,0.12979165,0.4137888
2018,490,8475,0,0.35249865,0.42139927,0.29104212
2018,490,8476,0,0.14877652,0.15842657,0.074247345
2018,490,8477,0,0.053366162,0.07366732,0.34406137
2018,490,8478,0,0.23439309,0.3153383,0.40839052
2018,490,8479,0,0.12388474,0.23355001,0.7677726
2018,490,8480,0,0.06003553,0.07991394,0.3073885
2018,490,8481,0,0.07523791,0.08952417,0.18942271
2018,490,8482,0,0.065568395,0.0863651,0.29799733
2018,490,8483,0,0.08664092,0.108894095,0.25326937
2018,490,8484,0,0.08533827,0.09509707,0.11900196
2018,490,8485,0,0.061381772,0.077736214,0.2537858
2018,702,8402,1,0.22545396,0.27866828,0.2830843
2018,702,8405,0,0.6015544,0.6186271,0.07177911
2018,702,8406,1,0.5276681,0.5795071,0.20996481
2018,702,8407,0,0.26721382,0.4211453,0.69073117
2018,702,8408,1,0.3026678,0.34394202,0.18884997
2018,702,8409,0,0.039300345,0.05536921,0.3596579
2018,702,8411,0,0.19203295,0.22667539,0.2096745
2018,702,8412,0,0.05652416,0.079771176,0.36944246
2018,702,8413,0,0.05358293,0.06553078,0.21399403
2018,702,8414,0,0.042973354,0.059312783,0.33946502
2018,702,8416,0,0.37058774,0.39493844,0.10309605
2018,702,8418,0,0.10239298,0.12303939,0.20695661
2018,702,8419,0,0.108419575,0.15231825,0.39045376
2018,702,8420,0,0.20450644,0.26252145,0.32545897
2018,702,8421,0,0.041030772,0.045625824,0.11095474
2018,702,8422,0,0.08093747,0.091489635,0.13409671
2018,702,8423,1,0.19032066,0.22402516,0.20556618
2018,702,8424,0,0.07597964,0.08614034,0.13656946
2018,702,8425,0,0.12794754,0.17215998,0.34883353
2018,702,8427,0,0.13450788,0.19328037,0.4328412
2018,702,8428,0,0.09931022,0.14917766,0.46384686
2018,702,8430,1,0.46343043,0.49945688,0.1443676
2018,702,8431,0,0.046214387,0.0705818,0.44936135
2018,702,8432,0,0.22783937,0.3436463,0.5734648
2018,702,8433,1,0.43628398,0.47682446,0.16348864
2018,702,8434,1,0.30527177,0.31072408,0.025581954
2018,702,8435,1,0.32605296,0.36383507,0.16733444
2018,702,8436,0,0.13831733,0.17974846,0.3112838
2018,702,8437,0,0.20960046,0.25388378,0.24933065
2018,702,8438,0,0.11663843,0.16617931,0.41170478
2018,702,8439,0,0.2599813,0.4109551,0.6860474
2018,702,8440,1,0.61339515,0.6672495,0.2341648
2018,702,8441,0,0.1376176,0.1652106,0.21526164
2018,702,8442,1,0.466348,0.59484404,0.518839
2018,702,8443,0,0.056560043,0.06664894,0.17488766
2018,702,8445,1,0.2643493,0.31973854,0.26851046
2018,702,8446,1,0.70009357,0.7329455,0.16187511
2018,702,8448,0,0.1893763,0.20248592,0.08323878
2018,702,8449,1,0.45869076,0.6313739,0.7037298
2018,702,8451,0,0.19547394,0.27522573,0.44655758
2018,702,8452,0,0.17776641,0.24791914,0.421813
2018,702,8453,0,0.16726531,0.3845734,1.1349529
2018,702,8454,1,0.6608996,0.73881006,0.3724872
2018,702,8455,0,0.17027654,0.20235373,0.21202078
2018,702,8456,1,0.12970448,0.11105396,-0.1764461
2018,702,8457,0,0.28159007,0.3755402,0.42806646
2018,702,8458,0,0.22067043,0.25543827,0.19194873
2018,702,8459,0,0.16468988,0.22715047,0.39926723
2018,702,8460,0,0.18737435,0.28011206,0.52325624
2018,702,8461,0,0.16307232,0.20003866,0.24949102
2018,702,8462,0,0.40077987,0.45128217,0.20672512
2018,702,8463,1,0.57464373,0.48418054,-0.36412224
2018,702,8464,0,0.22899039,0.2613861,0.17524426
2018,702,8465,0,0.104219265,0.1446952,0.3743701
2018,702,8466,0,0.13998434,0.19446953,0.39419445
2018,702,8467,0,0.13596773,0.16187231,0.2048299
2018,702,8468,0,0.24867162,0.315345,0.33046174
2018,702,8470,0,0.18185234,0.18365191,0.012049142
2018,702,8471,1,0.028947512,0.031235188,0.07841972
2018,702,8473,0,0.07031864,0.10240385,0.41100907
2018,702,8474,1,0.119672,0.14685342,0.23604351
2018,702,8475,1,0.3911206,0.59274644,0.8179349
2018,702,8476,0,0.38575798,0.5700109,0.7470745
2018,702,8477,0,0.12863496,0.15922752,0.24909532
2018,702,8479,0,0.11897944,0.19323458,0.5730022
2018,702,8480,1,0.15360324,0.19805013,0.30808938
2018,702,8481,0,0.05552218,0.06708059,0.20142551
2018,702,8482,0,0.04559301,0.06079536,0.3038159
2018,702,8483,0,0.040617865,0.05212463,0.26149607
2018,702,8484,0,0.09195933,0.14564495,0.5207676
2018,528,8401,0,0.28111184,0.6120535,1.3949053
2018,528,8403,0,0.098828845,0.08554025,-0.1590407
2018,528,8404,0,0.13235317,0.17487969,0.32887992
2018,528,8405,0,0.1723322,0.26757422,0.56222284
2018,528,8407,1,0.22587548,0.36613274,0.6829052
2018,528,8408,0,0.2381251,0.2853388,0.24485472
2018,528,8409,0,0.07907172,0.09653064,0.218645
2018,528,8410,0,0.21294321,0.28404322,0.38278157
2018,528,8411,0,0.12438554,0.16297145,0.31525677
2018,528,8412,0,0.09300906,0.13958766,0.45871648
2018,528,8413,0,0.109035164,0.11109009,0.020980215
2018,528,8414,0,0.15390503,0.15192509,-0.015285607
2018,528,8415,0,0.1546379,0.1578118,0.024078658
2018,528,8416,1,0.19873159,0.2425583,0.2555363
2018,528,8417,1,0.37573504,0.4580783,0.3396091
2018,528,8418,0,0.14675,0.11874931,-0.24400552
2018,528,8419,0,0.09725863,0.13486312,0.36943492
2018,528,8420,0,0.23434909,0.29486638,0.31204945
2018,528,8421,0,0.07353746,0.073343605,-0.0028488715
2018,528,8422,0,0.09708024,0.09401816,-0.03543538
2018,528,8423,0,0.21643521,0.20804423,-0.050192405
2018,528,8424,0,0.13686673,0.14829378,0.093515076
2018,528,8425,0,0.1327026,0.15092582,0.14991328
2018,528,8426,0,0.082917586,0.120482795,0.41548395
2018,528,8427,0,0.08597001,0.096299626,0.1248314
2018,528,8428,0,0.1473078,0.19327699,0.32701835
2018,528,8429,0,0.055755723,0.092814855,0.549665
2018,528,8430,0,0.090292,0.12198981,0.3363541
2018,528,8431,0,0.030327966,0.05164199,0.55449045
2018,528,8432,0,0.057840794,0.06480176,0.12105406
2018,528,8433,0,0.11616617,0.13073881,0.13480544
2018,528,8434,0,0.10544699,0.15394212,0.43410477
2018,528,8435,0,0.1594602,0.20772947,0.32358363
2018,528,8436,0,0.11792867,0.14468947,0.23531815
2018,528,8437,1,0.24607979,0.31483665,0.34202746
2018,528,8438,0,0.07714767,0.09978447,0.28212616
2018,528,8439,0,0.1555642,0.20361969,0.32778728
2018,528,8440,0,0.16791879,0.2120178,0.28764427
2018,528,8441,0,0.12972772,0.14060141,0.09306454
2018,528,8442,0,0.2676499,0.24103685,-0.14042446
2018,528,8443,0,0.042066444,0.056128446,0.30318066
2018,528,8444,1,0.6417597,0.7451518,0.48991007
2018,528,8445,1,0.6399259,0.64228815,0.010266591
2018,528,8446,0,0.38148826,0.49922764,0.48014662
2018,528,8447,0,0.20692976,0.23899195,0.18531823
2018,528,8448,1,0.25633126,0.21863756,-0.20849857
2018,528,8449,0,0.35933784,0.31262043,-0.20965764
2018,528,8450,0,0.31703678,0.27820846,-0.18594241
2018,528,8451,0,0.18839738,0.15761337,-0.21563675
2018,528,8452,0,0.2482709,0.29134345,0.21898746
2018,528,8453,1,0.23307067,0.28506917,0.27159894
2018,528,8454,1,0.18936302,0.26498,0.43391097
2018,528,8455,0,0.20405665,0.25734022,0.30129135
2018,528,8456,0,0.0858453,0.09150296,0.07003252
2018,528,8457,0,0.20463836,0.2804138,0.41514266
2018,528,8458,0,0.21533433,0.32113987,0.5445275
2018,528,8459,0,0.16983443,0.24418661,0.45693937
2018,528,8460,0,0.10992056,0.16694121,0.48409018
2018,528,8461,0,0.13620606,0.18305796,0.3514002
2018,528,8462,0,0.10185981,0.13454914,0.3154076
2018,528,8463,0,0.17698607,0.24310502,0.40117106
2018,528,8464,0,0.18925492,0.23209298,0.25832817
2018,528,8465,1,0.1481433,0.19337198,0.3209913
2018,528,8466,0,0.06766461,0.12950717,0.71780604
2018,528,8467,1,0.13641287,0.12633453,-0.08835556
2018,528,8468,0,0.23496006,0.28723434,0.27165824
2018,528,8470,0,0.28901574,0.23264104,-0.29328898
2018,528,8471,0,0.035436783,0.031517494,-0.121262565
2018,528,8472,0,0.13401562,0.14101462,0.059022166
2018,528,8473,0,0.20750262,0.31992757,0.58594054
2018,528,8474,0,0.15551735,0.21579905,0.4016492
2018,528,8475,0,0.16132452,0.22290939,0.39961424
2018,528,8476,0,0.35581997,0.2749357,-0.37616974
2018,528,8477,0,0.105002,0.14185421,0.34286782
2018,528,8478,0,0.09036361,0.18276209,0.8114583
2018,528,8479,0,0.13668549,0.19272496,0.41069612
2018,528,8480,0,0.15553561,0.15488161,-0.0049878475
2018,528,8481,0,0.08518371,0.09122761,0.075176075
2018,528,8482,0,0.16402619,0.25717017,0.56784225
2018,528,8483,0,0.09621483,0.102383085,0.068986066
2018,528,8484,0,0.13768522,0.140629,0.024574583
2018,528,8485,0,0.09291206,0.12034924,0.28945884
2018,410,8401,1,0.27589116,0.43228564,0.69240326
2018,410,8402,0,0.20609236,0.28780445,0.44257155
2018,410,8403,0,0.08416594,0.059536487,-0.37273866
2018,410,8404,0,0.17564017,0.2195841,0.27807805
2018,410,8405,1,0.16871795,0.26662335,0.58291835
2018,410,8406,1,0.48064518,0.6265882,0.5950658
2018,410,8407,0,0.15199727,0.21573573,0.42832947
2018,410,8408,0,0.08866785,0.11161847,0.25569528
2018,410,8409,0,0.05257421,0.063509345,0.20057027
2018,410,8410,1,0.6845264,0.7582995,0.36872706
2018,410,8411,0,0.11024971,0.12882532,0.17680794
2018,410,8412,0,0.068507425,0.10082455,0.42174974
2018,410,8413,0,0.056662086,0.065727286,0.15806499
2018,410,8414,0,0.05658213,0.07588833,0.314246
2018,410,8415,0,0.07856214,0.08484241,0.083744876
2018,410,8416,0,0.17347953,0.1993472,0.17078567
2018,410,8417,0,0.21438156,0.25833958,0.2440974
2018,410,8418,0,0.13437559,0.091511376,-0.43250686
2018,410,8419,0,0.085444346,0.12492527,0.42397943
2018,410,8420,1,0.29432693,0.42796785,0.5843138
2018,410,8421,0,0.04280968,0.04696399,0.09696641
2018,410,8422,0,0.08395276,0.091735885,0.09719211
2018,410,8423,0,0.17983064,0.18489674,0.033978097
2018,410,8424,0,0.09223815,0.10588726,0.15315124
2018,410,8425,0,0.12480893,0.15303442,0.23666099
2018,410,8426,0,0.11709424,0.17538297,0.47229213
2018,410,8427,0,0.10109198,0.12457862,0.23538153
2018,410,8428,0,0.0758074,0.14881352,0.7567872
2018,410,8429,0,0.042770486,0.063575566,0.41835532
2018,410,8431,0,0.030800836,0.0502529,0.5098009
2018,410,8432,0,0.11671047,0.118816465,0.02027073
2018,410,8433,0,0.113817975,0.12464813,0.1031908
2018,410,8435,0,0.15665394,0.28168696,0.747229
2018,410,8436,1,0.572404,0.62134826,0.20360865
2018,410,8437,0,0.1439796,0.19152908,0.3425175
2018,410,8438,0,0.07236726,0.09502231,0.29708338
2018,410,8439,0,0.18100058,0.25637448,0.4446847
2018,410,8440,1,0.27539295,0.33268583,0.27136815
2018,410,8441,0,0.07105697,0.09368127,0.3010726
2018,410,8442,0,0.28943518,0.29269302,0.015788399
2018,410,8443,0,0.03712895,0.048658624,0.28247854
2018,410,8444,0,0.28485003,0.49389702,0.8961163
2018,410,8445,1,0.2661337,0.3566858,0.4245501
2018,410,8446,1,0.19312459,0.33519787,0.74506533
2018,410,8447,1,0.28876674,0.36219484,0.33553076
2018,410,8448,0,0.22785652,0.18936463,-0.23368981
2018,410,8449,1,0.3524674,0.5537896,0.8242053
2018,410,8450,0,0.09240537,0.05263916,-0.60560703
2018,410,8451,0,0.118349046,0.13858041,0.18102707
2018,410,8452,0,0.16717894,0.22657016,0.37797382
2018,410,8453,0,0.17569233,0.2627768,0.5142237
2018,410,8454,0,0.36934498,0.49148357,0.50095886
2018,410,8455,0,0.21093735,0.26506558,0.29948062
2018,410,8456,0,0.11914074,0.20798942,0.66350496
2018,410,8457,0,0.11346764,0.19440672,0.6341734
2018,410,8458,0,0.12965076,0.2025925,0.533881
2018,410,8459,0,0.12759566,0.17359605,0.36203408
2018,410,8460,0,0.1842703,0.27310365,0.5087469
2018,410,8461,0,0.13840504,0.17077048,0.24842414
2018,410,8462,0,0.07843054,0.10073663,0.27479845
2018,410,8463,0,0.12869889,0.1912122,0.4703594
2018,410,8464,0,0.2520737,0.3167175,0.31868467
2018,410,8465,0,0.10211046,0.1317633,0.28853467
2018,410,8466,0,0.053667977,0.07460656,0.3517865
2018,410,8467,1,0.12248665,0.13945378,0.14925599
2018,410,8468,0,0.23378994,0.35141665,0.5742154
2018,410,8470,0,0.72009903,0.5863934,-0.5958771
2018,410,8471,0,0.050042275,0.039310526,-0.2526094
2018,410,8472,0,0.14130111,0.14688261,0.04526166
2018,410,8473,0,0.1839416,0.20497218,0.13436466
2018,410,8474,0,0.10285202,0.14262824,0.37229937
2018,410,8475,1,0.22951837,0.300444,0.3658484
2018,410,8476,0,0.17777869,0.17189822,-0.040763356
2018,410,8477,0,0.083258905,0.11248992,0.33331367
2018,410,8478,1,0.30483323,0.34340945,0.17624977
2018,410,8479,0,0.11741044,0.20667073,0.672073
2018,410,8480,0,0.07075766,0.09579052,0.33021143
2018,410,8481,0,0.06435063,0.07837874,0.2123124
2018,410,8482,0,0.09327807,0.10657971,0.14808686
2018,410,8483,0,0.05636895,0.06967781,0.22616762
2018,410,8484,0,0.07021223,0.08679107,0.22997274
2018,410,8485,0,0.069064364,0.078447275,0.13751787
2018,458,8404,0,0.17339177,0.2534638,0.48155418
2018,458,8405,0,0.2387749,0.3052101,0.33679885
2018,458,8406,1,0.30395967,0.43111482,0.5512083
2018,458,8407,0,0.1718391,0.23308223,0.38166058
2018,458,8409,0,0.27675512,0.32267687,0.21911776
2018,458,8411,0,0.33204958,0.35713243,0.11109761
2018,458,8412,0,0.1260338,0.14994371,0.20144899
2018,458,8413,0,0.11204279,0.1380962,0.23884945
2018,458,8414,0,0.05187591,0.072021276,0.34958366
2018,458,8415,0,0.06450842,0.076127484,0.17811152
2018,458,8416,1,0.3146775,0.42029965,0.45679793
2018,458,8417,0,0.25530553,0.30754742,0.25890255
2018,458,8418,0,0.12128924,0.09496855,-0.2741463
2018,458,8419,0,0.16205363,0.23859951,0.48265374
2018,458,8420,1,0.61944824,0.6683185,0.21338278
2018,458,8421,0,0.08807397,0.08455204,-0.044664502
2018,458,8422,1,0.17648596,0.18692523,0.070224866
2018,458,8423,1,0.34338126,0.3778801,0.1497063
2018,458,8424,0,0.09483685,0.10085439,0.068189844
2018,458,8426,0,0.18602866,0.24233566,0.33610773
2018,458,8427,0,0.2627792,0.24464057,-0.09583014
2018,458,8428,0,0.070609964,0.097993754,0.35763955
2018,458,8430,1,0.49096704,0.55019784,0.23760583
2018,458,8431,0,0.095000215,0.116722256,0.23021287
2018,458,8434,1,0.66553146,0.71894985,0.2512154
2018,458,8436,0,0.1180882,0.15397562,0.3069063
2018,458,8437,0,0.32743922,0.37060013,0.19014701
2018,458,8438,0,0.084028825,0.12142487,0.40981928
2018,458,8439,0,0.17081349,0.24890606,0.4754177
2018,458,8441,0,0.27332392,0.31477386,0.19992872
2018,458,8442,0,0.3632366,0.42285383,0.2502747
2018,458,8443,0,0.09796227,0.11145166,0.14407597
2018,458,8445,1,0.61289257,0.6809021,0.29843327
2018,458,8447,1,0.49557078,0.5353421,0.15932192
2018,458,8448,1,0.12826133,0.143326,0.12848414
2018,458,8451,0,0.39765927,0.42987746,0.13287659
2018,458,8452,0,0.17127469,0.25492975,0.50412965
2018,458,8454,1,0.2647835,0.38835737,0.5670303
2018,458,8455,0,0.23165962,0.26328075,0.16997781
2018,458,8456,1,0.11508992,0.1339467,0.17326775
2018,458,8458,0,0.2625577,0.3349854,0.34699485
2018,458,8459,0,0.2454,0.35448977,0.52393687
2018,458,8460,0,0.28981334,0.3783111,0.39956787
2018,458,8462,1,0.183469,0.26616648,0.47885883
2018,458,8463,0,0.19367076,0.30950397,0.6238933
2018,458,8464,0,0.19452633,0.26073438,0.37870786
2018,458,8465,1,0.22209081,0.24676357,0.1375749
2018,458,8466,1,0.11870596,0.14251089,0.21015179
2018,458,8468,0,0.3161109,0.3712081,0.24466509
2018,458,8470,1,0.2300693,0.21086682,-0.11178826
2018,458,8471,0,0.03379076,0.03960907,0.16491075
2018,458,8472,1,0.1627559,0.2086302,0.30466205
2018,458,8473,1,0.096235566,0.15464683,0.5411591
2018,458,8474,0,0.12498379,0.17715648,0.4103258
2018,458,8475,0,0.22126696,0.32808012,0.5414171
2018,458,8476,0,0.20105311,0.20767151,0.04070683
2018,458,8477,0,0.13441089,0.18132958,0.35514355
2018,458,8478,1,0.21399832,0.3289681,0.58813494
2018,458,8479,0,0.09906898,0.1363843,0.36196104
2018,458,8480,1,0.19899718,0.281249,0.45429915
2018,458,8481,0,0.10064339,0.10296947,0.025438877
2018,458,8482,0,0.09528296,0.105457105,0.11276266
2018,458,8484,0,0.110571094,0.11513448,0.04558606
2018,458,8485,1,0.32323426,0.35445762,0.13944569
2018,124,8401,1,0.5416726,0.47506854,-0.26688653
2018,124,8402,1,0.24517676,0.4068702,0.7475852
2018,124,8403,0,0.1555977,0.15141866,-0.03216216
2018,124,8404,0,0.28757685,0.31205684,0.116661094
2018,124,8405,1,0.38326997,0.49730262,0.46490225
2018,124,8406,1,0.28584144,0.3227388,0.17445405
2018,124,8407,0,0.11932657,0.15701002,0.3181774
2018,124,8408,0,0.15820967,0.21769069,0.39243484
2018,124,8409,0,0.11127186,0.12019038,0.08718641
2018,124,8410,0,0.31025016,0.34633157,0.16374637
2018,124,8411,0,0.10499866,0.12285868,0.17724435
2018,124,8412,0,0.11010302,0.12210344,0.117029116
2018,124,8413,0,0.12644622,0.13240108,0.05285885
2018,124,8414,0,0.13341415,0.24230014,0.7309928
2018,124,8415,0,0.14463608,0.13565321,-0.07456612
2018,124,8416,0,0.17698076,0.24794306,0.42732567
2018,124,8417,0,0.14257975,0.17911336,0.2716606
2018,124,8418,0,0.16490589,0.11280928,-0.440192
2018,124,8419,0,0.15416607,0.17743039,0.1684379
2018,124,8420,0,0.22675541,0.25655636,0.1627789
2018,124,8421,0,0.11994853,0.10022774,-0.20177908
2018,124,8422,0,0.1392212,0.13570277,-0.029676218
2018,124,8423,0,0.16520628,0.12799937,-0.2987752
2018,124,8424,0,0.15565647,0.13226683,-0.19015488
2018,124,8425,0,0.1616256,0.1787209,0.121144556
2018,124,8426,0,0.11688071,0.15105742,0.295975
2018,124,8427,0,0.11020776,0.1316499,0.20217177
2018,124,8428,0,0.16369115,0.32677892,0.9082268
2018,124,8429,0,0.18766883,0.24753825,0.35344425
2018,124,8430,0,0.12560569,0.1560028,0.25210866
2018,124,8431,0,0.058187842,0.07609608,0.287518
2018,124,8432,0,0.102307335,0.10842911,0.064958185
2018,124,8433,0,0.10696973,0.12021207,0.1316512
2018,124,8434,0,0.6419187,0.6511499,0.0403961
2018,124,8436,0,0.10904034,0.10474687,-0.04497852
2018,124,8437,0,0.28859597,0.33222905,0.2040923
2018,124,8438,0,0.11576118,0.16904697,0.44080114
2018,124,8439,0,0.17902689,0.1971618,0.11882579
2018,124,8440,1,0.2896228,0.3339151,0.20668636
2018,124,8441,0,0.15888901,0.18729338,0.19882376
2018,124,8442,0,0.25832242,0.2638312,0.028556049
2018,124,8443,1,0.0807897,0.112231694,0.36352018
2018,124,8445,1,0.5452258,0.5931675,0.19567625
2018,124,8447,0,0.56132257,0.6371666,0.31655592
2018,124,8448,1,0.19460924,0.18410327,-0.06845698
2018,124,8451,0,0.20433004,0.16888203,-0.23412338
2018,124,8452,1,0.4104818,0.36923718,-0.17351666
2018,124,8453,0,0.21337353,0.41230354,0.9502583
2018,124,8454,0,0.16896884,0.33757553,0.9188357
2018,124,8455,0,0.2465185,0.24979584,0.017565934
2018,124,8456,1,0.17487402,0.12799323,-0.36734957
2018,124,8457,1,0.17296487,0.25099078,0.47142345
2018,124,8458,0,0.28757626,0.39807117,0.49367645
2018,124,8459,0,0.16279466,0.19255751,0.20410272
2018,124,8460,0,0.11729591,0.20555037,0.66633165
2018,124,8461,0,0.1952408,0.25195506,0.3280971
2018,124,8462,0,0.12650123,0.13981292,0.11540991
2018,124,8463,1,0.15643887,0.17969118,0.1665258
2018,124,8464,0,0.12754433,0.18592124,0.4461139
2018,124,8465,0,0.12678158,0.15221506,0.21238731
2018,124,8466,0,0.06469912,0.07884746,0.2130101
2018,124,8467,0,0.17712627,0.18194605,0.032721907
2018,124,8468,0,0.24179463,0.38742614,0.68472123
2018,124,8470,0,0.2772335,0.2418423,-0.18437947
2018,124,8471,0,0.061283763,0.047703,-0.26488435
2018,124,8472,0,0.24795663,0.25818774,0.05413095
2018,124,8473,0,0.1368252,0.1911384,0.39928296
2018,124,8474,0,0.14723824,0.18712455,0.2876249
2018,124,8475,1,0.3633427,0.37482944,0.04933171
2018,124,8476,0,0.17278443,0.13109072,-0.32532856
2018,124,8477,0,0.15835547,0.20583573,0.3203034
2018,124,8479,0,0.11788418,0.20011924,0.6270715
2018,124,8480,0,0.12568118,0.095141426,-0.31271756
2018,124,8481,0,0.11433509,0.13332528,0.17533332
2018,124,8482,0,0.115478925,0.12389075,0.079867646
2018,124,8483,0,0.11534114,0.11061131,-0.04720391
2018,124,8484,0,0.13687475,0.12613112,-0.094114885
2018,124,8485,0,0.53566444,0.48878464,-0.18776935
2018,484,8402,0,0.397971,0.4272075,0.1206728
2018,484,8403,0,0.29131293,0.2927485,0.00694367
2018,484,8404,0,0.35439214,0.3810849,0.11484228
2018,484,8405,0,0.29078388,0.41292554,0.5396957
2018,484,8406,0,0.3221996,0.33336088,0.05065845
2018,484,8407,0,0.124774896,0.12721556,0.022164254
2018,484,8408,0,0.12224444,0.37409514,1.4566574
2018,484,8409,0,0.108740754,0.11197208,0.032915145
2018,484,8411,0,0.15922046,0.20742485,0.3235216
2018,484,8412,0,0.11923718,0.14013015,0.18546428
2018,484,8413,0,0.15211949,0.09341183,-0.55459684
2018,484,8414,0,0.15684783,0.18720545,0.21359958
2018,484,8415,0,0.12205387,0.05182224,-0.9335997
2018,484,8416,0,0.22109196,0.29741073,0.3996559
2018,484,8417,0,0.44801554,0.46787888,0.08003019
2018,484,8418,0,0.15290314,0.1548971,0.01531306
2018,484,8419,0,0.17575221,0.22865586,0.3294796
2018,484,8420,0,0.31186607,0.3021587,-0.0456296
2018,484,8421,0,0.12281727,0.08861784,-0.3646113
2018,484,8422,0,0.17920986,0.19304518,0.09136648
2018,484,8423,0,0.18501413,0.1358914,-0.367104
2018,484,8424,0,0.14410242,0.12646194,-0.1509839
2018,484,8425,0,0.15264598,0.15259399,-0.0004019872
2018,484,8426,1,0.18636912,0.21281765,0.16575335
2018,484,8427,0,0.23927303,0.35690355,0.5678401
2018,484,8428,0,0.15340447,0.19973356,0.32018453
2018,484,8429,1,0.22260194,0.24263993,0.11230725
2018,484,8430,1,0.5192457,0.5859844,0.2703688
2018,484,8431,0,0.08017908,0.14620823,0.6752607
2018,484,8432,1,0.41955057,0.34368706,-0.3222876
2018,484,8433,0,0.110133626,0.08570343,-0.2778853
2018,484,8434,0,0.2814267,0.30821264,0.12890702
2018,484,8436,0,0.18327631,0.19745216,0.0920109
2018,484,8437,0,0.21157998,0.25637352,0.2505245
2018,484,8438,0,0.12392523,0.16411594,0.32785624
2018,484,8439,1,0.32206276,0.34452114,0.10109768
2018,484,8441,0,0.1837497,0.21605812,0.20235921
2018,484,8442,0,0.3409477,0.30462435,-0.16629896
2018,484,8443,0,0.097891524,0.11509907,0.18119235
2018,484,8450,0,0.23029123,0.16183737,-0.43795276
2018,484,8451,0,0.26768777,0.23944664,-0.14933008
2018,484,8452,0,0.38233873,0.31292787,-0.30683327
2018,484,8453,0,0.54612994,0.536462,-0.038938507
2018,484,8454,1,0.5367487,0.5756375,0.15762994
2018,484,8455,0,0.48454,0.6405988,0.6398237
2018,484,8456,0,0.37271398,0.24513386,-0.60414475
2018,484,8457,0,0.18328305,0.3040784,0.6663095
2018,484,8458,1,0.71733606,0.8205807,0.58900094
2018,484,8459,0,0.21060272,0.21692452,0.037616596
2018,484,8460,0,0.14577295,0.1739809,0.21047443
2018,484,8461,0,0.33541256,0.3468485,0.050884113
2018,484,8462,1,0.4727537,0.49240318,0.078703746
2018,484,8463,0,0.21750645,0.2559657,0.21321371
2018,484,8465,1,0.1472708,0.11091857,-0.32522348
2018,484,8466,0,0.104656965,0.11039522,0.05980843
2018,484,8467,0,0.1557809,0.20516194,0.33562276
2018,484,8468,0,0.3058003,0.5174375,0.8896059
2018,484,8470,0,0.68486667,0.45882913,-0.94128543
2018,484,8471,0,0.16404203,0.14116484,-0.17719302
2018,484,8472,0,0.49486014,0.4869357,-0.031708952
2018,484,8473,0,0.2393096,0.29552925,0.28778923
2018,484,8474,0,0.19619925,0.24508633,0.28522786
2018,484,8475,0,0.382496,0.39634627,0.058254916
2018,484,8476,1,0.1742476,0.18807769,0.09326818
2018,484,8477,0,0.15779656,0.26666582,0.6631097
2018,484,8479,0,0.16553675,0.2637826,0.5911952
2018,484,8480,0,0.18563162,0.2063722,0.13171542
2018,484,8481,0,0.12961596,0.23313905,0.71368814
2018,484,8482,0,0.1159739,0.1610193,0.38045803
2018,484,8483,0,0.13170913,0.124715365,-0.062584296
2018,484,8484,0,0.17685838,0.11809621,-0.47280446
2018,484,8485,0,0.11568434,0.091883525,-0.2569019
2018,757,8402,0,0.50245404,0.5437893,0.16579093
2018,757,8403,0,0.16527185,0.10528634,-0.52030563
2018,757,8404,0,0.7155842,0.7601365,0.23076619
2018,757,8405,0,0.2303205,0.30340305,0.3753575
2018,757,8406,1,0.32277697,0.4616481,0.58732957
2018,757,8407,1,0.2908404,0.37532425,0.38186353
2018,757,8408,1,0.5142802,0.5700865,0.22506756
2018,757,8409,0,0.1304265,0.14636017,0.13375416
2018,757,8411,0,0.21298265,0.24643424,0.1893187
2018,757,8412,0,0.15534326,0.19877052,0.29929665
2018,757,8413,0,0.12562555,0.13722028,0.10163111
2018,757,8414,0,0.09407632,0.11004701,0.17458782
2018,757,8415,0,0.24932072,0.22279257,-0.14722781
2018,757,8416,1,0.31741616,0.32192317,0.02072385
2018,757,8417,0,0.48888662,0.55233544,0.25457212
2018,757,8418,0,0.25350335,0.18993008,-0.37045038
2018,757,8419,0,0.12700295,0.18544728,0.44785336
2018,757,8420,1,0.20441349,0.22455837,0.11963772
2018,757,8421,0,0.09044993,0.08599096,-0.055444833
2018,757,8422,0,0.12569815,0.12526667,-0.00393201
2018,757,8423,1,0.17756498,0.18379307,0.04207543
2018,757,8424,0,0.13874318,0.11243652,-0.24032316
2018,757,8425,0,0.27671078,0.30029964,0.114964925
2018,757,8426,1,0.21220565,0.29196048,0.42579985
2018,757,8427,1,0.16014934,0.1439443,-0.12579174
2018,757,8428,0,0.14811651,0.18708365,0.2803782
2018,757,8429,0,0.087676995,0.11770997,0.32803756
2018,757,8430,0,0.2657128,0.3196968,0.26131883
2018,757,8431,0,0.03905759,0.06609043,0.5545215
2018,757,8432,1,0.08905668,0.09539107,0.07569007
2018,757,8433,0,0.3011696,0.2720448,-0.14253813
2018,757,8434,0,0.35875216,0.42965224,0.2975143
2018,757,8435,0,0.2980744,0.24318734,-0.2787994
2018,757,8436,0,0.2194555,0.2371729,0.10060028
2018,757,8437,0,0.436006,0.4541551,0.0734915
2018,757,8438,0,0.20638292,0.23162362,0.14770183
2018,757,8439,0,0.16524102,0.25792682,0.5629658
2018,757,8440,0,0.15911977,0.2111012,0.34649172
2018,757,8441,0,0.14080049,0.1346721,-0.05160825
2018,757,8442,0,0.25596237,0.24880837,-0.037916634
2018,757,8443,0,0.0709809,0.093058646,0.29487053
2018,757,8444,1,0.41433558,0.50412166,0.3625577
2018,757,8445,1,0.36516175,0.404233,0.16517176
2018,757,8446,1,0.20907466,0.26914686,0.33155674
2018,757,8447,1,0.4802871,0.49752307,0.06898469
2018,757,8448,1,0.06408305,0.059557054,-0.078069486
2018,757,8449,1,0.59448457,0.73767614,0.65138894
2018,757,8450,0,0.41951564,0.33398893,-0.36543632
2018,757,8451,0,0.20778957,0.16220306,-0.30362552
2018,757,8452,1,0.26444507,0.25244376,-0.06262948
2018,757,8453,1,0.34945762,0.42388415,0.31457555
2018,757,8454,0,0.17755614,0.25194126,0.44470796
2018,757,8455,0,0.38525614,0.5388318,0.6229376
2018,757,8456,1,0.12189552,0.11381955,-0.077705175
2018,757,8457,1,0.14413136,0.20438515,0.42228281
2018,757,8458,0,0.15308172,0.23882756,0.55151427
2018,757,8459,1,0.11082315,0.12730406,0.15735176
2018,757,8460,0,0.11034398,0.21424909,0.78773195
2018,757,8461,0,0.17158853,0.315869,0.80158883
2018,757,8462,0,0.09642483,0.14493003,0.4626634
2018,757,8463,0,0.13516568,0.17605299,0.3127154
2018,757,8464,0,0.12477189,0.21270072,0.63927513
2018,757,8465,0,0.13822038,0.15551254,0.13814674
2018,757,8466,0,0.037265677,0.06352081,0.56094503
2018,757,8467,0,0.20713533,0.19979315,-0.045307487
2018,757,8468,0,0.21914831,0.29373917,0.39334416
2018,757,8470,0,0.25437984,0.20297647,-0.29240647
2018,757,8471,0,0.043536995,0.03585543,-0.20211504
2018,757,8472,0,0.15442954,0.15085396,-0.027645467
2018,757,8473,0,0.17355733,0.22236155,0.3086655
2018,757,8474,0,0.18614481,0.20932928,0.1462845
2018,757,8475,1,0.20184809,0.36532888,0.8224746
2018,757,8476,1,0.18661785,0.16447416,-0.15316981
2018,757,8477,0,0.12769178,0.17869613,0.39631698
2018,757,8478,1,0.7411006,0.74277484,0.008744615
2018,757,8479,0,0.10008114,0.18595344,0.7198022
2018,757,8480,0,0.13412455,0.1424827,0.07015143
2018,757,8481,0,0.12906042,0.13569222,0.057752226
2018,757,8482,0,0.13695443,0.193469,0.41319433
2018,757,8483,0,0.15053996,0.16112052,0.080457866
2018,757,8484,0,0.13177271,0.121986575,-0.08837579
2018,757,8485,0,0.19650367,0.23206952,0.21162923
2018,764,8403,0,0.22711134,0.2703179,0.23168433
2018,764,8405,0,0.33437103,0.45215556,0.49651605
2018,764,8406,0,0.34412408,0.383371,0.16970488
2018,764,8407,0,0.12935302,0.14913061,0.16525523
2018,764,8408,1,0.6025022,0.50705296,-0.38768816
2018,764,8409,0,0.10856524,0.14356077,0.3194559
2018,764,8411,0,0.15758409,0.17846566,0.1495371
2018,764,8412,0,0.08011641,0.13120486,0.55041885
2018,764,8413,0,0.11892924,0.11954063,0.005821863
2018,764,8414,0,0.05705953,0.07567548,0.30229893
2018,764,8415,0,0.06521197,0.06895781,0.059867106
2018,764,8416,0,0.5263362,0.43298912,-0.37510824
2018,764,8417,0,0.2228739,0.24119262,0.1028445
2018,764,8418,0,0.05403205,0.054717403,0.013329302
2018,764,8419,0,0.28254983,0.3571008,0.34387872
2018,764,8420,1,0.18685508,0.28343803,0.5431048
2018,764,8421,0,0.08469373,0.08230212,-0.031254288
2018,764,8422,0,0.08078326,0.08550379,0.06193943
2018,764,8423,0,0.16128367,0.21765187,0.36930472
2018,764,8424,0,0.19446199,0.15829782,-0.24967438
2018,764,8427,0,0.12726317,0.15866894,0.25721145
2018,764,8428,0,0.092599876,0.1260448,0.34590396
2018,764,8429,1,0.17604427,0.25083536,0.44921938
2018,764,8430,0,0.3051619,0.33105353,0.11941244
2018,764,8431,0,0.041340873,0.058407996,0.36356476
2018,764,8434,0,0.25954986,0.36760506,0.5058046
2018,764,8435,0,0.7573363,0.7903876,0.1891325
2018,764,8437,1,0.18049592,0.22048765,0.25016436
2018,764,8438,0,0.14590226,0.17178826,0.19410257
2018,764,8439,1,0.14576629,0.2277483,0.547131
2018,764,8441,0,0.16481422,0.1870839,0.15376467
2018,764,8442,0,0.31982836,0.45703477,0.5822749
2018,764,8443,0,0.088378765,0.1276955,0.4121028
2018,764,8445,0,0.36164272,0.5286777,0.68307817
2018,764,8446,0,0.4847125,0.6564207,0.70855314
2018,764,8447,0,0.33123183,0.37724867,0.20137629
2018,764,8448,1,0.13661267,0.115999684,-0.18715629
2018,764,8450,0,0.078505516,0.07598023,-0.035432447
2018,764,8451,1,0.13153714,0.14753804,0.13339299
2018,764,8452,0,0.14368099,0.14417346,0.0039969096
2018,764,8453,1,0.14948265,0.21495228,0.44333598
2018,764,8455,0,0.16949926,0.21105336,0.2705926
2018,764,8456,1,0.14147091,0.13131948,-0.08621588
2018,764,8457,0,0.18157181,0.20815007,0.16962188
2018,764,8458,0,0.28024364,0.33044928,0.23709975
2018,764,8459,0,0.17030303,0.22056454,0.32110164
2018,764,8460,1,0.24259654,0.3788104,0.6438959
2018,764,8461,0,0.1481224,0.20079665,0.36808124
2018,764,8462,0,0.09290112,0.12412293,0.32476252
2018,764,8464,0,0.55126536,0.557687,0.02599533
2018,764,8466,0,0.086743705,0.106525555,0.2273259
2018,764,8467,0,0.21798252,0.24089576,0.12968747
2018,764,8468,0,0.29864457,0.32170177,0.10779854
2018,764,8470,0,0.25675857,0.28143936,0.12555157
2018,764,8471,0,0.21162894,0.1784298,-0.21188778
2018,764,8472,0,0.23227403,0.25527903,0.12486258
2018,764,8473,0,0.14611435,0.20694508,0.42196876
2018,764,8475,1,0.59416556,0.7314024,0.6205371
2018,764,8476,0,0.30697864,0.23137473,-0.38628235
2018,764,8477,0,0.10322706,0.13037424,0.2642178
2018,764,8479,0,0.0767657,0.13097046,0.59471995
2018,764,8480,0,0.12664616,0.1268936,0.0022351977
2018,764,8481,0,0.056150958,0.06606237,0.17311215
2018,764,8482,0,0.052058812,0.060330383,0.1562259
2018,764,8483,0,0.0806804,0.090541966,0.12610273
2018,764,8484,0,0.07043171,0.07287819,0.03678114
2018,764,8485,0,0.09664747,0.114235885,0.18685761
2018,752,8401,0,0.3399227,0.36419445,0.1064339
2018,752,8402,0,0.19987132,0.28999197,0.4916758
2018,752,8403,0,0.16948867,0.12403544,-0.36550283
2018,752,8404,0,0.18133321,0.2563128,0.44211885
2018,752,8405,1,0.7871777,0.80969405,0.14002724
2018,752,8406,0,0.66216564,0.6664777,0.019336961
2018,752,8407,0,0.20279835,0.20484781,0.012629363
2018,752,8408,0,0.28380173,0.3236592,0.18867522
2018,752,8409,0,0.23567323,0.23339343,-0.0126989875
2018,752,8410,1,0.30972743,0.49787202,0.79288185
2018,752,8412,0,0.09608492,0.12207697,0.26859587
2018,752,8413,0,0.11760225,0.1190675,0.014044256
2018,752,8414,0,0.15084414,0.1650177,0.10663785
2018,752,8415,0,0.2900759,0.30201134,0.05727723
2018,752,8416,1,0.28213066,0.3067817,0.11870888
2018,752,8417,1,0.19930737,0.27603328,0.4264049
2018,752,8418,0,0.1786526,0.13879363,-0.299843
2018,752,8419,0,0.123752475,0.17442396,0.40277264
2018,752,8420,0,0.54680413,0.6472934,0.41939667
2018,752,8421,0,0.11551061,0.10174414,-0.1423456
2018,752,8422,0,0.10352309,0.100042276,-0.03807706
2018,752,8423,0,0.28760257,0.26453078,-0.11549464
2018,752,8424,0,0.12231364,0.117944404,-0.04134118
2018,752,8425,0,0.22628038,0.24787357,0.11944911
2018,752,8426,0,0.09836737,0.1303596,0.317715
2018,752,8427,0,0.071004756,0.08686048,0.2187713
2018,752,8428,0,0.18952076,0.22809677,0.23403783
2018,752,8429,0,0.05822133,0.08128824,0.35854745
2018,752,8430,0,0.12801428,0.17232761,0.34941113
2018,752,8431,0,0.033793453,0.048281845,0.3718973
2018,752,8432,0,0.10399588,0.12617162,0.21835282
2018,752,8433,0,0.16453874,0.22794819,0.40490457
2018,752,8434,0,0.12630728,0.17328525,0.3714905
2018,752,8435,0,0.38232374,0.51199764,0.52769655
2018,752,8436,0,0.24662302,0.25837487,0.06227244
2018,752,8437,0,0.21326755,0.2572761,0.24516615
2018,752,8438,0,0.11253734,0.14034152,0.25262508
2018,752,8439,0,0.1346203,0.19879717,0.466881
2018,752,8440,0,0.36501265,0.44391668,0.32839173
2018,752,8441,0,0.15348266,0.15462159,0.008739422
2018,752,8442,1,0.40646973,0.458301,0.21139461
2018,752,8443,0,0.06651694,0.092551105,0.35858992
2018,752,8446,0,0.6722694,0.7086972,0.1705978
2018,752,8447,1,0.8233815,0.78590107,-0.23903517
2018,752,8448,1,0.18599388,0.1588591,-0.19048737
2018,752,8449,0,0.6361822,0.67949975,0.1926419
2018,752,8450,0,0.25588658,0.16731273,-0.53733426
2018,752,8451,0,0.27112678,0.26415643,-0.035562795
2018,752,8452,0,0.23329113,0.20719197,-0.15211533
2018,752,8453,1,0.33203912,0.429712,0.41595048
2018,752,8454,0,0.33779892,0.4388407,0.42724997
2018,752,8455,0,0.22053695,0.27981007,0.31713602
2018,752,8456,0,0.11551203,0.17592664,0.49144185
2018,752,8457,0,0.46647215,0.50066185,0.1369604
2018,752,8458,0,0.39744863,0.4596832,0.25448918
2018,752,8459,0,0.43240166,0.5641923,0.5302532
2018,752,8460,0,0.1256435,0.22307014,0.6921759
2018,752,8461,1,0.20587212,0.29088634,0.45890614
2018,752,8462,0,0.13153131,0.20974456,0.56102085
2018,752,8463,0,0.25000933,0.30519006,0.27585876
2018,752,8464,0,0.2180362,0.26188758,0.24096641
2018,752,8465,0,0.2337417,0.25934246,0.13791384
2018,752,8466,0,0.056566656,0.07525495,0.30546948
2018,752,8467,0,0.21062629,0.19513498,-0.095828556
2018,752,8468,0,0.2922542,0.30757502,0.07298019
2018,752,8470,1,0.38859832,0.3157004,-0.32039425
2018,752,8471,0,0.07658025,0.07272627,-0.05580137
2018,752,8472,1,0.13737877,0.15498322,0.14119425
2018,752,8473,1,0.2564003,0.3064353,0.247925
2018,752,8474,0,0.1617699,0.21433237,0.34611174
2018,752,8475,0,0.33957335,0.44622737,0.4492705
2018,752,8476,0,0.28619462,0.23921494,-0.24305001
2018,752,8477,0,0.19642493,0.24756414,0.29714417
2018,752,8478,1,0.7378308,0.76703805,0.15693678
2018,752,8479,0,0.11837923,0.19055942,0.56148946
2018,752,8480,0,0.21524228,0.22985412,0.08447574
2018,752,8481,0,0.13256073,0.13242395,-0.0011899221
2018,752,8482,0,0.058409154,0.07825116,0.31374916
2018,752,8483,0,0.13679947,0.14089811,0.03428043
2018,752,8484,0,0.11942681,0.12159402,0.02044821
2018,752,8485,0,0.1133686,0.13213167,0.17454377
2018,372,8402,1,0.7947877,0.8538185,0.41083974
2018,372,8403,0,0.27032202,0.1338367,-0.8744636
2018,372,8406,1,0.58540577,0.79427326,1.0058736
2018,372,8409,0,0.2558469,0.2888532,0.16670729
2018,372,8411,0,0.24030596,0.28233954,0.21811667
2018,372,8412,0,0.29512358,0.31301436,0.08456388
2018,372,8413,0,0.26019013,0.22764342,-0.17668526
2018,372,8414,0,0.1741093,0.17777897,0.025310889
2018,372,8415,0,0.30896053,0.26881605,-0.19565421
2018,372,8418,0,0.23306641,0.1666571,-0.41842997
2018,372,8419,0,0.2966139,0.30657068,0.047273625
2018,372,8421,0,0.14517388,0.14074261,-0.03616975
2018,372,8422,0,0.26744807,0.22328946,-0.23898998
2018,372,8423,0,0.52780604,0.518647,-0.03671626
2018,372,8424,0,0.28740627,0.25239906,-0.17784317
2018,372,8425,0,0.41484794,0.45205268,0.15157941
2018,372,8426,1,0.62577313,0.6412738,0.06677123
2018,372,8427,0,0.14445423,0.15346427,0.071092226
2018,372,8428,0,0.20369174,0.29996243,0.5159018
2018,372,8429,1,0.2576004,0.29378518,0.18140757
2018,372,8430,1,0.2515963,0.371822,0.56570846
2018,372,8431,0,0.07013439,0.12949817,0.6792238
2018,372,8432,0,0.20575972,0.18825403,-0.11071816
2018,372,8433,0,0.15347807,0.16496646,0.08584869
2018,372,8434,1,0.2518607,0.33516884,0.40381438
2018,372,8436,0,0.28856048,0.2933595,0.02326245
2018,372,8437,1,0.36320415,0.36162996,-0.006812577
2018,372,8438,0,0.25213495,0.34241855,0.4347233
2018,372,8441,0,0.2901962,0.3570744,0.30634668
2018,372,8443,0,0.103462234,0.15020068,0.42630583
2018,372,8448,0,0.17628182,0.12091711,-0.4420295
2018,372,8450,0,0.3502547,0.34981853,-0.001917031
2018,372,8451,1,0.25761694,0.23110162,-0.14370973
2018,372,8456,0,0.47684476,0.44067442,-0.145738
2018,372,8457,1,0.41676614,0.41906962,0.009469166
2018,372,8462,1,0.26929817,0.3043389,0.17146553
2018,372,8463,0,0.22181174,0.26301253,0.2247703
2018,372,8465,1,0.21974549,0.29156128,0.37933677
2018,372,8466,0,0.14761718,0.1915928,0.3137199
2018,372,8467,0,0.405355,0.37333328,-0.134742
2018,372,8468,0,0.31586435,0.47880042,0.68799424
2018,372,8470,0,0.38107783,0.39164823,0.04458671
2018,372,8471,0,0.052751217,0.04488132,-0.16983889
2018,372,8472,1,0.35359585,0.39758414,0.18772894
2018,372,8473,0,0.1470188,0.18996975,0.30797032
2018,372,8474,0,0.2333207,0.25960538,0.1416341
2018,372,8475,0,0.303457,0.46952096,0.70882195
2018,372,8477,0,0.22901036,0.27014273,0.2200092
2018,372,8479,0,0.1569444,0.24004596,0.5287137
2018,372,8480,0,0.3279733,0.33283624,0.021980898
2018,372,8481,0,0.16056146,0.16813155,0.055128805
2018,372,8482,0,0.17359534,0.23636423,0.38764045
2018,372,8483,0,0.23665053,0.23179041,-0.027097477
2018,372,8484,0,0.14310391,0.13528852,-0.06524045
2018,372,8485,0,0.29264182,0.31344905,0.09854408
2018,40,8401,0,0.38303354,0.6552271,1.1187881
2018,40,8402,1,0.5171894,0.5701107,0.21351804
2018,40,8403,0,0.11933575,0.098728605,-0.21269612
2018,40,8404,0,0.18547793,0.25745192,0.42041102
2018,40,8405,0,0.56368786,0.43243983,-0.52804625
2018,40,8406,0,0.31661418,0.4173289,0.43562737
2018,40,8407,0,0.13496685,0.24576603,0.7364159
2018,40,8408,0,0.20345569,0.32764623,0.6459843
2018,40,8409,0,0.14877638,0.18372557,0.25292304
2018,40,8411,0,0.14803447,0.19431119,0.32786435
2018,40,8412,0,0.1368654,0.19120619,0.399381
2018,40,8413,0,0.11855055,0.12954307,0.10122338
2018,40,8414,0,0.116628364,0.12707518,0.09768292
2018,40,8415,0,0.24641404,0.27205992,0.13363354
2018,40,8416,1,0.2949511,0.3155923,0.097355016
2018,40,8417,0,0.26499298,0.34006637,0.35717845
2018,40,8418,0,0.193037,0.15085988,-0.29747692
2018,40,8419,0,0.13509728,0.197867,0.45694268
2018,40,8420,0,0.16667609,0.23686211,0.43940967
2018,40,8421,0,0.12884076,0.118664496,-0.09389065
2018,40,8422,0,0.25898796,0.23152101,-0.14850733
2018,40,8423,0,0.17551282,0.17817788,0.01830789
2018,40,8424,0,0.14686824,0.1290286,-0.1501968
2018,40,8425,0,0.19128527,0.21233848,0.13079329
2018,40,8426,0,0.101948075,0.14472486,0.39917555
2018,40,8427,0,0.38580623,0.34888384,-0.1589738
2018,40,8428,0,0.15450235,0.18051735,0.18686971
2018,40,8429,0,0.1198171,0.14882445,0.25031236
2018,40,8430,0,0.14926378,0.19634715,0.33110386
2018,40,8431,0,0.04089307,0.06752654,0.52972186
2018,40,8432,0,0.06667196,0.08529237,0.26645282
2018,40,8433,0,0.15493052,0.1624962,0.056670927
2018,40,8435,0,0.22444595,0.3096461,0.4381684
2018,40,8436,0,0.14162922,0.17703514,0.26525834
2018,40,8438,0,0.09463872,0.12749776,0.33500102
2018,40,8439,0,0.13291833,0.18737604,0.4082474
2018,40,8440,0,0.18481866,0.24193153,0.34191647
2018,40,8441,0,0.1395435,0.15420584,0.117098995
2018,40,8442,1,0.2936868,0.32813153,0.1608967
2018,40,8443,0,0.05670613,0.06852229,0.20188245
2018,40,8444,1,0.80799836,0.7996102,-0.053196408
2018,40,8445,0,0.3714538,0.50114787,0.5305765
2018,40,8446,0,0.3356885,0.32062635,-0.068327345
2018,40,8447,0,0.1798576,0.22874063,0.3018765
2018,40,8448,0,0.17971167,0.1419476,-0.28090498
2018,40,8449,0,0.34543902,0.5137447,0.6941414
2018,40,8450,0,0.40289775,0.25110152,-0.69934046
2018,40,8451,0,0.19338812,0.16096734,-0.22290465
2018,40,8453,0,0.4623609,0.47222784,0.0396387
2018,40,8454,0,0.18255615,0.24325326,0.36419874
2018,40,8455,0,0.18165345,0.23786706,0.340776
2018,40,8456,0,0.07920338,0.0765947,-0.036320176
2018,40,8457,0,0.23227774,0.31700873,0.4279414
2018,40,8458,0,0.12529756,0.19914155,0.5515239
2018,40,8459,0,0.09856388,0.14128163,0.40859854
2018,40,8460,1,0.15481643,0.24099678,0.5500912
2018,40,8461,0,0.2182768,0.2843316,0.35266092
2018,40,8462,0,0.1421391,0.21095295,0.47844493
2018,40,8463,1,0.18270811,0.26853824,0.49605483
2018,40,8464,0,0.19099328,0.25145096,0.35268027
2018,40,8465,0,0.13159454,0.14212276,0.08916341
2018,40,8466,0,0.069966584,0.13100447,0.6950962
2018,40,8467,0,0.23393089,0.21297249,-0.120853566
2018,40,8468,0,0.29105937,0.38204485,0.40936664
2018,40,8470,1,0.3633983,0.33380944,-0.13036077
2018,40,8471,0,0.04281293,0.03480812,-0.2153175
2018,40,8472,0,0.3641052,0.38531214,0.09052946
2018,40,8473,0,0.13841848,0.17918395,0.30660194
2018,40,8474,0,0.1523264,0.19313481,0.2867019
2018,40,8475,1,0.38093024,0.5064368,0.51135033
2018,40,8476,0,0.15465899,0.21250153,0.38860527
2018,40,8477,0,0.1647473,0.21081142,0.3032802
2018,40,8478,0,0.24530561,0.29221913,0.23917751
2018,40,8479,0,0.08587939,0.1354764,0.5116375
2018,40,8480,0,0.12061695,0.120953865,0.003172519
2018,40,8481,0,0.08660487,0.098176844,0.13816456
2018,40,8482,0,0.17572987,0.21218796,0.23376317
2018,40,8483,0,0.1488286,0.16965075,0.15571366
2018,40,8484,0,0.20882498,0.19666915,-0.07522102
2018,40,8485,0,0.20480052,0.2661975,0.34255517
2018,724,8401,0,0.6430945,0.64279664,-0.0012973698
2018,724,8402,0,0.35369366,0.4540327,0.4184526
2018,724,8403,1,0.5332093,0.6498215,0.4852216
2018,724,8404,1,0.5336218,0.76716524,1.0576828
2018,724,8405,1,0.7422041,0.74897146,0.03567818
2018,724,8407,0,0.18515983,0.28452682,0.5596559
2018,724,8408,1,0.1904954,0.21283714,0.1388865
2018,724,8409,0,0.10952006,0.12946796,0.18998164
2018,724,8410,0,0.18165666,0.2811525,0.5664114
2018,724,8411,0,0.11131978,0.13648677,0.23254912
2018,724,8412,0,0.14304247,0.17987508,0.27305272
2018,724,8413,0,0.09595686,0.10217828,0.06972605
2018,724,8414,0,0.102971226,0.114544764,0.119502075
2018,724,8415,0,0.15911838,0.119187176,-0.3353475
2018,724,8416,0,0.23870127,0.26140454,0.12113181
2018,724,8417,0,0.40339604,0.476575,0.2975661
2018,724,8418,0,0.12961867,0.13223994,0.02303735
2018,724,8419,0,0.104385704,0.11895982,0.14709963
2018,724,8420,0,0.19019288,0.25171757,0.3592846
2018,724,8421,0,0.09563713,0.09995319,0.048924625
2018,724,8422,0,0.092443615,0.09840251,0.06905477
2018,724,8424,0,0.10091474,0.09242799,-0.09724127
2018,724,8425,0,0.09413384,0.11017239,0.17519262
2018,724,8426,0,0.08063949,0.11820348,0.4241362
2018,724,8427,0,0.12366997,0.1464782,0.19563188
2018,724,8428,0,0.107309945,0.1256173,0.17823976
2018,724,8429,0,0.17023227,0.22627483,0.3545156
2018,724,8430,1,0.16628316,0.28414336,0.68820065
2018,724,8431,0,0.028232243,0.04561204,0.49775353
2018,724,8432,0,0.08808288,0.10990324,0.24554111
2018,724,8433,0,0.17901771,0.17226385,-0.046650253
2018,724,8434,1,0.29881003,0.33663163,0.17462972
2018,724,8435,0,0.29355952,0.24650997,-0.23915482
2018,724,8436,0,0.08164166,0.11475245,0.37715793
2018,724,8437,0,0.12739845,0.176147,0.38148618
2018,724,8438,0,0.09333951,0.12166956,0.29681036
2018,724,8439,1,0.1794032,0.25920781,0.47030598
2018,724,8440,0,0.18887457,0.21230221,0.14623581
2018,724,8441,0,0.18509457,0.17009278,-0.10276471
2018,724,8442,0,0.2999569,0.35097247,0.23273578
2018,724,8443,0,0.05182269,0.067148134,0.27536827
2018,724,8444,1,0.58652633,0.78885525,0.96841544
2018,724,8445,1,0.42363775,0.5316709,0.43471113
2018,724,8446,1,0.68921286,0.737217,0.23511197
2018,724,8447,1,0.5994354,0.7169242,0.52614206
2018,724,8448,0,0.28545502,0.25592706,-0.14968511
2018,724,8449,1,0.65870154,0.57822466,-0.34202346
2018,724,8450,0,0.18640892,0.13946426,-0.34623164
2018,724,8451,0,0.15532582,0.18076123,0.18222733
2018,724,8452,1,0.47018236,0.4654568,-0.01898095
2018,724,8453,1,0.19898874,0.2712301,0.40423626
2018,724,8454,0,0.46669057,0.49573466,0.11637352
2018,724,8455,1,0.31859347,0.43066776,0.48111597
2018,724,8456,0,0.19059329,0.19579862,0.033396695
2018,724,8457,1,0.15989509,0.22340873,0.41309762
2018,724,8458,0,0.12561315,0.20169292,0.56456906
2018,724,8459,0,0.12503804,0.16808677,0.34631455
2018,724,8460,0,0.1384356,0.23030849,0.6217744
2018,724,8461,0,0.16409646,0.22021529,0.3636466
2018,724,8462,1,0.1559367,0.20415321,0.32824132
2018,724,8463,0,0.21105659,0.28705916,0.40885824
2018,724,8464,0,0.114572234,0.15195948,0.32555076
2018,724,8465,0,0.15968338,0.18892506,0.20357576
2018,724,8466,0,0.054027285,0.08525427,0.48971644
2018,724,8467,1,0.29694927,0.2701919,-0.13178135
2018,724,8468,1,0.28192806,0.3389656,0.26701042
2018,724,8470,0,0.3306893,0.35048452,0.08815905
2018,724,8471,0,0.05372984,0.049081326,-0.09539024
2018,724,8472,1,0.16535647,0.1924403,0.18467008
2018,724,8473,0,0.13140935,0.17608121,0.345428
2018,724,8474,0,0.08217322,0.116531074,0.38748103
2018,724,8475,1,0.58010167,0.6096597,0.12269114
2018,724,8476,0,0.24237667,0.20935456,-0.18912679
2018,724,8477,0,0.13106394,0.18502659,0.40892822
2018,724,8478,0,0.1691502,0.27929804,0.6437157
2018,724,8479,0,0.0808253,0.10867806,0.32687056
2018,724,8480,1,0.1322906,0.14521407,0.10821382
2018,724,8481,0,0.09124519,0.086435616,-0.059429046
2018,724,8482,0,0.11865085,0.17693974,0.46804872
2018,724,8483,0,0.12695199,0.12443864,-0.022871075
2018,724,8484,0,0.12734321,0.12121949,-0.056275856
2018,724,8485,0,0.14582516,0.17472434,0.21521957
