t,i,k4,label_observed_continuing,p_base,p,logit_correction
2016,842,8401,0,0.20706923,0.25520337,0.27163237
2016,842,8402,0,0.19696847,0.198537,0.009887063
2016,842,8403,0,0.39065638,0.35656857,-0.14573494
2016,842,8404,0,0.49380934,0.4916224,-0.008749618
2016,842,8405,1,0.47246304,0.44949198,-0.09246418
2016,842,8406,1,0.27540496,0.3289394,0.2543845
2016,842,8407,0,0.10239765,0.11580155,0.13805997
2016,842,8408,0,0.1153284,0.15646231,0.35264352
2016,842,8409,0,0.042223573,0.041048393,-0.02945335
2016,842,8410,1,0.34631073,0.3674574,0.092155464
2016,842,8411,0,0.12645079,0.13993376,0.11687098
2016,842,8412,0,0.049313642,0.05311758,0.07831637
2016,842,8413,0,0.1475131,0.124718055,-0.19424953
2016,842,8414,0,0.21610354,0.20564963,-0.06283143
2016,842,8415,0,0.05326391,0.0666063,0.23773345
2016,842,8416,0,0.19420348,0.10465866,-0.723576
2016,842,8417,0,0.21109493,0.2267818,0.09176509
2016,842,8418,0,0.050341025,0.040394317,-0.23055065
2016,842,8419,0,0.17106743,0.18443324,0.09148527
2016,842,8420,0,0.21213935,0.1800646,-0.20383194
2016,842,8421,0,0.15004951,0.11702632,-0.28668377
2016,842,8422,0,0.044696964,0.03929501,-0.13444674
2016,842,8423,0,0.12834339,0.08827376,-0.41921073
2016,842,8424,0,0.030533511,0.023448916,-0.27128163
2016,842,8425,0,0.09789866,0.09120542,-0.07821084
2016,842,8426,0,0.12802795,0.1432049,0.12958635
2016,842,8427,0,0.11447319,0.12613192,0.11024109
2016,842,8428,0,0.09776254,0.11067381,0.13845938
2016,842,8429,0,0.105054416,0.13918163,0.32018068
2016,842,8430,0,0.08452756,0.13036118,0.48459363
2016,842,8431,0,0.11418227,0.118532315,0.042312413
2016,842,8432,0,0.2227123,0.17025252,-0.33390895
2016,842,8433,0,0.050165456,0.0455419,-0.10154986
2016,842,8434,0,0.32098472,0.27295452,-0.23043373
2016,842,8435,0,0.33318022,0.26529655,-0.32478246
2016,842,8436,0,0.13330533,0.09259118,-0.41035455
2016,842,8437,0,0.49252847,0.38754842,-0.4277408
2016,842,8438,0,0.03767482,0.04393416,0.1602258
2016,842,8439,0,0.16087571,0.18744999,0.18506129
2016,842,8440,0,0.107596666,0.13546647,0.2620627
2016,842,8441,0,0.07526025,0.05179132,-0.39879173
2016,842,8442,0,0.4580173,0.36632267,-0.37969828
2016,842,8443,0,0.046189275,0.03487267,-0.29283902
2016,842,8444,0,0.59809005,0.57983416,-0.07542075
2016,842,8446,0,0.1833031,0.22921716,0.28139004
2016,842,8447,0,0.19679534,0.2234954,0.16103347
2016,842,8449,0,0.22934799,0.17970109,-0.30637747
2016,842,8450,0,0.13102356,0.06547666,-0.76640403
2016,842,8451,0,0.035128962,0.025974669,-0.31134692
2016,842,8452,0,0.13201787,0.104020156,-0.27009928
2016,842,8453,0,0.22655419,0.19348486,-0.19965202
2016,842,8454,1,0.15870176,0.19340424,0.23987934
2016,842,8455,0,0.14549452,0.16664474,0.1607888
2016,842,8456,1,0.08452275,0.10003541,0.1855937
2016,842,8457,0,0.14584139,0.1648588,0.14508572
2016,842,8458,0,0.0819715,0.09008795,0.10329528
2016,842,8459,0,0.07519003,0.09215775,0.22200091
2016,842,8460,1,0.13867892,0.1893405,0.37200493
2016,842,8461,0,0.07698804,0.08820939,0.14829524
2016,842,8462,0,0.09430544,0.09762979,0.03832108
2016,842,8463,1,0.34312496,0.37375712,0.133267
2016,842,8464,0,0.08820326,0.10541676,0.19733693
2016,842,8465,0,0.08309451,0.079994865,-0.041391186
2016,842,8466,0,0.036742438,0.031693418,-0.15305147
2016,842,8467,0,0.0350353,0.034318857,-0.02140334
2016,842,8468,0,0.124097064,0.12689902,0.025531664
2016,842,8470,0,0.35239777,0.25624725,-0.4570497
2016,842,8471,0,0.03253723,0.033262026,0.022780947
2016,842,8472,1,0.106622264,0.10898569,0.024573253
2016,842,8473,0,0.08511518,0.11880697,0.37101632
2016,842,8474,0,0.07094659,0.09463681,0.3139494
2016,842,8475,0,0.17453162,0.17984764,0.036465105
2016,842,8476,0,0.14484516,0.17871077,0.2505105
2016,842,8477,0,0.042099882,0.04126461,-0.02091122
2016,842,8478,0,0.57979226,0.48366454,-0.38728574
2016,842,8479,0,0.054887388,0.07210015,0.29115263
2016,842,8480,0,0.17500688,0.10621905,-0.5794075
2016,842,8481,0,0.038789026,0.03274792,-0.17556304
2016,842,8482,0,0.027619576,0.023138184,-0.18163864
2016,842,8483,0,0.07623596,0.06499266,-0.1716566
2016,842,8484,0,0.07832834,0.061005887,-0.26855928
2016,842,8485,0,0.18803003,0.12936613,-0.44371325
2016,276,8401,0,0.25176135,0.2449549,-0.036463045
2016,276,8402,0,0.08811844,0.11003929,0.24648839
2016,276,8403,0,0.07621291,0.07713205,0.012983565
2016,276,8404,0,0.18322456,0.19771183,0.09399425
2016,276,8405,1,0.39684913,0.46560073,0.2807963
2016,276,8406,1,0.1807397,0.19282112,0.07956158
2016,276,8407,0,0.08932479,0.09944982,0.11855465
2016,276,8408,0,0.055842984,0.07290091,0.2847894
2016,276,8409,0,0.035534054,0.04386384,0.21927299
2016,276,8410,1,0.29359818,0.20646368,-0.46840256
2016,276,8411,0,0.09847029,0.074329264,-0.30767578
2016,276,8412,0,0.034035362,0.03936393,0.15098137
2016,276,8413,0,0.02287792,0.020960748,-0.089480996
2016,276,8414,0,0.029185453,0.03303196,0.12777531
2016,276,8415,0,0.0338584,0.03649425,0.077699766
2016,276,8416,0,0.061806664,0.08080639,0.28850415
2016,276,8417,0,0.20029147,0.20386727,0.022176802
2016,276,8418,0,0.024348302,0.017146531,-0.3580204
2016,276,8419,0,0.13989191,0.12481078,-0.13145337
2016,276,8420,0,0.12290695,0.10780296,-0.1481963
2016,276,8421,0,0.061915375,0.054979242,-0.12617952
2016,276,8422,0,0.08356563,0.061206374,-0.33548614
2016,276,8423,0,0.031057317,0.023259912,-0.2971181
2016,276,8424,0,0.026729342,0.019935574,-0.30021214
2016,276,8425,0,0.033815987,0.038274705,0.12848087
2016,276,8426,0,0.072277576,0.08871702,0.22281688
2016,276,8427,0,0.060516022,0.076852866,0.25652662
2016,276,8428,0,0.05046245,0.044128463,-0.14077318
2016,276,8429,0,0.061507333,0.07505982,0.2136751
2016,276,8430,0,0.053513575,0.07358144,0.3398881
2016,276,8431,0,0.02550138,0.035091463,0.32911506
2016,276,8432,0,0.07574909,0.055608235,-0.33065274
2016,276,8433,0,0.07942139,0.0757731,-0.050979715
2016,276,8434,0,0.08195695,0.0723784,-0.13466562
2016,276,8435,0,0.16662137,0.19715601,0.20559911
2016,276,8436,0,0.054925147,0.0496888,-0.105717145
2016,276,8437,0,0.4321826,0.39088902,-0.17062508
2016,276,8438,0,0.028424628,0.02271682,-0.23000784
2016,276,8439,0,0.10896687,0.10141011,-0.08031635
2016,276,8440,0,0.06074389,0.09162333,0.4444484
2016,276,8441,0,0.056921493,0.0456444,-0.23267893
2016,276,8442,0,0.15809365,0.20230885,0.3005552
2016,276,8443,0,0.031787653,0.022291657,-0.3646255
2016,276,8444,0,0.24814361,0.25380194,0.030100835
2016,276,8445,0,0.11182237,0.18232708,0.5715999
2016,276,8446,0,0.21535496,0.26999247,0.29828307
2016,276,8447,0,0.13287796,0.13979228,0.05873233
2016,276,8448,0,0.051749997,0.048064362,-0.07776249
2016,276,8449,0,0.21280137,0.17161228,-0.26612213
2016,276,8450,0,0.116207644,0.07796784,-0.4414403
2016,276,8451,0,0.031035725,0.029158045,-0.06434423
2016,276,8452,0,0.036148712,0.028777275,-0.23567423
2016,276,8453,0,0.08068272,0.08350253,0.037424557
2016,276,8454,0,0.13476756,0.15772614,0.1842017
2016,276,8455,0,0.3065132,0.28253558,-0.11544743
2016,276,8456,0,0.055913623,0.06553177,0.16896713
2016,276,8457,0,0.19165368,0.20513463,0.084794305
2016,276,8458,0,0.07515893,0.073487885,-0.024289612
2016,276,8459,0,0.0620305,0.08220216,0.30329564
2016,276,8460,0,0.08057176,0.09986697,0.23590012
2016,276,8461,0,0.11289994,0.14580084,0.29353297
2016,276,8462,0,0.053164534,0.05898518,0.110061154
2016,276,8463,0,0.1395518,0.1673373,0.2144004
2016,276,8464,0,0.070238285,0.060969718,-0.15143567
2016,276,8465,0,0.04249682,0.03922461,-0.08353639
2016,276,8466,0,0.046553478,0.033571664,-0.3404431
2016,276,8467,0,0.033834588,0.027814906,-0.2021227
2016,276,8468,0,0.04787845,0.064041406,0.30798578
2016,276,8469,1,0.25792265,0.39295357,0.62187994
2016,276,8470,0,0.10673041,0.110374,0.037655715
2016,276,8471,1,0.035181984,0.028953247,-0.2012868
2016,276,8472,0,0.0480342,0.04720266,-0.018336128
2016,276,8473,0,0.06749214,0.08038447,0.18873174
2016,276,8474,0,0.0527901,0.064730495,0.21659473
2016,276,8475,0,0.14090955,0.14854519,0.06169896
2016,276,8476,0,0.14508583,0.1374148,-0.063254386
2016,276,8477,0,0.045913063,0.044513296,-0.03242785
2016,276,8478,0,0.09469599,0.11387835,0.20587565
2016,276,8479,0,0.04053521,0.046234284,0.13750818
2016,276,8480,0,0.10166798,0.0833503,-0.21884577
2016,276,8481,0,0.027596347,0.021224612,-0.26905313
2016,276,8482,0,0.030629395,0.033672377,0.09786186
2016,276,8483,0,0.09805664,0.07586239,-0.2809335
2016,276,8484,0,0.0377996,0.02955988,-0.25440747
2016,276,8485,0,0.044040516,0.054226186,0.21876603
2016,392,8401,0,0.5416125,0.39411715,-0.5968743
2016,392,8402,0,0.14311193,0.2097587,0.4632998
2016,392,8403,0,0.24819982,0.24120228,-0.03786302
2016,392,8404,1,0.38762048,0.40623233,0.07776262
2016,392,8405,1,0.20986244,0.25985014,0.2790072
2016,392,8406,0,0.08170961,0.120837405,0.43481812
2016,392,8407,0,0.062932946,0.06894027,0.09760203
2016,392,8408,0,0.071199164,0.0887749,0.23972736
2016,392,8409,0,0.033820327,0.042174064,0.22942717
2016,392,8411,0,0.064937904,0.056637682,-0.1455943
2016,392,8412,0,0.07512757,0.07548264,0.005099069
2016,392,8413,0,0.033549204,0.033737488,0.0057911053
2016,392,8414,0,0.0287695,0.037964165,0.28683898
2016,392,8415,0,0.022628339,0.022469401,-0.0072112083
2016,392,8416,0,0.21727017,0.27063712,0.2902535
2016,392,8417,0,0.17007713,0.19200207,0.14802745
2016,392,8418,0,0.029570075,0.021634081,-0.3206374
2016,392,8419,0,0.09993704,0.1127357,0.13482761
2016,392,8420,0,0.20511292,0.27188265,0.36954787
2016,392,8421,0,0.042003173,0.04446883,0.059620313
2016,392,8422,0,0.044502508,0.04424982,-0.0059585916
2016,392,8423,0,0.0633175,0.045172032,-0.35687044
2016,392,8424,0,0.03265166,0.028208382,-0.15085918
2016,392,8425,0,0.07701517,0.08383357,0.09224587
2016,392,8426,0,0.13118027,0.17181444,0.31774098
2016,392,8427,0,0.031951945,0.04214043,0.28735512
2016,392,8428,0,0.105470434,0.09459987,-0.120853685
2016,392,8429,0,0.11424791,0.14902471,0.30579546
2016,392,8430,0,0.10060257,0.15107697,0.46436805
2016,392,8431,0,0.046027735,0.05928101,0.267035
2016,392,8432,0,0.0965311,0.09423839,-0.026571987
2016,392,8433,0,0.062039603,0.059214156,-0.04962018
2016,392,8434,0,0.21828674,0.25449967,0.20092261
2016,392,8435,0,0.3400454,0.44798526,0.45427755
2016,392,8436,1,0.13274866,0.13361171,0.007475923
2016,392,8437,0,0.15527734,0.17408054,0.13681622
2016,392,8438,0,0.057636905,0.06419245,0.114703506
2016,392,8439,0,0.2316612,0.23592833,0.02382127
2016,392,8440,0,0.10783197,0.13485324,0.2543682
2016,392,8441,0,0.06095292,0.050076816,-0.20805897
2016,392,8442,0,0.15161133,0.14198908,-0.076847926
2016,392,8443,0,0.043589346,0.029824328,-0.39377818
2016,392,8444,0,0.31427944,0.33009055,0.072412014
2016,392,8445,0,0.18553303,0.26727527,0.47081006
2016,392,8446,0,0.31154352,0.36438343,0.23652427
2016,392,8447,0,0.11601759,0.1413167,0.22629866
2016,392,8448,0,0.07358356,0.06650725,-0.108720005
2016,392,8449,1,0.7082199,0.53720486,-0.7376592
2016,392,8451,0,0.064210705,0.054497775,-0.174336
2016,392,8452,0,0.052299354,0.04425694,-0.17542224
2016,392,8453,0,0.27796265,0.3169881,0.18694215
2016,392,8454,0,0.15829372,0.20286934,0.30252227
2016,392,8455,1,0.22618829,0.3700039,0.69776076
2016,392,8456,1,0.20334248,0.2072961,0.024231642
2016,392,8457,0,0.15998465,0.19431426,0.23612522
2016,392,8458,0,0.11189952,0.13313119,0.19793107
2016,392,8459,0,0.13087563,0.16193819,0.24936166
2016,392,8460,0,0.13322766,0.16179287,0.22776872
2016,392,8461,0,0.11054566,0.17304415,0.520975
2016,392,8462,0,0.11455867,0.1621375,0.40258977
2016,392,8463,0,0.17181945,0.2302984,0.36615995
2016,392,8464,0,0.2778405,0.23456775,-0.22749752
2016,392,8465,0,0.08602338,0.09432424,0.10124281
2016,392,8466,0,0.05590114,0.049435966,-0.12973115
2016,392,8467,0,0.041306928,0.034934476,-0.17418095
2016,392,8468,1,0.10661279,0.13105717,0.23417298
2016,392,8469,1,0.6259502,0.7783032,0.74092394
2016,392,8470,0,0.10896328,0.12345943,0.14130425
2016,392,8471,1,0.025172587,0.025040824,-0.0053833
2016,392,8472,0,0.05506052,0.058158938,0.058030896
2016,392,8473,0,0.120723106,0.16202202,0.3423409
2016,392,8474,0,0.15406956,0.18624988,0.22846878
2016,392,8475,0,0.18311091,0.28957593,0.59796685
2016,392,8476,0,0.19973426,0.29696125,0.5261457
2016,392,8477,0,0.06477689,0.06583269,0.01729734
2016,392,8478,0,0.25365797,0.29965416,0.2302519
2016,392,8479,0,0.0930473,0.0701817,-0.30691928
2016,392,8480,0,0.067103334,0.052917354,-0.2525942
2016,392,8481,0,0.03759058,0.034594383,-0.086170524
2016,392,8482,0,0.030976044,0.026934208,-0.14397933
2016,392,8483,0,0.06278089,0.05204315,-0.19896938
2016,392,8484,0,0.042530056,0.034744553,-0.21028674
2016,392,8485,0,0.06633866,0.1090246,0.5435976
2016,156,8401,1,0.27343357,0.3698872,0.44457045
2016,156,8402,1,0.059666,0.08197857,0.34170988
2016,156,8403,1,0.28680632,0.24131243,-0.23455162
2016,156,8404,1,0.11738513,0.16018064,0.3605439
2016,156,8405,0,0.14299852,0.2207902,0.529538
2016,156,8406,1,0.18649462,0.2116104,0.15770459
2016,156,8407,0,0.051330578,0.04707706,-0.09097421
2016,156,8408,0,0.04838333,0.063194565,0.28274965
2016,156,8409,0,0.02158294,0.03125574,0.38023514
2016,156,8411,0,0.07202172,0.051193416,-0.3635535
2016,156,8412,0,0.04245703,0.050655548,0.18515506
2016,156,8413,0,0.03861169,0.035725664,-0.08068318
2016,156,8414,0,0.02411541,0.029011723,0.189879
2016,156,8415,0,0.022433931,0.024210589,0.07803467
2016,156,8416,0,0.040470976,0.04804208,0.17941405
2016,156,8417,0,0.09778781,0.11202975,0.15187587
2016,156,8418,0,0.021084506,0.01655472,-0.24648361
2016,156,8419,0,0.17439327,0.17384237,-0.003830959
2016,156,8420,0,0.047886223,0.044445496,-0.07817154
2016,156,8421,0,0.08637761,0.07947451,-0.09081952
2016,156,8422,0,0.02278511,0.02254479,-0.010849266
2016,156,8423,0,0.02913621,0.02883413,-0.010733043
2016,156,8424,0,0.024414077,0.02089277,-0.15935975
2016,156,8425,0,0.04159136,0.044781588,0.07723874
2016,156,8426,0,0.12220747,0.17226991,0.40206534
2016,156,8427,0,0.030827675,0.03793476,0.21481524
2016,156,8428,0,0.13976596,0.13440377,-0.045334976
2016,156,8430,0,0.1016787,0.072288305,-0.37334862
2016,156,8431,0,0.04717897,0.059206165,0.23978052
2016,156,8432,0,0.027889997,0.035301734,0.24331765
2016,156,8433,0,0.019684099,0.02228575,0.1267935
2016,156,8434,0,0.058268614,0.073925726,0.2547629
2016,156,8436,0,0.020505188,0.023008179,0.11773031
2016,156,8439,0,0.08983711,0.1338806,0.4485509
2016,156,8440,0,0.04555783,0.06627212,0.39672863
2016,156,8441,0,0.027286816,0.027936343,0.024192717
2016,156,8442,0,0.07365148,0.07788028,0.06040397
2016,156,8443,0,0.024512267,0.015617099,-0.4598845
2016,156,8444,0,0.184494,0.18236378,-0.014222283
2016,156,8445,0,0.10234402,0.14636213,0.40802377
2016,156,8446,0,0.21134181,0.29901555,0.46486616
2016,156,8447,0,0.058985617,0.108911335,0.6677548
2016,156,8448,0,0.024595369,0.016956234,-0.37972373
2016,156,8449,0,0.059377424,0.09705702,0.53226715
2016,156,8450,0,0.08745091,0.052633587,-0.54516727
2016,156,8451,0,0.01852496,0.01663014,-0.10983109
2016,156,8452,0,0.013253642,0.009080505,-0.38236278
2016,156,8453,0,0.04471352,0.07868453,0.60137933
2016,156,8454,0,0.063273564,0.08468673,0.3146162
2016,156,8455,0,0.079675585,0.11485897,0.40472102
2016,156,8456,0,0.025064899,0.032696676,0.27366373
2016,156,8457,0,0.05527938,0.07540208,0.33196518
2016,156,8458,0,0.036848307,0.030945858,-0.18068011
2016,156,8459,0,0.029145123,0.043973465,0.42669013
2016,156,8460,0,0.02212298,0.03140492,0.35988492
2016,156,8461,0,0.03135371,0.050238974,0.49114767
2016,156,8462,0,0.02628086,0.03661912,0.3424036
2016,156,8463,0,0.04626695,0.06731383,0.3972529
2016,156,8464,0,0.06497344,0.080501325,0.23104133
2016,156,8465,0,0.044361446,0.046055444,0.03924941
2016,156,8466,0,0.023880675,0.016032847,-0.4064375
2016,156,8467,0,0.020578722,0.019550359,-0.052313432
2016,156,8468,0,0.025159355,0.034696754,0.3312481
2016,156,8469,1,0.1776187,0.47813255,1.4450393
2016,156,8470,0,0.032235816,0.042459745,0.28609908
2016,156,8471,0,0.027832782,0.026278503,-0.05906086
2016,156,8472,0,0.03676027,0.037402093,0.01797546
2016,156,8473,0,0.046784814,0.05365312,0.14421251
2016,156,8475,0,0.16563734,0.24010687,0.46477374
2016,156,8476,0,0.06294833,0.08271737,0.2944381
2016,156,8477,0,0.023666246,0.029872313,0.23925896
2016,156,8478,0,0.111356094,0.15697993,0.39609063
2016,156,8479,0,0.026576012,0.029890765,0.12095164
2016,156,8480,0,0.05876405,0.052793764,-0.11346032
2016,156,8481,0,0.023100946,0.021752413,-0.06152848
2016,156,8482,0,0.01701453,0.019022664,0.11360846
2016,156,8483,0,0.04138482,0.03024393,-0.32517362
2016,156,8484,0,0.05140795,0.036344193,-0.36251378
2016,380,8401,0,0.5473174,0.5884796,0.167846
2016,380,8403,0,0.088663734,0.07228543,-0.22204065
2016,380,8404,0,0.11643765,0.15343729,0.31871352
2016,380,8406,1,0.097327515,0.13229567,0.34646627
2016,380,8407,0,0.13095772,0.11495149,-0.148615
2016,380,8408,0,0.07405756,0.09862493,0.31337208
2016,380,8409,0,0.035370033,0.04897559,0.33966178
2016,380,8411,0,0.22145873,0.16362417,-0.37432027
2016,380,8412,0,0.059645392,0.063187085,0.06145641
2016,380,8413,0,0.03308413,0.027664842,-0.18448047
2016,380,8414,0,0.031253375,0.033082493,0.058766946
2016,380,8415,0,0.040879644,0.0394648,-0.036697242
2016,380,8416,0,0.07430807,0.07709855,0.0398838
2016,380,8417,0,0.0828948,0.10591812,0.27051887
2016,380,8418,0,0.027688038,0.019281356,-0.37047082
2016,380,8419,0,0.11202961,0.1179631,0.058313176
2016,380,8420,0,0.14160195,0.17564923,0.2559408
2016,380,8421,0,0.0844396,0.06290996,-0.31757495
2016,380,8422,0,0.05673275,0.046053212,-0.21981229
2016,380,8423,0,0.04896465,0.035060942,-0.34852466
2016,380,8424,0,0.029817238,0.020029506,-0.40791816
2016,380,8425,0,0.06249994,0.056662735,-0.104255915
2016,380,8426,0,0.07439014,0.09376067,0.25257137
2016,380,8427,0,0.09435494,0.102716774,0.09418779
2016,380,8428,0,0.058130134,0.04839983,-0.19346575
2016,380,8429,0,0.06316562,0.07758406,0.22111212
2016,380,8430,0,0.12032806,0.15832113,0.31855407
2016,380,8431,0,0.029093554,0.03967247,0.32109666
2016,380,8432,0,0.04653187,0.039695796,-0.16603635
2016,380,8433,0,0.046092793,0.04340535,-0.062887244
2016,380,8434,0,0.105897985,0.1100911,0.04353275
2016,380,8435,0,0.16073637,0.1285203,-0.26134646
2016,380,8436,0,0.054136895,0.059809316,0.10566065
2016,380,8438,0,0.04667331,0.04247639,-0.09861674
2016,380,8439,0,0.1317242,0.15550765,0.19375843
2016,380,8440,0,0.11457057,0.14598317,0.27842224
2016,380,8441,0,0.059093732,0.034709886,-0.55768573
2016,380,8442,0,0.1819534,0.15441398,-0.19722407
2016,380,8443,0,0.033815872,0.023682486,-0.36662793
2016,380,8444,0,0.45807293,0.45580783,-0.009128115
2016,380,8445,0,0.15189123,0.28932473,0.82117826
2016,380,8446,0,0.17910638,0.2234351,0.27665433
2016,380,8447,0,0.10674264,0.13193227,0.24047302
2016,380,8448,0,0.06022228,0.06372263,0.060229175
2016,380,8449,0,0.18236838,0.19509268,0.083130725
2016,380,8450,0,0.14677095,0.11649084,-0.26593408
2016,380,8451,0,0.03043851,0.024043705,-0.24240926
2016,380,8453,0,0.06525606,0.0715893,0.0994251
2016,380,8454,1,0.20158301,0.16744266,-0.22743134
2016,380,8455,0,0.38372755,0.37358195,-0.04312422
2016,380,8456,0,0.052286122,0.052079767,-0.004172059
2016,380,8457,0,0.11010359,0.11105309,0.009654153
2016,380,8458,0,0.106711686,0.118317306,0.11631657
2016,380,8459,0,0.0784092,0.10593953,0.33125505
2016,380,8460,0,0.07184751,0.09494147,0.30391088
2016,380,8461,0,0.07632076,0.10313143,0.33051476
2016,380,8462,0,0.044773255,0.055740125,0.23063669
2016,380,8463,0,0.09002713,0.12043824,0.32501698
2016,380,8464,0,0.06699006,0.075140595,0.123590685
2016,380,8465,0,0.04591026,0.052717716,0.14542334
2016,380,8466,0,0.034071077,0.02286022,-0.41059002
2016,380,8467,0,0.03189742,0.024571905,-0.26845974
2016,380,8468,0,0.08020765,0.10695524,0.31730273
2016,380,8469,1,0.5525032,0.7741599,1.0211613
2016,380,8470,0,0.49014854,0.47280273,-0.06948555
2016,380,8471,1,0.036089376,0.030306373,-0.18062204
2016,380,8472,1,0.14000416,0.13061625,-0.08026566
2016,380,8473,0,0.05407452,0.06371868,0.17436236
2016,380,8474,0,0.052060448,0.072049774,0.3462644
2016,380,8475,0,0.354653,0.41359138,0.24950995
2016,380,8476,0,0.092395,0.11207908,0.21505828
2016,380,8477,0,0.037446793,0.032917667,-0.13360575
2016,380,8478,0,0.11832518,0.15396032,0.3045152
2016,380,8479,0,0.03836791,0.035277538,-0.087183565
2016,380,8480,0,0.1277232,0.098566,-0.2920191
2016,380,8481,0,0.022970429,0.018997079,-0.19398105
2016,380,8482,0,0.043936994,0.045725197,0.041765016
2016,380,8483,0,0.06648793,0.044745527,-0.41905293
2016,380,8484,0,0.03826863,0.033371277,-0.14201432
2016,380,8485,0,0.048533965,0.05511694,0.13413621
2016,826,8401,1,0.27837,0.49768955,0.9433195
2016,826,8402,1,0.13361734,0.15413216,0.16679385
2016,826,8403,0,0.5049447,0.43148866,-0.2955595
2016,826,8405,0,0.2833524,0.31086543,0.13181643
2016,826,8406,1,0.39337078,0.4145303,0.08789695
2016,826,8407,0,0.059979964,0.068090424,0.1354913
2016,826,8408,0,0.069254026,0.10200065,0.4230148
2016,826,8409,0,0.029868402,0.03742605,0.23338673
2016,826,8411,0,0.058244094,0.044681054,-0.27939233
2016,826,8412,0,0.075113654,0.08481006,0.13195117
2016,826,8413,0,0.035242517,0.03222653,-0.09258472
2016,826,8414,0,0.03370309,0.03932725,0.16016561
2016,826,8415,0,0.046067815,0.041865747,-0.10004198
2016,826,8416,0,0.14128181,0.15699816,0.123949155
2016,826,8417,1,0.083808444,0.10952257,0.2960647
2016,826,8418,0,0.032328136,0.022667974,-0.3649183
2016,826,8419,0,0.15829524,0.15203165,-0.04778716
2016,826,8420,0,0.14045614,0.14483301,0.03579131
2016,826,8421,0,0.08508518,0.067322314,-0.25338992
2016,826,8422,0,0.04321888,0.03451484,-0.23394425
2016,826,8423,0,0.041190114,0.030272491,-0.319281
2016,826,8424,0,0.032375995,0.023617897,-0.32442293
2016,826,8425,0,0.07822346,0.08393765,0.07672311
2016,826,8426,0,0.09818944,0.12693036,0.28912893
2016,826,8427,0,0.06354374,0.07641135,0.19823891
2016,826,8428,0,0.0850929,0.0658199,-0.2776683
2016,826,8429,0,0.057468116,0.072113626,0.24267326
2016,826,8430,0,0.060057614,0.08133747,0.32620215
2016,826,8431,0,0.040369388,0.05559406,0.3359968
2016,826,8432,0,0.07200506,0.06413758,-0.12414805
2016,826,8433,0,0.15052688,0.102136865,-0.44322926
2016,826,8434,0,0.17629758,0.14946401,-0.19717497
2016,826,8435,0,0.20525433,0.262548,0.32100517
2016,826,8436,0,0.07262214,0.07281739,0.0028954945
2016,826,8437,0,0.14794737,0.1526273,0.03665005
2016,826,8438,0,0.042711638,0.043102324,0.00951373
2016,826,8439,0,0.178035,0.18989493,0.079024665
2016,826,8440,0,0.14342827,0.1786284,0.26143506
2016,826,8441,0,0.10449423,0.067530505,-0.47700015
2016,826,8442,0,0.231358,0.20144229,-0.17664525
2016,826,8443,0,0.035259724,0.022866042,-0.44585326
2016,826,8444,0,0.21394274,0.26999032,0.30664957
2016,826,8445,0,0.23481332,0.30335012,0.3499337
2016,826,8446,0,0.25511318,0.27760622,0.11515821
2016,826,8447,0,0.13466023,0.13671124,0.01748919
2016,826,8448,0,0.09887693,0.08548123,-0.16033523
2016,826,8450,0,0.21738356,0.12991346,-0.6207447
2016,826,8451,0,0.057892933,0.039862514,-0.39211643
2016,826,8452,0,0.07237845,0.054900084,-0.29506055
2016,826,8453,0,0.21732354,0.2273681,0.058099773
2016,826,8454,0,0.21662822,0.15083988,-0.44260406
2016,826,8455,1,0.59422964,0.5275583,-0.2711332
2016,826,8456,0,0.07398709,0.0824305,0.11722472
2016,826,8457,0,0.22071359,0.21423319,-0.03808227
2016,826,8458,0,0.10738056,0.12605895,0.18151793
2016,826,8459,0,0.09452399,0.13277441,0.38295946
2016,826,8460,0,0.13295747,0.15865847,0.20681497
2016,826,8461,0,0.15925966,0.18874508,0.20556186
2016,826,8462,0,0.13188684,0.14870606,0.13959208
2016,826,8463,1,0.23069009,0.27018467,0.21073276
2016,826,8464,0,0.2292234,0.2129439,-0.09456924
2016,826,8466,0,0.03671537,0.026143305,-0.35051763
2016,826,8467,0,0.03993705,0.033806894,-0.17300454
2016,826,8468,0,0.08225146,0.1234333,0.45183036
2016,826,8470,0,0.17409055,0.13685712,-0.28473318
2016,826,8471,1,0.037977405,0.035360575,-0.074110165
2016,826,8472,1,0.05892127,0.05446887,-0.08329284
2016,826,8473,0,0.060964756,0.08354456,0.33942398
2016,826,8474,0,0.0621413,0.07198441,0.15758975
2016,826,8475,0,0.1855938,0.22754444,0.25667
2016,826,8476,0,0.1399992,0.13444602,-0.046910338
2016,826,8477,0,0.04546617,0.044118095,-0.031509817
2016,826,8478,0,0.14017315,0.17699657,0.27702248
2016,826,8479,0,0.03786472,0.0423996,0.117843546
2016,826,8480,0,0.13148503,0.11232773,-0.17929015
2016,826,8481,0,0.050241683,0.040330876,-0.23010874
2016,826,8482,0,0.033240188,0.033071984,-0.005246999
2016,826,8483,0,0.064237036,0.045501415,-0.36466038
2016,826,8484,0,0.035879154,0.027641874,-0.26933223
2016,826,8485,0,0.04627889,0.05324063,0.14746207
2016,251,8401,0,0.21416387,0.32729894,0.57957983
2016,251,8402,0,0.25295636,0.30900016,0.27810887
2016,251,8403,0,0.13796486,0.12885402,-0.078832485
2016,251,8404,0,0.16545346,0.21676205,0.33356214
2016,251,8405,0,0.19625266,0.2693252,0.41183308
2016,251,8406,0,0.1750544,0.18737455,0.083059944
2016,251,8407,0,0.097621076,0.09330213,-0.050025243
2016,251,8408,0,0.082690276,0.10297586,0.24175507
2016,251,8409,0,0.04350105,0.059747715,0.33447754
2016,251,8411,0,0.109520204,0.09181521,-0.19601852
2016,251,8412,0,0.08732542,0.09513752,0.09427844
2016,251,8413,0,0.034305815,0.029898826,-0.14204879
2016,251,8414,0,0.037991423,0.039864246,0.050068107
2016,251,8415,0,0.039336763,0.036713857,-0.071731776
2016,251,8416,0,0.086411074,0.094480745,0.0981523
2016,251,8417,1,0.116079316,0.1582136,0.35851339
2016,251,8418,0,0.035773203,0.021661406,-0.5161963
2016,251,8419,0,0.18532479,0.1822115,-0.020756021
2016,251,8420,0,0.23591943,0.23843642,0.013911965
2016,251,8421,0,0.07625227,0.062016275,-0.2219439
2016,251,8422,0,0.048518132,0.038284216,-0.24759823
2016,251,8423,0,0.078443,0.059845366,-0.29058787
2016,251,8424,0,0.037068147,0.027510772,-0.3080569
2016,251,8425,0,0.06321609,0.052068822,-0.20582175
2016,251,8426,0,0.14863886,0.18252906,0.24601091
2016,251,8427,0,0.067491286,0.08756824,0.28218514
2016,251,8428,0,0.13629682,0.11202613,-0.22381607
2016,251,8429,0,0.07732386,0.087204784,0.1310235
2016,251,8431,0,0.031936646,0.040452305,0.24520497
2016,251,8432,0,0.05910586,0.052261338,-0.13032119
2016,251,8433,0,0.06160249,0.059019603,-0.04558138
2016,251,8434,0,0.1666926,0.15058775,-0.12074728
2016,251,8435,0,0.14037178,0.14497226,0.037614077
2016,251,8436,0,0.060811494,0.056190416,-0.08394072
2016,251,8438,0,0.041529942,0.040514566,-0.025811847
2016,251,8439,0,0.2574673,0.27051252,0.06715031
2016,251,8441,0,0.11442362,0.0778095,-0.42615715
2016,251,8442,0,0.20519239,0.15776157,-0.32082623
2016,251,8443,0,0.04488722,0.02343226,-0.67225397
2016,251,8444,1,0.50993305,0.535151,0.101098925
2016,251,8445,0,0.16396879,0.23607744,0.45468327
2016,251,8446,1,0.25595957,0.31107548,0.27197963
2016,251,8447,0,0.146437,0.14207304,-0.03535366
2016,251,8448,0,0.10959946,0.08009223,-0.34625584
2016,251,8449,0,0.31454217,0.25263497,-0.30563933
2016,251,8450,1,0.18982576,0.1432801,-0.33716685
2016,251,8451,0,0.040608592,0.029611392,-0.32721803
2016,251,8452,0,0.10319003,0.06408505,-0.51904166
2016,251,8453,0,0.117168576,0.13213526,0.1373107
2016,251,8454,0,0.14442794,0.1575165,0.10216583
2016,251,8455,0,0.22052652,0.2520091,0.174675
2016,251,8456,0,0.12725046,0.12849173,0.011130597
2016,251,8457,0,0.25612655,0.2945379,0.1927539
2016,251,8458,0,0.24295203,0.26246262,0.1033545
2016,251,8459,0,0.15884762,0.2098945,0.34126598
2016,251,8460,0,0.11304805,0.13740961,0.2230041
2016,251,8461,0,0.10955869,0.13362081,0.22594011
2016,251,8462,0,0.08525305,0.10376284,0.21692625
2016,251,8463,0,0.143225,0.17712758,0.2528277
2016,251,8464,0,0.16860598,0.13444857,-0.26664564
2016,251,8465,0,0.08933972,0.079928905,-0.12158977
2016,251,8466,0,0.05355705,0.03257975,-0.5189789
2016,251,8467,0,0.049594227,0.035563592,-0.34720677
2016,251,8468,0,0.08923534,0.10958928,0.22806408
2016,251,8470,0,0.12164304,0.10750613,-0.13950957
2016,251,8471,1,0.036949914,0.032704215,-0.12645823
2016,251,8472,1,0.17075646,0.1548286,-0.11694524
2016,251,8473,0,0.067203954,0.08565808,0.26261348
2016,251,8475,0,0.2975979,0.37483594,0.34723705
2016,251,8476,1,0.3792502,0.20865113,-0.8403433
2016,251,8477,0,0.038310166,0.035933454,-0.06651505
2016,251,8479,0,0.04097557,0.043313663,0.05793315
2016,251,8480,0,0.11283831,0.10119887,-0.12190286
2016,251,8481,0,0.03147675,0.026853072,-0.16363162
2016,251,8482,0,0.04039293,0.035801806,-0.1254293
2016,251,8483,0,0.080026135,0.055525813,-0.3917882
2016,251,8484,0,0.06474026,0.047979202,-0.3173782
2016,251,8485,0,0.07177571,0.09151029,0.26439497
2016,490,8402,1,0.3838314,0.40187964,0.07567789
2016,490,8403,0,0.5117337,0.5545168,0.17199413
2016,490,8404,1,0.3109405,0.34013098,0.13301548
2016,490,8405,0,0.35765958,0.33194482,-0.11386529
2016,490,8406,0,0.167483,0.23175849,0.40516347
2016,490,8407,1,0.53389406,0.37984377,-0.6259958
2016,490,8408,1,0.22948943,0.30128303,0.3700007
2016,490,8409,0,0.042827442,0.05418299,0.2471225
2016,490,8410,0,0.22269139,0.26463887,0.22805503
2016,490,8411,0,0.14911523,0.116923004,-0.2803396
2016,490,8412,0,0.14257373,0.14518204,0.021175828
2016,490,8413,0,0.029153476,0.031224938,0.07077876
2016,490,8414,0,0.031087378,0.03685954,0.1762876
2016,490,8415,0,0.045040537,0.04833022,0.07394512
2016,490,8416,0,0.21731551,0.22403692,0.03908544
2016,490,8417,0,0.1686362,0.20205688,0.22183576
2016,490,8418,0,0.033819214,0.027965454,-0.19609943
2016,490,8419,0,0.11697465,0.12758608,0.098923914
2016,490,8420,0,0.1852475,0.22155505,0.2245644
2016,490,8421,0,0.04386305,0.048672907,0.10909355
2016,490,8422,0,0.037579335,0.043215826,0.14562622
2016,490,8423,0,0.058499817,0.047154058,-0.2275823
2016,490,8424,0,0.038393077,0.03285614,-0.16147994
2016,490,8425,0,0.112177856,0.117386915,0.051274367
2016,490,8426,1,0.4583604,0.4646238,0.025203442
2016,490,8427,0,0.08906326,0.10359193,0.16719028
2016,490,8428,0,0.057608705,0.066109866,0.14670607
2016,490,8429,0,0.28314763,0.38032335,0.44072545
2016,490,8430,0,0.13920498,0.18718633,0.35351142
2016,490,8431,0,0.080259755,0.10796838,0.32715982
2016,490,8432,0,0.12187511,0.124620266,0.025405504
2016,490,8433,0,0.100107744,0.095472924,-0.052541554
2016,490,8434,0,0.20455264,0.23049654,0.1525697
2016,490,8435,0,0.16161437,0.22210236,0.3928086
2016,490,8436,0,0.10978775,0.12883426,0.18160564
2016,490,8437,0,0.08238176,0.111279234,0.33267686
2016,490,8438,0,0.048411448,0.06250074,0.27035886
2016,490,8439,0,0.116344705,0.15123247,0.30254245
2016,490,8440,0,0.23337008,0.26832882,0.1862606
2016,490,8441,0,0.070421845,0.065368235,-0.07988873
2016,490,8442,0,0.17114897,0.19850504,0.1818418
2016,490,8443,0,0.038869474,0.02541413,-0.43880633
2016,490,8444,0,0.3235746,0.31631675,-0.033358093
2016,490,8445,0,0.21028903,0.28010383,0.3792376
2016,490,8446,0,0.27944785,0.34869242,0.3224102
2016,490,8447,0,0.101639636,0.12026038,0.18917096
2016,490,8448,0,0.07794019,0.07300944,-0.07068633
2016,490,8449,0,0.28183472,0.3209389,0.1859185
2016,490,8450,0,0.13356048,0.124524176,-0.08042978
2016,490,8451,0,0.11081387,0.10991212,-0.00918448
2016,490,8452,0,0.039164018,0.037384074,-0.048364364
2016,490,8453,0,0.18453735,0.14165558,-0.315703
2016,490,8454,0,0.18245843,0.21586598,0.20985714
2016,490,8455,0,0.16806653,0.24555561,0.47693443
2016,490,8456,1,0.27831224,0.22333607,-0.2934812
2016,490,8457,0,0.14895311,0.16984594,0.15611619
2016,490,8458,0,0.109524526,0.14383602,0.31181902
2016,490,8459,0,0.09864679,0.14091372,0.40463006
2016,490,8460,0,0.13503164,0.18426102,0.36944276
2016,490,8461,0,0.12853627,0.162604,0.27498385
2016,490,8462,0,0.098798126,0.12497878,0.26454663
2016,490,8463,0,0.091731966,0.13231549,0.41202953
2016,490,8464,0,0.23334622,0.23681375,0.019283837
2016,490,8465,0,0.14877851,0.14933866,0.0044161985
2016,490,8466,0,0.07823799,0.07582725,-0.033909507
2016,490,8467,0,0.06223291,0.053823862,-0.15409417
2016,490,8468,0,0.104432695,0.14334407,0.36112604
2016,490,8470,0,0.11796442,0.10398668,-0.14184317
2016,490,8471,1,0.047211748,0.04626855,-0.021169651
2016,490,8472,0,0.08953789,0.0915406,0.024322832
2016,490,8473,0,0.0765201,0.10584564,0.35669908
2016,490,8474,0,0.09313237,0.12732868,0.35118753
2016,490,8475,0,0.57570475,0.69583815,0.52239186
2016,490,8476,0,0.14044327,0.14614303,0.046435375
2016,490,8477,0,0.029733222,0.041016225,0.3333995
2016,490,8478,0,0.2646344,0.24135911,-0.12322398
2016,490,8479,0,0.07593443,0.04945837,-0.45698786
2016,490,8480,0,0.047922596,0.048044305,0.0026644038
2016,490,8481,0,0.03487806,0.032973092,-0.058138147
2016,490,8482,0,0.03599923,0.029199926,-0.21635978
2016,490,8483,0,0.056083556,0.0523654,-0.07252778
2016,490,8484,0,0.035899885,0.0314168,-0.13803041
2016,490,8485,0,0.1187578,0.13577458,0.15340889
2016,702,8402,1,0.71131927,0.73658156,0.12647611
2016,702,8403,1,0.23124203,0.29506126,0.33038327
2016,702,8404,1,0.6503862,0.74285126,0.44010392
2016,702,8406,1,0.5864525,0.6308265,0.18644477
2016,702,8407,1,0.14879987,0.13308272,-0.12992775
2016,702,8409,0,0.057347294,0.06248347,0.09123985
2016,702,8410,1,0.28315416,0.33723053,0.25320882
2016,702,8411,0,0.12000007,0.10439939,-0.1568413
2016,702,8412,0,0.08594423,0.08983481,0.04853946
2016,702,8413,0,0.038654596,0.042615,0.10166889
2016,702,8414,0,0.024186213,0.028371396,0.16389677
2016,702,8416,1,0.22328144,0.2307598,0.042618956
2016,702,8417,1,0.7515687,0.7183892,-0.1705105
2016,702,8418,0,0.104654506,0.10067922,-0.04315517
2016,702,8419,0,0.09885467,0.122930035,0.24504448
2016,702,8420,1,0.20752162,0.3536016,0.7366845
2016,702,8421,0,0.039843116,0.04967359,0.23081481
2016,702,8422,0,0.09330354,0.10970251,0.18016624
2016,702,8423,0,0.13512626,0.1143887,-0.19030191
2016,702,8424,0,0.07006642,0.06276689,-0.11783471
2016,702,8425,0,0.15737122,0.1966612,0.27062497
2016,702,8426,1,0.15733828,0.21386993,0.37641317
2016,702,8427,0,0.15708013,0.20872103,0.34746376
2016,702,8428,0,0.09929414,0.10012276,0.009230949
2016,702,8430,0,0.09747808,0.13196975,0.34191167
2016,702,8431,0,0.06782218,0.08519423,0.24685621
2016,702,8432,0,0.23141366,0.26437798,0.17700963
2016,702,8433,0,0.22990882,0.29298705,0.32790557
2016,702,8435,0,0.5044552,0.5351916,0.123178296
2016,702,8436,0,0.1531074,0.18429016,0.22288688
2016,702,8437,1,0.2065568,0.28865686,0.44389024
2016,702,8438,1,0.11881526,0.20527844,0.6500729
2016,702,8439,1,0.42867026,0.4527385,0.09766649
2016,702,8440,1,0.35206923,0.35274047,0.0029412338
2016,702,8441,0,0.19733827,0.2339303,0.21676423
2016,702,8442,0,0.21836022,0.24288465,0.13831902
2016,702,8443,0,0.059638064,0.042922094,-0.3465273
2016,702,8445,1,0.35556394,0.48361623,0.52911204
2016,702,8448,1,0.357481,0.39841405,0.17423667
2016,702,8449,0,0.3622278,0.28966242,-0.33131626
2016,702,8451,1,0.12087761,0.10521177,-0.15646641
2016,702,8452,1,0.14557643,0.121163495,-0.21173231
2016,702,8453,1,0.6778922,0.6944308,0.07681457
2016,702,8454,0,0.3652008,0.368171,0.012790138
2016,702,8455,1,0.569562,0.58864015,0.0782821
2016,702,8456,1,0.1725798,0.15322003,-0.14211297
2016,702,8457,0,0.27568582,0.33285195,0.27064914
2016,702,8458,0,0.13801444,0.15090325,0.10434602
2016,702,8459,1,0.16794528,0.2253294,0.36538556
2016,702,8460,0,0.21402946,0.24498786,0.1752806
2016,702,8461,0,0.1683982,0.19909543,0.20506483
2016,702,8462,0,0.16434982,0.19339402,0.19810726
2016,702,8463,0,0.21268792,0.28912354,0.4091542
2016,702,8464,0,0.3318439,0.20556562,-0.65200794
2016,702,8465,0,0.16762763,0.20426326,0.24267597
2016,702,8466,0,0.11105965,0.108655706,-0.024583803
2016,702,8467,0,0.074342534,0.060244292,-0.22539112
2016,702,8468,1,0.24905613,0.3026051,0.26872936
2016,702,8470,0,0.107704274,0.09274609,-0.16614863
2016,702,8471,0,0.02147272,0.023529362,0.093569696
2016,702,8472,0,0.10308109,0.15599026,0.47507906
2016,702,8473,0,0.103028744,0.12306771,0.20032065
2016,702,8475,0,0.3772047,0.47222623,0.39022043
2016,702,8476,1,0.31397885,0.30776057,-0.02902705
2016,702,8477,0,0.103782795,0.12264557,0.18827026
2016,702,8478,1,0.5260406,0.28397584,-1.0290815
2016,702,8479,0,0.09905284,0.08950015,-0.11196027
2016,702,8480,0,0.1000321,0.1043244,0.04679478
2016,702,8481,0,0.037662122,0.0424977,0.12583266
2016,702,8482,0,0.03960696,0.028688703,-0.3338057
2016,702,8483,0,0.053574722,0.048343636,-0.10825471
2016,702,8484,0,0.06854478,0.067744695,-0.012599644
2016,528,8401,1,0.46522543,0.5334035,0.2731366
2016,528,8403,0,0.10215698,0.070860155,-0.4000664
2016,528,8404,0,0.230697,0.28008106,0.26032025
2016,528,8406,1,0.2673006,0.35673016,0.41877702
2016,528,8407,0,0.1800773,0.21150969,0.19997457
2016,528,8408,0,0.06255879,0.07674314,0.21960384
2016,528,8409,0,0.023718627,0.036455978,0.4429775
2016,528,8410,1,0.5123169,0.5782382,0.2662676
2016,528,8411,0,0.0965171,0.07373188,-0.2941916
2016,528,8412,0,0.04827388,0.05782065,0.19053692
2016,528,8413,0,0.026866289,0.024414781,-0.09819957
2016,528,8414,0,0.03455209,0.038851693,0.12174703
2016,528,8415,0,0.045633506,0.041284952,-0.10469027
2016,528,8416,0,0.10914296,0.10912895,-0.00014396918
2016,528,8417,1,0.17973873,0.22650301,0.28995502
2016,528,8418,0,0.033965167,0.018220998,-0.6389271
2016,528,8419,0,0.12959005,0.12484067,-0.042779382
2016,528,8420,0,0.20708007,0.15079735,-0.38574433
2016,528,8421,0,0.08961551,0.06673659,-0.31959566
2016,528,8422,0,0.040333766,0.030834917,-0.27839056
2016,528,8423,0,0.08744471,0.05516284,-0.49548092
2016,528,8424,0,0.028979618,0.019785987,-0.39104217
2016,528,8425,0,0.037163008,0.038362242,0.03300616
2016,528,8426,0,0.091236725,0.11282419,0.23641469
2016,528,8427,0,0.047754668,0.059696216,0.23581137
2016,528,8428,0,0.07658356,0.058756236,-0.284107
2016,528,8429,0,0.09049621,0.1196587,0.31192508
2016,528,8430,1,0.08194891,0.11794804,0.40415028
2016,528,8431,0,0.0341452,0.050337687,0.405039
2016,528,8432,0,0.043441694,0.039389975,-0.10213507
2016,528,8433,0,0.070347466,0.05938029,-0.18121235
2016,528,8434,0,0.1066933,0.08962501,-0.19325066
2016,528,8435,0,0.15875651,0.1891085,0.21169627
2016,528,8436,0,0.08488858,0.07232985,-0.17373306
2016,528,8437,0,0.15272973,0.15667291,0.030155178
2016,528,8438,0,0.03775711,0.034900177,-0.08164645
2016,528,8439,0,0.19132152,0.19214526,0.0053154817
2016,528,8440,0,0.098879986,0.12660055,0.27837542
2016,528,8441,0,0.06804134,0.0422815,-0.5030312
2016,528,8442,0,0.12466352,0.12658036,0.017451292
2016,528,8443,0,0.043476474,0.029742042,-0.39391503
2016,528,8444,0,0.17857502,0.22452627,0.28655052
2016,528,8445,1,0.54472697,0.63406366,0.3703025
2016,528,8446,1,0.64528143,0.61475396,-0.131022
2016,528,8447,0,0.23094803,0.23278315,0.010303727
2016,528,8448,0,0.18113062,0.16074878,-0.14396116
2016,528,8449,0,0.44851363,0.40935218,-0.15996604
2016,528,8450,0,0.20919165,0.16750376,-0.2736182
2016,528,8451,0,0.0911098,0.06506967,-0.36485463
2016,528,8452,0,0.11398348,0.08097013,-0.37855616
2016,528,8453,0,0.55364,0.41608194,-0.5542673
2016,528,8454,1,0.24167459,0.29156193,0.2557104
2016,528,8455,1,0.31508714,0.32439068,0.042776037
2016,528,8456,0,0.10693737,0.10462439,-0.024453249
2016,528,8457,0,0.21467084,0.1977414,-0.10347375
2016,528,8458,0,0.16718847,0.17763391,0.07322465
2016,528,8459,0,0.1033074,0.14293246,0.3698596
2016,528,8460,0,0.14371596,0.16663511,0.17509823
2016,528,8461,0,0.12485438,0.16067998,0.29406473
2016,528,8462,0,0.07061899,0.07650471,0.0864063
2016,528,8463,0,0.37307468,0.4158891,0.17937657
2016,528,8464,0,0.11194063,0.094194666,-0.19239101
2016,528,8465,0,0.098317906,0.09686299,-0.016520975
2016,528,8466,0,0.06761376,0.03909889,-0.5778418
2016,528,8467,0,0.051569115,0.036056858,-0.3740492
2016,528,8468,0,0.0790557,0.09668557,0.22064033
2016,528,8470,1,0.2204109,0.24051122,0.1133947
2016,528,8471,0,0.03886209,0.032838017,-0.1746804
2016,528,8472,1,0.16431823,0.19632593,0.21702528
2016,528,8473,0,0.05480125,0.05468583,-0.0022304698
2016,528,8474,0,0.08553403,0.10564871,0.23344694
2016,528,8475,1,0.21005888,0.30901027,0.51982015
2016,528,8476,0,0.23392405,0.19349273,-0.24118815
2016,528,8477,0,0.05950395,0.061797105,0.04025518
2016,528,8478,0,0.17670074,0.18367377,0.047209427
2016,528,8479,0,0.055754226,0.062481046,0.12105948
2016,528,8480,0,0.11796322,0.098886274,-0.19780013
2016,528,8481,0,0.028524192,0.023423554,-0.20224725
2016,528,8482,0,0.04584495,0.04755769,0.03847503
2016,528,8483,0,0.06480169,0.04842662,-0.3086403
2016,528,8484,0,0.059335735,0.046496794,-0.25738472
2016,528,8485,0,0.055950347,0.07124414,0.25798085
2016,410,8401,0,0.44309056,0.4761506,0.13315834
2016,410,8402,0,0.22585717,0.25797132,0.17531413
2016,410,8403,0,0.14183715,0.10441921,-0.34894454
2016,410,8404,1,0.15715025,0.21097827,0.36054763
2016,410,8406,1,0.28587085,0.419058,0.588882
2016,410,8407,0,0.07290161,0.06922055,-0.05577566
2016,410,8408,0,0.08917419,0.11220009,0.25529742
2016,410,8409,0,0.030815285,0.041517608,0.3092108
2016,410,8410,1,0.4088474,0.5137171,0.42361447
2016,410,8411,0,0.07769235,0.05535442,-0.36293113
2016,410,8412,0,0.08139553,0.079887696,-0.020338446
2016,410,8413,0,0.033581704,0.0339973,0.012729961
2016,410,8414,0,0.032859232,0.03893023,0.17583527
2016,410,8415,0,0.025711726,0.029567042,0.14367811
2016,410,8416,1,0.44497377,0.42563742,-0.078672916
2016,410,8417,1,0.697716,0.6489458,-0.22203659
2016,410,8418,0,0.03415949,0.028538203,-0.18560004
2016,410,8419,1,0.100994244,0.112239115,0.11815504
2016,410,8420,0,0.26169616,0.38765872,0.5800069
2016,410,8421,0,0.1906084,0.17676093,-0.09238675
2016,410,8422,0,0.06687657,0.059375416,-0.12697515
2016,410,8423,0,0.08562629,0.0794007,-0.08227066
2016,410,8424,1,0.04773714,0.04726613,-0.010410422
2016,410,8425,0,0.07941801,0.10891552,0.34841424
2016,410,8426,0,0.09249738,0.12139708,0.30425
2016,410,8427,0,0.06226747,0.07038895,0.13129577
2016,410,8428,0,0.052703056,0.06309361,0.1909751
2016,410,8429,0,0.056407783,0.076615594,0.32784212
2016,410,8431,0,0.036322974,0.050631054,0.34707335
2016,410,8432,0,0.19806553,0.21492617,0.10294577
2016,410,8433,0,0.1203256,0.13222556,0.107927814
2016,410,8434,0,0.25074482,0.26979947,0.09900353
2016,410,8435,0,0.18323682,0.1877123,0.02962567
2016,410,8436,0,0.1132826,0.109432764,-0.038907535
2016,410,8437,0,0.107934676,0.13225673,0.23086216
2016,410,8438,0,0.1290455,0.13539918,0.05538388
2016,410,8439,1,0.24697384,0.32362914,0.3776742
2016,410,8440,0,0.36306238,0.43367857,0.29523876
2016,410,8441,0,0.08113768,0.05276213,-0.4607678
2016,410,8442,0,0.5092818,0.42144307,-0.3539836
2016,410,8443,0,0.048184697,0.03305776,-0.39255285
2016,410,8444,1,0.37897414,0.3878937,0.037730254
2016,410,8445,0,0.3718147,0.46741587,0.39391822
2016,410,8446,0,0.2027181,0.2742213,0.39608222
2016,410,8447,0,0.1610324,0.12198088,-0.3232376
2016,410,8448,0,0.089734994,0.077277236,-0.16305442
2016,410,8449,1,0.58361596,0.6345101,0.21397941
2016,410,8450,0,0.09937239,0.08329873,-0.19413078
2016,410,8451,0,0.055042528,0.044679802,-0.21949117
2016,410,8452,0,0.085769854,0.06844873,-0.24435142
2016,410,8453,0,0.22774638,0.26564938,0.20427108
2016,410,8454,1,0.7300107,0.5509945,-0.78998715
2016,410,8455,0,0.16688228,0.2002547,0.22318307
2016,410,8456,1,0.19816041,0.18195437,-0.10533051
2016,410,8457,0,0.18050916,0.21063648,0.19180846
2016,410,8458,0,0.08460676,0.096291535,0.1422132
2016,410,8459,0,0.108107075,0.14685391,0.3507315
2016,410,8460,0,0.18293859,0.26003042,0.45075333
2016,410,8461,1,0.21660058,0.26149106,0.24735449
2016,410,8462,0,0.13516718,0.15165773,0.13436577
2016,410,8463,0,0.114345536,0.1435875,0.26129442
2016,410,8464,0,0.3463962,0.32709116,-0.08645285
2016,410,8465,0,0.17957562,0.19647679,0.11076358
2016,410,8466,0,0.083432876,0.058939427,-0.37390447
2016,410,8467,0,0.059192155,0.054897703,-0.07987167
2016,410,8468,0,0.28285298,0.3854817,0.46400848
2016,410,8470,1,0.20589279,0.23073551,0.14570014
2016,410,8471,1,0.050446197,0.057800744,0.14386955
2016,410,8472,1,0.11502846,0.12934305,0.13359603
2016,410,8473,0,0.122563615,0.15504189,0.27278256
2016,410,8474,1,0.23650284,0.28154245,0.2351258
2016,410,8475,0,0.6260731,0.6188709,-0.030648453
2016,410,8476,1,0.18610232,0.26539278,0.457413
2016,410,8477,0,0.05033283,0.055095915,0.095446065
2016,410,8478,0,0.76447004,0.6700267,-0.46903872
2016,410,8479,0,0.09811606,0.11822417,0.20897926
2016,410,8480,0,0.057711706,0.057092752,-0.011439659
2016,410,8481,0,0.028926687,0.029585512,0.023198828
2016,410,8482,0,0.042767063,0.032857254,-0.27389508
2016,410,8483,0,0.06262211,0.049003012,-0.25966108
2016,410,8484,0,0.07075916,0.06329895,-0.11940964
2016,458,8404,0,0.3720799,0.47235212,0.41259986
2016,458,8405,0,0.6892794,0.65422153,-0.15910487
2016,458,8407,0,0.35446268,0.3269445,-0.12255739
2016,458,8408,0,0.12209631,0.17517802,0.4233619
2016,458,8409,0,0.1106488,0.1341034,0.2189768
2016,458,8410,1,0.5611722,0.62308526,0.25674358
2016,458,8411,0,0.09966845,0.083755806,-0.19146352
2016,458,8412,0,0.15864487,0.14950083,-0.07017574
2016,458,8413,0,0.11132045,0.14466435,0.30024588
2016,458,8414,0,0.03767741,0.043973837,0.1610985
2016,458,8415,0,0.036479224,0.03538931,-0.031463604
2016,458,8416,0,0.23192422,0.41103774,0.8378006
2016,458,8417,1,0.35367072,0.3863617,0.1403112
2016,458,8418,0,0.051567234,0.046663407,-0.105083525
2016,458,8419,0,0.11730896,0.15961057,0.35703567
2016,458,8420,1,0.41607475,0.373516,-0.17825441
2016,458,8421,0,0.078609854,0.07212654,-0.093086876
2016,458,8422,1,0.15902229,0.17451966,0.111592725
2016,458,8423,0,0.13235559,0.12813218,-0.03728566
2016,458,8424,0,0.07532185,0.07268336,-0.038507164
2016,458,8425,0,0.16489927,0.2197851,0.3552983
2016,458,8426,0,0.17337164,0.25330955,0.48087916
2016,458,8427,0,0.2567793,0.28782138,0.15678746
2016,458,8428,0,0.089469716,0.086619936,-0.03549509
2016,458,8430,1,0.46550074,0.51090163,0.18182993
2016,458,8431,1,0.13116106,0.2243116,0.65001696
2016,458,8432,0,0.5937609,0.66735446,0.31670907
2016,458,8433,1,0.29277873,0.32860968,0.16744646
2016,458,8435,0,0.32285023,0.32146803,-0.006329589
2016,458,8436,0,0.094574384,0.11525572,0.22087316
2016,458,8437,0,0.31272504,0.4022583,0.39134574
2016,458,8439,1,0.47913164,0.49121878,0.04839345
2016,458,8441,0,0.09470364,0.13231373,0.37685546
2016,458,8442,0,0.46701494,0.48038337,0.05362528
2016,458,8443,0,0.10394381,0.06105131,-0.5788937
2016,458,8444,1,0.64712214,0.6412478,-0.025628857
2016,458,8445,1,0.76285106,0.7803741,0.09947346
2016,458,8446,1,0.3618462,0.53727937,0.7167546
2016,458,8447,0,0.4606637,0.5088208,0.19295783
2016,458,8448,0,0.12957495,0.12694934,-0.023483304
2016,458,8451,0,0.17257597,0.13771692,-0.26690364
2016,458,8452,0,0.40477538,0.27381766,-0.5897321
2016,458,8453,0,0.25338495,0.62893903,1.6083077
2016,458,8454,0,0.20549105,0.2092068,0.022608524
2016,458,8455,0,0.27473953,0.33447143,0.28267738
2016,458,8456,0,0.22469732,0.17709763,-0.29763713
2016,458,8457,0,0.23845136,0.3254606,0.43240014
2016,458,8458,0,0.218842,0.24935074,0.17034951
2016,458,8459,0,0.1613607,0.20485476,0.29191494
2016,458,8460,1,0.5211149,0.6284187,0.44092909
2016,458,8462,0,0.22899318,0.24874245,0.10867457
2016,458,8463,0,0.18673219,0.29449654,0.59774065
2016,458,8464,0,0.17524174,0.23294005,0.35714
2016,458,8465,0,0.28948754,0.26599774,-0.11715003
2016,458,8466,0,0.2073763,0.24379063,0.20880497
2016,458,8467,0,0.08579109,0.086312324,0.0066274586
2016,458,8468,0,0.1728459,0.2743024,0.59268826
2016,458,8469,1,0.28905556,0.47114813,0.7844397
2016,458,8470,0,0.16044524,0.17068952,0.074170604
2016,458,8471,1,0.024274103,0.026349388,0.08416425
2016,458,8472,1,0.22615914,0.24011798,0.07809456
2016,458,8473,0,0.11392556,0.21330163,0.7461181
2016,458,8474,0,0.10590506,0.147258,0.37699798
2016,458,8475,0,0.3159638,0.39352897,0.33988094
2016,458,8476,0,0.31225035,0.39189485,0.3502653
2016,458,8477,1,0.096205406,0.14310415,0.45037287
2016,458,8479,0,0.119505346,0.1731282,0.43350556
2016,458,8480,0,0.079562195,0.074978426,-0.064306244
2016,458,8481,0,0.04639566,0.043516356,-0.06708386
2016,458,8482,0,0.07491358,0.05679657,-0.2962541
2016,458,8484,0,0.099069595,0.07768227,-0.26665732
2016,458,8485,0,0.14763376,0.16947076,0.16389897
2016,124,8401,0,0.6580882,0.666189,0.036212325
2016,124,8402,0,0.3311074,0.36193937,0.13622408
2016,124,8403,0,0.18272305,0.18346179,0.00493899
2016,124,8404,0,0.2862152,0.40536118,0.5306617
2016,124,8405,0,0.49677628,0.6017308,0.42557716
2016,124,8406,0,0.29307267,0.23002866,-0.32764217
2016,124,8407,0,0.13322738,0.14055324,0.062016837
2016,124,8408,0,0.18627511,0.23048255,0.26880923
2016,124,8409,0,0.054242842,0.080272324,0.4198621
2016,124,8410,1,0.24291728,0.25936648,0.08748768
2016,124,8411,0,0.086198054,0.06753528,-0.26421493
2016,124,8412,0,0.09575042,0.091474794,-0.05039875
2016,124,8413,0,0.048830517,0.03875691,-0.24158141
2016,124,8414,0,0.051512435,0.053031918,0.030673875
2016,124,8415,0,0.10095574,0.09672156,-0.047544383
2016,124,8416,0,0.20655979,0.22477971,0.10776191
2016,124,8417,0,0.15671194,0.19421269,0.2600334
2016,124,8418,0,0.07355785,0.028223401,-1.0056951
2016,124,8419,0,0.16296129,0.1915783,0.19657037
2016,124,8420,0,0.2380753,0.21351343,-0.14061521
2016,124,8421,0,0.114860654,0.09113284,-0.25785547
2016,124,8422,0,0.09076984,0.0769254,-0.18060279
2016,124,8423,0,0.16301061,0.13031895,-0.2621455
2016,124,8424,0,0.06662684,0.055340905,-0.19761409
2016,124,8425,0,0.08381513,0.08279092,-0.013412546
2016,124,8426,0,0.23992881,0.28088984,0.21301782
2016,124,8427,0,0.23161167,0.23915651,0.041923597
2016,124,8428,0,0.06589613,0.04763413,-0.34389177
2016,124,8429,0,0.19343771,0.27889854,0.47789383
2016,124,8430,0,0.19586898,0.21507297,0.11770289
2016,124,8431,0,0.094049804,0.094002485,-0.00055546145
2016,124,8432,0,0.15025467,0.14684018,-0.02699711
2016,124,8433,0,0.10365671,0.09914544,-0.049516868
2016,124,8434,0,0.24999774,0.26350352,0.07078655
2016,124,8435,1,0.28378782,0.24069202,-0.22313955
2016,124,8436,0,0.10810297,0.100724556,-0.07893315
2016,124,8437,0,0.5158369,0.4866034,-0.116967924
2016,124,8438,0,0.09654918,0.10541177,0.09767974
2016,124,8439,0,0.24777713,0.25659063,0.04673803
2016,124,8440,0,0.2978522,0.30336228,0.026208697
2016,124,8441,0,0.21019202,0.19015358,-0.12524416
2016,124,8442,0,0.22260834,0.14982063,-0.48547822
2016,124,8443,0,0.10861046,0.071944825,-0.4521777
2016,124,8445,0,0.3341715,0.38194123,0.20806092
2016,124,8448,0,0.18883795,0.14995585,-0.27736866
2016,124,8449,1,0.80691373,0.7397056,-0.38564065
2016,124,8451,0,0.12014205,0.09636417,-0.24720623
2016,124,8452,0,0.17406431,0.14962345,-0.18046528
2016,124,8453,0,0.3860934,0.51089776,0.5073615
2016,124,8454,0,0.20720477,0.28490865,0.4216158
2016,124,8455,0,0.28389025,0.4202769,0.6036091
2016,124,8456,1,0.3628189,0.29959095,-0.28609642
2016,124,8457,0,0.25382254,0.28378087,0.15254438
2016,124,8458,0,0.3953293,0.38515782,-0.042747464
2016,124,8459,0,0.25035807,0.30801198,0.28727365
2016,124,8460,0,0.19842821,0.31237453,0.60710573
2016,124,8461,0,0.27208188,0.26238343,-0.04953177
2016,124,8462,0,0.20067656,0.17590632,-0.16226135
2016,124,8463,0,0.22439167,0.33476073,0.5535238
2016,124,8464,0,0.22150993,0.21754485,-0.02314275
2016,124,8465,0,0.1119999,0.11330849,0.013090829
2016,124,8466,0,0.09602944,0.079526566,-0.206655
2016,124,8467,0,0.08301656,0.068748035,-0.20403238
2016,124,8468,0,0.20082815,0.31037486,0.582759
2016,124,8470,0,0.21788,0.21245924,-0.032101266
2016,124,8471,0,0.037076134,0.03536107,-0.049141504
2016,124,8472,0,0.13609017,0.115753934,-0.18511803
2016,124,8473,0,0.105240464,0.10482407,-0.004429668
2016,124,8474,0,0.15650627,0.16999118,0.09876662
2016,124,8475,0,0.2878618,0.3535957,0.30252045
2016,124,8476,0,0.22560373,0.21916285,-0.037247874
2016,124,8477,0,0.06979883,0.0630508,-0.10890465
2016,124,8478,0,0.43528903,0.39969143,-0.14644717
2016,124,8479,0,0.10618176,0.115069136,0.09037376
2016,124,8480,0,0.15278362,0.14263076,-0.08067613
2016,124,8481,0,0.043547433,0.039472885,-0.10248776
2016,124,8482,0,0.07794939,0.07779551,-0.0021429302
2016,124,8483,0,0.07247294,0.04382121,-0.53351825
2016,124,8484,0,0.118186146,0.09929781,-0.19533105
2016,124,8485,0,0.13463491,0.12333942,-0.100595064
2016,484,8402,1,0.5060397,0.52657104,0.08222443
2016,484,8403,0,0.25046945,0.2916998,0.20896724
2016,484,8404,0,0.4265005,0.4414567,0.06089136
2016,484,8405,1,0.31675857,0.39287212,0.33345312
2016,484,8406,1,0.27628767,0.43262762,0.69181293
2016,484,8407,1,0.24021168,0.22226329,-0.10100605
2016,484,8408,0,0.15800779,0.38947445,1.2236044
2016,484,8409,0,0.08509509,0.088905215,0.04797469
2016,484,8410,0,0.5551942,0.5703264,0.06150271
2016,484,8411,0,0.11801125,0.09825536,-0.20536235
2016,484,8412,0,0.26077983,0.24577387,-0.07936106
2016,484,8413,0,0.064829074,0.04546908,-0.37521237
2016,484,8414,0,0.05948239,0.062657274,0.05538076
2016,484,8415,0,0.12896559,0.24936254,0.80812097
2016,484,8416,0,0.28386337,0.2763672,-0.037175775
2016,484,8417,1,0.26390958,0.2843165,0.10259654
2016,484,8418,0,0.06537792,0.049175426,-0.30197778
2016,484,8419,0,0.1494646,0.15569666,0.048204273
2016,484,8420,0,0.63387656,0.63235503,-0.006550474
2016,484,8421,0,0.1426408,0.13470316,-0.066471666
2016,484,8423,0,0.14003566,0.11706846,-0.20549479
2016,484,8424,0,0.08763129,0.07170389,-0.21789984
2016,484,8425,0,0.11121239,0.11006132,-0.011698361
2016,484,8426,0,0.25281325,0.24059775,-0.06574119
2016,484,8427,0,0.6870618,0.6874138,0.0016379184
2016,484,8428,0,0.14869224,0.12792833,-0.17450629
2016,484,8429,0,0.36832818,0.40995726,0.1752536
2016,484,8430,0,0.2633874,0.30621892,0.21058004
2016,484,8431,0,0.15152158,0.14915928,-0.01849371
2016,484,8432,0,0.18434364,0.121369146,-0.49233657
2016,484,8433,0,0.17244607,0.14685081,-0.19112751
2016,484,8434,0,0.24209285,0.2493059,0.03892191
2016,484,8436,0,0.16978383,0.13338763,-0.28417236
2016,484,8438,0,0.14009477,0.12197101,-0.15939324
2016,484,8439,1,0.6363362,0.6138643,-0.09591228
2016,484,8441,0,0.3069049,0.15357445,-0.8922073
2016,484,8442,0,0.20549797,0.13540608,-0.5017023
2016,484,8443,0,0.098286755,0.061101113,-0.51577055
2016,484,8448,1,0.19846603,0.17062174,-0.18531792
2016,484,8450,0,0.541482,0.40444833,-0.55327445
2016,484,8451,0,0.25612098,0.103279226,-1.0950798
2016,484,8453,1,0.5019228,0.54644996,0.17864594
2016,484,8454,1,0.31251162,0.3202758,0.0358987
2016,484,8455,0,0.26276362,0.43946466,0.7883189
2016,484,8456,1,0.24622488,0.2210217,-0.14087349
2016,484,8457,0,0.2999345,0.3110415,0.052354973
2016,484,8458,1,0.323909,0.3249975,0.004966211
2016,484,8459,0,0.24825312,0.28851417,0.20533942
2016,484,8460,0,0.22662501,0.23055388,0.022280952
2016,484,8461,0,0.41942263,0.38425,-0.14640379
2016,484,8462,0,0.23982807,0.22493841,-0.08349341
2016,484,8464,1,0.5993597,0.5358051,-0.25933176
2016,484,8465,0,0.20276971,0.2007455,-0.012568961
2016,484,8466,0,0.15704837,0.12323882,-0.28175485
2016,484,8467,0,0.13134705,0.1153735,-0.14789024
2016,484,8468,0,0.17961681,0.27588746,0.5539921
2016,484,8470,0,0.17490712,0.15957405,-0.110159874
2016,484,8471,0,0.06711321,0.059924133,-0.12097847
2016,484,8472,0,0.1735101,0.16337049,-0.07240895
2016,484,8473,0,0.11553169,0.124756336,0.087302126
2016,484,8474,0,0.21806103,0.23506978,0.09709954
2016,484,8476,0,0.21100543,0.21212777,0.006728425
2016,484,8477,0,0.14209652,0.07929794,-0.65393925
2016,484,8479,0,0.23593295,0.22097228,-0.084901504
2016,484,8480,1,0.28353262,0.24266706,-0.2111071
2016,484,8481,0,0.073025234,0.045465518,-0.50314826
2016,484,8482,0,0.1041611,0.104679644,0.0055449284
2016,484,8483,0,0.08376988,0.071058355,-0.17835045
2016,484,8484,0,0.17324734,0.102539316,-0.60653776
2016,484,8485,0,0.4964497,0.40599468,-0.36634672
2016,757,8403,0,0.23686624,0.18522188,-0.31142366
2016,757,8404,0,0.39629743,0.47110564,0.30521032
2016,757,8405,0,0.239904,0.29202542,0.2676385
2016,757,8406,1,0.2730714,0.32128096,0.23120382
2016,757,8407,0,0.22153226,0.23216003,0.06060498
2016,757,8408,0,0.24306458,0.38823056,0.6811948
2016,757,8409,0,0.06575427,0.09827131,0.43723312
2016,757,8411,0,0.13818456,0.09254346,-0.45251626
2016,757,8412,0,0.116216406,0.123837814,0.07217985
2016,757,8413,0,0.043643054,0.03696202,-0.17311473
2016,757,8414,0,0.029554596,0.03447978,0.1592219
2016,757,8415,0,0.11256961,0.10151531,-0.11574184
2016,757,8416,0,0.24288335,0.21898277,-0.13466808
2016,757,8417,0,0.1807735,0.21397288,0.20997386
2016,757,8418,0,0.08345682,0.056288943,-0.4230421
2016,757,8419,0,0.15418142,0.16646084,0.09125422
2016,757,8420,0,0.22764139,0.14924002,-0.51889664
2016,757,8421,0,0.07731804,0.06695678,-0.15504701
2016,757,8422,0,0.06581901,0.054199535,-0.20659788
2016,757,8423,0,0.08154806,0.06572695,-0.23276247
2016,757,8424,0,0.062676,0.04544063,-0.33979267
2016,757,8425,0,0.106264405,0.10104322,-0.056206975
2016,757,8426,1,0.44046447,0.4540504,0.054958805
2016,757,8427,0,0.17026636,0.20171614,0.20813799
2016,757,8428,0,0.10209951,0.086955816,-0.17727277
2016,757,8429,0,0.24934115,0.3658964,0.552267
2016,757,8430,0,0.20232269,0.2383576,0.21013516
2016,757,8431,0,0.047344867,0.061898723,0.2834362
2016,757,8432,0,0.10989088,0.07432772,-0.43017998
2016,757,8433,0,0.20188364,0.17126855,-0.20210047
2016,757,8434,0,0.23568985,0.18827935,-0.28477255
2016,757,8435,0,0.23651746,0.18140815,-0.3349679
2016,757,8436,0,0.17660682,0.19959062,0.15065299
2016,757,8437,1,0.32017618,0.2847378,-0.16811813
2016,757,8438,0,0.03657995,0.034505043,-0.060546137
2016,757,8439,0,0.19774587,0.27014917,0.40657684
2016,757,8440,0,0.17031716,0.20617943,0.23527054
2016,757,8441,0,0.087388046,0.061409555,-0.38086146
2016,757,8442,0,0.13482112,0.1251955,-0.08513645
2016,757,8443,0,0.06332738,0.041039128,-0.45730826
2016,757,8444,1,0.5080706,0.41414002,-0.37916186
2016,757,8445,0,0.1949677,0.28788126,0.5123519
2016,757,8446,0,0.113211304,0.14400046,0.27589735
2016,757,8447,0,0.26774877,0.3454639,0.36703584
2016,757,8448,0,0.050508056,0.044074666,-0.1430003
2016,757,8449,0,0.31970814,0.2937225,-0.12225933
2016,757,8450,0,0.14549905,0.09702537,-0.46037376
2016,757,8451,1,0.050101582,0.030050581,-0.53205955
2016,757,8452,0,0.11613634,0.0808374,-0.40148553
2016,757,8453,1,0.14942425,0.11154221,-0.33596003
2016,757,8454,0,0.18508431,0.22159036,0.22585069
2016,757,8455,1,0.20594007,0.2623838,0.31595832
2016,757,8456,0,0.10245971,0.1030469,0.0063690213
2016,757,8457,0,0.25601056,0.2665839,0.05478382
2016,757,8458,0,0.15223157,0.14738485,-0.03805637
2016,757,8459,0,0.17453536,0.2068513,0.20980847
2016,757,8460,0,0.13119498,0.16320601,0.25586945
2016,757,8461,0,0.18417762,0.18963802,0.035932083
2016,757,8462,0,0.1290393,0.12666039,-0.02133521
2016,757,8463,0,0.1255617,0.15192086,0.22117014
2016,757,8464,0,0.1723477,0.13108423,-0.32232687
2016,757,8465,0,0.10891811,0.10147982,-0.07904916
2016,757,8466,0,0.07508429,0.043381896,-0.58227086
2016,757,8467,0,0.08201272,0.04993047,-0.5305946
2016,757,8468,0,0.13173735,0.16055176,0.2315557
2016,757,8470,1,0.18974619,0.17208461,-0.11926445
2016,757,8471,1,0.03933915,0.03339192,-0.17007801
2016,757,8472,1,0.15519391,0.15947376,0.032282896
2016,757,8473,0,0.11027418,0.11890143,0.08506893
2016,757,8474,0,0.1310581,0.14696887,0.13306035
2016,757,8475,0,0.1712163,0.24382682,0.44521928
2016,757,8476,0,0.16359457,0.122657456,-0.33577976
2016,757,8477,0,0.06644713,0.055381242,-0.19394945
2016,757,8479,0,0.06284936,0.092753485,0.42163447
2016,757,8480,0,0.12963027,0.104846165,-0.24026969
2016,757,8481,0,0.046665367,0.03340488,-0.34811392
2016,757,8482,0,0.058257867,0.05461177,-0.068493895
2016,757,8483,0,0.101678,0.062006623,-0.5377841
2016,757,8484,0,0.05917325,0.045255166,-0.28283778
2016,757,8485,0,0.07758607,0.087089054,0.12589918
2016,764,8402,0,0.5787019,0.5784579,-0.0010005843
2016,764,8403,0,0.2319393,0.2474652,0.08521583
2016,764,8404,0,0.17727141,0.26549986,0.51736856
2016,764,8405,0,0.4815654,0.50402445,0.089869894
2016,764,8406,0,0.2921243,0.38146582,0.40175787
2016,764,8407,0,0.09326555,0.090531535,-0.03276335
2016,764,8408,0,0.33997124,0.37697122,0.16099848
2016,764,8409,0,0.03740946,0.047619943,0.25199208
2016,764,8411,0,0.099005304,0.09336958,-0.06484336
2016,764,8412,0,0.23292772,0.1970361,-0.2130699
2016,764,8413,0,0.03776781,0.034611937,-0.090532795
2016,764,8414,0,0.029606583,0.036304075,0.21085905
2016,764,8415,0,0.0232456,0.024577398,0.05707577
2016,764,8416,1,0.6107516,0.38867617,-0.903353
2016,764,8417,1,0.35394642,0.34834424,-0.024588346
2016,764,8418,0,0.13297887,0.10746304,-0.2420479
2016,764,8419,1,0.19900799,0.21934515,0.12301932
2016,764,8420,1,0.43344542,0.2817111,-0.6681823
2016,764,8421,0,0.05584698,0.05911787,0.060388085
2016,764,8422,0,0.1101212,0.097761676,-0.13284233
2016,764,8424,0,0.054945536,0.046489008,-0.1760349
2016,764,8425,0,0.14593552,0.1666111,0.1570037
2016,764,8426,1,0.45809993,0.48592263,0.11166995
2016,764,8428,0,0.12305178,0.12346209,0.0037969619
2016,764,8434,1,0.23394403,0.39349163,0.7535146
2016,764,8437,0,0.14166087,0.187307,0.33395892
2016,764,8438,0,0.15226449,0.1732446,0.15414512
2016,764,8439,1,0.5626425,0.62250525,0.2483018
2016,764,8441,0,0.10245598,0.086359754,-0.18868609
2016,764,8442,0,0.502335,0.4841507,-0.07275847
2016,764,8443,0,0.07768128,0.0389385,-0.7317784
2016,764,8445,1,0.5609723,0.57477003,0.056230977
2016,764,8447,0,0.48069146,0.4597844,-0.08393795
2016,764,8448,0,0.14942592,0.08944802,-0.5812826
2016,764,8450,0,0.063764766,0.06534708,0.026203638
2016,764,8451,0,0.08823758,0.079072036,-0.11967611
2016,764,8452,0,0.0765841,0.080184795,0.049851328
2016,764,8453,0,0.19626822,0.18183665,-0.09416999
2016,764,8454,0,0.27032718,0.2824277,0.060512092
2016,764,8455,0,0.20328604,0.26378095,0.33947307
2016,764,8456,0,0.1386111,0.11079851,-0.2557368
2016,764,8457,0,0.31669343,0.3349764,0.083246976
2016,764,8458,0,0.4162794,0.36718556,-0.20624422
2016,764,8459,0,0.12968901,0.16971974,0.31609637
2016,764,8460,0,0.18571608,0.23135722,0.2774266
2016,764,8461,0,0.17335352,0.24128737,0.41640958
2016,764,8462,0,0.14524658,0.18842942,0.31213233
2016,764,8463,0,0.2214931,0.27777582,0.30146512
2016,764,8466,0,0.15261765,0.07861188,-0.74714226
2016,764,8467,0,0.18037836,0.14462431,-0.26361516
2016,764,8468,0,0.70046735,0.6813287,-0.089639485
2016,764,8470,0,0.23502694,0.26088575,0.13877057
2016,764,8471,1,0.03127822,0.03597525,0.14476968
2016,764,8472,1,0.34217614,0.3577769,0.06858561
2016,764,8473,0,0.10245806,0.1369777,0.329584
2016,764,8475,0,0.45346245,0.4710492,0.0707578
2016,764,8476,0,0.23274334,0.35234252,0.58412683
2016,764,8477,0,0.08564701,0.07692218,-0.116937
2016,764,8479,0,0.15996791,0.10230412,-0.51341456
2016,764,8480,0,0.08138011,0.06344509,-0.2682917
2016,764,8481,0,0.031215921,0.02937501,-0.0626824
2016,764,8482,0,0.052622292,0.03787423,-0.34431618
2016,764,8483,0,0.05484503,0.047217242,-0.15779038
2016,764,8484,0,0.05818876,0.0570307,-0.021331225
2016,764,8485,0,0.12992957,0.13144268,0.013318845
2016,752,8401,0,0.42286208,0.5045382,0.32918844
2016,752,8402,0,0.2716906,0.26463178,-0.035969924
2016,752,8403,0,0.2612086,0.20540787,-0.31313494
2016,752,8404,0,0.19388857,0.25797305,0.36840785
2016,752,8405,1,0.6760948,0.7142,0.17998871
2016,752,8406,0,0.4394872,0.38680294,-0.2175274
2016,752,8407,0,0.26330417,0.26703674,0.019155864
2016,752,8408,0,0.1378384,0.15896972,0.16744682
2016,752,8409,0,0.054383576,0.057282332,0.055000387
2016,752,8410,1,0.31376722,0.33537218,0.098579146
2016,752,8411,0,0.119594954,0.13908143,0.17333104
2016,752,8412,0,0.04099942,0.047147855,0.14616252
2016,752,8413,0,0.02979732,0.025268778,-0.16950549
2016,752,8414,0,0.03180789,0.03252571,0.02305806
2016,752,8415,0,0.058807615,0.07188508,0.21478932
2016,752,8416,0,0.18699706,0.18198252,-0.03333126
2016,752,8417,0,0.19273137,0.22274153,0.1825981
2016,752,8418,0,0.04592967,0.032307938,-0.36597484
2016,752,8419,0,0.1446531,0.15612593,0.08982829
2016,752,8420,0,0.24513437,0.18174809,-0.37981528
2016,752,8421,0,0.07935164,0.061311916,-0.27732
2016,752,8422,0,0.04496415,0.037792753,-0.18122913
2016,752,8423,0,0.13854142,0.110954985,-0.25356567
2016,752,8424,0,0.03970142,0.03136902,-0.24420576
2016,752,8425,0,0.15577771,0.1457951,-0.0779832
2016,752,8426,0,0.12412682,0.15212743,0.23590568
2016,752,8427,0,0.09193672,0.10876232,0.1867674
2016,752,8428,0,0.07580982,0.054892495,-0.34523204
2016,752,8429,0,0.079375766,0.09748234,0.22534184
2016,752,8430,0,0.07252177,0.096716106,0.31432557
2016,752,8431,0,0.029982409,0.04126315,0.3310565
2016,752,8432,0,0.08476675,0.05101261,-0.544047
2016,752,8433,0,0.112679765,0.105520025,-0.0736857
2016,752,8434,0,0.12923855,0.13935739,0.08707062
2016,752,8436,0,0.14693534,0.11926056,-0.24060841
2016,752,8437,0,0.15341108,0.18680312,0.23717621
2016,752,8438,0,0.063748494,0.060849395,-0.04963538
2016,752,8439,0,0.18787934,0.19176038,0.0252369
2016,752,8440,0,0.23799716,0.36504814,0.6101716
2016,752,8441,0,0.14047858,0.10363588,-0.34614217
2016,752,8442,0,0.23236616,0.26039368,0.1510751
2016,752,8443,0,0.07934012,0.05809198,-0.3345334
2016,752,8446,1,0.70715356,0.7143739,0.035123266
2016,752,8447,0,0.62370133,0.29775494,-1.3633001
2016,752,8448,0,0.15505064,0.12884195,-0.21571197
2016,752,8450,0,0.15190926,0.10991466,-0.37190872
2016,752,8451,0,0.15788795,0.14094096,-0.13346906
2016,752,8452,0,0.24687326,0.23589326,-0.059969705
2016,752,8453,0,0.5509388,0.45204693,-0.39686823
2016,752,8454,1,0.435994,0.56184936,0.50610733
2016,752,8455,0,0.1566568,0.20377329,0.3204406
2016,752,8456,1,0.3232091,0.30088538,-0.104022354
2016,752,8457,1,0.4905612,0.5033592,0.0511966
2016,752,8458,0,0.14774859,0.15768917,0.07684601
2016,752,8459,0,0.21628162,0.28039473,0.34496406
2016,752,8460,0,0.19693181,0.24856652,0.29930982
2016,752,8461,0,0.29654667,0.31836423,0.10249765
2016,752,8462,0,0.16584483,0.175944,0.07129404
2016,752,8463,0,0.19967213,0.23526154,0.2095086
2016,752,8464,0,0.22756672,0.18849413,-0.23772252
2016,752,8465,0,0.14569415,0.12706006,-0.15842713
2016,752,8466,0,0.04927626,0.034879282,-0.36057904
2016,752,8467,0,0.056979693,0.046922635,-0.20480289
2016,752,8468,0,0.12155963,0.13229716,0.09694441
2016,752,8470,0,0.34917852,0.24937877,-0.4792762
2016,752,8471,0,0.06433347,0.058542833,-0.10049103
2016,752,8472,1,0.12171763,0.12528662,0.03297212
2016,752,8473,0,0.073825166,0.08947253,0.20927092
2016,752,8474,0,0.072740875,0.08767724,0.20299822
2016,752,8475,0,0.20513283,0.34733918,0.72376156
2016,752,8476,0,0.15390147,0.15775882,0.029324152
2016,752,8477,0,0.12585083,0.10078995,-0.2503242
2016,752,8479,0,0.0685511,0.066994324,-0.024641441
2016,752,8480,0,0.20572257,0.17150891,-0.22406654
2016,752,8481,0,0.032999717,0.025061613,-0.28333718
2016,752,8482,0,0.0360413,0.030977834,-0.15663275
2016,752,8483,0,0.07434957,0.058099885,-0.2640168
2016,752,8484,0,0.052112497,0.04154253,-0.23777659
2016,752,8485,0,0.07214838,0.083477154,0.158133
2016,372,8402,1,0.31582627,0.36562994,0.22200882
2016,372,8403,0,0.29308182,0.16721363,-0.7250418
2016,372,8405,1,0.70591533,0.74409103,0.19171421
2016,372,8406,1,0.781986,0.7781562,-0.0223238
2016,372,8407,0,0.49552074,0.48188353,-0.05458013
2016,372,8409,0,0.16668503,0.17750138,0.07593728
2016,372,8411,0,0.17653462,0.09332995,-0.7336331
2016,372,8412,0,0.2338664,0.2405153,0.03674995
2016,372,8413,0,0.0678031,0.053729873,-0.24762261
2016,372,8414,0,0.09457526,0.10209092,0.084803015
2016,372,8415,0,0.14135021,0.15537329,0.111056276
2016,372,8418,0,0.1276149,0.08806449,-0.41528603
2016,372,8419,0,0.3385954,0.30576578,-0.15043014
2016,372,8421,0,0.13221689,0.11273086,-0.18164706
2016,372,8422,0,0.14546545,0.11087658,-0.31120005
2016,372,8423,0,0.42868644,0.33629408,-0.39264062
2016,372,8424,1,0.14694525,0.13242155,-0.12095179
2016,372,8425,1,0.2481486,0.29407388,0.23283137
2016,372,8426,0,0.21083274,0.23743288,0.15310766
2016,372,8427,0,0.25182423,0.26427636,0.06504733
2016,372,8428,0,0.16326113,0.12836358,-0.28134456
2016,372,8429,0,0.2915171,0.32499877,0.15713412
2016,372,8430,0,0.22236387,0.244455,0.12353548
2016,372,8431,0,0.106192894,0.10665688,0.0048789564
2016,372,8432,0,0.277085,0.23142204,-0.24133165
2016,372,8433,0,0.14282596,0.11572433,-0.24154378
2016,372,8434,0,0.31639105,0.34133685,0.11306461
2016,372,8436,0,0.22801214,0.20127098,-0.1587997
2016,372,8437,0,0.5425508,0.55340487,0.043821473
2016,372,8438,0,0.35353643,0.2653302,-0.4149158
2016,372,8441,1,0.3671392,0.23377836,-0.6425887
2016,372,8443,0,0.11268865,0.059782688,-0.69182783
2016,372,8448,0,0.26270562,0.21029675,-0.29118437
2016,372,8450,1,0.38370368,0.3893712,0.023901148
2016,372,8451,1,0.38698652,0.334908,-0.22607253
2016,372,8456,0,0.3195737,0.28541192,-0.16204123
2016,372,8458,1,0.45895627,0.47287038,0.055919997
2016,372,8459,0,0.30860212,0.3831279,0.3303698
2016,372,8462,1,0.31938416,0.26112852,-0.2835079
2016,372,8463,0,0.25298485,0.29514277,0.21221972
2016,372,8464,1,0.75376236,0.4318569,-1.393059
2016,372,8465,1,0.40269828,0.38242322,-0.085040614
2016,372,8466,0,0.21832886,0.12784512,-0.64471585
2016,372,8467,0,0.20919827,0.18710837,-0.13914503
2016,372,8468,0,0.27694243,0.3156373,0.1857849
2016,372,8470,0,0.22363774,0.17612498,-0.29823333
2016,372,8471,1,0.033810515,0.031204365,-0.08290746
2016,372,8472,0,0.68367714,0.6325864,-0.22739355
2016,372,8473,0,0.064332955,0.075911,0.17794088
2016,372,8474,0,0.26255384,0.25318822,-0.04894306
2016,372,8475,0,0.33527023,0.6859673,1.4657766
2016,372,8476,1,0.30228585,0.25765595,-0.22175135
2016,372,8477,1,0.15919803,0.12360696,-0.29450062
2016,372,8479,0,0.16246046,0.15159287,-0.08212845
2016,372,8480,0,0.15047617,0.1148994,-0.31077322
2016,372,8481,1,0.0903528,0.07469335,-0.20739941
2016,372,8484,0,0.101451226,0.07297259,-0.36069635
2016,372,8485,0,0.12734324,0.14305024,0.13447268
2016,40,8401,1,0.54693806,0.5652499,0.07419002
2016,40,8402,1,0.24138168,0.23930813,-0.011357075
2016,40,8403,0,0.16977939,0.15485758,-0.109807745
2016,40,8404,0,0.28144348,0.3441274,0.29235798
2016,40,8405,1,0.30751774,0.333453,0.119141154
2016,40,8406,1,0.34400678,0.35320345,0.040501554
2016,40,8407,0,0.16784073,0.14440933,-0.17813183
2016,40,8408,0,0.2363246,0.27757648,0.21642156
2016,40,8409,0,0.0938905,0.14017305,0.45317742
2016,40,8410,0,0.33440688,0.41441867,0.34259167
2016,40,8411,0,0.19304855,0.1272573,-0.495108
2016,40,8412,0,0.13027167,0.13618544,0.051218197
2016,40,8413,0,0.033771873,0.028642658,-0.17002548
2016,40,8414,1,0.04182919,0.058611374,0.35500443
2016,40,8415,0,0.0810878,0.08533399,0.05567193
2016,40,8416,0,0.1388927,0.11138607,-0.2521432
2016,40,8417,1,0.30025432,0.29535294,-0.023438932
2016,40,8418,0,0.057699848,0.040818974,-0.3638636
2016,40,8419,0,0.15437005,0.14514849,-0.072441205
2016,40,8420,0,0.25730336,0.19961758,-0.32865432
2016,40,8421,0,0.1082016,0.081226155,-0.31655896
2016,40,8422,0,0.07550637,0.05340962,-0.3698463
2016,40,8423,0,0.10679239,0.07717137,-0.3574826
2016,40,8424,0,0.05273604,0.03841367,-0.33189234
2016,40,8425,0,0.10225523,0.085127786,-0.20221715
2016,40,8426,0,0.1330815,0.14686772,0.114600964
2016,40,8427,0,0.17005213,0.20378122,0.22243088
2016,40,8428,0,0.3801967,0.28489825,-0.43157935
2016,40,8429,0,0.14435609,0.16347978,0.14700972
2016,40,8430,0,0.16610917,0.21024948,0.29003507
2016,40,8431,0,0.04525642,0.054691035,0.19928633
2016,40,8432,0,0.07989232,0.07283093,-0.100184284
2016,40,8433,0,0.091801435,0.08490579,-0.08564965
2016,40,8434,1,0.35473436,0.2556612,-0.47035038
2016,40,8435,0,0.17711718,0.20773515,0.19737051
2016,40,8436,0,0.099878885,0.10044468,0.00627762
2016,40,8437,0,0.14128737,0.13909344,-0.018201577
2016,40,8438,0,0.04392113,0.047627132,0.08489091
2016,40,8439,0,0.14036527,0.21474203,0.51568455
2016,40,8440,0,0.23606797,0.31079996,0.37797704
2016,40,8441,0,0.09610064,0.06696095,-0.3930153
2016,40,8442,0,0.14680552,0.13884333,-0.0650515
2016,40,8443,0,0.07064565,0.046737332,-0.4385338
2016,40,8444,1,0.3075227,0.32771742,0.09319964
2016,40,8445,1,0.4659814,0.68331224,0.9053204
2016,40,8446,0,0.44836777,0.40405995,-0.18130903
2016,40,8447,0,0.24607225,0.19867156,-0.27494657
2016,40,8448,0,0.1692011,0.13171317,-0.29459584
2016,40,8449,0,0.60369736,0.46077126,-0.57813305
2016,40,8450,0,0.33923587,0.29064798,-0.22553766
2016,40,8451,1,0.094308436,0.09059785,-0.044228755
2016,40,8452,0,0.083465755,0.074250706,-0.12699324
2016,40,8453,0,0.2689387,0.25804445,-0.05614363
2016,40,8454,1,0.5849855,0.466656,-0.47684795
2016,40,8455,0,0.16814503,0.21749012,0.31847805
2016,40,8456,0,0.2028444,0.19940242,-0.021422667
2016,40,8457,0,0.24911575,0.26493096,0.082838826
2016,40,8458,0,0.17021939,0.175302,0.035566073
2016,40,8459,0,0.18491687,0.22027102,0.21929626
2016,40,8461,1,0.20109919,0.16838679,-0.21766527
2016,40,8462,0,0.12251169,0.12403526,0.014097201
2016,40,8463,0,0.21792033,0.25418952,0.20143571
2016,40,8464,0,0.26996675,0.2402107,-0.15673348
2016,40,8465,0,0.097203486,0.08642114,-0.12944679
2016,40,8466,0,0.100155845,0.048666205,-0.7773859
2016,40,8467,0,0.08061047,0.05908229,-0.33384326
2016,40,8468,0,0.13308842,0.16897948,0.28104615
2016,40,8470,0,0.49463394,0.4563384,-0.15362729
2016,40,8471,1,0.034200188,0.029230868,-0.16213794
2016,40,8472,1,0.13818362,0.1372002,-0.008282504
2016,40,8473,0,0.09834403,0.09690207,-0.016368782
2016,40,8474,0,0.17136261,0.15736042,-0.10199967
2016,40,8475,0,0.3593796,0.43043932,0.29799893
2016,40,8476,0,0.34127688,0.3120751,-0.13282649
2016,40,8477,0,0.054328315,0.04715952,-0.14906174
2016,40,8478,0,0.23423226,0.26913616,0.18555611
2016,40,8479,0,0.048314087,0.048718996,0.008771526
2016,40,8480,0,0.107781194,0.0890974,-0.21109767
2016,40,8481,0,0.031983864,0.02282185,-0.34693336
2016,40,8482,0,0.09197247,0.08570097,-0.077508286
2016,40,8483,0,0.08617787,0.058032088,-0.42575258
2016,40,8484,0,0.0655003,0.053429466,-0.2165265
2016,40,8485,0,0.15051839,0.14973031,-0.0061768633
2016,724,8401,1,0.30195922,0.29879013,-0.015080252
2016,724,8402,1,0.6135159,0.6206236,0.030080425
2016,724,8403,0,0.20034541,0.19063127,-0.06177664
2016,724,8404,0,0.47614682,0.48467335,0.034159444
2016,724,8405,1,0.46563613,0.6318683,0.67791283
2016,724,8406,0,0.17972787,0.21150212,0.20229752
2016,724,8407,0,0.111678734,0.10729971,-0.044917807
2016,724,8408,0,0.16652973,0.18460341,0.124959365
2016,724,8409,0,0.042405892,0.05139991,0.20178568
2016,724,8410,1,0.1752096,0.22537252,0.31451887
2016,724,8411,0,0.09234285,0.07530432,-0.22256882
2016,724,8412,0,0.13329738,0.15945955,0.20985858
2016,724,8413,0,0.029797014,0.023913438,-0.22601376
2016,724,8414,0,0.03451818,0.033998393,-0.015710963
2016,724,8415,0,0.06328573,0.041898888,-0.4349755
2016,724,8416,0,0.151859,0.19354671,0.29296738
2016,724,8417,0,0.18978834,0.20500076,0.09605861
2016,724,8418,0,0.03555949,0.024505863,-0.38369057
2016,724,8419,0,0.16538458,0.15337016,-0.08971175
2016,724,8420,0,0.16144426,0.122576974,-0.32072896
2016,724,8421,0,0.11991291,0.086898975,-0.35884526
2016,724,8422,0,0.04402177,0.03742028,-0.16935335
2016,724,8423,0,0.05672922,0.040186934,-0.36213264
2016,724,8424,0,0.04114325,0.027408034,-0.42044652
2016,724,8425,1,0.12861797,0.10886677,-0.1891351
2016,724,8426,0,0.086548306,0.0971551,0.12728572
2016,724,8427,0,0.124946676,0.14157563,0.14413327
2016,724,8428,0,0.13462338,0.108249314,-0.24806593
2016,724,8430,0,0.10688262,0.14195672,0.3238545
2016,724,8431,0,0.029854601,0.034614336,0.15284723
2016,724,8432,0,0.07397167,0.08358999,0.13268265
2016,724,8433,0,0.12580986,0.10024976,-0.25592634
2016,724,8434,1,0.27069896,0.25652513,-0.07302908
2016,724,8435,0,0.2803307,0.26269412,-0.08919081
2016,724,8436,0,0.0851162,0.07738219,-0.10367871
2016,724,8437,0,0.43677092,0.37047946,-0.275883
2016,724,8438,0,0.043423764,0.03926873,-0.10491284
2016,724,8439,0,0.25955358,0.27626792,0.08523992
2016,724,8440,0,0.18528023,0.21965645,0.2133054
2016,724,8441,0,0.08062774,0.058317777,-0.34791264
2016,724,8442,0,0.21991006,0.20353538,-0.098152325
2016,724,8443,0,0.045310482,0.03257806,-0.3431479
2016,724,8444,1,0.38656282,0.42146972,0.14504059
2016,724,8445,1,0.132608,0.19480169,0.45898712
2016,724,8446,0,0.26449263,0.2822319,0.0893296
2016,724,8447,0,0.23880145,0.21210852,-0.1530005
2016,724,8448,0,0.09682709,0.06656455,-0.40771243
2016,724,8449,0,0.3320404,0.28229803,-0.23411994
2016,724,8450,0,0.19074836,0.11269865,-0.6183123
2016,724,8451,1,0.13193089,0.1103728,-0.20294566
2016,724,8452,0,0.33393726,0.22205539,-0.5632976
2016,724,8453,0,0.19429557,0.19636893,0.013191324
2016,724,8454,0,0.14945127,0.14512128,-0.034478504
2016,724,8455,0,0.75821567,0.7280628,-0.15810539
2016,724,8456,0,0.18728606,0.17788959,-0.062969655
2016,724,8457,0,0.1516643,0.16627502,0.10934641
2016,724,8458,0,0.14524373,0.15675263,0.089811794
2016,724,8459,0,0.11627829,0.17320713,0.4650898
2016,724,8460,1,0.27155885,0.29974526,0.13821678
2016,724,8461,1,0.15150338,0.16267052,0.084367365
2016,724,8462,0,0.0782766,0.08979562,0.14986336
2016,724,8463,0,0.21149996,0.2643697,0.29252842
2016,724,8464,0,0.18544011,0.15799628,-0.1932969
2016,724,8465,0,0.0743998,0.06496243,-0.14578843
2016,724,8466,0,0.051993083,0.040303074,-0.26693878
2016,724,8467,0,0.11336621,0.07314227,-0.482585
2016,724,8468,0,0.16752324,0.20975451,0.2768774
2016,724,8470,0,0.12411566,0.09881343,-0.2564586
2016,724,8471,0,0.058874007,0.048081502,-0.21390474
2016,724,8472,1,0.14269578,0.12719086,-0.13295019
2016,724,8473,0,0.090208784,0.07798874,-0.1589049
2016,724,8474,0,0.07469399,0.10904618,0.41620386
2016,724,8475,0,0.3272617,0.41309997,0.36943135
2016,724,8476,0,0.1864078,0.15265715,-0.24038821
2016,724,8477,0,0.07447143,0.0682013,-0.09470379
2016,724,8478,0,0.1579026,0.16502833,0.052636668
2016,724,8479,0,0.1284771,0.10111571,-0.27039742
2016,724,8480,0,0.13011482,0.12167011,-0.076765
2016,724,8481,0,0.03464857,0.027022982,-0.25643706
2016,724,8482,0,0.055288766,0.04553962,-0.20425381
2016,724,8483,0,0.08348292,0.054411303,-0.45929724
2016,724,8484,0,0.0702448,0.057050887,-0.2221336
2016,724,8485,0,0.10580957,0.12373678,0.17676777
2017,842,8401,1,0.15744436,0.23588827,0.5020118
2017,842,8402,0,0.124188334,0.14853324,0.20720017
2017,842,8403,0,0.13606495,0.20171991,0.4727859
2017,842,8404,1,0.18354972,0.19177364,0.053953957
2017,842,8405,0,0.15644157,0.17506148,0.13477495
2017,842,8406,1,0.15693285,0.18432239,0.19389583
2017,842,8407,0,0.124743186,0.15482478,0.25101018
2017,842,8408,0,0.2576956,0.27432883,0.08521085
2017,842,8409,0,0.083592825,0.06470408,-0.27653548
2017,842,8410,0,0.16373436,0.22778828,0.40985885
2017,842,8411,0,0.09343679,0.09765674,0.048839226
2017,842,8412,0,0.10358804,0.11777198,0.14427802
2017,842,8413,0,0.094126314,0.06988832,-0.32414386
2017,842,8414,0,0.10966951,0.09273061,-0.18661934
2017,842,8415,0,0.08731576,0.08278081,-0.05829131
2017,842,8416,0,0.15753217,0.15127149,-0.04795726
2017,842,8417,0,0.1146607,0.13286838,0.168162
2017,842,8418,0,0.11772718,0.084950864,-0.36277348
2017,842,8419,0,0.12706092,0.14196241,0.12811352
2017,842,8420,0,0.10038132,0.123127565,0.22985423
2017,842,8421,0,0.11038752,0.08535152,-0.28497273
2017,842,8422,0,0.1194495,0.10262461,-0.17074281
2017,842,8423,0,0.12257151,0.07940454,-0.48216447
2017,842,8424,0,0.07876272,0.05155938,-0.4528071
2017,842,8425,0,0.109861046,0.09434989,-0.16948184
2017,842,8426,0,0.13892373,0.15543059,0.13163036
2017,842,8427,0,0.08482518,0.07512987,-0.13191245
2017,842,8428,0,0.13959745,0.11493767,-0.22263059
2017,842,8429,0,0.05973114,0.0724188,0.20619795
2017,842,8431,0,0.048004728,0.044210836,-0.08630686
2017,842,8432,0,0.12694827,0.10494243,-0.21526086
2017,842,8433,0,0.09099677,0.077182695,-0.17973132
2017,842,8434,0,0.11728696,0.120153666,0.027400725
2017,842,8435,0,0.13509543,0.17769742,0.32461137
2017,842,8436,0,0.06772153,0.060722638,-0.11656693
2017,842,8437,0,0.1253686,0.13520956,0.08688307
2017,842,8438,0,0.07883153,0.07806392,-0.010617889
2017,842,8439,0,0.13864565,0.17760801,0.29394624
2017,842,8440,1,0.19517802,0.1546375,-0.28197274
2017,842,8441,0,0.13270217,0.12705445,-0.049982358
2017,842,8442,0,0.21987824,0.18290265,-0.23042822
2017,842,8443,0,0.024908315,0.030147698,0.19629453
2017,842,8444,1,0.2799761,0.22656645,-0.2832213
2017,842,8445,0,0.16725966,0.22835071,0.38752702
2017,842,8446,0,0.36202604,0.34205362,-0.087574646
2017,842,8447,1,0.22358832,0.22133769,-0.013011623
2017,842,8448,0,0.06617819,0.057759322,-0.14504126
2017,842,8449,1,0.5771954,0.40702334,-0.68755525
2017,842,8450,0,0.14009337,0.06926872,-0.7834626
2017,842,8451,0,0.057402596,0.05696171,-0.008177898
2017,842,8452,0,0.11999782,0.10593316,-0.14052133
2017,842,8453,0,0.19957486,0.21019758,0.065218724
2017,842,8454,0,0.14578824,0.18836679,0.30736652
2017,842,8455,0,0.14317898,0.17344815,0.22774965
2017,842,8456,0,0.09176892,0.06551457,-0.36549821
2017,842,8457,0,0.18622951,0.19421932,0.051875044
2017,842,8458,0,0.09944384,0.11616884,0.17419809
2017,842,8459,0,0.1562669,0.18777491,0.22173718
2017,842,8460,0,0.07583892,0.09387306,0.23303868
2017,842,8461,0,0.09522395,0.117730774,0.23735923
2017,842,8462,0,0.097569466,0.09597283,-0.018267192
2017,842,8463,0,0.13121039,0.1735574,0.32967687
2017,842,8464,0,0.11168904,0.15325107,0.3642768
2017,842,8465,0,0.06981414,0.0588445,-0.18266219
2017,842,8466,0,0.02892281,0.030470112,0.05371031
2017,842,8467,0,0.07243088,0.061367024,-0.17761733
2017,842,8468,0,0.24750173,0.27819788,0.15856291
2017,842,8470,1,0.29568824,0.20604812,-0.48099765
2017,842,8471,0,0.06616845,0.06503505,-0.018490424
2017,842,8472,0,0.036423426,0.042757344,0.16692378
2017,842,8473,0,0.061062235,0.051681854,-0.17672779
2017,842,8474,0,0.17959623,0.19235596,0.084311634
2017,842,8475,0,0.13801967,0.18103556,0.322489
2017,842,8476,0,0.14307164,0.10962341,-0.30458462
2017,842,8477,0,0.059404436,0.049427543,-0.19441223
2017,842,8478,0,0.16043665,0.2504731,0.5588923
2017,842,8479,0,0.040009886,0.03620062,-0.10401058
2017,842,8480,0,0.3172387,0.2673894,-0.24141753
2017,842,8481,0,0.07493037,0.059967108,-0.23880896
2017,842,8482,0,0.042616062,0.03324022,-0.2582162
2017,842,8483,0,0.097618096,0.07688501,-0.261468
2017,842,8484,0,0.07579544,0.067466035,-0.12538606
2017,842,8485,0,0.13287699,0.10319213,-0.28649208
2017,276,8401,0,0.25176135,0.32154644,0.34256622
2017,276,8402,0,0.10643561,0.12558836,0.18713644
2017,276,8403,0,0.06507496,0.045874592,-0.36995715
2017,276,8404,1,0.17255665,0.21989223,0.30132058
2017,276,8405,0,0.3572909,0.37541756,0.078097545
2017,276,8406,1,0.4561272,0.45952788,0.013700149
2017,276,8407,0,0.07441029,0.09415563,0.25691837
2017,276,8408,0,0.035668593,0.049507923,0.34231725
2017,276,8409,0,0.044943646,0.03397598,-0.291174
2017,276,8410,1,0.20622236,0.26203415,0.31242576
2017,276,8411,0,0.09452956,0.086806804,-0.09372047
2017,276,8412,0,0.0732129,0.081473,0.11585262
2017,276,8413,0,0.045414776,0.031658716,-0.37513155
2017,276,8414,0,0.046745088,0.048269957,0.03370115
2017,276,8415,0,0.061179798,0.046060964,-0.29982698
2017,276,8416,0,0.062057603,0.07374335,0.18506512
2017,276,8417,0,0.118896686,0.14283682,0.21099442
2017,276,8418,0,0.081787,0.052001026,-0.48477897
2017,276,8419,0,0.10098206,0.08826603,-0.14863281
2017,276,8420,0,0.089204945,0.119456634,0.32579568
2017,276,8421,0,0.041022357,0.03631263,-0.12685095
2017,276,8422,0,0.07266482,0.050942805,-0.37830788
2017,276,8423,0,0.07747116,0.060559794,-0.26444003
2017,276,8424,0,0.04959119,0.036907017,-0.3086693
2017,276,8425,0,0.07562265,0.07807016,0.034503266
2017,276,8426,0,0.15058799,0.17535591,0.18186255
2017,276,8427,0,0.07312081,0.06459135,-0.13319287
2017,276,8428,0,0.07232942,0.06423146,-0.12742934
2017,276,8429,0,0.035475433,0.048398282,0.3241126
2017,276,8430,0,0.06860891,0.089457706,0.28798252
2017,276,8431,0,0.023426414,0.024016295,0.025472667
2017,276,8432,0,0.06802529,0.052178137,-0.28207675
2017,276,8433,0,0.094823554,0.079747014,-0.18967712
2017,276,8434,0,0.07453548,0.081250556,0.09354471
2017,276,8435,0,0.16574775,0.15776847,-0.058857612
2017,276,8436,0,0.035735868,0.03583093,0.0027551064
2017,276,8437,0,0.08603705,0.09829854,0.14673781
2017,276,8438,0,0.05992566,0.05687541,-0.055481102
2017,276,8439,0,0.121928126,0.14437301,0.19486244
2017,276,8440,0,0.071599245,0.09863311,0.34987357
2017,276,8441,0,0.080872,0.07103451,-0.14034806
2017,276,8442,1,0.14349884,0.13734923,-0.050954405
2017,276,8443,0,0.030683896,0.031293035,0.020286068
2017,276,8444,0,0.43695363,0.28948662,-0.64434385
2017,276,8445,0,0.17109735,0.2558216,0.5100695
2017,276,8446,0,0.16685681,0.16400014,-0.020691602
2017,276,8447,1,0.11660567,0.12885593,0.11386143
2017,276,8448,0,0.046518322,0.050884724,0.09430644
2017,276,8449,1,0.13782568,0.117024526,-0.18744606
2017,276,8450,0,0.14138603,0.081766576,-0.61475766
2017,276,8451,0,0.054360144,0.046910334,-0.15524064
2017,276,8452,0,0.04163545,0.043001052,0.03369865
2017,276,8453,0,0.08769462,0.099152744,0.13544017
2017,276,8454,0,0.15240608,0.18437713,0.2288843
2017,276,8455,0,0.12240368,0.15830308,0.29895365
2017,276,8456,0,0.08282086,0.06343596,-0.28756425
2017,276,8457,0,0.11090042,0.13429677,0.21808653
2017,276,8458,0,0.05383468,0.06428484,0.18851209
2017,276,8459,0,0.089353226,0.111357726,0.24461088
2017,276,8460,0,0.05844786,0.060945056,0.044493433
2017,276,8461,0,0.08427285,0.10881109,0.28271562
2017,276,8462,0,0.054941736,0.060901135,0.109304495
2017,276,8463,0,0.14315775,0.17850009,0.26276383
2017,276,8464,0,0.04528816,0.06100544,0.31451717
2017,276,8465,0,0.071818255,0.05996537,-0.19306058
2017,276,8466,0,0.02492128,0.028850064,0.15042755
2017,276,8467,0,0.074417286,0.057686586,-0.2725781
2017,276,8468,0,0.06854489,0.07738835,0.13088715
2017,276,8470,0,0.17069247,0.1404916,-0.23048536
2017,276,8471,0,0.029837936,0.032174308,0.07779884
2017,276,8472,0,0.03819444,0.04014074,0.051727492
2017,276,8473,0,0.10120964,0.078485355,-0.27925095
2017,276,8474,0,0.10330566,0.11099366,0.08039158
2017,276,8475,0,0.16865146,0.20091242,0.2146135
2017,276,8476,0,0.1427178,0.104719974,-0.35294876
2017,276,8477,0,0.043684226,0.04141462,-0.0557237
2017,276,8478,0,0.082033165,0.10361838,0.25738624
2017,276,8479,0,0.034099318,0.03579482,0.05028269
2017,276,8480,0,0.08803113,0.07118327,-0.23073807
2017,276,8481,0,0.04479094,0.033016473,-0.3172504
2017,276,8482,0,0.0378839,0.03089054,-0.21131876
2017,276,8483,0,0.03726203,0.0321577,-0.15261069
2017,276,8484,0,0.04359006,0.03919304,-0.1109168
2017,276,8485,0,0.054483633,0.050065875,-0.089222305
2017,392,8401,0,0.340879,0.4771451,0.56789625
2017,392,8402,0,0.3763408,0.39886728,0.09492199
2017,392,8403,0,0.22150601,0.17224516,-0.31288666
2017,392,8404,0,0.27825955,0.2941093,0.07760241
2017,392,8405,0,0.17307483,0.2000546,0.178037
2017,392,8406,1,0.18297249,0.22086011,0.23567584
2017,392,8407,0,0.058771912,0.10810526,0.6632787
2017,392,8408,0,0.06472257,0.08540762,0.29969007
2017,392,8409,0,0.036770515,0.035790738,-0.028023718
2017,392,8411,0,0.08484008,0.07142875,-0.18661582
2017,392,8412,0,0.09631008,0.10253919,0.06958889
2017,392,8413,0,0.044567477,0.03698203,-0.19448027
2017,392,8414,0,0.044583347,0.049760617,0.11529701
2017,392,8415,0,0.03916312,0.034332193,-0.13666722
2017,392,8416,0,0.13994531,0.14161965,0.013841992
2017,392,8417,0,0.1461758,0.18734428,0.29755577
2017,392,8418,0,0.054311246,0.040884238,-0.29808506
2017,392,8419,0,0.08760324,0.0952499,0.092101954
2017,392,8420,0,0.1874326,0.24564984,0.34483004
2017,392,8421,0,0.043060098,0.037575953,-0.14194694
2017,392,8422,0,0.05343078,0.043671153,-0.21195707
2017,392,8423,0,0.11090815,0.08153654,-0.34015262
2017,392,8424,0,0.048448566,0.04075779,-0.18090549
2017,392,8425,0,0.08566745,0.08455978,-0.01422501
2017,392,8426,0,0.114718854,0.13912942,0.22088122
2017,392,8427,0,0.031419694,0.03328294,0.059535503
2017,392,8428,0,0.09648002,0.08914077,-0.08720928
2017,392,8429,0,0.04491637,0.054749478,0.20831446
2017,392,8430,0,0.08441676,0.115407534,0.3471378
2017,392,8431,0,0.03689559,0.038885795,0.054605395
2017,392,8432,1,0.089693986,0.06155469,-0.4069214
2017,392,8433,0,0.07529024,0.057772145,-0.283611
2017,392,8434,1,0.3930058,0.36711237,-0.109930076
2017,392,8435,1,0.3541176,0.45020083,0.40112913
2017,392,8436,0,0.10175932,0.089354135,-0.14371884
2017,392,8437,0,0.13828567,0.151437,0.10622758
2017,392,8438,0,0.05918465,0.057430793,-0.03194413
2017,392,8439,0,0.18933415,0.2318003,0.2561689
2017,392,8440,0,0.16076393,0.15967578,-0.008087418
2017,392,8441,0,0.11401847,0.1154084,0.01368662
2017,392,8442,0,0.14680767,0.11748178,-0.25663447
2017,392,8443,0,0.04867771,0.06205269,0.25692186
2017,392,8444,1,0.3197562,0.29600233,-0.111515224
2017,392,8445,0,0.2762639,0.327357,0.24290678
2017,392,8446,0,0.16036381,0.17437471,0.100589186
2017,392,8447,1,0.11883778,0.13182971,0.118605494
2017,392,8448,0,0.06539858,0.062029157,-0.056494754
2017,392,8449,1,0.28050822,0.25174943,-0.14736158
2017,392,8450,0,0.14094296,0.12503701,-0.13809167
2017,392,8451,0,0.06656658,0.061873462,-0.07812654
2017,392,8452,0,0.043970145,0.050850183,0.1525953
2017,392,8453,1,0.15279001,0.16904543,0.120476484
2017,392,8454,0,0.14454247,0.14729576,0.022092875
2017,392,8455,0,0.14403301,0.20962638,0.45501035
2017,392,8456,0,0.08639043,0.10809196,0.2481459
2017,392,8457,0,0.11916132,0.11421234,-0.048021574
2017,392,8458,0,0.101808675,0.10639659,0.049199384
2017,392,8459,0,0.07850969,0.10589642,0.32941017
2017,392,8460,0,0.07235318,0.08896923,0.2248055
2017,392,8461,0,0.09982658,0.14474945,0.42276272
2017,392,8462,0,0.08463111,0.10244077,0.21063095
2017,392,8463,0,0.1117897,0.14112289,0.26659435
2017,392,8464,0,0.16022898,0.17115161,0.07903786
2017,392,8465,0,0.07489392,0.08962809,0.19565128
2017,392,8466,0,0.047329202,0.04730391,-0.0005610502
2017,392,8467,0,0.058509674,0.049356546,-0.17979665
2017,392,8468,0,0.10070519,0.09711615,-0.040272657
2017,392,8469,1,0.2432796,0.2432796,0.0
2017,392,8470,0,0.21373735,0.2063286,-0.044656564
2017,392,8471,0,0.028794132,0.03128283,0.08546347
2017,392,8472,1,0.059069913,0.06073748,0.029613296
2017,392,8473,0,0.08163687,0.060890228,-0.3155477
2017,392,8474,0,0.09031921,0.120890595,0.32572025
2017,392,8475,0,0.17953502,0.22791152,0.29935938
2017,392,8476,0,0.17945702,0.17074636,-0.060316477
2017,392,8477,0,0.058114547,0.062244613,0.073050454
2017,392,8478,0,0.46005693,0.47525638,0.061057985
2017,392,8479,0,0.08160643,0.064675815,-0.2507879
2017,392,8480,0,0.07377668,0.05802672,-0.25700068
2017,392,8481,0,0.04924648,0.043649938,-0.12650512
2017,392,8482,0,0.033855412,0.027641209,-0.20920259
2017,392,8483,0,0.047779925,0.040770505,-0.16598076
2017,392,8484,0,0.038792122,0.034473494,-0.12250917
2017,392,8485,0,0.07087623,0.06260901,-0.13288441
2017,156,8401,0,0.17307958,0.21538097,0.2711671
2017,156,8402,0,0.048119985,0.07056945,0.40676674
2017,156,8403,0,0.03028307,0.02531358,-0.18435942
2017,156,8404,0,0.34514198,0.36381167,0.08160425
2017,156,8405,0,0.14862682,0.22209467,0.4919108
2017,156,8406,1,0.1862194,0.24611337,0.3553156
2017,156,8407,0,0.051559333,0.060461693,0.16870734
2017,156,8408,0,0.018604947,0.026156208,0.34838328
2017,156,8409,0,0.03599554,0.02997447,-0.18927544
2017,156,8411,0,0.05184993,0.052528735,0.013722811
2017,156,8412,0,0.028773071,0.032622173,0.12952335
2017,156,8413,0,0.04885185,0.039090328,-0.23312786
2017,156,8414,0,0.041292153,0.045823533,0.10886309
2017,156,8415,0,0.064031504,0.058277935,-0.10028012
2017,156,8416,0,0.100888945,0.109986134,0.09650341
2017,156,8417,0,0.056062497,0.0744551,0.30340642
2017,156,8418,0,0.05982343,0.043772988,-0.3293081
2017,156,8419,0,0.0785022,0.08802332,0.12486099
2017,156,8420,0,0.08109842,0.11280862,0.36514747
2017,156,8421,0,0.04966282,0.043312933,-0.14346492
2017,156,8422,0,0.031173196,0.026439788,-0.1695624
2017,156,8423,0,0.0478149,0.049139544,0.028719043
2017,156,8424,0,0.04800707,0.037701674,-0.25241065
2017,156,8425,0,0.080398954,0.069468655,-0.15794122
2017,156,8426,0,0.06917101,0.08960728,0.2810543
2017,156,8427,0,0.03638277,0.037775133,0.039001796
2017,156,8428,0,0.034509763,0.038532995,0.114448376
2017,156,8431,0,0.016559776,0.017962903,0.08276
2017,156,8432,0,0.017745823,0.018559119,0.04563949
2017,156,8433,0,0.06666234,0.06169941,-0.08266935
2017,156,8434,0,0.075119615,0.0893962,0.1895529
2017,156,8436,0,0.019449176,0.020590823,0.05820575
2017,156,8439,0,0.10759646,0.13508667,0.258818
2017,156,8440,0,0.056248922,0.073298894,0.28299004
2017,156,8441,0,0.0662186,0.07939863,0.19573496
2017,156,8442,0,0.08423837,0.09112443,0.08612319
2017,156,8443,0,0.019399205,0.027812967,0.3688874
2017,156,8444,0,0.13107288,0.17783532,0.36042297
2017,156,8445,0,0.070963845,0.10229284,0.39997292
2017,156,8446,0,0.20268628,0.22260113,0.11901676
2017,156,8447,0,0.102334954,0.15191314,0.45187148
2017,156,8448,0,0.015842194,0.022081101,0.33840474
2017,156,8449,0,0.18059295,0.18853065,0.05274939
2017,156,8450,0,0.09575589,0.07019531,-0.33839574
2017,156,8451,0,0.044587165,0.04784047,0.07383689
2017,156,8452,0,0.03297537,0.0361398,0.094911546
2017,156,8453,0,0.051069807,0.07189513,0.3642056
2017,156,8454,0,0.121155515,0.15733542,0.3033439
2017,156,8455,0,0.09261875,0.12703438,0.35463274
2017,156,8456,0,0.019872302,0.02447938,0.21321593
2017,156,8457,0,0.054663822,0.06544164,0.19142313
2017,156,8458,0,0.026157865,0.032344148,0.21865578
2017,156,8459,0,0.0457323,0.06457203,0.3649166
2017,156,8460,0,0.02478336,0.036211967,0.3910056
2017,156,8461,0,0.025951257,0.039541032,0.43516907
2017,156,8462,0,0.032079373,0.04144472,0.26587012
2017,156,8463,0,0.050789587,0.07084964,0.35422844
2017,156,8464,0,0.049221646,0.067736626,0.33895934
2017,156,8465,0,0.07221271,0.07763024,0.078197174
2017,156,8466,0,0.015732333,0.017168347,0.08880957
2017,156,8467,0,0.040868532,0.04120575,0.008569086
2017,156,8468,0,0.060969703,0.06579525,0.08132275
2017,156,8470,0,0.09199653,0.09484283,0.033609778
2017,156,8471,0,0.023220139,0.02429947,0.046540167
2017,156,8472,0,0.02225737,0.029693877,0.29590246
2017,156,8473,0,0.06558983,0.053589184,-0.21483462
2017,156,8475,0,0.21346031,0.24748643,0.19212905
2017,156,8476,0,0.10801535,0.10649071,-0.015923604
2017,156,8477,0,0.027010405,0.030332442,0.11941576
2017,156,8479,0,0.018880138,0.023972386,0.24399592
2017,156,8480,0,0.045649067,0.042771026,-0.068133265
2017,156,8481,0,0.059013244,0.048129823,-0.21535943
2017,156,8482,0,0.0208357,0.019879228,-0.047968857
2017,156,8483,0,0.04313507,0.03355717,-0.26104572
2017,156,8484,0,0.054008584,0.04161422,-0.27371788
2017,380,8401,1,0.5256723,0.4932268,-0.12987413
2017,380,8402,0,0.27167895,0.28592452,0.07086013
2017,380,8403,0,0.05551844,0.04099573,-0.31850678
2017,380,8404,0,0.38501877,0.387139,0.0089451345
2017,380,8405,0,0.45852315,0.48288324,0.09779573
2017,380,8406,0,0.2114893,0.2600155,0.27008352
2017,380,8407,0,0.13923576,0.1338199,-0.04594602
2017,380,8408,0,0.044984385,0.06829504,0.44223338
2017,380,8409,0,0.041370165,0.035217714,-0.16740818
2017,380,8411,0,0.12302201,0.10664936,-0.16131406
2017,380,8412,0,0.09611914,0.10190565,0.06488139
2017,380,8413,0,0.066230565,0.043200683,-0.45164979
2017,380,8414,0,0.06428055,0.064221665,-0.0009794857
2017,380,8415,0,0.09164976,0.06410916,-0.387256
2017,380,8416,0,0.14414468,0.14676365,0.02107088
2017,380,8417,0,0.21487707,0.24265122,0.15757553
2017,380,8418,0,0.08228999,0.055681627,-0.41918114
2017,380,8419,0,0.12152669,0.11251548,-0.08724861
2017,380,8420,0,0.10528798,0.13975173,0.32244918
2017,380,8421,0,0.08110702,0.057056554,-0.37756315
2017,380,8422,0,0.07799214,0.06426128,-0.2084334
2017,380,8423,0,0.10303525,0.07957901,-0.28413528
2017,380,8424,0,0.06862048,0.044664364,-0.45481095
2017,380,8425,0,0.14032345,0.118443124,-0.19465065
2017,380,8426,0,0.12394009,0.14274852,0.1629893
2017,380,8427,0,0.0411551,0.035017654,-0.16787599
2017,380,8428,0,0.092470564,0.07860597,-0.17760432
2017,380,8429,0,0.03221108,0.039235134,0.20454653
2017,380,8430,0,0.08077269,0.098410666,0.21688467
2017,380,8431,0,0.028321017,0.027679162,-0.023584696
2017,380,8432,0,0.049263217,0.034928836,-0.35882962
2017,380,8433,0,0.09274091,0.07530555,-0.22729102
2017,380,8434,0,0.08165347,0.09159579,0.12578624
2017,380,8435,0,0.15312794,0.13489872,-0.14804639
2017,380,8436,0,0.03484915,0.030974505,-0.1218708
2017,380,8437,0,0.24667431,0.25153422,0.02598225
2017,380,8438,0,0.08593507,0.0830818,-0.036883045
2017,380,8439,0,0.123338476,0.15370218,0.25533417
2017,380,8440,0,0.11904026,0.14191037,0.2020374
2017,380,8441,0,0.10686808,0.08750532,-0.2213435
2017,380,8442,0,0.1645067,0.13072957,-0.26945236
2017,380,8443,0,0.03013405,0.034734793,0.146841
2017,380,8444,0,0.1366057,0.15150057,0.120892815
2017,380,8445,0,0.1643384,0.26299065,0.59581405
2017,380,8446,0,0.17771459,0.1944763,0.11072642
2017,380,8447,0,0.18352708,0.18549925,0.013107029
2017,380,8448,0,0.057894908,0.055740837,-0.040200334
2017,380,8449,0,0.2660121,0.20658296,-0.33069617
2017,380,8450,0,0.08804399,0.0630868,-0.36032403
2017,380,8451,0,0.032404233,0.031197444,-0.039199248
2017,380,8453,0,0.048138488,0.059497386,0.22385544
2017,380,8454,0,0.09920675,0.11348498,0.15044221
2017,380,8455,0,0.16145451,0.18774506,0.18271622
2017,380,8456,0,0.0898753,0.06375856,-0.37161157
2017,380,8457,0,0.07226351,0.07269445,0.006410296
2017,380,8458,0,0.053664528,0.055747025,0.040274862
2017,380,8459,0,0.07173753,0.10329155,0.39912543
2017,380,8460,0,0.056806378,0.07494956,0.29659003
2017,380,8461,0,0.06684095,0.09103928,0.335249
2017,380,8462,0,0.054051656,0.05486794,0.015852138
2017,380,8463,0,0.091256574,0.108251594,0.1896617
2017,380,8464,0,0.07772376,0.098277874,0.25717646
2017,380,8465,0,0.06712897,0.07696165,0.14728765
2017,380,8466,0,0.045901585,0.042735606,-0.07477998
2017,380,8467,0,0.04749317,0.04216628,-0.12454198
2017,380,8468,0,0.26642352,0.24955383,-0.08814863
2017,380,8470,0,0.18548557,0.18023957,-0.0351101
2017,380,8471,0,0.035221115,0.03518367,-0.0011025144
2017,380,8472,0,0.08792794,0.074802145,-0.17595953
2017,380,8473,0,0.09790837,0.071093835,-0.3493231
2017,380,8474,0,0.12778345,0.13524064,0.06530512
2017,380,8475,0,0.10446671,0.14722759,0.3920378
2017,380,8476,0,0.1895315,0.1472321,-0.30341992
2017,380,8477,0,0.04113389,0.038671035,-0.06430672
2017,380,8478,0,0.18363427,0.22792433,0.27184734
2017,380,8479,0,0.030057149,0.024457045,-0.21193935
2017,380,8480,0,0.10975606,0.07627316,-0.40085995
2017,380,8481,0,0.06711854,0.04647269,-0.38948536
2017,380,8482,0,0.07843486,0.051871806,-0.44190922
2017,380,8483,0,0.07363871,0.05139899,-0.3832763
2017,380,8484,0,0.11862808,0.086632505,-0.34997678
2017,380,8485,0,0.08816181,0.074543886,-0.18260999
2017,826,8401,0,0.29191113,0.39330834,0.45269355
2017,826,8402,0,0.10775661,0.14541171,0.34281325
2017,826,8403,0,0.39062458,0.24474867,-0.6821311
2017,826,8404,0,0.12966402,0.15645272,0.2190706
2017,826,8405,1,0.5294174,0.5428512,0.054020803
2017,826,8406,0,0.15458082,0.21248934,0.3891304
2017,826,8407,0,0.07004728,0.08025156,0.14702918
2017,826,8408,0,0.14643662,0.20134218,0.38490033
2017,826,8409,0,0.03826292,0.032003187,-0.1851335
2017,826,8410,0,0.15607102,0.20109074,0.30826592
2017,826,8411,0,0.078852236,0.07850672,-0.0047664316
2017,826,8412,0,0.11592196,0.12699606,0.1038442
2017,826,8413,0,0.073668756,0.04952665,-0.422796
2017,826,8414,0,0.073307104,0.065295674,-0.124339856
2017,826,8415,0,0.060874123,0.04635865,-0.2877384
2017,826,8416,0,0.17295372,0.16104048,-0.08566999
2017,826,8417,0,0.13768838,0.1691699,0.24310191
2017,826,8418,0,0.050651465,0.029971454,-0.5462723
2017,826,8419,0,0.08160232,0.07934718,-0.03047725
2017,826,8420,0,0.19032568,0.197569,0.046337392
2017,826,8421,0,0.07301628,0.057413127,-0.25710145
2017,826,8422,0,0.05270459,0.042558387,-0.22447936
2017,826,8423,0,0.077876665,0.056499135,-0.3438195
2017,826,8424,0,0.046303384,0.033398267,-0.34015208
2017,826,8425,0,0.13411283,0.11074242,-0.21810667
2017,826,8426,0,0.106396906,0.12759349,0.20567888
2017,826,8427,0,0.050828394,0.045123573,-0.12504275
2017,826,8428,0,0.06720845,0.059426542,-0.131366
2017,826,8429,0,0.021638453,0.027906686,0.2608219
2017,826,8430,0,0.21410307,0.23892854,0.14180526
2017,826,8431,0,0.09299983,0.07435272,-0.24412793
2017,826,8432,0,0.037778337,0.028127624,-0.3049633
2017,826,8433,0,0.119703874,0.080561526,-0.4395045
2017,826,8434,0,0.13601065,0.13334692,-0.022857383
2017,826,8435,0,0.3556531,0.43702376,0.34103152
2017,826,8436,0,0.06524814,0.054549895,-0.19046152
2017,826,8437,0,0.0997117,0.11140697,0.12398275
2017,826,8438,0,0.04528007,0.049279284,0.08883457
2017,826,8439,0,0.1492658,0.1777283,0.20855615
2017,826,8440,0,0.12683345,0.15194553,0.20982888
2017,826,8441,0,0.16979255,0.14523646,-0.1853634
2017,826,8442,0,0.113169275,0.099978,-0.13869959
2017,826,8443,0,0.036487076,0.042554073,0.16013414
2017,826,8444,0,0.2554839,0.25897196,0.018256417
2017,826,8445,0,0.18683031,0.2491551,0.36761552
2017,826,8446,0,0.49788126,0.48148516,-0.065618314
2017,826,8447,0,0.116327465,0.13392387,0.1609761
2017,826,8448,0,0.06299129,0.053396583,-0.17543738
2017,826,8449,0,0.6906078,0.7050734,0.06861294
2017,826,8450,0,0.15266263,0.09902936,-0.4941877
2017,826,8451,0,0.081311405,0.06867101,-0.18262464
2017,826,8453,0,0.14649965,0.16733554,0.1576932
2017,826,8454,0,0.17434765,0.19683425,0.14892337
2017,826,8455,0,0.19537833,0.25596672,0.34839606
2017,826,8456,0,0.10405267,0.06902613,-0.44876182
2017,826,8457,0,0.22641845,0.28765732,0.32185706
2017,826,8458,0,0.12154853,0.12051474,-0.009717529
2017,826,8459,0,0.09385404,0.12513815,0.32281196
2017,826,8460,0,0.08218394,0.09885896,0.2030695
2017,826,8461,0,0.14559384,0.18963586,0.31720784
2017,826,8462,0,0.12394838,0.12595308,0.01833522
2017,826,8463,0,0.12993208,0.14928593,0.1613468
2017,826,8464,0,0.10783553,0.11055466,0.027955398
2017,826,8465,0,0.07093089,0.0724804,0.023279438
2017,826,8466,0,0.028545875,0.029851073,0.046052653
2017,826,8467,0,0.04139277,0.035998948,-0.14522745
2017,826,8468,0,0.1957111,0.16389805,-0.21618693
2017,826,8470,0,0.27698487,0.25292426,-0.12360908
2017,826,8471,0,0.03021445,0.033224035,0.09806144
2017,826,8472,0,0.061512742,0.062291626,0.013413005
2017,826,8473,0,0.07181558,0.05521825,-0.28053132
2017,826,8474,0,0.17423616,0.17676729,0.017492589
2017,826,8475,0,0.15283488,0.19266163,0.2797301
2017,826,8476,0,0.12567955,0.09135487,-0.35749158
2017,826,8477,0,0.042765725,0.04271582,-0.0012196305
2017,826,8478,1,0.13098969,0.1426083,0.098443106
2017,826,8479,0,0.03414708,0.027650993,-0.21771859
2017,826,8480,0,0.16546825,0.12970048,-0.28551817
2017,826,8481,0,0.073959425,0.05425801,-0.33081758
2017,826,8482,0,0.03323122,0.024251215,-0.3242687
2017,826,8483,0,0.076860785,0.060405754,-0.25857937
2017,826,8484,0,0.06832242,0.05514945,-0.22823124
2017,826,8485,0,0.08582888,0.0665006,-0.27606705
2017,251,8401,1,0.6516769,0.6431972,-0.03715032
2017,251,8403,0,0.1253646,0.08332721,-0.4553946
2017,251,8404,0,0.24431373,0.22049229,-0.13362668
2017,251,8405,1,0.45753512,0.50053936,0.17242719
2017,251,8406,1,0.2417322,0.28912354,0.24356149
2017,251,8407,0,0.13121599,0.16615742,0.27714097
2017,251,8408,0,0.07287696,0.09425237,0.28052902
2017,251,8409,0,0.045780364,0.033446215,-0.32675985
2017,251,8411,0,0.13501859,0.10775111,-0.25662562
2017,251,8412,0,0.17325154,0.17985234,0.045407694
2017,251,8413,0,0.07305223,0.04927064,-0.41917852
2017,251,8414,0,0.09059141,0.09082168,0.002791905
2017,251,8415,0,0.10588419,0.0838376,-0.2578228
2017,251,8416,0,0.51184404,0.42080718,-0.36684567
2017,251,8417,0,0.18515821,0.21687974,0.19784
2017,251,8418,0,0.1161498,0.06631362,-0.61533856
2017,251,8419,0,0.11650204,0.10871569,-0.07794707
2017,251,8420,0,0.20353645,0.17827448,-0.16374579
2017,251,8421,0,0.074778885,0.05643134,-0.3011472
2017,251,8422,0,0.107136875,0.08319515,-0.27937964
2017,251,8424,0,0.10551775,0.07589414,-0.36212143
2017,251,8425,0,0.10732139,0.0917764,-0.17373672
2017,251,8426,0,0.19349705,0.20666356,0.08229018
2017,251,8427,0,0.048603535,0.040339086,-0.19502445
2017,251,8428,0,0.12723273,0.10523078,-0.21475902
2017,251,8429,0,0.04769097,0.057622842,0.19966094
2017,251,8430,0,0.10205713,0.12132912,0.19467019
2017,251,8431,0,0.027041588,0.026523765,-0.019866839
2017,251,8432,0,0.03727195,0.027868196,-0.30047548
2017,251,8433,0,0.09573179,0.07575081,-0.25595692
2017,251,8434,0,0.1259559,0.1283224,0.021325141
2017,251,8435,0,0.13812064,0.12815768,-0.08635933
2017,251,8436,0,0.054644212,0.052173655,-0.048875462
2017,251,8438,0,0.08728227,0.08246951,-0.06197798
2017,251,8439,0,0.18779731,0.21629725,0.17701054
2017,251,8441,0,0.16215087,0.14996216,-0.09258711
2017,251,8442,1,0.24810475,0.21091148,-0.21069406
2017,251,8443,0,0.040625956,0.047082093,0.15423772
2017,251,8444,0,0.19023983,0.1773876,-0.085695505
2017,251,8445,0,0.22593668,0.31699178,0.4637679
2017,251,8446,0,0.15440828,0.15913564,0.03576286
2017,251,8447,0,0.34723017,0.3193148,-0.12568577
2017,251,8448,0,0.067256086,0.051573556,-0.28217196
2017,251,8449,0,0.2535542,0.2613475,0.040768683
2017,251,8450,0,0.17195086,0.12315047,-0.39106482
2017,251,8451,0,0.0437952,0.038405664,-0.13693978
2017,251,8453,0,0.24388333,0.23610589,-0.042643096
2017,251,8454,0,0.1782058,0.21213013,0.21641786
2017,251,8455,0,0.19515175,0.23381388,0.22997652
2017,251,8456,0,0.11843674,0.079567835,-0.44091564
2017,251,8457,1,0.17513697,0.19658852,0.14189476
2017,251,8458,0,0.14317176,0.17660761,0.24968992
2017,251,8459,0,0.11658614,0.14957805,0.28724912
2017,251,8460,0,0.10627031,0.11261272,0.06509064
2017,251,8461,0,0.12269072,0.15226291,0.25023097
2017,251,8462,0,0.1385679,0.13108863,-0.06413179
2017,251,8463,0,0.17872259,0.20995201,0.19981135
2017,251,8464,0,0.12773089,0.14915942,0.17996326
2017,251,8465,0,0.18510278,0.15218583,-0.23540832
2017,251,8466,0,0.035061836,0.034418467,-0.019186517
2017,251,8467,0,0.11725245,0.09233674,-0.26672143
2017,251,8468,1,0.2099086,0.19508588,-0.09181927
2017,251,8470,0,0.2198551,0.18569952,-0.2116886
2017,251,8471,0,0.028765863,0.031289246,0.086686626
2017,251,8472,1,0.0763746,0.07981297,0.04776541
2017,251,8473,0,0.07826561,0.062273018,-0.24578176
2017,251,8475,0,0.17019182,0.21540283,0.29160783
2017,251,8476,0,0.15077448,0.1132192,-0.32973245
2017,251,8477,0,0.074717514,0.06890487,-0.087250106
2017,251,8478,0,0.24914303,0.23292439,-0.08868337
2017,251,8479,0,0.04438474,0.03612251,-0.21458845
2017,251,8480,0,0.114522524,0.09092399,-0.2570492
2017,251,8481,0,0.074444,0.05525391,-0.3186298
2017,251,8482,0,0.047212806,0.034459736,-0.32816976
2017,251,8483,0,0.083860725,0.06427703,-0.287106
2017,251,8484,0,0.1261161,0.09253918,-0.34727362
2017,251,8485,0,0.15602738,0.14636871,-0.07528198
2017,490,8402,1,0.19508785,0.27662465,0.45601645
2017,490,8403,1,0.73885554,0.6271203,-0.520146
2017,490,8404,1,0.22393884,0.25702995,0.18139523
2017,490,8405,0,0.53936327,0.5371797,-0.008785741
2017,490,8406,1,0.7778181,0.7788515,0.005989651
2017,490,8407,0,0.19255692,0.29804742,0.57686746
2017,490,8408,0,0.089721404,0.13367252,0.44817126
2017,490,8409,0,0.062320378,0.047848485,-0.27956483
2017,490,8410,0,0.7343448,0.7469662,0.065717444
2017,490,8411,0,0.15362442,0.13305679,-0.16774516
2017,490,8412,0,0.10662367,0.11355938,0.07081401
2017,490,8413,0,0.052110583,0.041314084,-0.24349011
2017,490,8414,0,0.047722626,0.051085338,0.071629286
2017,490,8415,0,0.053373158,0.045860037,-0.15961926
2017,490,8416,0,0.142882,0.14556721,0.021756548
2017,490,8417,0,0.19727464,0.22267851,0.15329091
2017,490,8418,0,0.03842744,0.033061367,-0.15597117
2017,490,8419,0,0.06553365,0.078662165,0.19674736
2017,490,8420,0,0.44080332,0.47017825,0.11847377
2017,490,8421,0,0.053171102,0.047274277,-0.12375737
2017,490,8422,0,0.046449434,0.041290954,-0.12311613
2017,490,8423,0,0.070535526,0.060085535,-0.17152767
2017,490,8424,0,0.054412298,0.044725854,-0.20623028
2017,490,8425,0,0.122108616,0.109342754,-0.12486031
2017,490,8426,1,0.16513512,0.18744521,0.15380904
2017,490,8427,0,0.08989037,0.0764472,-0.17665343
2017,490,8428,0,0.1308431,0.14178026,0.092943
2017,490,8429,0,0.40692866,0.46724737,0.24547851
2017,490,8430,0,0.15497889,0.20852448,0.3622302
2017,490,8431,0,0.06427669,0.06353046,-0.012474883
2017,490,8432,0,0.122332305,0.091621645,-0.32346657
2017,490,8433,0,0.10535307,0.08110558,-0.28830776
2017,490,8434,0,0.22169301,0.23872523,0.096146226
2017,490,8435,1,0.21164148,0.28077745,0.37445077
2017,490,8436,0,0.115263626,0.11732155,0.020025183
2017,490,8437,0,0.11027906,0.12858911,0.17440227
2017,490,8438,0,0.054088082,0.06585664,0.20938578
2017,490,8439,0,0.22390439,0.2414044,0.098061174
2017,490,8440,0,0.23634005,0.24616443,0.053676363
2017,490,8441,0,0.06878106,0.07632495,0.11220553
2017,490,8442,0,0.20569485,0.20073077,-0.03065936
2017,490,8443,0,0.04624603,0.06277863,0.32312533
2017,490,8444,0,0.27328336,0.26138133,-0.060774047
2017,490,8445,1,0.18954004,0.24672008,0.33681914
2017,490,8446,0,0.1782143,0.1932592,0.09952282
2017,490,8447,0,0.08000607,0.10285805,0.27640036
2017,490,8448,0,0.06920032,0.06839013,-0.012646812
2017,490,8449,1,0.58324605,0.38870797,-0.7888596
2017,490,8450,1,0.16628774,0.12123752,-0.36859444
2017,490,8451,0,0.10311129,0.093071535,-0.113572456
2017,490,8452,0,0.04527686,0.043523297,-0.04133496
2017,490,8453,0,0.15118805,0.18570328,0.2471385
2017,490,8454,0,0.17585544,0.2470046,0.4300315
2017,490,8455,0,0.14389439,0.17994684,0.26660642
2017,490,8456,0,0.15045328,0.17051497,0.14906833
2017,490,8457,0,0.095413566,0.11563658,0.21484143
2017,490,8458,0,0.0780314,0.09751471,0.2442508
2017,490,8459,0,0.17870218,0.21249819,0.21523292
2017,490,8460,0,0.08589424,0.110075265,0.27485704
2017,490,8461,0,0.09549112,0.14394099,0.46542302
2017,490,8462,0,0.07461327,0.080555096,0.08306451
2017,490,8463,0,0.14852774,0.17036985,0.16318686
2017,490,8464,0,0.15265226,0.17888604,0.19003557
2017,490,8465,0,0.083950326,0.07715538,-0.091794215
2017,490,8466,0,0.05209305,0.05904478,0.13262533
2017,490,8467,0,0.096829765,0.0852314,-0.14034462
2017,490,8468,0,0.16655385,0.14222637,-0.1866699
2017,490,8470,0,0.18537816,0.1533939,-0.22790027
2017,490,8471,0,0.048227984,0.049930252,0.036477763
2017,490,8472,0,0.0878846,0.087976284,0.001143223
2017,490,8473,0,0.10431854,0.0795985,-0.29767886
2017,490,8474,0,0.1219837,0.14246796,0.17883632
2017,490,8475,0,0.54235566,0.69464487,0.6520956
2017,490,8476,0,0.19682041,0.16004266,-0.2516241
2017,490,8477,0,0.032500863,0.04129035,0.24848838
2017,490,8478,1,0.17092797,0.19842765,0.1829141
2017,490,8479,0,0.11059618,0.12692988,0.1562847
2017,490,8480,0,0.06536734,0.06559202,0.003671554
2017,490,8481,0,0.055948205,0.04634922,-0.19833839
2017,490,8482,0,0.040665545,0.032252595,-0.24051398
2017,490,8483,0,0.050991435,0.046416648,-0.098808445
2017,490,8484,0,0.0750034,0.060692538,-0.22706564
2017,490,8485,1,0.13127916,0.12692489,-0.038730435
2017,702,8402,0,0.26029345,0.27112415,0.055517334
2017,702,8407,0,0.1025955,0.11101068,0.08825384
2017,702,8408,0,0.17396626,0.21804404,0.280673
2017,702,8410,0,0.28939664,0.32021928,0.14555196
2017,702,8411,0,0.11921958,0.09416882,-0.26392266
2017,702,8412,0,0.09504479,0.10451625,0.10551572
2017,702,8413,0,0.036763918,0.033536755,-0.09521952
2017,702,8414,0,0.039552405,0.04427329,0.117682435
2017,702,8416,0,0.18012731,0.20525554,0.16172017
2017,702,8417,0,0.20913385,0.25041384,0.23374799
2017,702,8418,0,0.07751697,0.07729699,-0.0030802796
2017,702,8419,0,0.1052351,0.11665142,0.1158344
2017,702,8420,0,0.18026046,0.2115851,0.19918673
2017,702,8421,0,0.044115447,0.04409869,-0.0003975347
2017,702,8422,0,0.10762343,0.08485412,-0.2629001
2017,702,8423,0,0.1366428,0.11470332,-0.20011564
2017,702,8424,0,0.057505373,0.046467587,-0.22476654
2017,702,8425,1,0.17172858,0.1708783,-0.0059896936
2017,702,8426,0,0.101766184,0.13078402,0.28370804
2017,702,8428,0,0.111508146,0.109705,-0.018329997
2017,702,8430,0,0.14376163,0.15485746,0.08739192
2017,702,8431,0,0.05369554,0.05282892,-0.017186554
2017,702,8432,1,0.33952886,0.4173539,0.33174893
2017,702,8433,0,0.4638027,0.27878797,-0.8054387
2017,702,8434,0,0.44724777,0.40763062,-0.16197175
2017,702,8435,1,0.41228095,0.53700536,0.5028365
2017,702,8436,0,0.12983336,0.12256538,-0.06592491
2017,702,8437,0,0.14283906,0.17345993,0.23060544
2017,702,8439,0,0.2487495,0.29070064,0.21330911
2017,702,8441,1,0.4386125,0.4505407,0.04830882
2017,702,8442,0,0.2283092,0.27423495,0.24464196
2017,702,8443,0,0.05052992,0.060171522,0.1848402
2017,702,8445,0,0.32230282,0.32794923,0.025733909
2017,702,8448,1,0.22926895,0.19647819,-0.19600913
2017,702,8449,0,0.70466065,0.5257433,-0.7665269
2017,702,8451,0,0.12561363,0.11231133,-0.12703478
2017,702,8452,0,0.14528188,0.15189998,0.052319545
2017,702,8453,1,0.20699291,0.20346324,-0.021640351
2017,702,8454,0,0.20811146,0.29599875,0.4699219
2017,702,8455,1,0.2587925,0.36723873,0.50817305
2017,702,8456,0,0.1038492,0.17447294,0.60091645
2017,702,8457,0,0.36244178,0.37119153,0.03767332
2017,702,8458,0,0.14103761,0.15193303,0.08717879
2017,702,8459,0,0.15779813,0.21245791,0.36453003
2017,702,8460,0,0.12301872,0.12459318,0.014514358
2017,702,8461,1,0.40542668,0.43670636,0.12836397
2017,702,8462,0,0.13935724,0.16006666,0.16290668
2017,702,8463,0,0.24153297,0.2728981,0.1643252
2017,702,8464,0,0.19659096,0.22910357,0.1943589
2017,702,8465,0,0.14464203,0.11421011,-0.2711817
2017,702,8466,0,0.23745756,0.23365049,-0.02114255
2017,702,8467,0,0.098056234,0.08822841,-0.11644944
2017,702,8468,1,0.13345619,0.11958819,-0.12559624
2017,702,8470,0,0.1589543,0.119863726,-0.32769212
2017,702,8471,1,0.024792453,0.029355047,0.17361468
2017,702,8473,0,0.058227863,0.048409496,-0.19503944
2017,702,8474,0,0.114979275,0.14307393,0.25086915
2017,702,8475,0,0.44490725,0.60197014,0.6349502
2017,702,8477,0,0.10378519,0.10745822,0.038885638
2017,702,8478,1,0.24389654,0.27715787,0.17283045
2017,702,8479,0,0.07636359,0.05554973,-0.34051216
2017,702,8480,0,0.16659656,0.14514671,-0.163242
2017,702,8481,0,0.09722423,0.0752437,-0.2803437
2017,702,8482,0,0.04444258,0.03981333,-0.114828974
2017,702,8483,0,0.03415753,0.03280215,-0.04189126
2017,702,8484,0,0.096790254,0.08074082,-0.19891544
2017,702,8485,0,0.06671457,0.06784294,0.017981697
2017,528,8401,1,0.26721814,0.3655783,0.45754933
2017,528,8403,0,0.08034526,0.044497896,-0.6291299
2017,528,8404,1,0.4646442,0.38469732,-0.3279978
2017,528,8405,1,0.22422124,0.27723247,0.283003
2017,528,8407,0,0.16821624,0.18818925,0.136503
2017,528,8408,0,0.054291297,0.06717072,0.22658594
2017,528,8409,0,0.073209174,0.05494962,-0.3064144
2017,528,8410,1,0.23504762,0.31604216,0.40800488
2017,528,8411,0,0.1681466,0.16838767,0.0017224114
2017,528,8412,0,0.097155124,0.1068215,0.1056147
2017,528,8413,0,0.06974411,0.048540913,-0.38496315
2017,528,8414,0,0.10273153,0.09133441,-0.13021359
2017,528,8415,0,0.09849148,0.066106334,-0.4339985
2017,528,8416,0,0.20739253,0.20250808,-0.029977052
2017,528,8417,0,0.141205,0.16650724,0.1947313
2017,528,8418,0,0.09631552,0.06593938,-0.4119547
2017,528,8419,0,0.11351991,0.10337673,-0.104975544
2017,528,8420,0,0.20159732,0.16888817,-0.21718678
2017,528,8421,0,0.07357935,0.054688998,-0.31688744
2017,528,8422,0,0.114267856,0.0767429,-0.43957764
2017,528,8423,0,0.14723213,0.09033769,-0.55304176
2017,528,8424,0,0.080183774,0.04860107,-0.5344353
2017,528,8425,0,0.12573612,0.10228809,-0.23285922
2017,528,8426,0,0.16266888,0.17404042,0.081244595
2017,528,8427,0,0.038908694,0.035482366,-0.09574049
2017,528,8428,0,0.11217346,0.09302248,-0.20854652
2017,528,8429,0,0.045857083,0.06668769,0.39656433
2017,528,8430,0,0.07867955,0.10137796,0.2784179
2017,528,8431,0,0.03294632,0.030377386,-0.08383383
2017,528,8432,0,0.031098094,0.021041505,-0.40097553
2017,528,8433,0,0.10672903,0.08873047,-0.20463848
2017,528,8434,0,0.0944159,0.10206349,0.08636637
2017,528,8435,1,0.59723824,0.4400659,-0.63486564
2017,528,8436,0,0.043514196,0.03885803,-0.11802857
2017,528,8437,0,0.09812687,0.113572516,0.16345471
2017,528,8438,0,0.07632083,0.07724264,0.01300433
2017,528,8439,1,0.21234553,0.22841464,0.09355989
2017,528,8440,0,0.1279455,0.13940307,0.098990776
2017,528,8441,0,0.14110897,0.12619707,-0.12890051
2017,528,8442,0,0.14413375,0.13279024,-0.09513772
2017,528,8443,0,0.03400807,0.03825197,0.12200027
2017,528,8444,0,0.4159946,0.37188923,-0.18488249
2017,528,8445,0,0.4574442,0.56469893,0.4308907
2017,528,8446,0,0.19370218,0.21002994,0.101386435
2017,528,8447,1,0.46366557,0.3941944,-0.28412074
2017,528,8448,0,0.14687449,0.09958519,-0.44251385
2017,528,8449,1,0.73451066,0.6218213,-0.5203439
2017,528,8450,0,0.29787236,0.2676247,-0.14925732
2017,528,8451,0,0.14331093,0.08750732,-0.55639935
2017,528,8453,0,0.21653287,0.22487646,0.048515566
2017,528,8454,1,0.48019636,0.43529746,-0.18101345
2017,528,8455,0,0.22796473,0.25406113,0.14277063
2017,528,8456,0,0.08111381,0.06356576,-0.26269525
2017,528,8457,0,0.2012017,0.26260883,0.34634772
2017,528,8458,0,0.14535862,0.16131589,0.12300839
2017,528,8459,0,0.20480096,0.25865236,0.30356905
2017,528,8460,0,0.147854,0.15103391,0.025017573
2017,528,8461,0,0.15195526,0.16870059,0.12448273
2017,528,8462,0,0.114158675,0.098498195,-0.16507529
2017,528,8463,1,0.47842783,0.46246842,-0.06406698
2017,528,8464,0,0.12338647,0.14844355,0.21388362
2017,528,8465,0,0.22830658,0.19364531,-0.20859756
2017,528,8466,0,0.049954314,0.046832208,-0.06781862
2017,528,8467,0,0.07087896,0.058660615,-0.2022699
2017,528,8468,0,0.30376926,0.25946802,-0.21932264
2017,528,8470,0,0.21310952,0.1797066,-0.2120536
2017,528,8471,0,0.029612202,0.028117348,-0.053338956
2017,528,8472,0,0.087449804,0.08493048,-0.031988893
2017,528,8473,0,0.18608643,0.12567557,-0.46410477
2017,528,8474,0,0.15700348,0.15550934,-0.011333154
2017,528,8475,0,0.17243327,0.23816888,0.40573457
2017,528,8476,0,0.21960926,0.13604662,-0.5805765
2017,528,8477,0,0.09464671,0.087562636,-0.08559088
2017,528,8478,0,0.14583136,0.1962672,0.357888
2017,528,8479,0,0.07371033,0.047433414,-0.46878922
2017,528,8480,0,0.10548252,0.0855645,-0.23129718
2017,528,8481,0,0.071222045,0.053211216,-0.31073952
2017,528,8482,0,0.0853354,0.04304078,-0.7296447
2017,528,8483,0,0.0709878,0.052317604,-0.32507274
2017,528,8484,0,0.10443209,0.075276,-0.35941282
2017,528,8485,0,0.10654026,0.08923781,-0.19639862
2017,410,8401,1,0.63536143,0.63501674,-0.0014876203
2017,410,8402,1,0.273569,0.3000018,0.12930025
2017,410,8403,0,0.08278135,0.0341466,-0.93720603
2017,410,8404,1,0.13296813,0.15142713,0.15151484
2017,410,8405,1,0.25835714,0.3338548,0.36372346
2017,410,8406,0,0.26223975,0.29830575,0.17898089
2017,410,8407,0,0.077934965,0.09292329,0.19228841
2017,410,8408,0,0.061155558,0.0883138,0.3968297
2017,410,8409,0,0.03437202,0.032829497,-0.047511682
2017,410,8410,0,0.2580524,0.2706391,0.0647335
2017,410,8411,0,0.096963264,0.09085376,-0.07182384
2017,410,8412,0,0.09599356,0.104763396,0.09717173
2017,410,8413,0,0.03638463,0.029681344,-0.21056
2017,410,8414,0,0.0430683,0.047816526,0.10955839
2017,410,8415,0,0.047407825,0.042835556,-0.106207095
2017,410,8416,1,0.1963485,0.17136598,-0.16670255
2017,410,8417,0,0.14477289,0.17862943,0.25053984
2017,410,8418,0,0.12692845,0.10408041,-0.22429281
2017,410,8419,0,0.13599016,0.13292,-0.026382089
2017,410,8420,0,0.21263503,0.2579582,0.25250667
2017,410,8421,0,0.036459044,0.032586273,-0.11630958
2017,410,8422,0,0.08633832,0.07233042,-0.19224384
2017,410,8423,0,0.13330677,0.104712196,-0.27389762
2017,410,8424,0,0.040638477,0.035598725,-0.13764496
2017,410,8425,0,0.11145747,0.09629684,-0.1631259
2017,410,8426,0,0.12377892,0.14521986,0.1845259
2017,410,8427,0,0.059350546,0.05728026,-0.037703868
2017,410,8428,0,0.068170965,0.060519006,-0.12723936
2017,410,8429,0,0.03447642,0.04543246,0.2873632
2017,410,8431,0,0.03448177,0.03970893,0.14657381
2017,410,8432,0,0.12103449,0.11565977,-0.05151898
2017,410,8433,0,0.44988734,0.32090327,-0.5484979
2017,410,8434,1,0.21658833,0.21868934,0.012339264
2017,410,8435,0,0.1313038,0.17690893,0.35204792
2017,410,8436,0,0.68122375,0.47301313,-0.86745393
2017,410,8437,0,0.12997198,0.15481266,0.20386393
2017,410,8438,0,0.09352508,0.09634431,0.032813475
2017,410,8439,0,0.18092,0.22336206,0.26394668
2017,410,8440,0,0.13295972,0.13258564,-0.0032488366
2017,410,8441,0,0.1076477,0.099021755,-0.093144335
2017,410,8442,0,0.24047206,0.19958116,-0.23882085
2017,410,8443,0,0.043285664,0.058770925,0.32214406
2017,410,8444,0,0.20972706,0.17596592,-0.21735017
2017,410,8445,0,0.3512283,0.41826645,0.2837505
2017,410,8446,0,0.22243994,0.23923656,0.094634205
2017,410,8447,1,0.1991093,0.20870218,0.059104446
2017,410,8448,0,0.15864179,0.12934637,-0.23838158
2017,410,8449,0,0.19554015,0.18611234,-0.061066452
2017,410,8450,1,0.08892124,0.04716459,-0.6789204
2017,410,8451,0,0.1094252,0.095905975,-0.14693928
2017,410,8452,0,0.17214207,0.17842242,0.043449037
2017,410,8453,0,0.18347578,0.20004602,0.10696712
2017,410,8454,0,0.16177225,0.2057259,0.29421625
2017,410,8455,0,0.15307534,0.18391858,0.22066058
2017,410,8456,1,0.15163925,0.31215942,0.93175846
2017,410,8457,0,0.12811463,0.13054477,0.021581853
2017,410,8458,0,0.07408849,0.09703049,0.29485482
2017,410,8459,0,0.08729454,0.112694755,0.28361914
2017,410,8460,0,0.1420058,0.16637482,0.18718871
2017,410,8461,0,0.1346115,0.17079623,0.2807909
2017,410,8462,0,0.07769271,0.08588114,0.109120585
2017,410,8463,0,0.15514605,0.20616007,0.34656787
2017,410,8464,0,0.27688757,0.30654225,0.1436185
2017,410,8465,1,0.13237439,0.13018839,-0.019168051
2017,410,8466,0,0.051419627,0.049086813,-0.04888582
2017,410,8467,0,0.06841194,0.064309284,-0.06623777
2017,410,8468,0,0.19989827,0.16838771,-0.2101669
2017,410,8470,0,0.3029591,0.22691312,-0.3925778
2017,410,8471,0,0.038869705,0.039536264,0.017696835
2017,410,8472,0,0.06412637,0.06772735,0.058489557
2017,410,8473,0,0.1427865,0.12084838,-0.19208424
2017,410,8474,0,0.11415638,0.13642547,0.20366944
2017,410,8475,0,0.352209,0.47113937,0.4937722
2017,410,8476,0,0.15427859,0.13802838,-0.13033298
2017,410,8477,0,0.05167268,0.056446742,0.09341515
2017,410,8478,0,0.40726578,0.45250663,0.18473211
2017,410,8479,0,0.070368685,0.07781568,0.10863762
2017,410,8480,0,0.0835346,0.076526366,-0.095243484
2017,410,8481,0,0.040774107,0.034852214,-0.16308522
2017,410,8482,0,0.03883907,0.032392032,-0.18819937
2017,410,8483,0,0.04195615,0.036103353,-0.1563298
2017,410,8484,0,0.04572941,0.04151902,-0.10099254
2017,410,8485,0,0.073282085,0.06774816,-0.08447277
2017,458,8404,1,0.405827,0.46307924,0.23329131
2017,458,8405,1,0.4137902,0.42445135,0.04379237
2017,458,8407,0,0.27113032,0.3054171,0.16726218
2017,458,8408,0,0.20644008,0.23396805,0.16047956
2017,458,8411,0,0.14507443,0.15655439,0.08967559
2017,458,8412,0,0.15687053,0.16130073,0.033118073
2017,458,8413,0,0.079126164,0.06506366,-0.21083273
2017,458,8414,0,0.057498354,0.06390473,0.1124576
2017,458,8415,0,0.038429826,0.03640754,-0.05615874
2017,458,8416,0,0.5401726,0.46544597,-0.29947418
2017,458,8417,0,0.22778277,0.23217322,0.02479301
2017,458,8418,0,0.11160302,0.08724902,-0.27322614
2017,458,8419,0,0.18682353,0.18738468,0.0036895787
2017,458,8420,0,0.23162825,0.2578478,0.14195505
2017,458,8421,0,0.06109462,0.0526782,-0.15714619
2017,458,8422,0,0.11478069,0.0995358,-0.15958102
2017,458,8423,0,0.12492648,0.11400209,-0.103915155
2017,458,8424,0,0.07310504,0.0599666,-0.21218473
2017,458,8425,0,0.23708586,0.19140606,-0.27217662
2017,458,8426,0,0.17904855,0.22720124,0.29862452
2017,458,8427,0,0.12291694,0.09944083,-0.23836008
2017,458,8428,0,0.10112323,0.0999237,-0.013266483
2017,458,8430,0,0.20051022,0.24453144,0.2551142
2017,458,8431,0,0.08110141,0.08642683,0.0694102
2017,458,8433,0,0.18400112,0.13424155,-0.37449396
2017,458,8436,0,0.0857623,0.08460571,-0.014841923
2017,458,8437,0,0.27308613,0.27789646,0.024100821
2017,458,8438,0,0.14435014,0.15137288,0.05574556
2017,458,8439,1,0.2909876,0.33871412,0.2215625
2017,458,8441,0,0.15740089,0.17783739,0.14662656
2017,458,8442,1,0.40123656,0.38467056,-0.06945507
2017,458,8443,0,0.12507921,0.13468963,0.08507099
2017,458,8445,0,0.44774815,0.48146948,0.13561736
2017,458,8447,0,0.2686618,0.35061345,0.38507873
2017,458,8448,0,0.14756921,0.14960706,0.01610846
2017,458,8450,1,0.43893373,0.4231183,-0.06449472
2017,458,8451,0,0.09640046,0.08074483,-0.19439468
2017,458,8452,1,0.1656992,0.18368492,0.1248413
2017,458,8453,1,0.58027834,0.59003526,0.040194973
2017,458,8454,0,0.21655227,0.2899227,0.39011288
2017,458,8455,0,0.1764454,0.2109319,0.22130111
2017,458,8456,1,0.3501367,0.39716825,0.20116024
2017,458,8457,0,0.29793015,0.29013678,-0.037545897
2017,458,8458,0,0.17384908,0.20208445,0.18527298
2017,458,8459,0,0.18196099,0.25649005,0.43882552
2017,458,8460,0,0.15220147,0.1404393,-0.09420822
2017,458,8461,1,0.3837227,0.44674593,0.2599496
2017,458,8462,0,0.111082815,0.13012755,0.17989664
2017,458,8463,1,0.18431243,0.24776982,0.37685695
2017,458,8464,1,0.5579278,0.58989394,0.13077068
2017,458,8465,0,0.2050172,0.19616798,-0.055192407
2017,458,8466,0,0.13936369,0.16103019,0.17000215
2017,458,8467,0,0.08255447,0.07567113,-0.09453626
2017,458,8468,0,0.26623827,0.19384883,-0.4114
2017,458,8470,0,0.1912986,0.13392521,-0.4250954
2017,458,8472,1,0.18940628,0.24103783,0.30687448
2017,458,8473,0,0.0899764,0.06620057,-0.33264935
2017,458,8474,0,0.16330804,0.17649205,0.093520366
2017,458,8475,0,0.22670487,0.2814731,0.2898455
2017,458,8476,0,0.26430365,0.27035546,0.030898942
2017,458,8477,0,0.0689128,0.084112786,0.21577646
2017,458,8478,1,0.43098113,0.4754352,0.17951094
2017,458,8479,0,0.09774696,0.07785553,-0.24933408
2017,458,8480,0,0.10164022,0.099234365,-0.026629383
2017,458,8481,0,0.085529424,0.06811614,-0.24650908
2017,458,8482,0,0.052727807,0.044440947,-0.17969191
2017,458,8484,0,0.09014791,0.07929288,-0.14016335
2017,458,8485,0,0.40202373,0.2925141,-0.486165
2017,124,8401,0,0.44347095,0.5020417,0.235254
2017,124,8402,1,0.72089857,0.7427072,0.11116375
2017,124,8403,0,0.24675672,0.24551532,-0.006690385
2017,124,8404,0,0.33514762,0.3524788,0.07683294
2017,124,8405,1,0.7559319,0.73729116,-0.09856743
2017,124,8406,1,0.44526616,0.45837003,0.052910045
2017,124,8407,0,0.11671637,0.14415918,0.24273323
2017,124,8408,0,0.1932153,0.25995398,0.38304397
2017,124,8409,0,0.074980274,0.053995132,-0.3507639
2017,124,8410,0,0.24789058,0.29761913,0.2512331
2017,124,8411,0,0.09711513,0.08879689,-0.09871635
2017,124,8412,0,0.1400263,0.14284767,0.023234706
2017,124,8413,0,0.122690305,0.11725905,-0.051449656
2017,124,8414,0,0.15817513,0.14889452,-0.07142883
2017,124,8415,0,0.12361653,0.11578487,-0.07434717
2017,124,8416,0,0.21316443,0.21321209,0.00028410982
2017,124,8417,0,0.15805157,0.18651499,0.19998154
2017,124,8418,0,0.16014628,0.09241328,-0.6273783
2017,124,8419,0,0.13900569,0.14645214,0.06087002
2017,124,8420,1,0.58239037,0.4073301,-0.7076075
2017,124,8421,0,0.118309215,0.1263452,0.0748723
2017,124,8422,0,0.16117534,0.1375294,-0.18645452
2017,124,8423,0,0.14656927,0.12661333,-0.16947435
2017,124,8424,0,0.098061964,0.08328162,-0.17962626
2017,124,8425,0,0.153021,0.13461994,-0.14961253
2017,124,8426,0,0.3275509,0.3030844,-0.11337008
2017,124,8427,0,0.14004388,0.13976659,-0.0023044497
2017,124,8428,0,0.16318317,0.11454526,-0.41039923
2017,124,8429,0,0.19454448,0.20378533,0.05794552
2017,124,8430,0,0.18148753,0.21469206,0.20943041
2017,124,8431,0,0.058295716,0.054932352,-0.06299147
2017,124,8432,0,0.0927653,0.08398999,-0.10900105
2017,124,8433,0,0.112284996,0.09926882,-0.137765
2017,124,8434,0,0.56796414,0.5036442,-0.25897256
2017,124,8436,0,0.08287481,0.07228373,-0.14821398
2017,124,8437,0,0.20777225,0.22435062,0.097915836
2017,124,8438,0,0.12025359,0.19371627,0.5639897
2017,124,8439,0,0.20369574,0.22690564,0.13748701
2017,124,8440,0,0.21160454,0.22468333,0.076701015
2017,124,8441,0,0.1872443,0.1717697,-0.10512025
2017,124,8442,1,0.19802569,0.12506123,-0.5466707
2017,124,8443,0,0.08459188,0.07882878,-0.076836
2017,124,8445,0,0.26921532,0.2821387,0.06472985
2017,124,8448,0,0.20601314,0.19214119,-0.08702979
2017,124,8451,0,0.22286324,0.17357022,-0.31147477
2017,124,8452,0,0.1930694,0.16785182,-0.17074111
2017,124,8454,0,0.17262135,0.16070253,-0.08584819
2017,124,8455,0,0.4249455,0.56388885,0.5594638
2017,124,8456,0,0.19162552,0.1389326,-0.38470152
2017,124,8457,0,0.22368181,0.2477909,0.13390884
2017,124,8458,0,0.20040014,0.20081973,0.0026164188
2017,124,8459,1,0.21191591,0.29819968,0.45752975
2017,124,8460,0,0.21181017,0.18965144,-0.13822803
2017,124,8461,0,0.15811725,0.19037296,0.22471534
2017,124,8462,1,0.25271183,0.24006972,-0.06809632
2017,124,8463,1,0.5399153,0.5396373,-0.0011191247
2017,124,8464,1,0.13615328,0.12665892,-0.08321442
2017,124,8465,0,0.13082013,0.108324245,-0.21424688
2017,124,8466,0,0.068139076,0.052552424,-0.27632767
2017,124,8467,0,0.10746942,0.08811567,-0.22000828
2017,124,8468,0,0.18072298,0.09695772,-0.72003746
2017,124,8470,0,0.27298167,0.17019388,-0.6047068
2017,124,8471,0,0.04535412,0.048811197,0.07708657
2017,124,8472,0,0.1289412,0.12436087,-0.041413553
2017,124,8473,0,0.14721479,0.10514788,-0.38467562
2017,124,8474,0,0.1880476,0.21407714,0.16222456
2017,124,8475,0,0.59667414,0.60975736,0.05466624
2017,124,8476,0,0.28865218,0.20033619,-0.48225537
2017,124,8477,0,0.1039664,0.09538012,-0.09573463
2017,124,8478,1,0.58993196,0.60245883,0.052036755
2017,124,8479,0,0.10605687,0.09886342,-0.07825094
2017,124,8480,0,0.12967344,0.118679516,-0.101145476
2017,124,8481,0,0.12891172,0.09573441,-0.33492982
2017,124,8482,0,0.07720513,0.06489035,-0.18702391
2017,124,8483,0,0.07893393,0.060747307,-0.28144127
2017,124,8484,0,0.15227224,0.11395738,-0.33405098
2017,124,8485,0,0.1503413,0.12098825,-0.25117818
2017,484,8402,0,0.37919053,0.34956738,-0.12795602
2017,484,8403,0,0.3245675,0.32258692,-0.009048873
2017,484,8404,0,0.35973826,0.36249834,0.011963355
2017,484,8406,0,0.27966326,0.33688352,0.26891908
2017,484,8407,0,0.12505616,0.12963647,0.04121994
2017,484,8408,0,0.12161972,0.35729402,1.3900523
2017,484,8409,0,0.07762127,0.06925604,-0.12305959
2017,484,8411,0,0.14058349,0.11868636,-0.19447708
2017,484,8412,0,0.15867212,0.15815966,-0.0038439503
2017,484,8413,0,0.115620635,0.07472255,-0.48173997
2017,484,8414,0,0.14615166,0.14114033,-0.040742166
2017,484,8415,0,0.14815944,0.14157803,-0.053134385
2017,484,8416,0,0.3147567,0.31077287,-0.01853459
2017,484,8417,0,0.21328953,0.25670654,0.24205248
2017,484,8418,0,0.13231021,0.11484464,-0.16149783
2017,484,8419,0,0.16717115,0.19274929,0.17356612
2017,484,8420,0,0.40887,0.32996145,-0.33972073
2017,484,8421,0,0.13272665,0.106977545,-0.24493046
2017,484,8422,0,0.14052022,0.1067458,-0.313445
2017,484,8423,0,0.1349008,0.06506244,-0.8068278
2017,484,8424,0,0.1066822,0.09949525,-0.077757545
2017,484,8425,0,0.14288206,0.13817255,-0.038995717
2017,484,8426,0,0.2614051,0.2655002,0.021104142
2017,484,8427,0,0.39018923,0.3818608,-0.035140764
2017,484,8428,0,0.15098546,0.13566542,-0.12487547
2017,484,8429,0,0.24718527,0.2566339,0.050143052
2017,484,8430,0,0.22003807,0.24003449,0.11295414
2017,484,8431,0,0.092299856,0.08288631,-0.117890105
2017,484,8432,0,0.19058973,0.12593776,-0.49118102
2017,484,8433,0,0.12586589,0.1000276,-0.258901
2017,484,8434,0,0.30498698,0.33235857,0.12612462
2017,484,8436,0,0.18720154,0.1726755,-0.09848547
2017,484,8437,1,0.212779,0.23525196,0.12936571
2017,484,8438,1,0.14916484,0.16744815,0.13734466
2017,484,8439,0,0.22051768,0.24056916,0.11309057
2017,484,8441,1,0.26029983,0.21975568,-0.22267981
2017,484,8442,0,0.32839474,0.266043,-0.29933804
2017,484,8443,0,0.0928011,0.09317011,0.0043752133
2017,484,8450,0,0.09087247,0.07202959,-0.2528945
2017,484,8451,0,0.19370364,0.060492497,-1.3167146
2017,484,8453,0,0.21724045,0.22030176,0.01791201
2017,484,8455,1,0.7361409,0.76532173,0.15607439
2017,484,8456,0,0.17310894,0.099212594,-0.6422525
2017,484,8457,1,0.43916297,0.40590447,-0.13636246
2017,484,8458,0,0.22129369,0.25018886,0.16053781
2017,484,8459,0,0.39540383,0.40412244,0.036335804
2017,484,8460,1,0.34981424,0.32955736,-0.09033192
2017,484,8461,0,0.62556326,0.6515815,0.112768576
2017,484,8462,0,0.179559,0.17293006,-0.045663927
2017,484,8463,1,0.52089876,0.5520237,0.12520693
2017,484,8465,0,0.16467273,0.19753295,0.22207822
2017,484,8466,0,0.10506795,0.0944778,-0.11800621
2017,484,8467,0,0.079370014,0.07706776,-0.031933192
2017,484,8468,0,0.25343752,0.19427446,-0.34210935
2017,484,8470,0,0.45295575,0.25117585,-0.90361565
2017,484,8471,0,0.09490273,0.10595468,0.12244479
2017,484,8472,0,0.2128013,0.16585575,-0.3071661
2017,484,8473,0,0.25967062,0.21718119,-0.23448806
2017,484,8475,0,0.25608894,0.41338396,0.716403
2017,484,8476,0,0.232379,0.22048491,-0.067916155
2017,484,8477,0,0.15212871,0.1167666,-0.30541047
2017,484,8479,0,0.12770186,0.11815276,-0.08860756
2017,484,8480,0,0.16562264,0.14637882,-0.14631581
2017,484,8481,0,0.113369055,0.07830063,-0.40888318
2017,484,8482,0,0.101019554,0.072617374,-0.36121488
2017,484,8483,0,0.10320395,0.09033092,-0.1474798
2017,484,8484,0,0.165639,0.1010191,-0.5690968
2017,484,8485,0,0.1099785,0.077210955,-0.38989854
2017,757,8402,0,0.21397403,0.23389225,0.11467291
2017,757,8403,0,0.19297957,0.062941216,-1.2697802
2017,757,8404,0,0.6081848,0.55172265,-0.23205513
2017,757,8406,0,0.18780957,0.21743636,0.1836373
2017,757,8407,1,0.29362053,0.41033342,0.51527715
2017,757,8408,0,0.13893493,0.16701676,0.21724512
2017,757,8409,0,0.07105325,0.04996151,-0.37462786
2017,757,8411,1,0.072696455,0.0697382,-0.04472949
2017,757,8412,0,0.15527248,0.16158831,0.04737526
2017,757,8413,0,0.06128949,0.036422174,-0.54657674
2017,757,8414,0,0.08451146,0.08532417,0.010458626
2017,757,8415,0,0.15816294,0.10917579,-0.42722726
2017,757,8416,0,0.17058116,0.1688578,-0.012229943
2017,757,8417,0,0.17833897,0.21356827,0.22409259
2017,757,8418,0,0.16042474,0.10967534,-0.43899038
2017,757,8419,0,0.14842287,0.1306047,-0.14859803
2017,757,8420,0,0.41504985,0.38249764,-0.1358323
2017,757,8421,0,0.06958523,0.0564406,-0.22339244
2017,757,8422,0,0.13787746,0.09823077,-0.38400707
2017,757,8423,1,0.14124204,0.118957095,-0.19733135
2017,757,8424,0,0.06933513,0.04570433,-0.441833
2017,757,8425,0,0.2414093,0.20414011,-0.21564803
2017,757,8426,0,0.24354501,0.24949504,0.032034
2017,757,8427,0,0.10341399,0.07734666,-0.31910235
2017,757,8428,0,0.09691323,0.08837857,-0.10159284
2017,757,8429,0,0.11208476,0.18194664,0.56640667
2017,757,8430,0,0.18351686,0.20779318,0.15442044
2017,757,8431,0,0.039918777,0.039197072,-0.01899622
2017,757,8432,0,0.091682814,0.049873687,-0.6538426
2017,757,8433,0,0.14967252,0.12075113,-0.24816436
2017,757,8434,0,0.26442686,0.17718223,-0.5124708
2017,757,8435,0,0.18309772,0.16596259,-0.119016334
2017,757,8436,0,0.16060062,0.15485618,-0.0432441
2017,757,8437,0,0.14667547,0.14108613,-0.04538056
2017,757,8438,0,0.09111456,0.08322731,-0.09918264
2017,757,8439,0,0.16216268,0.18235983,0.14178337
2017,757,8440,0,0.15197147,0.17319474,0.1560689
2017,757,8441,0,0.13194558,0.11568579,-0.15006971
2017,757,8442,0,0.17197558,0.15998496,-0.08664973
2017,757,8443,0,0.060362127,0.067677274,0.12220416
2017,757,8445,0,0.23991226,0.32613304,0.42743325
2017,757,8446,0,0.1363767,0.14656281,0.08389787
2017,757,8447,1,0.2372889,0.25426844,0.091625966
2017,757,8448,0,0.04313507,0.043412086,0.0066910856
2017,757,8449,0,0.5266959,0.50409496,-0.09050514
2017,757,8450,0,0.17565584,0.110136405,-0.5432871
2017,757,8451,0,0.07691077,0.058153216,-0.2996815
2017,757,8452,0,0.10202198,0.09817195,-0.042746123
2017,757,8453,0,0.15109438,0.14385663,-0.057577346
2017,757,8454,0,0.24456917,0.2809831,0.18819968
2017,757,8455,0,0.23278369,0.2824831,0.26048133
2017,757,8456,0,0.11144295,0.063608505,-0.6132004
2017,757,8457,0,0.1166559,0.16599785,0.41022518
2017,757,8458,0,0.11670835,0.11954921,0.027271274
2017,757,8459,0,0.17190754,0.2077961,0.23390652
2017,757,8460,0,0.09038961,0.113659665,0.25499472
2017,757,8461,0,0.15126996,0.18035279,0.2107159
2017,757,8462,0,0.1189695,0.11354467,-0.052809346
2017,757,8463,0,0.16428548,0.19100192,0.18316841
2017,757,8464,0,0.12559284,0.17148626,0.3653707
2017,757,8465,0,0.12573914,0.102747284,-0.22789578
2017,757,8466,0,0.032149587,0.037221856,0.15175095
2017,757,8467,0,0.12043262,0.09529371,-0.2623068
2017,757,8468,1,0.326692,0.29409307,-0.15240197
2017,757,8470,0,0.2007206,0.18091382,-0.12837175
2017,757,8471,0,0.04213752,0.041402847,-0.018355587
2017,757,8472,1,0.10819183,0.0914405,-0.18682681
2017,757,8473,0,0.13251123,0.09169357,-0.41419426
2017,757,8474,1,0.1747701,0.15851943,-0.11709516
2017,757,8475,0,0.41373512,0.44948947,0.14581199
2017,757,8476,0,0.15875985,0.10131338,-0.5152314
2017,757,8477,0,0.08498345,0.07509403,-0.1344654
2017,757,8478,0,0.12965149,0.15326127,0.19479562
2017,757,8479,0,0.046479043,0.05186343,0.115275085
2017,757,8480,0,0.12910655,0.1099582,-0.18228646
2017,757,8481,0,0.09279715,0.063135155,-0.41731128
2017,757,8482,0,0.08949458,0.05405218,-0.54241556
2017,757,8483,0,0.08683282,0.056339487,-0.46543652
2017,757,8484,0,0.104519024,0.072810166,-0.39631084
2017,757,8485,0,0.13949831,0.1113372,-0.25769126
2017,764,8402,1,0.33478928,0.36809212,0.14619207
2017,764,8403,1,0.6270772,0.62427336,-0.011971749
2017,764,8405,0,0.6242136,0.60742754,-0.07096007
2017,764,8406,0,0.3707977,0.38571343,0.06342925
2017,764,8407,0,0.117265195,0.14318952,0.22953917
2017,764,8408,0,0.28088108,0.3209664,0.19076112
2017,764,8409,0,0.033529676,0.032707043,-0.02569138
2017,764,8411,0,0.22956248,0.20951138,-0.11708979
2017,764,8412,0,0.17695126,0.18425094,0.049332827
2017,764,8413,0,0.06079371,0.047032237,-0.271199
2017,764,8414,0,0.052229617,0.05547028,0.0636226
2017,764,8415,0,0.04171078,0.032833382,-0.24853498
2017,764,8418,0,0.07211265,0.053874172,-0.3110436
2017,764,8419,0,0.12989692,0.1406323,0.09182242
2017,764,8420,0,0.21463476,0.2811725,0.3585582
2017,764,8421,0,0.07919398,0.0620491,-0.26242256
2017,764,8422,0,0.10238763,0.08075814,-0.26111808
2017,764,8423,0,0.16815872,0.16022158,-0.057846986
2017,764,8425,0,0.15142691,0.13544214,-0.13022056
2017,764,8426,0,0.19450913,0.22035041,0.1573473
2017,764,8428,0,0.085500665,0.08376558,-0.02239745
2017,764,8429,0,0.1627864,0.16761427,0.035009746
2017,764,8431,0,0.06243968,0.06974102,0.11840587
2017,764,8434,1,0.1736121,0.18644264,0.08694803
2017,764,8437,0,0.17517172,0.20161116,0.17315349
2017,764,8438,0,0.1389681,0.14465614,0.046742994
2017,764,8439,0,0.19069855,0.24086408,0.29752955
2017,764,8440,0,0.3445201,0.35166946,0.031506237
2017,764,8441,1,0.3793033,0.38787383,0.03624802
2017,764,8442,0,0.24492837,0.22349553,-0.11956414
2017,764,8443,0,0.07257196,0.09032845,0.23820545
2017,764,8445,0,0.23123331,0.31495774,0.4243182
2017,764,8447,0,0.27220222,0.24213795,-0.15751584
2017,764,8448,1,0.16147442,0.12656039,-0.28442112
2017,764,8450,0,0.121584095,0.08323614,-0.4216543
2017,764,8451,0,0.101278216,0.07642436,-0.3088491
2017,764,8452,0,0.10683557,0.091553085,-0.17133759
2017,764,8453,0,0.16615498,0.18624562,0.1385344
2017,764,8454,1,0.3280269,0.36980912,0.18408686
2017,764,8455,1,0.4808641,0.48336866,0.010031074
2017,764,8456,0,0.19028644,0.13561168,-0.40407658
2017,764,8457,0,0.20336777,0.20501246,0.010121409
2017,764,8458,0,0.16359064,0.1719723,0.060037754
2017,764,8459,0,0.1789574,0.22100987,0.26363623
2017,764,8460,0,0.1846945,0.2017285,0.10933379
2017,764,8461,1,0.36120728,0.39825043,0.15736778
2017,764,8462,0,0.1636646,0.16608858,0.017604578
2017,764,8463,0,0.4140325,0.4391999,0.10290996
2017,764,8464,0,0.44600654,0.47067377,0.09937971
2017,764,8466,0,0.10599278,0.091763064,-0.1599526
2017,764,8467,0,0.13910645,0.09439056,-0.43843558
2017,764,8468,1,0.36531803,0.34528542,-0.087472364
2017,764,8470,0,0.18032332,0.16452551,-0.11077566
2017,764,8471,0,0.13045613,0.11535205,-0.14026919
2017,764,8472,1,0.18278815,0.18546714,0.017833512
2017,764,8473,0,0.1585252,0.10616284,-0.46130693
2017,764,8475,0,0.24865131,0.29195178,0.21989478
2017,764,8476,0,0.2693126,0.2796484,0.0519066
2017,764,8477,0,0.07737424,0.07225451,-0.07399307
2017,764,8479,0,0.061272964,0.055371754,-0.10753579
2017,764,8480,0,0.12224337,0.10111437,-0.2135481
2017,764,8481,0,0.038829394,0.03389662,-0.14098124
2017,764,8482,0,0.051667236,0.040970754,-0.24318136
2017,764,8483,0,0.046475068,0.041305333,-0.12333157
2017,764,8484,0,0.044985857,0.043630525,-0.03200936
2017,764,8485,0,0.07950908,0.06698032,-0.18499148
2017,752,8401,0,0.570581,0.5940295,0.096426405
2017,752,8402,1,0.5831968,0.58749,0.01768835
2017,752,8403,1,0.30610698,0.17586781,-0.72621524
2017,752,8404,0,0.1813497,0.21887325,0.23498508
2017,752,8405,0,0.24233913,0.26606148,0.12519999
2017,752,8406,0,0.6954409,0.7375556,0.20762137
2017,752,8407,0,0.25379944,0.2451875,-0.045996044
2017,752,8408,0,0.1301416,0.14683059,0.14002869
2017,752,8409,0,0.12745644,0.08984984,-0.391832
2017,752,8410,0,0.22787744,0.24183731,0.0777026
2017,752,8412,0,0.04977567,0.05946488,0.18810864
2017,752,8413,0,0.08269159,0.05915041,-0.36037397
2017,752,8414,0,0.09970123,0.09523993,-0.05072195
2017,752,8415,0,0.12335682,0.07044123,-0.61891246
2017,752,8416,0,0.1714081,0.16646425,-0.035215456
2017,752,8417,0,0.29654676,0.34100342,0.20497075
2017,752,8418,0,0.07403168,0.057417113,-0.2719346
2017,752,8419,0,0.1444034,0.13469742,-0.080859974
2017,752,8420,0,0.18477508,0.19624785,0.074412055
2017,752,8421,0,0.068627454,0.053113863,-0.2727742
2017,752,8422,0,0.068004824,0.051293194,-0.29979283
2017,752,8423,0,0.13700096,0.10631128,-0.28856054
2017,752,8424,0,0.053415805,0.040729452,-0.28446847
2017,752,8425,0,0.14158747,0.117307454,-0.21601157
2017,752,8426,0,0.13959353,0.16015722,0.16161132
2017,752,8427,0,0.040077817,0.03863485,-0.03817025
2017,752,8428,0,0.111012064,0.09520454,-0.17123649
2017,752,8429,0,0.051469073,0.06026735,0.16712826
2017,752,8430,0,0.15846631,0.18398409,0.18009953
2017,752,8431,0,0.03302853,0.03317772,0.004660994
2017,752,8432,0,0.06645423,0.048823457,-0.32701227
2017,752,8433,0,0.1337392,0.09977965,-0.33138102
2017,752,8434,0,0.09336615,0.0991203,0.06617242
2017,752,8436,0,0.12276921,0.101296276,-0.21643984
2017,752,8437,0,0.28436527,0.33234656,0.22531931
2017,752,8438,0,0.110756025,0.09908069,-0.12443928
2017,752,8439,0,0.23134136,0.26224023,0.16639537
2017,752,8440,0,0.18304391,0.20167944,0.12002861
2017,752,8441,0,0.14575382,0.12516661,-0.17608732
2017,752,8442,0,0.26276904,0.25066957,-0.06341873
2017,752,8443,0,0.07192121,0.07580002,0.056715526
2017,752,8447,0,0.8603325,0.65175486,-1.1912923
2017,752,8448,0,0.16875902,0.10808718,-0.51598233
2017,752,8449,0,0.63175863,0.62114066,-0.045376174
2017,752,8450,0,0.1518612,0.123756915,-0.23724683
2017,752,8451,0,0.18639219,0.14204362,-0.32479358
2017,752,8452,0,0.33876073,0.27242252,-0.31354457
2017,752,8453,1,0.5474472,0.560522,0.052919295
2017,752,8454,0,0.24927066,0.27058053,0.11082668
2017,752,8455,0,0.16959816,0.20057975,0.20580302
2017,752,8456,1,0.15534174,0.108133115,-0.41664928
2017,752,8458,0,0.17336491,0.17091958,-0.017159317
2017,752,8459,0,0.2757315,0.31041643,0.16756144
2017,752,8460,0,0.13302727,0.14117722,0.068906754
2017,752,8461,1,0.6275239,0.6567939,0.12743022
2017,752,8462,0,0.12479944,0.13605677,0.09931024
2017,752,8463,0,0.19246629,0.22137512,0.17639303
2017,752,8464,0,0.10738533,0.11894839,0.11530503
2017,752,8465,0,0.25868258,0.23727062,-0.1148748
2017,752,8466,0,0.04162684,0.044401694,0.06743182
2017,752,8467,0,0.094256565,0.07702527,-0.2207326
2017,752,8468,0,0.2586815,0.1949684,-0.3652112
2017,752,8470,0,0.2780399,0.21997939,-0.3115812
2017,752,8471,0,0.072702385,0.07318553,0.0071447305
2017,752,8472,1,0.09639901,0.100765616,0.04914547
2017,752,8473,0,0.24348038,0.20047258,-0.2496513
2017,752,8474,0,0.12345365,0.13213405,0.07790342
2017,752,8475,0,0.29072675,0.3601965,0.31734577
2017,752,8476,0,0.348221,0.29623476,-0.23842438
2017,752,8477,0,0.1011775,0.08250316,-0.22460334
2017,752,8478,0,0.3062693,0.31792423,0.054291412
2017,752,8479,0,0.06256278,0.051942214,-0.19730425
2017,752,8480,0,0.1528206,0.14143136,-0.09080434
2017,752,8481,0,0.06866415,0.050274026,-0.33129215
2017,752,8482,0,0.036617555,0.02911885,-0.23689559
2017,752,8483,0,0.061726633,0.049636662,-0.2307888
2017,752,8484,0,0.066930376,0.054142956,-0.22563668
2017,752,8485,1,0.06742352,0.0583009,-0.15511109
2017,372,8403,0,0.2697329,0.16065317,-0.65739787
2017,372,8406,0,0.5225474,0.6753511,0.6422375
2017,372,8407,1,0.2361257,0.24359031,0.040943675
2017,372,8409,0,0.14389633,0.08386988,-0.60759336
2017,372,8411,0,0.16443723,0.15853341,-0.043604363
2017,372,8412,0,0.29047498,0.286235,-0.020662278
2017,372,8413,0,0.16223091,0.10924114,-0.4567942
2017,372,8414,0,0.09568428,0.101727374,0.06794734
2017,372,8415,0,0.1673802,0.1131274,-0.4548775
2017,372,8418,0,0.13347235,0.08466551,-0.5099818
2017,372,8419,1,0.5322195,0.4306763,-0.40814915
2017,372,8421,0,0.15568665,0.13448368,-0.17120509
2017,372,8422,0,0.1740592,0.13024406,-0.34167507
2017,372,8423,0,0.5662947,0.34861255,-0.8918928
2017,372,8424,0,0.16070601,0.13236026,-0.22726475
2017,372,8425,0,0.23016565,0.22568306,-0.02547346
2017,372,8427,0,0.112127416,0.10452449,-0.07874107
2017,372,8428,0,0.19522187,0.14919907,-0.32446688
2017,372,8429,0,0.20879498,0.22728832,0.10851768
2017,372,8430,0,0.4447308,0.48550287,0.1639791
2017,372,8432,0,0.13758455,0.09183126,-0.45597905
2017,372,8433,0,0.13093075,0.11025694,-0.19536512
2017,372,8434,0,0.2615023,0.27629137,0.07524193
2017,372,8436,0,0.27132052,0.21878251,-0.28484246
2017,372,8437,0,0.34850213,0.40793747,0.25313133
2017,372,8438,0,0.37829506,0.27747282,-0.46024096
2017,372,8441,0,0.23943786,0.22815734,-0.06298133
2017,372,8442,1,0.72399116,0.715018,-0.044464663
2017,372,8443,0,0.10095369,0.11247393,0.12095615
2017,372,8448,0,0.22273792,0.13998084,-0.5656674
2017,372,8450,0,0.27637562,0.257029,-0.09895659
2017,372,8451,0,0.18913288,0.15776615,-0.21928947
2017,372,8456,1,0.5118475,0.4016864,-0.44584236
2017,372,8457,1,0.7642508,0.7541092,-0.055477764
2017,372,8459,1,0.6565324,0.6955438,0.1782877
2017,372,8460,1,0.3982793,0.28174084,-0.52320296
2017,372,8461,1,0.5040533,0.5041006,0.0001892599
2017,372,8462,0,0.23951791,0.18309769,-0.34017536
2017,372,8463,0,0.51158416,0.4884026,-0.09274263
2017,372,8465,0,0.21731177,0.20488632,-0.07462843
2017,372,8466,0,0.10833618,0.09866954,-0.1042457
2017,372,8467,0,0.19001105,0.18255326,-0.049205344
2017,372,8468,0,0.26860166,0.15890808,-0.66464627
2017,372,8470,0,0.5995309,0.57046366,-0.11976759
2017,372,8471,0,0.04763342,0.04549339,-0.048212092
2017,372,8472,0,0.3325399,0.2489944,-0.40726304
2017,372,8473,0,0.11821915,0.09298057,-0.26836994
2017,372,8474,0,0.25659266,0.27382454,0.088450275
2017,372,8475,1,0.40700266,0.46318462,0.22884169
2017,372,8477,0,0.13415952,0.122085445,-0.10815699
2017,372,8478,1,0.73988116,0.73545676,-0.022863936
2017,372,8479,0,0.079485565,0.06635131,-0.19477941
2017,372,8480,0,0.20365436,0.17357123,-0.19691657
2017,372,8481,1,0.15525186,0.11579663,-0.33886176
2017,372,8484,0,0.16720241,0.116337225,-0.421997
2017,372,8485,0,0.20986381,0.18711966,-0.14308903
2017,40,8401,0,0.22728328,0.22898577,0.009668369
2017,40,8402,0,0.18557994,0.21707244,0.1961816
2017,40,8403,0,0.15134731,0.094752915,-0.5328625
2017,40,8404,1,0.37150785,0.39660937,0.10614065
2017,40,8405,0,0.2157502,0.26192,0.2545933
2017,40,8406,0,0.27076134,0.30886957,0.1853538
2017,40,8407,0,0.0988775,0.09847688,-0.0045043426
2017,40,8408,0,0.11986948,0.16500272,0.37220025
2017,40,8409,0,0.076625146,0.0508129,-0.4383456
2017,40,8411,0,0.13196844,0.12192021,-0.090705276
2017,40,8412,0,0.124904126,0.13439222,0.084117554
2017,40,8413,0,0.07529854,0.04748159,-0.49075723
2017,40,8414,0,0.05101517,0.05828365,0.14088728
2017,40,8415,0,0.17266017,0.12106347,-0.4155075
2017,40,8416,0,0.21579665,0.1934852,-0.13718942
2017,40,8417,0,0.17529821,0.20617507,0.20039603
2017,40,8418,0,0.12481915,0.07997587,-0.49511018
2017,40,8419,0,0.12973313,0.11139647,-0.17323513
2017,40,8420,1,0.22999208,0.24747194,0.09621477
2017,40,8421,0,0.11265342,0.09107403,-0.23667148
2017,40,8422,0,0.1898239,0.1226041,-0.516843
2017,40,8423,0,0.091311015,0.06381956,-0.38801727
2017,40,8424,0,0.067345686,0.051912382,-0.2766939
2017,40,8425,0,0.1972429,0.17057258,-0.17795846
2017,40,8426,0,0.117881715,0.12840585,0.09751661
2017,40,8427,0,0.12410617,0.09931734,-0.25072533
2017,40,8428,0,0.14351943,0.11460724,-0.25815925
2017,40,8429,0,0.102649115,0.10796903,0.056473874
2017,40,8430,0,0.13228418,0.14212465,0.0831576
2017,40,8431,0,0.035685033,0.033250865,-0.073171526
2017,40,8432,0,0.061172448,0.040290542,-0.43957907
2017,40,8433,0,0.11745786,0.095294245,-0.23391332
2017,40,8434,0,0.14059064,0.13108474,-0.081008635
2017,40,8435,0,0.26875567,0.2634037,-0.027407063
2017,40,8436,0,0.1581533,0.14042585,-0.1397245
2017,40,8437,0,0.14892483,0.13540618,-0.11092207
2017,40,8438,0,0.06076137,0.0681225,0.122221544
2017,40,8439,0,0.18721393,0.20562103,0.11669019
2017,40,8440,0,0.18551742,0.21456937,0.1818053
2017,40,8441,1,0.62013966,0.5654975,-0.22663693
2017,40,8442,0,0.17133778,0.15788545,-0.097870626
2017,40,8443,0,0.049555033,0.056234878,0.1335064
2017,40,8444,0,0.27610844,0.46569505,0.82641226
2017,40,8445,0,0.15543935,0.18283287,0.1952897
2017,40,8446,0,0.3575474,0.27837634,-0.36650482
2017,40,8448,0,0.17805812,0.13184464,-0.35518673
2017,40,8449,0,0.26648298,0.23088522,-0.19077894
2017,40,8450,0,0.30124083,0.2585369,-0.21219091
2017,40,8451,0,0.09929627,0.07279103,-0.33951783
2017,40,8452,1,0.44567353,0.32327953,-0.5205738
2017,40,8453,1,0.21588704,0.27182177,0.30439854
2017,40,8454,1,0.16675249,0.19800374,0.21000206
2017,40,8455,0,0.19233406,0.23412874,0.24977183
2017,40,8456,0,0.096374534,0.066880055,-0.39745995
2017,40,8457,0,0.24739283,0.28290895,0.18248817
2017,40,8458,0,0.19185925,0.17820571,-0.090577275
2017,40,8459,0,0.24311458,0.25206077,0.048027474
2017,40,8460,0,0.12468353,0.14744747,0.19404389
2017,40,8461,0,0.13185698,0.15791115,0.21078558
2017,40,8462,0,0.10885782,0.10112678,-0.082305595
2017,40,8463,0,0.26953447,0.2821004,0.062919036
2017,40,8464,0,0.17178413,0.19826524,0.17586315
2017,40,8465,0,0.12325718,0.10344112,-0.19762067
2017,40,8466,0,0.053601492,0.052675113,-0.018412195
2017,40,8467,0,0.124097265,0.09415165,-0.3097758
2017,40,8468,0,0.16288969,0.17733261,0.102357835
2017,40,8470,0,0.37728876,0.31482783,-0.27657223
2017,40,8471,0,0.03793336,0.03698276,-0.026366748
2017,40,8472,0,0.13582864,0.12685995,-0.078635305
2017,40,8473,0,0.089259274,0.06862483,-0.2852947
2017,40,8474,0,0.21435487,0.19753258,-0.102915466
2017,40,8475,0,0.3014248,0.3594927,0.26295555
2017,40,8476,1,0.18399586,0.1508779,-0.23822601
2017,40,8477,0,0.057705328,0.05470436,-0.05658572
2017,40,8478,0,0.38601157,0.3308759,-0.24011742
2017,40,8479,0,0.041409463,0.0398286,-0.040571894
2017,40,8480,0,0.105270766,0.08493348,-0.23714314
2017,40,8481,0,0.056611937,0.036968336,-0.4467665
2017,40,8482,0,0.09073991,0.0690102,-0.29736015
2017,40,8483,0,0.08961691,0.06061538,-0.42235506
2017,40,8484,0,0.096663006,0.077253744,-0.24539402
2017,40,8485,0,0.10304664,0.08885293,-0.16389975
2017,724,8401,0,0.31026253,0.2999425,-0.048679538
2017,724,8402,0,0.2630226,0.28355533,0.10342352
2017,724,8403,0,0.21330018,0.13239886,-0.57476676
2017,724,8404,0,0.23142116,0.2924593,0.31683427
2017,724,8405,0,0.21661754,0.25205606,0.19781123
2017,724,8407,0,0.10536066,0.12034684,0.14988159
2017,724,8408,0,0.14267972,0.1477826,0.041109648
2017,724,8409,0,0.048033763,0.036797088,-0.27821988
2017,724,8410,0,0.15790932,0.22314885,0.42645693
2017,724,8411,0,0.1118862,0.10512211,-0.06994697
2017,724,8412,0,0.18706433,0.20330286,0.10342152
2017,724,8413,0,0.068604626,0.046553604,-0.41115496
2017,724,8414,0,0.07441124,0.059409205,-0.24123591
2017,724,8415,0,0.12016016,0.07306987,-0.54954773
2017,724,8416,0,0.19606727,0.1872308,-0.05704724
2017,724,8417,0,0.15659866,0.17632197,0.14228868
2017,724,8418,0,0.123387605,0.08184715,-0.45677602
2017,724,8419,0,0.13035098,0.11742583,-0.11917697
2017,724,8420,0,0.10794118,0.13155313,0.22464998
2017,724,8421,0,0.09137163,0.06930943,-0.3003446
2017,724,8422,0,0.060164873,0.048150722,-0.23545471
2017,724,8423,0,0.13579006,0.10401493,-0.30268344
2017,724,8424,0,0.071923375,0.047863204,-0.43284863
2017,724,8425,0,0.1211547,0.099942476,-0.21632315
2017,724,8426,0,0.14949802,0.16374975,0.10795509
2017,724,8427,0,0.059887666,0.048187986,-0.22972882
2017,724,8428,0,0.11440604,0.09791221,-0.17413604
2017,724,8430,0,0.14889292,0.17073,0.1628481
2017,724,8431,0,0.032368653,0.029876327,-0.08269635
2017,724,8432,0,0.068032846,0.046126954,-0.41182607
2017,724,8433,0,0.15695664,0.12997292,-0.22014956
2017,724,8434,0,0.1207397,0.14811595,0.23598887
2017,724,8435,0,0.24300167,0.19976461,-0.25147358
2017,724,8436,0,0.07708164,0.061127473,-0.24904273
2017,724,8437,0,0.15938875,0.15691426,-0.018585932
2017,724,8438,0,0.08874133,0.078863114,-0.128794
2017,724,8439,0,0.26315776,0.2847449,0.10857449
2017,724,8440,1,0.43622428,0.38582036,-0.20841554
2017,724,8441,0,0.1290689,0.1157841,-0.12375742
2017,724,8442,0,0.23913191,0.20411031,-0.20335534
2017,724,8443,0,0.03515243,0.040314637,0.14238536
2017,724,8444,0,0.33441854,0.40701115,0.31193265
2017,724,8445,0,0.13694434,0.17609842,0.2978965
2017,724,8446,0,0.31869298,0.38726774,0.30097297
2017,724,8447,0,0.14412326,0.14449151,0.0029821426
2017,724,8448,0,0.06795163,0.059940178,-0.13400757
2017,724,8449,0,0.67350274,0.5193192,-0.64675546
2017,724,8450,0,0.20354174,0.111424536,-0.7119685
2017,724,8451,0,0.09934085,0.07963346,-0.24276754
2017,724,8452,0,0.17903791,0.15469015,-0.17539984
2017,724,8453,0,0.14357585,0.13810949,-0.045179293
2017,724,8454,0,0.30888158,0.3059044,-0.013983884
2017,724,8455,0,0.32526687,0.3397402,0.06521902
2017,724,8456,0,0.16794106,0.13048106,-0.2964219
2017,724,8457,0,0.13898581,0.1598057,0.16406462
2017,724,8458,0,0.07269744,0.09508095,0.292857
2017,724,8459,0,0.15982297,0.20731515,0.31836024
2017,724,8460,0,0.11761911,0.122169055,0.043124005
2017,724,8461,0,0.11394373,0.13981996,0.23428965
2017,724,8462,0,0.086362295,0.08615302,-0.0026553744
2017,724,8463,0,0.17835015,0.18100373,0.01800367
2017,724,8464,0,0.05780156,0.071024545,0.2201432
2017,724,8465,0,0.09215083,0.08012042,-0.15306045
2017,724,8466,0,0.035064824,0.034375384,-0.02057196
2017,724,8467,0,0.20747234,0.15785141,-0.33407295
2017,724,8468,0,0.20538953,0.20211366,-0.020192219
2017,724,8470,0,0.3028409,0.2658678,-0.1818839
2017,724,8471,0,0.06661504,0.046845466,-0.37303555
2017,724,8472,0,0.07629791,0.07936711,0.04276693
2017,724,8473,0,0.09591466,0.06900425,-0.35862154
2017,724,8474,0,0.19684611,0.18767741,-0.05904888
2017,724,8475,0,0.41537434,0.45590028,0.16493316
2017,724,8476,0,0.20912209,0.15295874,-0.38135594
2017,724,8477,0,0.08671752,0.08356222,-0.040513426
2017,724,8478,1,0.32190818,0.36715817,0.20058857
2017,724,8479,0,0.037933882,0.032254744,-0.1680654
2017,724,8480,0,0.10719307,0.1005704,-0.071164005
2017,724,8481,0,0.072023444,0.04963852,-0.3960604
2017,724,8482,0,0.07054,0.041037347,-0.57294583
2017,724,8483,0,0.11001766,0.082432754,-0.3191825
2017,724,8484,0,0.106340036,0.082093835,-0.28554857
2018,842,8401,0,0.20693931,0.37991533,0.8535665
2018,842,8402,0,0.16545704,0.19382104,0.19280222
2018,842,8403,0,0.11087279,0.1881301,0.61965036
2018,842,8404,1,0.217282,0.23555261,0.10435749
2018,842,8405,0,0.2121388,0.21333565,0.0071462835
2018,842,8406,0,0.121805735,0.15248078,0.26016542
2018,842,8407,0,0.12815805,0.13929407,0.096178256
2018,842,8408,0,0.39005986,0.47418448,0.34370673
2018,842,8409,0,0.11303664,0.09314322,-0.21575451
2018,842,8410,1,0.20026375,0.22222567,0.1319037
2018,842,8411,0,0.090122595,0.10927245,0.21394463
2018,842,8412,0,0.06370925,0.07579264,0.1866611
2018,842,8413,0,0.12797214,0.10167057,-0.25979027
2018,842,8414,0,0.11217574,0.08941304,-0.25211594
2018,842,8415,0,0.117804624,0.08502352,-0.36258444
2018,842,8416,0,0.19456463,0.18856075,-0.03877068
2018,842,8417,0,0.12229229,0.15397063,0.26710737
2018,842,8418,0,0.12836784,0.069375806,-0.6808498
2018,842,8419,0,0.13088065,0.14384733,0.10949848
2018,842,8420,1,0.15038994,0.15691796,0.05020476
2018,842,8421,0,0.10220414,0.07653599,-0.31740022
2018,842,8422,0,0.10054568,0.08944553,-0.12924775
2018,842,8423,0,0.16278906,0.14410934,-0.14394955
2018,842,8424,0,0.100362815,0.071889654,-0.36481836
2018,842,8425,0,0.11541892,0.114699446,-0.0070661013
2018,842,8426,0,0.09736787,0.121575534,0.2492247
2018,842,8427,0,0.08358461,0.065081574,-0.27020738
2018,842,8428,0,0.1519716,0.109529756,-0.376333
2018,842,8429,0,0.06569656,0.075008035,0.14256476
2018,842,8430,0,0.096183635,0.1153354,0.20300272
2018,842,8431,0,0.0540239,0.056431048,0.046140987
2018,842,8432,0,0.14417027,0.12683173,-0.14819066
2018,842,8433,0,0.109191604,0.09724343,-0.12921013
2018,842,8434,0,0.14369375,0.17071123,0.20434877
2018,842,8435,1,0.24834652,0.23450816,-0.07557789
2018,842,8436,0,0.10860724,0.08991284,-0.20965256
2018,842,8437,0,0.48192078,0.41680917,-0.26353756
2018,842,8438,0,0.08785221,0.09808219,0.121428445
2018,842,8439,0,0.16930322,0.21145731,0.27441016
2018,842,8440,0,0.13432172,0.18355156,0.37080738
2018,842,8441,0,0.13420497,0.10812528,-0.24575518
2018,842,8442,0,0.26209283,0.26369432,0.008264574
2018,842,8443,0,0.02731611,0.035120714,0.25937048
2018,842,8444,0,0.19410267,0.21520764,0.12975329
2018,842,8445,0,0.1720547,0.22471371,0.3327295
2018,842,8446,0,0.27145913,0.25728792,-0.07288062
2018,842,8449,0,0.24945064,0.2072763,-0.23987776
2018,842,8450,0,0.14376062,0.10215569,-0.38909826
2018,842,8451,0,0.106465735,0.09477363,-0.12933233
2018,842,8453,0,0.15350261,0.19597198,0.2957271
2018,842,8454,0,0.11628937,0.15961349,0.36694133
2018,842,8455,0,0.14132574,0.18518426,0.32271147
2018,842,8456,1,0.09776491,0.058400515,-0.557946
2018,842,8457,0,0.13764279,0.16079757,0.18270208
2018,842,8458,0,0.10805197,0.12543662,0.1688713
2018,842,8459,0,0.13291197,0.17612256,0.33261177
2018,842,8460,0,0.069277346,0.10366609,0.44070542
2018,842,8461,1,0.094455615,0.11138328,0.1837175
2018,842,8462,0,0.07115053,0.07568822,0.066722095
2018,842,8463,0,0.14218113,0.15390126,0.09296631
2018,842,8464,0,0.12321142,0.15622833,0.27580094
2018,842,8465,0,0.11419385,0.090756536,-0.2558317
2018,842,8466,0,0.03155855,0.037159555,0.16917649
2018,842,8467,0,0.13837953,0.11407778,-0.22093388
2018,842,8468,0,0.12616779,0.17114212,0.35772124
2018,842,8470,0,0.20162857,0.14038573,-0.43594325
2018,842,8471,0,0.031256665,0.024122413,-0.2664287
2018,842,8472,0,0.07044774,0.08112747,0.15270615
2018,842,8473,0,0.08089993,0.10306852,0.26659647
2018,842,8474,0,0.15060677,0.19152708,0.289732
2018,842,8475,0,0.14776547,0.16976583,0.16494758
2018,842,8476,0,0.14701691,0.10160726,-0.42130008
2018,842,8477,0,0.09171713,0.10751171,0.17643316
2018,842,8478,0,0.27117687,0.37170795,0.463763
2018,842,8479,0,0.056787945,0.05804375,0.023205223
2018,842,8480,0,0.14295316,0.12039592,-0.19771078
2018,842,8481,0,0.08304092,0.059690237,-0.35531157
2018,842,8482,0,0.09302511,0.08835374,-0.056658164
2018,842,8483,0,0.08832699,0.071106985,-0.23557238
2018,842,8484,0,0.09863151,0.07597553,-0.2858038
2018,842,8485,0,0.077983774,0.07000438,-0.116559945
2018,276,8401,1,0.45195654,0.3853282,-0.27422446
2018,276,8402,1,0.17105438,0.18955426,0.12526406
2018,276,8403,0,0.06670597,0.05095913,-0.2860021
2018,276,8404,0,0.10434182,0.12777732,0.22913082
2018,276,8405,0,0.26464206,0.3036109,0.1918175
2018,276,8406,0,0.14187686,0.17477793,0.24765185
2018,276,8407,0,0.111655235,0.13263217,0.19606057
2018,276,8408,0,0.13795134,0.17353097,0.2716043
2018,276,8409,0,0.075591005,0.075170435,-0.0060341954
2018,276,8411,0,0.08336414,0.0952404,0.14622705
2018,276,8412,0,0.071585685,0.07556535,0.05839854
2018,276,8413,0,0.08280784,0.06464788,-0.26717344
2018,276,8414,0,0.07436703,0.06218057,-0.19204976
2018,276,8415,0,0.1054152,0.07532284,-0.3692086
2018,276,8416,0,0.11132964,0.13199879,0.19383061
2018,276,8417,0,0.08950763,0.11047609,0.23377451
2018,276,8418,0,0.08990139,0.056833837,-0.49427107
2018,276,8419,0,0.091042906,0.089388736,-0.020154377
2018,276,8420,0,0.091916814,0.12550454,0.34914684
2018,276,8421,0,0.058673497,0.046708725,-0.24068755
2018,276,8422,0,0.090295225,0.06597754,-0.34015048
2018,276,8423,0,0.12701784,0.09538003,-0.32205805
2018,276,8424,0,0.0570244,0.04510188,-0.24711967
2018,276,8425,0,0.10872184,0.10999615,0.013083365
2018,276,8426,0,0.058475852,0.077988096,0.30888423
2018,276,8427,0,0.089901835,0.08098913,-0.114148825
2018,276,8428,0,0.065835916,0.05976078,-0.103298075
2018,276,8429,0,0.035932187,0.04339062,0.19637632
2018,276,8430,0,0.07977307,0.0974122,0.2191198
2018,276,8431,0,0.029010756,0.03834795,0.28869694
2018,276,8432,0,0.07254764,0.06642764,-0.09470733
2018,276,8433,0,0.094711855,0.08295164,-0.1454883
2018,276,8434,0,0.082458995,0.10292823,0.24429226
2018,276,8435,0,0.15766568,0.15446444,-0.02430621
2018,276,8436,0,0.08475723,0.07931601,-0.07227843
2018,276,8437,0,0.14081047,0.15976465,0.14859453
2018,276,8438,0,0.07611577,0.07720941,0.015450243
2018,276,8439,0,0.13951044,0.17712313,0.2834005
2018,276,8440,0,0.09423871,0.11612922,0.2333374
2018,276,8441,0,0.09676517,0.08658311,-0.1223922
2018,276,8442,0,0.13259245,0.1362357,0.03131528
2018,276,8443,0,0.03992287,0.050142296,0.238617
2018,276,8444,0,0.61133534,0.6131413,0.007607045
2018,276,8445,1,0.35926834,0.43097475,0.3006659
2018,276,8446,1,0.26777872,0.24417123,-0.124023356
2018,276,8447,1,0.4422065,0.40624952,-0.14727974
2018,276,8448,1,0.05501959,0.053816285,-0.023385806
2018,276,8449,0,0.20729755,0.24064654,0.19215457
2018,276,8450,0,0.14542235,0.091127604,-0.5289789
2018,276,8451,0,0.070230104,0.05747131,-0.21412034
2018,276,8452,0,0.053363718,0.053025093,-0.0067234407
2018,276,8453,1,0.13300568,0.14479014,0.098579004
2018,276,8454,0,0.11661644,0.16428106,0.3981556
2018,276,8455,0,0.14530012,0.19091271,0.32785854
2018,276,8456,0,0.06529943,0.05214262,-0.23897839
2018,276,8457,0,0.14260928,0.165012,0.17238596
2018,276,8458,0,0.063023634,0.0806104,0.26506588
2018,276,8459,0,0.06841118,0.08837292,0.2776898
2018,276,8460,0,0.047332168,0.058314305,0.22025204
2018,276,8461,0,0.07099606,0.09675704,0.33770022
2018,276,8462,0,0.044644117,0.06446448,0.38835666
2018,276,8463,0,0.09405503,0.12477397,0.3171202
2018,276,8464,0,0.057234675,0.07403297,0.27532926
2018,276,8465,0,0.06433759,0.058317315,-0.104658514
2018,276,8466,0,0.024453124,0.031564523,0.2625921
2018,276,8467,0,0.12469779,0.09780829,-0.27314153
2018,276,8468,0,0.17316252,0.17820327,0.034809392
2018,276,8470,0,0.22009529,0.15375914,-0.44030547
2018,276,8471,0,0.03410352,0.025790859,-0.28794977
2018,276,8472,0,0.056781597,0.071251795,0.24246785
2018,276,8473,0,0.11732681,0.14872359,0.2733444
2018,276,8474,0,0.092394575,0.11222965,0.21657564
2018,276,8475,0,0.107778795,0.1289203,0.20309395
2018,276,8476,0,0.1729097,0.14388917,-0.21821202
2018,276,8477,0,0.06446506,0.069861546,0.08617716
2018,276,8478,1,0.088552564,0.12021027,0.34099707
2018,276,8479,0,0.05324612,0.055061765,0.035450216
2018,276,8480,0,0.083948046,0.0781191,-0.07830642
2018,276,8481,0,0.07590146,0.059160456,-0.2671366
2018,276,8482,0,0.048234846,0.052564926,0.090527326
2018,276,8483,0,0.047672957,0.041086484,-0.15557735
2018,276,8484,0,0.08834513,0.065809906,-0.3188992
2018,276,8485,0,0.08552588,0.084435344,-0.0140247345
2018,392,8401,0,0.33045673,0.2679524,-0.29891604
2018,392,8402,1,0.31590524,0.32820663,0.056346655
2018,392,8403,0,0.24572289,0.2422345,-0.018912269
2018,392,8404,1,0.25470388,0.26205674,0.03837415
2018,392,8406,1,0.1323073,0.14641677,0.11772447
2018,392,8407,0,0.05925125,0.071465135,0.20049103
2018,392,8408,0,0.07480947,0.092706986,0.23403358
2018,392,8409,0,0.048076995,0.05387031,0.119880214
2018,392,8411,0,0.112234525,0.12584381,0.12989935
2018,392,8412,0,0.0738621,0.07166034,-0.032636825
2018,392,8413,0,0.06439112,0.05474167,-0.17261133
2018,392,8414,0,0.050578326,0.048191532,-0.05085062
2018,392,8415,0,0.07215831,0.05418723,-0.30560067
2018,392,8416,0,0.14764678,0.16264573,0.11450528
2018,392,8417,0,0.16288693,0.20897038,0.3057601
2018,392,8418,0,0.086799115,0.05955713,-0.4060555
2018,392,8419,0,0.06733317,0.08321644,0.22896872
2018,392,8420,1,0.22858433,0.27925766,0.26817527
2018,392,8421,0,0.04529646,0.03613854,-0.23541564
2018,392,8422,0,0.06256042,0.055048395,-0.13590142
2018,392,8423,0,0.15393831,0.09438628,-0.5571768
2018,392,8424,0,0.06438854,0.047187317,-0.32902855
2018,392,8425,0,0.081159085,0.07794066,-0.04396017
2018,392,8426,0,0.07782097,0.09343245,0.19990157
2018,392,8427,0,0.03351686,0.03581908,0.06881686
2018,392,8428,0,0.08991729,0.07354312,-0.21885046
2018,392,8429,0,0.041858807,0.052531093,0.23830403
2018,392,8430,0,0.0775767,0.1040524,0.32274985
2018,392,8431,0,0.033760633,0.040348597,0.1851026
2018,392,8432,0,0.09885042,0.1062899,0.08085221
2018,392,8433,0,0.13307051,0.09406594,-0.39089206
2018,392,8434,0,0.12346094,0.16382334,0.33000514
2018,392,8435,0,0.3163201,0.36786777,0.22936004
2018,392,8437,1,0.23916979,0.2491863,0.054279856
2018,392,8438,0,0.07069412,0.084874906,0.19819327
2018,392,8439,0,0.18733753,0.19451836,0.046490006
2018,392,8440,0,0.15781152,0.19365859,0.2481919
2018,392,8441,0,0.09658739,0.09525036,-0.015418219
2018,392,8442,0,0.22740617,0.20323955,-0.14315303
2018,392,8443,0,0.03463978,0.04273826,0.21851642
2018,392,8444,0,0.26747012,0.26788607,0.0021219086
2018,392,8445,1,0.23830904,0.25860912,0.10876221
2018,392,8446,0,0.26446453,0.3182608,0.2611156
2018,392,8447,1,0.34539625,0.368728,0.10166029
2018,392,8448,0,0.08156463,0.07280331,-0.123128444
2018,392,8449,0,0.2215594,0.19502114,-0.16110611
2018,392,8450,0,0.20292807,0.13147679,-0.5198707
2018,392,8451,0,0.1068221,0.10068339,-0.066033304
2018,392,8452,0,0.07851812,0.07528289,-0.045581266
2018,392,8453,1,0.1548028,0.21996242,0.43153265
2018,392,8454,0,0.14598979,0.20897278,0.43527812
2018,392,8455,0,0.15520962,0.17340314,0.13261408
2018,392,8456,1,0.10504702,0.074070945,-0.38341126
2018,392,8457,1,0.12003428,0.14525045,0.21975668
2018,392,8458,0,0.10740634,0.13618173,0.27014008
2018,392,8459,0,0.077500746,0.10153055,0.29646605
2018,392,8460,0,0.081633024,0.11293301,0.35923746
2018,392,8461,0,0.096221864,0.12800986,0.32125637
2018,392,8462,0,0.07308405,0.087474346,0.19538212
2018,392,8463,0,0.13626531,0.16758594,0.24382812
2018,392,8464,1,0.19075446,0.22884819,0.23028894
2018,392,8465,0,0.07359382,0.06779019,-0.08838875
2018,392,8466,0,0.052170757,0.058673482,0.12435
2018,392,8467,0,0.11401968,0.09331153,-0.22353154
2018,392,8468,0,0.25839436,0.30579454,0.23447618
2018,392,8470,1,0.41701367,0.35251844,-0.2729425
2018,392,8471,0,0.033521753,0.023339132,-0.37254378
2018,392,8472,0,0.06296486,0.0736964,0.16889597
2018,392,8473,0,0.09945285,0.13695541,0.36250794
2018,392,8474,0,0.06998621,0.083279744,0.18830428
2018,392,8475,1,0.198616,0.27148074,0.40784404
2018,392,8476,0,0.15449785,0.11573942,-0.33365992
2018,392,8477,0,0.07288084,0.08834673,0.20926559
2018,392,8478,0,0.34204036,0.5130774,0.7065363
2018,392,8479,0,0.09036748,0.09866074,0.09696151
2018,392,8480,0,0.08636187,0.09084995,0.055587463
2018,392,8481,0,0.063931726,0.06162912,-0.039138105
2018,392,8482,0,0.043683153,0.042862702,-0.01981807
2018,392,8483,0,0.05289056,0.044136845,-0.19013005
2018,392,8484,0,0.03686735,0.03341347,-0.10194686
2018,392,8485,0,0.0733485,0.07346294,0.0016826092
2018,156,8401,1,0.37653828,0.39629546,0.08334281
2018,156,8402,0,0.06576916,0.08419969,0.26696542
2018,156,8403,0,0.09015894,0.09260304,0.029437708
2018,156,8404,1,0.14732203,0.1514675,0.03262371
2018,156,8405,0,0.072969064,0.108712524,0.43799144
2018,156,8407,0,0.057243913,0.067531064,0.17623802
2018,156,8408,0,0.04006804,0.056335293,0.3578336
2018,156,8409,0,0.055910934,0.056154113,0.004597749
2018,156,8411,0,0.08691662,0.10287198,0.18616454
2018,156,8412,0,0.048099652,0.053517386,0.112439446
2018,156,8413,0,0.06898569,0.0635572,-0.087772496
2018,156,8414,0,0.06525443,0.06385019,-0.023255467
2018,156,8415,0,0.079555735,0.06597715,-0.20179391
2018,156,8416,0,0.05990972,0.08656538,0.39682543
2018,156,8417,0,0.09000383,0.11713009,0.29369557
2018,156,8418,0,0.10177955,0.061561607,-0.54657245
2018,156,8419,0,0.28689465,0.2353679,-0.26773083
2018,156,8420,0,0.10205573,0.13315551,0.301247
2018,156,8421,0,0.046660446,0.039742526,-0.16770522
2018,156,8422,0,0.04108931,0.038102806,-0.07856959
2018,156,8423,0,0.11324947,0.09410839,-0.20650184
2018,156,8424,0,0.060195502,0.04948775,-0.20720145
2018,156,8425,0,0.0848429,0.092021525,0.08909636
2018,156,8426,0,0.057209786,0.074380755,0.28085306
2018,156,8427,0,0.05877691,0.05480188,-0.074238926
2018,156,8428,0,0.038402855,0.04635303,0.19645686
2018,156,8431,0,0.025149114,0.036168523,0.37473464
2018,156,8432,0,0.019108126,0.02242896,0.1636305
2018,156,8433,0,0.058588985,0.050906587,-0.14868197
2018,156,8434,1,0.052299827,0.06829533,0.2838706
2018,156,8436,0,0.034334794,0.039489385,0.14522472
2018,156,8439,0,0.12454305,0.15342416,0.24210119
2018,156,8440,0,0.10086213,0.12477133,0.23967937
2018,156,8441,0,0.045248397,0.047104754,0.0421528
2018,156,8442,0,0.101852,0.11551787,0.14123696
2018,156,8443,0,0.02307241,0.03133998,0.31475598
2018,156,8444,0,0.09811546,0.12847364,0.30381924
2018,156,8445,0,0.090691,0.11385222,0.2532445
2018,156,8446,0,0.14449748,0.23678556,0.6080428
2018,156,8447,0,0.21385357,0.28381985,0.3762595
2018,156,8448,0,0.037811223,0.038669713,0.023343261
2018,156,8449,0,0.15900588,0.18514137,0.18374854
2018,156,8450,0,0.13035837,0.0968969,-0.33439526
2018,156,8451,0,0.08495372,0.08639321,0.018376747
2018,156,8452,0,0.1681024,0.14943182,-0.13992822
2018,156,8453,0,0.065214716,0.106052645,0.5309205
2018,156,8454,0,0.3381249,0.30602694,-0.14709853
2018,156,8455,0,0.07448398,0.090837255,0.21631259
2018,156,8456,0,0.037435636,0.0322747,-0.15368685
2018,156,8457,0,0.037698243,0.050559223,0.30698678
2018,156,8458,0,0.028204286,0.03656757,0.26833105
2018,156,8459,0,0.034507997,0.050848547,0.4047299
2018,156,8460,0,0.033048663,0.03938985,0.1821066
2018,156,8461,0,0.023143701,0.032578066,0.35162133
2018,156,8462,0,0.033385895,0.045367036,0.3191246
2018,156,8463,0,0.12514496,0.1600689,0.2868699
2018,156,8464,0,0.051847003,0.072683185,0.36003342
2018,156,8465,0,0.106618404,0.10264396,-0.042428695
2018,156,8466,0,0.018240452,0.023019467,0.23757814
2018,156,8467,0,0.08711924,0.08405957,-0.039098114
2018,156,8468,0,0.076367125,0.090246044,0.18212797
2018,156,8470,0,0.11643025,0.09896521,-0.18209776
2018,156,8471,0,0.030844444,0.02582048,-0.18295917
2018,156,8472,0,0.031222412,0.038501136,0.21709333
2018,156,8473,0,0.06923399,0.09205812,0.30975586
2018,156,8475,0,0.04967011,0.07573723,0.44967914
2018,156,8476,0,0.1102011,0.09087871,-0.21426421
2018,156,8477,0,0.059273515,0.07255895,0.21646002
2018,156,8478,0,0.074130215,0.108571954,0.41949886
2018,156,8479,0,0.048016842,0.05383423,0.1204873
2018,156,8480,0,0.062725335,0.05151818,-0.20871694
2018,156,8481,0,0.058467075,0.055706907,-0.051287014
2018,156,8482,0,0.043995198,0.046701346,0.06252708
2018,156,8483,0,0.05581349,0.04779292,-0.16359688
2018,156,8484,0,0.06194684,0.04804171,-0.26892158
2018,380,8401,0,0.28791472,0.4554308,0.72678214
2018,380,8402,1,0.2520664,0.29355535,0.20944299
2018,380,8403,0,0.107507326,0.08374107,-0.2761103
2018,380,8404,0,0.148224,0.14612773,-0.016701544
2018,380,8405,0,0.17145191,0.21048097,0.25334334
2018,380,8406,1,0.5300157,0.52429545,-0.022948908
2018,380,8407,0,0.40484506,0.3851755,-0.082320474
2018,380,8408,1,0.23788144,0.2513275,0.07278511
2018,380,8409,0,0.09714831,0.08782954,-0.111109585
2018,380,8411,0,0.12108757,0.1299523,0.080790676
2018,380,8412,0,0.10745124,0.094548896,-0.14227216
2018,380,8413,0,0.09336841,0.06977634,-0.31694692
2018,380,8414,0,0.08984975,0.06375065,-0.3714317
2018,380,8415,0,0.15785062,0.11653017,-0.3513987
2018,380,8416,0,0.12513855,0.1216314,-0.032427214
2018,380,8417,0,0.40698266,0.43586156,0.11847807
2018,380,8418,0,0.09373958,0.06013695,-0.4803035
2018,380,8419,0,0.15507607,0.13472366,-0.16449235
2018,380,8420,0,0.17941648,0.2151638,0.22623044
2018,380,8421,0,0.081144914,0.06173939,-0.29421377
2018,380,8422,0,0.08972708,0.06566457,-0.3383042
2018,380,8423,0,0.12728067,0.10041665,-0.26738426
2018,380,8424,0,0.0858494,0.0594233,-0.39640588
2018,380,8425,0,0.1391,0.12314452,-0.14019823
2018,380,8426,0,0.068021856,0.08806365,0.27997
2018,380,8427,0,0.06619887,0.055124603,-0.19485697
2018,380,8428,0,0.094737865,0.08358939,-0.137437
2018,380,8429,0,0.041330922,0.04640841,0.12118037
2018,380,8430,0,0.09581443,0.1162877,0.216557
2018,380,8431,0,0.02943303,0.04197474,0.36795676
2018,380,8432,0,0.049106915,0.045552276,-0.07887065
2018,380,8433,0,0.08229409,0.0748673,-0.10264221
2018,380,8434,0,0.13097674,0.16208062,0.24952208
2018,380,8435,0,0.11251255,0.112393804,-0.0011897531
2018,380,8436,0,0.08158185,0.0782399,-0.045459233
2018,380,8438,0,0.17323826,0.1643192,-0.06358716
2018,380,8439,1,0.13851166,0.15751539,0.1508749
2018,380,8440,1,0.21312174,0.23378016,0.11912202
2018,380,8441,0,0.207327,0.16713317,-0.2649694
2018,380,8442,0,0.26496136,0.25632077,-0.044841133
2018,380,8443,0,0.035137206,0.042004555,0.18566029
2018,380,8444,0,0.20540038,0.2287292,0.13737656
2018,380,8445,0,0.20718858,0.2601342,0.29668492
2018,380,8446,1,0.22386332,0.20573145,-0.107557066
2018,380,8447,0,0.50336856,0.4065557,-0.39169684
2018,380,8448,1,0.0734172,0.066438004,-0.10739306
2018,380,8449,0,0.2981914,0.23991607,-0.2972144
2018,380,8450,0,0.1790091,0.13287903,-0.352664
2018,380,8451,0,0.25931117,0.18775806,-0.4150922
2018,380,8453,1,0.0797478,0.07447962,-0.074052125
2018,380,8454,0,0.15750149,0.20685908,0.33297387
2018,380,8455,0,0.101162046,0.11543396,0.14798047
2018,380,8456,0,0.041885424,0.032858316,-0.25211075
2018,380,8457,0,0.058124088,0.074310005,0.26299962
2018,380,8458,0,0.08895118,0.114450924,0.280447
2018,380,8459,0,0.110701405,0.14465506,0.30644372
2018,380,8460,0,0.05226217,0.06908474,0.29697078
2018,380,8461,0,0.06774289,0.0923352,0.33643928
2018,380,8462,0,0.05717098,0.070529066,0.22424802
2018,380,8463,0,0.08493424,0.109393984,0.28017235
2018,380,8464,0,0.104497224,0.12627248,0.21389838
2018,380,8465,0,0.09451222,0.09383544,-0.007933556
2018,380,8466,0,0.040822007,0.048890784,0.18881536
2018,380,8467,0,0.13662791,0.107287444,-0.2751684
2018,380,8468,0,0.2163687,0.19853431,-0.10852557
2018,380,8470,0,0.24385324,0.23619045,-0.042011112
2018,380,8471,0,0.048778445,0.037713345,-0.2688398
2018,380,8472,0,0.13302974,0.12817313,-0.0427769
2018,380,8473,0,0.10618076,0.13528347,0.2753312
2018,380,8474,0,0.4295866,0.396281,-0.13744733
2018,380,8475,0,0.41079012,0.41746467,0.027510205
2018,380,8476,0,0.1317007,0.112297826,-0.1814771
2018,380,8477,0,0.102948196,0.11802156,0.15358725
2018,380,8478,0,0.1306062,0.16591422,0.28074417
2018,380,8479,0,0.06400664,0.05457159,-0.16950332
2018,380,8480,1,0.12745735,0.09129703,-0.3742701
2018,380,8481,0,0.08642841,0.06701588,-0.27541324
2018,380,8482,0,0.08626894,0.092484474,0.07639675
2018,380,8483,0,0.11534075,0.09609099,-0.20412141
2018,380,8484,0,0.09626865,0.07034842,-0.34196022
2018,380,8485,0,0.10610241,0.12757951,0.20865476
2018,826,8401,1,0.6478971,0.6759616,0.12546583
2018,826,8402,0,0.102262236,0.12707081,0.24522759
2018,826,8403,0,0.23715574,0.2270163,-0.0568993
2018,826,8404,0,0.13016616,0.15896602,0.2335489
2018,826,8405,0,0.19028707,0.21499117,0.15304795
2018,826,8406,0,0.16574875,0.21939059,0.34684038
2018,826,8408,0,0.61009187,0.5790306,-0.12890328
2018,826,8409,0,0.070687994,0.06688294,-0.059417978
2018,826,8410,1,0.34288195,0.38110265,0.16560672
2018,826,8411,0,0.09747299,0.12653105,0.2936386
2018,826,8412,0,0.11081415,0.10562557,-0.053772144
2018,826,8413,0,0.09200161,0.06818157,-0.32552722
2018,826,8414,0,0.085410744,0.07542575,-0.13518152
2018,826,8415,0,0.11581804,0.08948832,-0.28725612
2018,826,8416,0,0.13930573,0.15654975,0.13694125
2018,826,8418,0,0.10671229,0.06299737,-0.5748209
2018,826,8419,0,0.106001176,0.107259594,0.013210423
2018,826,8420,1,0.16678101,0.21336937,0.3038809
2018,826,8421,0,0.08782879,0.067599446,-0.2837242
2018,826,8422,0,0.080070816,0.05947479,-0.31950068
2018,826,8423,0,0.121973455,0.09119591,-0.32524598
2018,826,8424,0,0.07551294,0.060266756,-0.24188039
2018,826,8425,0,0.16187075,0.13747363,-0.19205949
2018,826,8426,0,0.07494594,0.09725001,0.28492448
2018,826,8427,0,0.09362006,0.08053701,-0.16485906
2018,826,8428,0,0.08614789,0.08134379,-0.06262419
2018,826,8429,0,0.028275,0.035157807,0.224977
2018,826,8430,0,0.058433354,0.075064175,0.2682774
2018,826,8431,0,0.030645644,0.039726924,0.26895115
2018,826,8432,0,0.044616383,0.03990269,-0.11657902
2018,826,8433,0,0.16491883,0.1300221,-0.27868795
2018,826,8434,0,0.21542738,0.26424834,0.26851198
2018,826,8435,1,0.31624186,0.39248013,0.33419797
2018,826,8436,0,0.14353651,0.12566765,-0.15359767
2018,826,8437,0,0.087126635,0.103582315,0.19119483
2018,826,8438,0,0.05383054,0.059051298,0.098098576
2018,826,8439,0,0.1680972,0.1971371,0.19488877
2018,826,8440,0,0.16174686,0.19204067,0.20848297
2018,826,8441,1,0.13134135,0.09884914,-0.32092723
2018,826,8442,0,0.23832421,0.23420054,-0.022853496
2018,826,8443,1,0.044288315,0.05704936,0.2666384
2018,826,8444,1,0.3333619,0.35894343,0.11306575
2018,826,8445,1,0.17719732,0.22771335,0.31418434
2018,826,8446,1,0.8674164,0.8308492,-0.28664818
2018,826,8447,0,0.6236741,0.5385674,-0.35059553
2018,826,8448,0,0.08147232,0.060963713,-0.31206647
2018,826,8449,1,0.5870676,0.6006807,0.056446057
2018,826,8450,0,0.18177815,0.12078002,-0.48071778
2018,826,8451,0,0.13743171,0.104512356,-0.31127602
2018,826,8452,0,0.113990605,0.10406474,-0.10224349
2018,826,8453,0,0.121039055,0.15807763,0.31002557
2018,826,8454,0,0.20561013,0.29749194,0.49232283
2018,826,8455,0,0.20027255,0.2392786,0.22795314
2018,826,8456,0,0.13597474,0.10336016,-0.31130183
2018,826,8457,1,0.19863209,0.23817934,0.23217872
2018,826,8458,0,0.13951628,0.16179223,0.17436045
2018,826,8459,0,0.17167473,0.22285335,0.32468912
2018,826,8460,0,0.07880503,0.08306627,0.057298504
2018,826,8461,0,0.14151213,0.16771466,0.20087579
2018,826,8462,0,0.05863916,0.074456215,0.25575355
2018,826,8463,0,0.14624667,0.1821095,0.26222736
2018,826,8464,0,0.14503706,0.16717806,0.16830853
2018,826,8465,1,0.24730167,0.26226193,0.07881041
2018,826,8466,0,0.050263576,0.05303209,0.056535747
2018,826,8467,0,0.09781973,0.07456607,-0.296889
2018,826,8468,0,0.20075083,0.2228957,0.13273768
2018,826,8470,0,0.34167278,0.26001298,-0.3900525
2018,826,8471,0,0.030145368,0.024032094,-0.23292468
2018,826,8472,0,0.22950917,0.2036321,-0.15266164
2018,826,8473,0,0.09745426,0.1178072,0.21247514
2018,826,8474,0,0.11818242,0.13142744,0.12135965
2018,826,8475,0,0.10941231,0.13408098,0.2314106
2018,826,8476,0,0.15727443,0.11392919,-0.37257054
2018,826,8477,0,0.057216026,0.07250949,0.253238
2018,826,8478,0,0.09012916,0.12809364,0.3941385
2018,826,8479,0,0.08634149,0.07946283,-0.09052139
2018,826,8480,0,0.15018587,0.12546471,-0.20852406
2018,826,8481,0,0.08615703,0.06841858,-0.24975215
2018,826,8482,0,0.07833779,0.07655121,-0.02500674
2018,826,8483,0,0.09669979,0.07592531,-0.26459906
2018,826,8484,0,0.0821122,0.06536607,-0.24616322
2018,826,8485,0,0.08114239,0.07317514,-0.11198329
2018,251,8401,1,0.33405063,0.54673594,0.87741214
2018,251,8403,0,0.093376204,0.06871614,-0.33348888
2018,251,8404,0,0.2710623,0.28525674,0.070705704
2018,251,8407,0,0.1471086,0.13971268,-0.06021729
2018,251,8408,1,0.22902541,0.2680809,0.20944124
2018,251,8409,0,0.09818829,0.082968496,-0.18516198
2018,251,8411,0,0.14079678,0.15394187,0.10467495
2018,251,8412,0,0.21621867,0.18867196,-0.17082281
2018,251,8413,0,0.11620641,0.08580334,-0.3371322
2018,251,8414,0,0.114241116,0.08129785,-0.37670863
2018,251,8415,0,0.16566041,0.13042782,-0.2804809
2018,251,8416,0,0.20875715,0.1948688,-0.08624527
2018,251,8417,0,0.116135806,0.1472297,0.273047
2018,251,8418,0,0.17487273,0.09425148,-0.71131593
2018,251,8419,0,0.13426557,0.12724914,-0.061744794
2018,251,8420,0,0.15998872,0.17158362,0.083866805
2018,251,8421,0,0.08905706,0.06580237,-0.3278292
2018,251,8422,0,0.09731125,0.078962274,-0.22906756
2018,251,8424,0,0.14377931,0.11202558,-0.2859672
2018,251,8425,0,0.12352786,0.111118644,-0.11992708
2018,251,8426,0,0.100081004,0.1253006,0.2531602
2018,251,8427,0,0.057858612,0.05180672,-0.116885394
2018,251,8428,0,0.15222809,0.12564762,-0.22277057
2018,251,8429,0,0.05350901,0.062110953,0.1582021
2018,251,8430,0,0.122425,0.14580047,0.20173815
2018,251,8431,0,0.03382763,0.045932017,0.31849185
2018,251,8432,0,0.04594499,0.03947321,-0.15858318
2018,251,8433,0,0.13533053,0.11436504,-0.19228216
2018,251,8434,1,0.27553266,0.32109243,0.21797453
2018,251,8435,0,0.13702795,0.1371407,0.0009530961
2018,251,8436,0,0.10975846,0.104916625,-0.050540227
2018,251,8438,0,0.09095481,0.090464264,-0.0059472714
2018,251,8439,0,0.14283825,0.176913,0.25450993
2018,251,8440,0,0.34544778,0.34542882,-8.377944e-05
2018,251,8441,0,0.17616175,0.14430724,-0.23739503
2018,251,8442,0,0.3174498,0.26004517,-0.28021738
2018,251,8443,0,0.03662356,0.04938834,0.31236118
2018,251,8444,1,0.5744685,0.56242895,-0.04908064
2018,251,8445,0,0.30257204,0.37148085,0.30921072
2018,251,8446,1,0.5968134,0.48541,-0.45058164
2018,251,8447,1,0.35853764,0.3172859,-0.1845562
2018,251,8448,1,0.13082428,0.08314088,-0.5067271
2018,251,8449,0,0.2732912,0.22506975,-0.2583748
2018,251,8450,1,0.25902802,0.18312658,-0.44428
2018,251,8451,1,0.18050909,0.12947088,-0.392743
2018,251,8453,0,0.1655309,0.18136142,0.11048712
2018,251,8454,0,0.48820376,0.50184125,0.054558773
2018,251,8455,0,0.18087995,0.20777874,0.17203008
2018,251,8456,0,0.13622993,0.08694934,-0.50450337
2018,251,8457,0,0.08667075,0.10976249,0.2618106
2018,251,8458,0,0.16542141,0.23237407,0.42347652
2018,251,8459,0,0.16799864,0.19993919,0.2132038
2018,251,8460,0,0.22818336,0.2838935,0.2933678
2018,251,8461,0,0.1235668,0.14479658,0.18306905
2018,251,8462,0,0.18541746,0.20121124,0.10132468
2018,251,8463,0,0.21757564,0.21069773,-0.040874094
2018,251,8464,0,0.18117824,0.19538368,0.09298497
2018,251,8465,0,0.20085768,0.16405576,-0.24741301
2018,251,8466,0,0.032751426,0.044252194,0.31291988
2018,251,8467,0,0.21279559,0.15569463,-0.3824617
2018,251,8468,0,0.26505664,0.27641732,0.05754682
2018,251,8470,0,0.26658475,0.18533993,-0.46855953
2018,251,8471,0,0.028980993,0.023532052,-0.21387257
2018,251,8472,0,0.12842509,0.12791216,-0.004590251
2018,251,8473,0,0.10122884,0.1300742,0.28334194
2018,251,8475,0,0.17614046,0.20320275,0.17632234
2018,251,8476,0,0.16290787,0.13257913,-0.24159539
2018,251,8477,0,0.123758465,0.13461436,0.09654884
2018,251,8478,1,0.33326194,0.4290135,0.4075912
2018,251,8479,0,0.098631375,0.08732623,-0.13420273
2018,251,8480,0,0.12582695,0.09869861,-0.27339813
2018,251,8481,0,0.10228818,0.08015503,-0.2681875
2018,251,8482,0,0.103879854,0.09963805,-0.04641315
2018,251,8483,0,0.10183198,0.08367011,-0.21646173
2018,251,8484,0,0.1341188,0.10559796,-0.2714947
2018,251,8485,0,0.13145436,0.11871499,-0.11649507
2018,490,8401,0,0.803983,0.8118815,0.0509054
2018,490,8402,0,0.15780209,0.24991569,0.5756114
2018,490,8403,0,0.15857174,0.19040146,0.22149007
2018,490,8404,0,0.19664803,0.21623097,0.119610265
2018,490,8405,0,0.39562503,0.43116614,0.14663292
2018,490,8406,1,0.33260533,0.34423715,0.051956598
2018,490,8407,1,0.21992067,0.22958681,0.055483144
2018,490,8408,0,0.16631372,0.20373194,0.24885045
2018,490,8409,0,0.10133008,0.0887906,-0.14595944
2018,490,8410,0,0.5101421,0.527711,0.07038357
2018,490,8411,1,0.14408757,0.15935014,0.118675515
2018,490,8412,0,0.07800459,0.07811163,0.0014875197
2018,490,8413,0,0.074259035,0.062900156,-0.17820622
2018,490,8414,0,0.073217176,0.06716807,-0.09273772
2018,490,8415,0,0.12883604,0.08668092,-0.44356194
2018,490,8416,0,0.24817447,0.26886672,0.10799236
2018,490,8417,0,0.18168908,0.19988863,0.11795497
2018,490,8418,0,0.08551883,0.061826706,-0.3499788
2018,490,8419,0,0.07617543,0.08638731,0.13691702
2018,490,8420,0,0.21249016,0.23864713,0.14986916
2018,490,8421,0,0.060447298,0.05264694,-0.14643164
2018,490,8422,0,0.05142406,0.047490723,-0.08370976
2018,490,8423,0,0.15651655,0.1168609,-0.3381199
2018,490,8424,0,0.07805877,0.05899369,-0.3004999
2018,490,8425,0,0.12291692,0.10773886,-0.14895537
2018,490,8426,0,0.08653445,0.11202522,0.28648368
2018,490,8427,0,0.109462224,0.07926832,-0.35608423
2018,490,8428,1,0.096177794,0.12816124,0.3231188
2018,490,8429,1,0.23674555,0.30643052,0.35374525
2018,490,8430,1,0.17745632,0.24234188,0.39379433
2018,490,8431,0,0.05266077,0.0706094,0.3124206
2018,490,8432,0,0.11033141,0.086751536,-0.26659936
2018,490,8433,0,0.14135727,0.109294996,-0.29390022
2018,490,8434,0,0.23722288,0.28535303,0.24990426
2018,490,8435,0,0.16909964,0.1560503,-0.095892735
2018,490,8436,0,0.077204384,0.08829035,0.1462607
2018,490,8437,1,0.14620629,0.15834507,0.09407761
2018,490,8438,0,0.056262396,0.07622661,0.32506552
2018,490,8439,0,0.113393895,0.13905576,0.23337859
2018,490,8440,0,0.22520843,0.27133626,0.24771419
2018,490,8441,0,0.09312415,0.09598949,0.03346968
2018,490,8442,1,0.22400513,0.17772926,-0.28933132
2018,490,8443,0,0.042869303,0.05443541,0.2510167
2018,490,8444,1,0.26596904,0.2949206,0.14356697
2018,490,8445,0,0.1603111,0.22594637,0.42457172
2018,490,8446,1,0.2707022,0.25735444,-0.06870181
2018,490,8447,1,0.16562274,0.2087438,0.2844587
2018,490,8448,0,0.09201892,0.062079035,-0.42602792
2018,490,8449,0,0.26788467,0.3388254,0.33684838
2018,490,8450,0,0.22793129,0.15405156,-0.48314166
2018,490,8451,1,0.10091671,0.09372404,-0.08190895
2018,490,8452,0,0.056812,0.053599834,-0.06160137
2018,490,8453,0,0.12932019,0.17290975,0.34183887
2018,490,8454,0,0.17075434,0.21421139,0.28056607
2018,490,8455,0,0.101826355,0.119391754,0.17889182
2018,490,8456,0,0.14236344,0.112827875,-0.26637834
2018,490,8457,1,0.108953424,0.1441317,0.32008716
2018,490,8458,0,0.08972354,0.10053192,0.12568685
2018,490,8459,1,0.1245952,0.16760372,0.34690997
2018,490,8460,0,0.08213114,0.12915683,0.5053028
2018,490,8461,0,0.07067699,0.09155765,0.28157377
2018,490,8462,0,0.071248755,0.09867087,0.355583
2018,490,8463,1,0.081191786,0.11993412,0.43320918
2018,490,8464,1,0.23669454,0.28468376,0.24954212
2018,490,8465,0,0.07965212,0.067691915,-0.17561375
2018,490,8466,1,0.041783586,0.044715464,0.07088025
2018,490,8467,0,0.17513567,0.14083578,-0.25870767
2018,490,8468,0,0.37203288,0.3506689,-0.09259477
2018,490,8470,1,0.2781944,0.18403338,-0.53582054
2018,490,8471,0,0.054917514,0.035760105,-0.44906744
2018,490,8472,1,0.11116841,0.11761497,0.06364913
2018,490,8473,0,0.15493047,0.20203033,0.32278982
2018,490,8474,0,0.08975819,0.111640304,0.2424965
2018,490,8475,0,0.35249865,0.20908439,-0.7223792
2018,490,8476,0,0.14877652,0.11211021,-0.32513583
2018,490,8477,0,0.053366162,0.06637154,0.23192523
2018,490,8478,0,0.23439309,0.28491318,0.26344985
2018,490,8479,0,0.12388474,0.14538081,0.1848466
2018,490,8480,0,0.06003553,0.06029419,0.004574405
2018,490,8481,0,0.07523791,0.06567025,-0.14630187
2018,490,8482,0,0.065568395,0.06944332,0.061572447
2018,490,8483,0,0.08664092,0.0775277,-0.12106512
2018,490,8484,0,0.08533827,0.0690437,-0.22954136
2018,490,8485,0,0.061381772,0.06429143,0.04941819
2018,702,8402,1,0.22545396,0.26491567,0.21358758
2018,702,8405,0,0.6015544,0.5829326,-0.07712237
2018,702,8406,1,0.5276681,0.56100374,0.13445121
2018,702,8407,0,0.26721382,0.2710686,0.019597175
2018,702,8408,1,0.3026678,0.3365354,0.15585391
2018,702,8409,0,0.039300345,0.04100601,0.0442624
2018,702,8411,0,0.19203295,0.20142937,0.059469685
2018,702,8412,0,0.05652416,0.060741197,0.076433755
2018,702,8413,0,0.05358293,0.04944764,-0.08467594
2018,702,8414,0,0.042973354,0.041434534,-0.038072202
2018,702,8416,0,0.37058774,0.38288805,0.05238848
2018,702,8418,0,0.10239298,0.098848194,-0.039174262
2018,702,8419,0,0.108419575,0.124286324,0.15453576
2018,702,8420,0,0.20450644,0.23038173,0.15220624
2018,702,8421,0,0.041030772,0.03632409,-0.12673707
2018,702,8422,0,0.08093747,0.06966614,-0.1621519
2018,702,8423,1,0.19032066,0.17342566,-0.11361292
2018,702,8424,0,0.07597964,0.061482865,-0.22727405
2018,702,8425,0,0.12794754,0.12346244,-0.040813345
2018,702,8427,0,0.13450788,0.13925378,0.040173877
2018,702,8428,0,0.09931022,0.08790147,-0.13461894
2018,702,8430,1,0.46343043,0.48485404,0.085937575
2018,702,8431,0,0.046214387,0.05439942,0.17168087
2018,702,8432,0,0.22783937,0.2510806,0.12769443
2018,702,8433,1,0.43628398,0.41388175,-0.09168407
2018,702,8434,1,0.30527177,0.30975252,0.021041758
2018,702,8435,1,0.32605296,0.34315538,0.0768276
2018,702,8436,0,0.13831733,0.14493813,0.054469578
2018,702,8437,0,0.20960046,0.23538415,0.14918074
2018,702,8438,0,0.11663843,0.14393044,0.24163428
2018,702,8439,0,0.2599813,0.36610723,0.49711218
2018,702,8440,1,0.61339515,0.62987447,0.070072226
2018,702,8441,0,0.1376176,0.14426988,0.05495065
2018,702,8442,1,0.466348,0.46033856,-0.024168037
2018,702,8443,0,0.056560043,0.0644261,0.13858867
2018,702,8445,1,0.2643493,0.30638006,0.20638636
2018,702,8446,1,0.70009357,0.6990425,-0.005000932
2018,702,8448,0,0.1893763,0.17693245,-0.08320241
2018,702,8449,1,0.45869076,0.45580253,-0.011638056
2018,702,8451,0,0.19547394,0.17350283,-0.1461763
2018,702,8452,0,0.17776641,0.14547525,-0.23898536
2018,702,8453,0,0.16726531,0.33217636,0.9067759
2018,702,8454,1,0.6608996,0.63556695,-0.11113107
2018,702,8455,0,0.17027654,0.1910463,0.14044262
2018,702,8456,1,0.12970448,0.10112266,-0.2812381
2018,702,8457,0,0.28159007,0.30371368,0.1069125
2018,702,8458,0,0.22067043,0.23855719,0.101157814
2018,702,8459,0,0.16468988,0.19104041,0.1804749
2018,702,8460,0,0.18737435,0.1813157,-0.040296737
2018,702,8461,0,0.16307232,0.16658735,0.02553477
2018,702,8462,0,0.40077987,0.3932234,-0.03156603
2018,702,8463,1,0.57464373,0.47330427,-0.40770775
2018,702,8464,0,0.22899039,0.25380364,0.13559297
2018,702,8465,0,0.104219265,0.096952036,-0.08036057
2018,702,8466,0,0.13998434,0.1732074,0.25235587
2018,702,8467,0,0.13596773,0.122883275,-0.11621265
2018,702,8468,0,0.24867162,0.27648315,0.14373565
2018,702,8470,0,0.18185234,0.1567801,-0.1785358
2018,702,8471,1,0.028947512,0.02481939,-0.15810114
2018,702,8473,0,0.07031864,0.09797922,0.36192274
2018,702,8474,1,0.119672,0.1367882,0.1533136
2018,702,8475,1,0.3911206,0.43197936,0.16882433
2018,702,8476,0,0.38575798,0.34412953,-0.17976636
2018,702,8477,0,0.12863496,0.14679608,0.15312813
2018,702,8479,0,0.11897944,0.10798632,-0.109346546
2018,702,8480,1,0.15360324,0.13491406,-0.1515756
2018,702,8481,0,0.05552218,0.05242394,-0.060694247
2018,702,8482,0,0.04559301,0.049507048,0.086470105
2018,702,8483,0,0.040617865,0.03828046,-0.06170172
2018,702,8484,0,0.09195933,0.08436106,-0.09457362
2018,528,8401,0,0.28111184,0.3887996,0.48659238
2018,528,8403,0,0.098828845,0.06813195,-0.40543923
2018,528,8404,0,0.13235317,0.13728571,0.04229156
2018,528,8405,0,0.1723322,0.20560463,0.21756177
2018,528,8407,1,0.22587548,0.29393628,0.35540628
2018,528,8408,0,0.2381251,0.2704726,0.17076007
2018,528,8409,0,0.07907172,0.07103707,-0.11584012
2018,528,8410,0,0.21294321,0.24316515,0.17187057
2018,528,8411,0,0.12438554,0.13041633,0.054257408
2018,528,8412,0,0.09300906,0.10285669,0.11155646
2018,528,8413,0,0.109035164,0.07191004,-0.45707816
2018,528,8414,0,0.15390503,0.091364905,-0.5927863
2018,528,8415,0,0.1546379,0.1218503,-0.27634504
2018,528,8416,1,0.19873159,0.2038041,0.03155498
2018,528,8417,1,0.37573504,0.42435852,0.20278424
2018,528,8418,0,0.14675,0.096103795,-0.48096362
2018,528,8419,0,0.09725863,0.08330246,-0.170237
2018,528,8420,0,0.23434909,0.2253295,-0.05095949
2018,528,8421,0,0.07353746,0.054838605,-0.3133827
2018,528,8422,0,0.09708024,0.063536674,-0.46039733
2018,528,8423,0,0.21643521,0.15077348,-0.4419848
2018,528,8424,0,0.13686673,0.10621405,-0.2884485
2018,528,8425,0,0.1327026,0.121224985,-0.103609204
2018,528,8426,0,0.082917586,0.102556,0.2342084
2018,528,8427,0,0.08597001,0.06847499,-0.24648958
2018,528,8428,0,0.1473078,0.12062506,-0.23064993
2018,528,8429,0,0.055755723,0.069480926,0.23471448
2018,528,8430,0,0.090292,0.107286446,0.19131128
2018,528,8431,0,0.030327966,0.04426711,0.3926511
2018,528,8432,0,0.057840794,0.043814056,-0.29251784
2018,528,8433,0,0.11616617,0.1010902,-0.15592188
2018,528,8434,0,0.10544699,0.13930799,0.31706646
2018,528,8435,0,0.1594602,0.18274334,0.16437933
2018,528,8436,0,0.11792867,0.12000852,0.01984343
2018,528,8437,1,0.24607979,0.2774882,0.16267544
2018,528,8438,0,0.07714767,0.07943631,0.031717237
2018,528,8439,0,0.1555642,0.17961513,0.17265293
2018,528,8440,0,0.16791879,0.17954533,0.08101863
2018,528,8441,0,0.12972772,0.104110345,-0.2489976
2018,528,8442,0,0.2676499,0.23134753,-0.194139
2018,528,8443,0,0.042066444,0.053025056,0.24302
2018,528,8444,1,0.6417597,0.5669051,-0.31377512
2018,528,8445,1,0.6399259,0.63293236,-0.030225007
2018,528,8446,0,0.38148826,0.37386346,-0.03244169
2018,528,8447,0,0.20692976,0.21163866,0.028456062
2018,528,8448,1,0.25633126,0.19653188,-0.34298778
2018,528,8449,0,0.35933784,0.21094488,-0.74100006
2018,528,8450,0,0.31703678,0.26909137,-0.2318143
2018,528,8451,0,0.18839738,0.103320345,-0.70040697
2018,528,8452,0,0.2482709,0.19227184,-0.32745987
2018,528,8453,1,0.23307067,0.24252877,0.052187588
2018,528,8454,1,0.18936302,0.24009192,0.30197883
2018,528,8455,0,0.20405665,0.23422356,0.17651612
2018,528,8456,0,0.0858453,0.0660505,-0.28354988
2018,528,8457,0,0.20463836,0.25792202,0.3007555
2018,528,8458,0,0.21533433,0.28201485,0.35857674
2018,528,8459,0,0.16983443,0.21820508,0.3106441
2018,528,8460,0,0.10992056,0.11090529,0.010025393
2018,528,8461,0,0.13620606,0.15567088,0.15636693
2018,528,8462,0,0.10185981,0.11879794,0.17286575
2018,528,8463,0,0.17698607,0.20461568,0.17921014
2018,528,8464,0,0.18925492,0.2099472,0.1296149
2018,528,8465,1,0.1481433,0.135579,-0.10326703
2018,528,8466,0,0.06766461,0.08845221,0.29044777
2018,528,8467,1,0.13641287,0.09952958,-0.35705382
2018,528,8468,0,0.23496006,0.2199386,-0.08551163
2018,528,8470,0,0.28901574,0.20774181,-0.43842214
2018,528,8471,0,0.035436783,0.027359856,-0.26701245
2018,528,8472,0,0.13401562,0.1260652,-0.070296064
2018,528,8473,0,0.20750262,0.30961996,0.53814864
2018,528,8474,0,0.15551735,0.16181217,0.04716087
2018,528,8475,0,0.16132452,0.19219077,0.21256831
2018,528,8476,0,0.35581997,0.23099566,-0.6091444
2018,528,8477,0,0.105002,0.12601279,0.20615971
2018,528,8478,0,0.09036361,0.15803792,0.6363035
2018,528,8479,0,0.13668549,0.11774243,-0.1708881
2018,528,8480,0,0.15553561,0.12319454,-0.2706925
2018,528,8481,0,0.08518371,0.06497759,-0.29261497
2018,528,8482,0,0.16402619,0.16359954,-0.003114869
2018,528,8483,0,0.09621483,0.07452642,-0.27914387
2018,528,8484,0,0.13768522,0.10859871,-0.270485
2018,528,8485,0,0.09291206,0.1013941,0.09675611
2018,410,8401,1,0.27589116,0.34395212,0.3192039
2018,410,8402,0,0.20609236,0.23667371,0.17763953
2018,410,8403,0,0.08416594,0.04635575,-0.6369005
2018,410,8404,0,0.17564017,0.18162885,0.04081919
2018,410,8405,1,0.16871795,0.23839004,0.4332144
2018,410,8406,1,0.48064518,0.5869533,0.42884243
2018,410,8407,0,0.15199727,0.16697425,0.11179632
2018,410,8408,0,0.08866785,0.10483097,0.18534678
2018,410,8409,0,0.05257421,0.052640896,0.0013381022
2018,410,8410,1,0.6845264,0.64315176,-0.18558191
2018,410,8411,0,0.11024971,0.11934341,0.089530356
2018,410,8412,0,0.068507425,0.06645455,-0.032625135
2018,410,8413,0,0.056662086,0.045564655,-0.22966844
2018,410,8414,0,0.05658213,0.055213958,-0.025926586
2018,410,8415,0,0.07856214,0.055790603,-0.36669713
2018,410,8416,0,0.17347953,0.17769845,0.029145982
2018,410,8417,0,0.21438156,0.24631765,0.18036488
2018,410,8418,0,0.13437559,0.06754311,-0.76224446
2018,410,8419,0,0.085444346,0.089277714,0.04808682
2018,410,8420,1,0.29432693,0.30161387,0.03483635
2018,410,8421,0,0.04280968,0.038224027,-0.11807914
2018,410,8422,0,0.08395276,0.07004682,-0.19615684
2018,410,8423,0,0.17983064,0.14074008,-0.29166123
2018,410,8424,0,0.09223815,0.07788576,-0.18481788
2018,410,8425,0,0.12480893,0.108462796,-0.15888175
2018,410,8426,0,0.11709424,0.15036646,0.2885096
2018,410,8427,0,0.10109198,0.08732959,-0.16153541
2018,410,8428,0,0.0758074,0.110318,0.41322747
2018,410,8429,0,0.042770486,0.05628697,0.28883576
2018,410,8431,0,0.030800836,0.043424528,0.35659322
2018,410,8432,0,0.11671047,0.109121,-0.075794525
2018,410,8433,0,0.113817975,0.093512245,-0.21916315
2018,410,8435,0,0.15665394,0.22411123,0.44147143
2018,410,8436,1,0.572404,0.5020941,-0.28328982
2018,410,8437,0,0.1439796,0.17019062,0.1983456
2018,410,8438,0,0.07236726,0.07437575,0.029543446
2018,410,8439,0,0.18100058,0.21961178,0.24165305
2018,410,8440,1,0.27539295,0.2714825,-0.019683493
2018,410,8441,0,0.07105697,0.07394341,0.042930122
2018,410,8442,0,0.28943518,0.23548998,-0.27943793
2018,410,8443,0,0.03712895,0.046566892,0.23634318
2018,410,8444,0,0.28485003,0.31088156,0.12452817
2018,410,8445,1,0.2661337,0.31455338,0.23541117
2018,410,8446,1,0.19312459,0.20915356,0.09979872
2018,410,8447,1,0.28876674,0.31561273,0.12737313
2018,410,8448,0,0.22785652,0.16093989,-0.4307972
2018,410,8449,1,0.3524674,0.3572884,0.021057997
2018,410,8450,0,0.09240537,0.047382094,-0.7163569
2018,410,8451,0,0.118349046,0.10445508,-0.14051716
2018,410,8452,0,0.16717894,0.16234021,-0.035163824
2018,410,8453,0,0.17569233,0.24065681,0.3967276
2018,410,8454,0,0.36934498,0.39319715,0.10113511
2018,410,8455,0,0.21093735,0.23064925,0.11463566
2018,410,8456,0,0.11914074,0.11161723,-0.07373478
2018,410,8457,0,0.11346764,0.16337201,0.42245033
2018,410,8458,0,0.12965076,0.1788742,0.38005665
2018,410,8459,0,0.12759566,0.1596968,0.26190096
2018,410,8460,0,0.1842703,0.18383874,-0.0028736917
2018,410,8461,0,0.13840504,0.14905411,0.08656156
2018,410,8462,0,0.07843054,0.0909216,0.16143098
2018,410,8463,0,0.12869889,0.1669973,0.30545297
2018,410,8464,0,0.2520737,0.277306,0.12971862
2018,410,8465,0,0.10211046,0.09975887,-0.025914632
2018,410,8466,0,0.053667977,0.057354357,0.07033534
2018,410,8467,1,0.12248665,0.10675285,-0.15525688
2018,410,8468,0,0.23378994,0.2996653,0.3381411
2018,410,8470,0,0.72009903,0.5744348,-0.6449843
2018,410,8471,0,0.050042275,0.027680779,-0.61539644
2018,410,8472,0,0.14130111,0.13009524,-0.095591836
2018,410,8473,0,0.1839416,0.20214604,0.11693243
2018,410,8474,0,0.10285202,0.12639426,0.23270646
2018,410,8475,1,0.22951837,0.25214133,0.123808555
2018,410,8476,0,0.17777869,0.14513321,-0.24182342
2018,410,8477,0,0.083258905,0.10219532,0.22580329
2018,410,8478,1,0.30483323,0.33537552,0.14041565
2018,410,8479,0,0.11741044,0.15015697,0.2838141
2018,410,8480,0,0.07075766,0.06808632,-0.041355193
2018,410,8481,0,0.06435063,0.056641188,-0.13581614
2018,410,8482,0,0.09327807,0.09005297,-0.03873762
2018,410,8483,0,0.05636895,0.0490079,-0.14770757
2018,410,8484,0,0.07021223,0.06311971,-0.11408847
2018,410,8485,0,0.069064364,0.066298194,-0.04384321
2018,458,8404,0,0.17339177,0.19922867,0.17065509
2018,458,8405,0,0.2387749,0.23500519,-0.02085363
2018,458,8406,1,0.30395967,0.32520902,0.09857775
2018,458,8407,0,0.1718391,0.15982564,-0.08687707
2018,458,8409,0,0.27675512,0.19354878,-0.46649897
2018,458,8411,0,0.33204958,0.34894064,0.07523075
2018,458,8412,0,0.1260338,0.12586251,-0.0015560206
2018,458,8413,0,0.11204279,0.1029354,-0.09498365
2018,458,8414,0,0.05187591,0.0510284,-0.017365642
2018,458,8415,0,0.06450842,0.049386255,-0.2831592
2018,458,8416,1,0.3146775,0.30735224,-0.0341859
2018,458,8417,0,0.25530553,0.27644545,0.108350605
2018,458,8418,0,0.12128924,0.08173255,-0.43875864
2018,458,8419,0,0.16205363,0.17650427,0.10281343
2018,458,8420,1,0.61944824,0.63367486,0.060807683
2018,458,8421,0,0.08807397,0.07103283,-0.23354943
2018,458,8422,1,0.17648596,0.16700666,-0.06665275
2018,458,8423,1,0.34338126,0.30327904,-0.18346956
2018,458,8424,0,0.09483685,0.07504809,-0.25565544
2018,458,8426,0,0.18602866,0.20406647,0.114954524
2018,458,8427,0,0.2627792,0.20445766,-0.32708994
2018,458,8428,0,0.070609964,0.077726685,0.10371415
2018,458,8430,1,0.49096704,0.47800133,-0.05191572
2018,458,8431,0,0.095000215,0.11170431,0.18060605
2018,458,8434,1,0.66553146,0.6646613,-0.003906294
2018,458,8436,0,0.1180882,0.13325259,0.13815902
2018,458,8437,0,0.32743922,0.3521187,0.11005073
2018,458,8438,0,0.084028825,0.101992406,0.21354489
2018,458,8439,0,0.17081349,0.21973291,0.31264925
2018,458,8441,0,0.27332392,0.2686035,-0.023896145
2018,458,8442,0,0.3632366,0.38766605,0.104210235
2018,458,8443,0,0.09796227,0.10830394,0.11189017
2018,458,8445,1,0.61289257,0.6596516,0.20225438
2018,458,8447,1,0.49557078,0.4980941,0.010093651
2018,458,8448,1,0.12826133,0.12743263,-0.00743213
2018,458,8451,0,0.39765927,0.3615462,-0.15343167
2018,458,8452,0,0.17127469,0.14545438,-0.1940872
2018,458,8454,1,0.2647835,0.34778944,0.3924823
2018,458,8455,0,0.23165962,0.23989384,0.04570205
2018,458,8456,1,0.11508992,0.103643134,-0.117612794
2018,458,8458,0,0.2625577,0.2578284,-0.024569307
2018,458,8459,0,0.2454,0.33636668,0.44377044
2018,458,8460,0,0.28981334,0.35429466,0.29607642
2018,458,8462,1,0.183469,0.2310244,0.2904832
2018,458,8463,0,0.19367076,0.25758305,0.3677638
2018,458,8464,0,0.19452633,0.23517059,0.24152124
2018,458,8465,1,0.22209081,0.1879953,-0.20956573
2018,458,8466,1,0.11870596,0.130271,0.10617712
2018,458,8468,0,0.3161109,0.2827881,-0.15897083
2018,458,8470,1,0.2300693,0.1587519,-0.45962402
2018,458,8471,0,0.03379076,0.027068507,-0.22874981
2018,458,8472,1,0.1627559,0.20293836,0.2698343
2018,458,8473,1,0.096235566,0.1467288,0.47927818
2018,458,8474,0,0.12498379,0.15465716,0.24752691
2018,458,8475,0,0.22126696,0.24903785,0.15454802
2018,458,8476,0,0.20105311,0.17413242,-0.17689298
2018,458,8477,0,0.13441089,0.15579434,0.17264965
2018,458,8478,1,0.21399832,0.2867984,0.39000615
2018,458,8479,0,0.09906898,0.09709767,-0.02228463
2018,458,8480,1,0.19899718,0.22120456,0.13391335
2018,458,8481,0,0.10064339,0.0728438,-0.3537084
2018,458,8482,0,0.09528296,0.09166072,-0.042752706
2018,458,8484,0,0.110571094,0.08991565,-0.22974455
2018,458,8485,1,0.32323426,0.3292589,0.027409041
2018,124,8401,1,0.5416726,0.35429078,-0.7673093
2018,124,8402,1,0.24517676,0.32631445,0.3996023
2018,124,8403,0,0.1555977,0.15133056,-0.032847986
2018,124,8404,0,0.28757685,0.31370428,0.124324016
2018,124,8405,1,0.38326997,0.4414517,0.24041936
2018,124,8406,1,0.28584144,0.28693658,0.005358699
2018,124,8407,0,0.11932657,0.14951177,0.26038736
2018,124,8408,0,0.15820967,0.19869846,0.27716088
2018,124,8409,0,0.11127186,0.11523199,0.039437037
2018,124,8410,0,0.31025016,0.33183986,0.099074684
2018,124,8411,0,0.10499866,0.1126377,0.078800574
2018,124,8412,0,0.11010302,0.113966845,0.038842484
2018,124,8413,0,0.12644622,0.115566045,-0.1023531
2018,124,8414,0,0.13341415,0.19984972,0.4838691
2018,124,8415,0,0.14463608,0.12467119,-0.17161351
2018,124,8416,0,0.17698076,0.21793444,0.25919425
2018,124,8417,0,0.14257975,0.16286089,0.15693283
2018,124,8418,0,0.16490589,0.09991459,-0.57600445
2018,124,8419,0,0.15416607,0.14416435,-0.07883162
2018,124,8420,0,0.22675541,0.27006215,0.23241614
2018,124,8421,0,0.11994853,0.0971271,-0.23664372
2018,124,8422,0,0.1392212,0.11450183,-0.22378609
2018,124,8423,0,0.16520628,0.10996669,-0.4710916
2018,124,8424,0,0.15565647,0.09747468,-0.53469604
2018,124,8425,0,0.1616256,0.14762813,-0.10714427
2018,124,8426,0,0.11688071,0.14409147,0.24059132
2018,124,8427,0,0.11020776,0.11071805,0.0051932847
2018,124,8428,0,0.16369115,0.22959702,0.42042863
2018,124,8429,0,0.18766883,0.19076069,0.020154227
2018,124,8430,0,0.12560569,0.14685537,0.18090312
2018,124,8431,0,0.058187842,0.07212752,0.22967073
2018,124,8432,0,0.102307335,0.10075536,-0.01701323
2018,124,8433,0,0.10696973,0.10032989,-0.07148986
2018,124,8434,0,0.6419187,0.6322212,-0.041943718
2018,124,8436,0,0.10904034,0.09473162,-0.15660235
2018,124,8437,0,0.28859597,0.31175113,0.11026751
2018,124,8438,0,0.11576118,0.12748198,0.10978962
2018,124,8439,0,0.17902689,0.19070147,0.077495635
2018,124,8440,1,0.2896228,0.30866155,0.09083268
2018,124,8441,0,0.15888901,0.108790696,-0.43663576
2018,124,8442,0,0.25832242,0.2536572,-0.024495238
2018,124,8443,1,0.0807897,0.100733116,0.2425601
2018,124,8445,1,0.5452258,0.5180773,-0.109058306
2018,124,8447,0,0.56132257,0.57121044,0.040259976
2018,124,8448,1,0.19460924,0.16788246,-0.18037567
2018,124,8451,0,0.20433004,0.14141381,-0.44414878
2018,124,8452,1,0.4104818,0.33397916,-0.3282684
2018,124,8453,0,0.21337353,0.36360982,0.7449787
2018,124,8454,0,0.16896884,0.31476197,0.81500345
2018,124,8455,0,0.2465185,0.24866532,0.011524129
2018,124,8456,1,0.17487402,0.091299824,-0.7463962
2018,124,8457,1,0.17296487,0.21799645,0.2873781
2018,124,8458,0,0.28757626,0.34312934,0.25780517
2018,124,8459,0,0.16279466,0.18674737,0.1662946
2018,124,8460,0,0.11729591,0.18616827,0.5431873
2018,124,8461,0,0.1952408,0.2394467,0.26059416
2018,124,8462,0,0.12650123,0.12870194,0.019769676
2018,124,8463,1,0.15643887,0.17608073,0.14183709
2018,124,8464,0,0.12754433,0.17529237,0.37427422
2018,124,8465,0,0.12678158,0.13486053,0.07107034
2018,124,8466,0,0.06469912,0.0598729,-0.08267035
2018,124,8467,0,0.17712627,0.14189774,-0.26367673
2018,124,8468,0,0.24179463,0.32164556,0.39664572
2018,124,8470,0,0.2772335,0.22898676,-0.25581533
2018,124,8471,0,0.061283763,0.042895272,-0.37615263
2018,124,8472,0,0.24795663,0.24150537,-0.034903873
2018,124,8473,0,0.1368252,0.17957158,0.32266015
2018,124,8474,0,0.14723824,0.16663915,0.14679213
2018,124,8475,1,0.3633427,0.37207794,0.037572376
2018,124,8476,0,0.17278443,0.07443453,-0.95446444
2018,124,8477,0,0.15835547,0.18283868,0.17328314
2018,124,8479,0,0.11788418,0.11775218,-0.0012700825
2018,124,8480,0,0.12568118,0.079735816,-0.50624514
2018,124,8481,0,0.11433509,0.09706939,-0.18301429
2018,124,8482,0,0.115478925,0.11434242,-0.011174359
2018,124,8483,0,0.11534114,0.09378119,-0.23100856
2018,124,8484,0,0.13687475,0.10792811,-0.27058786
2018,124,8485,0,0.53566444,0.48135674,-0.21750809
2018,484,8402,0,0.397971,0.40567496,0.032052416
2018,484,8403,0,0.29131293,0.2879286,-0.016449496
2018,484,8404,0,0.35439214,0.40432724,0.21232133
2018,484,8405,0,0.29078388,0.37538058,0.3823778
2018,484,8406,0,0.3221996,0.33038422,0.037233826
2018,484,8407,0,0.124774896,0.1266639,0.017186455
2018,484,8408,0,0.12224444,0.307993,1.1618265
2018,484,8409,0,0.108740754,0.10813112,-0.0063059316
2018,484,8411,0,0.15922046,0.1811728,0.15561797
2018,484,8412,0,0.11923718,0.11841847,-0.007819155
2018,484,8413,0,0.15211949,0.07994823,-0.72497725
2018,484,8414,0,0.15684783,0.1757715,0.13660832
2018,484,8415,0,0.12205387,0.034972597,-1.3444691
2018,484,8416,0,0.22109196,0.27892733,0.30952573
2018,484,8417,0,0.44801554,0.43687707,-0.045154024
2018,484,8418,0,0.15290314,0.13509667,-0.1446167
2018,484,8419,0,0.17575221,0.18866695,0.08670081
2018,484,8420,0,0.31186607,0.29018855,-0.103058904
2018,484,8421,0,0.12281727,0.071689956,-0.5949974
2018,484,8422,0,0.17920986,0.13404009,-0.34398982
2018,484,8423,0,0.18501413,0.07307485,-1.0576501
2018,484,8424,0,0.14410242,0.123293184,-0.17998116
2018,484,8425,0,0.15264598,0.15104546,-0.012427591
2018,484,8426,1,0.18636912,0.19862697,0.07887943
2018,484,8427,0,0.23927303,0.24959145,0.055876896
2018,484,8428,0,0.15340447,0.16963662,0.11994021
2018,484,8429,1,0.22260194,0.22266822,0.0003829213
2018,484,8430,1,0.5192457,0.5062363,-0.052074347
2018,484,8431,0,0.08017908,0.13097382,0.54754055
2018,484,8432,1,0.41955057,0.26657844,-0.6874334
2018,484,8433,0,0.110133626,0.079984404,-0.35318208
2018,484,8434,0,0.2814267,0.30295953,0.10415141
2018,484,8436,0,0.18327631,0.13583949,-0.35597846
2018,484,8437,0,0.21157998,0.23095904,0.11252401
2018,484,8438,0,0.12392523,0.13174151,0.07012523
2018,484,8439,1,0.32206276,0.33195823,0.04496673
2018,484,8441,0,0.1837497,0.16426574,-0.1356788
2018,484,8442,0,0.3409477,0.2974053,-0.20061052
2018,484,8443,0,0.097891524,0.110801235,0.13829182
2018,484,8450,0,0.23029123,0.16016625,-0.4503241
2018,484,8451,0,0.26768777,0.23978934,-0.14744917
2018,484,8452,0,0.38233873,0.29410198,-0.39591092
2018,484,8453,0,0.54612994,0.5197277,-0.10609431
2018,484,8454,1,0.5367487,0.5670287,0.12247796
2018,484,8455,0,0.48454,0.47555932,-0.035980836
2018,484,8456,0,0.37271398,0.16208059,-1.1222368
2018,484,8457,0,0.18328305,0.243715,0.36184216
2018,484,8458,1,0.71733606,0.7465863,0.14920208
2018,484,8459,0,0.21060272,0.21466802,0.024282396
2018,484,8460,0,0.14577295,0.16982882,0.18130575
2018,484,8461,0,0.33541256,0.3438981,0.03783448
2018,484,8462,1,0.4727537,0.4609003,-0.047625467
2018,484,8463,0,0.21750645,0.2494691,0.1788116
2018,484,8465,1,0.1472708,0.09641302,-0.48156235
2018,484,8466,0,0.104656965,0.10184667,-0.03035338
2018,484,8467,0,0.1557809,0.14107813,-0.116402455
2018,484,8468,0,0.3058003,0.29815713,-0.03626148
2018,484,8470,0,0.68486667,0.40457025,-1.1626863
2018,484,8471,0,0.16404203,0.12640736,-0.30464894
2018,484,8472,0,0.49486014,0.43920812,-0.2238162
2018,484,8473,0,0.2393096,0.28709218,0.24691947
2018,484,8474,0,0.19619925,0.22225194,0.15762971
2018,484,8475,0,0.382496,0.3916068,0.038404305
2018,484,8476,1,0.1742476,0.15725562,-0.122973315
2018,484,8477,0,0.15779656,0.22677922,0.44812736
2018,484,8479,0,0.16553675,0.17997326,0.101066746
2018,484,8480,0,0.18563162,0.18480985,-0.005445192
2018,484,8481,0,0.12961596,0.106235504,-0.22542523
2018,484,8482,0,0.1159739,0.11457751,-0.013691936
2018,484,8483,0,0.13170913,0.115188,-0.15287885
2018,484,8484,0,0.17685838,0.10672948,-0.58681303
2018,484,8485,0,0.11568434,0.08015062,-0.40635344
2018,757,8402,0,0.50245404,0.48394156,-0.07407211
2018,757,8403,0,0.16527185,0.08598166,-0.7442022
2018,757,8404,0,0.7155842,0.71067095,-0.02401714
2018,757,8405,0,0.2303205,0.2510521,0.11349348
2018,757,8406,1,0.32277697,0.39648622,0.3209115
2018,757,8407,1,0.2908404,0.26371315,-0.1354519
2018,757,8408,1,0.5142802,0.5041067,-0.04070909
2018,757,8409,0,0.1304265,0.116674125,-0.12711652
2018,757,8411,0,0.21298265,0.19661947,-0.10051866
2018,757,8412,0,0.15534326,0.14028506,-0.119631305
2018,757,8413,0,0.12562555,0.08862887,-0.39028943
2018,757,8414,0,0.09407632,0.07130785,-0.30192214
2018,757,8415,0,0.24932072,0.18103656,-0.407102
2018,757,8416,1,0.31741616,0.2803653,-0.17697869
2018,757,8417,0,0.48888662,0.5011127,0.048911825
2018,757,8418,0,0.25350335,0.16629355,-0.5321127
2018,757,8419,0,0.12700295,0.11007476,-0.16225585
2018,757,8420,1,0.20441349,0.17831719,-0.16885583
2018,757,8421,0,0.09044993,0.06670211,-0.33033416
2018,757,8422,0,0.12569815,0.07839695,-0.52478725
2018,757,8423,1,0.17756498,0.14727747,-0.22318287
2018,757,8424,0,0.13874318,0.09020106,-0.48541442
2018,757,8425,0,0.27671078,0.24446486,-0.1675183
2018,757,8426,1,0.21220565,0.2632468,0.2825203
2018,757,8427,1,0.16014934,0.10901867,-0.44368684
2018,757,8428,0,0.14811651,0.12878597,-0.1622853
2018,757,8429,0,0.087676995,0.07976456,-0.10321567
2018,757,8430,0,0.2657128,0.27010897,0.022414474
2018,757,8431,0,0.03905759,0.057890706,0.413313
2018,757,8432,1,0.08905668,0.060901176,-0.41046053
2018,757,8433,0,0.3011696,0.23381457,-0.34516147
2018,757,8434,0,0.35875216,0.36119542,0.010604756
2018,757,8435,0,0.2980744,0.21251108,-0.45337093
2018,757,8436,0,0.2194555,0.19446902,-0.1523865
2018,757,8437,0,0.436006,0.38844198,-0.1964785
2018,757,8438,0,0.20638292,0.18677,-0.124268286
2018,757,8439,0,0.16524102,0.19765258,0.21870701
2018,757,8440,0,0.15911977,0.18646899,0.19167288
2018,757,8441,0,0.14080049,0.12546754,-0.132985
2018,757,8442,0,0.25596237,0.23686649,-0.102875076
2018,757,8443,0,0.0709809,0.08632487,0.2123612
2018,757,8444,1,0.41433558,0.36775446,-0.19579156
2018,757,8445,1,0.36516175,0.3811516,0.06836655
2018,757,8446,1,0.20907466,0.21110886,0.012257704
2018,757,8447,1,0.4802871,0.47388124,-0.02567769
2018,757,8448,1,0.06408305,0.04745976,-0.3179032
2018,757,8449,1,0.59448457,0.5803344,-0.058389552
2018,757,8450,0,0.41951564,0.31579378,-0.44840786
2018,757,8451,0,0.20778957,0.12653989,-0.59360373
2018,757,8452,1,0.26444507,0.2074789,-0.31719795
2018,757,8453,1,0.34945762,0.29788947,-0.23594417
2018,757,8454,0,0.17755614,0.22602293,0.30208766
2018,757,8455,0,0.38525614,0.43329927,0.19889447
2018,757,8456,1,0.12189552,0.07606063,-0.52251434
2018,757,8457,1,0.14413136,0.18693636,0.3113508
2018,757,8458,0,0.15308172,0.1968723,0.30467397
2018,757,8459,1,0.11082315,0.12035858,0.09332161
2018,757,8460,0,0.11034398,0.17912665,0.56495667
2018,757,8461,0,0.17158853,0.22725393,0.3505283
2018,757,8462,0,0.09642483,0.12201021,0.2640653
2018,757,8463,0,0.13516568,0.16103084,0.20545867
2018,757,8464,0,0.12477189,0.19364516,0.52150095
2018,757,8465,0,0.13822038,0.11771058,-0.18414098
2018,757,8466,0,0.037265677,0.051339377,0.33511153
2018,757,8467,0,0.20713533,0.14431696,-0.43760788
2018,757,8468,0,0.21914831,0.23955323,0.115506165
2018,757,8470,0,0.25437984,0.19142398,-0.36539617
2018,757,8471,0,0.043536995,0.031795498,-0.32648748
2018,757,8472,0,0.15442954,0.13343598,-0.17064062
2018,757,8473,0,0.17355733,0.21764176,0.2811603
2018,757,8474,0,0.18614481,0.14846222,-0.27145594
2018,757,8475,1,0.20184809,0.2646715,0.35295573
2018,757,8476,1,0.18661785,0.124466896,-0.4786551
2018,757,8477,0,0.12769178,0.14745939,0.1668554
2018,757,8478,1,0.7411006,0.68212885,-0.28812438
2018,757,8479,0,0.10008114,0.09234657,-0.0889908
2018,757,8480,0,0.13412455,0.10714484,-0.25527066
2018,757,8481,0,0.12906042,0.08964811,-0.40864712
2018,757,8482,0,0.13695443,0.133198,-0.032154668
2018,757,8483,0,0.15053996,0.11121678,-0.34799963
2018,757,8484,0,0.13177271,0.089568175,-0.43354398
2018,757,8485,0,0.19650367,0.19108051,-0.034713045
2018,764,8403,0,0.22711134,0.21247435,-0.085380085
2018,764,8405,0,0.33437103,0.42352608,0.38016617
2018,764,8406,0,0.34412408,0.37493291,0.13385747
2018,764,8407,0,0.12935302,0.14300235,0.11611713
2018,764,8408,1,0.6025022,0.4989515,-0.4200961
2018,764,8409,0,0.10856524,0.08778981,-0.23544417
2018,764,8411,0,0.15758409,0.1711983,0.09915615
2018,764,8412,0,0.08011641,0.07870973,-0.019241951
2018,764,8413,0,0.11892924,0.0885557,-0.3287894
2018,764,8414,0,0.05705953,0.05209858,-0.09620473
2018,764,8415,0,0.06521197,0.049562432,-0.29101253
2018,764,8416,0,0.5263362,0.4290304,-0.39125067
2018,764,8417,0,0.2228739,0.22381386,0.005418745
2018,764,8418,0,0.05403205,0.035917662,-0.4273162
2018,764,8419,0,0.28254983,0.26039013,-0.11209316
2018,764,8420,1,0.18685508,0.25980937,0.42361653
2018,764,8421,0,0.08469373,0.069158405,-0.21947232
2018,764,8422,0,0.08078326,0.06587654,-0.22007394
2018,764,8423,0,0.16128367,0.1287826,-0.263058
2018,764,8424,0,0.19446199,0.13003212,-0.4794011
2018,764,8427,0,0.12726317,0.103389874,-0.23473711
2018,764,8428,0,0.092599876,0.09162595,-0.0116459895
2018,764,8429,1,0.17604427,0.2200715,0.27813166
2018,764,8430,0,0.3051619,0.31153873,0.029901009
2018,764,8431,0,0.041340873,0.05121942,0.22462516
2018,764,8434,0,0.25954986,0.28121626,0.109872855
2018,764,8435,0,0.7573363,0.78016114,0.12847504
2018,764,8437,1,0.18049592,0.2034277,0.1479839
2018,764,8438,0,0.14590226,0.15805285,0.09432092
2018,764,8439,1,0.14576629,0.19421256,0.3453335
2018,764,8441,0,0.16481422,0.15733251,-0.055375636
2018,764,8442,0,0.31982836,0.20608427,-0.5941314
2018,764,8443,0,0.088378765,0.11774762,0.31965816
2018,764,8445,0,0.36164272,0.4773695,0.47765738
2018,764,8446,0,0.4847125,0.45321062,-0.1265375
2018,764,8447,0,0.33123183,0.2930834,-0.17783651
2018,764,8448,1,0.13661267,0.100895815,-0.3435967
2018,764,8450,0,0.078505516,0.062319815,-0.24830148
2018,764,8451,1,0.13153714,0.109826386,-0.20508014
2018,764,8452,0,0.14368099,0.105955996,-0.3476837
2018,764,8453,1,0.14948265,0.174896,0.18734658
2018,764,8455,0,0.16949926,0.19790624,0.18974811
2018,764,8456,1,0.14147091,0.09347837,-0.46875834
2018,764,8457,0,0.18157181,0.199865,0.11859605
2018,764,8458,0,0.28024364,0.30633208,0.12592979
2018,764,8459,0,0.17030303,0.19672577,0.17659575
2018,764,8460,1,0.24259654,0.31975543,0.38360044
2018,764,8461,0,0.1481224,0.1706805,0.16859175
2018,764,8462,0,0.09290112,0.11073251,0.19543535
2018,764,8464,0,0.55126536,0.5444594,-0.027475972
2018,764,8466,0,0.086743705,0.091372974,0.05707394
2018,764,8467,0,0.21798252,0.18887761,-0.17985736
2018,764,8468,0,0.29864457,0.2925734,-0.02915773
2018,764,8470,0,0.25675857,0.22421879,-0.17836355
2018,764,8471,0,0.21162894,0.17142025,-0.26046062
2018,764,8472,0,0.23227403,0.2457013,0.07384324
2018,764,8473,0,0.14611435,0.1964248,0.35661677
2018,764,8475,1,0.59416556,0.6140177,0.08301959
2018,764,8476,0,0.30697864,0.22494948,-0.4227698
2018,764,8477,0,0.10322706,0.11558195,0.12692162
2018,764,8479,0,0.0767657,0.08823505,0.15174726
2018,764,8480,0,0.12664616,0.10565432,-0.20497602
2018,764,8481,0,0.056150958,0.04785387,-0.168644
2018,764,8482,0,0.052058812,0.054015774,0.038968675
2018,764,8483,0,0.0806804,0.0630192,-0.26608515
2018,764,8484,0,0.07043171,0.06122145,-0.15000524
2018,764,8485,0,0.09664747,0.09027683,-0.07521687
2018,752,8401,0,0.3399227,0.30743727,-0.14848907
2018,752,8402,0,0.19987132,0.23059371,0.1821369
2018,752,8403,0,0.16948867,0.11018664,-0.49958065
2018,752,8404,0,0.18133321,0.22641474,0.2786734
2018,752,8405,1,0.7871777,0.81417406,0.16936736
2018,752,8406,0,0.66216564,0.6430228,-0.08445178
2018,752,8407,0,0.20279835,0.20018941,-0.016215453
2018,752,8408,0,0.28380173,0.29233357,0.041603845
2018,752,8409,0,0.23567323,0.20593308,-0.17306735
2018,752,8410,1,0.30972743,0.44880423,0.5958906
2018,752,8412,0,0.09608492,0.090598166,-0.064849995
2018,752,8413,0,0.11760225,0.08780204,-0.32543758
2018,752,8414,0,0.15084414,0.10839173,-0.37927935
2018,752,8415,0,0.2900759,0.20209345,-0.47824568
2018,752,8416,1,0.28213066,0.2540498,-0.14321116
2018,752,8417,1,0.19930737,0.24297477,0.25418997
2018,752,8418,0,0.1786526,0.111955486,-0.5454174
2018,752,8419,0,0.123752475,0.11491934,-0.08408323
2018,752,8420,0,0.54680413,0.5217189,-0.10083587
2018,752,8421,0,0.11551061,0.08227349,-0.37620232
2018,752,8422,0,0.10352309,0.07773394,-0.31486398
2018,752,8423,0,0.28760257,0.20866767,-0.4259188
2018,752,8424,0,0.12231364,0.09273186,-0.3100252
2018,752,8425,0,0.22628038,0.19131942,-0.21202493
2018,752,8426,0,0.09836737,0.11833146,0.20717135
2018,752,8427,0,0.071004756,0.062224846,-0.14139906
2018,752,8428,0,0.18952076,0.15457802,-0.24600986
2018,752,8429,0,0.05822133,0.06675477,0.1458764
2018,752,8430,0,0.12801428,0.15304898,0.20774627
2018,752,8431,0,0.033793453,0.04126758,0.20757571
2018,752,8432,0,0.10399588,0.08465927,-0.22706802
2018,752,8433,0,0.16453874,0.14127985,-0.17986253
2018,752,8434,0,0.12630728,0.14997897,0.19924514
2018,752,8435,0,0.38232374,0.4092079,0.11245579
2018,752,8436,0,0.24662302,0.19192177,-0.3208662
2018,752,8437,0,0.21326755,0.23651291,0.13344733
2018,752,8438,0,0.11253734,0.1108063,-0.017449996
2018,752,8439,0,0.1346203,0.16898675,0.26788476
2018,752,8440,0,0.36501265,0.40794003,0.18118538
2018,752,8441,0,0.15348266,0.113688305,-0.34606498
2018,752,8442,1,0.40646973,0.39256367,-0.05796991
2018,752,8443,0,0.06651694,0.08503165,0.26560017
2018,752,8446,0,0.6722694,0.67761046,0.024344657
2018,752,8447,1,0.8233815,0.78188056,-0.26276848
2018,752,8448,1,0.18599388,0.147342,-0.27934805
2018,752,8449,0,0.6361822,0.64136195,0.022448676
2018,752,8450,0,0.25588658,0.14796059,-0.6832277
2018,752,8451,0,0.27112678,0.21878599,-0.28384185
2018,752,8452,0,0.23329113,0.17244832,-0.37855384
2018,752,8453,1,0.33203912,0.31211343,-0.09128041
2018,752,8454,0,0.33779892,0.40953425,0.30722734
2018,752,8455,0,0.22053695,0.24476723,0.13582176
2018,752,8456,0,0.11551203,0.13844572,0.20737454
2018,752,8457,0,0.46647215,0.46880493,0.009370537
2018,752,8458,0,0.39744863,0.41530105,0.07401385
2018,752,8459,0,0.43240166,0.50763494,0.30260113
2018,752,8460,0,0.1256435,0.18784158,0.47594306
2018,752,8461,1,0.20587212,0.22758149,0.12797108
2018,752,8462,0,0.13153131,0.17244498,0.31908917
2018,752,8463,0,0.25000933,0.29071364,0.20664194
2018,752,8464,0,0.2180362,0.2444351,0.14863147
2018,752,8465,0,0.2337417,0.18434292,-0.2998936
2018,752,8466,0,0.056566656,0.061458744,0.08814534
2018,752,8467,0,0.21062629,0.16249561,-0.31862104
2018,752,8468,0,0.2922542,0.25444806,-0.19056705
2018,752,8470,1,0.38859832,0.27099565,-0.53636914
2018,752,8471,0,0.07658025,0.06421082,-0.18947378
2018,752,8472,1,0.13737877,0.13406517,-0.028249832
2018,752,8473,1,0.2564003,0.30305052,0.23194951
2018,752,8474,0,0.1617699,0.18519343,0.1635678
2018,752,8475,0,0.33957335,0.38790342,0.20906238
2018,752,8476,0,0.28619462,0.18964744,-0.53836435
2018,752,8477,0,0.19642493,0.2186699,0.13535585
2018,752,8478,1,0.7378308,0.705898,-0.15918024
2018,752,8479,0,0.11837923,0.103395365,-0.15218623
2018,752,8480,0,0.21524228,0.1614851,-0.35360864
2018,752,8481,0,0.13256073,0.09322288,-0.3963989
2018,752,8482,0,0.058409154,0.060890567,0.044244587
2018,752,8483,0,0.13679947,0.10604593,-0.28965122
2018,752,8484,0,0.11942681,0.09673373,-0.23618583
2018,752,8485,0,0.1133686,0.110052586,-0.033419166
2018,372,8402,1,0.7947877,0.7569141,-0.21819535
2018,372,8403,0,0.27032202,0.118824065,-1.0106242
2018,372,8406,1,0.58540577,0.70119375,0.5079838
2018,372,8409,0,0.2558469,0.19093575,-0.3762737
2018,372,8411,0,0.24030596,0.23546097,-0.026724983
2018,372,8412,0,0.29512358,0.28259283,-0.061008077
2018,372,8413,0,0.26019013,0.1908118,-0.3997633
2018,372,8414,0,0.1741093,0.1306657,-0.3383065
2018,372,8415,0,0.30896053,0.21868697,-0.4683511
2018,372,8418,0,0.23306641,0.13957462,-0.62775075
2018,372,8419,0,0.2966139,0.24342574,-0.27051407
2018,372,8421,0,0.14517388,0.121907555,-0.20152296
2018,372,8422,0,0.26744807,0.17491771,-0.54355866
2018,372,8423,0,0.52780604,0.42839018,-0.39976132
2018,372,8424,0,0.28740627,0.24609645,-0.21152632
2018,372,8425,0,0.41484794,0.39865685,-0.067105144
2018,372,8426,1,0.62577313,0.56823057,-0.23949015
2018,372,8427,0,0.14445423,0.116253465,-0.24962063
2018,372,8428,0,0.20369174,0.17621683,-0.1788136
2018,372,8429,1,0.2576004,0.22542706,-0.17583719
2018,372,8430,1,0.2515963,0.25783062,0.032842204
2018,372,8431,0,0.07013439,0.10962653,0.49006525
2018,372,8432,0,0.20575972,0.15895347,-0.31535843
2018,372,8433,0,0.15347807,0.12646624,-0.22499286
2018,372,8434,1,0.2518607,0.29943675,0.23873156
2018,372,8436,0,0.28856048,0.2506012,-0.19302279
2018,372,8437,1,0.36320415,0.35551184,-0.03341368
2018,372,8438,0,0.25213495,0.22763485,-0.13445668
2018,372,8441,0,0.2901962,0.25178814,-0.19466677
2018,372,8443,0,0.103462234,0.13643849,0.3141424
2018,372,8448,0,0.17628182,0.11184488,-0.53028905
2018,372,8450,0,0.3502547,0.34716526,-0.013603342
2018,372,8451,1,0.25761694,0.21781181,-0.22007234
2018,372,8456,0,0.47684476,0.43669996,-0.16187868
2018,372,8457,1,0.41676614,0.41810533,0.0055070464
2018,372,8462,1,0.26929817,0.28914776,0.098659515
2018,372,8463,0,0.22181174,0.23638394,0.08253169
2018,372,8465,1,0.21974549,0.20859276,-0.06627864
2018,372,8466,0,0.14761718,0.13767438,-0.081328206
2018,372,8467,0,0.405355,0.3559483,-0.20979218
2018,372,8468,0,0.31586435,0.30440992,-0.053542044
2018,372,8470,0,0.38107783,0.35673636,-0.10458169
2018,372,8471,0,0.052751217,0.040362187,-0.2806875
2018,372,8472,1,0.35359585,0.37327543,0.08507962
2018,372,8473,0,0.1470188,0.1856504,0.2796526
2018,372,8474,0,0.2333207,0.23030563,-0.016931487
2018,372,8475,0,0.303457,0.34611216,0.19471653
2018,372,8477,0,0.22901036,0.23007345,0.0060112537
2018,372,8479,0,0.1569444,0.1305931,-0.21458365
2018,372,8480,0,0.3279733,0.29398936,-0.15872091
2018,372,8481,0,0.16056146,0.13122468,-0.23611723
2018,372,8482,0,0.17359534,0.16519338,-0.059725743
2018,372,8483,0,0.23665053,0.17785126,-0.35984227
2018,372,8484,0,0.14310391,0.1085349,-0.31604886
2018,372,8485,0,0.29264182,0.24769194,-0.22837225
2018,40,8401,0,0.38303354,0.31125918,-0.3175469
2018,40,8402,1,0.5171894,0.5004633,-0.066931486
2018,40,8403,0,0.11933575,0.087950386,-0.34018594
2018,40,8404,0,0.18547793,0.22688141,0.2536606
2018,40,8405,0,0.56368786,0.36088508,-0.8276675
2018,40,8406,0,0.31661418,0.35722196,0.18193346
2018,40,8407,0,0.13496685,0.21103397,0.5390345
2018,40,8408,0,0.20345569,0.29647988,0.50071746
2018,40,8409,0,0.14877638,0.118759386,-0.26000077
2018,40,8411,0,0.14803447,0.1321982,-0.1315601
2018,40,8412,0,0.1368654,0.13433829,-0.021560447
2018,40,8413,0,0.11855055,0.08743483,-0.33913764
2018,40,8414,0,0.116628364,0.076922044,-0.4601677
2018,40,8415,0,0.24641404,0.21685089,-0.16628331
2018,40,8416,1,0.2949511,0.26641372,-0.14143734
2018,40,8417,0,0.26499298,0.2900203,0.124891266
2018,40,8418,0,0.193037,0.12648296,-0.5020241
2018,40,8419,0,0.13509728,0.12843373,-0.058256842
2018,40,8420,0,0.16667609,0.16584153,-0.0060205986
2018,40,8421,0,0.12884076,0.102748774,-0.25580123
2018,40,8422,0,0.25898796,0.20860808,-0.2821008
2018,40,8423,0,0.17551282,0.13878088,-0.27840334
2018,40,8424,0,0.14686824,0.10706642,-0.3616845
2018,40,8425,0,0.19128527,0.16786955,-0.15912175
2018,40,8426,0,0.101948075,0.12540242,0.23352839
2018,40,8427,0,0.38580623,0.29633033,-0.399859
2018,40,8428,0,0.15450235,0.11123065,-0.37851575
2018,40,8429,0,0.1198171,0.120181486,0.0034505879
2018,40,8430,0,0.14926378,0.18037772,0.22659658
2018,40,8431,0,0.04089307,0.05968552,0.397917
2018,40,8432,0,0.06667196,0.05707176,-0.16570845
2018,40,8433,0,0.15493052,0.13651682,-0.14808446
2018,40,8435,0,0.22444595,0.27237052,0.2573141
2018,40,8436,0,0.14162922,0.124162674,-0.15176418
2018,40,8438,0,0.09463872,0.09847502,0.043982536
2018,40,8439,0,0.13291833,0.16788712,0.27472198
2018,40,8440,0,0.18481866,0.22178599,0.22874682
2018,40,8441,0,0.1395435,0.11359865,-0.23541142
2018,40,8442,1,0.2936868,0.2985069,0.023126708
2018,40,8443,0,0.05670613,0.06589089,0.15990257
2018,40,8444,1,0.80799836,0.6719291,-0.72013265
2018,40,8445,0,0.3714538,0.4384334,0.27846262
2018,40,8446,0,0.3356885,0.2551277,-0.3888811
2018,40,8447,0,0.1798576,0.21239445,0.20676024
2018,40,8448,0,0.17971167,0.13314267,-0.3551511
2018,40,8449,0,0.34543902,0.3617055,0.07117934
2018,40,8450,0,0.40289775,0.23465435,-0.7888084
2018,40,8451,0,0.19338812,0.13783062,-0.40528277
2018,40,8453,0,0.4623609,0.42153606,-0.16562909
2018,40,8454,0,0.18255615,0.2238243,0.25560686
2018,40,8455,0,0.18165345,0.21189025,0.1916162
2018,40,8456,0,0.07920338,0.054223947,-0.40566295
2018,40,8457,0,0.23227774,0.27972993,0.24969254
2018,40,8458,0,0.12529756,0.17046015,0.3608228
2018,40,8459,0,0.09856388,0.12788956,0.29353526
2018,40,8460,1,0.15481643,0.20645867,0.35090843
2018,40,8461,0,0.2182768,0.22790137,0.055537395
2018,40,8462,0,0.1421391,0.1676491,0.19525485
2018,40,8463,1,0.18270811,0.23208874,0.30155218
2018,40,8464,0,0.19099328,0.20546083,0.091062024
2018,40,8465,0,0.13159454,0.10849892,-0.21923308
2018,40,8466,0,0.069966584,0.08164105,0.16694671
2018,40,8467,0,0.23393089,0.16394918,-0.44288626
2018,40,8468,0,0.29105937,0.305938,0.07106564
2018,40,8470,1,0.3633983,0.28478527,-0.36020255
2018,40,8471,0,0.04281293,0.02857763,-0.41897836
2018,40,8472,0,0.3641052,0.33565977,-0.1251061
2018,40,8473,0,0.13841848,0.17576218,0.2831608
2018,40,8474,0,0.1523264,0.15746135,0.03923053
2018,40,8475,1,0.38093024,0.45422646,0.30199343
2018,40,8476,0,0.15465899,0.13359103,-0.17105652
2018,40,8477,0,0.1647473,0.18920673,0.1681487
2018,40,8478,0,0.24530561,0.26930052,0.1256337
2018,40,8479,0,0.08587939,0.076105565,-0.1314577
2018,40,8480,0,0.12061695,0.09011883,-0.32558408
2018,40,8481,0,0.08660487,0.06793053,-0.26310927
2018,40,8482,0,0.17572987,0.17016812,-0.03888593
2018,40,8483,0,0.1488286,0.110916294,-0.33759752
2018,40,8484,0,0.20882498,0.15754782,-0.34456515
2018,40,8485,0,0.20480052,0.2125654,0.04702596
2018,724,8401,0,0.6430945,0.6110116,-0.13725403
2018,724,8402,0,0.35369366,0.40975958,0.23788314
2018,724,8403,1,0.5332093,0.45430017,-0.31634402
2018,724,8404,1,0.5336218,0.6222696,0.36450213
2018,724,8405,1,0.7422041,0.7053231,-0.18467954
2018,724,8407,0,0.18515983,0.2202821,0.21774924
2018,724,8408,1,0.1904954,0.2015201,0.06997377
2018,724,8409,0,0.10952006,0.09635844,-0.14270495
2018,724,8410,0,0.18165666,0.22139832,0.24762732
2018,724,8411,0,0.11131978,0.119868025,0.08365007
2018,724,8412,0,0.14304247,0.13915314,-0.032094855
2018,724,8413,0,0.09595686,0.06846374,-0.3675525
2018,724,8414,0,0.102971226,0.081395075,-0.258903
2018,724,8415,0,0.15911838,0.086620465,-0.690813
2018,724,8416,0,0.23870127,0.2107738,-0.16045454
2018,724,8417,0,0.40339604,0.4150233,0.048097394
2018,724,8418,0,0.12961867,0.090738915,-0.40031153
2018,724,8419,0,0.104385704,0.08639414,-0.20906223
2018,724,8420,0,0.19019288,0.20396037,0.08703427
2018,724,8421,0,0.09563713,0.06869103,-0.36030284
2018,724,8422,0,0.092443615,0.06897109,-0.31844607
2018,724,8424,0,0.10091474,0.06707253,-0.4454511
2018,724,8425,0,0.09413384,0.08338379,-0.13306089
2018,724,8426,0,0.08063949,0.10543104,0.29540485
2018,724,8427,0,0.12366997,0.09302123,-0.31916508
2018,724,8428,0,0.107309945,0.09699689,-0.11252899
2018,724,8429,0,0.17023227,0.1904794,0.13708372
2018,724,8430,1,0.16628316,0.24969251,0.5119488
2018,724,8431,0,0.028232243,0.037673216,0.29824755
2018,724,8432,0,0.08808288,0.08385016,-0.053877626
2018,724,8433,0,0.17901771,0.1246283,-0.42629614
2018,724,8434,1,0.29881003,0.3140227,0.07159151
2018,724,8435,0,0.29355952,0.23631051,-0.29485607
2018,724,8436,0,0.08164166,0.08283474,0.015807956
2018,724,8437,0,0.12739845,0.15342017,0.21613523
2018,724,8438,0,0.09333951,0.09236831,-0.011530258
2018,724,8439,1,0.1794032,0.21917948,0.24994177
2018,724,8440,0,0.18887457,0.16002767,-0.2006828
2018,724,8441,0,0.18509457,0.14024639,-0.33103997
2018,724,8442,0,0.2999569,0.29527283,-0.022407772
2018,724,8443,0,0.05182269,0.06362551,0.21771231
2018,724,8444,1,0.58652633,0.62404853,0.15714434
2018,724,8445,1,0.42363775,0.45893076,0.14320973
2018,724,8446,1,0.68921286,0.65166426,-0.17007934
2018,724,8447,1,0.5994354,0.68520653,0.37469038
2018,724,8448,0,0.28545502,0.23032673,-0.28890583
2018,724,8449,1,0.65870154,0.36799046,-1.1983607
2018,724,8450,0,0.18640892,0.11130873,-0.6039269
2018,724,8451,0,0.15532582,0.12910868,-0.2154367
2018,724,8452,1,0.47018236,0.4456679,-0.09877765
2018,724,8453,1,0.19898874,0.2194424,0.123708054
2018,724,8454,0,0.46669057,0.42430988,-0.17167012
2018,724,8455,1,0.31859347,0.32941914,0.049429737
2018,724,8456,0,0.19059329,0.13330853,-0.42585725
2018,724,8457,1,0.15989509,0.20054592,0.2761229
2018,724,8458,0,0.12561315,0.16224979,0.29873297
2018,724,8459,0,0.12503804,0.15536603,0.25244284
2018,724,8460,0,0.1384356,0.20300508,0.46072724
2018,724,8461,0,0.16409646,0.19503316,0.21042724
2018,724,8462,1,0.1559367,0.17421344,0.13272232
2018,724,8463,0,0.21105659,0.22508872,0.08231443
2018,724,8464,0,0.114572234,0.13529737,0.1899548
2018,724,8465,0,0.15968338,0.14971636,-0.07624167
2018,724,8466,0,0.054027285,0.06399882,0.17997232
2018,724,8467,1,0.29694927,0.22367193,-0.38252717
2018,724,8468,1,0.28192806,0.30211973,0.09769368
2018,724,8470,0,0.3306893,0.30384982,-0.12396275
2018,724,8471,0,0.05372984,0.042793494,-0.23907343
2018,724,8472,1,0.16535647,0.16366634,-0.0122967325
2018,724,8473,0,0.13140935,0.17236704,0.3196111
2018,724,8474,0,0.08217322,0.10469261,0.2670405
2018,724,8475,1,0.58010167,0.526181,-0.21837105
2018,724,8476,0,0.24237667,0.17608137,-0.40343213
2018,724,8477,0,0.13106394,0.1599069,0.23266323
2018,724,8478,0,0.1691502,0.23965156,0.43707123
2018,724,8479,0,0.0808253,0.0683845,-0.18058771
2018,724,8480,1,0.1322906,0.12204853,-0.09231692
2018,724,8481,0,0.09124519,0.06386384,-0.38648254
2018,724,8482,0,0.11865085,0.11695273,-0.016340123
2018,724,8483,0,0.12695199,0.10188618,-0.24825884
2018,724,8484,0,0.12734321,0.09219995,-0.36240807
2018,724,8485,0,0.14582516,0.15251361,0.052706443
