iso3,year,inflation,gdp_usd,gdp_growth
ABW,1960,,,
ABW,1961,,,
ABW,1962,,,
ABW,1963,,,
ABW,1964,,,
ABW,1965,,,
ABW,1966,,,
ABW,1967,,,
ABW,1968,,,
ABW,1969,,,
ABW,1970,,,
ABW,1971,,,
ABW,1972,,,
ABW,1973,,,
ABW,1974,,,
ABW,1975,,,
ABW,1976,,,
ABW,1977,,,
ABW,1978,,,
ABW,1979,,,
ABW,1980,,,
ABW,1981,,,
ABW,1982,,,
ABW,1983,,,
ABW,1984,,,
ABW,1985,4.032258056286278,,
ABW,1986,1.07396640826828,405586592.17877096,
ABW,1987,3.64304545817705,487709497.2067039,16.07843137559024
ABW,1988,3.12186849610722,596648044.6927375,18.648648668233108
ABW,1989,3.99162804604575,695530726.2569833,12.129840545192394
ABW,1990,5.83668775158165,764804469.273743,3.9614017236062864
ABW,1991,5.55555555555579,872067039.1061453,7.96287173232642
ABW,1992,3.87337536996479,958659217.877095,5.882353953418658
ABW,1993,5.2155599603571,1083240223.4636872,7.307693245314056
ABW,1994,6.31107971270439,1245810055.8659217,8.203901293120893
ABW,1995,3.36139107320898,1320670391.0614524,2.5471436870469404
ABW,1996,3.22528797213979,1379888268.1564245,1.1857885113465585
ABW,1997,2.99994809778412,1531843575.4189944,7.046874992412214
ABW,1998,1.8694885361554,1665363128.49162,1.991984449061988
ABW,1999,2.28037198258753,1722905027.9329607,1.2380418420715955
ABW,2000,4.04402131190512,1873452513.9664805,7.622920649302216
ABW,2001,2.88360430316263,1896456983.2402234,4.182001630477899
ABW,2002,3.31524678585423,1961843575.4189944,-0.9449534811573841
ABW,2003,3.65636507938418,2044111731.8435755,1.1105045994428195
ABW,2004,2.52912946932762,2254830726.2569833,7.293728070961919
ABW,2005,3.39778677828805,2360017318.435754,-0.3831376720637678
ABW,2006,3.60802438784541,2469782681.5642457,1.1274114641162356
ABW,2007,5.39256784475516,2677641340.782123,3.089544384850896
ABW,2008,8.95598705177784,2843024581.0055866,1.835755171913675
ABW,2009,-2.13542872046937,2553793296.0893855,-11.677741369385188
ABW,2010,2.07814071860786,2453597206.7039104,-2.733456792506388
ABW,2011,4.31629742195203,2637859217.8770947,3.369237184215109
ABW,2012,0.627471992893372,2615208379.888268,-1.0407998843668338
ABW,2013,-2.37206524252261,2727849162.0111732,6.431460807192451
ABW,2014,0.421440918881214,2790849720.670391,1.4260995115557478
ABW,2015,0.474763597342641,2962906703.9106145,3.611479065910416
ABW,2016,-0.93119598707956,2983637430.167598,1.2343353736342664
ABW,2017,-1.02828178762012,3092427932.9608936,3.49342985290626
ABW,2018,3.6260414135296,3276187709.4972067,3.2124711192007567
ABW,2019,4.25746204335427,3347561738.945911,1.2291440889601546
ABW,2020,,2461056053.22795,-23.940059267749064
ABW,2021,,2889305033.5597486,14.833691976225992
ABW,2022,,3326671314.774195,10.607960762124605
ABW,2023,,3746573413.0756536,9.51636022347185
ABW,2024,,4167588070.2921734,6.810776693245543
ABW,2025,,,
AFE,1960,,24205729121.334316,
AFE,1961,,24958927693.80954,0.41860451835916024
AFE,1962,,27073279052.57486,7.937089486767675
AFE,1963,,31769188044.014816,5.624317120547232
AFE,1964,,30279603755.304695,4.650349245277255
AFE,1965,,33806233152.852604,5.138153215239001
AFE,1966,,36927311239.47857,4.827567677843973
AFE,1967,,38444227752.573906,5.338803317840274
AFE,1968,,41742071179.46753,4.156497426559412
AFE,1969,,47048601721.619804,5.121357793439742
AFE,1970,,47593987273.02082,1.112341425089511
AFE,1971,,52188772290.30669,5.482477606076429
AFE,1972,,56726152192.51362,2.7637493745736634
AFE,1973,,73083720134.38438,4.6210540641976365
AFE,1974,19.59839357421482,89536125811.67558,5.472470046548494
AFE,1975,15.224098935289115,95295913613.53415,1.374695222185565
AFE,1976,11.21648129382936,96006577413.01166,2.3486776618120757
AFE,1977,14.23805549426815,109208426467.10625,1.1100761312490448
AFE,1978,12.526892514640055,124083628147.8886,1.4804500026713185
AFE,1979,15.069849824101496,142100196986.40253,2.9275161867459616
AFE,1980,15.066511537250854,178472593462.54102,5.452509267007116
AFE,1981,14.46159107421063,185109278385.54697,3.9285513781025685
AFE,1982,12.13991769547337,178355845274.14835,0.30873317392625665
AFE,1983,11.56752438340691,185755813130.22256,0.06330954439002312
AFE,1984,10.98386257157737,170038799701.36288,3.4059989866606912
AFE,1985,13.0065664218827,149335403052.1707,-0.0862674739278333
AFE,1986,13.89197164555653,160553783155.67368,2.2708784691377986
AFE,1987,12.563443221106915,190175547049.30212,3.938606041460588
AFE,1988,12.522258065593096,207369216353.85968,4.286307350735257
AFE,1989,12.55820207070122,220613759094.91956,2.666120190462223
AFE,1990,12.457913978956595,256383478165.17468,0.12124811019336335
AFE,1991,17.67810026385227,276918965237.8692,-0.10608360356799551
AFE,1992,16.16761239633391,241188710607.46298,-2.395997253038857
AFE,1993,13.13566076837237,239981577262.4292,-0.8389981426737307
AFE,1994,14.85281498339694,243477941444.50247,1.9219600328923718
AFE,1995,12.28859126014257,273327490479.5126,4.353926991300412
AFE,1996,9.706586325265036,273428068927.08344,5.498896324706436
AFE,1997,10.249598740306638,288271180913.28253,3.856347157785507
AFE,1998,7.49525542305607,268728576302.7249,1.7747373159162834
AFE,1999,7.8198647763086235,265321450545.64618,2.634122694305958
AFE,2000,8.601485148514906,287042463739.68896,3.180947356866909
AFE,2001,5.840353983115572,260850392951.82758,3.503346670892583
AFE,2002,8.763755203135432,269746460052.5033,3.916847504024389
AFE,2003,7.449700140073658,358116678901.0823,3.0092685484422077
AFE,2004,5.023420686162853,445975553009.75867,5.634682330189179
AFE,2005,8.558038022397785,521562847473.6908,6.17372940633642
AFE,2006,8.898163802140328,587454940473.2073,6.637460351613697
AFE,2007,8.450774806349996,674947497627.662,6.702363342423226
AFE,2008,12.566644659515655,726711167541.4241,4.4393342303769
AFE,2009,8.954218023929492,726850536901.436,0.9189169027522297
AFE,2010,5.537537916456762,863749634744.8998,5.3352127575125365
AFE,2011,8.971206409957878,959740239662.0502,3.7912404617879076
AFE,2012,9.158708431679049,969171197494.148,1.8801297944400375
AFE,2013,5.748831335534543,981203198866.0796,4.634000084236959
AFE,2014,5.525819233925173,998727180531.4769,3.916361748763194
AFE,2015,5.098561643636867,909905339457.1665,2.9339034586402164
AFE,2016,6.446877222555841,832661416653.0913,2.2925005812874986
AFE,2017,6.221375289331178,979240640383.155,2.6788626677156913
AFE,2018,4.689806467763299,1021971569379.4023,2.7062074195758186
AFE,2019,4.102850754611558,1019354194063.6876,1.9355926261702194
AFE,2020,5.191629420928505,938546103425.609,-2.9307641138652656
AFE,2021,6.8247270928206705,1113059797223.898,4.452642956070022
AFE,2022,10.88347757260175,1226461319482.046,3.668029140415129
AFE,2023,7.399185580806266,1179121535535.4119,1.9413815777201506
AFE,2024,4.770857319158331,1252564134751.1558,2.7879314680750156
AFE,2025,4.270111407066659,1358694050872.5432,3.743015871950405
AFG,1960,,,
AFG,1961,,,
AFG,1962,,,
AFG,1963,,,
AFG,1964,,,
AFG,1965,,,
AFG,1966,,,
AFG,1967,,,
AFG,1968,,,
AFG,1969,,,
AFG,1970,,,
AFG,1971,,,
AFG,1972,,,
AFG,1973,,,
AFG,1974,,,
AFG,1975,,,
AFG,1976,,,
AFG,1977,,,
AFG,1978,,,
AFG,1979,,,
AFG,1980,,,
AFG,1981,,,
AFG,1982,,,
AFG,1983,,,
AFG,1984,,,
AFG,1985,,,
AFG,1986,,,
AFG,1987,,,
AFG,1988,,,
AFG,1989,,,
AFG,1990,,,
AFG,1991,,,
AFG,1992,,,
AFG,1993,,,
AFG,1994,,,
AFG,1995,,,
AFG,1996,,,
AFG,1997,,,
AFG,1998,,,
AFG,1999,,,
AFG,2000,,3521418059.923445,
AFG,2001,,2813571753.8725324,-9.431974070086198
AFG,2002,,3825701438.9996333,28.600001170678837
AFG,2003,,4520946818.545814,8.832277802882672
AFG,2004,,5224896718.67782,1.4141179933942851
AFG,2005,12.68626872167151,6203256538.709669,11.229714827285903
AFG,2006,6.784596550016551,6971758282.293506,5.3574032474859195
AFG,2007,8.680570785134057,9747886187.393929,13.826319547128136
AFG,2008,26.41866415474439,10109297047.543194,3.924983819994665
AFG,2009,-6.811161088989959,12416152732.056717,21.39052839264923
AFG,2010,2.178537523894187,15856668555.833595,14.362441471073723
AFG,2011,11.8041858089129,17805098206.314083,0.42635477677734457
AFG,2012,6.44121280934117,19907329777.587166,12.752287092669732
AFG,2013,7.385771783978554,20146416757.598675,5.600744658632209
AFG,2014,4.673996035363445,20497128555.69723,2.7245433621956465
AFG,2015,-0.6617091647137416,19134221644.732494,1.451314660664309
AFG,2016,4.383891955139149,18116572395.077213,2.260314202798213
AFG,2017,4.975951505538328,18753456497.815865,2.647003202745097
AFG,2018,0.6261491491688467,18053222687.412624,1.1892281294451692
AFG,2019,2.302372515168337,18799444490.11278,3.9116034162555167
AFG,2020,5.601887914822242,19955929052.149597,-2.3511006720346614
AFG,2021,5.133203408249625,14259995441.075907,-20.738839367634327
AFG,2022,13.71210237200648,14497243872.13374,-6.2401719924026935
AFG,2023,-4.644708707977748,17152234636.871508,2.266943736491882
AFG,2024,-6.601185640737259,17778508875.739643,1.8731928004597904
AFG,2025,,,
AFW,1960,,11904805741.683086,
AFW,1961,,12707719290.627302,1.8695931601737925
AFW,1962,,13630588814.303247,3.726015846549032
AFW,1963,,14468913698.046656,7.038171518606788
AFW,1964,,15803564796.411772,5.364580009822717
AFW,1965,,16920876929.660698,4.105659963439351
AFW,1966,,18033947666.93496,-1.5129591565628857
AFW,1967,,16493541543.816002,-8.966324371994702
AFW,1968,,17022596883.703707,1.574592111067659
AFW,1969,,19301191937.147804,15.016523812301472
AFW,1970,,26696924213.805527,17.309161252954183
AFW,1971,,24496786001.807945,10.407116844566119
AFW,1972,,29489425515.753838,3.1672606762200815
AFW,1973,,36890633234.11257,3.92188097015638
AFW,1974,,49687223643.239204,9.915960124676744
AFW,1975,,57280116275.684685,-2.0139100955107665
AFW,1976,,68385552348.168816,8.422125064045275
AFW,1977,,71789497552.19113,4.561109930018773
AFW,1978,,78778080489.56761,-1.9152738123961228
AFW,1979,,96681064864.18077,5.030833661423401
AFW,1980,,121445961252.9404,1.8685403977780908
AFW,1981,8.79921083308777,217606540487.2561,-6.640557201486544
AFW,1982,12.05976520813367,196264853551.91754,-3.2706125553743846
AFW,1983,10.67193675889338,151421439334.09995,-6.289327818747211
AFW,1984,11.24999999999971,131373058519.30794,0.48370524207217613
AFW,1985,7.3549257759783,138005066699.3899,5.319898318107349
AFW,1986,5.950964999466212,109517776160.1002,1.2663630881848604
AFW,1987,0.2487885553547452,112641148828.57405,1.410624991251325
AFW,1988,2.523659305993913,111770322169.92348,4.761294052404935
AFW,1989,0.8692870226082878,104577372052.93167,1.723510120137604
AFW,1990,1.0573613945720894,124277825786.69673,5.600639382291121
AFW,1991,1.7418878593266869,130794315519.4349,1.1181367811978475
AFW,1992,-0.06299900647870346,125449432677.509,2.289157749451263
AFW,1993,0.5534557235419172,130547124413.50728,-1.3253623736183613
AFW,1994,31.84101684163854,135350756019.47214,-0.2288737275824957
AFW,1995,10.56328866918136,207843864308.68436,1.851858431796046
AFW,1996,4.914239726372014,263563556144.26736,4.621857936216827
AFW,1997,3.9971417043930266,276460023661.68774,4.387565314040231
AFW,1998,4.471125438510988,297126502718.9302,3.615574279768623
AFW,1999,0.3722661703119278,140119071338.2212,1.5180542264332786
AFW,2000,2.530775167379969,142700161610.02148,3.811942900886933
AFW,2001,4.361529140072564,150714426912.02713,5.248525195570309
AFW,2002,3.1886933022058948,180129182230.85977,9.943096249304233
AFW,2003,1.7609041009962856,208646527354.8518,5.626390215706365
AFW,2004,0.6943363059457577,257939299771.6481,8.071396689203965
AFW,2005,5.631633513576132,316515667947.11884,5.797495412105718
AFW,2006,4.415899841695609,402077365740.54346,5.287469330494446
AFW,2007,3.6073676798459626,470947616490.7855,5.447339840066334
AFW,2008,8.452976233267547,574259808704.0623,6.210655599888341
AFW,2009,3.2824403758932093,515037106035.58496,6.141055877878543
AFW,2010,1.78484420477113,605794323433.6023,7.000646990028898
AFW,2011,4.018699075344916,691133400013.2423,4.922031831407907
AFW,2012,4.578374635159479,748030003656.774,5.129689713065773
AFW,2013,2.4392007610412625,844187976557.8425,6.046654203591984
AFW,2014,1.768435821462237,904094866776.5365,5.69152337171586
AFW,2015,2.1308173805879145,778037497377.3127,2.9329110376217926
AFW,2016,1.487415507555459,699979485002.8441,0.1761717185997611
AFW,2017,1.7254860237473135,694206358825.0979,2.3027605914270737
AFW,2018,1.784049948320438,777805844264.8638,2.8999541863432086
AFW,2019,1.9830922848723191,1026527768676.0431,3.2831424147272514
AFW,2020,2.490377839319491,963688197941.7736,-3.7187933034649205
AFW,2021,3.7455678233300924,1026670180885.9695,2.545472747642563
AFW,2022,7.949251435240162,1063748247138.211,4.477107637316394
AFW,2023,5.221168013240019,938480674635.085,3.6445908786700585
AFW,2024,3.608044269505664,737366967283.7178,4.596183350680832
AFW,2025,1.6578176758527654,852526995230.2539,4.600099956039202
AGO,1960,,,
AGO,1961,,,
AGO,1962,,,
AGO,1963,,,
AGO,1964,,,
AGO,1965,,,
AGO,1966,,,
AGO,1967,,,
AGO,1968,,,
AGO,1969,,,
AGO,1970,,,
AGO,1971,,,
AGO,1972,,,
AGO,1973,,,
AGO,1974,,,
AGO,1975,,,
AGO,1976,,,
AGO,1977,,,
AGO,1978,,,
AGO,1979,,,
AGO,1980,,5930503400.962599,
AGO,1981,,5550483035.964938,-4.400001218650232
AGO,1982,,5550483035.964938,0.0
AGO,1983,,5784341596.363394,4.200001428537377
AGO,1984,,6131475065.178155,6.000002165090606
AGO,1985,,7554065410.120965,3.499999490086097
AGO,1986,,7072536108.697072,2.90000174246849
AGO,1987,,8084412414.26566,4.082748635107308
AGO,1988,,8769836768.834784,6.128890477650884
AGO,1989,,10201780976.66953,0.041621461837394236
AGO,1990,,11229515599.304768,-3.450098685002345
AGO,1991,83.78378378378376,10603784541.19696,0.9913593010451933
AGO,1992,299.5098039215688,8307810973.588479,-5.8382807314882825
AGO,1993,1378.527607361963,5768720421.613673,-23.983417442916334
AGO,1994,949.7925311203318,4438321017.390678,1.3393634364458222
AGO,1995,2666.450592885375,5538749259.94714,15.000000028330234
AGO,1996,4145.105982206379,7526421519.16979,13.544369755808987
AGO,1997,219.1767211729742,7648380195.599022,7.274277354173833
AGO,1998,107.2848215282982,6506221615.787223,4.691146452174138
AGO,1999,248.1959024128681,6152923310.4454565,2.181489717317646
AGO,2000,324.9968716013207,9129594970.153011,3.054624234529385
AGO,2001,152.5610224692988,8936079117.731356,4.2059985569486145
AGO,2002,108.897436089429,17311512433.193806,13.665688761055335
AGO,2003,98.22414365733042,20342128111.94057,3.4873124009752132
AGO,2004,43.54210675196869,26997977896.290726,11.419863390458488
AGO,2005,22.95351385139399,41396636383.82305,14.154777534395421
AGO,2006,13.30521017800316,58653659979.55009,11.841817875704223
AGO,2007,12.25149744594868,73037821926.46553,13.00268894579763
AGO,2008,12.47582913263979,98790432989.30766,10.786636049658128
AGO,2009,13.73028392884085,81705175408.88094,1.995589097889635
AGO,2010,14.46965649325768,95546919754.28732,5.293665728199542
AGO,2011,13.48246792185111,125551634704.94147,3.593869602402222
AGO,2012,10.27790492188394,143572907527.97626,8.503122838666116
AGO,2013,8.777814293326237,148845200696.33517,4.883061296883923
AGO,2014,7.280387303611207,153449860495.9659,4.655723563155846
AGO,2015,9.35597215533784,102543067840.81906,0.763177710914789
AGO,2016,30.69441508067191,60770049747.38317,-0.23307695480528423
AGO,2017,29.84447990156793,85629598654.19057,-0.1646886569610757
AGO,2018,19.62893797015208,90506061877.27652,-0.5066975436161556
AGO,2019,17.08095414343803,81193813808.03824,-1.0552341449433698
AGO,2020,22.27153924705097,58512033805.89815,-5.2734912830000695
AGO,2021,25.75429488418906,78283923543.82367,1.0905836994481461
AGO,2022,21.35529013208222,128233959333.27457,3.557492066756666
AGO,2023,13.64410177677148,106042349567.30316,1.320165870810314
AGO,2024,28.24049489157724,103080538044.05838,4.95267860425956
AGO,2025,20.16201975723312,122174889423.63512,3.1335354245000815
ALB,1960,,,
ALB,1961,,,
ALB,1962,,,
ALB,1963,,,
ALB,1964,,,
ALB,1965,,,
ALB,1966,,,
ALB,1967,,,
ALB,1968,,,
ALB,1969,,,
ALB,1970,,,
ALB,1971,,,
ALB,1972,,,
ALB,1973,,,
ALB,1974,,,
ALB,1975,,,
ALB,1976,,,
ALB,1977,,,
ALB,1978,,,
ALB,1979,,,
ALB,1980,,1578102105.2631578,
ALB,1981,,1808177156.1771562,5.745635292281321
ALB,1982,,1861163170.16317,2.9485968011894386
ALB,1983,,1881412587.4125874,1.1049382619505508
ALB,1984,,1857337995.3379953,-1.251596644058111
ALB,1985,,1897050116.5501165,1.7806439592489482
ALB,1986,,2097326250.0,5.6372431785211745
ALB,1987,,2080796249.9999998,-0.7878426549272319
ALB,1988,,2051236250.0,-1.420039655663956
ALB,1989,,2253090000.0,9.836548971872205
ALB,1990,,2028553750.0,-9.575640169934076
ALB,1991,,1099559027.7777777,-28.002141653807442
ALB,1992,226.0054212535257,652174990.8373039,-7.1871109096423424
ALB,1993,85.00475123871566,1185315468.4629517,9.559411671112429
ALB,1994,22.56505269336958,1880950864.4131145,8.302866596990825
ALB,1995,7.793218537892147,2905092798.6191645,13.322333326881349
ALB,1996,12.72547780871024,3234486232.0439167,7.336328947718911
ALB,1997,33.18027437539564,2293666029.9931836,-11.711573281227786
ALB,1998,20.64285886705962,2600356999.206139,8.310025203830904
ALB,1999,0.3894376535616283,3283941510.499638,12.250728196847518
ALB,2000,0.05001813634681034,3584570164.8519526,7.46285871776054
ALB,2001,3.10758827031435,4059064033.133788,8.863730660487604
ALB,2002,7.770525834315506,4515003116.680365,4.6283958739455215
ALB,2003,0.4840026118185026,5801712040.48463,5.333264260099455
ALB,2004,2.280019169380986,7406645793.440382,5.266261738607852
ALB,2005,2.366581956797953,8256658249.812802,5.130821930561893
ALB,2006,2.370728319042841,9150528132.176327,6.018981240386395
ALB,2007,2.932682481623171,11116937869.85684,6.50009261158209
ALB,2008,3.320870903892749,13258506375.451752,6.907062307137068
ALB,2009,2.266922094508263,12335540656.100584,2.690751523621458
ALB,2010,3.627100915174796,12086545641.299042,2.9731544268124708
ALB,2011,3.42807130141501,12973755874.536465,2.463516839157137
ALB,2012,2.031592683952962,12246499747.971437,0.9841298802041081
ALB,2013,1.937620802052232,12796985886.147848,1.7072283175405971
ALB,2014,1.625865044026138,13296322588.168373,2.240226953826422
ALB,2015,1.896174025923564,11470171826.957481,2.2277040745779004
ALB,2016,1.275431683674233,11988668784.662786,3.9089355136224526
ALB,2017,1.986661331711943,13258268435.604792,3.2831759333007255
ALB,2018,2.028059630711346,15379508329.756819,3.6714192809890847
ALB,2019,1.411090789542422,15585111614.037556,2.062577901761216
ALB,2020,1.620886617170209,15241458744.592728,-3.313756368889159
ALB,2021,2.041471631395449,18031989573.029366,8.969576190740952
ALB,2022,6.725202715300591,19017247013.88206,4.826800623435901
ALB,2023,4.758345551500383,23491242727.40822,4.01541716935742
ALB,2024,2.215873750899917,27037474263.297684,4.0459284509534825
ALB,2025,2.146185511673877,30540188271.34207,3.788938362410235
AND,1960,,,
AND,1961,,,
AND,1962,,,
AND,1963,,,
AND,1964,,,
AND,1965,,,
AND,1966,,,
AND,1967,,,
AND,1968,,,
AND,1969,,,
AND,1970,,78617711.09653251,
AND,1971,,89406608.14581512,4.649465355564672
AND,1972,,113414397.3656347,8.14974352749283
AND,1973,,150841639.29744396,7.788467245323176
AND,1974,,186557081.99813673,5.618789627392971
AND,1975,,220112572.20533124,0.5422056697295403
AND,1976,,227283850.83127123,3.303787053284509
AND,1977,,253997897.22696805,2.838575569068368
AND,1978,,308020261.16414887,1.463000169815814
AND,1979,,411548748.3547291,0.0415572233591206
AND,1980,,446377776.79800063,2.20872761148199
AND,1981,,388983266.19988644,-0.132474492519691
AND,1982,,375914743.5810058,1.2464611381715969
AND,1983,,327850042.5158724,1.7701182708345584
AND,1984,,330073080.6370984,1.7846866722918975
AND,1985,,346742714.67515206,2.3214330342846523
AND,1986,,481996012.869071,3.2533218284753076
AND,1987,,611299924.5405055,5.547122161133515
AND,1988,,721425939.1515498,5.094326194484083
AND,1989,,795489582.0449102,4.827034272443086
AND,1990,,1028989692.0678707,3.78138754899436
AND,1991,,1106891361.5394838,2.54600353080194
AND,1992,,1209992020.2954278,0.9292140401259559
AND,1993,,1007090269.8695563,-1.0314843899989512
AND,1994,,1017544068.8407956,2.3831822482117957
AND,1995,,1178745282.8678029,2.757501613262491
AND,1996,,1224024139.2129533,4.649738667547069
AND,1997,,1180645571.8643036,9.067672051441349
AND,1998,,1211953994.0571387,3.1947933928923646
AND,1999,,1240295103.0856783,4.099078921779295
AND,2000,,1432606188.6588266,3.528362361223884
AND,2001,,1548265807.996065,8.119357721699487
AND,2002,,1764279824.2313757,4.546362213646532
AND,2003,,2366941808.9843087,8.694203716124676
AND,2004,,2900245324.320471,8.135676338373514
AND,2005,,3161084091.2684813,5.3977959850042225
AND,2006,,3459337986.6705832,4.80868869916921
AND,2007,,3957625367.305895,1.5531881410322228
AND,2008,,4102319398.765624,-5.559186368505806
AND,2009,,3688976340.6718726,-5.302846543482914
AND,2010,,3449925738.83334,-1.974957999653455
AND,2011,,3629133574.5136256,-0.008069753411390934
AND,2012,,3188652765.292969,-4.974443718535028
AND,2013,,3193512950.015695,-3.5475965154934386
AND,2014,,3271685596.5215573,2.5044655211451783
AND,2015,,2789881258.6054673,1.4341403952271605
AND,2016,,2896610479.8677115,3.7096780697898595
AND,2017,,3000162081.2235346,0.346071889630295
AND,2018,,3218419896.933331,1.588765490463544
AND,2019,,3155149347.9215636,2.015547638483085
AND,2020,,2891001149.4007864,-11.18393993553839
AND,2021,,3324647529.4185514,8.28677879049404
AND,2022,,3380612573.4825034,9.564612256481837
AND,2023,,3785067331.8824196,2.58355480961319
AND,2024,,4044249678.656249,3.849160503905196
AND,2025,,4500982731.807837,3.8680345068780753
ARB,1960,,,
ARB,1961,,19998438360.089905,
ARB,1962,,20329047180.413956,
ARB,1963,,22364471921.905926,
ARB,1964,,24813307199.20852,
ARB,1965,,26771102220.49756,
ARB,1966,,28351046006.735645,
ARB,1967,,30600869443.77746,6.786332032168232
ARB,1968,,34973045132.81403,10.780642022286074
ARB,1969,,38563619383.88739,7.454657400590676
ARB,1970,,43094139979.91183,22.941207256078982
ARB,1971,,49930151347.647705,7.48456972195639
ARB,1972,,59970718558.22012,13.939193109382416
ARB,1973,8.26666666600006,79130725493.64871,13.29150376499733
ARB,1974,15.52828175026685,152199034142.5018,10.513403913676626
ARB,1975,9.669695481512449,168169966765.17554,-0.038970754229467275
ARB,1976,10.31741588774135,210007621800.11136,14.310713504606667
ARB,1977,11.98928332210503,242286672182.62277,6.589179431140508
ARB,1978,9.716032749543404,265416162868.75406,2.9542579752332756
ARB,1979,,358135445489.827,10.647739319739102
ARB,1980,9.62605664613178,486447797289.2992,6.27913265669126
ARB,1981,10.75850341601446,494945999084.645,0.865804206657586
ARB,1982,8.331255755811558,463114958246.7803,-5.973656597209171
ARB,1983,5.493665514320908,437494482946.7498,-3.7601792039273647
ARB,1984,8.116397955171005,440359064231.0518,1.2453435310502527
ARB,1985,7.254361799816354,432863828743.15906,-0.8466070163912036
ARB,1986,7.433333333333196,405451915982.93207,-0.7709595693457345
ARB,1987,4.2224166624075155,431233067109.02637,0.25409336117793657
ARB,1988,5.911544963734887,429362575737.7962,3.2791978073206423
ARB,1989,7.74088603961336,457356315289.48834,3.7932961897738693
ARB,1990,8.451462408038797,641683975928.5096,7.832157601052316
ARB,1991,9.000000000000034,467929157934.6462,-0.6938451873870264
ARB,1992,9.359751589531335,467773400613.4975,6.576299945768909
ARB,1993,9.370344159714605,478901864353.45715,3.255674551299336
ARB,1994,5.112598904443145,499875741124.9635,3.355466080403019
ARB,1995,6.54379068524171,528474736899.022,2.8010926016980733
ARB,1996,4.681306239164126,570906140763.6499,4.8149922032717996
ARB,1997,3.601161032609463,614595216835.6735,5.466311429522676
ARB,1998,3.4173194897579826,598783460087.8778,4.770473784684199
ARB,1999,2.66937369053701,665404764120.1929,2.778465965205129
ARB,2000,1.8537903532527666,763400074351.4431,6.336191442759031
ARB,2001,1.772204373510166,744564338442.5302,2.143878987648364
ARB,2002,1.832993890020495,746768175363.0656,1.2934637490166665
ARB,2003,2.712592474743517,830076531568.1754,4.191996852791519
ARB,2004,3.632280049566251,987304821542.1523,9.087408512336708
ARB,2005,3.493685346195308,1210081941398.604,5.579071616453746
ARB,2006,3.544985916050331,1439461123430.7522,6.308211363486777
ARB,2007,4.743906390216475,1674640786036.4014,4.629411346330372
ARB,2008,11.27066523808481,2121063708751.6636,5.5973399718027395
ARB,2009,2.920897118053667,1832774180319.9326,0.6809479941325236
ARB,2010,3.91106195534028,2165961502751.7183,4.736505744400404
ARB,2011,4.7531638888563,2576183850806.806,3.848606766141131
ARB,2012,4.611844322066397,2816787067316.2173,5.481379664214842
ARB,2013,3.254239109988475,2887116130913.4844,2.5856464433357615
ARB,2014,2.89947905006057,2940745822078.8022,2.587773580704038
ARB,2015,1.8313523315636855,2584151265962.58,3.3499827842042436
ARB,2016,2.227999911294275,2540369856563.148,3.5724563397779576
ARB,2017,2.069329281644238,2615263227679.801,1.3312699121453164
ARB,2018,2.3087469670393825,2924906594129.0264,2.6703834121284586
ARB,2019,1.3360156814765554,2969429771610.456,1.7494923830477802
ARB,2020,1.447036569987408,2608795934173.5063,-5.286414170781853
ARB,2021,2.868330277510149,3090113052044.163,4.431403967197738
ARB,2022,5.17222088647606,3752344988903.004,6.996676342825836
ARB,2023,4.000258770601519,3617895070373.0405,1.6487292798156972
ARB,2024,2.3089005718349656,3745043769553.0005,2.005218094390756
ARB,2025,1.766464908942058,3797527236194.647,3.6775799384803634
ARE,1960,,,
ARE,1961,,,
ARE,1962,,,
ARE,1963,,,
ARE,1964,,,
ARE,1965,,,
ARE,1966,,,
ARE,1967,,,
ARE,1968,,,
ARE,1969,,,
ARE,1970,,685986701.3167013,
ARE,1971,,939893599.6342009,36.612377853309056
ARE,1972,,1415086929.3006032,39.079637588666856
ARE,1973,,4231243615.8608866,76.6201550367607
ARE,1974,,11651505689.424364,14.498041267764933
ARE,1975,,14720729969.119665,6.22761090864789
ARE,1976,,19213212475.076824,16.52667921792657
ARE,1977,,24871660291.791176,21.439699471789766
ARE,1978,,23775718541.31712,-1.5896193741894677
ARE,1979,,31225557021.87345,20.923487493580367
ARE,1980,,43599134193.0959,23.87457938774793
ARE,1981,,49333471894.98529,4.659364152964059
ARE,1982,,46622715280.795975,-6.719144786776781
ARE,1983,,42803373389.67039,-4.746069703284974
ARE,1984,,41807931452.82621,4.0171380297948645
ARE,1985,,40603631079.40507,-3.594866802487246
ARE,1986,,33943568480.946884,-14.957771866383624
ARE,1987,,36384802310.388725,3.3814506515410727
ARE,1988,,36275613876.85753,-2.6190536775961277
ARE,1989,,41464966301.791885,12.338370873121846
ARE,1990,,50701374187.33097,18.327722868088017
ARE,1991,,51552058250.380554,0.860104327799661
ARE,1992,,54239188745.50014,3.3452816620912245
ARE,1993,,55625269485.1866,1.2610979294572786
ARE,1994,,59305111227.50341,6.896075733976332
ARE,1995,,65743604965.75565,6.687669301394976
ARE,1996,,73571217376.73358,5.798550874203286
ARE,1997,,78838886862.15746,8.19026264308846
ARE,1998,,75674384204.7668,0.2922264946940629
ARE,1999,,84445399334.7235,2.902053415645085
ARE,2000,,104337463730.16719,10.852837927302005
ARE,2001,,103311631797.32935,1.3989216106107278
ARE,2002,,109816091078.6034,2.4333748723792468
ARE,2003,,124346476180.45992,8.80057809996346
ARE,2004,,147824249957.9853,9.566526262779277
ARE,2005,,180617467954.22955,4.855136579968146
ARE,2006,,222116532963.026,9.837279228602185
ARE,2007,,257916148767.4361,3.184412814597607
ARE,2008,12.25042024481392,315474615741.2226,3.1918123545288495
ARE,2009,1.5618131744907,253547358746.80408,-5.242921907368299
ARE,2010,0.8779832882858672,307736348527.33014,1.6028500433632473
ARE,2011,0.8773465956851202,368881033962.5705,6.736511678975148
ARE,2012,0.6622689002690088,392793559050.78284,4.683256429187921
ARE,2013,1.101118363757104,409632574702.7148,4.9184505919084955
ARE,2014,2.346268656716426,424935834104.1933,4.632917858796674
ARE,2015,4.069966083615932,381973135513.0647,7.087666226576545
ARE,2016,1.617488089041977,381717208620.9639,5.657901471965857
ARE,2017,1.96682557818842,403365056078.8455,-1.0613711447254843
ARE,2018,3.068633792519967,440560003161.23627,1.537206340215107
ARE,2019,-1.931081147821727,433926218686.1076,1.271291205362843
ARE,2020,-2.079403179409438,357161776271.3275,-8.69343363776639
ARE,2021,0.1799353361744314,422441282436.2369,4.552801401063562
ARE,2022,5.291226043768494,511403404642.1729,7.514524142546051
ARE,2023,1.626708372132483,522622268401.1246,4.301136484994132
ARE,2024,1.66336510224894,552324919095.8721,3.991812003618307
ARE,2025,1.250865245598004,,
ARG,1960,,15865474315.405554,
ARG,1961,,20132220374.90928,5.42784287621933
ARG,1962,,18337691145.368755,-0.8520215219033389
ARG,1963,,18272123664.47152,-5.3081968253912635
ARG,1964,,25605249381.75971,10.130297661543068
ARG,1965,,28344705966.63891,10.569433337639396
ARG,1966,,28630474727.90226,-0.6597261706298241
ARG,1967,,24256667553.25692,3.1919966233917734
ARG,1968,,26436857247.498184,4.822500779324244
ARG,1969,,31256284543.61548,9.679526010783263
ARG,1970,,31584210365.54465,3.0456433191711483
ARG,1971,,33293199095.488117,5.658131081849248
ARG,1972,,34733000536.28621,1.6284165182593853
ARG,1973,,52544000116.90373,2.811754038490349
ARG,1974,,72436777342.45541,5.5338043957736005
ARG,1975,,52438647921.9226,-0.028412103711090708
ARG,1976,,51169499892.17222,-2.018251516833942
ARG,1977,,56781000101.08483,6.93414775653342
ARG,1978,,89049453088.32817,-4.506124802013588
ARG,1979,,69252328951.6441,10.22276346386812
ARG,1980,,76961923741.0701,1.5187839499017883
ARG,1981,,78676842366.5529,-5.189789141355931
ARG,1982,,84307486836.72401,-0.7356591591036192
ARG,1983,,103979106777.91101,4.349093279267564
ARG,1984,,116915052107.03087,1.5707387018202326
ARG,1985,,88150891728.10643,-5.189024353439038
ARG,1986,,105872372613.85706,6.153377062756931
ARG,1987,,108810885301.25256,2.7048688277055817
ARG,1988,,126890235049.09248,-1.089933341337911
ARG,1989,,76629728760.12296,-7.156949655979531
ARG,1990,,141352654305.16275,-2.467213778104721
ARG,1991,,189719984268.48453,9.133110567389608
ARG,1992,,228778917308.16986,7.937291556430765
ARG,1993,,236741715015.015,8.206979072212278
ARG,1994,,257440000000.0,5.836200703685265
ARG,1995,,258031750000.0,-2.845209610570791
ARG,1996,,272149750000.0,5.526689827152339
ARG,1997,,292859000000.0,8.111046770745702
ARG,1998,,298948250000.0,3.8501788515622763
ARG,1999,,283523000000.0,-3.385457040632687
ARG,2000,,284203750000.0,-0.7889989390569099
ARG,2001,,268696750000.0,-4.408839682585565
ARG,2002,,97724004251.8602,-10.89448482859028
ARG,2003,,127586973492.17664,8.83704079576924
ARG,2004,,164657930452.78662,9.02957330068152
ARG,2005,,198737095012.28165,8.851659920134367
ARG,2006,,232557260817.3077,8.047151500430274
ARG,2007,,287530508430.568,9.007650875047574
ARG,2008,,361558037110.41925,4.057233103464057
ARG,2009,,332976484577.6189,-5.918525076349468
ARG,2010,,423627422092.4897,10.125398156100232
ARG,2011,,530158122010.44244,6.003951692805785
ARG,2012,,545982375701.128,-1.026420454432099
ARG,2013,,552025140252.2463,2.4053237807943617
ARG,2014,,526319673731.6383,-2.5126153208139357
ARG,2015,,594749285413.2124,2.731159828289435
ARG,2016,,557532320662.9546,-2.0803278437781074
ARG,2017,,643628393281.364,2.818502977759181
ARG,2018,34.27722371310032,524819892360.1758,-2.6173964628203805
ARG,2019,53.5483043492339,447754683615.22455,-2.000861002857846
ARG,2020,42.01509473765087,385740508436.9652,-9.9004848136464
ARG,2021,48.40937862551991,486564085480.0355,10.441811988250564
ARG,2022,72.43075753182404,633993756301.0798,6.020745375348554
ARG,2023,133.4889355941749,649461687959.1744,-1.855788030463387
ARG,2024,219.883929014578,638365455340.0404,-1.342930721577389
ARG,2025,,683097891618.5966,4.367333302170223
ARM,1960,,,
ARM,1961,,,
ARM,1962,,,
ARM,1963,,,
ARM,1964,,,
ARM,1965,,,
ARM,1966,,,
ARM,1967,,,
ARM,1968,,,
ARM,1969,,,
ARM,1970,,,
ARM,1971,,,
ARM,1972,,,
ARM,1973,,,
ARM,1974,,,
ARM,1975,,,
ARM,1976,,,
ARM,1977,,,
ARM,1978,,,
ARM,1979,,,
ARM,1980,,,
ARM,1981,,,
ARM,1982,,,
ARM,1983,,,
ARM,1984,,,
ARM,1985,,,
ARM,1986,,,
ARM,1987,,,
ARM,1988,,,
ARM,1989,,,
ARM,1990,,2256863448.7708597,
ARM,1991,,2069870129.8701298,-11.699998482027027
ARM,1992,,1272835453.426344,-41.8000027457562
ARM,1993,,1201312829.2752385,-8.799998793293497
ARM,1994,3373.759443362932,1315158636.6755345,5.40000277917656
ARM,1995,175.951325534583,1468317435.2014842,6.8999984197365904
ARM,1996,18.68118564003604,1596968946.2370784,5.865400749435651
ARM,1997,13.96076412179104,1639492444.7615163,3.321079700469525
ARM,1998,8.672486323851578,1893726437.2646184,7.299999987709981
ARM,1999,0.6482457604703853,1845482173.0273242,3.3000000005816617
ARM,2000,-0.7908837689347572,1911563668.8500648,5.9000000031209225
ARM,2001,3.1459046468502,2118467913.378734,9.599999999275965
ARM,2002,1.060049293416667,2376335048.399756,13.199999997935578
ARM,2003,4.721553366053402,2807061008.6908445,14.000000001550148
ARM,2004,6.961261358757952,3576615240.4161587,10.499999998820186
ARM,2005,0.6389280024100973,4900469511.1019125,13.899999999113263
ARM,2006,2.892356624590039,6384452066.514603,13.199999999466144
ARM,2007,4.407360896445163,9206301269.791636,13.700000001546698
ARM,2008,8.949953353533871,11662040713.875309,6.900000000429586
ARM,2009,3.406766826838013,8647937081.256197,-14.10000000069978
ARM,2010,8.176361384739518,9260285755.624237,2.2000000002150983
ARM,2011,7.650008078592943,10142111824.583546,4.699999998674116
ARM,2012,2.558020077579073,10619320682.947443,7.200000000964863
ARM,2013,5.789667785446507,11121464437.04153,3.3
ARM,2014,2.981308689336724,11609513246.795767,3.6000000005899295
ARM,2015,3.731691192616935,10553337518.414,3.1999999989662484
ARM,2016,-1.403607559008996,10546136235.521862,0.19999999982599093
ARM,2017,0.9695532688161378,11527458709.015797,7.500000001641439
ARM,2018,2.520233820016377,12457940694.73953,5.199999999653244
ARM,2019,1.443446607706982,13619290539.211607,7.599999998539175
ARM,2020,1.211435778384646,12641698583.215239,-7.199999999206312
ARM,2021,7.184836294433707,13878908628.937809,5.800000000656453
ARM,2022,8.640911089738546,19513506553.125072,12.599999999776628
ARM,2023,1.980418776155536,24185982215.6543,8.299999999595386
ARM,2024,0.2695119782591255,25955275380.03208,5.900000000462285
ARM,2025,3.306933410729035,29243452882.35446,7.2
ASM,1960,,,
ASM,1961,,,
ASM,1962,,,
ASM,1963,,,
ASM,1964,,,
ASM,1965,,,
ASM,1966,,,
ASM,1967,,,
ASM,1968,,,
ASM,1969,,,
ASM,1970,,,
ASM,1971,,,
ASM,1972,,,
ASM,1973,,,
ASM,1974,,,
ASM,1975,,,
ASM,1976,,,
ASM,1977,,,
ASM,1978,,,
ASM,1979,,,
ASM,1980,,,
ASM,1981,,,
ASM,1982,,,
ASM,1983,,,
ASM,1984,,,
ASM,1985,,,
ASM,1986,,,
ASM,1987,,,
ASM,1988,,,
ASM,1989,,,
ASM,1990,,,
ASM,1991,,,
ASM,1992,,,
ASM,1993,,,
ASM,1994,,,
ASM,1995,,,
ASM,1996,,,
ASM,1997,,,
ASM,1998,,,
ASM,1999,,,
ASM,2000,,,
ASM,2001,,,
ASM,2002,,512000000.0,
ASM,2003,,524000000.0,0.9655172413793167
ASM,2004,,509000000.0,0.4098360655737707
ASM,2005,,500000000.0,-0.4081632653061291
ASM,2006,,493000000.0,-4.098360655737707
ASM,2007,,518000000.0,1.8518518518518619
ASM,2008,,560000000.0,-2.657342657342653
ASM,2009,,675000000.0,-4.166666666666657
ASM,2010,,573000000.0,0.2998500749625208
ASM,2011,,570000000.0,0.0
ASM,2012,,640000000.0,-4.3348281016442485
ASM,2013,,638000000.0,-2.5
ASM,2014,,643000000.0,1.762820512820511
ASM,2015,,673000000.0,3.149606299212593
ASM,2016,,671000000.0,-1.6793893129770936
ASM,2017,,612000000.0,-6.987577639751549
ASM,2018,,639000000.0,2.6711185308847973
ASM,2019,,647000000.0,-0.48780487804877737
ASM,2020,,721000000.0,4.411764705882362
ASM,2021,,750000000.0,-0.7824726134585234
ASM,2022,,871000000.0,1.7350157728706534
ASM,2023,,,
ASM,2024,,,
ASM,2025,,,
ATG,1960,,,
ATG,1961,,,
ATG,1962,,,
ATG,1963,,,
ATG,1964,,,
ATG,1965,,,
ATG,1966,,,
ATG,1967,,,
ATG,1968,,,
ATG,1969,,,
ATG,1970,,,
ATG,1971,,,
ATG,1972,,,
ATG,1973,,,
ATG,1974,,,
ATG,1975,,,
ATG,1976,,,
ATG,1977,,77507407.4074074,
ATG,1978,,88040740.74074073,4.383512477095408
ATG,1979,,109596296.29629628,8.079446229018686
ATG,1980,,132451851.85185184,8.161983858544588
ATG,1981,,149388888.88888887,3.814448151215629
ATG,1982,,166444444.44444445,-0.08350668426271568
ATG,1983,,184866666.66666666,5.3638188479878295
ATG,1984,,212214814.8148148,10.165230139450571
ATG,1985,,246370370.37037036,7.643844423015111
ATG,1986,,297562962.9629629,11.493669374104172
ATG,1987,,346866666.6666666,6.626134933176203
ATG,1988,,411396296.2962963,5.2131320489312145
ATG,1989,,455174074.07407403,5.2523014630046845
ATG,1990,,478718518.5185185,3.011813166872315
ATG,1991,,504337037.037037,2.1768521739896443
ATG,1992,,525133333.3333333,1.1585507771082746
ATG,1993,,565662962.962963,5.279886835220822
ATG,1994,,625081481.4814814,6.676406549734111
ATG,1995,,616051851.8518518,-4.359784666396052
ATG,1996,,679140740.7407407,6.6049448827643005
ATG,1997,,734422222.2222222,5.471255813953491
ATG,1998,,789788888.8888887,4.731279149350513
ATG,1999,1.121287895711461,835544444.4444444,3.7077459451265753
ATG,2000,0.7717797969001801,901003703.7037036,6.203552125558673
ATG,2001,1.402796635739881,877774074.074074,-4.548109771202945
ATG,2002,2.407658012934909,898092592.5925925,1.02723486062159
ATG,2003,1.993530551524539,948099999.9999999,6.076636664066015
ATG,2004,2.030077578532364,1026329629.6296296,5.767103382705557
ATG,2005,2.09875196709308,1143896296.2962961,6.473689417817411
ATG,2006,1.787785374191205,1303674074.074074,12.708147487362481
ATG,2007,1.416052594097406,1487381481.4814813,9.315182723156852
ATG,2008,5.333806398202332,1557640740.7407405,-0.014006598185176244
ATG,2009,-0.5501599955089137,1386518518.5185184,-11.962879470347104
ATG,2010,3.370025402201479,1298348148.148148,-7.840506837309718
ATG,2011,3.4567496723461,1287359259.2592592,-1.9587426221757198
ATG,2012,3.37688044338874,1364729629.6296296,3.37314273947959
ATG,2013,1.059497823561693,1325496296.2962961,-0.6009823295993613
ATG,2014,1.089441574353553,1378707407.4074073,2.198291887387967
ATG,2015,0.9689934588256383,1437485185.1851852,1.4216199759537176
ATG,2016,-0.4894377962304987,1489603703.7037036,4.120367543806097
ATG,2017,2.432487890413628,1534855555.5555553,2.7127265797362696
ATG,2018,1.207157933670076,1661529629.6296296,6.712004871597259
ATG,2019,1.431355981829838,1726448148.148148,3.172221937393701
ATG,2020,0.6259897070467194,1411637037.037037,-18.86877652081479
ATG,2021,2.062996385453344,1602125925.9259257,8.17286311186622
ATG,2022,7.531078346342885,1857114814.8148148,8.49776342254205
ATG,2023,5.067138653642129,2054096296.2962961,3.8655016007932375
ATG,2024,6.198866988421157,2162366666.6666665,2.5404419394654383
ATG,2025,1.368735275219537,2338196296.296296,4.998039984319874
AUS,1960,3.7288215039735,18635682981.70928,
AUS,1961,2.28758040719309,19713123154.099705,2.48085739405019
AUS,1962,-0.319488641462281,19953923192.627712,1.2969317723052143
AUS,1963,0.641025285901932,21573443451.750954,6.214376349852444
AUS,1964,2.86622669884314,23835843813.73501,6.977571893269911
AUS,1965,3.40558476676981,26014244162.279064,5.977505370908645
AUS,1966,3.2934114693033,27349284375.885498,2.3810335009272023
AUS,1967,3.47825912694824,30487524878.00398,6.306899486092149
AUS,1968,2.52100718278494,32763365242.13844,5.09512980987455
AUS,1969,3.27868697620866,36738245878.11934,7.047602432247274
AUS,1970,3.43915186655203,41395206623.23306,7.1746998368257096
AUS,1971,6.13810838730341,45283847245.41556,4.000986570037199
AUS,1972,6.02410407984535,52117990654.20561,3.9069785687666325
AUS,1973,9.09090432931634,63923126201.15311,2.618545873889701
AUS,1974,15.4166772694776,89086219602.06337,4.106611013282887
AUS,1975,15.1624202011615,97440939505.66708,1.33870055771159
AUS,1976,13.3229029796495,105209354855.7873,2.58782205117312
AUS,1977,12.3098267517375,110504702913.51227,3.592375819679731
AUS,1978,8.00490439376775,118660813779.84904,0.8953634402956823
AUS,1979,9.12202056872265,135093718050.66455,4.051550948545142
AUS,1980,10.1358489396034,150200557103.0641,3.0345350806405804
AUS,1981,9.48766136649872,177151979565.77267,3.3424201935128934
AUS,1982,11.3518321308515,194323071830.51968,3.3286499800523757
AUS,1983,10.0389003957519,177523719680.08145,-2.225823530171354
AUS,1984,3.96040844503847,193749932078.26035,4.564478659434499
AUS,1985,6.73468599874501,180861108959.1015,5.281698146094513
AUS,1986,9.05035323321654,182707050923.3352,3.9697630978788396
AUS,1987,8.53300355802082,189726707252.51456,2.5567680273608033
AUS,1988,7.2159571679871,236461079970.43088,5.761370118553245
AUS,1989,7.53389852824955,300264309002.1399,3.8790177935034365
AUS,1990,7.33302368375269,311840666465.0527,3.5729756909845634
AUS,1991,3.17666872277308,326416407860.7919,-0.38463135704665774
AUS,1992,1.01222824105977,325982966981.41504,0.43306586412670356
AUS,1993,1.75365751770527,312568858909.4997,4.045833741010114
AUS,1994,1.96963507094102,323269456935.3165,3.9788443417733106
AUS,1995,4.62776445368168,368725126225.1262,3.890171889616468
AUS,1996,2.61537902431631,401962517479.1218,3.8656747916007106
AUS,1997,0.224895027032537,436321902767.4084,3.9179581477173144
AUS,1998,0.860129922016289,400361527504.5784,4.676813734795076
AUS,1999,1.48313946657267,390347787943.35126,5.028220358505962
AUS,2000,4.45743705920869,416901962163.47925,3.9160574881715036
AUS,2001,4.40712998561533,380360222861.1969,2.0314588024889844
AUS,2002,2.98157117047457,396436967262.5634,3.949805357729417
AUS,2003,2.73259754838937,468517181129.8777,3.091280099775105
AUS,2004,2.34325687131265,615643050220.515,4.218941475475162
AUS,2005,2.69182949622197,696811489612.8158,3.155481213231681
AUS,2006,3.55528696972984,749708370332.9894,2.7709261737474975
AUS,2007,2.32761442623159,856603595823.1923,3.789471198826533
AUS,2008,4.35029726664093,1058448244063.7662,3.6239850356563323
AUS,2009,1.77112025681656,931761689770.8431,1.954848262985223
AUS,2010,2.9183370211222,1152566632022.1255,2.210047953007347
AUS,2011,3.30384784681081,1402939868653.3967,2.3947349433061476
AUS,2012,1.76278299052228,1552728401401.581,3.9524713811918417
AUS,2013,2.44988248109259,1583737461925.3928,2.6544530259240418
AUS,2014,2.48792932080492,1474677007565.6382,2.601189781873316
AUS,2015,1.50836803138463,1356805839935.903,2.164347806478517
AUS,2016,1.27699365720306,1211588128417.6074,2.755640655298677
AUS,2017,1.94864309065653,1330890554614.0916,2.293310301929182
AUS,2018,1.91140002818579,1433144978761.6658,2.874170394995005
AUS,2019,1.610770929127,1398349602956.3535,2.194017036227166
AUS,2020,0.846900734607273,1333336461648.09,-0.13353190430477468
AUS,2021,2.86391284709318,1560617493202.6936,2.006948443350339
AUS,2022,6.59409658717841,1695627535475.8005,4.253045592387323
AUS,2023,5.59701792296707,1734451264655.6016,3.583821007989812
AUS,2024,3.16656665428797,1757022451652.8313,1.3734077336597466
AUS,2025,2.87403791660173,1798518933689.2104,1.3503978507663135
AUT,1960,1.945749351986452,6624086313.143343,
AUT,1961,3.542239867275629,7346566037.833918,5.537979025133865
AUT,1962,4.381798638511829,7793042529.159923,2.6486746044373177
AUT,1963,2.708766994998223,8414050621.0171585,4.138267830913108
AUT,1964,3.86856354936629,9213648655.97511,6.124353453002485
AUT,1965,4.930916376762736,10041659445.11802,3.4801745430766573
AUT,1966,2.054820592579818,10939526218.63931,5.642861429322082
AUT,1967,3.97467292898837,11634569521.927347,3.0080474076375197
AUT,1968,2.76486447339763,12499863917.100342,4.47231239659007
AUT,1969,3.080404195395362,13647475854.028723,6.2758670385816515
AUT,1970,4.372824415821345,15312791743.84758,7.122875660740391
AUT,1971,4.704258138286956,17788536733.120388,5.1149684400360655
AUT,1972,6.355146126867873,21973207929.043396,6.207860572715717
AUT,1973,7.531078038271199,29399860144.774754,4.89043598428583
AUT,1974,9.521788197422442,35051468639.57597,3.942138196267649
AUT,1975,8.44525863917964,39902300703.168205,-0.36373578167000176
AUT,1976,7.318685451069235,42791707448.03252,4.578444914902519
AUT,1977,5.494615681276711,51343861460.32803,5.079981206694399
AUT,1978,3.574318575512131,61809208755.80404,-0.21065365212002973
AUT,1979,3.707400963534144,73647694287.18477,5.356699939239462
AUT,1980,6.328325362261036,81737498404.59476,1.7314854959659982
AUT,1981,6.803041775992542,70755997062.3812,-0.14429473108364732
AUT,1982,5.43603082512851,70996111962.5716,2.0112545546299145
AUT,1983,3.339164534095357,71838528420.40755,2.973087838175829
AUT,1984,5.663185739093447,67719055773.33058,0.051275157320532117
AUT,1985,3.189516818051947,69114996009.57701,2.498678849808371
AUT,1986,1.705444567319661,98648254168.5444,2.301392794741858
AUT,1987,1.40195271783983,123682091858.94646,1.357167994688453
AUT,1988,1.915716846712493,132817124707.4557,3.2958798164711993
AUT,1989,2.568348290293717,132584448257.93031,3.8870747868501496
AUT,1990,3.261872318785734,165811372382.91177,4.345641837689712
AUT,1991,3.337427034747917,173113449616.97113,3.4416274880865387
AUT,1992,4.020847800385543,194314032056.09818,2.0935244262602026
AUT,1993,3.631785249431805,189634029338.69632,0.5268097694967651
AUT,1994,2.953409367610805,202738023129.7434,2.402118432590555
AUT,1995,2.243366315008982,240094169510.03137,2.6679838888250345
AUT,1996,1.860971157604368,235952581232.12894,2.215767130873587
AUT,1997,1.305978572276913,211724812267.44843,2.145835055264598
AUT,1998,0.9224671966808494,217068085815.91818,3.4928800296230946
AUT,1999,0.5689937658855305,216421809125.91553,3.7619243519046393
AUT,2000,2.344862853572807,196181599831.28668,3.189522929887872
AUT,2001,2.650000772795294,196477206829.33017,1.3169874957133914
AUT,2002,1.810357877641286,212837224022.81332,1.4843687760532447
AUT,2003,1.355553708964453,260779834340.0967,1.141565045427754
AUT,2004,2.061206180328696,299210411454.8228,2.56525534067859
AUT,2005,2.299137856392859,313952317330.7765,2.320365142667825
AUT,2006,1.441548511190167,333905979332.4807,3.2693360150605884
AUT,2007,2.168555288007567,386760177589.4965,3.7752246872918533
AUT,2008,3.215950332398797,429234399096.17255,1.453305621421137
AUT,2009,0.5063088276965044,399290118782.42865,-3.58626472551299
AUT,2010,1.813534389950618,389827789217.6341,1.8089824304366289
AUT,2011,3.2865791487538,428954737064.05725,2.9274680016914516
AUT,2012,2.485675621770146,406750487603.5899,0.6282462394796369
AUT,2013,2.000156169005974,426580502769.4165,-0.2507264233184543
AUT,2014,1.605811829544736,438556021078.0341,0.7557988503166655
AUT,2015,0.8965633352603198,379546097300.6326,1.3035233182619805
AUT,2016,0.8915917526553624,393687359770.2733,2.1172196449431198
AUT,2017,2.081269113855869,414926138132.6913,2.272249920382066
AUT,2018,1.998379814295489,452582294972.7754,2.484221140800244
AUT,2019,1.530895641526437,442983642371.8424,1.7549761964928763
AUT,2020,1.381910633518537,434397601557.69617,-6.318255092099363
AUT,2021,2.7666666666667,480466363176.8062,4.923091717179034
AUT,2022,8.546869931884578,473221298968.2158,5.330963794003708
AUT,2023,7.814134170028312,516670509628.8758,-0.7862442885946734
AUT,2024,2.937915742793759,534790720466.8218,-0.6590895731713715
AUT,2025,3.527194399569281,579470021095.4176,0.6157472809590558
AZE,1960,,,
AZE,1961,,,
AZE,1962,,,
AZE,1963,,,
AZE,1964,,,
AZE,1965,,,
AZE,1966,,,
AZE,1967,,,
AZE,1968,,,
AZE,1969,,,
AZE,1970,,,
AZE,1971,,,
AZE,1972,,,
AZE,1973,,,
AZE,1974,,,
AZE,1975,,,
AZE,1976,,,
AZE,1977,,,
AZE,1978,,,
AZE,1979,,,
AZE,1980,,,
AZE,1981,,,
AZE,1982,,,
AZE,1983,,,
AZE,1984,,,
AZE,1985,,,
AZE,1986,,,
AZE,1987,,,
AZE,1988,,,
AZE,1989,,,
AZE,1990,,8884848484.848484,
AZE,1991,,5344000000.0,-0.7000001756995715
AZE,1992,-10.63009715762007,444658671.5867158,-22.60000032644443
AZE,1993,1128.000024294043,1570392598.1495376,-23.099998718838734
AZE,1994,1662.215948758992,1193141110.3504274,-19.700001239923836
AZE,1995,411.7596417772679,2417331192.9526043,-11.799999107681813
AZE,1996,19.79480280618986,3176507376.3183618,1.299999404638271
AZE,1997,3.674348096847272,3962362387.479221,5.800000147957832
AZE,1998,-0.772697886033166,4446368570.690101,9.999999611536907
AZE,1999,-8.52517000536063,4581248566.501584,7.4000012995856395
AZE,2000,1.805003037043562,5272615722.968918,11.099999143434601
AZE,2001,1.547195901522798,5707616203.720108,9.899999865336426
AZE,2002,2.771164719982698,6236087738.282841,9.438916269065615
AZE,2003,2.233864929670494,7276413079.114511,10.208299400477642
AZE,2004,6.708930427977857,8680405740.941248,9.253801797289071
AZE,2005,9.679507319170504,13245421880.834042,27.961538108213134
AZE,2006,8.328924828632093,20981929497.618767,34.46620962267917
AZE,2007,16.6997549618244,33049419431.224392,25.4632157314482
AZE,2008,20.84908717727123,48851293785.44826,10.591437462476037
AZE,2009,1.457048359703213,44292427184.94917,9.369502602771831
AZE,2010,5.72687224669605,52909294791.92624,4.788832487615565
AZE,2011,7.8583333333334,65952796427.94731,-1.5729973511110984
AZE,2012,1.066213397203028,69679944504.19719,2.2029389170839835
AZE,2013,2.415717452794191,74160560123.69016,5.843415904839276
AZE,2014,1.37344181533176,75239785452.10219,2.7975852144855935
AZE,2015,4.027685737427259,53076235354.74602,1.0495464121508462
AZE,2016,12.44337485843723,37866996882.915695,-3.0635984225170603
AZE,2017,12.93591841873347,40866627351.98167,0.15361466174550742
AZE,2018,2.268546903739991,47112470051.77007,1.5004016716731314
AZE,2019,2.610571827992152,48174235294.117645,2.479808791855646
AZE,2020,2.759809470081272,42693000000.0,-4.19896065333343
AZE,2021,6.650299127087786,54825411764.70589,5.616440271505539
AZE,2022,13.8522590144267,78807470588.2353,4.71468033247649
AZE,2023,8.785430498490808,72428470588.23529,1.3544774911576667
AZE,2024,2.212171889199014,74426000000.0,4.158068004280622
AZE,2025,5.622087880683383,75937647058.82353,1.449855911226976
BDI,1960,,195999990.0,
BDI,1961,,202999992.0,-13.746135053983892
BDI,1962,,213500006.0,9.063157933865625
BDI,1963,,232749998.0,4.135407421855746
BDI,1964,,260750008.0,6.273037900870619
BDI,1965,,158994962.96296296,3.967225609280149
BDI,1966,4.436860067690882,165444571.42857143,4.612992895576838
BDI,1967,-1.089324618742534,178297142.85714287,13.821518602087423
BDI,1968,6.057268722225183,183200000.0,-0.29788367347217104
BDI,1969,4.023883697331223,190205714.2857143,-1.4595411424562172
BDI,1970,-0.1996506114302253,242732571.42857143,21.325670732865447
BDI,1971,3.85096274044454,252842285.7142857,2.74682871213831
BDI,1972,3.828557669173338,246804571.42857143,-6.40396492407875
BDI,1973,6.00649350675306,304339523.90247566,6.8890507189633325
BDI,1974,15.72230729909378,345263492.06349206,-0.7268395627463349
BDI,1975,15.70987459882328,420986666.6666666,0.6979202362151966
BDI,1976,6.856551573645387,448412753.6231884,7.942660976141397
BDI,1977,6.834514041364888,547535555.5555556,11.469453043912537
BDI,1978,23.89562064693028,610225555.5555556,-0.9405759884096483
BDI,1979,36.5407569980925,782496666.6666666,1.6649549502354262
BDI,1980,2.49851950030166,919726666.6666666,0.9910557251064773
BDI,1981,12.16739434879382,969046666.6666666,12.163275569828286
BDI,1982,5.868096357226611,1013222222.2222222,-1.053599820210124
BDI,1983,8.151231356226312,1082926304.464766,3.715326991391123
BDI,1984,14.31686978832584,987143931.166987,0.15554400495973653
BDI,1985,3.804286836494247,1149979285.7734692,11.783180178665404
BDI,1986,1.675675675675466,1201725497.065779,3.250180459702406
BDI,1987,7.113237639553367,1131466494.0110068,5.503096119522439
BDI,1988,4.486797697041769,1082403219.4878733,5.031024367491213
BDI,1989,11.66159984799583,1113924130.4114907,1.3495022365178357
BDI,1990,7.002169566511215,1132101252.5181746,3.4998221361125275
BDI,1991,8.99693873494331,1167398478.3459036,4.996836447921254
BDI,1992,1.823333333333079,1083037670.60484,1.0099983709962856
BDI,1993,9.679346580679281,938632612.0263591,-6.24000000139047
BDI,1994,14.85281498339694,925030590.153683,-3.829999996198282
BDI,1995,19.26325363825377,1000428393.885281,-7.920000003747717
BDI,1996,26.43678160919512,869033856.3170933,-7.999999997940932
BDI,1997,31.11158983196947,972896267.915425,-1.5899999968582819
BDI,1998,12.5004107653378,893770740.2074156,4.7499999950961325
BDI,1999,3.385424273404549,808077223.3657464,-1.009999996498152
BDI,2000,24.4320242102151,870486065.8831366,-0.8568640584241507
BDI,2001,9.296187713418888,876794723.0685855,2.0558071083524254
BDI,2002,-1.365680053280599,825394519.4237278,4.446519412247966
BDI,2003,10.64746456583057,784654423.6204764,-1.2237279602344415
BDI,2004,8.176429374820534,915257323.3960996,4.833657768094525
BDI,2005,13.25206991882235,1117113079.736455,0.9000000009019118
BDI,2006,2.745420002142409,1273375078.4484448,5.413807144914443
BDI,2007,8.412062857725438,1356199387.4230778,3.444493646636147
BDI,2008,24.40695103539137,1611835857.0458813,4.908741908135454
BDI,2009,10.55543552995293,1775495032.4240046,3.7870758305051027
BDI,2010,6.493265914739934,2032135192.0124843,5.093736973230548
BDI,2011,9.5921660597967,2235812879.5670915,4.024427938642276
BDI,2012,18.16104530654508,2327402362.815743,4.423031184901262
BDI,2013,7.937958074924175,2451624637.671567,4.9239248511745615
BDI,2014,4.40535234185293,2705826648.21019,4.24490803087248
BDI,2015,5.544688912597794,2810532912.499755,-0.4045255952041913
BDI,2016,5.55768961400965,2618093125.1468735,3.2001747040899318
BDI,2017,16.05253530303918,2831362208.340392,3.831857570617842
BDI,2018,-2.81469807668465,2913411408.4478335,5.342244731864085
BDI,2019,-0.6867721707973587,2871555326.310291,4.459342023587837
BDI,2020,7.321106434155209,3188355943.635125,0.3064438116517181
BDI,2021,8.404538450763408,3425127990.705195,3.2370747937292492
BDI,2022,18.80087866649446,4020736756.6425576,2.317701223508223
BDI,2023,26.94148357624534,3419558408.3540807,3.2547689732619602
BDI,2024,20.2124925027847,3037579858.381424,4.112273763949119
BDI,2025,34.13399857448319,3364713864.08488,4.240105298841783
BEL,1960,0.2994672547696946,11810619368.387356,
BEL,1961,0.9926762607672747,12561701694.331919,4.978422902039512
BEL,1962,1.404607035435142,13436827166.51867,5.212003161929758
BEL,1963,2.148003413321961,14445805381.387213,4.351584392721122
BEL,1964,4.168760585643645,16168044450.25225,6.9566850048564675
BEL,1965,4.065201374746554,17597783297.458344,3.560660186854548
BEL,1966,4.174347618530005,18894891312.297703,3.1558948889368565
BEL,1967,2.730302685909018,20252508995.474495,3.868147223611686
BEL,1968,2.701449829313545,21654856965.428123,4.194129432386774
BEL,1969,3.753992290532842,24019653474.99587,6.629800091623665
BEL,1970,3.908472384719047,26706196046.79306,6.352672291212926
BEL,1971,4.343628546121011,29821661869.912014,3.985827196667586
BEL,1972,5.448431284380751,37209418018.51343,5.295604670725211
BEL,1973,6.95528008719914,47743801490.374664,6.381701799938824
BEL,1974,12.67788775134515,56033077879.03894,4.565258508503064
BEL,1975,12.76819859205158,65678189097.29078,-1.9659418827765052
BEL,1976,9.068609810549614,71113882967.60712,5.652746063082333
BEL,1977,7.09600059132598,82839905458.63815,0.6261545720577857
BEL,1978,4.470593315929442,101246526194.44089,2.841896816973289
BEL,1979,4.469083949004865,116315456796.918,2.34107304540791
BEL,1980,6.648688296553529,126829314388.19148,4.444053892480014
BEL,1981,7.627486568142712,104730018470.23033,-0.2792835853940687
BEL,1982,8.72654906555471,92095926187.53311,0.5949867675788312
BEL,1983,7.661609837438828,87184239053.25444,0.3118430094733071
BEL,1984,6.341774910091275,83349530159.17342,2.4663824514674673
BEL,1985,4.868733994969404,86268264148.37964,1.6517929706333092
BEL,1986,1.294368191024802,120018787249.41304,1.822762033165958
BEL,1987,1.55338261314945,149394404105.8887,2.3066596893602735
BEL,1988,1.160934934153314,162299103675.26056,4.72320872854138
BEL,1989,3.107050651110936,164221056511.05652,3.4691669757017394
BEL,1990,3.448312179618077,205331747947.8513,3.1374022173162928
BEL,1991,3.215310692608096,210510999409.33255,1.8330744134300119
BEL,1992,2.427955671646152,234781652446.67502,1.530654751421622
BEL,1993,2.754426434734624,224721795708.95523,-0.9618730769230268
BEL,1994,2.377540844764004,244884129491.19846,3.2269714542624683
BEL,1995,1.467966990902718,288025588396.2781,2.384757248701348
BEL,1996,2.077021073506751,279201433224.75574,1.3214321443260104
BEL,1997,1.628160495129544,252708051420.83896,3.7936716554143715
BEL,1998,0.9492502883506101,258528339631.0291,1.961832404556091
BEL,1999,1.120848234178475,258245733221.46774,3.542717988239218
BEL,2000,2.544517761909,236792460312.4711,3.7167051067258825
BEL,2001,2.469258230860827,236746141604.3704,1.0996036241964475
BEL,2002,1.645214361753608,258383599375.17697,1.7068943034960142
BEL,2003,1.588963999703718,318082528506.5876,1.0379551816220385
BEL,2004,2.097283112393156,369214712443.20557,3.571206719423188
BEL,2005,2.781432636700292,385714762230.03876,2.321737929118342
BEL,2006,1.791207700704539,408259840868.82294,2.5523408732246224
BEL,2007,1.823056300268095,470922156309.4525,3.6769246251580228
BEL,2008,4.489444205084045,517328087920.078,0.4469051307272309
BEL,2009,-0.05314567412541769,485014525992.46063,-1.9064410551533513
BEL,2010,2.189299204224584,481556503720.0009,2.7103115025466167
BEL,2011,3.5320821072274,527196649048.63916,1.9311550241132522
BEL,2012,2.839663434458995,498414364944.96106,0.21580361208974352
BEL,2013,1.113095940275396,524097026598.5505,0.3054945490702323
BEL,2014,0.3400028333569217,537987419164.3511,1.7655403814992354
BEL,2015,0.5614291527901578,461044767544.531,1.4741643373192659
BEL,2016,1.973852646531627,474271566739.72876,1.1935027300775403
BEL,2017,2.125970860026162,500908767351.5303,1.4744676155678462
BEL,2018,2.053164998651776,542638913427.9212,1.8779684738356508
BEL,2019,1.436819569964382,536726344405.4893,2.4428900448155986
BEL,2020,0.7407918122203436,529694473501.7913,-4.7929839083518
BEL,2021,2.44024851144084,598522422241.8508,6.254456864665926
BEL,2022,9.597511728725,591474463578.6016,4.024608528358868
BEL,2023,4.049010776139414,650779364363.7369,1.5612553954202895
BEL,2024,3.143491365000414,670983130618.828,1.0977538382870335
BEL,2025,2.467055437746132,725466462859.646,0.9831179671259349
BEN,1960,,226195578.43449736,
BEN,1961,,235668220.50820154,3.141280456412133
BEN,1962,,236434954.038578,-3.4264098209858673
BEN,1963,,253927697.25804955,4.730027970918798
BEN,1964,,269819005.8781397,6.650759128248083
BEN,1965,,289908680.4263955,5.293862828711738
BEN,1966,,302925235.1519967,3.57586273248711
BEN,1967,,306221953.10491055,1.0783986666456542
BEN,1968,,326323105.2647596,3.8423356345949315
BEN,1969,,330748244.5395739,2.877497974037027
BEN,1970,,333627713.49443835,2.0977575805105886
BEN,1971,,335073027.54117006,-1.4968418264466976
BEN,1972,,410331856.99121785,6.426367544830498
BEN,1973,,504376074.1857087,3.7061653190710473
BEN,1974,,554654860.7025769,3.3393121574295463
BEN,1975,,676870140.3415287,-4.895345446586546
BEN,1976,,698408261.9222374,0.8843563328456412
BEN,1977,,750049778.8406903,4.983663729950408
BEN,1978,,928843469.4317267,1.2550780277507272
BEN,1979,,1186231019.8204372,6.535747415023408
BEN,1980,,1405251846.5404758,6.781763867852277
BEN,1981,,1291120188.431039,9.95423116708119
BEN,1982,,1267778670.359021,2.2350663440239344
BEN,1983,,1095348199.4391124,-4.347822735166744
BEN,1984,,1051134008.7897869,7.92983956551727
BEN,1985,,1045712789.1488353,7.530324838062711
BEN,1986,,1336102025.2776284,2.1711415979259527
BEN,1987,,1562412227.9005773,-1.5000029523144178
BEN,1988,,1620246083.7947803,3.405245295832259
BEN,1989,,1502294416.1712859,-2.8541604962233578
BEN,1990,,1959965330.1476502,8.9761343599898
BEN,1991,,1986437796.5305347,4.225799420716683
BEN,1992,,1695315305.7030787,2.957710827203954
BEN,1993,0.4405992149317939,2274558082.7613525,5.836172085013828
BEN,1994,38.53086616685379,1598075943.867737,2.0204004476166233
BEN,1995,14.4625482180894,2169627137.920696,6.045198650415642
BEN,1996,4.914239726372014,2361116449.393076,4.324284031317859
BEN,1997,3.466295905647761,2268301646.4670687,5.734688375213068
BEN,1998,5.753314584170641,2455092686.347117,3.9610121383264527
BEN,1999,0.3267228933968662,3677393998.7448587,5.341449372044167
BEN,2000,4.165404422902826,3519991440.4791317,5.857714205432686
BEN,2001,3.984295477678934,3666222635.138748,5.333135706039371
BEN,2002,2.48916235491541,4194342686.2178025,4.643030870744823
BEN,2003,1.487242461454418,5349258094.482386,3.4435767759165827
BEN,2004,0.8738908308684998,6190270380.498556,4.429684553850819
BEN,2005,5.364520858323421,6567654954.38903,1.7131645636118407
BEN,2006,3.782176965403747,7034111314.888124,3.9437388281579757
BEN,2007,1.298068133341521,8169048382.838754,5.986349321776089
BEN,2008,7.947298760678541,9787734526.23965,4.896577084296467
BEN,2009,0.8960723557490692,9738626517.003195,2.319292139128379
BEN,2010,2.207835325365237,9535345015.78355,2.1140647264839174
BEN,2011,2.7042390774728,10693321363.657408,2.963752919042008
BEN,2012,6.744682533407122,11141358115.899054,4.811223315687997
BEN,2013,0.4288888888888836,12517845123.931498,7.191433721449457
BEN,2014,-0.5487575509481809,13284527846.908115,6.357679097919316
BEN,2015,0.2187859235362453,11388160996.773783,1.7781510603027755
BEN,2016,-0.793310145785624,11821065853.38379,3.339673426296926
BEN,2017,0.04326485551036081,12701655836.9467,5.671561951504444
BEN,2018,0.9191707178860538,14262408089.926104,6.697253621808883
BEN,2019,0.7328493712410664,14391686313.464123,6.8656866284833455
BEN,2020,3.022721196637592,15686741883.93395,3.8487924003013347
BEN,2021,1.733539626940358,17687623530.335533,7.155451645757395
BEN,2022,1.350778635835274,17425405090.862,6.25294705373625
BEN,2023,2.738700784060748,19673291004.14443,6.352777385444199
BEN,2024,1.160930896404151,21482643706.42485,7.453115662262007
BEN,2025,1.101552479029779,24566420903.533676,8.074084536883362
BFA,1960,7.788161993768833,330442815.8211856,
BFA,1961,18.56213872810788,350247234.26071155,4.043927977549245
BFA,1962,1.67590956140175,379567099.24942166,6.128798780245063
BFA,1963,5.574202829150884,394040667.1063353,-1.2680163726918892
BFA,1964,1.845123197749968,410321644.96491134,2.2828192237583664
BFA,1965,-0.730252522661333,422916789.7482999,3.76454538063129
BFA,1966,2.364106019833393,433889766.239436,0.537613083660716
BFA,1967,-4.333753908569058,450753923.5480476,8.823314974853673
BFA,1968,-0.2867136877700104,460442689.3763777,3.0707739378289745
BFA,1969,9.655529357621178,478298645.39382035,2.026081040526975
BFA,1970,1.772603314513373,458404268.76197135,0.11701961067960553
BFA,1971,2.061218179952287,482411179.1211782,1.413339881531897
BFA,1972,-2.923356558679517,578595521.9901348,2.3114987415627724
BFA,1973,7.603890362542975,674773569.8775476,0.44932740448064123
BFA,1974,8.719609454284223,751133430.4493006,8.286426480363772
BFA,1975,18.7569466058634,939972703.4630206,2.998382897073455
BFA,1976,-8.400718778205453,976547188.0547776,8.53489496068103
BFA,1977,29.98610429971412,1131224878.1886473,0.37035356366278904
BFA,1978,8.269140072140468,1475583644.9361432,4.607824999656842
BFA,1979,14.99346595035952,1748480620.5239744,3.6646215120786536
BFA,1980,12.20263649682987,1928719888.2068832,0.7968788785792214
BFA,1981,7.555705604409389,1775842333.5704167,4.255303394555824
BFA,1982,12.05976520813367,1754450096.2372131,9.562196621811793
BFA,1983,8.153762774204266,1600278605.2546546,0.34598474020850745
BFA,1984,4.846957681860848,1459880132.1410668,-1.778696687729365
BFA,1985,6.906057821404666,1552493196.2842438,8.517364991123216
BFA,1986,-2.611742924767832,2036303357.6811328,7.955362728748398
BFA,1987,-2.681784235115955,2369834949.732339,-0.2363367891433228
BFA,1988,4.255616017859416,2616040478.9930944,5.795592964580052
BFA,1989,-0.4817987152033337,2615587733.973027,2.1502672717350606
BFA,1990,-0.5043033889189125,3101300778.564138,-0.6029284775809884
BFA,1991,2.162600527134233,3135045584.08387,9.069984458774357
BFA,1992,-1.991135807368943,3356692505.1826596,0.23271076184595074
BFA,1993,0.5534557235419172,3199536465.233282,3.461384939458185
BFA,1994,25.17787622499625,1895290637.0950437,1.3150072721026476
BFA,1995,7.458844978283243,2379517975.2805634,5.716373862696216
BFA,1996,6.097804391217415,2586550595.4101324,11.014743869558032
BFA,1997,2.318690621766833,2447669101.9517813,6.316834734837684
BFA,1998,5.08433344145324,2804902367.146874,7.3077196349689615
BFA,1999,-1.072613627595337,3389566712.6603723,7.395237801119308
BFA,2000,-0.3042121684868028,2968370087.597594,1.8884738890652528
BFA,2001,5.007432908223731,3190371080.947684,6.61340574539679
BFA,2002,2.175694806646081,3622350062.9605265,4.352963829880991
BFA,2003,2.034565740538153,4740768142.674943,7.802493888703594
BFA,2004,-0.4002287021154518,5451688537.6095915,4.478452136703865
BFA,2005,6.415040183696842,6146353173.349286,8.661873228412247
BFA,2006,2.333108563722199,6547419820.381131,6.2531646881747776
BFA,2007,-0.2306273062730493,7625722836.768471,4.111379017615164
BFA,2008,10.6597978997424,9451435490.114674,5.799991741053873
BFA,2009,2.60817666368314,9450696873.343262,2.961950858666924
BFA,2010,-0.764230734676768,10109619740.699419,8.446281577076249
BFA,2011,2.759767248545341,12080295977.563232,6.622562613066933
BFA,2012,3.818152402523803,12561015156.568285,6.452672379531464
BFA,2013,0.5337385070905363,13444300485.841228,5.792584845098673
BFA,2014,-0.2580895175352913,13943016076.743608,4.326845614529759
BFA,2015,0.7248389810705168,11832159315.62978,3.921228793793503
BFA,2016,0.441041448058809,12833363045.336655,5.95797670754024
BFA,2017,1.482998971613255,14106955615.344177,6.203489411218683
BFA,2018,1.955943026725324,15890066221.288244,6.604569068123411
BFA,2019,-3.233389339833215,16032813503.37069,5.889204970681348
BFA,2020,1.884700665188471,17725010532.52676,2.010772624062213
BFA,2021,3.653267618255089,19697516284.378677,6.942524925723475
BFA,2022,14.2902354303358,18622421394.613308,1.626732582119189
BFA,2023,0.7429104286689175,20106062971.6533,3.000274158141252
BFA,2024,4.190817213445235,23136514855.76458,4.833958101638828
BFA,2025,-0.5862353163305787,27627297461.3181,5.294618393192835
BGD,1960,,4274894083.3333335,
BGD,1961,,4817580375.0,6.058160825476165
BGD,1962,,5081413541.666667,5.453030969878142
BGD,1963,,5319458562.5,-0.4558942899698053
BGD,1964,,5386054833.333334,10.952788546058429
BGD,1965,,5906636791.666667,1.606258228929775
BGD,1966,,6439687854.166667,2.56681200128088
BGD,1967,,7253575687.5,-1.8758639196746003
BGD,1968,,7483685770.833334,9.489454015491177
BGD,1969,,8471006437.5,1.2208579090832217
BGD,1970,,8992722166.666668,5.619852292821534
BGD,1971,,8751843187.5,-5.479483027228071
BGD,1972,,6288245866.666667,-13.973728702056121
BGD,1973,,8086725729.340702,3.3256801988143394
BGD,1974,,12512460519.708761,9.591956300395623
BGD,1975,,19448348073.456512,-4.0882140918124605
BGD,1976,,10117113333.333334,5.661361201188782
BGD,1977,,9651149301.874596,2.6730560500421348
BGD,1978,,13281767142.857143,7.073837732597269
BGD,1979,,15565480321.944809,4.801634600548368
BGD,1980,,18138049095.607235,0.8191418689166312
BGD,1981,,20249694002.44798,7.233943694897917
BGD,1982,,18525399201.596806,2.13432783577548
BGD,1983,,17609048821.54882,3.881046399808838
BGD,1984,,18920840000.0,4.803310015251711
BGD,1985,,22278423076.923077,3.34201465416713
BGD,1986,,21774033333.333332,4.17338255900151
BGD,1987,9.874696091266326,24298032258.064518,3.772401852516822
BGD,1988,7.412765957446663,26579005558.365208,2.4162568556577355
BGD,1989,6.045479755962436,28781715188.891914,2.836582129088171
BGD,1990,6.126718469814579,31598340778.216366,5.62225816160344
BGD,1991,6.357364122782342,30957483949.57983,3.4852278159802665
BGD,1992,3.634076917984911,31708874594.164455,5.442685549667246
BGD,1993,3.014818599897985,33166519417.98942,4.71156172453999
BGD,1994,5.313740079364979,33768660882.793015,3.890126441168178
BGD,1995,10.2978117947206,37939748768.656715,5.121277897243374
BGD,1996,2.377129029532233,46438484107.57946,4.52291921684423
BGD,1997,5.305601056688016,48244309133.489456,4.4898964976265034
BGD,1998,8.40223795613228,49984559471.36564,5.177026873149799
BGD,1999,6.106695898419582,51270569883.52746,4.670156368821111
BGD,2000,2.208256209375351,53369787318.62453,5.293294718925324
BGD,2001,2.007173742138401,53991289844.32913,5.07728777526728
BGD,2002,3.332564932719127,54724081490.510185,3.83312393993225
BGD,2003,5.668707734414762,60158929188.255615,4.739567399630445
BGD,2004,7.587536385046896,65108544250.04247,5.2395329102985215
BGD,2005,7.046618162220388,69476001239.419,6.535944938755023
BGD,2006,6.765261170547572,71795736172.15605,6.671904985767881
BGD,2007,9.106984969053828,79611644974.55707,7.058599354498483
BGD,2008,8.901944894651537,91636997370.97716,6.013789757385354
BGD,2009,5.423472361746793,102475158190.99796,5.045124799193374
BGD,2010,8.126676391699174,115275540051.26195,5.571788185331215
BGD,2011,11.39516515523992,128607482310.35696,6.464379124977285
BGD,2012,6.217504220692839,133310747603.48254,6.521458779064432
BGD,2013,7.530406409131722,149998957434.18637,6.013605658343437
BGD,2014,6.991638892208488,172886611653.7858,6.061059358849505
BGD,2015,6.194280229849836,195146608978.1311,6.552639878161969
BGD,2016,5.513525726929953,265224515675.03375,7.113478212700926
BGD,2017,5.702070157172389,293732446624.5958,6.590249997940575
BGD,2018,5.543621394864763,321362752441.78033,7.319412630141358
BGD,2019,5.591996399306291,351231654603.69226,7.881915151177225
BGD,2020,5.691074747462114,373979442362.1933,3.448017551224453
BGD,2021,5.545654307734731,416271647911.01416,6.9386791244244534
BGD,2022,7.696954371768982,460131689083.0827,7.0998287757515754
BGD,2023,9.883503037792101,437415333018.29095,5.775112370078887
BGD,2024,10.46574827634125,450119432068.85223,4.223259112501609
BGD,2025,8.768762811611404,456319229255.5782,3.4899067183683314
BGR,1960,,,
BGR,1961,,,
BGR,1962,,,
BGR,1963,,,
BGR,1964,,,
BGR,1965,,,
BGR,1966,,,
BGR,1967,,,
BGR,1968,,,
BGR,1969,,,
BGR,1970,,,
BGR,1971,,,
BGR,1972,,,
BGR,1973,,,
BGR,1974,,,
BGR,1975,,,
BGR,1976,,,
BGR,1977,,,
BGR,1978,,,
BGR,1979,,,
BGR,1980,,20039544133.045795,
BGR,1981,,20055685480.823143,4.90016371130524
BGR,1982,,19803624625.385994,2.3345644752475323
BGR,1983,,16959180921.516699,3.43030746493757
BGR,1984,,17410894970.7546,3.396443191002035
BGR,1985,,17562270446.951088,2.683438556088632
BGR,1986,2.699999999999864,20261546635.230568,4.207602668866727
BGR,1987,2.72638753651417,28428718531.028126,6.054514394694465
BGR,1988,2.369668246445441,23003003707.701694,10.944691728780427
BGR,1989,6.388888888888821,21746286446.792206,-3.289882306044518
BGR,1990,23.80000000000027,20726605648.79715,-9.11737619878788
BGR,1991,338.4491114701119,7628764750.156552,-8.445355637647694
BGR,1992,91.29793272693038,8602874120.171932,-7.272387405646768
BGR,1993,72.8787913866333,10832041595.402643,-1.480214665279206
BGR,1994,96.0573382686505,9709230161.358335,1.8180118946426944
BGR,1995,62.05483368379921,18992388645.3609,2.902315443977656
BGR,1996,121.60754244925,12295588923.800703,5.205479205787086
BGR,1997,1058.373559219733,11316706412.436201,-14.11537715966918
BGR,1998,18.67220444206407,15031821788.157988,3.789114493989601
BGR,1999,2.573042818902122,13637793853.943151,-8.396087740265685
BGR,2000,10.31626212899892,13246669553.970104,4.587225532341293
BGR,2001,7.360939272318406,14184170318.950956,3.8237022257177102
BGR,2002,5.810143657218256,16403880782.996355,5.871931346761912
BGR,2003,2.348641695827577,21146038619.26125,5.237152824931741
BGR,2004,6.147130742462669,26159078743.105587,6.5104241389717
BGR,2005,5.038838071119101,29870182424.91304,7.056349162583089
BGR,2006,7.261594627699469,34382295487.22382,6.802592624328625
BGR,2007,8.402534190058935,44433521724.83006,6.654385123688115
BGR,2008,12.34871959940207,54483464293.16712,6.1295588589974415
BGR,2009,2.753202239148194,52026461289.6618,-3.347143085015418
BGR,2010,2.438990605041172,50691645231.00835,1.5553626628801709
BGR,2011,4.219903466018721,57684243980.46236,2.0901759833741806
BGR,2012,2.954568298310121,54299825600.064735,0.7488145563461046
BGR,2013,0.8900935409130964,55822115861.18541,-0.5427534003928258
BGR,2014,-1.418183802648398,57083817239.81446,0.9494497720020405
BGR,2015,-0.1046332610084791,50768512172.93726,3.3975535199929396
BGR,2016,-0.7986498864536171,53932152153.54573,3.026628200963046
BGR,2017,2.061596194431414,59170671046.47984,2.7459273775099575
BGR,2018,2.81454473824838,66100606676.65435,2.3301505421041924
BGR,2019,3.103729447967714,68511235459.490685,3.7933196458919554
BGR,2020,1.672440968557562,70490478088.13947,-3.133235431259166
BGR,2021,3.297744352995063,84378926047.30023,7.828173107036648
BGR,2022,15.32525892643674,90510784777.63972,4.08386398118941
BGR,2023,9.44284140088564,102204457334.82173,1.681510758329253
BGR,2024,2.446519430060789,113349149166.79312,3.3870896200933345
BGR,2025,4.580843552356973,130777235529.60565,3.0963663917960957
BHR,1960,,,
BHR,1961,,,
BHR,1962,,,
BHR,1963,,,
BHR,1964,,,
BHR,1965,,,
BHR,1966,2.134471718522405,,
BHR,1967,4.258098223092903,,
BHR,1968,3.257328990244618,,
BHR,1969,-0.1941276389239199,,
BHR,1970,1.628981278393512,391577364.0773641,
BHR,1971,5.789473684984045,422181562.18670756,1.6071428554693483
BHR,1972,5.088195386488147,534081183.68072814,11.072056227667687
BHR,1973,14.33182698499784,761132545.1042215,13.924050655553359
BHR,1974,24.39299830617984,1042176883.5182652,8.472222243874029
BHR,1975,16.15978211537066,1099107600.505689,-8.834827150246412
BHR,1976,22.49576657596399,1581709518.9826062,30.47629743567498
BHR,1977,17.73112089423727,1989060283.042709,13.017649617197378
BHR,1978,15.78553759419869,2272042965.2112646,3.862268599285798
BHR,1979,2.205991951167666,2710160739.187418,3.4692680272913208
BHR,1980,3.869525059415026,3493834468.0286546,2.5802792657482883
BHR,1981,11.34459680839753,3943109531.9148936,-5.316697352829493
BHR,1982,8.885713084714588,4145421079.787234,-7.556217712159366
BHR,1983,2.972399150750728,4247030468.0851064,6.376376799643708
BHR,1984,0.3223992502353261,4440874566.489362,5.00364604500794
BHR,1985,-2.635969302969701,4152376484.042553,-4.758268538057081
BHR,1986,-2.296093214195603,3470746843.0851064,1.1829939159844827
BHR,1987,-1.7450017537706,3856922694.1489363,10.399009332546626
BHR,1988,0.3034359660865778,4209834172.87234,6.9999916494534205
BHR,1989,1.485897321825715,4393093962.765958,0.3640071381618952
BHR,1990,0.9293354374890926,4809511005.319149,4.437997176426094
BHR,1991,0.7644197359276086,5248911170.212766,11.229998276685677
BHR,1992,-0.1724137931033124,5402232446.808511,6.689998127356176
BHR,1993,2.538860103626954,5913001063.829787,12.870006745099843
BHR,1994,0.8169108977597781,6330627925.531915,-0.25000138119943927
BHR,1995,2.704034750647041,6651180851.063829,3.929992392950936
BHR,1996,-0.4522273825303477,6938166755.319149,4.110006317382457
BHR,1997,2.431551339559264,7219407712.765958,3.092999233704248
BHR,1998,-0.366533864541774,7031309042.553191,4.7900035932614315
BHR,1999,-1.287587971849095,7528469148.936171,4.299998244263747
BHR,2000,-0.7048529530907899,9062898936.170212,5.300069403058842
BHR,2001,-1.207571801566593,8976196808.51064,2.4909487533835204
BHR,2002,-0.4955401387511543,9593510638.297873,3.348550671032683
BHR,2003,1.593625498007866,11074813829.787233,6.296441290757031
BHR,2004,2.352941176470619,13150159574.468084,6.980961758676955
BHR,2005,2.586206896551728,15968723404.25532,6.768997377895019
BHR,2006,2.00746965452849,18504760638.29787,6.466999519504199
BHR,2007,3.256666666667031,21730000000.0,8.293961290938427
BHR,2008,3.526003163637211,25710904255.31915,6.2450109499579725
BHR,2009,2.795512835504117,22938218085.106384,2.53988570158225
BHR,2010,1.96188468334623,26805984042.553192,4.334298975484501
BHR,2011,-0.40004069748808,29914680851.06383,1.928157911707956
BHR,2012,2.757396699629792,31963404255.31915,3.8030289904306187
BHR,2013,3.300011568884423,33823324468.085106,5.292622249062035
BHR,2014,2.647553212461889,34772526595.74468,4.308856926570769
BHR,2015,1.848627423749767,32523297872.340424,2.5078720526761487
BHR,2016,2.786793476020443,33884680851.06383,3.81499327422425
BHR,2017,1.386718305764061,37204813829.78723,4.953835341236569
BHR,2018,2.08766938046978,39567978723.40426,2.052588649798608
BHR,2019,1.005820047021369,40446808510.6383,2.052877744186546
BHR,2020,-2.317706293313787,35837632978.723404,-5.911362952415203
BHR,2021,-0.6063193851408502,40840212765.95744,4.3500409166898635
BHR,2022,3.62574104304482,46458191489.3617,6.180161254751852
BHR,2023,0.07462067821922556,46192260638.297874,3.8781161484556606
BHR,2024,0.9196354598176512,47210732712.76596,2.897105431535124
BHR,2025,-0.1377088554479015,48965725531.914894,3.4813757366863456
BHS,1960,,169736027.15776435,
BHS,1961,,190022030.40352488,10.66709740628528
BHS,1962,,212170033.94720542,10.451971891479062
BHS,1963,,237650038.0240061,10.524055218681
BHS,1964,,266560042.64960682,10.501567200033591
BHS,1965,,300272048.04352766,10.425596461144423
BHS,1966,,346800000.0,9.07192872047429
BHS,1967,5.437756499047976,398000000.0,9.598113872229177
BHS,1968,4.541031462875624,453800000.0,8.421763561822985
BHS,1969,8.935774122894342,538700000.0,8.981662569743023
BHS,1970,6.15209342130048,539500000.0,-5.64964950396579
BHS,1971,4.614971826682513,573400000.0,1.6265087406825813
BHS,1972,6.830811319023691,590900000.0,-3.4973359390574643
BHS,1973,5.48175416169897,670900000.0,7.567568826729172
BHS,1974,13.07184583870124,632400000.0,-16.754229083257925
BHS,1975,10.35963499730509,596200000.0,-14.80312630754456
BHS,1976,4.255836575838107,642100000.0,5.185184974294771
BHS,1977,3.189876370557404,713000000.0,9.154929208854327
BHS,1978,6.109070358998739,832400000.0,14.179520154218196
BHS,1979,9.091393267924134,1139800100.0,26.139295766477517
BHS,1980,12.09783723106822,1335300000.0,6.4952819209803465
BHS,1981,11.1144984973891,1426500000.0,-9.226405081273455
BHS,1982,6.012621016674977,1578300000.0,6.698897747108816
BHS,1983,3.999999999999944,1732800000.0,3.5970518674277514
BHS,1984,3.96634615384615,2041100000.0,14.171148635023584
BHS,1985,4.605009633911352,2320699900.0,4.829180105391799
BHS,1986,5.433781543562331,2472500000.0,1.7970002331069566
BHS,1987,5.756464011181358,2713999900.0,2.9845193385780817
BHS,1988,4.402411827867636,2817900000.0,2.3097076621416903
BHS,1989,5.387658227848069,3062000000.0,6.727329806879553
BHS,1990,4.669319120186763,3166000000.0,-1.5962490875552078
BHS,1991,7.114681202036279,3111160000.0,-4.1817850234500185
BHS,1992,5.738198861734471,3109000000.0,-3.825582297063008
BHS,1993,2.722897669705908,3092000000.0,0.3078065960118437
BHS,1994,1.399334237455483,3259000000.0,3.1489159720018876
BHS,1995,2.066994954100418,3429000000.0,4.378752034825013
BHS,1996,1.379137412236664,3609000000.0,4.223530362241391
BHS,1997,0.5441503833786876,6332360000.0,1.2877532054979923
BHS,1998,1.336613366133708,6833220000.0,4.716798554963006
BHS,1999,1.254248260236301,7683870000.0,7.144103906771406
BHS,2000,1.606329417405789,8076470000.0,4.148419307542667
BHS,2001,2.044989775051206,8317830000.0,2.626009826834249
BHS,2002,2.17357792508093,8881160000.0,2.7049562473102924
BHS,2003,3.02504526252236,8870090000.0,-1.2649166761237183
BHS,2004,0.9819140367576621,9055290000.0,0.8823737445183184
BHS,2005,1.591606180798021,9836200000.0,3.3960842053601112
BHS,2006,2.389826274392541,10167250000.0,2.516592217127055
BHS,2007,2.492577949393963,10618340000.0,1.4460999123575817
BHS,2008,4.489559953750598,10526000000.0,-2.323648070418514
BHS,2009,2.062734734526817,9981960000.0,-4.175428056473422
BHS,2010,1.344027383928359,10095760000.0,1.5386624869383496
BHS,2011,3.1987814166032,10070450000.0,0.6131707358906482
BHS,2012,1.97336755976254,10720400000.0,4.5200388673906104
BHS,2013,0.7224147845305513,10475300000.0,-2.8632008154943946
BHS,2014,1.513756430508313,11139100000.0,1.8469701294557979
BHS,2015,1.86148302863371,11837600000.0,0.9974116754867453
BHS,2016,-0.3463769299893969,11880900000.0,-1.1565081126962866
BHS,2017,1.518207007361473,12446900000.0,3.3713988456488977
BHS,2018,2.265863466787356,12819200000.0,2.397955108235479
BHS,2019,2.491235273680459,13277000000.0,-0.838585871193203
BHS,2020,0.03852109800545575,10363200000.0,-20.08936648913992
BHS,2021,2.904912629284783,12037000000.0,17.586139003740882
BHS,2022,5.605406335830438,13896800000.0,10.877900941026766
BHS,2023,3.052915789697428,15271300000.0,3.048241805537728
BHS,2024,0.4091624890832862,15832800000.0,3.378665533361655
BHS,2025,,,
BIH,1960,,,
BIH,1961,,,
BIH,1962,,,
BIH,1963,,,
BIH,1964,,,
BIH,1965,,,
BIH,1966,,,
BIH,1967,,,
BIH,1968,,,
BIH,1969,,,
BIH,1970,,,
BIH,1971,,,
BIH,1972,,,
BIH,1973,,,
BIH,1974,,,
BIH,1975,,,
BIH,1976,,,
BIH,1977,,,
BIH,1978,,,
BIH,1979,,,
BIH,1980,,,
BIH,1981,,,
BIH,1982,,,
BIH,1983,,,
BIH,1984,,,
BIH,1985,,,
BIH,1986,,,
BIH,1987,,,
BIH,1988,,,
BIH,1989,,,
BIH,1990,,7753478260.869566,
BIH,1991,,6122959183.67347,-9.348025407304647
BIH,1992,,4735044707.239689,-6.436907622147984
BIH,1993,,3630668949.8324594,-2.1813473485901227
BIH,1994,,1255802469.1358023,11.131964035236308
BIH,1995,,1866572953.7366548,15.96830093035058
BIH,1996,,2786045321.637427,54.19930043628804
BIH,1997,,3671909673.044008,36.641128533357374
BIH,1998,,4116774300.606705,16.61637509219854
BIH,1999,,4686256363.047072,9.521569955764036
BIH,2000,,5567772768.811885,5.414315988147635
BIH,2001,,5800615374.7609415,2.423313129967042
BIH,2002,,6728220982.88398,5.027444647202998
BIH,2003,,8498894359.386289,3.8671355201177704
BIH,2004,,10156541220.970354,6.3252679485834165
BIH,2005,,11222796336.542631,3.8971832054497355
BIH,2006,6.125566156202847,12864841905.954311,5.414002996072824
BIH,2007,1.500777106115417,15778734264.37873,5.859116894125975
BIH,2008,7.427043103329526,19112796623.117504,5.441847301659635
BIH,2009,-0.3814642824530569,17613949091.229362,-3.004455538908104
BIH,2010,1.996212367458867,17176315803.729837,0.8656672362805438
BIH,2011,3.67125,18644233537.109337,0.9595117097268968
BIH,2012,2.05267452001717,17226735995.690475,-0.8218372529629931
BIH,2013,-0.0930456838317588,18179109209.389217,2.3498587317239696
BIH,2014,-0.8971940541943332,18558734107.147823,1.1538479337129814
BIH,2015,-1.036023034254743,16404348361.09265,4.284130161378542
BIH,2016,-1.584008333333358,17116926553.851254,3.2422582223156553
BIH,2017,0.810039425333895,18326373135.609875,3.2440989530659436
BIH,2018,1.417108140180337,20484058033.11436,3.8290039934906446
BIH,2019,0.56278215406123,20482608984.331627,2.8858524208397824
BIH,2020,-1.051296007634898,20226038369.9191,-3.0150933546043888
BIH,2021,1.98163900587622,23672712121.267097,7.391642564728457
BIH,2022,14.0208440826771,24534663636.17784,4.226813333903252
BIH,2023,6.1059011284828,27592361498.405655,1.9943941485089312
BIH,2024,,29737363103.049187,3.2267997981085585
BIH,2025,,32599982936.3931,2.128619131380532
BLR,1960,,,
BLR,1961,,,
BLR,1962,,,
BLR,1963,,,
BLR,1964,,,
BLR,1965,,,
BLR,1966,,,
BLR,1967,,,
BLR,1968,,,
BLR,1969,,,
BLR,1970,,,
BLR,1971,,,
BLR,1972,,,
BLR,1973,,,
BLR,1974,,,
BLR,1975,,,
BLR,1976,,,
BLR,1977,,,
BLR,1978,,,
BLR,1979,,,
BLR,1980,,,
BLR,1981,,,
BLR,1982,,,
BLR,1983,,,
BLR,1984,,,
BLR,1985,,,
BLR,1986,,,
BLR,1987,,,
BLR,1988,,,
BLR,1989,,,
BLR,1990,,17389558232.931725,
BLR,1991,,18404907975.46012,-1.1999957451749026
BLR,1992,,16939790093.905357,-9.600001087284255
BLR,1993,1190.22923349187,16275073526.981924,-7.600002019573239
BLR,1994,2221.016569920392,14931435232.077957,-11.700003861215222
BLR,1995,709.3460321186064,13972683273.56917,-10.400000378185382
BLR,1996,52.71207675319539,14500437519.825779,2.800004565990946
BLR,1997,63.93736633574796,14128408565.706362,11.400005400755305
BLR,1998,72.8697170535353,15222012660.42317,8.399991369798698
BLR,1999,293.6787508897726,12138486532.020298,3.399999204004601
BLR,2000,168.6202358509334,12736856827.984661,5.800003274857019
BLR,2001,61.1349331618477,12354820143.884892,4.725306051110948
BLR,2002,42.53754813487939,14594900944.765818,5.045267583117024
BLR,2003,28.39783991334737,17825444724.487755,7.043192465863939
BLR,2004,18.10824249376463,23141566292.94622,11.44974320881667
BLR,2005,10.33887944579323,30210091836.82945,9.40000151584914
BLR,2006,6.997129035355908,36961894281.34442,9.99999473022963
BLR,2007,8.426752735053059,45275711995.82495,8.600006598114263
BLR,2008,14.83787648282536,60752106347.12601,10.199999486093716
BLR,2009,12.94565634104023,50873167326.04142,0.19999523173397904
BLR,2010,7.735748043125154,57231904542.87547,7.750017075008955
BLR,2011,53.2286983118172,61762382327.93193,5.549974716380774
BLR,2012,59.21973602325191,65685890438.89215,1.707852533688282
BLR,2013,18.31226103778727,75527558966.44727,0.9987192996611611
BLR,2014,18.11955435267339,78813069120.99843,1.651124702280967
BLR,2015,13.53448976497342,56454769844.763176,-3.8295705681259307
BLR,2016,11.83658076534969,47723545321.25899,-2.526446446042499
BLR,2017,6.031837251777954,54725405751.15585,2.532183494719092
BLR,2018,4.872302205506857,60031026576.26,3.1491975827529615
BLR,2019,5.598155950398481,64410170653.45689,1.4464554820430493
BLR,2020,5.548143574565193,61371673344.742424,-0.6727429185858682
BLR,2021,9.460283896230989,69673747131.86996,2.438862102349475
BLR,2022,15.20967527408097,73775179924.60303,-4.6583959132899935
BLR,2023,5.000599030913103,72478760370.42578,4.1265400715388125
BLR,2024,5.785319104280053,78591839299.7087,4.349996381405788
BLR,2025,6.598779459511822,93397215864.19803,1.299999999999983
BLZ,1960,,28072478.072478075,
BLZ,1961,,29964999.964999966,4.892277010080505
BLZ,1962,,31857591.85759186,4.8926522646876265
BLZ,1963,,33750113.750113755,4.95643417667813
BLZ,1964,,36194586.194586195,4.999879811977408
BLZ,1965,,40110040.11004011,4.930541007544946
BLZ,1966,,44450044.45004445,4.770845184195522
BLZ,1967,,47431255.747674,4.913123208967988
BLZ,1968,,44999910.00018,7.3672254502024686
BLZ,1969,,47399905.2001896,5.1063747050940975
BLZ,1970,,53339893.320213355,4.80769339437559
BLZ,1971,,59074687.19618515,3.9594411200916824
BLZ,1972,,65998069.38476313,10.218303762106345
BLZ,1973,,78214767.83014962,5.3518941058719065
BLZ,1974,,103160450.4458694,13.55998521566437
BLZ,1975,,118194026.25157352,3.592824376769883
BLZ,1976,,97094227.22924706,-0.03402093442673504
BLZ,1977,,117650000.0,6.4965944064389305
BLZ,1978,,136300000.0,7.9208071732292495
BLZ,1979,,151800000.0,7.51702144443351
BLZ,1980,,257399999.99999997,12.108749916107513
BLZ,1981,11.2244897960225,260750000.0,1.133297355639499
BLZ,1982,6.83903252716288,248550000.0,-0.10672358591247644
BLZ,1983,4.99609679980487,262149999.99999997,-2.147435897435898
BLZ,1984,3.38289962863707,290350000.0,1.9761982749208329
BLZ,1985,6.237166118055496,287300000.0,1.0064239828693928
BLZ,1986,0.7997714938589525,311500000.0,4.547381810472757
BLZ,1987,2.011901388495295,371100000.0,10.726959342999095
BLZ,1988,3.138888888888941,421450000.0,9.788480908341725
BLZ,1989,2.127659574468072,491100000.0,13.010842368640539
BLZ,1990,3.059071729957859,546750912.2884799,11.34294259651955
BLZ,1991,0.7619515008068796,596682100.0,11.778703269931867
BLZ,1992,2.396700730251883,695741150.0,12.736223360292897
BLZ,1993,1.472596946936799,752255150.0,6.137885425921311
BLZ,1994,2.56934304644295,771838000.0,-0.01998633911668435
BLZ,1995,2.889615843721514,818590250.0,0.7315580118712859
BLZ,1996,5.965020975372424,850339100.0,1.1053057866367624
BLZ,1997,1.149037567605397,872916050.0,4.234615878044096
BLZ,1998,2.1952625003759,929047000.0,3.893019995425135
BLZ,1999,2.621395245827462,999713050.0,9.423194714765344
BLZ,2000,3.067439669305853,1138138100.0,12.24061206633587
BLZ,2001,3.651417865615023,1172045150.0,4.993562061438638
BLZ,2002,4.240266606886452,1243912050.0,5.399073206638107
BLZ,2003,2.318082746631012,1308280250.0,9.665226796141255
BLZ,2004,6.394430997423989,1400202000.0,4.78066505273344
BLZ,2005,-1.104310444119097,1474298400.0,2.219190536705696
BLZ,2006,-7.113767712650139,1590463100.0,4.511454601933011
BLZ,2007,2.318082746420205,1706190450.0,3.3393973834076434
BLZ,2008,6.394431002500336,1738453600.0,-1.6274777644908198
BLZ,2009,-1.104310448643554,1688012750.0,-0.44670963682821707
BLZ,2010,0.9179773788088877,1748988400.0,1.4174109923346094
BLZ,2011,1.602056156402,1831576700.0,-0.1300711230086904
BLZ,2012,1.300580745478581,1917083500.0,3.943893218166167
BLZ,2013,0.5097477689832204,2035191450.0,4.066465616088649
BLZ,2014,1.201399644810576,2138242200.0000002,3.892260672499887
BLZ,2015,-0.8615840094277477,2193095150.0,2.7602602736022988
BLZ,2016,0.6634271679176011,2239604950.0,-0.01874149581303186
BLZ,2017,1.14765339305816,2266028250.0,-1.8332372905778413
BLZ,2018,0.2699826226463354,2285915050.0,0.8220685925125082
BLZ,2019,0.1870693851814241,2381187850.0,4.25658710030072
BLZ,2020,0.1214346446148936,2047284600.0,-13.522899705550557
BLZ,2021,3.235636592370709,2428606250.0,17.989924414360686
BLZ,2022,6.276893194475437,2846604350.0,9.250513295309943
BLZ,2023,4.389840174876749,3052362650.0,0.5001279416386666
BLZ,2024,3.289559859527682,3203631800.0,3.5046643502389543
BLZ,2025,1.062815479528964,3326500000.0,2.7483173176374436
BMU,1960,,72400000.0,
BMU,1961,,76500000.0,4.679999967133043
BMU,1962,,80700000.0,4.470000048088778
BMU,1963,,82600000.0,1.069999994363414
BMU,1964,,92200000.0,11.109999987570134
BMU,1965,,98000000.0,4.760000015524369
BMU,1966,,115000000.0,14.363636332314854
BMU,1967,,134800000.0,13.275039776651369
BMU,1968,,150000000.0,2.105263142783471
BMU,1969,,164900000.0,3.436426117347068
BMU,1970,,186300000.0,6.3122923382451575
BMU,1971,,211100000.0,3.4375000213442917
BMU,1972,,235400000.0,1.8126888089769153
BMU,1973,,269500000.0,1.4836795256017723
BMU,1974,,312600000.0,0.8771929763807123
BMU,1975,,345000000.0,3.7681159681713723
BMU,1976,,386300000.0,8.938547462511352
BMU,1977,,447000000.0,5.897435893542593
BMU,1978,,475800000.0,1.4527845197282403
BMU,1979,,517200000.00000006,2.1479713452952325
BMU,1980,,613299968.0,7.943925246105323
BMU,1981,,739100032.0,2.3809523720743897
BMU,1982,,785500032.0,-5.285412263600179
BMU,1983,,889400000.0,2.00892858162112
BMU,1984,,985699968.0,0.48140044055465125
BMU,1985,,1039500031.9999999,-2.0034843283798836
BMU,1986,,1173500032.0,6.666666668261726
BMU,1987,,1296499968.0,3.749999996354987
BMU,1988,,1415100032.0,4.056224898921144
BMU,1989,,1501500032.0,0.4438440878153074
BMU,1990,,1592400000.0,0.01921228470200731
BMU,1991,,1634900000.0,-3.5343820942935764
BMU,1992,,1679900000.0,-0.059738214383955324
BMU,1993,,1820359900.0,3.00856712357907
BMU,1994,,1867160100.0,0.5996133666988044
BMU,1995,,2030750000.0,4.399148329964262
BMU,1996,,2695390000.0,2.60047542898441
BMU,1997,,2932827000.0,4.600000842633634
BMU,1998,,3130748000.0,3.90000009423035
BMU,1999,,3324433000.0,3.382647019721844
BMU,2000,,3480219000.0,9.317156410860832
BMU,2001,,3680483000.0,7.222435537526081
BMU,2002,,3937228000.0,-1.4777905976886672
BMU,2003,,4186524999.9999995,3.410706676875307
BMU,2004,,4484703000.0,2.3212672232313594
BMU,2005,,4868136000.0,1.6742061141050755
BMU,2006,,6144000000.0,5.543866380440605
BMU,2007,,6767000000.0,3.345139708776074
BMU,2008,,6980000000.0,-1.8659558263518647
BMU,2009,,6656000000.0,-5.626697710516098
BMU,2010,,6634526000.0,-2.502878289473685
BMU,2011,,6312691000.0,-3.7427443174070305
BMU,2012,,6378188000.0,-5.305299106752969
BMU,2013,,6465756000.0,-0.27970854542303414
BMU,2014,,6413988000.0,-3.701067593642577
BMU,2015,,6654541000.0,0.7755296995689775
BMU,2016,,6899911000.0,-0.6572063042592049
BMU,2017,,7142316000.0,3.611419837061149
BMU,2018,,7225977000.0,-0.43280130033930675
BMU,2019,,7423465000.0,0.30710646124066443
BMU,2020,,6887364000.0,-6.971625714798634
BMU,2021,,7290037000.0,4.764978996683553
BMU,2022,,7767884000.0,6.256955212408769
BMU,2023,,8602360000.0,4.334472803538318
BMU,2024,,9194499000.0,1.888228619703881
BMU,2025,,,
BOL,1960,11.53315257561954,377020202.02020204,
BOL,1961,7.561493071838991,410101010.1010101,2.0892959423677127
BOL,1962,5.879331422252963,448400673.4006734,5.578917862103111
BOL,1963,-0.7063572145523885,482828282.82828283,6.797625769054221
BOL,1964,10.18181818181808,544023569.023569,3.956596530845772
BOL,1965,2.860286028602712,604377104.3771044,4.913441955259685
BOL,1966,6.951871657754043,669191919.1919192,7.170589663066224
BOL,1967,11.19999999900011,755808080.8080808,6.317219517335431
BOL,1968,5.470623501622986,857912457.912458,8.529443088311055
BOL,1969,2.209748472513244,929629629.6296296,4.474097328868581
BOL,1970,3.955509210997692,1017003367.0033671,5.2310293042334735
BOL,1971,3.674614305750322,1095622895.6228957,5.063336438619743
BOL,1972,6.511544011543696,1257615644.9793155,7.967485209708997
BOL,1973,31.48602878916179,1262968515.7421288,5.739161525725393
BOL,1974,62.83607560292387,2100249875.0624688,2.939567808278511
BOL,1975,7.976746025468655,2404697651.1744127,7.311017731400042
BOL,1976,4.494011647072163,2731984007.996002,4.614567485986299
BOL,1977,8.107255520504149,3227436281.8590703,4.9712156570028725
BOL,1978,10.35567227571913,3758220889.5552225,2.0526945663324767
BOL,1979,19.71971677879987,4421336382.943971,0.13334404780344755
BOL,1980,47.24165010184261,4537479608.482871,-1.3717729105278664
BOL,1981,32.13360111334243,5891598694.9429035,0.2756163727759571
BOL,1982,123.5357185653292,5594126368.909812,-3.938737924995891
BOL,1983,275.5862835603616,5422656823.382118,-4.042121402710222
BOL,1984,1281.349941744858,6169483225.359146,-0.2006656969393248
BOL,1985,11749.63963214385,5377276554.9301605,-1.6763897827215715
BOL,1986,276.3359675632016,3959382833.1346135,-2.5738842005662406
BOL,1987,14.57869844891913,4347956337.932209,2.463484619699045
BOL,1988,16.00209105493906,4597612362.274796,2.9094979603421507
BOL,1989,15.17346811257315,4715973437.436727,3.790130962037381
BOL,1990,17.11877460482394,4867582597.51312,4.63578742813344
BOL,1991,21.44706981711406,5343262457.102258,5.2665266350122835
BOL,1992,12.06032360182898,5643868748.681265,1.646498218456344
BOL,1993,8.527876956880027,5734699488.849339,4.26929615211904
BOL,1994,7.874044214674342,5981222858.82727,4.667265074170572
BOL,1995,10.19320676307455,6715161732.22658,4.678276597378115
BOL,1996,12.4254866180049,7396949126.356853,4.361341971387176
BOL,1997,4.708444360281928,7925736821.4503355,4.9542087338399625
BOL,1998,7.673228956750834,8497494652.125457,5.029354755844622
BOL,1999,2.159516268355976,8285064434.568255,0.4268853782974418
BOL,2000,4.60822998872598,8397855484.769085,2.5078108148466356
BOL,2001,1.589653778795676,8141516928.394893,1.6837991452715926
BOL,2002,0.9282588516110698,7905485146.443515,2.4855657660192207
BOL,2003,3.337274996715339,8082399639.543047,2.7113398065361025
BOL,2004,4.437380801017246,8773451751.512096,4.1732955905708025
BOL,2005,5.39323106890663,9549122905.328524,4.421433135501957
BOL,2006,4.282396048025615,11451844902.221363,4.797008810674768
BOL,2007,8.70560923578869,13120108008.347721,4.564384251431264
BOL,2008,14.00681077025194,16674276285.895582,6.1484978777765775
BOL,2009,3.346454201420136,17339992193.732193,3.3569995834604924
BOL,2010,2.503276058442407,19649723722.103386,4.126722589962739
BOL,2011,9.884464198238833,23963164696.591965,5.204092452823275
BOL,2012,4.515602913993759,27084497481.910275,5.12227560125973
BOL,2013,5.736400237196069,30659338885.672935,6.796011412684976
BOL,2014,5.766600745791436,32996188017.366135,5.460569491367664
BOL,2015,4.059610411356446,33000198248.914616,4.857187185086033
BOL,2016,3.623214317641381,33941126193.921852,4.2639208699217335
BOL,2017,2.822758055471704,45927439594.79016,4.1952063336464676
BOL,2018,2.272059872301549,48414038842.2576,2.868084048147935
BOL,2019,1.839545049690259,49056643589.00145,1.5067210266686288
BOL,2020,0.9407421533818491,42313784081.04197,-12.719469009271748
BOL,2021,0.7373837214522746,47877892402.31548,10.029048882788615
BOL,2022,1.746328729459686,50959081953.6903,3.7474178124146107
BOL,2023,2.576888004891921,52340206946.454414,2.516365901548909
BOL,2024,5.099765683174272,54881327452.96671,-1.1233559551721157
BOL,2025,19.51712080473298,64768947525.325615,-1.5823756734824599
BRA,1960,,17030465539.390615,
BRA,1961,,17275940449.383743,8.600000000000136
BRA,1962,,19231747851.533188,6.599999999999923
BRA,1963,,23287712878.20023,0.6000000000000654
BRA,1964,,20963733694.974895,3.3999999999998494
BRA,1965,,22465522884.098793,2.4000000000000057
BRA,1966,,28283323733.11135,6.700000000000102
BRA,1967,,31086389194.96098,4.2
BRA,1968,,33930457425.261284,9.799999999999983
BRA,1969,,37171640818.58632,9.499999999999929
BRA,1970,,42327664793.69339,10.4
BRA,1971,,48869830901.78776,11.342921993190828
BRA,1972,,58434858374.8696,11.940348116250817
BRA,1973,,83592275862.9982,13.968721779678205
BRA,1974,,109794519727.53831,8.153938684572012
BRA,1975,,129203555238.82715,5.166649084063209
BRA,1976,,153168949208.2069,10.257129534786728
BRA,1977,,176344101401.94095,4.934328069789615
BRA,1978,,200278646123.5813,4.969897689247375
BRA,1979,,221338204480.22247,6.759560122040796
BRA,1980,,237393489892.63696,9.199999999999761
BRA,1981,101.7250729579271,258015174748.64758,-4.2499999999995595
BRA,1982,100.5433591948496,271314113768.41696,0.8299999999995293
BRA,1983,135.0276822304727,189656506321.4308,-2.929999999999964
BRA,1984,192.1217331320506,188339974086.58005,5.399999999999878
BRA,1985,225.9896652118952,210879844638.87735,7.850000000000421
BRA,1986,147.1428262376044,256480852471.12866,7.489999999999824
BRA,1987,228.3361625755128,283056836893.83826,3.5299999999998306
BRA,1988,629.1145091208973,307881930752.26764,-0.05999999999991701
BRA,1989,1430.723725147205,412990820287.4201,3.1600000000003234
BRA,1990,2947.732772482995,384959818181.81665,-4.350000000000222
BRA,1991,432.7866619264613,342534090909.09094,1.032189585493029
BRA,1992,951.9620530528179,328191909882.2324,-0.5440720497772702
BRA,1993,1927.380790160265,368292034380.95984,4.924690003707099
BRA,1994,2075.88839757325,525369467295.7375,5.8528703621901315
BRA,1995,66.00703355424814,769333050986.9048,4.22379363350413
BRA,1996,15.75766560026064,850426432991.7421,2.2088640503902184
BRA,1997,6.92671251629154,883206179730.4618,3.3948459863067058
BRA,1998,3.195076292800515,863710759256.4348,0.33809790120730554
BRA,1999,4.858447499026666,599642024319.5311,0.4679375664771328
BRA,2000,7.044141059472658,655448231983.5271,4.3879494474561795
BRA,2001,6.840359024875233,559983634798.9812,1.3898964009563741
BRA,2002,8.450164377083315,509795273806.7151,3.053461859093119
BRA,2003,14.71491972281472,558233745651.8737,1.1408289982488782
BRA,2004,6.597185099859633,669289424806.307,5.75996463670954
BRA,2005,6.86953720898964,891633839894.1829,3.2021320613043116
BRA,2006,4.18356812896909,1107626541434.92,3.9619887112261694
BRA,2007,3.641272991026522,1397114486368.665,6.0698706067833825
BRA,2008,5.67859390284168,1695855083497.5217,5.094195446587364
BRA,2009,4.888034798767986,1666996438581.4343,-0.12581200216116883
BRA,2010,5.038726901080747,2208837745100.547,7.5282258181536434
BRA,2011,6.6364496221309,2616156223917.687,3.9744230794470212
BRA,2012,5.403499140369971,2465227802806.762,1.9211759857653732
BRA,2013,6.204310666401007,2472819535557.2056,3.004822669444323
BRA,2014,6.329040155161389,2456043727198.8545,0.5039557402422474
BRA,2015,9.029901024161363,1802212206814.504,-3.545763392694255
BRA,2016,8.739143523293931,1795693482853.0127,-3.275916907821923
BRA,2017,3.446373350326692,2063514977365.6548,1.3228690540439914
BRA,2018,3.664850283767288,1916933898010.9885,1.7836667616339952
BRA,2019,3.732976212168936,1873288205059.69,1.2207778236084152
BRA,2020,3.211768038033762,1476107231310.4937,-3.276758796473601
BRA,2021,8.30165975585673,1670647398904.9016,4.762604379086085
BRA,2022,9.280106089568728,1951923942083.3196,3.0166943539301485
BRA,2023,4.593562822832039,2191131765684.6296,3.2416553290698147
BRA,2024,4.367464076523365,2185821610689.3105,3.419315165019057
BRA,2025,5.01675279604836,2279920092492.1333,2.2857464902475044
BRB,1960,,80021846.94538262,
BRB,1961,,85363759.34060164,7.696529800635375
BRB,1962,,88782583.46020801,9.060758609460919
BRB,1963,,99893761.26559684,-5.078421079980373
BRB,1964,,99252731.45150469,5.004875754976922
BRB,1965,,105021996.8616745,11.434843492518155
BRB,1966,,113195122.76219308,4.003371242422531
BRB,1967,3.634875153357557,125554008.71872085,10.636136146939947
BRB,1968,7.488743186876205,125733668.5,6.921821328810964
BRB,1969,5.835231866054928,141393142.0,7.5184047945743515
BRB,1970,7.284216373685207,166210203.0,9.509402991374031
BRB,1971,7.46925566353863,186826503.03107637,3.9127224393339617
BRB,1972,11.87665622753279,213725216.66533944,1.2738006722943425
BRB,1973,16.85508182602132,260767827.62128416,1.3407004240589657
BRB,1974,38.9229280878111,311804629.87359923,-4.650841240498934
BRB,1975,20.29446876252894,402178605.01955354,-1.9000000027469355
BRB,1976,4.986768111131808,435911268.5896796,4.360211010151247
BRB,1977,8.352369699349978,495097667.9290412,3.64220575797367
BRB,1978,9.482382591017634,552883707.0551385,4.876939311176628
BRB,1979,13.16983554317995,670362452.1453787,7.893008143477772
BRB,1980,14.4305197203942,1012280614.5279174,4.373064812244664
BRB,1981,14.56756321468865,1114204743.2009149,-1.899751570948652
BRB,1982,10.33246643705612,1163923830.3584747,-4.900938477581462
BRB,1983,5.230298782888416,1236016506.7369363,0.5012531328323746
BRB,1984,4.685797311855965,1346890071.0982947,3.6003740648376805
BRB,1985,3.915105250827964,1409536120.91682,1.0982398074321367
BRB,1986,1.330068451619157,1547755183.2148364,5.104166666666529
BRB,1987,3.311731107432548,1704370307.7611496,2.590967011185313
BRB,1988,4.858859178140476,1812757917.76463,3.5053822798789724
BRB,1989,6.190114068441188,2006165166.8075376,3.599999999999696
BRB,1990,3.074572710780188,2012131457.2664447,-3.307593307593308
BRB,1991,6.257526632700231,2020583702.0832298,-3.8999072150651273
BRB,1992,6.093893029946383,1957000000.0,-5.692520803565884
BRB,1993,1.113439336044829,2063342117.0387313,0.7930688426554582
BRB,1994,0.0772043884602322,2151344901.307612,2.010782082665628
BRB,1995,1.878862793572321,2216974096.3555913,2.013998323029398
BRB,1996,2.386152228423248,2363645403.470392,3.976475938693042
BRB,1997,7.710538789698831,2498384129.6673794,4.740103592179807
BRB,1998,-1.268886607012135,2817083478.3473377,3.728464197867794
BRB,1999,1.560062402496051,2951822204.544325,0.33465616730885017
BRB,2000,2.435813034891383,3059500000.0,4.447189491831935
BRB,2001,2.577834904312878,3054500000.0,-2.3654641554416713
BRB,2002,0.1252494580560195,3106500000.0,0.7874016454495063
BRB,2003,1.619433198380538,3209500000.0,2.1754810199559955
BRB,2004,1.394422310756912,3444500000.0,1.411597864065996
BRB,2005,6.08218729535043,3819500000.0,3.9554570948749728
BRB,2006,7.307662628289402,4217323400.0,6.070546793596179
BRB,2007,4.034229828850696,4675767950.0,2.0791836050701136
BRB,2008,8.108108108107798,4790410400.0,0.6334604257918386
BRB,2009,3.643861892583371,4466809600.0,-5.017275449962824
BRB,2010,5.824218533118662,5428683250.0,-8.080721211343871
BRB,2011,9.4322024017722,5563162050.0,-0.074211165126286
BRB,2012,4.533347538887749,5486500500.0,-2.857970513872573
BRB,2013,1.814104360490962,5660059700.0,0.19532200731040916
BRB,2014,1.769503220897288,5684901000.0,0.8073253503945637
BRB,2015,-1.112789925109584,5699619150.0,-0.7726200784109949
BRB,2016,1.281928130618953,5679029450.0,1.4163244682154073
BRB,2017,4.660184639559953,5847381600.0,0.6546556028603732
BRB,2018,3.106005724205903,6001101550.0,-0.25208532582784926
BRB,2019,1.676624732769876,6166710800.0,0.24109978914867725
BRB,2020,,5403246950.0,-17.405931465174675
BRB,2021,,5948900600.0,8.0198770096479
BRB,2022,,6886644900.0,15.945320622547342
BRB,2023,3.187189054726317,7223248150.0,1.8141981780451601
BRB,2024,1.446436643061597,7597571450.0,3.366949258139499
BRB,2025,0.8465765631962895,8016550000.0,2.700000217640209
BRN,1960,,,
BRN,1961,,,
BRN,1962,,,
BRN,1963,,,
BRN,1964,,,
BRN,1965,,114039500.59126753,
BRN,1966,,132757528.04437447,
BRN,1967,,139029537.2433213,
BRN,1968,,160818235.86674595,
BRN,1969,,161210236.4416801,
BRN,1970,,179078929.315763,
BRN,1971,,197525767.79173467,
BRN,1972,,270822782.02667373,
BRN,1973,,433095526.6861359,
BRN,1974,,2319576214.213287,
BRN,1975,,2496420257.5404162,-0.6452915790069511
BRN,1976,,3054765590.2921352,20.874139828502663
BRN,1977,,3681242528.324944,9.934034846100289
BRN,1978,,4100423673.587595,7.019134261361785
BRN,1979,,6044367628.28515,24.338388694168685
BRN,1980,,10795432293.611925,-9.707960158702278
BRN,1981,9.137055837563386,9367218664.310936,-22.384823998413907
BRN,1982,6.356589147286878,8932198185.728764,2.3015299733297496
BRN,1983,1.166180758017495,7927590750.395021,0.39937735863082935
BRN,1984,3.073967339097272,7632788075.162101,-2.376593675215503
BRN,1985,2.353215284249277,6967623884.423427,-2.9072440789929033
BRN,1986,1.781242886410645,4190280002.6738105,-5.407220318248903
BRN,1987,1.246854906345793,4918010080.030465,2.0835442244096356
BRN,1988,1.192842942345962,4535130304.710958,-1.535863185068493
BRN,1989,1.304300371098226,4983622880.99938,-2.726214424625894
BRN,1990,2.138662931637952,6039881086.681566,2.6430735661720206
BRN,1991,1.600000000000005,6284497293.85546,2.9106560366938226
BRN,1992,1.279527559055146,6327966435.170264,-3.120618826342877
BRN,1993,4.251700680272123,6203339912.154481,-0.6336496587767755
BRN,1994,2.462518449467897,6467782517.722417,0.9927349589387262
BRN,1995,5.966641394996126,7700144069.141899,1.3472937638560722
BRN,1996,1.996136509980777,7663377306.049965,-0.027315465853718024
BRN,1997,1.711560044893353,7793034376.20807,6.343944993265509
BRN,1998,-0.4413793103448995,5550846019.543475,-6.657159312668753
BRN,1999,-0.4156275976724536,6309070377.5966,4.26072216266995
BRN,2000,1.558152476349458,6570999087.567425,3.4746762767258588
BRN,2001,0.5958904109589899,6096155767.3814535,1.4660608198711031
BRN,2002,-2.314972424593207,6333082875.5693655,3.9614389000248025
BRN,2003,0.299999999999967,7167725261.927134,3.583429099789967
BRN,2004,0.8142239946826126,8619178773.514578,0.10453837260331511
BRN,2005,1.244437118839653,10547202620.528637,-0.003925316607464424
BRN,2006,0.1598880783451209,12644616418.691034,4.098412573085881
BRN,2007,0.9677741195251011,13432029484.40119,-3.7636232625464743
BRN,2008,2.084980237154154,15926456515.004934,-3.9007110171511385
BRN,2009,1.035717742716134,11912904509.858246,-1.900253672025471
BRN,2010,0.3568691320175606,13707121038.438322,2.7413643945616286
BRN,2011,0.1379115631695401,18524791062.656956,3.7444062552487054
BRN,2012,0.1117662614003067,19048443340.773243,0.9131351896644873
BRN,2013,0.3892050531236322,18094148098.653576,-2.1247829266455796
BRN,2014,-0.2071087317198223,17097797386.03359,-2.507887275907109
BRN,2015,-0.488347420743522,12930296870.124685,-0.3923837495020308
BRN,2016,-0.2786932657530832,11400266044.665098,-2.477917718332236
BRN,2017,-1.260505646289603,12128168045.124489,1.3287266105782294
BRN,2018,1.025051792902122,13566908391.089458,0.05237104185289354
BRN,2019,-0.390522069165529,13469235364.703175,3.868844361770755
BRN,2020,1.940319966071838,12005799653.983503,1.133573349524596
BRN,2021,1.733413884505931,14006496617.445808,-1.590762600996058
BRN,2022,3.682250306042156,16681536466.7183,-1.6283315451510845
BRN,2023,0.3570643115368905,15095084656.163445,1.1276441816271898
BRN,2024,-0.3886741650364606,15340808592.479977,4.052517093067266
BRN,2025,-0.3029944144467617,15031980994.11209,0.6695621481643599
BTN,1960,,,
BTN,1961,,,
BTN,1962,,,
BTN,1963,,,
BTN,1964,,,
BTN,1965,,,
BTN,1966,,,
BTN,1967,,,
BTN,1968,,,
BTN,1969,,,
BTN,1970,,61812113.06666667,
BTN,1971,,66289450.32529864,2.6771004869128774
BTN,1972,,70139866.80831362,1.1632570981322488
BTN,1973,,78900289.31654826,1.467089636327131
BTN,1974,,92901784.49869734,5.158264931345926
BTN,1975,,86820762.49311715,-3.3073206983255403
BTN,1976,,88461262.77884735,8.954650283555978
BTN,1977,,97884433.8024868,7.901234549905482
BTN,1978,,94086227.60849717,7.12651195843857
BTN,1979,,105377995.2007134,4.79096734776185
BTN,1980,,128669200.91645052,5.008736163032296
BTN,1981,9.972375690607736,139174178.09018928,15.12229484277566
BTN,1982,9.846772167797036,141439317.39927056,3.439773851948374
BTN,1983,18.05777879411541,156704289.91361237,10.43101594008688
BTN,1984,7.037706611570248,160423493.9361939,4.5566589925275025
BTN,1985,1.882012305465074,163288815.36129358,4.028532999118298
BTN,1986,9.964476021314386,191218115.4884852,11.392197598538829
BTN,1987,6.331771926990793,242742766.3464877,29.054323847546016
BTN,1988,10.09671375765862,272298066.5560448,4.76737301961812
BTN,1989,8.779837188980407,264798626.17484823,7.355567319151106
BTN,1990,10.0118383223406,287765007.1128632,10.38311791265167
BTN,1991,12.27517294388927,240294286.0159245,-0.4078757225536691
BTN,1992,15.97521736153899,240233531.16046432,4.600891248872571
BTN,1993,11.1980165874679,225973692.83710003,1.9863665601488094
BTN,1994,7.009953550099509,258954708.04853308,4.951503724722883
BTN,1995,9.487548367893693,290490983.81577843,7.074117457577842
BTN,1996,8.790013819351621,303408345.62007755,5.565172881790616
BTN,1997,6.505487182690863,352229076.70762706,5.373838545852607
BTN,1998,10.5855899892463,363458380.90334153,5.914030935766036
BTN,1999,6.776993935536324,399311199.5077601,7.983971794066292
BTN,2000,4.012120810703421,460733418.3992761,3.355068381742882
BTN,2001,3.414789461115943,496110225.71030724,7.328374356730819
BTN,2002,2.455357142857143,559345263.7083086,10.443779716891342
BTN,2003,2.572308616933394,651935430.314445,7.786560408773639
BTN,2004,4.105936982729576,735348490.4284352,5.157257361775606
BTN,2005,5.3126310463775,860391000.2216555,6.935071467666589
BTN,2006,5.000454380225408,942879878.5388786,5.640805153913902
BTN,2007,5.156111387584626,1255767964.004914,16.104783654201242
BTN,2008,8.327160493827126,1317517834.5991557,4.529448776962354
BTN,2009,4.361122191198046,1331343797.773081,7.667492385531347
BTN,2010,7.036383160730186,1708880730.2098868,11.93187383762293
BTN,2011,8.848985699468,1977728658.682588,8.489258484280796
BTN,2012,10.91965694468303,1973387227.9651904,5.164820126838947
BTN,2013,8.776383452682126,1943696951.6541095,1.7363403950569278
BTN,2014,8.271060939493278,2089079570.5828495,5.8810855065828775
BTN,2015,4.54814395082205,2187815803.368328,6.660801288661972
BTN,2016,3.219886893957179,2357504760.7859197,8.475943392329626
BTN,2017,4.955083669851294,2591358009.202758,2.08684522733067
BTN,2018,2.723963861837134,2583335721.8590403,3.501871857327373
BTN,2019,2.726430373888325,2735683570.461552,5.755148512465055
BTN,2020,5.629365226325079,2457604333.909266,-10.21839742085686
BTN,2021,7.346814405335302,2768802960.1120367,4.421367389450154
BTN,2022,5.639166713963702,2898227743.7557607,5.213867837862239
BTN,2023,4.229344199292512,3012896789.797528,4.632157029699329
BTN,2024,2.761315696240976,3346603858.7494993,7.498562067540377
BTN,2025,3.555136630749874,3579320145.1307673,8.005027162330975
BWA,1960,,30411413.655282825,
BWA,1961,,32902612.866485514,6.343283699162356
BWA,1962,,35644956.64304291,6.666667833767633
BWA,1963,,38091842.8546863,5.9210450901199465
BWA,1964,,41616347.79068649,6.832300921146455
BWA,1965,,45788696.33439149,5.813955060871052
BWA,1966,,51465655.39210832,6.344019105584934
BWA,1967,,58642354.08967297,5.924559931220557
BWA,1968,,66248441.418246634,10.567056503825142
BWA,1969,,77361546.50675365,15.123404728902145
BWA,1970,,96243233.66098373,17.120267669479006
BWA,1971,,127448613.50506146,25.821107204469712
BWA,1972,,164460914.97720063,26.361940949173075
BWA,1973,,244124164.04221785,21.3031840989689
BWA,1974,,306044207.5302034,8.797795212863235
BWA,1975,11.97475502409531,355168571.5367514,8.446250376685455
BWA,1976,11.73242361364198,372025093.0062732,10.647376709044991
BWA,1977,13.16872428010788,451624780.27459735,12.012040094266638
BWA,1978,9.043988270103617,590407374.4471157,14.332801586531758
BWA,1979,11.7362306367885,819870258.7830534,12.14858892285497
BWA,1980,13.63242514708946,1060889703.7537392,11.986901382142136
BWA,1981,16.42802677257119,1073812830.3005242,9.064857465239456
BWA,1982,11.13720642746893,1014945695.7192708,12.16553185630093
BWA,1983,10.47714381052375,1172230396.5809908,13.146729048975743
BWA,1984,8.57746904251906,1240822167.4357061,8.5453836397444
BWA,1985,8.09457579975941,1114783342.7153945,7.125271268737137
BWA,1986,10.00171556060223,1392602163.538292,8.172924331121337
BWA,1987,9.801933873986748,1965226890.0455704,11.88192813708649
BWA,1988,8.351679568212193,2644554158.7279363,19.449969509730664
BWA,1989,11.57501474732852,3083822112.020233,13.059405885857075
BWA,1990,11.39634611995559,3790636324.447746,6.772821950047842
BWA,1991,11.76501608395347,3942876703.451844,7.458709219403971
BWA,1992,16.16761239633391,4146464586.616739,2.9170701875102623
BWA,1993,14.33080333658878,4160129174.7056947,1.9161070518754002
BWA,1994,10.54292099382184,4259259604.156229,3.6279161517297496
BWA,1995,10.51254608157901,4730599121.927042,7.030410248340829
BWA,1996,10.08285806521079,4847757217.758154,5.82980001379714
BWA,1997,8.719931271477469,5020265626.664892,8.325890883965911
BWA,1998,6.661398656657521,4790481509.176786,0.44366358607537393
BWA,1999,7.749296192028481,5484263346.881052,9.667240702761063
BWA,2000,8.601485148514906,5788329609.157553,1.9876958337855228
BWA,2001,6.559037670148618,5489608299.664453,0.250573949689084
BWA,2002,8.032796625274859,5438863982.886922,6.069530876483171
BWA,2003,9.18990265632739,7511582173.377239,4.625894749592987
BWA,2004,6.945703636546746,8957467706.535404,2.7058217061117347
BWA,2005,8.610225285464399,9918907108.097015,4.556645653231811
BWA,2006,11.5552187914379,9919158482.410852,8.36387109282306
BWA,2007,7.080998471726926,10567270655.502705,5.7925557772711755
BWA,2008,12.70218839200757,10730829116.410507,3.2520729579683234
BWA,2009,8.027297031095818,10118459242.318321,-14.144234616342331
BWA,2010,6.948876587431035,12637273429.133932,10.119723322694014
BWA,2011,8.459872334085834,15110643612.17291,6.838410524935739
BWA,2012,7.53690261091916,13907464500.148876,-0.1708570993356915
BWA,2013,5.884607070568166,14271738933.204172,11.102906873782189
BWA,2014,4.402253092434274,15470088500.74136,5.697144220728845
BWA,2015,3.062031695805576,13530748844.504961,-4.851325074097787
BWA,2016,2.814957913619439,15082637184.04962,7.204424759142668
BWA,2017,3.30828076768219,16105155856.770824,4.114378564450831
BWA,2018,3.238015589477153,17031943186.13526,4.188692371592225
BWA,2019,2.772864428633207,16725908148.548136,3.031773394546704
BWA,2020,1.8903591682421,14960251607.813454,-8.728882439963968
BWA,2021,7.240977655884423,18750182236.221073,11.916272437600767
BWA,2022,11.66556747880202,20321150599.15232,5.486017064467717
BWA,2023,5.067615493438298,19413614554.694435,3.2080681222443843
BWA,2024,2.818351316762511,19286251067.50778,-2.779889816662518
BWA,2025,2.659750617943099,19928479839.4476,-0.7338983238522871
CAF,1960,,112155598.49215747,
CAF,1961,,123134583.46355903,4.95355379797229
CAF,1962,,124482773.83305976,-3.713800184096854
CAF,1963,,129379123.76305042,-0.7070107522363287
CAF,1964,,142025078.73575366,2.08032459940857
CAF,1965,,150574795.40986323,0.9475787122568562
CAF,1966,,157930018.0910871,0.6447837202377968
CAF,1967,,163820513.56243202,4.676613108900796
CAF,1968,,191767441.6045771,1.4041131769309203
CAF,1969,,188039210.13037923,7.091542527630963
CAF,1970,,189106529.20701113,2.3328808767934675
CAF,1971,,201450799.82635018,1.1302023840583502
CAF,1972,,230317883.36442974,-0.0008671748311144256
CAF,1973,,271183082.04306173,1.8889399562939957
CAF,1974,,281398705.57059574,6.33903361228316
CAF,1975,,378660016.2659364,0.40498710404206406
CAF,1976,,451152461.3127605,5.432518986912925
CAF,1977,,507298147.5265393,3.8062349140823386
CAF,1978,,610578631.9929826,1.209235419435899
CAF,1979,,700764747.7564625,-2.4651377846863625
CAF,1980,,797048198.5348748,-4.478638847949483
CAF,1981,-0.0333333333334091,694803622.8989656,-1.544465664701491
CAF,1982,13.29609869956628,748312390.7566056,7.715783630903928
CAF,1983,14.6126112868811,658679332.6813309,-8.126513592745681
CAF,1984,2.54220966810047,637820670.2996036,9.481726652925332
CAF,1985,10.42384023038864,864849836.286193,3.9272195379805623
CAF,1986,2.245152511622692,1122265013.4200428,3.5779792543046085
CAF,1987,-6.986802705999735,1200991977.8080113,-4.938987885025455
CAF,1988,-3.96446882079366,1264899287.5126107,1.7101652847238569
CAF,1989,0.6890558073127377,1233930280.917237,1.977270434519454
CAF,1990,-0.01233045622721015,1440711459.1696668,-2.1475280657408717
CAF,1991,-2.762362806757623,1377374986.5870886,-0.5525430051018674
CAF,1992,-1.033608116677771,1411917553.1243598,-6.42407819946331
CAF,1993,-2.915358492983349,1278781261.5592825,0.3352756846460636
CAF,1994,24.57101372756048,851174356.7817373,4.899949410001142
CAF,1995,19.18940397350982,1115389673.6919692,7.200045557519033
CAF,1996,3.724941103258018,1007791127.0991323,-4.000092963647887
CAF,1997,1.611313477609107,937741513.0153515,5.299936018260738
CAF,1998,-1.885200961579104,967338389.6505778,4.700142378793288
CAF,1999,-1.414202200825513,999477510.6866324,3.5999749043227354
CAF,2000,3.203400915631124,916777282.6916586,-2.489432440288738
CAF,2001,3.834860602373617,932648604.7519541,4.464739026408665
CAF,2002,2.331817035162349,996068144.8848892,3.616542191505957
CAF,2003,4.134709051509959,1142315522.538636,-5.397485218558771
CAF,2004,-2.066406011363026,1272360517.3237343,5.994884227986958
CAF,2005,2.883520733590217,1337894378.737431,0.9082105148719535
CAF,2006,6.695264657733543,1461859762.3345907,4.7710854304410475
CAF,2007,0.9599176194571096,1699811294.9493458,4.607534854520253
CAF,2008,9.25895099417076,1993407888.4983778,2.054130962004848
CAF,2009,3.521262272386427,2067381665.2545447,8.58726042640994
CAF,2010,1.491023700478021,2142591540.4006848,4.63081843223307
CAF,2011,1.1944757244985,2437982705.120927,4.19461533741989
CAF,2012,5.47829594346117,2510126512.2283134,5.053761253569178
CAF,2013,6.98879341970198,1691544110.1854331,-36.39197709838867
CAF,2014,14.89868417975499,1894813389.403252,0.08107051532648768
CAF,2015,1.402970171368163,1695825714.1928205,4.3371210302023115
CAF,2016,4.945432761065182,1825018144.6559532,4.750316841223423
CAF,2017,4.180723318712666,2072349972.6817954,4.52727821346231
CAF,2018,1.612156869915552,2220979146.1124053,3.7894435927546226
CAF,2019,2.685373552667865,2221301351.439182,3.0999999999999943
CAF,2020,1.710156595231529,2326720900.380474,0.899999996857062
CAF,2021,4.259364175428684,2516498412.463837,0.9829199962642292
CAF,2022,5.583167351832467,2382618615.016939,0.45390187644778734
CAF,2023,2.979138526189368,2555492085.947247,0.6999684007605396
CAF,2024,1.477336007187436,2751494281.0688705,1.4999999984753458
CAF,2025,1.001980127680884,3066109226.4016547,4.499500003937811
CAN,1960,1.358695652173918,40563768946.95027,
CAN,1961,1.018766756032107,41038192837.90354,3.163291732489327
CAN,1962,1.061571125265353,42336211555.8268,7.427837251812093
CAN,1963,1.628151260504277,45140337826.986855,5.297440079751169
CAN,1964,1.912144702842374,49503663836.3665,6.65599998250741
CAN,1965,2.332657200811349,54649410478.52257,6.317199947500953
CAN,1966,3.815659068384531,61252415404.686035,6.759690113237852
CAN,1967,3.579952267303118,65856924423.97209,3.0654207547687236
CAN,1968,4.05529953917047,72048833006.16019,5.0082741305778455
CAN,1969,4.561558901682924,79405011124.82079,5.0670323838145634
CAN,1970,3.34603981363832,88192257632.30931,2.918713050075155
CAN,1971,2.704918032786846,99606454743.51357,4.01884505535331
CAN,1972,4.988028731045513,113463848873.6236,5.519669928425714
CAN,1973,7.48764728240211,131764343565.64342,6.728641524455426
CAN,1974,10.99717114568597,160949188139.0593,3.3577759400219946
CAN,1975,10.67218859509404,174419757176.5631,1.5454033371204048
CAN,1976,7.541738629821476,207271612576.0649,5.8892759147590255
CAN,1977,7.976445396145698,212325176304.65448,3.5348265855713663
CAN,1978,8.973723351512142,219369542386.25406,3.735976405123381
CAN,1979,9.144676979071813,243891124295.71454,3.725199454037039
CAN,1980,10.12922050854529,274776566028.05338,2.177199227479946
CAN,1981,12.47161241483721,307246642755.8595,3.415065174645889
CAN,1982,10.76897189971392,314647807408.6083,-3.16615029457148
CAN,1983,5.863588029773676,341866277182.7329,2.562253658837932
CAN,1984,4.304778303917367,356718400123.5426,5.898569465036772
CAN,1985,3.962030540652046,366186012449.65216,4.737680716144439
CAN,1986,4.194786290856206,379006836991.72363,2.121480883922942
CAN,1987,4.356108712217403,433134238310.70886,4.0720156732777895
CAN,1988,4.02823414871611,509380027626.554,4.410839064532766
CAN,1989,4.983621899859576,567211993243.2433,2.3373298203561745
CAN,1990,4.780476933363043,596075591360.9873,0.20294784828965362
CAN,1991,5.625864085930052,612527712315.615,-2.09105516498515
CAN,1992,1.490132903745452,594387358318.8549,0.8904662439563822
CAN,1993,1.865079365079389,579053561739.4,2.6577068384297178
CAN,1994,0.1655629139072914,579944346807.2643,4.494049338822876
CAN,1995,2.14876033057849,605961090061.2067,2.6823282696212942
CAN,1996,1.570531125071379,630607994132.7466,1.6889612214578733
CAN,1997,1.621216380845306,654987722085.8009,4.280166804224024
CAN,1998,0.9959424566580195,633999325918.4362,3.892886585010885
CAN,1999,1.734842951059185,678414215521.3031,5.141003484496224
CAN,2000,2.719439956919762,744773415931.587,5.138539189941582
CAN,2001,2.525120139799056,738981792355.372,1.8750981309984667
CAN,2002,2.258394409408551,760650608551.5835,2.999255338326435
CAN,2003,2.758563213601121,895542074084.6478,1.8063851195102956
CAN,2004,1.857258718572564,1026691006917.7556,3.0923638103815563
CAN,2005,2.213552034397675,1173118501402.8718,3.2104544150279253
CAN,2006,2.002025395341613,1319291255289.1396,2.6379437530272156
CAN,2007,2.13838399266837,1468820407783.2603,2.0499045944361853
CAN,2008,2.370270674442985,1552993439550.1406,0.9954063712645222
CAN,2009,0.299466803009299,1374627766599.5977,-2.915086270595552
CAN,2010,1.77687154092627,1617349192091.4646,3.0908063374485124
CAN,2011,2.91213508872351,1793335727900.8516,3.1371944343875953
CAN,2012,1.515678231245166,1828359477071.9739,1.755661332052341
CAN,2013,0.9382918978153169,1846583831414.4307,2.3258135661276214
CAN,2014,1.906635907178614,1805751688808.976,2.8734667557973097
CAN,2015,1.125241360942775,1556510380200.2317,0.6499710149109603
CAN,2016,1.428759547010855,1527996250640.921,1.0385509198932255
CAN,2017,1.596884128529766,1649269496514.6165,3.033834918413916
CAN,2018,2.268225672481033,1725330736237.6924,2.742963414022455
CAN,2019,1.949269024115927,1743728952156.854,1.9084319388725106
CAN,2020,0.7169996323078274,1655686966881.9912,-5.038233427940867
CAN,2021,3.395193185275278,2022377950896.78,5.950528049847591
CAN,2022,6.802801153416128,2200562785046.3184,4.695419850459032
CAN,2023,3.879001597884255,2196593836347.4167,1.9530855219902463
CAN,2024,2.381583832811731,2270076189683.4556,2.0462660540170106
CAN,2025,2.072324111491031,2319899772425.92,1.7426853617570828
CEB,1960,,,
CEB,1961,,,
CEB,1962,,,
CEB,1963,,,
CEB,1964,,,
CEB,1965,,,
CEB,1966,,,
CEB,1967,,,
CEB,1968,,,
CEB,1969,,,
CEB,1970,,,
CEB,1971,,,
CEB,1972,,,
CEB,1973,,,
CEB,1974,,,
CEB,1975,,,
CEB,1976,,,
CEB,1977,,,
CEB,1978,,,
CEB,1979,,,
CEB,1980,,,
CEB,1981,,,
CEB,1982,,,
CEB,1983,,,
CEB,1984,,,
CEB,1985,,,
CEB,1986,,,
CEB,1987,,,
CEB,1988,,,
CEB,1989,,,
CEB,1990,,276777263070.30206,
CEB,1991,118.5275789059841,244245640082.43445,-10.872254644600659
CEB,1992,150.61583195687604,252364702967.0116,-4.935358171237056
CEB,1993,72.8787913866333,267674623020.58063,0.2089020097615304
CEB,1994,35.92470539296433,304448250407.6025,3.688483373110543
CEB,1995,27.95138856330397,388889205136.7854,5.711735949653615
CEB,1996,19.79496691967066,411186267612.58966,4.4861798840989024
CEB,1997,8.88104848465892,405325268750.50433,2.2351605946109316
CEB,1998,8.208333333332979,442779325890.26685,2.6337710699065013
CEB,1999,4.019138755980841,426345402233.0749,1.9010529042746072
CEB,2000,8.911744186587573,420823859911.3814,3.946170506885082
CEB,2001,5.74827981651373,460153265512.3772,3.005396495088803
CEB,2002,3.127142229846087,518049996936.6649,3.542352721195556
CEB,2003,2.348641695827577,621437270110.8944,3.9968763320080996
CEB,2004,3.592975942495101,749236864681.2908,5.874050288588336
CEB,2005,3.317178244480427,871993037920.8237,4.909899739460457
CEB,2006,3.930326038410014,987675979323.667,6.640573897201804
CEB,2007,4.837329283139891,1254691637898.996,6.33884003829688
CEB,2008,6.358663801523701,1526123276964.1543,3.9622300208835384
CEB,2009,2.753202239148194,1289261661160.803,-3.6222380814809156
CEB,2010,1.801170221371382,1319446244881.8845,1.5384716338830486
CEB,2011,4.130275626450852,1458158364344.5522,3.6005708192142265
CEB,2012,3.334922676934421,1361901163411.548,0.8379733268747174
CEB,2013,1.438297872340401,1420225996416.2285,0.6679092298033709
CEB,2014,0.05382131323998021,1467454376587.2046,3.261928053944942
CEB,2015,-0.4644990046450029,1297144243677.5918,4.001683638332196
CEB,2016,-0.0549995416705683,1321564300745.0576,2.807249423304256
CEB,2017,2.075935536738593,1467504296996.7878,5.107130715665264
CEB,2018,2.534454241865981,1656387103225.1182,4.953372208188384
CEB,2019,2.664561334254404,1684322326510.0522,4.032326141607129
CEB,2020,1.672440968557562,1678297364951.9966,-3.3011075802646843
CEB,2021,3.839844915001462,1926387937049.6074,6.572716795257193
CEB,2022,14.60814394924334,1954028005289.2253,4.039891514070533
CEB,2023,9.44284140088564,2273564082260.4346,0.7203282999903564
CEB,2024,2.757609094242786,2463134865871.425,2.09534007010555
CEB,2025,3.814195315201464,2762562481345.197,2.3670115680983486
CHE,1960,1.438794703210874,10569129805.993687,
CHE,1961,1.845397874486574,11889851949.666111,5.681292755011256
CHE,1962,4.315992877543804,13185384690.748087,4.2590473106651245
CHE,1963,3.440212880429594,14499109269.97077,5.327933760714899
CHE,1964,3.080556871018091,16071715835.047443,6.821164552216146
CHE,1965,3.414478608461876,17033079428.474962,3.8215074888714042
CHE,1966,4.775979595636848,18290928226.8879,2.0908441765897123
CHE,1967,4.005196215638813,19689329510.274002,3.3653885310161513
CHE,1968,2.395822269570095,21024203656.349583,3.6385058421361833
CHE,1969,2.489035989593736,22780211812.082386,5.009075223188191
CHE,1970,3.615986786295236,25374750743.196888,6.473673866745358
CHE,1971,6.573221119257849,30492832676.165367,0.9446462673254814
CHE,1972,6.66000704160245,37399508286.85885,2.2887388012421184
CHE,1973,8.754670330246327,50296651921.132454,3.967981054983923
CHE,1974,9.76741431913027,57963469606.95466,3.1981956698364797
CHE,1975,6.696595225078388,66452559175.609184,2.552862570072392
CHE,1976,1.715476322856527,69508364538.32613,1.05810474369396
CHE,1977,1.295999162783132,74237819013.938,-1.5962585192164909
CHE,1978,1.028792894874295,103821687919.46309,1.7515479622650219
CHE,1979,3.647640105587834,116702524207.61412,3.8400033812077083
CHE,1980,4.022500848390104,124404609416.96008,1.6999714128139516
CHE,1981,6.49030964005718,113936168923.73486,0.4548304060558479
CHE,1982,5.655101823923422,116776899472.98428,1.2486646398785552
CHE,1983,2.949794435457249,116361728836.16788,1.9006387864204157
CHE,1984,2.931456691366244,111104641869.17479,4.22953538456656
CHE,1985,3.435399352982657,112652623417.85031,2.1603736778080815
CHE,1986,0.7503098394108279,161487171048.97437,2.6913230857934565
CHE,1987,1.440321880417234,202238567596.5665,3.3538428726748464
CHE,1988,1.872468597318668,218788504066.15186,2.559038652027894
CHE,1989,3.155269797109095,211241694480.10272,2.654806846501316
CHE,1990,5.403959092189372,269768238554.56378,0.7546748508712682
CHE,1991,5.859596634686774,272953645746.16458,-1.1459748173584927
CHE,1992,4.037030207787398,284139428246.33765,-1.1585926720398447
CHE,1993,3.292621803136066,276339744179.7509,-2.065616315237847
CHE,1994,0.8521169951206644,305916331797.90894,4.0157659286778085
CHE,1995,1.799827768671498,358152520084.5666,4.094389947462389
CHE,1996,0.811634064628187,345373647249.1909,0.5601669247515844
CHE,1997,0.5202254227366403,298868250534.00397,2.097616803165451
CHE,1998,0.01793843784393211,306907741067.73346,2.776113736481122
CHE,1999,0.8064443809594591,301911268140.0612,1.6800757111680866
CHE,2000,1.558529196790081,282327351965.89294,3.6332167347091087
CHE,2001,0.9890203298325452,290160142213.79474,1.5921978135700101
CHE,2002,0.6427115065432779,313930961760.5543,0.38041013419527303
CHE,2003,0.6382729308871896,366563952624.935,-0.2842223578576153
CHE,2004,0.802908730955226,409012909529.55365,2.5869289552909294
CHE,2005,1.171954203337026,424511048024.4137,2.9520848746033437
CHE,2006,1.059509283248046,448364681767.427,4.134322514679155
CHE,2007,0.7323506031222364,498993845384.87177,3.983193848070556
CHE,2008,2.426041170601574,574703945157.4186,2.531596154172334
CHE,2009,-0.4804819364233047,563659557945.0417,-1.9349094490391252
CHE,2010,0.6882387072199749,609999593541.9,3.2606308212204738
CHE,2011,0.2313492076509,727231637101.778,1.4076606748381266
CHE,2012,-0.6925520181051634,697882536676.8977,1.1241357502770484
CHE,2013,-0.2173231551156726,718748402259.576,1.8361239292799922
CHE,2014,-0.01320253875159456,741168119616.6282,2.543423476759912
CHE,2015,-1.143908672281782,706199008878.6565,1.454503364910991
CHE,2016,-0.4346186642858147,698607778794.5657,1.9115909421485213
CHE,2017,0.533787839825876,706660443624.4846,1.4203461223126084
CHE,2018,0.9363354641135725,740766531453.991,3.3274325610149305
CHE,2019,0.3628861799406741,736384764156.8766,1.1153218719747429
CHE,2020,-0.7258749333134028,756096180222.0819,-2.255257942510596
CHE,2021,0.5818141684898557,840710023481.3497,6.176228360501511
CHE,2022,2.835027986444512,858479038993.7502,3.5343028684242626
CHE,2023,2.135400880163867,928435275851.7068,0.8255609341246242
CHE,2024,1.062340419765949,969919786394.884,1.3903336387579088
CHE,2025,0.1543769782901852,1043529899250.9229,1.3000779095830666
CHI,1960,,,
CHI,1961,,,
CHI,1962,,,
CHI,1963,,,
CHI,1964,,,
CHI,1965,,,
CHI,1966,,,
CHI,1967,,,
CHI,1968,,,
CHI,1969,,,
CHI,1970,,,
CHI,1971,,,
CHI,1972,,,
CHI,1973,,,
CHI,1974,,,
CHI,1975,,,
CHI,1976,,,
CHI,1977,,,
CHI,1978,,,
CHI,1979,,,
CHI,1980,,,
CHI,1981,,,
CHI,1982,,,
CHI,1983,,,
CHI,1984,,,
CHI,1985,,,
CHI,1986,,,
CHI,1987,,,
CHI,1988,,,
CHI,1989,,,
CHI,1990,,,
CHI,1991,,,
CHI,1992,,,
CHI,1993,,,
CHI,1994,,,
CHI,1995,,,
CHI,1996,,,
CHI,1997,,,
CHI,1998,,5945677376.614773,
CHI,1999,,6262740656.851643,
CHI,2000,,6439703434.710243,
CHI,2001,,6232906290.485102,
CHI,2002,,6663669064.748201,
CHI,2003,,7332244897.959183,
CHI,2004,,8553643354.082753,
CHI,2005,,8827272727.272726,
CHI,2006,,9676172953.081877,
CHI,2007,,11514605842.336935,
CHI,2008,,,
CHI,2009,,9100755725.19084,
CHI,2010,,8902359316.356064,-3.606632315727424
CHI,2011,,9648680025.827497,1.1250431089537187
CHI,2012,,9454638123.235716,-5.753661221391127
CHI,2013,,9594745810.671589,0.4939311205287851
CHI,2014,,10527973277.606833,2.4271017848231082
CHI,2015,,10109273770.329006,0.3743670838293838
CHI,2016,,9168857222.325737,1.2130240765719549
CHI,2017,,9170044517.202637,1.806481313835846
CHI,2018,,10026394043.613642,1.1222435658518037
CHI,2019,,10031864649.08194,1.573355961563422
CHI,2020,,9439810769.230768,-8.89677926591959
CHI,2021,,11157540109.893888,9.936801369850755
CHI,2022,,11308272505.183027,5.341961403758688
CHI,2023,,12507320838.393167,3.7150059036726617
CHI,2024,,,
CHI,2025,,,
CHL,1960,,4211103676.740273,
CHL,1961,,4948564550.910458,5.519610703448848
CHL,1962,,5765971144.471418,3.9307847911062908
CHL,1963,,5702520146.031666,5.686671900164384
CHL,1964,,6065708668.327352,2.4611342773454226
CHL,1965,,6183988944.346056,0.670838636062939
CHL,1966,,7256882086.195846,11.463421858935675
CHL,1967,,7145068067.641378,3.588110731774691
CHL,1968,,7286820526.024621,3.5737170144755055
CHL,1969,,8456519044.382233,4.103179767489621
CHL,1970,,9261006540.159071,1.6944725797135334
CHL,1971,20.0522312040536,10999807567.123514,9.571073938426238
CHL,1972,77.79574047552038,12057501634.978977,-0.7123659184225772
CHL,1973,352.8109865730291,17237336172.787754,-5.037756116822081
CHL,1974,504.738541215978,16584311220.138407,1.2495800122858043
CHL,1975,374.7352742326348,7812161793.119709,-12.27376215336129
CHL,1976,211.924302225904,10523479088.807507,3.604694845218276
CHL,1977,91.95413255651042,14272711436.74749,11.149194480753948
CHL,1978,40.08722463138544,16373093553.715487,8.02682491365691
CHL,1979,33.38921901022518,22249574627.69113,8.43582175738598
CHL,1980,35.13834053304855,29586676576.095127,8.172283343475371
CHL,1981,19.68683270843192,35180322211.29026,6.718638956358873
CHL,1982,9.941026930418323,19710229067.286446,-11.502062053576182
CHL,1983,27.25719467262044,20629678694.068413,-4.935229709037401
CHL,1984,19.8602056602626,19974595028.15822,3.9837101871355287
CHL,1985,30.70349890961506,17933557359.803566,3.552398607750476
CHL,1986,19.4768379232582,19197818084.67571,5.4055643863579945
CHL,1987,19.88084572019051,22605488850.89812,6.738842530904577
CHL,1988,14.68435125008199,26174858613.845562,7.350810696234163
CHL,1989,17.027936730896162,30101767991.11346,10.358356869022757
CHL,1990,26.0364811362364,33428580448.271465,3.598723046917442
CHL,1991,21.78441242777575,38232330917.20109,7.756201893129571
CHL,1992,15.42580646889275,46538895685.80884,11.501931437019238
CHL,1993,12.72776694909637,49934943320.88283,6.685584400804203
CHL,1994,11.44311964449727,57438273591.05208,5.076803746673519
CHL,1995,8.232630341161142,73820425701.66026,9.255427577535727
CHL,1996,7.359117817887671,78584098983.63744,7.114862627075098
CHL,1997,6.133864643579274,85741415285.165,7.391739268433099
CHL,1998,5.110249545175593,81990010704.06023,4.180886627006686
CHL,1999,3.336879175260233,75578685735.52188,-0.2736313981937002
CHL,2000,3.843272957065652,78339750721.36403,4.971621488297103
CHL,2001,3.569100530014667,71574739561.43288,3.154034924599671
CHL,2002,2.489398166507051,70264045939.27725,3.2027991352011327
CHL,2003,2.810178757436101,76492579644.06053,4.7232452686104125
CHL,2004,1.054738714035168,99075985773.66815,6.674254168229226
CHL,2005,3.052576213878492,122294145163.19211,5.837045719177581
CHL,2006,3.392017336994053,153843518170.86438,6.049990825639682
CHL,2007,4.407799383980443,172491076033.86267,5.1682309852843105
CHL,2008,8.716268730396072,179894594475.40497,3.7893928063523816
CHL,2009,0.3530451783609367,171777900623.89206,-1.1180372364287763
CHL,2010,1.410711079543209,217051209238.53412,5.851651022240475
CHL,2011,3.341216942593021,251382573893.86972,6.223896785091384
CHL,2012,3.007448402130474,267024782486.85474,6.155340018554938
CHL,2013,1.789555539845903,277395018842.4165,3.3085082471008462
CHL,2014,4.718675278546717,259560978224.3589,1.7926494713925933
CHL,2015,4.348773532170441,242450355830.88394,2.151942499811838
CHL,2016,3.786193558931184,249344863928.43762,1.7530387490709956
CHL,2017,2.182718468685193,276154259981.0972,1.3576953734395687
CHL,2018,2.434889813530572,295857562991.70905,3.9900294778997676
CHL,2019,2.557544757033266,278308438545.1182,0.6442234026319227
CHL,2020,3.045490848043265,254103710483.3237,-6.139696941188603
CHL,2021,4.524568382591437,315507493783.26245,11.337403240991335
CHL,2022,11.64386671105596,301099244104.00336,2.063918642541978
CHL,2023,7.581682514079624,335802745366.3798,0.6770248315958582
CHL,2024,4.29763891572524,329260633698.7259,2.805126371066109
CHL,2025,4.212936016942926,357371159574.86163,2.4592547478137448
CHN,1960,,59846235024.73181,
CHN,1961,,50162299349.78709,-27.270000003888256
CHN,1962,,47310737754.2287,-5.579999990196711
CHN,1963,,50812227918.575325,10.299999996398881
CHN,1964,,59821862703.40225,18.17999999382029
CHN,1965,,70565994356.18279,16.95000000386986
CHN,1966,,76854053259.20897,10.6499999984174
CHN,1967,,73011350596.24852,-5.770000004051482
CHN,1968,,70980323818.7853,-4.099999986477684
CHN,1969,,79847786729.18979,16.939999996060862
CHN,1970,,92752930873.19121,19.299999996702184
CHN,1971,,99959013879.63078,7.059999998536725
CHN,1972,,113871930713.84093,3.810000000219844
CHN,1973,,138764340892.00046,7.760000000843249
CHN,1974,,144418433058.47156,2.310000002947362
CHN,1975,,163687619735.8566,8.719999997479917
CHN,1976,,154196810058.6428,-1.5700000016532556
CHN,1977,,175226595859.7778,7.570000001384031
CHN,1978,,149788617886.17886,11.326954212980937
CHN,1979,,178573913043.47827,7.5948017599999815
CHN,1980,,191487500000.0,7.8414170684744136
CHN,1981,,196218253968.25397,5.114863090719538
CHN,1982,,205480916030.53433,9.02434347373044
CHN,1983,,231130268199.23373,10.7718383060041
CHN,1984,,260442857142.85715,15.19213491180787
CHN,1985,,310064625850.34015,13.428482001650877
CHN,1986,,301310144927.5362,8.943746390439202
CHN,1987,7.233835530656091,273455156950.67264,11.655265838392054
CHN,1988,18.81181794487525,312888888888.88885,11.220911580349195
CHN,1989,18.24563836216475,348380566801.6194,4.207856936583923
CHN,1990,3.052290120752333,361560229445.50665,3.922519569242098
CHN,1991,3.556685652204525,384510452961.6725,9.37563237902144
CHN,1992,6.353981340248685,428502354788.0691,14.297622615277916
CHN,1993,14.61007863566025,446557291212.14764,13.926102831199529
CHN,1994,24.2569897243361,566929539493.172,13.082712298790582
CHN,1995,16.79122684926665,738190896227.5504,11.015413665971877
CHN,1996,8.313158727021095,868523936530.0826,9.973287812283942
CHN,1997,2.786465055318817,967753570434.6671,9.297594605959475
CHN,1998,-0.7731860115493183,1037134141760.352,7.923545351084968
CHN,1999,-1.401472682764649,1103843203575.635,7.74123827728161
CHN,2000,0.3478112268645869,1223754919971.0479,8.573573289261006
CHN,2001,0.7191256091201137,1355036590251.524,8.324046953470557
CHN,2002,-0.7319709023502436,1489821682050.541,9.236048703838605
CHN,2003,1.127603487296372,1683903309843.8486,10.113811902524162
CHN,2004,3.824637431081595,1984196551300.4358,10.140429187220619
CHN,2005,1.776414076675707,2317551298052.0522,11.453513003064543
CHN,2006,1.649430994558598,2791498472804.3286,12.675284228159484
CHN,2007,4.816767673788345,3604055822571.6304,14.15077105061033
CHN,2008,5.925251370410918,4667346414521.947,9.668776081644538
CHN,2009,-0.7281652509328982,5189577094997.582,9.406100143364156
CHN,2010,3.175324752691991,6192564874453.29,10.591690388570441
CHN,2011,5.553898922574932,7671757207851.289,9.46205248298186
CHN,2012,2.619524326455406,8673664713189.244,7.857820148121704
CHN,2013,2.621050017481148,9743124247267.244,7.778429547572571
CHN,2014,1.921641627885208,10674533168257.361,7.461007357781611
CHN,2015,1.437023809356548,11280814787468.914,6.981622555623673
CHN,2016,2.000001821919434,11456024084961.979,6.773688686772701
CHN,2017,1.593136000714356,12537559062282.92,6.891239166361913
CHN,2018,2.07479039965576,14147765772963.76,6.757806142324
CHN,2019,2.899234163582267,14560167101283.44,6.067378063336719
CHN,2020,2.419421894577823,14996414166715.092,2.3395038520302336
CHN,2021,0.9810151355448816,18201698719563.96,8.570384149817812
CHN,2022,1.973575557390506,18316765021690.156,3.1338543839406867
CHN,2023,0.2348368288930508,18270356654533.215,5.41600334492955
CHN,2024,0.2181289384391772,18729668435847.992,4.958303787880908
CHN,2025,0.05956469165654026,19498039388042.61,4.959948862409917
CIV,1960,,546203559.3443607,
CIV,1961,11.61649214689896,618245634.1798309,9.932555156118127
CIV,1962,-1.341248901205287,645284473.7336911,1.2269944900720873
CIV,1963,0.9434663104601985,761047198.0296532,14.490355865666956
CIV,1964,0.6181925227436678,921063326.5899183,17.613087829945442
CIV,1965,2.611176126330117,919771228.8160951,-3.109654273329184
CIV,1966,4.191317984056685,1024102880.058619,11.577359688023733
CIV,1967,2.291851953494569,1082922724.8718865,4.59815178505383
CIV,1968,5.350454788678795,1281281276.7235703,12.548248639525681
CIV,1969,4.450228542233254,1361360293.4266486,9.539218770565029
CIV,1970,8.205190543107198,1455482795.406913,10.375031843742619
CIV,1971,-0.4437454362757451,1584128509.4687285,9.456637661754527
CIV,1972,0.3103136988839105,1849400401.6472368,4.236625011751087
CIV,1973,11.10298666982289,2508421426.1757154,5.939197536168223
CIV,1974,17.35938844706476,3070152309.2190304,4.327380857546601
CIV,1975,11.44422396701136,3893839190.268061,8.252886367349774
CIV,1976,12.07664021695663,4662053824.83955,12.916397437547843
CIV,1977,27.42186150914762,6265068189.377822,7.314459153542671
CIV,1978,13.24298685459273,7900526298.319929,10.909453652370459
CIV,1979,16.34235657362512,9142933966.794653,2.394407461932957
CIV,1980,14.70098129978657,10175617609.096157,-10.957697263721684
CIV,1981,8.79921083308777,8432589942.39434,3.500498908504184
CIV,1982,7.583125896421499,7567110848.922282,0.20082234667104615
CIV,1983,5.640428433421255,6838184772.520635,-3.900240441381044
CIV,1984,4.284761103618705,6841639246.8996,-2.701261434878333
CIV,1985,1.863803271506277,6977650643.9948845,4.501223180687447
CIV,1986,9.682954731165143,9158302099.579567,3.25934876606091
CIV,1987,6.943306265365737,10087654464.81683,-0.34897291393886576
CIV,1988,6.930686172065149,10255169805.799646,1.1364839656228725
CIV,1989,1.049518237903838,9757410644.667898,2.9480049433544053
CIV,1990,-0.8058796982780604,10795850582.778996,-1.095908412383082
CIV,1991,1.683348498634796,10492628580.748444,0.04092517172529142
CIV,1992,4.231383828699676,11152971273.938326,-0.24456061069163582
CIV,1993,2.164714539767541,11045760288.120558,-0.19248509860780416
CIV,1994,26.08157199471616,8313557510.1475725,0.8112066799354807
CIV,1995,14.29506908519446,11000146266.513521,7.12574472834217
CIV,1996,2.480806691875511,18071152830.61015,7.729327419169735
CIV,1997,4.020833333333058,18047558037.70358,9.648840047463295
CIV,1998,4.611447595153724,19619654755.67897,4.263905944372311
CIV,1999,0.7023758059559609,18870992455.567986,1.1668599820227286
CIV,2000,2.530775167379969,16577533891.878548,-0.26578946227594713
CIV,2001,4.361529140072564,16810537043.840742,-2.154012490773056
CIV,2002,3.077264851574272,18054383320.847363,-2.7305264744190083
CIV,2003,3.29680746974208,21251754340.430542,-4.7258665863068074
CIV,2004,1.457988356007414,23510575681.368645,3.1850382257539707
CIV,2005,3.885830398864819,24036918703.174747,0.9960655648547885
CIV,2006,2.467191485969148,25281413263.371223,2.8155785925232664
CIV,2007,1.892006293495979,28760090953.30806,1.1014297679347749
CIV,2008,6.308527691525781,34078240293.255936,4.782665978767199
CIV,2009,1.019504577311376,33886813250.203587,3.6033215666705303
CIV,2010,1.226456121354798,34936307980.063034,6.848049399070135
CIV,2011,4.9124339505245,36693710801.397644,-5.370447240005788
CIV,2012,1.304511199156063,36302302877.297745,7.62041176451649
CIV,2013,2.581170372529356,42760235484.609314,10.760213131125582
CIV,2014,0.4486820767661412,48843005613.70906,9.371999942403747
CIV,2015,1.251499547814676,45815005169.26511,7.194949427281912
CIV,2016,0.7231784575133081,48407761036.82379,7.172759639563324
CIV,2017,0.6858810653046031,52512343996.68996,7.410762425925043
CIV,2018,0.401297817263547,58522477786.68885,4.843146058891776
CIV,2019,0.7908555120536607,60382894697.35568,6.721371675849781
CIV,2020,2.412526171890529,63027852805.42045,0.6997285934942283
CIV,2021,4.159196579117976,72794636653.77934,7.062537134468158
CIV,2022,5.233528561008425,70922824813.9102,6.399883627309208
CIV,2023,4.369722548674742,80780312569.16455,6.600000452091763
CIV,2024,3.450530281310188,87113179149.28401,6.0195346193922035
CIV,2025,0.1250387725931035,99773555666.19878,6.4999999999999005
CMR,1960,,614206068.4972658,
CMR,1961,,652777608.3204924,1.1836808110119819
CMR,1962,,694247864.3788999,3.041559050793012
CMR,1963,,718320845.0443375,3.742550320740733
CMR,1964,,776650176.9044532,3.547159694903513
CMR,1965,,814083265.5114259,2.0260537150390974
CMR,1966,,851112534.5526356,4.614955619048615
CMR,1967,,936175260.0309191,-10.912065588777281
CMR,1968,,1046191217.7994169,6.346323853767018
CMR,1969,-1.101591187274101,1100551488.6268868,4.90147952428066
CMR,1970,5.858085808517404,1151216992.8809454,3.092068233869142
CMR,1971,4.014029618098565,1236941394.114466,3.4797078166552495
CMR,1972,8.092918695796211,1498251889.6628742,2.6738432931829266
CMR,1973,10.38474870038392,1901393361.0228183,5.355680779102428
CMR,1974,17.23293349233061,2157415532.5479603,10.734262258031649
CMR,1975,13.55332940512621,2857037371.058858,11.245058775847113
CMR,1976,9.930650563697245,2898090001.8562007,-5.495138397441863
CMR,1977,14.69830915815536,3394664024.055029,13.739871523055143
CMR,1978,12.46305234417868,4662852583.132564,22.00300492296641
CMR,1979,6.58061081902716,5919002982.601996,6.0351187734680565
CMR,1980,9.551754276428664,6674569046.683197,-1.965291668045495
CMR,1981,10.72750000000042,6610938616.664299,17.082682248765153
CMR,1982,13.25701986107039,6611255963.835844,7.516202605138815
CMR,1983,16.6312264100787,6870200009.900646,6.866830565475922
CMR,1984,11.37332209029373,7311938026.367127,7.474572543623026
CMR,1985,8.508374343915948,8544810497.988902,8.06316167125891
CMR,1986,7.770024987035322,11857056199.076525,6.771663083976634
CMR,1987,13.140499844701,13049659981.137337,-2.1466502153600686
CMR,1988,1.682332607712096,12236057362.491734,-7.823631974910214
CMR,1989,-1.665525895505437,11012566195.02554,-1.819120511868249
CMR,1990,1.099381283836084,12314482627.84536,-6.105697646006561
CMR,1991,0.06005133050034549,11840192296.38931,-3.808599372793182
CMR,1992,-0.01605504587174182,12071775335.04334,-3.100003210819139
CMR,1993,-3.20655456915868,16181814712.529512,-7.932066574475357
CMR,1994,35.09446184594641,8902446252.183718,1.8768092258040383
CMR,1995,9.06969071921509,10864772470.904276,2.8940013773969753
CMR,1996,3.924063727497982,11093538846.448252,4.2150721495305845
CMR,1997,4.786238818603755,10789458432.641554,4.527313766250373
CMR,1998,3.170751853869066,11298144990.410444,4.725534848025632
CMR,1999,1.871745006720085,11565826464.892147,4.511304221407315
CMR,2000,1.227190129761323,10566579294.983051,3.8324177943061386
CMR,2001,4.419772458811458,10953485349.113462,4.324261192215488
CMR,2002,2.834422601280668,12417251350.488163,4.4770268336915535
CMR,2003,0.6231635573743164,15970315034.990343,5.453153688813472
CMR,2004,0.2336473800675835,18826214135.641937,7.048862818583743
CMR,2005,2.013539501759865,19509852206.93408,2.228270209241174
CMR,2006,5.117578160194693,20910512974.933037,3.8095832756613675
CMR,2007,0.9214022456500954,23928250433.037815,4.327589009728712
CMR,2008,5.337806276274985,27715142032.912952,2.8476778892105017
CMR,2009,3.043618479399991,27932970317.129013,2.5792517773875403
CMR,2010,1.275380462423383,27507501821.029606,2.899024721220144
CMR,2011,2.93969946305091,30630910495.21702,3.3792112850604497
CMR,2012,2.735296775295393,30155062329.282063,4.625978722095709
CMR,2013,2.050347180017408,33728621180.323067,4.995529161307829
CMR,2014,1.854898503667769,36386544706.08061,5.719818145091978
CMR,2015,2.676235314198996,32210233020.456917,5.666952987039323
CMR,2016,0.874190383288856,33814337044.376472,4.535794236788007
CMR,2017,0.6404091498819502,36098547033.16547,3.541176549260072
CMR,2018,1.068858113129201,39955552189.79499,3.955514238920486
CMR,2019,2.452802140627324,39667757527.65778,3.475059981949812
CMR,2020,2.437608821822364,40773241177.05051,0.25993291590711465
CMR,2021,2.271857625036371,45011937346.83839,3.338857471795052
CMR,2022,6.247677133438612,44347206072.55133,3.736784005641198
CMR,2023,7.382813842809837,48814501547.431274,3.347562907502194
CMR,2024,4.533313497116064,53296694320.20565,3.524723080522449
CMR,2025,3.403734582790553,58933453923.760956,3.200000156161437
COD,1960,,3359404117.647059,
COD,1961,,3086746857.142857,-10.851376083633795
COD,1962,,3779841428.571429,21.20069751481344
COD,1963,,6213185742.574258,5.213990134348904
COD,1964,35.4210649777883,2881545272.727273,-2.4402235644914327
COD,1965,-2.726980277629155,4043901818.1818185,0.9973487935273937
COD,1966,15.78010124911408,4532660181.818182,6.775485301721957
COD,1967,36.92652487283185,3384063371.7579155,-0.9857386614880426
COD,1968,53.32167271077387,3909780538.922156,4.332698464019231
COD,1969,6.176195735223137,5032434970.05988,9.328837438554842
COD,1970,8.025284045484868,4877684910.179642,-0.2450565750863376
COD,1971,5.777349825965162,5594770359.281438,6.0050180673755165
COD,1972,15.80421539079505,6173712814.371257,0.15113551378908596
COD,1973,15.64276212381938,7870239461.077845,8.137275887401856
COD,1974,29.46928104599451,9596960179.64072,3.130585879236264
COD,1975,28.65797019522683,10237343173.652695,-4.9816310052539166
COD,1976,80.38595907541404,9648583224.992123,-5.309002080971396
COD,1977,68.94770819899973,12344424763.57268,0.7607936015507875
COD,1978,48.76903761152025,15372608002.392328,-5.345291527562409
COD,1979,101.0512604114971,15068422236.366274,0.430088262092724
COD,1980,46.62590683033084,14394927494.8647,2.1949129236772364
COD,1981,35.40826487442939,12537821038.220222,2.350524074860985
COD,1982,36.69969757409141,13651667371.167646,-0.45767760896158904
COD,1983,76.52669766626585,11006712650.448143,1.4117036882630032
COD,1984,52.22701135732085,7857729193.203425,5.541074021969976
COD,1985,23.82078452133495,7195042616.0071,0.4678509509460298
COD,1986,44.4,8095367168.217689,4.717209653408531
COD,1987,78.67036011080326,7661625472.57705,2.6756424512693684
COD,1988,71.09173126615032,8861299976.741575,0.4703813367486873
COD,1989,104.0652294282603,9021862775.181116,-1.266050635609588
COD,1990,81.295404814004,9349764580.411734,-6.568310694642449
COD,1991,2154.436827113407,9625436872.510746,-8.42105149945634
COD,1992,4129.169856615583,8227343907.266789,-10.5000085643684
COD,1993,1986.904761904759,10706259936.742533,-13.469050537518484
COD,1994,23773.13177410157,5820382248.282016,-3.899996803290321
COD,1995,541.9088832390269,5643439376.104914,0.6999988297655051
COD,1996,492.4418502354141,5771456952.190799,-1.0231726425740106
COD,1997,198.5167074164627,6090838693.271451,-5.617046598902689
COD,1998,29.14880692366523,6217805820.771041,-1.6241540443375584
COD,1999,284.8949759140868,4711259427.272727,-4.270140830549508
COD,2000,513.9068437475354,19088046305.7971,-6.91092731714194
COD,2001,359.9366142645858,7438189100.333333,-2.1001730242929426
COD,2002,31.52258260254952,8728038525.140335,2.947765182531768
COD,2003,12.87396571874048,8937567059.877542,5.577822312271266
COD,2004,3.994384008159708,10297483481.223013,6.738373933207882
COD,2005,21.31681672293408,12609728573.103159,6.135151155071597
COD,2006,13.05269497451011,15484044534.578304,5.10894433184896
COD,2007,16.94510065419499,18374807772.54292,8.583322984453872
COD,2008,17.30138457001566,22723488723.364056,7.433335742006022
COD,2009,2.799999999999817,18607259480.544655,0.5415701974215636
COD,2010,7.100000000000371,24161641931.033108,8.618677175105432
COD,2011,15.316515913949,26392379641.76496,-0.40316408125444525
COD,2012,9.721828062733643,30029369928.731796,8.668593605869262
COD,2013,0.8082231014871106,34891189160.30018,17.51591246883477
COD,2014,1.243038897608026,38352980552.86655,7.30227750870263
COD,2015,0.74419899478147,40179574490.3032,6.359737561648288
COD,2016,2.885851072899884,38600224214.47277,0.3938327981545626
COD,2017,,37537521565.530785,4.2412104727271895
COD,2018,,46659954092.48624,6.071688706466148
COD,2019,,46845900350.03317,0.5553842945808185
COD,2020,,46691989748.91859,0.7754279923546221
COD,2021,,59067289573.5102,6.42961005647355
COD,2022,,70422346142.20229,9.31116944064918
COD,2023,,69843655425.29286,8.533489831845102
COD,2024,,75716176105.07037,6.102529444286304
COD,2025,,91030531316.99359,5.759244716399991
COG,1960,,131731862.78301702,
COG,1961,,151675738.92634198,8.35072672427799
COG,1962,,166521239.65024328,5.202308787974275
COG,1963,,172233430.65785843,-4.029300397988038
COG,1964,,185693724.90523335,3.8167962684232606
COG,1965,,198318064.02892432,3.6764677364912473
COG,1966,,220613581.97260103,1.3589824623200428
COG,1967,,237397428.1350098,2.116272056714081
COG,1968,,251247457.7655245,7.63132623875093
COG,1969,,265040036.41721454,7.5485251946646486
COG,1970,,274960699.8852549,6.358470186966585
COG,1971,,322128018.9554444,7.753035853085237
COG,1972,,410669263.651798,8.617550844841176
COG,1973,,541973362.6104233,8.231188946412999
COG,1974,,585364634.4739771,7.885520811134938
COG,1975,,767102680.2399669,7.731596833649405
COG,1976,,754549601.3914917,0.9162867511036836
COG,1977,,765224029.2865564,-8.953427980381818
COG,1978,,878771772.2021489,6.359747011211496
COG,1979,,1198749667.4292345,9.813224738094021
COG,1980,,1705796852.8947349,17.63660548276107
COG,1981,,1993512322.6239107,17.619722470156745
COG,1982,,2160640564.560407,23.59769996014917
COG,1983,,2097274289.7506616,5.85396283993704
COG,1984,,2193581365.342988,6.9761310544813995
COG,1985,,2160872540.0317497,-1.1856608543253344
COG,1986,4.158110882956784,1849268212.302843,-6.861526436651928
COG,1987,0.4435682602268444,2297753652.3492937,0.18937664036890567
COG,1988,1.030421982335505,2212536311.9931903,1.7662634284723424
COG,1989,-1.796988829528847,2389593025.603387,2.59987651814491
COG,1990,2.889053742169467,2798746050.1135387,1.00000356627487
COG,1991,-1.678349689565368,2724853505.8033624,2.395367452556158
COG,1992,-3.935468100708815,2933222703.0334044,2.611948055338715
COG,1993,4.923664122137433,2684323623.1437206,-0.979683208744774
COG,1994,42.43967503334523,1769365437.7880118,-5.493075745414018
COG,1995,9.418007434522275,2116003867.75536,3.985324378110704
COG,1996,10.03112033195028,2540697539.0577264,4.290481558704016
COG,1997,,2322719102.6908984,-0.6248121522607164
COG,1998,,1949481379.2195134,3.7375527698088433
COG,1999,4.142671372840485,2354772960.282964,-2.58219935813743
COG,2000,-0.8819915170254309,3227927697.5792117,7.575980395264196
COG,2001,0.05598992181405829,2796704604.038123,3.8026018991356096
COG,2002,4.378759717808726,3034250923.977265,4.5818700610888925
COG,2003,-0.631844987363156,3503723087.7448316,0.8132640763037813
COG,2004,2.429766079617993,4656974940.127209,3.4766316211808856
COG,2005,3.094490114561818,6650001680.4854355,7.755758978066481
COG,2006,6.537843952996039,8072305029.065143,7.986238363342906
COG,2007,2.654646450607025,8782703436.701883,-6.613994804410012
COG,2008,4.958750920231519,11649857673.443577,6.306375955852587
COG,2009,4.415003747952232,9723299915.25312,11.637288861575755
COG,2010,0.3915250112276121,13148396211.595518,9.931265430955776
COG,2011,1.759587042738031,15655383576.651531,2.205919362867178
COG,2012,5.01018773134471,17692911296.304386,9.947153142575644
COG,2013,4.631616197294613,17958720699.086823,-0.7124344518764474
COG,2014,0.9121395454500975,17919321078.02835,6.646065409284475
COG,2015,3.169097967508294,12434793867.3568,0.4151930612937633
COG,2016,3.190561797237732,10931328150.847847,-8.685243439137864
COG,2017,0.4500638232855464,11834473039.36448,-5.594773719155469
COG,2018,1.152778963755232,14773900288.513496,-2.3043178012584207
COG,2019,2.206073057815252,13976637779.976324,1.1244739197652933
COG,2020,1.795371470831075,11468687464.00462,-6.267772279632254
COG,2021,1.715642754512603,14825690210.915745,1.0150703699090826
COG,2022,3.043443346984775,15817030154.694141,1.4753561324713331
COG,2023,4.301745635910163,15321055822.5167,1.90686426346754
COG,2024,3.091436309191664,15719986076.646381,2.09998918002519
COG,2025,2.400695593617472,16306633778.764988,3.082927281200625
COL,1960,5.814076282049862,4031152976.6390357,
COL,1961,8.28319045648716,4540447761.19403,5.089216984391072
COL,1962,4.697093950624704,4955543963.368689,5.41188961342047
COL,1963,26.35543552504665,4836166666.666667,3.2867075540710147
COL,1964,17.07243521645538,5973366666.666667,6.166941323507231
COL,1965,7.5906836693158,5760761904.761905,3.600011389837718
COL,1966,16.72816827485979,5428518518.518518,5.236735862294523
COL,1967,8.328191364259476,5825170438.487043,4.134864165798575
COL,1968,7.447538783177704,5960212869.12968,5.93311799878289
COL,1969,6.981663079553751,6450175213.749228,6.102517308733326
COL,1970,6.908622758482407,7198360460.198871,6.207796961276983
COL,1971,11.94026169792163,7820380970.53674,5.960727946290703
COL,1972,12.44445899077289,8671358732.684858,7.669147544400971
COL,1973,22.52964867818426,10315760000.33939,6.722954969191335
COL,1974,23.87095736566966,12370029583.641897,5.745757189121406
COL,1975,23.43750256505545,13098633901.867271,2.323255281157955
COL,1976,19.83122491679308,15341403660.469809,4.728368734539501
COL,1977,33.80281835798198,19470960619.129715,4.158505453464187
COL,1978,17.76315908534623,23263511958.050903,8.469900837668803
COL,1979,24.13407574404555,27940411250.27322,5.379118988202066
COL,1980,26.5526531495356,33400735644.048115,4.087353675507671
COL,1981,27.45376243479932,36388366869.03093,2.2768727451217785
COL,1982,24.72098825285853,38968039721.74803,0.9484207866045153
COL,1983,19.59731706247647,38729822781.599724,1.57395603843689
COL,1984,16.16161713614263,38253120737.96712,3.35068373940706
COL,1985,24.09017436812504,34894411351.98301,3.1071061957295996
COL,1986,18.84246316124059,34942489683.97124,5.824076137458661
COL,1987,23.30202836401805,36373307085.088745,5.368932148213233
COL,1988,28.10839697717039,39212550050.42228,4.064173244903756
COL,1989,25.86754808319876,39540080200.393814,3.4140961096659623
COL,1990,29.15202459762154,47844090709.990845,4.281998330530584
COL,1991,30.38782048544356,49175565911.06548,2.0016075955902863
COL,1992,27.01062662313608,58418985443.317154,4.0449294393355615
COL,1993,22.44248285332751,66446804802.5747,5.385409939010287
COL,1994,22.84624175530448,81703500846.03638,5.814661907243362
COL,1995,20.8917930194849,92507279383.03873,5.202437592786552
COL,1996,20.79757551274016,97160109277.80867,2.055854712871948
COL,1997,18.47002171190891,106659508271.25496,3.430293677883739
COL,1998,18.67697992766719,98443739941.1664,0.5697840884345169
COL,1999,10.87368708574707,86186158684.7685,-4.204015242449472
COL,2000,9.225348185853658,99875074951.02779,2.9248614817677776
COL,2001,7.96556090304834,98200641203.38924,1.6778983078757932
COL,2002,6.351507287788722,97945812802.88817,2.5039804665965875
COL,2003,7.129788629418602,94644969157.0987,3.9182719032251327
COL,2004,5.904020055465022,117092416666.24509,5.333022067599046
COL,2005,5.051019626896957,145600529605.80283,4.828761107737407
COL,2006,4.293423636289266,161792958904.86447,6.716868698444017
COL,2007,5.544384858151555,206229540926.31174,6.738194690909751
COL,2008,6.996884955545109,242504150472.93127,3.2834461861654063
COL,2009,4.202516612164816,232468663109.59467,1.1396486454806194
COL,2010,2.272002278920081,286498534094.96326,4.494658970709224
COL,2011,3.4150334477625,334966134804.887,6.947891981735552
COL,2012,3.169301888400553,370691143018.0392,3.9126357671611487
COL,2013,2.016992243103834,382093697077.68494,5.133993519956718
COL,2014,2.898837877617376,381240864422.4066,4.499030001109716
COL,2015,4.989831158495299,293492370193.1661,2.955901375275232
COL,2016,7.513460246276745,282720100286.22815,2.0873825016279426
COL,2017,4.314313256950107,311866875156.8792,1.3593608678874602
COL,2018,3.240569329305694,334198218098.27594,2.5643242827770365
COL,2019,3.523019327414469,323031701192.83997,3.1868553924553282
COL,2020,2.526635000847062,270348342541.4654,-7.1859141376085915
COL,2021,3.495057573994483,318524633225.39514,10.801198190487838
COL,2022,10.17723135461662,345632492851.4475,7.328277294279786
COL,2023,11.73590449486894,366901643683.3023,0.8418195557520392
COL,2024,6.609085937282281,420504033143.2112,1.493307287710664
COL,2025,5.142229119462015,457410034202.52264,2.6420154898592756
COM,1960,,,
COM,1961,,,
COM,1962,,,
COM,1963,,,
COM,1964,,,
COM,1965,,,
COM,1966,,,
COM,1967,,,
COM,1968,,,
COM,1969,,,
COM,1970,,,
COM,1971,,,
COM,1972,,,
COM,1973,,,
COM,1974,,,
COM,1975,,,
COM,1976,,,
COM,1977,,,
COM,1978,,,
COM,1979,,,
COM,1980,,243390495.91896242,
COM,1981,,212958381.53543702,5.461984587272582
COM,1982,,202152461.76281986,4.05790550805429
COM,1983,,196193379.74382788,3.0930633815562345
COM,1984,,189102734.15401924,4.1665447523188135
COM,1985,,191944891.60283247,2.7791354175444383
COM,1986,,258143902.8898421,2.0710350255804855
COM,1987,,313292322.956214,2.0777440412121706
COM,1988,,336422522.4071142,4.970596104311696
COM,1989,,328665080.84704566,-0.9170598112905708
COM,1990,,401561021.549642,7.3388109613085675
COM,1991,,400592662.61024576,-6.166974451508608
COM,1992,,436552922.1216955,7.358015293935011
COM,1993,,427750822.87347037,2.5473458344994953
COM,1994,,314789556.0443962,-3.9865175285774654
COM,1995,,392774713.6341824,5.637279286705805
COM,1996,,392488148.7251869,-0.5103688289322577
COM,1997,,362816806.13445175,4.410425625907195
COM,1998,,363932160.23377144,0.02504079923322422
COM,1999,,371921712.45451784,2.6976864640883917
COM,2000,,339504306.29068893,-1.0070188710965482
COM,2001,5.554593948168124,372746486.166796,5.419599718087412
COM,2002,3.533042143080776,427360070.3245444,4.597682632632427
COM,2003,3.799081366719004,546830040.5402731,1.9344281231349783
COM,2004,4.474992890781065,622679660.37137,3.10041210399676
COM,2005,3.013323950581202,655375095.906176,5.665202401931509
COM,2006,3.374363601212043,688498641.5125288,-1.7544467944939441
COM,2007,4.466167100981319,795673152.8670766,0.8035997882477517
COM,2008,1.700781762845304,915659107.9658227,3.964611188718152
COM,2009,4.362348293257194,905341172.7058296,3.2407407407407476
COM,2010,3.354757703289194,907979446.4195877,3.777766736844228
COM,2011,1.8426630075619,1023087475.6835464,4.143506687659766
COM,2012,6.314744503151774,1015842906.6640334,3.1684098843341957
COM,2013,-4.294873315367564,1116223107.031683,4.466247298697041
COM,2014,7.547553790967113,1149587562.0674846,2.1066576032101665
COM,2015,-0.1171738841900699,966029600.8622274,1.1473563226004728
COM,2016,0.7975174308884871,1012835493.193246,3.3204465548876954
COM,2017,-0.2373622241546134,1077439756.594511,3.8157628748954835
COM,2018,2.151550844130334,1188797449.3858447,3.6424511473368852
COM,2019,3.582135444692111,1195019531.9010963,1.760780235645683
COM,2020,0.7866419294991515,1225039196.6109135,-0.19555684191875855
COM,2021,-0.004417936823469882,1299039312.222774,2.042452383208442
COM,2022,12.53203145709987,1279542248.9628778,2.453811745502591
COM,2023,8.373739554909957,1465977684.3130717,3.186613180055403
COM,2024,5.051926095882184,1610082688.2661722,3.300714985000326
COM,2025,3.249093323064328,1814920856.2702615,3.754442848918103
CPV,1960,,,
CPV,1961,,,
CPV,1962,,,
CPV,1963,,,
CPV,1964,,,
CPV,1965,,,
CPV,1966,,,
CPV,1967,,,
CPV,1968,,,
CPV,1969,,,
CPV,1970,,,
CPV,1971,,,
CPV,1972,,,
CPV,1973,,,
CPV,1974,,,
CPV,1975,,,
CPV,1976,,,
CPV,1977,,,
CPV,1978,,,
CPV,1979,,,
CPV,1980,,142246815.34500742,
CPV,1981,,139468209.11620566,8.451562407516832
CPV,1982,,140630678.98347828,2.8250300852761683
CPV,1983,,138476175.62036282,9.520749751544514
CPV,1984,11.24999999999971,132019038.59162803,3.7832706840204935
CPV,1985,5.393258426966388,137728204.81373543,8.642086615282068
CPV,1986,10.87420042643914,190651167.55938494,2.871455422410037
CPV,1987,3.846153846154087,235253064.70981985,4.309063731910683
CPV,1988,4.074074074073844,264308140.28514937,5.9968549142943175
CPV,1989,4.555160142348842,267448571.41461146,5.697949366163172
CPV,1990,10.65350578624912,306890962.64953285,0.6921718744769834
CPV,1991,9.550907413103609,319827058.59287477,1.4041469810689904
CPV,1992,3.116664326828609,357160985.3274133,10.937646989522136
CPV,1993,5.788395904436975,490417389.68256927,8.708311565689613
CPV,1994,3.45205833010708,406580652.33053684,19.182641631814448
CPV,1995,8.351524979729271,487148993.5331087,14.21163624696338
CPV,1996,5.963619617775755,501979269.8439417,11.346524764217449
CPV,1997,8.556062581486337,490608657.9249761,11.118426058375647
CPV,1998,4.394235099834773,521910560.5248681,12.517285787988357
CPV,1999,4.356433745104526,592416703.0588781,11.222648445535114
CPV,2000,-2.47745668519835,539227277.6264108,14.284868845091879
CPV,2001,3.349964723178944,563090490.3773685,2.2316545452889756
CPV,2002,1.884534100767649,620507387.4661741,5.250891169602113
CPV,2003,1.188170386205281,813260468.8738337,4.17625932578332
CPV,2004,-1.890821723061803,924940011.8368965,10.197072633926041
CPV,2005,0.4188916128551701,972241676.9076619,6.912457957202008
CPV,2006,5.369076870655489,1107571457.9061399,7.983750447950484
CPV,2007,4.410997041934888,1649621738.636892,15.17068797355168
CPV,2008,6.774435463711429,1959620648.3157773,7.039011295651278
CPV,2009,0.991103480568085,1852334575.1752055,-1.5035867238567846
CPV,2010,2.078664709064239,1824751467.9295683,1.8364191498997826
CPV,2011,4.473883421650231,2046817987.2010858,3.9247182133828318
CPV,2012,2.540396441671086,1913081210.4141111,1.0836484837616638
CPV,2013,1.506542857014072,2028910915.1644647,0.6321367273851308
CPV,2014,-0.2387781449906236,2041930125.4297915,0.6966668401185814
CPV,2015,0.1311879990245447,1749857620.3532875,0.9360265078088332
CPV,2016,-1.407816370917059,1849789985.9957225,4.280714826623708
CPV,2017,0.7844152511013344,1996741539.9508774,4.551314810297399
CPV,2018,1.256995666905092,2205099506.9999404,3.706964583108416
CPV,2019,1.106666742960629,2252177124.324024,6.9478263405185885
CPV,2020,0.6057958083953855,1821565613.6861308,-20.80527589907352
CPV,2021,1.862152974946467,2051842618.7053905,7.033530106945136
CPV,2022,7.930929254300872,2247003344.3424206,15.843675684641951
CPV,2023,3.724375176687478,2504525537.5106874,4.794761391107301
CPV,2024,1.048170010919648,2713721857.3915305,6.9888828099107485
CPV,2025,2.343338973651629,3056630435.3246255,6.29698518253096
CRI,1960,0.7902058179600737,507513829.99485475,
CRI,1961,2.430793910091595,490325181.61427474,1.879276556364104
CRI,1962,2.677859687427883,479180824.34850603,5.442391375282568
CRI,1963,2.931618470513522,511902136.80997276,6.898923442009192
CRI,1964,3.32403316018127,542578367.2425978,3.6590483141399517
CRI,1965,-0.6650000005834015,592981162.264151,8.190527594248096
CRI,1966,0.1828828376215266,647305630.1886792,6.969319030967512
CRI,1967,1.208340311344247,699456618.8679246,5.650125920383985
CRI,1968,4.093891431068363,773841494.3396226,8.473304346994695
CRI,1969,2.629340836583317,853630203.773585,5.491799942558401
CRI,1970,4.652297493031543,984830158.490566,7.503134343350595
CRI,1971,3.083048414087069,1077147537.5247157,6.778505426421958
CRI,1972,4.601125692808582,1238251695.553881,8.178045133515127
CRI,1973,15.21403422041821,1528925846.2546704,7.708915811912448
CRI,1974,30.0736292803636,1666544754.0983608,5.54489999097116
CRI,1975,17.36920202265519,1960863465.5775964,2.100071049484953
CRI,1976,3.485833332917063,2412555425.9043174,5.5175644029559265
CRI,1977,4.190240452616699,3072427012.8354726,8.90447443155162
CRI,1978,6.007127099949018,3523208809.8016334,6.2676868244255814
CRI,1979,9.188410437009773,4035519323.2205367,4.939123954983145
CRI,1980,18.13517079607098,4831447001.166861,0.7518954033263867
CRI,1981,37.05634152395135,2623803095.785007,-2.261655507296709
CRI,1982,90.12133285041655,2606623554.565821,-7.285568846661789
CRI,1983,32.62370814878312,3146772630.772635,2.8629927023946493
CRI,1984,11.94742701188635,3660477856.2297716,8.02410790730326
CRI,1985,15.05741964457565,3919203960.3960395,0.7216017292682295
CRI,1986,11.8350618936099,4418983870.967742,5.536250843156836
CRI,1987,16.84242016303943,4532952047.156284,4.764533279695044
CRI,1988,20.83253323092025,4614629898.403483,3.432147379688516
CRI,1989,16.50980876873902,5251025767.476267,5.66597554871322
CRI,1990,19.03975266356487,5711687786.759886,3.5530633657227924
CRI,1991,28.70929137066178,7215725634.725636,2.2656549629618894
CRI,1992,21.79116879006096,8579754953.076121,9.201103582788278
CRI,1993,9.778600782937767,9564816062.903679,7.097190895948245
CRI,1994,13.53446872734272,10489903833.906507,4.51902842051615
CRI,1995,23.18649811025673,11578594332.79519,4.15395329584814
CRI,1996,17.51145248145915,11678424726.782534,1.3504595126675696
CRI,1997,13.24804407911913,12614602321.582115,5.476165974921045
CRI,1998,11.6592997742233,13684255997.511568,7.088537292184455
CRI,1999,10.04528172924942,14254866283.954075,4.1478004572030045
CRI,2000,10.9615496593622,15013629579.155716,3.8020721066483816
CRI,2001,11.25561570911717,15976174476.23681,3.4911701351572475
CRI,2002,9.167520485091188,16578820799.288534,3.416876158918953
CRI,2003,9.447580916169837,17271760397.33106,4.317180000966545
CRI,2004,12.3148150178852,18610594843.924828,4.424599786674577
CRI,2005,13.79829491089871,20040642420.691387,3.976666314334622
CRI,2006,11.47059681490522,22715540342.29829,7.326695137269496
CRI,2007,9.357244564171573,26884700687.82858,8.215132092074967
CRI,2008,13.42446355072837,30801745703.30179,4.738175112148468
CRI,2009,7.842701677006535,30745714234.495945,-0.8734560899456199
CRI,2010,5.66275708420021,37658616965.686615,5.360343477222671
CRI,2011,4.877998309707021,42762613784.98903,4.403159218361424
CRI,2012,4.495453143546053,47231655492.78121,4.882592529325748
CRI,2013,5.231336141744284,50949668762.83285,2.4947659623328917
CRI,2014,4.519200985169537,52016408816.184204,3.5421099770384927
CRI,2015,0.8019820050996231,56441920888.425,3.6520809300635904
CRI,2016,-0.01747885059082174,58847019587.62602,4.204323207751841
CRI,2017,1.625906929917316,60516044660.74958,4.157699146769332
CRI,2018,2.221114615265805,62567765946.26648,2.852859597604578
CRI,2019,2.09604635327807,64753504730.01799,2.7081391294832855
CRI,2020,0.7249114781313759,62806591554.73452,-4.141593405743578
CRI,2021,1.726477551092413,65588938787.02427,8.218179539690823
CRI,2022,8.274774902326541,71001226360.80083,5.461194552350676
CRI,2023,0.5251935086934554,87512637055.77362,4.7918773235939796
CRI,2024,-0.4128530010470691,96715644330.66122,4.082924441820481
CRI,2025,-0.073671440596217,102904921157.4781,4.560335478448295
CSS,1960,,1165303060.2868915,
CSS,1961,,1272022469.1060176,9.655092585904555
CSS,1962,,1356047349.504342,5.394518612782235
CSS,1963,,1447988752.0005505,2.1159508046960696
CSS,1964,,1546223257.527698,8.08519930302755
CSS,1965,,1658476310.9894195,7.114029454807152
CSS,1966,,1763304085.1667871,6.8758518152875325
CSS,1967,3.4210271202714235,1929997389.277253,6.692569860574849
CSS,1968,4.9554752407276474,1980508885.7106674,6.1663781481255455
CSS,1969,5.025510277281577,2152507805.36929,5.949181348715385
CSS,1970,6.718154897492843,2268330542.341617,2.1771610659026663
CSS,1971,4.126188932777176,2457968135.0937457,2.366432347904663
CSS,1972,7.355693804038603,2734457344.6904945,1.028954009399044
CSS,1973,13.190707015633876,3173389131.6513395,2.4547448645912766
CSS,1974,28.122790749320465,4201310614.828028,-2.9308893086176795
CSS,1975,16.97906046568946,4819825581.339346,-1.7143376983016907
CSS,1976,10.0695380302795,4937767512.993225,5.345013556404126
CSS,1977,9.617394010278655,5937525886.22228,6.698181929725578
CSS,1978,9.15295600140715,6776416498.508763,7.940007135549493
CSS,1979,14.72217036899923,8405785521.391398,7.463617705500681
CSS,1980,17.338889641656493,10876340879.342735,5.189255620936592
CSS,1981,13.001172069871519,11977463255.158592,0.3535377304424685
CSS,1982,7.033644574801155,13292712867.025146,0.47219666210460787
CSS,1983,4.703952437178778,13189051711.181383,-3.5641727844051445
CSS,1984,3.535822078123072,13689070378.954052,1.9367352413160148
CSS,1985,3.8275426157351804,13794627075.912342,1.0824863047541555
CSS,1986,1.760163352975241,11773697053.12009,1.3719294191211446
CSS,1987,3.6681557704244483,12334469174.329556,0.15892405427364054
CSS,1988,3.5694444444445366,12745727415.759212,1.7354844880785265
CSS,1989,5.278811591736899,12606272526.709497,3.1863742053711377
CSS,1990,4.139270353057947,13573367099.512732,-0.3428064669221129
CSS,1991,5.524532702152328,13946896742.211302,-0.07359699326163138
CSS,1992,5.30536169644503,14242986936.366991,2.0157185979736028
CSS,1993,2.2588795670218644,13815833341.509224,0.4644623089782556
CSS,1994,2.00580631724619,14793002834.876238,3.3308730759471246
CSS,1995,2.889615843721514,15732201525.369377,3.0782572795170893
CSS,1996,2.086573851691215,16941993239.808569,4.910949963564562
CSS,1997,2.436297154796736,20074931520.308044,4.614902888282472
CSS,1998,2.1952625003759,21643804665.062805,4.9139559451461
CSS,1999,2.0907288241617565,23393912390.05235,5.043169247240314
CSS,2000,2.308815608354797,25625542926.445587,4.6905109207957025
CSS,2001,2.6026240231731057,26504661126.159122,2.0850235616261585
CSS,2002,2.107334475641507,27742046925.44352,3.9726348785418253
CSS,2003,2.1951823714161596,30589389405.89681,6.085168542770617
CSS,2004,2.3543322214419558,33597817092.349773,4.648909870613565
CSS,2005,3.6046180511121015,38224293958.728096,4.393683827871953
CSS,2006,3.496314190243199,44325879983.22218,7.825936815671099
CSS,2007,3.9465295267736114,49739222993.11481,3.8406602251283886
CSS,2008,7.213852139501869,57296315261.93047,1.696059899000545
CSS,2009,0.213901348378942,47913515379.115425,-3.397758098384429
CSS,2010,3.3101847470013834,52803409572.02726,1.1833608636881365
CSS,2011,3.3277655444746497,56728212756.09891,0.9145681924012479
CSS,2012,2.504610590844816,60152214325.08408,4.114190159061778
CSS,2013,1.0832416817814936,62057809452.488625,1.5687013451124727
CSS,2014,1.1454206095820645,64139344973.10365,2.59734828019873
CSS,2015,-0.8527054970330388,62546622822.02847,-0.064034306514273
CSS,2016,0.4026216968249567,58077597799.51058,-3.087398152757956
CSS,2017,1.6992957045983954,59854333034.348785,-0.7506557455385376
CSS,2018,1.207157933670076,61251232769.86725,1.3101613668111725
CSS,2019,1.000542930272373,62185048912.33587,0.8650890177141406
CSS,2020,0.1214346446148936,53339533047.37256,-9.273268456373174
CSS,2021,2.228913307003439,62692425791.372986,7.236404670445481
CSS,2022,5.828386385179588,78475897832.95314,14.741355630550387
CSS,2023,4.104492818220167,79594075306.64774,8.805146569857584
CSS,2024,2.736207518733129,90434300483.46785,13.328165258360116
CSS,2025,1.2157753773742503,95141207521.36209,7.975055702650181
CUB,1960,,,
CUB,1961,,,
CUB,1962,,,
CUB,1963,,,
CUB,1964,,,
CUB,1965,,,
CUB,1966,,,
CUB,1967,,,
CUB,1968,,,
CUB,1969,,,
CUB,1970,,5693005200.0,
CUB,1971,,6914658400.0,8.583859011636292
CUB,1972,,8135150891.920252,4.826685843139273
CUB,1973,,9987709650.18094,3.4344885358243715
CUB,1974,,11405957317.073172,0.9844918157608618
CUB,1975,,13027415243.90244,9.476426069159345
CUB,1976,,13789579902.557858,5.427960458673198
CUB,1977,,14206158674.698795,8.709502861529302
CUB,1978,,17844705324.675323,6.595998563374934
CUB,1979,,19584443287.671234,1.0881833017315472
CUB,1980,,19912889861.11111,-4.849442950885546
CUB,1981,,20150254096.38554,19.688334333744933
CUB,1982,,20953510235.294117,8.918234964930718
CUB,1983,,22204940512.223515,5.411470723834697
CUB,1984,,24039383608.42345,7.929716515133833
CUB,1985,,22920490774.101974,1.596674598078664
CUB,1986,,24226574634.029278,0.09530338564675844
CUB,1987,,25213935012.0819,-2.4021725377980374
CUB,1988,,27458999472.295513,3.705539909055375
CUB,1989,,27023468665.89773,0.6800832331540789
CUB,1990,,28645436569.148937,-2.948564945033894
CUB,1991,,24316556025.658524,-10.692697108488431
CUB,1992,,22085858243.243244,-11.580603081269771
CUB,1993,,22367254864.864864,-14.878180694759465
CUB,1994,,28448326756.756756,0.7169303104167994
CUB,1995,,30429803651.2192,2.457201172436868
CUB,1996,,25017368700.0,7.838749658991489
CUB,1997,,25365908100.0,2.7834250417431434
CUB,1998,,25736331200.0,0.15914605232671875
CUB,1999,,28364615200.0,6.188755303522569
CUB,2000,,30565400000.0,5.914760174048595
CUB,2001,,31682400000.0,3.1850299044946127
CUB,2002,,33590500000.0,1.4248212614128164
CUB,2003,,35901200000.0,3.7927402230433387
CUB,2004,,38203000000.0,5.7705380702155935
CUB,2005,,42643836100.0,11.201656421909362
CUB,2006,,48835925925.92593,12.065863112995316
CUB,2007,,54262870370.37037,7.2621369664794315
CUB,2008,,56302129629.62962,4.116828041646812
CUB,2009,,57481481481.481476,1.4513054307407032
CUB,2010,,59562962962.96296,2.3903522965072312
CUB,2011,,68990000000.0,2.802300836476263
CUB,2012,,73141000000.0,3.014900288987718
CUB,2013,,77148000000.0,2.747602562572112
CUB,2014,,80656100000.0,1.047576631876538
CUB,2015,,87132800000.0,4.438333588839498
CUB,2016,,91370407900.0,0.5128430957007453
CUB,2017,,96850649700.0,1.809791783802737
CUB,2018,,100050036100.0,2.2479485291321737
CUB,2019,,103427600000.0,-0.16308722360662387
CUB,2020,,107352000000.0,-10.949435903020628
CUB,2021,,,1.254487356503219
CUB,2022,,,1.7746522772431632
CUB,2023,,,-1.9293712316968055
CUB,2024,,,-1.0617327322052432
CUB,2025,,,
CUW,1960,,,
CUW,1961,,,
CUW,1962,,,
CUW,1963,,,
CUW,1964,,,
CUW,1965,,,
CUW,1966,,,
CUW,1967,,,
CUW,1968,,,
CUW,1969,,,
CUW,1970,,,
CUW,1971,,,
CUW,1972,,,
CUW,1973,,,
CUW,1974,,,
CUW,1975,,,
CUW,1976,,,
CUW,1977,,,
CUW,1978,,,
CUW,1979,,,
CUW,1980,,,
CUW,1981,,,
CUW,1982,,,
CUW,1983,,,
CUW,1984,,,
CUW,1985,,,
CUW,1986,,,
CUW,1987,,,
CUW,1988,,,
CUW,1989,,,
CUW,1990,,,
CUW,1991,,,
CUW,1992,,,
CUW,1993,,,
CUW,1994,,,
CUW,1995,,,
CUW,1996,,,
CUW,1997,,,
CUW,1998,,,
CUW,1999,,,
CUW,2000,,2120511229.0502794,
CUW,2001,1.792828685258964,2143450726.2569833,-0.6957537040980526
CUW,2002,0.3913894324853243,2160784692.73743,0.39706521676363593
CUW,2003,1.633713914415706,2202117374.301676,0.28818668165175154
CUW,2004,1.379121380947995,2237160502.793296,0.2084610731093619
CUW,2005,4.117117117117076,2344637262.5698323,0.6764253452016646
CUW,2006,3.114995240979499,2457581731.8435755,1.6359346898703535
CUW,2007,2.995720399429082,2593831508.379888,2.469963228367874
CUW,2008,6.876323936777603,2833476145.2513967,2.188043080191676
CUW,2009,1.753316054275953,2869153184.357542,-0.5313082423381843
CUW,2010,2.779442613125866,2951342793.296089,0.08230660881314122
CUW,2011,2.3325315256217,2930092234.6368713,0.5084574820372296
CUW,2012,3.183987463494547,3012836256.98324,-0.3489508243024204
CUW,2013,1.332320861521174,3033568603.3519554,-0.6356969075911394
CUW,2014,1.498739696164296,3059406983.2402234,-0.6373973733271328
CUW,2015,-0.4765420498014045,3058779217.8770947,0.4581515441600459
CUW,2016,-0.04720798489402929,3024690167.5977654,-1.0677084865527746
CUW,2017,1.585588017003446,3033433240.2234635,-1.2762081008495016
CUW,2018,2.583687566418136,3046364804.4692736,-2.1041113310102872
CUW,2019,2.622207834250587,3026124134.0782123,-3.206132303481624
CUW,2020,,2534327597.765363,-18.438469612476936
CUW,2021,,2739594357.541899,4.183710186142591
CUW,2022,,3075180837.9888268,6.906000554610969
CUW,2023,,3281419329.6089387,4.201999297611309
CUW,2024,,3561178212.2905025,5.026900154756063
CUW,2025,,,
CYM,1960,,,
CYM,1961,,,
CYM,1962,,,
CYM,1963,,,
CYM,1964,,,
CYM,1965,,,
CYM,1966,,,
CYM,1967,,,
CYM,1968,,,
CYM,1969,,,
CYM,1970,,,
CYM,1971,,,
CYM,1972,,,
CYM,1973,,,
CYM,1974,,,
CYM,1975,,,
CYM,1976,,,
CYM,1977,,,
CYM,1978,,,
CYM,1979,,,
CYM,1980,,,
CYM,1981,,,
CYM,1982,,,
CYM,1983,,,
CYM,1984,,,
CYM,1985,,,
CYM,1986,,,
CYM,1987,,,
CYM,1988,,,
CYM,1989,,,
CYM,1990,,,
CYM,1991,,,
CYM,1992,,,
CYM,1993,,,
CYM,1994,,,
CYM,1995,,,
CYM,1996,,,
CYM,1997,,,
CYM,1998,,,
CYM,1999,,,
CYM,2000,,,
CYM,2001,,,
CYM,2002,,,
CYM,2003,,,
CYM,2004,,,
CYM,2005,,,
CYM,2006,,4200288241.1529646,
CYM,2007,,4466278065.112261,3.162625226527993
CYM,2008,,4585949023.796095,-0.35740120109298346
CYM,2009,,4281714566.8582673,-7.200482446647058
CYM,2010,0.2761408617501083,4156841107.3644295,-2.7156352621757662
CYM,2011,1.325435757796641,4186073104.292417,1.1690621983910603
CYM,2012,1.188948452456078,4291004524.018096,1.2297536570114858
CYM,2013,2.160611468133909,4405796023.1840925,1.2793310199902095
CYM,2014,1.273979115333875,4562853611.414446,2.654527984512711
CYM,2015,-2.347527701656152,4708167232.668931,2.833122226296098
CYM,2016,-0.6252583586181402,4909322237.288949,3.239974338956685
CYM,2017,,5166281305.12522,3.1840459233452236
CYM,2018,,5530178440.713762,4.267267452496412
CYM,2019,,5941896607.586431,3.9156353424941557
CYM,2020,,5655357984.242185,-4.954806965167265
CYM,2021,,6060813808.15072,4.86941655353661
CYM,2022,,6653516041.439286,5.6607936693813485
CYM,2023,,7308564549.2867775,5.804369611986445
CYM,2024,,7765336505.34319,3.7564119719277755
CYM,2025,,,
CYP,1960,0.827300930714018,,
CYP,1961,-0.6153846153849449,,
CYP,1962,0.1031991744063115,,
CYP,1963,1.958762886598434,,
CYP,1964,-0.3033367047525376,,
CYP,1965,0.2028397565944114,,
CYP,1966,0.5060728744988855,,
CYP,1967,0.7049345428065897,,
CYP,1968,3.766666666166969,,
CYP,1969,2.385159010130314,,
CYP,1970,2.40018825031684,,
CYP,1971,4.144006128254546,,
CYP,1972,4.832303618656541,,
CYP,1973,7.808882340522589,,
CYP,1974,16.17666666650013,,
CYP,1975,4.639485840465426,489912574.30514646,
CYP,1976,3.85438972162729,576090073.7150359,20.266292173054893
CYP,1977,7.326460481013246,734876021.1280491,16.362000951890465
CYP,1978,7.436283298946581,964024364.4327404,7.7774033529034625
CYP,1979,9.46370829519019,1288699776.0505862,9.905569375105742
CYP,1980,13.51756057725832,2154311276.9485903,5.753244699890473
CYP,1981,10.74469360839765,2087496373.7796376,2.5169984575743314
CYP,1982,6.432797266936915,2159242416.76942,6.021708986682924
CYP,1983,5.049714241008804,2160364071.1902113,5.5821816938976525
CYP,1984,5.991951110484406,2278248953.1405787,8.757894386284221
CYP,1985,5.034453663648003,2430411900.1919384,4.8825407627786035
CYP,1986,1.218369259676625,3090734463.276836,3.7039502905259525
CYP,1987,2.791666666666966,3704813885.5054812,7.065250816437185
CYP,1988,3.429266315362829,4278792597.2396483,8.646777850046504
CYP,1989,3.765480482833938,4563482603.550296,7.9474255260868745
CYP,1990,4.502054628958404,5591130217.669654,7.40399951139527
CYP,1991,5.035274388481045,5770197348.484848,0.7395014342630617
CYP,1992,6.510219530658193,6912150456.323338,9.399998306646467
CYP,1993,4.854166666666941,6590291048.292109,0.7000007650658233
CYP,1994,4.698589310549796,7425703928.571429,5.899999285231033
CYP,1995,2.615817879563358,9933137128.072445,8.362468857101106
CYP,1996,2.978924864812664,10011914680.050188,1.248541475271253
CYP,1997,3.605344443646296,9547816419.612314,2.6409306635147374
CYP,1998,2.227707326543158,10248618778.280542,6.110882949471062
CYP,1999,1.629999999999973,10497907227.615965,4.9979546948291755
CYP,2000,4.141657647020552,9985847313.854855,5.965304454942256
CYP,2001,1.973041917299169,10397898907.103825,3.952562582009378
CYP,2002,2.801155051807451,11420228846.153845,3.7229749112898105
CYP,2003,4.139065386868518,14547329558.323896,2.6232996231532866
CYP,2004,2.286217068016785,17320551250.0,5.026272266655269
CYP,2005,2.560161323302347,18433412510.88173,4.852987621755858
CYP,2006,2.304687329785527,20072754986.827248,4.713783585939595
CYP,2007,2.37265183669718,23968727073.638103,5.09822614854798
CYP,2008,4.669008419024907,27958384913.421867,3.646989221039391
CYP,2009,0.3262766522497934,26048190775.387875,-2.0150820368369438
CYP,2010,2.430040841022509,25799940416.016716,2.2826710011978832
CYP,2011,3.2894493956421,27641553201.050636,0.416711868408683
CYP,2012,2.389054100423264,25047433099.58907,-3.447381513745867
CYP,2013,-0.3993576764644253,23959708956.292618,-6.587477511183465
CYP,2014,-1.354988854463146,23225912183.499134,-1.7760586772861586
CYP,2015,-2.096997690531198,19909269064.847256,3.418920388890129
CYP,2016,-1.429166666666652,21046452117.375927,6.573590809246781
CYP,2017,0.5317664961744674,22946583375.55063,5.75083236554525
CYP,2018,1.435491195317592,25754011492.220375,6.27166360056404
CYP,2019,0.2503709967584932,26196660680.117603,5.875595833866072
CYP,2020,-0.6384227979788614,25555082266.64287,-3.220630186375672
CYP,2021,2.446088671754738,30372637513.13517,11.397559080151183
CYP,2022,8.395482979933337,31218047043.838642,8.738546848816739
CYP,2023,3.541341887516455,35075440602.520226,3.620453682360818
CYP,2024,1.800230186248239,37634551820.73671,3.9407693444778715
CYP,2025,0.1265288519201889,41225787247.330925,3.773253479827247
CZE,1960,,,
CZE,1961,,,
CZE,1962,,,
CZE,1963,,,
CZE,1964,,,
CZE,1965,,,
CZE,1966,,,
CZE,1967,,,
CZE,1968,,,
CZE,1969,,,
CZE,1970,,,
CZE,1971,,,
CZE,1972,,,
CZE,1973,,,
CZE,1974,,,
CZE,1975,,,
CZE,1976,,,
CZE,1977,,,
CZE,1978,,,
CZE,1979,,,
CZE,1980,,,
CZE,1981,,,
CZE,1982,,,
CZE,1983,,,
CZE,1984,,,
CZE,1985,,,
CZE,1986,,,
CZE,1987,,,
CZE,1988,,,
CZE,1989,,,
CZE,1990,,41016881802.48427,
CZE,1991,,30071014282.32181,-11.614942364677631
CZE,1992,11.08650007222303,35051065440.39618,-0.5065423431168483
CZE,1993,20.8130295438428,41155654032.17508,0.06190424236072545
CZE,1994,10.03942983514303,48188478339.41289,2.909309484129821
CZE,1995,8.990523614784488,60572381311.22834,6.221405988638324
CZE,1996,8.75877472878111,67804105329.85574,4.168584269153186
CZE,1997,8.596156667155643,62539765163.13023,-0.5958384142148532
CZE,1998,10.69836552748885,67187217327.73255,-0.39315019375041516
CZE,1999,2.135448444173297,65586562604.86213,1.3783606094383458
CZE,2000,3.77538829151729,62175642238.08475,4.010669619984
CZE,2001,4.662675569882577,68135304463.96412,2.917219528995602
CZE,2002,1.902980970190268,82607869609.57402,1.5134594913999564
CZE,2003,0.1187392055268148,100435924704.88142,3.300836832613001
CZE,2004,2.760107816711535,120147899983.65746,4.736339696834378
CZE,2005,1.85709789109228,137264185596.09975,6.375028860867914
CZE,2006,2.533992583436333,156236258386.58853,6.623172991774467
CZE,2007,2.853124372111702,190040702286.91663,5.488825951645168
CZE,2008,6.358663801523701,236506264753.94952,2.6122680720513927
CZE,2009,1.019377353292298,206971882704.71594,-4.798324166849255
CZE,2010,1.472727272727282,211168667286.26968,2.71466509907701
CZE,2011,1.9172191363555,231429378717.31192,1.7723808533847318
CZE,2012,3.287623066104114,210363223087.72824,-0.770668190622743
CZE,2013,1.438297872340401,213024360541.11862,-0.04181241604474906
CZE,2014,0.3439885896467939,210911285077.68277,2.245212198626348
CZE,2015,0.3093645484949753,189107698561.9188,4.95875848915604
CZE,2016,0.6835042093857026,198160659303.93896,2.580870139213758
CZE,2017,2.450533984601403,221563575696.2173,5.173565299678813
CZE,2018,2.149494949494928,251992360762.23602,2.8303058826786582
CZE,2019,2.847875959180411,256794209028.76953,3.5657765812826057
CZE,2020,3.161295284978102,251109660602.53552,-5.3048795546387595
CZE,2021,3.839844915001462,290972714482.31274,4.0290183205514865
CZE,2022,15.10016514683707,301831228325.55554,2.847170658381401
CZE,2023,10.6612601372427,345059295659.9111,0.047580330897375234
CZE,2024,2.435312024353143,347082562221.3772,1.251310962459229
CZE,2025,2.459963678388649,391026962800.4753,2.5804667329343687
DEU,1960,1.536612342952014,84619845881.26076,
DEU,1961,2.293695007008842,96558204043.10281,4.298439509758083
DEU,1962,2.843270197990616,105895435234.34286,4.623471010212498
DEU,1963,2.966959775877101,112232503744.0996,2.735296436025635
DEU,1964,2.335735811778323,123330404665.08583,6.639469896518577
DEU,1965,3.24231923668133,134774688191.16107,5.244164024326352
DEU,1966,3.533060354776892,143304275683.9795,2.8121813058722864
DEU,1967,1.796049922131749,145100667772.6901,-0.33025645271301585
DEU,1968,1.470289313277001,156527292653.157,5.668773103706542
DEU,1969,1.912678487975956,177733486326.06015,7.418102731626618
DEU,1970,3.450249363608949,216629229947.0956,5.103144576292948
DEU,1971,5.240974482730944,250900942396.69885,3.1326997697984638
DEU,1972,5.484933122143203,300899944795.4364,4.300341292476631
DEU,1973,7.032023993038981,399833571167.21545,4.777486909454694
DEU,1974,6.986431093274973,446934971657.4711,0.8900686993124935
DEU,1975,5.910336263241045,492434094920.1049,-0.8667389365290035
DEU,1976,4.246631022992093,521658712132.98114,4.949258434563973
DEU,1977,3.73416240635147,602698323085.9934,3.347218080332226
DEU,1978,2.718696961233389,743182891918.2085,3.008492888424911
DEU,1979,4.04362006473399,884574218333.1554,4.150363337865912
DEU,1980,5.441057544603465,953772499462.0186,1.4088286444194296
DEU,1981,6.344242777463254,803404797057.5509,0.5292405419691164
DEU,1982,5.241045072284223,779421633755.1383,-0.39484073563478717
DEU,1983,3.293414743028536,773507930294.9061,1.57241014192158
DEU,1984,2.405793399319599,727767760978.6268,2.822947835855345
DEU,1985,2.066233012165805,735218723093.2766,2.3279352006757392
DEU,1986,-0.1294133608547422,1050092624515.8965,2.287339258527979
DEU,1987,0.2499061087050299,1302932318824.8096,1.4021515883600983
DEU,1988,1.274118940069234,1406367016371.5334,3.707235679918824
DEU,1989,2.78056955569751,1404092925205.451,3.896551705537334
DEU,1990,2.696468242923923,1778162195860.0654,5.255006101100278
DEU,1991,4.047032597534664,1875792575132.587,5.108261501909112
DEU,1992,5.056977967317309,2141377582968.0652,2.0136134092610547
DEU,1993,4.474576507528081,2078954217437.596,-0.9730330823408906
DEU,1994,2.693056398549544,2215282632276.7266,2.5968556969327494
DEU,1995,1.706160413170763,2593053091306.128,1.5049938420135618
DEU,1996,1.449727019632387,2506576553158.305,1.0378755674358047
DEU,1997,1.939369682215742,2218790886532.822,1.8543223839830176
DEU,1998,0.9111846871962243,2247760364565.9663,2.095612311722334
DEU,1999,0.5854341921386225,2213873468586.8774,2.1295701629776573
DEU,2000,1.440268387197411,1966980701145.1023,2.876523124765896
DEU,2001,1.983857313344713,1966381496641.7346,1.6361417069095552
DEU,2002,1.42080615551526,2102350798305.886,-0.22825571579363668
DEU,2003,1.034222186285621,2534715518349.014,-0.5298013942912974
DEU,2004,1.665736966559917,2852317768061.7837,1.1620868450727784
DEU,2005,1.546911147513284,2893393187361.866,0.8854852925515644
DEU,2006,1.57742642840563,3046308753670.584,3.8666824152320913
DEU,2007,2.298344007009506,3484056680854.913,2.889117413802495
DEU,2008,2.628379816372193,3808197720124.999,0.8879023307436285
DEU,2009,0.3127390073684469,3478545516683.5913,-5.544554519206741
DEU,2010,1.103810377892605,3467093769666.6733,4.134637785227582
DEU,2011,2.075172837358741,3823575803793.7817,3.7579688448933695
DEU,2012,2.008488847829562,3596483233406.251,0.46351203670920427
DEU,2013,1.504723302518763,3807023797050.991,0.39699558377914457
DEU,2014,0.9067940004342459,3964870735760.7705,2.1801860216801714
DEU,2015,0.5144261371254562,3425099578746.092,1.663006023347748
DEU,2016,0.4917470084451745,3536787895178.997,2.2222221625937095
DEU,2017,1.509494851096283,3765351626105.8887,2.7979067205509978
DEU,2018,1.732168797669418,4055433215301.958,1.1356960459984862
DEU,2019,1.445659768882534,3959894794039.2095,0.9777346970387839
DEU,2020,0.1448779258139819,3941398957073.941,-4.131914432399469
DEU,2021,3.06666666666673,4355251953410.7827,3.9099999420410825
DEU,2022,6.872574385510968,4201021706478.6157,1.8092581243060977
DEU,2023,5.946436677258235,4562207532490.276,-0.8696475785733213
DEU,2024,2.256498143387602,4685592577804.687,-0.4958518972603656
DEU,2025,2.171787709497213,5050922925047.052,0.23957834211788054
DJI,1960,,,
DJI,1961,,,
DJI,1962,,,
DJI,1963,,,
DJI,1964,,,
DJI,1965,,,
DJI,1966,,,
DJI,1967,,,
DJI,1968,,,
DJI,1969,,,
DJI,1970,,,
DJI,1971,,,
DJI,1972,,,
DJI,1973,,,
DJI,1974,,,
DJI,1975,,,
DJI,1976,,,
DJI,1977,,,
DJI,1978,,,
DJI,1979,,,
DJI,1980,12.0580235721856,,
DJI,1981,5.71736785374117,,
DJI,1982,-2.41071428572344,,
DJI,1983,0.901842896356864,,
DJI,1984,1.88471502578427,,
DJI,1985,2.12890298848072,340989527.96799475,
DJI,1986,18.147633450986,,
DJI,1987,4.08911644641214,373371738.2864152,
DJI,1988,,395794538.6307752,
DJI,1989,,409220087.1028184,
DJI,1990,,452328087.28287596,
DJI,1991,,462421998.5257792,
DJI,1992,,478058304.8711182,
DJI,1993,,466048469.2298603,
DJI,1994,,491689220.7448754,
DJI,1995,,497723960.58991337,
DJI,1996,,494004647.7343702,
DJI,1997,,502675542.0012266,
DJI,1998,,514267869.30075794,
DJI,1999,,536080148.09729856,
DJI,2000,,551230861.8565054,
DJI,2001,1.74665224985434,572417440.8201619,
DJI,2002,0.63761955366632,591122039.6013976,
DJI,2003,1.98196734627545,622044665.5150489,
DJI,2004,3.12226204699352,666072101.7775052,
DJI,2005,3.10496640148299,708633194.7265658,
DJI,2006,3.48340699677866,768873684.032838,
DJI,2007,4.96597654553301,847918929.1079838,
DJI,2008,11.9586206896552,999105339.2677286,
DJI,2009,1.67549587285963,1049110684.724934,
DJI,2010,3.95007875923886,1128611700.361803,
DJI,2011,5.0687139477798,1239144501.7752545,
DJI,2012,3.73120950756887,1353632941.520698,
DJI,2013,2.70603242872186,2044440443.1665363,
DJI,2014,1.34186494340162,2220637966.250471,7.1929872846369705
DJI,2015,-0.522166521445793,2424391785.4389744,7.308985634507991
DJI,2016,2.4025290543489,2604955228.701166,7.123432337287198
DJI,2017,0.577285724560661,2762581334.2261186,5.458091517211997
DJI,2018,0.138836400011405,2913464658.0876765,4.774339349431926
DJI,2019,3.31763203299603,3088851450.3069415,5.545080811549781
DJI,2020,1.77900535643955,3144136196.6227965,1.202115172896896
DJI,2021,1.18086783934059,3392796953.0893927,4.407156675611532
DJI,2022,5.17222088647606,3562814908.7614856,5.166537028543743
DJI,2023,1.44905087029086,3898447007.3879843,6.807335294033081
DJI,2024,2.1120116728497,4152145939.9845824,6.980484672763339
DJI,2025,-0.313731799533481,4624533092.318859,6.495461052426805
DMA,1960,,,
DMA,1961,,,
DMA,1962,,,
DMA,1963,,,
DMA,1964,,,
DMA,1965,,,
DMA,1966,,,
DMA,1967,0.9524565442554291,,
DMA,1968,5.369919018579671,,
DMA,1969,4.215788688508226,,
DMA,1970,12.39349896189139,,
DMA,1971,3.637406038871839,,
DMA,1972,3.687995574547476,,
DMA,1973,12.09911672308509,,
DMA,1974,34.3760742523203,,
DMA,1975,19.9027884369402,,
DMA,1976,10.90249626626862,,
DMA,1977,9.503655252019943,45872947.4074074,
DMA,1978,7.712579058327268,57130215.55555555,10.535745730352403
DMA,1979,,55017758.88888889,-18.359285406259275
DMA,1980,,72804653.33333333,13.3831821469051
DMA,1981,13.2666874934914,82107391.1111111,10.829331110483992
DMA,1982,4.394594097637376,89527576.66666666,4.127683528030218
DMA,1983,4.147952443857321,98665191.48148146,2.5563179015064605
DMA,1984,2.2179942499574,109157070.74074073,4.1966468690999505
DMA,1985,3.739979980642397,119491932.96296296,1.4209331622796242
DMA,1986,2.77423367675706,135161958.5185185,7.073356600547569
DMA,1987,4.024580433416348,151868754.44444445,6.307561022612234
DMA,1988,2.924591631237414,171106184.07407406,7.816623017163323
DMA,1989,6.218521497778593,185137242.96296296,-0.19113640305617707
DMA,1990,3.19092323226821,201429629.6296296,5.417983511468876
DMA,1991,5.557061534291321,219762962.96296296,1.3477691598668997
DMA,1992,5.471825593441778,234059259.25925925,2.029413381802982
DMA,1993,1.56902604224498,245525925.9259259,2.1614213892181766
DMA,1994,0.01513673517442273,264374074.07407406,0.03447752687296202
DMA,1995,1.317537457749697,274522222.2222222,3.030865862712801
DMA,1996,1.677164504859133,292285185.1851852,3.104195724707708
DMA,1997,2.436297154796736,302988888.8888889,2.185627424044384
DMA,1998,0.9991474579107484,322411111.1111111,3.774230438539149
DMA,1999,1.179477873941749,331759259.2592592,0.35407765920525947
DMA,2000,0.8569468053584828,333470370.3703703,2.340219377768804
DMA,2001,1.3038940346596,377462962.9629629,-0.06384344288815669
DMA,2002,0.1700553301976812,375200000.0,-3.0874205235926837
DMA,2003,1.453368004372508,373318518.5185185,5.804954686295332
DMA,2004,2.394109820502985,396711111.11111104,4.097836622739166
DMA,2005,1.681900798775527,391455555.5555556,0.9152864727791439
DMA,2006,2.202391326316698,416674074.07407403,4.400774798120594
DMA,2007,3.632221293178206,444685185.18518513,5.357937557587803
DMA,2008,6.35992183336295,480003703.7037037,7.121312177622315
DMA,2009,0.00626357107066859,515618518.5185185,-1.13575145648322
DMA,2010,2.999366305490001,519859259.2592592,-0.1056108576949839
DMA,2011,1.1312313652648,532081481.48148143,0.042738887889143484
DMA,2012,1.356771478088595,520355555.5555555,-0.1573917931422102
DMA,2013,-0.04641164688059916,545325925.9259259,0.004503997297604201
DMA,2014,0.7992503726874923,572255555.5555555,2.3352174206769263
DMA,2015,-0.84382698463833,583177777.7777778,-3.3733826247689507
DMA,2016,0.1418162257323122,612711111.111111,1.4472455648926257
DMA,2017,0.2962528892794868,563355555.5555555,-7.544363754728195
DMA,2018,0.9891911191898897,628244444.4444444,2.964010610466005
DMA,2019,1.504623538581412,644259259.2592592,3.94809757938053
DMA,2020,1.220264422424764,528944444.4444444,-15.706402454586183
DMA,2021,2.228913307003439,562911111.111111,5.379838389547118
DMA,2022,2.884902268293532,623062962.9629629,10.39680766161213
DMA,2023,5.086774831581119,659311111.111111,3.6522101220873395
DMA,2024,2.736207518733129,688881481.4814814,2.052738472526002
DMA,2025,2.533851261071351,723859259.2592592,3.0524376308753887
DNK,1960,1.255230125529246,6361166544.503492,
DNK,1961,3.451628585578257,7058361229.354155,6.378832414695324
DNK,1962,7.377819548184606,7953274741.293034,5.6668220875582875
DNK,1963,6.105032823029324,8466044979.879962,0.6370212211299844
DNK,1964,3.092783505154483,9677401337.173094,9.269938210281595
DNK,1965,5.449999999250506,10870670865.321096,4.555254859087896
DNK,1966,7.064959696588149,11931740293.037807,2.7409100704504112
DNK,1967,8.20785355844023,13059064805.87742,5.8862312412193205
DNK,1968,8.005207103664587,13505574133.333334,5.852997376497143
DNK,1969,3.487919243951934,15414902666.666666,6.799120473922926
DNK,1970,6.514841416529879,17075457733.333334,1.8560017275803773
DNK,1971,5.869869590718955,19086192720.46645,3.177821681960708
DNK,1972,6.562360902565427,23230667549.249565,3.7975981684557922
DNK,1973,9.303382979736673,30718181337.300602,4.719492911320458
DNK,1974,15.27520622183951,34125712480.926678,-0.9642673843298013
DNK,1975,9.605612075386707,40418967665.58769,-1.4098995329177768
DNK,1976,9.010290835622245,44503607444.16873,5.993401951532746
DNK,1977,10.92223781003294,49711709588.21962,1.9854302547424538
DNK,1978,10.21365457104049,60320089217.71298,2.416993542821814
DNK,1979,9.611050379071186,70393030602.54704,4.053299791263342
DNK,1980,12.30532407601826,70811287815.61064,-0.751430002361559
DNK,1981,11.76738743441813,61459941460.538506,-0.7409863890128747
DNK,1982,10.12082567798228,60084214872.065674,3.8921124564359104
DNK,1983,6.908228811588443,60331158447.23893,2.6548039440185534
DNK,1984,6.290779360237691,58868891334.99411,4.339345051329218
DNK,1985,4.678751451832543,62452421010.90937,4.1530838329448585
DNK,1986,3.678184118634523,87748695216.90768,4.733406119337943
DNK,1987,4.019993456831612,109183446340.0728,0.4629558299605634
DNK,1988,4.535133010157266,115540189705.11774,0.2729511189762235
DNK,1989,4.772723424355189,112312200760.5811,0.6971732103704369
DNK,1990,2.641603063820013,138217740684.48438,1.6602677416917686
DNK,1991,2.395153317244164,139180507777.69092,1.4581800530618807
DNK,1992,2.096044429332137,152966494259.53845,2.022811241574601
DNK,1993,1.257856679532604,143111306004.10248,-0.078900412805325
DNK,1994,1.99201463809517,156017919221.4571,5.29469615156448
DNK,1995,2.083608423828546,184848481008.13937,3.038021504611649
DNK,1996,2.126298022755773,187481157845.72403,2.8957506923045884
DNK,1997,2.182166779071203,173241365735.4834,3.1684814378447896
DNK,1998,1.845651220078834,176877077513.13275,2.3263027453896115
DNK,1999,2.49779544404529,177887720535.5351,2.9673053625702863
DNK,2000,2.903282032364614,164043817223.58997,3.72400899471576
DNK,2001,2.337870002552627,164881594415.34097,0.95003224600012
DNK,2002,2.424436612196945,178788209558.31128,0.45653001877998634
DNK,2003,2.075078206465062,218421193436.2524,0.4410910066251006
DNK,2004,1.154356931249341,251986155630.85242,2.776351807440534
DNK,2005,1.817814582912544,265150087711.98453,2.3596088299252784
DNK,2006,1.92422138464584,283386151543.6874,3.816487699081719
DNK,2007,1.693265862203241,320213157595.0181,0.9871738159451269
DNK,2008,3.416267942583741,354979471960.142,-0.41717843999100523
DNK,2009,1.304709910243358,322619152194.5942,-4.974479056690583
DNK,2010,2.310924369747864,322345594075.47015,1.5828970310880237
DNK,2011,2.7586822605125,344315595263.17456,1.3108037609605958
DNK,2012,2.397914856646402,326792574244.9627,-0.005432301616707491
DNK,2013,0.7890717800780622,344631016965.12024,1.3926734316197127
DNK,2014,0.5640205404495403,352832602064.45154,1.2779998319283123
DNK,2015,0.4520341536915749,301758922337.6373,2.104414564453009
DNK,2016,0.2500000000000313,312181849372.233,3.0730454920909267
DNK,2017,1.147132169576017,331610593961.98785,3.0564772392271777
DNK,2018,0.8136094674556311,355293374912.39276,1.8600074900921015
DNK,2019,0.7581315725116201,345401473012.6152,1.711400939327362
DNK,2020,0.4207119741100246,355631021931.62103,-1.7801060183129067
DNK,2021,1.853045439896895,406110162088.054,6.500254457562946
DNK,2022,7.696566998892597,400114306337.0766,0.4438326149083309
DNK,2023,3.305178112376057,404651706117.5568,0.6045877661755839
DNK,2024,1.372200497689259,424524722037.047,3.4778359314031206
DNK,2025,1.89367372703044,462526660468.3925,2.9284328001423603
DOM,1960,-3.562191799760546,672399700.0,
DOM,1961,-3.900000000999883,654100200.0,-2.3132487499521517
DOM,1962,9.157127991770665,824100000.0,17.047240933299832
DOM,1963,8.57959961876623,940799900.0,6.502902633973903
DOM,1964,2.107111501335447,1025599899.9999999,6.764865116407194
DOM,1965,-1.891659501306102,888100000.0,-12.481833916157782
DOM,1966,0.2629272567945394,983900000.0,13.463344832587069
DOM,1967,1.238344988719871,1034800000.0,3.327542287233129
DOM,1968,0.03597639933823125,1079100000.0,0.23886048469603338
DOM,1969,0.9566280661791255,1230500000.0,10.891445830779233
DOM,1970,3.816666666417091,1485500000.0,18.226682879650212
DOM,1971,3.580028896781311,1666500000.0,10.871466068182542
DOM,1972,8.64073155607574,1987400000.0,10.394164076760461
DOM,1973,15.07953491691388,2344800000.0,12.895763725101816
DOM,1974,13.14076737148537,2925700000.0,6.001902903330006
DOM,1975,14.50172574376158,3599200000.0,5.193253357160543
DOM,1976,7.765550239256774,3951500000.0,6.728122641971538
DOM,1977,12.85352750542866,4587100000.0,4.981783950875268
DOM,1978,3.477850342121781,4734400000.0,2.140684676527684
DOM,1979,9.173805133514458,5498800000.0,4.531399216791883
DOM,1980,16.75313568971018,6761300000.0,7.968738507442026
DOM,1981,7.514638906961573,7561300000.0,4.279867479526729
DOM,1982,7.646243066061479,8267400000.0,1.6987086309784445
DOM,1983,5.628623294489878,9220600000.0,4.6279463484542305
DOM,1984,20.15167810535363,11594000000.0,1.2528959745246766
DOM,1985,45.33617555321781,5044579979.232849,-2.122534976237077
DOM,1986,7.638972665799299,6122128557.572428,3.5219931990149576
DOM,1987,13.55072378278224,5827050753.259373,10.11736736174771
DOM,1988,43.86383235150527,5374299981.496984,2.155963331078482
DOM,1989,40.65791611750049,6686593059.936909,4.400538814910888
DOM,1990,50.46247923785241,7073675544.790213,-5.454312395112538
DOM,1991,47.07915741053597,9824483339.945175,0.9441388890565321
DOM,1992,4.259026388933923,11605382504.0,11.23746413007521
DOM,1993,5.250338806909707,13081042400.0,7.366695269756022
DOM,1994,8.26076798575834,14644734599.477839,2.59378305986246
DOM,1995,12.53595945589626,16637370839.160841,5.699988591737153
DOM,1996,5.39929385038922,18241622547.590794,5.9611931938087395
DOM,1997,8.296567547920457,20017450041.30753,8.899552300357968
DOM,1998,4.831665585918953,21672215546.764217,6.705855707789922
DOM,1999,6.470541868469282,22136579396.921772,5.956510249995432
DOM,2000,7.724135661816155,24305780628.6677,4.651725502991283
DOM,2001,8.883068488129606,25601823687.57415,2.46937023763239
DOM,2002,5.223367697594469,27137440786.256207,4.486503670456514
DOM,2003,27.44971273943949,21403167848.144363,-1.349357447827657
DOM,2004,51.46085983380652,22322387382.494026,2.585566674495766
DOM,2005,4.190202604720564,35777560683.93658,9.431789319772847
DOM,2006,7.572805238530736,37879830084.26267,9.171206509552988
DOM,2007,6.143566552480474,43965458508.50559,7.41840577774235
DOM,2008,10.64462109537119,48091433554.18596,3.2680867128821234
DOM,2009,1.442151318343533,48223781476.89086,1.0034529301871942
DOM,2010,6.329932201461462,53801053352.5005,8.401145412095957
DOM,2011,5.796768092065332,57948261615.957016,3.1919622747552268
DOM,2012,3.694497078847768,60561635555.63829,2.7756710084881604
DOM,2013,4.830950967408,62555417414.58201,4.934733007098814
DOM,2014,2.998642261252189,67014329099.55489,7.11122629673892
DOM,2015,0.8367463467245569,70966782572.4386,6.987711312363871
DOM,2016,1.614166072452228,75552902635.70749,6.719740786812949
DOM,2017,3.279556946785462,79070274743.16579,3.9338617640157594
DOM,2018,3.564434260135075,84994732049.34607,7.09751640210159
DOM,2019,1.810603770429594,89146130744.72299,4.894030114958397
DOM,2020,3.781031799155165,78546672406.82909,-7.929052342310612
DOM,2021,8.243003479818094,94850719516.71269,14.012428906220691
DOM,2022,8.81109209279587,113478103598.49892,5.237956529025951
DOM,2023,4.785612810211353,120456239153.73875,2.1922984823793854
DOM,2024,3.302233389512271,124282245638.56845,4.953522044928491
DOM,2025,3.873117680481297,127407463759.04315,2.117391135346324
DZA,1960,,2723615451.3009768,
DZA,1961,,2434747055.940175,-13.605441324599283
DZA,1962,,2001444543.9188507,-19.68504182565661
DZA,1963,,2702982017.6380277,34.31372878032809
DZA,1964,,2909316435.287398,5.839413007728567
DZA,1965,,3136284306.8546867,6.206898211070765
DZA,1966,,3039859187.4516416,-4.80497094328264
DZA,1967,,3370870376.296824,9.452962562801545
DZA,1968,,3852147026.773019,10.796238571102151
DZA,1969,,4257253264.088344,8.433280282493598
DZA,1970,6.599999999000172,4863526896.574075,8.862657110076583
DZA,1971,2.626641651056348,5077183093.889678,-11.33171916828779
DZA,1972,3.656307129832355,6766743956.8888855,27.423969480424987
DZA,1973,6.172839506227152,8707858912.12481,3.81317629611722
DZA,1974,4.69961240341694,13209871625.904444,7.494917704529897
DZA,1975,8.23031665265143,15557902754.033009,5.04534161267209
DZA,1976,9.430735401745572,17728240932.315838,8.38675648442262
DZA,1977,11.98928332210503,20972113684.955814,5.25858598646316
DZA,1978,17.52392344550327,26364491313.447136,9.214835700680752
DZA,1979,11.34860050860913,33243706859.659607,7.477826551442021
DZA,1980,9.517824497549634,42345829079.206245,0.7906069718526538
DZA,1981,14.65484263606344,44348590460.92876,2.9999960884174612
DZA,1982,6.54250963007673,45207167470.34967,6.400004114838964
DZA,1983,5.967163930327202,48801369800.36752,5.4000030245179715
DZA,1984,8.116397955171005,53698548293.07447,5.599996529381258
DZA,1985,10.48228704444671,57937868670.193726,3.699997254886725
DZA,1986,12.37160916512988,63692007897.383354,0.4000010027996268
DZA,1987,7.441260912872471,66745818375.492966,-0.6999975262234699
DZA,1988,5.911544963734887,59089396860.43423,-1.0000054906585092
DZA,1989,9.304361258431657,55634721572.734276,4.400002160599087
DZA,1990,16.65253438854325,62048507531.33572,0.8000005801749808
DZA,1991,25.886386934851352,45715676428.276596,-1.2000005864423002
DZA,1992,31.6696619117149,48003133346.995735,1.8000023025350913
DZA,1993,20.54032612358267,49945584452.65057,-2.100000756972591
DZA,1994,29.04765611730715,42543176828.923744,-0.8999965529708334
DZA,1995,29.77962648649989,41764291671.77111,3.7999947906381664
DZA,1996,18.67907586017494,46941554225.35815,4.0999984716796405
DZA,1997,5.733522753571867,48177612042.15065,1.0999999368424938
DZA,1998,4.950161637931142,48187781984.48805,5.10000361107312
DZA,1999,2.645511133927986,48640671734.971115,3.200001553195463
DZA,2000,0.3391631890717681,54790398570.328224,3.8000000015847633
DZA,2001,4.225988348546735,59413400923.63635,2.999999998630429
DZA,2002,1.418301923450509,61516103406.16878,5.400000000000006
DZA,2003,4.268953958395005,73482264190.92455,6.500000000620432
DZA,2004,3.961800302571874,91913680985.17082,4.499999999766985
DZA,2005,1.382446566621185,107046618669.707,5.399999999695254
DZA,2006,2.311499185144237,123084258693.00974,2.8999999990585223
DZA,2007,3.678995747416992,142482739809.84927,3.1000000012867446
DZA,2008,4.858590628149388,180383848331.13458,2.4999999992937063
DZA,2009,5.737060361456279,150317292079.35913,1.1999999996951942
DZA,2010,3.91106195534028,177785053939.53052,4.80000000093564
DZA,2011,4.5242115050527,218331946925.30356,2.9999999994190887
DZA,2012,8.891450910623172,227143746075.93402,2.4000000003443205
DZA,2013,3.254239109988475,229701430292.1566,2.6000000006116437
DZA,2014,2.91692692067458,238942664192.59,4.099999998665012
DZA,2015,4.784447006938895,187493855609.34464,3.2000000008902276
DZA,2016,6.397694802687569,180763839522.15082,3.900000000176206
DZA,2017,5.591115909616639,189880896903.0733,1.4999999989558717
DZA,2018,4.269990204670837,194554483655.52774,1.4000000008828124
DZA,2019,1.951768210528918,193459662090.67682,0.8999999992191476
DZA,2020,2.415130940834139,164873415325.20148,-4.999999999085972
DZA,2021,7.226063074154774,186231205262.08237,3.7999999990070705
DZA,2022,9.26551551551553,225581644702.5678,3.6000000009491515
DZA,2023,9.322173759283224,247923887214.6555,4.100000000059637
DZA,2024,4.046114553134342,269322281664.77313,3.699999999079793
DZA,2025,1.418351514290161,287031225987.7357,3.8155437192310018
EAP,1960,,80886065110.48518,
EAP,1961,,71247395333.07304,-13.434404575113462
EAP,1962,,64989160572.54481,-0.6718825732662737
EAP,1963,,70288432260.5342,6.462890222426964
EAP,1964,,81184317665.92291,10.831423334179462
EAP,1965,,94594887799.95482,10.82322278443155
EAP,1966,,103483052014.0923,8.021038415607265
EAP,1967,,100474855679.91563,-1.4521452566120274
EAP,1968,,101580829248.91377,1.7328429781356505
EAP,1969,,114217981695.75787,11.420868279876188
EAP,1970,,127182556289.61092,13.481923045656316
EAP,1971,,136580265754.98735,6.775984008543176
EAP,1972,,155518448869.27637,4.895707849064394
EAP,1973,,195616567916.78366,8.26290588161362
EAP,1974,,221665588687.63162,3.9205442184896384
EAP,1975,,248772601176.03595,6.722117085757802
EAP,1976,,252942981187.1568,2.7561905054730005
EAP,1977,7.601266877690265,291532735013.15137,7.471212696003377
EAP,1978,6.263048016701553,282919061354.6819,9.188393337058613
EAP,1979,7.806758249521133,327589016955.7025,7.018750532463258
EAP,1980,14.4928744064522,377947161288.53375,7.4702543672309645
EAP,1981,12.66299307102154,403551450432.94824,5.574891901621726
EAP,1982,7.031556893894879,423850572150.8192,6.425893805612915
EAP,1983,6.704183998014191,443839881509.8448,7.70481841765573
EAP,1984,5.516400108430397,480915094642.18854,9.999176444359563
EAP,1985,4.724535185433977,526600751089.37134,7.927627994695243
EAP,1986,5.453752181500841,525182739596.1051,7.149504923562276
EAP,1987,5.174881273238606,519033465046.4991,9.192118085426742
EAP,1988,9.342126885472053,576126858481.9276,9.775267339173396
EAP,1989,6.462561711464445,622836056673.5944,5.686945001358239
EAP,1990,8.191371320409695,667410241508.2776,5.142383082654959
EAP,1991,6.965681277607528,724654932688.9657,8.103378835172819
EAP,1992,7.523510062426775,812994672964.4619,11.249763473546963
EAP,1993,5.73690583357397,892446273872.149,11.312416938785375
EAP,1994,7.658239539046866,1074481772219.0319,10.955443115261644
EAP,1995,5.818181818181923,1325739943459.3909,9.925246437556595
EAP,1996,7.31348259330353,1523108085149.3984,9.104267141697747
EAP,1997,5.608028433898534,1576765689262.9595,7.402970976043704
EAP,1998,8.61483153647289,1441284604893.3796,3.0054559061135393
EAP,1999,4.290728517238133,1587766769234.2534,6.4542453175057375
EAP,2000,2.158518106194191,1748618348962.3247,7.719480739102352
EAP,2001,4.272670244651052,1862932027333.9946,6.988648714041901
EAP,2002,2.722772277227651,2063860728512.7964,8.149562551498704
EAP,2003,3.7036979752847983,2337899791169.9927,9.020654305568485
EAP,2004,4.42677525782239,2712364424547.475,9.15582609885088
EAP,2005,5.528611564464846,3140095880510.482,10.045799751371646
EAP,2006,4.866320488374603,3783277937264.2373,11.070698871560381
EAP,2007,4.816767673788345,4787055911779.709,12.452241709646202
EAP,2008,10.22666632724826,6062020651659.773,8.64761844843865
EAP,2009,4.21903052064628,6581355241401.189,8.018683311199752
EAP,2010,3.689012296707605,8008612939930.0625,9.894140875481327
EAP,2011,5.295732202955081,9774260422789.826,8.585334517437943
EAP,2012,3.026963911247963,10905339110889.027,7.580438702459588
EAP,2013,2.91354193603992,12047618706549.45,7.31723526739178
EAP,2014,3.142990508790954,13004796624150.477,7.0222319266325
EAP,2015,1.22393195511119,13549001701885.334,6.663728179236813
EAP,2016,1.917310902333777,13844229287201.035,6.508528745087787
EAP,2017,2.912635573714778,15115746338831.385,6.666665346480187
EAP,2018,3.198347559249961,16902232225491.5,6.538004470511424
EAP,2019,1.94257500833107,17503400404142.225,5.8848922832829516
EAP,2020,2.406292143870113,17805087162972.766,1.343408566104884
EAP,2021,2.6989185952919765,21231427856677.914,7.720230404715295
EAP,2022,5.669643698954462,21564016559632.375,3.5491773479449478
EAP,2023,5.885858970421641,21645526054900.383,5.260141613629727
EAP,2024,2.181512736151888,22248728139844.273,4.954074778922532
EAP,2025,2.06264825470915,23247334500847.363,4.9444935536328956
EAR,1960,,144719795637.65338,
EAR,1961,,157590921642.3776,4.744035203726966
EAR,1962,,159434094510.7669,4.173113136377694
EAR,1963,,175991850384.8838,5.27497778885953
EAR,1964,,201819937881.14734,8.451812044158459
EAR,1965,,218948881610.4166,6.084432275345804
EAR,1966,4.479810697231089,216874988054.33878,4.242149303900987
EAR,1967,1.977741546826663,228979570158.73926,5.571123968919196
EAR,1968,2.079221858136201,249632006937.28024,7.230836663031525
EAR,1969,2.975139247396499,278942194997.8763,6.558039224617502
EAR,1970,3.812664907667902,296897448737.1229,8.408613934366073
EAR,1971,4.195298372654225,319662223179.5618,5.327659086820063
EAR,1972,6.074999999515112,352703902764.19507,6.649461979018582
EAR,1973,12.08193946129382,451322676037.20905,7.049613691322037
EAR,1974,19.070473300647496,632667371728.0212,6.789514113474567
EAR,1975,12.87918183383407,677316256674.1593,2.894980759609595
EAR,1976,10.12208407342246,739989937616.3619,7.011309907292656
EAR,1977,12.15693150410246,827420497969.4501,4.0259013946597975
EAR,1978,9.314183695608243,944714897497.551,2.170152146825828
EAR,1979,11.542415572698815,1111822380172.6294,4.055350280992002
EAR,1980,14.68450277637684,1382486344412.1272,3.2112902072620955
EAR,1981,12.41326137239799,1531893514764.8032,3.631456593258278
EAR,1982,10.22172713768915,1460522040539.0935,0.5231160434062048
EAR,1983,10.24366335265448,1473986399727.7874,0.3174881437860648
EAR,1984,8.497371412819794,1494693999686.4497,2.12933675513068
EAR,1985,9.353330812741506,1490465946638.0708,1.035397334581802
EAR,1986,10.437957993520685,1498012882153.2268,1.53582597392095
EAR,1987,9.753003101709975,1521885356881.6218,2.924158344780551
EAR,1988,8.983003382089894,1606542317977.0354,3.240633845106686
EAR,1989,9.075624085378589,1634222837827.41,1.974586628338514
EAR,1990,11.906054601038239,1915395300809.7468,5.0873745457336526
EAR,1991,15.05013077593698,2032060802129.3293,4.405706204540152
EAR,1992,10.52744401195922,2207917972523.964,4.123897357236729
EAR,1993,9.973664760292092,2381903872502.735,3.517177045597151
EAR,1994,9.593249639602945,2502051602237.1973,3.34856414255907
EAR,1995,10.02217335532388,2616760247005.8,2.52725795628659
EAR,1996,8.519951959253358,2836276821587.565,5.702527207179003
EAR,1997,7.018285998699132,3029896330909.8315,4.969555334634151
EAR,1998,6.420732429713006,2921202598159.092,2.3961859519669133
EAR,1999,5.023443450946129,3090767584477.847,2.2257369867975996
EAR,2000,3.899529802847124,3378193447814.034,4.3651034327221225
EAR,2001,3.7508205747202,3351551499259.022,1.2136672975418605
EAR,2002,4.240266606886452,3255788416655.7505,1.7546532246030608
EAR,2003,5.452932243272027,3622383752487.1396,4.949505917395385
EAR,2004,4.435261084107817,4209610787468.928,6.365865481407852
EAR,2005,4.821700507128501,4897661936723.593,5.97001818863059
EAR,2006,5.68713772607963,5600150744578.697,6.142649643159075
EAR,2007,6.177812148093879,6630769690203.108,5.770388840686962
EAR,2008,10.44698751282228,7464456008410.045,3.490414267000915
EAR,2009,4.373767654559391,7181684474649.467,0.6558518935569424
EAR,2010,4.397413831500702,8728192674219.642,6.38059450478228
EAR,2011,5.811492233002866,9842609213387.355,4.95819877551402
EAR,2012,5.018272542374313,10284904242406.977,4.233288266623163
EAR,2013,4.827787055051686,10342396461018.307,4.038482975901331
EAR,2014,4.073929574762249,10547017467024.271,3.994226902849988
EAR,2015,3.129002744739254,10141599371579.168,4.252657639042809
EAR,2016,3.523173176284731,10435095271533.451,4.147106143191849
EAR,2017,3.328173374613047,11321429912094.87,4.49000658496557
EAR,2018,3.975610157406939,11470147555427.096,3.6128097892172946
EAR,2019,2.76252019386111,11681340567084.059,2.2726362129411086
EAR,2020,2.963549920760649,10818113835119.787,-4.28342682037605
EAR,2021,4.12676744440695,12689608907979.969,7.5068956170877925
EAR,2022,7.198616156098668,13943279396110.627,6.024291794624958
EAR,2023,5.885858970421641,14791485754640.008,4.123360173265311
EAR,2024,3.289559859527682,15648921855175.646,3.861558733479953
EAR,2025,3.205504741126034,16406032169247.377,4.372163999871901
EAS,1960,,158296420585.79422,
EAS,1961,,159741997377.8774,3.8410097417471434
EAS,1962,,163635039643.0988,5.462191780243984
EAS,1963,,182666162813.4646,7.771570624010707
EAS,1964,,209760290864.32834,10.413267647561497
EAS,1965,,233479553214.30786,6.97184563410373
EAS,1966,,261332128783.0266,8.625752920904063
EAS,1967,,284213294173.73553,7.362055779606223
EAS,1968,,314219806361.1962,9.341789469268491
EAS,1969,,362399835992.4363,11.49068295266514
EAS,1970,,417484579719.91876,3.882340885525238
EAS,1971,,464027727165.34784,5.280493243955675
EAS,1972,,577335031209.6046,7.170825136633212
EAS,1973,,761298870250.0868,7.671522971037035
EAS,1974,,878021252636.7295,1.00467184221354
EAS,1975,,960826963671.6018,3.548510161561609
EAS,1976,,1057205127539.7853,4.181088814831483
EAS,1977,,1260370808740.1624,5.198625025464935
EAS,1978,,1594313779407.053,5.798681525998077
EAS,1979,,1730669890496.9243,5.929093855192377
EAS,1980,,1871494770533.7566,3.7431830187908446
EAS,1981,,2061492105750.744,4.605269303248988
EAS,1982,,2018221649482.944,4.1711973166284935
EAS,1983,,2149034903267.7773,4.368672491399323
EAS,1984,,2298766188393.2485,6.211306328992322
EAS,1985,,2424870445070.7026,5.747661177164304
EAS,1986,,3174176127549.034,4.9424625500736
EAS,1987,4.685987787924996,3729058262723.4097,6.320744830709273
EAS,1988,7.887323943661795,4483574799155.786,7.68125239019686
EAS,1989,6.415540799163637,4666580282373.619,5.11166716548523
EAS,1990,7.819197565056347,4870448081100.067,5.107887698448607
EAS,1991,6.497345559845472,5504103130127.461,4.834244815457183
EAS,1992,6.21328146355184,6016741720049.818,4.225720332173694
EAS,1993,4.887555452634997,6732486122257.93,4.177927428859391
EAS,1994,5.649908939455133,7530779339791.844,5.202605864383486
EAS,1995,4.62776445368168,8528716916020.783,5.5615096671028255
EAS,1996,5.524809860151349,8228628055250.137,5.6173695357258
EAS,1997,3.72765760183632,7860107080825.3,4.263774193931937
EAS,1998,5.491011803809419,7007987267442.946,0.2693639634699707
EAS,1999,1.983824272341856,7826875274857.83,3.7910712802822246
EAS,2000,1.591969174609715,8486535433030.274,5.532502695270523
EAS,2001,3.577554520950739,7890593533286.753,3.26466618829393
EAS,2002,1.8857200024036576,8019320137887.654,4.443113975373848
EAS,2003,2.289156626506071,8807340167908.365,4.9217096502680135
EAS,2004,3.237513940033208,9868085960844.771,5.861887578582696
EAS,2005,3.037023326170119,10526916106059.568,5.958667602780736
EAS,2006,3.936162599298661,11166176306011.191,6.522059029735885
EAS,2007,3.7640025918159568,12482468447983.166,7.540597833525837
EAS,2008,8.342086349209556,14397041627177.207,4.428395049830371
EAS,2009,1.6217316853365151,14811619687570.63,2.528034786977301
EAS,2010,3.057305639624425,17291859920837.676,7.625079186605092
EAS,2011,5.0214601462073,20025003264159.46,5.382086831031472
EAS,2012,2.9719010984865397,21443742650233.47,5.264771082589874
EAS,2013,2.582687661417947,21719346361874.875,5.268253363573024
EAS,2014,2.510876332536964,22461065423931.746,4.918937783464102
EAS,2015,0.7952796305798392,22388696608293.977,4.758903255497174
EAS,2016,1.27699365720306,23197528991928.004,4.631146882857323
EAS,2017,1.8003422246862055,24764692848732.246,5.0366702149829905
EAS,2018,2.368549058067,26967805751611.38,4.812003101028878
EAS,2019,1.7143709576340114,27555988315218.617,4.040905968082825
EAS,2020,0.846900734607273,27716337916114.055,-0.09066517516104966
EAS,2021,2.477102414654468,31866900585287.844,6.480376391581586
EAS,2022,5.518129285769377,31457553986143.508,3.051558778206484
EAS,2023,4.251555088427794,31597454903562.805,4.071195489744312
EAS,2024,2.2767355078262295,32200466782431.11,3.725341728018307
EAS,2025,1.913334432950795,33656980597208.223,3.997341386345326
ECA,1960,,,
ECA,1961,,,
ECA,1962,,,
ECA,1963,,,
ECA,1964,,,
ECA,1965,,,
ECA,1966,,,
ECA,1967,,,
ECA,1968,,,
ECA,1969,,,
ECA,1970,,,
ECA,1971,,,
ECA,1972,,,
ECA,1973,,,
ECA,1974,,,
ECA,1975,,,
ECA,1976,,,
ECA,1977,,,
ECA,1978,,,
ECA,1979,,,
ECA,1980,,,
ECA,1981,,,
ECA,1982,,,
ECA,1983,,,
ECA,1984,,,
ECA,1985,,,
ECA,1986,,,
ECA,1987,,235136779236.37082,
ECA,1988,,260718580043.1546,3.3225120526589933
ECA,1989,,296016947774.0135,1.2541602219857282
ECA,1990,,354162047861.41534,2.7655825129640874
ECA,1991,,341091427145.2193,-4.659419608163802
ECA,1992,,328456061561.19196,-4.735193330022042
ECA,1993,,339240955303.5737,-2.0274641981590946
ECA,1994,891.1877481337049,265720716949.43002,-9.967248365660538
ECA,1995,162.717152150377,373850853754.8231,0.9477381272066054
ECA,1996,35.56494004363387,395418991591.8025,3.8118600039840516
ECA,1997,16.674320237839332,420620916289.9837,5.469461019235538
ECA,1998,9.564934454261849,421392804209.2467,2.06066914907899
ECA,1999,20.938173814011986,384494001094.165,-1.1103391140091219
ECA,2000,15.94081243518772,391265288460.4808,6.796114274029904
ECA,2001,8.354137771613443,335654261833.4424,0.08678459345863132
ECA,2002,5.587837300007943,390539574547.9178,6.386078658318979
ECA,2003,4.950615592568276,498100392298.1475,6.606324859765735
ECA,2004,6.921657874288469,641354851059.1152,9.597397742142078
ECA,2005,7.879579829638867,798910158032.8694,8.528287632244428
ECA,2006,7.6630269319940005,929653913665.9202,8.24200882931629
ECA,2007,8.591466822389691,1171564532812.6091,7.188735172655726
ECA,2008,11.427557575833216,1402469464526.3882,3.120120836122098
ECA,2009,3.4367452794579734,1169850373591.6519,-3.4436445364279393
ECA,2010,6.777746691333785,1390857073642.4277,7.128408589499884
ECA,2011,7.8583333333334,1581470670923.7139,8.358341226548376
ECA,2012,3.316055666876466,1666784947849.0024,4.090572280774012
ECA,2013,4.597878973631359,1818186938934.414,6.557224021696541
ECA,2014,3.068812103795431,1745687745481.269,3.2556404526422824
ECA,2015,4.027685737427259,1521842301869.2659,3.485528508317202
ECA,2016,2.134927139391212,1459048873589.7925,2.8579730972017217
ECA,2017,4.603573557788675,1497595120805.3066,6.008967601246667
ECA,2018,2.565728801327187,1465381526737.359,3.787533577704295
ECA,2019,2.6432819271955426,1500446538705.7683,2.619226762312195
ECA,2020,2.746150782137772,1435629650684.1035,0.29079640989534994
ECA,2021,6.917567710760746,1670530886782.344,9.279870629142266
ECA,2022,13.88758416592214,1819829713206.5574,3.1118805086723285
ECA,2023,9.073651498090477,2141252006536.7166,5.050629975438341
ECA,2024,4.670529748899701,2454291731125.2974,4.056952344744019
ECA,2025,5.622087880683383,2815874458069.4985,4.2009376713173765
ECS,1960,,427012867184.98035,
ECS,1961,,469910931287.83936,5.058871201856448
ECS,1962,,513831394246.8293,4.669185522640703
ECS,1963,,561840533010.2128,4.880550181025271
ECS,1964,,620967198050.6008,5.9339319115102995
ECS,1965,,677158759486.5582,4.553420026516392
ECS,1966,,732297506201.6399,3.7830965302735393
ECS,1967,,777959544340.2948,3.465829387381291
ECS,1968,,819410564665.8838,5.42802628746341
ECS,1969,,908714511697.08,5.915148016244601
ECS,1970,,1021640782647.777,4.99566107164766
ECS,1971,,1153027555074.9297,3.316275732296475
ECS,1972,,1382497493276.5864,4.519768756492454
ECS,1973,,1758690486416.6614,6.052036317415272
ECS,1974,,1987558367680.665,2.41113460486379
ECS,1975,,2321569349630.8677,-0.20206956287776734
ECS,1976,,2413508636524.9116,4.498547370521493
ECS,1977,,2730344902930.24,2.6905912808150134
ECS,1978,,3347402769269.207,3.046399592453369
ECS,1979,,4081215329294.5547,3.623498327684601
ECS,1980,,4613183973236.756,1.3474697501339392
ECS,1981,,4109346740273.786,0.3926842047351329
ECS,1982,,3961154338754.852,1.0756970099934762
ECS,1983,,3841689159894.3506,1.915185891133504
ECS,1984,,3692480049545.3228,2.7853950288196216
ECS,1985,,3821268377073.2217,2.617576023119156
ECS,1986,,5212131769252.587,2.9181327957132055
ECS,1987,,6437822161188.415,3.0398661432521834
ECS,1988,,7168510979472.64,4.070985340074714
ECS,1989,,7263606602350.323,3.4083335100034304
ECS,1990,,8878726012343.535,2.194533536030889
ECS,1991,,9138089898100.328,0.14986791617974404
ECS,1992,5.924531262284876,9788468740273.42,-0.6303899659303056
ECS,1993,14.4112644439348,8995636772541.424,-0.7001189528186842
ECS,1994,12.144798011568884,9408153883833.355,1.495752473017788
ECS,1995,8.962518887199831,10940729460750.166,2.4483934950732618
ECS,1996,8.194552176327276,11168606418195.873,1.810329973941748
ECS,1997,5.536002667734803,10603796378822.79,3.080592216455912
ECS,1998,4.644214226607828,10797712209603.383,2.568911343873893
ECS,1999,2.364818361118051,10686389670550.256,2.9038719395389307
ECS,2000,3.77538829151729,10078047371486.996,4.399681335243869
ECS,2001,4.262872288737018,10182615561468.178,2.2314271688873077
ECS,2002,2.7861598858950742,11150184165050.668,1.579105191447951
ECS,2003,2.348641695827577,13558532492379.197,1.8200940480448793
ECS,2004,2.829477962146616,15806093490340.947,3.181585857120922
ECS,2005,2.609323081977482,16828963477327.41,2.737074628328969
ECS,2006,3.192886378087469,18232780756499.29,3.89587162590162
ECS,2007,2.915982618728533,21312176373245.504,3.703836033396101
ECS,2008,6.05974046339706,23464214449943.96,1.0252314466798111
ECS,2009,1.536076500142784,20665617638433.39,-4.408094250158925
ECS,2010,2.4244736179162705,21144686639874.36,2.638322491635165
ECS,2011,3.8561124468282,23462080654159.316,2.3235752863428587
ECS,2012,2.773338540515764,22592146410958.473,0.3202433548072463
ECS,2013,1.734039635191622,23610195160750.984,0.8762667616694131
ECS,2014,0.6204906367324212,23959718523184.367,1.9436533339821693
ECS,2015,0.3680468423253604,20639397476661.516,2.0783238200635594
ECS,2016,0.388838296895799,20560352355734.84,1.9082538503114819
ECS,2017,1.9155884645824939,21814876277943.734,2.9616867969755702
ECS,2018,2.0132197225034174,23360537744962.438,2.1826166465745303
ECS,2019,1.763735865288415,23089828216899.5,1.8314978810809635
ECS,2020,1.1999839693601875,22340802078287.137,-5.375849348797374
ECS,2021,3.1901777102709366,25606138714522.184,6.82460720354004
ECS,2022,11.113612187876095,25850174701132.223,3.428102350279545
ECS,2023,7.1204221208990415,27758730809930.39,1.0469540552873866
ECS,2024,2.757609094242786,29371366035247.035,1.6109297563640723
ECS,2025,3.745773167519452,32268612230366.863,1.7032970972669972
ECU,1960,1.676599126112848,2069464937.1979053,
ECU,1961,3.985620506349134,1753850955.0580807,5.124414878874475
ECU,1962,2.870885314609869,1518207703.4899716,4.919146943991265
ECU,1963,5.939509059224023,1824343870.714072,2.1063682471937852
ECU,1964,4.034204537643116,2244146102.983329,7.407245359403731
ECU,1965,3.069070661757355,2387047395.7025414,3.2750824898744497
ECU,1966,5.453726927733455,2429308638.8380036,-0.33952563927852
ECU,1967,3.818138157310016,2553595172.08743,4.62107394346161
ECU,1968,4.317656129710367,2582179864.15493,1.9094383973760927
ECU,1969,6.3266814485130904,3112165727.3834167,4.669237982089186
ECU,1970,5.171276120157083,2862503139.003583,6.871929324881236
ECU,1971,9.52167078004847,2754219271.0308237,6.292606197396694
ECU,1972,7.525117900347262,3185986087.335834,5.01764070581541
ECU,1973,12.1281464590342,3891754150.237964,13.950682130027701
ECU,1974,22.70408162261578,6599257044.124136,11.208509630308
ECU,1975,14.2896742946894,7731674472.072123,10.972154002229814
ECU,1976,10.17463011656542,9091921030.173452,7.397187618710149
ECU,1977,12.94441387237005,11026342618.114077,1.6048421092883984
ECU,1978,13.09813858385398,11922497876.482836,5.706824945416187
ECU,1979,10.11719086900157,14175160902.072092,3.734048403056363
ECU,1980,11.90928938361345,17881508242.44813,3.7086829674332904
ECU,1981,14.04796867188679,21810759353.73044,5.612864120233851
ECU,1982,16.28448804612846,19929846396.423885,0.6148453519886345
ECU,1983,48.41822208044922,17152477036.500483,-0.3368687700029511
ECU,1984,31.21958151203721,16912509091.855,2.625273268063893
ECU,1985,27.99361074292241,17149088413.349995,3.9350014125233486
ECU,1986,23.03022611426178,15314138472.328245,3.4647825157486665
ECU,1987,29.50399724883951,13945426859.465685,-0.2590987088771186
ECU,1988,58.21628654139376,13051881851.406824,5.890467290885255
ECU,1989,75.64819010263855,13890823704.554482,1.00577794490313
ECU,1990,48.51911299637291,15239272611.580948,3.6799140530887655
ECU,1991,48.71808067521902,16988535267.633818,4.291342464047048
ECU,1992,54.60782150935965,18094238119.05953,2.1143106497896866
ECU,1993,44.95505375921632,18938717358.67934,1.973218136786187
ECU,1994,27.31088179404955,22708673336.66833,4.258250427416257
ECU,1995,22.93413441458025,24432884442.221107,2.2525486522510363
ECU,1996,24.41145921506743,25226393196.598297,1.731747626078615
ECU,1997,30.65756757221726,28162053026.513256,4.327864757675769
ECU,1998,36.09843316238856,27981896948.474236,3.266529345709884
ECU,1999,52.24200518582255,19645272636.318157,-4.73938585363382
ECU,2000,96.09637569260963,17539454727.36368,1.0918016472027716
ECU,2001,37.67674545180943,23127055000.0,4.2062718574878915
ECU,2002,12.48359800820948,27054197000.0,4.928095496113755
ECU,2003,7.929364874615559,30965208000.0,2.884500365120644
ECU,2004,2.743231989267045,35194947000.0,6.832397366465145
ECU,2005,2.168277011837205,40278849000.0,5.3986224399434235
ECU,2006,3.298748462582153,45690762000.0,4.341131985776386
ECU,2007,2.27618478002121,49848725000.0,1.9024285970048425
ECU,2008,8.400095939874621,61139438000.0,6.564920682247191
ECU,2009,5.159968291810473,60094978000.0,1.0910129698310982
ECU,2010,3.554377345678426,68151329000.0,4.029137879866212
ECU,2011,4.4745326579584,78986648000.0,8.48147656332823
ECU,2012,5.101721809586659,87735048000.0,5.783212336171999
ECU,2013,2.72177577710371,96570334000.0,7.2112365367915885
ECU,2014,3.589220166166633,102717794000.0,4.226065203884559
ECU,2015,3.966646232553579,97209558000.0,0.11969210928761242
ECU,2016,1.728264633245326,97671433000.0,-0.6879542458779468
ECU,2017,0.4173355886668246,104467486000.0,5.9703988095484135
ECU,2018,-0.2241032460055521,107478961000.0,1.044294606796072
ECU,2019,0.2660125154661552,107595830000.0,0.16540446460030012
ECU,2020,-0.3388723925621392,95865473000.0,-9.245096191658646
ECU,2021,0.1332513860963892,107179074000.0,9.421892690336307
ECU,2022,3.466169722130768,116133121000.0,5.868423548623113
ECU,2023,2.215687642370582,120792801000.0,1.8328406107788027
ECU,2024,1.547325156153691,123802374000.0,-1.9440902250685923
ECU,2025,0.7104693249890761,130320560400.0,3.725948572720867
EGY,1960,0.3328290470917517,4206270352.2263255,
EGY,1961,0.6936067549353294,4494575611.212893,5.161114143424484
EGY,1962,-3.003076587907836,4035462027.3975315,3.8756167236963392
EGY,1963,0.7466457081354295,4187146231.568392,10.518092617366577
EGY,1964,3.660982948854677,4709245761.678815,11.507577474032459
EGY,1965,14.83900446162409,4948667540.41066,4.914042292236616
EGY,1966,9.036440658176298,5278005611.914526,5.046403712482331
EGY,1967,0.7018974843537398,5605484298.982751,0.8052641270392087
EGY,1968,-1.675759424569103,5932242990.654205,-1.6067923495635625
EGY,1969,3.409820282437421,6524455205.811138,5.2795175135708945
EGY,1970,3.762898595805365,8042200452.147701,5.598515038516723
EGY,1971,3.14042171394198,8609283346.085182,4.057346326531118
EGY,1972,2.102363346101129,9299638055.842813,3.0556806251428554
EGY,1973,5.112184039087567,10098534613.441132,3.5068301624726814
EGY,1974,10.02431775164838,9228963224.600042,1.5589385717050845
EGY,1975,9.669695481512449,11632178868.917141,8.939147158908838
EGY,1976,10.31741588774135,13315988083.416088,13.279689443074076
EGY,1977,12.73216279298912,14400806875.986668,9.003044266750322
EGY,1978,11.07810038261399,14811704063.068527,8.628767644931884
EGY,1979,9.904360512311293,18020571428.57143,4.54768962839718
EGY,1980,20.81922493242181,21669908176.38889,10.011329037990691
EGY,1981,10.31728422453956,22136081081.08108,7.348553896328596
EGY,1982,14.82300884955766,27655172413.793102,9.907171133978252
EGY,1983,16.07987388334196,30966239813.736904,5.09440684048046
EGY,1984,17.03636637996078,33971188991.614704,9.745762711712587
EGY,1985,12.10675605982468,39053502251.07319,5.791505791423575
EGY,1986,23.86428982173662,41253507951.35641,4.744525547381585
EGY,1987,19.69359331476304,40455616653.574234,3.8327526131913174
EGY,1988,17.66348615313001,34980124929.01761,5.461320495513405
EGY,1989,21.26186708860777,39756299049.97935,4.920868603902278
EGY,1990,16.75637470776912,42978914311.35038,5.667029157158183
EGY,1991,19.74854481955781,37387836490.52842,1.1254045952074705
EGY,1992,13.63742417172183,41855986519.42346,4.472859184081841
EGY,1993,12.08979228689772,46578631452.58103,2.900790799594418
EGY,1994,8.154231285870964,51897983392.64532,3.973172180345415
EGY,1995,15.74223050215958,60159245060.45414,4.6424587724063855
EGY,1996,7.18710369719992,67629716981.13208,4.988730565122083
EGY,1997,4.625605788264381,78436578171.09145,5.4923547430294235
EGY,1998,3.872575464274898,84828807556.08029,5.575497460986
EGY,1999,3.079499126383321,90710704806.84164,6.053438784675549
EGY,2000,2.683805353485461,99838543960.07632,6.370003829917664
EGY,2001,2.269757204759556,96684636118.59839,3.5352519739150665
EGY,2002,2.737238550003342,85146067415.73033,2.3902040267562654
EGY,2003,4.507776363193035,80288461538.46153,3.19345473756772
EGY,2004,11.27061933205195,78782467532.46753,4.092071610199085
EGY,2005,4.869396968719882,89660339660.33966,4.471744471062095
EGY,2006,7.644526445264343,107426086956.52174,6.8438381936988435
EGY,2007,9.318969057992298,130437828371.27846,7.087827426755823
EGY,2008,18.31683168316841,162818181818.18182,7.156283567115224
EGY,2009,11.76349543864433,189147005444.64612,4.6735998000066274
EGY,2010,11.26518826531855,218983666061.706,5.147234857467424
EGY,2011,10.0649259874818,235989672977.6248,1.7645719480604072
EGY,2012,7.111729433430828,279116666666.6667,2.226199798184865
EGY,2013,9.46971981064921,288434108527.1318,2.18546605363386
EGY,2014,10.0702154687481,305595408895.26544,2.9159118805283555
EGY,2015,10.370490343517,329366576819.407,4.372019077816873
EGY,2016,13.81360621482898,332441717791.411,4.346643456019137
EGY,2017,29.50660839400387,248362771739.13043,4.181220999615618
EGY,2018,14.40146578074216,262588632526.73044,5.3311086188715535
EGY,2019,9.152799593248037,318678815489.74945,5.5520930708422185
EGY,2020,5.044932889775388,383817841547.0992,3.550164838831151
EGY,2021,5.214049405130425,424671765455.7043,3.290646011932452
EGY,2022,13.89566097751779,476747720364.74164,6.587845608704669
EGY,2023,33.88477631155461,395926071447.59143,3.7602805227924705
EGY,2024,28.27058993220827,389059910593.0999,2.3991692678251013
EGY,2025,14.07351366459337,365254630179.7373,4.392010685701877
EMU,1960,1.741180847469233,253502941189.48907,
EMU,1961,1.8708496140632724,282176307654.42096,5.742722365897151
EMU,1962,2.7526671886691663,312014889822.0148,5.76034991734835
EMU,1963,2.9216411190019507,343339367884.9561,4.874973105847062
EMU,1964,3.656731015796984,380427631668.90985,5.866765114179074
EMU,1965,3.666477085696126,415866726707.76434,5.044872518700785
EMU,1966,3.4323700636613115,449862539143.70526,4.3885530965552135
EMU,1967,2.98754606695161,477982513760.2727,3.44115723103846
EMU,1968,3.242828122072635,513809275690.6326,5.678717031090883
EMU,1969,2.648085711112283,574002667853.3043,7.130702654725397
EMU,1970,4.140648400270196,650336369995.602,5.6093297316649
EMU,1971,5.016319433034403,737137989531.407,3.757721032990787
EMU,1972,5.906253517240968,890246121562.8434,4.892807582087073
EMU,1973,7.9155430450917645,1155521149331.8633,6.118326317213189
EMU,1974,14.66484543567632,1310383749159.0845,3.230813214684261
EMU,1975,12.22706292068721,1519064173720.6184,-0.7690164836247675
EMU,1976,9.711421109359144,1584986620972.0852,5.025559703330671
EMU,1977,9.767464736070334,1803531894862.5723,3.1017183812703593
EMU,1978,7.5736977225826365,2208297375004.202,3.1120515745531634
EMU,1979,8.465334904148836,2675304303845.258,3.9027127290529364
EMU,1980,13.540069712779975,2995971275466.9067,2.1818717371986764
EMU,1981,11.50975583771234,2605797790070.844,0.566632872166565
EMU,1982,9.58492764677448,2522699760354.733,0.6971405103923871
EMU,1983,8.669271598085132,2458897623863.067,1.4060122576687206
EMU,1984,7.067656383281787,2360301430447.235,2.4097902924755914
EMU,1985,5.19562195429426,2424375881543.5527,2.3067675729825368
EMU,1986,2.699999999999864,3400064928901.001,2.528394151507811
EMU,1987,3.159410348350138,4209104459051.0547,2.551631559465534
EMU,1988,2.70081527508114,4621258135477.359,4.355487209923936
EMU,1989,4.089053881535443,4718253841956.651,4.066977609120784
EMU,1990,4.502054628958404,5930533130402.98,3.5208146858916223
EMU,1991,4.31021289843461,6132817301223.231,2.311997753211486
EMU,1992,5.597560624107088,6756330192255.261,1.0863697167655175
EMU,1993,4.62673468331298,6188568278738.876,-0.6857947293934075
EMU,1994,4.698589310549796,6536616886781.353,2.5125721641284855
EMU,1995,4.222816140994875,7553162009471.073,2.4710493231397948
EMU,1996,3.068977325097857,7635464160643.109,1.7561848142973417
EMU,1997,2.336862983141135,6983168724241.477,2.6964567975082048
EMU,1998,2.385251354176611,7182324521394.461,3.003099766757259
EMU,1999,2.134768888063856,7152815111745.68,2.971562012952461
EMU,2000,3.042100806677916,6533285976076.881,3.9034731456807776
EMU,2001,2.929492443241039,6636734730022.046,2.190034943439258
EMU,2002,2.46532319171165,7247791094758.983,0.9618395534233741
EMU,2003,2.098472191469195,8929519218443.932,0.7675867474439713
EMU,2004,2.225679164288937,10242911187425.143,2.3259439300813227
EMU,2005,2.560161323302347,10627971366602.008,1.790115346120075
EMU,2006,2.773780064814723,11309041991993.15,3.3373348662705524
EMU,2007,2.510665652403401,13035176682196.71,3.0249937134501295
EMU,2008,4.152797081102934,14346208350010.238,0.4329694010750842
EMU,2009,0.5063088276965044,13135138604358.293,-4.4780503596174555
EMU,2010,1.525516021182476,12835436183865.742,2.1158694775214997
EMU,2011,3.2894493956421,13866247656132.256,1.7788444145696332
EMU,2012,2.597413860390028,12839246579840.914,-0.9138590857531312
EMU,2013,1.21999342274306,13413105856914.732,-0.1683223370875453
EMU,2014,0.199343826570844,13739142693292.357,1.4537153531107379
EMU,2015,-0.1046332610084791,11880603228444.46,2.14894477032594
EMU,2016,0.1486849076273729,12177215800581.066,1.806814335734714
EMU,2017,1.38145871407216,12901130483442.371,2.6231567123970763
EMU,2018,1.70349794744479,13937879176171.875,1.7822930498505087
EMU,2019,1.445659768882534,13658286442179.89,1.6320894479672177
EMU,2020,0.2190649048419849,13338044901392.102,-6.043749157545079
EMU,2021,2.52692009066166,15008955622791.414,6.443497473598114
EMU,2022,8.546869931884578,14578675912327.488,3.664684975327532
EMU,2023,5.946436677258235,15957338405375.809,0.46007036568769877
EMU,2024,2.256498143387602,16601464538082.43,0.938707263867073
EMU,2025,2.467055437746132,18010000307247.023,1.4110724231835263
ERI,1960,,,
ERI,1961,,,
ERI,1962,,,
ERI,1963,,,
ERI,1964,,,
ERI,1965,,,
ERI,1966,,,
ERI,1967,,,
ERI,1968,,,
ERI,1969,,,
ERI,1970,,,
ERI,1971,,,
ERI,1972,,,
ERI,1973,,,
ERI,1974,,,
ERI,1975,,,
ERI,1976,,,
ERI,1977,,,
ERI,1978,,,
ERI,1979,,,
ERI,1980,,,
ERI,1981,,,
ERI,1982,,,
ERI,1983,,,
ERI,1984,,,
ERI,1985,,,
ERI,1986,,,
ERI,1987,,,
ERI,1988,,,
ERI,1989,,,
ERI,1990,,,
ERI,1991,,,
ERI,1992,,477101651.6483756,
ERI,1993,,467872714.7556032,13.454762500710203
ERI,1994,,531688311.6883117,21.221411187681355
ERI,1995,,578015625.0,2.8583790589486995
ERI,1996,,693535954.1900672,9.258838563408318
ERI,1997,,686490090.1401408,7.9086845779407895
ERI,1998,,745523116.9000521,1.7725830910031846
ERI,1999,,688918537.1155552,0.013480095910807677
ERI,2000,,706370815.5844156,-3.1419859025163817
ERI,2001,,752371688.7431858,8.755435528163247
ERI,2002,,729321680.1543237,3.0054291917378038
ERI,2003,,870248267.550163,-2.6555159248755444
ERI,2004,,1109054005.43971,1.4517355659550617
ERI,2005,,1098424685.6616938,2.5744495512484633
ERI,2006,,1211161879.6747968,-0.9692171107113552
ERI,2007,,1317974491.0569105,1.4268222112032305
ERI,2008,,1380188800.0,-9.783030017824558
ERI,2009,,1856695551.2195122,3.8765015275421035
ERI,2010,,1589515447.1544716,2.1941903488808236
ERI,2011,,2065001626.0162601,8.679800101380494
ERI,2012,,,
ERI,2013,,,
ERI,2014,,,
ERI,2015,,,
ERI,2016,,,
ERI,2017,,,
ERI,2018,,,
ERI,2019,,,
ERI,2020,,,
ERI,2021,,,
ERI,2022,,,
ERI,2023,,,
ERI,2024,,,
ERI,2025,,,
ESP,1960,1.177771084096249,12424514013.76044,
ESP,1961,0.8092528738822377,14238126759.73355,11.8386744503902
ESP,1962,5.70647719271316,16609632790.584337,9.953438231866556
ESP,1963,8.743697684091368,19631714759.64911,9.596499019305611
ESP,1964,6.979246739896151,21966876027.251713,5.3085104459786265
ESP,1965,13.21413783821978,25479619606.528397,6.253135010903165
ESP,1966,6.240367082979952,29559436182.918564,7.246060200583045
ESP,1967,6.391631087821089,32570905397.28851,4.3403383164500156
ESP,1968,4.954366117364704,32394326463.75901,6.597020190758229
ESP,1969,2.160347135998605,37090689287.85522,8.907015405755715
ESP,1970,5.731144842935382,40963715236.510574,4.244970886673414
ESP,1971,8.236887148935963,46586119760.47904,4.6494736457849655
ESP,1972,8.272287549419433,59090176028.99301,8.149745863672052
ESP,1973,11.41670761370846,78583355225.58537,7.788465342260096
ESP,1974,15.68037339853887,97204522642.05363,5.618785647196333
ESP,1975,16.95328593349826,114695060869.56523,0.5422033432970466
ESP,1976,17.62488005274823,118422534195.47375,3.3037914086001763
ESP,1977,24.53806329292042,132354665936.47316,2.838574361063877
ESP,1978,19.77367049736627,160484969618.05557,1.4630033331560526
ESP,1979,15.66023559717713,214448666336.1428,0.04154651667684561
ESP,1980,15.56190209572448,232600556973.77582,2.2087281025711576
ESP,1981,14.54934571703227,202663023968.2826,-0.1324685971735704
ESP,1982,14.41500205483268,195856752991.06467,1.246461792228203
ESP,1983,12.17407273517001,170829074245.93967,1.7701158105129906
ESP,1984,11.28027656040362,171979977230.3871,1.7846875137085334
ESP,1985,8.814455066783909,180664322896.2818,2.321435765995105
ESP,1986,8.794939322903241,251141555185.93323,3.2533216917988454
ESP,1987,5.248018634895912,318520253335.13007,5.547122735793522
ESP,1988,4.83727066490357,375891716897.5861,5.094324128980858
ESP,1989,6.791435840251001,414460794096.9782,4.827030312997451
ESP,1990,6.721819522286635,536175326477.3098,3.7813935513235037
ESP,1991,5.934213443359302,576753902321.8574,2.546000496474548
ESP,1992,5.924531262284876,630465353486.1044,0.9292154829211512
ESP,1993,4.569071736818048,524700572623.8724,-1.031491836953066
ESP,1994,4.718413739673329,530183651720.28314,2.383195379089088
ESP,1995,4.673803376247014,614170002668.8018,2.7574940029354167
ESP,1996,3.558845593385609,642251412058.3213,2.607411171102285
ESP,1997,1.971073955829265,589739772727.2727,3.5872997235629924
ESP,1998,1.834329999084142,618731484575.1198,4.301977453335809
ESP,1999,2.31034813987063,634394904386.874,4.408865453059235
ESP,2000,3.433515634187641,598102854756.0797,5.2006412555394235
ESP,2001,3.589834133381174,627798682378.741,3.9190888080881052
ESP,2002,3.065656859022114,708938227243.9229,2.755456115640982
ESP,2003,3.038888393966615,907963217057.6451,2.9392895953075993
ESP,2004,3.039248810909235,1069829382514.6746,3.1145314799160957
ESP,2005,3.368814097503834,1154667551775.875,3.551225584612496
ESP,2006,3.515575768321227,1261846683275.2922,4.04343515605099
ESP,2007,2.786797458049502,1476746276854.5144,3.5335001316597214
ESP,2008,4.075343359573405,1636115447612.4995,0.7671657482906937
ESP,2009,-0.2878130835352406,1496587590847.6553,-3.768133069400534
ESP,2010,1.799864577287689,1427989078916.6694,0.0941223116369514
ESP,2011,3.196101888337921,1487568659241.248,-0.639920636520344
ESP,2012,2.446127823668086,1330994811670.3127,-2.8651136863774838
ESP,2013,1.408581091830093,1362186923157.651,-1.4273222475762566
ESP,2014,-0.1511148375272347,1380244561361.956,1.520485936472312
ESP,2015,-0.5003657099032428,1206164777553.1243,4.060866724738659
ESP,2016,-0.2025980004263583,1243015667917.1238,2.915155985957867
ESP,2017,1.956076333639539,1321754088818.826,2.896042078650069
ESP,2018,1.674981368637994,1431642809327.0579,2.395411244788775
ESP,2019,0.6995189944586482,1403496387686.2722,1.961178508417106
ESP,2020,-0.3227530172996493,1289783836971.2097,-10.94007063503706
ESP,2021,3.093135119764018,1461244901852.6897,6.683144204730013
ESP,2022,8.390576341186367,1448850658406.6204,6.3703171212960115
ESP,2023,3.532361334924332,1619481980719.6365,2.4608579680558194
ESP,2024,2.747147886618002,1725671652742.1873,3.4552540563019107
ESP,2025,2.699932857626996,1906453309985.8796,2.824954005785088
EST,1960,,,
EST,1961,,,
EST,1962,,,
EST,1963,,,
EST,1964,,,
EST,1965,,,
EST,1966,,,
EST,1967,,,
EST,1968,,,
EST,1969,,,
EST,1970,,,
EST,1971,,,
EST,1972,,,
EST,1973,,,
EST,1974,,,
EST,1975,,,
EST,1976,,,
EST,1977,,,
EST,1978,,,
EST,1979,,,
EST,1980,,,
EST,1981,,,
EST,1982,,,
EST,1983,,,
EST,1984,,,
EST,1985,,,
EST,1986,,,
EST,1987,,,
EST,1988,,,
EST,1989,,,
EST,1990,,,
EST,1991,,,-7.99984543758373
EST,1992,,,-21.168655365003104
EST,1993,89.81194902772745,4013091682.2914,-5.740490048997017
EST,1994,47.65469061876283,4123011419.741738,-1.6424292041964037
EST,1995,28.77661372085138,4502970889.063729,4.526683389270119
EST,1996,23.05034334951698,4786018988.16491,4.94301226131752
EST,1997,10.58187893221463,5154420649.233543,13.050020704786888
EST,1998,8.208333333332979,5674080542.885749,4.339827611935874
EST,1999,3.296110897189092,5756912265.758092,-0.4250253720866226
EST,2000,4.018489525087634,5686579747.535244,10.08763858004616
EST,2001,5.74827981651373,6250218422.701638,5.88074589534277
EST,2002,3.571912701640268,7370119619.478195,6.9330008261657525
EST,2003,1.33499116549955,9876595528.455284,7.596301810326452
EST,2004,3.048111075234161,12148595031.0559,6.800701107586548
EST,2005,4.079714231998485,14109491356.796417,9.523053864620664
EST,2006,4.437620423892135,17025671810.312382,9.762571312066527
EST,2007,6.601326030556375,22450264166.43854,7.570918793118821
EST,2008,10.36235803136826,24342935403.544746,-5.125311543088031
EST,2009,-0.0784083112809768,19633984440.122257,-14.630222542790634
EST,2010,2.972045120156935,19524355419.03797,2.449750206399898
EST,2011,4.9819013145361,23303915794.756855,7.6069745891316245
EST,2012,3.933399872969854,23237406116.398834,3.6720187250654135
EST,2013,2.780566589549876,25451032780.757328,1.7564937962186917
EST,2014,-0.1061751465217099,27055689003.003826,3.3227898818270205
EST,2015,-0.4923260065473701,23311847750.93944,1.8381526288293202
EST,2016,0.1486849076273729,24561027787.789555,3.093019207519589
EST,2017,3.417235494880541,27469461919.11887,5.634672489639911
EST,2018,3.436326884204463,31222632740.72468,3.6996975616172563
EST,2019,2.277259312435221,31873748770.031322,3.7266494346688432
EST,2020,-0.4445310976798297,31820771493.897366,-2.883807514837784
EST,2021,4.653166738474728,37201101170.58467,8.25488044580031
EST,2022,19.39826340806162,38226641740.29003,-1.2261696658779613
EST,2023,9.159225079839825,41470344395.108574,-2.7442191457123073
EST,2024,3.519411899839201,43130419829.34999,-0.09004286484938007
EST,2025,4.829207536283423,47030833798.5866,0.5843084647893875
ETH,1960,,1610511693.8421474,
ETH,1961,,1680859514.1015992,
ETH,1962,,1747566307.0997033,4.326091335666689
ETH,1963,,1825058827.838533,4.518633926060971
ETH,1964,,1984129185.6,4.090485611454
ETH,1965,,2159998591.2,5.771932015919674
ETH,1966,-1.36186770466907,2324466416.0,7.256598036973344
ETH,1967,0.808678501054678,2461762002.8,4.0615878800134055
ETH,1968,0.1826126655589956,2619948864.8,4.142187843794517
ETH,1969,1.42568843148626,2768987372.0,1.388657407748454
ETH,1970,10.1219512195636,3045354454.8,3.4827287406324245
ETH,1971,0.5362242816951933,3224280834.9709244,6.526476163723856
ETH,1972,-6.08151197179128,3520252938.26087,4.227159589992084
ETH,1973,8.913580246958128,4070570549.864202,5.109869507487815
ETH,1974,8.592155973910845,4577209966.183576,3.273658324325112
ETH,1975,6.550104383941986,4577047854.10628,1.246131714836423
ETH,1976,28.53783982378486,4943806093.236715,0.14881031608126705
ETH,1977,16.65713959085028,5651840584.541063,2.7256816258383907
ETH,1978,14.30811446491546,6014961434.782609,2.74000633157128
ETH,1979,16.03223593965194,6586048398.067634,-1.1007636942546526
ETH,1980,4.482537806004351,7012585454.10628,6.424166164015887
ETH,1981,6.135967186804344,7507663566.666667,4.381548125434563
ETH,1982,5.89006107723961,7899988840.579711,0.9160138567384024
ETH,1983,-0.6753780648547176,8781664427.05314,8.235005719136694
ETH,1984,8.417273783120528,8298309580.67633,-2.848021452214624
ETH,1985,19.06468514444065,9717392686.956522,-11.144352977926374
ETH,1986,-9.808765070506613,10094328898.067635,9.661612361222112
ETH,1987,-2.428672482833682,10790001557.971016,13.859330394974421
ETH,1988,7.080715321410895,11181119717.874397,0.5036748792977193
ETH,1989,7.817301182230483,11762932007.246378,-0.36104417975228387
ETH,1990,5.15248124174767,12478943895.169083,2.7264517827268406
ETH,1991,35.72259822987153,13799799323.6715,-7.137479716593049
ETH,1992,10.52744401195922,10754799036.574486,-8.672480114367204
ETH,1993,3.543065961660324,9051043870.121965,13.14283393632553
ETH,1994,7.593876001853367,7100806753.929418,3.1899645833127295
ETH,1995,10.02217335532388,7855205206.934051,6.127511415874736
ETH,1996,-8.484248689488252,8761215548.486143,12.426173781495066
ETH,1997,2.395209580838292,8803539988.332483,3.1339068517800968
ETH,1998,0.8948016939641066,8013274131.697146,-3.4581391346847994
ETH,1999,7.941448641373251,7892973531.800449,5.162145822551125
ETH,2000,0.6624581092664819,8242349617.863803,6.073217481252954
ETH,2001,-8.237844533911366,8231326016.47494,8.30130632267965
ETH,2002,0.6750891021708005,7850809498.168027,1.5147257066743265
ETH,2003,13.67404520282718,8623691300.040789,-2.1613597225686476
ETH,2004,3.327370478948471,10131187261.442078,13.572603140147137
ETH,2005,9.969971235128916,12401139453.973831,11.818765949162469
ETH,2006,12.29947631148247,15280861834.602404,10.834727067937266
ETH,2007,17.24040083408976,19707616772.799637,11.45616700198913
ETH,2008,44.35668587669515,27066912635.222847,10.788521687033239
ETH,2009,8.483644045302823,32437389116.038006,8.802553199048702
ETH,2010,8.149264029650821,29933790334.34179,12.550538334763274
ETH,2011,33.24995988233441,31952763089.330025,11.178296229700763
ETH,2012,23.60041767731703,43310721414.08288,8.647811635139263
ETH,2013,7.464021929445171,47648276605.012314,10.582270050255204
ETH,2014,6.890019515971918,55612228233.51786,10.257492962747719
ETH,2015,9.568899559686232,62103418181.818184,10.392463014130655
ETH,2016,6.628133372309241,68475871209.606995,9.433482659819049
ETH,2017,10.68711502842382,76366081766.66667,9.56418965754014
ETH,2018,13.83303565866615,83337901071.9697,6.816147785572824
ETH,2019,15.80963217193442,91834517113.63857,8.364085731113462
ETH,2020,20.35634685590615,98676811061.99854,6.059530892485768
ETH,2021,26.83952215577222,109070960370.97188,5.641530693241762
ETH,2022,33.88987971008983,123140304665.399,5.3217598848545435
ETH,2023,30.21882781352784,135874093203.17973,6.594245990543527
ETH,2024,21.03774605777107,149740297952.37485,7.612774476168795
ETH,2025,13.22964328368089,126358758448.356,9.771518220293402
EUU,1960,1.741180847469233,285352082350.6384,
EUU,1961,2.077138331378613,317180166580.2779,5.750303433687122
EUU,1962,3.553498659740735,350488733659.73663,5.6939510060870475
EUU,1963,2.9216411190019507,385017342398.38947,4.7807353551705205
EUU,1964,3.4162803965555852,427074637457.7625,5.992456813171444
EUU,1965,3.9866138843415717,467340971796.3243,5.247200456595365
EUU,1966,3.7033571866950705,505884660005.59204,4.272246117358009
EUU,1967,3.31931754624678,538565381543.3731,3.5458594455537025
EUU,1968,3.242828122072635,577943413517.359,5.5887798468295244
EUU,1969,2.6746236597134017,644943176852.6338,7.0305052260073495
EUU,1970,4.506088929860388,729448866507.2825,5.529962803078334
EUU,1971,5.240974482730944,824576913808.9248,3.6510454442921514
EUU,1972,6.007389698624943,994506318098.609,4.77134652594529
EUU,1973,7.749086129192037,1286664466276.8032,6.004937580006242
EUU,1974,13.16360261207946,1456588132159.4612,3.147648486711944
EUU,1975,10.46757583061202,1695883390617.5317,-0.5802963074035716
EUU,1976,9.34705279605247,1776294732761.3972,4.87552131671103
EUU,1977,9.767464736070334,2012435309648.9202,2.9461194568301607
EUU,1978,7.7552314458700575,2450951586250.8887,3.0605283516345736
EUU,1979,8.221686930055258,2962167536360.8984,3.889364826882556
EUU,1980,12.91144232663829,3313726302275.613,2.066933293508626
EUU,1981,11.76738743441813,2892093759009.4,0.5583981296022102
EUU,1982,9.58492764677448,2790132325363.009,0.8193669764511782
EUU,1983,8.669271598085132,2713009177266.641,1.44602874095294
EUU,1984,7.673802622473181,2614138743953.1387,2.5265791472908035
EUU,1985,5.395486201703519,2688873056487.409,2.31656039096589
EUU,1986,3.678184118634523,3755682223993.794,2.579304667488259
EUU,1987,4.019993456831612,4642924954619.249,2.5438796915214112
EUU,1988,4.535133010157266,5097809505881.364,4.130156660383506
EUU,1989,6.259831379569768,5205969934446.257,3.893087686013729
EUU,1990,6.149565311798576,6509962315038.706,3.2974382131881157
EUU,1991,5.484743915920173,6725128658501.093,1.460334790036356
EUU,1992,6.217375396471534,7386533474604.102,0.9016557747886225
EUU,1993,4.854166666666941,6748064931035.3545,-0.596024578382611
EUU,1994,4.718413739673329,7153669602083.875,2.7014020709382294
EUU,1995,4.426645502866542,8292479629104.28,2.724694481931735
EUU,1996,3.558845593385609,8427282888819.225,1.9160837621665223
EUU,1997,3.112077919532723,7730067215825.256,2.684487011919657
EUU,1998,2.40768094534715,7963038897258.0,2.98141228097397
EUU,1999,2.1571791805505,7926425566614.074,3.003743832153205
EUU,2000,3.150767070225959,7279892216791.936,3.933585596140361
EUU,2001,3.373968322138674,7398267811404.693,2.1611431481208996
EUU,2002,2.424436612196945,8089955515956.837,1.097691819281394
EUU,2003,2.09199838997655,9944006859363.355,0.9369730009220092
EUU,2004,2.286217068016785,11434848361291.883,2.599903607000641
EUU,2005,2.487696651640809,11940626626680.219,1.9835858586951076
EUU,2006,2.666314945770769,12754718274523.799,3.5675401630820716
EUU,2007,2.510665652403401,14779905573599.5,3.141841361416425
EUU,2008,4.164971935247787,16360464416205.97,0.6179706904656115
EUU,2009,0.8392622467938049,14844850799682.23,-4.3120850017139105
EUU,2010,1.531122704209187,14641776061063.441,2.181802192460097
EUU,2011,3.2894493956421,15874716537128.703,1.960595834884657
EUU,2012,2.662841655080113,14731878294328.44,-0.764412939041037
EUU,2013,1.21999342274306,15398511081475.33,-0.03303725596391871
EUU,2014,0.199343826570844,15763599531004.78,1.6327119832824764
EUU,2015,-0.06164468006416725,13656255577702.59,2.3719511379782148
EUU,2016,0.1833348611237648,13988150566298.572,1.919979029075975
EUU,2017,1.42910743319306,14871316217995.7,2.818108355219536
EUU,2018,1.7386086198818,16092407006604.436,2.0464196793414544
EUU,2019,1.630522607543353,15809077129406.162,1.875254988891811
EUU,2020,0.4764988527250654,15504058553907.691,-5.578881220674276
EUU,2021,2.554506996420408,17495257191725.61,6.377737170707974
EUU,2022,8.833698867494517,17023620598906.396,3.564555106304624
EUU,2023,6.299424874191247,18659279022583.273,0.43800892494950006
EUU,2024,2.435312024353143,19501078750999.434,1.0865788562045822
EUU,2025,2.467055437746132,21243212570163.293,1.5379543483621205
FIN,1960,3.418127253507883,5279481824.1298275,
FIN,1961,1.691001915339568,5984433774.416013,7.60467026250204
FIN,1962,4.383982781726707,6407796042.703566,2.981946195876489
FIN,1963,4.996381886452852,6958916548.129327,3.2850995724120793
FIN,1964,10.27586074174862,7848987792.542615,5.238686495472251
FIN,1965,4.94058806755298,8680393838.88018,5.302858375538079
FIN,1966,3.873654018613249,9306142171.600557,2.3728223692280466
FIN,1967,5.377781833728583,9468272357.095493,2.168828979107815
FIN,1968,9.19166799519522,8916565040.546318,2.303289815916429
FIN,1969,2.205610935212455,10177524838.900412,9.593288478583275
FIN,1970,2.740420430512278,11358529161.947905,7.470432671441046
FIN,1971,6.475765430618408,12528522307.473715,2.356921231665865
FIN,1972,6.662497835153356,14744499569.8308,7.7354848193458
FIN,1973,10.75447188313684,19474098335.14859,6.983828355638224
FIN,1974,16.93639999892747,24851036710.256813,3.2365334356322393
FIN,1975,17.81139723402118,29475251333.441086,1.8048979518731585
FIN,1976,14.34269308522578,31852352669.641483,0.3443831871033183
FIN,1977,11.79334691840533,33502784417.88402,0.23951063010345308
FIN,1978,7.799350745521423,36259392057.761734,2.91970756437469
FIN,1979,7.466961513107483,44469218439.93283,7.121925937645329
FIN,1980,11.59461924921068,53649984061.20498,5.389047485753878
FIN,1981,11.30575665095482,52440066133.92119,1.289384268924934
FIN,1982,9.58492764677448,52784013815.22141,3.0867154165480173
FIN,1983,8.366292606456385,50956447480.78565,3.103848806392847
FIN,1984,7.067656383281787,52870993272.65533,3.2265329160975824
FIN,1985,5.19562195429426,55856676899.462776,3.5400543871721055
FIN,1986,2.933579204423342,73511611541.16818,2.755099311727676
FIN,1987,4.113028862050629,91564993913.1611,3.5610329719555125
FIN,1988,5.085928613948771,109039090262.97086,5.231112807199651
FIN,1989,6.592909801891225,118991270611.05722,5.083929552552064
FIN,1990,6.149565311798576,141446120354.53275,0.691649917806032
FIN,1991,4.31021289843461,127794441993.82443,-5.880596185136412
FIN,1992,2.919323192850195,112537828510.75127,-3.3113736170659536
FIN,1993,2.190653195564313,89112105756.21942,-0.7798150615614787
FIN,1994,1.088556775894019,103182697780.30734,3.9643728372679874
FIN,1995,0.7912394069384603,134060457516.33986,4.23436710187066
FIN,1996,0.6291942381210538,131991975148.84805,3.6626571698718635
FIN,1997,1.19255883425843,126862902302.1418,6.397700684043372
FIN,1998,1.399473785798365,133990876724.52158,5.4542702176544395
FIN,1999,1.162231556694407,135234241918.14702,4.389280703746692
FIN,2000,3.042100806677916,125967821110.5885,5.753737704988481
FIN,2001,2.57844080098903,129519672868.8978,2.6402620569930804
FIN,2002,1.571220127893796,140360963811.76495,1.6873264435809858
FIN,2003,0.8774403862547294,171612867735.6859,2.011799927383123
FIN,2004,0.1871205590844737,197458297639.76886,4.005379522776508
FIN,2005,0.6238744500252236,204859368790.66138,2.7773091851801723
FIN,2006,1.566663807043785,217044068234.11734,4.019573265158954
FIN,2007,2.510665652403401,256360251537.6479,5.312801766941448
FIN,2008,4.065953553583826,285698662071.0937,0.7844312357170509
FIN,2009,-9.173604249039959e-07,253480783439.45294,-8.07603116552393
FIN,2010,1.184135231546505,249429613683.3338,3.1682879121621
FIN,2011,3.4168075425521,275126915515.56476,2.390394553968278
FIN,2012,2.808336225615738,257443384492.9688,-1.522840130406891
FIN,2013,1.478286156888099,270268036626.27527,-0.9797410249496181
FIN,2014,1.041196211784302,273478528954.901,-0.47806842478370015
FIN,2015,-0.2079288399051769,233210733506.24988,0.4665037663226741
FIN,2016,0.3566845008916954,238777818792.60757,2.5719341489875376
FIN,2017,0.7540150470844377,253846138440.00043,3.3033700359103904
FIN,2018,1.083820984092959,273869255596.07825,1.1929775974229244
FIN,2019,1.024093929634307,267014821129.41135,1.3497384574173736
FIN,2020,0.2905545556532394,270000311606.22644,-2.491036055357071
FIN,2021,2.194574323399983,294223210496.1193,2.67634641498897
FIN,2022,7.123507733014117,280253099309.3396,0.7630419127635264
FIN,2023,6.250643221547629,295191741637.26013,-1.2897348445339674
FIN,2024,1.565689062316155,298729432711.7187,0.37456656853842674
FIN,2025,0.3378746594005736,317039368819.6074,0.17344450958449897
FJI,1960,,112328422.11308399,
FJI,1961,,116987784.91373882,3.5175819916795774
FJI,1962,,122906434.95781387,3.6061021792246066
FJI,1963,,129454728.62359904,6.358771940909165
FJI,1964,,140032741.46832892,4.877280743745672
FJI,1965,,147084750.0314822,-2.7002669399720673
FJI,1966,,150603925.51585305,0.0
FJI,1967,,162625885.8634838,13.351828294521638
FJI,1968,,166952937.13500515,7.916221580528713
FJI,1969,,182182067.70356816,2.596410508327935
FJI,1970,4.124178563335673,219878482.17356414,12.702711130300798
FJI,1971,9.138193688792008,247749327.7212674,6.888986643327982
FJI,1972,21.978504057907,316656648.69895685,7.4852766963624475
FJI,1973,11.08531820634013,425950487.5198936,11.612868489007127
FJI,1974,14.49846950788816,558587097.3828332,2.601149915131188
FJI,1975,13.0648809829824,684282434.3610952,0.5302111838758776
FJI,1976,11.4324364264689,694540806.3806442,2.7361632552200206
FJI,1977,7.006304449839231,719501765.7830485,5.904011824130436
FJI,1978,6.108071005015051,829267889.4293734,1.8634014558387264
FJI,1979,7.806758249521133,1019691460.1737615,12.22481978430072
FJI,1980,14.4928744064522,1202618816.2085173,-1.6034569413020563
FJI,1981,11.18066676376203,1235626770.5092397,6.329990540292599
FJI,1982,7.031556893894879,1194059943.224777,-5.978486198683498
FJI,1983,6.704183998014191,1123085190.065092,-3.9601230125302465
FJI,1984,5.291217610724325,1178000677.9992924,8.393024475122914
FJI,1985,4.420972396219084,1141168943.976615,-4.6134748561025845
FJI,1986,1.798842484338014,1290267339.650056,7.749907968507614
FJI,1987,5.663774758552215,1177947965.1214206,-6.615020006359501
FJI,1988,11.75832687838887,1110009522.7574325,0.9557548664634226
FJI,1989,6.189354033823545,1182660265.766352,7.438632441828915
FJI,1990,8.191371320409695,1337017559.4972816,5.8000027238601035
FJI,1991,6.497345559845472,1383883249.5910022,-2.7000033971926314
FJI,1992,4.88302271568615,1532411039.0547915,6.100001580391435
FJI,1993,5.206589251957648,1636101246.9394045,2.1300329941683884
FJI,1994,0.8166666666670112,1825732092.5467432,5.099998251140676
FJI,1995,2.165647214415367,1970301486.205614,2.4999989966631517
FJI,1996,3.050161812297976,2128696643.6257393,4.8000011927096295
FJI,1997,3.368140064379439,2090221137.0287633,-2.1999995804042243
FJI,1998,5.711681604131184,1653146716.5823526,1.2999996223908425
FJI,1999,1.968673660009193,1936459986.0379515,8.799998828043968
FJI,2000,1.092164599773878,1678219507.898291,-1.699997761682127
FJI,2001,4.272670244651052,1652462023.4621494,2.000000271236118
FJI,2002,0.7620320855612064,1833279985.367415,3.1999986172275925
FJI,2003,4.172747777630344,2300492465.322761,0.9999989950781725
FJI,2004,2.827485193912008,2708078476.630121,5.300000866135974
FJI,2005,2.365764538304339,2980403844.7209597,0.6999995929692631
FJI,2006,2.490836387870788,3076305452.8650646,1.852483572373714
FJI,2007,4.803706413069889,3378314599.764019,-0.8506533546566004
FJI,2008,7.732278579184217,3523185919.558261,1.032793687776362
FJI,2009,3.13103559015967,2870624635.6803193,-1.3860375208558935
FJI,2010,3.689012296707605,3140166712.796239,2.9546726884250205
FJI,2011,7.278117827085,3779411899.374834,2.705142312280273
FJI,2012,3.423375234019793,3972028104.4732842,1.4113141522070265
FJI,2013,2.91354193603992,4189967998.514236,4.734220372981596
FJI,2014,0.5193064745791065,4857104768.868437,5.603513977669607
FJI,2015,1.374885426214466,4682479893.975582,4.501200644713649
FJI,2016,3.863225382212778,4930213644.366533,2.445652024492489
FJI,2017,3.34757834757831,5353469174.478379,5.353364349795768
FJI,2018,4.081476376445425,5581425327.443973,3.812350939512001
FJI,2019,1.793886475145553,5344907153.466985,-0.5819465903497587
FJI,2020,-1.700141678473175,4227719873.3864965,-17.183535259935383
FJI,2021,1.534548537515916,4158873156.179777,-4.3459619989751985
FJI,2022,6.078824315297246,4977861885.603162,17.745126977359433
FJI,2023,2.975440806045389,5476673518.137881,9.442458567383127
FJI,2024,3.89084237884105,5968125909.27126,3.530858960763524
FJI,2025,-1.383268339342239,6198013062.065529,3.1954686212402947
FRA,1960,4.139935755184368,61959085885.34274,
FRA,1961,2.400461045463109,67158050215.04877,4.9464254598035495
FRA,1962,5.331280070656394,75196980365.0325,6.856264644847528
FRA,1963,4.999152897968497,84227606649.8725,6.1033388581148955
FRA,1964,3.21119170293105,93424179943.34534,6.582806854374937
FRA,1965,2.70310455873084,100927668584.28957,4.838750112492434
FRA,1966,2.602000766364514,109306730313.21649,5.163542741906554
FRA,1967,2.79177709435142,118088635380.95428,4.801770808766719
FRA,1968,4.543204864020142,128710572572.43596,4.544018211900266
FRA,1969,6.045962841739,140660914840.5896,7.093646979940772
FRA,1970,5.299641245626673,147312861698.35834,6.200174386154657
FRA,1971,5.397518655951108,164694210962.4719,5.293446228369845
FRA,1972,6.063003097181862,201738881664.49936,4.514107599958322
FRA,1973,7.380601063989174,261970536240.4243,6.1945840664017595
FRA,1974,13.64931747281377,282739225313.6934,4.414713764073426
FRA,1975,11.68592724932284,357324307786.4464,-0.9456096169123072
FRA,1976,9.625495781555326,368363152144.2229,4.337556474819635
FRA,1977,9.494554671904256,406401711687.617,3.554155689764656
FRA,1978,9.250558467244407,501724418604.6512,3.9493621634287166
FRA,1979,10.64673417166625,608218624730.1881,3.6953107867715715
FRA,1980,13.56257884830163,694529183483.3903,1.676413371986115
FRA,1981,13.31440556800725,609184791792.3959,1.1883147429386582
FRA,1982,11.97847195238048,578152310609.8413,2.442512686901253
FRA,1983,9.459548472353152,553356312935.7087,1.2620576179705125
FRA,1984,7.673802622473181,525033325827.5163,1.609471465515952
FRA,1985,5.831099738545138,547220981165.1336,1.5690743660410789
FRA,1986,2.538525917814131,764946585850.9329,2.3895355447033353
FRA,1987,3.288898214001356,926320855614.9733,2.552746211430474
FRA,1988,2.70081527508114,1010827662151.7454,4.814224001702456
FRA,1989,3.49830220700752,1016742237302.0769,4.405169271905265
FRA,1990,3.194283380294818,1257649439826.527,2.8296271532647808
FRA,1991,3.213407324096771,1258961748633.88,1.236662482973557
FRA,1992,2.363760462693559,1389663073110.285,1.5160611169627032
FRA,1993,2.104462771246424,1314383368079.685,-0.3589978105146798
FRA,1994,1.655515329269993,1385822778827.9773,2.383660861101447
FRA,1995,1.796481420955893,1595219345511.8938,2.3047927839225935
FRA,1996,1.982883650897388,1598889216566.2263,1.397079871988808
FRA,1997,1.203942940269637,1449392222971.454,2.527061633935702
FRA,1998,0.6511268678330727,1496906382032.466,3.4525943427961607
FRA,1999,0.537141639134596,1486915879701.9338,3.399308088094415
FRA,2000,1.675959887209284,1360959069477.4932,4.140999964029149
FRA,2001,1.63478079549599,1370376677298.8599,1.8994670118663635
FRA,2002,1.923412287270638,1492427756382.434,1.0677502706941908
FRA,2003,2.098472191469195,1835095983049.0942,0.9678271825583522
FRA,2004,2.142089646402386,2109792297237.0325,2.8682505250103247
FRA,2005,1.74586936380487,2192146403028.1702,1.8885658410928556
FRA,2006,1.675124496087263,2317861544690.8203,2.7140644875523634
FRA,2007,1.487998059538595,2655816911866.5576,2.53048188351066
FRA,2008,2.812861949147852,2926802941585.859,0.38017143584912105
FRA,2009,0.08762047815746532,2700075882518.9824,-2.8245515371478263
FRA,2010,1.531122704209187,2646230027988.3384,2.0003247603905123
FRA,2011,2.11159795175,2870408553990.278,2.43757653729007
FRA,2012,1.954195316135097,2683007095787.227,0.1838352649730126
FRA,2013,0.8637154978618041,2816077607875.2627,0.7817564462310003
FRA,2014,0.5077588229379897,2861236112552.4214,0.997832947295251
FRA,2015,0.03751438051251817,2442483452642.4985,1.0667547478346222
FRA,2016,0.1833348611237648,2470407619777.1265,0.8600310754240326
FRA,2017,1.03228275064681,2588868323334.7104,2.0836148599739914
FRA,2018,1.850815083154928,2781576320884.39,1.6459087239588683
FRA,2019,1.108254922882936,2722793515171.7603,2.0274464641923657
FRA,2020,0.4764988527250654,2647926055110.0464,-7.4406458994823055
FRA,2021,1.642331410383937,2966433692008.092,6.882337833602392
FRA,2022,5.222367483697253,2794788137066.937,2.716762641859134
FRA,2023,4.878357265084403,3056250648138.289,1.4392149443774258
FRA,2024,1.999049422914628,3160442622465.0776,1.1904679827588325
FRA,2025,0.9437702124699763,3366315927447.3286,0.8409499554795872
FRO,1960,,,
FRO,1961,,,
FRO,1962,,,
FRO,1963,,,
FRO,1964,,,
FRO,1965,,57954522.42172592,
FRO,1966,,64397131.08464574,
FRO,1967,,66225403.55880685,
FRO,1968,,65186666.666666664,
FRO,1969,,70106666.66666667,
FRO,1970,,84933333.33333333,
FRO,1971,,99219082.85379915,
FRO,1972,,119335897.8152019,
FRO,1973,,161236465.82362178,
FRO,1974,,196771070.8953387,
FRO,1975,,227404436.01367873,
FRO,1976,,270470345.4493571,
FRO,1977,,347798304.6352674,
FRO,1978,,397833034.88451165,
FRO,1979,,448568492.65856147,
FRO,1980,,493014300.00521654,
FRO,1981,,456244919.0109115,
FRO,1982,,444047495.3200994,
FRO,1983,,486605127.7026814,
FRO,1984,,426008864.6921691,
FRO,1985,,459307281.19533515,
FRO,1986,,688914288.8782983,
FRO,1987,,886508622.3343158,
FRO,1988,,968576956.9302646,
FRO,1989,,871935350.3849087,
FRO,1990,,960805408.9498718,
FRO,1991,,909253214.8260803,
FRO,1992,,912670413.3258826,
FRO,1993,,760957189.7576457,
FRO,1994,,758739178.6121707,
FRO,1995,,901404709.8306841,
FRO,1996,,989536914.6590806,
FRO,1997,,933763083.395627,
FRO,1998,,1104744235.3011053,
FRO,1999,,1127684827.356857,
FRO,2000,,1067109530.6479754,
FRO,2001,,1160268212.0729074,
FRO,2002,,1275093689.2710743,
FRO,2003,,1501941580.8890333,
FRO,2004,,1724770770.833928,
FRO,2005,,1759739599.2269354,
FRO,2006,,2017680834.8991673,
FRO,2007,,2339015313.295128,
FRO,2008,,2489873249.6281476,
FRO,2009,,2296065170.0555153,-4.553298241034781
FRO,2010,,2331796784.3600945,-0.3798179912186157
FRO,2011,,2505740669.270395,3.5663631788443126
FRO,2012,,2427200388.918314,7.081483444878842
FRO,2013,,2690110520.9254756,5.856143897357626
FRO,2014,,2914012679.272769,5.4321420684100445
FRO,2015,,2573905971.054594,0.9580019344862336
FRO,2016,,2813278868.782085,1.3864479593829344
FRO,2017,,2980057377.879666,3.512013674884429
FRO,2018,,3188600927.4668827,2.76370952267429
FRO,2019,,3266432734.22819,4.538510286761891
FRO,2020,,3271813311.5831,-1.6373211801702752
FRO,2021,,3699551717.1056066,5.066362916006327
FRO,2022,,3615241800.5005755,3.860999816691546
FRO,2023,,3943131022.229096,3.1587387232926574
FRO,2024,,4052937169.7653646,0.8437168513621032
FRO,2025,,,
FSM,1960,,,
FSM,1961,,,
FSM,1962,,,
FSM,1963,,,
FSM,1964,,,
FSM,1965,,,
FSM,1966,,,
FSM,1967,,,
FSM,1968,,,
FSM,1969,,,
FSM,1970,,19885926.0,
FSM,1971,,21783158.0,2.3015745348425583
FSM,1972,,25100928.0,1.0669154673917092
FSM,1973,,34821467.0,33.93000784115776
FSM,1974,,46095175.0,15.327277447100144
FSM,1975,,46119184.0,0.0742880925752587
FSM,1976,,46813193.0,0.3563231811585723
FSM,1977,,47305560.0,2.426214330391602
FSM,1978,,53656834.0,5.640209184480199
FSM,1979,,60270778.0,2.1192237101547136
FSM,1980,,64186644.0,-7.196411188212721
FSM,1981,,76472529.0,9.723724885300953
FSM,1982,,80055706.0,-2.6210641212119015
FSM,1983,,84110353.0,1.9299968371347944
FSM,1984,,84676118.0,-3.952498484295049
FSM,1985,,101931941.0,16.55067607057228
FSM,1986,,112210000.0,7.979347301313624
FSM,1987,,116700000.0,1.1997600479903099
FSM,1988,,124700000.0,2.5489033787788173
FSM,1989,,135200000.0,3.526011560693405
FSM,1990,,147200000.0,3.740926856504686
FSM,1991,,166200000.0,7.427318937861372
FSM,1992,,178100000.0,4.008060372981689
FSM,1993,,198400000.0,8.140645771073224
FSM,1994,,202500000.0,-0.5345134158331177
FSM,1995,,219930000.0,7.014463043154322
FSM,1996,,216546000.0,-3.3390535592899937
FSM,1997,,204397200.0,-6.211097428474261
FSM,1998,,216520600.0,2.8368180349950194
FSM,1999,,217198900.0,1.128815596763772
FSM,2000,2.158518106194191,229616800.0,4.624545464716874
FSM,2001,0.5024973512940274,236387700.0,1.8201635157118545
FSM,2002,-0.1114424264329447,237654300.0,0.4432199530481
FSM,2003,0.1266433482089031,240949900.0,1.7627562992030334
FSM,2004,2.27669698247304,235538100.0,-3.190378310261025
FSM,2005,4.257699782109416,247000000.0,2.743462734903602
FSM,2006,4.637370085856346,250000000.0,-0.41322314049587305
FSM,2007,3.306342780026991,253000000.0,-1.6597510373444067
FSM,2008,8.423725662461864,261000000.0,-2.5316455696202524
FSM,2009,6.393602577352006,277000000.0,1.298701298701289
FSM,2010,3.313709631362165,292000000.0,1.7094017094017033
FSM,2011,5.082594038903711,308000000.0,3.7815126050420247
FSM,2012,5.018503530456163,324000000.0,-1.6194331983805768
FSM,2013,1.752327373507615,314000000.0,-3.7037037037037095
FSM,2014,0.6502848917679442,316000000.0,-2.564102564102569
FSM,2015,-0.2981158373807002,312000000.0,4.3859649122806985
FSM,2016,-1.03746806405349,327000000.0,1.260504201680675
FSM,2017,0.5822537352548897,361000000.0,2.0746887966804906
FSM,2018,1.498400235937367,394000000.0,0.4065040650406644
FSM,2019,1.923851707879231,395000000.0,3.643724696356273
FSM,2020,0.5545946308531743,372902700.0,-2.0570312499999943
FSM,2021,3.191284065974663,391601900.0,3.099699282905391
FSM,2022,5.408743754790666,415232900.0,-3.114125010638034
FSM,2023,,442975600.0,1.1309780009087262
FSM,2024,,481121300.0,2.3013292357644275
FSM,2025,,501797600.0,1.062607142553901
GAB,1960,,141468977.79984602,
GAB,1961,,167637907.12278184,14.766843186833214
GAB,1962,,182796536.26602525,7.4492115968867125
GAB,1963,7.158333332499956,154480244.05522227,6.092435284035986
GAB,1964,3.328408119008304,215679855.34209135,4.554453634403856
GAB,1965,2.438473695959194,226474285.7790626,8.333335660411706
GAB,1966,3.644111380967695,245849781.273234,4.508004566700038
GAB,1967,1.977741546826663,271543680.04889476,4.115152854262931
GAB,1968,2.335604059298392,294468564.24527156,2.5088008805875575
GAB,1969,2.975139247396499,318124701.47877115,8.082910433817148
GAB,1970,3.812664907667902,323802475.5124251,8.679342175560706
GAB,1971,3.863260897015763,381687072.6223791,10.258730911689852
GAB,1972,3.4870916434787,430508358.51420367,11.336970683066184
GAB,1973,6.207141168143387,722780701.2958542,10.1824336186273
GAB,1974,12.07280418566191,1544216001.660591,39.48709517884484
GAB,1975,28.45294263723375,2157592940.04234,19.190114910001682
GAB,1976,20.17156446397207,3009409974.2685614,35.62533796977746
GAB,1977,13.85256908628412,2809349069.2211766,-12.582091168196015
GAB,1978,10.76416909768074,2389479271.666156,-24.049206070007315
GAB,1979,7.952698537514438,3030251120.097586,0.47440527972284485
GAB,1980,12.34035925656025,4279637942.2514405,2.552937157652167
GAB,1981,8.706502148930054,3862269120.5349717,5.095329278957863
GAB,1982,16.68579687974915,3618007841.1350255,-3.09752039780534
GAB,1983,10.67193675889338,3391275731.5375123,5.608240679253029
GAB,1984,5.857142857142951,3561451560.507833,7.5089023083957755
GAB,1985,7.3549257759783,3339914757.2287188,-2.332949332694156
GAB,1986,6.285355122564509,3403638189.200494,-0.803597733902933
GAB,1987,-0.9461856889414412,3281797043.049957,-17.146042214897562
GAB,1988,-8.77611940298511,3834503376.029924,12.845353248086738
GAB,1989,6.740837696334983,4186411463.8597536,8.545309989825455
GAB,1990,7.72532188841208,5952293764.84777,5.192237276523983
GAB,1991,-11.68611269208882,5402919784.570041,6.112503483011778
GAB,1992,-9.542913303365754,5592390827.398541,-3.090145651543935
GAB,1993,0.5337465564741912,4378645081.017691,3.9465550079024183
GAB,1994,36.11624569629852,4190819344.2225494,3.7127548410896622
GAB,1995,9.646531040796159,4958845648.047782,4.973847763351031
GAB,1996,0.6896933772816383,5694040002.898627,3.6250490202798744
GAB,1997,3.973450075452996,5326817114.535865,5.738367394838434
GAB,1998,1.448738542945982,4483417309.830112,3.4778335871890107
GAB,1999,-1.93660397603626,4662992036.207296,-8.932622802301054
GAB,2000,0.5049200258348586,5080483628.530126,-1.8829663976089677
GAB,2001,2.137620527014649,5023265413.2623,2.1352334219742346
GAB,2002,0.03668288939713941,5335451099.882229,-0.24903316854343416
GAB,2003,2.235353135515361,6511903365.475535,2.247330011504502
GAB,2004,0.4082053074392502,7770219008.212934,0.6895430584648494
GAB,2005,3.708333333333035,9582783990.853455,2.6762033331092567
GAB,2006,-1.409401366009797,10327598306.457499,-2.806578355690519
GAB,2007,5.03031883679951,12455409587.337097,6.008108024876677
GAB,2008,5.264301455752853,15571348344.337933,-3.308430648787507
GAB,2009,1.885707545779184,12113699068.251694,0.13033111981661705
GAB,2010,1.46154402720469,14372593020.288502,7.089887314551262
GAB,2011,1.26331707837421,18210307743.581623,7.091753342586543
GAB,2012,2.652418286956261,17170464016.059284,5.251076917504065
GAB,2013,0.5054410589156145,17595744798.339832,5.638699003386961
GAB,2014,4.690457518262837,18203966895.84335,4.314964441074693
GAB,2015,-0.3387951887534059,14383107762.695183,3.8788993950789035
GAB,2016,2.106707127840543,14023890265.366455,2.091442208295618
GAB,2017,2.651925831439018,14929487485.162275,0.4726420309111461
GAB,2018,4.749066520832215,16867326401.962582,0.8379165808215703
GAB,2019,2.464567561511867,16874405465.391039,3.9208087945283125
GAB,2020,1.352761106753326,15342236163.994293,-1.8377610635094044
GAB,2021,1.086907465194095,19444935097.23335,1.467957315080909
GAB,2022,4.231247982745795,20440655695.22902,3.0376144952569177
GAB,2023,3.629015341853759,19388372070.97782,2.4389366504103123
GAB,2024,1.17311998381218,20895684425.67522,3.3940389952183097
GAB,2025,1.767666090034807,21427119323.27643,2.4728796149832135
GBR,1960,1.003575703901721,73233967692.10281,
GBR,1961,3.447496230466195,77741965703.35442,2.701314213282572
GBR,1962,4.196498882385512,81247564156.8246,1.098696236289797
GBR,1963,2.01854355976229,86561961812.32494,4.859545202447421
GBR,1964,3.281586946972125,94407558351.16156,5.594811058743446
GBR,1965,4.773774553869143,101824755078.99106,2.1303330866692107
GBR,1966,3.909617792118888,108572752102.0447,1.567449604824617
GBR,1967,2.48211441258618,113116888210.78702,2.7757377111221615
GBR,1968,4.697429206204779,107759910067.88947,5.472693100503847
GBR,1969,5.44666363048887,116464702803.21764,1.9391377537017576
GBR,1970,6.366568417274406,130671946244.30045,2.708581488560384
GBR,1971,9.444837423371334,148113896325.13995,2.0045376013588765
GBR,1972,7.07109839479797,169965034965.03497,3.626371057434568
GBR,1973,9.196033166578122,192537971582.55756,7.313524242201552
GBR,1974,16.04401118898614,206131369798.97147,-1.679697926452235
GBR,1975,24.20728767432911,241756637168.14157,-0.6768701940498119
GBR,1976,16.55952255880837,232614555256.0647,2.804655995452947
GBR,1977,15.84026674587677,263066457352.17163,2.363350944099224
GBR,1978,8.263141038607682,335883029721.95593,3.4033738285536685
GBR,1979,13.42127997740122,438994070309.19104,2.746772197095268
GBR,1980,17.96592426568572,564947710899.3726,-2.1791022020656357
GBR,1981,11.87662651422964,540765675241.1576,-1.323458173377901
GBR,1982,8.598863833321857,515048916841.3696,2.0930688643236834
GBR,1983,4.609303272697792,489618008185.53894,3.624346419239828
GBR,1984,4.960710978219265,461487097632.349,2.670924910328168
GBR,1985,6.071394340151186,489285164271.04724,3.5993814381715765
GBR,1986,3.427609403693144,601452653180.8854,4.012329870981674
GBR,1987,4.148922320529452,745162608269.3251,4.562080825726554
GBR,1988,4.155351715831023,910122732123.7993,5.032101804018296
GBR,1989,5.760249091852616,926884816753.9268,2.2814467193074535
GBR,1990,8.063460909388327,1093169389204.5454,0.7792661198834168
GBR,1991,7.461782957469335,1142797178130.5115,-1.2924397475170508
GBR,1992,4.591549295774609,1179659529659.5298,1.2947284960449252
GBR,1993,2.558577969297048,1061388722255.549,3.490487446534928
GBR,1994,2.219012605042045,1140489745944.2915,4.953410928006917
GBR,1995,2.697495183044318,1349094208616.0642,3.533390963380782
GBR,1996,2.851782363977489,1425287051482.0593,2.6149160694948677
GBR,1997,2.201143135108819,1569317288801.5718,4.8799853038024
GBR,1998,1.820561637315566,1660821464060.9473,3.246314828816182
GBR,1999,1.752950800514202,1693458987218.8967,2.944458698547976
GBR,2000,1.182956242104084,1671597821152.9731,4.524380748109039
GBR,2001,1.532349602724177,1656171009068.6628,2.3910222960282397
GBR,2002,1.52040245947455,1790536570743.4053,1.7090273625856724
GBR,2003,1.37650038542013,2061227755102.0408,3.2185161266961444
GBR,2004,1.390397566804219,2429774807762.724,2.3260185332599264
GBR,2005,2.089136490250696,2551361818181.818,2.7906547174687972
GBR,2006,2.455661664392905,2719558417663.2935,2.1898213241570375
GBR,2007,2.386561507733271,3104699879951.9805,2.9309113358235095
GBR,2008,3.521408563425387,2945251838235.294,-0.04941167274027691
GBR,2009,1.961731735601091,2429358155475.9307,-4.587408192263226
GBR,2010,2.492654724670655,2496740681057.139,2.2605446093158577
GBR,2011,3.8561124468282,2675590034128.658,0.8514377390203265
GBR,2012,2.573234796545302,2719715961539.831,1.52826034721852
GBR,2013,2.291666666666594,2796908333283.389,1.7184696130846362
GBR,2014,1.451120162932792,3085362169410.2915,3.1601735146815173
GBR,2015,0.3680468423253604,2945579890258.4585,2.1404056003337075
GBR,2016,1.008417368114095,2706807606538.7305,2.2065202063535736
GBR,2017,2.557755775577473,2699118387873.0957,3.0232221984033885
GBR,2018,2.292839903459376,2897028009916.0503,1.5513309507878574
GBR,2019,1.738104600865128,2875710080015.3003,1.2562989976082406
GBR,2020,0.9894867037724913,2724001478304.591,-10.047896637361958
GBR,2021,2.51837109614213,3194559188925.9272,8.543111845325498
GBR,2022,7.922048831479023,3181244350465.4146,5.1497038852299255
GBR,2023,6.793967067939626,3420796653789.0806,0.2716500483552551
GBR,2024,3.271572946359201,3695539513534.1543,1.0802771685878128
GBR,2025,3.883068816259998,4002587541846.0146,1.3884420785872607
GEO,1960,,,
GEO,1961,,,4.865940700543419
GEO,1962,,,5.113016496716938
GEO,1963,,,4.201879096721157
GEO,1964,,,5.429587649793447
GEO,1965,,,10.558636615224486
GEO,1966,,,7.535663148963252
GEO,1967,,,6.25308215800375
GEO,1968,,,4.455583402951817
GEO,1969,,,4.776504043366202
GEO,1970,,,12.052075823756397
GEO,1971,,,2.4713317942701423
GEO,1972,,,2.83646033387501
GEO,1973,,,6.482545611262765
GEO,1974,,,8.80974063206179
GEO,1975,,,7.380428381017339
GEO,1976,,,6.099532359563526
GEO,1977,,,6.894300095225134
GEO,1978,,,7.429560436763467
GEO,1979,,,7.37064063684609
GEO,1980,,,4.576446964849183
GEO,1981,,,5.266600552824258
GEO,1982,,,2.002445428852056
GEO,1983,,,4.301603521458901
GEO,1984,,,5.427963147879495
GEO,1985,,,4.94120590442833
GEO,1986,,,-8.175672223830517
GEO,1987,,7321981333.6771965,1.2814806572456519
GEO,1988,,8833588173.400229,5.5554538296742635
GEO,1989,,8902632715.25406,-7.193782850798826
GEO,1990,,7735927263.592614,-14.788785046728975
GEO,1991,,6324503311.258279,-21.099850837939798
GEO,1992,,3690328963.640861,-44.899774806083016
GEO,1993,,2701181331.308162,-29.300166506887322
GEO,1994,,2513867645.13316,-10.39823008849558
GEO,1995,162.717152150377,2693732611.815991,2.5965750696933583
GEO,1996,39.35749999871458,3094936177.1917963,11.202546386150146
GEO,1997,7.087617629487261,3510520231.2138724,10.5208042446244
GEO,1998,3.566807812787829,3613497316.5531864,3.1015096961657633
GEO,1999,19.19267582188947,2800025882.7167172,2.8672956745496805
GEO,2000,4.063962013825961,3057475335.1884646,1.8403811792733933
GEO,2001,4.64604442058634,3219462262.007499,4.8072986724369855
GEO,2002,5.587837300007943,3395766677.673153,5.474024887004077
GEO,2003,0.837734531536568,3991377904.1316156,11.057031002010362
GEO,2004,5.656326361911319,5125365191.986644,5.792682926829258
GEO,2005,8.247090431141581,6410912049.871047,9.591138328530263
GEO,2006,9.160965083944967,7745250733.950674,9.421480811899087
GEO,2007,9.244897455924036,10172931088.565523,12.575569824640453
GEO,2008,9.99948761552747,12795145130.910282,2.4216144096064056
GEO,2009,1.727514611379096,10766920065.825115,-3.6507522959682177
GEO,2010,7.110178974860989,12426907967.157818,6.246408653033626
GEO,2011,8.5429333333333,15475290469.286894,7.934336525307799
GEO,2012,-0.943658853270964,16894392033.225578,6.578831019541951
GEO,2013,-0.5120584109470924,17517660143.685932,5.132885312093819
GEO,2014,3.068812103795431,17966015109.304302,4.090490595817428
GEO,2015,4.003578206950973,15223796148.83962,3.3510235026535327
GEO,2016,2.134927139391212,15444548901.963682,3.4502151799687084
GEO,2017,6.035317252721169,16473125375.068438,5.159902616588269
GEO,2018,2.615244713976705,17902544880.64707,6.062036412677003
GEO,2019,4.852898216967227,17638337116.9126,5.380719265899515
GEO,2020,5.202464889753404,16010869215.679968,-6.2904717853839
GEO,2021,9.566914338247692,18853115588.81058,10.644233658096923
GEO,2022,11.89816542031976,24984568959.604965,10.95853213856239
GEO,2023,2.487760565787146,30777833600.651455,7.832201265557259
GEO,2024,1.109717580220962,34189423333.140984,9.679793797126607
GEO,2025,3.869213219396898,38143612855.136665,7.461615041520389
GHA,1960,,1217230094.9720452,
GHA,1961,,1302674324.883777,3.4296740146287448
GHA,1962,,1382515654.4734278,4.109158606257736
GHA,1963,,1540797588.5722094,4.405974199436471
GHA,1964,,1731296199.5229552,2.2093275018463885
GHA,1965,26.44478484901733,2053462968.042599,1.368998869709543
GHA,1966,13.23788546265387,2126300672.2296488,-4.258290369720072
GHA,1967,-8.42248589780283,1747187644.9030993,3.075364050078093
GHA,1968,7.89473684210539,1666909517.6520472,0.36886032865963614
GHA,1969,7.317073162601248,1962050555.777498,6.006174966247684
GHA,1970,3.030303030532654,2215028588.4564557,9.723472587086277
GHA,1971,9.558823537467722,2417108577.5273857,5.216124557060596
GHA,1972,10.06711409395949,2112293279.9850671,-2.4876554021492865
GHA,1973,17.68292682317107,3006766758.439771,2.8845841948016044
GHA,1974,18.13471502684633,2894409937.8881984,6.8525168322058505
GHA,1975,29.82456140481681,2810106382.9787235,-12.431629021459727
GHA,1976,56.08108108297558,2765254237.2881355,-3.530182806275363
GHA,1977,116.4502164536386,3189428571.428571,2.274107241699568
GHA,1978,73.09166666734303,3662478184.991274,8.475935602321712
GHA,1979,54.44128833456161,4020227920.22792,-2.514941419593015
GHA,1980,50.07013934363644,4445228215.767634,0.47169594317210795
GHA,1981,116.5036039965411,4222441860.4651165,-3.503066946967053
GHA,1982,22.29556640808933,4035994397.759104,-6.92365041055389
GHA,1983,122.8745145725921,4057275132.275132,-4.563737504589454
GHA,1984,39.66531379472676,4412279843.444227,8.64756945671597
GHA,1985,10.30544066982954,4504306722.689075,5.091617272011376
GHA,1986,24.56541607650007,5735677433.826828,5.199160679748772
GHA,1987,39.81506787753632,5074829931.972789,4.7948988794078105
GHA,1988,31.35926762647684,5197765031.64557,5.628168763594573
GHA,1989,25.22369202958248,5251858439.874004,5.085872700138424
GHA,1990,37.25906648556708,5889106573.460878,3.32881788321653
GHA,1991,18.03143900898491,6603185267.796426,5.281826398344293
GHA,1992,10.05611674488413,6416103925.832665,3.879419080375172
GHA,1993,24.95984247424968,5968922939.3719845,4.850000553794118
GHA,1994,24.87025543695763,5446383726.770467,3.299999739477471
GHA,1995,59.46155369914462,6464382807.678836,4.112418971628614
GHA,1996,46.56101967622823,6932991739.377671,4.602461155646267
GHA,1997,27.88520864075274,6891443192.249848,4.196357440195712
GHA,1998,14.62416666666746,7482069162.420078,4.700390784279108
GHA,1999,4.865397850775285,7718109982.260925,4.399996825452959
GHA,2000,40.24093312391401,4982850662.208511,3.7000000816440775
GHA,2001,41.50949628780302,5314872854.440497,4.0000001280791935
GHA,2002,9.360932395603127,6166197847.850311,4.499999559003314
GHA,2003,29.77297971603836,7632723555.66221,5.200000133101
GHA,2004,18.04273882325649,8881417906.714323,5.5999999907744495
GHA,2005,15.43899201559083,10744568381.44561,5.900003818551042
GHA,2006,11.67918393924918,20885037596.696342,6.399912606180337
GHA,2007,10.7342665456292,24827339138.49064,4.346819104400794
GHA,2008,16.49463961341201,28679383241.07291,9.14979893831817
GHA,2009,19.24694822208571,26048720005.52326,4.844487051750761
GHA,2010,10.73338983549149,32197655566.534706,7.899711940516212
GHA,2011,8.7284593709302,39336668080.55898,14.047123580314903
GHA,2012,11.18634094410672,41271701060.95403,9.2927894063005
GHA,2013,11.66619230717286,62845721959.82703,7.31252501678145
GHA,2014,15.48961603333184,54678533805.906425,2.8562401633088257
GHA,2015,17.14996950078776,49436806230.48395,2.120759338173343
GHA,2016,17.45463470708676,56144179397.85165,3.3734657496693643
GHA,2017,12.37192155070485,60385409434.856674,8.128894881009558
GHA,2018,7.80876516610703,67259353965.60871,6.200077681272845
GHA,2019,7.143640033308569,68352629246.15547,6.507774793915203
GHA,2020,9.887289562699442,70008243859.86661,0.5139416706281708
GHA,2021,9.971088675044395,79514204730.3979,5.076466435335419
GHA,2022,31.25589510490163,73919003212.19975,3.804849781780419
GHA,2023,38.10696562965015,80547146875.9526,3.14009100080186
GHA,2024,22.84832811578422,83288585604.02676,5.847468542803824
GHA,2025,14.20467555489892,114209905278.71707,5.954417147568989
GIB,1960,,,
GIB,1961,,,
GIB,1962,,,
GIB,1963,,,
GIB,1964,,,
GIB,1965,,,
GIB,1966,,,
GIB,1967,,,
GIB,1968,,,
GIB,1969,,,
GIB,1970,,,
GIB,1971,,,
GIB,1972,,,
GIB,1973,,,
GIB,1974,,,
GIB,1975,,,
GIB,1976,,,
GIB,1977,,,
GIB,1978,,,
GIB,1979,,,
GIB,1980,,,
GIB,1981,,,
GIB,1982,,,
GIB,1983,,,
GIB,1984,,,
GIB,1985,,,
GIB,1986,,,
GIB,1987,,,
GIB,1988,,,
GIB,1989,,,
GIB,1990,,,
GIB,1991,,,
GIB,1992,,,
GIB,1993,,,
GIB,1994,,,
GIB,1995,,,
GIB,1996,,,
GIB,1997,,,
GIB,1998,,,
GIB,1999,,,
GIB,2000,,,
GIB,2001,,,
GIB,2002,,,
GIB,2003,,,
GIB,2004,,,
GIB,2005,,,
GIB,2006,,,
GIB,2007,,,
GIB,2008,,,
GIB,2009,,,
GIB,2010,,,
GIB,2011,,,
GIB,2012,,,
GIB,2013,,,
GIB,2014,,,
GIB,2015,,,
GIB,2016,,,
GIB,2017,,,
GIB,2018,,,
GIB,2019,,,
GIB,2020,,,
GIB,2021,,,
GIB,2022,,,
GIB,2023,,,
GIB,2024,,,
GIB,2025,,,
GIN,1960,,,
GIN,1961,,,
GIN,1962,,,
GIN,1963,,,
GIN,1964,,,
GIN,1965,,,
GIN,1966,,,
GIN,1967,,,
GIN,1968,,,
GIN,1969,,,
GIN,1970,,3220224607.8185134,
GIN,1971,,3594302908.061642,5.365818407665216
GIN,1972,,4203069035.014268,2.315179533003729
GIN,1973,,5152080387.555722,1.5672868056909977
GIN,1974,,5691417541.338714,5.250221182108433
GIN,1975,,6102769605.430008,2.8769205739109083
GIN,1976,,6762781870.621103,7.923368314924346
GIN,1977,,6914381290.571162,-3.3530698440489175
GIN,1978,,8087305999.059702,6.7962644749320305
GIN,1979,,8877094497.449707,-1.207860744417303
GIN,1980,,9746524915.080706,2.601387965771167
GIN,1981,,9646440666.528643,0.6097371552390598
GIN,1982,,11926032493.430103,1.8000047623814481
GIN,1983,,15129893722.344883,1.3000118345803742
GIN,1984,,18421497251.176674,1.400009459463618
GIN,1985,,22787644565.905888,4.999930583798104
GIN,1986,,2909130355.2380023,3.1140400344512216
GIN,1987,,2976714019.0685163,3.299938842800046
GIN,1988,,3476480303.1227303,6.308116701975237
GIN,1989,,3546079262.9498672,4.003476010148404
GIN,1990,,3888320665.522181,4.324062754831303
GIN,1991,,4396178694.153499,2.6134230040964184
GIN,1992,,4789220416.706413,3.2709473025656024
GIN,1993,,4781166116.517895,5.044144540714029
GIN,1994,,4932800406.929736,3.970099105900644
GIN,1995,,5385704166.4334135,4.60767320245354
GIN,1996,,5641243099.76661,4.461575085175994
GIN,1997,,5516916163.094898,5.181603457737623
GIN,1998,,5232118046.371303,3.64412124205991
GIN,1999,,5046806782.547613,3.8120040334720215
GIN,2000,,4367458866.715374,2.503060562996069
GIN,2001,,4125527603.22908,3.6583464692958643
GIN,2002,,4301608752.513958,5.164609466966311
GIN,2003,,5025167975.263627,1.2486012592369775
GIN,2004,,5300767960.515724,2.3401173128873722
GIN,2005,31.3733025877534,4282468636.9050093,2.9972725627581838
GIN,2006,34.69527059970722,4220019845.2634134,1.18960211693242
GIN,2007,18.17556561085974,6281918226.344083,6.817471110702812
GIN,2008,23.06561293879799,6964179983.172116,4.133016159658325
GIN,2009,4.684388689765041,6716905339.731356,-1.1226420484868669
GIN,2010,15.05026885590008,6853467145.530887,4.8133601696755335
GIN,2011,21.3169268542577,6785137203.331526,5.612111774309753
GIN,2012,15.2262941038638,7638044556.846559,5.915286261333222
GIN,2013,11.88758844818276,8376613539.282782,3.9456870862405253
GIN,2014,6.150505567064199,8778473372.821243,3.6965531166408567
GIN,2015,11.78008250298339,8794201742.846092,3.8259105694943543
GIN,2016,8.172681122751316,8595955222.497192,10.82062719659001
GIN,2017,8.91435947913097,10324668271.136229,10.300005342735517
GIN,2018,9.827617012591912,11857030366.78909,6.3584919273671545
GIN,2019,9.470010392530124,13442861496.44542,5.616914468898756
GIN,2020,10.60162033871666,14088693742.94638,4.70459096113575
GIN,2021,12.59728825669343,17069115737.825916,5.582332811490502
GIN,2022,10.49304099844241,19910452541.92191,3.9724078420072146
GIN,2023,7.804975919279735,22407615556.057053,5.541726686277016
GIN,2024,8.123139149485961,25008678293.407265,5.350046590492653
GIN,2025,3.546301631428851,28346024753.292427,7.447096683576106
GMB,1960,,,
GMB,1961,,,
GMB,1962,1.787617876105171,,
GMB,1963,4.616128252987213,,
GMB,1964,-4.53565378123679,,
GMB,1965,1.218036621688556,,
GMB,1966,0.2390819253282196,44212081.35022968,
GMB,1967,1.407218953816767,46695006.95793745,0.0
GMB,1968,4.178753430128872,41160065.856105365,9.576143472286631
GMB,1969,5.012040938840165,45168072.26891563,2.4355228811132577
GMB,1970,-1.985093879619951,52296083.673733875,6.153846572622854
GMB,1971,3.056225780450084,55728663.22268395,-0.0658770394050947
GMB,1972,8.698119900794353,59160569.480441295,0.24170478501123682
GMB,1973,6.918608445890195,75187749.09613165,9.250329253455462
GMB,1974,9.236310359668533,95796021.68882716,5.8787936102978335
GMB,1975,25.92499999949994,115179719.07763307,12.393429090692322
GMB,1976,17.02733108325194,112190829.4704568,7.351225732475214
GMB,1977,12.38973083012857,138093099.0977397,3.439576059589683
GMB,1978,8.85534591214091,171833086.01962367,6.316446309761787
GMB,1979,6.128957707342815,207112627.72609425,-1.328183161649747
GMB,1980,6.824615652477968,241083090.303623,6.270079605563538
GMB,1981,5.944227006144452,218767743.4591015,3.321894010649416
GMB,1982,10.85584545530891,216050552.30158418,-0.7645826371500419
GMB,1983,10.63630367613855,213448584.93694514,10.883227767559191
GMB,1984,22.09845941453268,177340880.08620396,3.5352573016993745
GMB,1985,18.31988487427302,225726358.8909143,-0.8122646605623061
GMB,1986,56.56017201350402,185646986.82492676,4.091070740996912
GMB,1987,23.52916695569413,220626484.2248106,2.4543325967863154
GMB,1988,11.69058688767633,266672211.93416098,4.476826920763571
GMB,1989,8.275016087515917,284120329.4010232,5.895721872647357
GMB,1990,12.16778411306958,317083695.47779715,3.55887936756983
GMB,1991,8.642343259734378,690311080.5150175,3.107039223855807
GMB,1992,9.486542506171633,714254256.1221893,3.3786887912181243
GMB,1993,6.463804227538466,755040974.0873225,3.0121013743749927
GMB,1994,1.710206323056372,746493951.9009587,0.15434595984513066
GMB,1995,6.98097441830556,785999864.8402995,0.8818482407546782
GMB,1996,1.099488707710178,848239446.2157602,2.2235456383862697
GMB,1997,2.781227900232293,803633342.4737065,4.899999109996813
GMB,1998,1.114188411747133,840285264.6315453,3.4999987020530625
GMB,1999,3.812372053660197,814724032.065735,6.399999050093015
GMB,2000,0.8449695667737002,782913871.8096597,5.500000216329553
GMB,2001,4.492596092397543,687410645.0639434,5.800000243233768
GMB,2002,8.60912474386327,578235309.3271981,-3.2500001497020605
GMB,2003,17.03286654319883,487038685.04549587,6.869999621738415
GMB,2004,14.20674328455688,961900651.4234409,7.0500000006463495
GMB,2005,4.838621775431567,1027701067.5568765,-2.351729361760192
GMB,2006,2.056503423659901,1054112487.7408298,-0.555580977246521
GMB,2007,5.369134738019567,1279703047.0220978,3.043249508297393
GMB,2008,4.443654909450098,1561766955.7302403,6.255905533942865
GMB,2009,4.561506876709827,1450142508.5780816,6.6657243078366974
GMB,2010,5.049680758574017,1543294926.8730059,5.908335809682882
GMB,2011,4.7958826618311,1409693596.9359355,-8.130444223156587
GMB,2012,4.254321998138986,1415004738.2662053,5.241569246307407
GMB,2013,5.69912989637382,1375609453.4374623,2.872768790327001
GMB,2014,5.947999356966258,1229461721.4086075,-1.4073824951095446
GMB,2015,6.8084549457960994,1378176608.9320412,4.058073803999605
GMB,2016,7.228792720579224,1484578885.9713225,1.9433596547877556
GMB,2017,8.034189745459113,1504909462.6952114,4.822611249275695
GMB,2018,6.520968239465726,1670671327.8165143,7.234890332585792
GMB,2019,7.115676256311922,1813609692.4999352,6.222053159948587
GMB,2020,5.931276365624406,1812170891.1906917,0.5914872878739743
GMB,2021,7.370347588766179,2014158842.1459632,5.255968788167436
GMB,2022,11.51311983805049,2204734527.88096,5.492998230101136
GMB,2023,16.97421296323269,2382262185.3817883,5.916795765511409
GMB,2024,11.56105328975111,2404888737.5485344,5.551260658051376
GMB,2025,,2593673987.533057,5.893092082331464
GNB,1960,,,
GNB,1961,,,
GNB,1962,,,
GNB,1963,,,
GNB,1964,,,
GNB,1965,,,
GNB,1966,,,
GNB,1967,,,
GNB,1968,,,
GNB,1969,,,
GNB,1970,,204670550.7606401,
GNB,1971,,204167296.8566027,-3.9109674583076384
GNB,1972,,227986203.29754004,6.374860893687526
GNB,1973,,232331281.3559322,1.1098927903721432
GNB,1974,,256769730.2631579,4.559241048158455
GNB,1975,,283311996.82299,7.845584319974023
GNB,1976,,292152321.493146,4.943455304916981
GNB,1977,,298871674.86004114,-7.170069970884626
GNB,1978,,318876550.43227667,13.126043380220878
GNB,1979,,308143183.3118194,1.9941443625663737
GNB,1980,,287648258.2582974,-15.952651498613463
GNB,1981,,402230865.1515151,18.167528152833867
GNB,1982,,430284021.8837715,4.200082134682148
GNB,1983,,425225176.8121655,-3.39828742893647
GNB,1984,,359980490.72856855,9.109222986348058
GNB,1985,,373959151.14859086,4.166492896989098
GNB,1986,,338524232.5673154,-0.7938476263568361
GNB,1987,,451893374.9590704,2.9000000075596972
GNB,1988,60.2817826333536,427514321.52812636,4.5999999884341065
GNB,1989,80.78814064362332,554072302.8283328,6.10000002132945
GNB,1990,33.00197783180257,634187269.2350131,6.0999999862811904
GNB,1991,57.59528475056636,668470890.7851467,5.100000034519667
GNB,1992,69.58363639937932,588309271.2860298,1.0999999677652568
GNB,1993,48.10816606870667,615779518.8071141,2.0999999891134706
GNB,1994,15.17634743134412,612502084.7975655,3.200000019130812
GNB,1995,45.36530836218561,660195402.0136017,4.400000006106495
GNB,1996,50.73405496121191,702965147.5680538,11.600000004386857
GNB,1997,49.10092357695305,698107222.4224917,6.4999999932145585
GNB,1998,8.013755189656028,591034143.4263843,-22.445727065752607
GNB,1999,-2.086305132235272,579365780.1351341,16.815021269290526
GNB,2000,8.636320949302783,391345597.48826927,1.1002781577742269
GNB,2001,3.348122655271079,412610871.5091215,4.785971650048197
GNB,2002,3.300121752837517,466773711.2355795,3.653936036427126
GNB,2003,-3.50258551103421,553614800.1457071,-0.2859310522865144
GNB,2004,0.8833026969309434,582169841.2983041,1.1718915227703803
GNB,2005,3.329199228028556,639776040.6884242,6.559771118460773
GNB,2006,1.954737176289165,634781901.2514939,2.666504932695716
GNB,2007,4.617437722419966,753162998.0151126,2.559826470787513
GNB,2008,10.46007313547063,952667544.0372885,4.524575146102521
GNB,2009,-1.65139733620775,890167833.3698492,2.4479510609868527
GNB,2010,2.517851401717014,940112538.9364358,5.605363113582612
GNB,2011,5.046102263202,1157074319.193877,8.085041671735539
GNB,2012,2.130545802745028,1049412177.1141346,-1.7128695844641868
GNB,2013,1.207125556684045,1109682824.1359422,3.256071908520866
GNB,2014,-1.509244605704939,1135250721.037397,0.9645257458414278
GNB,2015,1.476720489104847,1152384166.796375,6.134089362312295
GNB,2016,1.503120558610882,1245074264.1039608,5.432678265030404
GNB,2017,1.691114618222977,1469978606.1214306,4.663679439132636
GNB,2018,0.3813247027909915,1554133593.9169855,3.761453596370032
GNB,2019,0.2466002681478295,1596214680.1292503,5.327495711193436
GNB,2020,1.140009393932222,1705062169.8142226,2.891499798069134
GNB,2021,2.242488795776585,1907611288.2303581,5.017309600390703
GNB,2022,9.39075933985203,1856239954.8155487,5.457760900195012
GNB,2023,7.102209285570592,2076748678.11987,4.630523646015618
GNB,2024,3.76555825770114,2197777209.9421806,4.409201071836108
GNB,2025,0.8749296910387171,2527930272.929879,5.818137623107916
GNQ,1960,,,
GNQ,1961,,,
GNQ,1962,,37253333.333333336,
GNQ,1963,,44266666.666666664,
GNQ,1964,,51915000.0,
GNQ,1965,,64748333.333333336,
GNQ,1966,,69110000.00000001,
GNQ,1967,,72317446.93271928,
GNQ,1968,,67514285.71428572,
GNQ,1969,,67225714.28571428,
GNQ,1970,,66331428.571428575,
GNQ,1971,,64946954.756798,
GNQ,1972,,65429198.23870797,
GNQ,1973,,81203226.91383454,
GNQ,1974,,94159862.70736909,
GNQ,1975,,104295643.38843696,
GNQ,1976,,103653049.9379699,
GNQ,1977,,103987520.07582739,
GNQ,1978,,,
GNQ,1979,,,
GNQ,1980,,50642880.77375034,
GNQ,1981,,36731422.84569138,5.769420503019546
GNQ,1982,,44294647.73347897,2.2016759463672173
GNQ,1983,,44442456.947639965,5.004387195826681
GNQ,1984,,50320914.4065688,1.0113816704000271
GNQ,1985,,62118569.96544805,12.905178868482096
GNQ,1986,-17.64042409203713,76407395.87275417,-2.33055635744239
GNQ,1987,-13.17447274719274,93345859.52973002,4.436737362443608
GNQ,1988,2.523659305993913,100534656.8817321,2.655262182588203
GNQ,1989,6.166153846153629,88265974.86104898,-1.2291780794983396
GNQ,1990,0.8578715511247355,112119411.48996468,-1.7585640849644335
GNQ,1991,-3.425287356322015,110906028.53686225,-1.022238877102879
GNQ,1992,-4.278743156391288,134707183.84662017,34.745320029065226
GNQ,1993,5.452284737332798,136047906.24540824,11.033213037527673
GNQ,1994,31.84101684163854,100807002.54019465,16.668835541841645
GNQ,1995,19.87243494834721,141853360.86785537,17.48626373239381
GNQ,1996,4.540727715402347,232463022.80296078,66.57999722158965
GNQ,1997,3.016505406943662,442337870.6943698,149.97296348796513
GNQ,1998,7.935710698141481,370687634.42571217,23.774482329960662
GNQ,1999,0.3722661703119278,621117885.6685027,25.664015441041826
GNQ,2000,4.802288869013977,1045998496.4387157,18.21377995696743
GNQ,2001,8.825389258549661,1461139022.0295386,63.37987542506022
GNQ,2002,7.5924784983324,1806742742.2731116,19.4628340359251
GNQ,2003,7.323543993518087,2484745935.093289,13.95525031638249
GNQ,2004,4.219687870948341,4410764338.667325,37.9987268556423
GNQ,2005,5.631633513576132,8217369092.652238,16.748700605354088
GNQ,2006,4.415899841695609,10086528698.86043,7.704917606587671
GNQ,2007,2.803738317757037,13071718758.737305,15.282113919485724
GNQ,2008,6.551766911845354,19749893536.320362,17.799109133381137
GNQ,2009,4.691065677473749,15027795173.218706,1.3433562880609458
GNQ,2010,7.789165479911835,16314443436.290295,-8.924175888518064
GNQ,2011,4.805389221557,21357343668.944725,6.523923629898732
GNQ,2012,3.656620482788057,22388344143.913067,8.31287184445641
GNQ,2013,2.948876946396622,21948834283.785564,-4.133198501315832
GNQ,2014,4.309998661491074,21765453081.9826,0.4150663015968661
GNQ,2015,1.676630853159882,13185496881.017399,-9.11004114881537
GNQ,2016,1.411939154790155,11240808847.887815,-8.816417232197566
GNQ,2017,0.7443547466124104,12200913878.982721,-5.667508504866859
GNQ,2018,1.060074106621712,13097012133.615946,-6.236544067345747
GNQ,2019,1.53027528964189,11364133549.747766,-5.481825378934445
GNQ,2020,4.766695239442282,9893816007.7398,-4.791080833832936
GNQ,2021,-0.09710076646401984,12215878032.716585,0.8602699563820693
GNQ,2022,4.78671704710803,13687643435.624903,3.2235083165859777
GNQ,2023,2.859495060373218,12541814272.802097,-7.425055317212397
GNQ,2024,2.921402273091033,13254388261.12576,0.39622552095192987
GNQ,2025,,12823210425.921738,-5.846785057006926
GRC,1960,1.477847584933761,4274890306.82895,
GRC,1961,2.103579349970249,4892397431.332924,13.20383860524619
GRC,1962,-0.4754282910499135,5140542929.420669,0.3648122898777473
GRC,1963,3.184662727916083,5813285626.644041,11.84486666559566
GRC,1964,0.6173029785125237,6576906345.115185,9.409677323682786
GRC,1965,3.220872469970955,7582209670.27425,10.768010972041083
GRC,1966,4.903415961306008,8472021466.868469,6.4945013806049445
GRC,1967,1.841357027505975,9146592855.683004,5.669486433564856
GRC,1968,0.1390605835077551,9950331205.83108,7.203717680364235
GRC,1969,2.638918688354847,11454106327.07559,11.56366840825629
GRC,1970,2.841670678841175,12957113636.363638,8.93058020025967
GRC,1971,3.289470722303331,14388806818.18182,7.841176577603036
GRC,1972,4.331201232033483,16650659090.909092,10.160151590865226
GRC,1973,15.38462407021277,22037019562.715763,8.092379071188006
GRC,1974,26.56084658673485,24998715909.09091,-6.438240570140039
GRC,1975,13.62876178217551,28129128586.60999,6.366807946021808
GRC,1976,13.0242794587955,30719552238.80597,6.851898695719427
GRC,1977,12.36979708750779,35673080481.03608,2.941000906207634
GRC,1978,12.57242567244415,43654480519.480515,7.246863979064685
GRC,1979,19.09417468087673,53724121435.14259,3.2820795885315874
GRC,1980,24.67589397362321,56039256594.72423,0.6771314066958496
GRC,1981,24.50606759779662,51618456334.56335,-1.5537212690519624
GRC,1982,20.99108862200163,53858346938.775505,-1.1326473905114511
GRC,1983,20.17948128921377,48741397058.823524,-1.0786227393117684
GRC,1984,18.45681320501871,47352146311.970985,2.0105809370464414
GRC,1985,19.31469294066421,47155741426.10412,2.5095564023739314
GRC,1986,23.01545082050135,55595445472.24927,0.5176600063388861
GRC,1987,16.39686316353627,64739630095.621544,-2.258863223691705
GRC,1988,13.52885832150487,75200610136.92049,4.287861728517612
GRC,1989,13.65556387236124,78067933277.38145,3.799999952877968
GRC,1990,20.43349910946295,96529587274.29063,0.0
GRC,1991,19.45584564457454,103680863712.84352,3.09999970633838
GRC,1992,15.87707379239191,114608178405.43439,0.7000003371197892
GRC,1993,14.4112644439348,107295704518.43045,-1.6000000218629395
GRC,1994,10.87407568091316,114980063202.2472,1.999999847248219
GRC,1995,8.934514159615174,134974613913.81087,2.0997195323527507
GRC,1996,8.194552176327276,142502984144.96036,1.3824705732585727
GRC,1997,5.536002667734803,138766067640.08487,3.602883265161225
GRC,1998,4.766225723976405,139612812175.71774,3.4369357966133265
GRC,1999,2.636633060219802,137131371955.30725,2.658785623211841
GRC,2000,3.151181624938296,125760166224.80498,4.137826994058486
GRC,2001,3.373968322138674,132050474720.03008,4.650414594421633
GRC,2002,3.629358718788736,150253800085.8646,4.683137270630169
GRC,2003,3.530650277655515,196930509813.3843,5.796822742943689
GRC,2004,2.898848107581697,234979615898.22455,5.377866345958509
GRC,2005,3.545072733350776,242315668619.40533,1.183506354932888
GRC,2006,3.195946841445446,269073415333.6761,6.443397624874365
GRC,2007,2.895003215165783,314226996944.10803,3.506869766394587
GRC,2008,4.152797081102934,351121399546.4851,0.05747402382007749
GRC,2009,1.210072691978091,326829054686.306,-4.1192760671501105
GRC,2010,4.712989077603883,296417644404.0339,-5.693741215800301
GRC,2011,3.3298532335065,283228079776.04144,-9.876778753002426
GRC,2012,1.501526961777577,238841140018.23288,-8.33113421099992
GRC,2013,-0.9212694542569938,236556279640.70538,-2.272116998880236
GRC,2014,-1.312260964055063,233911581521.06232,0.792225060962835
GRC,2015,-1.735888047652842,194567373678.09912,-0.22830189217285124
GRC,2016,-0.8256539783909733,193097239005.87012,-0.031794767841205385
GRC,2017,1.121254520314194,200381103984.298,1.4731247270235173
GRC,2018,0.6256214134536403,213298873494.3936,2.06467207892409
GRC,2019,0.2530075220381571,207305649887.0193,2.2771806533480827
GRC,2020,-1.247983555814052,191362985554.86124,-9.196231497269778
GRC,2021,1.223825010198543,218303801895.32596,8.654497860021308
GRC,2022,9.645259812806318,217990189600.68958,5.521985805894076
GRC,2023,3.464801285134052,242946187738.26898,2.1359113199663113
GRC,2024,2.74101875679486,256238371778.11792,2.086574338060302
GRC,2025,2.482097453788573,280635521324.4408,2.0730688248171276
GRD,1960,,,
GRD,1961,,,
GRD,1962,,,
GRD,1963,,,
GRD,1964,,,
GRD,1965,,,
GRD,1966,,,
GRD,1967,,,
GRD,1968,,,
GRD,1969,,,
GRD,1970,,,
GRD,1971,,,
GRD,1972,,,
GRD,1973,,,
GRD,1974,,,
GRD,1975,,,
GRD,1976,,,
GRD,1977,18.45688350983372,71494495.18518518,
GRD,1978,18.13537675606647,88322386.29629628,5.341402185183469
GRD,1979,20.88288288288313,102244362.22222221,5.602083485909674
GRD,1980,21.82143389476799,110900457.03703703,-0.5347839884224754
GRD,1981,18.78747094090257,115651918.88888888,1.5341874727568268
GRD,1982,7.812741412164894,125435589.99999999,4.124261571563935
GRD,1983,6.095347281933436,131803552.22222221,3.632574896957877
GRD,1984,5.659612787032883,145533310.74074072,3.568465337610945
GRD,1985,2.501384923509793,167728455.18518516,5.979708141110393
GRD,1986,0.5570799035505318,187589522.59259257,7.19427376957988
GRD,1987,-0.8723333884575093,215009569.6296296,9.097425106980126
GRD,1988,4.000000000000132,236357523.7037037,2.966791684266326
GRD,1989,5.592948717948956,267327642.2222222,3.767730764377447
GRD,1990,2.724237365305252,278098762.9629629,4.0126119159970415
GRD,1991,2.644603678806777,300757888.8888889,1.3855457870299404
GRD,1992,3.778337531486177,310160444.4444444,-0.851148756391396
GRD,1993,2.808599167822453,309812185.1851852,-1.958815581437463
GRD,1994,3.770657672849649,325111814.8148148,1.69355604419043
GRD,1995,1.868824752989779,342172518.5185185,2.1294751495985764
GRD,1996,2.032351721277825,366911444.4444444,4.438234716033577
GRD,1997,1.244527829893434,392190592.5925926,5.015494609367451
GRD,1998,1.377693303894964,445903592.59259254,11.753502991919177
GRD,1999,0.5774276386771193,482009370.3703703,6.898362433686771
GRD,2000,2.18181818181821,520044370.3703703,4.887952136505618
GRD,2001,3.140993052025434,520444185.18518513,-2.0239000407205765
GRD,2002,1.067215479928745,540336925.9259259,3.437323529541473
GRD,2003,2.154928099086793,591018407.4074074,9.46397343076491
GRD,2004,2.312916782261104,599118592.5925926,-0.647450316084857
GRD,2005,3.475806937554001,695555555.5555555,13.276188330627207
GRD,2006,4.251953219779671,698700666.6666666,-3.995328244274816
GRD,2007,3.858829224696526,758683592.5925926,6.123450947414668
GRD,2008,8.033273276503401,825976037.037037,0.9475426249076975
GRD,2009,-0.3086547795856416,771275555.5555555,-6.6132813479954535
GRD,2010,3.436509059433511,771014814.8148147,-0.511146187173722
GRD,2011,3.0334728033474,778655555.5555555,0.764773550338731
GRD,2012,2.410777040218625,799881481.4814814,-1.1548381640980097
GRD,2013,-0.04399978648280583,842618518.5185184,2.351098016779048
GRD,2014,-0.9836030555549795,911496296.2962962,7.342123960379482
GRD,2015,-0.5154480314353295,997007407.4074073,6.44522314693144
GRD,2016,1.650389944315728,1061640740.7407407,3.7396039558691
GRD,2017,0.9084582558742492,1125685185.1851852,4.438675669481512
GRD,2018,0.8041023132770334,1166514814.8148148,4.3614403936479675
GRD,2019,0.5981497647360223,1213485185.1851852,0.6765117388737565
GRD,2020,-0.7407325970454977,1043411111.111111,-13.75662225721068
GRD,2021,1.219511939168379,1122222222.222222,4.697724023267398
GRD,2022,2.580539259079196,1224007407.4074073,7.31023806981959
GRD,2023,2.696122698145644,1336418518.5185184,4.526574974506929
GRD,2024,1.086153651347365,1351270370.3703704,2.399647845432696
GRD,2025,0.6103119758938326,1420173228.5694814,4.412009999999995
GRL,1960,,,
GRL,1961,,,
GRL,1962,,,
GRL,1963,,,
GRL,1964,,,
GRL,1965,,,
GRL,1966,,,
GRL,1967,,,
GRL,1968,,,
GRL,1969,,,
GRL,1970,,69520026.66666667,
GRL,1971,,88466738.24972685,13.060851361203333
GRL,1972,,106101297.80127242,6.177273555080177
GRL,1973,,140153748.2436565,6.806008982222679
GRL,1974,,169918948.62918174,5.706253992770144
GRL,1975,,211190630.32960913,0.6462401430063096
GRL,1976,,240779417.7856998,5.959208506050999
GRL,1977,,282269749.16011345,8.822315296930583
GRL,1978,,355987433.4156901,6.016717191083146
GRL,1979,,420645821.5404875,4.860597464275429
GRL,1980,,476051740.7737695,8.676006264523338
GRL,1981,,435748993.4184214,0.6652795719208626
GRL,1982,,402403041.0292685,-4.419660842029941
GRL,1983,,416184071.0194169,3.4572166611060737
GRL,1984,,379371901.49037445,-5.179615487854889
GRL,1985,,412876382.82917434,3.656387989483207
GRL,1986,,603016292.6869783,7.097322733887324
GRL,1987,,787390408.9532692,5.515872102922302
GRL,1988,,898607670.6244127,5.6036107077352995
GRL,1989,,929799902.191124,6.659545027708603
GRL,1990,,1018977280.3292787,-11.71953298634827
GRL,1991,,1016500069.2570795,-0.11346459423680244
GRL,1992,,1037916162.5497649,-5.111700032319703
GRL,1993,,927214151.7679299,-5.027932629425152
GRL,1994,,1005887539.3204867,5.924369801492091
GRL,1995,,1208953287.0659847,3.728677489111206
GRL,1996,,1197515569.0820243,1.5296373613267917
GRL,1997,,1072154433.8453763,1.4689263809697195
GRL,1998,,1149858069.7576582,7.757981744825514
GRL,1999,,1131555107.0490694,1.3778844452400563
GRL,2000,,1068025016.0086223,7.101596881816192
GRL,2001,,1086170703.9815965,1.2690350790278728
GRL,2002,,1169136716.0355651,-0.9711773106655528
GRL,2003,,1558759823.081686,4.430045721182111
GRL,2004,,1822499769.2393847,6.90658283676629
GRL,2005,,1849802648.3639076,4.987491770901926
GRL,2006,,2013106929.500311,5.55569490080012
GRL,2007,,2249811295.6608014,2.3524379811805005
GRL,2008,,2499092314.4187546,6.166132701861898
GRL,2009,,2529963903.2268476,0.865952328886948
GRL,2010,,2503167187.4930544,1.7358250588966513
GRL,2011,,2684461375.465847,-0.4965193919590831
GRL,2012,,2609678486.367488,1.3941933595562546
GRL,2013,,2684946990.1244802,-1.2982806933551103
GRL,2014,,2842065708.3596215,4.7421356730151984
GRL,2015,,2499113022.8167543,-2.5293180239447537
GRL,2016,,2707139544.4669547,4.681954109723023
GRL,2017,,2851613679.0343266,0.05272818288003123
GRL,2018,,3055782146.15957,0.62306542854094
GRL,2019,,2997309971.8762293,2.8321775679868324
GRL,2020,,3089625554.404728,0.25078976210430426
GRL,2021,,3293578467.5732727,1.6340941099299613
GRL,2022,,3152334771.7799163,2.004555808656036
GRL,2023,,3326543974.3919296,0.8659619869981583
GRL,2024,,,
GRL,2025,,,
GTM,1960,-1.190693153460005,1043599899.9999999,
GTM,1961,-0.5533353827265639,1076699900.0,4.298518348746882
GTM,1962,2.05255023209699,1143600000.0,3.5365012628486596
GTM,1963,0.1514508993759137,1262800000.0,9.541043930548753
GTM,1964,-0.1935639970365518,1299099900.0,4.63299243190491
GTM,1965,-0.8000000000035367,1331399900.0,4.36176931452728
GTM,1966,0.6842619744652345,1390700000.0,5.512103990193566
GTM,1967,0.485436893448745,1453500000.0,4.112175616963427
GTM,1968,1.926328502300859,1610500000.0,8.766035054255156
GTM,1969,2.097280644715766,1715399900.0,4.736909015839913
GTM,1970,2.34433934881414,1904000000.0,5.707883598119736
GTM,1971,-0.4535918807638048,1984800000.0,5.583754547367931
GTM,1972,0.5297032523230116,2101300000.0000002,7.333051620614057
GTM,1973,13.79603399450191,2569200100.0,6.782834337491295
GTM,1974,16.49489668901339,3161499900.0,6.3750299028695565
GTM,1975,13.15924437985824,3645900000.0,1.949990821583441
GTM,1976,10.72499999925003,4365300200.0,7.3872656247630175
GTM,1977,12.32457968609989,5480500200.0,7.809220684050672
GTM,1978,8.287976249577042,6070600200.0,4.996689819545864
GTM,1979,11.34338588116072,6902600200.0,4.713456091718854
GTM,1980,10.82384323354108,7878700000.0,3.7599781603312437
GTM,1981,11.43306795035048,8607500300.0,0.6468586104322327
GTM,1982,0.3073855614370724,8716999700.0,-3.530089009548547
GTM,1983,4.538678151332532,9050000400.0,-2.5720914443391365
GTM,1984,3.406750118377937,9470000100.0,0.49669775264345617
GTM,1985,18.68679129712383,9721652086.956522,-0.6093389555842634
GTM,1986,36.93112129650162,7231963515.981735,0.1430495955251132
GTM,1987,12.32321327550458,7084399840.0,3.543983306519209
GTM,1988,10.83270376899122,7841602824.427481,3.892387063547858
GTM,1989,11.38713219979581,8410724360.795455,3.9425895198234855
GTM,1990,41.22186713809726,7650196845.215458,3.1025631755758667
GTM,1991,33.16642191675347,9406135143.411654,3.658248750068111
GTM,1992,10.04591799840882,10440781587.543491,4.838338846886828
GTM,1993,11.81969017462566,11400017301.458664,3.9271319450402444
GTM,1994,10.85532114943909,12983233310.746746,4.033741496414578
GTM,1995,8.411413122705664,14655404433.277115,4.948547502103821
GTM,1996,11.05691653219874,15674835615.313896,2.957779887407156
GTM,1997,9.232902948849347,17790026221.613865,4.364089946783409
GTM,1998,6.613460705180581,19395491992.99387,4.993527803058484
GTM,1999,5.213610586011222,18318412251.364197,3.847062188905099
GTM,2000,5.977577347371358,19288929030.05078,3.6088687174875957
GTM,2001,7.285873666101375,18405220247.441242,2.3325748660885353
GTM,2002,8.13263054281054,20444205991.02497,3.8392870855679178
GTM,2003,5.60347675434469,21576351798.914482,2.5603776680189583
GTM,2004,7.578622473097291,23577298094.657066,3.1379168360919323
GTM,2005,9.108649857192203,26783389293.92199,3.276026925888857
GTM,2006,6.560852827953838,29744246827.183907,5.35139778711536
GTM,2007,6.821617535903265,33567850824.10393,6.337718690162035
GTM,2008,11.355761126315,38503720224.31663,3.2935240002848474
GTM,2009,1.859102547330285,37126148264.6383,0.4768981065963942
GTM,2010,3.859509098331602,40676578423.48709,2.884175428003772
GTM,2011,6.214123930671,46876006272.23869,4.163906882933489
GTM,2012,3.781807546796779,49593929487.1263,2.974708568476615
GTM,2013,4.343371312795206,52996420177.44088,3.694768146236953
GTM,2014,3.418361696629597,57852159007.62432,4.443978257749109
GTM,2015,2.388720328395503,62186066547.6566,4.092171700754179
GTM,2016,4.448441999428269,66053408205.88381,2.677803193021603
GTM,2017,4.424536551825459,71653780740.42258,3.079851221224402
GTM,2018,3.75186186704508,73328356007.6152,3.4068732817634526
GTM,2019,3.699983980086048,77172331693.4093,4.0178983086158695
GTM,2020,3.214440621973451,77719468248.36661,-1.7855511757046543
GTM,2021,4.261051274228131,86455522272.73833,8.041703988558325
GTM,2022,6.885128233442869,95609727055.57544,4.15492196609047
GTM,2023,6.206575922721259,104298081428.76878,3.524304340490133
GTM,2024,2.869927529182938,113215575150.88539,3.715584537797767
GTM,2025,1.488415910861686,123306008821.471,4.2800320792140525
GUM,1960,,,
GUM,1961,,,
GUM,1962,,,
GUM,1963,,,
GUM,1964,,,
GUM,1965,,,
GUM,1966,,,
GUM,1967,,,
GUM,1968,,,
GUM,1969,,,
GUM,1970,,,
GUM,1971,,,
GUM,1972,,,
GUM,1973,,,
GUM,1974,,,
GUM,1975,,,
GUM,1976,,,
GUM,1977,,,
GUM,1978,,,
GUM,1979,,,
GUM,1980,,,
GUM,1981,,,
GUM,1982,,,
GUM,1983,,,
GUM,1984,,,
GUM,1985,,,
GUM,1986,,,
GUM,1987,,,
GUM,1988,,,
GUM,1989,,,
GUM,1990,,,
GUM,1991,,,
GUM,1992,,,
GUM,1993,,,
GUM,1994,,,
GUM,1995,,,
GUM,1996,,,
GUM,1997,,,
GUM,1998,,,
GUM,1999,,,
GUM,2000,,,
GUM,2001,,,
GUM,2002,,3394000000.0,
GUM,2003,,3569000000.0,0.8793141349747344
GUM,2004,,3869000000.0,6.493789496622355
GUM,2005,,4213000000.0,3.642316349498671
GUM,2006,,4238000000.0,-3.652517275419541
GUM,2007,,4397000000.0,0.7172131147541023
GUM,2008,,4658000000.0,2.0345879959308206
GUM,2009,,4828000000.0,0.4386839481555427
GUM,2010,,4949000000.0,2.26325193567601
GUM,2011,,4984000000.0,0.07765482430595227
GUM,2012,,5265000000.0,2.1338506304558535
GUM,2013,,5399000000.0,1.6904083570750146
GUM,2014,,5610000000.0,1.7930519237952893
GUM,2015,,5799000000.0,0.8256880733944882
GUM,2016,,5901000000.0,0.18198362147406044
GUM,2017,,6013000000.0,0.890099909173486
GUM,2018,,6051000000.0,-0.8282319049333893
GUM,2019,,6355000000.0,2.5236020334059646
GUM,2020,,5916000000.0,-10.51885957145386
GUM,2021,,6234000000.0,2.0581832574708017
GUM,2022,,6910000000.0,5.099864262167927
GUM,2023,,,
GUM,2024,,,
GUM,2025,,,
GUY,1960,,170216241.12606385,
GUY,1961,,185849535.37616155,4.68952431164918
GUY,1962,,194949512.62621844,1.1049258095544303
GUY,1963,,175757893.93859848,-12.27865726075315
GUY,1964,,194774513.06371734,11.360282379938553
GUY,1965,,213235294.11764705,10.541018761877226
GUY,1966,,228705882.3529412,5.233273894027192
GUY,1967,,250176470.5882353,4.313621829241271
GUY,1968,,229750000.0,1.0248275531070163
GUY,1969,,249300000.0,6.994386657537206
GUY,1970,,267800000.0,4.255456893031521
GUY,1971,,282050000.0,3.1128508439862514
GUY,1972,,285380952.38095236,-3.317670934841601
GUY,1973,,307047619.04761904,1.2447193523168636
GUY,1974,,433954545.45454544,7.7028399493574256
GUY,1975,,494791666.6666667,8.483021513734741
GUY,1976,,454440000.0,1.5369132786034783
GUY,1977,,449880000.0,-2.638679661075926
GUY,1978,,507080000.0,-1.8061887721686105
GUY,1979,,530440000.0,-1.8356962605444522
GUY,1980,,603200000.0,1.7338897272193066
GUY,1981,,570357107.1428572,1.4961659202039215
GUY,1982,,482000000.0,-13.190134488472395
GUY,1983,,489333333.3333333,-6.792386689346003
GUY,1984,,437631605.2631579,-5.028737863668539
GUY,1985,,453488372.0930233,2.399667458078511
GUY,1986,,504651139.53488374,-0.900602237275649
GUY,1987,,354591846.9387755,0.8993965940384783
GUY,1988,,413799990.0,-3.693533100758728
GUY,1989,,379779389.7058824,-4.916666665118157
GUY,1990,,396582263.29113925,-3.0674846640672797
GUY,1991,,348533094.8121646,6.057866185305727
GUY,1992,,373573141.48681056,7.7578857760752555
GUY,1993,,454101382.4884793,8.175105493040235
GUY,1994,,545278380.3326102,8.532423166672757
GUY,1995,12.21052631578947,621626785.915493,5.031446558120848
GUY,1996,7.094711972760445,705406001.4245014,7.955517541251027
GUY,1997,3.555670905788083,749138009.5645396,6.180665610199384
GUY,1998,4.586466165413507,717530683.1695666,-1.6791044918972915
GUY,1999,7.53821939851392,694754988.258295,2.9601518031122396
GUY,2000,6.148543330248718,712667896.7275119,-1.3638039026187272
GUY,2001,2.627413142033333,712167450.1628977,2.2795216592190997
GUY,2002,5.341015213774075,726131434.7153385,1.1326269619947595
GUY,2003,5.980978140664734,743063950.317749,-0.6322253882663773
GUY,2004,4.668466223698812,787814379.1838433,1.5633521103404178
GUY,2005,6.92554303890158,824880550.3439649,-1.9509575950171438
GUY,2006,6.677157904100276,2379817990.6917953,5.129609347729996
GUY,2007,12.20015444466476,2730971595.395737,7.191236240574568
GUY,2008,8.10202206969276,3025187433.3363686,1.7552234959201911
GUY,2009,2.952300963810008,3165663152.7335134,3.6115084721858466
GUY,2010,4.300553403389601,3432912516.9242687,4.138441601373415
GUY,2011,4.4073041447003,3691384317.521781,5.196251560516018
GUY,2012,2.390575266537416,4063088535.7633057,5.276330620468087
GUY,2013,1.911125091740803,4167800928.83553,3.65338433338232
GUY,2014,0.6837002503546367,4127660151.808702,1.6864944501958377
GUY,2015,-0.8654012892337422,4279840193.7046003,0.6874045906194937
GUY,2016,0.826177341246544,4482697336.561744,3.80745626378814
GUY,2017,1.945716177393309,4748174334.140436,3.7344915457128423
GUY,2018,1.251285670370444,4787636997.853427,4.440912884759669
GUY,2019,2.11238986774464,5173760191.846522,5.35284003535665
GUY,2020,0.7224340455017867,5471256594.72422,43.47965171684899
GUY,2021,4.506198589258929,8041362110.31175,20.059997556841807
GUY,2022,6.933460665008161,14718388489.208633,63.3346343654855
GUY,2023,2.821593930908108,16918503597.122303,33.79501111587297
GUY,2024,2.903795014247775,24662714628.297363,43.81927263919661
GUY,2025,3.329823391324752,27097477218.225418,19.336009709181837
HIC,1960,,1094657189585.159,
HIC,1961,,1167695903712.686,4.413247222571485
HIC,1962,,1262799495766.562,5.597497363761377
HIC,1963,,1358361397794.343,5.059437644506431
HIC,1964,,1484796018242.5603,6.414847746779515
HIC,1965,,1613932394242.7898,5.5641827130568515
HIC,1966,,1766183958493.143,5.514821336337235
HIC,1967,,1887025550823.164,3.8315596140793247
HIC,1968,,2047127607755.2327,5.918982284148996
HIC,1969,,2256623384223.311,5.613122676703483
HIC,1970,,2477578779797.0215,3.039525764944088
HIC,1971,,2752726642785.601,3.749211703805571
HIC,1972,,3198348356618.41,5.442228533662188
HIC,1973,,3881002302275.006,6.38194781224162
HIC,1974,,4389268376897.9185,1.2439148083946492
HIC,1975,,4897055272006.945,0.13903765069494511
HIC,1976,,5333825487161.74,5.0089206896955005
HIC,1977,,6039607406670.437,3.8063328887517116
HIC,1978,,7253869868401.422,4.24084240088564
HIC,1979,,8381490069234.169,4.064437704845815
HIC,1980,,9355362025070.76,1.2373985644740628
HIC,1981,11.50975583771234,9499244851320.408,1.8895274147988204
HIC,1982,9.12138203949427,9403911575322.906,-0.12629994427817337
HIC,1983,7.094062272191675,9716550701230.156,2.83142467013451
HIC,1984,6.081602294864415,10130161302689.088,4.744231878053284
HIC,1985,4.678751451832543,10630484274610.857,3.4938805966392863
HIC,1986,2.933579204423342,12920589410728.918,3.2114523809987077
HIC,1987,3.664563217516898,14983743728467.72,3.5434040250615055
HIC,1988,4.402411827867636,16869194658968.023,4.619929492233084
HIC,1989,5.278811591736899,17566085159647.154,3.8329120415358204
HIC,1990,5.6203234218855105,19667490187457.258,2.6048121255321632
HIC,1991,5.55555555555579,20754390160176.703,0.8324193225004706
HIC,1992,4.037030207787398,22226176245107.418,1.5510520317302223
HIC,1993,4.251700680272123,22395792091846.1,1.114997751927291
HIC,1994,2.953409367610805,23957531730599.6,3.005237756765311
HIC,1995,3.8525240434398,26567418298132.547,2.814335788512068
HIC,1996,2.955064532373539,26785161174425.87,2.9117012841551
HIC,1997,2.49923734928089,26340216405261.332,3.5477028317542505
HIC,1998,2.093421824642864,26260273154078.188,2.642316986742003
HIC,1999,2.135448444173297,27503045905190.023,3.5732662425000115
HIC,2000,2.719439956919762,28162974031506.348,4.296885090349491
HIC,2001,2.627413142033333,27928896371817.344,1.5744703411308762
HIC,2002,2.1162841358045448,29144343172968.684,1.6487078672528668
HIC,2003,2.065370752001251,32698820544966.31,2.277445416076148
HIC,2004,2.20673661423657,36519104666599.414,3.508471706146125
HIC,2005,2.658484840652617,38777915773379.266,3.0112867819374998
HIC,2006,2.720047505292746,41167629825978.125,3.2614527813372547
HIC,2007,2.8528984268065427,45307766399565.26,2.9159016504976876
HIC,2008,4.669008419024907,48575377625136.17,0.692267787743873
HIC,2009,1.615104640582355,45185733854675.85,-3.3625826892910595
HIC,2010,2.1337199614162223,47610738714068.32,3.046834443075923
HIC,2011,3.4137454766178,51830653433932.016,2.0078490817102335
HIC,2012,2.7101191773549527,52028174318125.17,1.5092880337036547
HIC,2013,1.504723302518763,52790662359056.52,1.6142276952175791
HIC,2014,1.041196211784302,53724417584285.84,2.211121811121771
HIC,2015,0.3300271651410656,50179969310921.26,2.364503581895974
HIC,2016,0.3947693066863919,51167643745037.08,1.8396590704603142
HIC,2017,1.589094135677986,53791631491481.28,2.4919762624784596
HIC,2018,1.881107555670359,57187415577395.016,2.404535003177898
HIC,2019,1.6152014154837375,57773149281723.555,1.9003579060847358
HIC,2020,0.5989863308246433,56371361601599.74,-3.8661836302078854
HIC,2021,2.51837109614213,63391298085502.92,5.9711133200630115
HIC,2022,7.531078346342885,65786278258965.53,3.1058606935064006
HIC,2023,4.7315130262288285,69198099195981.055,1.7953458218345588
HIC,2024,2.381583832811731,72182761740089.17,1.9694842851051249
HIC,2025,2.3489877849937315,76878050747686.84,1.9073350274616558
HKG,1960,,1320796651.694569,
HKG,1961,,1383681651.1377556,
HKG,1962,,1612346412.2647462,14.290855467584223
HKG,1963,,1935298266.45384,15.763361416820914
HKG,1964,,2206466461.264338,8.627895868163364
HKG,1965,,2435078534.0314136,14.642383822837843
HKG,1966,,2489845016.6489425,1.7947707125809842
HKG,1967,,2692474989.125707,1.603508459763134
HKG,1968,,2716964388.424184,3.397460660846278
HKG,1969,,3189740055.1398187,11.343472434629703
HKG,1970,,3800766535.6208773,9.206664519130968
HKG,1971,,4476001946.014864,7.2928018353885875
HKG,1972,,5710090213.150349,10.612048524004251
HKG,1973,,8030117555.620325,12.279629802232094
HKG,1974,,9388695366.845781,2.4153356597131506
HKG,1975,,10048089558.063587,0.4920281827979238
HKG,1976,,12876366008.8077,16.164301717699786
HKG,1977,,15719433719.43372,11.725813917605294
HKG,1978,,18315136409.142666,8.260886577958232
HKG,1979,,22526184533.17001,11.556786797832231
HKG,1980,,28861857810.65147,10.108175275965124
HKG,1981,,31055226088.694305,9.260881154563805
HKG,1982,10.97046413502123,32291215843.64333,2.9498800784480324
HKG,1983,9.885931558935502,29907227184.178974,5.977069154150001
HKG,1984,8.650519031141844,33511383985.674088,9.973864180859863
HKG,1985,3.503184713375746,35699772165.709335,0.7570626392096074
HKG,1986,3.384615384615338,41075396884.89521,11.056104096916016
HKG,1987,5.654761904761962,50622896162.60058,13.398457595680497
HKG,1988,7.887323943661795,59707404560.59441,8.511530485577907
HKG,1989,10.18276762402091,68790219177.97331,2.2770989833746
HKG,1990,10.42654028436023,76928784620.81581,3.830550839154739
HKG,1991,11.15879828326175,88959997899.92932,5.701935770488674
HKG,1992,9.65250965250966,104272507639.28247,6.23502387210803
HKG,1993,8.802816901408573,120354212475.00026,6.201185106798718
HKG,1994,8.737864077669848,135811771026.33049,6.036030374364259
HKG,1995,9.077380952380906,144652295363.66672,2.373828759288159
HKG,1996,6.275579809004117,159718183550.73416,4.258475728927323
HKG,1997,5.776636713735212,177353174849.7142,5.099699946813317
HKG,1998,2.912621359223991,168885443660.07248,-5.882637517648419
HKG,1999,-4.009433962264453,165768095391.55655,2.5067160484475153
HKG,2000,-3.685503685503691,171668891194.3487,7.66344398397743
HKG,2001,-1.658163265306094,169404327616.60522,0.5608671378555243
HKG,2002,-2.983138780804155,166348866131.0282,1.6567016736434965
HKG,2003,-2.673796791443942,161385558801.8108,3.056358866635975
HKG,2004,-0.2747252747252529,169099768875.1926,8.700065558360023
HKG,2005,0.8264462809918274,181569311742.21292,7.388153951536964
HKG,2006,2.000251603975343,193535442896.36505,7.032647662976686
HKG,2007,2.035027133695113,211596944503.79977,6.464828090968425
HKG,2008,4.303154841049208,219278749139.7337,2.1279368515420884
HKG,2009,0.5794414184726076,214047795659.0447,-2.4590915046841246
HKG,2010,2.292890886046734,228638668727.29083,6.76770683250318
HKG,2011,5.3052489299392,248513617677.28674,4.814668010927335
HKG,2012,4.053909509038435,262628865879.69678,1.7003221448286467
HKG,2013,4.337993421052668,275696879834.9665,3.1015526278028887
HKG,2014,4.423645320196988,291459995978.8927,2.7624137832988396
HKG,2015,2.990848193225807,309385622601.3481,2.387801160133435
HKG,2016,2.409307438622238,320860317562.5624,2.1754482032755504
HKG,2017,1.493872439395217,341273289534.46594,3.796109372438906
HKG,2018,2.406134320465339,361731070995.72626,2.846909226605092
HKG,2019,2.883208537739963,363074545072.3891,-1.6724286596805626
HKG,2020,0.2509620210807999,344943149590.0583,-6.544796405293667
HKG,2021,1.568758344459223,368954169748.81805,6.454430383339343
HKG,2022,1.881367071968528,358673532516.52924,-3.6852835928132492
HKG,2023,2.096605112490893,380762296025.2161,3.1503446175990177
HKG,2024,1.72972119105914,408368682415.4233,2.6293686120736197
HKG,2025,1.436335403726733,427310315921.9929,3.4876488635594853
HND,1960,-1.746238157107516,475650000.0,
HND,1961,1.562992373926826,503300000.0,1.663564616428033
HND,1962,1.09215017084018,532450000.00000006,2.185236529812215
HND,1963,3.081456018672771,553500000.0,1.2682790927825778
HND,1964,4.472101470807189,591100000.0,1.5471560563558882
HND,1965,3.186274509987637,651050000.0,2.5833358212171476
HND,1966,1.784234657187365,692150000.0,-1.1193281650005673
HND,1967,2.0918409866731,750950000.0,3.764370036740843
HND,1968,1.861224489720896,815450000.0,-1.1781549367272106
HND,1969,1.258214457370934,844400000.0,0.8813677603851886
HND,1970,2.880886426609754,904400000.0,4.941886893568579
HND,1971,2.223247942237588,958450000.0,4.65493718159253
HND,1972,3.612281757993369,1030645362.0958707,3.905376841499347
HND,1973,5.193201626911399,1128299435.850282,4.441288306508895
HND,1974,12.84954774541865,1243000000.0,9.411176227055137
HND,1975,8.376162506297032,1330050000.0,5.320021332947604
HND,1976,4.883418957909009,1589300000.0,16.10006124798477
HND,1977,8.434707718951334,1900700000.0,8.678249084402808
HND,1978,5.748324646182278,2393650000.0,12.938312481616094
HND,1979,12.13535589260609,2778900000.0,11.530261423520699
HND,1980,18.06154303559556,3184400000.0,13.046174202283467
HND,1981,9.405691261424979,3501800000.0,7.254330734038632
HND,1982,8.982621706168937,3619500000.0,4.391305923541395
HND,1983,8.252811658482528,3840550000.0,6.995867119361023
HND,1984,4.72636815920398,4029900000.0,2.3584627508161446
HND,1985,3.362675236086006,4328300000.0,4.668226029537138
HND,1986,4.352723832075624,4706100000.0,5.535642797459971
HND,1987,2.487154022238936,5024800000.0,1.7400942260913155
HND,1988,4.491257636401833,4892660944.206009,7.574421094833255
HND,1989,9.85040925769098,4375896551.724138,7.128269470766384
HND,1990,23.3225664366467,3734460116.7315173,21.171367432246456
HND,1991,33.97226025358643,3699381195.1022253,26.046900555479453
HND,1992,8.759886252554823,4122846905.1819787,9.035235101629553
HND,1993,10.74864671637205,4190773622.2587132,13.637174335898948
HND,1994,21.72934688381899,4105686899.4386835,29.019020316788755
HND,1995,29.4645292281585,4672346193.952033,24.67446287828865
HND,1996,23.83783530733584,4798834459.459459,22.957391093436996
HND,1997,20.19986675549621,5569178707.224335,22.427745288441827
HND,1998,13.66810774858682,6163707533.23486,11.576165969397294
HND,1999,11.66374097913004,6394090592.334495,11.575860144867733
HND,2000,11.04803493449755,7186638029.058749,9.612218793372776
HND,2001,9.674155568647809,7651162302.345604,2.723193273213795
HND,2002,7.690509720342905,7858255412.860379,3.7543378611993887
HND,2003,7.674166393977434,8230391346.672281,4.547038051653971
HND,2004,8.113790970933833,8869299234.337696,6.232302960691015
HND,2005,8.809060748198174,9757012696.562117,6.0505992221597324
HND,2006,5.577752076542921,10917477066.142908,6.567243551775874
HND,2007,6.936214708957858,12361257680.562687,6.188327166780084
HND,2008,11.40342708139316,13881731875.746613,4.231600110093424
HND,2009,5.496342737722029,14587496229.18111,-2.4316278798801108
HND,2010,4.698890649762317,15839344591.984165,3.731140344330086
HND,2011,6.7622795731476,17710275685.407448,3.835690662075052
HND,2012,5.196186155318475,18528554397.56951,4.1286877486693925
HND,2013,5.161898985814935,18499729214.904022,2.7915597574680078
HND,2014,6.129249303130309,19756533971.869846,3.058080562143701
HND,2015,3.157831179809151,20979791685.416042,3.840079970939513
HND,2016,2.724612232952886,21717604952.183525,3.892972197264129
HND,2017,3.934360844420368,23136247990.597725,4.842913910503867
HND,2018,4.347349377775359,24067750760.49897,3.844994769667352
HND,2019,4.365871598192737,24882225741.811867,2.5596343459231434
HND,2020,3.468411779511706,23352232483.75501,-8.965082232672955
HND,2021,4.480879634134455,28144331506.614887,12.565284377127895
HND,2022,9.089639115250318,31426041806.798485,4.143561940137673
HND,2023,6.663251803474625,34355805527.97949,3.5758476045441228
HND,2024,4.606210981271014,36980171442.060295,3.6324074545087512
HND,2025,4.596579823252584,39601409103.30053,3.7514310280125187
HPC,1960,,21923722127.743874,
HPC,1961,,22627709232.39852,-0.2309254547205768
HPC,1962,,24599541748.705128,7.310295199460185
HPC,1963,,28893534515.889763,3.352539599246157
HPC,1964,,26878565172.485577,3.302183708195244
HPC,1965,,30407034659.82539,3.7914908637616946
HPC,1966,,32971073893.337265,3.815211317092391
HPC,1967,,32488675063.874363,2.2824579422495077
HPC,1968,,34994461970.32019,4.450871597635555
HPC,1969,,38503260469.207924,4.657932793484719
HPC,1970,,37181536760.13346,0.02836924075091929
HPC,1971,,40099504488.52064,4.531655791872268
HPC,1972,,44564788726.17925,2.0551432471663844
HPC,1973,,54553562932.06338,3.064178964200721
HPC,1974,,64257354956.93596,5.339765384794788
HPC,1975,,72350863415.61356,2.0852355903905533
HPC,1976,,77585497906.31955,3.741023719747872
HPC,1977,,89885368489.00484,3.404923927455769
HPC,1978,,104622112017.93977,2.3927048150805206
HPC,1979,,114929806433.14801,0.5247117554995526
HPC,1980,,127259629229.99974,0.6447531982595791
HPC,1981,11.336515441510464,127910339912.98099,2.996908773762158
HPC,1982,12.312450870773556,129278372851.57082,0.6096024045628639
HPC,1983,11.126644122143015,128221978068.56516,0.30534942276013055
HPC,1984,11.37332209029373,130635964994.75844,1.0902574976937984
HPC,1985,10.42384023038864,137196640367.66156,1.413047968789499
HPC,1986,6.8090559389512695,126219299823.05708,2.949289659850507
HPC,1987,7.028271952459552,134509036368.93779,3.1157550778561927
HPC,1988,6.930686172065149,141558264239.4021,1.4122518650016218
HPC,1989,8.0461586348732,144132297739.61694,1.5028032216524139
HPC,1990,6.801197607625697,165447183504.84137,-1.1223129053669254
HPC,1991,8.819640997338844,180013449210.3991,0.9044661177079831
HPC,1992,9.5234771910899,136844691209.97557,-1.4068791261767757
HPC,1993,8.527876956880027,142051421908.56064,0.3176952511331166
HPC,1994,32.29366685695517,121518574647.30817,0.3577185062465702
HPC,1995,14.37880865164193,141395905527.75864,5.203093455103087
HPC,1996,7.411371735266419,154688747451.13937,5.5863721853115464
HPC,1997,5.572257111253298,161933433655.40656,5.960004324120291
HPC,1998,5.753314584170641,167620980707.49255,3.750586870941916
HPC,1999,3.598898163532373,168431404824.1332,3.471382876499689
HPC,2000,4.165404422902826,181929508086.65207,2.8754625346321347
HPC,2001,4.603746219646819,175879852361.4936,3.6688684334217783
HPC,2002,3.895705257584902,190891346466.3969,3.9115216729226177
HPC,2003,5.302387732199364,216610034974.42557,4.0248224748670225
HPC,2004,4.474992890781065,249571115303.13126,5.766824281257854
HPC,2005,8.169546048812625,288591119560.553,5.53118064970333
HPC,2006,6.739930603875047,338947673939.4852,5.724396263646142
HPC,2007,7.254108413048872,404319749775.22314,5.480129489246806
HPC,2008,10.6597978997424,481564738213.9166,5.621934325507908
HPC,2009,4.362348293257194,475142721102.04877,3.4729477896704424
HPC,2010,4.698890649762317,518681650290.88605,6.207541175128824
HPC,2011,6.4293968107234,573435618293.002,4.153642404295738
HPC,2012,6.314744503151774,595060811936.5167,4.042938453073049
HPC,2013,5.161898985814935,667216081741.8191,6.164378398409909
HPC,2014,4.40535234185293,705379811037.1476,5.454212175063262
HPC,2015,3.550759673567459,674525283733.8031,4.906468240154055
HPC,2016,4.383891955139149,677053478623.3937,4.3000612391220585
HPC,2017,4.578337412125497,735134788678.557,5.063779664482766
HPC,2018,3.017481810314056,790361943446.387,4.182861486803162
HPC,2019,2.835145556875055,811080887285.0883,4.20365615145262
HPC,2020,3.4761737272218722,816212465074.0747,0.0030777204991210283
HPC,2021,4.37012190478157,924437668151.0948,4.356836619266645
HPC,2022,9.659147537850686,1002950189402.7473,4.899616763534681
HPC,2023,7.126974821318511,1060851525652.8027,3.482417835407631
HPC,2024,4.606210981271014,1147966586426.8955,5.120993585529817
HPC,2025,3.403734582790553,1285481386975.2114,5.825758197236979
HRV,1960,,,
HRV,1961,,,
HRV,1962,,,
HRV,1963,,,
HRV,1964,,,
HRV,1965,,,
HRV,1966,,,
HRV,1967,,,
HRV,1968,,,
HRV,1969,,,
HRV,1970,,,
HRV,1971,,,
HRV,1972,,,
HRV,1973,,,
HRV,1974,,,
HRV,1975,,,
HRV,1976,,,
HRV,1977,,,
HRV,1978,,,
HRV,1979,,,
HRV,1980,,,
HRV,1981,,,
HRV,1982,,,
HRV,1983,,,
HRV,1984,,,
HRV,1985,,,
HRV,1986,50.0,,
HRV,1987,133.333263744315,,
HRV,1988,185.7142857142853,,
HRV,1989,1400.0,,
HRV,1990,500.0,25650213279.67807,
HRV,1991,122.2222222222216,18760386774.797256,-21.088670659003483
HRV,1992,625.0000000000007,10621169290.99859,-11.713290510259199
HRV,1993,1500.0,11259647874.498642,-8.025581884003131
HRV,1994,107.327586206896,15062911616.822159,5.870474648640339
HRV,1995,3.950103950104058,22772224146.15027,6.749721669146425
HRV,1996,4.299999999999929,24151469716.51731,6.111431257771983
HRV,1997,4.170661553211859,24175272571.58464,6.165323272166006
HRV,1998,6.396686608375552,25889813449.457928,2.2534528713351136
HRV,1999,4.019138755980841,23776940769.209454,-0.850447604002099
HRV,2000,4.611315547378011,22134069750.25861,2.9476591337599842
HRV,2001,3.776702466658887,23067071477.829422,3.1108932855263447
HRV,2002,1.671784373933838,26757633353.190926,5.801415955770153
HRV,2003,1.767337807606286,35244797328.55816,5.568429017308233
HRV,2004,2.05539679050328,41836096243.04815,4.17049297825163
HRV,2005,3.317178244480427,45012776905.52554,4.3281945429916675
HRV,2006,3.189825914729492,49583643047.99405,5.069865215778407
HRV,2007,2.899282755833895,59290547254.135826,5.048840767329651
HRV,2008,6.076968387983519,68473103476.67752,1.9717678691463192
HRV,2009,2.378528459046711,62315450610.85238,-6.811689738519007
HRV,2010,1.030555053335757,58975127200.994804,-1.3361628546726365
HRV,2011,2.27272727272722,62889150894.150955,-0.11152712499004735
HRV,2012,3.412073490813682,57547495859.73063,-2.237020496052324
HRV,2013,2.216582064297788,59846869998.87111,-0.1325610800668926
HRV,2014,-0.2151961595761757,59607109597.21228,-0.5595376666870919
HRV,2015,-0.4644990046450029,50999271058.58492,2.320566793305261
HRV,2016,-1.125000000000021,52650804052.13942,3.4661314601103896
HRV,2017,1.129372102823469,56182225079.10722,3.284062693978896
HRV,2018,1.50012501041747,61668280700.09684,2.9110714621091205
HRV,2019,0.7718203464981119,61467261345.011955,3.102472853362542
HRV,2020,0.1548113745621064,57959824238.18079,-8.31046995309319
HRV,2021,2.554506996420408,69002262504.98212,12.63127413127414
HRV,2022,10.7805806758686,71196460236.63007,7.294791148895328
HRV,2023,7.94128177586822,85621337533.33484,3.7620409271713555
HRV,2024,2.972004776436257,92981894167.96873,3.825784401268592
HRV,2025,3.691534596057289,105060182186.27435,3.4030753718174935
HTI,1960,-5.030041595936912,273187200.0,
HTI,1961,3.779706383426753,271066000.0,-2.93198029126782
HTI,1962,-0.5549042598695245,281896800.0,7.887575893855669
HTI,1963,4.306821754359556,294883400.0,-1.8927925505704053
HTI,1964,9.162145871294417,325281200.0,-1.6473573688753333
HTI,1965,2.263942572897306,353251800.0,2.1617978614489175
HTI,1966,8.301835853322997,368948600.0,-0.5757868010461777
HTI,1967,-2.935310981006535,369124200.0,-2.117686201063549
HTI,1968,1.31621187827357,367968800.0,3.181617321489256
HTI,1969,1.413181242019737,391820400.0,3.8119432848659187
HTI,1970,1.368493407366726,331200000.0,0.6511537080341725
HTI,1971,9.579583282256307,362800000.0,6.480380501322884
HTI,1972,3.189693969179284,371998958.40291643,0.9771077589666675
HTI,1973,22.73891947891953,466798973.04225934,4.75532209168918
HTI,1974,14.95069734397209,565399321.5208142,5.7798891517062145
HTI,1975,16.77357032458163,681400000.0,1.1227544910428406
HTI,1976,7.038152278236185,879000000.0,8.43883542963357
HTI,1977,6.491900581133366,947000000.0,3.7081464367304022
HTI,1978,-2.673594983692912,974200000.0,6.208863536485467
HTI,1979,13.09392429981933,1080600000.0,7.560421401674304
HTI,1980,17.7783052456577,1383800000.0,7.374687919390794
HTI,1981,10.85833333299969,1479400000.0,-2.852709711151647
HTI,1982,7.359242276050515,1474200000.0,-3.5637452243429664
HTI,1983,10.24366335265448,1623600000.0,0.9081814612697912
HTI,1984,6.402032391060749,1816200000.0,0.3009170362364415
HTI,1985,10.64883901389282,2009400000.0,0.6036312943696629
HTI,1986,3.279926633666215,2318000000.0,-0.49750478837236756
HTI,1987,-11.44946461217052,2047200000.0,-0.7936487001970818
HTI,1988,4.105468058750626,2613926800.0,0.20042683732594924
HTI,1989,6.923905037112382,2736243800.0,-2.9134243980719248
HTI,1990,21.27603200678322,3096289800.0,1.0381228019824817
HTI,1991,15.41990736694925,3473562627.794227,1.8805447239628137
HTI,1992,19.35849465412199,2257129791.615749,-5.309932922511777
HTI,1993,29.70597150651724,1878253767.3130486,-5.426295992153825
HTI,1994,39.33161953727525,2167569046.1183734,-11.950629293956098
HTI,1995,27.60818517276012,2813313278.8108196,9.897707488157053
HTI,1996,20.58359621451124,2907517603.767188,4.140773328567832
HTI,1997,20.55900733958331,3338949151.599272,2.7047139307778707
HTI,1998,5.269035470422009,3723903723.637718,2.18184032957123
HTI,1999,3.004394215507343,4153725883.8408227,2.710248010484989
HTI,2000,9.33322197565603,6813566098.867498,0.8700592594248917
HTI,2001,13.31672224250995,6331970324.310222,-0.34274788325214445
HTI,2002,7.032874062246006,6205847213.635101,1.0518201345010851
HTI,2003,28.6995777887374,5071947798.272632,3.48077973188326
HTI,2004,21.0318339277222,6087360684.2969,-1.3178567596495014
HTI,2005,13.973008326384,7030149730.336923,3.0721733766473136
HTI,2006,11.34521522442992,7638739122.672419,1.7687506028819513
HTI,2007,6.557227726380661,9228637767.69009,4.70652994008303
HTI,2008,15.28177448237724,10432962634.874826,2.6580323082746986
HTI,2009,0.393886040173341,11597002834.778614,5.890378948443157
HTI,2010,4.827341900746726,11859312725.144835,-5.651511534482992
HTI,2011,6.332794838490421,13008746038.8867,5.098213544100361
HTI,2012,5.018041554292463,13708925477.130407,0.5024244035815855
HTI,2013,4.765024047791418,14902488604.242088,4.324784114728743
HTI,2014,3.438166599586007,15146883497.633091,2.8887725086337923
HTI,2015,6.731840696589971,14849629308.602478,1.4000000085972744
HTI,2016,11.50290739426665,14069277526.227812,1.8124680784753195
HTI,2017,10.6800887242584,15093357161.149847,2.510271345446853
HTI,2018,12.4814111170435,16403864617.84576,1.6678109548465585
HTI,2019,18.70378256725062,15016090929.512514,-1.7230969983923217
HTI,2020,22.79631136425277,14508222518.301786,-3.305505469658925
HTI,2021,16.84152401987848,20754978152.21344,-1.798239889314857
HTI,2022,33.98393194707002,20113007125.929966,-1.6819839689797789
HTI,2023,36.81351627808535,19572288894.15812,-1.8638842025483768
HTI,2024,26.94905640919872,24255657481.25016,-4.184951047629653
HTI,2025,28.64279766860954,32077278409.233864,-2.712910757614708
HUN,1960,,,
HUN,1961,,,4.699999994888216
HUN,1962,,,6.099999998412571
HUN,1963,,,5.699999994857748
HUN,1964,,,4.699999995563246
HUN,1965,,,42.41041427368785
HUN,1966,,,7.399999999968102
HUN,1967,,,7.500000001671253
HUN,1968,,4886222554.663549,4.899999996752484
HUN,1969,,5429812386.53195,6.899999999525747
HUN,1970,,5780929202.603333,4.700000002045684
HUN,1971,,6291568220.793925,6.200000000776825
HUN,1972,,7379313742.136845,6.100000001662465
HUN,1973,3.387978141767018,9138292402.1882,6.8999999976914665
HUN,1974,1.797040168234744,10016338178.999273,5.900000001118855
HUN,1975,3.842159917938189,11420392514.61721,6.200000000119957
HUN,1976,5.228398333086599,13235612078.839613,3.600000001494436
HUN,1977,3.908895695648223,14783674054.829048,7.599999998205263
HUN,1978,4.687142748531119,17286744153.70703,4.399999998846454
HUN,1979,8.976412347003032,19959731324.80104,2.699999999940289
HUN,1980,9.285857439213373,23116977148.02164,0.2000000002980471
HUN,1981,4.661413943947549,23705883891.944458,2.866744960737094
HUN,1982,6.835805082595404,24141667188.051685,2.841088543467336
HUN,1983,7.279895732794907,21910365258.251404,0.722965872564103
HUN,1984,8.467854876460182,21242726264.485405,2.658047683415063
HUN,1985,6.942345018791468,21510643750.17697,-0.2530674842592333
HUN,1986,5.291661700710906,24778163812.013092,1.5349488255337747
HUN,1987,8.674314177332429,27232016527.423748,4.051229599319541
HUN,1988,15.7235490703556,29799838597.40787,-0.06526314449043014
HUN,1989,17.14915199739598,30422508937.567024,0.7364248201678691
HUN,1990,28.36959965327767,34478360678.75595,-3.4966597610417836
HUN,1991,34.81754290727044,34867307352.64602,-11.892040860938764
HUN,1992,23.65572078065521,38857339124.90838,-3.0641803455863794
HUN,1993,22.46423461338092,40256233360.38166,-0.5761085184256132
HUN,1994,18.86807498692827,43307949890.4603,2.947154555410677
HUN,1995,28.30546837066536,46577614588.99255,1.4895254759304635
HUN,1996,23.46903019191848,46833767123.691505,0.10123422763324186
HUN,1997,18.30507441437988,47398564799.24963,2.97787906543104
HUN,1998,14.15378965453398,48784412623.59393,3.8481081444983687
HUN,1999,9.997744093033676,49160204397.4635,3.08605811588221
HUN,2000,9.803610169081253,47275954428.958626,4.409375018064026
HUN,2001,9.116809116809106,53800068065.796936,4.062026172260261
HUN,2002,5.265448215839854,67636468625.04281,4.730065308055529
HUN,2003,4.661016949152537,85190469121.07396,3.9387776124272733
HUN,2004,6.744346795694687,104015363080.27097,4.963125361563073
HUN,2005,3.561517113783518,113098237570.9293,4.300283184616731
HUN,2006,3.930326038410014,115604111412.13937,3.9339316271205433
HUN,2007,7.958745165449096,140123326896.32938,0.3323543378789253
HUN,2008,6.042512538810601,158228265915.53354,0.9934370854796555
HUN,2009,4.211711711711715,130807441076.15977,-6.7401660845501965
HUN,2010,4.85555795691956,131898737241.16629,1.0679506815204576
HUN,2011,3.9299209893507,141712804953.86835,1.9167091659974176
HUN,2012,5.652145170886461,128470269689.95816,-1.3394844651818119
HUN,2013,1.73319984983101,135646053778.58244,2.032169906781462
HUN,2014,-0.2275662709882186,141128696412.3213,4.334353641139671
HUN,2015,-0.06164468006416725,125244126623.28946,3.6598161540695457
HUN,2016,0.3947693066863919,128983560865.29254,2.4386414130934213
HUN,2017,2.348242811501539,143335098991.86218,4.124183894518055
HUN,2018,2.850247925946455,161184691013.83466,5.60613813768876
HUN,2019,3.338586353820081,164936682033.99158,5.0771849508893325
HUN,2020,3.326743857667376,158468487754.1963,-4.338725400240577
HUN,2021,5.110965343828553,183282685440.4858,7.222915808111367
HUN,2022,14.60814394924334,177002580544.15546,4.152380577792286
HUN,2023,17.12496596787366,213029511028.874,-0.8171073705134546
HUN,2024,3.703703703703689,222848211034.36667,0.7090705990660382
HUN,2025,4.411984459055616,246490213513.05432,0.5095423097268679
IBD,1960,,306304722939.43695,
IBD,1961,,310052850535.40753,1.1891443822909196
IBD,1962,,313956213596.00244,3.2400156475583515
IBD,1963,,346415250192.4636,4.711040366854434
IBD,1964,,392620041417.8794,8.287338656096438
IBD,1965,,430370427231.1499,6.161591610679068
IBD,1966,,444684785569.1264,5.5199031411937085
IBD,1967,,457288930071.80853,4.0790836943232165
IBD,1968,,484552506626.2479,6.367333208080169
IBD,1969,,540952851961.2081,7.736679923756313
IBD,1970,,588978514249.2816,7.720640868724374
IBD,1971,4.009306482684532,642086005523.0999,6.0099942920449365
IBD,1972,6.411958870040232,723840759638.6086,6.55205388163678
IBD,1973,13.12384620263982,938531974147.8359,7.046478338888178
IBD,1974,22.364529447188737,1187636244186.8762,5.668513868787329
IBD,1975,13.42592485303755,1282489483612.0273,4.644652136003032
IBD,1976,10.31741588774135,1392135244289.2769,6.311748742957306
IBD,1977,11.8202775391489,1577598498252.4512,4.704028368123758
IBD,1978,10.35567227571913,1744163042026.427,4.069400236624389
IBD,1979,12.825002382746975,2037690891547.373,4.748795047829063
IBD,1980,17.47030427957717,2419257806557.8486,4.880751943056509
IBD,1981,14.18992763641315,2598909261860.4097,2.1268960801187973
IBD,1982,10.832506862383624,2561222808854.543,2.8697920082518635
IBD,1983,11.833909753169277,2529883145200.97,1.5308048285458682
IBD,1984,12.44756932918533,2618831842082.7056,4.936581236469635
IBD,1985,11.52126073684957,2720503602842.6685,4.4037931469097344
IBD,1986,11.8350618936099,2823956798256.482,3.8930760709752406
IBD,1987,9.801933873986748,2910397889423.937,4.887404224879674
IBD,1988,10.83270376899122,3111420783529.124,4.085865247762868
IBD,1989,14.32953903285719,3241136016134.9023,2.935310916681246
IBD,1990,16.19213756152335,3640234641965.9106,2.0013653495053205
IBD,1991,19.505001673092984,3533522589116.6978,1.2508925667424649
IBD,1992,13.63742417172183,3691704784868.3184,1.6449205114647043
IBD,1993,14.33080333658878,3930669158917.997,3.6899377057092266
IBD,1994,22.705647224337028,4336867507416.283,3.5828413008711806
IBD,1995,14.583822433400115,4987839099170.125,4.0490031499756896
IBD,1996,10.08285806521079,5443875017792.29,5.444056482175142
IBD,1997,7.710538789698831,5775060591518.169,5.3885425227498445
IBD,1998,7.26619804400963,5550058379297.927,2.66724696847389
IBD,1999,5.01996827507182,5408484188258.02,3.6968149445909972
IBD,2000,4.687570137355261,5886134978692.934,5.910159423302332
IBD,2001,5.398839858978288,5971611141415.027,3.652340656113509
IBD,2002,4.150058616647196,6065785974350.623,4.513420253627459
IBD,2003,4.09500376698844,6814154037538.795,5.89113199130702
IBD,2004,4.6993897247451315,8117393631129.812,7.731586287324575
IBD,2005,4.903283509268915,9694742216243.09,7.250706960769662
IBD,2006,5.64087772156342,11501211498155.457,8.330860974097703
IBD,2007,5.432492565501488,14287517909878.182,8.957532479478544
IBD,2008,9.41346312169848,17147397340377.064,5.938315988843243
IBD,2009,3.730147865631592,16646670816085.314,2.7896404847235914
IBD,2010,4.112111393152185,20239797714297.082,7.764458314963065
IBD,2011,5.553898922574932,23955878375011.977,6.347965250919785
IBD,2012,4.279514269194305,25461967052262.82,5.462437948594868
IBD,2013,3.89555152647667,26787319485055.133,5.214427247456442
IBD,2014,3.503790931398115,27552867783541.203,4.7800144408600005
IBD,2015,3.095517220272415,25941217987927.08,4.3185401064879585
IBD,2016,2.1208171336158776,26134891989406.527,4.447038723457126
IBD,2017,3.323894475760973,28849480049390.867,5.161793625725153
IBD,2018,3.207200695347832,30727224343894.04,4.861579524058584
IBD,2019,2.5110561592725666,31370912490347.01,3.9880332658034803
IBD,2020,2.415130940834139,30194051534423.93,-1.2869475833159356
IBD,2021,4.271663815367978,35868904968937.836,7.6244766342047825
IBD,2022,9.104379830754368,37847494888632.6,3.7694556550647746
IBD,2023,5.874519115901968,39083500948084.875,4.639117890105624
IBD,2024,3.547131449374567,40766443406772.97,4.4256614810418
IBD,2025,3.68256369784336,43056359078690.04,4.305323055187046
IBT,1960,,351754430252.4012,
IBT,1961,,358300186957.071,1.1857688625179748
IBT,1962,,366181207724.37555,3.6554915574526206
IBT,1963,,404157666724.0989,4.734443588194665
IBT,1964,,448895528917.13556,7.751514184647036
IBT,1965,,493543017386.6481,5.900847774245506
IBT,1966,,513227988232.829,4.953175637577715
IBT,1967,,526682918890.87335,3.1638656009893964
IBT,1968,,558093115256.0608,6.0415241897041625
IBT,1969,,623551643235.089,7.9086761652915385
IBT,1970,,680979776832.0197,7.787806937602525
IBT,1971,,734205427705.0549,6.056491634272049
IBT,1972,,821565082710.1072,5.894927006344346
IBT,1973,,1049935396288.4944,6.655572114080684
IBT,1974,,1334762482695.5344,5.8914424167813735
IBT,1975,,1458113701572.2131,3.9797105928898873
IBT,1976,,1574511998681.3303,6.201124130956572
IBT,1977,11.89304475248024,1774860004685.7146,4.609770134402353
IBT,1978,9.533380856065252,1968064883199.445,3.706360442760669
IBT,1979,,2293335388487.923,4.590531101624222
IBT,1980,15.487911459019944,2724387559403.3286,4.713054655168875
IBT,1981,13.028647996993435,3048812529733.884,1.8225251100995195
IBT,1982,10.816585254704945,2988181611536.124,2.5222696742816026
IBT,1983,10.620753648024055,2891970085371.554,1.254555205329396
IBT,1984,10.28409821313804,2954270911962.4365,4.561550918557813
IBT,1985,8.508374343915948,3066272038051.2026,4.371584951066197
IBT,1986,8.729720727025814,3129949353029.27,3.7898376235127245
IBT,1987,8.189074494810807,3226916564939.0464,4.747840734309889
IBT,1988,8.91047020013381,3444369182795.25,4.164270007404241
IBT,1989,8.929941428940266,3575934231280.5537,2.8620622052210223
IBT,1990,10.85896577827872,4017916711579.414,2.168021584941272
IBT,1991,12.445244163387095,3940510265551.668,1.323122314473025
IBT,1992,10.05611674488413,4055233877768.4414,1.6775218734851478
IBT,1993,10.633242581830805,4312831087602.107,3.4346452392049827
IBT,1994,20.5661948376355,4732712405129.867,3.3616585990176446
IBT,1995,11.12870297070885,5468656850572.465,4.012310003432674
IBT,1996,8.827050617563422,5998032496242.651,5.403158128019811
IBT,1997,7.12532722513057,6355351844568.47,5.259814778388147
IBT,1998,6.810793237971935,6153797551256.075,2.7397173921287674
IBT,1999,4.464354676758908,5860980124816.419,3.6397279607846684
IBT,2000,4.182346339565446,6405161916663.934,5.74178772143685
IBT,2001,5.007432908223731,6484663039122.945,3.69028242428584
IBT,2002,3.895705257584902,6618955701161.4375,4.600380237162383
IBT,2003,4.52733824219011,7438051094244.743,5.8006835934344
IBT,2004,4.463468407365757,8846953925341.977,7.64643413599444
IBT,2005,6.08218729535043,10543941001743.752,7.161352492376878
IBT,2006,6.125566156202847,12515788445511.695,8.14150113123003
IBT,2007,6.143566552480474,15478350774972.527,8.7124686527373
IBT,2008,10.27839376211348,18566849399860.043,5.867812007961646
IBT,2009,3.9989545184994038,18030309686509.957,2.9685058764323315
IBT,2010,4.156727226801737,21843599755374.15,7.637521837811079
IBT,2011,5.793010690112066,25767419601408.74,6.169618441563671
IBT,2012,5.00686319367273,27373456462077.355,5.304572180769412
IBT,2013,4.341154898043097,28868139569389.977,5.230899444762542
IBT,2014,3.5256620375828245,29793136753560.625,4.829329192331343
IBT,2015,3.129002744739254,28118750119954.164,4.253266366458234
IBT,2016,2.814957913619439,28299821225498.5,4.354809363929519
IBT,2017,3.3378758610956787,31121226985041.137,5.073309684550111
IBT,2018,3.0866828423947297,33140778408492.387,4.824602739895184
IBT,2019,2.680682789533399,34074782748271.703,3.984759242155846
IBT,2020,2.898193760262702,32817339931222.195,-1.323314897460591
IBT,2021,4.259364175428684,38735463663158.65,7.351581192633105
IBT,2022,9.089639115250318,40927482641799.64,3.8271063174831994
IBT,2023,6.091141525041408,42011330091982.84,4.525900572034175
IBT,2024,3.62770736940927,43660232631553.31,4.420225650747355
IBT,2025,3.510745396095873,46251403468584.055,4.335705803255351
IDA,1960,,43419734938.45437,
IDA,1961,,45878530509.234726,1.1661600004399162
IDA,1962,,49353751370.19492,5.95494798134375
IDA,1963,,54557787298.00302,4.860650109257605
IDA,1964,,53950689375.46731,4.866096905247105
IDA,1965,,60416031372.63409,4.450932210913635
IDA,1966,,65248717901.61505,1.7340797438011748
IDA,1967,,66155828664.52362,-2.280884963900064
IDA,1968,,70108190934.79134,3.998365992022613
IDA,1969,,78702977100.91379,9.011838956673387
IDA,1970,,87494989288.8421,8.213562666775005
IDA,1971,,88540987535.21753,6.347065991178198
IDA,1972,,94692292369.1336,1.8013809242842314
IDA,1973,,109976361930.72322,4.106798885240565
IDA,1974,,144313490012.36963,7.386016989807118
IDA,1975,,169846706826.69598,-0.4069419278299762
IDA,1976,,177488300866.7599,5.442983535115985
IDA,1977,,193297216955.02682,3.9572312251261224
IDA,1978,,218542936613.95267,1.1797611908341992
IDA,1979,,250380761744.2602,3.457626023992205
IDA,1980,,298608621613.0631,3.498525766722935
IDA,1981,12.023653970661051,423184762394.70074,-0.4313521110500034
IDA,1982,10.816585254704945,403278511207.82306,-0.11762460728587598
IDA,1983,8.804138369171998,348325357088.79834,-0.8868834396231051
IDA,1984,7.8925166609237545,327550557712.91156,1.5834664215227434
IDA,1985,7.17070132449547,338020255834.8178,4.106380186709501
IDA,1986,6.8090559389512695,306452302637.3788,2.9469828577064447
IDA,1987,7.021753039027814,316806182845.32733,3.6059245769792625
IDA,1988,8.507868010863007,334046886703.88336,4.803500362172059
IDA,1989,7.546164772727713,335577420976.10315,2.267502164034866
IDA,1990,8.239700374532061,378607545881.0875,3.814989806524622
IDA,1991,9.275453706551822,408942216794.75543,2.052765756186375
IDA,1992,9.497791984036567,364506102250.4334,2.0042634580378973
IDA,1993,7.505394190871055,383123667526.8387,0.888798042741243
IDA,1994,15.17634743134412,396492340121.4835,1.0947231248652969
IDA,1995,10.02217335532388,481971986420.7624,3.626980478058897
IDA,1996,7.191646604333442,555986446838.9342,4.970782129390656
IDA,1997,6.683655367899815,582084646127.7289,3.892773658592617
IDA,1998,6.092262304025901,606361225726.9666,3.5206246946233364
IDA,1999,4.142671372840485,452400909421.3953,3.0296563526849667
IDA,2000,3.8610653418550918,519441856818.288,3.930798006079584
IDA,2001,4.419772458811458,513296405076.01074,4.103586062622028
IDA,2002,3.822939957684781,553836284400.8087,5.5435384153433205
IDA,2003,5.30297697364859,624678232124.0116,4.829265082462413
IDA,2004,4.376239070773122,730312504980.6439,6.722633682766443
IDA,2005,6.836332658928768,849808229882.3557,6.182797263001973
IDA,2006,6.241033281428202,1015393219998.1844,6.046892191453864
IDA,2007,6.557227726380661,1190938893682.198,5.943305601279221
IDA,2008,10.71566613096811,1419452059482.9697,5.048467217725076
IDA,2009,4.329093960375809,1383638870424.6628,5.031770279534726
IDA,2010,4.300553403389601,1603802041077.0579,6.204530152807621
IDA,2011,6.332794838490421,1811541226396.769,4.126680935784947
IDA,2012,5.596070142685852,1911489409814.5344,3.457665878250509
IDA,2013,4.885163875954708,2080820084334.843,5.4273456135325375
IDA,2014,3.5256620375828245,2240268970019.424,5.415645676322313
IDA,2015,3.157831179809151,2177532132027.088,3.4818885701379827
IDA,2016,3.219886893957179,2164929236091.9807,3.2560692419347532
IDA,2017,3.850671662847271,2271746935650.2695,4.007030840767214
IDA,2018,2.845783760940845,2413554064598.358,4.3740654330957085
IDA,2019,2.7444752838747175,2703870257924.7173,3.9446811326464513
IDA,2020,3.4761737272218722,2623288396798.272,-1.7686815924148078
IDA,2021,4.172705822176587,2866558694220.814,3.9932200326056773
IDA,2022,8.680721507340298,3079987753167.07,4.561352074871735
IDA,2023,7.102209285570592,2927829143897.9756,3.0948718351029925
IDA,2024,3.89084237884105,2893789224780.353,4.3504894330715445
IDA,2025,3.364621893178246,3195044389894.019,4.725766593261653
IDB,1960,,12401501561.785378,
IDB,1961,,13314688264.577467,1.817476104892222
IDB,1962,,14222416055.510235,4.191667857877789
IDB,1963,,15145197244.781578,8.276977586389151
IDB,1964,,16626632979.221058,5.904399228499926
IDB,1965,,17977186457.612938,5.261832353122571
IDB,1966,,19605545864.4967,0.6474174657680152
IDB,1967,,19795254777.982857,-6.797827430959714
IDB,1968,,21047483665.486614,3.1392032932538143
IDB,1969,,23960732153.678043,15.130843758073837
IDB,1970,5.603963359173785,32356563895.3398,17.21089434603695
IDB,1971,3.897117871773815,30392833455.941994,10.45559704744636
IDB,1972,5.183237645491385,34167082608.547848,4.0406888892566855
IDB,1973,11.10298666982289,37107988872.555695,5.657961189353472
IDB,1974,17.80994803318182,52754115653.56422,8.189623577419681
IDB,1975,13.309105194054304,61046682874.99742,-1.2845940151395325
IDB,1976,10.48601714827406,73441255542.51997,6.824296710845317
IDB,1977,10.18691320451434,79020486261.13252,5.4235813799879935
IDB,1978,8.823529411796665,87129172584.73259,0.4561010435928381
IDB,1979,10.54988666704267,106209035625.90292,5.562599281847682
IDB,1980,14.30129042807199,134446628565.26187,4.105034142616049
IDB,1981,11.741483513821265,245479636362.86798,-3.4470367959264934
IDB,1982,7.252332620119021,224352153458.5308,-0.9585749388583338
IDB,1983,6.228690390893217,171851407628.72443,-2.9616559881198015
IDB,1984,5.659612787032883,148714761041.17905,1.3475043789529053
IDB,1985,5.393258426966388,149360272178.40524,5.984622685937424
IDB,1986,3.8322625652694144,138015634707.14774,2.9647396617047406
IDB,1987,5.172496652377172,142226241236.74176,3.519049958496211
IDB,1988,4.75957807533924,148184197593.88095,6.12367001831376
IDB,1989,4.517802827787724,143853282362.3657,3.146304148892611
IDB,1990,7.158880952303836,159019516930.1433,5.938320707907025
IDB,1991,6.323448045517983,170036291239.49316,1.9072145866617802
IDB,1992,4.5963186428918155,165355540081.8947,2.7829797052128384
IDB,1993,4.948889212626945,175244559141.6514,-0.22888677328803908
IDB,1994,8.069426033272224,190983317299.20212,0.888628935015106
IDB,1995,8.710607849472181,267309715975.1348,2.27998668332728
IDB,1996,5.18576037812015,328495025650.4057,4.754149476394787
IDB,1997,4.020833333333058,344040187982.76,2.478750024071047
IDB,1998,4.611447595153724,360890034244.6559,2.801788980282055
IDB,1999,3.823217510955566,203538006166.57028,2.0432956857952007
IDB,2000,2.799107418342911,244290144705.89398,3.525670302434449
IDB,2001,4.317099692361808,243968067390.48297,3.972050000940257
IDB,2002,2.95584372642747,267621509358.23056,6.3812467176755945
IDB,2003,2.914134700594792,302939673628.9326,4.524417635292906
IDB,2004,2.827485193912008,365116376618.52185,7.381368798736958
IDB,2005,3.475806937554001,428328538127.19727,5.973351079628557
IDB,2006,4.251953219779671,526645636933.89124,5.736013736065956
IDB,2007,4.410997041934888,609839841031.7721,5.446792233360128
IDB,2008,8.033273276503401,714771797937.5765,4.207750162785786
IDB,2009,1.019504577311376,669157586077.0638,5.896292026888574
IDB,2010,3.3434265756173995,786359231668.3749,5.954748152455423
IDB,2011,4.473883421650231,895839926018.5588,4.265328989476842
IDB,2012,4.177635871025146,990701519034.6792,4.540526275150228
IDB,2013,2.581170372529356,1081001766014.4286,5.736097152504556
IDB,2014,1.201399644810576,1175043316339.5427,5.824824661692503
IDB,2015,1.374885426214466,1116256560392.4812,3.9277692964975017
IDB,2016,1.650389944315728,1047494187995.7478,2.374101242861144
IDB,2017,1.14765339305816,1067274924059.636,2.8246371292483445
IDB,2018,2.480308431919066,1127900531096.5134,3.8983413977237973
IDB,2019,1.9999797664804024,1357319294877.019,3.068685226712063
IDB,2020,2.103948821360802,1262159381015.613,-3.225531730977707
IDB,2021,3.466778769519286,1373195862361.1172,4.360094548698882
IDB,2022,6.641101324236653,1461048245644.6853,4.822562964559538
IDB,2023,4.564577198148944,1277421993702.0908,2.875087823534443
IDB,2024,3.450530281310188,1123047633991.39,4.115631516620681
IDB,2025,2.400695593617472,1270032242274.1023,4.576739541493026
IDN,1960,39.59044368600674,,
IDN,1961,13.6919315403424,,5.740645822668128
IDN,1962,131.3978494623653,,1.8419777023684247
IDN,1963,145.9107806691447,,-2.2370299857165747
IDN,1964,108.9947089947092,,3.529698149937971
IDN,1965,306.7631103074148,,1.081589466260553
IDN,1966,1136.254112207699,,2.791346824845249
IDN,1967,106.0,5667756627.92093,1.3804028060703644
IDN,1968,128.8430420711975,7076465299.811411,10.915178571429522
IDN,1969,15.4798773314404,8337423312.883435,6.822298249136139
IDN,1970,12.39946851304104,9150684931.50685,7.554634513942233
IDN,1971,4.233745877416069,9333536369.945675,7.023997197408477
IDN,1972,6.521740918526037,10997590361.445784,7.037643207859617
IDN,1973,31.04188243391816,16273253012.048193,8.103975535165304
IDN,1974,40.49181160069498,25802409638.55422,7.634672905506704
IDN,1975,19.16569166105331,30463855421.68675,4.977300866695117
IDN,1976,19.82864999275342,37269156626.50603,6.886564973525239
IDN,1977,11.0520846464477,45808915662.650604,8.761325601063533
IDN,1978,8.112594256773779,51455719075.825424,6.767069857631711
IDN,1979,16.23276953343083,51400186342.88893,7.324309485596061
IDN,1980,18.03542212531299,72482337397.44394,9.880077521664177
IDN,1981,12.26590758748531,85518233419.04785,7.927156824128744
IDN,1982,9.445425349211435,90158449294.99205,2.246445340363749
IDN,1983,11.79973820766518,81052283383.71552,4.192967368199902
IDN,1984,10.45503922314116,84853700027.65103,6.975527808841235
IDN,1985,4.724535185433977,85289488375.44347,2.4621435642255136
IDN,1986,5.822665767324843,79954072544.52792,5.875045103598637
IDN,1987,9.27865406602839,75929617557.75212,4.925927364966114
IDN,1988,8.04535671530907,84300174485.79732,5.780498488117701
IDN,1989,6.415540799163637,94451427876.66281,7.456586925168466
IDN,1990,7.819197565056347,106140727333.63564,7.2421316385646435
IDN,1991,9.41906784347004,116621996217.1334,6.9119828359130935
IDN,1992,7.523510062426775,128026966579.96375,6.497506516827144
IDN,1993,9.671910892640103,158006700301.5332,6.49640812045304
IDN,1994,8.531998291891433,176892143931.50528,7.539971095514389
IDN,1995,9.420303005729957,202132028723.11533,8.220007399034927
IDN,1996,7.973280965133457,227369679374.9733,7.818187076708668
IDN,1997,6.226151548872136,215748998609.635,4.699878853903968
IDN,1998,58.45104135155258,95445547872.71503,-13.126725492381823
IDN,1999,20.47783244288924,140001351215.46185,0.7911260819984705
IDN,2000,3.688620370566819,165021012077.80963,4.920067747016901
IDN,2001,11.50011605508873,160446947784.90857,3.6434664472149194
IDN,2002,11.90012003384135,195660611165.18344,4.49947539085764
IDN,2003,6.757312563335641,234772463823.80835,4.780369121676543
IDN,2004,6.064061891336475,256836875295.4519,5.03087394501685
IDN,2005,10.45320018733474,285868619196.0848,5.692571303833844
IDN,2006,13.10867098534595,364570515618.35693,5.500951785203483
IDN,2007,6.406560879660048,432216737774.86053,6.3450222266721426
IDN,2008,10.22666632724826,510228634992.25824,6.013703600091233
IDN,2009,4.386413117920736,539580085612.4014,4.628871182561525
IDN,2010,5.134206390158854,755094157621.9355,6.223854180623661
IDN,2011,5.356048491125821,892969104563.1713,6.16978420771008
IDN,2012,4.279514269194305,917869913332.6486,6.030050653056151
IDN,2013,6.412494579003911,912524136718.0182,5.557263688910098
IDN,2014,6.394928823965593,890814755533.5369,5.006668425754995
IDN,2015,6.363120611966463,860854232686.2139,4.876322300221233
IDN,2016,3.525804528154512,931877364037.6975,5.033069182801768
IDN,2017,3.808798576919489,1015618744159.7339,5.069785901349164
IDN,2018,3.198347559249961,1042271532988.6317,5.174291539550239
IDN,2019,3.030584609416606,1119099871350.1992,5.019287680462824
IDN,2020,1.919835272707928,1059054842698.482,-2.065511829341645
IDN,2021,1.560078829833344,1186509691086.7307,3.7028856282775138
IDN,2022,4.209464637147842,1319101183380.1516,5.307197226647986
IDN,2023,3.669386548597611,1371166925749.8774,5.048831178555162
IDN,2024,2.181512736151888,1396301788461.6938,5.032574770885191
IDN,2025,1.913334432950795,1445642584163.8086,5.10808904438025
IDX,1960,,32211130981.143772,
IDX,1961,,33772065916.381252,
IDX,1962,,36455263573.21852,7.482322040307636
IDX,1963,,41014470844.43211,1.9919870427252988
IDX,1964,,38512402567.660355,3.9405169402343887
IDX,1965,,43923557987.71727,3.714408683139766
IDX,1966,,47200993233.48326,2.7357981864011123
IDX,1967,,47959795959.13875,1.7918306443734053
IDX,1968,,50739597097.973495,4.694432361221914
IDX,1969,,56551004966.19247,4.128057547355553
IDX,1970,,55840044830.638855,0.2736984651015888
IDX,1971,,59168906660.117,2.1745586552827376
IDX,1972,,61398988614.32655,-0.6571140037231373
IDX,1973,,74220481292.85323,2.3232739702746983
IDX,1974,,92801585576.01852,6.4319184628098185
IDX,1975,,110398454351.70702,0.652277277031942
IDX,1976,,104545708678.82753,3.8478320163220587
IDX,1977,,114936661857.40726,2.2153437973805126
IDX,1978,,132432436480.38562,2.0696752010339594
IDX,1979,,144551811286.73898,0.9099772428669866
IDX,1980,,163665268577.92822,2.7318893967616305
IDX,1981,,171049888832.41995,3.372950644913317
IDX,1982,,173621886542.0771,0.8722350115989883
IDX,1983,,174267592105.8309,1.4640697987149593
IDX,1984,,178156917877.49982,1.839175850833513
IDX,1985,,188351987512.80472,2.0968709357878765
IDX,1986,9.523827588431072,167908559269.9474,2.9277268268943004
IDX,1987,8.152342538008714,174077226956.2804,3.69881577707136
IDX,1988,9.92402339810402,185622300396.39575,3.25862750033086
IDX,1989,8.846886912325523,192297036644.95728,1.2105874614754413
IDX,1990,10.0118383223406,220767518955.36267,1.2124683661696878
IDX,1991,12.445244163387095,240288582087.84372,2.2266367692309785
IDX,1992,10.334630787055126,199759409827.9334,1.076939288144672
IDX,1993,9.679346580679281,208457572284.4218,2.237833454758629
IDX,1994,21.72934688381899,205697718339.0709,1.3374751869665857
IDX,1995,10.56328866918136,213394230364.23923,5.206536067815563
IDX,1996,8.790013819351621,225170917306.56003,5.217750410578276
IDX,1997,7.572834670725924,235609683373.03226,5.4977038695225815
IDX,1998,6.210067094558102,242828324963.7858,4.313162416289273
IDX,1999,4.691705630484379,249690571092.39932,4.101391816695468
IDX,2000,4.088762616803123,275650920074.9101,4.362289003624014
IDX,2001,4.714896346896095,269747437393.25372,4.2408062134781375
IDX,2002,4.6057475780799155,286540275917.5853,4.67188322019085
IDX,2003,5.707009318747377,322074306128.265,5.151646131058143
IDX,2004,4.668466223698812,365272291015.9418,6.030166115834916
IDX,2005,7.20288349647587,421468030604.47845,6.405774518857882
IDX,2006,6.730262914140558,488304362308.8064,6.376509653769929
IDX,2007,7.139811391398293,580806156918.8257,6.4665778810712595
IDX,2008,11.48466695992356,704680261545.3928,5.926006807293334
IDX,2009,4.530176591328005,714481284347.5986,4.171883337651778
IDX,2010,4.827341900746726,817442809408.6836,6.457085639671163
IDX,2011,6.7395240045165,915701300378.2095,3.9871548865623794
IDX,2012,6.051436621399669,920787890779.8561,2.365033131878519
IDX,2013,5.161898985814935,999818318320.4142,5.109186825721963
IDX,2014,4.40535234185293,1065225653679.8812,4.992395804554505
IDX,2015,3.4027432773718846,1061275571634.6069,3.017018136156821
IDX,2016,3.741030821107714,1117435048096.2332,4.183728929329519
IDX,2017,4.314211346237835,1204472011590.6333,5.229078581004671
IDX,2018,3.017481810314056,1285653533501.8435,4.854509210767446
IDX,2019,3.092610033732514,1346550963047.6992,4.82130049368115
IDX,2020,3.9418032690806464,1361129015782.6592,-0.3351705129121427
IDX,2021,4.37012190478157,1493362831859.6953,3.6426921368542224
IDX,2022,9.573371185559534,1618939507522.3843,4.310052301494082
IDX,2023,7.121423718313386,1650407150195.8853,3.3073554888398036
IDX,2024,4.256328348662782,1770741590788.9639,4.576596224866478
IDX,2025,3.5507191310893624,1925012147619.9187,4.868608273268919
IMN,1960,,,
IMN,1961,,,
IMN,1962,,,
IMN,1963,,,
IMN,1964,,,
IMN,1965,,,
IMN,1966,,,
IMN,1967,,,
IMN,1968,,,
IMN,1969,,,
IMN,1970,,,
IMN,1971,,,
IMN,1972,,,
IMN,1973,,,
IMN,1974,,,
IMN,1975,,,
IMN,1976,,,
IMN,1977,,,
IMN,1978,,,
IMN,1979,,,
IMN,1980,,,
IMN,1981,,,
IMN,1982,,,
IMN,1983,,,
IMN,1984,,251195796.75445595,
IMN,1985,,256330852.1560575,0.4189230898843448
IMN,1986,,356287012.60627383,19.105538297801587
IMN,1987,,459975486.190554,9.896346755638618
IMN,1988,,584702952.6858768,11.829356549215134
IMN,1989,,617619437.1727749,6.845213103425408
IMN,1990,,761514559.6590909,4.186976897362598
IMN,1991,,821507936.5079366,1.604992842573452
IMN,1992,,854849069.8490698,0.8000024897715292
IMN,1993,,765647870.4259149,2.5999957083552516
IMN,1994,,833255280.0734619,4.000001203709289
IMN,1995,,922269212.5611488,4.2999982060102155
IMN,1996,,1007205928.2371294,7.700006207361241
IMN,1997,,1178261296.6601179,8.599994333029798
IMN,1998,,1385124213.3156674,13.500005959427156
IMN,1999,,1573742112.9267108,13.699997016825364
IMN,2000,,1601050083.2198517,5.300001525528046
IMN,2001,,1668684324.168706,5.39999903126116
IMN,2002,,1891002697.8417265,6.19999819490684
IMN,2003,,2252620408.163265,5.999999688126408
IMN,2004,,2802206151.592823,5.200003104024958
IMN,2005,,3032411026.949189,5.899999335766751
IMN,2006,,3422733202.450104,7.699998712534324
IMN,2007,,4466350655.89909,7.5000002298881725
IMN,2008,,5928791505.351438,4.90000100081545
IMN,2009,,5486921247.073229,2.100000271813741
IMN,2010,,5920369789.501823,3.3999984239595733
IMN,2011,,6565667052.797365,1.9999993820741508
IMN,2012,,6690228371.669086,7.303891085117172
IMN,2013,,7001175622.712655,4.141861587534933
IMN,2014,,7708454412.321261,5.1550998374859915
IMN,2015,,7084800892.222841,-0.38586688219808707
IMN,2016,,6846377563.006829,6.952302848994066
IMN,2017,,6979788333.502793,2.8377580709368857
IMN,2018,,7491649455.927165,2.213397539225099
IMN,2019,,7314967866.282892,0.25487784739826225
IMN,2020,,6684225641.0256405,-8.836816974734745
IMN,2021,,7931193222.064053,3.8378363233463944
IMN,2022,,7431257410.927127,-4.168477224667527
IMN,2023,,7576129932.793811,-2.035244969555805
IMN,2024,,,
IMN,2025,,,
IND,1960,1.779877846773906,37029883876.183876,
IND,1961,1.695212939144328,39232435784.03579,3.72274253269822
IND,1962,3.632214971069874,42161481858.08186,2.931127736659576
IND,1963,2.946161356852253,48421923459.12346,5.994353260951783
IND,1964,13.35526115081532,56480289940.989944,7.452950122329753
IND,1965,9.474758591706953,59556105229.00523,-2.6357701098536097
IND,1966,10.80184834893409,45581230504.07104,-0.05532876983183144
IND,1967,13.06220247779697,50134942204.0,7.825963030331053
IND,1968,3.237412426275073,53085455870.666664,3.387929176002416
IND,1969,-0.5841366104662814,58447995017.333336,6.539700296280415
IND,1970,5.092261619975449,62422483054.666664,5.157229736082613
IND,1971,3.07993868406546,67351404351.83296,1.6429303838876592
IND,1972,6.442097461582346,71464700666.98688,-0.5533013123777124
IND,1973,16.94081597917362,85517673172.55133,3.295521135223538
IND,1974,28.59873407750893,99526597933.63312,1.1853362603403923
IND,1975,5.748430297674424,98473832017.32423,9.14991201480592
IND,1976,-7.633947633928809,102716451979.68039,1.6631036366127887
IND,1977,8.30747009171166,121486641441.3093,7.254764585835687
IND,1978,2.523048756951786,137302319828.99506,5.712532089001883
IND,1979,6.275683367623375,152995442497.70932,-5.238182702789501
IND,1980,11.34607347950951,186328579302.06827,6.735821527998496
IND,1981,13.11254689764197,193491368445.57254,6.006203623817669
IND,1982,7.890742793774875,200715624830.9017,3.4757332403123655
IND,1983,11.86808129867337,218262146413.1575,7.288892901245859
IND,1984,8.318907118600723,212157645177.6516,3.820737855973505
IND,1985,5.556424232365542,232511554840.37195,5.254299223308891
IND,1986,8.729720727025814,248985994040.5897,4.776564170489465
IND,1987,8.80112581251833,279033584092.22345,3.9653556339057587
IND,1988,9.383471861853359,296589670895.932,9.627782919848343
IND,1989,7.07428002942296,296042052944.6598,5.947343328265035
IND,1990,8.971232502732555,320979026420.0351,5.53345456306495
IND,1991,13.87024617736835,270105341879.22638,1.0568314329617863
IND,1992,11.78781704181338,288208070278.0129,5.482396021670027
IND,1993,6.326890487798671,279295648982.52924,4.750776219579905
IND,1994,10.24793555561189,327274843459.429,6.658924067473066
IND,1995,10.22488616375453,360281909643.48914,7.574491840271946
IND,1996,8.977152338264526,392896866204.5158,7.5495222488882945
IND,1997,7.164252114627213,415867563592.82904,4.049820849024826
IND,1998,13.23083897679773,421351317224.9413,6.184415820803551
IND,1999,4.669820380375897,458821052615.7898,8.84575556114116
IND,2000,4.009435910451904,468395521654.4579,3.8409911568655417
IND,2001,3.779293122356374,485440139204.17053,4.823966263973034
IND,2002,4.297152039295619,514939140318.7556,3.803975321200383
IND,2003,3.805858995288526,607700687237.3179,7.860381475450453
IND,2004,3.767251734775172,709152728830.7745,7.922936613079784
IND,2005,4.246343620319236,820383763511.4454,7.923430621317891
IND,2006,5.796523375616339,940259888787.7214,8.060732573050572
IND,2007,6.372881355932311,1216736438834.9553,7.660815065107656
IND,2008,8.349267049075747,1198895139005.919,3.0866980595008187
IND,2009,10.88235294117645,1341888016994.8982,7.861888833033802
IND,2010,11.98938992042449,1675615519484.959,8.497584701656251
IND,2011,8.9117933648336,1823051829894.5461,5.2413162002429345
IND,2012,9.478996914197927,1827637590410.4143,5.4563875516477225
IND,2013,10.01787847461043,1856721507621.5764,6.386106400917129
IND,2014,6.665656718678994,2039126479154.5168,7.410227605169766
IND,2015,4.906973441272494,2103588360044.9392,7.996253785679869
IND,2016,4.948216340621341,2294796885663.163,8.256305501766619
IND,2017,3.328173374613047,2651474262755.452,6.795383419024219
IND,2018,3.938826466916426,2702929641648.7407,6.453851344952952
IND,2019,3.729505735391232,2835606256558.195,3.8714369407052374
IND,2020,6.623436776285296,2674851578587.2686,-5.77772470687303
IND,2021,5.131407471763637,3167270623260.4688,9.68959249191741
IND,2022,6.699034140798577,3249938492013.471,7.609364977693204
IND,2023,5.64914318907925,3500906030644.764,7.210224629335002
IND,2024,4.953035509736606,3760813470500.8564,7.099278931765184
IND,2025,2.398849541822944,3956067115771.6313,7.566661792842439
INX,1960,,,
INX,1961,,,
INX,1962,,,
INX,1963,,,
INX,1964,,,
INX,1965,,,
INX,1966,,,
INX,1967,,,
INX,1968,,,
INX,1969,,,
INX,1970,,,
INX,1971,,,
INX,1972,,,
INX,1973,,,
INX,1974,,,
INX,1975,,,
INX,1976,,,
INX,1977,,,
INX,1978,,,
INX,1979,,,
INX,1980,,,
INX,1981,,,
INX,1982,,,
INX,1983,,,
INX,1984,,,
INX,1985,,,
INX,1986,,,
INX,1987,,,
INX,1988,,,
INX,1989,,,
INX,1990,,,
INX,1991,,,
INX,1992,,,
INX,1993,,,
INX,1994,,,
INX,1995,,,
INX,1996,,,
INX,1997,,,
INX,1998,,,
INX,1999,,,
INX,2000,,,
INX,2001,,,
INX,2002,,,
INX,2003,,,
INX,2004,,,
INX,2005,,,
INX,2006,,,
INX,2007,,,
INX,2008,,,
INX,2009,,,
INX,2010,,,
INX,2011,,,
INX,2012,,,
INX,2013,,,
INX,2014,,,
INX,2015,,,
INX,2016,,,
INX,2017,,,
INX,2018,,,
INX,2019,,,
INX,2020,,,
INX,2021,,,
INX,2022,,,
INX,2023,,,
INX,2024,,,
INX,2025,,,
IRL,1960,0.4508372694317764,1998550221.8055434,
IRL,1961,2.756999358635504,2151772979.96956,5.0161691686697765
IRL,1962,4.263727121490855,2329372971.891706,3.216443908284191
IRL,1963,2.45362058668928,2505073357.8850775,4.744633962427059
IRL,1964,6.717289719262949,2851091646.431651,3.7859629734537066
IRL,1965,4.98812351543946,3035655793.5247006,1.9334487005022254
IRL,1966,3.054298641402731,3198820903.82796,0.8930926723891446
IRL,1967,3.1833150395518,3445739914.7310104,5.7857038195578525
IRL,1968,4.680851063829897,3378701146.841974,8.24392804095207
IRL,1969,7.418699185975541,3902721631.5466347,5.863855315031913
IRL,1970,8.207190160910265,4395995085.995086,2.6605293342150276
IRL,1971,8.961748634176692,5098250287.466462,3.469888666123836
IRL,1972,8.605817453010662,6318060582.218726,6.489807750820177
IRL,1973,11.41485038732961,7481173065.792012,4.721428038637924
IRL,1974,16.97612732120479,7896860614.988031,4.2602303016187335
IRL,1975,20.87585034019516,9483808362.369339,5.656646526144655
IRL,1976,17.98569586133863,9453756014.71837,1.3948066831526802
IRL,1977,13.47225529379477,11248340431.377937,8.211300510134322
IRL,1978,7.711112146218693,14647996073.693748,7.1867276078844355
IRL,1979,13.29546882482811,18319334300.451324,3.073036392668314
IRL,1980,18.1544622557972,21747855640.07121,3.07932918345945
IRL,1981,20.37351107019336,20670190138.16707,3.32521731639946
IRL,1982,17.14712620370916,21474752962.21775,2.283468432846007
IRL,1983,10.44762553485937,20766047763.53137,-0.2443012138700169
IRL,1984,8.651110537963858,20106648454.840363,4.354372677755009
IRL,1985,5.395486201703519,21270013325.56009,3.0856146591500675
IRL,1986,3.827041665426593,28714571852.479866,-0.4283302042059347
IRL,1987,3.159410348350138,33920518492.50936,4.66309058769842
IRL,1988,2.134569891071034,37772896220.75585,5.217413423225366
IRL,1989,4.089053881535443,39238392677.75421,5.813919945573389
IRL,1990,3.317328866801183,49305632408.4929,8.46652776398362
IRL,1991,3.210810371423778,49787501584.484726,1.9296401741083002
IRL,1992,3.069998538359037,55918538121.3989,3.343274126038125
IRL,1993,1.469415224114222,52417477613.67601,2.692608414664477
IRL,1994,2.309201926109509,57097656065.95995,5.755827970616181
IRL,1995,2.524864467808019,69139823232.32323,9.634421365590356
IRL,1996,1.755744696074194,75790786290.32259,7.379624657658752
IRL,1997,1.541802022613698,82856648758.35721,11.021765082343293
IRL,1998,2.40768094534715,90199410115.50969,8.7661226571214
IRL,1999,1.629886052214069,98893958262.64384,10.529885642706233
IRL,2000,5.57763269940387,100207610429.90924,9.40352476399653
IRL,2001,4.852802796074768,109346669229.6954,5.305821335142994
IRL,2002,4.628205128205152,128596035288.40102,5.899365060790046
IRL,2003,3.49221909079765,164670771259.60202,3.0138386939601247
IRL,2004,2.178546057305227,194372115041.06497,6.788139906213559
IRL,2005,2.456546929316387,211876989655.90652,5.739782026252783
IRL,2006,3.935761140013537,232180617162.2785,4.987853645376148
IRL,2007,4.885745375408018,270079279419.50046,5.310118308986134
IRL,2008,4.03568834941391,275447471451.06323,-4.484070810430623
IRL,2009,-4.447546868767464,236443115853.69476,-5.09578277913846
IRL,2010,-0.9183886453767739,221732824603.48376,1.6829717548651217
IRL,2011,2.5489783020855,240975871046.64444,1.6088664891694435
IRL,2012,1.694741166803664,226921827888.13715,-0.40502941658976965
IRL,2013,0.5150994849005732,242924245718.75598,2.192937575002901
IRL,2014,0.1909163987137449,266490442124.30887,9.385793351309218
IRL,2015,-0.3309597833717876,302101388556.27057,24.62398563640062
IRL,2016,0.02012477359632367,305431252708.7482,1.2227166113094654
IRL,2017,0.3621730382293778,348355212568.5147,10.108857606596501
IRL,2018,0.4711307137129156,395780319816.60284,7.688659374374353
IRL,2019,0.9378429611892739,407211793800.7131,4.972880037668162
IRL,2020,-0.3261836512800329,436009027818.9475,7.153695057353346
IRL,2021,2.340341134470437,530394123829.7628,16.258188115819735
IRL,2022,7.829457364341047,548341794599.08966,7.511138884153041
IRL,2023,6.299424874191247,567372737459.1158,-2.5363740931326078
IRL,2024,2.113449995773167,609157459747.2053,2.599467215537075
IRL,2025,2.210447884758569,721701359046.3127,12.337599029143448
IRN,1960,9.822410812978672,4199134389.9036956,
IRN,1961,3.162564395857449,4426949094.840303,10.390918354993744
IRN,1962,0.7213205716563371,4693566416.4834585,7.909267929653254
IRN,1963,0.3718496072216658,4928628018.387591,7.042075229128713
IRN,1964,3.814489572230427,5379845647.7013855,8.475228248785598
IRN,1965,2.154374835209675,6197319929.040383,17.03571152030075
IRN,1966,-0.3881485321544318,6789938671.750944,11.502407284828479
IRN,1967,1.597610079643539,7555383690.16,11.252803096167469
IRN,1968,0.6903605219962325,8623172959.898033,14.40418267547281
IRN,1969,3.593194515512811,9743089607.495869,15.516658908089127
IRN,1970,1.666870939700685,10976245153.589386,10.927601629654731
IRN,1971,4.195298372654225,13731802833.0363,13.701582993922472
IRN,1972,6.398241351288712,17153463263.108646,14.49901584863673
IRN,1973,9.819486733187619,27081698249.508286,7.441681612108525
IRN,1974,14.24893553825674,46209092072.13827,5.801050847820676
IRN,1975,12.87918183383407,51776222349.8869,-0.3262162407732916
IRN,1976,11.25614250621115,68055295080.75381,18.260435628160664
IRN,1977,27.28778467930932,80600122701.9632,-2.7735776916351256
IRN,1978,11.72196920412121,77994316621.48138,-12.840856674228618
IRN,1979,10.48723672734855,90391877325.9285,-12.020760254792066
IRN,1980,20.64391443737981,94362275580.0229,-21.599649351692406
IRN,1981,24.2035897624486,100499312749.92252,-5.69678723333881
IRN,1982,18.68972592695638,125948756439.48515,23.171245535579615
IRN,1983,19.74018917786108,156365156618.24072,11.0867168468735
IRN,1984,12.54021945388684,162276728619.51862,-7.13985049890006
IRN,1985,4.389340957415414,180183629599.68427,1.8676499325070353
IRN,1986,18.42900302114737,209094561833.48007,-9.784905578017927
IRN,1987,28.57142857142921,134009995923.16888,-0.17210768760563155
IRN,1988,28.67063492063446,123057861333.90797,-6.081996619865521
IRN,1989,22.34965304548965,120496362916.27124,6.132115677179911
IRN,1990,7.627674937639345,124813263926.22499,13.594926443583958
IRN,1991,17.12856794340117,131637664958.01384,12.71614844240976
IRN,1992,25.80772261623316,119768691216.66667,3.297981919580579
IRN,1993,21.20263075477608,63743623232.01201,-1.4710114821838118
IRN,1994,31.4470284237728,71841461172.59639,-1.6982861190916196
IRN,1995,49.65598584627463,96419225743.67368,2.401044552200233
IRN,1996,28.93734401681366,120403931885.44078,6.350526018736446
IRN,1997,17.34922575387077,113919163421.15488,1.350399274300301
IRN,1998,17.86613421303975,110276913362.5078,2.0800117802713345
IRN,1999,20.07070781468658,113848450088.3509,2.0026962325343476
IRN,2000,14.47675131885666,109591707802.21602,5.845527475782092
IRN,2001,11.27424713321167,126878750295.94432,2.3921727120786755
IRN,2002,14.33593373784039,128626917503.71953,8.078829279752426
IRN,2003,16.46801162447918,151911222119.48804,8.639298397200605
IRN,2004,14.76150869706724,187754571247.66602,4.3366659785104105
IRN,2005,13.43311800850802,224970371324.6703,3.1898040872882376
IRN,2006,10.01589825119239,265602187403.64328,4.999795261812224
IRN,2007,17.34104046242766,349736591832.4179,8.155773523585168
IRN,2008,25.41050903119872,406070949553.87506,0.2508565534936338
IRN,2009,13.55155482815062,414059094949.0625,1.0073854579047463
IRN,2010,10.08936292879791,487069570463.76825,5.7979383016960355
IRN,2011,26.2933856738608,629082257472.3682,2.6457179180628003
IRN,2012,27.25681272429084,644019315003.5399,-3.747171398641086
IRN,2013,36.60303551910293,500399839839.8767,-1.521979204941843
IRN,2014,16.60655323574489,462284793280.8254,4.984775067094759
IRN,2015,12.48468156115333,409191686496.6768,-1.4248849393750334
IRN,2016,7.245425489529789,478618064870.9994,8.815086642518196
IRN,2017,8.044924376602776,510239893417.64484,3.026854686940254
IRN,2018,18.01411833718742,411903303606.0441,-3.74796015711334
IRN,2019,39.90734556977835,347988400957.99915,-2.361435387705754
IRN,2020,30.59413903872951,280934329279.7228,4.441808653586719
IRN,2021,43.38901626815144,407350685583.33545,4.130896850344712
IRN,2022,43.48846417421787,422662261525.66516,4.352810875213436
IRN,2023,44.57918575727971,457510482317.4832,5.332351160798083
IRN,2024,32.45587140291699,475252089215.4158,3.6631205794930253
IRN,2025,42.17122449654444,362682115433.36444,-2.8259716329034745
IRQ,1960,3.478237904095996,1537252193.0991228,
IRQ,1961,0.9162604318466786,1671960965.215614,7.325768065563082
IRQ,1962,1.292362165415204,1784174540.7301838,4.603345753055436
IRQ,1963,3.954957429297419,1805901510.039396,2.447702350471957
IRQ,1964,-0.09013651967173637,2136408197.836721,14.826514272380692
IRQ,1965,-0.455580865857809,2335785506.085798,10.763880165143973
IRQ,1966,1.983218917121633,2530306095.8775616,4.962876611498146
IRQ,1967,3.29094988781672,2551522656.1909375,-8.856815476110256
IRQ,1968,2.196475982867994,2896598841.3604636,19.51210025713408
IRQ,1969,5.739253661367332,3007758796.8964815,3.2441864605957846
IRQ,1970,4.355595264705646,3281318687.472525,4.544357064017788
IRQ,1971,3.595890410760367,3865346534.6534657,5.374552533034247
IRQ,1972,5.185950413255184,4113848002.4031243,3.7353037869659573
IRQ,1973,4.890984089925701,5134367778.144602,4.41875556494567
IRQ,1974,7.699999999769275,11516762614.290552,16.113367345463786
IRQ,1975,9.517177344055291,13458516762.61429,12.490664675130432
IRQ,1976,12.82323018281352,17754825601.083645,17.17510373443983
IRQ,1977,9.16776253995512,19838130714.5276,1.8999593945060695
IRQ,1978,4.611942866820158,23762275651.879444,17.05696466467144
IRQ,1979,,37816457839.48527,20.869255432846472
IRQ,1980,,52569000000.0,24.75372684639359
IRQ,1981,,37823000000.0,-0.7287275094635532
IRQ,1982,,42382333333.333336,3.4339780305793823
IRQ,1983,,40712903225.80645,-13.073312403489055
IRQ,1984,,46938387096.77419,-1.4852416973518814
IRQ,1985,,48425161290.32258,1.4538962628595868
IRQ,1986,,47264516129.03226,4.647590574166173
IRQ,1987,,56774193548.3871,9.305281391124296
IRQ,1988,,62684516129.03226,-0.019036936802592663
IRQ,1989,,65831935483.87097,-3.1185352147467
IRQ,1990,,180408064516.12903,57.817828345603516
IRQ,1991,180.9523809523807,407796349.66378486,-64.04710697348798
IRQ,1992,83.61581920903888,553671957.6719576,32.59221119640506
IRQ,1993,207.692307692309,1031944881.1318939,30.289829491298036
IRQ,1994,448.4999999999987,3991349282.7572927,3.8545324489531794
IRQ,1995,387.3108477666385,12894029888.112158,2.1200214976336156
IRQ,1996,-16.11732575105724,10433698621.342705,11.020785644211742
IRQ,1997,23.0631996788727,20764857056.379494,21.23793612879183
IRQ,1998,14.76877355755286,20617405044.242462,35.0009676191703
IRQ,1999,12.57776233934363,36881601583.81936,17.580170374387876
IRQ,2000,4.978962131837313,48364250943.90507,16.796134443966054
IRQ,2001,16.37408149632623,36176430128.805725,1.7666087656817382
IRQ,2002,19.31669460197901,32928454672.42459,-8.203704811871745
IRQ,2003,33.61621059923828,21921569478.81626,-36.65678043831654
IRQ,2004,26.96190681932714,36633669269.3981,53.385547288750075
IRQ,2005,36.9594809201871,50065104667.8159,1.6752286358682795
IRQ,2006,53.23096291142799,65147051918.02187,5.638299152206372
IRQ,2007,-10.06749257689777,88837057319.51791,1.8885393624395306
IRQ,2008,12.6628528269228,131614434153.50531,8.22810710383277
IRQ,2009,6.873615472125553,111657580326.31511,3.379299094427708
IRQ,2010,2.429868268377534,138516722649.57266,6.402564844711932
IRQ,2011,5.6040514426601,185749664444.44446,7.546471200425998
IRQ,2012,6.0890964159516,218002476129.47165,13.936430173753706
IRQ,2013,1.879498007494163,234637675128.64493,7.628285922987544
IRQ,2014,2.235974079047261,228415656174.95712,2.2636881756361333
IRQ,2015,1.393330287802677,166774104959.10168,2.6067664293954067
IRQ,2016,0.5565213971555476,166743557747.67148,13.787373018708934
IRQ,2017,0.1840588988475531,187217660050.6757,-1.8197503511830888
IRQ,2018,0.3674414889368281,227367469034.03085,2.633850991056235
IRQ,2019,-0.1989653800238823,233636097800.33844,5.513790578938099
IRQ,2020,0.5741626794258561,180898797516.8744,-12.036793096045415
IRQ,2021,6.041864890580429,209691945713.10345,1.5021807095433957
IRQ,2022,4.994765963810304,287372232137.931,7.9590480499021234
IRQ,2023,4.358353510895952,268881051643.54932,0.5177055251400731
IRQ,2024,2.611696115176402,279641257615.38464,-1.5452519831917328
IRQ,2025,0.3034547152193817,254367293538.46155,-2.1557421906617833
ISL,1960,1.988400808722183,260984498.82638925,
ISL,1961,4.711608746199828,266711460.2414656,-0.07418407504007973
ISL,1962,11.01630006350319,299309938.06626385,8.314773546166876
ISL,1963,12.92801598224987,357240895.71243155,10.281014267266102
ISL,1964,19.24505104382893,456206298.7927527,9.88191422626177
ISL,1965,7.317072443045378,550150987.9967324,7.296380182862876
ISL,1966,10.68664741841378,660663763.2782556,8.75065886498352
ISL,1967,3.320220946361945,652609075.6829461,-1.260300527973186
ISL,1968,15.09695986702945,498365199.68694574,-5.498281776965513
ISL,1969,21.74435987743611,435659609.94361484,2.3896103237127164
ISL,1970,13.37243259985478,545115909.0909091,7.458143142274309
ISL,1971,6.731878554293639,693679545.4545455,13.060837583173864
ISL,1972,9.81125453306539,869002945.8418308,6.1773345467671845
ISL,1973,21.35465641108943,1194794186.1755242,6.806009699301413
ISL,1974,42.51630719226378,1568154077.0385191,5.706292099654547
ISL,1975,49.36135662402732,1456052700.0650618,0.6461550517187504
ISL,1976,31.94779533121671,1727845419.1140144,5.959367566573775
ISL,1977,30.31674127259284,2285707748.7806106,8.82227726391153
ISL,1978,43.7499982853606,2599627088.635609,6.0167145323609645
ISL,1979,44.4444558043743,2953176971.0720363,4.860582426594178
ISL,1980,58.5284260893648,3499616683.3416705,5.747920728982891
ISL,1981,51.79324160101083,3615094820.1877027,4.2650070463216
ISL,1982,50.24322638967598,3318714326.195199,2.1545662438991826
ISL,1983,83.95004619370344,2862634163.6208477,-2.1511617240210796
ISL,1984,30.85239707709089,2964568005.628879,4.1291182460197575
ISL,1985,31.99462902407035,3088359966.945892,3.29284143329744
ISL,1986,22.12840118766464,4129080094.0049925,6.270541920193423
ISL,1987,18.29776822323024,5713281235.456548,8.54593973363589
ISL,1988,25.72550908528429,6320093411.447436,-0.08972597785428604
ISL,1989,20.75819503344852,5870854233.211434,0.2584398042616982
ISL,1990,15.510721994253,6694851159.3272915,1.1693703596801441
ISL,1991,6.808778879436312,7151260062.07169,-0.22352549884007544
ISL,1992,3.947711768240335,7328497599.307683,-3.373894168537646
ISL,1993,4.042852910769509,6435952173.861592,1.3134494998599848
ISL,1994,1.552656274957724,6612804055.792887,3.6088579291100302
ISL,1995,1.651231501166556,7372640168.676971,0.11658365616138155
ISL,1996,2.260418982672951,7686566105.263158,4.4976533679403445
ISL,1997,1.815430802822539,7716781803.078233,4.1408704532979215
ISL,1998,1.659241709534191,8637732541.506773,7.010483230383073
ISL,1999,3.231832609064706,9107644690.766472,3.8979876251101615
ISL,2000,5.136471232451444,9140168922.356771,4.90518213950493
ISL,2001,6.405085503868684,8323401820.484765,3.8409393533269167
ISL,2002,5.197022302166296,9416199699.547358,0.5422867282904633
ISL,2003,2.05566329753744,11564687741.985947,2.2813697184713533
ISL,2004,3.15819324298459,13963943244.001783,7.622605204941422
ISL,2005,3.987047828065927,17146410560.527899,7.029340611609243
ISL,2006,6.687079061366673,17671649843.260185,5.671612487030387
ISL,2007,5.051557364921427,21960110030.442585,8.741329418624716
ISL,2008,12.6943942775877,18247921360.25988,1.6996107241166243
ISL,2009,12.00312984617426,13212543837.513264,-8.321464149382606
ISL,2010,5.396731131674841,13922711576.51245,-2.2218184377744876
ISL,2011,4.0010266434312,15394005872.149014,1.3799966919732896
ISL,2012,5.185899887506977,14943757823.32256,1.1693117493406078
ISL,2013,3.872279237482403,16244319958.68081,3.5969569712825233
ISL,2014,2.044614815393424,18052183514.86952,1.9138161309517443
ISL,2015,1.633055581813349,17700486957.190662,3.7685902021364512
ISL,2016,1.696927619977336,21083713310.457043,6.218087646703069
ISL,2017,1.76041559180605,25060086487.890076,3.4850670415555527
ISL,2018,2.68291768267392,26677652544.349865,4.660770362323774
ISL,2019,3.013971791560609,24985687022.045185,1.1382122733688789
ISL,2020,2.847924015186568,22034665040.79009,-6.64587810456635
ISL,2021,4.444239701897464,26234872402.45698,5.180571907199052
ISL,2022,8.308755115589124,29176227825.47356,8.857298978568508
ISL,2023,8.736302999372983,31701996433.78074,5.0322597376242015
ISL,2024,5.856838499700717,33186621855.005337,-1.2828764442695046
ISL,2025,4.090850560065153,38582528789.00328,1.279462078639341
ISR,1960,2.228112420670832,3068690949.10336,
ISR,1961,6.789823404402446,3706297903.0770097,11.203889897400217
ISR,1962,9.408194068265532,2964323617.938174,10.156116817132514
ISR,1963,6.581137364640606,3533767055.036267,10.69572323558397
ISR,1964,5.172750423288162,4021861429.6918,7.9371869475673265
ISR,1965,7.708333264205039,4326412951.003934,8.997947889942921
ISR,1966,7.930367544484457,4700397691.991533,-0.07964714211182411
ISR,1967,1.706093160059359,4759447914.252734,2.995026472196585
ISR,1968,2.079221858136201,5455059532.489667,16.241951710261574
ISR,1969,2.458054256177989,6293966356.747101,13.565702136678098
ISR,1970,6.110742035987358,7402142194.515634,7.307335624816773
ISR,1971,11.9724516736199,7048191875.808499,10.95107086252753
ISR,1972,12.88130650508226,9216866299.134174,12.146554364443247
ISR,1973,20.03243979498551,11895229181.39815,5.5874639420781875
ISR,1974,39.68002050780449,17162009923.76055,6.4761614440156166
ISR,1975,39.30670197693221,16131806290.252918,3.2428192776711455
ISR,1976,31.31086022757566,15946502888.106249,0.3225036522292726
ISR,1977,34.61672728293755,18245847440.8558,1.035299210582366
ISR,1978,50.5509459859395,17690363444.48812,5.555087153766422
ISR,1979,78.31002016229347,22595788590.61036,6.207815813394362
ISR,1980,131.0250028106326,25379585067.048626,1.6704418636316092
ISR,1981,116.8000003445218,26865420933.43956,5.339926706987768
ISR,1982,120.3644077278118,29237231967.30214,2.0825004234737747
ISR,1983,145.9515027142965,32655591256.251602,3.3591013751047143
ISR,1984,373.2156313628473,30626695891.42722,0.9332140104946376
ISR,1985,307.1619146439407,28887898639.326744,4.036940206724665
ISR,1986,47.64492753623191,35812041619.72691,4.190144321949148
ISR,1987,19.07975460122701,43022977765.3525,7.139711400103181
ISR,1988,16.38330757341578,52618458014.41172,2.9100163124227834
ISR,1989,20.31872509960158,52411116587.53392,0.5747468410633161
ISR,1990,17.25533480500361,61978459022.33905,7.315199129667604
ISR,1991,19.10887982428617,70954941681.40274,7.726115074952773
ISR,1992,12.06533192834569,79408652426.24171,7.759266242827124
ISR,1993,10.88387400094033,79806598119.6297,4.116756424267393
ISR,1994,12.253550985796,90684108118.47731,7.427845348250543
ISR,1995,9.93389990557126,105432315611.19783,6.602924610827216
ISR,1996,11.45851228311294,115051957577.46655,5.8389225387589505
ISR,1997,8.954993834771836,119389303067.2001,3.6102659724006685
ISR,1998,5.488753713396558,120468659245.80933,4.101934413942402
ISR,1999,5.189754592999825,121329240041.54889,3.288357893045273
ISR,2000,1.032636409994893,136409902631.64348,8.591522006082528
ISR,2001,1.123028391167207,134889159474.04712,0.27047141505447314
ISR,2002,5.802345894684293,125215963105.23872,-0.15288039267517206
ISR,2003,0.7076306168180703,131278887815.37515,1.4345591803530482
ISR,2004,-0.4215950345474161,139925423025.43506,4.649444599085427
ISR,2005,1.340703281194921,147346035831.27213,4.35256427740218
ISR,2006,2.054079145874429,158706516001.61588,5.591065501200077
ISR,2007,0.4662269729360654,184448882451.74167,6.313071370870176
ISR,2008,4.527447651386513,220952472408.02676,3.2158134842205044
ISR,2009,3.367623172712499,213112649594.38495,1.220174808500957
ISR,2010,2.702702702702734,239372857534.4847,5.544706070689443
ISR,2011,3.488372093023231,267739352609.3745,5.513419690812512
ISR,2012,1.675537157500518,263172104090.97647,2.4099376521761826
ISR,2013,1.589763474214757,298045324735.57056,4.090137433307348
ISR,2014,0.4675572519085031,314376760832.0465,3.718144149430998
ISR,2015,-0.6173425776427646,302841190257.7079,2.235998896038055
ISR,2016,-0.5351681957186954,321083954798.3368,4.536019392365716
ISR,2017,0.2498078401230083,357360816856.6416,4.343945189325467
ISR,2018,0.8050603795285264,375470422244.4078,4.053499528882938
ISR,2019,0.8176459402927937,399207771081.61145,3.578987629236053
ISR,2020,-0.5752546208977557,410908899711.272,-1.8020692795346633
ISR,2021,1.479654747225614,489735019666.0258,9.335346902362488
ISR,2022,4.41162725488371,525157951212.87067,6.364072347987062
ISR,2023,4.225226031689177,513393395491.90405,2.062725047316178
ISR,2024,3.074808898050246,542284494490.778,0.9536184692385348
ISR,2025,3.041413215565396,610777842873.5946,2.9311496638796797
ITA,1960,2.350161413770503,42012422612.39553,
ITA,1961,2.050697312786977,46649487320.422485,8.207245975896726
ITA,1962,4.691143607404706,52413872628.00448,6.203650385382019
ITA,1963,7.454718225391032,60035924617.92768,5.609727904184524
ITA,1964,5.912322532185874,65720771779.47679,2.797702300684719
ITA,1965,4.519268307434581,70717012186.17735,3.2680236512186696
ITA,1966,2.346588934133182,76622444787.3696,5.984794214860585
ITA,1967,3.733338320738219,84401995573.24564,7.17861243185169
ITA,1968,1.27731335390797,91485448147.83998,6.5445545873539
ITA,1969,2.657252733869719,100996667239.33514,6.098059935642411
ITA,1970,4.968319873293351,113656669764.5601,5.310502476435829
ITA,1971,4.791664383337863,124959712858.92633,1.8181079462411276
ITA,1972,5.749503937300075,145594833997.34393,3.690485783664869
ITA,1973,10.79861745476016,175896529392.22852,7.125862331094709
ITA,1974,19.15976958546987,200024444775.2307,5.500141096910056
ITA,1975,16.95050256683064,228220643534.99408,-2.090162891710861
ITA,1976,16.61416647257882,225235205861.82834,7.125385100940434
ITA,1977,17.13004878664995,258190019749.83542,2.5605008260472886
ITA,1978,12.09401384250742,315784469541.41,3.240139780593168
ITA,1979,14.79857356614842,394584507107.90027,5.95915952688955
ITA,1980,21.06416827707447,478356755595.74945,3.430016346186491
ITA,1981,17.96929875196722,431695533980.5826,0.8442276281214163
ITA,1982,16.48041462022143,428257421617.7523,0.41358569430889247
ITA,1983,14.64657667487695,444063496940.33655,1.1692034274186227
ITA,1984,10.79449600768111,438896930791.2718,3.225852390303558
ITA,1985,9.205991442531179,453259761687.4556,2.7980857548078433
ITA,1986,5.823546918620168,641862313287.44,2.859971868890625
ITA,1987,4.747284903897891,807570134448.7601,3.191960621401151
ITA,1988,5.058247476671195,893663934840.8212,4.194377250545671
ITA,1989,6.259831379569768,930801709003.6692,3.3883835050449136
ITA,1990,6.456609061463996,1183945130898.5132,1.9857749175840524
ITA,1991,6.249999297902911,1249092439519.2756,1.538447592066646
ITA,1992,5.270589985929301,1323204350353.4958,0.8342754173937976
ITA,1993,4.62673468331298,1067412587670.7273,-0.8528057319139037
ITA,1994,4.051842180657162,1101750159702.2095,2.1510236707484864
ITA,1995,5.235422580443013,1177369428265.779,2.886836719258426
ITA,1996,4.006976689810401,1314776508972.2673,1.345584771928472
ITA,1997,2.043107797501358,1244988176443.8381,1.9257212260852725
ITA,1998,1.955085577193811,1272729786996.7659,1.8043732818638034
ITA,1999,1.663459950077144,1255004736463.9795,1.6779915794342202
ITA,2000,2.537685320950017,1149661363439.375,3.8820988506265195
ITA,2001,2.785165427135539,1172041488805.8677,2.006433298377331
ITA,2002,2.46532319171165,1281746271196.0415,0.26992966378873007
ITA,2003,2.672555527728498,1582930016538.8203,0.06655380887320916
ITA,2004,2.20673661423657,1812808753294.7537,1.4740217064722998
ITA,2005,1.985292985279804,1864982261286.8474,0.7624106773064909
ITA,2006,2.090843910127544,1958563654385.6443,1.7994799223424423
ITA,2007,1.829741122024028,2222524108127.6543,1.4622920528929058
ITA,2008,3.347832584010218,2417508414187.187,-1.0231385117709664
ITA,2009,0.7747681313873811,2209484319012.655,-5.305154012339912
ITA,2010,1.525516021182476,2144936254535.0042,1.5291057324710096
ITA,2011,2.780632728793231,2306974020278.215,0.6954631544401764
ITA,2012,3.041363332267748,2097929495121.6802,-3.1252387728299595
ITA,2013,1.21999342274306,2153225581941.457,-1.8180251074979168
ITA,2014,0.2410474298267557,2173255507985.8354,-0.0013876173045446194
ITA,2015,0.03879039965797329,1845428048839.1006,0.8856676352408073
ITA,2016,-0.09401665691575004,1887111188176.9307,1.236221085116611
ITA,2017,1.226533166458118,1970720904584.7092,1.6036999529410139
ITA,2018,1.137487636003906,2099435266458.665,0.8266467123441146
ITA,2019,0.611246943765304,2019606796583.5261,0.4291625337803424
ITA,2020,-0.1377075739165103,1907481094079.227,-8.868221221853446
ITA,2021,1.873783257624806,2179207773596.089,8.931062108000546
ITA,2022,8.20128991161718,2104067630319.4634,4.821176699135648
ITA,2023,5.622194421959011,2316882296366.3154,0.9227965436703158
ITA,2024,0.982373023061417,2383435562458.1245,0.7830391352767947
ITA,2025,1.531668276528197,2551556954100.349,0.5395836367784455
JAM,1960,3.274249138355876,699064380.3742479,
JAM,1961,6.698450536352094,748043500.7825997,
JAM,1962,1.407506702413148,777727688.9089245,
JAM,1963,1.762502753910755,826706669.3173323,
JAM,1964,2.013422818791862,897949000.8203996,
JAM,1965,2.631578947368523,972159611.1361556,
JAM,1966,1.902398676592247,1096759561.2961755,
JAM,1967,3.023538961038557,1148014310.825496,1.8086385189193521
JAM,1968,5.92869805002995,1083839132.9286935,5.744132215620979
JAM,1969,6.303458534770955,1191239047.0087624,5.574673870704586
JAM,1970,14.72800419625666,1404720441.8881767,12.064409039018201
JAM,1971,5.336179295858676,1539861815.8938138,2.4580734517388265
JAM,1972,5.427702996307506,1875146587.4442966,18.008555291937284
JAM,1973,17.68259198248376,1905917553.1914895,-5.485509091161674
JAM,1974,27.15818945502163,2375122375.122375,-4.229261309865009
JAM,1975,17.37614678858008,2860442750.4427505,-0.25609225691493975
JAM,1976,9.793653275346507,2966042856.042856,-6.694245095128295
JAM,1977,11.19100163703586,3249733139.73314,-2.5975486976376487
JAM,1978,34.89980152405082,2644527821.53011,-0.05370031480157422
JAM,1979,29.07925961097858,2425064229.04184,-1.060041317302833
JAM,1980,27.30815898823073,2679379371.5126133,-5.714159245927988
JAM,1981,12.73971811450912,2979027966.4537277,2.639447994087618
JAM,1982,6.545407967200658,3293496311.9309316,2.0692316240254343
JAM,1983,11.58211108442534,3619262277.4771156,1.9090784023819651
JAM,1984,27.81476932374529,2373564549.493203,-1.542345799695795
JAM,1985,25.67310123917725,2100239018.8246665,-2.943635574966237
JAM,1986,15.1053754209796,2754549581.924093,1.8825881854489523
JAM,1987,6.652448049626842,3287007321.5669913,7.850354826905999
JAM,1988,8.266765744009078,3828342820.349404,3.974302015402472
JAM,1989,14.32953903285719,4404937853.39452,7.173304345658153
JAM,1990,21.96017511650829,4592208086.6923485,4.200535114702902
JAM,1991,51.07109773043131,4106207649.0554743,4.838238754555732
JAM,1992,77.2965929559651,3535460089.807189,1.955542500177728
JAM,1993,22.06994941852923,5440075675.740674,9.417102565809145
JAM,1994,35.06339424847717,5452558947.03045,1.3833898068203325
JAM,1995,19.90874883641681,6577520642.822969,2.349957037732338
JAM,1996,26.40665660740425,7393891920.803583,-0.11373120584401875
JAM,1997,9.657552612685954,8400041723.548614,-1.1404598735036586
JAM,1998,8.631896130121444,8787195622.43502,-2.3345535394691126
JAM,1999,5.954239491130056,8887057997.362276,1.0476738670996752
JAM,2000,8.171083561202247,9005064474.930035,0.8787035504423102
JAM,2001,6.801909307875903,9194727831.073185,1.3449295661513503
JAM,2002,7.07635009310985,9719009494.847792,1.9972909419129508
JAM,2003,10.08695652173914,9430234810.785856,3.666317590419908
JAM,2004,13.55450236966824,10174664853.947565,1.3237251045057405
JAM,2005,15.05286588759049,11243865777.713053,0.8937979354098928
JAM,2006,8.561064087061569,11930179089.885475,2.899125344812873
JAM,2007,9.244820672755624,12799600047.184536,1.431954037696272
JAM,2008,22.02283849918435,13709401520.032595,-0.8117367021867921
JAM,2009,9.592245989304816,12120458114.8318,-4.345301858280706
JAM,2010,12.6105519975603,13220549908.249386,-1.457147208503855
JAM,2011,7.555856465809,14444661522.146338,1.7303762700634877
JAM,2012,6.873977086743093,14807086555.528315,-0.6136360421323985
JAM,2013,9.341500765696725,14264205152.61263,0.5176860113117243
JAM,2014,8.274078862314187,13899217679.92193,0.6898223597625872
JAM,2015,3.691542288557249,14963589915.591198,0.9214871239985598
JAM,2016,2.351021974858462,14898999754.122948,2.760437613695572
JAM,2017,4.378398649915611,15783583236.675047,2.2930337129136262
JAM,2018,3.736638821521633,16855447986.22206,2.5158445861251266
JAM,2019,3.905100008658723,17026269262.530727,1.809431473013575
JAM,2020,5.2267777929352,15000214216.24386,-8.304419235831347
JAM,2021,5.86278242801063,15963885376.353733,5.704679783090953
JAM,2022,10.34956883912716,18813516805.214046,6.439303236561855
JAM,2023,6.474137346620627,21418797832.821625,2.746344339067136
JAM,2024,5.411944479816588,22014429050.99953,-0.5350390638674867
JAM,2025,4.004590480792386,22704903217.563126,0.0816454877745656
JOR,1960,,,
JOR,1961,,,
JOR,1962,,,
JOR,1963,,,
JOR,1964,,,
JOR,1965,,599759760.096096,
JOR,1966,,657999736.8001053,
JOR,1967,,631679747.328101,
JOR,1968,,561119775.5520898,
JOR,1969,,698879720.4481119,
JOR,1970,5.899999998999916,639519744.1921023,
JOR,1971,4.815864023652676,678159728.7361085,
JOR,1972,7.6576576576576,788479684.6081262,
JOR,1973,11.12970711213371,943783839.7180518,
JOR,1974,19.4277108435204,1197483948.6854687,
JOR,1975,11.97982345530882,1363073497.7735527,
JOR,1976,11.49999999999967,1708521219.4600327,
JOR,1977,14.56651718938761,2096778602.1678457,8.298408853895552
JOR,1978,6.921521299524076,2602208588.9570556,14.67956601696774
JOR,1979,14.24649176307837,3271368780.6534743,20.802909264702123
JOR,1980,11.11111111111133,3910044474.28044,11.184846461895262
JOR,1981,7.699999999999753,4383944702.859582,17.17871743976235
JOR,1982,7.42804085422491,4681240992.703381,7.025943387032001
JOR,1983,5.020167098314613,4920692190.9556875,-2.219738554458999
JOR,1984,3.847472738376108,4967162160.404718,4.291687765224722
JOR,1985,2.985074627147559,4993601520.430789,-2.706947164277011
JOR,1986,,6402050484.904248,5.5046342418640535
JOR,1987,-0.1999999999999082,6756209762.482309,2.3232743769525683
JOR,1988,6.613226452905775,6277451829.053252,1.4621698166077408
JOR,1989,25.71271929824536,4221373673.804684,-10.729219280485552
JOR,1990,16.19213756152335,4160087507.8347235,-0.2759039075916263
JOR,1991,8.155495978552125,4344467193.250948,1.6085310726019486
JOR,1992,3.995835605571898,5310833193.590049,14.349776059689475
JOR,1993,3.316666666667064,5606400221.692687,4.486989779857467
JOR,1994,3.516696241328858,6236295978.245313,4.9714766996470985
JOR,1995,2.353124513012733,6727597031.96347,6.200874443738243
JOR,1996,6.501218026795858,6927503526.093089,2.0870207816804793
JOR,1997,3.037884203002503,7245839210.1551485,3.308475383046968
JOR,1998,3.091666666667033,7912270803.949224,3.0121726904659027
JOR,1999,0.6062565677794267,8149929478.138224,3.3895307940509554
JOR,2000,0.6668809255979599,8460789844.851905,4.245711920791507
JOR,2001,1.772204373510166,8975814652.819601,5.269957575136061
JOR,2002,1.832993890020495,9582510578.279266,5.783807926793088
JOR,2003,1.629999999999981,10195627644.569817,4.161667555443628
JOR,2004,3.361868214766011,11411706629.055008,8.567214242369062
JOR,2005,3.493685346195308,12588998589.562765,8.1465948107994
JOR,2006,6.251724666564432,15056981664.315939,8.092975278119212
JOR,2007,4.743906390216475,17110437235.543018,8.17616995204655
JOR,2008,13.97123100127292,25651620830.61492,7.220386372801485
JOR,2009,-0.7390697431447768,27462496197.1831,5.1166722695063385
JOR,2010,4.845518758521161,30202773521.126762,2.6377158262256017
JOR,2011,4.1624416292779,32640291549.295776,2.907293153922069
JOR,2012,4.515229566709903,34854017887.323944,2.4046571653553883
JOR,2013,4.824623142695372,37873362957.74648,2.7231120596411245
JOR,2014,2.89947905006057,40535098591.5493,3.3228732804750933
JOR,2015,-0.876851359704049,42394049295.77465,2.5226167109214828
JOR,2016,-0.7784304630541418,43688498732.39437,2.1116680696725183
JOR,2017,3.323894475760973,45535614366.19718,2.507703980703525
JOR,2018,4.462311084754812,47435850422.53522,1.8538341561692704
JOR,2019,0.7615140472656008,48640273802.8169,1.8563300659276507
JOR,2020,0.3332943506283782,47931770985.91549,-1.1525753415802171
JOR,2021,1.346093772431178,50702940985.9155,3.752012767558284
JOR,2022,4.229155688971175,53516930140.84507,2.7468615450030995
JOR,2023,2.084869863271339,56123472112.676056,3.1290010201725096
JOR,2024,1.556596112839526,58618380563.38029,2.5560589181019395
JOR,2025,1.766464908942058,61610052535.21127,2.826608398457452
JPN,1960,3.574511525359101,48417804544.931946,
JPN,1961,5.368461784800552,58472696006.05306,12.04353635702202
JPN,1962,6.835440348197299,66356388224.37472,8.908973036149732
JPN,1963,6.706905563979898,75945582324.08806,8.473642436354154
JPN,1964,3.800389453057528,89332989729.33945,11.676708250654016
JPN,1965,6.655990942606206,99387878007.5325,5.819707839669718
JPN,1966,5.040832058876761,115427351851.27834,10.638561590203068
JPN,1967,3.989848088815175,135265319098.21584,11.082142332724814
JPN,1968,5.339432957393438,160201483788.14862,12.882468170716322
JPN,1969,5.249820911020266,188179852752.98224,12.477894542002431
JPN,1970,6.924173834857808,221798003144.44446,0.39905061106509265
JPN,1971,6.395348837209265,250530994765.27875,4.698992042142052
JPN,1972,4.843517138599049,331776379991.5889,8.413547254976265
JPN,1973,11.60862354892206,450756970744.0181,8.032599974582453
JPN,1974,23.22224580768424,500355087138.05176,-1.2252398275091565
JPN,1975,11.73126614987075,544082569363.60187,3.0915759162307666
JPN,1976,9.374036386062338,611495350303.909,3.9749840911367187
JPN,1977,8.161826895968417,752590681821.9061,4.390337950093269
JPN,1978,4.209566010686812,1057419758047.003,5.271941503171874
JPN,1979,3.701850925462694,1100608979757.233,5.484041832428403
JPN,1980,7.77858176555718,1153159955513.079,2.817591207382833
JPN,1981,4.912162918205227,1271443597066.78,4.209336465231715
JPN,1982,2.7410409556314,1183132285328.174,3.3124567374001685
JPN,1983,1.899719713484853,1297622008229.4893,3.523044985103766
JPN,1984,2.261613691931551,1374165212365.1443,4.501994816224354
JPN,1985,2.032277346084901,1457070301468.375,5.2333809468784835
JPN,1986,0.5955867994532485,2164729071349.4792,3.3265256162338375
JPN,1987,0.1261768416965835,2635094473494.08,4.7306658604001655
JPN,1988,0.6785575804575577,3191546727316.1416,6.785020109557635
JPN,1989,2.272289620643168,3174934735895.6367,4.858037686153892
JPN,1990,3.078516286951604,3252994239867.3965,4.892713065745653
JPN,1991,3.25143848753308,3724887648862.3057,3.41749676183089
JPN,1992,1.760283060592702,4064529567505.4263,0.8480695812183683
JPN,1993,1.243045897079241,4632480515091.126,-0.5179198471179518
JPN,1994,0.6954580578690037,5104063486348.399,0.9930663632262196
JPN,1995,-0.1278990450204464,5639649753985.7705,2.342055461968485
JPN,1996,0.1366003585759094,5021441618840.384,3.075467314093487
JPN,1997,1.747804586921331,4579780793431.572,1.3629710940744815
JPN,1998,0.6619741913859108,4150359076370.475,-1.7726409103795646
JPN,1999,-0.3412969283275536,4688983449627.239,-0.34760039867573767
JPN,2000,-0.6765786835951751,5042381838343.44,2.9783268876851565
JPN,2001,-0.7400555041627376,4438792748062.3955,0.28460855637904103
JPN,2002,-0.9234940269423205,4245946980572.303,0.08498880503633188
JPN,2003,-0.2565418163160245,4573413206709.019,1.3801093583079478
JPN,2004,-0.008573388203102716,4941485123806.531,2.112948237231265
JPN,2005,-0.2829460687643906,4875648486366.136,1.8482813374833995
JPN,2006,0.2493551160790849,4648058930707.235,1.5463084307874055
JPN,2007,0.06003945449866898,4624670179654.957,1.7283791286557744
JPN,2008,1.380078861649201,5160197175876.432,-1.1666220935514104
JPN,2009,-1.352836729517185,5336765697589.294,-5.935941138396402
JPN,2010,-0.7282432075177788,5811578109447.068,4.136455892222386
JPN,2011,-0.2724556161012401,6279422550218.702,-0.2003578533298196
JPN,2012,-0.04406451044326019,6333803928787.756,1.6489345298122515
JPN,2013,0.3350379121847414,5272297037396.964,1.9972765339926468
JPN,2014,2.759226713532531,4985763289560.809,0.9059154860658651
JPN,2015,0.7952796305798392,4534438580494.94,1.7999773578347487
JPN,2016,-0.1272588444897537,5110357383254.436,0.7049864951112568
JPN,2017,0.4841997961263851,5038231631660.707,1.6234506224544134
JPN,2018,0.989094598021848,5154293721629.556,0.8341438459655848
JPN,2019,0.4687761593839499,5245755000479.025,-0.30849692114325933
JPN,2020,-0.02499583402773104,5189197543645.384,-4.283279426755726
JPN,2021,-0.2333527793982636,5225933520753.097,3.564195314744751
JPN,2022,2.497702781722547,4447976207314.783,1.3316475065374078
JPN,2023,3.268133659331635,4384854269961.9277,0.7207853047498105
JPN,2024,2.738536816352407,4190008188358.5737,-0.24008423604169593
JPN,2025,3.172530342602477,4435162999976.941,1.1931128844459948
KAZ,1960,,,
KAZ,1961,,,
KAZ,1962,,,
KAZ,1963,,,
KAZ,1964,,,
KAZ,1965,,,
KAZ,1966,,,
KAZ,1967,,,
KAZ,1968,,,
KAZ,1969,,,
KAZ,1970,,,
KAZ,1971,,,
KAZ,1972,,,
KAZ,1973,,,
KAZ,1974,,,
KAZ,1975,,,
KAZ,1976,,,
KAZ,1977,,,
KAZ,1978,,,
KAZ,1979,,,
KAZ,1980,,,
KAZ,1981,,,
KAZ,1982,,,
KAZ,1983,,,
KAZ,1984,,,
KAZ,1985,,,
KAZ,1986,,,
KAZ,1987,,,
KAZ,1988,,,
KAZ,1989,,,
KAZ,1990,,26932016269.61069,
KAZ,1991,,24923076923.076923,-11.00000000169257
KAZ,1992,,24917355371.900826,-5.29999999893468
KAZ,1993,,23409260879.94272,-9.200000002033079
KAZ,1994,1877.372395175716,21250792886.105423,-12.599999998316775
KAZ,1995,176.1552989423702,20374302652.381878,-8.200000001182403
KAZ,1996,39.18254236541106,21035357936.879593,0.5000000020735058
KAZ,1997,17.40804106073569,22165932062.96603,1.6999999994951338
KAZ,1998,7.146326654523337,22135245507.36557,-1.899999999424793
KAZ,1999,8.296027653425645,16870817181.779896,2.699999997841985
KAZ,2000,13.18089058657313,18291990662.035625,9.800000002141559
KAZ,2001,8.354137771613443,22152689179.881508,13.499999998435783
KAZ,2002,5.836924521056426,24636598527.443718,9.799999999608417
KAZ,2003,6.438218101189398,30833692900.109074,9.30000000033759
KAZ,2004,6.882054389818987,43151647002.60963,9.600000001368542
KAZ,2005,7.579999291257655,57123671733.89525,9.699999999226819
KAZ,2006,8.721693860917256,81003864630.01804,10.7
KAZ,2007,10.84683620755567,104849915058.37578,8.899999999994051
KAZ,2008,17.13989977720698,133441648851.9825,3.3000000002109147
KAZ,2009,7.316078582885775,115308686941.38017,1.1999999994287265
KAZ,2010,7.400463563413957,148047348240.64334,7.300000003298138
KAZ,2011,8.4529046617679,192626464617.07117,7.400000001441882
KAZ,2012,5.195683690350729,207998568865.78925,4.799999995282974
KAZ,2013,5.942838716484185,236634603409.08856,5.999999996710841
KAZ,2014,6.849449770033578,221415613595.46927,4.20000000566705
KAZ,2015,6.678285856152362,184388404706.04178,1.2000000005328815
KAZ,2016,14.36109423862478,137278320084.17114,1.0999999991017262
KAZ,2017,7.442663213067925,166805788827.23325,4.10000000257358
KAZ,2018,6.163662475777625,179339977690.48486,4.0999999930984075
KAZ,2019,5.333560989166689,181667184854.50052,4.500000000918831
KAZ,2020,6.718154548614583,171082365861.4229,-2.499999996279996
KAZ,2021,8.04147134028401,197112255360.61234,4.299999997294563
KAZ,2022,15.02786444408505,225496328925.4941,3.1999999997073445
KAZ,2023,14.52755978259521,261840101059.9235,5.099999999736411
KAZ,2024,8.690821561044944,291480274648.8259,4.999999999969361
KAZ,2025,11.38794546759143,306239209650.02356,6.5
KEN,1960,1.243781094527306,791265459.4938163,
KEN,1961,2.457002457002535,792959472.8162109,-7.774634903716546
KEN,1962,3.117505995203781,868111400.7554398,9.457358740721261
KEN,1963,0.6976744186045889,926589349.3642603,8.778340216211845
KEN,1964,-0.09930486693143406,998759334.4962662,4.964467288440915
KEN,1965,3.578528828067418,997919320.8322717,2.009094171030995
KEN,1966,5.014395393234141,1164519674.1921303,14.728566401568727
KEN,1967,1.759195795982993,1232559506.9761972,3.361232032585562
KEN,1968,0.3667115700510186,1353295458.6818166,7.982689969347902
KEN,1969,-0.1715010065623305,1458379416.6482334,7.959224459495601
KEN,1970,2.188527039074385,1603447358.6210566,-4.655446916476208
KEN,1971,3.780206125449065,1778391288.6434846,22.17389192557644
KEN,1972,5.831644743110047,2107279157.0883372,17.082429349983002
KEN,1973,9.281194223321064,2509001324.3459115,5.896580210166718
KEN,1974,17.80994803318182,2969958812.016475,4.0656173489373515
KEN,1975,19.12018401360506,3259345083.2628255,0.8822031753191482
KEN,1976,11.4490304932756,3474542391.6999164,2.153964503225609
KEN,1977,14.82096448189349,4494378764.320108,9.453797844080867
KEN,1978,16.9317824582842,5303735110.551515,6.91249354626197
KEN,1979,7.979352618487864,6234391113.464339,7.615226045919826
KEN,1980,13.85818145624839,7265315820.207766,5.591976205967697
KEN,1981,11.60305343511425,6854491705.883771,3.7735441940282186
KEN,1982,20.66671466628272,6431579356.959255,1.5064782575770579
KEN,1983,11.39778273685229,5979198313.760933,1.3090502411485971
KEN,1984,10.28409821313804,6191437070.184111,1.7552169770347348
KEN,1985,13.0065664218827,6135034213.789982,4.300561818796126
KEN,1986,2.534275988928883,7239126568.140921,7.177555390659634
KEN,1987,8.63767318980084,7970820369.294901,5.937107444208948
KEN,1988,12.26496304815817,8355380879.129548,6.203183823145906
KEN,1989,13.78931727638829,8283114514.170809,4.690348767920469
KEN,1990,17.78181442991999,8572359038.169579,4.192050971551666
KEN,1991,20.08449557546315,8151488783.190641,1.4383467917155883
KEN,1992,27.33236444757839,8209120763.049552,-0.7994939586413494
KEN,1993,45.97888130362185,5751786642.558715,0.3531972562272472
KEN,1994,28.81438943067315,7148148564.042385,2.6327845178369955
KEN,1995,1.554328160550088,9046320255.405067,4.406216524822867
KEN,1996,8.864087415775224,12045865396.132324,4.146839268760132
KEN,1997,11.36184505057833,13115764358.284557,0.4749019212935792
KEN,1998,6.722436507539278,14093998843.733383,3.2902137224906483
KEN,1999,5.742001095204835,12896010459.371077,2.305388595224116
KEN,2000,9.98002515350979,12705350097.80436,0.5996953908074261
KEN,2001,5.738598143414668,12986007425.878052,3.7799064979534336
KEN,2002,1.961308217391622,13147736898.517572,0.5468595301755954
KEN,2003,9.815690629796539,14904517649.847567,2.932475545709039
KEN,2004,11.62403554424262,16095337093.836597,5.104299776297381
KEN,2005,10.31277835746826,18737895512.737766,5.906666079800573
KEN,2006,14.45373420817078,25825512284.289078,6.472494300154835
KEN,2007,9.75888023027529,31958195182.240604,6.8507297699878364
KEN,2008,26.23981664450627,35895153327.849686,0.23228274481297717
KEN,2009,9.234125923946518,42347217912.91757,3.306939816310887
KEN,2010,3.961388891153851,45405615063.75513,8.05847360290906
KEN,2011,14.02249130147042,46869473150.60999,5.121106119705601
KEN,2012,9.377770035475983,56396704671.57766,4.56867961444982
KEN,2013,5.717493570377329,61671440407.83867,3.7978483925754034
KEN,2014,6.878154992759489,68285796514.28962,5.020111002324839
KEN,2015,6.582154292847786,70120446896.8359,4.96772112759767
KEN,2016,6.297249538146249,74815144163.89308,4.213517068147439
KEN,2017,8.005649677099447,82036510877.25989,3.837958173647209
KEN,2018,4.689806467763299,92202979985.2863,5.647946407092192
KEN,2019,5.239637957647923,100378436207.37134,5.114158857678007
KEN,2020,5.40516207933392,100657505750.545,-0.27276632743881635
KEN,2021,6.107936036591763,109703658904.99373,7.590489473334671
KEN,2022,7.659862682722239,114448978152.6374,4.859981042879994
KEN,2023,7.671396340294023,107500884685.01266,5.719992412142076
KEN,2024,4.489788542434479,120397537849.82584,4.660195945718911
KEN,2025,4.069128785407293,135941278878.81458,4.632610938449844
KGZ,1960,,,
KGZ,1961,,,
KGZ,1962,,,
KGZ,1963,,,
KGZ,1964,,,
KGZ,1965,,,
KGZ,1966,,,
KGZ,1967,,,
KGZ,1968,,,
KGZ,1969,,,
KGZ,1970,,,
KGZ,1971,,,
KGZ,1972,,,
KGZ,1973,,,
KGZ,1974,,,
KGZ,1975,,,
KGZ,1976,,,
KGZ,1977,,,
KGZ,1978,,,
KGZ,1979,,,
KGZ,1980,,,
KGZ,1981,,,
KGZ,1982,,,
KGZ,1983,,,
KGZ,1984,,,
KGZ,1985,,,
KGZ,1986,,,
KGZ,1987,,,3.299968371904697
KGZ,1988,,,13.200030055819838
KGZ,1989,,,2.789750938766417
KGZ,1990,,2660202622.910063,5.702796633013961
KGZ,1991,,2542256424.3506937,-7.943925237729147
KGZ,1992,,2315346942.855001,-13.837837798437889
KGZ,1993,,2026019252.612406,-15.459328224251209
KGZ,1994,,1681780847.4109066,-20.085158839324322
KGZ,1995,,1661147035.2438788,-5.423821922260203
KGZ,1996,31.94733772185668,1827570586.1678448,7.0845023953655755
KGZ,1997,23.4354278497005,1767864035.7194295,9.915253895509451
KGZ,1998,10.45738258467212,1645963749.8314617,2.121835284736818
KGZ,1999,37.03092583693441,1249061487.0145676,3.655789399748002
KGZ,2000,18.70073428380231,1369688498.0677826,5.4433366328832165
KGZ,2001,6.919679894230396,1525116370.279392,5.321621411904658
KGZ,2002,2.13420986310243,1605643104.730212,-0.017324613036066694
KGZ,2003,2.97461295184355,1919008090.4964125,7.0302931973116785
KGZ,2004,4.110650847233807,2211534585.003399,7.026812424976072
KGZ,2005,4.338673918443104,2460246766.4140053,-0.17551540404421928
KGZ,2006,5.552123331625423,2834168889.4201913,3.102898741999809
KGZ,2007,10.23010326604841,3802570552.561046,8.542874775076072
KGZ,2008,24.52010242341016,5139958909.179356,8.401616048614287
KGZ,2009,6.83656248105368,4690061380.602529,2.886294575377306
KGZ,2010,7.967722255796837,4794361863.013527,-0.47156659679161805
KGZ,2011,16.63632627314951,6197765984.284684,5.956274296935035
KGZ,2012,2.768442365409567,6605142884.362147,-0.08815019984393757
KGZ,2013,6.613752023580815,7335033800.590564,10.915469452804544
KGZ,2014,7.534247297758903,7468102412.682374,4.024038630832521
KGZ,2015,6.503318389933836,6678177511.663131,3.8758254451243914
KGZ,2016,0.388838296895799,6813095379.118702,4.335855921901157
KGZ,2017,3.175309863799396,7702938379.42036,4.739937223778838
KGZ,2018,1.542661452384359,8271106235.415524,3.757910135571649
KGZ,2019,1.133622577188036,9371275264.367346,4.60062565707598
KGZ,2020,6.325422963380776,8270468614.240511,-7.1489775772795525
KGZ,2021,11.90503981851468,9249133946.265314,5.507007626719229
KGZ,2022,13.92290931741758,12134931017.946526,8.96750520041391
KGZ,2023,10.75327704167424,15180842369.489408,9.013292833934202
KGZ,2024,4.997607012073231,18161630698.905235,11.539711940655948
KGZ,2025,8.214960134063254,22623752095.461296,11.096020335713192
KHM,1960,,,
KHM,1961,,,
KHM,1962,,,
KHM,1963,,,
KHM,1964,,,
KHM,1965,,,
KHM,1966,,,
KHM,1967,,,
KHM,1968,,,
KHM,1969,,,
KHM,1970,,,
KHM,1971,,,
KHM,1972,,,
KHM,1973,,,
KHM,1974,,,
KHM,1975,,749129748.1506333,
KHM,1976,,790357254.5403087,0.0
KHM,1977,,716261764.4980927,-14.676407314439516
KHM,1978,,766642356.138135,0.0
KHM,1979,,723738502.6782297,-12.828563774481566
KHM,1980,,744384129.7075626,-5.668406164106344
KHM,1981,,815153652.4155964,0.041092116531800116
KHM,1982,,865516039.8005577,0.0
KHM,1983,,939291262.1000546,4.433406310773449
KHM,1984,,1021176058.6332673,4.93207926062351
KHM,1985,,1102669184.4381227,4.670184040062523
KHM,1986,,1167630317.8411,3.8008180078456917
KHM,1987,,1036974910.45,21.53151926664161
KHM,1988,,1662877859.2229729,11.976908883760615
KHM,1989,,1353137647.6830356,3.479383184609148
KHM,1990,,1402541176.5121043,1.1623118483893933
KHM,1991,,2054974089.364303,7.591297938540251
KHM,1992,,2491486594.189168,7.017538377702266
KHM,1993,,2533727592.0416512,4.09837080453724
KHM,1994,,2791435272.26653,-34.808638773859045
KHM,1995,-0.7989443378118778,3441205692.9165983,9.903468901171735
KHM,1996,7.150861408727962,3506695719.572588,5.897505606944776
KHM,1997,7.96021397777456,3443413388.6569595,4.006621078737865
KHM,1998,14.80650354377626,3120425502.662407,4.681632104263841
KHM,1999,4.008207020887823,3517242477.254799,12.70538113804976
KHM,2000,-0.7919925294735668,3694168979.3201866,9.993580322920792
KHM,2001,-0.6006483001236859,4145665969.928644,7.389710650705169
KHM,2002,0.211466568022607,4501227626.6275215,6.265072805096366
KHM,2003,0.94174611779921,5046693484.317668,10.283681307169147
KHM,2004,4.319336774347855,5883297159.873515,9.457694811039289
KHM,2005,6.615259120015872,7066296463.359804,13.303333835845493
KHM,2006,5.810685504643064,8350531016.657529,10.943360068169355
KHM,2007,8.708827705680491,10127916459.89827,10.398458101200973
KHM,2008,24.09685193060504,12174303999.08125,7.476366066310106
KHM,2009,-1.241717541896374,12502901169.737713,4.0747785059906505
KHM,2010,3.996395281072181,13808673288.069561,5.076918432292473
KHM,2011,5.4784474961745,16032622023.826536,7.2866581387955165
KHM,2012,2.93431609293951,17826536699.801636,7.650256578703619
KHM,2013,2.941625095473491,19807135252.864857,7.857499755425195
KHM,2014,3.855688614242069,22041463967.90093,8.000320746185665
KHM,2015,1.22393195511119,24174170369.07381,7.207034725295117
KHM,2016,3.01913975139128,26556545153.3573,7.905501161307043
KHM,2017,2.912635573714778,29355665909.790527,8.07503915535979
KHM,2018,2.459085153801459,33145892168.89583,8.776223762244626
KHM,2019,1.94257500833107,36685356407.72062,7.93695013588524
KHM,2020,2.940295142639697,34818073901.485085,-3.555721934065488
KHM,2021,2.920734775929485,36790163687.442055,3.0898428414866146
KHM,2022,5.34370264895437,39994532959.60738,5.129901107739769
KHM,2023,2.127467965941944,42335646895.798386,5.007330438118984
KHM,2024,0.8080420165366541,46352647037.24056,6.015814573520203
KHM,2025,2.35127105896507,51267065842.96415,5.349320845728769
KIR,1960,,,
KIR,1961,,,
KIR,1962,,,
KIR,1963,,,
KIR,1964,,,
KIR,1965,,,
KIR,1966,,,
KIR,1967,,,
KIR,1968,,,
KIR,1969,,,
KIR,1970,,11560877.281145072,
KIR,1971,,12356134.38386758,-2.290060022737549
KIR,1972,,15314346.492532335,12.079227071195376
KIR,1973,,25645040.47129548,20.909882889004734
KIR,1974,,69256488.51607628,45.30275331570769
KIR,1975,,44547453.60242646,5.344419768860547
KIR,1976,,33246816.501841415,-26.76823235811699
KIR,1977,,31335458.703985143,-4.612629628669893
KIR,1978,,36563964.55100136,1.059593521222851
KIR,1979,,34466197.03332331,-11.584994159295007
KIR,1980,,33157723.109411735,-1.079365719972401
KIR,1981,,35267489.242544204,6.122194270640293
KIR,1982,,32742712.652759664,-1.090151938919334
KIR,1983,,31000545.771051742,-9.777941754372762
KIR,1984,,34394167.04167056,13.918487469201054
KIR,1985,,26126615.22848659,-13.240122651306834
KIR,1986,,25993008.794357587,-2.465723625440603
KIR,1987,,29554412.532869317,1.292733941567036
KIR,1988,,38278810.31764884,22.045415099751438
KIR,1989,,37645319.19942765,-7.2924416071584375
KIR,1990,,36534294.79915906,-6.385334335677641
KIR,1991,,41247791.63641689,-5.648683973696251
KIR,1992,,61491369.28192896,23.959233195104645
KIR,1993,,58953595.90904145,-0.1039946791188413
KIR,1994,,67055333.90215032,2.0452565621174443
KIR,1995,,68596394.60265242,2.7522082971020154
KIR,1996,,81456854.13851094,-0.05204677224126897
KIR,1997,,80205806.82509759,1.177133095439558
KIR,1998,,74905705.89284772,4.442273992226006
KIR,1999,,77323978.19284493,-3.914231904768613
KIR,2000,,74910527.25867578,6.742665312570523
KIR,2001,,64935850.1573877,-3.1441291775969944
KIR,2002,,74743869.13134731,1.447154941844758
KIR,2003,,96105619.37955035,-1.5754668921714057
KIR,2004,,104085892.13327135,-0.6089675971522439
KIR,2005,,113895437.32478638,1.2924302946584874
KIR,2006,,112338353.26471245,5.776934498361854
KIR,2007,3.592521312664173,138054945.64344242,3.055079815666687
KIR,2008,13.66539952524415,147017894.97876996,-2.984731216318309
KIR,2009,9.816438845086568,140177384.1453951,0.5368011946483193
KIR,2010,-3.899550406516491,165458433.12764466,1.2259519892487987
KIR,2011,1.4974097987597,195970140.170383,3.2637271953222466
KIR,2012,-3.045862927755707,207001545.86710927,5.803659746452581
KIR,2013,-1.488059084680996,201730860.75785616,7.7309218869964695
KIR,2014,2.10398520925043,200287281.98074028,1.2636626804459468
KIR,2015,0.5720157436342556,191559398.68829304,11.265320943129382
KIR,2016,1.917310902333777,206467818.503227,7.088034657786693
KIR,2017,0.3555208885468283,223029864.54193038,3.712001716220527
KIR,2018,0.5640304914934757,233859230.19219792,3.4246575342465633
KIR,2019,-1.813079953029471,216891541.02135062,3.3112582781456865
KIR,2020,2.553245544146301,220909306.7508095,-1.2820512820512704
KIR,2021,2.053616767739075,285451584.40653116,8.441558441558456
KIR,2022,5.345954409089039,271214374.5005771,5.089820359281433
KIR,2023,9.28307374517721,291657337.8395167,3.1339031339031322
KIR,2024,2.455450721590278,343153235.0771237,4.696132596685089
KIR,2025,,349227254.15883267,4.221635883905009
KNA,1960,,12366635.75007729,
KNA,1961,,12483302.12507802,
KNA,1962,,12541635.312578384,
KNA,1963,,12833301.250080207,
KNA,1964,,13416633.125083853,
KNA,1965,,13593932.322053676,
KNA,1966,,14469078.179696616,
KNA,1967,,16742338.251986379,
KNA,1968,,14600000.0,
KNA,1969,,15850000.0,
KNA,1970,,16300000.0,
KNA,1971,,19624746.45030426,
KNA,1972,,22944849.115504682,
KNA,1973,,24196018.376722816,
KNA,1974,,31514856.307842184,
KNA,1975,,33364055.29953917,
KNA,1976,,30095602.294455066,
KNA,1977,,44496296.29629629,
KNA,1978,,49433333.33333333,3.9099041823713776
KNA,1979,,58840740.74074074,7.597675028406599
KNA,1980,17.73665480468124,68459259.25925925,8.440121037346927
KNA,1981,10.47636319668899,80888888.88888888,1.5469033840852546
KNA,1982,5.927222982019931,86022222.22222222,0.547738044741152
KNA,1983,2.291535370347065,86874074.07407407,1.186720469552455
KNA,1984,2.714904705488184,98603703.7037037,8.865807457356738
KNA,1985,2.61954629955699,111007407.4074074,8.550068267341572
KNA,1986,-0.006685533724267515,130685185.18518518,10.856993849032875
KNA,1987,0.9630126486515704,147748148.14814815,6.550345228376514
KNA,1988,0.232525033997813,172692592.59259257,9.225374975650922
KNA,1989,5.169964955625729,192518518.51851848,5.479794076733754
KNA,1990,4.010984077556172,217259259.25925925,4.877251516039593
KNA,1991,4.323739443554205,220540740.74074072,-1.864689128916126
KNA,1992,2.858446725144581,242137037.03703701,4.268973825429853
KNA,1993,1.794861464337821,263755555.55555555,6.801949416015461
KNA,1994,1.44226958804943,295159259.2592592,5.301719051178154
KNA,1995,2.956800250926198,313485185.1851852,5.383142657016123
KNA,1996,2.086573851691215,333944444.4444444,5.842838025859848
KNA,1997,8.90518339116016,374641307.9746413,6.823966776073419
KNA,1998,3.446358659552734,383257331.4054796,-0.4867457791851564
KNA,1999,3.363036303630454,406595484.37326217,3.2198864218145644
KNA,2000,2.148855327436962,421695769.843918,10.042808415172956
KNA,2001,2.303447483492547,458643829.01419944,5.253449830108863
KNA,2002,2.041091026202084,481077373.6699663,1.3677150725363276
KNA,2003,2.235436643745526,469869869.8698699,-3.9333948603293862
KNA,2004,2.314554622380927,506899999.99999994,3.9963466612543073
KNA,2005,3.377819039882376,547203703.7037036,9.732820702980163
KNA,2006,8.487485758458785,644414814.8148148,3.1503811996822293
KNA,2007,4.480886086147258,689285185.1851852,0.6006023265437506
KNA,2008,5.300296750725844,777692592.5925926,11.317035826710935
KNA,2009,2.057937090418363,774274074.074074,-3.4047401537624467
KNA,2010,0.8508786497958443,778718518.5185184,-0.05419420653305451
KNA,2011,5.8351651957086,836092592.5925926,1.6166073042368794
KNA,2012,0.816089281562459,824585185.1851851,-0.7376367374483976
KNA,2013,1.106985540001294,874548148.1481481,5.727280872347038
KNA,2014,0.2478653923649418,952111111.111111,7.576966023289216
KNA,2015,-2.301875630456158,957222222.2222222,0.6941355278766252
KNA,2016,-0.6870371232940393,1006818518.5185184,3.9327031927328164
KNA,2017,0.6949167116136044,1056977777.7777777,0.22094114729999603
KNA,2018,-1.037122141315725,1076548148.148148,2.003525498009722
KNA,2019,-0.3295620636639773,1107855555.5555556,2.9382465805635576
KNA,2020,-1.167245017693531,883922222.2222222,-15.301889174064883
KNA,2021,1.195688870384002,858622222.2222222,0.36760687921631074
KNA,2022,2.668175331112491,981429629.6296296,10.480494154680713
KNA,2023,3.557112308482431,1055651851.8518518,3.0212752612928284
KNA,2024,,1122388888.8888888,0.3122268558581709
KNA,2025,,1183514814.8148148,2.688584569900158
KOR,1960,7.965565754825923,3973069306.930693,
KOR,1961,8.195652882540918,2427244760.669179,6.920387348339602
KOR,1962,6.618310974923911,2826923076.923077,3.921757738328452
KOR,1963,20.69164731864764,4007692307.6923075,9.009808527792757
KOR,1964,29.46283145007978,3476789681.58031,9.42671363350965
KOR,1965,13.5481947104654,3141131708.313188,7.31363967906637
KOR,1966,11.26138487758097,3957064541.392178,12.007993094401442
KOR,1967,10.88244005719637,4895076717.999295,9.15142541597389
KOR,1968,10.77182139693512,6167109472.428564,13.222886263608984
KOR,1969,12.38956471111872,7743940188.950059,14.590681512785224
KOR,1970,15.95034236469454,9085001793.558517,10.167041599714338
KOR,1971,13.51170233130787,10005257131.334663,10.65140080408969
KOR,1972,11.68898668068447,10990490569.725895,7.336823432091876
KOR,1973,3.221029046923255,14067523813.038555,14.97469104738785
KOR,1974,24.30419954023967,19860929976.698044,9.648908767928873
KOR,1975,25.24925640567327,22126033057.85124,7.931511914152651
KOR,1976,15.32732052131944,30371074380.16529,13.263194882898915
KOR,1977,10.09666533133873,39064462809.91736,12.377294127896718
KOR,1978,14.46028501950241,52824793388.42975,11.069455518403089
KOR,1979,18.32349634217912,68083884297.52066,8.736915339994027
KOR,1980,28.69760863620165,66547970350.61509,-1.52426391001066
KOR,1981,21.35164025400002,74287368087.34674,7.4038213373991795
KOR,1982,7.190846640068697,79921300446.6517,8.468269585658206
KOR,1983,3.420614194989213,89621208322.33858,13.466805746552836
KOR,1984,2.273956400018631,99749645088.59943,10.636605497672292
KOR,1985,2.459108792152742,103764281280.89009,7.938795477605453
KOR,1986,2.7499809606335752,119965960795.2404,11.502985048069974
KOR,1987,3.049660770874232,152240393645.5063,12.89220899185743
KOR,1988,7.146097737216055,205477530605.2224,12.133195110717224
KOR,1989,5.700165445614005,254236243100.4394,7.165017379238421
KOR,1990,8.573272257286767,292064221388.98804,10.02489962138992
KOR,1991,9.332790481614953,340851946803.812,10.874973927770753
KOR,1992,6.21328146355184,366921291824.71857,6.351591996064414
KOR,1993,4.800996602153537,405705302846.44714,6.994717917425561
KOR,1994,6.265859500396792,479181794216.85944,9.371835775710096
KOR,1995,4.480741085572481,586286469400.6652,9.735893750540896
KOR,1996,4.924543542927537,631196863758.2815,7.990429825268393
KOR,1997,4.438931845746301,589202526424.141,6.2821926537929045
KOR,1998,7.513580080793069,397297216492.18976,-4.938929746314102
KOR,1999,0.8129572544463699,515697079289.0106,11.617262955959106
KOR,2000,2.259165800801571,597487173479.1095,9.201858388047896
KOR,2001,4.066575878977922,567564806235.4406,4.7259356032235615
KOR,2002,2.762262102965993,650014391470.2104,7.743998953195685
KOR,2003,3.514874514599392,728516494684.2694,3.074726618269466
KOR,2004,3.590662988825776,823251107638.8137,5.183636859733397
KOR,2005,2.753791627350392,971740329983.8778,4.3582366733715645
KOR,2006,2.242340285189206,1095175538508.1859,5.2450055058034195
KOR,2007,2.534573821379323,1220911904593.0552,5.841963391871701
KOR,2008,4.67389655533408,1091580692542.3395,3.004404516795688
KOR,2009,2.756496544939298,983065242417.3604,0.81986175641795
KOR,2010,2.939286526556858,1192830015737.6821,6.981661388530711
KOR,2011,4.0259650043609,1307103477219.1016,3.6880320602951997
KOR,2012,2.187071044333137,1335343586437.6738,2.547665505682417
KOR,2013,1.301347545474125,1434669686501.8389,3.291395954344196
KOR,2014,1.274774464013219,1556252422020.4402,3.2146801968310825
KOR,2015,0.7063317724557499,1539212301135.547,2.920292673012341
KOR,2016,0.9716857399121679,1579150518945.4392,3.171527489839349
KOR,2017,1.944332307863661,1710196756713.1694,3.4331917639720047
KOR,2018,1.475839350026451,1824251454306.8289,3.1761156817732683
KOR,2019,0.3830003036081358,1751045752054.627,2.3138021059547498
KOR,2020,0.5372880234117372,1744070276373.339,-0.7002423175421058
KOR,2021,2.498333333333394,1942313560965.9043,4.612967954542867
KOR,2022,5.089513650628416,1799363116866.521,2.727564567089914
KOR,2023,3.597456250290104,1844800934391.5447,1.583014674036292
KOR,2024,2.321743286435421,1875388209406.803,2.0036110183898614
KOR,2025,2.123094214586591,1872374961553.146,1.007018402912422
KWT,1960,,,
KWT,1961,,,
KWT,1962,,1828107502.799552,
KWT,1963,,1900895856.6629338,
KWT,1964,,2071668533.0347145,
KWT,1965,,2097199161.1203356,
KWT,1966,,2391199043.520383,
KWT,1967,,2441599023.3603907,
KWT,1968,,2662798934.880426,
KWT,1969,,2769198892.320443,
KWT,1970,,2873638850.54446,
KWT,1971,,3880392195.4068823,7.043680954894981
KWT,1972,,4450537925.33189,3.9007763697766222
KWT,1973,8.26666666600006,5408804607.312896,-6.570074724768631
KWT,1974,12.99261083751867,13006948296.270523,-12.991319613042293
KWT,1975,8.392370572184452,12022811620.78667,-12.274408696691836
KWT,1976,5.23504273532376,13132252801.937159,6.6061845107545025
KWT,1977,9.889519259331019,14137406740.50655,-3.847536861007285
KWT,1978,8.6897451227484,15503557496.191643,7.354774373137644
KWT,1979,7.049999999250094,24749063922.47961,13.899210405184206
KWT,1980,6.928226685631884,28638868355.919598,-19.410745235006573
KWT,1981,7.374781595838071,25058020338.253494,-18.924731184982264
KWT,1982,7.776798426908528,21577153356.419174,-11.749102818283262
KWT,1983,4.718168092751556,20871081080.15384,7.938472418567358
KWT,1984,1.177460050466688,21700082752.936886,5.241605241466999
KWT,1985,1.490321814278765,21445970613.759464,-4.2645914381785275
KWT,1986,0.9536067401920375,17903989745.177998,8.567712564932478
KWT,1987,0.6548446917016563,22368704133.666832,8.14615154374816
KWT,1988,1.468132880419132,20690322152.8945,-10.052617008074932
KWT,1989,3.342033590557921,24313855653.399323,25.89285714505243
KWT,1990,9.83363531543402,18427777777.77778,-26.228892520787255
KWT,1991,9.058188362327579,11009993703.147371,-41.00779066808595
KWT,1992,-0.54547121378821,19858555214.723927,82.80932902625281
KWT,1993,0.3825413651659155,23941391390.728477,33.99046755590078
KWT,1994,2.534435261707919,24848483838.38384,8.43616564472201
KWT,1995,2.686727565824844,27186980646.544792,4.8582912520274135
KWT,1996,3.553985696842866,31492373308.751575,0.605127158807079
KWT,1997,0.6821914347076039,30350190704.436146,2.4733252580408447
KWT,1998,0.1296582876740268,25943705784.29957,3.662054727954427
KWT,1999,2.990810359231657,30122365849.251846,-1.7890091245007937
KWT,2000,1.81294613887089,37718743480.0751,4.694581870792106
KWT,2001,1.299999999999992,34889559869.832596,0.21333257649935433
KWT,2002,0.8884501480749066,38135788413.82759,3.0142831519225126
KWT,2003,0.9613502935421122,47874582231.58799,17.326020417514343
KWT,2004,1.248564436798894,59439090600.61079,10.240298058635375
KWT,2005,4.142975836310232,80798630136.98631,10.609044984022844
KWT,2006,3.057013391667222,101557330723.42303,7.514773000240211
KWT,2007,5.484949832775961,114634043361.69223,5.991575510593151
KWT,2008,10.58270978651442,147379737229.75284,2.4797569427854427
KWT,2009,4.609595484477873,105968691905.4155,-7.076056430734113
KWT,2010,4.496402877697866,115416245241.74216,-2.370548044259124
KWT,2011,4.8394034987095,154039231245.85568,9.628634195343608
KWT,2012,3.255146002872105,174047662680.04114,6.625874850789714
KWT,2013,2.682296840850394,174168116534.84445,1.149465527806484
KWT,2014,2.908926728586248,162650450684.72452,0.5009146694449242
KWT,2015,3.271701660921334,114585555688.51129,0.592770817217982
KWT,2016,3.198397766583738,109406674124.65208,2.9260758425638755
KWT,2017,2.171832985100056,120687539805.50519,-4.712222704953618
KWT,2018,0.5431331481995668,138646316350.7266,2.743330450314147
KWT,2019,1.09184802655856,140856394860.52875,2.263817065957909
KWT,2020,2.101729548274,111045470605.71527,-4.817315933815848
KWT,2021,3.423629476091884,148350671489.14444,1.6721305430785947
KWT,2022,3.980649619903132,183502046693.87753,6.758667119666171
KWT,2023,3.642164030307087,165462656226.77216,-1.6408779996887688
KWT,2024,2.898550724637621,160903106639.2333,-1.4740181816884643
KWT,2025,2.361959366820451,157209026926.41757,2.7318258044920043
LAC,1960,2.857142857142861,69659330494.45818,
LAC,1961,3.779706383426753,76721071548.23247,6.052577935886632
LAC,1962,2.05255023209699,79795583735.75105,4.546016338306558
LAC,1963,2.097902097902106,87614517139.00122,1.8282028139311706
LAC,1964,4.034204537643116,97500037514.48087,7.837389463400683
LAC,1965,2.860286028602712,105223582216.4009,5.742918532447419
LAC,1966,3.5444912994938047,115771461711.09207,4.441626197936486
LAC,1967,3.016948475021476,118068701139.35132,4.347394080680161
LAC,1968,2.537680713487923,127136839016.15689,7.432973214346887
LAC,1969,2.254381499689158,141454571920.63394,6.611448443570893
LAC,1970,3.955509210997692,154157160809.63495,6.862439564206952
LAC,1971,4.953256936409866,170882866526.95407,6.717773674639432
LAC,1972,5.427702996307506,193566993340.31964,7.434844190585906
LAC,1973,12.94081333409372,257429063684.91568,8.628953628068984
LAC,1974,22.70408162261578,342177745996.05786,6.480316061424361
LAC,1975,14.723130192344145,368198920232.44214,4.201971117012434
LAC,1976,9.931595652813003,402176138137.78235,5.577636095661262
LAC,1977,11.19100163703586,438181004614.3397,4.7709316798528505
LAC,1978,10.66024759291814,526411703479.5532,4.20602593229782
LAC,1979,15.22539324455157,583946194018.7474,7.113253797035753
LAC,1980,18.769636074443362,706461175021.0725,6.271524372975733
LAC,1981,13.2666874934914,810015965603.3518,1.005804007753781
LAC,1982,7.646243066061479,753521317196.3047,0.39891351829226096
LAC,1983,10.24366335265448,659196170712.0916,-2.378809344363347
LAC,1984,11.50716950573086,694689378394.5116,3.919118352526965
LAC,1985,22.32837505544156,686505571879.397,3.0727639639973177
LAC,1986,18.68796068796053,693267714609.2285,3.437641029849317
LAC,1987,13.55072378278224,741529509857.4297,3.1971423755151562
LAC,1988,10.83270376899122,814617749319.2656,0.5386280362033489
LAC,1989,14.32953903285719,901175365388.4321,0.8218551462153556
LAC,1990,23.3225664366467,999200488031.1177,-0.2763517324544438
LAC,1991,24.22535211267631,1075681682296.7147,3.071595660104151
LAC,1992,12.06032360182898,1170076247284.328,2.206189311671338
LAC,1993,11.81969017462566,1397935427602.1921,4.190153045200901
LAC,1994,10.85532114943909,1640307476521.946,5.065027815971263
LAC,1995,12.53595945589626,1762996031341.8271,0.516086697384722
LAC,1996,11.05691653219874,1911521633510.195,3.805772588766004
LAC,1997,7.145111608839291,2094953882737.2744,5.358588049071301
LAC,1998,6.613460705180581,2116252056667.964,2.694337597120949
LAC,1999,4.858447499026666,1893935164371.0642,0.33153401381724734
LAC,2000,7.057027290998914,2103632373622.8643,3.6234232271585682
LAC,2001,6.584823685113136,2058411677043.0588,0.23835958376525923
LAC,2002,5.127047514553711,1833442255112.4392,0.06323648105296797
LAC,2003,5.452932243272027,1860329009941.5051,2.1089940223720163
LAC,2004,5.296214451948225,2137560387892.7935,5.603522992533087
LAC,2005,4.870984167967322,2596008248707.1284,4.160073475006158
LAC,2006,4.267174633902643,3041888570283.16,5.3666048756276155
LAC,2007,5.843975705316014,3605106967513.8823,5.40989294955034
LAC,2008,9.233168882229755,4216556735122.361,3.775421994311756
LAC,2009,2.591946734305668,3942282553724.1284,-2.4446842054267535
LAC,2010,3.859509098331602,4911947255842.05,6.422728258812512
LAC,2011,5.796768092065332,5594126981026.73,4.417213286606909
LAC,2012,4.111509810702894,5622404703958.774,2.4406094144769526
LAC,2013,2.767896660820019,5644127674357.652,2.7247163009460422
LAC,2014,3.438166599586007,5620010717338.875,1.1164133098384497
LAC,2015,3.157831179809151,4703989762871.304,0.0699385356183484
LAC,2016,2.821707847476604,4551782151517.8,-0.9774777934939749
LAC,2017,3.3629651485560768,5076766505994.78,1.5874625823046813
LAC,2018,3.4025017947203846,4918723143160.916,1.1522975504193482
LAC,2019,2.5046095946040086,4821625109314.743,0.18279402799126387
LAC,2020,2.526635000847062,4034164122634.8926,-6.796400222953338
LAC,2021,4.271663815367978,4694652116377.402,6.8545133231238395
LAC,2022,8.81109209279587,5425723261080.829,3.9759595933790877
LAC,2023,5.086774831581119,6114807611697.979,2.1268099482222738
LAC,2024,3.835402717285325,6266421572816.075,1.9900151581674947
LAC,2025,3.1702688841680997,6523496128943.988,2.2149007081897736
LAO,1960,,,
LAO,1961,,,
LAO,1962,,,
LAO,1963,,,
LAO,1964,,,
LAO,1965,,,
LAO,1966,,,
LAO,1967,,,
LAO,1968,,,
LAO,1969,,,
LAO,1970,,,
LAO,1971,,,
LAO,1972,,,
LAO,1973,,,
LAO,1974,,,
LAO,1975,,,
LAO,1976,,,
LAO,1977,,,
LAO,1978,,,
LAO,1979,,,
LAO,1980,,,
LAO,1981,,,
LAO,1982,,,
LAO,1983,,,
LAO,1984,,1757142855.9183671,
LAO,1985,,2366666615.5555553,5.069963947248368
LAO,1986,,1776842097.1634347,4.885133262754124
LAO,1987,,1087273103.6963859,-1.425792382933949
LAO,1988,,598961269.2978786,-2.010201053050025
LAO,1989,61.33259651061875,714046821.093797,14.1906366290998
LAO,1990,35.64298297122697,865559879.4004065,6.70457869081514
LAO,1991,13.44155844155859,1028087972.3108478,4.296563641101542
LAO,1992,9.864529669910317,1127806944.6151268,5.559857768175419
LAO,1993,6.267222415190292,1327748689.8809426,5.912556554321185
LAO,1994,6.784480786202299,1543606345.1168365,8.159018532718093
LAO,1995,19.5939189878584,1763536304.5396364,7.031254324190044
LAO,1996,13.02441569634619,1873671550.3463552,6.928323728332202
LAO,1997,27.5088624491449,1747011857.3310688,6.872091271206955
LAO,1998,90.9807345622878,1280177838.7190535,3.9676080919769845
LAO,1999,125.2721283992801,1454430642.449592,7.306376071381692
LAO,2000,25.08464142813154,1731198022.4676313,5.798782328619595
LAO,2001,7.811807947834706,1768619058.3464744,5.751412879831946
LAO,2002,10.63134463233329,1758176653.0774584,5.918743683705642
LAO,2003,15.48935292335251,2023324407.2841384,6.06700230344272
LAO,2004,10.46226673142081,2366398119.863208,6.3576954800823415
LAO,2005,7.16541759946639,2735558734.737903,7.107568368112666
LAO,2006,6.545594390527871,3455030060.978498,8.619266208328071
LAO,2007,4.66197269469701,4223152739.0405164,7.596828800548778
LAO,2008,7.628808875775164,5446433157.401138,7.824902763370119
LAO,2009,0.1411876749803849,5836137329.633054,7.501774912258526
LAO,2010,5.982545215500817,7131771014.704564,8.526905517397168
LAO,2011,7.5689885610998,8750104617.173029,8.038652680237249
LAO,2012,4.255126778320897,10192846339.40287,8.026098434612834
LAO,2013,6.371427177829471,11983252626.545183,8.026300226990173
LAO,2014,4.129243068737711,13279245886.385435,7.611963439793186
LAO,2015,1.277354271029923,14426380125.648829,7.270065843737854
LAO,2016,1.596912275832041,15912501722.614256,7.022836255011384
LAO,2017,0.8254786075680259,17071155481.49936,6.892530872698899
LAO,2018,2.040392668902015,18141641089.796326,6.247960007558717
LAO,2019,3.322558812569254,18740561512.555496,5.457735092484796
LAO,2020,5.104072629599191,18981805250.242397,0.5030318290186813
LAO,2021,3.755620366588772,18827148530.934723,2.5283510048610225
LAO,2022,22.95622251320559,15468785203.753174,2.707426526431547
LAO,2023,31.23013417326456,15843155731.25518,3.745681401582317
LAO,2024,23.13056959425881,16502933121.33794,4.130192644384749
LAO,2025,7.742269365536946,18302970218.590233,4.537605647667249
LBN,1960,,,
LBN,1961,,,
LBN,1962,,,
LBN,1963,,,
LBN,1964,,,
LBN,1965,,,
LBN,1966,,,
LBN,1967,,,
LBN,1968,,,
LBN,1969,,,
LBN,1970,,,
LBN,1971,,,
LBN,1972,,,
LBN,1973,,,
LBN,1974,,,
LBN,1975,,,
LBN,1976,,,
LBN,1977,,,
LBN,1978,,,
LBN,1979,,,
LBN,1980,,,
LBN,1981,,,
LBN,1982,,,
LBN,1983,,,
LBN,1984,,,
LBN,1985,,,
LBN,1986,,,
LBN,1987,,,
LBN,1988,,3313540067.9324584,
LBN,1989,,2717998687.710016,-42.45111821576981
LBN,1990,,2838485353.9618664,26.533160093249137
LBN,1991,,4690415092.536633,49.447379184914126
LBN,1992,,5843579160.901219,16.43834570457281
LBN,1993,,7941744492.235954,10.765669797188892
LBN,1994,,9599127050.175585,8.105241977345017
LBN,1995,,11718795528.555569,6.448862569852579
LBN,1996,,13690217333.587883,11.285935716166804
LBN,1997,,15751867489.444624,1.0549666674066742
LBN,1998,,17247179005.521946,3.6657237850568265
LBN,1999,,17391056369.226524,-0.5255846347830868
LBN,2000,,17260364842.454395,1.341871619704051
LBN,2001,,17649751243.781094,3.839669277029728
LBN,2002,,19152238805.97015,3.423149828437815
LBN,2003,,20082918739.63516,3.2270982687904137
LBN,2004,,21159827992.039803,6.679444616411033
LBN,2005,,21497336498.839138,2.685779310163454
LBN,2006,,22022709851.40962,1.5495150008321303
LBN,2007,,24827355014.925373,9.310622526411436
LBN,2008,,29118916105.472637,9.069128267890818
LBN,2009,1.195096711655427,35399582928.68988,10.232155577776012
LBN,2010,3.983479418558331,38443907042.12272,7.975135558449324
LBN,2011,4.971485716923842,39927125961.5257,0.8673398785527695
LBN,2012,6.581474476836774,44016799515.75456,2.5647913368003827
LBN,2013,4.821019562973989,46880103080.597015,3.8278734986016048
LBN,2014,1.854604213409097,48095213746.600334,2.48406010500743
LBN,2015,-3.749145247996286,49929337836.81592,0.4623207925975805
LBN,2016,-0.7833596243615077,51147308774.12936,1.5545494085694287
LBN,2017,4.321352183031908,53027680685.90382,0.9030284640738131
LBN,2018,6.076989078896069,54901519155.55556,-1.8847057563165066
LBN,2019,3.005389493903827,51605959131.27413,-6.9149247285102575
LBN,2020,84.86433304720406,31712128253.796097,-21.399899691432125
LBN,2021,154.7560960233933,23131941556.784348,-7.001238625141156
LBN,2022,171.2054913366413,20992421948.808086,-0.6216789706631118
LBN,2023,221.341644023365,20078620356.993057,-0.7605844702573137
LBN,2024,45.24304227167184,25971643441.340782,-7.079891928618139
LBN,2025,14.59759586961105,,
LBR,1960,,190495600.0,
LBR,1961,,183920900.0,2.43998542296508
LBR,1962,,191861800.0,1.3446060733405005
LBR,1963,,200229600.0,2.2744606359388513
LBR,1964,,218929100.0,5.151961302037392
LBR,1965,,229260800.0,4.793786278447783
LBR,1966,,244459500.0,7.70265600116069
LBR,1967,,261024299.99999997,6.745790849660736
LBR,1968,,276820700.0,4.7688716972218685
LBR,1969,,306961800.0,7.288472994526728
LBR,1970,,323099700.0,6.663192707013991
LBR,1971,,341543100.0,4.904830279001885
LBR,1972,,368098000.0,4.140495631651845
LBR,1973,,386968300.0,-2.255975184005024
LBR,1974,,486955000.0,4.753200335142907
LBR,1975,,577549300.0,-3.468589489090448
LBR,1976,,596675700.0,5.310734077217532
LBR,1977,,673010600.0,1.5879845493225417
LBR,1978,,717240400.0,4.816220639461008
LBR,1979,,814067900.0,3.2648196952163318
LBR,1980,,854711500.0,-4.098364072815656
LBR,1981,,846514500.0,-2.1367501243553733
LBR,1982,,863933200.0,-2.4329372390678827
LBR,1983,,823374900.0,-1.8968528215990403
LBR,1984,,848478300.0,-2.107315697306362
LBR,1985,,851296100.0,-0.8433181610035376
LBR,1986,,840964400.0,-1.678598101559885
LBR,1987,,972800000.0,-1.001600746900067
LBR,1988,,1038300000.0,-2.041898164248863
LBR,1989,,786300000.0,-26.668449332343485
LBR,1990,,384400000.0,-51.030864946748586
LBR,1991,,348000000.0,-14.225214049953607
LBR,1992,,223500000.0,-35.08567792089494
LBR,1993,,160400000.0,-32.975395261665625
LBR,1994,,132199999.99999999,-21.762346309700064
LBR,1995,,134800000.0,-4.266204990221894
LBR,1996,,159400000.0,12.121203660512165
LBR,1997,,295900000.0,106.27981446661641
LBR,1998,,359600000.0,30.208127374446377
LBR,1999,,441800000.0,21.741446804261088
LBR,2000,,874000000.0,28.61593425461828
LBR,2001,,906000000.0,2.920274765697812
LBR,2002,14.15964701163247,927000000.0,3.7630176170007132
LBR,2003,10.33028812368235,748000000.0,-30.145132727942027
LBR,2004,7.829087048832354,897000000.0,2.6198468947741276
LBR,2005,10.83435884814136,949000000.0,5.281212453092948
LBR,2006,7.341446082785579,1119000000.0,8.04390997190059
LBR,2007,11.39189668071025,1373000000.0,9.535275362822816
LBR,2008,17.48944864299302,1726000000.0,7.145691128114763
LBR,2009,7.427643059149192,1768000000.0,5.300540502915311
LBR,2010,7.289927968902182,1998000000.0,6.0998252400414685
LBR,2011,8.488167518494,2398000000.0,8.200768224970645
LBR,2012,6.831787034185483,2791614000.0,7.993814445553667
LBR,2013,7.577306817413998,3177198100.0,8.687287816396832
LBR,2014,9.861112855749038,3225652000.0,0.7013931002875182
LBR,2015,7.748696876213224,3227075700.0,-0.018564969559093925
LBR,2016,8.834248683364876,3398419600.0,-1.5549586174877987
LBR,2017,12.41963239071377,3390703400.0,2.455155920122394
LBR,2018,23.56351489537417,3422754800.0,1.1575751220735526
LBR,2019,26.96627601978781,3319596500.0,-2.467297635326858
LBR,2020,16.95572414962546,3176126300.0,-2.982491276494727
LBR,2021,7.815593858586484,3513049500.0,4.986712834816174
LBR,2022,7.592984865603134,4001047000.0,4.808105172906551
LBR,2023,10.09445356655517,4390000000.0,4.683756887613114
LBR,2024,8.214974391189639,4779300900.0,4.021854649648347
LBR,2025,8.315643294029519,5245938900.0,5.016561079922141
LBY,1960,,401644248.94230044,
LBY,1961,,443905612.0377552,9.895803919017638
LBY,1962,,619725784.9096861,32.52464100096765
LBY,1963,,892327910.6688358,35.020376726142075
LBY,1964,,1341395421.4418314,45.0716938128605
LBY,1965,11.4249999996678,1804979680.4081278,28.1488789645187
LBY,1966,12.24291376834086,2312438535.824586,18.59216373456441
LBY,1967,7.296108742308906,2726986912.805235,11.110086967718118
LBY,1968,0.3912314473092048,3850623094.9507623,33.8639151717893
LBY,1969,9.785970555473844,4380987481.205008,13.087890820829884
LBY,1970,-5.296371422047035,4601649451.3402195,4.950748919038745
LBY,1971,-3.103849408108508,5260185125.418859,-5.277525023395654
LBY,1972,-0.2510231920890078,6299395543.96301,9.12584054018133
LBY,1973,7.970895563185996,8625889429.58277,1.936619714172167
LBY,1974,7.458451560828936,15112543717.129818,22.1934369650876
LBY,1975,9.11920030145642,14710912457.650877,4.0282685479678975
LBY,1976,5.479215279688456,19096943016.57485,22.88095238176531
LBY,1977,6.280213027509068,22428297107.59295,8.85272018683338
LBY,1978,29.37979416416982,22136422643.3959,3.30491881279562
LBY,1979,-6.03902875017094,30536429496.944782,8.958109970172984
LBY,1980,9.734288794713922,40953924948.741936,0.6852805267934201
LBY,1981,11.19972260748936,36374353880.39939,-19.19018080111627
LBY,1982,10.25880885562843,33760146990.57263,2.8060567767527687
LBY,1983,10.60520361990956,33200520139.974937,-2.472227280007587
LBY,1984,12.47762720531824,29476109152.75305,-5.041781428901871
LBY,1985,9.138440554671584,31530566324.273018,8.326778426073986
LBY,1986,3.290981045615558,24180400959.42878,-11.352506315583682
LBY,1987,4.355716878402891,26697659334.69111,-14.702053168996727
LBY,1988,6.086956521739068,24308959591.19497,7.579023359766751
LBY,1989,1.511839708560968,25156707899.146202,7.1994171461682726
LBY,1990,8.451462408038797,28904183602.48184,3.72013163404128
LBY,1991,11.89609530112508,31991821264.711754,15.655131677649777
LBY,1992,9.359751589531335,33887047909.27463,-2.712274079543093
LBY,1993,11.07355327203888,30660051910.503666,-3.763192643278117
LBY,1994,5.112598904443145,28610549763.468513,1.9347867420067786
LBY,1995,7.237984944991291,25541379186.645782,-2.2204069560875013
LBY,1996,4.02807775377965,27884615384.615383,2.134123200292777
LBY,1997,3.550295857988219,30700897874.870354,5.212671021369715
LBY,1998,3.709273182957341,27251301398.28134,-3.552244747397836
LBY,1999,2.648622522958216,35975860857.11637,0.7496592576039518
LBY,2000,-2.900000000000242,38270954138.11281,3.679270408199997
LBY,2001,-8.813937521455465,34112093927.253975,-1.7628388706260267
LBY,2002,-9.797647058823555,20481889763.779526,-0.9588973328496309
LBY,2003,-2.191151919866467,26265625000.0,13.016037247801336
LBY,2004,-2.197567740558977,33122307692.30769,4.461638996486371
LBY,2005,2.650205761316574,47334691241.49238,11.870756522615096
LBY,2006,1.459268762027218,60094231606.642044,6.50052541959279
LBY,2007,6.25098782993553,68032978390.600685,6.229982785618375
LBY,2008,10.3607288954998,86710767415.13712,-0.1620482387998834
LBY,2009,2.459900256099543,60808562033.41912,-4.400181763102097
LBY,2010,2.799895001092647,75380825062.4216,5.027247672377499
LBY,2011,15.5184815317562,48169263294.10074,-50.33851513849862
LBY,2012,6.059803921568547,92540938129.13145,86.82674843957844
LBY,2013,2.605818027195169,75351107029.06049,-17.997961574568123
LBY,2014,2.432941415992335,57372355592.02202,-23.042805828221503
LBY,2015,10.40229335881513,48717501321.30524,-0.842656252118843
LBY,2016,25.85387421244604,49912073701.298004,-1.4909411172621958
LBY,2017,25.80361847883369,67157452181.77383,32.49180218626876
LBY,2018,13.17020385367216,76686029772.14833,7.941367852910403
LBY,2019,-2.162178834705906,69254496471.6938,-11.196082885338583
LBY,2020,1.447036569987408,46854285440.64199,-29.455296728282377
LBY,2021,2.868330277510149,35217995647.2862,28.29968234291468
LBY,2022,4.510301492356952,43246297921.84992,-8.299818111987946
LBY,2023,2.373175314351797,44027664915.187004,10.200049785251707
LBY,2024,2.126157668850213,48487151215.34504,1.8999505202544213
LBY,2025,1.841666666667023,48098909613.631584,13.371708051695805
LCA,1960,,,
LCA,1961,,,
LCA,1962,,,
LCA,1963,,,
LCA,1964,,,
LCA,1965,,,
LCA,1966,2.479008396577312,,
LCA,1967,3.20717908718529,,
LCA,1968,3.969454105343886,,
LCA,1969,2.254381499689158,,
LCA,1970,13.39876253481825,,
LCA,1971,8.391345249205802,,
LCA,1972,7.880576289053515,,
LCA,1973,13.44060069717403,,
LCA,1974,34.22060422687924,,
LCA,1975,17.74278769965232,,
LCA,1976,9.669119846687408,,
LCA,1977,8.865731900261885,,
LCA,1978,10.87751829209911,,10.31194076172413
LCA,1979,9.390042712873601,,3.7927344029203596
LCA,1980,19.47772911329116,170370370.37037036,-2.2205281102025367
LCA,1981,15.1248443770346,194444444.44444442,6.310253155902615
LCA,1982,4.614067498730878,183333333.3333333,2.0863421068450805
LCA,1983,1.473058534623013,197037037.03703701,4.965383985054544
LCA,1984,1.205484103655883,251481481.48148146,7.265573651656894
LCA,1985,1.423198982387324,284444444.4444444,8.287765086967113
LCA,1986,2.190258254331325,340000000.0,14.402019277592373
LCA,1987,7.021753039027814,375555555.5555555,3.923731380614953
LCA,1988,0.8294724256463756,429629629.6296296,13.899663830909745
LCA,1989,4.372637663973292,486666666.6666666,8.981004214930948
LCA,1990,4.267556628559722,579629629.6296296,9.890701519955257
LCA,1991,6.149550531190494,613703703.7037036,0.37567803507907627
LCA,1992,5.138897799448282,674074074.074074,7.953075360444203
LCA,1993,0.848181596289603,684814814.8148148,0.583199758222051
LCA,1994,2.815916651539679,713703703.7037036,1.5985601620634071
LCA,1995,5.62965921512378,762962962.9629629,1.7482258650376679
LCA,1996,0.9248426096159731,788888888.8888888,2.922587957422195
LCA,1997,-0.005520287054723805,805925925.9259259,-0.6941301420593078
LCA,1998,3.201943416790907,877407407.4074074,6.286471215118624
LCA,1999,3.503797841089421,921851851.8518518,2.6706035112741944
LCA,2000,3.710786087136099,932592592.5925925,0.04874855352011309
LCA,2001,5.307220810285471,892592592.5925925,-3.408063961894044
LCA,2002,-0.2555366269165083,900000000.0,0.41645049304321446
LCA,2003,1.034253724262215,987407407.4074073,4.264611487382226
LCA,2004,1.460368144252453,1066666666.6666666,7.267408869947104
LCA,2005,3.898273707594762,1135555555.5555556,-0.41030472629023507
LCA,2006,2.395620825291682,1268319185.1851852,6.195257291410485
LCA,2007,2.823103737369294,1336088814.8148148,1.691618574339131
LCA,2008,5.549547693839369,1437731111.111111,4.949321940280569
LCA,2009,-0.1569360871686694,1401507888.8888888,-2.828899548306282
LCA,2010,3.250344091801288,1482385185.1851852,0.33001854607148573
LCA,2011,2.769407941440931,1568370370.3703704,4.326942805321423
LCA,2012,4.177635871025146,1598207407.4074073,-0.10875614826235847
LCA,2013,1.468565110354283,1660392592.5925925,-1.8187760373599104
LCA,2014,3.516955513692412,1749185185.185185,1.32809022110105
LCA,2015,-0.9836009526969955,1807640740.7407405,0.1019178364129516
LCA,2016,-3.078217656769267,1868544444.4444444,3.4278721452521097
LCA,2017,0.104262078958441,1998503703.7037036,3.37982617272246
LCA,2018,1.935618931506019,2060955555.5555553,2.886779021716009
LCA,2019,0.5390875591917574,2090074074.074074,-1.0293678947917044
LCA,2020,-1.755808335175935,1521740740.7407405,-22.900513863417643
LCA,2021,2.410703121743933,1871111111.111111,11.146699324085631
LCA,2022,9.65268564265764,2319888888.888889,19.345679535534188
LCA,2023,3.819145461563584,2441259259.259259,3.907748029259281
LCA,2024,-0.6742408534187789,2605148148.148148,4.768902178556161
LCA,2025,2.027095120862739,2656444444.444444,-0.5740752821449604
LCN,1960,,79218932292.59471,
LCN,1961,,87692579535.3547,6.016848958690986
LCN,1962,,92148671260.35806,4.498347594320734
LCN,1963,,100158103933.60423,2.150892642611595
LCN,1964,,111297635227.87646,7.458974130934507
LCN,1965,,119597691330.10735,5.5884047168188715
LCN,1966,,131678790040.54976,4.780558093635221
LCN,1967,3.016948475021476,134312212434.10922,4.2703342339880805
LCN,1968,4.093891431068363,144144176667.5535,7.123419189756092
LCN,1969,2.629340836583317,160995418448.82693,6.574112750959287
LCN,1970,4.652297493031543,175637926335.3227,6.585128755274411
LCN,1971,4.784114381546189,195901355212.33627,6.64612769158839
LCN,1972,6.671177665283693,220380602413.7113,6.938777768991372
LCN,1973,13.61831734583797,293150377144.28394,7.952429243980717
LCN,1974,23.24404853259724,379786193235.3402,6.064981449710956
LCN,1975,16.77357032458163,398144708367.3977,3.5895501513679733
LCN,1976,9.793653275346507,436627882813.991,5.504635371191654
LCN,1977,10.6889574207751,479581063088.52264,4.919583507713355
LCN,1978,10.306129222296585,574059344826.802,4.448267821411349
LCN,1979,14.72217036899923,644166216801.2671,7.146087938801983
LCN,1980,17.91992414062663,783357458196.9908,6.262374655458444
LCN,1981,14.04796867188679,894809022830.9515,1.151289589978603
LCN,1982,7.812741412164894,823242876056.1779,-0.09005394744875161
LCN,1983,10.24366335265448,726364220247.1908,-2.5166542258717755
LCN,1984,11.50716950573086,764196787843.8713,3.9188548557743417
LCN,1985,12.961686314347439,755578015279.8481,3.037658584606447
LCN,1986,9.764369243420624,765106452473.4258,3.5542298305188496
LCN,1987,11.537536133789395,821070820662.6099,3.3456129433316733
LCN,1988,8.012628905724123,900611854996.1198,0.7934945957542681
LCN,1989,11.409632006576235,994556600083.4009,1.2120896331422841
LCN,1990,21.507988173267915,1101649853839.6152,-0.1744757546508282
LCN,1991,21.615741122444902,1189339213608.0686,3.176677341828693
LCN,1992,10.630199689303735,1299092404987.0618,2.6748925661809153
LCN,1993,10.263623749654908,1537127525768.2153,4.2673248060166316
LCN,1994,9.700250335163094,1795771702366.8616,5.039793294084731
LCN,1995,10.19320676307455,1942345373687.3933,0.9476986537966923
LCN,1996,7.359117817887671,2100954032184.008,3.896086351681987
LCN,1997,6.949566085341176,2303665490980.344,5.4632731667024075
LCN,1998,5.110249545175593,2331974611876.788,2.9313187278187485
LCN,1999,3.4543979358750754,2107674024426.6162,0.5354444863424135
LCN,2000,4.60822998872598,2326960808219.8545,3.6229032493347404
LCN,2001,4.05508061344645,2282616598586.7573,0.5317995591449574
LCN,2002,3.9501166372159284,2052785896654.394,0.21821882158819506
LCN,2003,3.7337356616764397,2091901149499.7493,2.2106733961776683
LCN,2004,4.380322865346079,2405470324871.3203,5.720114616301018
LCN,2005,4.440575656879126,2903225604297.696,4.092676973214097
LCN,2006,4.251953219779671,3397326624081.073,5.26208115771729
LCN,2007,4.578085723771535,3998763226331.2725,5.287779139670803
LCN,2008,8.108108108107798,4644092806762.823,3.6888157222806797
LCN,2009,2.50049988756384,4357538710237.467,-2.3025410110989526
LCN,2010,3.491288726188089,5397655976518.388,6.1513636266780765
LCN,2011,4.877998309707021,6139314989246.27,4.395757620722833
LCN,2012,3.781807546796779,6201531036318.305,2.6458330432297856
LCN,2013,2.528647885383703,6252125316234.798,2.717330387371277
LCN,2014,3.383412727494775,6218059801942.289,1.1967525304689417
LCN,2015,1.86148302863371,5289417937086.298,0.23985396008066573
LCN,2016,1.650389944315728,5148783766945.084,-0.7309749628111462
LCN,2017,2.19201010962985,5715231248363.465,1.5535277189928394
LCN,2018,2.3795173336048925,5581213957025.256,1.222917855568582
LCN,2019,2.182255890662455,5473792638347.114,0.3173649644267158
LCN,2020,1.4938901729958736,4627829769474.148,-6.859437819304333
LCN,2021,3.878054424111307,5383564425117.229,7.076081395718731
LCN,2022,8.08552554700602,6147092422711.931,4.090586572031768
LCN,2023,4.632022854033557,6909980461601.208,2.206784683686024
LCN,2024,3.4649703794607705,7088767706234.509,2.254971688305247
LCN,2025,2.3075862660275552,7395989651242.093,2.3215320496784244
LDC,1960,,28083873561.952507,
LDC,1961,,29364694790.31218,
LDC,1962,,31795046375.847645,7.54485495470027
LDC,1963,,36519393066.29423,2.0290767948315533
LDC,1964,,33150257303.11068,3.593583308140609
LDC,1965,,37295234447.77616,3.6968079757873795
LDC,1966,,40642298164.13588,3.3266501633965504
LDC,1967,,41311672322.12204,1.0451094184035412
LDC,1968,,44098351904.4288,5.133486882034077
LDC,1969,,48788568412.830765,3.3271105012258033
LDC,1970,,47218209025.48036,-0.6036461294896469
LDC,1971,,49607821959.96594,1.7390936910522896
LDC,1972,,51305933517.506226,-1.4208247722145728
LDC,1973,,62437379215.36685,2.2511659631555574
LDC,1974,,77769977149.2718,5.623661118247014
LDC,1975,,93635267386.95724,0.5298858793392043
LDC,1976,,86258084960.5092,3.8807863627743586
LDC,1977,,94942056027.93958,1.9530915203831682
LDC,1978,,111734126466.78178,1.5378563473513935
LDC,1979,,122428644458.03174,1.823945823862644
LDC,1980,,135711625859.63376,1.982639972749638
LDC,1981,,138755810897.29208,2.363846170609591
LDC,1982,,140165160485.92697,0.9954629471171188
LDC,1983,,138441594013.223,1.6506445537994807
LDC,1984,,140661957450.91254,2.3654839576871467
LDC,1985,,153685292546.9786,1.6877266959062212
LDC,1986,9.325461900076517,133832870921.37302,3.3091173820838833
LDC,1987,9.01351931463752,142313742945.1007,4.191890327515395
LDC,1988,10.219687503976557,156208936078.36832,2.8873901649645717
LDC,1989,8.929941428940266,167639250652.65308,1.7435476921824602
LDC,1990,8.488646496506938,192676976334.58878,-0.11580453592446815
LDC,1991,14.245844608747785,208818016297.99292,1.8301581089314993
LDC,1992,10.63930218974385,165223219907.4037,0.2600459675789608
LDC,1993,9.370344159714605,171011303885.52396,-0.5457862371081177
LDC,1994,25.17787622499625,167739564145.74213,0.6819357735554803
LDC,1995,15.448025835252874,172091208742.03265,5.804160265582922
LDC,1996,9.33031458531928,181565021318.73923,5.632663094203892
LDC,1997,8.022107666317494,189340363935.10736,5.340251786075797
LDC,1998,7.111911142107065,192210596421.96652,4.036774276661788
LDC,1999,4.925772561423244,197805574800.58737,4.018608769683297
LDC,2000,3.899529802847124,224564439988.96973,4.271621660086026
LDC,2001,4.714896346896095,216586451093.64468,4.899698839501369
LDC,2002,4.464264007348419,238997145476.3152,5.421313016850021
LDC,2003,6.489432086733376,270939943315.8668,5.1550735780144095
LDC,2004,4.534213741296925,311792443178.11237,6.54512671878777
LDC,2005,7.564080617098698,370634107574.804,7.404937422533877
LDC,2006,6.85246617854622,430668720015.5749,6.85952136605701
LDC,2007,7.785568962367679,517201448591.5829,7.2573255597791615
LDC,2008,11.01038800683501,635498688012.8483,6.4550891332979745
LDC,2009,4.561506876709827,628091006955.253,4.225708207220194
LDC,2010,5.049680758574017,711177667873.1343,6.365655151585997
LDC,2011,6.610389865124805,810040727729.5981,3.0472880076901845
LDC,2012,6.314744503151774,849501067175.4731,3.2937209934868577
LDC,2013,5.52412877994266,924587754781.9728,6.069915545794032
LDC,2014,4.40535234185293,993293176451.7963,5.345248040336784
LDC,2015,3.4027432773718846,945963113669.2673,2.750187708973044
LDC,2016,5.344146009972443,953366743642.222,3.7979798996920238
LDC,2017,4.572536553175196,1045823616290.8503,4.502575235488294
LDC,2018,3.461474849737293,1117321176649.3,4.6527017191826445
LDC,2019,3.322558812569254,1169533458405.6987,4.824599135678369
LDC,2020,4.332968747117091,1179620504897.317,-0.18101197820550397
LDC,2021,4.156491254821074,1302642870995.5251,2.755792913866827
LDC,2022,9.45801281304023,1471699265269.3833,4.715109891921159
LDC,2023,7.126974821318511,1459140154701.04,3.0509081106361577
LDC,2024,4.685096542657699,1542009429614.637,3.8723296874836137
LDC,2025,3.364621893178246,1653686211542.1025,4.300008413031222
LIC,1960,,14407076547.255827,
LIC,1961,,14595467187.006182,
LIC,1962,,16317229325.286531,
LIC,1963,,20314910373.626575,
LIC,1964,,16456097725.036474,
LIC,1965,,19152804343.931873,
LIC,1966,,20218065389.14653,
LIC,1967,,19525828860.50255,
LIC,1968,,21148759286.699574,3.4347198245796307
LIC,1969,,24246384915.912724,5.6488078658620395
LIC,1970,,25087916571.771893,2.8865288598064893
LIC,1971,,27728336323.572624,4.736230984490845
LIC,1972,,30880149841.574352,1.653461331533876
LIC,1973,,36728366733.08398,1.4382060241703272
LIC,1974,,45154811196.91802,5.727958315974433
LIC,1975,,52349458545.69361,2.615527374557786
LIC,1976,,55259377100.464485,3.2994879145610128
LIC,1977,,63778018918.75124,2.7129671527888632
LIC,1978,,73727466089.11974,-0.35152988963571374
LIC,1979,,78281408563.38939,0.5913092061680771
LIC,1980,,86990409069.11723,2.437966412721053
LIC,1981,,89266217877.27686,2.962163265733949
LIC,1982,,90153900122.95416,1.1760511123456467
LIC,1983,,87728151745.44147,1.5459271123197595
LIC,1984,9.856620954338887,85915081721.5475,-0.9034332324277017
LIC,1985,10.51897599371658,83020313568.92601,0.6159464765250249
LIC,1986,2.245152511622692,86790541012.2957,2.4722043742811337
LIC,1987,7.113237639553367,91241793555.10068,5.01905219154591
LIC,1988,13.584052269553336,98170293618.63054,3.559372008936407
LIC,1989,8.275016087515917,106072089225.18288,-0.15307962226972904
LIC,1990,7.002169566511215,130008414338.76576,-2.961168100860391
LIC,1991,8.998469367471671,145715712930.0951,1.4000869240902887
LIC,1992,10.043927943983693,100945256139.6606,-0.16785857619329647
LIC,1993,9.843853892346651,109272170084.91934,1.1852518162293961
LIC,1994,24.874444976278365,102325546112.15437,1.5585402694929797
LIC,1995,16.315586827353606,94452790502.85178,4.83225965729963
LIC,1996,8.249890099155097,91310974727.4626,5.599001291404363
LIC,1997,4.486382617373988,97274657552.75635,5.895366369665126
LIC,1998,5.08433344145324,98416782769.2642,4.172519586031996
LIC,1999,3.385424273404549,98986835503.71368,2.56474771916146
LIC,2000,3.822600880863059,122203639629.58678,3.161545871664657
LIC,2001,4.492596092397543,115323086245.48213,4.699859536353344
LIC,2002,4.166472254974726,127077820421.81476,5.369754934148688
LIC,2003,6.969566113403517,141515501992.00424,4.379410126720501
LIC,2004,4.213762687679048,165698854252.873,6.408257473143266
LIC,2005,8.477288591163244,201372545813.49768,6.662873541398497
LIC,2006,7.326061109202108,235083355833.61334,5.768789311909472
LIC,2007,7.952209908640304,286238241795.7722,6.2299813717091155
LIC,2008,12.05085554828855,345469916683.0102,5.533249268478784
LIC,2009,5.207017298057842,340799376713.8201,3.760971750814406
LIC,2010,4.72354729503736,378234341638.98035,7.133052607930068
LIC,2011,8.0554950734896,408858086328.03955,0.3562642116796866
LIC,2012,7.1742053404119055,387925022036.3571,-3.153535419683905
LIC,2013,5.762779670446811,399956089212.41724,4.098257066628037
LIC,2014,4.522332027974798,427247749546.7854,3.7881266147244474
LIC,2015,5.544688912597794,417830631224.26825,-0.4226059979563672
LIC,2016,6.035758581546788,380272235825.79425,1.7941706019969388
LIC,2017,8.444293738418907,397551358031.57,3.164243730545664
LIC,2018,3.4394690299759225,419119394353.8176,3.5019526551688784
LIC,2019,3.107732292422739,437739709828.9874,3.958603697757752
LIC,2020,5.601887914822242,432817676605.734,0.270078071528431
LIC,2021,5.81225118787715,478460336870.11505,2.0310225164186875
LIC,2022,10.27940180934209,551297424575.5743,3.732647035526071
LIC,2023,8.500650785883696,556751023235.15,1.2147468821728893
LIC,2024,7.914166117163436,604073322373.3811,3.406056580752036
LIC,2025,4.368469501461496,642666054939.5024,5.336682006653135
LIE,1960,,,
LIE,1961,,,
LIE,1962,,,
LIE,1963,,,
LIE,1964,,,
LIE,1965,,,
LIE,1966,,,
LIE,1967,,,
LIE,1968,,,
LIE,1969,,,
LIE,1970,,90099360.8433666,
LIE,1971,,104889795.33384584,1.6692220662305886
LIE,1972,,124940289.32382013,1.6692195289189016
LIE,1973,,165928881.5555197,1.6692256792972984
LIE,1974,,193980464.8821012,1.6692224626089427
LIE,1975,,246389101.8536131,1.669232250706571
LIE,1976,,272489300.46782696,4.758672107113981
LIE,1977,,303493119.4807626,4.758677084585145
LIE,1978,,436912067.78428715,4.75867684230937
LIE,1979,,503173104.39188683,4.758671428072773
LIE,1980,,534699362.8961609,4.7586725106163925
LIE,1981,,511647750.1244755,4.814820236007037
LIE,1982,,522096760.2910935,-1.5901068858557608
LIE,1983,,524023624.8905505,0.5385999639218539
LIE,1984,,502620991.85294354,4.28570943461186
LIE,1985,,529073612.4535789,7.02055443563529
LIE,1986,,779357802.5000597,4.000000043881187
LIE,1987,,1052848995.9710084,9.230767956851807
LIE,1988,,1161757671.017563,5.633798306697628
LIE,1989,,1119983801.2133808,4.491985302483911
LIE,1990,,1421509216.3742354,2.2528709955028177
LIE,1991,,1484160302.149524,1.8011700585398103
LIE,1992,,1631177029.4506257,3.6082938438715644
LIE,1993,,1673085244.6878996,4.332101205610741
LIE,1994,,1948129622.7513213,6.866144132197618
LIE,1995,,2428525060.6992655,5.875550400174802
LIE,1996,,2504012993.4223833,6.905301799736364
LIE,1997,,2298389802.888832,7.225134854568751
LIE,1998,,2479699106.022639,7.761262836946912
LIE,1999,,2664105901.188626,10.410923201023621
LIE,2000,,2483889858.323124,3.2201930823960936
LIE,2001,,2491800558.7767353,-0.7330924552979923
LIE,2002,,2688618747.381476,-0.9939199471592985
LIE,2003,,3070803051.4216375,-1.937565341250135
LIE,2004,,3454373797.744424,3.039172103065013
LIE,2005,,3659319116.880572,4.828076777435243
LIE,2006,,4000102086.1463513,8.64496857267281
LIE,2007,,4601429897.214683,3.3259635093690036
LIE,2008,,5081479840.087157,1.7980884783641073
LIE,2009,,4504375348.070381,-1.1574829197563616
LIE,2010,,5082337238.447185,
LIE,2011,,5739706004.896165,
LIE,2012,,5456102482.286143,
LIE,2013,,6391708310.677266,
LIE,2014,,6657526979.7227745,
LIE,2015,,6268515276.174405,
LIE,2016,,6237302033.50132,
LIE,2017,,6474308717.852892,
LIE,2018,,6692620691.841458,
LIE,2019,,6436467007.119318,
LIE,2020,,6405870210.32293,
LIE,2021,,7912602342.188946,
LIE,2022,,7426856242.773598,
LIE,2023,,8239379403.22096,
LIE,2024,,8905764270.4054,
LIE,2025,,,
LKA,1960,-1.544676806092006,1409873949.579832,
LKA,1961,1.134443639799902,1444327731.092437,
LKA,1962,1.503579952515488,1434156378.600823,3.8180195580843588
LKA,1963,2.272905399962137,1240672268.907563,2.516748594330707
LKA,1964,3.195647176045921,1309747899.159664,3.906433836785922
LKA,1965,0.2227833062540214,1698319327.7310925,2.536953535715398
LKA,1966,-0.1556016599738456,1751470588.235294,5.023789438318801
LKA,1967,2.18923933203517,1859465020.5761316,6.439024420387867
LKA,1968,5.860566448985793,1801344537.815126,5.801094166335091
LKA,1969,7.456952733725756,1965546218.4873948,7.716819661886859
LKA,1970,5.866956077659675,2296470588.235294,3.8466298566383728
LKA,1971,2.665380208599909,2369308600.3372684,1.3069053965188573
LKA,1972,6.349486050136126,2553936348.4087105,-0.4104799110580757
LKA,1973,9.626643101711219,2875625000.0,7.057398934677693
LKA,1974,12.30288679524724,3574586466.1654134,3.8458308363343434
LKA,1975,6.625992553209791,3791298145.5064197,6.126233160722009
LKA,1976,1.329518680582303,3591319857.3127227,3.335106691799922
LKA,1977,1.224879588028451,4104509582.8635855,5.100590263884854
LKA,1978,12.141597276466,2733183856.502242,5.6538368577676295
LKA,1979,10.73192143087304,3364611432.24149,6.40355692592513
LKA,1980,26.14541010144653,4024621899.576527,5.846026516171435
LKA,1981,17.96899549601008,4415844155.844156,5.6995247666145445
LKA,1982,10.82574916756872,4768765016.818837,4.141495702293767
LKA,1983,13.96438800650006,5167913302.167445,4.813990969564543
LKA,1984,16.63825374792168,6043474842.767295,5.099146557899317
LKA,1985,1.481180122354293,5978460972.0176735,4.999406368725886
LKA,1986,7.976361935706267,6405210563.882941,4.355546916570091
LKA,1987,7.717165605592695,6682167119.565217,1.725610692912369
LKA,1988,13.99154890020755,6978371581.263754,2.4726850376979996
LKA,1989,11.56753608905581,6987267683.772539,2.2993014119864483
LKA,1990,21.49525205275902,8032551173.240139,6.399995310848382
LKA,1991,12.18563072143894,9000362581.580856,4.5999872440453515
LKA,1992,11.38343705122058,9703011635.865847,4.399991251819387
LKA,1993,11.74673701749463,10338679635.76159,6.900063251494743
LKA,1994,8.448712486983476,11717604208.822338,5.599918725101659
LKA,1995,7.674848734498049,13029697560.975609,5.5000852341585045
LKA,1996,15.9358310447214,13897738375.248777,3.7999672056817815
LKA,1997,9.57369626405162,15091913883.709103,6.405399695712859
LKA,1998,9.364243006832295,15760736956.185167,4.698423047720524
LKA,1999,4.691705630484379,15711933513.283136,4.300540498133728
LKA,2000,6.17627591012045,16595882818.685669,6.000033158289341
LKA,2001,14.15845579912002,15749753804.834377,-1.5454081336602599
LKA,2002,9.551031670072515,16536535647.083422,3.9646756851311267
LKA,2003,6.314637870511745,18881765437.215084,5.940269078022297
LKA,2004,7.575925829958563,20662525941.29855,5.445061278853515
LKA,2005,11.63968609711183,24405791044.77612,6.241748043764474
LKA,2006,10.02018360570346,28267410542.516354,7.668291901079186
LKA,2007,15.84211149248431,32350238760.423862,6.796826118928664
LKA,2008,22.5644955300126,40713826215.009254,5.95008814473897
LKA,2009,3.464963221060742,42066224093.00646,3.5389120531784215
LKA,2010,6.217648893046201,58636049581.1712,8.015967370404638
LKA,2011,6.7167684358854,67753285882.29904,8.669483011605706
LKA,2012,7.54291373239437,70447216891.33658,8.632181376990602
LKA,2013,6.908450348284521,76976204074.97798,4.051746330387502
LKA,2014,3.179002282360595,82531125461.84305,6.377978896849655
LKA,2015,3.768367830620964,85090300895.65456,4.205955475016012
LKA,2016,3.958888465930697,88000210878.12357,5.053624889930887
LKA,2017,7.704137678506017,94369350439.47319,6.460681270809943
LKA,2018,2.135037737132004,94450015982.806,2.3100842550493326
LKA,2019,3.528393582318115,88998706177.99861,-0.22048388682482312
LKA,2020,6.153945083917376,84335574372.2997,-4.6245150371271535
LKA,2021,7.014780712381947,88556699052.20078,4.207476495002595
LKA,2022,49.72110211143274,74143020303.66304,-7.349193111466562
LKA,2023,16.54117422798318,84080307355.59831,-2.0289296690343974
LKA,2024,-0.4293600490697301,99616111265.76328,4.992416143981089
LKA,2025,-4.763860369609826,108825231671.19627,4.953433911404304
LMC,1960,,82091036334.33089,
LMC,1961,,87281923943.36154,3.0802083845965313
LMC,1962,,92962309678.8785,4.10182542719501
LMC,1963,,103033336844.77847,5.895076890203626
LMC,1964,,113305829161.30278,7.279202685944625
LMC,1965,,120563082140.76024,1.972063904318432
LMC,1966,,109616403958.73431,1.0825488820814968
LMC,1967,,116883427975.1616,1.3380089413770122
LMC,1968,,124103898394.68646,4.070964000141643
LMC,1969,,136431979805.93105,7.528830865476266
LMC,1970,,151133564601.21194,7.632439131613111
LMC,1971,,157946586918.02667,4.498420701745999
LMC,1972,,168481174863.68243,1.3794844764605898
LMC,1973,,198132006756.73175,4.352242955172443
LMC,1974,,248792481325.52057,4.798856834380658
LMC,1975,,271655779959.8923,3.23767236986356
LMC,1976,,288262291911.14856,5.361460545633534
LMC,1977,,324145158120.78754,5.720838295224851
LMC,1978,,364973791824.79083,3.4031937420966614
LMC,1979,,424034157392.37213,0.7918580707409575
LMC,1980,,518922713994.1734,4.374819809431997
LMC,1981,11.741483513821265,642655083275.5436,1.3791038177936201
LMC,1982,10.667614319569745,637202485077.8864,2.0070431869309857
LMC,1983,11.4826535601296,608663311202.9354,1.3876258526734517
LMC,1984,8.900000000000098,577996198952.3716,3.806436799907374
LMC,1985,7.728638900859202,618889256655.4287,4.807053355843578
LMC,1986,8.73163995704628,607225816089.8047,4.02953909258521
LMC,1987,8.80112581251833,635235669016.7258,3.675657050470633
LMC,1988,8.91047020013381,675495156590.8171,6.904422807301572
LMC,1989,8.779837188980407,660255069033.8295,2.3688874728267706
LMC,1990,8.971232502732555,721910019834.08,5.389709856353846
LMC,1991,13.22426577265066,689678234468.6438,2.6340655276176506
LMC,1992,10.098967153517581,717599213403.0208,3.7467881609210423
LMC,1993,9.168662333219851,719285658478.1167,1.8141780376745373
LMC,1994,13.76932488043589,794411575675.1011,3.4147255122898343
LMC,1995,11.293201527431584,953925113710.0857,4.950681838224554
LMC,1996,9.220466623769859,1071405880808.5599,6.067374208709509
LMC,1997,7.164252114627213,1139706610045.2373,3.890696233990255
LMC,1998,8.40223795613228,1188551537539.2722,4.669955194685144
LMC,1999,5.204894827231376,1087669057162.8888,5.042504570993714
LMC,2000,4.266034467909815,1168026472636.3557,4.004560526004553
LMC,2001,4.419772458811458,1189234070721.226,4.397630841878538
LMC,2002,3.750174657784661,1218227151795.6414,3.8932280016915826
LMC,2003,5.302387732199364,1371240293091.2756,5.428922228538923
LMC,2004,4.437380801017246,1601536204477.4412,7.521762864215489
LMC,2005,5.378875963615025,1857675291024.6772,6.8954215581263725
LMC,2006,5.941702150992999,2188218204062.239,7.183761426587367
LMC,2007,6.936214708957858,2690340761555.4536,6.960949604909047
LMC,2008,10.76141823268266,3006800915389.117,4.536636518401011
LMC,2009,4.415003747952232,3146680477433.4307,5.976824551765333
LMC,2010,4.851130888593112,3765319017000.0996,6.562051401347333
LMC,2011,6.4293968107234,4069210235189.7554,4.676899633181208
LMC,2012,6.051436621399669,4311221048677.6846,5.041781890624037
LMC,2013,5.600925022904008,4407901770081.6,5.529925852024988
LMC,2014,5.370289610085872,4703810033139.3125,5.788699448974938
LMC,2015,3.997379966943965,4583309433434.87,5.5405193838455205
LMC,2016,3.623214317641381,4746990113057.583,5.003005291298223
LMC,2017,3.850671662847271,5150492310089.598,4.80938629568179
LMC,2018,4.291591053378753,5340385058603.992,4.904314501738966
LMC,2019,3.582135444692111,5765837056238.6,3.4033762049219973
LMC,2020,4.978096762523092,5514802410559.204,-4.219033961997127
LMC,2021,4.480879634134455,6296557254947.163,6.798963570943982
LMC,2022,7.967573616179453,6650563380806.731,6.2787603887914685
LMC,2023,7.527105091551929,6657563548498.265,5.290822967448847
LMC,2024,4.654917476614555,6844419877130.647,5.379527199789891
LMC,2025,3.546301631428851,7308505375623.13,5.961818004122165
LMY,1960,,275665121888.335,
LMY,1961,,279630505583.7994,1.0318430648994905
LMY,1962,,284777640396.7363,3.6913135350926183
LMY,1963,,315523066619.02435,4.779484335454455
LMY,1964,,350573998976.76105,7.924052542587617
LMY,1965,,386378424083.33923,6.027471267031288
LMY,1966,,400984771947.3182,4.853994439640161
LMY,1967,,411947863637.3428,3.18932173150084
LMY,1968,,436993884411.54285,6.11376355413104
LMY,1969,,487771957384.3026,8.010895664014043
LMY,1970,,532671427135.4815,7.9430606300302316
LMY,1971,,573388737739.6624,6.077433614593275
LMY,1972,,643291231934.8505,6.048997093836192
LMY,1973,,818869246635.7198,6.860930588381422
LMY,1974,,1046587235415.7667,5.953961537855079
LMY,1975,,1155657258424.0012,4.23522405595395
LMY,1976,,1245470476929.7874,6.252719572889404
LMY,1977,,1399395532730.2207,4.589218447435002
LMY,1978,,1552563815826.867,3.643673209606561
LMY,1979,,1802470051829.402,4.506611262178325
LMY,1980,,2131073559224.5698,4.568551049099739
LMY,1981,12.73971811450912,2386286975932.3086,1.881981694675659
LMY,1982,10.82574916756872,2355578947615.562,2.8706061244728005
LMY,1983,10.60520361990956,2285518085288.5513,1.4467147542714969
LMY,1984,10.070359583738464,2337208338309.3506,4.655606388935965
LMY,1985,8.799437766395437,2427929398268.3604,4.402395628697221
LMY,1986,8.73163995704628,2476732622742.321,3.719392674016177
LMY,1987,8.152342538008714,2541527062168.521,4.667061066430904
LMY,1988,8.983003382089894,2720912074684.17,4.147581000284049
LMY,1989,8.846886912325523,2895004151541.651,2.817837281001516
LMY,1990,10.0118383223406,3318762167936.0996,3.1687708422283123
LMY,1991,12.230401832664105,3236623796985.2637,2.9471244885775008
LMY,1992,10.04591799840882,3396912933459.9614,4.262562772445946
LMY,1993,10.00836120401402,3668066247500.341,4.965213916589192
LMY,1994,21.147770860727245,4101804124809.3413,5.0718554674517975
LMY,1995,11.12870297070885,4763797923692.985,4.613612000169411
LMY,1996,8.920619877019874,5273504290076.194,6.195339939634309
LMY,1997,7.087311770772175,5609087530584.238,5.680152279894514
LMY,1998,6.845669224172721,5514938515915.038,3.2914038832978036
LMY,1999,4.669820380375897,5319459832732.673,3.597913795790703
LMY,2000,4.0380414122646915,5796667553560.289,5.553291591366531
LMY,2001,5.007432908223731,5812896698083.061,3.6708505744682753
LMY,2002,4.209469502967174,5897424611643.268,4.684601835199587
LMY,2003,5.12899499422419,6582329229105.782,5.805672589023317
LMY,2004,4.474992890781065,7738117921917.972,7.766113150735649
LMY,2005,6.421296482198854,9153616469906.549,7.3947053352083
LMY,2006,5.941702150992999,10792069669288.701,8.237576619116197
LMY,2007,6.214399989014705,13261896828487.014,8.845701289107708
LMY,2008,10.328852358812586,15800077993602.69,5.946151346954352
LMY,2009,4.21903052064628,15860983059370.445,3.972947507203827
LMY,2010,4.277070529151219,19281238913053.887,8.103565880018351
LMY,2011,6.242438480313961,22556775919423.332,6.341254543426871
LMY,2012,5.018503530456163,24026419350635.812,5.499174646532936
LMY,2013,4.765024047791418,25380075062402.938,5.617342351647508
LMY,2014,3.589220166166633,26519136607008.207,5.137975920713018
LMY,2015,3.1937715520338,25659752659960.11,4.652566342043855
LMY,2016,3.1048507743145057,25917599955464.906,4.648279281863694
LMY,2017,3.666997026759247,28319199325292.953,5.263864535535063
LMY,2018,3.240569329305694,30124203119691.234,4.9216461526514195
LMY,2019,2.76252019386111,31024374981412.152,4.091309867303124
LMY,2020,3.022721196637592,30018039872473.61,-1.1506706425684143
LMY,2021,4.259364175428684,35394243111591.42,7.3703395873309745
LMY,2022,8.81109209279587,37082867531465.35,4.008037761527248
LMY,2023,6.1562385256020296,38155314219988.04,4.652121323519836
LMY,2024,3.835402717285325,39490940514619.87,4.424398903112859
LMY,2025,3.545552148908928,41478597585191.805,4.532800759883244
LSO,1960,,34579986.16800553,
LSO,1961,,35699985.72000571,1.864795158452722
LSO,1962,,41859983.256006695,15.331814336688993
LSO,1963,,47039981.184007525,10.615069959420012
LSO,1964,,51939979.224008314,8.251118160122232
LSO,1965,,54879978.048008785,2.1541055515074277
LSO,1966,,56699977.320009075,-0.40552138425326234
LSO,1967,,59261976.29520948,10.912061528148143
LSO,1968,,61445975.421609834,-0.3671200357976687
LSO,1969,,65967973.61281056,1.5475366833886568
LSO,1970,,68739972.504011,2.177071167642282
LSO,1971,,76480285.00441125,5.113717699895972
LSO,1972,,80913200.42928225,-0.20270835028026113
LSO,1973,,121188715.75986478,26.404881076909618
LSO,1974,13.42283451659238,150851316.52727023,10.980088949221269
LSO,1975,14.21193968194262,149558895.91458103,-13.513497552962917
LSO,1976,11.41255199841357,147660036.91500923,11.049129157617514
LSO,1977,16.68831168855524,193315048.32876208,21.809034974294946
LSO,1978,13.48357901184893,266570066.64251664,18.3168748732824
LSO,1979,16.00355239774775,290134592.5230071,2.893918779293216
LSO,1980,16.27484161825332,431542536.663782,-2.7447792314239763
LSO,1981,12.41326137239799,434188034.18803424,0.6946381319164345
LSO,1982,12.13991769547337,348741683.67384535,4.457203894805588
LSO,1983,17.49235474006143,386699308.8591688,1.9861653634151395
LSO,1984,10.98386257157737,333163670.28022534,5.534897821396825
LSO,1985,13.32082551594709,268629925.8528049,2.6102493308543018
LSO,1986,18.00496688741723,318858422.9892623,4.684856026193259
LSO,1987,11.75026306559101,402768324.48197055,0.7297282317236551
LSO,1988,11.45637162586322,470395800.6006682,8.60191907664445
LSO,1989,14.72824556462966,495409232.6275786,5.795244404112793
LSO,1990,11.63475699558184,596410263.7438493,6.045473329789331
LSO,1991,17.67810026385227,704325366.7183932,6.966607296036713
LSO,1992,17.20852017937208,831029861.7047461,6.956364954002538
LSO,1993,13.13566076837237,835582062.4761685,3.5097661576011063
LSO,1994,8.214738621953021,878250945.2804694,5.979873535363865
LSO,1995,9.27083333333323,1001894000.2784605,3.290938122728221
LSO,1996,9.33031458531928,946112492.844847,5.59703605867827
LSO,1997,,998004258.7156752,3.7036034360743173
LSO,1998,,928460893.1089647,1.5376558943374334
LSO,1999,,912773681.0506419,0.4760250522011944
LSO,2000,6.131975387226955,887291687.9207957,3.875546775766935
LSO,2001,-9.61615353858472,825706961.2386893,3.5615818339209255
LSO,2002,33.81257833812596,775777238.5581402,0.7238360671671273
LSO,2003,6.62916357146762,1157825434.789707,4.559777163845283
LSO,2004,5.023420686162853,1511236655.5204656,1.6923741735859608
LSO,2005,3.437884230574427,1682343527.492213,3.4661222275531145
LSO,2006,6.072718797342934,1800092563.754615,4.230095228052093
LSO,2007,8.01243669043409,1682131784.5136483,4.187914099571515
LSO,2008,10.71566613096811,1766902709.1993523,5.523419669786463
LSO,2009,-16.85969105406442,1740894964.8051126,-1.2537577992083158
LSO,2010,-2.405242545987059,2234754241.919178,5.269670780562862
LSO,2011,5.0366305210156,2579409619.967217,4.616413945287519
LSO,2012,6.051436621399669,2477702216.268875,6.334083746794477
LSO,2013,4.865118994963848,2367112931.642001,1.7925255557554465
LSO,2014,5.370289610085872,2441063054.057919,1.710549905454755
LSO,2015,3.218445136559305,2359686724.538286,3.1240667804454603
LSO,2016,6.596504906965434,2114426452.201897,3.6089073168771364
LSO,2017,4.447699373763005,2306741672.290062,-3.1381749373347105
LSO,2018,4.751803016247396,2556247291.9978547,-1.480633158482405
LSO,2019,5.187083591979818,2390702295.827774,-1.4179938308520548
LSO,2020,4.978096762523092,2053699863.99625,-8.155957854599109
LSO,2021,6.047745919506756,2412130056.55851,2.2667096183329107
LSO,2022,8.27180389943028,2354980960.0269704,2.3877802018628387
LSO,2023,6.342217431249531,2129871529.5251703,1.6943317760877363
LSO,2024,6.105446242450317,2391282547.8002806,5.225033803361015
LSO,2025,4.270111407066659,2573572920.051592,1.9825608077099588
LTE,1960,,184294886448.60687,
LTE,1961,,171286579087.88022,-3.710657842770388
LTE,1962,,174507835771.83606,2.980704244636385
LTE,1963,,190382415793.4685,4.1398711578100915
LTE,1964,,208790894358.56055,7.190428657453253
LTE,1965,,234000915408.2376,6.666067432612536
LTE,1966,,260611283477.10202,7.702630567501174
LTE,1967,,261880031221.68427,1.764947464835302
LTE,1968,,266423905717.06784,5.1796940065213875
LTE,1969,,296986727176.4217,9.97466872528257
LTE,1970,,337704358864.22095,10.836917966878417
LTE,1971,,375663885260.3095,8.504083734795188
LTE,1972,,432365705131.463,7.882562352782372
LTE,1973,,561672452845.8269,9.816512548124479
LTE,1974,,674819278348.7279,4.957010351216297
LTE,1975,,745000834232.7114,4.3453758796401445
LTE,1976,,803381423551.9945,6.604443393143654
LTE,1977,,932142562981.7828,6.324756304239159
LTE,1978,,970199594302.1029,6.664722644972954
LTE,1979,,1155091583497.4448,7.762340795704077
LTE,1980,,1324653906602.482,7.2897739205478445
LTE,1981,,1388436785996.8745,0.14123772601730877
LTE,1982,,1400566692080.5645,1.9294181150287812
LTE,1983,,1296602824765.2986,1.7630511479606525
LTE,1984,,1353552937487.654,7.815736389563625
LTE,1985,,1462860849916.1038,7.236008125417314
LTE,1986,,1554685600496.7585,5.793374630996979
LTE,1987,5.756464011181358,1641649701709.007,6.453602999985208
LTE,1988,7.196969696969551,1791259970340.5774,5.1358027983165755
LTE,1989,6.189354033823545,1909761780618.1284,4.729615248581382
LTE,1990,7.606099577438916,1969512751971.0361,0.24078303219835107
LTE,1991,6.9048963274275525,1979786087178.2163,0.51228496959979
LTE,1992,5.824345146379064,2019093016960.1738,0.826749233012336
LTE,1993,10.676537184070796,2102175787620.4568,4.342096270490785
LTE,1994,11.44311964449727,2440367682872.8994,4.467569303904057
LTE,1995,8.012924439526644,3023905067447.713,5.684954909284883
LTE,1996,7.226914895324057,3335133915921.74,5.114805732928616
LTE,1997,5.879831057435167,3493738971286.2446,5.654599147798152
LTE,1998,5.441525540199834,3367800746254.923,2.877454613575651
LTE,1999,3.3880075420400972,3112522628017.7954,4.664873974157089
LTE,2000,4.102809830423256,3418913200754.598,7.025109023001107
LTE,2001,4.64604442058634,3536187082458.801,5.199019092349857
LTE,2002,2.801155051807451,3750348820903.1475,6.049361022716255
LTE,2003,3.234648172939252,4273780094502.457,6.878231905867452
LTE,2004,3.857303913673989,5137669562692.032,8.20688513231677
LTE,2005,4.142975836310232,6197282356458.658,7.794350163268149
LTE,2006,4.3655220300907,7482372535432.286,9.296159416641459
LTE,2007,5.43875883876556,9435731160311.877,10.208606567818748
LTE,2008,8.95598705177784,11746008266260.537,6.959688156944566
LTE,2009,3.041668276984839,11368249341334.758,3.745996988495847
LTE,2010,3.2977796133984647,13681203944217.635,8.014087525789222
LTE,2011,4.370735599392231,16665376053801.373,7.168956296798697
LTE,2012,3.316055666876466,17836299691343.414,5.885688576872084
LTE,2013,2.682296840850394,19233517996185.84,5.629732238929108
LTE,2014,2.044614815393424,19998109363135.11,5.2799304769230275
LTE,2015,1.557907113462602,18797219516598.617,4.709543611827428
LTE,2016,1.109208058070266,18841938118214.27,4.449824152892674
LTE,2017,2.177275726892624,20889290528064.074,5.262248299881293
LTE,2018,2.4744634711842997,22907807978183.156,5.441161053762244
LTE,2019,2.169934338563777,23366922633045.48,4.747233568571588
LTE,2020,1.936941266942229,22869846935930.574,0.23540936102219234
LTE,2021,3.495057573994483,27284909409699.125,7.5939665518500306
LTE,2022,9.104379830754368,28553586772075.797,3.2897524110319694
LTE,2023,5.869103598961191,28909440099232.973,4.432538676756437
LTE,2024,2.903795014247775,29983452735874.953,4.525538730184067
LTE,2025,3.745773167519452,31873985161936.832,4.453323556825637
LTU,1960,,,
LTU,1961,,,
LTU,1962,,,
LTU,1963,,,
LTU,1964,,,
LTU,1965,,,
LTU,1966,,,
LTU,1967,,,
LTU,1968,,,
LTU,1969,,,
LTU,1970,,,
LTU,1971,,,
LTU,1972,,,
LTU,1973,,,
LTU,1974,,,
LTU,1975,,,
LTU,1976,,,
LTU,1977,,,
LTU,1978,,,
LTU,1979,,,
LTU,1980,,,
LTU,1981,,,
LTU,1982,,,
LTU,1983,,,
LTU,1984,,,
LTU,1985,,,
LTU,1986,,,
LTU,1987,,,
LTU,1988,,,
LTU,1989,,,
LTU,1990,,,
LTU,1991,,,-5.675664273192496
LTU,1992,1020.620565243536,,-21.258969422803176
LTU,1993,410.4518585613163,,-16.22686230988991
LTU,1994,72.25468161644282,,-9.766053221870848
LTU,1995,39.64762903282894,7921210339.584389,3.290082624268578
LTU,1996,24.62519538645,8430207164.436771,5.026943768473075
LTU,1997,8.88104848465892,10168271903.323261,8.30063037348748
LTU,1998,5.067553858419683,11289161847.216227,7.462937149372323
LTU,1999,0.7275506265574238,11022095813.552006,-1.0970081802099259
LTU,2000,0.9816154788575978,11550695727.23349,3.418622065716363
LTU,2001,1.367120308178191,12260761329.305136,6.48412665187908
LTU,2002,0.2815066103455753,14282292664.600357,6.719839451036265
LTU,2003,-1.134308549902469,18809197969.543148,10.551895962957374
LTU,2004,1.164102521046706,22743164431.197216,6.502035360755556
LTU,2005,2.658484840652617,26105207115.31285,7.731446757749197
LTU,2006,3.739120040606639,30116192746.894215,7.395481224686293
LTU,2007,5.737173827998425,39729151614.66885,11.077928257867313
LTU,2008,10.9258856241655,47831254207.522316,2.5994615460560198
LTU,2009,4.453044565185352,37494380038.92132,-14.838611789484759
LTU,2010,1.319213620554631,36638128534.06432,0.42719956655076885
LTU,2011,4.130275626450852,43186501862.790695,6.323636648212982
LTU,2012,3.089982770554172,42709372066.862656,4.382905843551569
LTU,2013,1.04747937065344,46303660422.043365,4.0469131857532545
LTU,2014,0.1037580094337085,48306546656.92814,3.772543795809895
LTU,2015,-0.8840974055005959,41540954817.20389,2.8328064334323386
LTU,2016,0.905525075460342,42970749245.03357,2.671922150533291
LTU,2017,3.722888623037074,47756764508.44596,4.612243103128094
LTU,2018,2.697927792083936,54261795148.53722,4.918367801068115
LTU,2019,2.334509379880265,55122066225.79599,4.677351835304506
LTU,2020,1.199894449835687,57412038533.27175,0.04281583369814257
LTU,2021,4.683544209034531,67072165721.24311,6.394817729302062
LTU,2022,19.70504615183939,70639687325.63257,2.465320131550115
LTU,2023,9.117319623904748,80356613554.56024,0.7395373981858029
LTU,2024,0.7157358352287232,85503938573.56639,3.030195437675957
LTU,2025,3.791705108604669,95210150818.35124,2.920076564616963
LUX,1960,0.4496202963898567,709941874.0443548,
LUX,1961,0.4824335906308787,710163719.4069166,3.8299813840933155
LUX,1962,0.8959466473397211,747846862.2096734,1.3586762894861835
LUX,1963,2.876322462126801,797902154.2381222,3.4391119859499213
LUX,1964,3.096381512457355,910877686.2685845,7.86582544744337
LUX,1965,3.333679329293419,929477284.7880019,-0.7349297530003298
LUX,1966,3.331679772545731,976717015.4614539,1.1058994151423605
LUX,1967,2.16615698739844,983052314.9302673,0.21673053971342426
LUX,1968,2.625429089631581,1075561622.813214,4.183877234585282
LUX,1969,2.294434370471645,1245432991.3427086,9.972856777560835
LUX,1970,4.639353443899431,1457768455.0221863,1.7599359135110433
LUX,1971,4.672214980414015,1518773421.3784564,2.667233510698466
LUX,1972,5.225680505555435,1901697369.626982,6.598198295640103
LUX,1973,6.068098359102071,2609875802.1113644,8.31267077441045
LUX,1974,9.540655416605851,3183637116.818558,4.212473613310763
LUX,1975,10.71767113391974,3123333333.3333335,-6.571370803628142
LUX,1976,9.79734643716296,3423586206.896552,2.5343305778774834
LUX,1977,6.705494114506601,3789321328.0810356,1.569771970004453
LUX,1978,3.094660774246455,4718539771.999488,4.074975350707859
LUX,1979,4.546527790421756,5516982663.731425,2.345610088055807
LUX,1980,6.299900062445948,6019805490.412471,0.8408817696239765
LUX,1981,8.072943759345852,5053665797.479357,-0.5509533060903351
LUX,1982,9.357050994273951,4602316793.219142,1.1312963311007422
LUX,1983,8.669271598085132,4524217751.47929,2.989082186767675
LUX,1984,6.435857807869895,4438435492.879085,6.186939473967442
LUX,1985,4.09358778530096,4577211767.103744,2.7917015131835115
LUX,1986,0.2945634085454188,6685595087.59256,9.983938611155097
LUX,1987,-0.05666290938912112,8320902215.0189085,3.95097758570968
LUX,1988,1.436590566349043,9418167855.183764,8.463282427224456
LUX,1989,3.370958872904394,10037674037.674038,9.798061591750141
LUX,1990,3.253766590836444,12778792853.693867,5.319930033336746
LUX,1991,3.118356598748538,13834219728.29297,8.644191047348443
LUX,1992,3.154173759617891,15518702634.880802,1.8196548050937622
LUX,1993,3.588098185351685,15925521222.014925,4.2006457100375485
LUX,1994,2.194764686890657,17701798890.76441,3.820921433730007
LUX,1995,1.867694249691078,20853093869.7318,1.4322002427296354
LUX,1996,1.183859688435734,20895314657.980457,1.3980763024125338
LUX,1997,1.367512612079319,19563836265.223274,5.4197264615108764
LUX,1998,0.958570110494753,20150055567.903976,6.674195037754018
LUX,1999,1.025196764749257,21899317598.841362,8.176137770632437
LUX,2000,3.150767070225959,21230200537.942005,6.938095046920736
LUX,2001,2.663821105791014,21387550720.193726,3.0742752021033652
LUX,2002,2.074086135716425,23649832386.59181,3.225288469983539
LUX,2003,2.049840305635157,29667268248.130527,2.6192502126753965
LUX,2004,2.225679164288937,35064843792.89932,4.230678921924877
LUX,2005,2.487696651640809,37672311222.73617,2.482504993718294
LUX,2006,2.666314945770769,42910153829.657585,6.016627396779043
LUX,2007,2.312458617861261,51587401415.787224,8.098520980698169
LUX,2008,3.401879630255698,58844277701.525764,-0.3022729833067075
LUX,2009,0.3680419978888667,54467289897.55817,-3.238952688393084
LUX,2010,2.273679116215423,56213985987.41678,3.7604057865892457
LUX,2011,3.4106834106835,61696281326.245255,1.0442860057217018
LUX,2012,2.662841655080113,59776383527.36017,1.649711343546855
LUX,2013,1.734039635191622,65203276466.976265,3.171685137809547
LUX,2014,0.6285439854407165,68804814554.64603,2.6230883809754175
LUX,2015,0.4747431614378708,60071584216.13747,2.2683657273510676
LUX,2016,0.2908333333332254,62216885435.94879,4.978190471226384
LUX,2017,1.730799591188963,65712180342.98364,1.3171194229840495
LUX,2018,1.528195243073704,71085623495.11446,1.61129891211624
LUX,2019,1.743320756538483,69872035113.64694,2.749320919206923
LUX,2020,0.8199573021270355,73670782100.39087,-0.5100516340398258
LUX,2021,2.52692009066166,86386759695.16528,6.92973270801744
LUX,2022,6.336008077779189,80801680397.01393,-1.0974125629381888
LUX,2023,3.741403619831355,88788881539.39372,0.09943705940391112
LUX,2024,2.051132699548591,93279851863.40623,0.3586140039822254
LUX,2025,2.257238178717258,101157829491.10692,0.6378781881833504
LVA,1960,,,
LVA,1961,,,
LVA,1962,,,
LVA,1963,,,
LVA,1964,,,
LVA,1965,,,
LVA,1966,,,
LVA,1967,,,
LVA,1968,,,
LVA,1969,,,
LVA,1970,,,
LVA,1971,,,
LVA,1972,,,
LVA,1973,,,
LVA,1974,,,
LVA,1975,,,
LVA,1976,,,
LVA,1977,,,
LVA,1978,,,
LVA,1979,,,
LVA,1980,,,
LVA,1981,,,
LVA,1982,,,
LVA,1983,,,
LVA,1984,,,
LVA,1985,,,
LVA,1986,,,
LVA,1987,,,
LVA,1988,,,
LVA,1989,,,
LVA,1990,,,
LVA,1991,,,-12.595222230989094
LVA,1992,951.6961948708012,,-32.11857031068632
LVA,1993,108.9895406243227,,-4.982978701152007
LVA,1994,35.92470539296433,,2.189908582353354
LVA,1995,24.97593553167493,5608208784.940103,-0.9447628655647122
LVA,1996,17.61046984310327,5799465288.412456,2.2999610380246622
LVA,1997,8.447383420929608,6349481006.532784,9.171476340720844
LVA,1998,4.644214226607828,6974112951.268914,6.550002647562664
LVA,1999,2.364818361118051,7324192889.742973,2.818404559449931
LVA,2000,2.654254777960478,7761252607.184241,5.841026423539589
LVA,2001,2.487040035554637,8190888739.646296,6.460578267272865
LVA,2002,1.938875738558863,9249030241.018644,7.665487785869914
LVA,2003,2.94264752948478,11244337719.837658,8.42913257059108
LVA,2004,6.192385471974291,13827070378.561207,8.725143417279284
LVA,2005,6.748450278931244,16306935905.413815,11.615317855745701
LVA,2006,6.536199087658719,20434922247.303738,12.825017846905013
LVA,2007,10.09297758491685,29420499247.70893,10.4145372792714
LVA,2008,15.40231910649862,34135200994.00672,-3.3887166584995754
LVA,2009,3.534106728589345,25691530442.035027,-16.04001953130421
LVA,2010,-1.084635950151549,23468324572.33428,-3.661258595547622
LVA,2011,4.370735599392231,26575547900.824738,3.0363448266881505
LVA,2012,2.257789243745852,27116149948.668335,7.3052405720089695
LVA,2013,-0.02945477825782795,29152128167.84381,2.096090281562482
LVA,2014,0.6204906367324212,30277203767.405777,2.0949597710558976
LVA,2015,0.1742422436251855,26344565876.89022,3.783367120849718
LVA,2016,0.1406333345053265,27117105059.507458,2.5516860197403446
LVA,2017,2.930363123746655,29391059767.425934,3.398948726239311
LVA,2018,2.534454241865981,33247935477.357624,4.309712862945034
LVA,2019,2.81140920075624,33099503950.847004,0.6753727718842271
LVA,2020,0.2190649048419849,33379927434.61488,-3.4692275078055417
LVA,2021,3.275829374311651,38183326784.933495,6.942541730625919
LVA,2022,17.31028301988148,38003198508.91065,1.9085341902980133
LVA,2023,8.9380462331663,42779550936.83801,-0.9416060688236314
LVA,2024,1.265798858287287,44001275012.61405,-0.037055664828898216
LVA,2025,3.745773167519452,48618869160.325424,2.137868557312885
MAC,1960,,,
MAC,1961,,,
MAC,1962,,,
MAC,1963,,,
MAC,1964,,,
MAC,1965,,,
MAC,1966,,,
MAC,1967,,,
MAC,1968,,,
MAC,1969,,,
MAC,1970,,,
MAC,1971,,,
MAC,1972,,,
MAC,1973,,,
MAC,1974,,,
MAC,1975,,,
MAC,1976,,,
MAC,1977,,,
MAC,1978,,,
MAC,1979,,,
MAC,1980,,,
MAC,1981,,,
MAC,1982,,1142497718.7791579,
MAC,1983,,1133013235.1004472,10.02357607963475
MAC,1984,,1304361353.2702372,8.459039812248093
MAC,1985,,1362072159.945152,0.7322618580948728
MAC,1986,,1532105070.1858118,6.6949970424333
MAC,1987,,1957724829.3592057,14.293217396378921
MAC,1988,,2288761822.5125713,7.810824610671446
MAC,1989,8.77094554159181,2705665492.01675,5.024923335582955
MAC,1990,7.969693843632214,3246481233.243968,7.979436997621264
MAC,1991,9.568877659348404,3765249711.0909824,3.6593896493041456
MAC,1992,7.713921683566107,4914365189.049843,13.298954535382634
MAC,1993,6.705885527700429,5665606114.80317,5.186238776780144
MAC,1994,6.252068902102717,6311207779.924407,4.253574929853627
MAC,1995,8.558666043084472,7046147736.916709,3.2961242572371248
MAC,1996,4.822486767834873,7176892950.3916445,-0.41986140649646586
MAC,1997,3.49093715138855,7267570892.702111,-0.27898619254776236
MAC,1998,0.172630384568516,6796914861.657196,-4.571103418843947
MAC,1999,-3.20416248186587,6547169929.3655405,-2.35859213250518
MAC,2000,-1.609718839618973,6773944355.150201,5.747145934759374
MAC,2001,-1.984650086416459,6860272608.452106,2.888240106514388
MAC,2002,-2.637516998161977,7371692774.434043,8.904809049025957
MAC,2003,-1.562452036713048,8246479565.942477,11.643355141658688
MAC,2004,0.9807284520394507,10643253553.184044,26.63687423061141
MAC,2005,4.395892843356742,12160056122.375738,8.077949299539782
MAC,2006,5.14997337750692,14874098691.908167,13.392171191935091
MAC,2007,5.571496891439518,18439981612.40859,14.48177281290279
MAC,2008,8.611018586369998,21027018332.66626,3.3925156075204796
MAC,2009,1.169066954537667,21589540350.711517,1.2983794688511239
MAC,2010,2.809472420608431,28244172833.60349,25.103107524695844
MAC,2011,5.806246166910432,36848881944.69388,21.62230643810868
MAC,2012,6.107389283365494,43193350975.686195,9.217474795967348
MAC,2013,5.500577791784842,51559125350.23604,10.781671159029656
MAC,2014,6.048234520940761,54930501310.2956,-2.038742279618191
MAC,2015,4.560563380281725,44940613353.103836,-21.75400787532456
MAC,2016,2.368957497058981,44964868323.75575,-0.7015102125529609
MAC,2017,1.228124040528088,50297028370.66678,9.918558445135133
MAC,2018,3.004462931669528,55076322634.343956,6.359170305676855
MAC,2019,2.751930810519751,55025172016.00402,-2.4609094006738985
MAC,2020,0.8114105114915123,25280064167.733334,-54.40209257893534
MAC,2021,0.02645436470555038,30633941629.363293,22.462202002336213
MAC,2022,1.045028023699535,24929307447.323727,-18.956941494497002
MAC,2023,0.4763844957880754,45626467279.89096,75.30841842934132
MAC,2024,0.6724985988543651,49467258923.32439,7.849602070105249
MAC,2025,0.3333116773085419,52061007670.16904,4.671067056804361
MAF,1960,,,
MAF,1961,,,
MAF,1962,,,
MAF,1963,,,
MAF,1964,,,
MAF,1965,,,
MAF,1966,,,
MAF,1967,,,
MAF,1968,,,
MAF,1969,,,
MAF,1970,,,
MAF,1971,,,
MAF,1972,,,
MAF,1973,,,
MAF,1974,,,
MAF,1975,,,
MAF,1976,,,
MAF,1977,,,
MAF,1978,,,
MAF,1979,,,
MAF,1980,,,
MAF,1981,,,
MAF,1982,,,
MAF,1983,,,
MAF,1984,,,
MAF,1985,,,
MAF,1986,,,
MAF,1987,,,
MAF,1988,,,
MAF,1989,,,
MAF,1990,,,
MAF,1991,,,
MAF,1992,,,
MAF,1993,,,
MAF,1994,,,
MAF,1995,,,
MAF,1996,,,
MAF,1997,,,
MAF,1998,,,
MAF,1999,,,
MAF,2000,,,
MAF,2001,,,
MAF,2002,,,
MAF,2003,,,
MAF,2004,,,
MAF,2005,,,
MAF,2006,,,
MAF,2007,,,
MAF,2008,,,
MAF,2009,,,
MAF,2010,,,
MAF,2011,,775875748.5238317,
MAF,2012,,,
MAF,2013,,,
MAF,2014,,772921958.5295087,
MAF,2015,,,1.0
MAF,2016,,,5.0
MAF,2017,,,-8.000003240382952
MAF,2018,,,-7.999995068982287
MAF,2019,,652206037.1038738,6.500003637008206
MAF,2020,,,-12.500002246730958
MAF,2021,,649206262.8475188,4.899999671335337
MAF,2022,,,
MAF,2023,,,
MAF,2024,,,
MAF,2025,,,
MAR,1960,3.42429906542058,2037154741.9321055,
MAR,1961,1.763124604934522,2025693539.5584223,
MAR,1962,5.096729081381482,2379611124.614415,
MAR,1963,5.699711687452218,2657252578.3076344,
MAR,1964,4.021541474212127,2798345298.577806,
MAR,1965,3.482821220016904,2948331090.467524,
MAR,1966,-1.013579364696397,2876401297.1075926,
MAR,1967,-0.7482769938977154,3046345314.386552,10.028841359366098
MAR,1968,0.4364790690445246,3271422332.6199636,9.891739306740433
MAR,1969,2.949891354392415,3651622668.9510307,8.362165356720183
MAR,1970,1.279181323764763,3956336244.118653,4.713460375155165
MAR,1971,4.155352068353301,4356669034.342655,5.596893659531304
MAR,1972,3.759170557222635,5074117544.774822,2.437237346654669
MAR,1973,4.084614036129725,6242145880.0887575,3.559310832415477
MAR,1974,17.55682274524543,7675466449.355309,5.59604994440339
MAR,1975,7.918289267027409,8984853005.080584,7.558221561138055
MAR,1976,8.502152443493033,9584297284.283165,10.812781344285511
MAR,1977,12.59700099200693,11049783871.814425,6.059167678852901
MAR,1978,9.716032749543404,13236946233.575916,2.232663388618718
MAR,1979,8.331365418154618,15911994817.310715,4.793787204933977
MAR,1980,9.40837947437956,21728516153.09073,3.6421648133407416
MAR,1981,12.49252839210006,17788185478.943974,-1.7434349305055008
MAR,1982,10.52780729729832,17692276734.170986,8.95737202254297
MAR,1983,6.207935388703134,16251408127.57345,1.3865695773584577
MAR,1984,12.44756932918533,14824667954.367361,6.418386321291152
MAR,1985,7.728638900859202,14991283215.740831,6.007652071440333
MAR,1986,8.733559187066746,19462085540.22311,9.271105769486269
MAR,1987,2.698739977137673,21765195948.188976,-0.32500407565046885
MAR,1988,2.369055054876411,25705296183.503674,11.875235978859706
MAR,1989,3.259969492263904,26314313191.182552,2.846202581328413
MAR,1990,6.78259401511006,30179954774.98992,3.4118122263011514
MAR,1991,7.986166007905119,32285573573.918488,7.216088153590846
MAR,1992,5.7402466286874,33711069430.78004,-2.0977387540220036
MAR,1993,5.183113960308015,31655473663.834824,-0.7405917003323736
MAR,1994,5.141671529533615,35604137422.5796,10.588000416128622
MAR,1995,6.123581647755232,39030285468.38408,-5.405447871974019
MAR,1996,2.986809227730167,43161571527.635315,12.372876270049616
MAR,1997,1.038198950516136,39147844526.08376,-1.5607023455078206
MAR,1998,2.753113307644771,46497608724.9865,7.238552676919866
MAR,1999,0.6847826086956428,46266428648.14326,1.6970614772565966
MAR,2000,1.894634567634643,43017455401.844536,2.5821809149974655
MAR,2001,0.6198018752979751,43831480207.64445,7.721825195777285
MAR,2002,2.795619669369363,47077192187.64177,3.730197374857454
MAR,2003,1.167733674775924,58029363354.27568,6.1711021495324445
MAR,2004,1.493444033817744,66114145451.00669,4.571380165162083
MAR,2005,0.9826416600159505,68852658068.66728,3.1922497301583093
MAR,2006,3.284761669548109,75883823300.85452,7.7908200104026974
MAR,2007,2.042085126733442,86947913286.72797,3.441067766904183
MAR,2008,3.714843114940642,101822906949.06343,5.6845393628473175
MAR,2009,0.9718629986676363,101154952240.8807,3.7457694013625797
MAR,2010,0.9935574012263922,100865329473.43983,3.4995570940321556
MAR,2011,0.9069249096918,110080631332.37535,5.52464523319847
MAR,2012,1.287122400792192,106937392311.12907,3.0623436850299726
MAR,2013,1.880654667240859,115739287305.0801,4.122212868609438
MAR,2014,0.4423100535570479,119130841411.66359,2.7192440802028983
MAR,2015,1.557907113462602,110413823841.59187,4.344582976352385
MAR,2016,1.635311143270643,111572947004.91748,0.5211855060896795
MAR,2017,0.7546632493236185,118540573367.84428,5.057898161734457
MAR,2018,1.803916711418959,127341147581.81831,3.0656413302595524
MAR,2019,0.3033860365903833,128920266409.4575,2.890974761370771
MAR,2020,0.7059686613382608,121353645057.14369,-7.178207442467738
MAR,2021,1.401958839620059,142022058447.23093,8.154738898236815
MAR,2022,6.657042027590669,131245312804.48317,1.8126924219480856
MAR,2023,6.091141525041408,146036093666.76212,3.65564411017931
MAR,2024,0.9852565920045069,160610994054.7341,3.79336515978963
MAR,2025,0.7019021548395445,182374250612.27982,4.5952434918224725
MCO,1960,,,
MCO,1961,,,
MCO,1962,,,
MCO,1963,,,
MCO,1964,,,
MCO,1965,,,
MCO,1966,,,
MCO,1967,,,
MCO,1968,,,
MCO,1969,,,
MCO,1970,,293127333.238065,
MCO,1971,,327706210.435217,5.228060023063335
MCO,1972,,402451900.82128793,4.6483096214369795
MCO,1973,,523554039.2032079,6.553757505686633
MCO,1974,,563949254.1140337,4.474611051130779
MCO,1975,,711978961.8936744,-0.9726374947461807
MCO,1976,,735324244.6673969,4.411628784649693
MCO,1977,,811191392.2242771,3.5532360797101177
MCO,1978,,1000555218.0320864,3.9535513035135637
MCO,1979,,1209870147.490988,3.534204929416191
MCO,1980,,1378175524.1118622,1.6854574337630055
MCO,1981,,1205188647.9316258,0.9223783659352449
MCO,1982,,1143216456.567955,2.432389475210698
MCO,1983,,1092560364.5195885,1.1949733490349956
MCO,1984,,1037329604.3510797,1.4845156308987981
MCO,1985,,1082867507.3314211,1.708699683542676
MCO,1986,,1515234743.4736655,2.4523646833738013
MCO,1987,,1839081463.276756,2.484574170400421
MCO,1988,,2000704744.9153755,4.5986014753521545
MCO,1989,,2010083833.1726034,4.163659310391196
MCO,1990,,2481307077.1098886,2.64345417053957
MCO,1991,,2480540845.332419,1.0151291129615743
MCO,1992,,2737049230.7044163,1.3666395267886173
MCO,1993,,2574494355.7335696,-0.9139197215473018
MCO,1994,,2720332134.5362263,2.2156242266061525
MCO,1995,,3130309995.3084774,2.117153021900677
MCO,1996,,3137886994.5220656,1.1107317972959265
MCO,1997,,2840195190.36905,2.2372492774261445
MCO,1998,,2934593467.685893,3.5032659964314092
MCO,1999,,2907118416.8725934,3.3005389958994584
MCO,2000,,2654462465.8823586,3.910229927580943
MCO,2001,,2673722828.6220503,2.1877336904009894
MCO,2002,,2919647992.1960835,1.026497573275222
MCO,2003,,3597090047.058816,1.0875365474680052
MCO,2004,,4043553260.579161,2.470482604996093
MCO,2005,,4204651893.540854,1.8954141085919787
MCO,2006,,4586828062.235288,5.817648496700073
MCO,2007,,5875787545.333351,14.437514437514437
MCO,2008,,6502945305.078123,0.7468712151796524
MCO,2009,,5474381527.617184,-11.336986575836505
MCO,2010,,5367561640.0000105,2.06521962654098
MCO,2011,,6088690667.315187,7.022356946176188
MCO,2012,,5742748405.546876,1.0122184123046054
MCO,2013,,6555590641.5686455,9.577098323548157
MCO,2014,,7070015473.960759,7.187027775379676
MCO,2015,,6264753585.624997,4.910371765362356
MCO,2016,,6471287668.599237,3.008443587527438
MCO,2017,,6430258224.588246,-3.2061832381321267
MCO,2018,,7184336760.392152,5.697901211929263
MCO,2019,,7383494129.411753,7.120889519753959
MCO,2020,,6730733230.81714,-13.23910482921083
MCO,2021,,8623241326.744047,22.232215585120827
MCO,2022,,8800432773.735443,11.266295519860051
MCO,2023,,10003897341.176647,5.443950888400877
MCO,2024,,11125788838.281248,8.51053758860212
MCO,2025,,,
MDA,1960,,,
MDA,1961,,,
MDA,1962,,,
MDA,1963,,,
MDA,1964,,,
MDA,1965,,,
MDA,1966,,,
MDA,1967,,,
MDA,1968,,,
MDA,1969,,,
MDA,1970,,,
MDA,1971,,,
MDA,1972,,,
MDA,1973,,,
MDA,1974,,,
MDA,1975,,,
MDA,1976,,,
MDA,1977,,,
MDA,1978,,,
MDA,1979,,,
MDA,1980,,,
MDA,1981,,,
MDA,1982,,,
MDA,1983,,,
MDA,1984,,,
MDA,1985,,,
MDA,1986,,,
MDA,1987,,,
MDA,1988,,,
MDA,1989,,,
MDA,1990,,3592857043.050568,
MDA,1991,,3094565870.6423674,-16.000000271514892
MDA,1992,1026.826264247019,2319243435.9609632,-29.099999917641384
MDA,1993,1613.603988761939,2371813323.573428,-1.1999999330268025
MDA,1994,486.4256237958907,1702314267.5912333,-30.90000022614467
MDA,1995,29.8656104095718,1752999370.4615812,-1.3999990549137635
MDA,1996,23.50567729633679,1695122173.9130435,-5.877060286268232
MDA,1997,11.77283244944668,1930081168.831169,1.6470645603740053
MDA,1998,7.695765175172045,1698717504.6554935,-6.542192077111821
MDA,1999,39.25598068917469,1170782957.3744323,-3.368254476572176
MDA,2000,31.29930158177841,1288429391.7995076,2.107716082007329
MDA,2001,9.764662857576226,1480673594.0560203,6.10000039929173
MDA,2002,5.301243902616014,1661818168.4226036,7.799999657738326
MDA,2003,11.74607920582318,1980907434.768264,6.5999999577771575
MDA,2004,12.5242768428228,2598249555.89984,7.399999733581893
MDA,2005,11.9591837222127,2988342907.0309634,7.500000149372596
MDA,2006,12.77775578303503,3408255450.5509,4.799999836708309
MDA,2007,12.36716684143018,4401173151.937674,3.0000002258552456
MDA,2008,12.78304726188209,6054824248.242213,7.8000001454152255
MDA,2009,-0.06271859671090067,5439434271.7880745,-6.000000263528278
MDA,2010,7.483850863508532,6974982369.601547,7.100000107058364
MDA,2011,7.687251033561811,8414352020.494416,5.818166146848242
MDA,2012,4.546334273553021,8709138634.82921,-0.5897339547625791
MDA,2013,4.597878973631359,9496717875.519316,9.043865607418098
MDA,2014,5.088785546258694,9402090137.742302,4.999625854076555
MDA,2015,9.67624033101859,7797667196.730872,-0.3382356223872023
MDA,2016,6.359308980379314,7980917075.774796,4.646014362594087
MDA,2017,6.570229974556044,9514404016.209494,4.175612051062785
MDA,2018,3.045053973370577,11252353420.879784,4.075595465850341
MDA,2019,4.837783514287286,11736797054.696486,3.5523140853476036
MDA,2020,3.765971222453577,11530746234.449179,-8.275978319769493
MDA,2021,5.106411290028356,13691869264.079353,13.929999788978577
MDA,2022,28.73729767662356,14525337523.727076,-4.647851010373614
MDA,2023,13.41701043812996,16711906746.213291,1.18802067937429
MDA,2024,4.677735160070481,18206842140.761475,0.2706704555125725
MDA,2025,7.759041240011586,20351796275.29432,2.4164973457506846
MDG,1960,,673081724.7511678,
MDG,1961,,699161944.5580972,2.0486327506124837
MDG,1962,,739286907.5927778,2.2710697011123244
MDG,1963,,759345863.7326667,-0.9294016227903938
MDG,1964,,802482183.7287778,3.9625188465145698
MDG,1965,4.201860365894415,833563472.9981,-0.45225386339750173
MDG,1966,3.211573978975542,900264584.5908293,2.0645524078982618
MDG,1967,0.8151903766807868,956436932.101291,5.528565609677088
MDG,1968,0.9565131644855435,1031669637.3955349,6.828786098349298
MDG,1969,3.828872826836593,1056391055.5961725,3.721222168093675
MDG,1970,2.878645343187932,1111859570.882523,5.276455575430774
MDG,1971,5.385881492434946,1199507631.0760274,3.929365030783643
MDG,1972,5.622559652774797,1341590690.4136515,-1.2726215309689053
MDG,1973,6.120101864647797,1653062335.0028615,-2.6184783296628495
MDG,1974,22.10094441877803,1917508190.0468938,2.0068793796109503
MDG,1975,8.191212832159287,2283049215.3533945,1.2586916345315444
MDG,1976,4.986815118625709,2181844178.553396,-3.0688583912995853
MDG,1977,3.108952891284263,2358930406.068901,2.364000358340462
MDG,1978,6.528446922617972,2669755115.1093483,-2.6618059640832143
MDG,1979,14.05559225555157,3463565853.81023,9.854650294431039
MDG,1980,18.21786589467557,5201818347.7988205,0.9527075854463192
MDG,1981,30.5381774327711,4759333998.367463,-9.800000000859526
MDG,1982,31.78970465105354,4784977325.958034,-1.9000000000129944
MDG,1983,19.328338591095,4686457031.226905,0.8999999993962007
MDG,1984,9.856620954338887,3905938480.8611917,1.7601819429504246
MDG,1985,10.55648395736188,3802557894.8719015,1.15634413876586
MDG,1986,14.4973321039129,4347989788.092567,1.960224881633991
MDG,1987,14.99313513225024,3212900555.8090987,1.1749132610662514
MDG,1988,26.85379714138119,3189456965.048204,3.4069292103673376
MDG,1989,9.012995945555009,3175638332.6447086,4.074880656830544
MDG,1990,11.78448383213568,3931334875.0137587,3.128905050425246
MDG,1991,8.592647604901922,3254713056.021707,-6.306351592377325
MDG,1992,14.51237860757715,3714966678.33381,1.1808849482523271
MDG,1993,10.00836120401402,4063298919.2868047,2.0999231811086503
MDG,1994,38.94179089892395,3522227092.2283926,-0.04210130262207201
MDG,1995,49.0802100590784,3838100903.7497377,1.678592321203027
MDG,1996,19.7563545439776,4931861038.707632,2.15420447175147
MDG,1997,4.486382617373988,4262965419.74998,3.6934926169178937
MDG,1998,6.208016086633199,4401967632.737184,3.9170746051681675
MDG,1999,9.929533993487807,4277903780.2913055,4.699227036805212
MDG,2000,11.85968450002796,4629247203.84524,4.456858939569457
MDG,2001,7.916944845295859,5438332601.907981,5.980235769827331
MDG,2002,16.49852553158463,5351701663.408074,-12.407971105514918
MDG,2003,-1.704004796162977,6372498889.665848,9.784892124741745
MDG,2004,13.95580180332114,5064732626.293891,5.257003622087424
MDG,2005,18.36382464689321,5859269752.61332,4.755845094991187
MDG,2006,10.76563715548655,6395712490.943041,5.398508448536802
MDG,2007,10.28796631876714,8524620889.577468,5.71056419885052
MDG,2008,9.29650839381057,10725137723.654873,6.712632539130013
MDG,2009,8.954218023929492,9616879409.437893,-3.9787086116543975
MDG,2010,9.247321736441162,9982711338.07029,0.6192397446221207
MDG,2011,9.482540485829922,11551819617.874023,1.5784270536655498
MDG,2012,5.713844341910533,11578975061.947945,3.011148116212084
MDG,2013,5.826429444519803,12423555455.38532,2.3003762280072664
MDG,2014,6.080408110883021,12522957399.228104,3.3392031119536654
MDG,2015,7.404191742021292,11323020701.301685,3.132298074903048
MDG,2016,6.035758581546788,11848613858.441998,3.9931460619949917
MDG,2017,8.609050754229495,13176313593.550934,3.9333075946279337
MDG,2018,8.594229588704756,13760033282.292511,3.1943565174439783
MDG,2019,5.610514414923647,14104664678.506332,4.411232129095893
MDG,2020,4.201793121905574,13051441204.05296,-7.137671620644895
MDG,2021,5.81225118787715,14354731964.32578,4.65068343174309
MDG,2022,8.16059031991844,15342178598.247494,4.137535349563066
MDG,2023,9.874326750448883,16036707975.756723,4.230865806963436
MDG,2024,7.613357843137233,17592832696.133583,4.322837280879924
MDG,2025,8.050524317912272,19620352035.78989,3.002568866855995
MDV,1960,,,
MDV,1961,,,
MDV,1962,,,
MDV,1963,,,
MDV,1964,,,
MDV,1965,,,
MDV,1966,,,
MDV,1967,,,
MDV,1968,,,
MDV,1969,,,
MDV,1970,,19328038.315789472,
MDV,1971,,21566404.016913317,5.207226367437713
MDV,1972,,25177137.52860412,2.4242424175641304
MDV,1973,,30862041.604010023,1.5779092864652853
MDV,1974,,39120171.24681934,5.728155314656604
MDV,1975,,24540877.604166668,-7.988980691810369
MDV,1976,,22399467.10526316,0.5988023857097033
MDV,1977,,20853788.711516533,11.252354029092288
MDV,1978,,24369109.14158305,14.684722846567922
MDV,1979,,38523364.48598131,10.664206621229397
MDV,1980,,42463576.1589404,18.57285761066254
MDV,1981,,44781456.95364238,11.764705888871646
MDV,1982,,47911340.18347938,-3.012211663533222
MDV,1983,,57829787.234042555,16.256295455664514
MDV,1984,,109503546.09929079,26.955475329392286
MDV,1985,,127190757.95998873,15.416043587505897
MDV,1986,9.722193276785626,141882254.2301776,9.360589094910509
MDV,1987,9.7040723294332,141223029.38306406,8.829155696732599
MDV,1988,6.456360268019414,168514513.37507114,8.730341781466677
MDV,1989,7.165858894707771,189514434.24399954,9.326808332953092
MDV,1990,3.649911977174767,215043969.84924623,16.952297454562085
MDV,1991,14.71367702827348,244396761.92333952,1.442696053940935
MDV,1992,16.85599775355483,284875809.03963387,6.670825444373989
MDV,1993,20.12735931492483,322417837.16197103,5.556769079240013
MDV,1994,3.386100982914926,356014932.1364607,7.749486233079523
MDV,1995,5.488861331715043,398988954.9702634,12.98578430693145
MDV,1996,6.241245914760255,450382327.9524214,7.858646998579587
MDV,1997,7.572834670725924,508223602.3789295,8.397941004502243
MDV,1998,-1.404252338167923,540096397.6210705,7.494682914050401
MDV,1999,2.953708360691287,589239753.6108751,6.1756559292953455
MDV,2000,-1.174756811759459,624337145.284622,3.8458104083215687
MDV,2001,0.6725773700624702,870031676.7987932,-3.9436345227125287
MDV,2002,4.178672399047897,897031250.0,7.2683865613965395
MDV,2003,-1.260651134503543,1052121054.6875,13.750049641083592
MDV,2004,-1.685412124594662,1226829562.5,5.924892511131333
MDV,2005,1.300275009309971,1163362437.5,-11.17730970617842
MDV,2006,2.738421316020986,1575200390.625,23.630271985268635
MDV,2007,6.79477353930168,1868383460.9375,7.133380247178977
MDV,2008,12.04145835051081,2271646187.5,8.976454590336331
MDV,2009,4.530176591328005,2345294875.0,-8.340698615710508
MDV,2010,6.149885367501734,2588176054.6875,6.7854678229143985
MDV,2011,11.2734146055937,2774350240.0491767,8.84342600490342
MDV,2012,10.88469565856303,2886163997.205307,2.3892879796344175
MDV,2013,3.805630009194298,3295009237.5010657,6.974962264125281
MDV,2014,2.120001757181345,3697353039.200426,7.860686431080737
MDV,2015,0.9532066587776067,4129505319.129205,3.8681353649447487
MDV,2016,0.5025094136116122,4409942623.855379,6.375283067168638
MDV,2017,2.817473382345089,4816426256.529144,7.074428632152745
MDV,2018,-0.1333733861175947,5404344162.698884,8.568955583474704
MDV,2019,0.2200297310653834,5726094799.377091,6.923059890500994
MDV,2020,-1.369774255698108,3712604583.366653,-32.908828775292136
MDV,2021,0.5431496887370127,5252457369.552176,37.50787012432096
MDV,2022,2.330540464772498,6177123352.262111,13.826089518413937
MDV,2023,2.903724277545863,6621008703.957433,4.942863012295831
MDV,2024,1.410935279101345,7061608267.254508,3.494404226542855
MDV,2025,4.005784941187519,7741066860.6337,6.310923350030805
MEA,1960,,29022489624.30656,
MEA,1961,,30984689554.759037,6.139394851835945
MEA,1962,,30830709046.055157,5.441059006608214
MEA,1963,,33978839255.81916,10.553842143004317
MEA,1964,,37874017592.12148,9.566077655177168
MEA,1965,,41649895980.86214,11.803325596979448
MEA,1966,,44824829966.40352,6.644562875503283
MEA,1967,,48699744028.43095,7.747753899251194
MEA,1968,,55351685253.61184,12.275625747918653
MEA,1969,,61445240897.548035,10.414001331238993
MEA,1970,3.762898595805365,69465924170.16774,17.421510382773448
MEA,1971,4.195298372654225,79180667168.722,8.953582454577841
MEA,1972,4.331179707834969,93291225242.6846,13.551960730006712
MEA,1973,9.04307669959384,121479333503.91106,11.142814023793207
MEA,1974,14.888608644261794,220675381942.554,8.687933621336839
MEA,1975,10.567331817189373,242539983090.5115,0.11947400911169836
MEA,1976,10.78677919697625,301300355965.7553,13.846510580695053
MEA,1977,11.977547643958305,349590827933.24243,3.785222490047488
MEA,1978,9.202888936145902,371532462767.179,-0.23431135785823187
MEA,1979,8.267046976175719,483126925590.515,5.612527839366038
MEA,1980,11.11111111111133,621236189345.5311,1.4512727780847001
MEA,1981,11.34459680839753,640114230370.3514,0.5480459650158593
MEA,1982,7.776798426908528,641803462745.0109,-1.2680180791179225
MEA,1983,5.967163930327202,649493309797.7808,-0.4034558901712728
MEA,1984,7.101782345454083,656567090573.9009,0.12526429477033219
MEA,1985,5.002090087673827,668176913263.8746,0.5958084939625223
MEA,1986,6.164383561643706,676537575908.8486,-1.503999809773262
MEA,1987,4.2224166624075155,631758723120.9856,0.9953911384096301
MEA,1988,6.086956521739068,631572528869.4583,2.3060483413435406
MEA,1989,7.74088603961336,651128046467.0569,3.8642314083694487
MEA,1990,8.451462408038797,836867640836.1824,8.550443072163176
MEA,1991,9.058188362327579,673694780582.99,2.214681301509941
MEA,1992,9.359751589531335,711007498209.2009,6.285651627384524
MEA,1993,9.973664760292092,666662575625.4835,2.4610683808831624
MEA,1994,5.141671529533615,703413205095.7289,3.086969244070474
MEA,1995,7.237984944991291,779320006736.8826,3.209343529009928
MEA,1996,4.904534606205324,862935523841.3695,5.096680776821287
MEA,1997,3.601161032609463,900703249116.7001,4.147868315429378
MEA,1998,3.4173194897579826,881949381134.2322,4.1727045542514105
MEA,1999,2.66937369053701,954642370741.488,2.7891499322275877
MEA,2000,1.8537903532527666,1098655593166.1583,6.365659995099108
MEA,2001,1.759428311682253,1090274286299.1187,1.9953243608201916
MEA,2002,2.0107421853129908,1084280957543.7064,2.1344618982557506
MEA,2003,2.1232661950850686,1208787816829.4666,4.624323527448254
MEA,2004,3.2420651308797654,1425039121626.975,7.952083074460376
MEA,2005,3.493685346195308,1696746049955.3696,5.290360579897538
MEA,2006,3.544985916050331,1984464158642.665,6.010535717611901
MEA,2007,4.743906390216475,2340610689867.657,5.250876211239827
MEA,2008,12.104520467234561,2892703776066.0015,4.397565775286978
MEA,2009,2.920897118053667,2608280183520.4546,1.1390479059197247
MEA,2010,3.74915727597096,3045879622174.249,4.736135367212555
MEA,2011,4.7531638888563,3665474220711.5576,3.8383923829226916
MEA,2012,4.515229566709903,3953860671042.3735,4.238954659029545
MEA,2013,3.254239109988475,3918727955940.4106,2.373184362668141
MEA,2014,2.647553212461889,3958172789906.3774,3.0641706542242844
MEA,2015,1.685992176420103,3561595503548.0938,2.770141890006485
MEA,2016,2.539560377665398,3627179370571.638,4.5036776541898575
MEA,2017,2.069329281644238,3798189271504.2163,2.0768193908946557
MEA,2018,1.9457930459443695,4053744446046.4272,2.4028056193999987
MEA,2019,1.3360156814765554,4022588786208.412,1.58096878672049
MEA,2020,1.447036569987408,3592277157538.873,-3.556900054513818
MEA,2021,2.868330277510149,4315472921456.3857,5.030413314914
MEA,2022,5.17222088647606,5035779695254.835,6.449544666789308
MEA,2023,4.225226031689177,4902253052059.014,2.2907332496196204
MEA,2024,2.126157668850213,5103019931842.705,2.328570238772201
MEA,2025,2.084208535850356,5135569539885.643,2.744956603780736
MEX,1960,4.927518869031162,13040000000.0,
MEX,1961,1.6087596908193,14160000000.0,5.000000000723091
MEX,1962,1.198984178150816,15200000000.0,4.664414672531265
MEX,1963,0.5940550084619654,16960000000.0,8.106886927611143
MEX,1964,2.337903172343618,20080000000.0,11.905480765786592
MEX,1965,3.568038657429364,21840000000.0,7.099999997471727
MEX,1966,4.215788377384353,24320000000.0,6.096139302566812
MEX,1967,3.016948475021476,26560000000.0,5.854924878973236
MEX,1968,2.333950934670264,29360000000.0,9.423278818319261
MEX,1969,3.367003367116776,32480000000.0,3.4186200234983914
MEX,1970,5.003412054834311,35520000000.0,6.502484034696749
MEX,1971,5.469028993768383,39200000000.0,3.7624676849571586
MEX,1972,4.943692363778751,45200000000.0,8.228807312452574
MEX,1973,12.08193946129382,55280000000.0,7.861119860636137
MEX,1974,23.7840154425787,72000000000.0,5.77682723020618
MEX,1975,14.94453464092671,88000000000.0,5.744485048624284
MEX,1976,15.82472248934705,88875923765.07196,4.417444136268529
MEX,1977,29.0641247103461,81912018783.50241,3.390639706568436
MEX,1978,17.45729256782648,102648570299.11714,8.95694232786306
MEX,1979,18.19124629876431,134531900898.92567,9.698170137044613
MEX,1980,26.35165135628344,205577055465.99277,8.756622425864236
MEX,1981,27.9337625982399,263797827860.4936,9.58584115454994
MEX,1982,58.91341985310484,184602611609.5174,-0.049586365638603525
MEX,1983,101.8749384359919,156167000432.99414,-4.624127959872311
MEX,1984,65.44880712776018,184230754105.39362,3.5134133493227324
MEX,1985,57.74844840087022,195241069482.0767,1.9192157861349415
MEX,1986,86.23331699235383,134556034672.99146,-3.9299599078229903
MEX,1987,131.8273839230895,147542558208.8881,2.0633632263158432
MEX,1988,114.1622585490656,181611150496.7874,1.2182612293858597
MEX,1989,20.00787671399778,221403098266.76956,3.625448734560095
MEX,1990,26.65167256467706,261253675692.83783,5.250043299445821
MEX,1991,22.66235945506099,313139656145.7446,3.97590497138043
MEX,1992,15.50789625335729,363157832923.73444,3.568613544122428
MEX,1993,9.751460453575525,530160763662.5426,2.866999454610749
MEX,1994,6.965812371911233,553618247900.7395,4.394127887641687
MEX,1995,34.99927128895922,380157469866.8494,-5.910299623582858
MEX,1996,34.37838322351676,432157945024.4281,6.218297158693019
MEX,1997,20.62562872592471,523449530464.25696,7.198876152847106
MEX,1998,15.92839501193533,557461102630.6578,6.185078930828851
MEX,1999,16.58561697075381,631249359702.389,2.75503039300564
MEX,2000,9.491561494354025,742061329749.1274,5.029283993782613
MEX,2001,6.36773806235037,796064590549.1364,-0.45084525321594526
MEX,2002,5.030727331512953,810666116401.9148,-0.23658800192264096
MEX,2003,4.546900121187184,765549967888.6469,1.1855448670955866
MEX,2004,4.688408848431427,819459227375.0225,3.565441026228868
MEX,2005,3.988057145974374,917571853437.3436,2.113247114732971
MEX,2006,3.629467624391321,1020265057882.007,4.805013516649012
MEX,2007,3.966849054582353,1102355554880.4414,2.0778639395329037
MEX,2008,5.124982745758964,1161553459984.6519,0.9433318729129354
MEX,2009,5.297355842288558,943437414950.6327,-6.295250566972868
MEX,2010,4.156727226801737,1105424238651.9539,4.971334583219502
MEX,2011,3.407378246057421,1229013703416.7583,3.4440450529708926
MEX,2012,4.111509810702894,1255110424741.8535,3.553210760106083
MEX,2013,3.806390697472044,1327436290439.2676,0.8521015501647042
MEX,2014,4.018616080786787,1364507717689.365,2.5037635078359273
MEX,2015,2.720640649640229,1213294467653.782,2.7023234302402557
MEX,2016,2.821707847476604,1112233497452.6975,1.772493225412802
MEX,2017,6.041457240189856,1190721475853.164,1.8717285464838085
MEX,2018,4.899350153565507,1256300182983.653,1.9720821110106925
MEX,2019,3.635961421270462,1304106204006.2744,-0.39269051329053184
MEX,2020,3.396834155700065,1121064767168.7952,-8.354034593790615
MEX,2021,5.689208476837533,1316569466833.935,6.048483471735722
MEX,2022,7.896276191685497,1466934724243.3804,3.7097570830909774
MEX,2023,5.527960873143888,1794410347718.25,3.1067964131456023
MEX,2024,4.722255884529316,1830489311088.8923,1.3505763138469575
MEX,2025,3.806686507264849,1832641364775.521,0.5616834561445785
MHL,1960,,,
MHL,1961,,,
MHL,1962,,,
MHL,1963,,,
MHL,1964,,,
MHL,1965,,,
MHL,1966,,,
MHL,1967,,,
MHL,1968,,,
MHL,1969,,,
MHL,1970,,8408486.0,
MHL,1971,,9116810.0,2.309911676748385
MHL,1972,,9973652.0,1.0818421726202843
MHL,1973,,11607366.0,33.922759852005356
MHL,1974,,15217532.0,15.32314189167947
MHL,1975,,16691301.0,0.06026020500465279
MHL,1976,,18153647.0,0.36133394770590144
MHL,1977,,20210069.0,2.4302422692517496
MHL,1978,,22209370.0,5.623904145902486
MHL,1979,,25545346.0,2.1353285160796958
MHL,1980,,26710653.0,-7.195222674474806
MHL,1981,,31020000.0,6.436512819003212
MHL,1982,,34918000.0,4.831228932016799
MHL,1983,,41749000.0,15.50800391350549
MHL,1984,,45144000.0,3.8660250433562027
MHL,1985,,43879000.0,-6.2572917306899285
MHL,1986,,55989000.0,24.5424987637753
MHL,1987,,62983000.0,9.363753972494166
MHL,1988,,70688000.0,7.789046560152286
MHL,1989,,72798000.0,-1.6916086430649528
MHL,1990,,78476000.0,2.676246540017729
MHL,1991,,82507000.0,0.0877993120756031
MHL,1992,,91063000.0,7.140881198180352
MHL,1993,,99461000.0,6.00624977598774
MHL,1994,,108071000.0,5.877697458839592
MHL,1995,,120230000.0,8.213294318435842
MHL,1996,,110858000.0,-10.302957106624916
MHL,1997,,109884700.0,-6.445675557610798
MHL,1998,,112070100.0,-0.674095984599532
MHL,1999,,113352100.0,-1.334721578403176
MHL,2000,,114838500.0,2.454430068512721
MHL,2001,,122406100.0,6.930044462028917
MHL,2002,,131960000.00000001,3.6357901504904078
MHL,2003,,131128500.0,-1.5616751046208748
MHL,2004,,132900000.0,-0.40835547141631423
MHL,2005,,138000000.0,1.7910447761194064
MHL,2006,,143200000.0,0.17595307917888192
MHL,2007,,150500000.0,3.6885245901639365
MHL,2008,,146600000.0,-7.56634669678148
MHL,2009,,151200000.0,3.6652412950519278
MHL,2010,,161100000.0,5.539186800235711
MHL,2011,,172300000.0,-0.5025125628140756
MHL,2012,,180700000.0,-1.2906846240179561
MHL,2013,,186400000.0,3.808982376350187
MHL,2014,,186000000.0,-1.2595837897042657
MHL,2015,,183700000.0,1.8857459789240067
MHL,2016,,201800000.0,2.5040827436037034
MHL,2017,,213700000.0,3.5581518852894334
MHL,2018,,220000000.0,5.487179487179489
MHL,2019,,232900000.0,10.452114730189592
MHL,2020,,241800000.0,-2.7728873239436638
MHL,2021,,261245500.0,2.1593933906745235
MHL,2022,,258723500.0,-0.700580183196621
MHL,2023,,264000000.0,-5.394773775252787
MHL,2024,,285000000.0,3.3018867924528195
MHL,2025,,308000000.0,2.2831050228310517
MIC,1960,,262514311188.47226,
MIC,1961,,266305753495.30606,1.1758260542019912
MIC,1962,,270038790342.48172,3.409223563109393
MIC,1963,,297394660875.0127,4.906323058351148
MIC,1964,,335350133321.71875,8.219883843915525
MIC,1965,,368782596543.7627,6.125319527214131
MIC,1966,,382450574739.6673,4.9161387804728065
MIC,1967,,393906772488.395,3.224405807495927
MIC,1968,,417504741522.6581,6.208154330602511
MIC,1969,,465502325134.69653,8.091945897985056
MIC,1970,,509472358150.3509,8.112643602217616
MIC,1971,,547838819762.70966,6.119957769401523
MIC,1972,,614809135197.1793,6.18654468366708
MIC,1973,,784674913014.5997,7.0233774760190215
MIC,1974,,1004311944052.5493,5.960378528217134
MIC,1975,,1106987601565.2722,4.28111180912245
MIC,1976,,1193943348910.7593,6.334927485586789
MIC,1977,11.4723618700578,1340151552432.1147,4.639868068330543
MIC,1978,8.93375884095014,1484465133908.8298,3.749509822252307
MIC,1979,,1729249099201.796,4.6062313508681
MIC,1980,16.27484161825332,2048944510715.8496,4.6206757199661865
MIC,1981,12.9746974698193,2300960722344.573,1.8556069350854898
MIC,1982,10.25880885562843,2269690373786.684,2.9124055640522357
MIC,1983,10.60520361990956,2201975610298.557,1.4441998539011678
MIC,1984,10.28409821313804,2254872375299.229,4.796661903767998
MIC,1985,8.09457579975941,2347472444952.9644,4.492565884979371
MIC,1986,8.733559187066746,2392957461474.5405,3.7479544497853112
MIC,1987,8.189074494810807,2453795131278.8096,4.659105533637799
MIC,1988,8.837937018177726,2626606208682.4585,4.1604510781541535
MIC,1989,9.075624085378589,2793399798325.3555,2.8823193107669027
MIC,1990,10.33267205429486,3195723188081.606,3.2978922558079233
MIC,1991,12.641073023816,3100370410005.619,2.9825890873539436
MIC,1992,10.04591799840882,3299959069131.643,4.36256593714252
MIC,1993,10.51783844728956,3563133544190.0107,5.047453125712465
MIC,1994,13.51267873604986,4002155644697.717,5.145483006301291
MIC,1995,10.51254608157901,4669768346889.899,4.609189064906303
MIC,1996,8.977152338264526,5181157477394.434,6.207394620576295
MIC,1997,7.12532722513057,5510728497286.531,5.6758267579487125
MIC,1998,7.26619804400963,5415771029696.372,3.273663084521445
MIC,1999,4.775076564755523,5220210300683.087,3.6188971037085764
MIC,2000,4.165404422902826,5675807560243.587,5.601373087374498
MIC,2001,5.173176629833332,5698308087221.404,3.6500236657481366
MIC,2002,4.209469502967174,5771947167690.287,4.670594033782891
MIC,2003,4.546900121187184,6442572753678.034,5.835026980593881
MIC,2004,4.534213741296925,7574430502189.409,7.793675273126354
MIC,2005,5.042794859784294,8955078429959.133,7.4093693324117424
MIC,2006,5.518677699567963,10560130122160.615,8.286700863688196
MIC,2007,6.143566552480474,12979297389135.416,8.896538985031427
MIC,2008,10.06624182458489,15459320842699.24,5.953979777758974
MIC,2009,3.71360592035809,15524656827265.068,3.9771988801345657
MIC,2010,4.112111393152185,18906893796332.992,8.122989957651257
MIC,2011,5.952097618983922,22151023341680.605,6.459942816891484
MIC,2012,4.546334273553021,23639759043791.477,5.660928549451398
MIC,2013,4.343371312795206,24981032983624.945,5.643371150181139
MIC,2014,3.534368561473237,26093245096359.926,5.160764566556935
MIC,2015,3.129002744739254,25243424508586.77,4.737128871246952
MIC,2016,2.668248169690824,25537051889993.656,4.693491703359442
MIC,2017,3.328173374613047,27920575307382.285,5.296203890444588
MIC,2018,3.240569329305694,29703780736503.688,4.943070202128652
MIC,2019,2.726430373888325,30585555169458.008,4.093284984456645
MIC,2020,2.6566464330112836,29584575558650.203,-1.1717888349594858
MIC,2021,4.142982011762463,34913762453380.2,7.4508617815506994
MIC,2022,8.320083772719272,36531426959364.94,4.011981440328881
MIC,2023,6.083192685419002,37598001937864.98,4.701213372512413
MIC,2024,3.604522038479597,38887384674053.31,4.438458413198347
MIC,2025,3.457239989443213,40836798203180.805,4.52178755917781
MKD,1960,,,
MKD,1961,,,
MKD,1962,,,
MKD,1963,,,
MKD,1964,,,
MKD,1965,,,
MKD,1966,,,
MKD,1967,,,
MKD,1968,,,
MKD,1969,,,
MKD,1970,,,
MKD,1971,,,
MKD,1972,,,
MKD,1973,,,
MKD,1974,,,
MKD,1975,,,
MKD,1976,,,
MKD,1977,,,
MKD,1978,,,
MKD,1979,,,
MKD,1980,,,
MKD,1981,,,
MKD,1982,,,
MKD,1983,,,
MKD,1984,,,
MKD,1985,,,
MKD,1986,,,
MKD,1987,,,
MKD,1988,,,
MKD,1989,,,
MKD,1990,,4699646643.109541,
MKD,1991,,4938775510.204082,-6.17076764806545
MKD,1992,,2436849341.976036,-6.565198676858543
MKD,1993,,2682456896.5517244,-7.4692713185855695
MKD,1994,126.583368336245,3559608639.983794,-1.7581661812691323
MKD,1995,16.37358897235686,4707041315.2420225,-1.114727694144122
MKD,1996,2.466600085829173,4642021256.3068905,1.1851038887323142
MKD,1997,1.294364871550475,3912986090.973632,1.439981336591245
MKD,1998,0.5441996525230735,3765745023.2073956,3.378735647182964
MKD,1999,-1.279286575726275,3863619284.7793922,4.339027913075881
MKD,2000,6.607422910385356,3772859034.205079,4.54913578288874
MKD,2001,5.198885257440481,3709636030.665784,-3.0672566245166166
MKD,2002,2.31459794083216,4018365747.009719,1.493665472029278
MKD,2003,0.8555621227242188,4946296599.08467,2.222601657324091
MKD,2004,-0.4486502065519342,5682784471.697219,4.674089579609159
MKD,2005,0.5255159507142468,6258602872.678975,4.724088642019737
MKD,2006,3.213629296063449,6861226971.556173,5.13702516153505
MKD,2007,2.2517579830545,8336474973.729493,6.4734868575234685
MKD,2008,8.33189666968108,9909552434.511362,5.4720013901559525
MKD,2009,-0.7396339630611923,9401736825.42688,-0.35861485697967055
MKD,2010,1.509975220276131,9407170321.377522,3.3587508577381158
MKD,2011,3.9047542206974,10494626767.64451,2.339886045203315
MKD,2012,3.316055666876466,9745261300.577883,-0.45618322360793684
MKD,2013,2.785000567261089,10817702346.067413,2.9252576645048407
MKD,2014,-0.281705032928494,11362265252.777998,3.6291235127637265
MKD,2015,-0.2999204756314615,10064519962.565548,3.8558651404173787
MKD,2016,-0.2392907876845009,10672467073.287252,2.8482051936330635
MKD,2017,1.351618896774421,11307067069.665821,1.081772738132429
MKD,2018,1.458312985071263,12683068114.23885,2.880596709642674
MKD,2019,0.7664395734598047,12606338448.546968,3.910419538401726
MKD,2020,1.200073488884688,12361036913.840923,-4.688450009566523
MKD,2021,3.230749121329278,14000283827.015379,4.510679490382216
MKD,2022,14.20471731958327,13932436550.088305,2.7588841533296744
MKD,2023,9.361872497690149,15855131188.909191,2.5549652534029974
MKD,2024,3.489740860269537,16951682221.396244,2.993735365677324
MKD,2025,4.072491768483475,19101199817.017384,3.4870661982950253
MLI,1960,,,
MLI,1961,,,
MLI,1962,,,
MLI,1963,,,
MLI,1964,,,
MLI,1965,,,
MLI,1966,,,
MLI,1967,,275494477.5860977,
MLI,1968,,343771972.9938551,3.7084101964878897
MLI,1969,,339913867.0927846,0.23099941952405345
MLI,1970,,359772315.10219795,6.136954862558824
MLI,1971,,395218628.92069393,2.5689960235588387
MLI,1972,,486617280.25554913,5.844016430954639
MLI,1973,,563683703.3047045,-1.455115801929594
MLI,1974,,538747339.9560328,-1.5288261023839311
MLI,1975,,830710615.1799542,11.625049137452322
MLI,1976,,939228017.2477903,13.623438533664498
MLI,1977,,1049838548.109189,6.348647193936046
MLI,1978,,1222702572.8469892,-1.4634763319914725
MLI,1979,,1595422955.6443255,10.395677210595622
MLI,1980,,2704362788.8961096,-4.325839868997676
MLI,1981,,2234583940.386761,2.249462084066039
MLI,1982,,1680304773.4414325,-8.409153676365037
MLI,1983,,1496616126.5863352,-2.3013466312980455
MLI,1984,,1387809614.7490516,-2.8105945664563876
MLI,1985,,1594347021.373471,13.191757603986758
MLI,1986,,2132938007.1055963,-0.7626592036600783
MLI,1987,,2437004679.6281776,-0.771584850174861
MLI,1988,,2712207900.698379,10.805698443468387
MLI,1989,-0.07669299792888405,2824822489.246281,3.5949604712117917
MLI,1990,0.6063397037375226,3248417790.51435,-5.287521373377388
MLI,1991,1.800427220018578,3576562681.7739515,12.657207886346185
MLI,1992,-6.242505995204253,3680775036.9268146,-5.05918121761043
MLI,1993,-0.2637678842618043,3632801877.044636,4.3482277003882785
MLI,1994,23.17679115242849,2655768635.64569,5.5916880903075
MLI,1995,13.44176968119739,3373322735.470271,0.7286937284673627
MLI,1996,6.805459967882332,3743103419.7218065,6.365695768960819
MLI,1997,-0.3629997959466946,3414879485.5728703,4.121339543133075
MLI,1998,4.036589459549863,3894433432.4614925,6.653260373528823
MLI,1999,-1.201903686375016,4091446054.1491294,4.705879262006647
MLI,2000,-0.6776616590467694,3521570875.8506384,-0.7360199922242856
MLI,2001,5.187011919440678,4124281593.6887445,15.80603174227096
MLI,2002,5.032822757111935,4647238256.565635,3.0362754073888425
MLI,2003,-1.346726190476212,5605613011.291414,9.797122560866441
MLI,2004,-3.099781280639569,6485774930.415032,1.4773249029010174
MLI,2005,6.397882938978825,7429066951.56583,2.5383783488892107
MLI,2006,1.543525969275824,8212007553.993929,3.6896026525527787
MLI,2007,1.412002017145768,9699047442.579046,1.7600460785280205
MLI,2008,9.170988136676776,11462490840.219452,3.6387107092371878
MLI,2009,2.463751885722989,12155217832.803925,5.454735626836694
MLI,2010,1.108926906701861,12710739159.50141,5.576788597935149
MLI,2011,2.955643952293921,15452791788.935635,2.93537897118415
MLI,2012,5.323128470640577,14795114602.61218,-1.0723992414783652
MLI,2013,-0.606736356351563,15747192680.997059,3.2906874205354484
MLI,2014,0.8838145471378414,17081681993.2577,6.5026387838632616
MLI,2015,1.450690576059608,15583181170.41047,6.2388789018106365
MLI,2016,-1.799647070833858,16743796799.83289,6.005063085594983
MLI,2017,1.75985742927165,18308362040.052063,5.375547696479387
MLI,2018,0.299546507387843,20368015381.2413,4.867849999352643
MLI,2019,-1.658266948463649,20477421884.541363,4.999999116997046
MLI,2020,0.4380889403206689,20698560938.777515,-1.1691083485760458
MLI,2021,3.925602831042767,22999245262.671898,3.1009412446350666
MLI,2022,9.621476084890638,22539987718.764156,3.7031902758538564
MLI,2023,2.058802282742227,24777941860.767044,4.763941000409318
MLI,2024,3.206398640996599,26761281076.76577,5.0165357920578515
MLI,2025,3.278235403575843,30069148580.76881,5.599468428966432
MLT,1960,3.384615384615528,,
MLT,1961,2.511321531006946,,
MLT,1962,0.1686746989576345,,
MLT,1963,1.876353139212653,,
MLT,1964,2.18024399859687,,
MLT,1965,1.602218456101318,,
MLT,1966,0.5231235786995303,,
MLT,1967,0.693868315713048,,
MLT,1968,2.03730057682276,,
MLT,1969,2.334287601862175,,
MLT,1970,3.715658848092627,250728796.2883781,
MLT,1971,2.323812158388086,264578484.77019525,2.4539936122783104
MLT,1972,3.372761067811551,295106628.3393431,5.838327026520943
MLT,1973,7.689289917861485,345616105.8825584,4.146138373260698
MLT,1974,7.255616272040075,376081124.2734687,10.036403959707044
MLT,1975,8.791666666166906,474618321.462361,19.560080864650487
MLT,1976,0.5515128302585832,527936988.79127544,17.01708956480232
MLT,1977,10.04037480023641,625563170.6712099,12.184169801333297
MLT,1978,4.707511249514872,793673401.6410791,11.161158190617826
MLT,1979,7.147107437978929,1001288846.8401575,10.49077316760902
MLT,1980,15.747254103486,1250198601.0926788,7.049711214920379
MLT,1981,11.50975583771234,1243509393.619466,3.311762074426113
MLT,1982,5.818233972186653,1234474404.0315237,2.2844523055532733
MLT,1983,-0.8809975603175066,1165729706.8703988,-0.6123901168920014
MLT,1984,-0.4425000007500752,1101807023.0491815,0.9423709354796017
MLT,1985,-0.2352074596774736,1117797439.1423423,2.5852796663821067
MLT,1986,2.027888714147608,1435038441.1192167,3.8851900069645495
MLT,1987,0.4317256694224422,1751293460.6892078,4.110514451859586
MLT,1988,0.9383443871285148,2019503068.0339282,8.414236295740324
MLT,1989,0.8476913592262123,2118655676.676493,8.179105581240023
MLT,1990,2.983405860635602,2547328747.5076056,6.2913909583114815
MLT,1991,2.54219284786975,2750216746.8842635,6.25649385366269
MLT,1992,1.633212098890449,3021942758.8397775,4.690931948983973
MLT,1993,4.144819541804884,2709193538.4252577,4.480748370880264
MLT,1994,4.129921816382586,2998505428.1459336,5.651105182733701
MLT,1995,4.426645502866542,3709396089.0363154,6.342491030350942
MLT,1996,2.054000000000089,3822547151.3846474,3.777335996904881
MLT,1997,3.112077919532723,3787023654.7323365,5.256980630863012
MLT,1998,2.385251354176611,4010111651.767608,5.125602507213344
MLT,1999,2.134768888063856,4111857836.400365,4.719974910810151
MLT,2000,2.369592875318062,4036809766.6602974,19.681269353068885
MLT,2001,2.929492443241039,4070867153.479631,-0.7572036518071741
MLT,2002,2.188490480605487,4455127397.867858,2.7411350337964535
MLT,2003,1.303837774426015,5418315225.493532,3.693310663072353
MLT,2004,2.790828480677541,6104141501.079281,0.4073544236558888
MLT,2005,3.007966524503134,6393234964.930608,2.881236524290685
MLT,2006,2.773780064814723,6749838861.631757,2.336188703167849
MLT,2007,1.249219237976292,7908412373.843134,5.03640177981643
MLT,2008,4.258621718970734,9172399572.85742,4.410596898276083
MLT,2009,2.084327460823426,8769897418.38144,-1.3952495614480256
MLT,2010,1.515635136185318,9097044301.481684,6.197349786569276
MLT,2011,2.9629852819288,9789363086.074923,0.9922017680115971
MLT,2012,2.375820577603862,9609530618.896877,4.101674602618914
MLT,2013,1.180284363665502,10796780874.052383,6.292333781166249
MLT,2014,0.3103064721816645,11888029751.596193,7.631362822504201
MLT,2015,1.100548263789292,11340789705.804525,9.620703028421815
MLT,2016,0.6427027715273043,12025777078.092169,4.078004222169824
MLT,2017,1.364354481507084,14161374599.337906,12.971342528784476
MLT,2018,1.15782362451517,16153785816.818106,7.189214255369166
MLT,2019,1.642060017689402,16337788880.578012,4.085055731224301
MLT,2020,0.6385449567767122,16404655807.668684,-3.4572823253741944
MLT,2021,1.497892179347241,19730119030.61984,13.35098189254984
MLT,2022,6.153756219330369,18938869147.081787,2.5927677688437853
MLT,2023,5.093967589788826,22625329775.686672,10.634055801700399
MLT,2024,1.650794692831088,25042712191.32812,6.212759969910337
MLT,2025,2.363517522521864,27771821560.941135,3.961561390189587
MMR,1960,7.389937107034908,545098447.6408623,
MMR,1961,-0.1464128828721027,605581577.2870662,0.47156108037917477
MMR,1962,-1.612903227272536,634528872.0203601,4.086872530448886
MMR,1963,-2.682563338341034,598998418.7245831,13.349294925120759
MMR,1964,-0.4594180689199591,411419905.84662116,-5.894018839624195
MMR,1965,17.69230769230747,367053117.2245234,10.692649510169062
MMR,1966,25.49019607843188,293103478.5484835,-4.851778704199006
MMR,1967,0.8333333322915851,420359035.89743596,-5.925258882626068
MMR,1968,2.376033057875617,559956130.2836221,12.059340183647848
MMR,1969,-4.339051463212154,571854214.589142,3.2917411206233567
MMR,1970,-4.008438817552767,563555630.7695452,4.979330597163354
MMR,1971,2.087912087911857,587448405.4887729,4.129962444514518
MMR,1972,7.642626480085932,662213082.7415351,2.4358413728674577
MMR,1973,25.19999999925016,719754655.3589644,-0.9681247183406043
MMR,1974,25.21166134220385,1225589878.0680919,5.342375689505374
MMR,1975,31.65566293480142,1061107353.6723164,4.1527091885210865
MMR,1976,22.3844016992292,1204699849.1259172,6.080396229302053
MMR,1977,-1.156687242528637,873579931.9299011,5.952286610570567
MMR,1978,-6.044706125702652,935408774.9519185,6.517817023141632
MMR,1979,5.672295028878272,952265043.4383826,5.201277480738213
MMR,1980,0.6081530838996136,1038225167.0588236,7.9385380808305825
MMR,1981,0.3184447332659153,1111000765.2898695,6.355754591951566
MMR,1982,5.304740405379926,1481165467.8321373,5.6038764255678615
MMR,1983,5.650083363454384,1381573615.2512999,4.391092679888089
MMR,1984,4.846311547690528,1304063253.0413625,4.932728026179902
MMR,1985,6.807566557683329,1478908173.2679565,2.851000238685316
MMR,1986,9.325461900076517,1582873750.3206818,-1.0573487569763529
MMR,1987,24.75999999999994,1562448076.6568878,-4.005631786068875
MMR,1988,16.04280218018556,1541088312.254534,-11.352439476812052
MMR,1989,27.19852644908879,2013448228.729754,3.6952974226771573
MMR,1990,17.62677503145038,2115193513.2955616,2.8169332732891093
MMR,1991,32.27203828664164,2069832686.9806094,-0.6506169086226237
MMR,1992,21.91321040079133,2411552288.76212,9.660942453467825
MMR,1993,31.83160687276003,3163020034.6363716,6.039410226631986
MMR,1994,24.09878607570193,4432257173.649197,7.477958358345276
MMR,1995,25.19471239728473,5289174942.534038,6.948051437029946
MMR,1996,16.27539663773738,6123556716.81329,6.442715347139966
MMR,1997,29.6972325791529,4722288495.660847,5.651582963048526
MMR,1998,51.48754975040789,6459461639.302425,5.866213153289053
MMR,1999,18.40104337416087,8486832800.884982,10.945129981710437
MMR,2000,-0.1091655146685647,8905066163.586428,13.74593055612263
MMR,2001,21.10130537692296,6477790688.228438,11.343997069960537
MMR,2002,57.07451126217031,6777632512.078098,12.025513434031481
MMR,2003,36.58971753239244,10467109977.671677,13.843996890379756
MMR,2004,4.534213741296925,10567354056.404905,13.564661616341553
MMR,2005,9.368618141967039,11986972418.5103,13.56895002164562
MMR,2006,19.99648733592144,14502553709.830305,13.076101379237244
MMR,2007,35.02459707176984,20182477480.551235,11.991435240214642
MMR,2008,26.79953719340217,31862554101.937805,10.255305392980787
MMR,2009,1.47234311385647,36906181380.81268,10.550009096193165
MMR,2010,7.718381958736143,49540813342.4834,9.634439452044404
MMR,2011,5.0214601462073,59977326085.99077,5.591482378236606
MMR,2012,1.467583226746787,59937796648.21576,7.332670447041494
MMR,2013,5.643038834255013,60269732854.82703,8.42600102501767
MMR,2014,4.953299184843998,65531374199.66632,8.169907455582774
MMR,2015,9.454171895260183,59607290407.61913,6.9928402902612135
MMR,2016,6.928825258160756,63298361996.2153,5.86247291518572
MMR,2017,4.572536553175196,66053040483.001625,6.136108243603047
MMR,2018,6.872328656629354,67860515989.517044,6.268862214710751
MMR,2019,8.825066968045581,75065106227.6892,6.579110067654142
MMR,2020,,79006113643.19055,-9.04834717984643
MMR,2021,,66345291160.16825,-12.016372482917674
MMR,2022,,62253049891.64494,4.0374934360085035
MMR,2023,,66757619000.0,0.9584466251261148
MMR,2024,,74068349523.80952,-0.9720464136336204
MMR,2025,,81665773809.5238,-2.011844757956652
MNA,1960,,21951472910.649174,
MNA,1961,,22897686866.956577,3.7484313614031066
MNA,1962,,23311084909.88004,2.619273241119771
MNA,1963,,25680699755.949978,11.220259939702927
MNA,1964,,28686249650.689354,10.173302102749375
MNA,1965,,31805270082.297245,12.225152356459361
MNA,1966,,33969222906.63194,7.155390672208256
MNA,1967,,37310104882.04062,7.575490538692804
MNA,1968,,41897056409.879364,12.429766339575792
MNA,1969,,46594338124.351326,11.040145660598299
MNA,1970,4.355595264705646,52340685839.18029,8.711707158094612
MNA,1971,4.155352068353301,59203404926.475426,5.557310354602677
MNA,1972,3.759170557222635,67256893601.320145,11.88599119864054
MNA,1973,7.970895563185996,82948300176.47496,5.459053354605544
MNA,1974,14.24893553825674,127536402558.07468,7.381557648708608
MNA,1975,9.669695481512449,146512034407.91937,3.1180514657360305
MNA,1976,10.31741588774135,180747741004.25452,15.165657771115889
MNA,1977,11.98928332210503,208782139713.40683,1.6894581496915464
MNA,1978,9.716032749543404,224123730505.34088,-1.8331859495468024
MNA,1979,9.117862965232955,278630477095.67456,-0.5045994957613544
MNA,1980,11.93823091070873,338338373925.4839,-3.2970489496843243
MNA,1981,11.87991359252828,330377717335.98926,-1.4074568150464728
MNA,1982,10.25880885562843,369223568282.77893,10.93437227512672
MNA,1983,6.207935388703134,404172364874.71576,4.738387435418261
MNA,1984,9.064759097377529,422201894143.4068,0.16980815192238197
MNA,1985,7.491500350337778,453639097860.5378,4.3457843609606925
MNA,1986,12.37160916512988,487666576966.6767,-1.7782232715597956
MNA,1987,6.061239729537299,426964720268.24036,1.028634926300498
MNA,1988,7.196969696969551,414053622198.11505,1.8243927929347592
MNA,1989,9.304361258431657,415824495443.93054,2.822514849643582
MNA,1990,9.052131552797764,561877077035.3181,9.86332706526052
MNA,1991,11.89609530112508,380581307810.6314,1.2135712767697129
MNA,1992,11.00917431192646,390454379064.224,4.978559776484204
MNA,1993,12.08979228689772,344284389323.80865,1.5436723260137768
MNA,1994,12.3681943936948,361933969778.07574,2.314456486641589
MNA,1995,12.34357851705133,403354671398.2625,2.9652636817284304
MNA,1996,7.18710369719992,446894233271.7637,5.953605736474657
MNA,1997,4.138815997747544,465770068925.84045,3.46069865180219
MNA,1998,4.4113685511030205,475820335214.5193,5.4157104499224005
MNA,1999,2.8848119922495625,515243741362.7457,4.212933301585693
MNA,2000,2.7410021389215187,577555393310.8584,5.746796897095209
MNA,2001,2.269757204759556,580255087940.9427,2.8930083948053777
MNA,2002,2.737238550003342,565029334317.5698,3.271481451939337
MNA,2003,4.268953958395005,624719536900.6072,2.6746423943269946
MNA,2004,3.961800302571874,739740924019.8937,7.702532485169925
MNA,2005,4.488323837939596,857124962326.4706,4.956211500776874
MNA,2006,6.518160608290492,996469269796.1923,5.4050733473342945
MNA,2007,4.854941467874743,1209996489935.981,5.821693956320303
MNA,2008,13.31704191409786,1469142385234.6204,3.470112415287602
MNA,2009,2.920897118053667,1421593053226.475,2.836997368144594
MNA,2010,3.95007875923886,1629127925063.3225,4.8328610609575975
MNA,2011,5.0687139477798,1909176954972.5657,-0.3655719660105632
MNA,2012,6.44121280934117,2056110731997.5906,3.5531261310674864
MNA,2013,4.824623142695372,1933842437518.535,1.123170225822264
MNA,2014,2.91692692067458,1923472432973.059,2.3969708082888417
MNA,2015,2.043617643002444,1784466385695.7712,1.1156115788071759
MNA,2016,3.6972592687048067,1852920687942.1443,5.562103616170759
MNA,2017,4.6486518442851175,1882187717766.3887,3.4024723443242664
MNA,2018,4.366150644712825,1881940334175.628,2.0983106637186637
MNA,2019,2.653881004536082,1838491544905.8303,1.395461161279627
MNA,2020,2.415130940834139,1672646665964.6638,-2.6198398576159576
MNA,2021,5.214049405130425,1944658742702.1538,4.332119573155026
MNA,2022,8.306461244476234,2165681910516.4329,4.320638529836302
MNA,2023,6.091141525041408,2094194824252.189,2.89591827095839
MNA,2024,4.046114553134342,2197681462518.6135,2.2613702026597906
MNA,2025,2.6936094077879753,2132889870483.3208,1.9954950778987097
MNE,1960,,,
MNE,1961,,,
MNE,1962,,,
MNE,1963,,,
MNE,1964,,,
MNE,1965,,,
MNE,1966,,,
MNE,1967,,,
MNE,1968,,,
MNE,1969,,,
MNE,1970,,,
MNE,1971,,,
MNE,1972,,,
MNE,1973,,,
MNE,1974,,,
MNE,1975,,,
MNE,1976,,,
MNE,1977,,,
MNE,1978,,,
MNE,1979,,,
MNE,1980,,,
MNE,1981,,,
MNE,1982,,,
MNE,1983,,,
MNE,1984,,,
MNE,1985,,,
MNE,1986,,,
MNE,1987,,,
MNE,1988,,,
MNE,1989,,,
MNE,1990,,,
MNE,1991,,,
MNE,1992,,,
MNE,1993,,,
MNE,1994,,,
MNE,1995,,,
MNE,1996,,,
MNE,1997,,838288806.0012926,
MNE,1998,,854261160.7142857,4.900004328526222
MNE,1999,,828950327.3532612,-9.399994869961162
MNE,2000,,984293043.8115647,3.099996662802454
MNE,2001,,1159869245.92513,1.0998409297946097
MNE,2002,,1286314054.191767,1.903936126013832
MNE,2003,,1708196980.6870553,2.4826589135152517
MNE,2004,,2077046941.9231715,4.426051471389215
MNE,2005,,2258016379.8163414,4.180602067049463
MNE,2006,2.924512581236478,2719979875.034114,8.566419917567572
MNE,2007,4.347122156561121,3682586459.4283648,7.137550164596362
MNE,2008,8.758727695887984,4559410049.103202,6.898600308602184
MNE,2009,3.466723732077934,4159063347.272458,-5.994448625387534
MNE,2010,0.6549465701484787,4136936243.543341,2.775597825478357
MNE,2011,3.4501431124869,4507127584.905651,3.409788124971925
MNE,2012,4.145247249811187,4071828832.3110948,-2.487328829653535
MNE,2013,2.205892681411779,4422097042.14762,3.3861254854024736
MNE,2014,-0.7105140517102266,4579635403.6524935,2.3703089246451583
MNE,2015,1.548691582224855,4010884106.801365,2.5230633397557085
MNE,2016,-0.2713850233851755,4357467226.268999,3.439305621099905
MNE,2017,2.380235990531304,4803964684.216479,3.216685047362745
MNE,2018,2.611223782637997,5433469310.851839,4.732921134339648
MNE,2019,0.3615637045407673,5483622632.130972,4.393915658215278
MNE,2020,-0.2556556998485512,4734192593.291686,-14.99261870235334
MNE,2021,2.410801984031652,5822908963.580526,13.046260742635909
MNE,2022,13.04030363470036,6259721790.0652,7.7395468951620074
MNE,2023,8.584769104554026,7643318276.403468,6.478362835185635
MNE,2024,3.336750092822814,8274290505.963671,3.164098863299131
MNE,2025,3.899609107049556,9232801464.792566,2.7445535425852228
MNG,1960,,,
MNG,1961,,,
MNG,1962,,,
MNG,1963,,,
MNG,1964,,,
MNG,1965,,,
MNG,1966,,,
MNG,1967,,,
MNG,1968,,,
MNG,1969,,,
MNG,1970,,,
MNG,1971,,,
MNG,1972,,,
MNG,1973,,,
MNG,1974,,,
MNG,1975,,,
MNG,1976,,,
MNG,1977,,,
MNG,1978,,,
MNG,1979,,,
MNG,1980,,2101394100.0,
MNG,1981,,2310099100.0,
MNG,1982,,2552401933.3333335,8.342136115057812
MNG,1983,,2725736633.3333335,5.8340379544949315
MNG,1984,,2098734599.9999998,5.933419452700946
MNG,1985,,2186505475.0,5.712872260801419
MNG,1986,,2896178866.6666665,9.374994512716725
MNG,1987,,3020611600.0,3.458648471349534
MNG,1988,,3204461566.6666665,5.1079723116501725
MNG,1989,,3576966800.0,4.17819574333862
MNG,1990,,2560785660.0,-3.184460178252067
MNG,1991,,2379018326.3157897,-8.693544731265575
MNG,1992,,1317611863.8497653,-9.256465703829036
MNG,1993,268.150488882784,768401634.1545731,-3.168791550278243
MNG,1994,87.58000932980804,925817092.217484,2.1343826947323663
MNG,1995,0.04351610095719227,1452165005.238403,6.376426886466604
MNG,1996,46.88995215311023,1345719472.358831,2.2350938433866503
MNG,1997,36.55611489487726,1180934202.8380105,3.8967135837791886
MNG,1998,9.357042177165477,1124440204.8473787,3.3399365993581682
MNG,1999,7.56494150307377,1057408588.6826869,3.070369010862663
MNG,2000,11.59553875933271,1136896123.6129804,1.1460621370910786
MNG,2001,6.277360204840061,1267997934.312504,2.9527105433811727
MNG,2002,0.9170746871842701,1396555719.9740865,4.7329784659011125
MNG,2003,5.12899499422419,1595297355.7834878,7.004634573848861
MNG,2004,8.241154494176191,1992066808.0959773,10.62540595993093
MNG,2005,12.71656740660532,2523471601.104208,7.2536654379601515
MNG,2006,5.09516661663157,3414055661.6159754,8.556234816643652
MNG,2007,9.63096309630964,4234999703.900587,10.248016359005746
MNG,2008,27.95566502463056,5623216608.042884,8.900367940675508
MNG,2009,7.619505935194102,4583850367.88972,-1.2685989360828245
MNG,2010,10.04620658816507,7189481998.900941,6.365161678631097
MNG,2011,8.411214953271012,10409797377.857065,17.290777586955542
MNG,2012,14.33033483258381,12292770631.564991,12.319819849403203
MNG,2013,10.49065675882415,12582122604.257748,11.648916187892496
MNG,2014,12.25398081297595,12226514668.062176,7.885225482047616
MNG,2015,5.735682819383272,11619892590.694118,2.379835807317221
MNG,2016,0.7332722273143972,11181350649.357347,1.4897844867957701
MNG,2017,4.301431053023421,11480847740.73598,5.636876386947719
MNG,2018,6.824247901455217,13178094720.498564,7.744880620248807
MNG,2019,7.301069535507288,14206359017.514322,5.602244220642547
MNG,2020,3.723723061402598,13312981429.08905,-4.557751975834307
MNG,2021,7.35894657888155,15286441737.668615,1.6367695773666213
MNG,2022,15.15097282008049,17146471713.748024,5.032709636652697
MNG,2023,10.34758313143399,20325121393.907364,7.422112761502504
MNG,2024,6.197799016584197,23794540024.513172,5.122045391226607
MNG,2025,8.605364873696947,25369107325.454926,6.843914159386074
MNP,1960,,,
MNP,1961,,,
MNP,1962,,,
MNP,1963,,,
MNP,1964,,,
MNP,1965,,,
MNP,1966,,,
MNP,1967,,,
MNP,1968,,,
MNP,1969,,,
MNP,1970,,,
MNP,1971,,,
MNP,1972,,,
MNP,1973,,,
MNP,1974,,,
MNP,1975,,,
MNP,1976,,,
MNP,1977,,,
MNP,1978,,,
MNP,1979,,,
MNP,1980,,,
MNP,1981,,,
MNP,1982,,,
MNP,1983,,,
MNP,1984,,,
MNP,1985,,,
MNP,1986,,,
MNP,1987,,,
MNP,1988,,,
MNP,1989,,,
MNP,1990,,,
MNP,1991,,,
MNP,1992,,,
MNP,1993,,,
MNP,1994,,,
MNP,1995,,,
MNP,1996,,,
MNP,1997,,,
MNP,1998,,,
MNP,1999,,,
MNP,2000,,,
MNP,2001,,,
MNP,2002,,1284000000.0,
MNP,2003,,1239000000.0,0.34317089910776133
MNP,2004,,1210000000.0,-3.0779753761969886
MNP,2005,,1061000000.0,-12.702893436838394
MNP,2006,,990000000.0,-6.87146321746161
MNP,2007,,938000000.0,-6.684027777777786
MNP,2008,,939000000.0,-11.069767441860463
MNP,2009,,795000000.0,-17.573221757322173
MNP,2010,,799000000.0,1.3959390862944048
MNP,2011,,729000000.0,-7.384230287859822
MNP,2012,,746000000.0,0.810810810810807
MNP,2013,,772000000.0,2.6809651474530796
MNP,2014,,832000000.0,4.177545691906005
MNP,2015,,910000000.0,3.383458646616532
MNP,2016,,1230000000.0,29.212121212121218
MNP,2017,,1560000000.0,23.170731707317074
MNP,2018,,1301000000.0,-19.497334348819493
MNP,2019,,1179000000.0,-11.447492904446548
MNP,2020,,866000000.0,-29.059829059829056
MNP,2021,,914000000.0,4.96987951807229
MNP,2022,,1096000000.0,16.64275466284076
MNP,2023,,,
MNP,2024,,,
MNP,2025,,,
MOZ,1960,,,
MOZ,1961,,,
MOZ,1962,,,
MOZ,1963,,,
MOZ,1964,,,
MOZ,1965,,,
MOZ,1966,,,
MOZ,1967,,,
MOZ,1968,,,
MOZ,1969,,,
MOZ,1970,,,
MOZ,1971,,,
MOZ,1972,,,
MOZ,1973,,,
MOZ,1974,,,
MOZ,1975,,,
MOZ,1976,,,
MOZ,1977,,,
MOZ,1978,,,
MOZ,1979,,,
MOZ,1980,,,
MOZ,1981,,,5.000002954225451
MOZ,1982,,,-6.899999442110143
MOZ,1983,,,-15.700002037194622
MOZ,1984,,,-6.499999879373718
MOZ,1985,,,0.9999967206655498
MOZ,1986,,,-2.299996026820324
MOZ,1987,,,14.700000423261656
MOZ,1988,,,8.199995180206258
MOZ,1989,,,6.50000455373727
MOZ,1990,,,0.9999928342770374
MOZ,1991,,3854856434.5806246,4.925451253688621
MOZ,1992,,2798696511.18156,-7.576647248800967
MOZ,1993,,2883161897.4265127,10.94043502972795
MOZ,1994,,2958108170.3206115,6.440183695219943
MOZ,1995,,3061646173.7393775,2.1228938059235674
MOZ,1996,,4030146134.5706015,10.695910979771782
MOZ,1997,,4873663774.930193,11.814945944758776
MOZ,1998,,5551118148.73836,10.369232497497748
MOZ,1999,,6285219691.224625,11.81698652725504
MOZ,2000,,5930685214.615951,0.7662349557734416
MOZ,2001,,5650154067.103462,12.85168202077358
MOZ,2002,,5950769426.602135,9.668505346694275
MOZ,2003,,6583526860.580616,7.217700865696557
MOZ,2004,,7937255565.357649,8.204704947885773
MOZ,2005,6.427552780700866,8868504899.946728,6.312023780231925
MOZ,2006,13.24508790709988,9509835536.93373,9.910677567829154
MOZ,2007,8.489486754974553,10811456005.94048,7.649353937958665
MOZ,2008,14.50280530022677,12920340964.65435,6.878029425609952
MOZ,2009,3.788613309146254,12263894790.012465,5.928971874608152
MOZ,2010,12.42554217351563,11411894723.864027,6.679729356628641
MOZ,2011,11.1666056127874,14619279988.71596,7.134058423004447
MOZ,2012,2.602454569566181,16688114144.074518,7.994503161072203
MOZ,2013,4.261352509419634,17198073057.198067,6.571413896655372
MOZ,2014,2.55974875844295,17978246586.066242,7.7025684483930945
MOZ,2015,3.550759673567459,16208985769.614956,7.393093698637699
MOZ,2016,17.41804181975971,12069051237.171114,4.696990242257954
MOZ,2017,15.11320738993842,13264640645.77679,2.6382073731065816
MOZ,2018,3.911334399907289,15017358952.845171,3.484932024227817
MOZ,2019,2.802703079281112,15512759046.671955,2.3178139482147486
MOZ,2020,3.483935674932038,14235420174.18844,-1.2195225001119212
MOZ,2021,6.408476529756918,16168055475.444891,2.3774357276150653
MOZ,2022,10.27940180934209,18884232598.869778,4.369308019380398
MOZ,2023,7.126974821318511,20927498317.30941,5.5038445665024085
MOZ,2024,4.078568348120219,22752244245.472965,2.148924991353553
MOZ,2025,4.368469501461496,22337997046.191315,-0.5234853820723373
MRT,1960,,,
MRT,1961,,159213430.20475426,
MRT,1962,,164271557.5134733,0.7266083786405773
MRT,1963,,168186297.28107667,-1.9837675752010853
MRT,1964,,224495743.86503845,27.690886351932136
MRT,1965,,255340474.99782762,16.138330502050422
MRT,1966,,266533605.1858308,0.23096196671484392
MRT,1967,,282615310.21628356,3.5671328969529412
MRT,1968,,311395937.32295644,10.196442624668094
MRT,1969,,295062308.47469574,1.248532089149407
MRT,1970,,309405315.98666954,11.985931150311927
MRT,1971,,335568907.0519372,1.842886437867321
MRT,1972,,391669449.29074574,-0.73290786787895
MRT,1973,,493237876.27303094,-4.5847569331991735
MRT,1974,,613010552.5007759,12.162611059057028
MRT,1975,,703377837.4522233,-5.134374447094231
MRT,1976,,775045516.8277907,8.546104930215819
MRT,1977,,799030017.0574645,-1.878593682350612
MRT,1978,,804629876.848091,-0.5047138330160408
MRT,1979,,951900945.2524923,4.790039837686237
MRT,1980,,1047925105.5449656,3.3712102190244195
MRT,1981,,1105494681.6319337,3.450288419660467
MRT,1982,,1108776652.7838864,-2.339924122419845
MRT,1983,,1165171263.345926,3.735342027121007
MRT,1984,,1074373230.3627412,-3.2268644524964714
MRT,1985,,1009723326.3280795,2.9947605044284558
MRT,1986,7.433333333333196,1186628778.487395,5.713579354804693
MRT,1987,8.152342538008714,1344664724.6899056,1.9003841518219673
MRT,1988,1.319658610054818,1414951290.066825,1.7203979762208945
MRT,1989,12.93268209810992,1450647019.1809852,4.777585420010723
MRT,1990,6.600225648740178,1506914407.8204668,-1.7713045332738062
MRT,1991,5.628666666666988,2133692696.7485716,1.7880872631220228
MRT,1992,10.14181756215103,2164298425.4841185,1.8741257364961257
MRT,1993,9.370344159714605,1847353211.3474987,5.873637420642936
MRT,1994,4.128258612954418,1944876755.0070808,-3.0607321674480232
MRT,1995,6.54379068524171,2091726101.430141,9.819800395674449
MRT,1996,4.681306239164126,2132087009.2894218,5.818826630435936
MRT,1997,4.62534695318394,2071996564.0529583,-4.044696546782177
MRT,1998,8.031666654988577,2032347664.9499302,2.777804797370152
MRT,1999,4.074176135967543,1985922775.5335116,3.673178323224022
MRT,2000,3.254067458333583,1779520886.4701493,-3.9180258792329283
MRT,2001,4.714896346896095,1746063557.6135542,-0.7994938157893472
MRT,2002,3.895705257584902,1777057481.2604308,1.3814839619905825
MRT,2003,5.151901507695781,2051147606.736874,6.928269551063025
MRT,2004,10.36762334730735,2362501023.2424912,4.7327579245203
MRT,2005,12.12564871855412,2936019525.60241,8.566287249066676
MRT,2006,6.241033281428202,3919577285.927029,18.33319875977135
MRT,2007,7.254108413048872,4346212355.029747,-1.9694227516076097
MRT,2008,7.346635412497862,5206437193.804133,-0.33107919527837737
MRT,2009,2.220920323817791,4714595547.751017,0.09787587197280345
MRT,2010,6.283540874277036,5628878797.982574,2.620229520553778
MRT,2011,5.686319595759542,6764627745.903299,4.172783283044183
MRT,2012,4.902427272179972,6728208836.221428,4.470013182336928
MRT,2013,4.129101737833927,7230646063.359826,4.150813186271705
MRT,2014,3.534368561473237,6615483550.178172,4.274823271302836
MRT,2015,3.25472688117631,6182303676.551437,5.376339236949363
MRT,2016,1.471710456500036,6407900701.2582855,1.2609092244830293
MRT,2017,2.254276519348126,6812472965.338677,6.270545693865742
MRT,2018,3.067359960583556,7475471309.522651,4.772173638901549
MRT,2019,2.300092621179372,7894764885.823116,3.141004892646393
MRT,2020,2.385694884563199,8260567356.816349,-0.3606573865228597
MRT,2021,3.565164846501848,9221044666.76483,0.7427154981401998
MRT,2022,9.52526628622843,9562497460.553938,6.7960049994760965
MRT,2023,4.953050345068724,10687541640.129868,6.8094900245797305
MRT,2024,2.491643474819718,10879212033.482285,6.307602119040197
MRT,2025,1.547969261670724,11679910946.437113,4.0289197656794755
MUS,1960,,162089563.82956383,
MUS,1961,,191757729.4777295,22.849094995666093
MUS,1962,,197738207.85820785,0.8064869027254389
MUS,1963,,253839557.94955796,13.894525614336217
MUS,1964,1.895574172809982,218914569.18456918,-6.889492993565128
MUS,1965,1.78556598298231,230024160.52416053,3.196979896596602
MUS,1966,2.50489556095841,227534083.45408347,-3.5682045475245587
MUS,1967,1.878532197816459,238439290.86722183,4.384129364469487
MUS,1968,6.97710758672967,206576630.57663056,-6.889655736133022
MUS,1969,2.315220566764722,221553612.87361285,4.932970890351825
MUS,1970,1.541865943256695,224125805.005805,-0.40234302229215757
MUS,1971,0.3163444636925385,251437337.84149104,4.2735634480461755
MUS,1972,5.395935529334037,318664899.63709086,8.346362138583956
MUS,1973,13.4507978726776,404285775.07971865,11.981686325423155
MUS,1974,29.11563031109199,669894029.6243693,8.811826197933101
MUS,1975,14.73832327175495,673311287.0733824,0.9060902793533501
MUS,1976,12.95572916718359,713510051.5226688,23.752444017088365
MUS,1977,9.172498970748004,834722972.1998732,6.547619054102569
MUS,1978,8.545139150822854,1029040323.3670411,3.8308060860729967
MUS,1979,14.46637020583035,1227446632.1756065,3.516525746766689
MUS,1980,41.99951438656987,1147027924.1080375,-10.061258496725216
MUS,1981,14.46159107421063,1157769443.5946255,5.8823529013973115
MUS,1982,11.41569312836511,1092923635.5776703,5.497075927729256
MUS,1983,5.589498018439389,1104956573.0980163,0.38379530959333863
MUS,1984,7.389162561694713,1054564759.0532779,4.698385727777648
MUS,1985,6.698703946584978,1090611324.6814,6.95447546147048
MUS,1986,1.632653061224855,1482601552.401919,9.74203332131593
MUS,1987,0.518741633199852,1906174437.9676163,8.891039826652928
MUS,1988,9.159314133510541,2163252449.1310844,6.791346747671852
MUS,1989,12.67004209113602,2211312823.205758,4.465148607246562
MUS,1990,13.48808879263709,2689212760.185763,7.186736770959996
MUS,1991,7.001013775418793,2895354736.1833158,4.435446261772242
MUS,1992,4.643519298837085,3267677814.2398405,6.5126985828347586
MUS,1993,10.51783844728956,3307302125.875275,5.082062955742586
MUS,1994,7.323471544122941,3606050873.0138974,4.136142861455298
MUS,1995,6.029331884845317,4094741652.3004847,4.287736571452669
MUS,1996,6.550973360655728,4481489761.54368,5.587843926662501
MUS,1997,6.83334334996102,4243755307.5523887,5.6874774188663935
MUS,1998,6.810793237971935,4225813976.3635945,6.07194017756207
MUS,1999,6.909146248667734,4402193195.469448,2.6109323441299495
MUS,2000,4.199288256228066,4726108622.476615,8.202791748652729
MUS,2001,5.389344262295082,4675755867.176569,3.3475407273142963
MUS,2002,6.419333722211492,4906494249.382551,1.6149186586243758
MUS,2003,3.921053575581875,5894873919.74797,5.925445489477397
MUS,2004,4.710370601058835,6667418752.073067,4.330019854643226
MUS,2005,4.937170049817947,6576108447.475309,1.7775430203446518
MUS,2006,8.91350105650142,7137710412.936872,4.865544607755339
MUS,2007,8.827292723932938,8277474849.950449,5.763802194530683
MUS,2008,9.732283171468866,10127741914.532393,5.463056504228405
MUS,2009,2.516091281451126,9264482255.83389,3.36352090607312
MUS,2010,2.932363013698569,10144716154.935616,4.39672657214976
MUS,2011,6.522492548693411,11677718382.425943,4.1455526256101365
MUS,2012,3.852160333159827,11832323837.107069,3.510620901672638
MUS,2013,3.543295739348387,12434596541.299574,3.3975508522064928
MUS,2014,3.217691919946845,13230490081.565582,3.8577390528068918
MUS,2015,1.286549707602317,12162211503.079298,3.7176636210883203
MUS,2016,0.977675134718965,12757680846.56629,3.885761210760336
MUS,2017,3.666997026759247,13896938315.279932,3.954417309602647
MUS,2018,3.216053831445703,14957535715.969637,4.1166936945649155
MUS,2019,0.4056551903095534,14645235204.617575,2.863949386847338
MUS,2020,2.580800771828295,11566111137.55677,-14.197435813779151
MUS,2021,4.028528881573756,11622048696.812899,3.3380908405727894
MUS,2022,10.77375122428991,12936444123.303709,8.342443802504704
MUS,2023,7.05298238454736,14072212290.459597,4.699181896874435
MUS,2024,3.604522038479597,14938055690.36086,4.948442352505737
MUS,2025,3.673592799629431,16157804491.761381,3.151573953058673
MWI,1960,,,
MWI,1961,,,7.639597855820639
MWI,1962,,,0.668364743563373
MWI,1963,,,-1.3910785179282357
MWI,1964,,,2.6611032679972624
MWI,1965,,,13.616493420318562
MWI,1966,,,13.249036322299276
MWI,1967,,,7.281549943486667
MWI,1968,,,-1.9230791677437509
MWI,1969,,,5.882359892612428
MWI,1970,,,0.47929797751164926
MWI,1971,,,16.21856363443959
MWI,1972,,,6.231349010585845
MWI,1973,,,2.30066157066571
MWI,1974,,,7.1759636181625694
MWI,1975,,,6.086823806286773
MWI,1976,,,4.9977312423645515
MWI,1977,,,4.918031368485714
MWI,1978,,,9.745068030604884
MWI,1979,,,4.396153735879253
MWI,1980,,1801156774.568524,0.40674641255640154
MWI,1981,11.81469755002124,1801193909.52073,-5.290119276762624
MWI,1982,9.82116244432078,1717379494.6324475,2.503453749824331
MWI,1983,13.5025105170179,1780148049.4363544,3.7187091508484684
MWI,1984,20.02630320423249,1758028656.1292787,5.360304026023826
MWI,1985,10.51897599371658,1646442272.890942,4.570982013125644
MWI,1986,14.04686795876443,1722586299.4089968,-0.2148024012488179
MWI,1987,25.15509542829113,1721711808.4811134,1.6252392930692423
MWI,1988,33.91216493543387,2008189508.3787498,3.1772914000884214
MWI,1989,12.44636205026642,2314205129.580319,1.3446895092356783
MWI,1990,11.82353804541513,2737087861.622452,5.692294634032223
MWI,1991,12.61531538288492,3206783830.4177947,8.730231762338377
MWI,1992,23.75135302303987,2618837835.025081,-7.332978337479645
MWI,1993,22.7727102336625,3013392657.999109,9.691840595127815
MWI,1994,34.64963615083235,1719864761.306281,-10.24018171162166
MWI,1995,83.32577475434584,2033701497.9708502,16.728817300342328
MWI,1996,37.60204502350164,3319573749.611898,7.316681782239698
MWI,1997,9.137352430034948,3875785863.383234,3.792419093549171
MWI,1998,29.74865128282636,2547609590.069837,3.8952535032842377
MWI,1999,44.80416428616744,2584478924.0608053,3.0422781367185507
MWI,2000,29.58148846316839,2537307580.328084,1.5760776261689529
MWI,2001,22.7,2498008664.669095,-4.974963618924761
MWI,2002,14.74463461016033,5087328437.873696,1.7000000307831726
MWI,2003,9.576797869192145,4669789300.356621,5.7056394046741445
MWI,2004,11.42980608221236,5058726350.488958,5.4204975499382755
MWI,2005,15.41034466042956,5320409651.475436,3.2687260231706574
MWI,2006,13.97429435483877,5818279739.143541,4.699999764046908
MWI,2007,7.952209908640304,6451210219.116831,9.599999876834687
MWI,2008,8.712601866090434,7743617352.21427,7.639736399445908
MWI,2009,8.422044276966554,9009887946.820395,8.328109852403799
MWI,2010,7.41159092883827,10128323010.604923,6.874065854161415
MWI,2011,7.6228226284852,11648142958.365147,4.9326699981372855
MWI,2012,21.27126500137791,8773203178.16512,1.9000000007290936
MWI,2013,27.28333333333336,8031571927.620549,5.410349998171668
MWI,2014,23.79206494696866,8801326169.14547,5.6252700010513905
MWI,2015,21.86734755425529,9219474379.315342,2.800000000033549
MWI,2016,21.71111321364988,7909868618.46366,2.499999999143114
MWI,2017,11.54339391887714,8943543793.583902,4.000000000891717
MWI,2018,12.42017810892101,9879220354.29186,4.3535647161921105
MWI,2019,9.370836056056698,11051852712.614197,5.7168251919433715
MWI,2020,8.625514696505519,11769313597.85449,0.7935964297872857
MWI,2021,9.330144108352115,12378119199.083906,4.558292120160829
MWI,2022,20.95396972996904,12429059928.101988,0.9211150690059355
MWI,2023,28.78974282472983,13363669672.940546,1.9457528167598355
MWI,2024,32.17965042250251,11311971400.386404,1.673434085291504
MWI,2025,28.3702565330281,14918276698.302967,1.8851870782166316
MYS,1960,0.063182597888167,1916229477.1365664,
MYS,1961,-0.1804077216315654,1901856122.7223134,7.59799400028281
MYS,1962,0.1084402678480898,2001489602.1847498,6.421029609043117
MYS,1963,3.105253656083443,2510110348.161844,7.338803526823341
MYS,1964,-0.4027315710036582,2674423922.4884195,5.358962909710556
MYS,1965,-0.1054852322437895,2956337669.295248,7.684863474673193
MYS,1966,0.9679690252613689,3143517943.826318,7.816711026188187
MYS,1967,4.575562140332911,3188924677.089526,3.8571464916198295
MYS,1968,-0.1583465287945673,3330371551.2116084,7.977994642011737
MYS,1969,-0.4090150252940695,3664552041.3429937,4.888533652561236
MYS,1970,1.843935965563875,3864145667.4136453,5.986538630319856
MYS,1971,1.613035963958077,4244395955.783583,10.034660580343797
MYS,1972,3.231554223548736,5043347250.418151,9.388444990989612
MYS,1973,10.56017574131009,7662902677.9026985,11.701081611994539
MYS,1974,17.32898098244111,9496204301.749805,8.318661973619783
MYS,1975,4.487722269159062,9298800799.467022,0.8010680921923381
MYS,1976,2.633711507305714,11050234598.624868,11.563489777254603
MYS,1977,4.788224014459644,13139488632.554647,7.753058380339979
MYS,1978,4.860064585542518,16358079862.109583,6.653892215004632
MYS,1979,3.654467997964138,21213264962.01407,9.34909993075928
MYS,1980,6.674919534505103,24488224677.210487,7.441826779344069
MYS,1981,9.70000000000015,25004285791.78647,6.942104201181735
MYS,1982,5.818900029778301,26804493635.329742,5.943152458010175
MYS,1983,3.704235463193726,30347442110.93161,6.252230810926733
MYS,1984,3.897272601497682,33942897422.04654,7.7617901221888275
MYS,1985,0.3464587912598837,31199633352.959793,-1.0252502534207082
MYS,1986,0.7370028553919387,27734111399.75254,1.2405949275068764
MYS,1987,0.2900079094384121,32181210157.967136,5.191932112727017
MYS,1988,2.556519453207422,35272109220.198845,9.93771967651989
MYS,1989,2.813200897148054,38847965292.91852,9.059600866504297
MYS,1990,2.617801047120508,44024585239.61366,9.008527137746285
MYS,1991,4.358333333333004,49143148094.26826,9.545467414430519
MYS,1992,4.767228299928205,59167550162.955986,8.88511797832156
MYS,1993,3.536585365853888,66894966968.973564,9.894943333770641
MYS,1994,3.724970553592836,74478356957.78082,9.212041793348675
MYS,1995,3.450575095848948,88705342902.71132,9.829085197308117
MYS,1996,3.48855945858916,100855393910.48573,10.002700686184411
MYS,1997,2.662514597119463,100005323301.8667,7.322741850359236
MYS,1998,5.270342003487656,72167498980.8398,-7.359415188175561
MYS,1999,2.744561302406039,79148421052.63158,6.137612010576916
MYS,2000,1.534740236976995,93789736842.10527,8.858868169693864
MYS,2001,1.416784732060981,92783947368.42105,0.5176753191928611
MYS,2002,1.807872462815361,100845526315.78947,5.390988306927966
MYS,2003,1.089676325772861,110202368421.05264,5.788499285887497
MYS,2004,1.421271159374023,124749473684.21053,6.783437723703045
MYS,2005,2.975070926844491,143534405818.50137,5.332139161414858
MYS,2006,3.60923564224389,162692258307.0555,5.5848470671515
MYS,2007,2.027353177795685,193549569477.73267,6.298785927409469
MYS,2008,5.44078221100769,230811614370.38364,4.8317698891309675
MYS,2009,0.583308405623702,202257453036.6409,-1.5135287159871353
MYS,2010,1.622852355770353,255017638455.5897,7.424847383260968
MYS,2011,3.1744709215131,297951668674.83466,5.2939128341400306
MYS,2012,1.663571024792059,314443047642.11096,5.473454192538526
MYS,2013,2.10501231233612,323276235524.41534,4.693722525578934
MYS,2014,3.142990508790954,338066095097.2544,6.006721945582029
MYS,2015,2.104389802383585,301355266964.9473,5.091532421550113
MYS,2016,2.090566595257424,301256033870.33356,4.449781397615411
MYS,2017,3.871201157742374,319109094160.3431,5.812722409833285
MYS,2018,0.884709160571235,358788845712.5297,4.843086976348815
MYS,2019,0.6628918657643263,365177721021.5161,4.413187421295859
MYS,2020,-1.138702153930499,337456163961.2112,-5.456846584267012
MYS,2021,2.477102414654468,373784553029.9776,3.3153495439916583
MYS,2022,3.378698625499285,407830525989.55347,9.031737230444506
MYS,2023,2.488865601257539,399949418752.6573,3.537063804105699
MYS,2024,1.834100204499002,422227005428.68805,5.1054592102404115
MYS,2025,1.380608722936919,472193128644.5973,5.1712708291105685
NAC,1960,1.4083358192259121,582624755153.8473,
NAC,1961,1.044745451839674,603055003182.7316,2.3654061354933873
NAC,1962,1.1301722367336047,646056325348.9297,6.1989537994275
NAC,1963,1.4339103409959049,682281489551.1246,4.466649755293872
NAC,1964,1.5955281337341418,733740484526.0214,5.86788687820507
NAC,1965,1.958913232323985,796652272547.4874,6.392852492884742
NAC,1966,3.4153672226344653,874400174025.3759,6.523608511003758
NAC,1967,3.1763689449481025,925611758906.7311,2.5489628778755673
NAC,1968,4.16354784602792,1012423833006.1602,4.814711038735766
NAC,1969,5.011972550985188,1097008083538.6107,3.2531811130631354
NAC,1970,4.592147576060413,1161681557632.309,0.43370120021117486
NAC,1971,3.498842360458677,1264667554743.5134,3.351698388407854
NAC,1972,4.13015348879917,1392809248873.6233,5.275138849168016
NAC,1973,6.832703673086247,1557409843565.643,5.732036012469081
NAC,1974,11.025987975245389,1706504788139.059,-0.2178379178298968
NAC,1975,9.907667730029694,1859668757176.5627,-0.053726040826447274
NAC,1976,6.643275632656163,2081069912576.0647,5.433539779204082
NAC,1977,7.239064695437049,2294598176304.654,4.529805890090486
NAC,1978,8.302343595184098,2571444342386.2534,5.377301955924622
NAC,1979,10.199574054175661,2871741324295.714,3.213028414464091
NAC,1980,11.839211241756855,3132696865996.0527,-0.04410605902226905
NAC,1981,11.40316387755715,3515026742787.859,2.6143285842887565
NAC,1982,8.450199449994424,3659222307440.608,-1.9251824833329465
NAC,1983,4.538011631467161,3976793677182.7324,4.406438356740011
NAC,1984,4.302656889575829,4395317100091.542,7.11836272375524
NAC,1985,3.7538373463728503,4706204512481.651,4.2143770064167825
NAC,1986,3.046417006599482,4959811337023.723,3.350319981694682
NAC,1987,4.010335964867151,5289645738278.708,3.506586185935916
NAC,1988,4.052987628080121,5747233127658.553,4.196652651280644
NAC,1989,4.90531246497451,6210293493275.242,3.557748464929716
NAC,1990,5.089216686633145,6560811991360.985,1.7444363720280194
NAC,1991,4.93041402523427,6772291612315.613,-0.2731083397884362
NAC,1992,2.25947629094757,7116394258318.853,3.308204661643103
NAC,1993,2.4083681657324894,7439432921639.398,2.7444883218725096
NAC,1994,1.3865022530309088,7869047506907.263,4.064132931473836
NAC,1995,2.477090009557553,8247740840061.205,2.685011836311517
NAC,1996,2.250867662502897,8706425384132.744,3.6073179689901593
NAC,1997,1.97945315907633,9235472549085.799,4.434224627170408
NAC,1998,1.2741107777008287,9699947073918.434,4.4370912237791345
NAC,1999,1.9614350740163808,10312910648521.3,4.815017435460959
NAC,2000,3.048148614209526,10999205634931.586,4.16197049524996
NAC,2001,2.675645629326564,11324591275355.37,1.0302226007798936
NAC,2002,1.9222130179572816,11693695836551.58,1.8012475018389011
NAC,2003,2.514329093481134,12356178599084.645,2.7170385841258877
NAC,2004,2.2672477058321414,13248371709917.752,3.787375391561085
NAC,2005,2.8031494399465897,14217183637402.87,3.4612832144555625
NAC,2006,2.613984748022826,15141018255289.139,2.7743146220173003
NAC,2007,2.4955282370848764,15949815407783.258,2.0080830535319762
NAC,2008,3.1046854855469905,16329835439550.14,0.18162444560050517
NAC,2009,-0.028039731645224192,15859350766599.598,-2.604607673817071
NAC,2010,1.708457491658087,16672954718091.465,2.7239591993545247
NAC,2011,3.0344883286727553,17399380418900.852,1.6862114336909144
NAC,2012,1.792507748252916,18088707665071.973,2.2433785618713387
NAC,2013,1.201562276721242,18733732587414.43,2.133496898196313
NAC,2014,1.7644294422933942,19420303676808.977,2.549447164247539
NAC,2015,0.6219342482476128,19858183921200.23,2.7611043877092243
NAC,2016,1.3451713763581066,20339809161640.92,1.7574135378599038
NAC,2017,1.863497066094689,21268513812514.617,2.5028450029889626
NAC,2018,2.355404484704599,22389072713237.69,2.947893120720238
NAC,2019,1.880739549688066,23291134417156.855,2.530365813651983
NAC,2020,0.9752920143070601,23037855330881.992,-2.3123624788596686
NAC,2021,4.04652602445635,25755312987896.777,6.136409237011733
NAC,2022,7.402800486968669,28262944669046.316,2.6888120716727286
NAC,2023,3.9976699908145665,30016713196347.41,2.859451329165026
NAC,2024,2.665554518831902,31577283688683.445,2.7360679164784187
NAC,2025,,33099237425506.203,2.129723848627833
NAM,1960,,,
NAM,1961,,,
NAM,1962,,,
NAM,1963,,,
NAM,1964,,,
NAM,1965,,,
NAM,1966,,,
NAM,1967,,,
NAM,1968,,,
NAM,1969,,,
NAM,1970,,,
NAM,1971,,,
NAM,1972,,,
NAM,1973,,,
NAM,1974,,,
NAM,1975,,,
NAM,1976,,,
NAM,1977,,,
NAM,1978,,,
NAM,1979,,,
NAM,1980,,2421990338.120832,
NAM,1981,,2249908578.031152,0.9714495001507402
NAM,1982,,2118710248.3293672,-0.39809074411238043
NAM,1983,,2297400687.550489,-1.8234503749055904
NAM,1984,,1951260037.9454165,-0.23689152504525168
NAM,1985,,1608237350.4436493,0.4641712618034006
NAM,1986,,1809048527.1103425,4.767269666328275
NAM,1987,,2300068216.9689784,3.5537691411760477
NAM,1988,,2495094746.4402404,0.8131489428211154
NAM,1989,,2535135797.5076613,1.8586749623072905
NAM,1990,,2789921853.531123,2.047459939894324
NAM,1991,,2996869281.4836407,8.165612502627795
NAM,1992,,3429521699.4025974,7.189342522805248
NAM,1993,,3251188833.145334,-1.5795391591690304
NAM,1994,,3666503529.6291146,1.7298794884707434
NAM,1995,,3978514206.31168,3.899014221104295
NAM,1996,,3989163196.5676665,3.1913243011146903
NAM,1997,,4154989950.003928,4.2201003038447595
NAM,1998,,3873109865.5568347,3.2915856206481777
NAM,1999,,3868551730.3916335,3.3692784244549756
NAM,2000,,3922232164.831751,3.492183363651776
NAM,2001,,3557341215.1515923,1.1779486946791735
NAM,2002,,3349169826.3889647,4.788661218821105
NAM,2003,7.136153114586299,4926439383.514245,4.239794295821369
NAM,2004,4.136632131447484,6609205994.7740555,12.269548103676883
NAM,2005,2.281946070243065,7248374837.720556,2.52926265819022
NAM,2006,4.961166892989158,8001779551.063232,7.073175318458254
NAM,2007,6.547881411017173,8839536475.999632,5.374044151676344
NAM,2008,9.094643071928095,8607431497.49471,2.6498120378026755
NAM,2009,9.451726515217048,8938847189.075916,0.29597091400108866
NAM,2010,4.874919876439499,11431412421.13161,6.039249479558578
NAM,2011,5.005595180812,12523359440.549862,5.09133813864338
NAM,2012,6.72199777334886,13042053591.685684,5.0616820696264
NAM,2013,5.600925022904008,12043307277.123508,5.614719622544854
NAM,2014,5.350169668596022,12435430969.630136,6.092519159779556
NAM,2015,3.394015384105586,11335161083.506102,4.264174537636748
NAM,2016,6.728582345933377,10722018732.093588,0.03379445020632943
NAM,2017,6.145799811111642,12895153370.91319,-1.0272480885670916
NAM,2018,4.291591053378753,13682019076.402178,1.0599394986075197
NAM,2019,3.722394144226946,12541928303.47997,-0.8391521634193566
NAM,2020,2.209382369334692,10583748541.525812,-8.10140201443319
NAM,2021,3.61690530108814,12402486183.639603,3.6038291924870265
NAM,2022,6.081281141124132,12569449123.366074,5.398724780365399
NAM,2023,5.879934632842747,12522012873.795668,4.3249804886680465
NAM,2024,4.239039228770362,13641190683.464113,3.7785172326759096
NAM,2025,3.510745396095873,15080340653.52756,1.730181538423352
NCL,1960,,,
NCL,1961,,,
NCL,1962,,,
NCL,1963,,,
NCL,1964,,,
NCL,1965,,159594492.46365508,
NCL,1966,,164206536.44516236,-3.848577701177277
NCL,1967,,180036767.6488609,5.400791442506986
NCL,1968,,215507162.56892997,14.262554689016312
NCL,1969,,263108841.33841592,15.716313385864396
NCL,1970,,358815684.07189184,30.999289731945822
NCL,1971,,413985778.5896558,6.999215676069895
NCL,1972,,506808996.69466096,3.3984995462724896
NCL,1973,,542293399.8626184,-11.199308627722473
NCL,1974,,637403478.4924859,12.701115202272888
NCL,1975,,816652164.4002408,6.4994718046191196
NCL,1976,,798313521.6898026,2.299998213756794
NCL,1977,,837620126.5585284,1.8998242817421556
NCL,1978,,846004687.7580928,9.800007195871572
NCL,1979,,1047225723.5738628,-13.600005070034385
NCL,1980,,1182463951.2181408,-0.39999455233315473
NCL,1981,,972564154.8151307,-6.999999370124669
NCL,1982,,904599869.7258327,2.3999924884235355
NCL,1983,,823857893.1631225,-1.9999975695876486
NCL,1984,,796066194.7385732,1.7999992389876098
NCL,1985,,854820893.5771364,4.500000496843427
NCL,1986,,1201321513.7666707,-1.0000034956538428
NCL,1987,,1488093101.5027547,5.70000274552396
NCL,1988,,2072775508.1479635,34.6000006526707
NCL,1989,,2185082938.930778,10.999999473252032
NCL,1990,,2529440424.1664762,3.6000012717431957
NCL,1991,,2653780672.0955467,4.900028143842448
NCL,1992,,2923883281.085792,0.5199948383922219
NCL,1993,,2822243780.9754252,0.5297946545371133
NCL,1994,,3038728384.866342,2.590186905636685
NCL,1995,,3628440505.141931,5.9400311023841965
NCL,1996,,3606968435.9991674,0.4498790835056212
NCL,1997,,3291131281.040994,2.0071523304286103
NCL,1998,,3556304832.6810384,-3.2002755272662142
NCL,1999,,3647802049.809107,0.9001725191734948
NCL,2000,,3420032041.073849,2.1001088268880466
NCL,2001,,3297734891.146612,
NCL,2002,,3740056747.719794,
NCL,2003,,4915353827.105759,
NCL,2004,,5895008977.953097,
NCL,2005,,6238629487.013308,
NCL,2006,,6979155387.867922,
NCL,2007,,8819917180.342648,
NCL,2008,,9067619760.070732,
NCL,2009,,8704438102.201416,
NCL,2010,,9364350076.912247,
NCL,2011,2.428996937533831,10351448004.767365,
NCL,2012,1.749672346002621,9659151917.404844,
NCL,2013,1.27761318992718,10151382933.159395,
NCL,2014,0.1788510607855111,10635035594.752802,
NCL,2015,0.5705081410484018,8738203074.395699,
NCL,2016,0.578317435520754,8724568954.897991,
NCL,2017,,9174048681.98577,
NCL,2018,,9896402283.685873,0.4000000000000057
NCL,2019,,9475655324.594954,-1.3999999950665938
NCL,2020,,9454629467.914082,-2.400000006921445
NCL,2021,,10071349663.848383,-2.099999997255196
NCL,2022,,9623318718.314594,3.500000002890971
NCL,2023,,9769167530.357439,2.799999996036817
NCL,2024,,8548919387.126066,-13.499999998974673
NCL,2025,,,
NER,1960,,449526873.2958902,
NER,1961,,485785230.9789874,4.546393036601714
NER,1962,,531736599.25046444,10.278713498899677
NER,1963,,586294878.7446434,9.428229320008327
NER,1964,1.004016064266713,582816396.4044087,0.13103989108526548
NER,1965,4.373757456305915,673383510.8128659,6.919761817610407
NER,1966,10.57142857047611,702296078.5931734,-0.3824971992202535
NER,1967,0.4306632213644374,665586872.2744464,0.1228686718162777
NER,1968,-2.923098912974677,641214226.2094933,0.38349466307356295
NER,1969,10.64566001584331,625867985.2737976,-5.48594581331632
NER,1970,1.11783884490559,649916621.2429781,3.0557789220214744
NER,1971,4.191616766486768,693573703.630273,5.679320640483752
NER,1972,9.75116837202703,742779660.8186927,-5.166272302769229
NER,1973,11.78501553674744,946385105.193732,-17.04758357192098
NER,1974,3.397508493733258,1026137110.8930883,8.77523804936311
NER,1975,9.115802051370588,1048690933.2102733,-2.7931934359911423
NER,1976,23.52968015692835,1064517601.2902489,0.6782034023079149
NER,1977,23.25108960633301,1291458041.46193,7.7645811193599314
NER,1978,10.09320027569939,1774365589.7081513,13.472612330141061
NER,1979,7.267877072233599,2109277665.6991236,7.146996070244754
NER,1980,10.30527571240459,2508524720.7189546,-2.455036128575074
NER,1981,22.91340756416355,2170893414.388801,-0.1776660712260565
NER,1982,11.64183574167845,2017612215.9793472,2.174460219733291
NER,1983,-2.489605686714877,1803099561.2004635,-3.8636279071415345
NER,1984,8.364424118299647,1461243326.1288204,-16.81983511366373
NER,1985,-0.9233991239948187,1440581652.3985307,7.718127450211881
NER,1986,-3.207571341656869,1904096998.3000925,6.352137302914684
NER,1987,-6.71210892901195,2233006104.927759,0.08828135972333939
NER,1988,-1.393963040470915,2280356192.7627306,6.871150136713695
NER,1989,-2.843525179856177,2179567114.3339124,0.957045972548471
NER,1990,-0.7756530109775036,3512356507.885992,-1.3084782848195857
NER,1991,-7.796641791044667,3285796874.9712543,-0.43948910045781986
NER,1992,-4.475617902471761,3386232579.225225,2.0007523614285105
NER,1993,-1.215034965034964,3052673849.251811,0.32165547443278797
NER,1994,36.04105831342414,1938058175.2139935,1.8547787910116824
NER,1995,10.56328866918136,2302537562.244061,2.457244122315501
NER,1996,5.288857512648824,2405686940.0463996,0.10053050428140864
NER,1997,2.933452533944216,2290318910.206582,1.527475710506664
NER,1998,4.548015777187203,2643363518.9927177,9.972614956424437
NER,1999,-2.302125038496478,2537789820.692951,-0.2195625179166001
NER,2000,2.900149735991085,2241753192.8115754,-1.2084777410057512
NER,2001,4.005514283526785,2448714703.966169,7.268134902132346
NER,2002,2.628865979381362,2782192878.6720395,4.918470575946216
NER,2003,-1.614407691755963,3394084732.495433,2.1706103837418027
NER,2004,0.2625437572928378,3760443737.5379744,0.36380157872213204
NER,2005,7.797497817864402,4383315964.587175,7.331868842585166
NER,2006,0.04048582995950736,4756361252.379227,5.93104997350342
NER,2007,0.05395926075815617,5731485051.790689,3.142724083867307
NER,2008,11.30510988270191,7297600226.005361,7.731414227773371
NER,2009,0.582906590801122,7352131309.733413,1.9626009069464487
NER,2010,0.8040730808826587,7851192502.309172,8.578166742622528
NER,2011,2.9423851401332,8772950777.791763,2.35775693603874
NER,2012,0.4550898203592894,9426912647.591106,10.54894457634461
NER,2013,2.297231149553169,10224897437.864824,5.315130633947263
NER,2014,-0.9302872599844664,10862943543.541925,6.642136654956033
NER,2015,-0.5760903698331888,9683867926.442823,4.392648832072908
NER,2016,1.653889223878056,10341025540.232183,4.281375584781429
NER,2017,2.796373188712845,11359273443.389748,5.531985312714511
NER,2018,2.967603660044556,12800907985.986292,6.894584208645128
NER,2019,-2.489792650708549,12420836506.788788,6.078815289591859
NER,2020,2.898193760262702,13648332189.730707,4.454818038464126
NER,2021,3.837868028405096,14936154253.324219,1.1152006386970612
NER,2022,4.226217919163925,15531799640.900496,12.221549746704085
NER,2023,3.700973164258338,16949765463.905842,2.635169804012577
NER,2024,9.071519977250134,19729786046.76176,8.323270582807282
NER,2025,-4.454708041025681,21646191388.25068,7.007829601490002
NGA,1960,5.444327361872385,4196174501.5301995,
NGA,1961,6.279147234775188,4467287893.084843,0.19179548957222892
NGA,1962,5.265632346217251,4909399176.24033,4.102992588680138
NGA,1963,-2.694655352327293,5165590253.763899,8.578618915297014
NGA,1964,0.8567931457375614,5552931318.827473,4.950488666041551
NGA,1965,4.1034587381162,5874537650.18494,4.884976834129077
NGA,1966,9.690346083751148,6366917453.233019,-4.250514184155136
NGA,1967,-3.726336765142132,5203237918.704833,-15.743628208204896
NGA,1968,-0.4760590590608283,5200997919.600832,-1.2483602458122363
NGA,1969,10.15597920282194,6634317346.273062,24.197383945680812
NGA,1970,13.75707992479299,12546094981.562008,25.007241929389593
NGA,1971,15.9991148482235,9181769911.504425,14.237531556250831
NGA,1972,3.457649752015018,12274416017.797552,3.3642620350363046
NGA,1973,5.402664453942186,15162871287.128712,5.392760483959094
NGA,1974,12.67439317743296,24846641318.124207,11.160674545486188
NGA,1975,33.96418832217764,27778934624.69734,-5.227747555320789
NGA,1976,24.29999999999967,36308883248.730965,9.042351726302073
NGA,1977,15.08783405726877,36035407725.321884,6.024117849541682
NGA,1978,21.70924574166644,36527862208.71327,-5.764158393902818
NGA,1979,11.70973062121174,47259911894.273125,6.759430935191773
NGA,1980,9.972261990014292,64201788122.60536,4.204831044272922
NGA,1981,20.81282291219489,164475209515.9386,-13.127880485051406
NGA,1982,7.697747247142485,142769363314.17624,-6.803388815348015
NGA,1983,23.21233155115589,97094911792.04893,-10.92408503393878
NGA,1984,17.82053328608421,73484359521.4887,-1.1156232171682063
NGA,1985,7.435344827586275,73745821158.22536,5.913027459113934
NGA,1986,5.717151454363081,54805852580.91286,0.06094527420668783
NGA,1987,11.29032258064513,52676041931.10873,3.2001254670294372
NGA,1988,54.51122477976719,49648470440.459335,7.334025487587155
NGA,1989,50.46668812359156,44003061108.400505,1.9193812958955476
NGA,1990,7.364400305576967,54035795387.80861,11.776885934206732
NGA,1991,13.00697310374273,59526833412.35814,0.358352601622002
NGA,1992,44.58884271502302,52058181853.805466,4.631192946109877
NGA,1993,57.16525283492166,56721051402.47319,-2.035118773995393
NGA,1994,57.03170891196598,80399613063.63637,-1.8149244851792332
NGA,1995,72.83550229726364,140919776986.36365,-0.07266476406267941
NGA,1996,29.26829268292715,185730236700.0,4.195924046667088
NGA,1997,8.529874213836331,200850397618.18182,2.9370994192310604
NGA,1998,9.996378123868064,218416200672.72726,2.581254101908087
NGA,1999,6.618373394797556,59145077039.14369,0.584126892882125
NGA,2000,6.933292155651596,69171451627.24646,5.015934759365464
NGA,2001,18.87364620938625,73557840064.48904,5.917684649244251
NGA,2002,12.87657920310986,95054059302.69946,15.329155740961767
NGA,2003,14.03178361314368,104738954264.2257,7.347194967932992
NGA,2004,14.99803381832511,135764731645.61142,9.250558229231686
NGA,2005,17.86349336616049,175670569969.3456,6.438516525359248
NGA,2006,8.227436781209072,238454997161.47983,6.059428032024911
NGA,2007,5.38610421570143,278260846800.103,6.5911303606686715
NGA,2008,11.58305479668096,339476276257.7929,6.764472777842627
NGA,2009,12.5379242951095,295008835380.9966,8.03692510100366
NGA,2010,13.74005213636941,366990417129.0396,8.00565591623166
NGA,2011,10.8261371880018,414466676831.15967,5.307924202939148
NGA,2012,12.2242413020582,463971018239.2805,4.230061174924927
NGA,2013,8.495518382656781,520117180313.906,6.671335393082316
NGA,2014,8.047410879679072,574183763411.5076,6.3097186552185605
NGA,2015,9.009434980077064,493026682800.6295,2.652693295417791
NGA,2016,15.69681263879722,404649125252.15955,-1.616868949034668
NGA,2017,16.50226621396411,375745731053.4268,0.8058866190915808
NGA,2018,12.09510651734316,421739251509.0796,1.922757341997979
NGA,2019,11.39642233781149,668219992686.575,2.2084292783521136
NGA,2020,13.24602342765982,598586817817.3922,-6.368898404685268
NGA,2021,16.95284572216079,609147716965.3478,1.1092525402490025
NGA,2022,18.84718778432741,646950257575.4548,4.318829491571364
NGA,2023,24.65955020311396,487387801877.803,3.315903681114378
NGA,2024,33.24165905527488,252261880140.2709,4.071066501477034
NGA,2025,23.0101235833333,290794361542.1119,4.01336180700973
NIC,1960,,227223322.14153728,
NIC,1961,,244144236.65330982,7.497743398490925
NIC,1962,,269283803.6868245,10.890798329097677
NIC,1963,,297324163.0955128,10.86547924578214
NIC,1964,,347119918.15857744,11.698479030154402
NIC,1965,,564290020.384288,9.525155826248067
NIC,1966,,607140010.4756819,3.3011363985888664
NIC,1967,,657140010.747554,6.969513824768086
NIC,1968,,692859984.6121581,1.3429600526566787
NIC,1969,,750000002.8949032,6.237703908332406
NIC,1970,,778569938.8242251,1.3538265901274116
NIC,1971,,828569953.4743999,3.3047565002048316
NIC,1972,,878570045.4509978,2.220722891810638
NIC,1973,,1092900014.791677,6.417013973661085
NIC,1974,,1521400011.5346324,14.192425095304344
NIC,1975,,1581599958.5988998,-0.1532468943427432
NIC,1976,,1836899998.945789,5.209454498477072
NIC,1977,,2226999873.718559,8.368480530299365
NIC,1978,,2127699978.7807727,-7.838800370642588
NIC,1979,,1567599981.6980588,-26.478788867521033
NIC,1980,,2144300006.1802764,4.611732279533797
NIC,1981,,2474700227.0466166,5.36329018938126
NIC,1982,,2454499872.0378914,-0.8163619187434676
NIC,1983,,2753100057.788022,4.613211627004986
NIC,1984,,3117599872.0876446,-1.5660939131972356
NIC,1985,,2683699935.3647895,-4.081851487319355
NIC,1986,,2885799993.9157104,-1.0173091612010126
NIC,1987,,3851200117.773552,-0.7063529414999152
NIC,1988,,2630900095.6021924,-12.44982203671249
NIC,1989,,1013184755.5702574,-1.7382163305211833
NIC,1990,,1009455483.8709677,-0.05249972126883051
NIC,1991,,1488804123.7113404,-0.18928149392675664
NIC,1992,,1792800000.0,0.38634657841616615
NIC,1993,,1756454248.366013,-0.39293604666308113
NIC,1994,,3863185119.0476193,3.3377261128253934
NIC,1995,,4140470000.0,5.911907936587141
NIC,1996,,4308351902.786011,6.3442683605154
NIC,1997,,4389973489.860324,3.966650927608214
NIC,1998,,4635347385.544603,3.71168146396694
NIC,1999,,4856026259.076571,7.035970463502011
NIC,2000,7.069913522525169,5109587049.974488,4.101590250734375
NIC,2001,5.986041862795179,5351752034.222104,2.960843490572728
NIC,2002,3.750174657784661,5223727302.549062,0.7539388760795731
NIC,2003,5.302387732199364,5322228350.580679,2.5207328955144703
NIC,2004,8.470210635840766,5792932838.40051,5.312170569507387
NIC,2005,9.599099860644252,6321324279.148263,4.282398337706539
NIC,2006,9.140199667777198,6763672380.611541,4.152945598462537
NIC,2007,11.1269347446118,7423375014.757294,5.076352018098703
NIC,2008,19.82620312874285,8496967596.770084,3.4357169360808086
NIC,2009,3.687001604987965,8298702489.080105,-3.292665158619698
NIC,2010,5.455134258874225,8758602232.983582,4.410099117165458
NIC,2011,8.082387980991,9774329332.712755,6.31668553491842
NIC,2012,7.193550533389605,10532017231.825281,6.4961364710875955
NIC,2013,7.13546785289407,10982988249.210323,4.9270941344730375
NIC,2014,6.03596861798425,11880438824.449419,4.785460135899825
NIC,2015,3.997379966943965,12756696261.067633,4.792267683326969
NIC,2016,3.523173176284731,13286093388.475203,4.563147395249672
NIC,2017,3.850671662847271,13785893007.47687,4.631207575802094
NIC,2018,4.947237280398862,13025221974.231974,-3.3633566598573026
NIC,2019,5.376289908441255,12699023614.244963,-2.8968698672890127
NIC,2020,3.681813416255719,12726422432.486843,-2.236541762623233
NIC,2021,4.928413969489675,14209019392.302475,10.454388781651545
NIC,2022,10.46742444659907,15634573555.904917,3.5502747713576497
NIC,2023,8.387658548725362,17805842220.75709,4.427793931868834
NIC,2024,4.624738410571412,19696311850.32888,3.5809449532454067
NIC,2025,2.081321270983759,22237167113.091583,4.923525567708893
NLD,1960,2.32394366197217,13282979014.562973,
NLD,1961,1.30763936682729,14599836396.388018,0.29554650484617184
NLD,1962,2.43114520046464,15847582341.166449,6.84350722750473
NLD,1963,3.24365932762645,17193744109.03671,3.624621596392032
NLD,1964,5.82376646876146,20232048552.832687,8.274904138481048
NLD,1965,3.90802639393659,22721869808.143845,8.643094747818012
NLD,1966,5.7621465538999,24741480717.038895,2.7411043535981605
NLD,1967,3.45532005294176,27143828098.748096,5.280014951097442
NLD,1968,3.72079177074764,30097635750.981976,6.41613410796171
NLD,1969,7.4217973638689,34086038090.39861,6.429449094616402
NLD,1970,3.66891820184056,38220884519.38881,6.140181518250159
NLD,1971,7.47769255204135,44644730576.4411,4.316980347298525
NLD,1972,7.80279143456221,54787070173.02939,3.5338744955580808
NLD,1973,8.02220374966094,71946639602.71165,5.444223197990965
NLD,1974,9.591424843251,87371810804.16428,3.438717702668896
NLD,1975,10.2174805273043,100397061693.97003,0.0020287559480323125
NLD,1976,8.83064355905726,109329386564.4274,4.456309446296359
NLD,1977,6.39930319039242,127203923857.41225,2.520440581420843
NLD,1978,4.11201316875867,156089077205.13342,2.6962468211258965
NLD,1979,4.19929296222732,179933827309.67813,2.0141662585784275
NLD,1980,6.51345686297215,195439301706.9386,1.3419140924088424
NLD,1981,6.73892955078451,164375775854.45554,-0.7836116617580302
NLD,1982,5.91109323984916,158712765536.02377,-1.2407566919928428
NLD,1983,2.74084282543433,153671294108.56305,2.069958156775826
NLD,1984,3.30163841997983,144124462912.08792,3.061678771381949
NLD,1985,2.25858401255268,144057523221.86835,2.5801800012878147
NLD,1986,0.0833479494867508,201157708220.90305,2.7869758371210906
NLD,1987,-0.691203091336868,245406949521.32288,1.931248574414397
NLD,1988,0.737943045747553,262295966105.4744,3.4412189043391095
NLD,1989,1.08216015577775,258716904291.80087,4.420117930598892
NLD,1990,2.45408985919675,318799003993.7069,4.18322289611109
NLD,1991,3.15819751859096,327982316124.46954,2.4391343395224965
NLD,1992,3.18358569499581,363497050125.3133,1.706071005057936
NLD,1993,2.58418115634715,354070495965.8282,1.257552145281366
NLD,1994,2.80152693672192,379688232231.50507,2.9610925224612146
NLD,1995,1.92322457166359,452967334614.32886,3.116035938574953
NLD,1996,2.11378787066774,451372549019.60785,3.4206353526986817
NLD,1997,2.10924562739483,417506211881.63544,4.24847396941847
NLD,1998,1.95913632274257,438612530548.76697,4.647703269978948
NLD,1999,2.1571791805505,447778514140.1554,5.043342166515629
NLD,2000,2.36052233801958,417649282153.7264,4.219700345588919
NLD,2001,4.15584127195612,432536219668.8982,2.32358454925847
NLD,2002,3.28753104712766,475529972122.746,0.24582951723049007
NLD,2003,2.09199838997655,582435617081.9596,0.09785493952124114
NLD,2004,1.26364739183177,661224886143.245,2.0162833156148707
NLD,2005,1.6881301786962,688133699635.7974,2.0340157651248774
NLD,2006,1.10150106517709,737593995289.4108,3.537295858533952
NLD,2007,1.61385859802102,853499460872.5518,3.885423483248033
NLD,2008,2.48650198289457,957901566041.406,2.116745142401925
NLD,2009,1.18977687021548,878954223140.2338,-3.665281470028262
NLD,2010,1.27530569556679,852464982433.335,1.3193528789711593
NLD,2011,2.34107017751373,913140741332.6866,1.773303205750338
NLD,2012,2.45554765291614,845689017065.6252,-0.9778261213109971
NLD,2013,2.50689852657875,883951539006.6692,-0.030241018427076938
NLD,2014,0.976035079699679,901556501756.4674,1.6125588511239641
NLD,2015,0.600248147278776,775743675302.734,2.1206400719354406
NLD,2016,0.316666666666652,797163949289.8853,2.424280654494268
NLD,2017,1.38145871407216,848233537845.8838,2.7815083467998676
NLD,2018,1.70349794744479,929733599796.862,2.258731581649556
NLD,2019,2.63369910249591,928903005576.4691,2.3001616053659006
NLD,2020,1.27246037789161,932560861701.1699,-3.867997141916078
NLD,2021,2.67572008805385,1054472123449.5955,6.276835937452162
NLD,2022,10.0012078753473,1046540797548.6422,5.0072345339507365
NLD,2023,3.83839354342808,1135475867551.0005,-0.5980610175802781
NLD,2024,3.34754304219953,1213936238063.281,1.0738313731985443
NLD,2025,3.2595766451366,1332767651100.3904,1.7846321470379678
NOR,1960,0.3604923468445994,5172811442.419108,
NOR,1961,2.155172776709235,5642867671.718491,6.2733355410214955
NOR,1962,5.274259529207278,6078186244.594618,2.813945216384653
NOR,1963,2.471610528965021,6522268052.839112,3.785043057505149
NOR,1964,5.867015387519241,7172430304.053265,5.0096510597253285
NOR,1965,4.187224439979946,8073570565.932656,5.285608804306335
NOR,1966,3.250563343053095,8712528094.54776,3.7865132159860195
NOR,1967,4.579269757539982,9532076025.937004,6.256078958782268
NOR,1968,3.448293242542069,10178705992.483324,2.2598755148122365
NOR,1969,2.962949510752106,11083505596.049742,4.5046114666601085
NOR,1970,10.63720652641828,12753503478.979126,1.943300545704929
NOR,1971,6.223863235012928,14523306736.20658,5.714768441260304
NOR,1972,7.2584358296152,17283931878.20649,5.284216501403918
NOR,1973,7.419472836375027,22433660550.140484,4.490294694727723
NOR,1974,9.411768132118896,27033413361.73439,3.9644376908468644
NOR,1975,11.68922348168533,32742543381.354153,4.947986090998427
NOR,1976,9.161472765475665,35815449463.942085,5.8495634541546195
NOR,1977,9.103839711602973,41362637362.63736,4.151905883383563
NOR,1978,8.161671543396196,46355988783.5492,3.8556846869218333
NOR,1979,4.509727612062086,52935763511.77899,4.351229034145618
NOR,1980,10.87866108786611,64176789763.52446,4.526798459692401
NOR,1981,13.64296081277213,63392804251.2414,1.6742304980327845
NOR,1982,11.34099616858234,62453362255.965294,0.24244046508414385
NOR,1983,8.465244322092241,61417685433.91261,3.9408866825885696
NOR,1984,6.218274111675093,61866078539.48416,6.075558205347264
NOR,1985,5.71485463958583,65211464197.64574,5.561106733966838
NOR,1986,7.176492748163503,78438205741.95032,4.047659102298738
NOR,1987,8.717047451669599,93913320964.74954,1.744278701450952
NOR,1988,6.676365987714198,101497621605.03299,-0.3300256530776977
NOR,1989,4.546143355053802,102226808603.08495,1.029542079903095
NOR,1990,4.1310334831135,119344377526.07953,1.9589904225605608
NOR,1991,3.438195991091338,121149331317.77446,2.8586559685500816
NOR,1992,2.328085049118482,129998873602.0597,3.564226029837286
NOR,1993,2.288269331930614,119841699440.38004,2.8730600918542137
NOR,1994,1.375674980714781,126324387893.90161,5.039332842473129
NOR,1995,2.460367786937291,151083627983.3312,4.152895264653168
NOR,1996,1.262532491645015,162427517132.31418,4.969494347017786
NOR,1997,2.566923359002516,160013571973.87393,5.09208924000464
NOR,1998,2.252413299964293,152955958171.52853,2.7259081478249243
NOR,1999,2.365967365967327,161304620986.76788,2.1826123029626103
NOR,2000,3.085506091312787,170620327660.2513,3.4434161314810012
NOR,2001,3.004197039982331,173590978346.6975,2.163435059586803
NOR,2002,1.286725284151835,195359978957.38873,1.4574788608730387
NOR,2003,2.487825534617815,229192678172.93298,1.0963578121012176
NOR,2004,0.4544985022208631,265662977688.10825,4.330155976912124
NOR,2005,1.532133676092485,311417306946.06134,2.9697359702593644
NOR,2006,2.329349807575503,349773283644.9254,2.84726376691944
NOR,2007,0.7125890736342008,407813774161.0795,3.420301199166076
NOR,2008,3.753930817610049,472060283687.9433,0.8228057970148654
NOR,2009,2.197385868535682,395664488017.4292,-1.6132715194586922
NOR,2010,2.418906394810032,440132138425.4789,1.0049326901711737
NOR,2011,1.2849515880916,512868581627.7121,1.3850511708394464
NOR,2012,0.6968641114982627,525082939406.9618,2.823956734924593
NOR,2013,2.120486203531125,540132255319.1489,1.2729017769628683
NOR,2014,2.041702867072112,515829568897.1169,2.095213880801012
NOR,2015,2.171136653895269,400669174330.8875,2.0442884550143816
NOR,2016,3.550000000000069,383284047619.0476,1.2915873277113548
NOR,2017,1.875100595525449,415673181543.42114,2.6696447427346612
NOR,2018,2.764831345287971,454588871810.6363,1.1103912365576036
NOR,2019,2.167730033054107,424244886363.63635,1.4697078195414264
NOR,2020,1.286584907079962,382252517921.9401,-1.3605572326158608
NOR,2021,3.483880552666694,521592200232.82886,4.1431468876919695
NOR,2022,5.764123178522719,617321834098.9857,4.080397706592407
NOR,2023,5.517849871046594,502197633322.81635,0.35269558131976453
NOR,2024,3.145301344310805,500886328034.1233,1.4237213452473725
NOR,2025,3.055624844100768,530755719438.87946,1.0852818503141748
NPL,1960,,508334413.9650873,
NPL,1961,,531959561.62226015,1.9082659718579151
NPL,1962,,574091101.1943824,1.9103200307731782
NPL,1963,,496947904.4430329,1.895111644796927
NPL,1964,,496098775.30864197,7.532448552438382
NPL,1965,8.471869328464747,735267082.2942643,-1.2031890181288958
NPL,1966,14.38897068686558,906811943.824649,7.040643144911613
NPL,1967,-2.808331383346839,841974025.4626591,-1.5714974997212323
NPL,1968,1.179869973700395,772231386.9148285,0.6754834632707087
NPL,1969,4.057591622815599,788641965.4320987,4.463421603313478
NPL,1970,15.23727844503588,865975308.6419753,2.575992126859333
NPL,1971,-1.999503845208261,882765471.6049383,-1.1953833025104785
NPL,1972,8.389023896301797,1024098400.3561875,3.1178003639786027
NPL,1973,11.42977252585998,972101724.9953681,-0.47653626774342683
NPL,1974,19.8063380280849,1217953546.9760365,6.3335903722689295
NPL,1975,7.585985213529685,1575789254.4693801,1.4564707093349512
NPL,1976,-3.113235733271952,1452788984.862647,4.398536178636505
NPL,1977,9.898852843134835,1382400000.0,3.016973442066373
NPL,1978,7.346091250832973,1604162497.4594529,4.405741389379145
NPL,1979,3.565453785202355,1851250008.3333333,2.368877795238973
NPL,1980,14.68450277637684,1945916583.3333333,-2.3193942050092176
NPL,1981,11.14485672784439,2275583316.6666665,8.34197413529236
NPL,1982,11.69854659241388,2395423741.797618,3.7793746536254957
NPL,1983,12.37723807827122,2447174803.377913,-2.9774058572635766
NPL,1984,2.845784957162663,2581207387.7970943,9.681130015721436
NPL,1985,8.052641266196302,2619913955.515564,6.1449052373236555
NPL,1986,18.99894955023948,2850782044.043058,4.56565054565317
NPL,1987,10.75032804498502,2957255379.5431495,1.6956182657276173
NPL,1988,8.983003382089894,3487009748.356382,7.696808710918802
NPL,1989,8.846886912325523,3525225786.5869083,4.32964793285106
NPL,1990,8.239700374532061,3627560239.489972,4.635036346988315
NPL,1991,15.55745292769492,3921476084.890719,6.368150397396803
NPL,1992,17.14952362434395,3401211581.2917595,4.1064066173166935
NPL,1993,7.505394190871055,3660041666.6666665,3.8498500262957265
NPL,1994,8.349286728833835,4066775510.2040815,8.216002692965873
NPL,1995,7.622969506981635,4401104417.670683,3.468451893096031
NPL,1996,9.220466623769859,4521580381.47139,5.328284175087077
NPL,1997,4.009988605231812,4918691916.535157,5.048612545173285
NPL,1998,11.24446778186142,4856255044.390637,3.016389475393993
NPL,1999,7.451112609575463,5033642384.10596,4.412573280413994
NPL,2000,2.478820207091362,5494252207.905025,6.19999998192236
NPL,2001,2.688303735456296,6007055042.17687,4.7998921425540715
NPL,2002,3.029399487148925,6050875806.664032,0.12014317736941393
NPL,2003,5.707009318747377,6330473096.540709,3.9450377605111555
NPL,2004,2.8418113124898,7273938314.719876,4.682603251529443
NPL,2005,6.836332658928768,8130258377.90964,3.4791810482949614
NPL,2006,6.920335807075889,9043715355.888098,3.364614780562775
NPL,2007,2.269219244390742,10325618017.37897,3.4115602798027567
NPL,2008,9.907830053064798,12545438605.395878,6.104639143734715
NPL,2009,11.09482373869868,12854985464.076431,4.533078724648604
NPL,2010,9.326504107453953,16002656434.474615,4.816414646945731
NPL,2011,9.2270754612596,21573872420.700806,3.4218087011616234
NPL,2012,9.459809803571247,21703100877.13089,4.670141924469533
NPL,2013,9.04016311917645,22162204924.572582,3.5251531712914925
NPL,2014,8.364154696595627,22731612922.190636,6.011482842504407
NPL,2015,7.868908955908912,24360801286.76381,3.9760532716297092
NPL,2016,8.7903433200464,24524109483.529346,0.43311371938152377
NPL,2017,2.777039983002109,28971588940.363995,8.977279356434664
NPL,2018,4.406594101757142,33111525237.14897,7.6223761039793345
NPL,2019,5.566160352437225,34186180699.02548,6.657055431104681
NPL,2020,5.056358262384993,33433659301.24655,-2.369620629207205
NPL,2021,4.12676744440695,36924841394.26049,4.838149614114997
NPL,2022,7.670205793802804,41182939519.816055,5.631314556845098
NPL,2023,7.11587261530826,41049329851.05462,1.9825484346184936
NPL,2024,4.685096542657699,43298911699.928406,3.677874596977034
NPL,2025,2.653342698114364,45489810283.11317,4.430731949833586
NRU,1960,,,
NRU,1961,,,
NRU,1962,,,
NRU,1963,,,
NRU,1964,,,
NRU,1965,,,
NRU,1966,,,
NRU,1967,,,
NRU,1968,,,
NRU,1969,,,
NRU,1970,,17570366.222421322,
NRU,1971,,19009433.307201255,2.8983871029952155
NRU,1972,,21734268.691588785,2.898387526504891
NRU,1973,,26529816.784112748,2.898387746077802
NRU,1974,,35994511.42225497,2.898387206147987
NRU,1975,,40106775.911511675,2.8983875733357394
NRU,1976,,40287427.20282365,-2.816747319067616
NRU,1977,,40444701.766460195,-2.8167469722740464
NRU,1978,,41754147.30430859,-2.8167474822153054
NRU,1979,,44431330.22833125,-2.816747274837823
NRU,1980,,46947124.233983286,-2.816746874850537
NRU,1981,,51689636.595843494,-2.8167473271092547
NRU,1982,,52877742.469381,-2.8167470096301344
NRU,1983,,48439093.12119794,-2.816747207138377
NRU,1984,,47363231.29867777,-2.8167474093157807
NRU,1985,,41548740.50778553,-2.816746852648677
NRU,1986,,39939390.73866816,-2.816747338980761
NRU,1987,,40118409.87294865,-2.8167475102015658
NRU,1988,,45931133.585564606,-2.816746777523605
NRU,1989,,53736786.09233776,-2.8167475629797707
NRU,1990,,55572375.52904963,-2.816746999512816
NRU,1991,,52533788.556628205,-18.993803962708938
NRU,1992,,51133123.125432596,-16.26026460778978
NRU,1993,,43542088.25182687,-16.117364488941604
NRU,1994,,39742511.24178485,-3.8661185392354156
NRU,1995,,39969705.96970597,-7.923449397449076
NRU,1996,,37458801.21396054,-11.859571696128441
NRU,1997,,37331507.278134294,-8.95358291302432
NRU,1998,,29664450.925863124,-11.787995636306619
NRU,1999,,27328612.60809625,-6.568199849991103
NRU,2000,,26930980.342900205,-6.856161101978742
NRU,2001,,22613287.538907375,-6.76113945239328
NRU,2002,,21017423.608204268,-9.971334150830984
NRU,2003,,24778159.58066395,0.284579021867188
NRU,2004,,30587565.798833407,-4.314765397734718
NRU,2005,,30070666.065253343,0.0
NRU,2006,,29200359.389038637,8.450704225352041
NRU,2007,,22766972.18896587,-22.07792207792197
NRU,2008,,37602264.73068721,19.99999999999993
NRU,2009,,44176245.549243264,-5.555555555555642
NRU,2010,,47562844.61042507,0.0
NRU,2011,0.3003003003003,65071879.77871618,14.705882352941174
NRU,2012,-0.124750499001971,101055722.95057963,24.358974358974493
NRU,2013,,94385014.94258416,4.123711340206128
NRU,2014,,99149244.4001333,15.841584158416296
NRU,2015,,84863440.58019969,3.41880341880281
NRU,2016,,97541943.03550526,4.132231404959086
NRU,2017,,109355638.86695491,-6.349206349206085
NRU,2018,,130995566.30390972,-0.8474576271187289
NRU,2019,,125160115.54781868,8.547008547008403
NRU,2020,,124685688.1610939,1.5748031496055859
NRU,2021,,149268323.99286798,7.751937984496919
NRU,2022,,180671357.34980515,0.0
NRU,2023,,161531316.8840609,-0.7194244604317248
NRU,2024,,167833414.84617674,1.4492753623189856
NRU,2025,,176040043.93234628,2.142857142856556
NZL,1960,0.6979292337964771,5536098360.495261,
NZL,1961,1.797704290092078,5721994864.230658,3.315649726745434
NZL,1962,2.68085396987461,6133158532.216665,3.080873518585591
NZL,1963,1.968498504418873,6699741645.078269,6.102117483944539
NZL,1964,3.474905476766105,7340766415.018683,6.103284737433071
NZL,1965,3.397489756110841,5706251400.19577,6.111732135013298
NZL,1966,2.755480775428153,5917437693.374595,6.248462452886855
NZL,1967,6.056920062675219,6016017227.091238,-4.589423643598963
NZL,1968,4.311924965501938,5228045415.273178,-0.04884857273574994
NZL,1969,4.925242426951331,5814357708.510051,10.194671488074931
NZL,1970,6.517181051554798,6495605330.944115,-1.3976078802041059
NZL,1971,10.38756831881375,7911136757.068666,3.7854574184302834
NZL,1972,6.932804592068537,9567331064.657269,5.119108682165901
NZL,1973,8.166669273266582,12802281897.871157,7.800277939917578
NZL,1974,11.10940201222244,13940981798.124657,5.993440719079217
NZL,1975,14.68498347239936,12861983284.391235,-1.7316832540555822
NZL,1976,16.90685700594497,13604832424.006235,0.9288127621446307
NZL,1977,14.38354941946215,15446825318.455614,-3.936337675663111
NZL,1978,11.9566179733303,18530518394.64883,0.3185633658652023
NZL,1979,13.69959501566416,20731243113.2926,2.191775020025588
NZL,1980,17.15054542409539,23244547384.674774,1.2842519249380473
NZL,1981,15.37015958318529,24417617184.247772,4.655652876335267
NZL,1982,16.16369412310178,24164603058.994904,0.9296850356238764
NZL,1983,7.341075860573446,24309279705.57308,3.4915245790273275
NZL,1984,6.171253479244424,21665975318.884163,4.792699075209228
NZL,1985,15.41765557199175,24679795396.419437,1.6153348044697822
NZL,1986,13.21339806400207,30604668356.5695,2.7132696406847288
NZL,1987,15.74430078889269,40376354069.94739,0.9625081984573853
NZL,1988,6.375249444110527,45176811594.202896,-0.3346211332737994
NZL,1989,5.715991551356302,43920222524.70853,0.1646990058619764
NZL,1990,6.098444148102041,45495129385.04751,0.13688753763409522
NZL,1991,2.602392859997734,42745329732.16296,-1.0758674881402186
NZL,1992,1.014560271712361,41649829859.6342,1.100922345467552
NZL,1993,1.288207765743864,46775620817.43266,6.383630943509601
NZL,1994,1.745377907737428,55314732279.137924,5.11167356780264
NZL,1995,3.754944136775542,63918703506.90754,4.736760802856281
NZL,1996,2.285713054021946,70140835299.01485,3.5908395371597237
NZL,1997,1.187148331056325,66075143415.49518,2.075515824228674
NZL,1998,1.265244099154061,56227169851.04479,0.8551885949573261
NZL,1999,-0.114267129777524,58762260625.875755,5.383152954745654
NZL,2000,2.615234462463196,52623281956.70312,2.8687908731406537
NZL,2001,2.625816303929026,53872425916.62481,3.4155746175111403
NZL,2002,2.677092577116048,66627729311.44955,4.715145934714187
NZL,2003,1.753574447595574,88250885550.26262,4.7258748471212755
NZL,2004,2.290249028475706,103905210084.03362,4.090535772798631
NZL,2005,3.037023326170119,114720129550.09506,3.352954441526194
NZL,2006,3.365401961719926,111538810712.66455,2.774442858815803
NZL,2007,2.376143102906586,137188946865.5839,3.063122218695142
NZL,2008,3.958949373120603,133437126590.28607,-1.0256113447984774
NZL,2009,2.115651105545602,121663439315.3851,-0.04025988520511703
NZL,2010,2.302023859585724,146887902524.05167,1.4718250427678754
NZL,2011,4.0279066739204,168458838711.118,2.1445004445997995
NZL,2012,1.059913184456322,176508049114.24854,2.3025642952096064
NZL,2013,1.13442266445817,190943478289.79648,2.5648360739866973
NZL,2014,1.227507505973999,201435445068.16415,3.8193361930724166
NZL,2015,0.2927046281361015,178147457242.97842,3.7296831212501758
NZL,2016,0.6462402844545243,188980351890.8477,3.7435247472108983
NZL,2017,1.85078767452536,206561943051.35373,3.3156862164820353
NZL,2018,1.598297038016956,211726161989.49487,3.3221966649143155
NZL,2019,1.619631901840475,213088034258.42047,2.3237170844162307
NZL,2020,1.714561700072449,213318129988.6021,-0.24091611475898844
NZL,2021,3.941120607787283,253732493987.83423,4.299160052166144
NZL,2022,7.17222476016441,249723029451.23743,3.345218477926821
NZL,2023,5.733162830349572,256372177757.7636,1.8138945341201946
NZL,2024,2.922797823019567,261497198363.90558,-0.8687223718939521
NZL,2025,2.839796318057201,264057413739.9651,0.46287183068108106
OED,1960,1.945749351986452,1062841719232.632,
OED,1961,2.15797310981961,1133702376244.4675,4.3528004233648545
OED,1962,4.263727121490855,1225938927272.436,5.539162947843977
OED,1963,2.966959775877101,1319615976705.7266,5.097059020246661
OED,1964,3.444898482227678,1444181513943.6323,6.491181913008063
OED,1965,4.187224439979946,1569066175922.8232,5.503306398212885
OED,1966,4.174347618530005,1717892614248.9167,5.547475192420379
OED,1967,3.579952267303118,1836300238018.2476,3.828677850038659
OED,1968,4.093891431068363,1991987221224.5398,5.964534469942436
OED,1969,3.487919243951934,2195440068708.5803,5.517558028483677
OED,1970,5.731144842935382,2405807007730.755,2.760667900009551
OED,1971,6.395348837209265,2665486006287.5996,3.5829817706593587
OED,1972,6.562360902565427,3096949726907.789,5.319359996435352
OED,1973,9.143468747947232,3749808809394.6543,6.119950217744716
OED,1974,15.548525334008236,4206138222982.958,1.1787545961744854
OED,1975,14.156872627287434,4713265708508.113,0.399512298096667
OED,1976,11.636752055886966,5107686741760.204,4.769435764083909
OED,1977,11.18202145957029,5761752851908.584,3.668504319458222
OED,1978,8.618432195059912,6939118143810.714,4.365363974508668
OED,1979,10.128892275368717,8008774769355.284,3.8831018004194675
OED,1980,13.634450606601046,8893187859939.414,1.1989157798328591
OED,1981,13.64296081277213,9057826626387.918,2.093133670458826
OED,1982,11.34099616858234,8916333542752.18,0.21657000953254624
OED,1983,8.873021523632104,9218750722174.504,2.846735004886753
OED,1984,7.673802622473181,9635840635986.992,4.791458565760024
OED,1985,6.73468599874501,10143870168742.736,3.6529309454400334
OED,1986,5.291661700710906,12302900423371.375,3.1006102736474475
OED,1987,4.747284903897891,14252214899479.037,3.5333051598037457
OED,1988,5.824898684394403,16073835168616.314,4.4963188918647745
OED,1989,6.259831379569768,16812814432437.248,3.734128469880744
OED,1990,6.721819522286635,18927536081483.35,2.9099409268827543
OED,1991,5.934213443359302,20039911664796.51,1.1420204478588545
OED,1992,5.056977967317309,21561169598530.293,2.1287161272189223
OED,1993,4.597903210065514,21906239018901.49,1.4316515063650144
OED,1994,3.5026257741339837,23421916750614.668,3.3371220670924515
OED,1995,4.3517786132836775,25867831172924.938,2.7752494675449526
OED,1996,3.0000907625161357,26094310406311.797,3.113410135378757
OED,1997,2.269003059124977,25697173077083.44,3.6806362035080866
OED,1998,2.105774811353432,25844629792768.87,2.936460983812921
OED,1999,2.1726031887620385,27152879473912.387,3.4413150077199646
OED,2000,3.0638034489953516,27778488573282.668,4.141947812154129
OED,2001,3.189082681060502,27514799599349.797,1.394192832667457
OED,2002,2.47736067910935,28704330298725.52,1.5457341328401526
OED,2003,2.184283582415171,32089713975113.41,2.0255545002737563
OED,2004,2.2579640963823215,35719361405775.12,3.2545034368181263
OED,2005,2.4721217904785977,37779302577053.35,2.8546887844396025
OED,2006,2.600153764603551,39873621654155.18,3.0611913440246923
OED,2007,2.48470438812865,43663244462480.125,2.6488370132708354
OED,2008,4.114070220338169,46373966166329.64,0.3985675313169992
OED,2009,1.1045771117538892,43394862640331.74,-3.397627529281891
OED,2010,1.807352305661,45526677050419.484,2.9733850399467485
OED,2011,3.3742975943252214,48976221855396.94,1.8496791810446211
OED,2012,2.529455209157724,48933153056612.875,1.404609675935518
OED,2013,1.451565263983784,49637322451829.61,1.6236964598818702
OED,2014,0.6245173110865689,50718548398932.87,2.2387342341550607
OED,2015,0.3387056954101678,47849615079402.52,2.530809003119444
OED,2016,0.4432581575657832,48791020854023.79,1.8546377415587898
OED,2017,1.8226433605906744,50962966454996.43,2.612041884907086
OED,2018,1.9324676647280339,53918014151382.98,2.389310172936149
OED,2019,1.7407126787018055,54485019277770.96,1.8530158690517737
OED,2020,0.7328516451758598,53331159716240.72,-3.8643291632341175
OED,2021,2.81528975687994,59666281326989.0,6.09471533648059
OED,2022,8.238032406971861,61286449816069.87,3.1585480921975773
OED,2023,5.677678626154291,65416979138062.695,1.7893716123216876
OED,2024,2.7523784904303943,68279421598473.88,1.7821844461532805
OED,2025,2.839796318057201,72543267888365.33,1.7700585307193677
OMN,1960,,44234656.45350042,
OMN,1961,,45634487.35392764,1.1396064039610394
OMN,1962,,56273202.19717458,20.1877918765272
OMN,1963,,59912762.538285375,4.531243558914497
OMN,1964,,61872525.7988835,0.0747394471302556
OMN,1965,,63279974.68801013,0.4480984056763617
OMN,1966,,67759972.89601085,5.204463668191295
OMN,1967,,107151832.48965073,66.21908367022547
OMN,1968,,188879848.89612088,81.88779673635463
OMN,1969,,239999808.0001536,25.666168800616703
OMN,1970,,256319794.94416404,13.895096437837793
OMN,1971,,301010587.1029836,0.8982251001830548
OMN,1972,,366883548.3475909,9.825224152842793
OMN,1973,,483066990.61241716,-14.252057836013563
OMN,1974,,1645917776.491025,11.498806464666544
OMN,1975,,2096699189.3456862,24.43350272451093
OMN,1976,,2560220034.7423277,20.540122915561668
OMN,1977,,2741169947.8865085,1.0072183418091214
OMN,1978,,2740301389.6931095,-3.693531090127294
OMN,1979,,3733352634.62652,4.331741533210391
OMN,1980,,5981760277.938622,6.035444111576197
OMN,1981,,7259120150.550087,17.047078389037623
OMN,1982,,7554719455.703532,11.569837401551325
OMN,1983,,7932541690.793283,16.66667073365585
OMN,1984,,8821443150.924877,16.711593983252442
OMN,1985,,10005645420.460632,14.007197112020606
OMN,1986,,7324167369.143049,2.002159782580378
OMN,1987,,7811183094.928478,-3.4407841670407042
OMN,1988,,8386215864.759428,5.964027648226448
OMN,1989,,9372171651.49545,11.756861836079295
OMN,1990,,13310273081.924578,-0.13042573812933256
OMN,1991,,12918335500.650194,6.074077908168647
OMN,1992,,14183615084.525358,8.413884259370974
OMN,1993,,14230429128.73862,6.042960674614875
OMN,1994,,14715214564.36931,3.8757741665788785
OMN,1995,,15722236671.0013,4.996819520306545
OMN,1996,,17402080624.187256,3.0459399097854742
OMN,1997,,18039791937.581272,6.033512507099445
OMN,1998,,16044213263.979193,-0.06787409257815114
OMN,1999,,17832769830.949284,0.2975956957910597
OMN,2000,,22259557867.360207,6.1924106369544205
OMN,2001,-0.8166666666666562,22205721716.514954,4.61316649389876
OMN,2002,-0.2795788225713726,23065539661.898567,-0.7841657864292557
OMN,2003,0.2313286822671425,24733680104.031208,-2.19466567976842
OMN,2004,0.6249690626313674,28378933680.10403,1.9925151097334606
OMN,2005,1.909835535318648,35506892067.620285,2.779443603061509
OMN,2006,3.544985916050331,42577633289.98699,4.669814819393281
OMN,2007,5.830484180927101,48300390117.03511,4.980654670515278
OMN,2008,12.37540915299119,69804681404.42133,8.95005895005896
OMN,2009,3.468810237548931,55454096228.86866,5.981966949044022
OMN,2010,3.256579590786242,64993498049.414825,2.4719985658277324
OMN,2011,4.0421886711639,77497529258.77763,2.894609735411919
OMN,2012,2.947734952572092,87408842652.79582,8.863122255570175
OMN,2013,1.053548202659318,89936020806.24187,5.227704081459422
OMN,2014,1.014014839241558,92699089726.91808,1.2922522941108099
OMN,2015,0.06529013302865994,78710793237.97139,5.017057997190449
OMN,2016,1.109208058070266,75128738621.58647,5.04642394571691
OMN,2017,1.589094135677986,80856697009.10272,0.3040575659224487
OMN,2018,0.8893123709704039,91505851755.52666,1.2871039154328798
OMN,2019,0.4908153628206712,88060858257.47723,-1.1286380172805792
OMN,2020,-0.4064029194658499,75909492847.85435,-3.3797205269799946
OMN,2021,1.682211858760845,87323797139.14174,2.5821749892892996
OMN,2022,2.506142506142497,109852795838.75162,7.98570728354278
OMN,2023,0.9507829977628273,106174707932.37971,1.414013832001615
OMN,2024,0.593589236248469,107137198699.60988,1.6316323139797788
OMN,2025,0.967741935483928,109604780696.23042,2.397873822953983
OSS,1960,,,
OSS,1961,,,
OSS,1962,,,
OSS,1963,,,
OSS,1964,,,
OSS,1965,,,
OSS,1966,,,
OSS,1967,,,
OSS,1968,,,
OSS,1969,,,
OSS,1970,,,
OSS,1971,,,
OSS,1972,,,
OSS,1973,,,
OSS,1974,,,
OSS,1975,,7536675204.262759,
OSS,1976,,8756552568.98943,16.26450196839609
OSS,1977,,10751088166.39218,10.088166234174551
OSS,1978,,12466371861.250786,7.0038855819830985
OSS,1979,,16393627219.440262,14.792701177512498
OSS,1980,,24469509825.303123,-2.7196671665628145
OSS,1981,10.74469360839765,22822814057.998962,-7.540289895458827
OSS,1982,6.432797266936915,21876317951.73348,3.0222142637967835
OSS,1983,5.589498018439389,20072665046.90332,0.9634904647376885
OSS,1984,6.514828861027327,19829824800.799603,2.691992730597107
OSS,1985,3.69383447394864,19321547629.01521,2.0010846619532856
OSS,1986,9.722193276785626,19271096442.810978,2.038504324135502
OSS,1987,3.846153846154087,24115018696.51204,6.1006367379845585
OSS,1988,5.265217171046629,25998041842.41699,3.104568621647104
OSS,1989,5.860509518528307,26569541982.584778,2.89071206049141
OSS,1990,7.256946475649501,31954015147.635998,5.235558436750608
OSS,1991,6.9048963274275525,33550913340.205826,-0.5213960003367646
OSS,1992,4.29561553353871,36340445476.63162,-3.127069627860095
OSS,1993,5.788395904436975,34799288270.53628,0.37076584545762614
OSS,1994,4.129921816382586,36855488521.84507,2.8471479759772933
OSS,1995,5.966641394996126,43750838246.0409,4.34296099844893
OSS,1996,5.963619617775755,44988678260.328445,3.2566590905340576
OSS,1997,6.669415266325942,45001855638.882835,6.237112289628442
OSS,1998,3.4870438398435977,45175657701.30216,3.416566434403606
OSS,1999,3.826272321146809,47126365642.718704,2.5959231116487587
OSS,2000,4.080073586054093,47447997451.68709,7.306350053210693
OSS,2001,4.402066861705513,47626338310.4085,3.1892425211739237
OSS,2002,3.1670985974441135,52122511271.79994,3.4944116296591545
OSS,2003,2.572308616933394,64819510796.11046,4.2687874846130285
OSS,2004,3.140227644989055,76950784902.50465,4.455973806625565
OSS,2005,3.010645237542168,86284958292.6193,4.604974815114431
OSS,2006,3.48340699677866,95908328760.04448,6.200678113413275
OSS,2007,5.051557364921427,115445997132.21701,5.46356131088703
OSS,2008,9.064236219489416,125254076612.11679,0.9037363920715933
OSS,2009,2.516091281451126,107852490662.01974,-5.128386757221961
OSS,2010,2.972045120156935,112786677893.27953,2.4770957293311966
OSS,2011,4.473883421650231,128764141897.79114,3.296991986015982
OSS,2012,4.145247249811187,125764680258.23813,1.2013776796876243
OSS,2013,2.780566589549876,130969031866.95985,0.7950580592509482
OSS,2014,1.34186494340162,135415534454.34677,2.101702417964347
OSS,2015,0.9532066587776067,121433689793.06734,3.3537960168493157
OSS,2016,0.6427027715273043,128159306240.89926,4.113245214844625
OSS,2017,1.76041559180605,143284638053.6435,5.062693937574409
OSS,2018,2.611223782637997,158084162753.7278,4.3691585679193565
OSS,2019,1.642060017689402,158537272264.68924,4.24191171511896
OSS,2020,0.7125934431379318,146178019948.38065,-5.7645016806284275
OSS,2021,2.4284453278931952,172054189148.08694,7.991144382364055
OSS,2022,7.468119354149371,181929859029.67908,4.398689429238672
OSS,2023,5.5129380880414285,196776788550.52112,3.200307220430915
OSS,2024,2.0874266014521905,208356256433.88385,2.7688125806712094
OSS,2025,2.8063054227930957,228636677706.69135,2.883400864023116
PAK,1960,6.947368421052889,3749265014.6997066,
PAK,1961,1.640419947506089,4118647627.0474596,5.987346419291413
PAK,1962,-0.5164622336984995,4310163796.724066,4.482858627503262
PAK,1963,1.456488447974964,4630827383.452332,8.688831518257857
PAK,1964,4.179586881453193,5204955900.881983,7.569757449024323
PAK,1965,5.568635479363752,5929231415.371693,10.419365822040817
PAK,1966,7.227621597877353,6561108777.824444,5.789951801420216
PAK,1967,6.811399634286877,7464510709.785805,5.400612597218398
PAK,1968,0.1706273484381013,8041999160.0168,7.233220924987393
PAK,1969,3.186986795736857,8683116337.673246,5.507899634295697
PAK,1970,5.349840909830166,10027509449.811005,11.353461718192733
PAK,1971,4.730691482322722,10665896682.06636,0.4683725484933632
PAK,1972,5.183237645491385,9415016359.56604,0.8134064045846969
PAK,1973,23.07008402508444,6383429490.210915,7.064263856949708
PAK,1974,26.6630348537488,8899191919.19192,3.540191712788726
PAK,1975,20.90450945739979,11230606060.60606,4.211415631464348
PAK,1976,7.158323731184648,13168080808.080807,5.156189589861242
PAK,1977,10.13296768740547,15126060606.060606,3.947698287413232
PAK,1978,6.138692667427427,17811515151.515152,8.048533619378546
PAK,1979,8.267046976175719,19688383838.38384,3.758435568521861
PAK,1980,11.93823091070873,23654444444.444443,10.215704037275543
PAK,1981,11.87991359252828,28100606060.60606,7.920763571996957
PAK,1982,5.903528784358635,30725971563.98104,6.537486799988471
PAK,1983,6.362033499852997,28691889763.77953,6.778378338701714
PAK,1984,6.087166735737162,31151825467.497772,5.065205604764017
PAK,1985,5.61483921793224,31144920844.327175,7.592114698758962
PAK,1986,3.506414247582045,31899070055.796654,5.501653663862527
PAK,1987,4.681218546202127,33351529274.686863,6.4523430246698155
PAK,1988,8.837937018177726,38472742808.31672,7.625278779593785
PAK,1989,7.844264737400439,40171106279.0078,4.959768894404391
PAK,1990,9.052131552797764,40010423970.45763,4.45858681510218
PAK,1991,11.79127033514159,45625336680.20465,5.061567758978612
PAK,1992,9.509041461901504,48884671947.46571,7.705897817160292
PAK,1993,9.973664760292092,51809999353.161354,1.7577476978467956
PAK,1994,12.3681943936948,52293470813.133606,3.7374155576774655
PAK,1995,12.34357851705133,60636071684.191795,4.962609146232808
PAK,1996,10.37380858850018,63320170084.407555,4.846581286816544
PAK,1997,11.3754928865122,62433340468.02277,1.014396010778924
PAK,1998,6.228004154245431,62191955814.3478,2.550234298173933
PAK,1999,4.142637180821711,62973857068.511284,3.660132739432356
PAK,2000,4.366664512916805,99484802344.52766,4.2600880111324955
PAK,2001,3.148261445906179,97145618479.90381,3.6513501708376452
PAK,2002,3.290344726131526,97923302809.35368,2.5948166844578395
PAK,2003,2.914134700594792,112371913740.82295,5.401310873143416
PAK,2004,7.444624693427395,132216048339.41289,7.831255569612509
PAK,2005,9.06332737030417,145208562960.76663,7.2765744364722025
PAK,2006,7.921084400587886,161871385506.3602,6.051637675699965
PAK,2007,7.598684410507745,184140869997.46017,4.444814339884402
PAK,2008,20.28612109295543,202203748583.8536,2.120441043308304
PAK,2009,13.64776506397613,187337783856.46567,3.472550595673482
PAK,2010,12.93887056348892,196709621849.58618,1.5017175215288319
PAK,2011,11.9160927116277,230586581059.6654,2.6801168542170473
PAK,2012,9.682351860556839,250106966104.70358,3.0275839108862925
PAK,2013,7.692156118995647,258657231672.41232,4.366865049783868
PAK,2014,7.189384028470276,271390474857.63217,4.116428171614217
PAK,2015,2.529328172542286,299963590534.7735,4.217942095725064
PAK,2016,3.765119163565805,313630000130.43536,6.573838285110426
PAK,2017,4.08537368032608,339205534861.1001,4.432625906839746
PAK,2018,5.078057258689168,356128166704.921,6.151702610995187
PAK,2019,10.57803056720248,320909472770.6687,2.4976369294336536
PAK,2020,9.740116193201255,300425609817.9812,-1.2740874433870886
PAK,2021,9.496415772852052,348516647445.14844,6.5138857585270244
PAK,2022,19.87385996466555,374890295666.69366,4.7781068690357955
PAK,2023,30.76812806570052,336686348609.2659,-0.41493599708840634
PAK,2024,12.63253185304518,371747087751.3061,3.0817629557930104
PAK,2025,3.545552148908928,407307214476.22186,3.6984266874903255
PAN,1960,0.05117707241576667,537147100.0,
PAN,1961,0.6138107419467671,599026300.0,10.926594841623043
PAN,1962,0.788002033555874,652120900.0,8.244736819974634
PAN,1963,0.4498875281199649,722784500.0,8.538788799398048
PAN,1964,2.413535704913789,776137500.0,4.43213036829097
PAN,1965,0.4616132167198251,852485300.0,9.160036262053794
PAN,1966,0.1934703750925933,928833000.0,7.581401882849065
PAN,1967,1.375814627091806,1034376400.0000001,8.552931178989766
PAN,1968,1.619047619535457,1112791100.0,6.977388623734939
PAN,1969,1.827553889413598,1221305700.0,8.44138916877408
PAN,1970,3.083294983670256,1351006400.0,6.9592261077993385
PAN,1971,1.919642857151452,1523917200.0,9.61613757840476
PAN,1972,5.409548839489273,1673411700.0,4.582812505252406
PAN,1973,6.856430500533746,1913793400.0,5.364310217205343
PAN,1974,16.26806662771247,2188307600.0,2.448319562465514
PAN,1975,5.881041306509476,2435304100.0,1.740919440126575
PAN,1976,3.949999999417204,2588106000.0,1.6644613597297138
PAN,1977,4.585537918896118,2738261900.0,1.0940258905988003
PAN,1978,4.200521232660972,3244558600.0,9.79264391816659
PAN,1979,7.988818596107675,3704551600.0,4.514751079851266
PAN,1980,13.80790190780081,4614086400.0,13.084481729048946
PAN,1981,7.302328365262183,5222421500.0,9.206809453579083
PAN,1982,4.250571763281247,5769767900.0,5.34845643837734
PAN,1983,2.102841243681656,5923755900.0,-4.491364346429464
PAN,1984,1.582643328585872,6183387100.0,2.7094737730588747
PAN,1985,1.026619892751584,6541517100.0,4.942233651539809
PAN,1986,-0.06638410835937013,6797834200.0,3.5677882281905227
PAN,1987,0.996423096679179,6827665300.0,-1.8090554813950064
PAN,1988,0.3592208449281704,5902783400.0,-13.379843782662746
PAN,1989,0.2058672583177602,5918469800.0,1.5622470054956352
PAN,1990,0.7694853549560098,6433967000.0,8.09899300573224
PAN,1991,1.25626077674687,7074675500.0,9.419006048736065
PAN,1992,1.824521569899592,8042337700.0,8.201679529360973
PAN,1993,0.4539300788403601,8782585400.0,5.455744769754361
PAN,1994,1.268431901061959,9365289800.0,2.850147170619806
PAN,1995,0.9942069829338702,9573813700.0,1.7516789038938896
PAN,1996,1.255716611115464,9197503300.0,4.079702706570302
PAN,1997,1.324351221006078,10058854400.0,7.7090400018915375
PAN,1998,0.5590812934424944,11019557700.0,8.387472124689694
PAN,1999,1.247182569496352,11660704800.0,5.211645846063533
PAN,2000,1.498961116057782,11966497000.0,4.209005478653751
PAN,2001,0.3070624360287224,12252906300.0,0.9499081499852338
PAN,2002,1.005830903790395,12800851300.0,2.508843727161249
PAN,2003,0.3916666666667087,13603456000.0,5.096860304938005
PAN,2004,0.4747230782043617,15100203400.0,8.175653339656492
PAN,2005,2.855883247609569,16623906700.0,8.276183345035307
PAN,2006,2.457893464421021,18659721500.0,9.857238705647518
PAN,2007,4.168633002988798,21717433800.0,13.153065378293348
PAN,2008,8.758683177287796,25721328000.0,10.197432590795842
PAN,2009,2.409053040822011,27791215500.0,1.6118640597605491
PAN,2010,3.491288726188089,30231009500.0,6.073393531060873
PAN,2011,5.875802436787632,35687738300.0,11.908877224953088
PAN,2012,5.698199591659925,41595439700.0,9.627293464390192
PAN,2013,4.027159915710606,46949496500.0,6.324353886628458
PAN,2014,2.62652699929143,51427104900.0,4.625813755655514
PAN,2015,0.1374920584615882,55767806100.0,5.266917195955159
PAN,2016,0.7397340252999499,59760858700.0,4.5719670793727545
PAN,2017,0.8755859187599626,64327688800.0,5.744059463557804
PAN,2018,0.7615783593999447,67316471200.0,3.9182425332126485
PAN,2019,-0.3550838210212455,69778991200.0,3.1029539563108557
PAN,2020,-1.550275408037605,57059846500.0,-17.821117407460235
PAN,2021,1.630703373018981,67396392500.0,16.466999202265214
PAN,2022,2.859651288347113,76479304500.0,11.038602290877293
PAN,2023,1.486413552770377,83812155200.0,7.1663401639066535
PAN,2024,0.69322555100446,86523959100.0,2.7478414877130746
PAN,2025,-0.1895878802356753,90462600000.0,4.350304606277305
PER,1960,8.664459162719101,2571986572.127192,
PER,1961,5.916708988363754,2897852693.2749424,7.347096331455688
PER,1962,6.641093263597494,3284322201.278312,10.035293334221222
PER,1963,6.070143884285927,3598272493.310898,4.3282498184459115
PER,1964,9.792284866634839,4353664866.679853,6.547867650471019
PER,1965,16.38996138944238,5163008077.3737135,5.621733449477361
PER,1966,8.840603749222087,6109048736.618533,8.238920445759405
PER,1967,9.783602560634137,6194340079.8786,3.8525644078289503
PER,1968,19.08661854543804,5736083835.290338,0.15223771093175742
PER,1969,6.236158060780612,6420909789.829997,3.514458912513959
PER,1970,5.025235900724245,7432223176.936233,3.365946003326144
PER,1971,6.790639364954147,8289582883.676733,4.590539927598854
PER,1972,7.219722167705451,9189413409.28138,3.4775351231047296
PER,1973,9.48905109503398,10994381895.116135,6.276934755620218
PER,1974,16.89166666657032,13858441211.469212,9.386834919383034
PER,1975,23.61873529633262,16931162355.48021,4.300863165484259
PER,1976,33.48327566345664,16131958850.644405,1.4471109951741141
PER,1977,38.0540914196793,14544913960.506155,0.3490636993038123
PER,1978,57.84878262515052,12491876742.970816,-2.6425029788215397
PER,1979,66.69442296648764,15954012439.166182,4.090750574100028
PER,1980,59.14507124449138,18136838537.724957,5.943335398308406
PER,1981,75.43326875760644,21648214892.882786,5.552041814840464
PER,1982,64.44815853879285,21794535621.215958,-0.2227234441863004
PER,1983,111.1506352091574,17345260564.48239,-10.408085798296952
PER,1984,110.2085195625433,17600400384.5073,3.608286538169665
PER,1985,163.3995052436875,15078736875.386955,2.061132066258949
PER,1986,77.92102554735948,21859448586.48503,9.42596236073652
PER,1987,85.82230623818455,36889706592.684326,9.726146430503718
PER,1988,667.0193285859615,15439408447.2,-9.44127344629392
PER,1989,3398.679010053324,22499558526.36816,-12.312041447129602
PER,1990,7481.663611245257,26410386962.801933,-4.982563536466046
PER,1991,409.5301666220228,34341465998.200283,2.2192591027909003
PER,1992,73.52829424426415,35966302303.262955,-0.5405091247239255
PER,1993,48.57998644688849,34832077220.85365,5.24357700773291
PER,1994,23.73690505650459,44882079766.89127,12.308366184844502
PER,1995,11.12870297070885,53312793687.38364,7.411395047351192
PER,1996,11.53794241151773,55252414130.30192,2.7989730791260854
PER,1997,8.56218948953653,58147522522.52252,6.476824420797087
PER,1998,7.24782175213469,55501467877.381035,-0.3915375558338212
PER,1999,3.46965996293019,50187324567.882996,1.4949106430883319
PER,2000,3.757338333444744,51744749133.21299,2.694371398069123
PER,2001,1.977098785020532,52030158775.40549,0.6178923256242967
PER,2002,0.1931350038537219,54777553515.08088,5.453528938187674
PER,2003,2.259377533630723,58731030121.867096,4.1650231366611195
PER,2004,3.662473200922334,66768703497.56869,4.958203206117446
PER,2005,1.616301938625438,76060606060.60606,6.285060325096012
PER,2006,2.002258012488186,88643193061.748,7.528899044059401
PER,2007,1.779986446803718,102170981144.13551,8.518387769095497
PER,2008,5.785875982067553,120550599815.4414,9.126568301464204
PER,2009,2.936231535966997,120822986521.47932,1.095823659242697
PER,2010,1.52832059732901,147527631520.7292,8.332459107495765
PER,2011,3.369310953338531,171761737046.58508,6.327192401611171
PER,2012,3.611212949401632,192650021648.5832,6.139724705604351
PER,2013,2.767896660820019,201175543571.3918,5.852518210849283
PER,2014,3.411945798074646,200786250582.94272,2.3821573718054054
PER,2015,3.398091947463076,189802976285.61893,3.252244772184511
PER,2016,3.557176635562789,191898104390.37863,3.953318715207672
PER,2017,2.994900458094428,211007984080.91058,2.5188354423313513
PER,2018,1.509154230247419,222597009739.23532,3.969351341364998
PER,2019,2.25212191358027,228346006003.64822,2.2406317687504895
PER,2020,2.002412057592918,201409694755.93436,-10.933306501038231
PER,2021,4.271663815367978,226406075008.8776,13.416645612651308
PER,2022,8.333706300962309,246169867862.82056,2.818199764199221
PER,2023,6.455613483695862,268025009709.31876,-0.35069981434575936
PER,2024,2.00770739412712,291751523018.9033,3.5152749274832047
PER,2025,1.531254503142729,334854659181.893,3.4305639512446646
PHL,1960,4.154821779821614,7515894110.564875,
PHL,1961,1.59563300452722,8171194424.944976,5.695470950297548
PHL,1962,5.79665220101376,4954593071.827959,4.846294189158982
PHL,1963,5.625549370088236,5505023238.406689,7.016265184165832
PHL,1964,8.183079057003301,5953756194.809882,3.4024944357127254
PHL,1965,2.564102564284486,6517349771.933859,5.345089329322363
PHL,1966,5.399999999680746,7189017887.692307,4.441158534025604
PHL,1967,6.25395319397734,7724873935.128205,5.222687589226638
PHL,1968,2.358806458905944,8632749269.487179,5.038159396929558
PHL,1969,1.955510322853842,9571800652.564102,4.6894734410081895
PHL,1970,14.38146167573282,7559115516.695318,3.692487486547961
PHL,1971,21.4033435366143,8375075629.832697,5.38900841621259
PHL,1972,8.204034134988339,9067815521.326199,5.430387493923433
PHL,1973,16.5800322638464,11412449735.305641,8.78200912237088
PHL,1974,34.16359163591648,15607882555.291605,3.3946063785020613
PHL,1975,6.761402704560771,16875240683.508327,5.451102869654775
PHL,1976,9.199227136110112,19381055197.27945,8.778403330513342
PHL,1977,9.898751597365656,22283109803.3521,5.562970251512667
PHL,1978,7.33452593917692,25762224562.631573,5.192384530278076
PHL,1979,17.53333333275015,31218296292.1295,5.595571075911309
PHL,1980,18.20051049385085,36848080898.81119,5.200711079111869
PHL,1981,13.08259852416757,40499388869.12711,3.42220873753665
PHL,1982,10.22172713768915,42206011275.17565,3.698406098511086
PHL,1983,10.02935656204813,37759179894.52985,1.8969517895909718
PHL,1984,50.33897563744976,35730185633.52326,-7.039378201225901
PHL,1985,23.1031071803888,34961486348.23824,-6.858377208646829
PHL,1986,1.148137776533384,33987207294.943222,3.51068403005506
PHL,1987,4.06976744186024,37791488666.07431,4.361809672776971
PHL,1988,13.86006916733189,43152128958.611595,6.696931104681852
PHL,1989,12.24299065420551,48513773720.67303,6.18391820283388
PHL,1990,12.17735220649464,50508286641.57462,3.0826725285588736
PHL,1991,19.26145852662816,51784144942.72696,-0.4363900805334282
PHL,1992,8.651003578652645,60422328242.180336,0.4176290660979447
PHL,1993,6.716311041099733,62036529147.18309,2.1818899856129974
PHL,1994,10.38647342995175,73159336915.2718,4.373665918190767
PHL,1995,6.831996109895336,84644328727.48247,4.62522511739661
PHL,1996,7.476103777879099,94648084429.03406,5.860347871637899
PHL,1997,5.590259396506009,94106317565.08456,5.186411674061645
PHL,1998,9.234934322671212,74492416329.91425,-0.5140905995418876
PHL,1999,5.939049017808082,85640171045.12543,3.3464511839826656
PHL,2000,3.977125032492797,83669788376.9213,4.382505000833987
PHL,2001,5.345501955671419,78921234457.54874,3.049231344634862
PHL,2002,2.722772277227651,84307345887.543,3.716255001583832
PHL,2003,2.289156626506071,87039092974.22725,5.086911135130734
PHL,2004,4.829210836277951,95001999685.33144,6.5692285118062586
PHL,2005,6.516853932584333,107419977318.16573,4.942505118776779
PHL,2006,5.485232067510502,127652926368.06917,5.316416821369387
PHL,2007,2.900000000000028,155980408673.40317,6.519291550189379
PHL,2008,8.260447035957249,181624626327.36093,4.344487305091832
PHL,2009,4.21903052064628,175974755881.37238,1.4483230627566854
PHL,2010,3.789836347975908,208368893151.14383,7.334499960345383
PHL,2011,4.7184170471842,234216730291.32016,3.858232827956627
PHL,2012,3.026963911247963,261920540962.62988,6.896951710509853
PHL,2013,2.582687661417947,283902828588.7177,6.750531301422555
PHL,2014,3.597823438642111,297483555338.0443,6.347987482608673
PHL,2015,0.6741925368454084,306445871242.32245,6.348309716727613
PHL,2016,1.253698800809817,318627003016.73126,7.149456750007516
PHL,2017,2.853187725909474,328480736802.7598,6.930988325840204
PHL,2018,5.309346616277067,346841896587.31256,6.341485571534733
PHL,2019,2.392065344224044,376823402239.1359,6.118525662213031
PHL,2020,2.393162393162403,361751145451.59674,-9.518294740452973
PHL,2021,3.927180221003324,394087359848.11,5.714733131851162
PHL,2022,5.821158112139547,404353369604.6311,7.580982127855634
PHL,2023,5.978025155414093,437055627245.13763,5.518949678560432
PHL,2024,3.21260487006347,461671157904.7403,5.714745261286524
PHL,2025,1.658736452550901,487086123720.41736,4.402401587106212
PLW,1960,,,
PLW,1961,,,
PLW,1962,,,
PLW,1963,,,
PLW,1964,,,
PLW,1965,,,
PLW,1966,,,
PLW,1967,,,
PLW,1968,,,
PLW,1969,,,
PLW,1970,,11563041.0,
PLW,1971,,12706874.0,0.12633961158053353
PLW,1972,,13956474.0,0.34130133926207407
PLW,1973,,15331889.0,0.20202455362921512
PLW,1974,,16848759.0,0.10553465803467077
PLW,1975,,18521112.0,0.02526664006154533
PLW,1976,,20364420.0,-0.041524069501264194
PLW,1977,,22308104.0,1.4301042928393457
PLW,1978,,24530015.0,-0.48859488810715845
PLW,1979,,27004251.0,-0.3741469251100682
PLW,1980,,29728054.0,-0.37414477681807057
PLW,1981,,32726594.0,-0.3741469505890507
PLW,1982,,36027583.0,-0.3741493916272276
PLW,1983,,39661530.0,1.9320085788834263
PLW,1984,,44814259.0,4.621996975433817
PLW,1985,,51030637.0,5.436506258111052
PLW,1986,,58109314.0,5.43650649081053
PLW,1987,,66169905.0,5.43650574891889
PLW,1988,,75348615.0,5.4365063720043025
PLW,1989,,85800543.0,5.436506376354359
PLW,1990,,97702303.0,5.43650669451759
PLW,1991,,106555300.0,4.905234808756859
PLW,1992,,104771300.0,-6.4000372425994385
PLW,1993,,96455700.0,-12.300041262788469
PLW,1994,,106138500.0,7.300041641308198
PLW,1995,,121018500.0,10.899990114408638
PLW,1996,,137494600.0,10.399998940914173
PLW,1997,,143860800.0,2.3000014789463137
PLW,1998,,149079600.0,1.9999828079470632
PLW,1999,,144206500.0,-5.399983451497022
PLW,2000,,149551484.375,-2.603925182857722
PLW,2001,,159446234.375,7.345888227406888
PLW,2002,-1.301236174365624,162658718.75,4.714975670378905
PLW,2003,0.9228740936058241,154566781.25,-2.127759057444365
PLW,2004,4.964075767472172,166363734.375,3.4725126784907587
PLW,2005,3.951462352209097,185658171.875,2.884820265040247
PLW,2006,4.429811433702542,190777421.875,0.22810295238053868
PLW,2007,3.238750358268807,196012718.75,0.6870609326257977
PLW,2008,11.9655746807329,199046109.375,-5.55349767521281
PLW,2009,1.438135383089529,184049765.625,-6.195094166660212
PLW,2010,1.442190173551687,184292328.125,-3.026482719799631
PLW,2011,4.6746987951807,195163578.125,4.545342205630703
PLW,2012,3.614180478821381,214928296.875,2.0613291974067067
PLW,2013,3.35481004221287,226257828.125,-1.3936833062272314
PLW,2014,4.19174548581256,245436546.875,4.213923681366325
PLW,2015,0.9490406436970814,283224750.0,8.57000568228419
PLW,2016,-1.042305334150741,303326125.0,1.6665068823559182
PLW,2017,1.417988196669196,289983656.25,-3.4214317017488867
PLW,2018,2.109704641350175,288228343.75,-0.41762585926036877
PLW,2019,0.2673796791444399,281954000.0,0.300684343692609
PLW,2020,0.2181818181818328,258985859.37500003,-6.007407236641441
PLW,2021,2.612481857764805,235935734.375,-11.914640019206402
PLW,2022,12.35266383781242,247470812.5,-0.46287954382319185
PLW,2023,12.81997482165336,276157406.25,1.222848444057334
PLW,2024,2.231727729217038,321501812.5,12.005972018486588
PLW,2025,-0.4184100418410392,345000000.0,6.2863765420273126
PNG,1960,,230496036.8793659,
PNG,1961,,244832039.17312625,6.1811117249275185
PNG,1962,,261184041.78944668,6.374099312005214
PNG,1963,,275968044.1548871,4.072521773181677
PNG,1964,,305312048.8499278,8.57028153120143
PNG,1965,,344176055.0681688,10.26851980380556
PNG,1966,,390992062.55873,5.813757982315096
PNG,1967,,441728182.6765092,4.070461474606276
PNG,1968,,485184189.62947035,4.359590250887038
PNG,1969,,551263864.2022183,8.273457947791329
PNG,1970,,645568215.2909144,10.84280577768233
PNG,1971,,717750278.1056643,6.295192567370123
PNG,1972,6.074999999515112,858761926.0896797,5.643553371148897
PNG,1973,8.343153429472174,1299079410.4363782,6.529264832446231
PNG,1974,23.16728301032476,1467417672.1700213,2.6105325934143764
PNG,1975,10.49099258237725,1356603608.0969455,-0.8798841646203499
PNG,1976,7.656649616245118,1511843235.4911094,-3.3884486143306276
PNG,1977,4.528582034622272,1640746618.6846733,0.8348156010921031
PNG,1978,5.799999998999586,1947878830.6238317,8.549859334011003
PNG,1979,5.76559546319348,2293760510.9609036,1.832395514935726
PNG,1980,12.06434316364594,2545808455.523991,-2.303451201184288
PNG,1981,8.054226476141055,2498190847.396678,-0.27482957165001665
PNG,1982,5.535055350553483,2368719683.4484835,0.35294428867939587
PNG,1983,7.90209790139863,2562351551.0449133,3.223163063542927
PNG,1984,7.420609203547862,2552662617.1885433,-0.3547264521768625
PNG,1985,3.710407239819086,2423339171.5001493,4.000190344099025
PNG,1986,5.453752181500841,2647995602.2869754,4.693057068826917
PNG,1987,3.337470693697205,3143851794.087228,2.7704948317036013
PNG,1988,5.445082076604636,3656177880.7062545,2.9092404844603124
PNG,1989,4.480445513226606,3546472565.693639,-1.4195798836063744
PNG,1990,6.953361599030704,3219729083.0648656,-3.012169221812556
PNG,1991,6.965681277607528,3787394957.9831934,9.546897710399136
PNG,1992,4.309614570097481,4377980510.055982,13.849085268948102
PNG,1993,4.974114303116457,4974550286.18152,18.202285952729767
PNG,1994,2.852722173871341,5502786069.651742,5.942109059677691
PNG,1995,17.28093268145904,4636057476.425685,-3.3124487782966554
PNG,1996,11.62417829084481,5155311077.389984,7.733695797963989
PNG,1997,3.964378052284091,4936615298.793669,-3.9043896563935903
PNG,1998,13.57419176568089,3789443014.6166177,-3.7691132178345725
PNG,1999,14.9321817407701,3477038204.0173297,1.8555539940881687
PNG,2000,15.59589331075352,3521339699.074074,-2.4948419926002288
PNG,2001,9.298173327839683,3081024212.4292445,-0.1212886055647715
PNG,2002,11.79944709726063,2999511040.197643,-0.15890053308265806
PNG,2003,14.70907796635569,3536411824.2958045,2.1641025022208282
PNG,2004,2.158931312669455,3927157866.9646463,2.7211757409823463
PNG,2005,1.780804399258265,4865892972.275951,6.344795923096541
PNG,2006,2.368462384168295,8354911040.701925,5.409944091073072
PNG,2007,0.9113504556752402,9545028944.345787,7.815189228623879
PNG,2008,10.76141823268266,11670892800.530945,-0.29645784588058177
PNG,2009,6.918325326012237,11619456449.265974,6.800421483220958
PNG,2010,6.013608935678564,14250786674.776615,10.12845407202316
PNG,2011,4.44083401028971,17985138065.854904,1.1075436261961613
PNG,2012,4.537205081669719,21295168665.724728,4.657119596862387
PNG,2013,4.960317460317502,21261338064.878304,3.824946328006746
PNG,2014,5.222117202268408,23210823987.30796,13.543770621654588
PNG,2015,5.995957781271074,21723437010.098206,6.578356323042755
PNG,2016,6.673728813559295,20758876952.623165,5.4895731527818725
PNG,2017,5.422045680238336,22742699138.356014,3.5346108175045856
PNG,2018,4.374489214531625,24109780708.02678,-0.27925228495995214
PNG,2019,3.928672909395973,24750626029.877747,4.4805145694258215
PNG,2020,4.871673985655547,23848447849.60812,-3.1674320443481463
PNG,2021,4.483590140423982,26113409477.73181,-0.5106126070343606
PNG,2022,5.253239222152406,31653230962.454857,5.707019649965247
PNG,2023,2.298699912967908,30816328065.649235,3.8104630833370834
PNG,2024,0.6024039211079167,30803971189.410164,3.887953246678478
PNG,2025,4.421413641664853,32498658653.84149,5.63792052319458
POL,1960,,,
POL,1961,,,
POL,1962,,,
POL,1963,,,
POL,1964,,,
POL,1965,,,
POL,1966,,,
POL,1967,,,
POL,1968,,,
POL,1969,,,
POL,1970,,,
POL,1971,1.099999999000219,,
POL,1972,-0.0989119673601228,,
POL,1973,2.47524752475226,,
POL,1974,7.053140095652342,,
POL,1975,2.256317689550941,,
POL,1976,4.413062665528886,,
POL,1977,4.902789518215626,,
POL,1978,8.101265822784647,,
POL,1979,7.025761124121798,,
POL,1980,9.682713347921323,,
POL,1981,19.12718204488774,,
POL,1982,103.5587188612099,,
POL,1983,25.53475935828901,,
POL,1984,15.40099942655816,,
POL,1985,11.52126073684957,,
POL,1986,16.54996817313808,,
POL,1987,26.37902785363241,,
POL,1988,58.72082973206531,,
POL,1989,244.5509329848264,,
POL,1990,567.878800666191,65977748210.52632,
POL,1991,76.76949920873469,85500935934.99008,-7.01557879301123
POL,1992,46.09856210374306,94337050693.27269,2.514978613502606
POL,1993,36.96416661207178,96043157272.86205,3.738310294614706
POL,1994,32.99127660935228,110803635287.62108,5.292802066625995
POL,1995,27.95138856330397,142838527115.4478,7.929659563139339
POL,1996,19.79496691967066,160813026223.06296,6.093877473856281
POL,1997,14.91315861495998,159893964916.8174,6.358906350305091
POL,1998,11.59785542572359,175282269666.80093,4.6216113376176935
POL,1999,7.15407291179853,170704452714.67276,4.699184791925575
POL,2000,9.900175388430652,172953527033.01254,4.656332529882363
POL,2001,5.408335455661495,191823200371.28412,1.2337446440035649
POL,2002,1.905282150480542,199694463255.5668,1.9011943796858617
POL,2003,0.6827013757876321,218561225998.47006,3.523371172348334
POL,2004,3.382646818846991,256268656145.13394,5.090795464095436
POL,2005,2.183798723902509,306999913150.52496,3.260822746792158
POL,2006,1.284693943664164,345897630736.1726,6.2021071093437286
POL,2007,2.458743123853899,429715132137.5025,6.760447852762596
POL,2008,4.164971935247787,535612030671.8877,4.3837706927460545
POL,2009,3.795392424833992,440891472247.09644,2.6151285929168324
POL,2010,2.580693702505478,478111630683.5141,3.168927482580358
POL,2011,4.239401496259321,527848543023.4693,5.25546256612796
POL,2012,3.560371517027928,498148649702.66003,1.5117816764457501
POL,2013,0.991982606332335,518179836405.3601,0.6842406070518052
POL,2014,0.05382131323998021,542134167178.62683,3.920508623900318
POL,2015,-0.8741258741258624,480054118583.3665,4.431767002644776
POL,2016,-0.664767331433962,473259623976.26245,3.03117767594847
POL,2017,2.075935536738593,528356723263.0732,5.1524577332590695
POL,2018,1.812951565426885,594616632477.0186,6.245858472394204
POL,2019,2.227478809382914,602683770144.8804,4.58045817256199
POL,2020,3.37446972618589,605914237903.7422,-2.0355688239997676
POL,2021,5.055027047192721,689170230665.3503,6.9271826605250055
POL,2022,14.42945075757577,695607470875.2762,5.255456973860362
POL,2023,11.52891279611048,812451193396.1426,0.2496108340178722
POL,2024,3.790608976301966,917767106146.7615,3.028416307002729
POL,2025,3.814195315201464,1035491784197.4406,3.572725034677404
PRE,1960,,24364156193.675148,
PRE,1961,,25256725916.258503,-0.3185664136850619
PRE,1962,,27666238152.206493,6.184177153373824
PRE,1963,,31983402735.192265,5.763785758763817
PRE,1964,,30268695831.851673,4.624745495441317
PRE,1965,,33350877902.11011,4.406896099402772
PRE,1966,,36463686475.736786,1.1779428289474083
PRE,1967,,34694458407.58932,-5.748654513594047
PRE,1968,,37417938617.9153,3.6184818853325424
PRE,1969,,42086630830.66628,11.292548221684925
PRE,1970,,47414033706.793365,8.566738545189395
PRE,1971,,46895053548.18566,9.322843337508814
PRE,1972,,55102867455.822975,3.4090635168158485
PRE,1973,,67902484335.59682,4.054344310850922
PRE,1974,,93597653615.40134,8.326167352292345
PRE,1975,,106608000583.77505,-0.3345654562802167
PRE,1976,,124631310796.99605,6.916037730026574
PRE,1977,,137554858322.4999,4.677011847635242
PRE,1978,,156118418496.8854,-0.1771199596093993
PRE,1979,,192716721393.45258,5.676386413701252
PRE,1980,,238216835061.1576,4.180347251159716
PRE,1981,,325165387006.7011,-3.963604758312229
PRE,1982,,308202776425.1522,-1.233077014487506
PRE,1983,,255682160761.56052,-4.694526409083792
PRE,1984,,238957760966.18036,0.6417368827725625
PRE,1985,,247847811937.5244,3.6093118742811896
PRE,1986,6.184778544569343,214950800439.55197,2.5226521037663474
PRE,1987,8.152342538008714,231283902157.2805,3.868830288324972
PRE,1988,9.31063652987074,242238712773.83026,3.854342461412756
PRE,1989,8.275016087515917,244959218938.88773,1.3569507564467358
PRE,1990,6.600225648740178,397040693431.74457,8.08441946670439
PRE,1991,8.592647604901922,224731322067.2177,-8.099976213943492
PRE,1992,9.486542506171633,174864985460.83838,2.176233070727136
PRE,1993,7.917074193626536,182710500407.87875,-0.6599557002695349
PRE,1994,34.64963615083235,190512119843.3818,0.06840061314233026
PRE,1995,16.43350345241635,280321612127.7132,3.12779313380382
PRE,1996,7.191646604333442,339779202888.2358,5.6458328251520555
PRE,1997,6.870639276161464,372342820435.2823,6.261264042460795
PRE,1998,6.465226297086239,394007939420.9912,6.93054568227258
PRE,1999,3.812372053660197,245465540937.7744,4.209528873693387
PRE,2000,4.165404422902826,283217741818.42596,5.473460076432033
PRE,2001,5.077450455224957,269595630764.0676,4.35453238448396
PRE,2002,4.378759717808726,312135025048.78015,6.006171384039277
PRE,2003,5.227733861396798,340468658769.8633,-0.5689196741344915
PRE,2004,4.107035939554025,424234077245.5297,12.008095360826232
PRE,2005,7.797497817864402,531122307170.791,5.9699193174175065
PRE,2006,6.695264657733543,668501035348.2662,6.216769337015208
PRE,2007,5.995907558763655,808147234881.5646,6.068057426343515
PRE,2008,10.287684792119425,1008759607218.5895,6.3874413157403325
PRE,2009,4.561506876709827,914568494528.6332,4.843369536110444
PRE,2010,3.976552884781682,1069026111074.6404,6.672655806844247
PRE,2011,6.4293968107234,1236913792349.9434,4.1553757689192
PRE,2012,6.44121280934117,1346198739594.5967,4.326269897142183
PRE,2013,4.631616197294613,1476570945874.2532,6.111851507935455
PRE,2014,3.534368561473237,1564268518633.7222,5.172917651097492
PRE,2015,3.25472688117631,1327649722440.5322,3.0422547377604587
PRE,2016,4.383891955139149,1179646343672.8782,2.4879088363412905
PRE,2017,4.578337412125497,1234012453109.8862,1.6540103519694185
PRE,2018,2.8020378351017374,1372992333739.423,2.6580162479384484
PRE,2019,2.5690878466475944,1634623930442.1946,3.160864004534943
PRE,2020,3.398629285188528,1493808964934.1777,-4.154553155413893
PRE,2021,4.222789620331941,1632692476237.5771,2.2907641079177097
PRE,2022,8.775674829885235,1857970259244.6956,4.635224221185581
PRE,2023,7.102209285570592,1679661211478.9592,2.4445509368551797
PRE,2024,4.190817213445235,1516630881743.9038,3.3286216757520037
PRE,2025,3.278235403575843,1665770125125.745,3.5743146908584436
PRI,1960,,1691900000.0,
PRI,1961,,1865100000.0,7.041738470565434
PRI,1962,,2094400000.0,8.323312532145664
PRI,1963,,2333600000.0,8.651047008671824
PRI,1964,,2570500000.0,7.060923721288177
PRI,1965,,2881500000.0,9.204842464826001
PRI,1966,,3170500000.0,7.499148396287936
PRI,1967,,3532700000.0,6.223223353465897
PRI,1968,,3941700000.0,5.180434597898255
PRI,1969,,4460700000.0,9.37523403803715
PRI,1970,,5034700000.0,8.397917944378477
PRI,1971,,5646800000.0,6.3654485755085375
PRI,1972,,6328900000.0,7.173574976752775
PRI,1973,,7002400000.0,6.344895848059423
PRI,1974,,7684800000.0,2.9173784909364713
PRI,1975,,8198299999.999999,-0.654567385249976
PRI,1976,,8968600000.0,6.243087812120621
PRI,1977,,9910900000.0,5.9506822363538845
PRI,1978,,11165000000.0,6.931946225000644
PRI,1979,,12750000000.0,7.906824687703292
PRI,1980,,14436100000.0,4.243465304746891
PRI,1981,,15955700000.0,1.1479472262085295
PRI,1982,,16764200000.0,-1.5566432089301259
PRI,1983,,17276600000.0,-2.3419746325127306
PRI,1984,,19162600000.0,5.928686528089955
PRI,1985,,20289200000.0,3.0974426446630474
PRI,1986,,22009300000.0,4.9773674499896
PRI,1987,,24025800000.0,5.768998903644373
PRI,1988,,26385800000.0,5.888372736588025
PRI,1989,,28161200000.0,4.3349523984564655
PRI,1990,,30603919000.0,-2.840540727113577
PRI,1991,,32287031000.0,2.3043911877006877
PRI,1992,,34630430000.0,4.564051814413489
PRI,1993,,36922456000.0,4.644527056780916
PRI,1994,,39690630000.0,4.185958584781389
PRI,1995,,42647331000.0,4.548988026634888
PRI,1996,,45340835000.0,2.3137075292945326
PRI,1997,,48187039000.0,4.880087208594674
PRI,1998,,54086400000.0,5.5307256364360455
PRI,1999,,57841000000.0,5.389699901230017
PRI,2000,,61701800000.0,3.2719645191047846
PRI,2001,,69208400000.0,6.313471576940643
PRI,2002,,71623500000.0,0.9164594234253371
PRI,2003,,74827400000.0,0.053419801717396354
PRI,2004,,80322313000.0,8.748676900816804
PRI,2005,,83914521300.0,-1.9869387177270283
PRI,2006,,87276164400.0,-1.4094140568482345
PRI,2007,,89524131600.0,-1.162806655739928
PRI,2008,,93639300000.0,-1.8441342183188425
PRI,2009,,96385600000.0,-1.9524251838112434
PRI,2010,,98381300000.0,-0.41325411917236465
PRI,2011,,100351700000.0,-0.3585106368503119
PRI,2012,,101564800000.0,0.0292751500944064
PRI,2013,,102450000000.0,-0.30682666694177385
PRI,2014,,102445800000.0,-1.190363473469418
PRI,2015,,103375500000.0,-1.049290032386736
PRI,2016,,104336700000.0,-1.2636943478111675
PRI,2017,,103445500000.0,-2.8852183839848067
PRI,2018,,100958100000.0,-4.361427031625354
PRI,2019,,105126400000.0,1.6754637949820932
PRI,2020,,103130900000.0,-4.180874309334598
PRI,2021,,106426600000.0,0.3852227195292386
PRI,2022,,113843700000.0,2.957095654995868
PRI,2023,,118478754280.882,0.7314921053661863
PRI,2024,,126029527033.705,3.1770755478489576
PRI,2025,,129368484000.0,0.3176700461968949
PRK,1960,,,
PRK,1961,,,
PRK,1962,,,
PRK,1963,,,
PRK,1964,,,
PRK,1965,,,
PRK,1966,,,
PRK,1967,,,
PRK,1968,,,
PRK,1969,,,
PRK,1970,,,
PRK,1971,,,
PRK,1972,,,
PRK,1973,,,
PRK,1974,,,
PRK,1975,,,
PRK,1976,,,
PRK,1977,,,
PRK,1978,,,
PRK,1979,,,
PRK,1980,,,
PRK,1981,,,
PRK,1982,,,
PRK,1983,,,
PRK,1984,,,
PRK,1985,,,
PRK,1986,,,
PRK,1987,,,
PRK,1988,,,
PRK,1989,,,
PRK,1990,,,
PRK,1991,,,
PRK,1992,,,
PRK,1993,,,
PRK,1994,,,
PRK,1995,,,
PRK,1996,,,
PRK,1997,,,
PRK,1998,,,
PRK,1999,,,
PRK,2000,,,
PRK,2001,,,
PRK,2002,,,
PRK,2003,,,
PRK,2004,,,
PRK,2005,,,
PRK,2006,,,
PRK,2007,,,
PRK,2008,,,
PRK,2009,,,
PRK,2010,,,
PRK,2011,,,
PRK,2012,,,
PRK,2013,,,
PRK,2014,,,
PRK,2015,,,
PRK,2016,,,
PRK,2017,,,
PRK,2018,,,
PRK,2019,,,
PRK,2020,,,
PRK,2021,,,
PRK,2022,,,
PRK,2023,,,
PRK,2024,,,
PRK,2025,,,
PRT,1960,3.046592778326909,3339150157.8560543,
PRT,1961,1.548996969898801,3573719084.5335436,5.5349044648286565
PRT,1962,2.662064179347716,3835883663.2512326,6.614446573226587
PRT,1963,2.02158272759781,4084251592.8159914,5.873701387130794
PRT,1964,3.444898482227678,4429202656.907406,6.310747500835106
PRT,1965,3.424927777455662,4901711247.815919,7.4689896674009475
PRT,1966,5.039267218581831,5370108031.128589,4.0779085138998425
PRT,1967,5.526476007530994,6002607029.646629,7.544482678693825
PRT,1968,6.08136171148615,6644693214.183429,8.875509673998792
PRT,1969,8.782771055541065,7287555035.344026,2.120741724057879
PRT,1970,6.380144490016853,8108235704.32357,9.113842701528952
PRT,1971,11.94689836540555,9201604240.282686,6.631651620933937
PRT,1972,10.66335597594771,11239117865.085249,8.015696163940206
PRT,1973,12.97460852393327,15090564186.426819,11.200671899903284
PRT,1974,25.08277785895268,17512391475.927387,1.1428596547723942
PRT,1975,15.27168575184849,19347607843.137253,-4.347630432207836
PRT,1976,21.14190480319545,20332831564.98674,6.900230193720262
PRT,1977,31.01674909888057,21439523310.633842,5.6025977926408785
PRT,1978,21.03877235993835,23487614051.09489,2.8159660669731608
PRT,1979,21.8992248062015,26622819672.13115,5.63893733004393
PRT,1980,15.86748038360938,32896519823.788544,4.589340223808506
PRT,1981,19.04041074669148,31977276872.96417,1.6181033759438748
PRT,1982,21.67928372770938,30527754793.138245,2.135374765786196
PRT,1983,24.0027623802918,27239650741.94716,-0.1731125395646842
PRT,1984,28.38463888971028,25217969049.57546,-1.879979862772089
PRT,1985,19.46141000786965,27115807742.087303,2.8074396148489456
PRT,1986,12.33133348972174,38745901353.70594,4.140956084611716
PRT,1987,9.634831862457698,48182925857.40714,6.38139391332237
PRT,1988,10.10163211522642,56347250696.37883,7.4891073628233045
PRT,1989,12.68630364561496,60594092182.32748,6.440639563537886
PRT,1990,13.6305705693074,78713860216.56589,3.950523172284278
PRT,1991,11.84948417736744,89233599278.47925,4.368206166632319
PRT,1992,9.559260331775164,107592098307.09831,1.0894768983250742
PRT,1993,6.783779946654083,95009751901.25919,-2.043277293594045
PRT,1994,5.420440192416256,99688641304.34782,0.964838285067799
PRT,1995,4.222816140994875,118122007430.01193,4.282780172360219
PRT,1996,3.068977325097857,122630089680.27034,3.50424653058748
PRT,1997,2.336862983141135,117016535162.95026,4.400867664580261
PRT,1998,2.572752259091311,123946327916.29564,4.807963189531648
PRT,1999,2.340094903121695,127470385557.18367,3.906577796231133
PRT,2000,2.853030392871556,118605192877.38849,3.81617714108242
PRT,2001,4.369903305517917,121604107164.9966,1.9436721342791543
PRT,2002,3.600346582909154,134795565549.41945,0.7709247812477145
PRT,2003,3.218990906828952,165226175536.7926,-0.9305210450629176
PRT,2004,2.365362040972997,189382122532.16882,1.7887355291729108
PRT,2005,2.277163948878382,197253876704.9213,0.7818475691235847
PRT,2006,3.1076654587105,208756449275.84793,1.6250353295615554
PRT,2007,2.453965281387463,240496147317.38077,2.5065793775123097
PRT,2008,2.588506576579558,263416394624.08353,0.31924734443455804
PRT,2009,-0.8355300215041566,244667762835.54318,-3.1220782754509315
PRT,2010,1.402572898953722,238443864993.21713,1.7376245364003609
PRT,2011,3.6530110043073,245426767676.00244,-1.7135274590506526
PRT,2012,2.773338540515764,216536676771.97272,-4.050902676219351
PRT,2013,0.2744166666666631,226677408291.74533,-0.9841065741483277
PRT,2014,-0.2781533674674283,230078616299.67526,0.7413914207065062
PRT,2015,0.4879386239047196,199038523119.63934,1.58979803702681
PRT,2016,0.6073970746417185,206305431241.63824,2.0041412966657504
PRT,2017,1.368614116434816,220862990767.2286,3.3147200817598588
PRT,2018,0.9937156834682334,242092894542.88766,2.946283434492017
PRT,2019,0.3381784100461243,240115970063.01923,2.745684326485957
PRT,2020,-0.01243832995762091,229618773422.5765,-8.204631593243874
PRT,2021,1.265657190690439,256055879091.13928,5.558756720703741
PRT,2022,7.832691242333231,256898677175.02435,6.985841375802778
PRT,2023,4.311281918986806,292323800948.8385,3.099987459042808
PRT,2024,2.416131877918757,313656884870.8585,2.2145923230110895
PRT,2025,2.336016203167012,346639825141.82104,1.8644800746447459
PRY,1960,8.18181818181802,288884368.0169337,
PRY,1961,18.48739495798323,322053713.15873015,6.900285514229452
PRY,1962,1.418439716312076,360698412.6984127,3.300258516020932
PRY,1963,2.097902097902106,383904761.9047619,4.710291339850727
PRY,1964,1.369863013698648,408349206.3492063,4.212477359456827
PRY,1965,3.859298157805198,443587301.5873016,6.1679747564274265
PRY,1966,2.873194221603256,465888888.8888889,1.9915033352727534
PRY,1967,1.365267592219053,492674603.17460316,9.150367204140338
PRY,1968,0.7080735778543655,517650793.6507937,4.527073841880764
PRY,1969,2.246847535747165,556293650.7936507,4.701151407707755
PRY,1970,-0.8595560210069086,594611111.1111112,5.553425733118942
PRY,1971,4.953256936409866,664571428.5714285,5.538151942856004
PRY,1972,9.180374973036853,769039682.5396825,6.631297475733959
PRY,1973,12.79689453260204,995531746.031746,7.3028129074068175
PRY,1974,25.2333177791075,1333475396.8253968,8.381525436500326
PRY,1975,6.693060083667477,1511420634.920635,6.852444714129533
PRY,1976,4.474614746644984,1698960317.4603174,7.525949531427287
PRY,1977,9.359852916628375,2092158730.1587303,11.494081601995518
PRY,1978,10.66024759291814,2559857142.857143,12.028729946121587
PRY,1979,28.16103860244361,3416777777.7777777,11.862146971295019
PRY,1980,22.44733013621767,4448087301.587301,11.712145943447979
PRY,1981,12.9746974698193,5624515873.015873,9.170458849429124
PRY,1982,5.120065437131879,5419411764.705882,-1.39761771803515
PRY,1983,13.43375556316307,5673248726.164384,-3.042617884718595
PRY,1984,20.31146254602548,4502462807.139926,2.8165994460145782
PRY,1985,25.21071643588182,3282449235.761289,4.5231356783092025
PRY,1986,31.74259726729986,3723993942.790878,4.964835665713622
PRY,1987,21.8102740350983,3971044723.8023953,7.582304376041776
PRY,1988,22.5942571785268,4255683528.3333335,5.915372065560447
PRY,1989,26.42212672355863,4757732199.962129,6.935203911035231
PRY,1990,37.25995617992014,5812114523.011872,4.123282879417388
PRY,1991,24.22535211267631,6984367762.903712,3.493650154914718
PRY,1992,15.19274376417203,7157424031.060454,1.6964280112470078
PRY,1993,18.20866141732279,7249533620.30614,4.936359414752815
PRY,1994,20.5661948376355,7870982004.819505,5.3179176602394165
PRY,1995,13.42541436464065,9062131475.023178,6.822810303585783
PRY,1996,9.799683390160828,9788391780.52421,1.573785131750057
PRY,1997,6.949566085341176,9965225678.05093,4.242516102698588
PRY,1998,11.55326843558391,9260481572.42462,0.0680377558080636
PRY,1999,6.752265861027248,8837070235.51892,-1.36607971240079
PRY,2000,8.982159767500224,8855705139.558565,-2.314140568190453
PRY,2001,7.268060285848253,8495806432.1846695,-0.8340547167460954
PRY,2002,10.51024208566119,7196260656.845559,-0.021404394998569387
PRY,2003,14.23679704991427,7691367471.179918,4.320745485515914
PRY,2004,4.323264929674911,9624440836.293095,4.057418363637709
PRY,2005,6.80738203116377,10737500188.112309,2.1334906645960103
PRY,2006,9.589349411292293,13429430050.260954,4.807117192683762
PRY,2007,8.130474176985771,17856393235.433792,5.421622872182354
PRY,2008,10.15478464890229,24615267663.54557,6.496292119709096
PRY,2009,2.591946734305668,22355151161.99399,-0.2611373280802809
PRY,2010,4.651162790697648,27260886405.226337,11.095231268552055
PRY,2011,8.2539682539683,33756238766.500004,4.286371207022825
PRY,2012,3.675918979744956,33271921136.314976,-0.7080431123168864
PRY,2013,2.683857387185824,38501122141.424126,8.293076489404712
PRY,2014,5.028827674567662,40377929295.64187,5.3012386447362445
PRY,2015,3.129002744739254,36211447840.09714,2.957151683670787
PRY,2016,4.086822805772415,36089700222.946144,4.268025833145828
PRY,2017,3.602477413489428,38997129473.55579,4.810078855540411
PRY,2018,3.975610157406939,40225448340.632164,3.204250340766393
PRY,2019,2.757097275627747,37925338329.149445,-0.4018551006800095
PRY,2020,1.767515923566983,35432178068.18139,-0.8197853909719157
PRY,2021,4.787983101235999,39937357255.87164,3.9946151073153544
PRY,2022,9.765566671644022,41841201626.725296,-0.028077172389927796
PRY,2023,4.632022854033557,43140465595.66622,5.28584584975323
PRY,2024,3.835402717285325,44738819362.32694,4.669145779817626
PRY,2025,4.038064233393803,49278227554.33386,6.64262511156879
PSE,1960,,,
PSE,1961,,,
PSE,1962,,,
PSE,1963,,,
PSE,1964,,,
PSE,1965,,,
PSE,1966,,,
PSE,1967,,,
PSE,1968,,,
PSE,1969,,,
PSE,1970,,,
PSE,1971,,,
PSE,1972,,,
PSE,1973,,,
PSE,1974,,,
PSE,1975,,,
PSE,1976,,,
PSE,1977,,,
PSE,1978,,,
PSE,1979,,,
PSE,1980,,,
PSE,1981,,,
PSE,1982,,,
PSE,1983,,,
PSE,1984,,,
PSE,1985,,,
PSE,1986,,,
PSE,1987,,,
PSE,1988,,,
PSE,1989,,,
PSE,1990,,,
PSE,1991,,,
PSE,1992,,,
PSE,1993,,,
PSE,1994,,2843300000.0,
PSE,1995,,3282800000.0,7.117859896791032
PSE,1996,,3409600000.0,1.214537534378053
PSE,1997,7.087005912057088,3759800000.0,14.667639281480803
PSE,1998,5.579645058382677,4067800000.0,14.334107318935068
PSE,1999,5.544391803687468,4271200000.0,8.280591450946574
PSE,2000,2.798198924357577,4313600000.0,-8.555572683829197
PSE,2001,1.222784758788984,4003700000.0,-9.311081141829618
PSE,2002,5.709515859766259,3555800000.0,-12.488382179812874
PSE,2003,4.40303221730888,3968000000.0,14.015647679399578
PSE,2004,3.004174986385933,4603100000.0,21.924486120598658
PSE,2005,4.10725070715931,5125700000.0,11.290651182927135
PSE,2006,3.842341256247821,5348300000.0,-0.9965561034770758
PSE,2007,1.859743793511109,5815700000.0,3.7882815208598117
PSE,2008,9.889997886918492,7310400000.0,7.429182255478352
PSE,2009,2.753934850831509,8085700000.0,8.593490878938638
PSE,2010,3.74915727597096,9681500000.0,5.777362056294194
PSE,2011,2.8772435849594,11186100000.0,9.600808489135943
PSE,2012,2.779087682824923,12208400000.0,6.09645656326154
PSE,2013,1.724399336269308,13515500000.0,4.6985698655223445
PSE,2014,1.732985100374472,13989700000.0,-0.15786665085529705
PSE,2015,1.431611458104765,13972400000.0,3.721299671147875
PSE,2016,-0.2191066049073156,15405400000.0,8.864618819959347
PSE,2017,0.212570934228881,16128000000.0,1.419367562947869
PSE,2018,-0.1951077737307347,16276600000.0,1.2270773778270296
PSE,2019,1.580183336394551,17133500000.0,1.3626874655806205
PSE,2020,-0.7353320010921907,15531700000.0,-11.318466106513355
PSE,2021,1.237481028313685,18109000000.0,7.011982275920033
PSE,2022,3.741223918520772,19165500000.0,4.082760273471052
PSE,2023,5.871101776789876,18635100000.0,-0.97217780620403
PSE,2024,53.66914583037823,16016900000.0,-22.857327391332433
PSE,2025,9.80840118100493,17167099999.999998,4.344440723375769
PSS,1960,,,
PSS,1961,,,
PSS,1962,,,
PSS,1963,,,
PSS,1964,,,
PSS,1965,,,
PSS,1966,,,
PSS,1967,,,
PSS,1968,,,
PSS,1969,,,
PSS,1970,,423802353.2149434,
PSS,1971,,477298982.38293993,6.328065862067916
PSS,1972,,565885771.690898,5.430687596952936
PSS,1973,,757316230.701195,10.959075257725772
PSS,1974,,1027747649.558537,3.075662453721307
PSS,1975,,1136928461.9744604,0.4170478333262366
PSS,1976,,1137538860.098309,1.0057989311654296
PSS,1977,,1196696800.8060956,3.3127992403079674
PSS,1978,,1371556833.2672846,2.104054432510452
PSS,1979,,1652934748.5829086,8.535863802961074
PSS,1980,,1890599862.1730638,-3.450981753266504
PSS,1981,,1955541041.4100876,3.0077451133359006
PSS,1982,,1925494376.4551678,-3.190787820671048
PSS,1983,,1843535002.961694,-1.117892198803844
PSS,1984,,1938376709.2521198,5.338268225220503
PSS,1985,,1862560930.0893385,-1.6853167198237884
PSS,1986,,2030345446.650076,5.22928759504542
PSS,1987,,1986467977.589223,-2.0312735581341883
PSS,1988,,2046486236.2919264,1.1181099499921316
PSS,1989,,2132424514.701784,4.496012250504066
PSS,1990,,2385132399.149834,3.7211753704981163
PSS,1991,,2529727432.960988,-0.49954484626053386
PSS,1992,,2776997611.938545,4.769942675344026
PSS,1993,,2916179026.942664,1.8570762610726064
PSS,1994,,3414639447.8347807,4.807939937136112
PSS,1995,,3704482549.6928067,4.362303829818529
PSS,1996,,3969814416.102932,2.9626429839942716
PSS,1997,,3979427620.5081544,-1.228489094754437
PSS,1998,,3430045707.460232,1.4184492949581795
PSS,1999,,3741318844.9182215,4.202570841962299
PSS,2000,2.3481032742026278,3444510932.121333,-1.4638641813670716
PSS,2001,4.055477441664151,3387243157.37087,0.8510561193224078
PSS,2002,1.963567541991954,3551511786.2190228,1.9242691027893102
PSS,2003,3.016241299303942,4235417136.3407884,1.9173483954749742
PSS,2004,4.964075767472172,4871855213.812259,3.971798200051296
PSS,2005,3.951462352209097,5404344027.477766,2.4716010654857428
PSS,2006,4.429811433702542,5674869059.209202,2.3983960243296707
PSS,2007,4.369595142018815,6250949279.730792,0.13371593468048104
PSS,2008,11.00644717563812,6698924092.514233,1.9895887843756128
PSS,2009,5.311009545952928,6033680449.649003,-0.49962612100507897
PSS,2010,2.1024424341625814,6638995493.579209,3.615514697627731
PSS,2011,4.878646417042205,7747875552.183137,3.8449868629941903
PSS,2012,2.049018835211604,8215948619.937258,1.0427582819317394
PSS,2013,1.605630545543411,8650287218.975098,3.249643800893338
PSS,2014,1.4514245236737264,9395064505.289785,3.5790077526851434
PSS,2015,0.6482429392544922,9199527864.786856,3.9758367913610186
PSS,2016,1.073393888533427,9660620527.274635,3.7490630567871506
PSS,2017,1.5839424857581235,10408975105.151594,3.8850704812424084
PSS,2018,2.8962193227029767,10918390849.514908,2.723108090471868
PSS,2019,1.4071993941702376,10750020320.380869,1.1632387186459
PSS,2020,0.38638822451750354,9428309122.8276,-10.246561536592608
PSS,2021,2.4778827199271687,9575143114.307983,-2.6200438462915088
PSS,2022,6.3790650670842295,10469882963.8981,8.335117725750223
PSS,2023,7.921646848267772,11293798175.279379,7.235108897647066
PSS,2024,2.455450721590278,12328647285.52263,3.6674023865264473
PSS,2025,1.4342086093497053,13005809518.694504,3.3192752306481452
PST,1960,1.536612342952014,1037959409544.8527,
PST,1961,2.077138331378613,1105869159912.6746,4.350296009676072
PST,1962,3.5198845401880643,1196413040988.9866,5.569966264364126
PST,1963,2.874031403492234,1287337283978.731,5.018970705931224
PST,1964,3.334624628927809,1406601628400.393,6.413949405005056
PST,1965,3.666477085696126,1529637324850.2493,5.532666501378586
PST,1966,3.84465654349889,1673645680720.2056,5.49746372238009
PST,1967,3.634875153357557,1788839892010.496,3.782683919432685
PST,1968,3.72079177074764,1940376264531.0332,5.867539762706997
PST,1969,3.27868697620866,2137878560891.2988,5.5710691896263995
PST,1970,4.968319873293351,2345872993207.5107,2.6779879598037866
PST,1971,6.13810838730341,2604193032670.945,3.534179723129043
PST,1972,6.063003097181862,3024550254615.1245,5.239121768394966
PST,1973,8.094436511463762,3659008643960.6597,6.153452954708328
PST,1974,13.16360261207946,4087941653804.519,0.9986291556501925
PST,1975,11.687575365504085,4581012268316.784,0.23534328351395573
PST,1976,9.267754575769,4969987460435.579,4.783915003374901
PST,1977,9.299197191753613,5617533350348.878,3.6859884602092876
PST,1978,8.083287968581974,6770431388324.105,4.263471661453025
PST,1979,9.04921645786284,7777153895816.37,3.7811261638460962
PST,1980,11.94997166261447,8604552678229.451,1.02238905726513
PST,1981,11.76738743441813,8706310416643.52,1.900020272177997
PST,1982,9.470989320524215,8665328122024.88,0.259416895854784
PST,1983,7.310485796684176,8994080352440.535,3.1230923695978277
PST,1984,6.1947637954597585,9397210164113.047,4.8655040393273765
PST,1985,4.773742723400973,9894529348405.42,3.672158694072664
PST,1986,3.15909729451934,12104236444328.287,3.265621889555945
PST,1987,4.06651115944112,14036962887095.914,3.5231841471513974
PST,1988,4.686201837530418,15818191302834.658,4.634524028491597
PST,1989,5.715991551356302,16514949656851.605,3.7559191285905627
PST,1990,6.098444148102041,18523011752433.88,2.675960235061467
PST,1991,5.625864085930052,19543831632332.766,1.0253075122803352
PST,1992,4.037030207787398,20970587190583.656,1.9412157262317749
PST,1993,4.144819541804884,21134194430801.3,1.19224425343225
PST,1994,2.953409367610805,22640945743653.098,3.262359393153119
PST,1995,3.754944136775542,25102168130845.695,2.8011508525799087
PST,1996,2.61537902431631,25225933434935.23,2.9335035402711753
PST,1997,2.201143135108819,24722077238171.965,3.4806750221673184
PST,1998,1.834329999084142,24783774164438.48,2.744241199712704
PST,1999,1.6117611762865975,26035692714139.695,3.541820747682948
PST,2000,2.579876112186098,26514807286900.977,4.0859323142557855
PST,2001,2.6569109392931543,26251047428649.016,1.5064651788750467
PST,2002,1.9987492114935317,27380537491974.125,1.5365529405286793
PST,2003,2.021685428579848,30686884653567.973,2.0097170930257278
PST,2004,2.0792446463609258,34093567886599.535,3.1945798615848844
PST,2005,2.375319589778816,35883964025378.44,2.8022764219279424
PST,2006,2.45792444195863,37770129321606.93,2.9541430702395814
PST,2007,2.32761442623159,41227786934667.16,2.59763145430432
PST,2008,4.152797081102934,43675050278961.9,0.36793945112911786
PST,2009,0.8392622467938049,41130483724941.1,-3.3891508211187045
PST,2010,1.996212367458867,42907615946030.445,2.9088418792562862
PST,2011,3.3298532335065,46093024710193.96,1.6356329351826986
PST,2012,2.485675621770146,46027371705948.914,1.270447039661434
PST,2013,1.408581091830093,46537786135637.63,1.5235018939845304
PST,2014,0.9067940004342459,47527207893966.305,2.0800408863090354
PST,2015,0.3680468423253604,44970537111944.21,2.2573786025730698
PST,2016,0.6073970746417185,46016102013930.68,1.8063960809938635
PST,2017,1.730799591188963,48003116664049.32,2.479448175384263
PST,2018,1.7386086198818,50874931441807.36,2.2875880783637115
PST,2019,1.619631901840475,51425400491830.93,1.8216415932470085
PST,2020,0.6322673319117158,50460094948336.734,-4.038662574927571
PST,2021,2.508352214737762,56312999693620.92,5.820574059381343
PST,2022,7.877370036906127,57655583144884.1,2.8604267778776773
PST,2023,5.067138653642129,61116976921687.69,1.7959544023915157
PST,2024,2.440915727206966,63619224251453.75,1.779445270222979
PST,2025,2.372848072265489,67379697065259.86,1.6533096131563951
PYF,1960,,,
PYF,1961,,,
PYF,1962,,,
PYF,1963,,,
PYF,1964,,,
PYF,1965,,176534588.40305242,
PYF,1966,,215659453.55093855,9.57657823549394
PYF,1967,,220984367.6265805,-4.739166616937723
PYF,1968,,259590074.52793404,14.930802142511695
PYF,1969,,242943783.14273614,-2.685941014758299
PYF,1970,,254036000.75258702,1.626711338573955
PYF,1971,,296865513.7468174,12.002408647802312
PYF,1972,,326433558.07607865,-4.695078732366142
PYF,1973,,431252938.06104565,7.802561119117215
PYF,1974,,555340842.8603107,18.00104891033088
PYF,1975,,690323388.5299066,-4.902702396394801
PYF,1976,,732288906.2739544,8.203616325586978
PYF,1977,,793196378.708826,2.0789927029735367
PYF,1978,,1005569835.3966367,9.892559300150168
PYF,1979,,1215032463.6733649,3.925924177515654
PYF,1980,,1320416024.9521792,0.48490126046981175
PYF,1981,,1234743073.0003417,2.6460228772611885
PYF,1982,,1235897957.8887424,1.6985895569044942
PYF,1983,,1284180701.0078697,2.4196553579533173
PYF,1984,,1325515445.083624,2.360292449951615
PYF,1985,,1448281228.157384,-1.17078821581741
PYF,1986,,2212028299.560006,13.547794530533025
PYF,1987,,2677977163.209497,1.2698303227869872
PYF,1988,,2723496362.0481977,-3.5986321423459344
PYF,1989,,2731683484.453692,2.157880925462436
PYF,1990,,3320159522.3654633,0.12988320729425595
PYF,1991,,3410078967.898227,3.6555268190834056
PYF,1992,,3713785765.4220495,-1.4573882906478701
PYF,1993,,3544608548.4173365,-1.297682602348587
PYF,1994,,3676123788.032299,-1.6663251641332124
PYF,1995,,4186994249.0886116,-0.38896941690313724
PYF,1996,,4166072829.600989,-0.6685365626582893
PYF,1997,,3762859093.2619243,-0.1228146515013151
PYF,1998,,3903186592.824305,1.7333743999617326
PYF,1999,,3911602004.142045,1.8905327874559248
PYF,2000,,3599845480.3435864,3.2454110130819345
PYF,2001,,3573808556.312676,-0.3415955780890556
PYF,2002,,3965405552.520302,0.8461814828085892
PYF,2003,,4927780606.770702,2.126928848726095
PYF,2004,,5564109981.913795,0.9712591299875442
PYF,2005,,5705052134.542532,0.30997347618000504
PYF,2006,,5877997979.622657,0.8895841175976074
PYF,2007,,6631156405.596368,1.704975638030021
PYF,2008,,7136741421.959083,0.006767550663127508
PYF,2009,,6584557973.937495,-4.231391830694463
PYF,2010,,6086644798.559816,-2.466064189817402
PYF,2011,,6203940036.919825,-2.9619574542722944
PYF,2012,,5692858099.002168,-0.9275377125320716
PYF,2013,,6031827122.606632,0.3988014143469343
PYF,2014,,6151996560.842894,0.5935544529422856
PYF,2015,,5325846361.811863,1.8033408145272602
PYF,2016,,5497036476.8031,2.3021982367043847
PYF,2017,,5833352692.799503,4.2926336310348745
PYF,2018,,6135116253.334518,1.8068749830520687
PYF,2019,,6022276196.13871,2.6894665814333365
PYF,2020,,5574821989.382394,-10.573813863248873
PYF,2021,,5994931236.422822,3.365902424215463
PYF,2022,,5622688338.063168,2.937347071632203
PYF,2023,,6137447782.870664,2.7728407715541294
PYF,2024,,6323716355.050094,1.1263889773024687
PYF,2025,,,
QAT,1960,,,
QAT,1961,,,
QAT,1962,,,
QAT,1963,,,
QAT,1964,,,
QAT,1965,,,
QAT,1966,,,
QAT,1967,,,
QAT,1968,,,
QAT,1969,,,
QAT,1970,,301791301.7913018,
QAT,1971,,387703105.5212519,10.007851662619302
QAT,1972,,510262500.1766995,11.07938948256573
QAT,1973,,793885559.9713135,10.784895214100956
QAT,1974,,2401403227.440847,5.938252878012904
QAT,1975,,2512773165.8117337,5.87913245017711
QAT,1976,,3284273986.71808,8.348912134635086
QAT,1977,,3617564637.888648,-7.3054331866184725
QAT,1978,,4052000412.700869,8.863366336075117
QAT,1979,,5632962996.8264065,5.22773574019952
QAT,1980,6.799999999000223,7837915956.036793,-1.0164217799128323
QAT,1981,8.520599251016199,8672527472.527472,0.9009721014778194
QAT,1982,5.699999999999792,7611263736.263736,-6.87449413853426
QAT,1983,2.743614000946166,6484890109.89011,-1.8251654143768832
QAT,1984,1.104972375700678,6870329670.32967,4.657737670274372
QAT,1985,1.912568306939254,6153296703.296703,-2.1201702685002886
QAT,1986,0.7575757575757088,5053021978.021977,5.3357865685371735
QAT,1987,2.685284640171897,5446428571.428572,0.044991398703217556
QAT,1988,4.602510460250853,6038186813.186813,5.904449500026459
QAT,1989,3.300000000000153,6487912087.912087,6.222211120547499
QAT,1990,3.000968054211097,7360439560.43956,3.4144620811287183
QAT,1991,4.417293233082545,6883516483.516483,-1.6622325758498135
QAT,1992,3.060306030603112,7646153846.153846,11.330527740118711
QAT,1993,-0.8733624454148003,7156593406.593407,-1.32513607105912
QAT,1994,1.32158590308376,7374450549.450549,1.4187083895348138
QAT,1995,2.956521739130301,8137912087.912087,2.3992362961452045
QAT,1996,4.904534606205324,9059340659.340658,4.373910569545302
QAT,1997,4.83448981913322,11297802197.802197,30.012039709379565
QAT,1998,2.951388888888905,10255494505.494505,11.218652461637134
QAT,1999,2.181703204047225,12393131868.131868,4.284064363254259
QAT,2000,1.650335224342319,17759890109.89011,8.028125488379729
QAT,2001,1.47133434804683,17538461538.461536,3.8981474880554146
QAT,2002,0.2399999999999517,19363736263.736263,7.182523311367106
QAT,2003,2.264565043894687,23533791208.791206,3.7199194981967025
QAT,2004,6.799336650082785,31734065934.065933,19.218503241124424
QAT,2005,8.81439532334683,44530494505.49451,7.492728037545149
QAT,2006,11.83580961974312,60882142857.14285,26.170399557810015
QAT,2007,13.75816257599642,79711813186.81319,17.985216561512914
QAT,2008,15.05014515703332,115269780219.78021,17.663034684267373
QAT,2009,-4.863278016225647,97798351648.35164,11.957551291122726
QAT,2010,-2.425256751617138,125122252747.25275,16.731555848918674
QAT,2011,1.13836623529202,167775274725.27472,13.021405049692277
QAT,2012,2.315348534316611,186833502362.63736,4.626236755118043
QAT,2013,3.221977568292933,198727642967.03296,4.430701965214553
QAT,2014,3.349720856595234,206224598571.42856,4.119115279127612
QAT,2015,1.814077239377604,161739955576.92307,4.753345724387373
QAT,2016,2.676591700981896,151732181868.13187,3.0641918843015645
QAT,2017,0.3948789140830052,161099122225.27472,-1.4976047022783803
QAT,2018,0.2558153827244081,183334953818.6813,1.2348722019106475
QAT,2019,-0.6666411248611472,176371267692.30768,0.688240954592672
QAT,2020,-2.540315030047598,144411363351.64835,-3.557603989678398
QAT,2021,2.304465657420031,179732009560.43954,1.6268467191877534
QAT,2022,4.995275537407606,235709325714.2857,4.18500970982862
QAT,2023,3.027648991989015,213002809340.65933,1.1871599162377606
QAT,2024,1.267343102923753,216294505494.5055,3.109632832427451
QAT,2025,,215559615384.6154,2.901660366604929
ROU,1960,,,
ROU,1961,,,
ROU,1962,,,
ROU,1963,,,
ROU,1964,,,
ROU,1965,,,
ROU,1966,,,
ROU,1967,,,
ROU,1968,,,
ROU,1969,,,
ROU,1970,,,
ROU,1971,,,
ROU,1972,,,
ROU,1973,,,
ROU,1974,,,
ROU,1975,,,
ROU,1976,,,
ROU,1977,,,
ROU,1978,,,
ROU,1979,,,
ROU,1980,,,
ROU,1981,,,
ROU,1982,,,
ROU,1983,,,
ROU,1984,,,
ROU,1985,,,
ROU,1986,,,
ROU,1987,,38067567567.567566,
ROU,1988,,40424528301.886795,
ROU,1989,,41450777202.07254,
ROU,1990,,38247882300.49041,
ROU,1991,230.6224949001783,28850634899.856003,-12.91821072982114
ROU,1992,211.2055876100818,25121666666.666668,-8.767228452282396
ROU,1993,255.1668618266981,26361160449.970394,1.5288344966407692
ROU,1994,136.7593928154407,30072805104.25415,3.9319427296250637
ROU,1995,32.2424847257597,37430162102.612526,6.233511483713514
ROU,1996,38.82930133828518,36937074278.300354,3.907702088161585
ROU,1997,154.763480436309,35575214078.24284,-4.8490627379703
ROU,1998,59.09658275411668,41696091973.707634,-2.0298129057172076
ROU,1999,45.80378113263625,35953156753.73903,-0.3766607057589937
ROU,2000,45.66659404402382,37253739511.12733,2.461263459226899
ROU,2001,34.47701234935274,40395116581.48316,5.218136256737083
ROU,2002,22.53988626053857,46065502702.581696,5.70299165043771
ROU,2003,15.27348899362548,57806384143.16596,2.341147329195209
ROU,2004,11.87436359363988,74973656851.80765,10.428113018097648
ROU,2005,9.014912833438348,98454380120.07607,4.6681480508487
ROU,2006,6.558514122769834,122023735992.70625,8.028811075991626
ROU,2007,4.837329283139891,174588782938.583,7.233807743628049
ROU,2008,7.850802557144816,214315932061.2754,9.307467170773378
ROU,2009,5.587420042643928,174110532658.86713,-5.516706158430111
ROU,2010,6.09141668601891,170064350671.8273,-3.905811573029723
ROU,2011,5.7892532881588,192623977894.17334,4.495589099463132
ROU,2012,3.334922676934421,179117323107.08725,1.9036169679960295
ROU,2013,3.984712355481296,189798603751.23538,0.27877187747023413
ROU,2014,1.068309876842982,199722319675.74106,4.116001092678317
ROU,2015,-0.5941564374952033,177885131240.31528,3.157036054385401
ROU,2016,-1.544796668138967,185290759248.84393,2.8599325230208876
ROU,2017,1.339021211043902,210147385855.41934,8.195478266412607
ROU,2018,4.625484431377785,241791427223.9033,5.3945222818567515
ROU,2019,3.827854325994376,250080428511.59476,3.960289584975982
ROU,2020,2.631073111847428,250624575871.81906,-3.5980254603475714
ROU,2021,5.05232876096582,285072444957.21564,5.5873507253886885
ROU,2022,13.79548874325208,295317862855.9241,4.1877130510410865
ROU,2023,10.39718747649958,347757995758.91394,2.257734165551213
ROU,2024,5.721405743544386,382564217988.8657,0.9160037643825945
ROU,2025,7.189033622920634,428677977854.82605,0.6778298350527621
RUS,1960,,,
RUS,1961,,,
RUS,1962,,,
RUS,1963,,,
RUS,1964,,,
RUS,1965,,,
RUS,1966,,,
RUS,1967,,,
RUS,1968,,,
RUS,1969,,,
RUS,1970,,,
RUS,1971,,,
RUS,1972,,,
RUS,1973,,,
RUS,1974,,,
RUS,1975,,,
RUS,1976,,,
RUS,1977,,,
RUS,1978,,,
RUS,1979,,,
RUS,1980,,,
RUS,1981,,,
RUS,1982,,,
RUS,1983,,,
RUS,1984,,,
RUS,1985,,,
RUS,1986,,,
RUS,1987,,,
RUS,1988,,554828660436.137,
RUS,1989,,506631299734.748,
RUS,1990,,517014446227.9294,-2.9999956424312586
RUS,1991,,517962962962.96295,-5.04693945142462
RUS,1992,,460290556900.7264,-14.531073772926362
RUS,1993,874.2457203801879,435083713850.83716,-8.668540342604231
RUS,1994,307.7226355531932,395077301248.4637,-12.569755980215092
RUS,1995,197.414268084251,395537185734.8544,-4.143528405260199
RUS,1996,47.75201220099391,391724890744.49817,-3.755069438359399
RUS,1997,14.761329268806,404928954191.87555,1.3999158052963026
RUS,1998,27.68567980767421,270955486862.44205,-5.299961626623897
RUS,1999,85.74649409606356,195907128350.9342,6.399914691441012
RUS,2000,20.79876065587041,259710142196.94278,10.000066813651486
RUS,2001,21.47700721171585,306602070620.5005,5.100051225725679
RUS,2002,15.78873079144626,345470494417.8628,4.699991909142582
RUS,2003,13.66329302286657,430347420184.88513,7.299952345281895
RUS,2004,10.888615732621581,591016690732.3846,7.199947869548566
RUS,2005,12.68530395073494,764015973481.1102,6.399965447994688
RUS,2006,9.668654547892645,989932071352.5431,8.200068254563206
RUS,2007,9.00729868861079,1299703478481.653,8.499977769165113
RUS,2008,14.11076778404423,1660848058303.1138,5.199969264049571
RUS,2009,11.64732957641177,1222645900055.6956,-7.79999391271275
RUS,2010,6.849392302550247,1524916715223.946,4.499999999206722
RUS,2011,8.4404648593257,2045922753398.036,4.30002918604238
RUS,2012,5.07474300799149,2208293553878.4243,4.024086157179795
RUS,2013,6.754668339034861,2292470078346.2236,1.7554221491629107
RUS,2014,7.820169700138449,2059241589895.015,0.7362672214036508
RUS,2015,15.53439599357014,1363482182197.7053,-1.9727192264298026
RUS,2016,7.042437254137072,1276786350881.137,0.19367113069881725
RUS,2017,3.683330723344951,1574199360089.0022,1.8267052754919177
RUS,2018,2.878313826149806,1657328773461.3062,2.806340820466559
RUS,2019,4.472026318379035,1693115002708.3157,2.1980757138198186
RUS,2020,3.382197969480676,1493075894362.1426,-2.6536544969545304
RUS,2021,6.694458919576123,1829186719575.096,5.866491772979003
RUS,2022,13.74367973982316,2292495097681.4727,-1.4353706346789608
RUS,2023,5.865719317489674,2046284838151.092,4.066613958130233
RUS,2024,8.434864104967232,2186462268813.0808,4.921679662030726
RUS,2025,8.719869394026661,2561310169358.743,1.0011765692573817
RWA,1960,,119000024.00154279,
RWA,1961,,122000016.00158161,-4.297526047223528
RWA,1962,,125000008.00162062,11.333798368430294
RWA,1963,,128000000.0016594,-9.820444413240807
RWA,1964,,129999994.00168541,-12.46499268264671
RWA,1965,,148799980.0019292,7.009529254990099
RWA,1966,,124525702.85875772,7.008910822816006
RWA,1967,1.452927300228515,159560018.002069,6.916017509979852
RWA,1968,3.161936972699332,172200018.002233,7.013780927579333
RWA,1969,0.4849395533175706,188700037.00244603,11.007370149193846
RWA,1970,0.5148858080224628,219900006.00285098,6.001425246477268
RWA,1971,0.4885800742228911,222952504.40896055,1.2066407013093112
RWA,1972,3.092193808934999,246457838.3398762,0.26306826674873207
RWA,1973,9.373674075677403,290746157.1496902,3.438088140674054
RWA,1974,31.08829936544842,308458423.1878531,1.4098235737506997
RWA,1975,30.22604657490645,571863500.2560717,-2.1138254244522017
RWA,1976,7.1658615138318,637753853.1337882,19.504577172467833
RWA,1977,13.65514650664281,746650613.0444747,1.9941094812652835
RWA,1978,13.27053379738781,905709076.4347723,9.150840815751977
RWA,1979,15.67332944237264,1109346130.9670343,11.869908037950609
RWA,1980,7.249392993252739,1254765641.5374255,8.951612329591654
RWA,1981,6.450664471811905,1407062526.9334476,5.436199478772835
RWA,1982,12.56513653341344,1407243139.2727444,1.8108464472070978
RWA,1983,6.593002143070785,1479687586.962101,5.980349934498889
RWA,1984,5.36957038827376,1587413083.9411776,-4.240773277635114
RWA,1985,1.759330056516884,1715626330.6169667,4.402748332696518
RWA,1986,-1.117066572806761,1944710683.8966875,5.472137487688755
RWA,1987,4.133014908091251,2157432667.6439595,-0.02403610885525609
RWA,1988,2.978643556580337,2395492686.8127084,4.498824993259404
RWA,1989,1.010278248311137,2405022593.082834,-0.03653427318818103
RWA,1990,4.185763726499478,2550185679.1141458,-2.3992910976036796
RWA,1991,19.63716581483733,1911600236.6746132,-2.514379654340047
RWA,1992,9.560411876008164,2029026961.558941,5.872725241673109
RWA,1993,12.35438876304478,1971525711.8351052,-8.108691881806052
RWA,1994,,753636370.4545455,-50.24806710352907
RWA,1995,,1293535193.4924753,35.224078310176
RWA,1996,7.411371735266419,1382334879.408122,12.745695764220443
RWA,1997,12.01542251956858,1851558197.3108816,13.84975248522835
RWA,1998,6.210067094558102,1989343546.1759439,8.858669494725092
RWA,1999,-2.405932097422587,2157108262.844525,4.3518883182331365
RWA,2000,3.899529802847124,2068836754.374305,8.370895935730388
RWA,2001,3.342855067494094,1966600715.4984097,8.484560340866992
RWA,2002,1.992585424539932,1966003468.4911726,13.192073628843332
RWA,2003,7.449700140073658,2138237278.7382245,2.2023875095977985
RWA,2004,12.25071028943913,2376496067.0119786,7.447667370370354
RWA,2005,9.014089180923394,2933819766.176559,9.377899165853748
RWA,2006,8.882826547779235,3274207945.36553,9.227075769946325
RWA,2007,9.080722058731581,4017977506.55904,7.6332981904288175
RWA,2008,15.43821387092554,5120655375.243646,11.161247324054031
RWA,2009,12.94439784017115,5603399014.713312,6.248257507042652
RWA,2010,-0.2461286934369337,6052276077.635399,7.33465645016436
RWA,2011,3.0801706924026,6802676033.6594715,7.958388699090847
RWA,2012,10.27101823188757,7556673275.954377,8.641508157081375
RWA,2013,5.924268679848535,7714276919.737225,4.719848569509239
RWA,2014,2.354490528203584,8129984483.787272,5.6684535423357545
RWA,2015,2.528502841924209,8447064078.843735,8.870367528727428
RWA,2016,7.174343019820087,8596812240.523048,5.658745842027784
RWA,2017,8.27953672260832,9164345443.257502,4.703934397510608
RWA,2018,-0.3112101603906995,9650161136.17648,8.070842546216412
RWA,2019,3.347876550376479,10519272170.334648,9.286133874545428
RWA,2020,9.850399022742067,10487146253.402475,-2.7771048551512507
RWA,2021,-0.3913467483007914,11252894909.50433,8.41140448646523
RWA,2022,17.68920955881533,13747404814.26773,9.824973946516977
RWA,2023,19.78954674646699,14806501437.282022,8.559642929141532
RWA,2024,1.770292401986348,15111064181.968737,7.2271710334453445
RWA,2025,5.913000168825997,16372132990.227055,9.375798341824463
SAS,1960,,43270012739.16491,
SAS,1961,,46076379864.37077,4.006593857388225
SAS,1962,,49304727903.06061,3.2847631377166806
SAS,1963,,55539363101.61497,4.897411331074537
SAS,1964,,63741466508.75311,7.781940109836924
SAS,1965,8.471869328464747,67970199332.83179,-1.8557696409359465
SAS,1966,10.80184834893409,54738691616.69066,0.6292143175906659
SAS,1967,2.18923933203517,60155334542.34892,6.209311842107439
SAS,1968,3.237412426275073,63211416560.97168,4.231853975813735
SAS,1969,4.057591622815599,69748993757.94696,5.81617760080313
SAS,1970,5.866956077659675,74658791269.593,5.120870820835549
SAS,1971,2.665380208599909,79443177465.61732,0.642525246928713
SAS,1972,6.442097461582346,81426298286.75531,-2.15028550274306
SAS,1973,11.42977252585998,97561887957.80789,3.381713141963985
SAS,1974,19.8063380280849,116963620422.22879,2.3070877134364025
SAS,1975,6.625992553209791,123400629130.85374,7.3172070515304455
SAS,1976,-3.113235733271952,117988534885.07314,2.1993410773956725
SAS,1977,8.30747009171166,136743438548.56139,6.599542289073625
SAS,1978,7.346091250832973,155039888662.5638,5.8376419909947685
SAS,1979,6.275683367623375,173920685619.91556,-3.5541994254684255
SAS,1980,14.68450277637684,210608299657.66064,5.872057848030735
SAS,1981,12.12870181274318,220616445555.57504,6.174083944282515
SAS,1982,10.336260667682879,226594563448.69754,3.3564980315476873
SAS,1983,13.17081304238564,243700817417.39914,6.64821859374392
SAS,1984,7.678306865085485,239973094448.2513,4.095634268891274
SAS,1985,3.719218268915308,263678832418.14932,5.065563200067189
SAS,1986,9.722193276785626,280349120351.5674,4.701759614990067
SAS,1987,9.252599070975766,313355004645.1256,3.8319893625793355
SAS,1988,9.183237621971626,334074870363.84814,8.520642647662541
SAS,1989,7.972848041844089,335790574664.3298,5.469163022405368
SAS,1990,8.605466438632309,364740287587.94336,5.5871715024580055
SAS,1991,13.072709560628809,314469355543.21686,1.5151493535100258
SAS,1992,13.881517201676186,333546277429.5347,5.412367670451545
SAS,1993,9.351705389169478,327009281232.9458,4.822604486386723
SAS,1994,7.679620139466673,377442853701.4332,6.367326236973355
SAS,1995,8.581198551195872,416341940329.5779,7.197629532509509
SAS,1996,8.883583078808073,458508459742.38763,7.074306039951296
SAS,1997,6.834869648659038,484982931205.64905,4.210617756429372
SAS,1998,9.974916498039297,492856423475.4069,5.985544533139134
SAS,1999,5.39920076445198,531825749349.82477,8.20855528519759
SAS,2000,3.244128058771633,544940514563.3568,4.086856510613785
SAS,2001,3.0515465982861194,562554379798.0198,4.573241988004952
SAS,2002,3.755618665883512,593707009776.7213,3.7719980015895658
SAS,2003,4.737283364851644,694775911444.3309,7.465724565169694
SAS,2004,3.936594358752374,804159915389.7637,7.54604881721275
SAS,2005,6.074481852653134,924419567611.2716,7.644492217717769
SAS,2006,6.280892273081955,1051884831127.4456,7.895184230975175
SAS,2007,6.583827447616995,1342148092012.2573,7.534281728731671
SAS,2008,9.404887473858167,1347380565219.4004,3.480635774669466
SAS,2009,4.976824476537399,1502961023415.7517,7.389811841408672
SAS,2010,7.58152977621468,1869826822336.764,8.194403517101108
SAS,2011,9.0694344130466,2045738549406.6345,5.451094032557251
SAS,2012,9.469403358884588,2057958207007.5347,5.645159155838371
SAS,2013,8.153394930906924,2111097580244.4685,6.233265130536353
SAS,2014,6.828647805443741,2323062261802.1196,7.245479867038867
SAS,2015,4.7275586960472715,2414503392327.9863,7.6897393519023325
SAS,2016,4.453552403276019,2679313169084.491,7.969123336446032
SAS,2017,4.14162852223217,3075955433025.617,6.784119660099336
SAS,2018,3.3313951643767803,3159841615195.0337,6.393666325557575
SAS,2019,3.6289496588546735,3318484576408.7495,4.094543065342876
SAS,2020,5.660219986893596,3172770463540.284,-4.987501736525587
SAS,2021,5.338530889749184,3717045071947.6074,9.246599597564995
SAS,2022,7.184619967300691,3834471492016.0503,7.101153924143915
SAS,2023,6.382507902193755,4073084906363.4624,6.784864041362496
SAS,2024,3.7232061194493378,4364256137661.403,6.757612019136786
SAS,2025,3.104239664432119,4578021773987.282,7.123814206377915
SAU,1960,,1748124063.5555556,
SAU,1961,,1920811284.2222223,11.876851078322176
SAU,1962,,2130606531.7777777,11.922659566413046
SAU,1963,,2207393171.5555553,8.696109235945173
SAU,1964,2.79999999899983,2371808712.888889,8.77678436346099
SAU,1965,0.3891050593422856,2647955557.5555553,12.136763975251014
SAU,1966,1.55038759593042,2920555557.111111,8.181145433605636
SAU,1967,2.09923664219521,3257022222.6666665,8.909383331100301
SAU,1968,1.588785046729384,4187777711.111111,7.6601265255284545
SAU,1969,3.495860165593264,4485777644.444445,6.037886541543912
SAU,1970,0.177777777777784,5377333333.333333,52.59209420050169
SAU,1971,4.474999999749975,7184806909.289389,15.229107066253405
SAU,1972,4.331179707834969,9664267086.603231,18.78511746707987
SAU,1973,16.51376146819535,14947435499.322962,22.49510166128404
SAU,1974,21.43700787366408,45412957746.478874,16.09967526663634
SAU,1975,34.57610633814847,46773208642.68145,-5.488161729614873
SAU,1976,31.55866056411252,64005665722.37961,15.223556317013049
SAU,1977,11.39901116995316,74188986586.06294,5.891383315832968
SAU,1978,-1.583601850220859,80266516686.56139,0.17237571578003497
SAU,1979,1.081566902883373,111858444786.22438,10.963914559318951
SAU,1980,4.169266553632904,164539660725.11786,5.797611341771457
SAU,1981,2.798982188294876,184291360138.68997,2.9827447321308966
SAU,1982,1.021039603960352,153240313858.32272,-16.1090907190854
SAU,1983,0.1914241960190636,129171635311.14326,-10.993440758482762
SAU,1984,-1.559037065342031,119624858115.77753,-4.007504448856167
SAU,1985,-3.058768729136616,103897846493.64992,-7.211804474718804
SAU,1986,-3.203331464722995,86961922765.32541,1.0081527439400446
SAU,1987,-1.547116736990185,85695861148.1976,-3.1330333565381068
SAU,1988,0.9075630252105227,88256074766.35513,6.60034126267189
SAU,1989,1.032644903397393,95344459279.03871,0.4151934280123015
SAU,1990,2.077151335311565,117630173564.753,9.426098541279401
SAU,1991,4.861111111111374,132223230974.63284,8.220770745243854
SAU,1992,-0.07700600646909206,137087850467.28972,4.5805820617940185
SAU,1993,1.055795314426953,132967957276.36848,0.3798359273544918
SAU,1994,0.5643254785331487,135174899866.48865,0.9529659730866911
SAU,1995,4.868431030560333,143343124165.55408,0.31170802849902657
SAU,1996,1.222060548777561,158662483311.08145,3.3046825422835155
SAU,1997,0.05715060506264893,165963684913.21762,2.6473193994864204
SAU,1998,-0.37126675171199,146775466666.66666,2.803811839989919
SAU,1999,-1.333754896538959,161717066666.66666,-0.6333936409202465
SAU,2000,-1.124998385176451,189514933333.33334,4.7181342213802395
SAU,2001,-1.120948048967913,184137600000.0,0.34459319617543827
SAU,2002,0.2471864923396855,189605866666.66666,-0.6883901303177566
SAU,2003,0.6121953581729663,215807733333.33334,8.768733817439639
SAU,2004,0.5155078977672995,258742133333.33334,8.631005458803088
SAU,2005,0.4792316716309551,328459608764.1109,5.944896239348353
SAU,2006,2.209023140696472,376900133511.34845,3.3134847362590136
SAU,2007,4.167823584315785,415964509673.1154,2.213653963725278
SAU,2008,9.87024816760266,519796800000.0,6.237987536545802
SAU,2009,5.057222761483297,429097866666.6667,-1.0667171124020314
SAU,2010,5.339417330209054,528207466666.6667,5.0395150823516985
SAU,2011,5.8262163739404,680660800000.0,11.758820686671044
SAU,2012,2.866270299050528,751921333333.3334,5.761573822709678
SAU,2013,3.51104209799866,769755733333.3334,2.9456378915202492
SAU,2014,2.241853487790632,787153066666.6666,4.024671583806679
SAU,2015,1.22269318552328,693414400000.0,4.655123166526991
SAU,2016,2.05347076823965,689279466666.6666,1.7040473920287837
SAU,2017,-0.8348457350271624,741266133333.3334,1.182107058782833
SAU,2018,2.465943089948431,886564800000.0,3.2269508901591024
SAU,2019,-1.192986445333281,888890133333.3334,1.6515892561739491
SAU,2020,3.372349610123027,767951200000.0,-3.804789019963124
SAU,2021,3.063289889415482,982661066666.6666,6.519596983254189
SAU,2022,2.474073719253717,1239075200000.0,12.000587475292889
SAU,2023,2.327085183627063,1218584800000.0,0.5425924393931609
SAU,2024,1.687921123758088,1254140800000.0,2.6489306830896453
SAU,2025,2.084208535850356,1276942933333.3333,4.502465601916626
SDN,1960,0.09224028582943701,1126364161.7644002,
SDN,1961,8.760511461916316,1222860428.555027,0.022391333976486294
SDN,1962,1.662871365679969,1328259624.72217,6.915842162080182
SDN,1963,4.68823253646181,1351234926.338986,-2.846971696362772
SDN,1964,3.95083843356371,1388282600.1961017,-1.1204491155723701
SDN,1965,-2.44602939056201,1446869619.3189821,6.777074080808703
SDN,1966,1.712463199270171,1484491675.7165182,-3.575147499972772
SDN,1967,11.0135558877735,1607409539.3664834,1.424081303168137
SDN,1968,-10.03389535893893,1677771400.5679824,1.9632208185126956
SDN,1969,12.60686856967603,1847501441.2622097,1.3893504883305354
SDN,1970,4.027795650471733,2100229759.0471847,5.925074722514736
SDN,1971,1.303669008593532,2288340041.034865,2.2473140947640218
SDN,1972,13.55475071286205,2483055722.23738,-5.070986488656018
SDN,1973,15.28908794787729,3077254460.3022814,0.6321952491494756
SDN,1974,26.15810230141979,3958931659.8475924,11.445289159405576
SDN,1975,23.96304763707379,4823090191.910081,15.713466448753266
SDN,1976,1.674884263582169,6013210815.661145,16.66521972823365
SDN,1977,17.07633079149219,7499005639.37649,6.223853781025653
SDN,1978,19.23040440135135,8128719315.079201,-5.9309867213224265
SDN,1979,31.13845501075297,8418407786.605992,-5.018599331235052
SDN,1980,25.35236901194191,8951800000.0,1.5243101444420688
SDN,1981,24.57572433365755,10753888154.279812,7.437563667450448
SDN,1982,25.71287974925945,8732542273.73424,5.958666432495562
SDN,1983,30.58777477913833,8230153846.153847,2.0625016886773864
SDN,1984,34.14634146336,10447615384.615385,-5.008906769515491
SDN,1985,45.40750323421005,8075259600.339802,-6.281043577773488
SDN,1986,24.45349012513205,10092200000.0,5.41381101301441
SDN,1987,20.55723774539098,12093333333.333334,14.220884589877357
SDN,1988,64.70056310010511,14372555555.55556,-0.33109181752679717
SDN,1989,66.72032193158984,21408111111.111115,8.931393689611156
SDN,1990,65.15809799662031,33641222222.222225,-5.470053773838572
SDN,1991,123.5781269029357,44171194366.20391,7.5109103539329425
SDN,1992,117.624468896394,7031933491.848987,6.577861384996027
SDN,1993,101.3804237638124,8881005435.806017,4.568749189547134
SDN,1994,115.3981442927379,12793794737.042011,1.00622924788334
SDN,1995,68.37519294854224,13830363899.916332,5.99709226051246
SDN,1996,132.8237773741385,9018300724.660856,5.9191237633176
SDN,1997,47.16853696471969,11681175864.338284,18.312657185027277
SDN,1998,24.62187854615864,11250221536.748407,4.308504255250355
SDN,1999,17.1664454201761,10682028339.68982,3.1040956154965187
SDN,2000,7.121258971722906,12257299147.293604,6.34586743997545
SDN,2001,1.935295720953327,15716361792.192642,6.500360533968831
SDN,2002,22.22472414959051,18137128388.360603,6.0064715363131995
SDN,2003,6.489432086733376,21355298459.595512,6.288808161465155
SDN,2004,9.657546286059446,26646007250.731857,5.140888517626749
SDN,2005,8.50585075933117,35182711987.974014,5.643515513436313
SDN,2006,7.19912990114709,45263831634.1497,6.531411746779199
SDN,2007,14.75427707800844,59440139774.81277,5.735274236644841
SDN,2008,14.29712244814345,64833083257.1431,3.8467447312105776
SDN,2009,11.25675870630097,51621044076.92307,-2.767704365991378
SDN,2010,12.97766638980141,58962978034.48276,3.8582419523010714
SDN,2011,18.0966171221351,55018567210.52632,-3.213532092533711
SDN,2012,35.55905741470241,37632919966.666664,-17.004688404894466
SDN,2013,36.52234491391544,43024018082.19178,1.9551446330242186
SDN,2014,36.90664278635953,49516748617.97752,4.661379542298732
SDN,2015,16.90957060509773,51726758676.76768,1.9101768905275094
SDN,2016,17.75025383119596,42630376000.0,3.467642184092881
SDN,2017,32.35162609684366,41283617976.190475,0.7092562847664396
SDN,2018,63.29250734558878,32333780383.29238,-2.6809305497998963
SDN,2019,50.99405150029646,32338079165.289257,-2.178251045300911
SDN,2020,163.2577823554576,27034593750.0,-3.6298008241075195
SDN,2021,359.0930407789987,34229513774.993607,-1.8685204827206974
SDN,2022,138.80846024176,51666875363.0963,-0.9578165911191832
SDN,2023,,39898289820.79505,-29.433271627438742
SDN,2024,,49672435513.1126,-13.964337842402202
SDN,2025,,60162634574.46895,3.0642794293586917
SEN,1960,,1003692370.4686906,
SEN,1961,,1058975256.9702512,2.9934482562697298
SEN,1962,,1085475790.5911205,-0.13623536056263674
SEN,1963,,1122139861.678048,1.8644785692915775
SEN,1964,,1188930645.3442326,3.8839271016463073
SEN,1965,,1210058228.171121,1.33218949146287
SEN,1966,,1246908185.9634266,2.876760975268695
SEN,1967,,1246480765.9798436,-1.21979286528493
SEN,1968,0.05833333283295202,1309384861.922193,6.290773531298896
SEN,1969,4.022653452257058,1245234931.4323332,-6.554142922500944
SEN,1970,2.810248198570362,1297407654.9283156,8.562045514558264
SEN,1971,3.878202631975362,1339549032.8378246,-0.14044943985554426
SEN,1972,6.154884174112649,1620857103.5349233,6.38320891557467
SEN,1973,11.28531073468389,1863398590.4555988,-5.58324010795549
SEN,1974,16.60109150934939,2099325228.956507,4.200775525851725
SEN,1975,31.65342331536851,2830388404.8976984,7.535662598586285
SEN,1976,1.083092187106585,2869777884.451664,8.920503703902938
SEN,1977,11.34058563710374,2938046462.7097964,-2.6829053048746516
SEN,1978,3.419651055875176,3280354920.851601,-3.953931260137793
SEN,1979,9.653359852570366,4084877822.916788,7.001685613225433
SEN,1980,8.729027660723263,4510108290.695709,3.9877619716854724
SEN,1981,5.913193720316254,4095892780.5828943,5.1802296700223565
SEN,1982,17.3763852168922,4013951442.6708126,8.010384371343875
SEN,1983,11.61698456814748,3569356124.9315853,-5.647460281142884
SEN,1984,11.78402747963291,3485165431.713542,3.935842443063393
SEN,1985,13.00005761597937,3818944917.567131,3.463084465151937
SEN,1986,6.184778544569343,5392093445.510533,3.126985548972044
SEN,1987,-4.140723786338088,6487353102.814825,6.255863406627313
SEN,1988,-1.826682250792953,6418419388.634989,-0.8165754882435294
SEN,1989,0.4473093407713161,6366039372.536825,3.9737833148322466
SEN,1990,0.3250986301832578,7390967360.421208,-0.7462822242523117
SEN,1991,-1.753556901993091,7255210469.517427,2.659962657393791
SEN,1992,-0.1099429670856651,7769817839.956441,1.3202330366135726
SEN,1993,-0.5864346151201836,7367986241.218689,1.3602130065134617
SEN,1994,32.29366685695517,5034588195.558058,-0.04752094866174161
SEN,1995,7.864007845701103,6326342633.403396,5.46858485819628
SEN,1996,2.754306634824074,6559712165.96508,2.019977208541306
SEN,1997,1.753164780972361,6041478725.904432,3.0456010348542293
SEN,1998,1.156780703913414,6505607909.053245,5.8984793176920505
SEN,1999,0.8272506082724965,6592834932.808764,6.283308250309872
SEN,2000,0.7319819819815966,6013185003.975251,3.887210958167927
SEN,2001,2.974500839195664,6507824829.262536,4.310851466183692
SEN,2002,2.337301874542993,7006402319.758565,0.0686965747419066
SEN,2003,-0.05199702427144954,8768721563.182106,5.593950944561428
SEN,2004,0.5147817810230156,10076816666.619638,4.643293936833118
SEN,2005,1.711333258555021,11009033437.93904,4.310238526396333
SEN,2006,2.112285838771169,11697918243.00349,2.3307709833023864
SEN,2007,5.853304284676812,13994218412.961872,2.827119201333744
SEN,2008,7.34720236578406,16853989627.548038,3.7031690639138617
SEN,2009,-2.248021478553397,16145867494.940493,2.7521044845505287
SEN,2010,1.22868119673344,16121315909.07576,3.39088925336209
SEN,2011,3.40322829786971,17814283639.311874,1.334091079612577
SEN,2012,1.41822871177854,17660870411.523518,4.002995550904572
SEN,2013,0.710245486695176,18918667724.881683,2.4123852760557867
SEN,2014,-1.090255074468949,19797253440.267914,6.224074437909863
SEN,2015,0.1352119336351645,17774766696.175896,6.367043650669828
SEN,2016,0.8372849425574345,19040312333.186382,6.356068572081355
SEN,2017,1.318153148477892,20965069572.716755,7.407486185895976
SEN,2018,0.4609856424641883,23116701556.138107,6.209241033888873
SEN,2019,1.760111511929386,23403995992.135414,4.613628097622097
SEN,2020,2.543146856816618,24530513037.751846,1.3420737728552439
SEN,2021,2.180322780881468,27520784129.750805,6.5440010991951
SEN,2022,9.696818990810733,27783332222.675926,3.8504319375272473
SEN,2023,5.939477987732149,30696331295.782555,4.257430833006566
SEN,2024,0.804503298792438,32169996051.85015,6.462205774123376
SEN,2025,1.459007198413849,37006536238.37308,6.682277448491945
SGP,1960,,704751700.3024938,
SGP,1961,0.4000000000000826,764629788.1236893,8.137529508176684
SGP,1962,0.4195804195802854,826239211.8175106,7.553444180522575
SGP,1963,2.205199628598347,917608012.4917517,10.040173313141509
SGP,1964,1.726095843742848,894153311.4248568,-3.1031681559707636
SGP,1965,0.178611297164573,974644096.1446743,7.834260464749292
SGP,1966,2.005794517494963,1096425608.0908918,10.180095306912037
SGP,1967,3.342800961328171,1238035815.7858632,12.50861274603399
SGP,1968,0.6553911205073779,1425706091.0356002,13.526994222638706
SGP,1969,-0.2730518798569787,1659893767.8441927,13.83382511601306
SGP,1970,0.4633529907327004,1920574150.1754203,13.942003003191587
SGP,1971,1.761006289308189,2263785443.6168823,12.413437158634238
SGP,1972,2.080758137618742,2721440980.758514,13.315562608373938
SGP,1973,19.63673057517644,3696213333.3333335,10.60300301717865
SGP,1974,22.36842105263155,5221534955.644177,6.117404371098829
SGP,1975,2.536531568789467,5633673929.993024,3.988738625509015
SGP,1976,-1.841892981984227,6327077974.107029,7.437166818149592
SGP,1977,3.163950143815833,6618585073.660353,6.852442393824944
SGP,1978,4.872543813064276,7517176354.841354,7.777181954220168
SGP,1979,4.076465375363981,9296921723.834652,9.554448739723469
SGP,1980,8.526943194258559,11896256782.856619,10.113372106847507
SGP,1981,8.18202196816849,14175228843.63908,10.815923298675216
SGP,1982,3.916286779942003,16084252378.473043,7.1021448489135395
SGP,1983,1.19641076769694,17784112149.53271,8.554482106144135
SGP,1984,2.600985221674852,19749361097.964977,8.79228623912256
SGP,1985,0.4801229114653426,19156532745.769066,-0.6227016501131573
SGP,1986,-1.385703363914406,18586746056.99741,1.3428104144543624
SGP,1987,0.5233065219497548,20919215578.212547,10.797932470281935
SGP,1988,1.523185192326342,25371462488.129158,11.26359213382004
SGP,1989,2.345456271958947,30465364738.620552,10.158828638788947
SGP,1990,3.460753386528243,36144336768.702255,9.820899557317773
SGP,1991,3.425701730786426,45466164978.29233,6.688397539583789
SGP,1992,2.26307118702851,52131320032.87973,6.6398055694956355
SGP,1993,2.289299643886411,60603815716.26528,11.459650875246012
SGP,1994,3.100132625995023,73688724431.14117,11.095689310022692
SGP,1995,1.720533847885235,87812540788.4293,7.175401120910706
SGP,1996,1.383180524818762,96293086513.08722,7.471390860020023
SGP,1997,2.003586185389622,100123787215.2995,8.316209111244973
SGP,1998,-0.2675022928761528,85728207781.77846,-2.1910150061127354
SGP,1999,0.01670983373707272,86286849754.89053,5.718371757108372
SGP,2000,1.36162392448456,96076539925.74088,9.038316325551634
SGP,2001,0.9971979561559433,89793790669.6515,-1.0708627510044835
SGP,2002,-0.3916768665850493,92538372869.6942,3.923360767020128
SGP,2003,0.5079053002375505,97646401095.6369,4.548255426432291
SGP,2004,1.662727198630715,115033593101.04909,9.939982684349573
SGP,2005,0.4251062765691068,127807848728.39835,7.366322392507584
SGP,2006,0.9656575190185115,148627286361.35068,9.006766078717575
SGP,2007,2.109801667145736,180941701357.97046,9.021519512688926
SGP,2008,6.635440583953091,193617323539.2028,1.8634834546203507
SGP,2009,0.5891420196105159,194150283771.56647,0.1279533827780881
SGP,2010,2.828845276129583,239807980591.23965,14.519749710899404
SGP,2011,5.251156246393732,279356499090.45807,6.214934168589892
SGP,2012,4.580844794230941,295092888076.5895,4.435497593785371
SGP,2013,2.364397937427259,307576360584.9916,4.817630991206755
SGP,2014,1.033169558576293,314863580758.45465,3.9355402770900696
SGP,2015,-0.5219756118957629,307998545269.39795,2.976799316348064
SGP,2016,-0.5298097603754645,320759207438.6231,3.91095306322606
SGP,2017,0.5767631911799955,344795119213.5706,4.326793707705008
SGP,2018,0.4387842151296228,377976367877.0382,3.186608484740745
SGP,2019,0.5678299884054472,376827390962.044,1.1587794730010756
SGP,2020,-0.1721118659253825,351226533656.29224,-3.610842817299286
SGP,2021,2.316103157651459,441110903524.64453,10.141084519719158
SGP,2022,6.130954189197321,514252535238.7487,4.010278844722961
SGP,2023,4.833723628257976,511181761243.7601,1.4502677588956487
SGP,2024,2.389511235950172,572877260178.427,5.343512019236599
SGP,2025,0.9029984950026763,603869516998.738,5.025881995080027
SLB,1960,,,
SLB,1961,,,
SLB,1962,,,
SLB,1963,,,
SLB,1964,,,
SLB,1965,,,
SLB,1966,,,
SLB,1967,,25203524.032563843,
SLB,1968,,28084252.758274823,
SLB,1969,,28606411.39804096,
SLB,1970,,,
SLB,1971,,50056882.82138794,
SLB,1972,6.877546130155306,40606712.05063896,
SLB,1973,3.228699551352397,55272108.84353741,
SLB,1974,18.85317115559886,84539332.28256197,
SLB,1975,10.06944444466411,74620320.02953394,
SLB,1976,4.25531914893602,83100834.30793503,
SLB,1977,8.61678004535154,93145283.35571408,
SLB,1978,6.263048016701553,111027427.2083584,
SLB,1979,8.055009823182674,151276496.48253277,
SLB,1980,13.09090909090907,182852106.5234079,
SLB,1981,16.39871382636644,193750540.7014294,-1.797019390020452
SLB,1982,12.98342541436477,192902018.73331797,-1.6695655461204382
SLB,1983,6.234718826405821,181220398.9698387,3.8905916410641623
SLB,1984,11.04718066743382,181570473.7716051,0.17020030159213206
SLB,1985,9.568221070811427,165524943.49212268,-3.1323229087178817
SLB,1986,13.57187894073128,147620047.66006315,-0.20143016901744204
SLB,1987,10.99236641221347,155128542.41917804,8.421310189753584
SLB,1988,16.73752657246537,176494394.04336193,1.2501963287723186
SLB,1989,14.9322478710301,172882410.57856086,4.264256712660924
SLB,1990,8.737592618481814,214877666.84606788,2.1999999988169066
SLB,1991,15.05013077593698,227540473.34008658,6.0000023832493525
SLB,1992,10.75116036752848,269034595.8129845,12.699997811372938
SLB,1993,9.168662333219851,300746361.1287394,3.9999996123764703
SLB,1994,13.25603259166383,402837005.2725957,8.100001205732823
SLB,1995,9.629219701162262,469443201.5032737,10.088615646589986
SLB,1996,11.77435638566372,510586430.1901267,1.6099076084670685
SLB,1997,8.084001354860426,526554005.9543571,-0.9140774699060898
SLB,1998,12.39950381280694,457579840.22506624,1.2915110957607538
SLB,1999,8.020368392968408,488024514.36935914,-0.4857303727788036
SLB,2000,7.88956186986721,419842674.2276522,-14.27699951493544
SLB,2001,6.92583732057426,409508552.9799725,-7.956605504549174
SLB,2002,10.92963418726921,346406738.8852372,-2.7999838935950976
SLB,2003,8.26946349334406,417666638.6000215,6.523467609216937
SLB,2004,6.985842026825674,468000121.31343436,7.68364102152745
SLB,2005,7.330663416332994,552881356.6975167,7.35907917681935
SLB,2006,11.2199870214146,617257457.7584895,4.137262396648978
SLB,2007,7.666020134848055,695291217.9822268,3.6397349956910574
SLB,2008,17.32006519687743,776335523.4703727,6.225906362478511
SLB,2009,7.092717168762857,805557289.4591984,2.8648630963065074
SLB,2010,1.051481633210381,898128551.2891623,9.708172354914808
SLB,2011,7.34270706018,1063898226.7189217,7.430237520993018
SLB,2012,5.912006024911552,1185217634.3739254,2.4659183771243818
SLB,2013,5.3913638858756,1285905957.6411557,5.23744704670068
SLB,2014,5.165902379251711,1335576762.849738,1.1894550954777827
SLB,2015,-0.5744692863594901,1307908813.5996246,1.675786120308146
SLB,2016,0.5124856262687925,1379486290.7143333,5.554943482579915
SLB,2017,0.4886867602610835,1469790526.3971987,3.075461761445908
SLB,2018,3.461474849737293,1615473250.2525933,2.745852448290549
SLB,2019,1.63485544012247,1619150563.9208364,1.7492524448595077
SLB,2020,2.963549920760649,1536143427.829576,-3.381259258394053
SLB,2021,-0.1154378944128394,1558312103.8422544,-0.22797529279202422
SLB,2022,5.518129285769377,1466670929.6233268,-2.5844836175572254
SLB,2023,5.885858970421641,1506124566.4040425,2.841118511548075
SLB,2024,4.321839483880329,1583964703.7506108,2.997559876041038
SLB,2025,3.364621893178246,1749572442.9501607,3.6171508807238553
SLE,1960,,322009961.5470484,
SLE,1961,,327834190.5770944,1.8090435458939282
SLE,1962,,342721416.4909668,4.54096703629196
SLE,1963,,348547278.78770655,1.6997152106180664
SLE,1964,,371847461.44127804,6.6852387917061264
SLE,1965,,359379856.24805754,7.180155790012705
SLE,1966,,375479849.8080601,1.6999999938527566
SLE,1967,,348795303.0003852,0.0362815543045798
SLE,1968,,329859731.9438928,2.0199238186976203
SLE,1969,,408690163.4760654,8.5254467948847
SLE,1970,,434410973.7643895,8.620493237112498
SLE,1971,,419549304.7247904,3.4659164987908895
SLE,1972,,465381339.7404038,0.900234646639376
SLE,1973,,575230724.377773,2.256618261837673
SLE,1974,,648590642.9398886,3.49982830211664
SLE,1975,,679336343.5845588,1.6692165476330132
SLE,1976,,594895941.9143811,-0.4491763467624281
SLE,1977,,691777583.9511557,0.04667580303960506
SLE,1978,,960728338.9364305,2.4063321663598174
SLE,1979,,1109374911.3030643,4.511265598569821
SLE,1980,,1100685844.9228425,4.843503771444247
SLE,1981,,1114830471.9178674,2.8814285592165874
SLE,1982,,1295361885.9241917,4.781755523574844
SLE,1983,,995104305.3470745,-2.1028016154428713
SLE,1984,,1087471861.9892826,4.093034266161183
SLE,1985,,856890459.3639576,-5.311340479507052
SLE,1986,,490181456.6244097,1.2360468926075896
SLE,1987,,660106336.1043386,7.231268748314321
SLE,1988,,1055083933.074983,-7.0800000052383325
SLE,1989,,932974420.2765286,0.7299999893159281
SLE,1990,,649644097.5661292,3.349997993461656
SLE,1991,,779981987.1065605,2.35196132919053
SLE,1992,,679940813.9483664,-19.01290977847195
SLE,1993,,768867882.965994,1.374549974231229
SLE,1994,,911853802.3656135,-1.9473850336049026
SLE,1995,,870740291.5192475,-7.999752727218308
SLE,1996,,941709422.5029651,1.7538206262438933
SLE,1997,,850232760.0172392,-5.877080845755273
SLE,1998,,672368187.1147556,1.7850123701934848
SLE,1999,,669386623.9514022,-1.9792867005248524
SLE,2000,,635866403.7760651,6.652730284047664
SLE,2001,,1681473893.7665458,-6.345455633284686
SLE,2002,,1933863910.73227,26.52413506744091
SLE,2003,,2142618045.9312878,9.48363126885343
SLE,2004,,2237350687.4660583,6.478845884173467
SLE,2005,,2545275312.6051188,4.3534998069981015
SLE,2006,,3263697466.735136,4.283110622643349
SLE,2007,11.64997445181059,3632957611.3515205,3.7497580475164085
SLE,2008,8.211124322896078,4157895298.195716,3.686059699321234
SLE,2009,7.469018985409824,3953403098.371066,1.5308032395871578
SLE,2010,7.185662756681626,4262805966.7875533,6.355665958004948
SLE,2011,6.791382919526211,4861632884.679853,8.100655187149172
SLE,2012,6.58776239392585,6141666509.362947,10.578331663386976
SLE,2013,5.52412877994266,7502762862.726569,14.663323807522914
SLE,2014,4.639311714096666,7686138790.908717,-7.815015124572412
SLE,2015,6.689435624986811,6788352974.783295,-4.363332620937882
SLE,2016,10.88606094139033,6084297211.102173,6.437436527642575
SLE,2017,18.22150940033864,5749846528.480457,3.207860877159874
SLE,2018,16.02954476936986,6390514688.528162,2.893856412367697
SLE,2019,14.80499909060209,6523577590.383188,5.502709373781528
SLE,2020,13.44687111010521,6688307705.642167,-1.2533490322766028
SLE,2021,11.87395888402341,7166931483.295297,5.896852704709403
SLE,2022,27.2082883814653,7121125277.181592,5.313554614191503
SLE,2023,47.64287332531787,6415852766.092268,5.7100218981805995
SLE,2024,28.63375000141146,6971127234.072414,4.293223344046112
SLE,2025,7.487501666129855,7464157904.435091,4.608650775812762
SLV,1960,-0.0389741990030698,,
SLV,1961,-2.682470368074193,,
SLV,1962,0.0961538463947943,,
SLV,1963,1.569004162589255,,
SLV,1964,1.757566204057473,,
SLV,1965,0.4569746729171241,877720000.0,
SLV,1966,-1.187355435933738,929520000.0,7.161137742120346
SLV,1967,1.466916354723788,976200000.0,5.43684884780356
SLV,1968,2.537680713487923,1009760100.0,3.236692387288869
SLV,1969,-0.1949902500381535,1049400000.0000001,3.485418813776022
SLV,1970,2.81785392208514,1132920000.0,2.9772950928131507
SLV,1971,0.4458086676924745,1186120000.0,3.858257513493129
SLV,1972,1.535215366788719,1263720000.0,6.117533687166741
SLV,1973,6.391974203118369,1442320000.0,4.86167350408661
SLV,1974,16.89903684223535,1665880000.0,5.336001106765423
SLV,1975,19.08849965438626,1884120100.0,2.9235318885202872
SLV,1976,7.034689631988251,2328280100.0,5.049260173759464
SLV,1977,11.8202775391489,2941640100.0,6.7800617282486115
SLV,1978,13.27512329213834,3127960000.0,5.322765834727889
SLV,1979,14.05602473610618,3463639900.0,-4.180265433269042
SLV,1980,17.36696825640247,3573959900.0,-15.83686429486589
SLV,1981,14.79715162997331,3437200200.0,-5.720990451529374
SLV,1982,11.72888686546786,3399189100.0,-6.308471375847574
SLV,1983,13.31431773035241,3506347800.0,1.5390252839868168
SLV,1984,11.50716950573086,3661683400.0,1.3352580295921967
SLV,1985,22.32837505544156,3800368600.0,0.6143162393162527
SLV,1986,31.93501614727633,3771663200.0,0.1946730377842698
SLV,1987,24.86450033731246,3958045800.0,2.508169213106058
SLV,1988,19.76116178588576,4189880000.0,1.878176962178003
SLV,1989,17.6340799385345,4372215300.0,0.9640591966173275
SLV,1990,23.9991651130861,4817542204.0,4.832900577937863
SLV,1991,14.4026748806266,5252342400.0,1.4940875679130698
SLV,1992,11.21448138019865,5813399300.0,7.021963315752174
SLV,1993,18.50668833027141,6680269200.0,5.818315557190147
SLV,1994,10.58580665264513,7679384000.0,4.692061726678702
SLV,1995,10.02965645010182,8921947100.0,4.7340814022973206
SLV,1996,9.788920401799663,9586327800.0,0.8114618993280089
SLV,1997,4.490136278552036,10221705900.0,3.1379700666582835
SLV,1998,2.547059775541512,10936669900.0,2.652277300164613
SLV,1999,0.5148271301929789,11284197000.0,2.1620337372297342
SLV,2000,2.27128756828723,11784927700.0,1.1279069767441854
SLV,2001,3.7508205747202,12282533600.0,0.8796136598827218
SLV,2002,1.865525036100772,12664190300.0,1.5729184475978855
SLV,2003,2.120390917333296,13243892200.0,1.5653930314761766
SLV,2004,4.451943923950449,13724810900.0,0.8894044856921965
SLV,2005,4.690948709037688,14698000000.0,2.68083009363194
SLV,2006,4.037123594296121,15999890000.0,4.336998602860405
SLV,2007,4.578085723771535,17011750000.0,1.8476022058785873
SLV,2008,6.707922935159387,17986890000.0,2.1544029828276763
SLV,2009,1.055950297312006,17601620000.0,-2.108768376275222
SLV,2010,1.179335768736726,18447920000.0,2.1541953669363494
SLV,2011,5.1289237668161,20283780000.0,3.8068811342929507
SLV,2012,1.729734815813832,21386150000.0,2.822623718023266
SLV,2013,0.7576691845229727,21990960000.0,2.235624391983748
SLV,2014,1.141344675382328,22593470000.0,1.7087062835707343
SLV,2015,-0.7313844873879571,23438240000.0,2.4000000885211534
SLV,2016,0.6040490869966101,24191430000.0,2.5390624113586426
SLV,2017,1.012354033155798,24979190000.0,2.2476190813413837
SLV,2018,1.090330005818922,26020850000.0,2.412444223779204
SLV,2019,0.07532413500246123,26881140000.0,2.437471590657836
SLV,2020,-0.3715902123240951,24921190000.0,-7.8931013598670035
SLV,2021,3.466925853130816,29043140000.0,11.904761701595675
SLV,2022,7.198616156098668,31870110000.0,2.9546041089331965
SLV,2023,4.045546942224766,33565430000.0,3.355087216461655
SLV,2024,0.8537822925672883,34879730000.0,2.590463710779403
SLV,2025,0.2575705283072028,36708110000.0,3.9059418924258296
SMR,1960,,,
SMR,1961,,,
SMR,1962,,,
SMR,1963,,,
SMR,1964,,,
SMR,1965,,,
SMR,1966,,,
SMR,1967,,,
SMR,1968,,,
SMR,1969,,,
SMR,1970,,,
SMR,1971,,,
SMR,1972,,,
SMR,1973,,,
SMR,1974,,,
SMR,1975,,,
SMR,1976,,,
SMR,1977,,,
SMR,1978,,,
SMR,1979,,,
SMR,1980,,,
SMR,1981,,,
SMR,1982,,,
SMR,1983,,,
SMR,1984,,,
SMR,1985,,,
SMR,1986,,,
SMR,1987,,,
SMR,1988,,,
SMR,1989,,,
SMR,1990,,,
SMR,1991,,,
SMR,1992,,,
SMR,1993,,,
SMR,1994,,,
SMR,1995,,,
SMR,1996,,,
SMR,1997,,976606910.6023811,
SMR,1998,,1048316225.7047138,7.465618860510801
SMR,1999,,1109473282.2393847,9.049360146252283
SMR,2000,,1007661290.9803944,2.1793797150041883
SMR,2001,,1059529731.1023635,5.578342904019678
SMR,2002,,1148872076.4705904,0.31080031080030324
SMR,2003,,1462590387.0588205,3.872966692486443
SMR,2004,1.430838685273429,1715341294.594599,4.548844146159595
SMR,2005,1.685488905283466,1786513631.128404,2.425106990014257
SMR,2006,2.09525935611432,1909765810.5882325,3.830083565459617
SMR,2007,2.49894575725803,2188653428.627458,7.1093226022803435
SMR,2008,4.293202492877041,2403214435.9374995,-0.5009392611145813
SMR,2009,2.199592370460113,2064277984.3749986,-10.320956576463175
SMR,2010,2.585418155825868,1881191950.0000036,-5.473684210526315
SMR,2011,2.899795843001231,1813717694.5525327,-8.314773570898296
SMR,2012,2.827332242225804,1604701051.1718755,-7.044534412955457
SMR,2013,1.604392980780818,1678741201.5686321,-0.7839721254355396
SMR,2014,1.112963033738508,1673910988.2352881,-0.7023705004389882
SMR,2015,0.1456860732410663,1419400395.7330072,2.291503094606554
SMR,2016,0.6440753403465518,1468342400.0824938,2.344412118104586
SMR,2017,1.014133131945077,1528621192.8860025,0.25825989970944363
SMR,2018,1.163335222931585,1655354328.791842,1.493903997960743
SMR,2019,0.4726519673528523,1616231696.0486248,2.0656908292095295
SMR,2020,-0.1333688983729153,1544713784.6767359,-6.64791226034481
SMR,2021,1.615514115514209,1855395712.2146988,13.897785759408876
SMR,2022,5.325453213113651,1831701022.8708243,7.898446782303623
SMR,2023,5.931908586294032,2027243193.5116045,0.4019323715328369
SMR,2024,1.242165079455693,,
SMR,2025,2.295195250250374,,
SOM,1960,,180459936.7760253,
SOM,1961,,191659914.37603426,-3.2619812023400954
SOM,1962,,203531927.547229,7.076655434166426
SOM,1963,,216145935.94162562,2.808802570093775
SOM,1964,,229529912.66803494,-6.110623330340758
SOM,1965,,243725898.0296408,-5.943681492538971
SOM,1966,,257375897.0496412,9.098654707721778
SOM,1967,,271781886.8072453,5.940943616611435
SOM,1968,,286719885.3120459,2.02997732483756
SOM,1969,,306357284.5714286,-1.6995697173331337
SOM,1970,,347985394.28571427,4.581407921451358
SOM,1971,,347039445.7055691,2.1383647798674588
SOM,1972,,447883941.1901649,14.880952380956884
SOM,1973,,483699610.6025631,-12.149365731641424
SOM,1974,,572504035.9015092,0.7524913565214888
SOM,1975,,757015878.7926927,14.695195801371312
SOM,1976,,871344245.1151708,-1.8479408658946284
SOM,1977,,498550724.6376811,13.645329029940228
SOM,1978,,564571823.2044199,5.7994186046580865
SOM,1979,,589566929.1338582,-4.9869487566990784
SOM,1980,,602515548.4521039,1.7929438982077954
SOM,1981,,699302473.0500951,6.2642045454523725
SOM,1982,,774578931.9639199,2.767009758052936
SOM,1983,,735408641.768548,-11.576482830383767
SOM,1984,,787434541.7288573,3.265666372459904
SOM,1985,,875702247.1910112,9.529914529914024
SOM,1986,,916590786.3261054,-2.1459227467789788
SOM,1987,,1018972664.463803,10.087719298245503
SOM,1988,,1051596967.1286983,3.4152477205969376
SOM,1989,,1181360843.935489,3.8076646703301122
SOM,1990,,1031282081.1668346,2.326930485760627
SOM,1991,,717974929.7631578,2.9505708443330576
SOM,1992,,709297578.5,-8.4883234813083
SOM,1993,,1260132955.787459,3.9905964190194254
SOM,1994,,1481205097.9811323,-17.84698948844941
SOM,1995,,1534756134.5502186,3.9905964187765477
SOM,1996,,1792234297.391936,8.046015050090219
SOM,1997,,2191749013.581238,1.1804918462100318
SOM,1998,,2962047564.4165072,6.58649325372474
SOM,1999,,3045751527.660048,7.318295503867844
SOM,2000,,3412797450.201118,7.11031431133236
SOM,2001,,2252847464.6860847,7.110314311432404
SOM,2002,,2192684134.5927277,7.630267293310467
SOM,2003,,2836724351.561596,7.63026729332455
SOM,2004,,3859592813.1025543,7.110314311256076
SOM,2005,,4683246454.100484,7.110314311314596
SOM,2006,,5026743282.042513,6.486370732739076
SOM,2007,,5430713728.89074,6.694351925525524
SOM,2008,,5913620292.905734,6.6943519258200865
SOM,2009,,2948594552.4495163,6.694351925561875
SOM,2010,,2687807003.73935,6.69435192550543
SOM,2011,,2906000096.932491,6.694351925677552
SOM,2012,,4364670159.995777,6.694351925566977
SOM,2013,,5062881600.001038,10.959298616431056
SOM,2014,,5728399719.999584,8.978005905746173
SOM,2015,,6152149099.999415,10.462188123514693
SOM,2016,,6613743069.999124,7.034872600421622
SOM,2017,,7621501710.001204,14.735795604519453
SOM,2018,,7873000000.0,2.0543150726106916
SOM,2019,,8656000000.0,2.8003331251301233
SOM,2020,,8628000000.0,-2.764556962025324
SOM,2021,,9483000000.0,3.4471985003124246
SOM,2022,,10203000000.0,2.7182120205375924
SOM,2023,,10958000000.0,4.175242575713028
SOM,2024,,11967000000.0,4.111393357794711
SOM,2025,,12995200000.26575,2.991144044821965
SRB,1960,,,
SRB,1961,,,
SRB,1962,,,
SRB,1963,,,
SRB,1964,,,
SRB,1965,,,
SRB,1966,,,
SRB,1967,,,
SRB,1968,,,
SRB,1969,,,
SRB,1970,,,
SRB,1971,,,
SRB,1972,,,
SRB,1973,,,
SRB,1974,,,
SRB,1975,,,
SRB,1976,,,
SRB,1977,,,
SRB,1978,,,
SRB,1979,,,
SRB,1980,,,
SRB,1981,,,
SRB,1982,,,
SRB,1983,,,
SRB,1984,,,
SRB,1985,,,
SRB,1986,,,
SRB,1987,,,
SRB,1988,,,
SRB,1989,,,
SRB,1990,,,
SRB,1991,,,
SRB,1992,,,
SRB,1993,,,
SRB,1994,,,
SRB,1995,82.66051518646633,17921892655.367233,
SRB,1996,95.6009261208171,23277430167.597763,6.164962538256717
SRB,1997,23.30786613580105,27153408994.807434,8.933213470047548
SRB,1998,30.15969979928437,21004077441.480244,5.3426397032043695
SRB,1999,42.4539054642972,20878694850.576683,-10.325505589771268
SRB,2000,71.12062879465411,7326373882.110442,6.055089728864502
SRB,2001,95.00522581000064,13599378661.995176,6.778522793680835
SRB,2002,19.49083215796889,17930583571.30545,6.541046003092561
SRB,2003,9.876178897295777,23593044417.508606,4.559689979350878
SRB,2004,11.02636271834637,26845632341.807495,6.686868368637008
SRB,2005,16.11998064828263,28334256180.880116,5.903496229354886
SRB,2006,11.72402299808338,33298057361.74117,3.900666446209925
SRB,2007,6.391706443914125,44888028946.08535,7.832070230276017
SRB,2008,12.41098677517796,54220641201.647415,5.1608932723182335
SRB,2009,8.116950922380816,46955984409.72705,-3.1426107541657444
SRB,2010,6.142553602472484,43536629233.14237,1.6109728144941187
SRB,2011,11.1373976342129,51251098408.09236,0.05427248365819537
SRB,2012,7.330385895966456,45103269969.41118,-0.44395607098324774
SRB,2013,7.694263628966555,50455529604.06957,0.45157880533072614
SRB,2014,2.082447938801538,49114321280.34665,-1.8042704168113204
SRB,2015,1.392358220001869,41297410634.9586,1.2957386351958036
SRB,2016,1.12231397417769,42225495909.56332,2.9751980716082613
SRB,2017,3.131062485901151,45972834713.80773,2.3634031250552994
SRB,2018,1.959840762938007,52787520248.924194,4.649350354910069
SRB,2019,1.849229845110863,53864693664.55677,4.750207938990144
SRB,2020,1.575532900834149,55874017668.998,-0.9500239918515945
SRB,2021,4.085102853351022,66159884072.530846,7.949056504722776
SRB,2022,11.98151173447029,66809895701.21516,2.7034770554365366
SRB,2023,12.37190435525192,81343999280.01788,3.747933035617706
SRB,2024,4.670529748899701,90088366320.40617,3.9499262259293175
SRB,2025,3.890367860600099,99953324472.90417,2.030391962351132
SSA,1960,,35981349568.21458,
SSA,1961,,37510743971.98994,1.0788692289478377
SSA,1962,,40541592928.57133,6.044867554178367
SSA,1963,,46114167869.244934,6.243233534427503
SSA,1964,,45876299000.702835,4.965869503629364
SSA,1965,,50528954823.25859,4.6827561537737665
SSA,1966,,54764751023.04431,2.0203695979696903
SSA,1967,,54827305446.54079,-0.768819452182683
SSA,1968,,58671532850.03158,3.1268162315228665
SSA,1969,,66243495753.18787,9.00378609034182
SSA,1970,,73982285641.52606,7.8079387398049676
SSA,1971,,76058577381.56175,7.706844770907324
SSA,1972,,85698710356.44025,2.9489053289606346
SSA,1973,,109245029398.86954,4.292988755675992
SSA,1974,,138601593895.60953,7.53505140919863
SSA,1975,,152176108976.2578,-0.23203058886443273
SSA,1976,,164628848549.88538,5.166072290850849
SSA,1977,,180898165665.77374,2.770969850882878
SSA,1978,,202570446656.93964,-0.18986208199591204
SSA,1979,,238798833853.74426,3.926317830343578
SSA,1980,,299944932616.32855,3.7243109314080414
SSA,1981,12.41326137239799,404804849824.9188,-0.8116733643184517
SSA,1982,12.13991769547337,376332410781.61096,-1.2023954356541537
SSA,1983,11.56752438340691,337775114854.1569,-2.54172903746786
SSA,1984,11.24999999999971,301777739303.9038,2.2528516119911757
SSA,1985,10.30544066982954,288131966060.29193,2.001137116973851
SSA,1986,7.433333333333196,270019348453.91455,1.8701303004537948
SSA,1987,8.152342538008714,302367005061.2455,2.932245506658518
SSA,1988,8.755496850861366,318387278274.6551,4.471610953329886
SSA,1989,8.275016087515917,324065103015.04333,2.2894045035745307
SSA,1990,7.72532188841208,379398895465.4949,2.2562179243319918
SSA,1991,8.965622652143093,406298212694.0803,0.38534646172475107
SSA,1992,9.5234771910899,365435981519.3123,-0.5003696915861156
SSA,1993,9.679346580679281,369351885276.88434,-1.0502733646778637
SSA,1994,28.81438943067315,377661601267.3509,1.031949430806776
SSA,1995,12.28859126014257,480536248746.56006,3.3300820989237394
SSA,1996,7.272883162593384,536993447940.2822,5.139007345503671
SSA,1997,8.169021441069631,564682059532.0312,4.061306180507529
SSA,1998,6.661398656657521,566166520917.6555,2.518088468956776
SSA,1999,4.249552558972505,403985079543.6774,2.179014383702537
SSA,2000,4.199288256228066,428130754795.2613,3.4358337996657013
SSA,2001,5.077450455224957,410270416419.428,4.221198390474029
SSA,2002,5.032822757111935,448754410667.31024,6.399241119683666
SSA,2003,6.084428113710684,565165696847.8351,4.131297254882398
SSA,2004,4.178160001197913,701946427139.9097,6.693590445178103
SSA,2005,6.605240855492002,836012300136.3354,6.006925405079855
SSA,2006,6.616554305364791,987742442581.5029,6.046463090532299
SSA,2007,7.025514369747714,1144107728262.4526,6.157152853136495
SSA,2008,10.29697582212537,1299991378851.1926,5.207657610672456
SSA,2009,4.848669646407108,1241036741316.5876,3.152109656053881
SSA,2010,4.067495559502634,1468562341636.1733,6.067770792821904
SSA,2011,5.686319595759542,1649814720968.0312,4.287958978546584
SSA,2012,6.575899707576976,1716111793311.7253,3.328446738270401
SSA,2013,4.905208756945568,1824058015016.5374,5.277887526982354
SSA,2014,4.40535234185293,1901434469437.9316,4.727675816623361
SSA,2015,3.394015384105586,1686510433482.35,2.9286456838752315
SSA,2016,5.430519661191558,1531072388307.7905,1.307830353275648
SSA,2017,5.197951807191792,1671771628567.2388,2.503275150802395
SSA,2018,4.0929781930063704,1797993099717.4983,2.7922269325805047
SSA,2019,3.107732292422739,2044013272642.9968,2.546170452037174
SSA,2020,3.483935674932038,1900851749615.8132,-3.283422989053264
SSA,2021,4.259364175428684,2138242804315.0618,3.584789651875141
SSA,2022,9.52526628622843,2288209678021.003,4.028374703608037
SSA,2023,7.05298238454736,2115430662235.1147,2.712090388806928
SSA,2024,4.361152465189621,1987702493350.574,3.616393911967293
SSA,2025,3.457239989443213,2208834023249.311,4.137648378927764
SSD,1960,,,
SSD,1961,,,
SSD,1962,,,
SSD,1963,,,
SSD,1964,,,
SSD,1965,,,
SSD,1966,,,
SSD,1967,,,
SSD,1968,,,
SSD,1969,,,
SSD,1970,,,
SSD,1971,,,
SSD,1972,,,
SSD,1973,,,
SSD,1974,,,
SSD,1975,,,
SSD,1976,,,
SSD,1977,,,
SSD,1978,,,
SSD,1979,,,
SSD,1980,,,
SSD,1981,,,
SSD,1982,,,
SSD,1983,,,
SSD,1984,,,
SSD,1985,,,
SSD,1986,,,
SSD,1987,,,
SSD,1988,,,
SSD,1989,,,
SSD,1990,,,
SSD,1991,,,
SSD,1992,,,
SSD,1993,,,
SSD,1994,,,
SSD,1995,,,
SSD,1996,,,
SSD,1997,,,
SSD,1998,,,
SSD,1999,,,
SSD,2000,,,
SSD,2001,,,
SSD,2002,,,
SSD,2003,,,
SSD,2004,,,
SSD,2005,,,
SSD,2006,,,
SSD,2007,,,
SSD,2008,,14586253383.063168,
SSD,2009,5.006273615340468,12231264525.067104,5.041641879833421
SSD,2010,1.169621803011082,14602072410.950586,5.493416395299448
SSD,2011,46.8521757193597,14907308932.75343,-4.640316736008586
SSD,2012,45.52589783717057,11931472169.491526,-46.082122374300695
SSD,2013,-0.0580909784225664,18426469016.94915,13.129731140694332
SSD,2014,1.674299062955201,13962212847.457626,3.37364847715736
SSD,2015,52.76633041921427,11997800760.224182,-10.793364627114315
SSD,2016,379.9995856240261,,
SSD,2017,187.8516302794417,,
SSD,2018,83.50152949219998,,
SSD,2019,87.2413641500032,,
SSD,2020,29.67584355385716,,
SSD,2021,10.51671582943585,,
SSD,2022,-6.687320942126679,,
SSD,2023,2.382804348137544,,
SSD,2024,91.44082207690455,,
SSD,2025,,,
SSF,1960,,35992840315.624725,
SSF,1961,,37521672250.00878,1.0754631236215033
SSF,1962,,40553531625.49404,6.04610607563589
SSF,1963,,46127234839.13692,6.245318465226617
SSF,1964,,45891029636.70166,4.966398874650935
SSF,1965,,50543662441.013435,4.6795381713355795
SSF,1966,,54780166138.87909,2.0266589071290326
SSF,1967,,54842929106.494,-0.7680671706639544
SSF,1968,,58686328764.31837,3.1294376068284038
SSF,1969,,66258308877.606636,8.998225221647616
SSF,1970,,73998894005.1136,7.808541592988405
SSF,1971,,76078849833.27216,7.711471194521735
SSF,1972,,85727801728.0296,2.9509577231742696
SSF,1973,,109279814642.66779,4.295992422393468
SSF,1974,,138641829045.6061,7.530940368615191
SSF,1975,18.311785753990335,152220755514.2808,-0.2299118326920251
SSF,1976,11.544880651983561,164674566173.81958,5.173213279832268
SSF,1977,14.890066502322306,180959402619.76642,2.7646027779099143
SSF,1978,11.45943005742441,202653123357.7108,-0.17601990466167194
SSF,1979,13.674627359178725,238924309636.5528,3.935660077054706
SSF,1980,13.601982828949126,300099287848.27704,3.716571486089279
SSF,1981,12.290327860595905,404964246963.9703,-0.813990345004342
SSF,1982,12.09984145180352,376485687161.41266,-1.2030318113456104
SSF,1983,11.4826535601296,337928018074.4352,-2.5403432478332064
SSF,1984,11.11693128578854,301936361900.0114,2.2543581715776213
SSF,1985,9.406907506872745,288309978620.849,2.0073452726882834
SSF,1986,6.859344227948853,270240108448.9959,1.8692332790206194
SSF,1987,7.632790088781041,302632179778.3414,2.9338006213702528
SSF,1988,8.351679568212193,318689734593.0052,4.4723082553477695
SSF,1989,8.0461586348732,324390296940.1689,2.295980766330885
SSF,1990,7.544861096994524,379792346523.4181,2.260827228145075
SSF,1991,8.934306569342876,406697411520.77936,0.3875592906050258
SSF,1992,9.486542506171633,365899500396.6375,-0.4930514922140503
SSF,1993,9.524845370196942,369858677464.7124,-1.0417077635354417
SSF,1994,27.447980712694655,378181813146.72266,1.028092986772407
SSF,1995,11.425939964661964,481079007260.5025,3.3270273384569293
SSF,1996,7.191646604333442,537530179194.3276,5.144080952605194
SSF,1997,7.6471743331001,565282993319.412,4.070189810424353
SSF,1998,6.435732875607812,566816310317.2368,2.5180288237748556
SSF,1999,4.356433745104526,404651982255.3014,2.1786530119480148
SSF,2000,4.500788562621022,428788727164.4083,3.4367930085384586
SSF,2001,5.147468002226182,410936482186.2981,4.213519218234296
SSF,2002,4.70579123746033,449501126211.8341,6.393488348560368
SSF,2003,5.679424140687994,565920228913.2809,4.120725905781654
SSF,2004,4.136632131447484,702843567490.1555,6.684487640568975
SSF,2005,6.427552780700866,836994144673.2329,6.009529969072361
SSF,2006,6.537843952996039,988827706638.0266,6.049463516040319
SSF,2007,6.7866978903824435,1145187476948.8174,6.159657897350485
SSF,2008,10.378524478797999,1300970976245.486,5.200161026667388
SSF,2009,5.006273615340468,1241887642937.0205,3.1472680264264454
SSF,2010,4.022024222142158,1469543958178.5015,6.066500610928955
SSF,2011,5.366210929480771,1650873639675.292,4.292141026096871
SSF,2012,6.581831050751413,1717201201150.9216,3.328263606964697
SSF,2013,4.885163875954708,1825391175423.9224,5.2745105586132155
SSF,2014,4.403802717143602,1902822047308.0132,4.727139899055842
SSF,2015,3.4723875288365225,1687942836834.4785,2.933446011408151
SSF,2016,5.302642977103245,1532640901655.9353,1.317003558508631
SSF,2017,5.186186555241493,1673446999208.2524,2.5074548530005956
SSF,2018,3.911334399907289,1799777413644.266,2.794330821308975
SSF,2019,2.867588034468999,2045881962739.7317,2.5491393304618555
SSF,2020,3.398629285188528,1902234301367.3826,-3.2921261587491273
SSF,2021,4.439054812150022,2139729978109.8674,3.581941292902883
SSF,2022,9.45801281304023,2290209566620.2573,4.033710669568862
SSF,2023,6.697599907898446,2117602210170.497,2.7144669167589655
SSF,2024,4.300095846979991,1989931102034.874,3.616127924957297
SSF,2025,3.403734582790553,2211221046102.798,4.139281452596492
SST,1960,,,
SST,1961,,,
SST,1962,,,
SST,1963,,,
SST,1964,,,
SST,1965,,,
SST,1966,,,
SST,1967,,,
SST,1968,,,
SST,1969,,,
SST,1970,,4890889496.997459,
SST,1971,,5468619820.414052,
SST,1972,,6351288900.771193,
SST,1973,,7975691955.235654,
SST,1974,,12697499906.386858,
SST,1975,,13756779384.798876,-0.0902775604260313
SST,1976,,15045613015.123446,10.557910310556068
SST,1977,,18115910570.61743,8.2846391041723
SST,1978,,20865461498.94328,7.108943109100466
SST,1979,,26701110584.693398,11.36167745663856
SST,1980,16.47736455361091,37297800330.42202,0.4293462708353246
SST,1981,13.001172069871519,37080220828.03613,-3.5819663339052568
SST,1982,7.129906758167154,37651257006.52611,1.4755191080914472
SST,1983,5.344343386395306,35757123310.60834,-1.1125735074307244
SST,1984,4.685797311855965,36203727886.520645,2.5591494606995724
SST,1985,4.420972396219084,35762826952.13829,1.3610259753972258
SST,1986,3.7701875043673447,33618097085.43431,1.9815783711956385
SST,1987,4.327982971390211,38725831003.77654,3.0892422851742936
SST,1988,4.858859178140476,41025318188.05612,2.425660677208981
SST,1989,5.592948717948956,41503137702.069565,3.1140333149679122
SST,1990,4.759441282979698,47935378887.77628,2.9238920586246877
SST,1991,6.257526632700231,50019032461.50147,-0.3760608304463062
SST,1992,5.138897799448282,53255036349.51647,-1.0198899202055571
SST,1993,4.198260111038503,51480858165.31071,0.4910411538077568
SST,1994,3.1010088172273025,55022851743.24513,3.1271724894961466
SST,1995,2.956800250926198,63080936208.500305,3.922715800467415
SST,1996,2.995280239911408,65815856108.60832,3.7852080808341952
SST,1997,3.5805076747171896,69056214779.69904,5.23578746340209
SST,1998,3.2381944796977997,70249508073.8252,3.7851262511917554
SST,1999,3.231832609064706,74261596877.68929,3.47625456025375
SST,2000,2.802564055758459,76518051310.25403,5.9651509870946455
SST,2001,3.496171991033341,77518242593.9385,2.711232276651913
SST,2002,2.407658012934909,83416069983.4625,3.5702413275294305
SST,2003,2.276759695188269,99644317338.348,4.741801804433194
SST,2004,3.048111075234161,115420457208.66667,4.496113804734918
SST,2005,3.377819039882376,129913596278.8251,4.433731249190842
SST,2006,3.818124702427096,145909077802.47586,6.556955302937851
SST,2007,4.480886086147258,171436169405.06262,4.684018005696245
SST,2008,8.423725662461864,189249315966.5614,1.2118767434974274
SST,2009,2.199592370460113,161799686490.7841,-4.353968894217246
SST,2010,2.999366305490001,172229082958.886,2.0952461274140575
SST,2011,4.4073041447003,193240230206.07312,2.531471780447589
SST,2012,3.518777856420587,194132843203.2595,2.1453925662059987
SST,2013,1.752327373507615,201677128538.42358,1.1651740077093677
SST,2014,1.201399644810576,208949943932.7402,2.333827592691833
SST,2015,0.5527960262778531,193179840479.8826,2.2506909831155895
SST,2016,0.6440753403465518,195897524567.68445,1.7645206917620015
SST,2017,1.749896774847051,213547946193.1438,3.213048054130496
SST,2018,2.1306277427402547,230253786373.10992,3.381741358548183
SST,2019,1.3054496650239216,231472341497.40598,3.1112743908034304
SST,2020,0.5989863308246433,208945862118.58075,-6.975297341656798
SST,2021,2.410703121743933,244321758053.76785,7.294210498967729
SST,2022,6.276893194475437,270875639826.53033,7.428385351357349
SST,2023,5.067138653642129,287664662032.44824,5.028596462006149
SST,2024,2.343589225403658,311165525991.0499,6.0679696749371885
SST,2025,2.2535786633589394,337311651764.5094,4.39108110908893
STP,1960,,,
STP,1961,,,
STP,1962,,,
STP,1963,,,
STP,1964,,,
STP,1965,,,
STP,1966,,,
STP,1967,,,
STP,1968,,,
STP,1969,,,
STP,1970,,37211826.08695652,
STP,1971,,37288845.21028696,5.3753299948468225
STP,1972,,41430256.80674956,2.291032695660462
STP,1973,,56011244.73984144,1.592301034524084
STP,1974,,57817591.45700478,5.683775401674922
STP,1975,,60101709.84526271,5.378096477034887
STP,1976,,52039421.19757745,1.6393442059107173
STP,1977,,49207692.32103245,23.417528925314727
STP,1978,,55044562.80142167,2.897299976712091
STP,1979,,65755928.135972284,16.34315840467609
STP,1980,,81662231.03299677,-1.0813594131097943
STP,1981,,83499263.50074805,-10.313902217461816
STP,1982,,80307762.62361048,3.092783601476384
STP,1983,,75110289.18326648,-3.8739715162291475
STP,1984,,78213795.92503355,-6.0304600012370315
STP,1985,,82733069.44180307,9.299886046552274
STP,1986,,115928906.74548218,-5.83211886217245
STP,1987,,115952925.46827081,-2.9301134893829612
STP,1988,,99000764.39022511,1.9987299505418719
STP,1989,,98545367.04312114,3.1353156457761884
STP,1990,,119297932.7570449,-2.152645771653397
STP,1991,,107484142.71555996,1.2010046399311989
STP,1992,,94861780.62283522,0.6999969873643863
STP,1993,,125742228.75674066,1.0999985954784677
STP,1994,,131338414.58420919,2.200001582362958
STP,1995,,103695236.78100063,2.0000017067877565
STP,1996,,135188165.7470801,1.5000010757065638
STP,1997,35.81717824448003,91920274.24016574,0.996320930540918
STP,1998,50.49313574862536,72285403.84234582,2.499987903274942
STP,1999,12.72517701300846,77302211.92483507,2.500006256314606
STP,2000,12.20894563089766,76198394.8202671,0.4483682616929485
STP,2001,9.222037075608894,75951133.37779482,3.0644829578871935
STP,2002,10.12872467222902,85171073.87774976,3.3601881682219954
STP,2003,9.79241974934509,102085769.12341939,8.291519461198178
STP,2004,13.28588608717963,114582283.91638164,3.537905943568404
STP,2005,17.15220493543541,136450662.39059213,6.614624750335992
STP,2006,23.07703734513812,142775104.0816256,8.866109359440259
STP,2007,18.54851363257793,149146918.88861105,3.641471851660242
STP,2008,31.99010394925735,188021165.00338,6.228785069610197
STP,2009,16.95747580259453,200668065.03175008,3.3023996664506114
STP,2010,13.34005235377999,190021192.48953635,1.4484552289063544
STP,2011,14.32716676168013,226455001.24308294,1.9994321033325946
STP,2012,10.63793534316276,229371348.4410057,2.9429427741602296
STP,2013,8.105832708754763,267041747.58435395,5.11967735428513
STP,2014,6.998499439664208,293119143.24682474,4.906210486648675
STP,2015,5.245878350224542,259999643.04738805,1.5397042826734975
STP,2016,5.430519661191558,292267272.1969252,5.17682468684113
STP,2017,5.690296199290199,322002845.2293353,4.112979662819541
STP,2018,7.868596288739091,383717327.8305078,4.378128082649724
STP,2019,7.720245252132482,412976082.6207053,2.0143167212940654
STP,2020,9.819327915401464,471229484.6071443,2.624859495438116
STP,2021,8.137770383787318,524402455.5481601,1.899298913378317
STP,2022,18.00563511228408,540809499.1893485,0.16869849221656352
STP,2023,21.25891384729995,690456806.6964059,0.37225277500145637
STP,2024,14.35192735710081,824992558.045383,1.478888509526982
STP,2025,11.04743622818144,981293586.9064084,1.0284745309709677
SUR,1960,2.857142857142861,99650000.0,
SUR,1961,1.709401709401754,107700000.0,4.799999986940051
SUR,1962,2.100840336134397,116150000.0,3.9000000063114584
SUR,1963,2.057613168724249,125950000.0,5.600000000413587
SUR,1964,4.233870967741972,134400000.0,6.500000006609156
SUR,1965,1.934235976789128,154150000.0,12.000000000919357
SUR,1966,4.743833017077827,190350000.0,19.1999999853885
SUR,1967,10.68840579710155,220700000.0,12.10000000695537
SUR,1968,0.1636661211128763,241350000.0,7.600000001228622
SUR,1969,11.27450980392193,259650000.0,4.499999995004387
SUR,1970,2.588042587972948,274900000.0,2.7000000017483075
SUR,1971,0.2155516526434192,301000000.0,3.8999999998803077
SUR,1972,3.234286624885954,311950000.0,-0.6000000028672474
SUR,1973,12.94081333409372,339449999.99999994,-1.7999999922734986
SUR,1974,16.87619568210953,409850000.0,0.39999999228923855
SUR,1975,8.447328422746594,465500000.00000006,2.799999998380386
SUR,1976,10.0695380302795,505499999.99999994,8.800000006403593
SUR,1977,9.73113276853737,641500000.0,10.199999997827902
SUR,1978,8.823529411796665,735500000.0,6.599999998262092
SUR,1979,14.84230816553277,782500000.0,-0.5999999933197131
SUR,1980,14.10970644969178,795000000.0,-8.800000003680324
SUR,1981,8.793969849245974,889000000.0,7.100000000526379
SUR,1982,7.276408617798612,915000000.0,-4.200000000020481
SUR,1983,4.411808074552686,883500000.0,-3.900000005279793
SUR,1984,3.688744527609074,864000000.0,-1.8999999937607868
SUR,1985,10.86595298411923,873000000.0,2.0000000036278323
SUR,1986,18.68796068796053,891000000.0,0.799999993864688
SUR,1987,53.39295325632423,980000000.0,-6.1999999933179595
SUR,1988,7.313287808038173,1161000000.0,7.79999999163023
SUR,1989,0.7696467422059957,542600000.0,4.1999999971865805
SUR,1990,21.73994433975261,388400000.0,-4.499999997593008
SUR,1991,25.96746250602229,448100000.0,2.699999135399537
SUR,1992,43.66617838541707,404600000.0,0.4000000085361677
SUR,1993,143.5115584834898,428764705.8823529,-6.699998149715199
SUR,1994,368.4780687062667,605492537.3134328,3.3999988973605753
SUR,1995,235.5588150736052,691590497.7375566,0.0
SUR,1996,-0.7018872514528176,861372806.2082002,1.0000012228145607
SUR,1997,7.145111608839291,926422500.0,5.699997683294896
SUR,1998,18.97536919944778,1110850000.0,2.30000165105389
SUR,1999,98.77309141121636,886290697.6744186,-1.400000470058103
SUR,2000,59.40168654507903,947671969.6969696,2.099998867504894
SUR,2001,38.58628788726108,834279357.7981651,4.200000420835394
SUR,2002,15.5273989185702,1093574468.0851064,2.80000068850687
SUR,2003,23.00223217782186,1274190311.4186852,6.299999433141366
SUR,2004,9.986325119748775,1484092538.405267,8.500000184794132
SUR,2005,9.898004895614646,1793410397.387383,4.500000210868876
SUR,2006,11.28130432739748,2626380435.178773,5.793543584633042
SUR,2007,6.426279344705242,2936612021.8579235,5.111487777734581
SUR,2008,14.66714274379119,3532969034.608379,4.143406811656263
SUR,2009,-0.1336366467148769,3875409836.0655737,3.013698982662106
SUR,2010,6.94108221639996,4368370997.921263,5.168825152258137
SUR,2011,17.71177964145582,4422276621.787026,5.849367671730093
SUR,2012,5.00686319367273,4980000000.0,2.6903497466884687
SUR,2013,1.923436041083054,5145757575.757576,2.9334416518612016
SUR,2014,3.383412727494775,5240606060.606061,0.2555030316454747
SUR,2015,6.893903591682384,5126237646.220717,-3.413042680676213
SUR,2016,55.41238797631955,3317421648.0991807,-4.911660509058507
SUR,2017,21.99694301733036,3591679430.999881,1.566037825348971
SUR,2018,,3996198866.574535,4.948271084688855
SUR,2019,,4016040575.0879593,1.167589772338772
SUR,2020,34.88978430907801,2911807496.2022653,-15.975191714862191
SUR,2021,59.11966262519767,3107923197.9695435,-2.4353858361283756
SUR,2022,52.44602727624101,3791603200.025902,2.4062223560121794
SUR,2023,51.58731596008608,3472693412.0849733,2.4165921500694623
SUR,2024,16.22961591302795,4416775112.722658,1.720957491270653
SUR,2025,9.205468187891903,4523657796.864214,1.7916915322691267
SVK,1960,,,
SVK,1961,,,
SVK,1962,,,
SVK,1963,,,
SVK,1964,,,
SVK,1965,,,
SVK,1966,,,
SVK,1967,,,
SVK,1968,,,
SVK,1969,,,
SVK,1970,,,
SVK,1971,,,
SVK,1972,,,
SVK,1973,,,
SVK,1974,,,
SVK,1975,,,
SVK,1976,,,
SVK,1977,,,
SVK,1978,,,
SVK,1979,,,
SVK,1980,,,
SVK,1981,,,
SVK,1982,,,
SVK,1983,,,
SVK,1984,,,
SVK,1985,,,
SVK,1986,,,
SVK,1987,,,
SVK,1988,,,
SVK,1989,,,
SVK,1990,,17068924601.580002,
SVK,1991,,11952983607.598473,-14.573802672836337
SVK,1992,9.893505197711717,12932972788.729343,-6.721488589413028
SVK,1993,23.28702766454496,13991963247.08814,1.901328752679433
SVK,1994,13.41552034222461,16187735322.035606,6.2055305190011865
SVK,1995,9.841095798377612,20306095054.084076,5.8434942995335035
SVK,1996,5.775827861559398,21864845213.740562,6.119578785565679
SVK,1997,6.141989995956569,22026728498.453064,5.485840185462692
SVK,1998,6.665651231958224,22911708404.961376,3.8261077356061435
SVK,1999,10.57044160752243,20813421086.413746,-0.4732612096211142
SVK,2000,12.03578059742986,20626538612.337624,0.7892244779251598
SVK,2001,7.329620191155322,21377597034.603992,2.9251607724848867
SVK,2002,3.127142229846087,24768142566.4057,4.4172534827151395
SVK,2003,8.554143054066525,33761723945.829876,4.856698515913195
SVK,2004,7.548500881834233,42960730480.049545,5.389498569967714
SVK,2005,2.709084945883832,48823790951.4538,6.484932222743865
SVK,2006,4.483331204496153,57111148619.29753,8.925687047702155
SVK,2007,2.756723716381353,77019443089.30522,10.818629507490357
SVK,2008,4.59817976325028,96685492864.23172,5.363377212319492
SVK,2009,1.615104640582355,89342984697.52455,-5.5053379097222575
SVK,2010,0.9570181329751736,91112160800.76685,6.790581591424228
SVK,2011,3.91928599146291,99705104723.43405,2.5624247321555345
SVK,2012,3.606102635228899,94724394278.05197,1.569171047027055
SVK,2013,1.400473689630253,99134277850.34184,0.7033235452472013
SVK,2014,-0.07616532954198706,101713075598.86238,2.70795151449488
SVK,2015,-0.325219777427765,89178548717.33238,5.176879097221331
SVK,2016,-0.5200101962783584,90347173228.63564,1.9478184152455782
SVK,2017,1.311945882232468,95978130734.97664,2.8747332745369505
SVK,2018,2.514037128838027,106611673364.83679,4.062119818964831
SVK,2019,2.664561334254404,105843498304.09395,2.275899100193925
SVK,2020,1.936941266942229,107732602896.44077,-2.585512417332069
SVK,2021,3.149606299212595,120511265913.34302,5.6558588065555
SVK,2022,12.77414636376107,115792972358.20862,0.544591632137454
SVK,2023,10.53194766452113,133578518423.54353,2.1126363321495916
SVK,2024,2.757609094242786,140934076532.37497,1.9386744554944642
SVK,2025,4.000428234958295,154530066506.89548,0.8074186901447575
SVN,1960,,,
SVN,1961,,,
SVN,1962,,,
SVN,1963,,,
SVN,1964,,,
SVN,1965,,,
SVN,1966,,,
SVN,1967,,,
SVN,1968,,,
SVN,1969,,,
SVN,1970,,,
SVN,1971,,,
SVN,1972,,,
SVN,1973,,,
SVN,1974,,,
SVN,1975,,,
SVN,1976,,,
SVN,1977,,,
SVN,1978,,,
SVN,1979,,,
SVN,1980,,,
SVN,1981,42.62295273182441,,
SVN,1982,30.11254359507145,,
SVN,1983,40.21349184369362,,
SVN,1984,53.67196691024835,,
SVN,1985,79.40638114818739,,
SVN,1986,95.88650521016429,,
SVN,1987,132.0727210148306,,
SVN,1988,198.7537128620229,,
SVN,1989,1281.443494048758,,
SVN,1990,552.0835289143245,19832029087.127163,
SVN,1991,114.8329355897466,14454495058.907043,-8.900107391210526
SVN,1992,209.9337311868217,14277261540.745579,-5.463697025709635
SVN,1993,31.76213063059317,14449298371.787895,2.8434200553859625
SVN,1994,20.99181804714985,16400767069.629414,5.327486943757393
SVN,1995,13.46372961786689,21367422159.320663,4.1071588268846
SVN,1996,9.864450615468536,21470699362.60623,2.9136177526253135
SVN,1997,8.35967990704302,20726878751.5006,5.171338273105405
SVN,1998,7.891166828566818,22058635314.483555,3.063825958020132
SVN,1999,6.155587544515603,22609669083.71787,5.26800700427259
SVN,2000,8.911744186587573,20159190701.678864,3.4979194208606827
SVN,2001,8.379665874922077,20668868706.811455,2.8286847943046496
SVN,2002,7.480777707037612,23214593516.209476,3.282583713939175
SVN,2003,5.544164217528972,29360575031.817657,3.1950311723603733
SVN,2004,3.592975942495101,34156553313.40309,4.546022143523359
SVN,2005,2.451501323164773,35947936823.77814,3.854127711456897
SVN,2006,2.45792444195863,39260368837.03425,5.908781300111741
SVN,2007,3.657495632841003,47880266542.57702,7.139231291471603
SVN,2008,5.647423805739392,55509332322.3578,3.3722386611412674
SVN,2009,0.8392622467938049,49975540954.84645,-7.59058614046387
SVN,2010,1.801170221371382,47793117240.90009,1.1121371930673547
SVN,2011,1.8028517194191,51199194599.30944,0.6554381283797426
SVN,2012,2.597413860390028,46167053954.33673,-2.915537820404623
SVN,2013,1.76920085881897,47867056858.88915,-0.8237764176916755
SVN,2014,0.199343826570844,49514466379.605705,2.7628332763974157
SVN,2015,-0.525552285820783,42709468274.81365,2.3933062133816776
SVN,2016,-0.0549995416705683,44290685824.0682,3.0344148666365385
SVN,2017,1.42910743319306,48153200134.66126,5.174402155799584
SVN,2018,1.7386086198818,53689067639.91761,4.379083473311951
SVN,2019,1.630522607543353,53909922735.54501,3.505253323819119
SVN,2020,-0.05485681576061003,53384760135.15813,-4.085000949428959
SVN,2021,1.917065060892687,61540813361.8556,8.416864577253207
SVN,2022,8.833698867494517,59899117741.00218,2.668505555424858
SVN,2023,7.446877173858457,69255264238.38554,2.375832664838498
SVN,2024,1.965626564325048,72972015197.38591,1.7313972247949323
SVN,2025,2.372848072265489,79648204979.36185,1.0599299625524594
SWE,1960,4.141779150902152,15930075466.88983,
SWE,1961,2.15797310981961,17329620584.614704,5.681292827679968
SWE,1962,4.766197219058263,18794066990.061172,4.2590471936834575
SWE,1963,2.871740344857667,20342131881.507423,5.327933837781188
SWE,1964,3.387662310883493,22685490195.31189,6.821164461073209
SWE,1965,5.012771296438379,24963947414.698338,3.821507586275004
SWE,1966,6.40480825348423,27154716721.285393,2.0908442668979603
SWE,1967,4.289319229933188,29474881505.992813,3.365388645170981
SWE,1968,1.943125824732277,31277871668.845165,3.638505638623002
SWE,1969,2.691994585557085,33967301561.063362,5.009075182254037
SWE,1970,7.016358851007629,38037226668.213104,6.473673963704158
SWE,1971,7.395541138376428,41506151114.92616,0.9446462180214326
SWE,1972,6.007389698624943,48883173399.9664,2.288738787076255
SWE,1973,6.717997398193538,59318842992.23776,3.967981155895629
SWE,1974,9.911725301132314,65917634590.25994,3.1981956187322282
SWE,1975,9.779873988225763,82765232647.753,2.5528626585010272
SWE,1976,10.24922465297843,89232517045.84586,1.0581048909126451
SWE,1977,11.44180510910764,94331782622.27776,-1.596258576006477
SWE,1978,9.995265417177364,104290933495.62907,1.7515480391864742
SWE,1979,7.209786170478042,123207527699.3772,3.840003486075247
SWE,1980,13.70632236490046,141886067003.97202,1.6999714528542142
SWE,1981,12.1039385302599,129498921475.68828,0.45483042790297645
SWE,1982,8.589185090471194,114214731798.93674,1.2486646742502217
SWE,1983,8.873021523632104,104862109663.36685,1.9006386806466509
SWE,1984,8.044242389944285,109043045407.2874,4.2295352580979255
SWE,1985,7.37257458126243,113958084357.09389,2.160373749171754
SWE,1986,4.235910110897906,150279869728.78882,2.6913231895735663
SWE,1987,4.188571517713677,182744315973.7556,3.353842968954737
SWE,1988,5.824898684394403,206686590775.55817,2.559038681339132
SWE,1989,6.443275874266031,217632340194.5121,2.654806909491242
SWE,1990,10.36655338794934,261466577008.85315,0.7546747652754675
SWE,1991,9.444627329441891,273831464572.13724,-1.1459748505115357
SWE,1992,2.374367251118809,283908914454.47986,-1.158592759872647
SWE,1993,4.728173046260488,212644602615.82343,-2.065616369083884
SWE,1994,2.158138007246289,228699066874.02798,4.015765859015147
SWE,1995,2.455148578183996,267050453506.79208,4.094389927724748
SWE,1996,0.5331319787662375,291949597375.4846,1.7047198537423611
SWE,1997,0.6584102562435263,268249616890.85648,3.0649918639925176
SWE,1998,-0.2671326683549713,270887306758.57556,4.24583179417877
SWE,1999,0.4621757563391378,274318357862.1224,4.20111929805536
SWE,2000,0.8991437340417145,262903560280.282,4.6311213655136925
SWE,2001,2.405958341454364,242497797484.776,1.3608064269412097
SWE,2002,2.158482135892664,267371907446.77573,2.2777286786189705
SWE,2003,1.925655348923831,334072443515.57574,1.8810276967584372
SWE,2004,0.3736598287218242,384545442175.01935,4.179584193437108
SWE,2005,0.4531708525761384,391688455928.5972,2.793137828401555
SWE,2006,1.36021468627693,422528394459.3533,4.676074888779922
SWE,2007,2.212168834367327,490047789548.44055,3.2248681409609503
SWE,2008,3.437049106028748,514614100832.9414,-0.9231132500679706
SWE,2009,-0.494460544378051,434311714442.49915,-4.255613842076187
SWE,2010,1.157988027156257,492750897239.4471,5.750764775792547
SWE,2011,2.9611507382214,570538581144.45,3.163885674069263
SWE,2012,0.888377506923735,549739674655.12714,-0.41439770245440855
SWE,2013,-0.04429297014868205,584125353119.1797,1.137666718014259
SWE,2014,-0.179638494114635,577727767303.5957,2.2957723875828435
SWE,2015,-0.04678474498328117,501602351911.60016,4.38824673608589
SWE,2016,0.9842692445779917,513058312950.939,2.1311791473115136
SWE,2017,1.794499046655989,535172356784.7687,1.8828218496664562
SWE,2018,1.953535301270278,549649344043.1821,1.7702553546772037
SWE,2019,1.784150974038347,530894124494.41754,2.60823012869524
SWE,2020,0.4973673188535717,544265668451.6781,-1.9337970403221618
SWE,2021,2.163197364471434,631693331300.7758,5.225864302877298
SWE,2022,8.36929098869189,575071237640.9214,1.2554362044581637
SWE,2023,8.5486248974891,578990915246.0703,-0.20406130489143948
SWE,2024,2.83581658224034,604827393488.5822,1.0177963330439752
SWE,2025,0.6798692852439954,668998664082.0807,1.5431637326621654
SWZ,1960,,35076845.96926162,
SWZ,1961,,43026042.789582886,
SWZ,1962,,45927961.62881535,
SWZ,1963,,54129438.34822466,
SWZ,1964,,64980554.0077784,
SWZ,1965,,70279971.88801125,
SWZ,1966,3.177521008420103,76859969.2560123,
SWZ,1967,1.824043437949715,74759970.09601197,
SWZ,1968,3.449425095242383,79799968.08001277,
SWZ,1969,3.205541237703141,105419957.83201687,
SWZ,1970,1.84953956571386,112139955.14401795,
SWZ,1971,2.32166117555597,136462080.73913231,13.743633730655901
SWZ,1972,2.366332184899928,146736479.23509708,5.424294282643729
SWZ,1973,11.54352596964347,221915127.5507631,9.018673738588205
SWZ,1974,19.28777544569613,264320940.9590023,5.7434869047627615
SWZ,1975,12.04574193216782,288299788.50803506,13.908444106606368
SWZ,1976,6.530912659492434,272550068.13751704,-2.119437765646566
SWZ,1977,20.80512182761996,304060076.01501894,1.0095929078720616
SWZ,1978,8.517614762916228,340630085.15752125,1.3271287284208455
SWZ,1979,16.45351697007622,412093133.76098835,3.106945051241965
SWZ,1980,18.68397540349558,541976852.5770575,12.449052171671141
SWZ,1981,20.05579665225394,570774824.830585,14.64144107391094
SWZ,1982,10.80742134184117,537568059.4133813,1.172567879753899
SWZ,1983,11.56752438340691,555336145.7678844,1.2023548984257673
SWZ,1984,12.93972664127265,494483408.8784683,6.161755086908769
SWZ,1985,20.46263345195762,360079419.385958,3.7924156916513425
SWZ,1986,13.73707533234863,449140318.3850379,12.264478039883812
SWZ,1987,13.37662337662282,584126092.258819,14.606590236782523
SWZ,1988,20.39456227811148,692026454.7378719,6.569821571054277
SWZ,1989,7.546164772727713,696921542.3782647,12.91110407281515
SWZ,1990,13.09228991249806,1114694040.6698666,21.01800053613934
SWZ,1991,8.934306569342876,1156135717.9459786,1.7603768293270434
SWZ,1992,7.558295363173374,1284759927.5459378,3.226206383174457
SWZ,1993,12.02342387241482,1357189551.6843128,3.1061139730517624
SWZ,1994,13.76932488043589,1419294254.4183025,2.4006916748131175
SWZ,1995,12.28859126014257,1698989463.9910562,4.82565106458388
SWZ,1996,6.425213303152184,1602741833.7055213,3.8420538365010657
SWZ,1997,7.12532722513057,1716714070.1247103,3.102805186835809
SWZ,1998,8.109965635738632,1576908856.3467433,2.6040395617179257
SWZ,1999,6.088860634314926,1547888495.9842763,2.9508753702071573
SWZ,2000,12.20853585458438,1697161557.8945184,1.7601732838822244
SWZ,2001,5.942109822816477,1502870485.8812187,1.4122139328706567
SWZ,2002,12.01971546992315,1393945030.6510534,4.088647939882904
SWZ,2003,7.289999999999992,2149632433.277033,4.538655256725278
SWZ,2004,3.445335073166136,2710331785.249861,3.6171193192224678
SWZ,2005,4.774004045537119,3097946371.063106,5.992282890960368
SWZ,2006,5.304639463387275,3215307900.747672,6.728809465640936
SWZ,2007,8.076088278615886,3391122887.1747594,4.317721448723617
SWZ,2008,12.65746018639152,3235921170.5095,1.4405535872711823
SWZ,2009,7.448234234457536,3525213502.4311767,1.4331113424775594
SWZ,2010,4.50923691774369,4360714358.887082,3.8244348742976655
SWZ,2011,6.107427145902511,4722912047.322649,1.8397362591616542
SWZ,2012,8.939646827882116,4747813067.260059,4.090481901245923
SWZ,2013,5.621306234689477,4463396204.019945,4.094585221192261
SWZ,2014,5.681348857764474,4285065665.0316753,2.0573817924658613
SWZ,2015,4.951244937049192,3908217914.2182436,1.70425806017289
SWZ,2016,7.847274590856799,3722306116.7287154,2.9491682105991117
SWZ,2017,6.221375289331178,4462640651.49219,3.520953459879834
SWZ,2018,4.815061674615126,4643751059.282029,0.06539565578435713
SWZ,2019,2.598016203110773,4617018958.690858,6.431868886915737
SWZ,2020,,4134677809.500958,-2.9518345340928676
SWZ,2021,,4807069277.201138,4.23621913615419
SWZ,2022,,4746660273.5082855,0.3860708355627054
SWZ,2023,,4621191261.842139,3.532576628362108
SWZ,2024,,4858885840.772364,3.0316246247591607
SWZ,2025,,5160679612.817341,4.1939175580556025
SXM,1960,,,
SXM,1961,,,
SXM,1962,,,
SXM,1963,,,
SXM,1964,,,
SXM,1965,,,
SXM,1966,,,
SXM,1967,,,
SXM,1968,,,
SXM,1969,,,
SXM,1970,,,
SXM,1971,,,
SXM,1972,,,
SXM,1973,,,
SXM,1974,,,
SXM,1975,,,
SXM,1976,,,
SXM,1977,,,
SXM,1978,,,
SXM,1979,,,
SXM,1980,,,
SXM,1981,,,
SXM,1982,,,
SXM,1983,,,
SXM,1984,,,
SXM,1985,,,
SXM,1986,,,
SXM,1987,,,
SXM,1988,,,
SXM,1989,,,
SXM,1990,,,
SXM,1991,,,
SXM,1992,,,
SXM,1993,,,
SXM,1994,,,
SXM,1995,,,
SXM,1996,,,
SXM,1997,,,
SXM,1998,,,
SXM,1999,,,
SXM,2000,,,
SXM,2001,,,
SXM,2002,,,
SXM,2003,,,
SXM,2004,,,
SXM,2005,,,
SXM,2006,0.300601202404805,,
SXM,2007,4.432457542457542,,
SXM,2008,-0.4179290200807581,,
SXM,2009,5.95763688760801,854972067.0391061,
SXM,2010,1.338576216728816,892290502.7932961,3.1999926921936606
SXM,2011,4.58475435650401,936089385.4748603,4.600003414153946
SXM,2012,4.015184210815764,985865921.7877095,1.390544567731311
SXM,2013,2.528647885383703,1022905027.9329609,1.3067310345967798
SXM,2014,1.886754662752656,1361811508.3798883,1.5803822153911256
SXM,2015,0.3300271651410656,1417888715.083799,0.10581314999700453
SXM,2016,0.1116826557375794,1427017206.7039106,0.9677583630688105
SXM,2017,2.19201010962985,1353212122.9050279,-7.5352139988242754
SXM,2018,,1259200446.9273744,-6.856982992279441
SXM,2019,,1407880446.9273744,10.965000935239203
SXM,2020,,1236428100.558659,-13.316788722156687
SXM,2021,,1353071061.452514,4.577596779333447
SXM,2022,,1592564636.8715084,13.900001261416378
SXM,2023,,1686525977.6536312,3.7999976998553677
SXM,2024,,1797836648.0446928,3.0000008953288813
SXM,2025,,1887728480.4469273,3.4000000000000057
SYC,1960,,12012024.62465048,
SYC,1961,,11592023.763648715,-4.882276353627063
SYC,1962,,12642025.916153127,8.408581275841257
SYC,1963,,13923028.542208511,10.13560294932536
SYC,1964,,15393031.55571469,5.919246434969921
SYC,1965,,15603031.986215571,-1.0605710686153742
SYC,1966,,16443033.708219102,13.896507536033326
SYC,1967,,16632032.13399743,0.5047394657992754
SYC,1968,,16074027.647327555,7.553235655089523
SYC,1969,,16452028.297488673,0.0
SYC,1970,,18432031.70309453,8.871869862420482
SYC,1971,14.59929286981641,21965950.771114245,15.851775748594974
SYC,1972,20.94099498715702,30645122.920472723,6.3083079499966175
SYC,1973,18.23979591882176,36896280.47641036,9.054186320211599
SYC,1974,24.42466738592047,43134496.164536715,1.3028496617177012
SYC,1975,18.61137201031305,47803145.948098496,3.1774050923673514
SYC,1976,14.86873363004777,49278981.755070135,16.27764772529177
SYC,1977,14.95916852275112,64526401.463854425,-6.190226815413908
SYC,1978,11.7832512318923,85552365.80051368,21.15169252364612
SYC,1979,12.480169222314,127261099.22386363,15.794340609599232
SYC,1980,13.57154051080879,156783829.5042984,-5.100676996003614
SYC,1981,10.57679039609184,163750728.15591633,-3.876783107321586
SYC,1982,-0.9126466753585271,157211789.7145871,-2.0710744278657387
SYC,1983,6.052631578947377,156098237.02258483,-0.6162352469160481
SYC,1984,4.094292803970122,160992920.96026176,4.305622879932926
SYC,1985,0.8343265792610141,179691482.72165036,10.293741650284886
SYC,1986,0.236406619385411,221147061.29006773,0.7619466245672584
SYC,1987,2.594339622641348,265212956.8386331,4.874552378574194
SYC,1988,1.839080459770105,301985618.08555555,5.326410389611098
SYC,1989,1.580135440180568,324333366.51482886,10.285654606309791
SYC,1990,3.888888888889119,392163560.8686691,7.454766327436246
SYC,1991,1.986754966887342,398307169.86040515,2.76042625999888
SYC,1992,3.24675324675323,461409398.8558933,7.173043953879741
SYC,1993,1.383647798742153,504230620.5518714,7.303370767870703
SYC,1994,1.736972704714635,517570058.1510345,-2.4365688106077386
SYC,1995,-0.2439024390244594,540733047.7330477,0.48503669925345605
SYC,1996,-1.100244498777427,535250347.0894787,9.99794595219808
SYC,1997,0.6180469715698906,598966982.3501863,12.193641751411022
SYC,1998,2.5798525798524232,647287375.7625283,2.4674409352512043
SYC,1999,6.347305389221562,662838614.8806738,1.8720051089387937
SYC,2000,6.268768768768784,654212394.2716402,4.253198349318282
SYC,2001,5.969622041681559,662064155.9206917,-2.2711628855298187
SYC,2002,0.1749999999999242,742134837.5091902,1.212832902593135
SYC,2003,3.302553864070886,750847230.0992627,-5.887128487644773
SYC,2004,3.857303913673989,893012218.1818181,-2.8504539768537995
SYC,2005,0.9071877180739437,977899381.8181819,9.005761737423796
SYC,2006,-0.3534654986937563,1081441283.3179822,9.406128557328273
SYC,2007,5.320600272851421,1077308813.829454,8.876066455708795
SYC,2008,36.96475828752887,979597394.2934532,-2.7259462615486427
SYC,2009,31.75444077441784,850901620.433301,-2.4793759472613743
SYC,2010,-2.404638751082275,981616542.3284543,4.505132043120668
SYC,2011,2.559267722309531,1058918707.2612364,9.509783351795704
SYC,2012,7.110370623264027,1089407839.1970947,3.110678493924297
SYC,2013,4.338938483290987,1333160407.3851607,1.2537349624294905
SYC,2014,1.38583454581263,1387577870.0816104,4.063691812352104
SYC,2015,4.041944107256171,1432403352.1294434,8.914008875046903
SYC,2016,-1.015481916976257,1568513348.1446254,12.117527245391344
SYC,2017,2.856795755684371,1675370641.0141618,6.954162187942714
SYC,2018,3.702918391115683,1784313926.768066,4.939472722543115
SYC,2019,1.807094008099823,1868690096.7345412,5.514292073734197
SYC,2020,1.202664639871229,1382551751.5690813,-11.739860828173192
SYC,2021,9.769099369735416,1487173794.8052788,0.5522816312072791
SYC,2022,2.6260363285129,1999888599.254736,9.880483663554458
SYC,2023,-1.035300884319521,2171547935.381593,5.179809966724136
SYC,2024,0.3117260509196685,2228608684.299111,3.346674290070524
SYC,2025,0.2975896554675558,2387022853.4858274,5.797956699738123
SYR,1960,5.118909512760987,857704413.4078212,
SYR,1961,1.958890881500754,945244972.0670391,10.833063900000212
SYR,1962,-3.846153846153301,1110565880.7588074,24.521297171784866
SYR,1963,1.916666666666589,1200447408.3769634,-8.652746672207599
SYR,1964,5.396565821750209,1339494267.0157068,9.2713638022407
SYR,1965,-3.878975950349449,1472036540.1332946,2.2993738753767587
SYR,1966,3.793381759483775,1342287553.1914895,-7.659065510202112
SYR,1967,6.454121306375256,1580229799.426934,8.257682647050828
SYR,1968,2.848794740686619,1753746429.6209228,3.7290802210556535
SYR,1969,-1.988636363635986,2245011514.556755,18.767915211832147
SYR,1970,4.637681159419828,2140384010.0723953,-1.7968528752820134
SYR,1971,5.609418282548499,2589851325.145443,8.955814562744209
SYR,1972,2.098360655738333,3059681697.612732,25.660715199263322
SYR,1973,20.35966602440595,3239487516.4257555,-10.469854943838058
SYR,1974,15.52828175026685,5159557147.508954,25.79577285459638
SYR,1975,11.4649681528663,6826980444.149817,16.351576055523424
SYR,1976,11.42857142857152,7633528866.934239,12.254446601941751
SYR,1977,11.96581196581158,7696011396.011396,-1.7995178775541802
SYR,1978,4.809160305343709,9275200458.19015,9.94259012392304
SYR,1979,4.552075746540378,9929681528.66242,0.887988823235375
SYR,1980,19.29641239986084,13062420382.165606,14.50811695323955
SYR,1981,18.39416058394167,15518201335.315075,7.755343864624308
SYR,1982,14.30332922318113,16298929011.46811,2.7890866482567276
SYR,1983,6.1272923408846,17589277143.13142,2.32033993721339
SYR,1984,9.22951819475496,17503078174.00395,-7.610630211871964
SYR,1985,17.2529313232832,16403539892.778303,9.350807331789099
SYR,1986,36.06349206349159,13293205278.280302,-7.952928955436775
SYR,1987,59.48436770881976,11356215543.304285,1.6822823455100462
SYR,1988,34.56221198156698,10577041644.99442,18.011140100219492
SYR,1989,11.39921722113489,9853395761.632275,-13.647282176715109
SYR,1990,19.39686722295432,12308624417.826809,3.7395559023375142
SYR,1991,9.000000000000034,12981833333.333334,7.666468187124423
SYR,1992,11.00917431192646,13253565861.142445,12.972790068566042
SYR,1993,13.22314049586794,13695962055.477062,6.150895573100755
SYR,1994,15.32846715328457,10122020000.0,7.21302920527431
SYR,1995,7.97995780590686,11396706586.826347,7.02658954303115
SYR,1996,8.249890099155097,13789560878.243513,9.82556940470964
SYR,1997,1.886111361790862,14505233463.035019,5.023804508110402
SYR,1998,-0.7971656333039163,15200846153.846153,6.78530452433867
SYR,1999,-3.70370370370365,15873875968.992249,-3.553449871090038
SYR,2000,-3.846153846153788,18937031609.796944,0.6756425894105007
SYR,2001,2.999999999999953,20078599626.012882,3.7934034398860064
SYR,2002,-0.1305052824174015,20786986579.910534,7.858550981480164
SYR,2003,5.796829449058412,21828144686.03942,0.5907817119339143
SYR,2004,4.433141367198388,25086910447.996834,6.9025333036284025
SYR,2005,7.240349393485349,28858937499.180073,6.215504447957684
SYR,2006,10.02411053775713,33751812958.6391,5.04600280095076
SYR,2007,3.907709504436073,40465331020.30797,5.674738210783303
SYR,2008,15.74532522197086,52557913397.46379,4.476621542779569
SYR,2009,2.920897118053667,54111721043.80874,5.91229460524147
SYR,2010,4.397413831500702,61390833272.66872,5.191509150159362
SYR,2011,4.7531638888563,67539433544.30774,2.850220598033303
SYR,2012,36.70229533641389,43190318032.56269,-26.338904668982977
SYR,2013,40.03183782907232,21361254634.933598,-26.300257749320537
SYR,2014,10.92711418042969,21502061466.067028,-10.310341208782276
SYR,2015,38.46114295997329,16466861435.023588,-4.1796920456175854
SYR,2016,47.70516152989234,12597854088.360237,-6.405684968673867
SYR,2017,18.07526962817711,16369842725.471844,-0.7233462971153415
SYR,2018,0.9409838439067688,21497779247.98348,1.3932332405996135
SYR,2019,13.41756532285707,22583046644.689137,1.2207281834849084
SYR,2020,,12501503673.242493,0.9549145866757129
SYR,2021,,14892885528.140192,1.7896919997566982
SYR,2022,,23737634644.399387,-0.20247264200475001
SYR,2023,,,
SYR,2024,,,
SYR,2025,,,
TCA,1960,,,
TCA,1961,,,
TCA,1962,,,
TCA,1963,,,
TCA,1964,,,
TCA,1965,,,
TCA,1966,,,
TCA,1967,,,
TCA,1968,,,
TCA,1969,,,
TCA,1970,,,
TCA,1971,,,
TCA,1972,,,
TCA,1973,,,
TCA,1974,,,
TCA,1975,,,
TCA,1976,,,
TCA,1977,,,
TCA,1978,,,
TCA,1979,,,
TCA,1980,,,
TCA,1981,,,
TCA,1982,,,
TCA,1983,,,
TCA,1984,,,
TCA,1985,,,
TCA,1986,,,
TCA,1987,,,
TCA,1988,,,
TCA,1989,,,
TCA,1990,,,
TCA,1991,,,
TCA,1992,,,
TCA,1993,,,
TCA,1994,,,
TCA,1995,,,
TCA,1996,,,
TCA,1997,,,
TCA,1998,,,
TCA,1999,,,
TCA,2000,,,
TCA,2001,,358744800.0,
TCA,2002,,366707900.0,
TCA,2003,,409753600.0,
TCA,2004,,485598800.0,
TCA,2005,,578645800.0,
TCA,2006,,721891500.0,
TCA,2007,,773490000.0,
TCA,2008,,862684000.0,8.271893124861492
TCA,2009,,703176000.0,-19.550246759502215
TCA,2010,,686788000.0,0.9849248538106821
TCA,2011,,842941000.0,4.620498929782386
TCA,2012,,832848000.0,-2.666555620533643
TCA,2013,,863328000.0,1.0708804955403224
TCA,2014,,956605000.0,8.71129580824217
TCA,2015,,1078274000.0,11.314829392992891
TCA,2016,,1202078000.0,7.251186275702651
TCA,2017,,1197958000.0,74.58798805441876
TCA,2018,,1314329000.0,6.752648451783671
TCA,2019,,1371838000.0,4.981705493829921
TCA,2020,,918387000.0,-33.81709734346519
TCA,2021,,1236459000.0,29.629378172241417
TCA,2022,,1434119000.0,14.087123416815288
TCA,2023,,1638653000.0,13.731148113922842
TCA,2024,,1745378000.0,5.636825174433625
TCA,2025,,,
TCD,1960,,313582728.1475742,
TCD,1961,,333975336.1107222,1.3977436707758244
TCD,1962,,357635713.4193201,5.3601161089392235
TCD,1963,,371767002.1948862,-1.599454015207371
TCD,1964,,392247517.7284819,-2.510939603468728
TCD,1965,,416926303.3168722,0.6062277863263574
TCD,1966,,432794921.6804892,-1.807092391998225
TCD,1967,,449826322.6134528,0.7672013822898265
TCD,1968,,453980096.2087106,-0.45721886653819865
TCD,1969,,471635621.5615988,6.881310223791658
TCD,1970,,469266736.65067697,1.8596564785557064
TCD,1971,,501866730.1489865,-2.247626372449787
TCD,1972,,585427546.7982723,1.149616094832524
TCD,1973,,647199482.9825367,-8.380883008008183
TCD,1974,,652532795.0848049,4.961852582538739
TCD,1975,,864602104.6796529,9.010267305504243
TCD,1976,,866044962.0162745,2.9807652695266427
TCD,1977,,935360464.7013409,2.234624849138214
TCD,1978,,1113920123.767227,-0.4696341880322876
TCD,1979,,1004316496.3505077,-21.441087688911622
TCD,1980,,1033002403.8530374,-6.04767074733067
TCD,1981,,876937558.2737565,1.0429181025977954
TCD,1982,,834369859.6630175,5.34660899936992
TCD,1983,,832415806.0100639,15.67871777873333
TCD,1984,20.25089605734793,919103734.8769958,2.0488989108161633
TCD,1985,5.153999006458158,1033069709.331904,21.79277353039211
TCD,1986,-13.05657257588289,1067828245.8620746,-4.081667517273473
TCD,1987,-5.97484276729554,1163426852.2044249,-2.388808497324362
TCD,1988,15.47751765143034,1482597297.988208,15.482359070013501
TCD,1989,-3.689134604414709,1433686312.0291424,4.884735102510021
TCD,1990,-0.7382822653109185,1738605557.7631288,-4.178472372776326
TCD,1991,3.193874730294957,1877137981.757122,8.535137166354772
TCD,1992,-3.113030672149495,1881847669.6979368,8.001443348998222
TCD,1993,-8.427933486517999,1463251163.918803,-15.70983704474169
TCD,1994,41.72489723644135,1179837963.2221267,10.136887632430785
TCD,1995,9.230325997686558,1445919894.5766084,1.2365493157050906
TCD,1996,11.33087890572822,1607345355.782984,2.2144730349762227
TCD,1997,5.572257111253298,1544689576.9271238,5.653392329048131
TCD,1998,4.258851102251403,1744794531.2140133,6.951579913709253
TCD,1999,-8.025059627274542,1534673583.2487004,-0.6828502214397503
TCD,2000,3.822600880863059,1388506771.587557,-0.8796810241560138
TCD,2001,12.43128652799407,1710843377.001189,11.658134655077149
TCD,2002,5.191818951954464,1997005708.8157554,8.491209819717696
TCD,2003,-1.752569412486548,2742815071.5743995,14.72166701235895
TCD,2004,-5.355400288848158,4422855660.82592,33.62937184985216
TCD,2005,7.890365674629931,8655892392.929193,17.332533735216174
TCD,2006,8.03628897951331,9709626596.13031,-0.5428295708025104
TCD,2007,-8.974739620092704,10865385131.517208,4.2001741835329796
TCD,2008,10.29697582212537,13385593990.337772,3.0811903385454116
TCD,2009,9.952422907488643,12317614053.684097,-1.4082826263759216
TCD,2010,-2.077865746418658,14058506663.725216,13.673827272533856
TCD,2011,2.0292405367826,16685349673.995655,4.4954296705882655
TCD,2012,7.516623646638329,17892228569.88605,9.061803922534466
TCD,2013,0.2226715646245507,17865316886.331543,2.8382152473029265
TCD,2014,1.681973139256705,18144336903.71746,2.0628307436141142
TCD,2015,4.377126650656541,14559599499.50111,3.30415979779805
TCD,2016,-0.792440525236102,13026289835.778894,-4.122503326370335
TCD,2017,-1.537099629808404,13349041408.715218,-1.6174692282020402
TCD,2018,4.274621986105452,15327000248.870071,5.7411158075815365
TCD,2019,-0.971939175419401,14905517742.845362,5.382822028748137
TCD,2020,4.464144372328608,14932897821.238722,-0.3936465823803985
TCD,2021,-0.7728443703591396,16871937697.585442,0.2934426480334338
TCD,2022,5.788026878436164,17828508289.604942,4.129698976683557
TCD,2023,10.83635683998429,18352937976.217903,3.9986130946153935
TCD,2024,8.899507322637543,19906706689.758152,4.952104846071251
TCD,2025,-3.911981244065897,21472835225.433826,5.589880217656514
TEA,1960,,80803222392.88591,
TEA,1961,,71174424446.88641,-13.434404575113476
TEA,1962,,64922599309.25464,-0.6718825732662594
TEA,1963,,70216443534.95705,6.4628902224269495
TEA,1964,,81101169480.97041,10.831423334179476
TEA,1965,,94498004640.09729,10.823222784431536
TEA,1966,,103377065683.28732,8.021038415607265
TEA,1967,,100371950314.40492,-1.4521452566120274
TEA,1968,,101476791156.07947,1.7328429781356363
TEA,1969,,114101000754.8572,11.420868279876188
TEA,1970,,127052297158.07993,13.481923045656316
TEA,1971,,136440829735.23213,6.7713034346007674
TEA,1972,,155359237838.58224,4.893051877703925
TEA,1973,,195413149940.3909,8.257286554723777
TEA,1974,,221440713584.6237,3.9188896239192843
TEA,1975,,248519521080.32867,6.718174122946422
TEA,1976,,252686739157.6122,2.7525430822505257
TEA,1977,,291229976122.30994,7.464591616589658
TEA,1978,,282630837737.0059,9.180722761874208
TEA,1979,,327249769951.168,7.013231336521898
TEA,1980,,377549806578.64185,7.464954864867735
TEA,1981,,403129803803.1664,5.571038856271656
TEA,1982,,423407966724.8394,6.421929137637775
TEA,1983,,443371246698.1374,7.700984721650755
TEA,1984,,480403927228.946,9.995165996130368
TEA,1985,,526032437680.95917,7.924993769513549
TEA,1986,,524621676243.0524,7.147362043313478
TEA,1987,5.174881273238606,518488360539.10175,9.189525139887863
TEA,1988,9.342126885472053,575525093193.5479,9.772754707182685
TEA,1989,6.462561711464445,622193930069.7626,5.685750577367685
TEA,1990,8.191371320409695,666725912038.3336,5.141419025257733
TEA,1991,6.965681277607528,723904575173.197,8.099828150566381
TEA,1992,7.523510062426775,812130263840.6713,11.245215830033501
TEA,1993,5.73690583357397,891466245843.0035,11.30819650593999
TEA,1994,7.658239539046866,1073279171690.8904,10.95441547577903
TEA,1995,5.818181818181923,1324237119504.0,9.9245586983822
TEA,1996,7.31348259330353,1521371528101.1907,9.10361774788457
TEA,1997,5.608028433898534,1574968030482.3186,7.402090030314994
TEA,1998,8.61483153647289,1439654527489.212,3.005016270109806
TEA,1999,4.290728517238133,1585945646832.777,6.4530792717810925
TEA,2000,2.158518106194191,1746600304145.1763,7.718521260424453
TEA,2001,4.272670244651052,1860776095171.9753,6.988450909363138
TEA,2002,2.3431699096098026,2061454246158.0872,8.149102145200814
TEA,2003,3.234648172939252,2335145056826.435,9.019898178708402
TEA,2004,4.534213741296925,2709157341038.358,9.155382887620434
TEA,2005,4.54036919634536,3136370768809.065,10.045347936968923
TEA,2006,4.637474360117637,3778749876885.4683,11.070169807348336
TEA,2007,4.810237043429117,4781266905492.391,12.451459427488572
TEA,2008,10.336826920035271,6054649425101.538,8.647147238979883
TEA,2009,3.6750330554029746,6573323824227.515,8.018130587392463
TEA,2010,3.611962344302955,7998793934320.62,9.8937176385907
TEA,2011,5.1590049768440265,9762253898511.047,8.585263739408106
TEA,2012,3.026963911247963,10891968824139.107,7.5803943995940415
TEA,2013,2.9275835157567056,12032819510378.629,7.317015410146595
TEA,2014,3.3704069737165323,12988820106480.982,7.022225326230853
TEA,2015,1.0864862994041358,13532365705740.14,6.663746388138932
TEA,2016,1.7571115890829092,13827255558413.672,6.508412502205047
TEA,2017,2.882911649812126,15097175319187.959,6.666384003322207
TEA,2018,2.9174097847044402,16881439039177.621,6.53783889633732
TEA,2019,1.9332133581051505,17481840638100.578,5.8848112044770176
TEA,2020,2.393162393162403,17783125335539.15,1.343292024014886
TEA,2021,2.612481857764805,21205167482132.973,7.719938905738232
TEA,2022,5.821158112139547,21537381722236.207,3.5491103392587036
TEA,2023,5.931942062917867,21618798469116.348,5.260064739300702
TEA,2024,2.206620232684463,22221295178065.707,4.95413752144529
TEA,2025,1.913334432950795,23218679986475.402,4.94449693162349
TEC,1960,,,
TEC,1961,,,
TEC,1962,,,
TEC,1963,,,
TEC,1964,,,
TEC,1965,,,
TEC,1966,,,
TEC,1967,,,
TEC,1968,,,
TEC,1969,,,
TEC,1970,,,
TEC,1971,,,
TEC,1972,,,
TEC,1973,,,
TEC,1974,,,
TEC,1975,,,
TEC,1976,,,
TEC,1977,,,
TEC,1978,,,
TEC,1979,,,
TEC,1980,,,
TEC,1981,,,
TEC,1982,,,
TEC,1983,,,
TEC,1984,,,
TEC,1985,,,
TEC,1986,,,
TEC,1987,,,
TEC,1988,,991676770953.4116,
TEC,1989,,963860077864.4316,
TEC,1990,,1023447655222.166,-1.4414482365186672
TEC,1991,,1001726332504.6023,-5.887120084590634
TEC,1992,,928560950239.1016,-9.53832955964424
TEC,1993,,919184389271.2106,-4.637865361010668
TEC,1994,222.24101418431695,828931569961.8866,-8.414129298708588
TEC,1995,85.88691620565814,991386506668.0885,-0.03269375069385205
TEC,1996,38.82930133828518,1021246372670.9847,0.9862833254986185
TEC,1997,15.94059941494297,1056346888859.983,2.9162937517904055
TEC,1998,10.57716114825143,949940635053.9601,-0.701270295875517
TEC,1999,19.19267582188947,824136419159.8069,2.4940047340913196
TEC,2000,13.18089058657313,896296644399.4338,7.375303837001468
TEC,2001,7.857538521965925,911685748933.1846,2.659182229486177
TEC,2002,5.6989904786131,1024837356677.8828,4.990793197947426
TEC,2003,4.721553366053402,1261025229727.555,6.185063078718784
TEC,2004,6.882054389818987,1631386098916.6038,7.873989940886858
TEC,2005,7.579999291257655,2043000026365.1587,6.639856521945987
TEC,2006,6.997129035355908,2471291016359.4604,7.867627326833542
TEC,2007,8.402534190058935,3179151934107.2974,7.628769674319642
TEC,2008,10.44412837648847,3936202053332.5107,4.493512993220449
TEC,2009,3.466723732077934,3121840190453.8257,-4.679259611296075
TEC,2010,6.142553602472484,3673616542653.7188,4.6952380048028886
TEC,2011,7.668629556077377,4468439340114.007,5.880377811046486
TEC,2012,3.3734980838740514,4664191795996.97,3.4679193303146576
TEC,2013,3.3848564613711924,4934304443297.289,3.3733680524055387
TEC,2014,2.531878314069131,4663476749067.679,2.3029841190445524
TEC,2015,3.867634699783954,3645031517122.175,1.4602236713144805
TEC,2016,1.1988728289259614,3500968563901.7207,1.89511334774663
TEC,2017,3.131062485901151,3925651486138.3887,4.379638529418088
TEC,2018,2.611223782637997,4086887247276.3384,3.814792729463477
TEC,2019,2.675992026398933,4176304236875.062,2.831147683781282
TEC,2020,2.732492094194272,3913694661148.1274,-1.4450975210055645
TEC,2021,5.106411290028356,4627341470532.287,7.597256795176747
TEC,2022,13.8522590144267,5264957389633.501,1.9711368159986336
TEC,2023,9.361872497690149,5535571828711.0205,3.8319198777363965
TEC,2024,4.230569362600834,6147416367408.767,4.031675281951365
TEC,2025,5.1014657165201776,7077191807196.386,2.843105578586375
TGO,1960,,171057069.13777205,
TGO,1961,,178497098.26427457,12.16931737169655
TGO,1962,,186745757.8592159,3.7736528318997813
TGO,1963,,202305865.2359083,4.999694270822275
TGO,1964,,234572186.45585054,14.286011263103248
TGO,1965,,264505506.02243277,15.459712706326172
TGO,1966,,305227594.82143724,9.408719100716695
TGO,1967,-2.318840580676244,327215843.6363361,5.500371557621236
TGO,1968,0.2967359060365361,341691567.46559346,5.023691852435292
TGO,1969,6.015779092702138,378091809.6026361,10.830868344143596
TGO,1970,4.480620154650946,358665753.90929806,2.5243026452668857
TGO,1971,6.4920611363943,404648367.76644033,0.0
TGO,1972,7.726607678234798,474043921.8435366,7.625157546878398
TGO,1973,3.615314965731672,574030983.9800526,3.8374840024585524
TGO,1974,12.8319316906201,791450308.3629438,4.832849118494238
TGO,1975,18.01219949766762,871781686.907321,2.4405411835191444
TGO,1976,11.64073081069152,874681611.9283688,-2.0515225870781535
TGO,1977,22.45701340661774,1097893825.9881454,6.959085372961127
TGO,1978,0.44277309395296083,1164025637.2646384,11.045434507283375
TGO,1979,7.539251207729417,1259365711.5352118,-5.167742645474249
TGO,1980,12.30685721237953,1604836915.9666207,14.576956109629634
TGO,1981,19.71650236248065,1359026709.451261,-3.3151860775717097
TGO,1982,11.12967332818269,1160337039.3806841,-3.5824025462943325
TGO,1983,9.355465079861466,1081387264.6078591,-5.414007784681246
TGO,1984,-3.526628710205487,1014170069.2168866,5.555555041209587
TGO,1985,-1.814414382321618,1076604520.4242666,5.555552163556271
TGO,1986,4.124615263676862,1498219578.8697844,1.5865043145251008
TGO,1987,0.05400885048264597,1763978065.836795,0.5101621806973071
TGO,1988,-0.1509109799347772,1947208354.2255461,6.642369770294138
TGO,1989,-0.839403116952551,1910635575.3804386,4.060021683537613
TGO,1990,1.015341505308095,2299665505.614336,-0.2436561344747048
TGO,1991,0.387081797870757,2262767860.1093745,-0.6999674950231167
TGO,1992,1.393786636759385,2390796915.919583,-3.9806868138046525
TGO,1993,-1.006881688550339,1741944426.2089448,-15.095827481957457
TGO,1994,39.16276737967952,1387662121.4673588,14.982414344268676
TGO,1995,16.43350345241635,1849110468.1956866,7.845832323298183
TGO,1996,4.687499999999957,2069506014.4665914,8.83621162979911
TGO,1997,8.25082508250802,2116818622.9583418,14.377377572431698
TGO,1998,0.9753383810886741,2241650112.3333344,-2.2998765701369877
TGO,1999,-0.05321362488235336,2226577203.913991,2.4817514383495904
TGO,2000,1.862605954630672,2106848752.2775316,-0.7834796100480474
TGO,2001,3.919591336531464,2093498674.4967806,0.8234387521118549
TGO,2002,3.059818575358837,2410199032.4310193,3.8266225767514186
TGO,2003,-0.9300008840722136,2987984050.9931836,6.720171423360341
TGO,2004,0.3930786810316692,3191561508.690881,-0.9786653327387427
TGO,2005,6.782928930283138,3221910408.4651566,-4.6662993841333815
TGO,2006,2.228977794140268,3320907721.745081,2.650132099434728
TGO,2007,0.9456732717052136,3759962853.264759,-1.175136899660501
TGO,2008,8.694828143639016,4578847112.70688,4.035613153988621
TGO,2009,3.71360592035809,4721888275.269374,5.453810969203317
TGO,2010,1.445945174308637,4746386893.225533,5.854333990768794
TGO,2011,3.5635147290396,5422439152.109061,5.823256221352892
TGO,2012,2.577181740558479,5413541649.149012,6.3027142686518545
TGO,2013,1.825394759091617,6021729629.824541,5.824250692830589
TGO,2014,0.19087507624975,6393314707.854565,5.6332373914522265
TGO,2015,2.585003908015947,5755457836.018664,5.468041380730398
TGO,2016,1.285448470514168,6071167584.195098,4.21490387414525
TGO,2017,-0.9818898689431191,6387424239.880101,4.007912595669367
TGO,2018,0.9277554264571826,7029215766.463669,4.795183330861391
TGO,2019,0.674652770077525,6992942458.994195,4.919492604886827
TGO,2020,1.69928463299399,7486031561.868847,2.1590013115053637
TGO,2021,4.186215065235198,8541668141.261978,5.135629290645056
TGO,2022,7.967573616179453,8646453099.412397,6.294436920194286
TGO,2023,5.489285681411314,9723300576.72675,6.197629693781323
TGO,2024,2.862620740898006,10643440332.244484,6.526513767978528
TGO,2025,0.4331834512791086,11889949067.469685,6.310326716256327
THA,1960,-0.7658643326037654,2760750860.621967,
THA,1961,7.386990077177083,3034037810.9679537,5.362146301687872
THA,1962,3.696098562628942,3308912796.934866,7.5542544478408615
THA,1963,,3540403456.5530486,7.999830786987843
THA,1964,-0.7920792079211125,3889129942.307692,6.83099614370542
THA,1965,0.166333998420151,4388937649.038462,8.181661537677172
THA,1966,4.035204250674448,5279230817.307693,11.122518494638925
THA,1967,4.309656823571233,5638461442.307693,8.615982333281977
THA,1968,1.790359602230262,6081009427.884615,8.122270255542887
THA,1969,2.450390859831054,6695336567.307693,6.550659885877479
THA,1970,-0.08804108554624743,7086538437.5,11.407949066209767
THA,1971,0.4846526653707171,7375000024.038462,4.89537376024299
THA,1972,4.837766734974434,8177873151.042242,4.278508038610511
THA,1973,15.50954970027047,10838587357.74659,10.236433014879822
THA,1974,24.31355983350141,13702998512.449238,4.466253385754527
THA,1975,5.330097087498646,14882770593.979597,4.970405227664969
THA,1976,4.14930555494793,16985208648.211235,9.32681108178437
THA,1977,7.601266877690265,19779312261.31554,9.843463235311134
THA,1978,7.924089853037819,24006566636.6855,10.29574653493846
THA,1979,9.897365965599272,27371650824.509174,5.371766512542365
THA,1980,19.70350052277802,32353514988.728706,5.173541005719343
THA,1981,12.66299307102154,34846039193.61307,5.906867763036388
THA,1982,5.259079903168241,36589772403.75658,5.352348750667431
THA,1983,3.726536621240805,40042798388.49509,5.584202469190842
THA,1984,0.8648984302792961,41797647775.623795,5.752430251489926
THA,1985,2.431731234334754,38900711332.5373,4.647240356593315
THA,1986,1.841675968060438,43096773980.8569,5.533827767247715
THA,1987,2.466461128239557,50535446554.876854,9.518946022107897
THA,1988,3.862730747336553,61667253471.37359,13.288114071764383
THA,1989,5.355465079862161,72250748099.97617,12.19050598661093
THA,1990,5.863994743758303,85343190719.01065,11.167163444629253
THA,1991,5.709852598913963,98234714971.06122,8.558260321242301
THA,1992,4.139145750770535,111452746517.65535,8.083388023453324
THA,1993,3.312191684284684,128889262951.15672,8.251915915246272
THA,1994,5.047748976807549,146683778959.101,7.997024667204329
THA,1995,5.818181818181923,169278916592.84286,8.120315346253776
THA,1996,5.805105547373494,183035237429.28085,5.651944464994713
THA,1997,5.625797471291059,150180456565.72845,-2.7535751531408152
THA,1998,7.994728750274568,113675596787.7377,-7.634035286001023
THA,1999,0.2847264592230476,126669211778.94038,4.572307751155421
THA,2000,1.591969174609715,126392224253.79382,4.455247043350141
THA,2001,1.626908873140913,120296476180.40192,3.444249009683716
THA,2002,0.6973089766254486,134300904400.02177,6.149036052100357
THA,2003,1.804349946357183,152280615245.88742,7.189243303409711
THA,2004,2.759149262310822,172895685154.65817,6.289342142857947
THA,2005,4.54036919634536,189318408468.5952,4.187638428843371
THA,2006,4.637474360117637,221758296021.62064,4.967810892461074
THA,2007,2.241540952868019,262942621455.05292,5.435151690508093
THA,2008,5.468489496498462,291382982430.9515,1.7256988486633418
THA,2009,-0.8457160923167206,281710630187.3191,-0.6906182323005794
THA,2010,3.247588424437253,341104766329.1696,7.513390532616242
THA,2011,3.811916945583321,370818739623.62195,0.8401320830533336
THA,2012,3.00948610403357,397558325278.5791,7.242796202496422
THA,2013,2.186177044189669,420333654592.54706,2.687495563205559
THA,2014,1.894556524815453,407339040197.65125,0.9844688636194263
THA,2015,-0.8981434105694334,401296238228.0839,3.1340472491163496
THA,2016,0.1862351910754533,413366349747.5081,3.4351577169218217
THA,2017,0.6644151398308925,456356813536.7637,4.177681032100097
THA,2018,1.066834873707576,506754208404.4847,4.222870287460708
THA,2019,0.7055248019103167,543976691793.88586,2.1145577962827815
THA,2020,-0.8460875188617986,500274927778.5321,-6.093063129669531
THA,2021,1.231045165498145,506049783824.93994,1.5585823207689344
THA,2022,6.075899528424328,495691837308.03296,2.6378421356630497
THA,2023,1.229089866124482,517013369475.1213,2.2488343797056842
THA,2024,0.3983333333334223,529385520941.53894,2.9485998659332324
THA,2025,-0.1336343564802066,577009981112.015,2.4424744499019795
TJK,1960,,,
TJK,1961,,,
TJK,1962,,,
TJK,1963,,,
TJK,1964,,,
TJK,1965,,,
TJK,1966,,,
TJK,1967,,,
TJK,1968,,,
TJK,1969,,,
TJK,1970,,,
TJK,1971,,,
TJK,1972,,,
TJK,1973,,,
TJK,1974,,,
TJK,1975,,,
TJK,1976,,,
TJK,1977,,,
TJK,1978,,,
TJK,1979,,,
TJK,1980,,,
TJK,1981,,,
TJK,1982,,,
TJK,1983,,,
TJK,1984,,,
TJK,1985,,,
TJK,1986,,,3.499999873095774
TJK,1987,,,-1.20000004458646
TJK,1988,,,13.900001094353968
TJK,1989,,,-6.500000663647029
TJK,1990,,2629395066.270172,-0.5999996313366296
TJK,1991,,2536585365.8536587,-7.099999096225247
TJK,1992,,1908554572.2713864,-29.000001055447086
TJK,1993,,1646623195.1560316,-16.399999844882245
TJK,1994,,1522001205.5455093,-21.299998013094864
TJK,1995,,1231561860.3994637,-12.416322231898974
TJK,1996,,1043654822.3350254,-16.69999843533887
TJK,1997,,921518032.9093261,1.6806741358806647
TJK,1998,,1320199581.5226138,5.312867659400425
TJK,1999,,1086612290.2717097,3.699550716658507
TJK,2000,,860541842.2636966,8.32432449473859
TJK,2001,38.59188944885999,1080772551.2943304,9.580836178429507
TJK,2002,12.24998478458845,1221106220.2867951,10.800003759166543
TJK,2003,16.30349120494906,1555318261.4172034,10.9999990780572
TJK,2004,7.141965086922526,2076176869.4108884,10.299998941011651
TJK,2005,7.091932440837731,2312352020.668896,6.699998516554089
TJK,2006,10.01086518864611,2830213848.620304,7.000003211089961
TJK,2007,13.1491247062982,3719524540.86193,7.800000118721613
TJK,2008,20.47052191099642,5161299725.276728,7.899998271549393
TJK,2009,6.448234810666968,4979472364.453397,3.9000011482649626
TJK,2010,6.445314407806583,5642221099.177043,6.499999085852352
TJK,2011,12.4315490430406,6522756255.012003,7.400000599567107
TJK,2012,5.831166010314624,7633036903.076341,7.4999994632152465
TJK,2013,5.00964645344951,8448411318.254166,7.39999974700379
TJK,2014,6.104427651296671,9112605459.328451,6.7000006901625255
TJK,2015,5.714559496497104,8271431485.0748415,6.019303317711859
TJK,2016,6.004580823221391,6992416096.890184,6.8999999999999915
TJK,2017,,7536402852.858016,7.100000418643091
TJK,2018,,7764999999.453624,7.5999988895536035
TJK,2019,,8300813599.3084,7.40000016310556
TJK,2020,,8133963550.657425,4.400001115534934
TJK,2021,,8937805347.13963,9.399999550375227
TJK,2022,,10713525200.39978,8.000000338463636
TJK,2023,,12244169292.799824,8.299999216519353
TJK,2024,,14425113699.792545,8.399999809839812
TJK,2025,,17660626562.483154,8.400000533900752
TKM,1960,,,
TKM,1961,,,
TKM,1962,,,
TKM,1963,,,
TKM,1964,,,
TKM,1965,,,
TKM,1966,,,
TKM,1967,,,
TKM,1968,,,
TKM,1969,,,
TKM,1970,,,
TKM,1971,,,
TKM,1972,,,
TKM,1973,,,
TKM,1974,,,
TKM,1975,,,
TKM,1976,,,
TKM,1977,,,
TKM,1978,,,
TKM,1979,,,
TKM,1980,,,
TKM,1981,,,
TKM,1982,,,
TKM,1983,,,
TKM,1984,,,
TKM,1985,,,
TKM,1986,,,
TKM,1987,,2331358819.7595434,
TKM,1988,,3010982414.244252,11.023622175137191
TKM,1989,,3006988216.550447,-4.255319506896882
TKM,1990,,3189539641.317105,35.38455810844627
TKM,1991,,3208098919.0145984,-4.605263204312877
TKM,1992,,3200539816.0600963,-14.965986656115334
TKM,1993,,3179225948.5811377,1.5000003272624554
TKM,1994,,2561118608.3551626,-17.299860511633582
TKM,1995,,2482228439.7140694,-7.2000409265634175
TKM,1996,,2378759975.4450583,6.699991986819853
TKM,1997,,2450350625.104074,-11.40000013010605
TKM,1998,,2605689134.4904246,7.100000338348195
TKM,1999,,2450564100.182922,16.49999953293846
TKM,2000,,2904663310.9824967,5.469064252322809
TKM,2001,,3534772732.3974595,4.343845452037144
TKM,2002,,4462029108.723494,0.2571799974454052
TKM,2003,,5977440582.801714,3.2688286670478988
TKM,2004,,6838351088.466884,5.000407358745846
TKM,2005,,8103901996.370235,13.034034798860603
TKM,2006,,10276674364.896074,10.97330829528616
TKM,2007,,12664165103.189493,11.059299586582512
TKM,2008,,19271523178.807945,14.700000014453394
TKM,2009,,20214385964.91228,6.100000017461454
TKM,2010,,22583157894.736843,9.200000073295428
TKM,2011,,29233333333.333332,14.718312047481447
TKM,2012,,35164210526.31579,11.050831177625795
TKM,2013,,39197543859.649124,10.162845036508443
TKM,2014,,43524210526.31579,10.34973539479654
TKM,2015,,35799714285.71429,6.452549185315746
TKM,2016,,33313947368.421055,6.229099970627928
TKM,2017,,33352261306.532665,6.451383588201878
TKM,2018,,26036313868.613136,6.206023638326457
TKM,2019,,29700000000.0,6.331695676088728
TKM,2020,,27350527267.663555,5.870656231304267
TKM,2021,,26334182093.79026,6.151157855745424
TKM,2022,,37583913148.27906,6.234913650716706
TKM,2023,,39020211239.67284,6.318798502686434
TKM,2024,,44249447717.23122,6.2823564799657845
TKM,2025,,49828621355.65162,6.300000036978943
TLA,1960,2.080000000078154,74399051115.62085,
TLA,1961,2.430793910091595,82362832266.37465,5.979647126658222
TLA,1962,2.100840336134397,86399815744.65846,4.3943047240991575
TLA,1963,2.931618470513522,93844819440.94678,1.97290392859135
TLA,1964,3.32403316018127,104302526502.26143,7.45700075943725
TLA,1965,2.631578947368523,111946641395.14656,5.4817057082097165
TLA,1966,3.4837761357540797,123240741042.79805,4.695472734754745
TLA,1967,2.576603567588201,125362127677.74707,4.198411314525899
TLA,1968,4.031672768206125,134361744441.37411,7.167791473377562
TLA,1969,2.5322717762993334,149979264961.84747,6.492357441789906
TLA,1970,4.3039033520146175,163499670766.64713,6.594220708383602
TLA,1971,4.953256936409866,181794578090.03525,6.635987551249116
TLA,1972,6.511544011543696,204232100660.44128,7.0152178810047445
TLA,1973,13.79603399450191,274036287245.74588,8.084600451326025
TLA,1974,23.7840154425787,358182606143.697,6.321305062334119
TLA,1975,16.876315395135546,374350708856.5116,3.6418387515820854
TLA,1976,9.931595652813003,411065254886.08716,5.488977208508047
TLA,1977,11.19100163703586,452376511736.9241,4.813958369142085
TLA,1978,10.35567227571913,541374940142.3824,4.322951799942615
TLA,1979,14.782239267266,607502561689.1703,7.199003580345703
TLA,1980,18.06154303559556,743795740311.9302,6.520971302587725
TLA,1981,14.18992763641315,852847482696.1266,0.8721993215264519
TLA,1982,8.397681559166916,779872014723.552,-0.25077906671097594
TLA,1983,10.912887218539911,681554554313.9733,-2.710446578203957
TLA,1984,11.727298258808606,715171116848.3077,3.743724222858205
TLA,1985,16.87210547084974,706307698037.0132,3.0653277803849903
TLA,1986,13.470218657294751,712610987834.5945,3.607822929338653
TLA,1987,12.93696852914341,765000529871.095,3.41351446989178
TLA,1988,9.549734756500149,839372117493.8251,0.5832543966301813
TLA,1989,12.880835423106925,931218807729.8264,1.1135523216780427
TLA,1990,21.85005972813045,1033600786045.6356,-0.033914882390334355
TLA,1991,22.22338594141837,1123495935430.917,3.527353898432395
TLA,1992,11.637402491013816,1232566922623.738,2.9119878937434294
TLA,1993,10.79194131861204,1466869007644.582,4.57763283422598
TLA,1994,10.72056390104211,1715191251553.973,5.123803572760181
TLA,1995,11.12870297070885,1855934080188.1353,0.8188940356430408
TLA,1996,9.788920401799663,2016321456860.3945,3.891355052097282
TLA,1997,7.145111608839291,2212066943070.4487,5.526740448712559
TLA,1998,5.269035470422009,2233346783882.492,2.8906571134611454
TLA,1999,3.4867289020098053,2002746450823.5388,0.3056209357096691
TLA,2000,4.763824727332512,2214459331301.8716,3.5981218621474937
TLA,2001,5.307220810285471,2161359793667.254,0.3145018718530679
TLA,2002,4.240266606886452,1927322088503.172,0.17188148919964874
TLA,2003,4.546900121187184,1960517237957.0032,2.274510399534151
TLA,2004,4.451943923950449,2264876337798.8945,5.647085236518464
TLA,2005,4.699277390356404,2752003834143.6143,4.193980223176766
TLA,2006,4.293423636289266,3234927436484.2563,5.374818736450919
TLA,2007,5.544384858151555,3826960106951.5986,5.456661370628879
TLA,2008,8.400095939874621,4465814394726.48,3.854264142077369
TLA,2009,2.7640891351363326,4176789652249.38,-2.3491262961316437
TLA,2010,4.008118162566669,5212372072821.222,6.42164085310479
TLA,2011,5.462845929440716,5942123318729.2,4.564122471682921
TLA,2012,4.14457284086402,5998234101785.237,2.7179245920854243
TLA,2013,2.7448362189618645,6044199922527.123,2.805933034313597
TLA,2014,3.428264148107802,6005472855928.781,1.2487082629429267
TLA,2015,2.9248216971897416,5068412682233.608,0.18949636811467485
TLA,2016,2.537817103905674,4922127744500.545,-0.7489916325978356
TLA,2017,2.822758055471704,5482938029714.531,1.6213610574827158
TLA,2018,2.324144853679213,5347169359023.492,1.3077258134652823
TLA,2019,2.09604635327807,5230913289241.759,0.29515994614237684
TLA,2020,1.767515923566983,4388400203662.5864,-6.781673899369466
TLA,2021,4.261051274228131,5119629917733.743,7.275960877727655
TLA,2022,8.274774902326541,5853946060777.184,4.1238667278188075
TLA,2023,4.708817832122454,6590712953369.3,2.2805856082954534
TLA,2024,3.62770736940927,6755669283863.944,2.2778298806461805
TLA,2025,2.3075862660275552,7050566084338.85,2.3563824344469992
TLS,1960,,,
TLS,1961,,,
TLS,1962,,,
TLS,1963,,,
TLS,1964,,,
TLS,1965,,,
TLS,1966,,,
TLS,1967,,,
TLS,1968,,,
TLS,1969,,,
TLS,1970,,,
TLS,1971,,,
TLS,1972,,,
TLS,1973,,,
TLS,1974,,,
TLS,1975,,,
TLS,1976,,,
TLS,1977,,,
TLS,1978,,,
TLS,1979,,,
TLS,1980,,,
TLS,1981,,,
TLS,1982,,,
TLS,1983,,,
TLS,1984,,,
TLS,1985,,,
TLS,1986,,,
TLS,1987,,,
TLS,1988,,,
TLS,1989,,,
TLS,1990,,128210141.99999999,
TLS,1991,,147713000.0,10.71428051408185
TLS,1992,,187891500.0,10.459519601245518
TLS,1993,,216914400.0,10.204765520040908
TLS,1994,,239040500.0,7.122838322413827
TLS,1995,,262819900.00000003,6.681264706242018
TLS,1996,,306956900.0,7.982185000876598
TLS,1997,,319972700.0,3.9999940052356777
TLS,1998,,325729800.0,-1.9999961572021334
TLS,1999,,225357600.0,-35.45243122513317
TLS,2000,,366924300.0,58.07809593345823
TLS,2001,,477359300.0,16.347694046647703
TLS,2002,,469455500.0,-6.7006954109811545
TLS,2003,7.165158914418385,490439100.0,-2.1822641323654466
TLS,2004,3.237513940033208,440772000.0,0.40000398115196845
TLS,2005,1.111674003871979,462268000.0,2.9845796380748624
TLS,2006,3.936162599298661,453792400.0,-4.116092689421137
TLS,2007,10.30090201748945,542795400.0,10.26538845422013
TLS,2008,9.064236219489416,648523600.0,11.394804826646492
TLS,2009,0.6696811859654332,726937800.0,10.146954418347548
TLS,2010,6.76597680236481,881909300.0,9.331494902012636
TLS,2011,13.49984023857702,1042534600.0,5.958556056110865
TLS,2012,11.8003096701544,1160555000.0,4.860621868274677
TLS,2013,11.08490851099542,1395727400.0,3.1043668321114666
TLS,2014,0.7262750161394651,1447535200.0,4.4724984656963755
TLS,2015,0.5527960262778531,1590282400.0,2.480040402183974
TLS,2016,-1.338538761851631,1640464600.0,3.0099306255335136
TLS,2017,0.557215537430361,1584878400.0,-3.1824152248919546
TLS,2018,2.636472010158919,1555988600.0,-0.4665021706587851
TLS,2019,0.9588127397031413,2032550400.0,24.212884008500097
TLS,2020,0.495499215459571,2162619200.0,31.72574167214134
TLS,2021,3.697920946667864,3625024300.0,5.369801193926676
TLS,2022,7.005309453997869,3208599900.0,-20.522480231481197
TLS,2023,8.420351033103767,2079767199.9999998,-18.135904913447206
TLS,2024,2.062841530054681,1865608515.41321,-9.100692898103972
TLS,2025,0.4283228483469373,1902180257.82737,6.975389391196288
TMN,1960,,21778972843.594982,
TMN,1961,,22717751218.17286,3.7484313614031066
TMN,1962,,23127900677.713573,2.619273241119771
TMN,1963,,25478894508.168587,11.220259939702927
TMN,1964,,28460826053.44743,10.173302102749375
TMN,1965,3.482821220016904,31555336456.239227,12.225152356459361
TMN,1966,3.793381759483775,33702284407.651752,7.155390672208256
TMN,1967,3.29094988781672,37016912911.72737,7.575490538692804
TMN,1968,0.4364790690445246,41567819047.56226,12.429766339575792
TMN,1969,3.409820282437421,46228188368.31845,11.040145660598299
TMN,1970,4.355595264705646,51929379871.071815,8.711707158094612
TMN,1971,4.155352068353301,58738170025.7823,5.557310354602677
TMN,1972,3.759170557222635,66728372408.081375,11.88599119864054
TMN,1973,7.970895563185996,82296472055.38646,5.459053354605544
TMN,1974,14.24893553825674,126534190174.30127,7.381557648708608
TMN,1975,9.669695481512449,145360706847.23657,3.1180514657360305
TMN,1976,10.31741588774135,179327380850.28952,15.165657771115889
TMN,1977,11.98928332210503,207141478367.04184,1.6894581496915464
TMN,1978,9.716032749543404,222362511169.49158,-1.8331859495468024
TMN,1979,9.117862965232955,276440930354.1878,-0.5045994957613829
TMN,1980,11.93823091070873,335679627861.9868,-3.29704894968431
TMN,1981,11.87991359252828,327781528067.70465,-1.4074568150464728
TMN,1982,10.25880885562843,366322118774.31024,10.93437227512672
TMN,1983,6.207935388703134,400996279136.59143,4.738387435418261
TMN,1984,9.064759097377529,418884127934.88916,0.16980815192238197
TMN,1985,7.491500350337778,450074290381.88434,4.3457843609606925
TMN,1986,12.37160916512988,483834373197.5153,-1.7782232715597956
TMN,1987,6.061239729537299,423609526601.92786,1.028634926300498
TMN,1988,7.196969696969551,410799887112.36816,1.8243927929347592
TMN,1989,9.304361258431657,412556844401.15936,2.822514849643582
TMN,1990,9.052131552797764,557461708924.9725,9.86332706526052
TMN,1991,11.89609530112508,377590606394.6434,1.2135712767697129
TMN,1992,11.00917431192646,387386092628.7611,4.978559776484204
TMN,1993,12.08979228689772,341578918010.526,1.5436723260137768
TMN,1994,12.3681943936948,359089803725.52734,2.314456486641589
TMN,1995,12.34357851705133,400070200953.64185,2.93934105964388
TMN,1996,7.18710369719992,443484189035.5847,5.984390277788236
TMN,1997,3.652026207230707,462008531499.2838,3.391175766325432
TMN,1998,3.872575464274898,471749358011.73944,5.3543505122869846
TMN,1999,2.690124858115804,510969926889.3645,4.182561825938308
TMN,2000,2.683805353485461,573241793310.8584,5.857787198121571
TMN,2001,2.6348786023797546,576251387940.9426,2.974344958595296
TMN,2002,2.729135699253945,561473534317.5698,3.3639849332521408
TMN,2003,3.5915443294948988,620751536900.6069,2.618284644664584
TMN,2004,4.197470834885131,735137824019.8934,7.624008730567496
TMN,2005,4.869396968719882,851999262326.4703,4.916589922315936
TMN,2006,6.784596550016551,991120969796.192,5.447547880795312
TMN,2007,4.96597654553301,1204180789935.9807,5.834361061526579
TMN,2008,13.97123100127292,1461831985234.6204,3.445926267941914
TMN,2009,3.2929002122414293,1413507353226.475,2.800476555896992
TMN,2010,3.966779088898596,1619446425063.3225,4.826531209845626
TMN,2011,5.33638269521995,1897990854972.5657,-0.432970438519078
TMN,2012,6.511343643088972,2043902331997.5906,3.5341933860035795
TMN,2013,5.07042922798113,1920326937518.5352,1.0958959978446927
TMN,2014,3.7712389580074444,1909482732973.0593,2.4171295186930877
TMN,2015,2.529328172542286,1770493985695.7712,1.095568559187015
TMN,2016,3.765119163565805,1837515287942.1443,5.536040797654437
TMN,2017,4.975951505538328,1866059717766.3884,3.418616233763288
TMN,2018,4.462311084754812,1865663734175.6282,2.105266016265304
TMN,2019,3.005389493903827,1821358044905.8308,1.395720554524786
TMN,2020,3.7300319153047634,1657114965964.664,-2.551015461834311
TMN,2021,5.460199806718714,1926549742702.1545,4.312823890002221
TMN,2022,8.785988379995882,2146516410516.4338,4.3223956322189
TMN,2023,7.706657642162316,2075559724252.1897,2.924424569132981
TMN,2024,3.328905334155372,2181664562518.6138,2.439476579434526
TMN,2025,1.841666666667023,2115722770483.321,1.9829526200860954
TON,1960,,,
TON,1961,,,
TON,1962,,,
TON,1963,,,
TON,1964,,,
TON,1965,,,
TON,1966,,,
TON,1967,,,
TON,1968,,,
TON,1969,,,
TON,1970,,,
TON,1971,,,
TON,1972,,,
TON,1973,,,
TON,1974,,,
TON,1975,,32506741.720120434,
TON,1976,7.109575835475525,30036416.961994376,
TON,1977,17.53793844846123,34139387.8908849,
TON,1978,9.58437912111287,41567471.67219869,
TON,1979,5.460015527950431,44667002.01207244,
TON,1980,22.39338891649647,53260077.431109086,
TON,1981,14.89924812030022,62242013.330268905,
TON,1982,10.83787038006567,62068161.071102545,4.741265420343652
TON,1983,9.813553117877744,60863963.963963956,1.9824027129942152
TON,1984,0.1064516129036585,64248354.54146556,1.738392021119978
TON,1985,16.765,60058663.31447727,6.558463545349682
TON,1986,21.67387487688935,68195855.61497326,2.1186608649317122
TON,1987,4.685987787924996,81667133.45469822,2.985637691726879
TON,1988,9.92402339810402,106657267.36734171,-1.8818719551670569
TON,1989,4.073643647929324,106344854.98609458,0.38990680297317226
TON,1990,9.709863845626552,113563821.57740392,-2.0440915137989037
TON,1991,10.59544939947935,132201141.44686103,6.414953565270196
TON,1992,7.936980121928738,137066290.55007052,0.2519733958388173
TON,1993,0.9609044604591732,138489884.3930636,3.738058105859281
TON,1994,1.012952066948561,195990986.21420997,4.952521243595044
TON,1995,1.460006303509721,208871665.74868202,6.228160227632344
TON,1996,2.995280239911408,222100576.3454826,0.09291817687685011
TON,1997,2.124731324080375,214991452.314998,-0.6005378434838917
TON,1998,3.274445542604692,191504892.7613941,2.2925765040133967
TON,1999,4.464354676758908,199208717.50191283,2.3024625977019753
TON,2000,6.327635514111527,204848487.80648512,3.7540974500645206
TON,2001,8.290283188503324,181117230.40654567,1.4924812554527307
TON,2002,10.35906079185068,182764280.8285007,4.429223599452598
TON,2003,11.63862195807344,202246591.2155022,0.05180544507290108
TON,2004,10.97340536795541,230678011.4219904,-1.9679474032656117
TON,2005,8.665692211317513,261823805.4332376,-0.6576507034951646
TON,2006,6.149116064565684,292232703.3067683,-2.1656634268038175
TON,2007,5.842248749013804,298519623.342085,-2.464307791002227
TON,2008,10.44698751282228,344438844.33351785,4.86284132376997
TON,2009,1.426859720705392,312415028.4461126,-5.129178191505318
TON,2010,3.534912391898305,366887374.98969644,0.8243969140818308
TON,2011,6.270753029956921,414143828.4944191,6.70369746238768
TON,2012,1.147538537060552,471122971.30504346,0.9197610249230763
TON,2013,0.7756293223674195,451788498.2636135,0.39392253013733125
TON,2014,2.510876332536964,440997734.92872334,1.990537698908156
TON,2015,-1.053998319712826,437525538.90301853,1.113744023980658
TON,2016,2.578155152450814,420828254.541601,6.598698794179583
TON,2017,7.517062835511156,459976847.10812783,3.202319762242439
TON,2018,5.032096919848827,493530766.9305638,0.5278280831802533
TON,2019,1.179543348218005,506031247.6066478,-0.28521078429982083
TON,2020,-0.3497376967274187,506571486.57639533,1.8061871529893239
TON,2021,5.640511406367433,519306339.3498001,-0.9349198920946833
TON,2022,10.97136529030224,556514556.3928441,-2.1285487648611365
TON,2023,6.351129802551823,591139733.6237552,2.7901471549460553
TON,2024,3.181889242374717,647488243.8472905,1.716538076677466
TON,2025,5.592766421010267,679218218.5780168,2.799999999999983
TSA,1960,,43270012739.164894,
TSA,1961,,46076379864.37076,4.006593857388225
TSA,1962,,49304727903.0606,3.2847631377166806
TSA,1963,,55539363101.614944,4.897411331074537
TSA,1964,,63741466508.75308,7.781940109836924
TSA,1965,8.471869328464747,67970199332.83176,-1.8557696409359465
TSA,1966,10.80184834893409,54738691616.69064,0.6292143175906659
TSA,1967,2.18923933203517,60155334542.34889,6.209311842107439
TSA,1968,3.237412426275073,63211416560.97165,4.231853975813735
TSA,1969,4.057591622815599,69748993757.94693,5.81617760080313
TSA,1970,5.866956077659675,74658791269.59299,5.120870820835549
TSA,1971,2.665380208599909,79443177465.6173,0.642525246928713
TSA,1972,6.442097461582346,81426298286.75528,-2.15028550274306
TSA,1973,11.42977252585998,97561887957.80786,3.381713141963985
TSA,1974,19.8063380280849,116963620422.22874,2.3070877134364025
TSA,1975,6.625992553209791,123400629130.8537,7.3172070515304455
TSA,1976,-3.113235733271952,117988534885.07309,2.1993410773956725
TSA,1977,8.30747009171166,136743438548.56133,6.599542289073625
TSA,1978,7.346091250832973,155039888662.56378,5.8376419909947685
TSA,1979,6.275683367623375,173920685619.91547,-3.5541994254684255
TSA,1980,14.68450277637684,210608299657.66055,5.872057848030735
TSA,1981,12.12870181274318,220616445555.57495,6.174083944282515
TSA,1982,10.336260667682879,226594563448.6975,3.3564980315476873
TSA,1983,13.17081304238564,243700817417.3991,6.64821859374392
TSA,1984,7.678306865085485,239973094448.25125,4.095634268891274
TSA,1985,3.719218268915308,263678832418.14926,5.065563200067189
TSA,1986,9.722193276785626,280349120351.5674,4.701759614990067
TSA,1987,9.252599070975766,313355004645.12555,3.8319893625793355
TSA,1988,9.183237621971626,334074870363.8481,8.520642647662541
TSA,1989,7.972848041844089,335790574664.3297,5.469163022405368
TSA,1990,8.605466438632309,364740287587.9433,5.5871715024580055
TSA,1991,13.072709560628809,314469355543.21674,1.5151493535100258
TSA,1992,13.881517201676186,333546277429.5347,5.412367670451545
TSA,1993,9.351705389169478,327009281232.9457,4.822604486386723
TSA,1994,7.679620139466673,377442853701.43304,6.367326236973355
TSA,1995,8.581198551195872,416341940329.5778,7.197629532509509
TSA,1996,8.883583078808073,458508459742.3876,7.074306039951296
TSA,1997,6.834869648659038,484982931205.6489,4.210617756429372
TSA,1998,9.974916498039297,492856423475.4068,5.985544533139134
TSA,1999,5.39920076445198,531825749349.82465,8.20855528519759
TSA,2000,3.244128058771633,544940514563.3567,4.086856510613785
TSA,2001,3.0515465982861194,562554379798.0197,4.573241988004952
TSA,2002,3.755618665883512,593707009776.7212,3.7719980015895658
TSA,2003,4.737283364851644,694775911444.3308,7.465724565169694
TSA,2004,3.936594358752374,804159915389.7635,7.54604881721275
TSA,2005,6.074481852653134,924419567611.2715,7.644492217717769
TSA,2006,6.280892273081955,1051884831127.4454,7.895184230975175
TSA,2007,6.583827447616995,1342148092012.257,7.534281728731671
TSA,2008,9.404887473858167,1347380565219.4001,3.480635774669466
TSA,2009,4.976824476537399,1502961023415.7517,7.389811841408672
TSA,2010,7.58152977621468,1869826822336.764,8.194403517101108
TSA,2011,9.0694344130466,2045738549406.6345,5.451094032557251
TSA,2012,9.469403358884588,2057958207007.5347,5.645159155838371
TSA,2013,8.153394930906924,2111097580244.4685,6.233265130536353
TSA,2014,6.828647805443741,2323062261802.1196,7.245479867038867
TSA,2015,4.7275586960472715,2414503392327.9863,7.6897393519023325
TSA,2016,4.453552403276019,2679313169084.491,7.969123336446032
TSA,2017,4.14162852223217,3075955433025.617,6.784119660099336
TSA,2018,3.3313951643767803,3159841615195.034,6.393666325557575
TSA,2019,3.6289496588546735,3318484576408.7495,4.094543065342876
TSA,2020,5.660219986893596,3172770463540.284,-4.987501736525587
TSA,2021,5.338530889749184,3717045071947.6084,9.246599597564995
TSA,2022,7.184619967300691,3834471492016.051,7.101153924143915
TSA,2023,6.382507902193755,4073084906363.463,6.784864041362496
TSA,2024,3.7232061194493378,4364256137661.4043,6.757612019136786
TSA,2025,3.104239664432119,4578021773987.283,7.123814206377915
TSS,1960,,35992840315.62469,
TSS,1961,,37521672250.00874,1.0754631236215033
TSS,1962,,40553531625.49399,6.046106075635919
TSS,1963,,46127234839.13686,6.245318465226646
TSS,1964,,45891029636.70161,4.966398874650977
TSS,1965,,50543662441.01338,4.6795381713355795
TSS,1966,,54780166138.87902,2.02665890712899
TSS,1967,,54842929106.49394,-0.7680671706639401
TSS,1968,,58686328764.31835,3.1294376068284464
TSS,1969,,66258308877.60657,8.998225221647616
TSS,1970,,73998894005.11357,7.808541592988362
TSS,1971,,76078849833.27213,7.7114711945217636
TSS,1972,,85727801728.02959,2.950957723174284
TSS,1973,,109279814642.66771,4.295992422393454
TSS,1974,,138641829045.6061,7.530940368615163
TSS,1975,18.311785753990335,152220755514.28076,-0.2299118326920251
TSS,1976,11.544880651983561,164674566173.81952,5.173213279832311
TSS,1977,14.890066502322306,180959402619.76636,2.7646027779099285
TSS,1978,11.45943005742441,202653123357.71075,-0.17601990466167194
TSS,1979,13.674627359178725,238924309636.55267,3.9356600770546777
TSS,1980,13.601982828949126,300099287848.2771,3.716571486089265
TSS,1981,12.290327860595905,404964246963.9704,-0.8139903450043704
TSS,1982,12.09984145180352,376485687161.4128,-1.2030318113455252
TSS,1983,11.4826535601296,337928018074.4351,-2.5403432478332206
TSS,1984,11.11693128578854,301936361900.0115,2.2543581715775787
TSS,1985,9.406907506872745,288309978620.8491,2.0073452726882834
TSS,1986,6.859344227948853,270240108448.996,1.8692332790206905
TSS,1987,7.632790088781041,302632179778.3414,2.9338006213701817
TSS,1988,8.351679568212193,318689734593.0053,4.472308255347812
TSS,1989,8.0461586348732,324390296940.169,2.295980766330885
TSS,1990,7.544861096994524,379792346523.4182,2.2608272281450468
TSS,1991,8.934306569342876,406697411520.7795,0.3875592906050116
TSS,1992,9.486542506171633,365899500396.6376,-0.49305149221395084
TSS,1993,9.524845370196942,369858677464.71246,-1.0417077635354843
TSS,1994,27.447980712694655,378181813146.72284,1.0280929867724211
TSS,1995,11.425939964661964,481079007260.5026,3.3270273384568867
TSS,1996,7.191646604333442,537530179194.3278,5.144080952605208
TSS,1997,7.6471743331001,565282993319.4124,4.07018981042431
TSS,1998,6.435732875607812,566816310317.237,2.5180288237748982
TSS,1999,4.356433745104526,404651982255.30176,2.1786530119480148
TSS,2000,4.500788562621022,428788727164.40857,3.4367930085385012
TSS,2001,5.147468002226182,410936482186.2981,4.213519218234268
TSS,2002,4.70579123746033,449501126211.8344,6.393488348560325
TSS,2003,5.679424140687994,565920228913.2814,4.120725905781697
TSS,2004,4.136632131447484,702843567490.1559,6.684487640568946
TSS,2005,6.427552780700866,836994144673.2333,6.009529969072375
TSS,2006,6.537843952996039,988827706638.0269,6.049463516040305
TSS,2007,6.7866978903824435,1145187476948.8179,6.1596578973504705
TSS,2008,10.378524478797999,1300970976245.4863,5.2001610266674305
TSS,2009,5.006273615340468,1241887642937.0212,3.147268026426488
TSS,2010,4.022024222142158,1469543958178.502,6.066500610928927
TSS,2011,5.366210929480771,1650873639675.2927,4.2921410260969
TSS,2012,6.581831050751413,1717201201150.9224,3.3282636069647396
TSS,2013,4.885163875954708,1825391175423.9226,5.274510558613173
TSS,2014,4.403802717143602,1902822047308.0134,4.727139899055828
TSS,2015,3.4723875288365225,1687942836834.4795,2.933446011408151
TSS,2016,5.302642977103245,1532640901655.9353,1.3170035585086168
TSS,2017,5.186186555241493,1673446999208.2524,2.507454853000638
TSS,2018,3.911334399907289,1799777413644.266,2.794330821308904
TSS,2019,2.867588034468999,2045881962739.7307,2.549139330461898
TSS,2020,3.398629285188528,1902234301367.3828,-3.2921261587491557
TSS,2021,4.439054812150022,2139729978109.8677,3.581941292902883
TSS,2022,9.45801281304023,2290209566620.256,4.033710669568876
TSS,2023,6.697599907898446,2117602210170.4963,2.7144669167589797
TSS,2024,4.300095846979991,1989931102034.8733,3.6161279249572402
TSS,2025,3.403734582790553,2211221046102.796,4.139281452596478
TTO,1960,2.080000000078154,535673252.4835354,
TTO,1961,1.522757697889915,584964620.921781,14.037070864503036
TTO,1962,2.983352563392863,619322810.0263083,2.7424631464336215
TTO,1963,3.761203584916446,678239329.4016764,5.6045972464346505
TTO,1964,0.8637976244066504,711897520.2561994,7.630499772102482
TTO,1965,1.781617984488492,736573158.5671035,0.6938502811945568
TTO,1966,4.094358049904904,723739857.3170233,4.056821560676681
TTO,1967,2.136258660154926,761981912.4227101,2.0425177148052143
TTO,1968,8.232052006912827,758899950.0,5.215141614900347
TTO,1969,2.43520271601535,779200000.0,2.7306846100350697
TTO,1970,2.523900573626917,821850000.0,3.533635677972242
TTO,1971,3.531020763289978,896765214.6261334,1.040335827819618
TTO,1972,9.30106881253335,1083391757.894863,5.780346819139353
TTO,1973,14.81074548157101,1308785430.5359118,1.656420766420453
TTO,1974,22.02497727176169,2042001070.5078971,3.8076040085693705
TTO,1975,16.97906046568946,2442669824.5643144,1.477965371235527
TTO,1976,10.69246435777287,2500424955.2300572,6.405145378665054
TTO,1977,11.74486353909416,3138666666.666667,9.121790387657967
TTO,1978,10.25658616887404,3562333458.3333335,10.01648049790127
TTO,1979,14.72217036899923,4602416625.0,3.599367509756064
TTO,1980,17.47030427957717,6235833333.333334,10.390810137282998
TTO,1981,14.33188660093951,6992083333.333334,4.577208558429959
TTO,1982,11.63476294316732,8140416666.666667,3.7993180714448442
TTO,1983,15.17499999933316,7763750000.0,-10.300328484294198
TTO,1984,13.3347804066324,7757083333.333334,-5.750906170058514
TTO,1985,7.622574055201955,7375918367.346938,-4.119419554372399
TTO,1986,7.693676593231347,4794444444.444445,-3.279163047992668
TTO,1987,10.75185899207421,4797777777.777778,-4.561778538113941
TTO,1988,7.758492067439168,4496910569.105691,-3.9197240505039446
TTO,1989,11.43213181335666,4323058823.529411,-0.8299142122316994
TTO,1990,11.06442577030832,5068000000.0,1.5091678429517685
TTO,1991,3.783102143757945,5307905882.3529415,3.112407865755884
TTO,1992,6.439854191980609,5439552941.176471,10.092979512968995
TTO,1993,10.83523592085203,4669491134.2478,-0.6691147664593302
TTO,1994,8.814694017681058,4947181645.552209,3.567180605819516
TTO,1995,5.182205395172735,5329217747.212581,3.8099131436476483
TTO,1996,3.404574428196242,5759570336.112875,7.134477464808711
TTO,1997,3.626078758430813,5737771523.101478,7.522854626275176
TTO,1998,5.612709076912011,6043686653.621894,8.124563996545803
TTO,1999,3.439135908819961,6808982520.757593,8.024817643500626
TTO,2000,3.55541319666877,8154342116.1031065,6.901359590728035
TTO,2001,5.536653263223002,8824849191.035706,4.168523981854236
TTO,2002,4.150058616647196,9008298228.602732,7.936709687153325
TTO,2003,3.811106243968699,11305459802.068275,14.44098953897344
TTO,2004,3.721549389959654,13280291989.575474,7.950051510699723
TTO,2005,6.874534595835164,15982389018.404148,6.20893787954175
TTO,2006,8.329603514653467,18369361094.388645,13.208058605173491
TTO,2007,7.894388347572995,21641620049.93521,4.75420970092722
TTO,2008,12.03034454771769,27871587349.541267,3.3917370780738736
TTO,2009,6.978087252515469,19172165225.50151,-4.391729247461399
TTO,2010,10.54920031799876,22157920592.366913,3.3232247102737063
TTO,2011,5.1071328926456,25433007437.160465,-0.29435440904376264
TTO,2012,9.26028137068292,27147349937.46892,6.710746254487219
TTO,2013,5.199817404656111,28560537057.154774,3.3681929168901945
TTO,2014,5.684418145956593,29474180005.13333,3.6708685103241265
TTO,2015,4.661215980982641,26841141793.214268,-0.40628328873049213
TTO,2016,3.070667424640243,23624322192.627434,-7.536363053793721
TTO,2017,1.880384401835318,23830750900.689945,-4.872749469187241
TTO,2018,1.018569301888219,23883058083.217064,-0.945449700943314
TTO,2019,1.000542930272373,23477745791.697678,0.4677345288558854
TTO,2020,0.5989863308246433,20888515184.223854,-8.78879817831519
TTO,2021,2.059227469154577,24222963262.72133,-0.716740625909793
TTO,2022,5.828386385179588,28341164301.126022,0.86126082651883
TTO,2023,4.629302424199681,25036993423.366383,1.466459472940528
TTO,2024,0.5268846257768393,25633544529.484867,2.509208139795689
TTO,2025,0.994489987904821,25942749718.468468,-0.7877685727276429
TUN,1960,,,
TUN,1961,,866155428.5714287,
TUN,1962,,880027733.3333334,-4.590084505518234
TUN,1963,,1026737600.0,-10.733994714191567
TUN,1964,,1025866792.1568627,-4.675949857643204
TUN,1965,,991047619.0476189,-2.536692228622698
TUN,1966,,1040952380.9523809,3.4548678926953187
TUN,1967,,1085714285.7142856,0.16195247032693771
TUN,1968,,1214666666.6666665,10.409728588409848
TUN,1969,,1289904761.9047618,4.747815403632245
TUN,1970,,1439238095.2380953,4.669631772670499
TUN,1971,,1685162272.4065197,10.560197480686284
TUN,1972,,2237556148.510846,17.74271826103319
TUN,1973,,2730813385.3262362,-0.6546435022663104
TUN,1974,,3545868575.146389,8.074782334312602
TUN,1975,,4328965587.532659,7.1560999091236255
TUN,1976,,4508191942.160807,7.876852652724281
TUN,1977,,5109324009.324009,3.4110958495494685
TUN,1978,,5968460080.1113,6.44047353293125
TUN,1979,,7188863903.636748,6.567521176440167
TUN,1980,,8744134354.161522,7.418739594979854
TUN,1981,,8428445294.084292,5.514072829039421
TUN,1982,,8133580051.70251,-0.4937376040222716
TUN,1983,,8350582747.835413,4.68191738527311
TUN,1984,8.900000000000098,8254541194.825658,5.7488432625296895
TUN,1985,7.254361799816354,8410226052.611397,5.648573236598196
TUN,1986,6.164383561643706,9017806654.416904,-1.446988414179728
TUN,1987,8.2258064516129,9696715910.70907,6.701371095776892
TUN,1988,7.196969696969551,10096245762.435242,0.07215907739642091
TUN,1989,7.74088603961336,10101851744.562693,1.7466991282435202
TUN,1990,6.545293072824143,12290568181.818182,7.949819436654607
TUN,1991,8.193715095440853,13074782608.695652,3.9045453031319823
TUN,1992,5.824345146379064,15496708060.41837,7.80572887722397
TUN,1993,3.974956319161301,14608335608.154287,2.1898288614582384
TUN,1994,4.733230639965955,15633174304.090536,3.178411322094405
TUN,1995,6.244150287471464,18030876599.344402,2.351669850865406
TUN,1996,3.725144726907154,19587161806.765507,7.146080967820609
TUN,1997,3.652026207230707,20746210353.844986,5.4409435010746705
TUN,1998,3.125365796558624,21802893587.125954,4.783762478256648
TUN,1999,2.690124858115804,22943202174.966805,6.054634478981583
TUN,2000,2.962307947386055,21473528160.778236,4.709972913804904
TUN,2001,1.983333333333369,22065832448.86228,3.79627166202512
TUN,2002,2.721032848504548,23141616604.524197,1.3225571482894622
TUN,2003,2.712592474743517,27453902261.462925,4.702399532852411
TUN,2004,3.632280049566251,31183885241.439552,6.235790722226469
TUN,2005,2.017786413571443,32272186694.80428,3.4865455430439027
TUN,2006,3.225253374389166,34376664600.589775,5.244099832469161
TUN,2007,2.966944324773489,38915353866.75699,6.709520974535536
TUN,2008,4.345028076230452,44859439902.21906,4.237781475028186
TUN,2009,3.664903306429192,43455740497.30611,3.043450123715516
TUN,2010,3.338979636010688,46206091937.96283,2.97113275066512
TUN,2011,3.24002842009531,48123325825.07389,-2.046633895356436
TUN,2012,4.611844322066397,47311401812.67335,4.216677115356319
TUN,2013,5.316235313266889,48685446413.95297,2.4299309644642904
TUN,2014,4.625550995340309,50271812920.612015,3.0903280307077523
TUN,2015,4.437371273215,45779494041.92953,0.967834205635981
TUN,2016,3.629399373843808,44360072680.44765,1.1172319639919976
TUN,2017,5.308848395658444,42163530590.9462,2.2526143762058695
TUN,2018,7.307591760316519,42686504459.800964,2.606969653563624
TUN,2019,6.72007532863799,41905642418.825035,1.5500930496674243
TUN,2020,5.634151158976247,42491780918.36103,-8.975126229347225
TUN,2021,5.706350208307002,47073234359.18191,4.736036482061024
TUN,2022,8.306461244476234,44929920092.79546,2.7522876100438083
TUN,2023,9.328995975078653,48205328303.339775,0.18401554846974477
TUN,2024,7.206616571687938,51412122479.84682,1.6144456497698627
TUN,2025,5.151001975726761,57502836548.08784,2.493110106662485
TUR,1960,5.664739884393086,7566666666.666666,
TUR,1961,3.172856997082684,7988888888.888888,1.1560693853969894
TUR,1962,3.888320251465035,8922222222.222221,5.57142858180481
TUR,1963,6.362706928323115,10355555555.555555,9.066305552409347
TUR,1964,1.119637815431116,11177777777.777777,5.459056798380431
TUR,1965,4.555533683948277,11966666666.666666,2.823529543438724
TUR,1966,8.471996215392252,14100000000.0,11.21281503535134
TUR,1967,13.97489294816745,15644444444.444445,4.732510243937369
TUR,1968,6.046239661974067,17500000000.0,6.777996010381045
TUR,1969,4.924193944982961,19466666666.666668,4.081145620894915
TUR,1970,7.923952083019967,17863636363.636364,3.2335089729322704
TUR,1971,19.01140868376749,16166666666.666666,5.566694500587957
TUR,1972,15.41645572239622,20650000000.0,7.425788325642429
TUR,1973,13.9381652448957,26000000000.0,3.2623345184049413
TUR,1974,23.89816157667046,35414285714.28571,5.594474402693535
TUR,1975,21.22735523858355,46042857142.85715,7.17411268977115
TUR,1976,17.45568938913375,51450000000.0,10.461179556323813
TUR,1977,25.9853378650602,58683333333.33333,3.406669804491358
TUR,1978,61.89704443834346,65912500000.0,1.5029330112233765
TUR,1979,63.54310825063429,89616129032.25806,-0.6241135702226899
TUR,1980,94.26085988075921,68823684210.5263,-2.447350425801588
TUR,1981,37.61478257977165,71180180180.18018,4.85664876652028
TUR,1982,29.13751450226765,64369325153.37423,3.5632278121833423
TUR,1983,31.39027101984446,61803555555.55556,4.97108077727097
TUR,1984,48.39232313468628,59937602179.83652,6.712015712060278
TUR,1985,44.96173015287794,67232758620.68965,4.241335716399419
TUR,1986,34.61007597387451,75673037037.03703,7.012031110543944
TUR,1987,38.85584347584092,87190081680.28004,9.485538842467278
TUR,1988,68.80964338370477,90875175808.72011,2.3207367939484698
TUR,1989,63.27255249309584,107127191328.93495,0.2902440687796002
TUR,1990,60.30386913464469,150655500191.6443,9.266146671493146
TUR,1991,65.97856799189502,151034731543.62415,0.720279039109613
TUR,1992,70.07610386903735,159104772991.851,5.0356349326118135
TUR,1993,66.0938429820004,180415757851.61584,7.6512652076132355
TUR,1994,105.2149864692022,130650447499.07123,-4.668147367355843
TUR,1995,89.11331722484994,234699627004.03534,7.878266878218
TUR,1996,80.41215113880425,250366965174.12933,7.157798479308468
TUR,1997,85.66936164997794,263817553748.39496,7.357862374784801
TUR,1998,84.6413434846314,276035372654.6079,1.9085706434515117
TUR,1999,64.86748763507573,256673939247.7727,-3.052770557594343
TUR,2000,54.91537058126835,274748463178.50226,6.98528697817062
TUR,2001,54.40018876190743,202195080239.0363,-5.459408385630624
TUR,2002,44.96412094798498,240778008473.84534,6.435508837931138
TUR,2003,21.60243844905728,315392899922.37915,5.7990932103852515
TUR,2004,8.598261681152618,410156784495.9478,9.925405519186242
TUR,2005,8.179160368020078,508314210212.54364,9.111577458616352
TUR,2006,9.597242122884465,559668118237.0018,7.067626076239392
TUR,2007,8.756180909726323,685228481017.03,5.108185139036038
TUR,2008,10.44412837648847,775415944332.8656,0.9201182213658825
TUR,2009,6.250976630906265,653894449921.2883,-4.882694017066328
TUR,2010,8.56644420552976,782545664268.333,8.54219848467686
TUR,2011,6.471879671151,844192507380.7953,10.979962527359845
TUR,2012,8.891569965121626,885327622479.0521,4.807626966334482
TUR,2013,7.493090305476931,962167643588.9248,8.488256892985106
TUR,2014,8.85457271364316,942343431928.6539,4.600794472705587
TUR,2015,7.670853648458848,865460050683.6558,5.805573866286835
TUR,2016,7.775134153283301,870818016909.8402,3.323665082004453
TUR,2017,11.14431108407642,863874522365.2756,7.825857300025945
TUR,2018,16.33246389889289,788356985773.667,3.468153060922191
TUR,2019,15.17682157200223,775853144222.6127,1.3016236546450273
TUR,2020,12.27895744625741,733628247119.0771,1.803062470872547
TUR,2021,19.5964926913324,839938668172.134,11.811094450607001
TUR,2022,72.30883598912065,926097476913.8175,5.441225113224007
TUR,2023,53.85940875933151,1141242864657.4524,5.045123698122893
TUR,2024,58.50645073003415,1359123768774.1223,3.327623089379898
TUR,2025,34.88116298203064,1597293229287.0005,3.6046251408258883
TUV,1960,,,
TUV,1961,,,
TUV,1962,,,
TUV,1963,,,
TUV,1964,,,
TUV,1965,,,
TUV,1966,,,
TUV,1967,,,
TUV,1968,,,
TUV,1969,,,
TUV,1970,,2585955.874118042,
TUV,1971,,2716989.584499944,-1.5836985108734325
TUV,1972,,2968457.9439252336,-1.9500020649645506
TUV,1973,,3411915.4388212687,-1.9304982225035872
TUV,1974,,4122328.666175387,-1.6781020259208077
TUV,1975,,4014748.0540761985,-1.5065001623626415
TUV,1976,,3919072.229925627,-0.8450977466459904
TUV,1977,,3669419.5916494606,-3.7414990683124643
TUV,1978,,3798781.863297992,-1.8325034813247498
TUV,1979,,4065659.434283767,-0.39679853633431605
TUV,1980,,4206128.133704736,-0.6395009779428875
TUV,1981,,4773017.531638222,2.6003026589070544
TUV,1982,,4118945.161646254,-16.009097928196056
TUV,1983,,4152550.304164717,8.973599962805622
TUV,1984,,4481977.902553885,7.460995795784726
TUV,1985,,3862851.8831019406,-1.8350961784398265
TUV,1986,,4574706.211527701,22.585495755725063
TUV,1987,,5020513.499205928,12.256900351271454
TUV,1988,,7011059.371362048,19.306998233179144
TUV,1989,,8454523.247292565,-1.9477966220777745
TUV,1990,,9542900.901365045,15.375998481279723
TUV,1991,,10127313.913235849,3.609182857282562
TUV,1992,,10535028.14236866,2.7887888821527014
TUV,1993,,10414399.956479164,4.110823767826616
TUV,1994,,11772610.657934083,10.283376815046807
TUV,1995,,11922614.198466606,-5.004452031338076
TUV,1996,,13338597.330073725,-5.961370474619045
TUV,1997,,13734210.096631981,10.003302782594332
TUV,1998,,13795146.209263815,15.501166126048844
TUV,1999,,14800503.258274727,-1.5638708239914223
TUV,2000,,14881202.578577444,-0.9249827877278847
TUV,2001,,14139705.251049682,0.6956327211543112
TUV,2002,,16639799.887317088,8.317340871061376
TUV,2003,,19584879.57175303,-4.350785934349815
TUV,2004,,22878877.913031198,-1.888139645229586
TUV,2005,,22846519.17221661,-3.746648964986477
TUV,2006,,24274966.433805507,1.301038463489519
TUV,2007,,28547819.712954536,6.90547330117343
TUV,2008,,31602915.000947844,6.579199771592741
TUV,2009,,27851666.174019586,-5.619922229802981
TUV,2010,,32425361.8050211,-2.4682625037419825
TUV,2011,0.5005807431527,39665361.132915854,7.52010985962886
TUV,2012,,38912985.18017687,-2.8527626821171026
TUV,2013,,38767554.54253202,3.8050233011695127
TUV,2014,,38643167.29510538,1.6672258335080699
TUV,2015,,36755290.77673185,9.378963846625041
TUV,2016,,41306141.62504999,4.776504973365391
TUV,2017,,45288858.163736105,3.2680291403314214
TUV,2018,,48026990.19434972,1.3866838615233235
TUV,2019,,53527720.0597564,13.446504816319788
TUV,2020,,52302514.993961126,-3.030303030303031
TUV,2021,,61597447.16140935,0.0
TUV,2022,,54104146.31980822,-10.9375
TUV,2023,,50491930.924381025,3.508771929824576
TUV,2024,,56752265.80121661,3.3898305084745743
TUV,2025,,57345434.72349835,1.639344262295083
TZA,1960,,2651729807.3880773,
TZA,1961,,2826179031.228388,1.1382963514354287
TZA,1962,,3101589992.664003,9.096747384315407
TZA,1963,,3456579293.4482827,6.26000305958226
TZA,1964,,3748840925.06363,5.511158700334391
TZA,1965,,3817226546.2293816,4.364720671460304
TZA,1966,9.777015439275962,4377998825.12047,11.643675531781184
TZA,1967,12.18749999843683,4565132047.527181,5.523258579222556
TZA,1968,15.59888579548266,4895251824.059271,6.28556212963629
TZA,1969,16.41566264999976,5142066811.473275,3.2616398443885686
TZA,1970,3.49288486418357,2851419386.0722456,-46.43303514148713
TZA,1971,4.775000000023752,3050673517.330593,3.9014607710161897
TZA,1972,7.635409210010378,3472787266.0964036,7.115315191832366
TZA,1973,10.39680780321673,4144104535.4965525,6.191962420503927
TZA,1974,19.59839357421482,4977337978.35959,2.113390718243153
TZA,1975,26.05775688415733,5729917839.54264,3.989425598020844
TZA,1976,6.859350026532505,6472511987.847351,3.30601216563538
TZA,1977,11.60413810301186,7732598995.10303,0.04959285031729621
TZA,1978,6.575000000000085,9261675709.830719,2.08400760208103
TZA,1979,12.94862772695286,9804637490.818918,2.500173916824778
TZA,1980,30.19730010384205,11409228086.746296,2.737979951428244
TZA,1981,25.65002392726121,13161540377.579163,-0.9788209530223639
TZA,1982,28.93233464516934,13927383239.832151,-0.3676596781447756
TZA,1983,27.05592753052379,14049883809.008934,-0.39162923333823585
TZA,1984,36.14594150560284,12906635133.155684,4.672972064319296
TZA,1985,33.28210382513677,15328295175.406742,1.2449040100492397
TZA,1986,32.43220158018366,10840864521.23381,5.495713445577579
TZA,1987,29.94936953787614,7824193222.119082,4.796519805425703
TZA,1988,31.1867182846932,7406614407.461266,7.255435460924048
TZA,1989,25.84983826116572,6418799006.802469,3.764443409060874
TZA,1990,35.82677165354333,6184384225.027124,7.045071642052591
TZA,1991,28.69565217391299,7197768158.583471,2.071988213619136
TZA,1992,21.84684684684731,6681997469.312918,0.5843221319240683
TZA,1993,25.27726432532299,6182872707.825234,1.2058008087543612
TZA,1994,34.0833640722984,6550480483.938498,1.5676617642184567
TZA,1995,27.42778541953229,7631431840.499919,3.5699118684924684
TZA,1996,20.97725964306288,9433528150.36609,4.5443668039417275
TZA,1997,16.09065492832015,11158197941.915222,3.5252781894103578
TZA,1998,12.79975404796087,12172790056.373257,3.708511598595038
TZA,1999,7.890433360588766,12704334195.815088,4.863863753622823
TZA,2000,5.923961096374794,13371767081.742813,4.520784636032559
TZA,2001,5.147468002226182,13563990022.364098,6.070808287341293
TZA,2002,5.317833661182028,14129651895.691141,7.093194983555023
TZA,2003,5.303566215097816,15211487708.76844,6.672789830534967
TZA,2004,4.735801439490581,16673062473.398092,7.503814658598287
TZA,2005,5.034570092671631,18395383647.497456,7.476319259747839
TZA,2006,7.25097262082546,18619859795.285236,6.532221388478135
TZA,2007,7.025514369747714,21860434823.480766,6.768535202937159
TZA,2008,10.27839376211348,27947821397.927227,5.686416859052244
TZA,2009,12.14222787429879,29400573553.60746,5.269105248734633
TZA,2010,6.200155956474026,32012892919.369995,6.33652342666889
TZA,2011,12.6909694699162,34657140096.4836,7.672155434860642
TZA,2012,16.00109385063382,39650394362.92873,4.50015356010131
TZA,2013,7.870723645739588,45648857242.314995,6.781585600653159
TZA,2014,6.131614329880117,49986726460.68049,6.732461868324833
TZA,2015,5.588169529592981,47413919817.12405,6.160628774066822
TZA,2016,5.174766293014932,49774409374.453766,6.867116196445508
TZA,2017,5.318716052289308,53274884532.78861,6.727269968324379
TZA,2018,3.494458488561813,57003712892.08581,5.502675993849664
TZA,2019,3.4642805799902052,61026731925.92128,5.799999999967227
TZA,2020,3.290290627983255,66068737786.06392,1.9919646064785468
TZA,2021,3.690919588021988,70655628147.89859,4.321384294804815
TZA,2022,4.350272042691012,75749121846.97034,4.566005764309551
TZA,2023,3.799232913849163,79030935638.13165,5.069523532033941
TZA,2024,3.056946763123725,79235713444.97768,5.526313830594503
TZA,2025,3.326973613161054,90143496090.44115,5.852868286927389
UGA,1960,,423145605.04316384,
UGA,1961,,441667334.611947,
UGA,1962,,449158233.3913507,
UGA,1963,,516315231.4490871,
UGA,1964,,589247687.3003503,
UGA,1965,,884502309.953801,
UGA,1966,,925381492.3701526,
UGA,1967,,967240655.1868963,
UGA,1968,,1037379252.4149518,
UGA,1969,,1168556628.8674228,
UGA,1970,,1259554808.903822,
UGA,1971,,1417191656.1668768,
UGA,1972,,1490970180.596388,
UGA,1973,,1701829789.0212657,
UGA,1974,,2098944967.2084405,
UGA,1975,,2359555555.555556,
UGA,1976,,2447300000.0,
UGA,1977,,2936470588.235294,
UGA,1978,,2420260869.5652175,
UGA,1979,,2139025000.0,
UGA,1980,,1244610000.0,
UGA,1981,,1337300000.0,
UGA,1982,,2177500000.0,
UGA,1983,,2240333333.3333335,5.744557713079374
UGA,1984,,3615647477.054337,-0.3446766801584715
UGA,1985,,3519695443.525158,-3.30638000677493
UGA,1986,,3923244049.9579563,0.39008694306272673
UGA,1987,,6269522042.115557,3.9619027894613197
UGA,1988,,6508931651.666667,8.267073545778047
UGA,1989,,5276480799.338676,6.3619412439543765
UGA,1990,,4304399310.30967,6.474140152555961
UGA,1991,,3321729159.622774,5.55409549507921
UGA,1992,,2857457761.909216,3.4183568946840097
UGA,1993,,3220439044.1894865,8.32629251939072
UGA,1994,10.03675987921753,3990430446.7121596,6.40363574007452
UGA,1995,6.550140189703707,5755818842.492457,11.52324381195291
UGA,1996,7.191646604333442,6044585326.938001,9.072114579093494
UGA,1997,8.169021441069631,6269333313.171083,5.100001864762831
UGA,1998,0.06880417199831723,6584815846.527538,4.905265484515638
UGA,1999,5.777368986878946,5998563257.946589,8.053948377241966
UGA,2000,3.39202158512998,6193246837.096873,3.1419073381869964
UGA,2001,1.865125240847725,5840503868.515731,5.183661124902358
UGA,2002,-0.2875085117651964,6178563591.120514,8.732685764401268
UGA,2003,8.680476515668836,6606884275.23087,6.473258671665434
UGA,2004,3.721287439782284,7939487547.773837,6.807233343618833
UGA,2005,8.448726422995321,9239221763.057926,6.332565116231564
UGA,2006,7.310676135618637,9977647682.969542,10.784744385745341
UGA,2007,6.138510832850498,11902564494.883343,8.412425965510707
UGA,2008,12.05085554828855,14440404132.204687,8.708751901544986
UGA,2009,13.01725618891854,25127805566.658375,6.8015173486039515
UGA,2010,3.976552884781682,26673441430.785694,5.637611637497571
UGA,2011,16.56434961745152,27871725241.4723,9.391655492717604
UGA,2012,12.67903772246589,27305915910.78771,3.8374556060522877
UGA,2013,4.905208756945568,28915786516.61233,3.5869058262302502
UGA,2014,3.075706689586414,32612397257.44579,5.106307325397964
UGA,2015,5.589686062517254,32387183730.10015,5.187859860024659
UGA,2016,5.70637504616212,29203988696.262615,4.781000292544817
UGA,2017,5.209717059142092,30744473841.42399,3.1314055172359616
UGA,2018,2.616011909522744,32927025619.679546,6.3039237826299654
UGA,2019,2.867588034468999,35353061003.435905,6.438745032764388
UGA,2020,3.313322895445018,37600368241.66573,2.951306422180977
UGA,2021,2.204572047574139,40529788748.67369,3.53658034070898
UGA,2022,7.195788859758103,45565333210.91079,4.588021921817727
UGA,2023,5.350948042803953,48768955863.31749,5.336972955114689
UGA,2024,3.323380336918186,53911907079.048515,6.0555807587558945
UGA,2025,3.580827844380665,61985829288.14961,6.331811576773134
UKR,1960,,,
UKR,1961,,,
UKR,1962,,,
UKR,1963,,,
UKR,1964,,,
UKR,1965,,,
UKR,1966,,,
UKR,1967,,,
UKR,1968,,,
UKR,1969,,,
UKR,1970,,,
UKR,1971,,,
UKR,1972,,,
UKR,1973,,,
UKR,1974,,,
UKR,1975,,,
UKR,1976,,,
UKR,1977,,,
UKR,1978,,,
UKR,1979,,,
UKR,1980,,,
UKR,1981,,,
UKR,1982,,,
UKR,1983,,,
UKR,1984,,,
UKR,1985,,,
UKR,1986,,,
UKR,1987,,64087694038.233315,
UKR,1988,,74703517902.66425,2.566463269603787
UKR,1989,,82709161099.12439,3.8731032116234445
UKR,1990,,81393558423.44063,-6.345235128311629
UKR,1991,,77350733982.4458,-8.699999999721598
UKR,1992,,73945908383.70457,-9.90000000204168
UKR,1993,4734.914347445849,65648559903.05707,-14.199999999364337
UKR,1994,891.1877481337049,52549580264.80642,-22.89999999922827
UKR,1995,376.7461747682093,48213856468.571815,-12.20000000073847
UKR,1996,80.32550145517423,44558831005.062126,-10.0
UKR,1997,15.94059941494297,50151531591.731674,-2.9999999984236467
UKR,1998,10.57716114825143,41882523345.18044,-1.9000000021416383
UKR,1999,22.6836718061345,31580639553.82983,-0.200000000106499
UKR,2000,28.20309723885524,32375083934.824116,5.900000000248994
UKR,2001,11.95880853904594,39309580983.228165,8.800000003672224
UKR,2002,0.7574208463928603,43956163612.043274,5.339647207190751
UKR,2003,5.17967781908315,52010355753.04612,9.516609864363645
UKR,2004,9.048067860508883,67220154164.316605,11.795352528113611
UKR,2005,13.56957649092478,89238865118.52626,3.071230392452094
UKR,2006,9.052524911332481,111884752475.24753,7.571420763229668
UKR,2007,12.83877961901812,148733861386.1386,8.215844451657148
UKR,2008,25.22646170738403,188110390659.51477,2.2434915962828796
UKR,2009,15.88119245944761,121552153444.12442,-15.13646791015016
UKR,2010,9.37293105078978,141209170427.2334,4.092004366680868
UKR,2011,7.955724662746522,169333835201.5541,5.4452808104847605
UKR,2012,0.5687279718038623,182591753827.94882,0.15231496720065252
UKR,2013,-0.2389486260454066,190498811460.02753,0.045439094492707
UKR,2014,12.0718562874251,133503871861.7233,-10.078894984095271
UKR,2015,48.69986464344236,91030967789.07175,-9.772987212867605
UKR,2016,13.91271019977966,93355869403.92232,2.440981944920665
UKR,2017,14.43832274887494,112090505081.73862,2.35997228099491
UKR,2018,10.95185593531784,130891088293.54999,3.488362340226587
UKR,2019,7.886717456111332,153883047509.57697,3.199503863541338
UKR,2020,2.732492094194272,156617722013.3422,-3.7528179398316155
UKR,2021,9.363139176952233,199765859570.9353,3.4456206594594363
UKR,2022,20.1836366617478,161989520721.1905,-28.758584215508492
UKR,2023,12.84902228285588,181221517868.74365,5.534733549633344
UKR,2024,6.50198464669254,190833835445.1001,3.2481180842642345
UKR,2025,12.73033410269029,214233312784.39685,1.8215237675628373
UMC,1960,,179647675929.48032,
UMC,1961,,178044137599.39203,0.5274354084996702
UMC,1962,,175808321781.777,3.164301853143641
UMC,1963,,192924574028.81674,4.553496955416023
UMC,1964,,220600808414.933,8.559862912932601
UMC,1965,,246880022876.0449,7.6086729832270095
UMC,1966,,272279692186.194,6.205704848498627
UMC,1967,,276236567576.8667,3.8400175414579962
UMC,1968,,292560318454.1979,6.8888055671395705
UMC,1969,,328191952373.7658,8.266558631722802
UMC,1970,,357322870259.7658,8.260532502979927
UMC,1971,,388963904622.77576,6.612566991399078
UMC,1972,,445604350357.29724,7.6179299586214455
UMC,1973,,586232264472.1272,7.772647206513625
UMC,1974,,755295896977.6617,6.275852106109909
UMC,1975,13.11206268142032,835178680341.4863,4.560575160666261
UMC,1976,10.72499999925003,905701592507.6666,6.594207689183108
UMC,1977,11.50563958809238,1016006576236.0094,4.355906962034183
UMC,1978,10.122313357015503,1119259201944.5981,3.8416426087299413
UMC,1979,12.514946549797191,1304988562841.9868,5.616710005444219
UMC,1980,18.11796630958192,1529101460688.8801,4.682859298760263
UMC,1981,14.04796867188679,1654001130609.4824,1.9797997677862327
UMC,1982,10.22172713768915,1628062721273.2207,3.146800378828601
UMC,1983,10.47714381052375,1589539435488.5425,1.4586847989155842
UMC,1984,10.852519611570436,1675485525575.9082,5.050016981499255
UMC,1985,9.114470871773255,1726141756660.0308,4.413587285617069
UMC,1986,9.722193276785626,1784392059875.738,3.6765179609062386
UMC,1987,7.233835530656091,1816575081464.6768,4.910423012513917
UMC,1988,8.507868010863007,1949072009549.5215,3.4748376295307537
UMC,1989,11.38713219979581,2132376280600.8328,3.0163292688324645
UMC,1990,12.17735220649464,2473739364735.273,2.755341964520099
UMC,1991,12.04086301128201,2410640500595.07,3.072244693643711
UMC,1992,9.359751589531335,2582335563908.2974,4.520297686448217
UMC,1993,11.783213596060143,2843925173135.26,5.869528781429409
UMC,1994,12.08038189097621,3207856037634.2397,5.568680056237255
UMC,1995,10.51254608157901,3715826421204.0854,4.527116314133423
UMC,1996,8.143219846077276,4109725004123.5986,6.241064470625048
UMC,1997,7.0185918574142185,4370993512297.639,6.104384368297417
UMC,1998,6.845669224172721,4227162980183.224,2.9455680475858372
UMC,1999,4.5780301536216434,4132511001157.0156,3.278780355564436
UMC,2000,4.063962013825961,4507754295878.037,5.989385544470423
UMC,2001,5.345501955671419,4509040189335.719,3.4717631335879418
UMC,2002,5.030727331512953,4553680056521.288,4.857608882644371
UMC,2003,4.220850868012675,5071283063644.647,5.93182709987083
UMC,2004,4.769790718668393,5972840657142.611,7.858181279066059
UMC,2005,4.615658952691524,7097354678868.01,7.5309132968685475
UMC,2006,4.6374222229869915,8371855781848.928,8.54599449140774
UMC,2007,5.2873518474755326,10288887282489.918,9.34587228012785
UMC,2008,9.821133865761766,12452519927310.125,6.275829596637081
UMC,2009,3.0336335630633333,12377976349831.643,3.530701354160044
UMC,2010,3.824672723153755,15141574779332.89,8.479767826945661
UMC,2011,5.553898922574932,18081813106490.855,6.86028171206145
UMC,2012,3.7381523128222733,19328537995113.79,5.797102486734602
UMC,2013,2.702816582144767,20573131213543.332,5.668143960002283
UMC,2014,3.03372718252381,21389435063220.6,5.023752768096259
UMC,2015,1.7864024395417228,20660115075151.91,4.56055688519767
UMC,2016,2.045284208588429,20790061776936.074,4.624828167739409
UMC,2017,3.3160876217215813,22770082997292.695,5.404591510525421
UMC,2018,3.121700766310269,24363395677899.707,4.951650248843563
UMC,2019,1.9378099592040745,24819718113219.43,4.245953615965561
UMC,2020,1.8903591682421,24069773148091.008,-0.5029198710371219
UMC,2021,3.927180221003324,28618153386292.754,7.58860883559845
UMC,2022,8.81109209279587,29881576742720.305,3.536523124769971
UMC,2023,5.0341072621757,30942010900869.105,4.574266875157562
UMC,2024,3.181889242374717,32044776966659.082,4.234452272211556
UMC,2025,3.205504741126034,33529653863548.78,4.205334816501846
URY,1960,38.5040374002647,1242289239.2049348,
URY,1961,22.74726398679595,1547388781.4313347,2.4930379180568423
URY,1962,10.90742438118985,1710004407.2278535,-1.5745488500242146
URY,1963,21.2546957175585,1539681490.7817352,0.17045885573479325
URY,1964,42.36941570151865,1975701816.4661474,2.4405207789358343
URY,1965,56.55655655666067,1890767155.5262198,1.045604054312605
URY,1966,73.4626932061085,1809185093.5518777,3.0628559349364224
URY,1967,89.27529728503794,1597713469.0961058,-3.656834112816526
URY,1968,125.336991126492,1593674184.5628517,1.8889117447274515
URY,1969,20.9666666659998,2004435483.8709676,5.864740633110799
URY,1970,16.30614494359975,2137096774.1935482,2.333213380745235
URY,1971,23.95308890617312,2807258064.516129,-0.25171153103019606
URY,1972,76.4849237828812,2189418688.804082,-1.3195698616393088
URY,1973,96.99726531870581,3964296443.3525424,0.275199617416817
URY,1974,77.213413779201,4090209681.9717207,2.8953445983487285
URY,1975,81.40538400674187,3538278046.962361,6.096914312989313
URY,1976,50.62304956046195,3667161241.4837246,3.9354701753627523
URY,1977,58.19617502157366,4114670014.3472,1.4554611784725466
URY,1978,44.54834366723916,4910254565.578309,5.373985347676481
URY,1979,66.84428618504371,7181182224.112271,6.199116732361205
URY,1980,63.47583043146732,10163020115.734362,5.843400901134615
URY,1981,34.04533586094739,11048301420.630053,1.5595598293749475
URY,1982,18.99250129521822,9178780076.997133,-9.757871460885042
URY,1983,49.19737965056375,5102276308.453134,-10.274399195032018
URY,1984,55.30442354187633,4850238549.618323,-1.1426174497519952
URY,1985,72.22256442877561,4732017873.383685,1.4665360288728095
URY,1986,76.38063641195443,5880112788.4094715,8.809808294693838
URY,1987,63.5666624326724,7367494080.400138,7.993137205104375
URY,1988,62.19195645960039,8213538368.846354,1.48093746177193
URY,1989,80.44743672807348,8438951476.066442,1.1039010238152969
URY,1990,112.5259055730227,9298807850.299791,0.29734837868156205
URY,1991,101.9716832025074,11206176650.907509,3.538808504513085
URY,1992,68.45919383953743,12878148790.734764,7.9315884139544295
URY,1993,54.10079244251945,15002136971.174488,2.65754610698545
URY,1994,44.73604215219331,17474588895.891823,7.281342644101272
URY,1995,42.24831979837551,19297663096.550636,-1.447598968944078
URY,1996,28.34204860043087,20515458113.58567,5.577957763858677
URY,1997,19.81880931837786,23969739233.896637,8.547683201115959
URY,1998,10.81107030556161,25385886977.522835,4.518890096790912
URY,1999,5.658688039279083,23983945190.62023,-1.520945919920365
URY,2000,4.763824727332512,22823270892.10942,-1.9299306354923544
URY,2001,4.359340652172701,20898761742.238617,-3.8441299594037446
URY,2002,13.97247259135153,13606515722.586388,-7.7320072154004444
URY,2003,19.37973017439948,12045638351.85074,0.8052839158938241
URY,2004,9.157605075409974,13686329890.119078,5.004160355644572
URY,2005,4.699277390356404,17362857683.85447,7.4601321302473025
URY,2006,6.397649743851309,19741420739.890133,4.098577354454008
URY,2007,8.11464561179313,23797773024.39923,6.541510845048165
URY,2008,7.877073747308876,31119602538.832172,7.1761446645510745
URY,2009,7.062218743885737,32708319077.517914,4.243494194624262
URY,2010,6.698708869781321,41950361211.95806,7.803409650716901
URY,2011,8.0928320630299,50342406067.07767,5.162133024636063
URY,2012,8.097765805736024,54232266358.781075,3.5381787205686948
URY,2013,8.57513504005397,61337621933.78566,4.637538629024164
URY,2014,8.877353332298277,61496186973.90199,3.238791229523642
URY,2015,8.666269870793283,57680327998.668884,0.37074125768134536
URY,2016,9.639413476350796,57480787465.27156,1.689798229717752
URY,2017,6.218093825618601,65006039809.73901,1.7403764914198945
URY,2018,7.60653360377047,65344577415.75352,0.16477760884670545
URY,2019,7.881988708796191,62222324964.63305,0.9283510275463414
URY,2020,9.756406360781941,53559354501.42779,-7.357327068973007
URY,2021,7.74791402314762,60739061281.16277,5.8442732501808194
URY,2022,9.104379830754368,71240669088.05872,4.606230009207323
URY,2023,5.869103598961191,79208725899.5531,0.7617492413216809
URY,2024,4.849143666131558,82322859144.28165,3.3257590595738122
URY,2025,4.650327204333236,85347696277.68594,1.7847111708275207
USA,1960,1.457975986277906,541988586206.897,
USA,1961,1.070724147647241,561940310344.828,2.29999999989235
USA,1962,1.198773348201856,603639413793.103,6.100000008077004
USA,1963,1.239669421487533,637058551724.138,4.4000000046618055
USA,1964,1.27891156462591,684144620689.655,5.800000004037798
USA,1965,1.585169263836621,741904862068.965,6.400000001077586
USA,1966,3.0150753768844,813032758620.69,6.500000008650716
USA,1967,2.772785622593087,859620034482.759,2.4999999930659413
USA,1968,4.27179615288537,940225000000.0,4.8000000027832925
USA,1969,5.462386200287452,1017438172413.79,3.0999999965695793
USA,1970,5.838255338482507,1073303000000.0,0.21660649814327826
USA,1971,4.292766688130508,1164850000000.0,3.2927224389989362
USA,1972,3.272278246552827,1279110000000.0,5.255501977715852
USA,1973,6.177760063770383,1425376000000.0,5.64567975951033
USA,1974,11.05480480480481,1545243000000.0,-0.540550190362552
USA,1975,9.143146864965345,1684904000000.0,-0.20561919120805783
USA,1976,5.744812635490851,1873412000000.0,5.388033906146944
USA,1977,6.501683994728401,2081826000000.0,4.624186500794323
USA,1978,7.630963838856056,2351599000000.0,5.535206480572043
USA,1979,11.25447112927951,2627333000000.0,3.1659882251210263
USA,1980,13.54920197496842,2857307000000.0,-0.25677573939140075
USA,1981,10.33471534027709,3207041000000.0,2.5377012704298636
USA,1982,6.131427000274928,3343789000000.0,-1.8030137732120295
USA,1983,3.212435233160646,3634038000000.0,4.583790969440926
USA,1984,4.30053547523429,4037613000000.0,7.236453166545402
USA,1985,3.545644152093654,4338979000000.0,4.169575354222445
USA,1986,1.898047722342757,4579631000000.0,3.4626550452206146
USA,1987,3.664563217516898,4855215000000.0,3.4546296644137158
USA,1988,4.077741107444131,5236438000000.0,4.176982394784432
USA,1989,4.827003030089444,5641580000000.0,3.672237841380152
USA,1990,5.397956439903248,5963144000000.0,1.885965577553776
USA,1991,4.234963964538487,6158129000000.0,-0.108312873733027
USA,1992,3.028819678149688,6520327000000.0,3.522497172542714
USA,1993,2.951656966385589,6858559000000.0,2.7517958631448067
USA,1994,2.607441592154526,7287236000000.0,4.0290227263773915
USA,1995,2.805419688536616,7639749000000.0,2.6844307397029468
USA,1996,2.931204199934415,8073122000000.0,3.7727726904736443
USA,1997,2.337689937307354,8577552000000.0,4.447127934426675
USA,1998,1.552279098743638,9062817000000.0,4.483133354991239
USA,1999,2.188027196973577,9631172000000.0,4.788425048367458
USA,2000,3.376857271499291,10250952000000.0,4.0775857599779926
USA,2001,2.826171118854072,10581929000000.0,0.9555383375998474
USA,2002,1.586031626506012,10929108000000.0,1.7004473307828505
USA,2003,2.270094973361147,11456450000000.0,2.795605963786045
USA,2004,2.677236693091719,12217196000000.0,3.847771692671273
USA,2005,3.392746845495504,13039197000000.0,3.4835499371031204
USA,2006,3.22594410070404,13815583000000.0,2.7845396367423945
USA,2007,2.852672481501383,14474228000000.0,2.003858303949599
USA,2008,3.839100296650996,14769862000000.0,0.1135872475012576
USA,2009,-0.3555462662997474,14478067000000.0,-2.576500236665197
USA,2010,1.640043442389904,15048971000000.0,2.6951925867352458
USA,2011,3.156841568622,15599732000000.0,1.5644068520541907
USA,2012,2.069337265260666,16253970000000.0,2.2891133900976683
USA,2013,1.464832655627167,16880683000000.0,2.1178300944347086
USA,2014,1.622222977408174,17608138000000.0,2.523819817578456
USA,2015,0.1186271355524506,18295019000000.0,2.945550452273366
USA,2016,1.261583205705358,18804913000000.0,1.819451479090887
USA,2017,2.130110003659612,19612102000000.0,2.457622301264493
USA,2018,2.442583296928166,20656516000000.0,2.966505067019426
USA,2019,1.812210075260205,21539982000000.0,2.583825330522245
USA,2020,1.233584396306293,21375281000000.0,-2.081375977796
USA,2021,4.697858863637421,23725645000000.0,6.1520224786752635
USA,2022,8.00279982052121,26054614000000.0,2.524213850732224
USA,2023,4.116338383744878,27811517000000.0,2.934363224401551
USA,2024,2.949525204852073,29298013000000.0,2.7931871536384136
USA,2025,,30769700000000.0,2.1613819562385572
UZB,1960,,,
UZB,1961,,,
UZB,1962,,,
UZB,1963,,,
UZB,1964,,,
UZB,1965,,,
UZB,1966,,,
UZB,1967,,,
UZB,1968,,,
UZB,1969,,,
UZB,1970,,,
UZB,1971,,,
UZB,1972,,,
UZB,1973,,,
UZB,1974,,,
UZB,1975,,,
UZB,1976,,,
UZB,1977,,,
UZB,1978,,,
UZB,1979,,,
UZB,1980,,,
UZB,1981,,,
UZB,1982,,,
UZB,1983,,,
UZB,1984,,,
UZB,1985,,,
UZB,1986,,,
UZB,1987,,8523160592.611115,
UZB,1988,,10722799639.312063,9.138582275157958
UZB,1989,,11948815258.113173,3.0912939730978195
UZB,1990,,13362340337.865679,1.6000000058370887
UZB,1991,,13800167711.500345,-0.4920000051631348
UZB,1992,,12953801760.241446,-11.199999997316112
UZB,1993,,13099920055.960829,-2.3000000043895312
UZB,1994,,12899074922.380007,-5.199999993067237
UZB,1995,,13350461264.996916,-0.9000000054612798
UZB,1996,,13948892215.568863,1.7000000030620015
UZB,1997,,14744603773.584906,5.19999999656406
UZB,1998,,14988971210.838272,4.300000001062742
UZB,1999,,17078465982.028242,4.300000001794018
UZB,2000,,13760513969.314003,3.835000000140255
UZB,2001,,11401421329.197435,4.163838249989027
UZB,2002,,9687788512.801842,3.973488192357081
UZB,2003,,10134453435.46029,4.232627381543821
UZB,2004,,12030023547.88069,7.4490006055964955
UZB,2005,,14307509838.805326,6.950007195691072
UZB,2006,,17330833852.918976,7.451418476217668
UZB,2007,,22311393927.88172,9.47300530544537
UZB,2008,,29549438883.83379,9.029161017847812
UZB,2009,,33689223673.257736,8.050933327339635
UZB,2010,,55544226552.84671,7.5971679610016025
UZB,2011,13.7797446476602,67404618404.539185,8.127936816256451
UZB,2012,13.2088026688373,75318846931.32388,7.356821388994831
UZB,2013,11.84143336220487,82674178351.62161,7.921774926102103
UZB,2014,9.283093561626954,91303765114.0144,7.713739117079783
UZB,2015,8.751881967375075,97564568986.81606,7.944776593116387
UZB,2016,8.130886695235997,97871364319.39845,6.711080226280004
UZB,2017,13.87574254416354,72276404057.64897,4.700274019560609
UZB,2018,17.52417965140548,61318332402.79082,5.72368380757618
UZB,2019,14.52573595606866,70170662562.61113,6.7933109848452204
UZB,2020,12.86772973626065,70127127133.2164,1.6216228164044821
UZB,2021,10.8492397508122,81170051810.58249,8.204485123538774
UZB,2022,11.44664369988359,94286355836.15942,6.08592335737373
UZB,2023,9.956590712580178,107526539716.3175,6.316030042019264
UZB,2024,9.628254659566815,121356065241.22758,6.676187961883613
UZB,2025,8.79638847052461,147038081129.4048,7.6996247793291275
VCT,1960,,13066634.000081666,
VCT,1961,,13999965.0000875,4.527283436562328
VCT,1962,,14524963.68759078,3.694261756161879
VCT,1963,,13708299.062585676,-6.265338634618772
VCT,1964,,14758296.437592238,3.6697256221428773
VCT,1965,,15108295.562594427,0.8849350675247223
VCT,1966,,16099959.750100624,0.0
VCT,1967,,15835106.032778101,-9.523813486806205
VCT,1968,,15350000.0,6.509705960335111
VCT,1969,,16649999.999999998,2.860844908547719
VCT,1970,,18450000.0,10.745889621352774
VCT,1971,,20051922.326144516,2.9680506081176503
VCT,1972,,27585804.8653032,25.831488774984933
VCT,1973,,30165081.08588167,-11.101334932349587
VCT,1974,,32923702.728186585,-8.820591617784729
VCT,1975,6.797706797399626,33237225.98806524,-7.608709375358558
VCT,1976,11.28898261758741,32792844.682944816,10.37682020543771
VCT,1977,10.18691320451434,49353161.85185185,13.229411179348816
VCT,1978,8.429528102845946,60844771.48148148,9.777473890006718
VCT,1979,15.60847832357037,71096359.62962963,3.38221687351745
VCT,1980,17.20747500373582,82340339.62962963,2.4427203070547705
VCT,1981,12.73565664625164,102086539.25925925,4.613904111744688
VCT,1982,7.22825662243943,113759203.33333333,4.4768491414777
VCT,1983,5.458387989902197,122255349.62962963,2.1685961033722805
VCT,1984,2.701955635843831,135024987.77777776,6.586339007014601
VCT,1985,2.139685103290968,145641705.18518516,6.179346195333736
VCT,1986,1.027667984189748,160846656.66666666,5.59974051938687
VCT,1987,3.305946791862206,175580647.4074074,0.4380049723167474
VCT,1988,0.2272296913462977,200726712.59259257,14.074694539359967
VCT,1989,2.833931607783957,214745002.2222222,1.4056108259313191
VCT,1990,7.606099577438916,240366666.66666666,4.149186785139051
VCT,1991,5.492003870013334,254829629.6296296,1.1355752004124469
VCT,1992,3.463530427276544,277955555.5555555,6.377940627082921
VCT,1993,4.291375534466512,286307407.4074074,4.2507307739710285
VCT,1994,1.008949552522505,289437037.037037,-1.2476233644714796
VCT,1995,1.738372898805666,316007407.4074074,7.76665024455248
VCT,1996,4.407901138464544,331488888.8888889,1.2879120031408888
VCT,1997,0.4436160298233483,347770370.3703703,3.505150872706267
VCT,1998,2.142406472683902,373618518.5185185,4.090194933258502
VCT,1999,1.013550444388749,390718518.5185185,2.7103107128915553
VCT,2000,0.1676796374882787,427946037.037037,1.6390319039446695
VCT,2001,0.9008584858664996,462072333.3333333,1.7482310202889835
VCT,2002,1.855503990466547,487763851.8518518,5.342127074367184
VCT,2003,0.2059817088242544,509090888.88888884,6.691336653527969
VCT,2004,2.960039467192865,549900185.1851852,4.114698804447372
VCT,2005,3.733429164670202,579948925.9259259,2.488557339381316
VCT,2006,2.740675160706726,643501148.1481481,6.99692626758825
VCT,2007,7.23614701584807,713596666.6666666,3.3229685982929027
VCT,2008,10.06624182458489,732663259.2592592,0.40464080863888796
VCT,2009,0.4215391256872154,714300259.2592592,-1.3781936056056026
VCT,2010,0.747109026311474,720447888.8888888,-4.47046793507802
VCT,2011,3.1860311155246,713796370.3703703,-0.6062766514832703
VCT,2012,2.598444141471008,730032592.5925926,1.1691121837647813
VCT,2013,0.8051278042679275,764781259.2592592,2.4624841721544044
VCT,2014,0.1938585607940153,770899999.9999999,1.1457271877622048
VCT,2015,-1.733611949539591,786555555.5555555,2.785097917635511
VCT,2016,-0.1496416476332843,814303703.7037036,4.149681004698095
VCT,2017,2.153336488405107,844040740.7407407,1.5481017323995587
VCT,2018,2.324144853679213,884329629.6296296,3.175611442399102
VCT,2019,0.9130697253245903,910481481.4814814,0.6684284810842342
VCT,2020,-0.6281313093546544,864566666.6666666,-4.268924344226491
VCT,2021,1.572729325005577,888677777.7777777,2.0934012446545864
VCT,2022,5.660097792265516,989188888.8888888,3.1108330034352036
VCT,2023,4.564577198148944,1072237037.037037,5.326364720987172
VCT,2024,3.62770736940927,1157207407.4074073,4.061834900502092
VCT,2025,0.8153228937491711,1255222222.222222,3.3921670546227034
VEN,1960,,7663938303.071714,
VEN,1961,,8067267030.618625,3.1925194388939815
VEN,1962,,8814309884.211647,8.532933762906737
VEN,1963,,9608717288.170568,3.900951163817922
VEN,1964,,8192413793.103449,11.1293452932632
VEN,1965,,8427777777.777778,4.16286666476357
VEN,1966,,8781333333.333334,1.5102501110190616
VEN,1967,,9250000000.0,2.8338690309891064
VEN,1968,,10034444444.444445,7.337232658216493
VEN,1969,,10285111111.111113,0.7060367961558427
VEN,1970,,11561111111.11111,7.7119143812440285
VEN,1971,,12986590909.090908,1.4792912099897535
VEN,1972,,13977727272.727272,1.2828050361940484
VEN,1973,,17035581395.348837,7.109957894955741
VEN,1974,,26100930232.558144,2.069333201693098
VEN,1975,,27464651162.7907,2.8962577800714087
VEN,1976,,31419534883.72093,7.727739846798414
VEN,1977,,36210697674.41861,6.2707835129883165
VEN,1978,,39316279069.76744,2.3468963719122797
VEN,1979,,48310930232.558136,0.7643551454256112
VEN,1980,,59116511627.906975,-4.421322364417605
VEN,1981,,66327441860.46511,-1.2618296529968518
VEN,1982,,67736744186.04651,2.555910543131006
VEN,1983,,67556279069.76744,-9.657320872274141
VEN,1984,,59867743467.93346,5.172413793103445
VEN,1985,,61965466666.66667,0.6557377049180246
VEN,1986,,60516123711.340225,6.188925081433226
VEN,1987,,48029034482.75863,4.9079754601226995
VEN,1988,,60226413793.103455,6.432748538011708
VEN,1989,,43536709104.01149,-14.010989010989007
VEN,1990,,48606952194.775154,6.709265175718855
VEN,1991,,53453444786.6256,9.580838323353305
VEN,1992,,60416519620.08489,6.010928961748647
VEN,1993,,60037460783.19407,0.25773195876288924
VEN,1994,,58418666666.66667,-2.3136246786632455
VEN,1995,,77389487770.08832,3.94736842105263
VEN,1996,,70543211119.09897,-0.25316455696201956
VEN,1997,,85837678559.83244,6.345177664974628
VEN,1998,,91336763255.05974,0.47732696897375604
VEN,1999,,97972842461.51306,-5.9382422802850385
VEN,2000,,117146466002.66118,3.535353535353522
VEN,2001,,122911036746.7286,3.41463414634147
VEN,2002,,92893587733.6549,-8.726415094339615
VEN,2003,,83620628582.10815,-7.751937984496138
VEN,2004,,112451400424.9639,18.207282913165272
VEN,2005,,145513489651.87222,10.189573459715646
VEN,2006,,183477522123.8938,9.892473118279568
VEN,2007,,230364012575.68698,8.806262230919756
VEN,2008,,315953388510.678,5.215827338129486
VEN,2009,27.08094144661304,329787628928.47156,-3.07692307692308
VEN,2010,28.1874647092039,393192354510.6531,-1.5873015873015959
VEN,2011,26.0902123160959,316482190800.3637,4.1218637992831475
VEN,2012,21.06899563318759,371846610182.3273,5.679862306368321
VEN,2013,40.63942751615894,258512396297.71417,1.302931596091213
VEN,2014,62.16864997948285,214838755021.9635,-3.858520900321537
VEN,2015,121.7380852975033,125249941853.53416,-6.187290969899664
VEN,2016,254.948534781816,112948035494.95886,-17.11229946524064
VEN,2017,,115892475742.78946,-15.6989247311828
VEN,2018,,101987075928.9176,-19.64285714285714
VEN,2019,,73014157107.59402,-27.61904761904762
VEN,2020,,42837965906.86754,-29.82456140350878
VEN,2021,,56615026262.65345,0.6250000000000142
VEN,2022,,89013251020.98312,8.07453416149069
VEN,2023,,102377501185.92535,4.022988505747122
VEN,2024,,120566112397.06279,5.524861878453052
VEN,2025,,99661244155.63065,1.5706806282722425
VGB,1960,,,
VGB,1961,,,
VGB,1962,,,
VGB,1963,,,
VGB,1964,,,
VGB,1965,,,
VGB,1966,,,
VGB,1967,,,
VGB,1968,,,
VGB,1969,,,
VGB,1970,,,
VGB,1971,,,
VGB,1972,,,
VGB,1973,,,
VGB,1974,,,
VGB,1975,,,
VGB,1976,,,
VGB,1977,,,
VGB,1978,,,
VGB,1979,,,
VGB,1980,,,
VGB,1981,,,
VGB,1982,,,
VGB,1983,,,
VGB,1984,,,
VGB,1985,,,
VGB,1986,,,
VGB,1987,,,
VGB,1988,,,
VGB,1989,,,
VGB,1990,,,
VGB,1991,,,
VGB,1992,,,
VGB,1993,,,
VGB,1994,,,
VGB,1995,,,
VGB,1996,,,
VGB,1997,,,
VGB,1998,,,
VGB,1999,,,
VGB,2000,,,
VGB,2001,,,
VGB,2002,,,
VGB,2003,,,
VGB,2004,,,
VGB,2005,,,
VGB,2006,,,
VGB,2007,,,
VGB,2008,,,
VGB,2009,,,
VGB,2010,,,
VGB,2011,,,
VGB,2012,,,
VGB,2013,,,
VGB,2014,,,
VGB,2015,,,
VGB,2016,,,
VGB,2017,,,
VGB,2018,,,
VGB,2019,,,
VGB,2020,,,
VGB,2021,,,
VGB,2022,,,
VGB,2023,,,
VGB,2024,,,
VGB,2025,,,
VIR,1960,,,
VIR,1961,,,
VIR,1962,,,
VIR,1963,,,
VIR,1964,,,
VIR,1965,,,
VIR,1966,,,
VIR,1967,,,
VIR,1968,,,
VIR,1969,,,
VIR,1970,,,
VIR,1971,,,
VIR,1972,,,
VIR,1973,,,
VIR,1974,,,
VIR,1975,,,
VIR,1976,,,
VIR,1977,,,
VIR,1978,,,
VIR,1979,,,
VIR,1980,,,
VIR,1981,,,
VIR,1982,,,
VIR,1983,,,
VIR,1984,,,
VIR,1985,,,
VIR,1986,,,
VIR,1987,,,
VIR,1988,,,
VIR,1989,,,
VIR,1990,,,
VIR,1991,,,
VIR,1992,,,
VIR,1993,,,
VIR,1994,,,
VIR,1995,,,
VIR,1996,,,
VIR,1997,,,
VIR,1998,,,
VIR,1999,,,
VIR,2000,,,
VIR,2001,,,
VIR,2002,,3262000000.0,
VIR,2003,,3443000000.0,-0.3960808838857588
VIR,2004,,3797000000.0,3.2858936793637668
VIR,2005,,4428000000.0,3.485309017223898
VIR,2006,,4484000000.0,3.504993146661434
VIR,2007,,4784000000.0,4.010594021944769
VIR,2008,,4244000000.0,1.2186249545289058
VIR,2009,,4201000000.0,-6.594788858939808
VIR,2010,,4324000000.0,0.5963832243170515
VIR,2011,,4223000000.0,-8.204245553643148
VIR,2012,,4089000000.0,-14.8125
VIR,2013,,3738000000.0,-6.285155294693084
VIR,2014,,3565000000.0,-1.7745302713987456
VIR,2015,,3663000000.0,-0.4250797024442079
VIR,2016,,3798000000.0,1.6008537886873029
VIR,2017,,3794000000.0,-0.735294117647058
VIR,2018,,3923000000.0,1.8783068783068728
VIR,2019,,4121000000.0,2.908335497273427
VIR,2020,,4229000000.0,-1.6149381781478667
VIR,2021,,4507000000.0,3.6676070787381434
VIR,2022,,4672000000.0,-1.3112320633349839
VIR,2023,,,
VIR,2024,,,
VIR,2025,,,
VNM,1960,,,
VNM,1961,,,
VNM,1962,,,
VNM,1963,,,
VNM,1964,,,
VNM,1965,,,
VNM,1966,,,
VNM,1967,,,
VNM,1968,,,
VNM,1969,,,
VNM,1970,,,
VNM,1971,,,
VNM,1972,,,
VNM,1973,,,
VNM,1974,,,
VNM,1975,,,
VNM,1976,,,
VNM,1977,,,
VNM,1978,,,
VNM,1979,,,
VNM,1980,,,
VNM,1981,,,
VNM,1982,,,
VNM,1983,,,
VNM,1984,,,
VNM,1985,,14094687820.744488,3.805855668109473
VNM,1986,,26336616250.43968,2.789291574794433
VNM,1987,,36658108850.31485,3.583469631307196
VNM,1988,,25423812648.594105,5.135011671578084
VNM,1989,,6293304974.594027,7.364512893958192
VNM,1990,,6471740805.56984,5.100918139083689
VNM,1991,,9613369520.41885,5.960843932189121
VNM,1992,,9866990236.435875,8.646047459345723
VNM,1993,,13180953598.171595,8.07273065739605
VNM,1994,,16286433533.322754,8.838980952453738
VNM,1995,,20736164458.950462,9.540480174912645
VNM,1996,5.674999999999918,24657470574.750126,9.340017499391791
VNM,1997,3.209526062613746,26843700441.5482,8.152084143354202
VNM,1998,7.26619804400963,27209602050.045223,5.7644554584884276
VNM,1999,4.117102357717359,28683659006.77522,4.7735868834498945
VNM,2000,-1.710337278511109,31172518403.316227,6.787316404631511
VNM,2001,-0.4315445117281805,32685198808.55485,6.192893312333766
VNM,2002,3.830828381684676,35064105500.83445,6.320820991608329
VNM,2003,3.234648172939252,39552513231.91688,6.899063490552578
VNM,2004,7.754947487096061,45427854693.25543,7.536410608903864
VNM,2005,8.28457243128667,57633255738.19916,7.547247728959178
VNM,2006,7.418017151084691,66371664817.043625,6.9779548105671125
VNM,2007,8.344448897738468,77414425532.24516,7.129504486054387
VNM,2008,23.11544834744771,99130304099.12743,5.6617712089136205
VNM,2009,6.716982699886315,106014659565.21387,5.3978975401418126
VNM,2010,9.207466487784126,147201173196.97876,6.423244822394821
VNM,2011,18.6777322770706,172595049183.9247,6.413168896816828
VNM,2012,9.094703395571926,195590661129.24908,5.504544704118899
VNM,2013,6.592674758991924,213708811665.34036,5.553510810260718
VNM,2014,4.084554466376248,233451469642.51938,6.422243121185673
VNM,2015,0.6312009051756847,239258328381.7414,6.98715430598611
VNM,2016,2.668248169690824,257096001177.98184,6.690008926604236
VNM,2017,3.520256888116176,281353605986.90344,6.94019037359206
VNM,2018,3.539628059426411,310106478394.6589,7.465006855727509
VNM,2019,2.795823674522436,334365270496.66705,7.359262701050056
VNM,2020,3.220934366525145,346615738537.7963,2.865413209122721
VNM,2021,1.834715548104617,366474752771.00934,2.553728526481308
VNM,2022,3.156507499631116,413445230668.5782,8.537500412181416
VNM,2023,3.25289282667662,433805036898.465,4.978659594832251
VNM,2024,3.621092738858439,476324572783.8072,7.039551971230182
VNM,2025,3.309993142197399,514697215165.06464,8.018829989782446
VUT,1960,,,
VUT,1961,,,
VUT,1962,,,
VUT,1963,,,
VUT,1964,,,
VUT,1965,,,
VUT,1966,,,
VUT,1967,,,
VUT,1968,,,
VUT,1969,,,
VUT,1970,,,
VUT,1971,,,
VUT,1972,,,
VUT,1973,,,
VUT,1974,,,
VUT,1975,,,
VUT,1976,,,
VUT,1977,5.736509479824586,,
VUT,1978,6.413793103448501,,
VUT,1979,4.16936703391667,119258835.3355246,
VUT,1980,11.2401493156364,121185497.5692614,-11.399806707769642
VUT,1981,26.84563758389279,113781795.82356022,4.377956676902613
VUT,1982,6.672545561434478,114501912.52286713,1.9798831153341752
VUT,1983,1.653348029760316,117389554.19140585,3.0096292542200587
VUT,1984,5.516400108430397,144482515.36833617,9.574991484691424
VUT,1985,1.066152858060426,131856420.70318395,1.0016233205540885
VUT,1986,4.76614133197763,126498935.33564945,-0.15046335875265981
VUT,1987,16.03939500527619,139464173.54732406,-2.8939347237917588
VUT,1988,8.760230372840088,158351368.43314883,-1.6928828384002514
VUT,1989,7.74804905239702,154013202.11647508,1.5318935208437807
VUT,1990,4.759441282979698,168879207.24414828,11.695699798593665
VUT,1991,6.46913580246914,201334169.05444124,3.1476384802759014
VUT,1992,4.058441558441603,209088824.608438,2.5854137275347853
VUT,1993,3.565856919991156,200491853.16784695,0.7354479954557291
VUT,1994,2.302560791908685,233701301.4904858,9.081466092892086
VUT,1995,2.229701304164866,249333250.0825075,1.0039450414910362
VUT,1996,0.9063444108762194,261370044.48661375,2.327335416442139
VUT,1997,2.830702231899785,272771209.1136618,4.906812677687711
VUT,1998,3.282159872948633,262293410.70833415,1.176854361136236
VUT,1999,1.998974884674519,268006972.69029635,0.3372932218942708
VUT,2000,2.537688442211065,272014627.8352617,5.924809056529185
VUT,2001,3.577554520950739,257926881.7204301,-3.397582489382657
VUT,2002,1.963567541991954,262596535.54902846,-5.198318759360248
VUT,2003,3.016241299303942,314471413.00177616,4.2883351169545705
VUT,2004,1.418918918918926,364996869.129618,3.9873928021695946
VUT,2005,1.19920053297801,394962433.0293678,5.30532647259227
VUT,2006,2.040816326530617,439358586.5355876,8.460697472054264
VUT,2007,3.93548387096774,516392922.5137279,2.875892287753757
VUT,2008,4.841713221601495,590748429.4019016,5.600991821472249
VUT,2009,4.297065729553574,592622319.1456639,3.0373035409963904
VUT,2010,2.762694694773476,670712979.6820383,1.2588672032925388
VUT,2011,0.8737931047811,770153588.218833,3.139802900234372
VUT,2012,1.34740362877658,747839697.7465929,1.0100476869201742
VUT,2013,1.458933717579207,863347171.9068143,0.4633904151354358
VUT,2014,0.7988638380970228,879185478.4980668,3.1051294727331538
VUT,2015,2.48326875660439,855360239.6098688,3.5010126896209783
VUT,2016,0.8420690840350609,908725512.7909657,3.619808306709274
VUT,2017,3.08452624403546,998536154.8820534,4.223321925199656
VUT,2018,2.330963795668661,1034402941.0429809,2.5153278949197926
VUT,2019,2.76252019386111,1061547512.6925675,3.276772573803143
VUT,2020,5.32935073101715,1017403362.8011788,-5.725302820738506
VUT,2021,2.343283582089533,1093826088.942692,-1.1633248862609094
VUT,2022,6.679305818871213,1151863789.7662375,5.591957297508031
VUT,2023,11.18250170881747,1188137265.1904712,5.829730132697193
VUT,2024,1.143489487274118,1297956614.777829,3.76564827114278
VUT,2025,0.6564551422319054,1353658840.6399336,3.0535782402648266
WLD,1960,,1367697816706.476,
WLD,1961,,1445418078270.8176,3.9138180754851817
WLD,1962,,1546545764840.3335,5.321191550013253
WLD,1963,,1672226662378.7007,5.019485742517531
WLD,1964,,1833219012877.0225,6.629732895061792
WLD,1965,,1997655804366.3518,5.630947845959838
WLD,1966,,2165498646895.1992,5.418885665423431
WLD,1967,,2298119095631.2266,3.738066011349133
WLD,1968,,2483627131302.638,5.947222989110742
WLD,1969,,2743573825629.5527,5.961314480553526
WLD,1970,,3009478988898.7124,3.7653642283934374
WLD,1971,,3325831293865.243,4.108978445058597
WLD,1972,,3842019736073.4204,5.537761778495565
WLD,1973,,4699146820051.779,6.4577270168256575
WLD,1974,,5431302723228.318,1.9919071030610525
WLD,1975,,6048005016166.34,0.8144832816053196
WLD,1976,,6574572862295.263,5.22120338591516
WLD,1977,,7433986513280.191,3.9414487575763104
WLD,1978,,8804316947866.463,4.137116820103586
WLD,1979,,10181253373888.389,4.140877320686087
WLD,1980,,11479787747421.379,1.8153283304459507
WLD,1981,12.4424368936176,11872917775514.773,1.8881749208773329
WLD,1982,10.22172713768915,11747181261106.908,0.4110996849692867
WLD,1983,8.669271598085132,11993276558849.834,2.5768754519907446
WLD,1984,8.080320172557645,12459409786103.518,4.728119481887319
WLD,1985,6.807566557683329,13050699141666.873,3.659925628606814
WLD,1986,5.822665767324843,15397826688510.262,3.305047278635385
WLD,1987,5.710119384866786,17532755119890.904,3.751407205045325
WLD,1988,7.113406529313474,19597682774627.707,4.5291751248320224
WLD,1989,6.923905037112382,20467635430294.49,3.6382432625827903
WLD,1990,8.063460909388327,22991895905266.184,2.708356610349057
WLD,1991,8.99693873494331,23998499386379.797,1.2251812675761755
WLD,1992,7.6361085233697406,25631432757013.746,2.0632248926080194
WLD,1993,7.1445870687625685,26071136171460.637,1.8580269912709184
WLD,1994,10.24793555561189,28066274308784.094,3.4162275853171167
WLD,1995,9.077380952380906,31338014339198.09,3.178073216354619
WLD,1996,6.526095693725793,32064860700885.07,3.5862340180011785
WLD,1997,5.5541298894940505,31954804098164.938,3.99678915639295
WLD,1998,5.097291493314417,31780795899557.164,2.7812528220543697
WLD,1999,3.041946670945332,32829035976968.19,3.5785681912076512
WLD,2000,3.433515634187641,33965806441911.938,4.567201860180674
WLD,2001,3.8365726205254336,33747838963540.047,2.0299444759141068
WLD,2002,2.907996885877619,35048255697763.258,2.3189153527321906
WLD,2003,3.02504526252236,39288473726074.54,3.0741631839530186
WLD,2004,3.5179990309959557,44264898214305.33,4.495378597550314
WLD,2005,4.10725070715931,47938461749088.805,4.059151393905097
WLD,2006,4.267174633902643,51965655998564.414,4.489135105412217
WLD,2007,4.810237043429117,58574302755950.805,4.431233768352854
WLD,2008,8.949953353533871,64378551514749.35,2.091604480649096
WLD,2009,2.860448559026742,61049315651690.32,-1.3330381419249875
WLD,2010,3.3263446336864266,66893676131662.77,4.520852138737837
WLD,2011,4.8006359416940505,74388644404622.53,3.3143183931066744
WLD,2012,3.725326661106463,76055253368044.58,2.7474335944348525
WLD,2013,2.651673429165771,78171001460419.02,2.889747656173242
WLD,2014,2.3937159720979597,80243543597078.89,3.168491930583656
WLD,2015,1.437023809356548,75839351828606.19,3.127213256999056
WLD,2016,1.596912275832041,77084966373474.05,2.789740742345927
WLD,2017,2.223143314488988,82110104984460.0,3.4465862316795466
WLD,2018,2.442583296928166,87310840056717.77,3.2866308646280658
WLD,2019,2.206073057815252,88796498078977.7,2.680308747552999
WLD,2020,1.9050972204750138,86388502867289.22,-2.8862118545708597
WLD,2021,3.4754032028987547,98780038374127.02,6.48508887596752
WLD,2022,8.081695070219824,102862471365574.67,3.4400109726564665
WLD,2023,5.799441073919623,107348614073349.6,2.8593849333597348
WLD,2024,3.014475769779991,111669432109120.67,2.9000134015671364
WLD,2025,3.041413215565396,118350166039395.92,2.9212731853915272
WSM,1960,,,
WSM,1961,,,
WSM,1962,2.654867256637239,,
WSM,1963,0.6896551724137931,,
WSM,1964,5.308219178082285,,
WSM,1965,2.113821138211317,,
WSM,1966,2.866242038216461,,
WSM,1967,-0.5159958720326866,,
WSM,1968,1.711618257261249,,
WSM,1969,4.130545639979657,,
WSM,1970,2.742409402546061,45208337.60938605,
WSM,1971,4.76644423260296,53719568.965517245,13.513513642439335
WSM,1972,7.506824385805339,62566116.375481196,1.5873015785247162
WSM,1973,11.7642429959867,82452985.36585365,7.291666554404074
WSM,1974,24.98767865956126,93549610.93343005,-10.67961156970955
WSM,1975,8.787742226318747,93489282.55372944,-3.8043478816491216
WSM,1976,4.903686826910464,85003077.69675635,9.322033913316034
WSM,1977,14.61079026594285,98295671.03421956,-0.7751937406731884
WSM,1978,2.058658857020856,108223444.24826838,6.249999965981033
WSM,1979,11.11955099804967,122257392.88307916,10.909091959742085
WSM,1980,33.04724289850005,125747037.963668,-6.193078841483029
WSM,1981,20.50662444712941,118190654.67556329,-9.029122336897473
WSM,1982,18.29622458911865,121221651.61931582,-0.9605141071497627
WSM,1983,16.46013560899332,111862823.57497902,0.4310359573975546
WSM,1984,11.86006825947153,109200934.3285185,1.2875581429265566
WSM,1985,9.090501188874926,95572172.98356567,3.919496402662247
WSM,1986,5.733558179020046,100947848.6447804,5.504578262865991
WSM,1987,4.566849496368282,111713922.14157791,0.4830960512566236
WSM,1988,8.507868010863007,133016065.41606541,-1.4422996844264162
WSM,1989,6.462561711464445,122888609.71524288,3.7073136315366213
WSM,1990,15.23846327246954,125766269.75535831,-4.421450884118485
WSM,1991,-1.81919798798399,125597205.42231491,-2.300012386450007
WSM,1992,9.03113792907172,132303041.36253041,-0.1999871450703381
WSM,1993,1.715091236588684,133122897.19626167,4.099991010138893
WSM,1994,12.08038189097621,221098106.50887573,-2.5421004809094825
WSM,1995,-2.903528657461424,224865731.38190347,6.673643146496701
WSM,1996,5.37461972030278,249907868.77242404,7.178968817831873
WSM,1997,6.861823553108767,285475591.89650965,0.6434250043231344
WSM,1998,2.21883468834654,269485244.1551099,2.1948897178647826
WSM,1999,0.2651201325603551,255408060.2594861,2.1854343739738766
WSM,2000,0.9667823500247295,258856139.79848865,5.093044692444181
WSM,2001,3.83828463867725,266299591.47942805,7.390129061729894
WSM,2002,8.050314465408704,281790134.2119716,5.651959198903484
WSM,2003,0.1158301158301068,333426188.41876,5.212628926341495
WSM,2004,16.31315079059008,407747565.09695876,3.0872602379674987
WSM,2005,1.856763925729489,476801793.15942883,6.639203613007339
WSM,2006,3.700086805555532,499923757.78073615,2.132127146773513
WSM,2007,5.577063932196288,573548459.8333715,0.48598255001725477
WSM,2008,11.56590683845396,641346191.6647757,3.556104673950003
WSM,2009,6.324953362352282,628006115.4240516,-0.5416776018345928
WSM,2010,0.7770072687776919,680260907.1539834,6.124719922612499
WSM,2011,5.235415914784342,744097050.1691153,3.8490779466039555
WSM,2012,2.049018835211604,773141661.1655476,-3.7321302089026602
WSM,2013,0.61008572090503,797736334.2813052,0.10729327648893161
WSM,2014,-0.4068160884248905,796683519.593842,0.6599237687828605
WSM,2015,0.7244701348747289,824150498.6535364,3.8503618166493965
WSM,2016,1.304718693031793,843924796.6974211,7.9838628784712995
WSM,2017,1.749896774847051,884844384.4632136,1.4062823997130067
WSM,2018,4.197458886637519,878448433.4043417,-0.6096471033801407
WSM,2019,0.982326569888117,912950466.0649056,4.451858916886906
WSM,2020,-1.568912477408954,868884902.9530891,-3.108644858639906
WSM,2021,3.13320473174494,859724936.0576502,-5.043505897082866
WSM,2022,10.96188222868439,889554711.8423406,2.2670531078066887
WSM,2023,7.921646848267772,1044909500.0252702,15.233606465518037
WSM,2024,2.172455305143773,1175749785.6511252,4.748386391653497
WSM,2025,2.211962076467505,1287936621.6461875,4.2044065900622485
XKX,1960,,,
XKX,1961,,,
XKX,1962,,,
XKX,1963,,,
XKX,1964,,,
XKX,1965,,,
XKX,1966,,,
XKX,1967,,,
XKX,1968,,,
XKX,1969,,,
XKX,1970,,,
XKX,1971,,,
XKX,1972,,,
XKX,1973,,,
XKX,1974,,,
XKX,1975,,,
XKX,1976,,,
XKX,1977,,,
XKX,1978,,,
XKX,1979,,,
XKX,1980,,,
XKX,1981,,,
XKX,1982,,,
XKX,1983,,,
XKX,1984,,,
XKX,1985,,,
XKX,1986,,,
XKX,1987,,,
XKX,1988,,,
XKX,1989,,,
XKX,1990,,,
XKX,1991,,,
XKX,1992,,,
XKX,1993,,,
XKX,1994,,,
XKX,1995,,,
XKX,1996,,,
XKX,1997,,,
XKX,1998,,,
XKX,1999,,,
XKX,2000,,,
XKX,2001,,,
XKX,2002,,,
XKX,2003,-1.084812623274135,,
XKX,2004,-1.064726966055254,,
XKX,2005,-1.385189131592993,,
XKX,2006,0.6216469386017279,,
XKX,2007,4.358496953283691,,
XKX,2008,9.350417646581779,5202943075.49453,
XKX,2009,-2.410264016612286,5035779642.016793,5.034854138398927
XKX,2010,3.480507637358424,5343950626.1666765,4.939950959613952
XKX,2011,7.3364177131527,6341614504.591453,6.3198102289676115
XKX,2012,2.476737821565329,6163483291.08047,1.7121959589054825
XKX,2013,1.767324283548916,6735327512.051784,5.3407991190027815
XKX,2014,0.4289578083240921,7074392884.0450735,3.348804784316229
XKX,2015,-0.5369293927406592,6295845465.358981,5.916231283452106
XKX,2016,0.2731694310454681,6682674062.961495,5.571775047316322
XKX,2017,1.488234305923193,7180768692.263542,4.825655652980544
XKX,2018,1.053797736549915,7878762812.201563,3.4066322705628522
XKX,2019,2.675992026398933,7899204690.792144,4.75680057007834
XKX,2020,0.1982279229948544,7734497455.7541065,-5.34027547826166
XKX,2021,3.353691392079971,9412099545.05799,10.745656081958302
XKX,2022,11.58051045420125,9367633202.546728,4.278498958275435
XKX,2023,4.944324387912826,10466753839.992342,4.067627014364376
XKX,2024,1.619449945594762,11203038332.335936,4.573097168116604
XKX,2025,3.859538698695058,12456403306.819128,3.592171425444832
YEM,1960,,,
YEM,1961,,,
YEM,1962,,,
YEM,1963,,,
YEM,1964,,,
YEM,1965,,,
YEM,1966,,,
YEM,1967,,,
YEM,1968,,,
YEM,1969,,,
YEM,1970,,,
YEM,1971,,,
YEM,1972,,,
YEM,1973,,,
YEM,1974,,,
YEM,1975,,,
YEM,1976,,,
YEM,1977,,,
YEM,1978,,,
YEM,1979,,,
YEM,1980,,,
YEM,1981,,,
YEM,1982,,,
YEM,1983,,,
YEM,1984,,,
YEM,1985,,,
YEM,1986,,,
YEM,1987,,,
YEM,1988,,,
YEM,1989,,,
YEM,1990,,12643821568.96257,
YEM,1991,35.99999999999995,14665445462.114904,6.293493859929271
YEM,1992,29.41176470588236,17959367194.004997,8.207598137226867
YEM,1993,35.75229801644908,21736802664.446297,4.001966381266314
YEM,1994,49.39415538132538,28019483763.53039,6.721949122316957
YEM,1995,55.08110687022924,12796345679.012346,5.669371322284334
YEM,1996,30.7337332718043,6496163615.660856,4.634967316689512
YEM,1997,2.176726673726458,6838298530.54911,5.2311120404037865
YEM,1998,5.976508521418603,6322175565.946511,6.0066945987187665
YEM,1999,8.660219493643458,7639325295.882872,3.7755304961263363
YEM,2000,4.589999999999812,9679316770.186335,6.1819155928913005
YEM,2001,11.9115912929855,9852990692.987137,3.8036458718812725
YEM,2002,12.2385339389711,10693430511.466354,3.935231505277798
YEM,2003,10.83236070232415,11777532662.04989,3.747398184891111
YEM,2004,12.51509514952074,13867634371.477274,3.9726964011830006
YEM,2005,11.81126393749489,16731566717.188839,5.59174807563268
YEM,2006,10.84479869142567,19063143369.85798,3.1704093592236404
YEM,2007,7.905117789887304,21650528674.09326,3.338427956050964
YEM,2008,18.97625743180765,26910855807.288002,3.647569470126328
YEM,2009,5.407760980775217,25130278212.55747,3.8662295158774214
YEM,2010,11.17483386050437,30906749533.221,7.70128607527964
YEM,2011,19.5435617131144,32726417878.391018,-12.714896903513349
YEM,2012,9.885387144848714,35401331609.59164,2.3929902136469394
YEM,2013,10.9684421500198,40415233436.17665,4.823519084939122
YEM,2014,8.10472583623915,43228585321.327194,-0.1886902419545038
YEM,2015,,42444490073.85545,-27.994546250254132
YEM,2016,,31317825274.150734,-9.375123797367522
YEM,2017,,26842229044.584846,-5.07179568062152
YEM,2018,,21606160663.03177,0.7524475929625538
YEM,2019,,,
YEM,2020,,,
YEM,2021,,,
YEM,2022,,,
YEM,2023,,,
YEM,2024,,,
YEM,2025,,,
ZAF,1960,1.288876926879919,8748596500.5614,
ZAF,1961,2.102350599559782,9225996309.601477,3.8447341417408865
ZAF,1962,1.246275199654946,9813996074.401571,6.177930850427458
ZAF,1963,1.337970644906925,10854195658.321737,7.373709248772229
ZAF,1964,2.534988542348981,11955995217.601913,7.939608644806768
ZAF,1965,4.069018532945839,13068994772.402092,6.122798096014421
ZAF,1966,3.489237153851748,14211394315.442274,4.438386089468892
ZAF,1967,3.538965802362332,15821393671.442532,7.196523065141065
ZAF,1968,1.98613362103222,17124793150.08274,4.153372982933462
ZAF,1969,3.238217215856668,19256992297.203083,4.715902867222411
ZAF,1970,4.991924554356171,21218391512.643394,5.248661431182924
ZAF,1971,5.957420852134859,23411076638.27901,4.278934402969824
ZAF,1972,6.425676388791752,24515919216.8851,1.6548297088469894
ZAF,1973,9.43398376978394,33262772008.144573,4.571944746372708
ZAF,1974,11.7241315190611,41389186094.59923,6.111122103721883
ZAF,1975,13.42592485303755,42906905672.42004,1.6954337793109886
ZAF,1976,11.02041058924515,41150460287.615074,2.2498603291933392
ZAF,1977,11.15195783193,45328411332.10283,-0.09397911612558119
ZAF,1978,11.13560888295652,51607412901.853226,3.014479779129232
ZAF,1979,13.29366246280588,63038658088.91206,3.7905192640578207
ZAF,1980,13.66024046811153,89411864402.42722,6.62058342724157
ZAF,1981,15.25423376741938,93141472163.75961,5.360791059640448
ZAF,1982,14.63904058531278,85904057409.3585,-0.3834191083754348
ZAF,1983,12.30320530060059,96204110941.56717,-1.8465577459506335
ZAF,1984,11.52648143449604,84870163365.9306,5.099151630014774
ZAF,1985,16.29422524264212,64459376086.68828,-1.2115408824038667
ZAF,1986,18.65492303887548,73354771399.26268,0.01784924016521927
ZAF,1987,16.16059485467912,96535763418.37288,2.100729020536747
ZAF,1988,12.77955308302802,103976831870.95662,4.2001096483818685
ZAF,1989,14.73087539823813,108055624081.80649,2.3947951153840563
ZAF,1990,14.32099189149148,126048140141.86874,-0.3177604265403744
ZAF,1991,15.33477857336716,135203698237.97719,-1.0182449675445042
ZAF,1992,13.87470374861499,146956150986.6361,-2.1370328450052085
ZAF,1993,9.717427298030282,147194747565.75027,1.233557938647408
ZAF,1994,8.938563723594,153512712381.83646,3.20000000297172
ZAF,1995,8.680424213926312,171735933897.33078,3.1000000005441137
ZAF,1996,7.354119720853326,163234925380.56342,4.299999997267918
ZAF,1997,8.59777611252274,168978057327.7297,2.6000000014634708
ZAF,1998,6.880545210373508,152982984557.2333,0.50000000034143
ZAF,1999,5.181489051116974,151516957078.53558,2.3999999974633823
ZAF,2000,5.338959135998278,151752757215.3085,4.2000000006782585
ZAF,2001,5.701894830496081,135429905922.5262,2.7000000001910394
ZAF,2002,9.494713780996003,129087556612.44882,3.700374404066679
ZAF,2003,5.679424140687994,197018965308.69696,2.94907546754213
ZAF,2004,-0.6920394378576867,255806908594.57254,4.554559907217737
ZAF,2005,2.062853082234273,288867217196.534,5.277051972954666
ZAF,2006,3.243907654192295,303858675363.64276,5.603806458958886
ZAF,2007,6.177812148093879,333077117253.6838,5.360474053941616
ZAF,2008,9.909984560054667,316131258616.309,3.1910438863287993
ZAF,2009,7.238095238095269,329754060647.12897,-1.5380891352558308
ZAF,2010,4.067495559502634,417363822801.71265,3.039732881279562
ZAF,2011,5.0008533879502,458199494830.83356,3.1685562785881842
ZAF,2012,5.73797139141739,434400545085.8111,2.396232384657452
ZAF,2013,5.780169100691757,400886013595.5732,2.485468008265883
ZAF,2014,6.132829530591491,381198869776.10565,1.4138264522379274
ZAF,2015,4.518690948925061,346709790458.56305,1.3218622367822945
ZAF,2016,6.602908423948717,323585509674.4806,0.6645523078581164
ZAF,2017,5.186186555241493,381448814653.4564,1.157946951817351
ZAF,2018,4.509872648673875,405260723892.51685,1.5567838472167637
ZAF,2019,4.102850754611558,389330032224.2691,0.2599355768763303
ZAF,2020,3.232388316151135,337974655408.0553,-6.1689177146757
ZAF,2021,4.61874544887136,419986284375.36835,4.858648650601481
ZAF,2022,7.039872725464818,407596043067.88525,2.058136616921928
ZAF,2023,6.075243845796597,381440724491.2316,0.8061045509580396
ZAF,2024,4.361152465189621,401144998373.5852,0.534843531905139
ZAF,2025,3.205504741126034,427184325997.307,1.1146260810395603
ZMB,1960,,698739720.7836072,
ZMB,1961,,682359727.3290527,1.361381991474886
ZMB,1962,,679279728.5598202,-2.4908394745487072
ZMB,1963,,704339718.5458481,3.272392892725236
ZMB,1964,,822639671.273187,12.21404801793227
ZMB,1965,,1061199575.944649,16.64745596321258
ZMB,1966,,1238999504.8957973,-5.570309808604662
ZMB,1967,,1340639464.2804694,7.919696511998751
ZMB,1968,,1573739371.1337466,1.2483299822279719
ZMB,1969,,1926399230.2108667,-0.43691582308821353
ZMB,1970,,1788779285.2037969,4.79711290318896
ZMB,1971,,1653259341.2911339,-0.08603955086744008
ZMB,1972,,1872416680.07912,9.208865142312789
ZMB,1973,,2434255236.9993525,-0.9620487564263271
ZMB,1974,,2910981262.100179,6.428158548920962
ZMB,1975,,2442672140.9469957,-2.269328924189523
ZMB,1976,,2742859262.9794016,6.220975267071751
ZMB,1977,,2515296939.606858,-4.564236174365405
ZMB,1978,,2811032472.939216,0.5537638442484081
ZMB,1979,,3353445378.1512623,-3.0239310312180265
ZMB,1980,,3884530853.7616215,3.0356223506610576
ZMB,1981,,4008126497.3646398,6.1679574065058915
ZMB,1982,,3871117092.8667564,-2.8127826286889075
ZMB,1983,,3321048451.1517076,-1.9666892976213433
ZMB,1984,,2719518932.9954066,-0.3368348992560186
ZMB,1985,,2252454500.1489625,1.6153103675931106
ZMB,1986,55.82822085889661,1664413508.0985258,0.7238939559239128
ZMB,1987,47.04724409448764,2265250972.34879,2.67566171341133
ZMB,1988,51.00401606425738,3728878148.807922,6.280749008976926
ZMB,1989,123.4042553191498,3994673161.0264907,-1.023501788698681
ZMB,1990,107.0238095238085,3288381797.3241487,-0.48107202778166425
ZMB,1991,97.64232317423834,3376806697.1218047,-0.036133383882329895
ZMB,1992,165.7065270099896,3182810841.017044,-1.7309221735256557
ZMB,1993,183.3120414643934,3273505343.8553944,6.797274049071177
ZMB,1994,54.60132184130161,3656806165.788479,-8.62544195231277
ZMB,1995,34.9295874166667,3806983413.1641593,2.897668893416977
ZMB,1996,43.07309799828819,3597220962.0001655,6.218546488942934
ZMB,1997,24.41872156894123,4303288479.708604,3.814007497183553
ZMB,1998,24.4584563516656,3537741941.8936677,-0.3857461457903497
ZMB,1999,26.78769667900287,3404284890.530603,4.650189746374096
ZMB,2000,26.03041178881214,3600632111.414137,3.8973229434189562
ZMB,2001,21.39378217925458,4094441301.2142286,5.316868274184188
ZMB,2002,22.23334464309469,4193850445.4263234,4.506014280326042
ZMB,2003,21.40157839019952,4901869764.059568,6.9449739822122325
ZMB,2004,17.96778910872861,6221110219.455416,7.032395115152184
ZMB,2005,18.32443970117399,8331870169.149771,7.235599006555432
ZMB,2006,9.019572472264858,12756858899.281174,7.9036944448007915
ZMB,2007,10.65734960001529,14056957976.264833,8.352436244474063
ZMB,2008,12.44557934631924,17910858637.904797,7.773895815423629
ZMB,2009,13.39525463258952,15328342303.957512,9.220348405866304
ZMB,2010,8.501761333652647,20265559483.854828,10.298223324121267
ZMB,2011,6.4293968107234,23459515275.577595,5.569252192630188
ZMB,2012,6.575899707576976,25503060420.026028,7.597381049019944
ZMB,2013,6.977676054903073,28037239462.71422,5.0575369504725245
ZMB,2014,7.806875535663326,27141023558.08286,4.693283163767049
ZMB,2015,10.11059289096177,21251216798.776245,2.920375112179613
ZMB,2016,17.86973007952677,20958412538.309345,3.7551003167898784
ZMB,2017,6.577311542056444,25873601260.835304,3.5258627714992627
ZMB,2018,7.494571927285201,26311507273.67354,4.034493896671648
ZMB,2019,9.150316443162955,23308667781.225754,1.44130602603785
ZMB,2020,15.73306047213692,18137764930.65097,-2.7850550654516724
ZMB,2021,22.02076762457765,22096416932.008896,6.234922047264476
ZMB,2022,10.99320392091359,29163782140.485832,5.211223603562473
ZMB,2023,10.88453169128201,27577956471.243988,5.36794285493059
ZMB,2024,14.9856262747939,25303185342.251072,3.8200482551859096
ZMB,2025,13.90990958277354,28879806220.12635,3.757728367639018
ZWE,1960,,1053528036.42755,
ZWE,1961,,1097206526.4345698,6.316157266600399
ZWE,1962,,1118172225.6501925,1.4344708894258957
ZWE,1963,,1160103724.1325,6.244344506296045
ZWE,1964,,1217759447.0009925,-1.1061718595304768
ZWE,1965,,1312105393.624475,4.910570587396478
ZWE,1966,,1282403936.3768125,1.5231300276939095
ZWE,1967,,1397715282.0627425,8.367008929291785
ZWE,1968,,1480355354.9447353,1.9701349682175788
ZWE,1969,,1748891294.20526,12.428235836365758
ZWE,1970,,1885168339.1068125,22.565150839282694
ZWE,1971,,2179828710.187382,8.917586642459739
ZWE,1972,,2679096596.575175,8.329774726325795
ZWE,1973,,3311043291.6125746,2.6047146972166644
ZWE,1974,,3984194614.195524,6.62515361824849
ZWE,1975,,4373532601.157025,-1.9312232391125264
ZWE,1976,,4320576876.791775,0.464838905905296
ZWE,1977,,4366610468.654375,-6.86070319418188
ZWE,1978,,4353822342.617875,-2.706922484287105
ZWE,1979,,5180102910.1171,3.297035399471156
ZWE,1980,,6682278300.262199,14.42068390831804
ZWE,1981,,8015464251.716925,12.52542485246073
ZWE,1982,,8544060905.161125,2.634297146549102
ZWE,1983,,7768031181.672625,1.5853054617688969
ZWE,1984,,6355369171.99585,-1.907360110160198
ZWE,1985,,5640137575.007274,6.944387767607822
ZWE,1986,,6220698246.729275,2.0990291255789373
ZWE,1987,,6744657033.3772745,1.1507372027161011
ZWE,1988,,7818774176.837924,7.552374510450235
ZWE,1989,,8290553535.280125,5.199766444125004
ZWE,1990,,8788301546.044975,6.98855293279334
ZWE,1991,,8646000000.0,5.531790374480636
ZWE,1992,,6755000000.0,-9.015565386659262
ZWE,1993,,6567250000.0,1.0513702009270105
ZWE,1994,,6894250000.0,9.235235680546737
ZWE,1995,,7115000000.0,0.1580348280645154
ZWE,1996,,8557500000.0,10.360738459408651
ZWE,1997,,8534000000.0,2.680546322592022
ZWE,1998,,6405250000.0,2.885295164155835
ZWE,1999,,6861500000.0,-0.8178952672957251
ZWE,2000,,6693250000.0,-3.0591178057559887
ZWE,2001,,6780750000.0,1.4395172772195792
ZWE,2002,,6345250000.0,-8.894012857927521
ZWE,2003,,5730500000.0,-16.995073335576322
ZWE,2004,,5808500000.0,-5.807539641962052
ZWE,2005,,5758250000.0,-5.711125412413637
ZWE,2006,,5446750000.0,-3.461402903369631
ZWE,2007,,5294750000.0,-3.653250914872004
ZWE,2008,,4418000000.0,-17.668998795849063
ZWE,2009,,9670750000.0,13.272054616797874
ZWE,2010,3.022670025188917,12047750000.0,19.675407701932258
ZWE,2011,3.4661297281749,14109000000.0,14.193915680113903
ZWE,2012,3.725326661106463,17123500000.0,16.665429041033747
ZWE,2013,1.634950415438219,19100750000.0,1.9894855402519767
ZWE,2014,-0.1977848101266099,19505500000.0,2.3769856166341725
ZWE,2015,-2.430968423834039,19973250000.0,1.7798535639217619
ZWE,2016,-1.54366960054161,20559249999.999996,0.7557940585522402
ZWE,2017,0.8939623160500274,51035657370.51794,4.734411177584818
ZWE,2018,10.61886586695751,34141666666.666668,5.009921542976031
ZWE,2019,255.3049907578557,33360632553.355614,-6.332449760285712
ZWE,2020,557.2018173620507,31979753644.655804,-7.816950601887285
ZWE,2021,98.54610509206238,41287852523.501564,8.468016768080005
ZWE,2022,104.7051706286672,40757585308.501595,6.139263275702135
ZWE,2023,,35871781303.42901,5.350868790983299
ZWE,2024,,41521975830.23513,1.6764945492151213
ZWE,2025,,51215643905.5886,8.106713430489094
