t,i,k4,label_observed_continuing,p_base
2010,842,8401,0,0.4126514494419098
2010,842,8402,0,0.09155108779668808
2010,842,8403,0,0.21419382095336914
2010,842,8404,0,0.17446660995483398
2010,842,8405,0,0.07093551009893417
2010,842,8406,0,0.10566205531358719
2010,842,8407,0,0.07007312774658203
2010,842,8408,0,0.05670264735817909
2010,842,8409,0,0.05348864942789078
2010,842,8410,0,0.45312759280204773
2010,842,8411,0,0.034044668078422546
2010,842,8412,0,0.03400246426463127
2010,842,8413,0,0.04500608146190643
2010,842,8414,0,0.07790695875883102
2010,842,8415,0,0.045457623898983
2010,842,8416,0,0.0695219412446022
2010,842,8417,0,0.17186002433300018
2010,842,8418,0,0.03544492647051811
2010,842,8419,0,0.0771879255771637
2010,842,8420,1,0.4326847493648529
2010,842,8421,0,0.03131895512342453
2010,842,8422,0,0.054041117429733276
2010,842,8423,0,0.05324222519993782
2010,842,8424,0,0.042935147881507874
2010,842,8425,0,0.04813883453607559
2010,842,8426,0,0.12575288116931915
2010,842,8427,0,0.058358099311590195
2010,842,8428,0,0.1118805930018425
2010,842,8429,0,0.039801981300115585
2010,842,8430,0,0.10692509263753891
2010,842,8431,0,0.043190162628889084
2010,842,8432,0,0.47707900404930115
2010,842,8433,0,0.038553182035684586
2010,842,8434,0,0.4836350381374359
2010,842,8436,0,0.3038114905357361
2010,842,8437,0,0.33133503794670105
2010,842,8438,0,0.24963752925395966
2010,842,8439,0,0.08872184157371521
2010,842,8440,0,0.09042488783597946
2010,842,8441,0,0.06892234086990356
2010,842,8442,0,0.04138452187180519
2010,842,8443,0,0.05807620659470558
2010,842,8444,1,0.22132641077041626
2010,842,8445,0,0.25012698769569397
2010,842,8446,1,0.26809999346733093
2010,842,8447,0,0.14743590354919434
2010,842,8448,0,0.09990525990724564
2010,842,8449,1,0.09636720269918442
2010,842,8450,0,0.2627919018268585
2010,842,8451,0,0.03985725715756416
2010,842,8452,0,0.10125762969255447
2010,842,8453,0,0.1391145884990692
2010,842,8454,0,0.10524392127990723
2010,842,8455,1,0.17975640296936035
2010,842,8456,0,0.04493214562535286
2010,842,8457,0,0.1294151395559311
2010,842,8458,0,0.09227105230093002
2010,842,8459,0,0.09992775321006775
2010,842,8460,0,0.09544260799884796
2010,842,8461,0,0.07583601772785187
2010,842,8462,0,0.18007998168468475
2010,842,8463,0,0.12331650406122208
2010,842,8464,0,0.08155661076307297
2010,842,8465,0,0.056790731847286224
2010,842,8466,0,0.040921930223703384
2010,842,8467,0,0.02722424827516079
2010,842,8468,0,0.09580303728580475
2010,842,8469,0,0.16560737788677216
2010,842,8470,1,0.07216593623161316
2010,842,8471,0,0.02432519756257534
2010,842,8472,0,0.04522917792201042
2010,842,8473,0,0.05642639100551605
2010,842,8474,0,0.06044284254312515
2010,842,8475,0,0.33784806728363037
2010,842,8476,0,0.06569722294807434
2010,842,8477,0,0.04745914414525032
2010,842,8478,0,0.38389283418655396
2010,842,8479,0,0.09523129463195801
2010,842,8480,0,0.17146655917167664
2010,842,8481,0,0.05215901881456375
2010,842,8482,0,0.03675588220357895
2010,842,8483,0,0.031665388494729996
2010,842,8484,0,0.06434132158756256
2010,842,8485,0,0.05475369840860367
2010,276,8401,0,0.2747858166694641
2010,276,8402,0,0.0489116869866848
2010,276,8403,0,0.061474092304706573
2010,276,8404,1,0.24559500813484192
2010,276,8405,0,0.13952086865901947
2010,276,8406,0,0.10377175360918045
2010,276,8407,0,0.04602715000510216
2010,276,8408,0,0.035578299313783646
2010,276,8409,0,0.053029872477054596
2010,276,8410,0,0.26444053649902344
2010,276,8411,0,0.035534754395484924
2010,276,8412,0,0.03694240376353264
2010,276,8413,0,0.03861363232135773
2010,276,8414,0,0.03400074690580368
2010,276,8415,0,0.037244003266096115
2010,276,8416,0,0.08530600368976593
2010,276,8417,0,0.17291630804538727
2010,276,8418,0,0.045678745955228806
2010,276,8419,0,0.050041116774082184
2010,276,8420,0,0.14426922798156738
2010,276,8421,0,0.023667562752962112
2010,276,8422,0,0.03376033529639244
2010,276,8423,0,0.028603533282876015
2010,276,8424,0,0.04157014191150665
2010,276,8425,0,0.06558161973953247
2010,276,8426,0,0.11922147125005722
2010,276,8427,0,0.061663392931222916
2010,276,8428,0,0.05090348795056343
2010,276,8429,0,0.03588957339525223
2010,276,8430,0,0.0920599177479744
2010,276,8431,0,0.04470864310860634
2010,276,8432,0,0.1189010739326477
2010,276,8433,0,0.054232507944107056
2010,276,8434,0,0.12190987914800644
2010,276,8436,0,0.07058641314506531
2010,276,8437,0,0.0616067610681057
2010,276,8438,0,0.12690429389476776
2010,276,8439,0,0.08226124942302704
2010,276,8440,0,0.06925103068351746
2010,276,8441,0,0.05991895869374275
2010,276,8442,0,0.07277008146047592
2010,276,8443,0,0.06049362197518349
2010,276,8444,0,0.12332624942064285
2010,276,8445,0,0.1157560795545578
2010,276,8446,0,0.2686745822429657
2010,276,8447,0,0.19642040133476257
2010,276,8448,0,0.06570499390363693
2010,276,8449,0,0.13531388342380524
2010,276,8450,0,0.07370833307504654
2010,276,8451,0,0.0697346106171608
2010,276,8452,0,0.06029943749308586
2010,276,8453,0,0.07917989790439606
2010,276,8454,0,0.1691623479127884
2010,276,8455,0,0.22432544827461243
2010,276,8456,0,0.06343560665845871
2010,276,8457,0,0.1356305330991745
2010,276,8458,0,0.08499088883399963
2010,276,8459,0,0.09467455744743347
2010,276,8460,0,0.17512086033821106
2010,276,8461,0,0.17310626804828644
2010,276,8462,0,0.09800819307565689
2010,276,8463,0,0.09096415340900421
2010,276,8464,0,0.08239340782165527
2010,276,8465,0,0.05434628948569298
2010,276,8466,0,0.047581691294908524
2010,276,8467,0,0.025869829580187798
2010,276,8468,0,0.0674966424703598
2010,276,8469,1,0.40192773938179016
2010,276,8470,0,0.11172503978013992
2010,276,8471,0,0.08041224628686905
2010,276,8472,0,0.034413713961839676
2010,276,8473,0,0.11344708502292633
2010,276,8474,0,0.1471319943666458
2010,276,8475,0,0.14783601462841034
2010,276,8476,0,0.1473362147808075
2010,276,8477,0,0.06789088249206543
2010,276,8478,0,0.09977351874113083
2010,276,8479,0,0.03924957290291786
2010,276,8480,0,0.09569965302944183
2010,276,8481,0,0.04338563233613968
2010,276,8482,0,0.032710961997509
2010,276,8483,0,0.058572497218847275
2010,276,8484,0,0.03273091837763786
2010,276,8485,0,0.05993379279971123
2010,392,8401,0,0.2090412974357605
2010,392,8402,1,0.13262495398521423
2010,392,8403,0,0.14470508694648743
2010,392,8404,1,0.6292361617088318
2010,392,8405,0,0.1876119077205658
2010,392,8406,0,0.13189873099327087
2010,392,8407,0,0.04919309914112091
2010,392,8408,0,0.03943195194005966
2010,392,8409,0,0.03511132672429085
2010,392,8410,1,0.14929436147212982
2010,392,8411,0,0.03775964677333832
2010,392,8412,0,0.08080127835273743
2010,392,8413,0,0.03482244908809662
2010,392,8414,0,0.03879151493310928
2010,392,8415,0,0.03258791193366051
2010,392,8416,0,0.22374318540096283
2010,392,8417,0,0.15555185079574585
2010,392,8418,0,0.10564164817333221
2010,392,8419,0,0.13109712302684784
2010,392,8420,0,0.4783744513988495
2010,392,8421,0,0.02869386598467827
2010,392,8422,0,0.036875393241643906
2010,392,8423,0,0.07182058691978455
2010,392,8424,0,0.050560709089040756
2010,392,8425,0,0.05135523900389671
2010,392,8426,0,0.0652981773018837
2010,392,8427,0,0.07359127700328827
2010,392,8428,0,0.08244138956069946
2010,392,8429,0,0.0432557575404644
2010,392,8430,0,0.08703891187906265
2010,392,8431,0,0.07983992993831635
2010,392,8432,0,0.1145753264427185
2010,392,8433,0,0.03727470338344574
2010,392,8434,0,0.08067522197961807
2010,392,8435,0,0.3292788565158844
2010,392,8436,0,0.11580095440149307
2010,392,8437,0,0.15793094038963318
2010,392,8438,0,0.07584822177886963
2010,392,8439,0,0.1799389272928238
2010,392,8440,0,0.08347652107477188
2010,392,8441,0,0.07010683417320251
2010,392,8442,0,0.06867465376853943
2010,392,8443,0,0.06849254667758942
2010,392,8444,0,0.28095293045043945
2010,392,8445,0,0.2528914511203766
2010,392,8446,0,0.18601451814174652
2010,392,8447,0,0.09966002404689789
2010,392,8448,0,0.1398651897907257
2010,392,8449,0,0.22935901582241058
2010,392,8450,1,0.2428697943687439
2010,392,8451,0,0.10823968797922134
2010,392,8452,0,0.06833504885435104
2010,392,8453,0,0.13587337732315063
2010,392,8454,0,0.22009140253067017
2010,392,8455,1,0.19554992020130157
2010,392,8456,0,0.15850184857845306
2010,392,8457,0,0.2601340711116791
2010,392,8458,0,0.07139252871274948
2010,392,8459,0,0.14802686870098114
2010,392,8460,0,0.20053696632385254
2010,392,8461,0,0.18466772139072418
2010,392,8462,0,0.1604423075914383
2010,392,8463,0,0.15938334167003632
2010,392,8464,0,0.3109503388404846
2010,392,8465,0,0.2555753290653229
2010,392,8466,0,0.04204442724585533
2010,392,8467,0,0.029031863436102867
2010,392,8468,0,0.14889732003211975
2010,392,8469,0,0.16585077345371246
2010,392,8470,0,0.053433552384376526
2010,392,8471,0,0.033065032213926315
2010,392,8472,0,0.06662502884864807
2010,392,8473,1,0.08915171027183533
2010,392,8474,0,0.09558955579996109
2010,392,8475,0,0.29531601071357727
2010,392,8476,0,0.27571046352386475
2010,392,8477,0,0.07281707227230072
2010,392,8478,0,0.22611580789089203
2010,392,8479,0,0.24292175471782684
2010,392,8480,0,0.12257497757673264
2010,392,8481,0,0.04109787940979004
2010,392,8482,0,0.030910415574908257
2010,392,8483,0,0.037237755954265594
2010,392,8484,0,0.028848061338067055
2010,392,8485,0,0.04321460425853729
2010,156,8401,1,0.5112914443016052
2010,156,8402,0,0.14390599727630615
2010,156,8403,0,0.07427216321229935
2010,156,8404,0,0.1780204474925995
2010,156,8405,0,0.06905338913202286
2010,156,8406,0,0.25345128774642944
2010,156,8407,0,0.028465259820222855
2010,156,8408,0,0.1342514157295227
2010,156,8409,0,0.018864192068576813
2010,156,8411,0,0.020897891372442245
2010,156,8412,0,0.01870153471827507
2010,156,8413,0,0.02438092976808548
2010,156,8414,0,0.01687971130013466
2010,156,8415,0,0.025035632774233818
2010,156,8416,0,0.23674514889717102
2010,156,8417,0,0.234974667429924
2010,156,8418,0,0.017929816618561745
2010,156,8419,0,0.057769160717725754
2010,156,8420,0,0.0484590083360672
2010,156,8421,0,0.01703152433037758
2010,156,8422,0,0.024031024426221848
2010,156,8423,0,0.027181483805179596
2010,156,8424,0,0.0180099718272686
2010,156,8425,0,0.020225968211889267
2010,156,8426,0,0.1515490561723709
2010,156,8427,0,0.0421922504901886
2010,156,8428,0,0.0888209119439125
2010,156,8430,0,0.05760527402162552
2010,156,8431,0,0.020528646185994148
2010,156,8432,0,0.121761254966259
2010,156,8433,0,0.024483440443873405
2010,156,8434,0,0.35743454098701477
2010,156,8435,0,0.2320331186056137
2010,156,8436,0,0.17199163138866425
2010,156,8438,0,0.11035442352294922
2010,156,8439,0,0.0779380351305008
2010,156,8440,0,0.0737399309873581
2010,156,8441,0,0.1065790131688118
2010,156,8442,0,0.0803619846701622
2010,156,8443,0,0.04135821387171745
2010,156,8444,0,0.2196701169013977
2010,156,8445,0,0.12992802262306213
2010,156,8446,0,0.16066519916057587
2010,156,8447,0,0.1767389476299286
2010,156,8448,0,0.033427219837903976
2010,156,8449,0,0.19473575055599213
2010,156,8450,0,0.016117122024297714
2010,156,8451,0,0.08889784663915634
2010,156,8452,0,0.04988175630569458
2010,156,8453,0,0.23022133111953735
2010,156,8454,0,0.048219941556453705
2010,156,8455,0,0.1577897071838379
2010,156,8456,0,0.042619738727808
2010,156,8457,0,0.06370174139738083
2010,156,8458,0,0.04884881526231766
2010,156,8459,0,0.09545689076185226
2010,156,8460,0,0.08894266188144684
2010,156,8461,0,0.0655457004904747
2010,156,8462,0,0.09259603172540665
2010,156,8463,0,0.07266312837600708
2010,156,8464,0,0.10345976799726486
2010,156,8465,0,0.024556240066885948
2010,156,8466,0,0.04277340695261955
2010,156,8467,0,0.017576126381754875
2010,156,8468,0,0.07273001968860626
2010,156,8469,1,0.1686791330575943
2010,156,8470,0,0.027117246761918068
2010,156,8471,0,0.026351554319262505
2010,156,8472,0,0.03299242630600929
2010,156,8473,0,0.035276200622320175
2010,156,8475,0,0.3457074463367462
2010,156,8476,0,0.08854680508375168
2010,156,8477,0,0.06751453131437302
2010,156,8478,0,0.10023117810487747
2010,156,8479,0,0.03115328587591648
2010,156,8480,0,0.05003179982304573
2010,156,8481,0,0.01944134384393692
2010,156,8482,0,0.03200811520218849
2010,156,8483,0,0.022542497143149376
2010,156,8484,0,0.08253809064626694
2010,380,8401,1,0.5906692147254944
2010,380,8402,0,0.2031707465648651
2010,380,8403,0,0.060373783111572266
2010,380,8404,0,0.2651834487915039
2010,380,8406,1,0.148484006524086
2010,380,8407,0,0.24132804572582245
2010,380,8408,0,0.15547305345535278
2010,380,8409,0,0.04428764805197716
2010,380,8410,0,0.09649185836315155
2010,380,8411,0,0.28468337655067444
2010,380,8412,0,0.042410578578710556
2010,380,8413,0,0.026828303933143616
2010,380,8414,0,0.029903853312134743
2010,380,8415,0,0.04418691620230675
2010,380,8416,0,0.23573824763298035
2010,380,8417,0,0.23770056664943695
2010,380,8418,0,0.041160039603710175
2010,380,8419,0,0.06663098931312561
2010,380,8420,0,0.0848422646522522
2010,380,8421,0,0.03569428622722626
2010,380,8422,0,0.04595302790403366
2010,380,8423,0,0.06383208185434341
2010,380,8424,0,0.03149503096938133
2010,380,8425,0,0.05997001752257347
2010,380,8426,0,0.05821843817830086
2010,380,8427,0,0.0449703224003315
2010,380,8428,0,0.06956905871629715
2010,380,8429,0,0.04507812485098839
2010,380,8430,0,0.359469473361969
2010,380,8431,0,0.03609857335686684
2010,380,8432,0,0.07286758720874786
2010,380,8433,0,0.07240714132785797
2010,380,8434,0,0.2977977395057678
2010,380,8435,0,0.4540436863899231
2010,380,8436,0,0.07082061469554901
2010,380,8438,0,0.23252908885478973
2010,380,8439,0,0.08725418150424957
2010,380,8440,0,0.07251808047294617
2010,380,8441,0,0.05992922559380531
2010,380,8442,0,0.05948225408792496
2010,380,8443,0,0.059058547019958496
2010,380,8444,0,0.08390787243843079
2010,380,8445,0,0.16711628437042236
2010,380,8446,0,0.28272104263305664
2010,380,8447,0,0.09764964878559113
2010,380,8448,0,0.06396494805812836
2010,380,8449,0,0.22444207966327667
2010,380,8450,0,0.05475305765867233
2010,380,8451,0,0.13287904858589172
2010,380,8452,0,0.2519633173942566
2010,380,8453,0,0.12326066195964813
2010,380,8454,0,0.4200636148452759
2010,380,8455,0,0.2735114097595215
2010,380,8456,0,0.058830369263887405
2010,380,8457,0,0.15732456743717194
2010,380,8458,0,0.1585014909505844
2010,380,8459,0,0.2927801012992859
2010,380,8460,0,0.2175852656364441
2010,380,8461,0,0.06933101266622543
2010,380,8462,0,0.13720016181468964
2010,380,8463,0,0.15415893495082855
2010,380,8464,0,0.16763968765735626
2010,380,8465,0,0.04816863685846329
2010,380,8466,0,0.0430222786962986
2010,380,8467,0,0.03409940376877785
2010,380,8468,0,0.10571569204330444
2010,380,8469,0,0.45549920201301575
2010,380,8471,0,0.10527259856462479
2010,380,8472,0,0.09284762293100357
2010,380,8473,0,0.07462239265441895
2010,380,8474,0,0.16860510408878326
2010,380,8475,0,0.10310143232345581
2010,380,8476,0,0.11518359929323196
2010,380,8477,0,0.07923079282045364
2010,380,8478,0,0.1501469612121582
2010,380,8479,0,0.07833743095397949
2010,380,8480,0,0.07351136207580566
2010,380,8481,0,0.038073644042015076
2010,380,8482,0,0.03589973598718643
2010,380,8483,0,0.05955490097403526
2010,380,8484,0,0.04942604526877403
2010,380,8485,0,0.05345815792679787
2010,826,8401,0,0.4667864441871643
2010,826,8402,0,0.20623469352722168
2010,826,8403,0,0.1568911373615265
2010,826,8404,0,0.07108130306005478
2010,826,8405,0,0.07649749517440796
2010,826,8406,0,0.03431243821978569
2010,826,8407,0,0.1024538055062294
2010,826,8408,0,0.05115948244929314
2010,826,8409,0,0.03117714636027813
2010,826,8410,0,0.12399265170097351
2010,826,8411,0,0.030936045572161674
2010,826,8412,0,0.03895152732729912
2010,826,8413,0,0.027391990646719933
2010,826,8414,0,0.03582882881164551
2010,826,8415,0,0.08810225874185562
2010,826,8416,0,0.10859017074108124
2010,826,8417,0,0.08131014555692673
2010,826,8418,0,0.047896090894937515
2010,826,8419,0,0.04488879442214966
2010,826,8420,0,0.16364242136478424
2010,826,8421,0,0.023721586912870407
2010,826,8422,0,0.03819562867283821
2010,826,8423,0,0.04844816029071808
2010,826,8424,0,0.0351167730987072
2010,826,8425,0,0.1431429237127304
2010,826,8426,0,0.05878981202840805
2010,826,8427,0,0.05207594484090805
2010,826,8428,0,0.060627974569797516
2010,826,8429,0,0.02983289770781994
2010,826,8431,0,0.03695981204509735
2010,826,8432,0,0.09684819728136063
2010,826,8433,0,0.07036842405796051
2010,826,8434,0,0.14101052284240723
2010,826,8435,0,0.39803051948547363
2010,826,8436,0,0.05377516895532608
2010,826,8437,0,0.14389772713184357
2010,826,8438,0,0.0381646528840065
2010,826,8439,0,0.16202720999717712
2010,826,8440,0,0.09907502681016922
2010,826,8441,0,0.06561186909675598
2010,826,8442,0,0.046938471496105194
2010,826,8443,0,0.06839493662118912
2010,826,8444,0,0.08343670517206192
2010,826,8445,0,0.11092639714479446
2010,826,8446,0,0.2410990595817566
2010,826,8447,0,0.08166276663541794
2010,826,8448,0,0.06259798258543015
2010,826,8449,0,0.1324862688779831
2010,826,8450,0,0.1376657336950302
2010,826,8451,0,0.04629065841436386
2010,826,8452,0,0.1335589736700058
2010,826,8453,1,0.14376859366893768
2010,826,8454,0,0.20816701650619507
2010,826,8455,0,0.14435158669948578
2010,826,8456,0,0.1528332233428955
2010,826,8457,0,0.18939444422721863
2010,826,8458,0,0.10717926174402237
2010,826,8459,0,0.15721116960048676
2010,826,8460,0,0.09789718687534332
2010,826,8461,1,0.10379282385110855
2010,826,8462,0,0.1354280263185501
2010,826,8463,0,0.1410457193851471
2010,826,8464,0,0.10135123878717422
2010,826,8465,1,0.1764020174741745
2010,826,8466,0,0.04038440063595772
2010,826,8467,0,0.031146716326475143
2010,826,8468,0,0.12270800769329071
2010,826,8469,1,0.09831640124320984
2010,826,8470,0,0.08224248141050339
2010,826,8471,0,0.05794119834899902
2010,826,8472,0,0.07495465129613876
2010,826,8473,0,0.07307693362236023
2010,826,8474,0,0.0597279891371727
2010,826,8475,0,0.1423078179359436
2010,826,8476,0,0.1429520547389984
2010,826,8477,0,0.2753937840461731
2010,826,8478,0,0.08954790234565735
2010,826,8479,0,0.02647525630891323
2010,826,8480,0,0.14060072600841522
2010,826,8481,0,0.070045605301857
2010,826,8482,0,0.02893635258078575
2010,826,8483,0,0.04000978544354439
2010,826,8484,0,0.0392591655254364
2010,826,8485,0,0.03468712419271469
2010,251,8401,1,0.46278950572013855
2010,251,8402,0,0.12435614317655563
2010,251,8403,0,0.13185790181159973
2010,251,8404,1,0.2701681852340698
2010,251,8405,0,0.09705589711666107
2010,251,8406,0,0.1022016853094101
2010,251,8407,0,0.125904843211174
2010,251,8408,0,0.041141413152217865
2010,251,8409,0,0.041954878717660904
2010,251,8411,0,0.08315392583608627
2010,251,8412,0,0.12387706339359283
2010,251,8413,0,0.04315464571118355
2010,251,8414,0,0.04316261038184166
2010,251,8415,0,0.055196985602378845
2010,251,8416,0,0.1337936818599701
2010,251,8417,0,0.0884067714214325
2010,251,8418,0,0.07599002122879028
2010,251,8419,0,0.08852951973676682
2010,251,8420,0,0.15004540979862213
2010,251,8421,0,0.034731604158878326
2010,251,8422,0,0.053193349391222
2010,251,8424,0,0.03209258243441582
2010,251,8425,0,0.05665242671966553
2010,251,8426,0,0.09100296348333359
2010,251,8427,0,0.05451708659529686
2010,251,8428,0,0.0807218998670578
2010,251,8430,0,0.06764911860227585
2010,251,8431,0,0.04068442061543465
2010,251,8432,0,0.10399194061756134
2010,251,8433,0,0.0971369668841362
2010,251,8434,0,0.11885768175125122
2010,251,8435,0,0.1513703167438507
2010,251,8436,0,0.0619836263358593
2010,251,8437,0,0.09893931448459625
2010,251,8439,0,0.1803487241268158
2010,251,8441,0,0.11681518703699112
2010,251,8442,0,0.3606046140193939
2010,251,8443,0,0.0831989124417305
2010,251,8444,0,0.10504646599292755
2010,251,8445,0,0.1220863088965416
2010,251,8446,0,0.13086867332458496
2010,251,8447,0,0.3055165112018585
2010,251,8448,0,0.05654182657599449
2010,251,8449,0,0.09817083179950714
2010,251,8450,0,0.07679329812526703
2010,251,8451,0,0.05733153596520424
2010,251,8452,0,0.11895295232534409
2010,251,8453,0,0.23737353086471558
2010,251,8454,0,0.21482019126415253
2010,251,8455,1,0.15514948964118958
2010,251,8456,0,0.09325089305639267
2010,251,8457,0,0.1219046488404274
2010,251,8458,0,0.13660828769207
2010,251,8459,0,0.18031759560108185
2010,251,8460,0,0.15454193949699402
2010,251,8461,0,0.11441785097122192
2010,251,8462,0,0.10745439678430557
2010,251,8463,0,0.14616678655147552
2010,251,8464,0,0.18081358075141907
2010,251,8465,0,0.08615230768918991
2010,251,8466,0,0.07117743790149689
2010,251,8467,0,0.08079545944929123
2010,251,8469,0,0.38219937682151794
2010,251,8470,0,0.11756079643964767
2010,251,8471,0,0.08209015429019928
2010,251,8473,0,0.09119514375925064
2010,251,8475,0,0.17513501644134521
2010,251,8476,0,0.2324324995279312
2010,251,8477,0,0.06076861172914505
2010,251,8479,0,0.037700384855270386
2010,251,8480,0,0.080990269780159
2010,251,8481,0,0.049442119896411896
2010,251,8482,0,0.044432882219552994
2010,251,8483,0,0.062124818563461304
2010,251,8485,0,0.16126255691051483
2010,490,8402,0,0.0780835896730423
2010,490,8403,1,0.27253732085227966
2010,490,8404,0,0.3607681393623352
2010,490,8405,0,0.12057182192802429
2010,490,8406,1,0.7219982743263245
2010,490,8407,0,0.2600143551826477
2010,490,8408,0,0.04359465464949608
2010,490,8409,0,0.04421050474047661
2010,490,8410,0,0.15513165295124054
2010,490,8411,0,0.10812787711620331
2010,490,8412,0,0.07545173168182373
2010,490,8413,0,0.05247344449162483
2010,490,8414,0,0.0340416394174099
2010,490,8415,0,0.027231315150856972
2010,490,8416,1,0.16458606719970703
2010,490,8417,0,0.1807955950498581
2010,490,8418,0,0.04601304233074188
2010,490,8419,0,0.1309029459953308
2010,490,8420,0,0.2725297212600708
2010,490,8421,0,0.04413729906082153
2010,490,8422,0,0.05152029171586037
2010,490,8423,0,0.04538048058748245
2010,490,8424,0,0.05187695473432541
2010,490,8425,0,0.09346792101860046
2010,490,8426,0,0.08081790804862976
2010,490,8427,0,0.07947568595409393
2010,490,8428,0,0.17948190867900848
2010,490,8430,1,0.11478128284215927
2010,490,8431,0,0.05714979022741318
2010,490,8432,0,0.08403461426496506
2010,490,8433,0,0.06385669112205505
2010,490,8434,0,0.41160455346107483
2010,490,8435,0,0.1742597222328186
2010,490,8436,0,0.3201228976249695
2010,490,8438,0,0.09515509009361267
2010,490,8439,1,0.36710575222969055
2010,490,8440,0,0.24091753363609314
2010,490,8441,0,0.09430583566427231
2010,490,8442,0,0.1148085668683052
2010,490,8443,0,0.053547441959381104
2010,490,8445,0,0.11263424903154373
2010,490,8446,0,0.23480592668056488
2010,490,8447,0,0.31731000542640686
2010,490,8448,0,0.08554626256227493
2010,490,8449,0,0.10840184986591339
2010,490,8450,1,0.11307913064956665
2010,490,8451,0,0.17934595048427582
2010,490,8452,0,0.04543222486972809
2010,490,8453,0,0.3379518687725067
2010,490,8454,0,0.6016705632209778
2010,490,8455,0,0.07305442541837692
2010,490,8456,0,0.214050754904747
2010,490,8457,0,0.24277956783771515
2010,490,8458,0,0.13524064421653748
2010,490,8459,0,0.21640858054161072
2010,490,8460,0,0.19746440649032593
2010,490,8461,0,0.08459103107452393
2010,490,8462,0,0.25908368825912476
2010,490,8463,0,0.15375114977359772
2010,490,8464,0,0.38058820366859436
2010,490,8465,0,0.07731414586305618
2010,490,8466,0,0.12451063096523285
2010,490,8467,0,0.06098080798983574
2010,490,8468,0,0.14689747989177704
2010,490,8470,0,0.06854021549224854
2010,490,8471,0,0.04590316116809845
2010,490,8472,0,0.08527888357639313
2010,490,8473,1,0.08706098794937134
2010,490,8474,0,0.1317499428987503
2010,490,8475,0,0.2696394622325897
2010,490,8476,0,0.24742820858955383
2010,490,8477,0,0.14111921191215515
2010,490,8478,0,0.5126622915267944
2010,490,8479,0,0.14772313833236694
2010,490,8480,0,0.13728252053260803
2010,490,8481,0,0.11194029450416565
2010,490,8482,0,0.04267188161611557
2010,490,8483,0,0.10193593055009842
2010,490,8484,0,0.0740385577082634
2010,490,8485,0,0.06598503887653351
2010,702,8401,1,0.27571967244148254
2010,702,8402,0,0.07619345188140869
2010,702,8403,1,0.43105486035346985
2010,702,8404,0,0.2325105518102646
2010,702,8405,1,0.21267931163311005
2010,702,8407,0,0.06288237869739532
2010,702,8408,0,0.13431088626384735
2010,702,8409,0,0.03524139150977135
2010,702,8410,1,0.474388986825943
2010,702,8411,0,0.06607946008443832
2010,702,8412,0,0.10327516496181488
2010,702,8413,0,0.05903073772788048
2010,702,8414,0,0.07199124991893768
2010,702,8416,0,0.23468661308288574
2010,702,8417,1,0.30502989888191223
2010,702,8418,0,0.1647586226463318
2010,702,8419,0,0.06637944281101227
2010,702,8420,0,0.27089667320251465
2010,702,8421,0,0.043545641005039215
2010,702,8422,0,0.06525024771690369
2010,702,8423,0,0.05014787241816521
2010,702,8424,0,0.06723038107156754
2010,702,8425,0,0.24020367860794067
2010,702,8426,0,0.11019408702850342
2010,702,8428,0,0.10766066610813141
2010,702,8430,0,0.3951950967311859
2010,702,8431,0,0.04753929004073143
2010,702,8432,1,0.3315623998641968
2010,702,8434,0,0.18094176054000854
2010,702,8435,1,0.5312827825546265
2010,702,8436,0,0.24945354461669922
2010,702,8437,0,0.13719142973423004
2010,702,8439,0,0.25496044754981995
2010,702,8440,0,0.21129772067070007
2010,702,8441,0,0.12158766388893127
2010,702,8442,0,0.07678001374006271
2010,702,8443,0,0.07907984405755997
2010,702,8444,1,0.3300541937351227
2010,702,8445,0,0.2708510458469391
2010,702,8447,0,0.40713125467300415
2010,702,8448,0,0.2591955065727234
2010,702,8451,0,0.20152369141578674
2010,702,8452,0,0.35002264380455017
2010,702,8453,0,0.30139389634132385
2010,702,8454,0,0.14670635759830475
2010,702,8455,1,0.5426598787307739
2010,702,8456,0,0.34294092655181885
2010,702,8457,0,0.17923718690872192
2010,702,8458,0,0.10820591449737549
2010,702,8459,0,0.1130666583776474
2010,702,8460,0,0.25281405448913574
2010,702,8461,0,0.2704435884952545
2010,702,8462,0,0.31690704822540283
2010,702,8463,0,0.47276777029037476
2010,702,8464,0,0.5175474882125854
2010,702,8465,0,0.15079365670681
2010,702,8466,0,0.11987387388944626
2010,702,8467,0,0.06703126430511475
2010,702,8468,0,0.3191448152065277
2010,702,8469,1,0.2725895643234253
2010,702,8470,0,0.13022443652153015
2010,702,8471,0,0.03566747158765793
2010,702,8472,1,0.12969133257865906
2010,702,8473,1,0.08160299807786942
2010,702,8474,0,0.10248515754938126
2010,702,8475,0,0.68959641456604
2010,702,8476,1,0.14064274728298187
2010,702,8477,0,0.10832742601633072
2010,702,8478,0,0.16035084426403046
2010,702,8479,0,0.11151652038097382
2010,702,8480,0,0.17749010026454926
2010,702,8481,0,0.05664641410112381
2010,702,8482,0,0.04474775120615959
2010,702,8483,0,0.04992685094475746
2010,702,8484,0,0.06438656151294708
2010,702,8485,0,0.0553857795894146
2010,528,8401,0,0.44316980242729187
2010,528,8402,0,0.08179280161857605
2010,528,8403,0,0.10888837277889252
2010,528,8404,0,0.10138234496116638
2010,528,8405,0,0.09784439951181412
2010,528,8406,0,0.21621708571910858
2010,528,8407,0,0.03356323391199112
2010,528,8408,0,0.03632184863090515
2010,528,8409,0,0.04875757545232773
2010,528,8410,1,0.13060541450977325
2010,528,8411,0,0.03719743713736534
2010,528,8412,0,0.04239492118358612
2010,528,8413,0,0.041156068444252014
2010,528,8414,0,0.057364776730537415
2010,528,8415,0,0.033450376242399216
2010,528,8416,0,0.11046447604894638
2010,528,8417,0,0.12773221731185913
2010,528,8418,0,0.04555274173617363
2010,528,8419,0,0.05195121094584465
2010,528,8420,0,0.24810691177845
2010,528,8421,0,0.027486423030495644
2010,528,8422,0,0.04114628583192825
2010,528,8423,0,0.10775584727525711
2010,528,8424,0,0.04084095358848572
2010,528,8425,0,0.04160800576210022
2010,528,8426,0,0.05512864142656326
2010,528,8427,0,0.04972195252776146
2010,528,8428,0,0.07000810652971268
2010,528,8429,0,0.0555034875869751
2010,528,8430,0,0.09382081031799316
2010,528,8431,0,0.03402410447597504
2010,528,8432,0,0.07669687271118164
2010,528,8433,0,0.07769359648227692
2010,528,8434,0,0.14952285587787628
2010,528,8435,0,0.1531958281993866
2010,528,8436,0,0.059311121702194214
2010,528,8437,0,0.09326918423175812
2010,528,8438,0,0.0421435609459877
2010,528,8439,0,0.2752554714679718
2010,528,8440,0,0.10490342974662781
2010,528,8441,0,0.2752874195575714
2010,528,8442,0,0.08055832237005234
2010,528,8443,0,0.1204080879688263
2010,528,8444,0,0.22817662358283997
2010,528,8445,0,0.21707117557525635
2010,528,8446,0,0.14040978252887726
2010,528,8447,0,0.15572015941143036
2010,528,8448,0,0.07657554745674133
2010,528,8449,1,0.4731610417366028
2010,528,8450,0,0.20920100808143616
2010,528,8451,0,0.05400606244802475
2010,528,8452,0,0.11645238846540451
2010,528,8453,0,0.11363733559846878
2010,528,8454,0,0.1262766718864441
2010,528,8455,0,0.188595712184906
2010,528,8456,0,0.08693856745958328
2010,528,8457,0,0.2274765521287918
2010,528,8458,0,0.12238699197769165
2010,528,8459,0,0.10217361897230148
2010,528,8460,0,0.1330859214067459
2010,528,8461,0,0.10636288672685623
2010,528,8462,0,0.10139773041009903
2010,528,8463,1,0.2806493639945984
2010,528,8464,0,0.448901891708374
2010,528,8465,0,0.077178955078125
2010,528,8466,0,0.0679287239909172
2010,528,8467,0,0.05631209909915924
2010,528,8468,0,0.09879981726408005
2010,528,8469,0,0.39504581689834595
2010,528,8470,0,0.10273987799882889
2010,528,8471,0,0.0988394170999527
2010,528,8472,0,0.07913759350776672
2010,528,8473,0,0.09245695918798447
2010,528,8474,1,0.37293118238449097
2010,528,8475,0,0.1513480395078659
2010,528,8476,0,0.18293696641921997
2010,528,8477,0,0.11042244732379913
2010,528,8478,0,0.09682123363018036
2010,528,8479,0,0.1812620908021927
2010,528,8480,0,0.11058316379785538
2010,528,8481,0,0.033991437405347824
2010,528,8482,0,0.07073496282100677
2010,528,8483,0,0.038707610219717026
2010,528,8484,0,0.04478739947080612
2010,528,8485,1,0.05231968313455582
2010,410,8401,0,0.5084230899810791
2010,410,8402,0,0.15898291766643524
2010,410,8403,0,0.29592493176460266
2010,410,8404,0,0.22449904680252075
2010,410,8405,0,0.17851045727729797
2010,410,8406,0,0.17780901491641998
2010,410,8407,0,0.11074808239936829
2010,410,8408,0,0.12972384691238403
2010,410,8409,0,0.033830393105745316
2010,410,8410,1,0.2170971930027008
2010,410,8411,0,0.10026757419109344
2010,410,8412,0,0.1299712061882019
2010,410,8413,0,0.04823542386293411
2010,410,8414,0,0.08895237743854523
2010,410,8415,0,0.07596086710691452
2010,410,8416,0,0.2875478267669678
2010,410,8417,0,0.15539301931858063
2010,410,8418,0,0.03423457220196724
2010,410,8419,0,0.11930728703737259
2010,410,8420,0,0.1684710830450058
2010,410,8421,0,0.035161230713129044
2010,410,8422,0,0.061360955238342285
2010,410,8423,0,0.04847654700279236
2010,410,8424,0,0.08640848845243454
2010,410,8425,0,0.07839001715183258
2010,410,8426,1,0.11825381964445114
2010,410,8427,0,0.05439091846346855
2010,410,8428,0,0.13406065106391907
2010,410,8429,0,0.06145092844963074
2010,410,8430,0,0.09297394752502441
2010,410,8431,0,0.11177653074264526
2010,410,8432,0,0.18420401215553284
2010,410,8433,0,0.10246478766202927
2010,410,8434,1,0.5875009298324585
2010,410,8436,0,0.3255908191204071
2010,410,8437,0,0.27167266607284546
2010,410,8438,0,0.11049369722604752
2010,410,8439,0,0.3244177997112274
2010,410,8440,0,0.1391383707523346
2010,410,8441,0,0.0733686164021492
2010,410,8442,0,0.1457221806049347
2010,410,8443,0,0.07690328359603882
2010,410,8444,0,0.20446334779262543
2010,410,8445,0,0.2451326847076416
2010,410,8446,1,0.24955718219280243
2010,410,8447,0,0.2697727382183075
2010,410,8448,0,0.11016830801963806
2010,410,8449,1,0.17981906235218048
2010,410,8450,0,0.07669555395841599
2010,410,8451,0,0.07734363526105881
2010,410,8452,0,0.22967343032360077
2010,410,8453,0,0.384676992893219
2010,410,8454,0,0.18705126643180847
2010,410,8455,0,0.2482387274503708
2010,410,8456,0,0.2903822958469391
2010,410,8457,0,0.19847418367862701
2010,410,8458,0,0.12053344398736954
2010,410,8459,0,0.2913157343864441
2010,410,8460,0,0.227301687002182
2010,410,8461,0,0.10047195851802826
2010,410,8462,0,0.23110060393810272
2010,410,8463,0,0.19714252650737762
2010,410,8464,1,0.5637213587760925
2010,410,8465,0,0.1679859757423401
2010,410,8466,0,0.06117027625441551
2010,410,8467,0,0.04563884437084198
2010,410,8468,0,0.1837427318096161
2010,410,8470,0,0.057098664343357086
2010,410,8471,0,0.034065939486026764
2010,410,8472,0,0.06413477659225464
2010,410,8473,1,0.15587829053401947
2010,410,8474,0,0.16987839341163635
2010,410,8475,0,0.18889914453029633
2010,410,8476,0,0.156297966837883
2010,410,8477,0,0.07966332882642746
2010,410,8478,1,0.3473130166530609
2010,410,8479,0,0.1006200835108757
2010,410,8480,0,0.08570511639118195
2010,410,8481,0,0.03790749981999397
2010,410,8482,0,0.03799104690551758
2010,410,8483,0,0.052688512951135635
2010,410,8484,0,0.05611325055360794
2010,410,8485,0,0.03871694579720497
2010,458,8402,0,0.20255719125270844
2010,458,8403,1,0.2310323715209961
2010,458,8404,0,0.1818128228187561
2010,458,8405,1,0.42612653970718384
2010,458,8406,0,0.11771339923143387
2010,458,8407,0,0.298705130815506
2010,458,8409,1,0.04875712841749191
2010,458,8410,1,0.5378776788711548
2010,458,8411,1,0.15779606997966766
2010,458,8412,0,0.20850713551044464
2010,458,8413,0,0.06357701122760773
2010,458,8414,0,0.046175286173820496
2010,458,8415,0,0.0482463613152504
2010,458,8416,0,0.5200054049491882
2010,458,8418,0,0.07881943136453629
2010,458,8419,0,0.14563927054405212
2010,458,8420,1,0.24121087789535522
2010,458,8421,0,0.03142506629228592
2010,458,8422,0,0.21387332677841187
2010,458,8423,0,0.13044267892837524
2010,458,8424,0,0.06954958289861679
2010,458,8425,0,0.1182391494512558
2010,458,8426,0,0.09892068058252335
2010,458,8428,0,0.07824500650167465
2010,458,8430,0,0.36063021421432495
2010,458,8431,0,0.11440426856279373
2010,458,8435,0,0.28609204292297363
2010,458,8436,0,0.08106671273708344
2010,458,8438,0,0.09653811901807785
2010,458,8439,0,0.16731558740139008
2010,458,8441,0,0.1026383563876152
2010,458,8442,0,0.5893994569778442
2010,458,8443,0,0.06992560625076294
2010,458,8445,0,0.25790268182754517
2010,458,8446,1,0.26446399092674255
2010,458,8448,0,0.2807258367538452
2010,458,8451,1,0.087766133248806
2010,458,8452,0,0.18043315410614014
2010,458,8454,0,0.1118219643831253
2010,458,8455,1,0.19987885653972626
2010,458,8456,0,0.16733288764953613
2010,458,8458,1,0.14201538264751434
2010,458,8459,0,0.1185111477971077
2010,458,8460,0,0.30192214250564575
2010,458,8461,0,0.11525224894285202
2010,458,8462,0,0.3120797276496887
2010,458,8463,1,0.3541907072067261
2010,458,8464,0,0.37723663449287415
2010,458,8465,0,0.09386496245861053
2010,458,8466,0,0.20265601575374603
2010,458,8467,0,0.0699591189622879
2010,458,8468,0,0.12971694767475128
2010,458,8469,0,0.20865651965141296
2010,458,8470,0,0.10664674639701843
2010,458,8471,0,0.032769497483968735
2010,458,8472,0,0.10744974762201309
2010,458,8473,1,0.10644779354333878
2010,458,8474,0,0.10356830805540085
2010,458,8475,0,0.20721372961997986
2010,458,8476,0,0.193182572722435
2010,458,8477,0,0.07017267495393753
2010,458,8478,0,0.42004913091659546
2010,458,8479,0,0.05595974251627922
2010,458,8480,0,0.1772463172674179
2010,458,8481,0,0.03918859735131264
2010,458,8482,0,0.03515181690454483
2010,458,8483,0,0.06313598155975342
2010,458,8484,0,0.07721025496721268
2010,458,8485,0,0.12608973681926727
2010,124,8401,0,0.36394399404525757
2010,124,8402,0,0.2790004014968872
2010,124,8403,0,0.25574231147766113
2010,124,8404,0,0.1664283126592636
2010,124,8406,1,0.35284531116485596
2010,124,8407,0,0.13492132723331451
2010,124,8409,0,0.09809836745262146
2010,124,8410,0,0.14644251763820648
2010,124,8411,0,0.07273655384778976
2010,124,8412,0,0.08512899279594421
2010,124,8413,0,0.08322013169527054
2010,124,8414,0,0.05866749584674835
2010,124,8415,0,0.09347400069236755
2010,124,8416,0,0.18716061115264893
2010,124,8417,0,0.15852651000022888
2010,124,8418,0,0.09590642899274826
2010,124,8419,0,0.11911442875862122
2010,124,8420,0,0.28375980257987976
2010,124,8421,0,0.06144280359148979
2010,124,8422,0,0.113228440284729
2010,124,8423,0,0.07280179858207703
2010,124,8424,0,0.06775389611721039
2010,124,8425,0,0.07792273163795471
2010,124,8426,1,0.3368169367313385
2010,124,8427,0,0.18918438255786896
2010,124,8428,0,0.0986647680401802
2010,124,8430,0,0.1763198971748352
2010,124,8431,0,0.08245384693145752
2010,124,8432,0,0.17434380948543549
2010,124,8433,0,0.12575750052928925
2010,124,8434,0,0.44554200768470764
2010,124,8435,0,0.23063403367996216
2010,124,8436,0,0.1074487492442131
2010,124,8437,1,0.2886393070220947
2010,124,8438,0,0.14667491614818573
2010,124,8439,0,0.6282153129577637
2010,124,8440,0,0.4011191427707672
2010,124,8441,0,0.12798364460468292
2010,124,8442,0,0.06515099108219147
2010,124,8443,0,0.15765538811683655
2010,124,8444,1,0.4504660367965698
2010,124,8445,1,0.2874744236469269
2010,124,8446,0,0.35634762048721313
2010,124,8447,0,0.222884863615036
2010,124,8448,1,0.17095521092414856
2010,124,8450,0,0.20368258655071259
2010,124,8451,0,0.12136205285787582
2010,124,8452,0,0.11321870982646942
2010,124,8453,0,0.15446092188358307
2010,124,8454,0,0.3308262228965759
2010,124,8455,0,0.2566673755645752
2010,124,8456,0,0.33761221170425415
2010,124,8457,0,0.31316038966178894
2010,124,8458,0,0.1662343442440033
2010,124,8459,0,0.20858493447303772
2010,124,8460,0,0.24493993818759918
2010,124,8461,0,0.2515612840652466
2010,124,8462,0,0.2300128936767578
2010,124,8463,0,0.3023044168949127
2010,124,8464,0,0.24682848155498505
2010,124,8465,1,0.20477987825870514
2010,124,8466,0,0.10679357498884201
2010,124,8467,0,0.04280896484851837
2010,124,8468,1,0.1929210126399994
2010,124,8470,0,0.194101020693779
2010,124,8471,0,0.07805077731609344
2010,124,8472,0,0.17138639092445374
2010,124,8473,0,0.11663071066141129
2010,124,8474,0,0.12848059833049774
2010,124,8475,1,0.31304097175598145
2010,124,8476,0,0.2845596671104431
2010,124,8477,0,0.08177806437015533
2010,124,8478,0,0.23395241796970367
2010,124,8479,0,0.08501588553190231
2010,124,8480,0,0.1797410249710083
2010,124,8481,0,0.07066528499126434
2010,124,8482,0,0.07397224009037018
2010,124,8483,0,0.09468477219343185
2010,124,8484,0,0.07219451665878296
2010,124,8485,0,0.09468448907136917
2010,484,8402,1,0.3928680419921875
2010,484,8403,0,0.4019264876842499
2010,484,8405,0,0.42382100224494934
2010,484,8406,0,0.4903727173805237
2010,484,8407,0,0.1776544153690338
2010,484,8408,0,0.40578538179397583
2010,484,8409,0,0.189146488904953
2010,484,8410,0,0.5806729793548584
2010,484,8411,0,0.14455881714820862
2010,484,8412,0,0.17175467312335968
2010,484,8413,0,0.09246737509965897
2010,484,8414,0,0.10137248784303665
2010,484,8415,0,0.16522455215454102
2010,484,8416,0,0.1968173235654831
2010,484,8417,0,0.5345518589019775
2010,484,8418,0,0.08147287368774414
2010,484,8419,0,0.16163583099842072
2010,484,8420,1,0.13108406960964203
2010,484,8421,0,0.1292947679758072
2010,484,8422,0,0.30126437544822693
2010,484,8423,0,0.2264948934316635
2010,484,8424,0,0.132094144821167
2010,484,8425,0,0.18266816437244415
2010,484,8426,0,0.48012304306030273
2010,484,8427,0,0.13933028280735016
2010,484,8428,0,0.21430841088294983
2010,484,8429,0,0.21639171242713928
2010,484,8430,1,0.6093111634254456
2010,484,8431,0,0.1605214625597
2010,484,8432,0,0.2126581370830536
2010,484,8433,0,0.14586861431598663
2010,484,8436,0,0.47422125935554504
2010,484,8437,0,0.45854732394218445
2010,484,8438,0,0.4118942320346832
2010,484,8439,1,0.5026446580886841
2010,484,8441,0,0.12371360510587692
2010,484,8442,0,0.26575130224227905
2010,484,8443,0,0.21289344131946564
2010,484,8445,0,0.35635191202163696
2010,484,8446,1,0.4503428339958191
2010,484,8447,0,0.09842225909233093
2010,484,8448,0,0.07123557478189468
2010,484,8449,1,0.6651574373245239
2010,484,8450,0,0.2338724434375763
2010,484,8451,0,0.24415837228298187
2010,484,8452,0,0.19944147765636444
2010,484,8455,0,0.25223276019096375
2010,484,8456,0,0.6038933992385864
2010,484,8457,1,0.37151578068733215
2010,484,8458,0,0.27878227829933167
2010,484,8459,0,0.11629718542098999
2010,484,8460,1,0.46498581767082214
2010,484,8461,1,0.33246368169784546
2010,484,8462,0,0.20888708531856537
2010,484,8463,0,0.19938692450523376
2010,484,8464,1,0.12112352252006531
2010,484,8465,0,0.15780724585056305
2010,484,8466,0,0.1708448827266693
2010,484,8467,0,0.15117749571800232
2010,484,8468,0,0.33593395352363586
2010,484,8471,0,0.2242337018251419
2010,484,8472,0,0.25403526425361633
2010,484,8473,0,0.16090713441371918
2010,484,8474,0,0.11590594053268433
2010,484,8475,1,0.31935611367225647
2010,484,8476,0,0.23328235745429993
2010,484,8477,0,0.3760297894477844
2010,484,8479,0,0.09474628418684006
2010,484,8480,0,0.26710614562034607
2010,484,8481,0,0.09232902526855469
2010,484,8482,0,0.10513835400342941
2010,484,8483,0,0.14466969668865204
2010,484,8484,0,0.1709451526403427
2010,484,8485,0,0.15553274750709534
2010,757,8401,0,0.327297180891037
2010,757,8402,0,0.289694219827652
2010,757,8403,0,0.18581324815750122
2010,757,8404,1,0.5281013250350952
2010,757,8405,0,0.5304118990898132
2010,757,8406,0,0.3050232231616974
2010,757,8407,0,0.36175501346588135
2010,757,8408,0,0.18405011296272278
2010,757,8409,0,0.03792113810777664
2010,757,8411,0,0.04233848303556442
2010,757,8412,0,0.10620535910129547
2010,757,8413,0,0.04090549796819687
2010,757,8414,0,0.031010745093226433
2010,757,8415,0,0.03590816259384155
2010,757,8416,0,0.15152853727340698
2010,757,8417,0,0.1747298240661621
2010,757,8418,0,0.09050017595291138
2010,757,8419,0,0.06375293433666229
2010,757,8420,0,0.1824127733707428
2010,757,8421,0,0.029454700648784637
2010,757,8422,0,0.040249425917863846
2010,757,8423,0,0.04508524015545845
2010,757,8424,0,0.056562114506959915
2010,757,8425,0,0.06053552404046059
2010,757,8427,0,0.15083199739456177
2010,757,8428,0,0.06381335854530334
2010,757,8430,0,0.15280000865459442
2010,757,8431,0,0.03572618216276169
2010,757,8432,0,0.16711197793483734
2010,757,8433,0,0.08323272317647934
2010,757,8434,0,0.16803932189941406
2010,757,8435,0,0.09895578771829605
2010,757,8436,0,0.15555357933044434
2010,757,8437,0,0.13283951580524445
2010,757,8438,0,0.03822514787316322
2010,757,8439,0,0.1723044067621231
2010,757,8440,0,0.07861527800559998
2010,757,8441,0,0.06793442368507385
2010,757,8442,0,0.1250314712524414
2010,757,8443,0,0.08100765943527222
2010,757,8444,0,0.34511879086494446
2010,757,8445,0,0.2638465166091919
2010,757,8446,0,0.2824256122112274
2010,757,8447,0,0.2855210602283478
2010,757,8448,0,0.10979735106229782
2010,757,8449,0,0.49695804715156555
2010,757,8450,0,0.061394207179546356
2010,757,8451,0,0.10463713109493256
2010,757,8452,0,0.09631609916687012
2010,757,8453,0,0.18131427466869354
2010,757,8454,0,0.1646718829870224
2010,757,8455,0,0.15081822872161865
2010,757,8456,0,0.07241654396057129
2010,757,8457,0,0.13172820210456848
2010,757,8458,0,0.0792684555053711
2010,757,8459,0,0.28696393966674805
2010,757,8460,0,0.08987294882535934
2010,757,8461,0,0.08956652879714966
2010,757,8462,0,0.11281966418027878
2010,757,8463,0,0.11150725930929184
2010,757,8464,0,0.19476841390132904
2010,757,8465,0,0.06790581345558167
2010,757,8466,0,0.0823327898979187
2010,757,8467,0,0.041549716144800186
2010,757,8468,0,0.0886298418045044
2010,757,8470,0,0.08883491903543472
2010,757,8471,0,0.0424545556306839
2010,757,8472,0,0.07473668456077576
2010,757,8473,0,0.05951555445790291
2010,757,8474,0,0.08372906595468521
2010,757,8475,0,0.3685276508331299
2010,757,8476,0,0.13132305443286896
2010,757,8477,0,0.03814808279275894
2010,757,8478,0,0.12245284765958786
2010,757,8479,0,0.04151935502886772
2010,757,8480,0,0.1345752775669098
2010,757,8481,0,0.044707369059324265
2010,757,8482,0,0.04688990116119385
2010,757,8483,0,0.10167031735181808
2010,757,8484,0,0.04776761680841446
2010,757,8485,0,0.08097820729017258
2010,764,8402,0,0.1865881234407425
2010,764,8403,0,0.2672012150287628
2010,764,8404,0,0.23161004483699799
2010,764,8405,0,0.44061100482940674
2010,764,8406,0,0.3063657879829407
2010,764,8407,0,0.10496720671653748
2010,764,8408,0,0.3119691014289856
2010,764,8409,0,0.0884249284863472
2010,764,8411,0,0.13840362429618835
2010,764,8412,0,0.06287525594234467
2010,764,8413,0,0.028030142188072205
2010,764,8414,0,0.032039131969213486
2010,764,8415,0,0.03736978396773338
2010,764,8416,1,0.7041860818862915
2010,764,8417,0,0.5131068229675293
2010,764,8418,0,0.033730097115039825
2010,764,8419,0,0.07295481860637665
2010,764,8420,0,0.1985209733247757
2010,764,8421,1,0.12828077375888824
2010,764,8422,0,0.07242366671562195
2010,764,8423,0,0.09472952038049698
2010,764,8424,0,0.04852781817317009
2010,764,8428,0,0.15688009560108185
2010,764,8431,0,0.044367652386426926
2010,764,8434,0,0.24951374530792236
2010,764,8436,0,0.22008445858955383
2010,764,8438,0,0.4917391836643219
2010,764,8439,0,0.146635964512825
2010,764,8440,1,0.6287866234779358
2010,764,8441,0,0.11431362479925156
2010,764,8442,0,0.18643580377101898
2010,764,8443,1,0.07432245463132858
2010,764,8445,0,0.19211608171463013
2010,764,8446,0,0.4636436998844147
2010,764,8447,0,0.14413794875144958
2010,764,8448,0,0.09448335319757462
2010,764,8450,0,0.040309369564056396
2010,764,8451,0,0.09989902377128601
2010,764,8452,0,0.08282093703746796
2010,764,8454,0,0.2555029094219208
2010,764,8455,0,0.604805052280426
2010,764,8456,0,0.1172286719083786
2010,764,8457,0,0.11571977287530899
2010,764,8458,0,0.22679786384105682
2010,764,8459,0,0.18500834703445435
2010,764,8460,0,0.2774224281311035
2010,764,8461,0,0.15371713042259216
2010,764,8462,0,0.1646382212638855
2010,764,8463,0,0.14349326491355896
2010,764,8464,1,0.7647537589073181
2010,764,8466,0,0.14051412045955658
2010,764,8467,0,0.054077889770269394
2010,764,8468,1,0.4834620952606201
2010,764,8470,0,0.34325194358825684
2010,764,8471,0,0.06851109117269516
2010,764,8473,0,0.1731400340795517
2010,764,8475,0,0.14037561416625977
2010,764,8476,0,0.18395037949085236
2010,764,8477,0,0.08525000512599945
2010,764,8479,0,0.036674629896879196
2010,764,8480,0,0.09181823581457138
2010,764,8481,0,0.042206984013319016
2010,764,8482,0,0.03494465351104736
2010,764,8483,0,0.06292837858200073
2010,764,8484,0,0.11001124233007431
2010,764,8485,0,0.15874889492988586
2010,752,8401,0,0.25051558017730713
2010,752,8402,0,0.08515951037406921
2010,752,8403,0,0.25002944469451904
2010,752,8404,0,0.3910005986690521
2010,752,8405,1,0.4818118214607239
2010,752,8406,0,0.12929151952266693
2010,752,8407,0,0.1715354323387146
2010,752,8408,0,0.05074737221002579
2010,752,8409,0,0.060130774974823
2010,752,8410,0,0.18971717357635498
2010,752,8411,0,0.11902868002653122
2010,752,8412,0,0.04606957733631134
2010,752,8413,0,0.03690694645047188
2010,752,8414,0,0.04167157784104347
2010,752,8415,0,0.10050428658723831
2010,752,8416,0,0.1278318166732788
2010,752,8417,1,0.577093780040741
2010,752,8418,0,0.07243459671735764
2010,752,8419,0,0.06400101631879807
2010,752,8420,0,0.11721218377351761
2010,752,8421,0,0.045189157128334045
2010,752,8422,0,0.053057800978422165
2010,752,8423,0,0.06955266743898392
2010,752,8424,0,0.04525500908493996
2010,752,8425,0,0.42851701378822327
2010,752,8426,0,0.13161063194274902
2010,752,8427,0,0.05026319995522499
2010,752,8428,0,0.07091229408979416
2010,752,8429,0,0.035729147493839264
2010,752,8430,0,0.09549082070589066
2010,752,8431,0,0.036712247878313065
2010,752,8432,0,0.15516313910484314
2010,752,8433,0,0.09854128211736679
2010,752,8434,0,0.06117105484008789
2010,752,8435,1,0.44307053089141846
2010,752,8436,0,0.09299609065055847
2010,752,8437,0,0.23235921561717987
2010,752,8438,0,0.09911897778511047
2010,752,8439,0,0.09590942412614822
2010,752,8440,0,0.11403750628232956
2010,752,8441,0,0.14470405876636505
2010,752,8442,0,0.5079798698425293
2010,752,8443,0,0.1294805407524109
2010,752,8445,1,0.3877502381801605
2010,752,8446,0,0.17867924273014069
2010,752,8447,0,0.09085529297590256
2010,752,8448,0,0.17989403009414673
2010,752,8450,0,0.08532094955444336
2010,752,8451,0,0.07561028003692627
2010,752,8452,1,0.07120015472173691
2010,752,8454,0,0.27604052424430847
2010,752,8455,0,0.14488530158996582
2010,752,8456,0,0.13683100044727325
2010,752,8458,0,0.1364307403564453
2010,752,8459,0,0.14750336110591888
2010,752,8460,0,0.10666944086551666
2010,752,8461,0,0.08844463527202606
2010,752,8462,0,0.1656297892332077
2010,752,8463,0,0.2319333702325821
2010,752,8464,0,0.27047255635261536
2010,752,8465,0,0.18804989755153656
2010,752,8466,0,0.07655077427625656
2010,752,8467,0,0.04414236173033714
2010,752,8468,0,0.14345768094062805
2010,752,8470,0,0.2432318478822708
2010,752,8471,0,0.17270299792289734
2010,752,8472,1,0.10621581226587296
2010,752,8473,0,0.1290968954563141
2010,752,8474,0,0.06247003376483917
2010,752,8475,0,0.1075882688164711
2010,752,8476,0,0.3642060458660126
2010,752,8477,0,0.22053870558738708
2010,752,8478,0,0.3355007767677307
2010,752,8479,0,0.03603510558605194
2010,752,8480,0,0.23143546283245087
2010,752,8481,0,0.06103774532675743
2010,752,8482,0,0.0356263592839241
2010,752,8483,0,0.06260541081428528
2010,752,8484,0,0.05053618922829628
2010,752,8485,0,0.05635032802820206
2010,372,8402,1,0.4617246985435486
2010,372,8403,0,0.2595268785953522
2010,372,8404,1,0.27149295806884766
2010,372,8405,0,0.5067678093910217
2010,372,8406,1,0.22091911733150482
2010,372,8407,1,0.11706693470478058
2010,372,8408,1,0.05983678624033928
2010,372,8409,1,0.09152154624462128
2010,372,8411,0,0.06923852115869522
2010,372,8412,0,0.11933808028697968
2010,372,8413,0,0.04149248078465462
2010,372,8414,0,0.1478811651468277
2010,372,8415,0,0.11080127954483032
2010,372,8416,1,0.3986949920654297
2010,372,8418,0,0.09636078774929047
2010,372,8419,0,0.09167682379484177
2010,372,8420,1,0.4914746880531311
2010,372,8421,0,0.07083507627248764
2010,372,8422,0,0.24147027730941772
2010,372,8423,0,0.28785020112991333
2010,372,8424,1,0.09920071810483932
2010,372,8425,0,0.238800048828125
2010,372,8426,0,0.20661310851573944
2010,372,8427,0,0.12754325568675995
2010,372,8428,0,0.13250286877155304
2010,372,8429,0,0.28513550758361816
2010,372,8432,0,0.3075731694698334
2010,372,8433,0,0.1976720243692398
2010,372,8434,0,0.2924060821533203
2010,372,8436,0,0.12980157136917114
2010,372,8438,0,0.22615239024162292
2010,372,8439,0,0.1716357320547104
2010,372,8441,1,0.11557354778051376
2010,372,8442,1,0.2233085185289383
2010,372,8443,1,0.09443601965904236
2010,372,8445,1,0.19535526633262634
2010,372,8448,0,0.09422244131565094
2010,372,8450,0,0.21277274191379547
2010,372,8451,0,0.1813845932483673
2010,372,8456,0,0.3258764147758484
2010,372,8457,1,0.41266629099845886
2010,372,8460,1,0.26750850677490234
2010,372,8462,0,0.15292289853096008
2010,372,8463,0,0.2758781909942627
2010,372,8464,0,0.2644697427749634
2010,372,8465,1,0.23594507575035095
2010,372,8466,0,0.1527896225452423
2010,372,8467,0,0.19908466935157776
2010,372,8468,0,0.12264778465032578
2010,372,8470,0,0.09076520800590515
2010,372,8471,0,0.04130052775144577
2010,372,8472,1,0.3237919807434082
2010,372,8473,0,0.08727645874023438
2010,372,8474,0,0.10787659138441086
2010,372,8475,0,0.34183236956596375
2010,372,8476,0,0.41213518381118774
2010,372,8477,1,0.0654996708035469
2010,372,8478,1,0.09551088511943817
2010,372,8479,0,0.06833700835704803
2010,372,8480,0,0.17672771215438843
2010,372,8481,0,0.04207625240087509
2010,372,8485,0,0.06267859041690826
2010,40,8401,0,0.6393139958381653
2010,40,8402,0,0.36238306760787964
2010,40,8403,0,0.20099331438541412
2010,40,8404,0,0.09870670735836029
2010,40,8405,0,0.5389625430107117
2010,40,8406,0,0.14476686716079712
2010,40,8407,0,0.1500881463289261
2010,40,8408,0,0.07327871769666672
2010,40,8409,0,0.07784508168697357
2010,40,8410,0,0.5451027750968933
2010,40,8411,0,0.15424653887748718
2010,40,8412,0,0.039989206939935684
2010,40,8413,0,0.03524174913764
2010,40,8414,0,0.06448677182197571
2010,40,8415,0,0.06448661535978317
2010,40,8416,0,0.11312123388051987
2010,40,8417,0,0.25407764315605164
2010,40,8418,0,0.057519808411598206
2010,40,8419,0,0.07728807628154755
2010,40,8420,0,0.3136242926120758
2010,40,8421,0,0.06600116938352585
2010,40,8422,0,0.08799134194850922
2010,40,8423,0,0.0453370176255703
2010,40,8424,0,0.03728768602013588
2010,40,8425,0,0.07952699810266495
2010,40,8426,0,0.08366252481937408
2010,40,8427,0,0.09514616429805756
2010,40,8428,0,0.07552213966846466
2010,40,8429,0,0.043034158647060394
2010,40,8430,0,0.11203429102897644
2010,40,8431,0,0.0559961274266243
2010,40,8432,0,0.11402466148138046
2010,40,8433,0,0.08442243933677673
2010,40,8434,0,0.11702319979667664
2010,40,8435,0,0.16242998838424683
2010,40,8436,0,0.11503845453262329
2010,40,8437,0,0.39821770787239075
2010,40,8438,0,0.07668981701135635
2010,40,8439,0,0.10093027353286743
2010,40,8440,0,0.17763660848140717
2010,40,8441,0,0.1048753634095192
2010,40,8442,0,0.19766223430633545
2010,40,8443,0,0.08334946632385254
2010,40,8444,0,0.28395509719848633
2010,40,8445,0,0.23899447917938232
2010,40,8446,0,0.2644190192222595
2010,40,8447,0,0.18069137632846832
2010,40,8448,0,0.10837936401367188
2010,40,8449,0,0.07501757144927979
2010,40,8450,0,0.279449999332428
2010,40,8451,0,0.11861060559749603
2010,40,8452,0,0.15045225620269775
2010,40,8453,0,0.13226519525051117
2010,40,8454,1,0.41788923740386963
2010,40,8455,0,0.1859520971775055
2010,40,8456,0,0.1158495545387268
2010,40,8457,0,0.23147840797901154
2010,40,8458,0,0.09259825199842453
2010,40,8459,0,0.1906348168849945
2010,40,8460,0,0.16329826414585114
2010,40,8461,0,0.1549472063779831
2010,40,8462,0,0.09722317010164261
2010,40,8463,0,0.1422267109155655
2010,40,8464,0,0.12455849349498749
2010,40,8465,0,0.06611494719982147
2010,40,8466,0,0.07759719341993332
2010,40,8467,0,0.057643819600343704
2010,40,8468,0,0.14476856589317322
2010,40,8470,0,0.5795160531997681
2010,40,8471,0,0.07169696688652039
2010,40,8472,0,0.19346609711647034
2010,40,8473,0,0.08872412890195847
2010,40,8474,0,0.057701244950294495
2010,40,8475,1,0.6260890364646912
2010,40,8476,0,0.13926784694194794
2010,40,8477,0,0.06666091829538345
2010,40,8478,0,0.25137826800346375
2010,40,8479,0,0.04936934635043144
2010,40,8480,0,0.10913781076669693
2010,40,8481,0,0.03786679357290268
2010,40,8482,0,0.0840330719947815
2010,40,8483,0,0.05554487183690071
2010,40,8484,0,0.04456181079149246
2010,40,8485,0,0.1570597141981125
2010,724,8401,0,0.3401637375354767
2010,724,8402,0,0.10827124118804932
2010,724,8403,1,0.15265196561813354
2010,724,8404,0,0.2913813889026642
2010,724,8405,1,0.3136284649372101
2010,724,8406,1,0.2721468508243561
2010,724,8407,0,0.1936625987291336
2010,724,8408,0,0.12164220213890076
2010,724,8409,0,0.03794051334261894
2010,724,8410,0,0.15428820252418518
2010,724,8411,0,0.04079781472682953
2010,724,8412,0,0.05118991807103157
2010,724,8413,0,0.031533874571323395
2010,724,8414,0,0.036755695939064026
2010,724,8415,0,0.05967080593109131
2010,724,8416,0,0.5133399367332458
2010,724,8417,1,0.42084890604019165
2010,724,8418,0,0.04200102388858795
2010,724,8419,0,0.04894408583641052
2010,724,8420,0,0.08490441739559174
2010,724,8421,0,0.14707615971565247
2010,724,8422,0,0.04415850713849068
2010,724,8423,0,0.07022912055253983
2010,724,8424,0,0.04194425046443939
2010,724,8425,0,0.05026811733841896
2010,724,8426,0,0.07181394100189209
2010,724,8427,0,0.0601019561290741
2010,724,8428,0,0.046049442142248154
2010,724,8430,0,0.11221285909414291
2010,724,8431,0,0.04307800158858299
2010,724,8432,0,0.08364466577768326
2010,724,8433,0,0.0652795359492302
2010,724,8434,0,0.2847255766391754
2010,724,8435,0,0.11036724597215652
2010,724,8436,0,0.2019513100385666
2010,724,8437,0,0.064752958714962
2010,724,8438,0,0.14247949421405792
2010,724,8439,0,0.13223035633563995
2010,724,8440,0,0.14918647706508636
2010,724,8441,0,0.047477275133132935
2010,724,8442,0,0.22953639924526215
2010,724,8443,0,0.0615638829767704
2010,724,8444,0,0.1074010357260704
2010,724,8445,0,0.10806155949831009
2010,724,8446,1,0.09615393728017807
2010,724,8447,0,0.0885331854224205
2010,724,8448,0,0.1276485174894333
2010,724,8450,0,0.04919413849711418
2010,724,8451,0,0.05819280818104744
2010,724,8452,1,0.22768022119998932
2010,724,8453,0,0.08517158031463623
2010,724,8454,0,0.3167569637298584
2010,724,8455,0,0.17578016221523285
2010,724,8456,0,0.09927245229482651
2010,724,8457,0,0.15987084805965424
2010,724,8458,0,0.10712335258722305
2010,724,8459,0,0.11294415593147278
2010,724,8460,0,0.2340349704027176
2010,724,8461,0,0.10240819305181503
2010,724,8462,0,0.12432077527046204
2010,724,8463,0,0.15478992462158203
2010,724,8464,1,0.11680645495653152
2010,724,8465,0,0.39235809445381165
2010,724,8466,0,0.0436226949095726
2010,724,8467,0,0.14348077774047852
2010,724,8468,0,0.07350637763738632
2010,724,8470,0,0.5913687944412231
2010,724,8471,0,0.19376417994499207
2010,724,8472,0,0.07964117079973221
2010,724,8473,0,0.07695961743593216
2010,724,8474,0,0.07090102881193161
2010,724,8475,0,0.3806847631931305
2010,724,8476,0,0.14150983095169067
2010,724,8477,0,0.3401762545108795
2010,724,8478,1,0.2602480947971344
2010,724,8479,0,0.02956228516995907
2010,724,8480,0,0.09058012068271637
2010,724,8481,0,0.04425521939992905
2010,724,8482,0,0.06374772638082504
2010,724,8483,0,0.050295352935791016
2010,724,8484,0,0.05274880677461624
2010,724,8485,0,0.08549842983484268
2011,842,8401,1,0.3007691204547882
2011,842,8402,0,0.14550136029720306
2011,842,8403,0,0.19209937751293182
2011,842,8404,0,0.3526671230792999
2011,842,8405,0,0.09498684853315353
2011,842,8406,1,0.14784909784793854
2011,842,8407,0,0.04864426702260971
2011,842,8408,0,0.1760735660791397
2011,842,8409,0,0.035564109683036804
2011,842,8411,0,0.03635093569755554
2011,842,8412,0,0.06909837573766708
2011,842,8413,0,0.07462935894727707
2011,842,8414,0,0.05948448181152344
2011,842,8415,0,0.08373702317476273
2011,842,8416,0,0.04983878880739212
2011,842,8417,0,0.08755630254745483
2011,842,8418,0,0.0575772225856781
2011,842,8419,0,0.10314337909221649
2011,842,8420,0,0.0899939090013504
2011,842,8421,0,0.09259326010942459
2011,842,8422,0,0.10238964855670929
2011,842,8423,0,0.10088915377855301
2011,842,8424,0,0.09109828621149063
2011,842,8425,0,0.14485801756381989
2011,842,8426,0,0.09454566240310669
2011,842,8427,0,0.1320260912179947
2011,842,8428,0,0.05498497933149338
2011,842,8429,0,0.056534066796302795
2011,842,8430,0,0.0907248705625534
2011,842,8431,0,0.06045498698949814
2011,842,8432,0,0.13094951212406158
2011,842,8433,0,0.08154657483100891
2011,842,8434,0,0.21869686245918274
2011,842,8436,0,0.19949281215667725
2011,842,8437,0,0.31038039922714233
2011,842,8438,0,0.12085919082164764
2011,842,8439,0,0.17752550542354584
2011,842,8440,1,0.09286975860595703
2011,842,8441,0,0.14451467990875244
2011,842,8443,1,0.07622665166854858
2011,842,8444,1,0.13890871405601501
2011,842,8445,0,0.18266348540782928
2011,842,8446,0,0.10269913077354431
2011,842,8447,0,0.1971910446882248
2011,842,8449,0,0.19926472008228302
2011,842,8450,0,0.20489053428173065
2011,842,8451,0,0.14055675268173218
2011,842,8452,0,0.16699223220348358
2011,842,8453,0,0.18924953043460846
2011,842,8454,0,0.06256216019392014
2011,842,8455,0,0.2268107384443283
2011,842,8456,0,0.05714777112007141
2011,842,8457,0,0.09466248005628586
2011,842,8458,0,0.13420553505420685
2011,842,8459,0,0.10816266387701035
2011,842,8460,0,0.07512190192937851
2011,842,8461,0,0.08665110170841217
2011,842,8462,0,0.08345381170511246
2011,842,8463,0,0.14136788249015808
2011,842,8464,0,0.06967896968126297
2011,842,8465,0,0.08979463577270508
2011,842,8466,0,0.05049389973282814
2011,842,8467,0,0.08238261193037033
2011,842,8468,0,0.07543709874153137
2011,842,8469,0,0.16423460841178894
2011,842,8470,0,0.4004785418510437
2011,842,8471,0,0.05529617890715599
2011,842,8472,0,0.18195666372776031
2011,842,8473,0,0.1273961216211319
2011,842,8474,0,0.07059866189956665
2011,842,8475,0,0.18933138251304626
2011,842,8476,0,0.050105657428503036
2011,842,8477,0,0.089076928794384
2011,842,8479,1,0.09526970237493515
2011,842,8480,0,0.3241824507713318
2011,842,8481,0,0.059107936918735504
2011,842,8482,0,0.07427842170000076
2011,842,8483,0,0.0745689645409584
2011,842,8484,0,0.22426804900169373
2011,842,8485,0,0.11603562533855438
2011,276,8401,0,0.3373548686504364
2011,276,8402,0,0.13724678754806519
2011,276,8403,0,0.07380405813455582
2011,276,8404,0,0.12913085520267487
2011,276,8405,0,0.42496946454048157
2011,276,8406,0,0.23283204436302185
2011,276,8407,0,0.11919480562210083
2011,276,8408,0,0.11599382013082504
2011,276,8409,0,0.02896091714501381
2011,276,8410,0,0.38694602251052856
2011,276,8411,0,0.16289669275283813
2011,276,8412,0,0.07722549885511398
2011,276,8413,0,0.0814535915851593
2011,276,8414,0,0.19196903705596924
2011,276,8415,0,0.07918606698513031
2011,276,8416,0,0.10759089142084122
2011,276,8417,0,0.2069452852010727
2011,276,8418,0,0.0323527567088604
2011,276,8419,0,0.1531379669904709
2011,276,8420,1,0.14856919646263123
2011,276,8421,0,0.06784212589263916
2011,276,8422,0,0.21725381910800934
2011,276,8423,0,0.09724186360836029
2011,276,8424,0,0.1042885109782219
2011,276,8425,0,0.12671318650245667
2011,276,8426,0,0.10292025655508041
2011,276,8427,0,0.04191535711288452
2011,276,8428,0,0.13327842950820923
2011,276,8429,0,0.06511040776968002
2011,276,8430,0,0.1712246835231781
2011,276,8431,0,0.025874251499772072
2011,276,8432,0,0.21237395703792572
2011,276,8433,0,0.17054502665996552
2011,276,8434,0,0.23399606347084045
2011,276,8436,0,0.1962110698223114
2011,276,8437,1,0.5965466499328613
2011,276,8438,0,0.15095333755016327
2011,276,8439,0,0.13551346957683563
2011,276,8440,0,0.11937835067510605
2011,276,8441,0,0.14264126121997833
2011,276,8442,0,0.0800270140171051
2011,276,8443,1,0.0727255642414093
2011,276,8444,0,0.28875911235809326
2011,276,8445,0,0.14470916986465454
2011,276,8446,0,0.14599484205245972
2011,276,8447,1,0.36940997838974
2011,276,8448,0,0.14144869148731232
2011,276,8449,0,0.29512813687324524
2011,276,8450,1,0.307190865278244
2011,276,8451,0,0.11572130769491196
2011,276,8452,0,0.18563006818294525
2011,276,8453,0,0.2037489414215088
2011,276,8454,0,0.16955789923667908
2011,276,8455,0,0.16882747411727905
2011,276,8456,0,0.129038468003273
2011,276,8457,0,0.10401756316423416
2011,276,8458,0,0.16879554092884064
2011,276,8459,0,0.11575605720281601
2011,276,8460,0,0.07997048646211624
2011,276,8461,0,0.0998811423778534
2011,276,8462,0,0.09001845866441727
2011,276,8463,0,0.0919395238161087
2011,276,8464,0,0.16819261014461517
2011,276,8465,0,0.18597690761089325
2011,276,8466,0,0.025189300999045372
2011,276,8467,0,0.0836104303598404
2011,276,8468,0,0.1470153033733368
2011,276,8469,0,0.09655382484197617
2011,276,8470,0,0.06671185046434402
2011,276,8471,0,0.0509016178548336
2011,276,8472,0,0.1795835942029953
2011,276,8473,1,0.126473069190979
2011,276,8474,0,0.1678372472524643
2011,276,8475,0,0.2154085785150528
2011,276,8476,0,0.06272561103105545
2011,276,8477,0,0.12859192490577698
2011,276,8478,1,0.11030788719654083
2011,276,8479,1,0.060963891446590424
2011,276,8480,0,0.23957474529743195
2011,276,8481,0,0.09465602040290833
2011,276,8482,0,0.10410523414611816
2011,276,8483,0,0.09444979578256607
2011,276,8484,0,0.0931481346487999
2011,276,8485,0,0.07317247986793518
2011,392,8401,0,0.26721999049186707
2011,392,8402,0,0.1432592272758484
2011,392,8403,0,0.09460774809122086
2011,392,8404,0,0.19744211435317993
2011,392,8405,0,0.3470174968242645
2011,392,8406,0,0.2373359501361847
2011,392,8407,0,0.07360418885946274
2011,392,8408,0,0.1040838211774826
2011,392,8409,0,0.10443204641342163
2011,392,8410,0,0.21006503701210022
2011,392,8411,0,0.1859721839427948
2011,392,8412,0,0.16704462468624115
2011,392,8413,0,0.05482273921370506
2011,392,8414,0,0.0871439129114151
2011,392,8415,0,0.11334630846977234
2011,392,8416,0,0.1240595206618309
2011,392,8417,0,0.16749124228954315
2011,392,8418,0,0.14118735492229462
2011,392,8419,1,0.2116328924894333
2011,392,8420,0,0.3516383767127991
2011,392,8421,0,0.06607605516910553
2011,392,8422,0,0.11023420840501785
2011,392,8423,0,0.1723356992006302
2011,392,8424,0,0.09121794253587723
2011,392,8425,0,0.0970233902335167
2011,392,8426,0,0.08370578289031982
2011,392,8427,0,0.08007747679948807
2011,392,8428,0,0.07280120253562927
2011,392,8429,0,0.06603711098432541
2011,392,8430,0,0.058041565120220184
2011,392,8431,0,0.06695704907178879
2011,392,8432,0,0.10666491836309433
2011,392,8433,0,0.09087002277374268
2011,392,8434,1,0.2164689004421234
2011,392,8435,1,0.24689136445522308
2011,392,8436,0,0.10829780995845795
2011,392,8437,0,0.2852960228919983
2011,392,8438,0,0.08582237362861633
2011,392,8439,0,0.0895872488617897
2011,392,8440,1,0.09633957594633102
2011,392,8441,0,0.14257670938968658
2011,392,8442,0,0.20480084419250488
2011,392,8443,0,0.14045239984989166
2011,392,8444,0,0.4278949201107025
2011,392,8445,1,0.3226916790008545
2011,392,8446,1,0.3942405879497528
2011,392,8447,1,0.07979440689086914
2011,392,8448,0,0.12038776278495789
2011,392,8449,0,0.15285451710224152
2011,392,8450,0,0.33174020051956177
2011,392,8451,0,0.1816834807395935
2011,392,8452,1,0.17380285263061523
2011,392,8453,0,0.20075613260269165
2011,392,8454,0,0.12161888182163239
2011,392,8455,0,0.24150648713111877
2011,392,8456,0,0.13714705407619476
2011,392,8457,0,0.11687436699867249
2011,392,8458,0,0.08020801097154617
2011,392,8459,0,0.2532588839530945
2011,392,8460,0,0.21918907761573792
2011,392,8461,0,0.15867982804775238
2011,392,8462,0,0.1054532527923584
2011,392,8463,0,0.25185704231262207
2011,392,8464,0,0.14988622069358826
2011,392,8465,0,0.18183374404907227
2011,392,8466,0,0.051274724304676056
2011,392,8467,0,0.07535406202077866
2011,392,8468,0,0.12300046533346176
2011,392,8469,0,0.1972111016511917
2011,392,8470,0,0.09902230650186539
2011,392,8471,0,0.03197091817855835
2011,392,8472,0,0.12514151632785797
2011,392,8473,0,0.12830455601215363
2011,392,8474,0,0.07915012538433075
2011,392,8475,1,0.25087064504623413
2011,392,8476,0,0.1475711315870285
2011,392,8477,0,0.10118275135755539
2011,392,8478,0,0.296152800321579
2011,392,8479,1,0.1387868970632553
2011,392,8480,0,0.278790682554245
2011,392,8481,0,0.0958363488316536
2011,392,8482,0,0.05842455103993416
2011,392,8483,0,0.09382806718349457
2011,392,8484,0,0.08579698204994202
2011,392,8485,0,0.11849797517061234
2011,156,8401,0,0.20628049969673157
2011,156,8402,0,0.12603117525577545
2011,156,8403,0,0.07152318209409714
2011,156,8404,0,0.1719835102558136
2011,156,8405,0,0.157819464802742
2011,156,8406,0,0.2858373522758484
2011,156,8407,0,0.11313296109437943
2011,156,8408,0,0.11400987952947617
2011,156,8409,0,0.08745796978473663
2011,156,8410,0,0.2485693246126175
2011,156,8411,0,0.07369353622198105
2011,156,8412,0,0.028235146775841713
2011,156,8413,0,0.05378958582878113
2011,156,8414,0,0.06710273772478104
2011,156,8415,0,0.04751119762659073
2011,156,8416,0,0.10551455616950989
2011,156,8417,0,0.08334099501371384
2011,156,8418,0,0.047436777502298355
2011,156,8419,0,0.08328881114721298
2011,156,8420,0,0.12351930141448975
2011,156,8421,0,0.1289312243461609
2011,156,8422,0,0.11081786453723907
2011,156,8423,0,0.03982507064938545
2011,156,8424,0,0.060141392052173615
2011,156,8425,0,0.052198540419340134
2011,156,8426,0,0.10290627926588058
2011,156,8427,0,0.06709469109773636
2011,156,8428,0,0.07032487541437149
2011,156,8430,0,0.1155913919210434
2011,156,8431,0,0.02820616029202938
2011,156,8432,0,0.08375105261802673
2011,156,8433,0,0.18844294548034668
2011,156,8434,1,0.17371204495429993
2011,156,8435,0,0.1438273936510086
2011,156,8436,0,0.10999297350645065
2011,156,8439,0,0.10930760204792023
2011,156,8440,0,0.08061814308166504
2011,156,8441,0,0.07165807485580444
2011,156,8442,0,0.2985440492630005
2011,156,8443,1,0.03585180640220642
2011,156,8444,0,0.1454678475856781
2011,156,8445,0,0.07364228367805481
2011,156,8446,0,0.11407920718193054
2011,156,8447,0,0.11312611401081085
2011,156,8448,0,0.07043440639972687
2011,156,8449,0,0.16966569423675537
2011,156,8450,0,0.20838052034378052
2011,156,8451,0,0.11387334018945694
2011,156,8452,0,0.08084484189748764
2011,156,8453,0,0.1985306441783905
2011,156,8454,0,0.10895219445228577
2011,156,8455,0,0.1216517984867096
2011,156,8456,0,0.07210687547922134
2011,156,8457,0,0.08589143306016922
2011,156,8458,0,0.05442235618829727
2011,156,8459,0,0.11007615923881531
2011,156,8460,0,0.06911616772413254
2011,156,8461,0,0.06848577409982681
2011,156,8462,0,0.07968981564044952
2011,156,8463,0,0.10604134947061539
2011,156,8464,0,0.08748263120651245
2011,156,8465,0,0.07320081442594528
2011,156,8466,0,0.016724633052945137
2011,156,8467,0,0.05113948509097099
2011,156,8468,0,0.09227930009365082
2011,156,8469,0,0.1306893229484558
2011,156,8470,0,0.06268400698900223
2011,156,8471,0,0.03256024047732353
2011,156,8472,0,0.05663500726222992
2011,156,8473,0,0.07472995668649673
2011,156,8475,1,0.2067435085773468
2011,156,8476,0,0.06608568876981735
2011,156,8477,0,0.08680414408445358
2011,156,8478,0,0.16964934766292572
2011,156,8479,0,0.06707348674535751
2011,156,8480,0,0.24706555902957916
2011,156,8481,0,0.04426822066307068
2011,156,8482,0,0.06840561330318451
2011,156,8483,0,0.057460084557533264
2011,156,8484,0,0.1546117514371872
2011,380,8401,0,0.19263963401317596
2011,380,8402,0,0.16565625369548798
2011,380,8403,0,0.18266251683235168
2011,380,8404,1,0.44416600465774536
2011,380,8405,0,0.35232555866241455
2011,380,8406,0,0.30982139706611633
2011,380,8407,0,0.15899085998535156
2011,380,8408,0,0.06367286294698715
2011,380,8409,0,0.08511758595705032
2011,380,8411,0,0.41745537519454956
2011,380,8412,0,0.08875742554664612
2011,380,8413,0,0.08053720742464066
2011,380,8414,0,0.054632339626550674
2011,380,8415,0,0.029975391924381256
2011,380,8416,0,0.14784125983715057
2011,380,8417,0,0.19044208526611328
2011,380,8418,0,0.023625770583748817
2011,380,8419,0,0.18006528913974762
2011,380,8420,0,0.29804399609565735
2011,380,8421,0,0.1974514275789261
2011,380,8422,0,0.21725381910800934
2011,380,8423,0,0.12251520156860352
2011,380,8424,0,0.10260453075170517
2011,380,8425,0,0.21275456249713898
2011,380,8426,0,0.09848953038454056
2011,380,8427,0,0.02682531625032425
2011,380,8428,0,0.12355080991983414
2011,380,8429,0,0.05697128549218178
2011,380,8430,0,0.1385296732187271
2011,380,8431,0,0.03044152818620205
2011,380,8432,0,0.10012070089578629
2011,380,8433,0,0.02914668805897236
2011,380,8434,0,0.19641849398612976
2011,380,8435,0,0.16219760477542877
2011,380,8436,0,0.1923249065876007
2011,380,8438,0,0.1615810990333557
2011,380,8439,0,0.1528725028038025
2011,380,8440,0,0.09271007776260376
2011,380,8441,0,0.1413288414478302
2011,380,8442,0,0.42249441146850586
2011,380,8443,0,0.20917220413684845
2011,380,8444,0,0.19430764019489288
2011,380,8445,0,0.15144792199134827
2011,380,8446,1,0.1666448563337326
2011,380,8447,1,0.2082325667142868
2011,380,8448,0,0.07599084079265594
2011,380,8449,1,0.3743726313114166
2011,380,8450,0,0.06499408185482025
2011,380,8451,0,0.20459827780723572
2011,380,8452,0,0.20378130674362183
2011,380,8453,0,0.17626972496509552
2011,380,8454,0,0.2755122780799866
2011,380,8455,1,0.23840543627738953
2011,380,8456,0,0.10521572083234787
2011,380,8457,0,0.1221618503332138
2011,380,8458,0,0.16126053035259247
2011,380,8459,0,0.1358177661895752
2011,380,8460,0,0.08484578877687454
2011,380,8461,0,0.09494536370038986
2011,380,8462,0,0.14069244265556335
2011,380,8463,0,0.10139963775873184
2011,380,8464,0,0.19304700195789337
2011,380,8465,0,0.14945177733898163
2011,380,8466,0,0.0647646114230156
2011,380,8467,0,0.06553991883993149
2011,380,8468,0,0.12092321366071701
2011,380,8469,1,0.48917776346206665
2011,380,8471,0,0.09617309272289276
2011,380,8472,0,0.11482534557580948
2011,380,8473,1,0.09816331416368484
2011,380,8474,0,0.19361096620559692
2011,380,8475,0,0.23846562206745148
2011,380,8476,0,0.052690811455249786
2011,380,8477,0,0.12430885434150696
2011,380,8478,0,0.26119229197502136
2011,380,8479,1,0.06603346765041351
2011,380,8480,0,0.31410300731658936
2011,380,8481,0,0.16893212497234344
2011,380,8482,0,0.02629603073000908
2011,380,8483,0,0.04543754830956459
2011,380,8484,0,0.1887793242931366
2011,380,8485,0,0.09974370151758194
2011,826,8401,0,0.5094025135040283
2011,826,8402,1,0.15863142907619476
2011,826,8403,1,0.08572671562433243
2011,826,8404,0,0.1385536640882492
2011,826,8405,0,0.13275577127933502
2011,826,8406,0,0.16865167021751404
2011,826,8407,0,0.05492881312966347
2011,826,8408,0,0.17009413242340088
2011,826,8409,0,0.021656706929206848
2011,826,8411,0,0.027235446497797966
2011,826,8412,0,0.03659574314951897
2011,826,8413,0,0.026844026520848274
2011,826,8414,0,0.023817777633666992
2011,826,8415,0,0.026093430817127228
2011,826,8416,0,0.12372040748596191
2011,826,8417,1,0.17492850124835968
2011,826,8418,0,0.020178059116005898
2011,826,8419,0,0.0672089159488678
2011,826,8420,1,0.2310483604669571
2011,826,8421,0,0.017359374091029167
2011,826,8422,0,0.17942528426647186
2011,826,8423,0,0.02902972884476185
2011,826,8424,0,0.031057242304086685
2011,826,8425,0,0.0631614476442337
2011,826,8426,0,0.10574374347925186
2011,826,8427,0,0.024336008355021477
2011,826,8428,0,0.05269281193614006
2011,826,8429,0,0.07827092707157135
2011,826,8431,0,0.04070271924138069
2011,826,8432,0,0.032936565577983856
2011,826,8433,0,0.025809239596128464
2011,826,8434,0,0.049872465431690216
2011,826,8435,0,0.0767628476023674
2011,826,8436,0,0.23347751796245575
2011,826,8437,0,0.3794669210910797
2011,826,8438,0,0.15478967130184174
2011,826,8439,1,0.17155957221984863
2011,826,8440,0,0.05523635447025299
2011,826,8441,0,0.10565994679927826
2011,826,8442,0,0.05762875825166702
2011,826,8443,1,0.05412271246314049
2011,826,8444,1,0.1353617012500763
2011,826,8445,0,0.12239133566617966
2011,826,8446,0,0.38063812255859375
2011,826,8447,1,0.24500395357608795
2011,826,8448,0,0.12001809477806091
2011,826,8449,1,0.30313971638679504
2011,826,8450,1,0.07386437803506851
2011,826,8451,0,0.04268648475408554
2011,826,8453,0,0.13206085562705994
2011,826,8454,1,0.14967526495456696
2011,826,8455,0,0.1653289794921875
2011,826,8456,0,0.08198102563619614
2011,826,8457,0,0.07992224395275116
2011,826,8458,0,0.035366836935281754
2011,826,8459,0,0.12249428033828735
2011,826,8460,0,0.07059124857187271
2011,826,8461,0,0.09045300632715225
2011,826,8462,0,0.11898906528949738
2011,826,8463,0,0.049769703298807144
2011,826,8464,1,0.05505023151636124
2011,826,8465,0,0.12448854744434357
2011,826,8466,0,0.018650993704795837
2011,826,8467,0,0.051952410489320755
2011,826,8468,0,0.04074200987815857
2011,826,8469,0,0.08777088671922684
2011,826,8470,0,0.07612558454275131
2011,826,8471,0,0.02895641326904297
2011,826,8472,0,0.04881547391414642
2011,826,8473,1,0.0664905235171318
2011,826,8474,0,0.07449586689472198
2011,826,8475,0,0.19087359309196472
2011,826,8476,0,0.0918949693441391
2011,826,8477,0,0.1521938294172287
2011,826,8478,0,0.3253876864910126
2011,826,8479,0,0.019118929281830788
2011,826,8480,0,0.19590766727924347
2011,826,8481,0,0.1831173598766327
2011,826,8482,0,0.02226863242685795
2011,826,8483,0,0.028772499412298203
2011,826,8484,0,0.19114986062049866
2011,826,8485,0,0.07735836505889893
2011,251,8401,1,0.30671221017837524
2011,251,8402,1,0.28050699830055237
2011,251,8403,0,0.09216820448637009
2011,251,8405,0,0.36150458455085754
2011,251,8406,0,0.2759610116481781
2011,251,8407,0,0.21016015112400055
2011,251,8408,0,0.05720724165439606
2011,251,8409,0,0.14505097270011902
2011,251,8410,1,0.44829198718070984
2011,251,8411,0,0.06976746767759323
2011,251,8412,1,0.0558980330824852
2011,251,8413,0,0.08802295476198196
2011,251,8414,0,0.15638801455497742
2011,251,8415,0,0.034479573369026184
2011,251,8416,0,0.2573395073413849
2011,251,8417,0,0.24958589673042297
2011,251,8418,0,0.03374221920967102
2011,251,8419,0,0.10659735649824142
2011,251,8420,0,0.1803247481584549
2011,251,8421,0,0.032418735325336456
2011,251,8422,0,0.09090546518564224
2011,251,8424,0,0.08874213695526123
2011,251,8425,0,0.08315220475196838
2011,251,8426,0,0.10597196221351624
2011,251,8427,0,0.03403880074620247
2011,251,8428,0,0.06882521510124207
2011,251,8429,0,0.04100514203310013
2011,251,8431,0,0.02032184600830078
2011,251,8432,0,0.12924255430698395
2011,251,8433,0,0.051807474344968796
2011,251,8434,1,0.2602214813232422
2011,251,8435,0,0.08121482282876968
2011,251,8436,1,0.18008413910865784
2011,251,8438,0,0.15152156352996826
2011,251,8439,0,0.4521811604499817
2011,251,8440,1,0.09183322638273239
2011,251,8441,0,0.05792468041181564
2011,251,8442,0,0.38491910696029663
2011,251,8443,1,0.05505037680268288
2011,251,8444,0,0.15869459509849548
2011,251,8445,0,0.23149017989635468
2011,251,8446,0,0.28653958439826965
2011,251,8447,0,0.2855619192123413
2011,251,8448,0,0.11203239113092422
2011,251,8449,0,0.12364689260721207
2011,251,8450,0,0.04032297432422638
2011,251,8451,0,0.19759179651737213
2011,251,8452,0,0.07442893087863922
2011,251,8453,0,0.35048454999923706
2011,251,8454,0,0.23521333932876587
2011,251,8455,0,0.2305893450975418
2011,251,8456,0,0.09239614009857178
2011,251,8457,0,0.17091290652751923
2011,251,8458,1,0.04741206765174866
2011,251,8459,0,0.11685541272163391
2011,251,8460,0,0.07120581716299057
2011,251,8461,0,0.09766612201929092
2011,251,8462,0,0.08123024553060532
2011,251,8463,0,0.1741519570350647
2011,251,8464,0,0.07569406181573868
2011,251,8465,0,0.06889026612043381
2011,251,8466,1,0.03799024596810341
2011,251,8467,0,0.05776234343647957
2011,251,8469,1,0.48562878370285034
2011,251,8470,0,0.08624163269996643
2011,251,8471,0,0.046549130231142044
2011,251,8472,0,0.2623482346534729
2011,251,8473,0,0.14541476964950562
2011,251,8475,0,0.17636778950691223
2011,251,8476,0,0.3473722040653229
2011,251,8477,0,0.10207529366016388
2011,251,8479,0,0.023816537111997604
2011,251,8480,0,0.09452489763498306
2011,251,8481,0,0.07290444523096085
2011,251,8482,0,0.12229124456644058
2011,251,8483,0,0.19116485118865967
2011,251,8484,0,0.3910614848136902
2011,251,8485,0,0.08568594604730606
2011,490,8402,0,0.12067914009094238
2011,490,8403,1,0.19619034230709076
2011,490,8404,1,0.41043153405189514
2011,490,8405,1,0.14426462352275848
2011,490,8406,0,0.3495776057243347
2011,490,8407,0,0.3888106346130371
2011,490,8408,0,0.19373498857021332
2011,490,8409,0,0.15059036016464233
2011,490,8410,1,0.49722325801849365
2011,490,8411,0,0.05136200040578842
2011,490,8412,0,0.11002270132303238
2011,490,8413,0,0.09169429540634155
2011,490,8414,0,0.14021192491054535
2011,490,8415,0,0.12812723219394684
2011,490,8416,0,0.09711713343858719
2011,490,8417,0,0.21523170173168182
2011,490,8418,0,0.09143968671560287
2011,490,8419,0,0.19646787643432617
2011,490,8420,1,0.4959859251976013
2011,490,8421,0,0.36939695477485657
2011,490,8422,0,0.0843440443277359
2011,490,8423,0,0.10586012899875641
2011,490,8424,0,0.1234021857380867
2011,490,8425,0,0.18921510875225067
2011,490,8426,1,0.06873739510774612
2011,490,8427,0,0.07646379619836807
2011,490,8428,0,0.14948226511478424
2011,490,8429,0,0.14391687512397766
2011,490,8430,0,0.0647982656955719
2011,490,8431,0,0.03890305757522583
2011,490,8432,0,0.09147201478481293
2011,490,8433,0,0.3271237015724182
2011,490,8434,1,0.36844977736473083
2011,490,8435,0,0.3357640206813812
2011,490,8436,0,0.21987971663475037
2011,490,8437,0,0.283687561750412
2011,490,8438,0,0.12438659369945526
2011,490,8439,1,0.2123841941356659
2011,490,8440,0,0.31783828139305115
2011,490,8441,0,0.23645761609077454
2011,490,8442,0,0.3672114908695221
2011,490,8443,1,0.14367954432964325
2011,490,8445,1,0.19491340219974518
2011,490,8446,1,0.17662866413593292
2011,490,8447,0,0.1501624584197998
2011,490,8448,0,0.16891206800937653
2011,490,8449,0,0.13916082680225372
2011,490,8450,0,0.23528654873371124
2011,490,8451,0,0.34505385160446167
2011,490,8452,0,0.17322655022144318
2011,490,8453,1,0.23511669039726257
2011,490,8454,0,0.26588335633277893
2011,490,8455,0,0.20083510875701904
2011,490,8456,0,0.1629486083984375
2011,490,8457,0,0.09361530840396881
2011,490,8458,0,0.08146371692419052
2011,490,8459,1,0.2217552214860916
2011,490,8460,0,0.10892486572265625
2011,490,8461,0,0.13119728863239288
2011,490,8462,0,0.19078762829303741
2011,490,8463,0,0.15531711280345917
2011,490,8464,0,0.4450763165950775
2011,490,8465,0,0.16249750554561615
2011,490,8466,0,0.11607000976800919
2011,490,8467,0,0.03822701796889305
2011,490,8468,0,0.21170391142368317
2011,490,8470,0,0.3173362612724304
2011,490,8471,0,0.045555636286735535
2011,490,8472,0,0.136723130941391
2011,490,8473,0,0.13419102132320404
2011,490,8474,0,0.189081609249115
2011,490,8475,1,0.16785603761672974
2011,490,8476,0,0.18198753893375397
2011,490,8477,0,0.13459992408752441
2011,490,8478,0,0.5866247415542603
2011,490,8479,1,0.13156670331954956
2011,490,8480,0,0.17187927663326263
2011,490,8481,0,0.051696181297302246
2011,490,8482,0,0.08600043505430222
2011,490,8483,0,0.1533963680267334
2011,490,8484,0,0.23118941485881805
2011,490,8485,0,0.10993103682994843
2011,702,8402,0,0.43226146697998047
2011,702,8404,1,0.13713400065898895
2011,702,8405,0,0.16723869740962982
2011,702,8407,0,0.09028767049312592
2011,702,8408,0,0.17434725165367126
2011,702,8409,0,0.04813475161790848
2011,702,8410,0,0.19127720594406128
2011,702,8411,0,0.10275687277317047
2011,702,8412,0,0.0928579792380333
2011,702,8413,0,0.10349112749099731
2011,702,8414,0,0.23966717720031738
2011,702,8416,0,0.30771827697753906
2011,702,8417,0,0.17772255837917328
2011,702,8418,1,0.20872287452220917
2011,702,8419,0,0.09848159551620483
2011,702,8420,1,0.2502371668815613
2011,702,8421,0,0.21749494969844818
2011,702,8422,0,0.14484135806560516
2011,702,8423,0,0.1007361114025116
2011,702,8424,0,0.07238976657390594
2011,702,8425,0,0.10615188628435135
2011,702,8428,1,0.09589022397994995
2011,702,8430,0,0.08468090742826462
2011,702,8431,0,0.043678559362888336
2011,702,8432,0,0.11845794320106506
2011,702,8434,0,0.16618448495864868
2011,702,8436,0,0.36135077476501465
2011,702,8437,0,0.2381306141614914
2011,702,8438,0,0.2088293433189392
2011,702,8439,1,0.25273504853248596
2011,702,8441,0,0.18758957087993622
2011,702,8442,0,0.15878915786743164
2011,702,8443,0,0.09593425691127777
2011,702,8445,1,0.23405855894088745
2011,702,8447,0,0.37448930740356445
2011,702,8448,0,0.231052428483963
2011,702,8451,1,0.1784915328025818
2011,702,8452,0,0.27159395813941956
2011,702,8453,0,0.2838582992553711
2011,702,8454,0,0.12369542568922043
2011,702,8455,0,0.1569688320159912
2011,702,8456,0,0.21885867416858673
2011,702,8457,0,0.12608060240745544
2011,702,8458,0,0.18006283044815063
2011,702,8459,0,0.2501332461833954
2011,702,8460,0,0.09314332157373428
2011,702,8461,0,0.12325344979763031
2011,702,8462,1,0.1174641028046608
2011,702,8463,0,0.14019860327243805
2011,702,8464,0,0.25162315368652344
2011,702,8465,0,0.08237174153327942
2011,702,8466,1,0.35608115792274475
2011,702,8467,0,0.09374494105577469
2011,702,8468,0,0.10709954798221588
2011,702,8470,0,0.12715354561805725
2011,702,8471,0,0.07327373325824738
2011,702,8472,0,0.1960890144109726
2011,702,8473,0,0.1378287822008133
2011,702,8474,0,0.090749591588974
2011,702,8475,0,0.4908964931964874
2011,702,8476,0,0.19393247365951538
2011,702,8477,0,0.0877356007695198
2011,702,8478,1,0.20260478556156158
2011,702,8479,1,0.15860173106193542
2011,702,8480,0,0.12153654545545578
2011,702,8481,0,0.10491617769002914
2011,702,8482,0,0.07333851605653763
2011,702,8483,0,0.07563918083906174
2011,702,8484,0,0.11250822991132736
2011,702,8485,0,0.06306809931993484
2011,528,8401,0,0.28560295701026917
2011,528,8402,0,0.24130448698997498
2011,528,8403,0,0.041423771530389786
2011,528,8404,0,0.24022617936134338
2011,528,8405,0,0.1266663819551468
2011,528,8406,0,0.16677603125572205
2011,528,8407,1,0.1583959311246872
2011,528,8408,1,0.10599047690629959
2011,528,8409,0,0.02398332953453064
2011,528,8410,0,0.09962111711502075
2011,528,8411,1,0.2858399748802185
2011,528,8412,1,0.05322176218032837
2011,528,8413,0,0.08093913644552231
2011,528,8414,0,0.1218862310051918
2011,528,8415,0,0.029185965657234192
2011,528,8416,1,0.07863444834947586
2011,528,8417,0,0.17284031212329865
2011,528,8418,0,0.038529347628355026
2011,528,8419,0,0.07863093167543411
2011,528,8420,0,0.19223222136497498
2011,528,8421,0,0.17620985209941864
2011,528,8422,0,0.024633554741740227
2011,528,8423,0,0.07912811636924744
2011,528,8424,0,0.029562857002019882
2011,528,8425,0,0.058547329157590866
2011,528,8426,0,0.15030229091644287
2011,528,8427,0,0.03182985261082649
2011,528,8428,0,0.08414620161056519
2011,528,8429,0,0.032488368451595306
2011,528,8430,0,0.10141997039318085
2011,528,8431,0,0.02097342349588871
2011,528,8432,0,0.09559901058673859
2011,528,8433,0,0.035134222358465195
2011,528,8434,0,0.2106647491455078
2011,528,8435,1,0.1694830060005188
2011,528,8436,0,0.1844721883535385
2011,528,8437,0,0.23309820890426636
2011,528,8438,0,0.10828337073326111
2011,528,8439,1,0.3577779233455658
2011,528,8440,0,0.05591452866792679
2011,528,8441,0,0.1350230872631073
2011,528,8442,0,0.4886482059955597
2011,528,8443,1,0.08331003785133362
2011,528,8444,0,0.19841420650482178
2011,528,8445,1,0.32723161578178406
2011,528,8446,1,0.11519031226634979
2011,528,8447,0,0.29074397683143616
2011,528,8448,0,0.07584558427333832
2011,528,8449,0,0.21075911819934845
2011,528,8450,0,0.11776743084192276
2011,528,8451,0,0.150741845369339
2011,528,8452,0,0.14718519151210785
2011,528,8453,0,0.10681083798408508
2011,528,8454,1,0.24690371751785278
2011,528,8455,1,0.3204283118247986
2011,528,8456,0,0.11150375753641129
2011,528,8457,0,0.16068601608276367
2011,528,8458,1,0.27161574363708496
2011,528,8459,0,0.07465481758117676
2011,528,8460,0,0.04745238646864891
2011,528,8461,0,0.11417888104915619
2011,528,8462,0,0.13338042795658112
2011,528,8463,1,0.2700459063053131
2011,528,8464,0,0.0716082826256752
2011,528,8465,1,0.10696599632501602
2011,528,8466,0,0.03282984718680382
2011,528,8467,0,0.04693799093365669
2011,528,8468,0,0.09209860861301422
2011,528,8469,1,0.24741460382938385
2011,528,8470,1,0.15121659636497498
2011,528,8471,0,0.06846217811107635
2011,528,8472,0,0.08810310065746307
2011,528,8473,0,0.1005602777004242
2011,528,8474,0,0.06218370050191879
2011,528,8475,1,0.14325982332229614
2011,528,8476,0,0.13122139871120453
2011,528,8477,0,0.07131937146186829
2011,528,8478,0,0.101267971098423
2011,528,8479,1,0.07231394946575165
2011,528,8480,0,0.200712651014328
2011,528,8481,0,0.19286596775054932
2011,528,8482,0,0.034081850200891495
2011,528,8483,0,0.06832407414913177
2011,528,8484,0,0.3366944193840027
2011,528,8485,0,0.06876210868358612
2011,410,8401,0,0.45206478238105774
2011,410,8402,0,0.321821004152298
2011,410,8403,0,0.3338875472545624
2011,410,8404,0,0.3706314265727997
2011,410,8406,0,0.36814332008361816
2011,410,8407,0,0.29469233751296997
2011,410,8408,1,0.34056976437568665
2011,410,8409,0,0.11992333829402924
2011,410,8410,0,0.3700903654098511
2011,410,8411,0,0.3873726725578308
2011,410,8412,1,0.17262540757656097
2011,410,8413,0,0.11242549866437912
2011,410,8414,0,0.17487181723117828
2011,410,8415,0,0.1498805433511734
2011,410,8416,0,0.2660004198551178
2011,410,8418,0,0.26527947187423706
2011,410,8419,0,0.0758415162563324
2011,410,8420,0,0.19571872055530548
2011,410,8421,0,0.1975334733724594
2011,410,8422,0,0.36711999773979187
2011,410,8423,0,0.1546534299850464
2011,410,8424,0,0.3050173223018646
2011,410,8425,0,0.20281317830085754
2011,410,8426,0,0.13956354558467865
2011,410,8427,0,0.09358607977628708
2011,410,8428,0,0.07631942629814148
2011,410,8429,0,0.06931772083044052
2011,410,8430,0,0.5721043944358826
2011,410,8431,0,0.11063964664936066
2011,410,8432,0,0.19332891702651978
2011,410,8433,0,0.31223204731941223
2011,410,8434,0,0.22778572142124176
2011,410,8435,0,0.20798279345035553
2011,410,8436,0,0.36380940675735474
2011,410,8437,0,0.18593496084213257
2011,410,8438,0,0.2397402673959732
2011,410,8439,0,0.2854400873184204
2011,410,8440,0,0.1372009813785553
2011,410,8441,0,0.08739650249481201
2011,410,8442,0,0.4696531891822815
2011,410,8443,1,0.14271830022335052
2011,410,8444,0,0.3061596155166626
2011,410,8445,1,0.1834365278482437
2011,410,8446,0,0.1602819710969925
2011,410,8447,0,0.14168834686279297
2011,410,8448,0,0.1665177196264267
2011,410,8449,0,0.2707769572734833
2011,410,8450,0,0.4225926697254181
2011,410,8451,0,0.30499711632728577
2011,410,8452,1,0.14081215858459473
2011,410,8453,1,0.3987676799297333
2011,410,8454,0,0.1889173984527588
2011,410,8455,0,0.30925464630126953
2011,410,8456,0,0.11561696231365204
2011,410,8457,0,0.12744717299938202
2011,410,8458,0,0.11171279102563858
2011,410,8459,0,0.12486296892166138
2011,410,8460,0,0.12651430070400238
2011,410,8461,0,0.2361629456281662
2011,410,8462,0,0.10979333519935608
2011,410,8463,1,0.34816139936447144
2011,410,8464,0,0.33357930183410645
2011,410,8465,0,0.18232068419456482
2011,410,8466,0,0.04799735173583031
2011,410,8467,0,0.17946049571037292
2011,410,8468,0,0.3751818537712097
2011,410,8470,0,0.5551775693893433
2011,410,8471,0,0.07778938859701157
2011,410,8472,0,0.26058170199394226
2011,410,8473,1,0.20326168835163116
2011,410,8474,0,0.17303796112537384
2011,410,8475,1,0.26527488231658936
2011,410,8476,1,0.09089244157075882
2011,410,8477,0,0.15568628907203674
2011,410,8478,0,0.2947937846183777
2011,410,8479,1,0.09468722343444824
2011,410,8480,0,0.438669353723526
2011,410,8481,0,0.11329210549592972
2011,410,8482,0,0.12423429638147354
2011,410,8483,0,0.09884116053581238
2011,410,8484,0,0.12736649811267853
2011,410,8485,0,0.17959247529506683
2011,458,8402,0,0.15168114006519318
2011,458,8403,0,0.20805689692497253
2011,458,8404,1,0.32174649834632874
2011,458,8405,0,0.20757697522640228
2011,458,8406,0,0.3870193064212799
2011,458,8407,1,0.3172808587551117
2011,458,8409,1,0.13596723973751068
2011,458,8410,1,0.5405628681182861
2011,458,8411,0,0.10261650383472443
2011,458,8412,0,0.11839012056589127
2011,458,8413,0,0.08537600189447403
2011,458,8414,0,0.23160851001739502
2011,458,8415,0,0.1498095840215683
2011,458,8416,0,0.2538291811943054
2011,458,8417,0,0.19320976734161377
2011,458,8418,0,0.13931958377361298
2011,458,8419,0,0.06353957951068878
2011,458,8420,0,0.18126823008060455
2011,458,8421,0,0.14995960891246796
2011,458,8422,0,0.10579641908407211
2011,458,8423,0,0.12076350301504135
2011,458,8424,0,0.1647670418024063
2011,458,8425,1,0.43892228603363037
2011,458,8426,0,0.06959544867277145
2011,458,8428,0,0.09970512986183167
2011,458,8430,0,0.27253419160842896
2011,458,8431,0,0.16533087193965912
2011,458,8434,0,0.44581034779548645
2011,458,8435,0,0.35505983233451843
2011,458,8436,0,0.18378756940364838
2011,458,8439,0,0.16961893439292908
2011,458,8440,1,0.42510461807250977
2011,458,8441,1,0.14897258579730988
2011,458,8442,1,0.5226337313652039
2011,458,8443,1,0.11330896615982056
2011,458,8444,0,0.4462778568267822
2011,458,8445,1,0.4837692975997925
2011,458,8446,1,0.2836475968360901
2011,458,8448,1,0.19030576944351196
2011,458,8449,1,0.6586031913757324
2011,458,8450,0,0.644784152507782
2011,458,8451,0,0.16284048557281494
2011,458,8453,1,0.1888815313577652
2011,458,8454,0,0.23790131509304047
2011,458,8455,0,0.2124803364276886
2011,458,8456,0,0.5270723104476929
2011,458,8457,0,0.21592871844768524
2011,458,8458,1,0.24789570271968842
2011,458,8460,0,0.15918907523155212
2011,458,8461,0,0.242030531167984
2011,458,8462,0,0.20887598395347595
2011,458,8463,1,0.3758990466594696
2011,458,8464,1,0.43800342082977295
2011,458,8465,0,0.13051261007785797
2011,458,8466,1,0.09038162231445312
2011,458,8467,0,0.0762152448296547
2011,458,8468,0,0.22893545031547546
2011,458,8469,0,0.19826313853263855
2011,458,8470,0,0.12891481816768646
2011,458,8471,0,0.07047074288129807
2011,458,8472,0,0.19069688022136688
2011,458,8473,0,0.16357211768627167
2011,458,8474,0,0.07293757051229477
2011,458,8475,0,0.5143797397613525
2011,458,8476,0,0.3083757162094116
2011,458,8477,0,0.17795315384864807
2011,458,8478,0,0.5361954569816589
2011,458,8479,0,0.09612400084733963
2011,458,8480,0,0.2442321628332138
2011,458,8481,0,0.1167873740196228
2011,458,8482,0,0.1521945744752884
2011,458,8483,1,0.19809865951538086
2011,458,8484,0,0.37676316499710083
2011,458,8485,0,0.10779622197151184
2011,124,8401,0,0.20292767882347107
2011,124,8402,0,0.28100281953811646
2011,124,8403,0,0.2702508568763733
2011,124,8404,0,0.2824355959892273
2011,124,8405,0,0.17443610727787018
2011,124,8406,0,0.1991906613111496
2011,124,8407,0,0.11604157090187073
2011,124,8408,1,0.14390254020690918
2011,124,8409,0,0.06448420882225037
2011,124,8410,0,0.2583754062652588
2011,124,8411,0,0.05133655294775963
2011,124,8412,0,0.0660548210144043
2011,124,8413,0,0.08069547265768051
2011,124,8414,0,0.14459389448165894
2011,124,8415,0,0.07713527977466583
2011,124,8416,0,0.10392817854881287
2011,124,8417,0,0.13850854337215424
2011,124,8418,0,0.07540178298950195
2011,124,8419,0,0.26212337613105774
2011,124,8420,1,0.1898859143257141
2011,124,8421,0,0.04769973084330559
2011,124,8422,0,0.06775510311126709
2011,124,8423,0,0.0937090814113617
2011,124,8424,0,0.07138987630605698
2011,124,8425,0,0.05620970204472542
2011,124,8426,0,0.18334849178791046
2011,124,8427,0,0.09490206092596054
2011,124,8428,0,0.06676426529884338
2011,124,8430,0,0.10645617544651031
2011,124,8431,0,0.03858210891485214
2011,124,8432,0,0.1774972528219223
2011,124,8433,0,0.09576650708913803
2011,124,8434,0,0.3115295171737671
2011,124,8435,1,0.3119238615036011
2011,124,8436,0,0.2224602997303009
2011,124,8437,0,0.13852207362651825
2011,124,8438,0,0.10636208206415176
2011,124,8439,1,0.2522977590560913
2011,124,8440,1,0.39843329787254333
2011,124,8441,0,0.15204696357250214
2011,124,8442,1,0.06636141240596771
2011,124,8443,1,0.11987759172916412
2011,124,8445,0,0.14966954290866852
2011,124,8446,1,0.3548673987388611
2011,124,8448,0,0.11020703613758087
2011,124,8450,1,0.14940975606441498
2011,124,8451,0,0.09372074156999588
2011,124,8452,0,0.1461677849292755
2011,124,8453,0,0.19207553565502167
2011,124,8454,0,0.1378183662891388
2011,124,8455,0,0.2644954323768616
2011,124,8456,0,0.25257062911987305
2011,124,8457,1,0.24977120757102966
2011,124,8458,1,0.19050639867782593
2011,124,8459,0,0.0978279560804367
2011,124,8460,0,0.09608820080757141
2011,124,8461,0,0.14729702472686768
2011,124,8462,0,0.1077648177742958
2011,124,8463,0,0.17635087668895721
2011,124,8464,0,0.1090131402015686
2011,124,8465,0,0.07976756989955902
2011,124,8466,0,0.06602399051189423
2011,124,8467,0,0.07546953856945038
2011,124,8468,0,0.06916642189025879
2011,124,8470,1,0.1719718873500824
2011,124,8471,0,0.04481519013643265
2011,124,8472,0,0.3113308846950531
2011,124,8473,0,0.16819261014461517
2011,124,8474,0,0.07837217301130295
2011,124,8475,1,0.1683395504951477
2011,124,8476,0,0.08348279446363449
2011,124,8477,0,0.0712520033121109
2011,124,8478,1,0.47496297955513
2011,124,8479,0,0.05950659140944481
2011,124,8480,0,0.12723805010318756
2011,124,8481,0,0.0554632842540741
2011,124,8482,0,0.061958324164152145
2011,124,8483,0,0.04821893572807312
2011,124,8484,0,0.14051809906959534
2011,124,8485,0,0.06933281570672989
2011,484,8402,0,0.19807782769203186
2011,484,8403,1,0.2628372609615326
2011,484,8404,0,0.43893536925315857
2011,484,8405,0,0.3924115300178528
2011,484,8406,0,0.22834601998329163
2011,484,8407,0,0.16641488671302795
2011,484,8408,0,0.3270334303379059
2011,484,8409,0,0.09855969250202179
2011,484,8411,0,0.14993993937969208
2011,484,8412,0,0.11063463240861893
2011,484,8413,0,0.08737733960151672
2011,484,8414,0,0.06795771420001984
2011,484,8415,0,0.12014331668615341
2011,484,8416,1,0.4047849476337433
2011,484,8417,1,0.24034500122070312
2011,484,8418,0,0.07032032310962677
2011,484,8419,0,0.13634610176086426
2011,484,8421,0,0.05332908406853676
2011,484,8422,0,0.20033472776412964
2011,484,8423,0,0.18600904941558838
2011,484,8424,0,0.12687984108924866
2011,484,8425,0,0.16004329919815063
2011,484,8426,0,0.16268660128116608
2011,484,8427,0,0.17213669419288635
2011,484,8428,0,0.17101779580116272
2011,484,8429,0,0.2011459618806839
2011,484,8430,1,0.3213423192501068
2011,484,8431,0,0.06913893669843674
2011,484,8432,0,0.12103939056396484
2011,484,8433,0,0.15771988034248352
2011,484,8434,1,0.29378509521484375
2011,484,8436,0,0.23181459307670593
2011,484,8438,0,0.23779083788394928
2011,484,8439,0,0.19812023639678955
2011,484,8441,0,0.4100244343280792
2011,484,8442,1,0.5124561786651611
2011,484,8443,0,0.08065955340862274
2011,484,8445,1,0.45316627621650696
2011,484,8446,0,0.3075576424598694
2011,484,8447,0,0.21046583354473114
2011,484,8448,0,0.20144759118556976
2011,484,8450,0,0.1775267869234085
2011,484,8451,0,0.2884002923965454
2011,484,8452,0,0.2066677212715149
2011,484,8454,1,0.37307092547416687
2011,484,8455,1,0.5655779242515564
2011,484,8456,0,0.487637460231781
2011,484,8457,1,0.23034504055976868
2011,484,8458,0,0.30671143531799316
2011,484,8459,0,0.21585533022880554
2011,484,8460,0,0.23611971735954285
2011,484,8461,0,0.23618648946285248
2011,484,8462,0,0.21736140549182892
2011,484,8463,0,0.2795960307121277
2011,484,8465,0,0.18181583285331726
2011,484,8466,0,0.1133674755692482
2011,484,8467,0,0.13045743107795715
2011,484,8468,0,0.185492604970932
2011,484,8470,1,0.2102826088666916
2011,484,8471,0,0.12627960741519928
2011,484,8472,0,0.21156851947307587
2011,484,8473,0,0.1395413875579834
2011,484,8474,0,0.1727665662765503
2011,484,8475,0,0.18439064919948578
2011,484,8476,0,0.1456519365310669
2011,484,8477,0,0.1172919049859047
2011,484,8478,1,0.6490996479988098
2011,484,8479,0,0.11123041063547134
2011,484,8480,0,0.41721847653388977
2011,484,8481,0,0.05991803854703903
2011,484,8482,0,0.08176089823246002
2011,484,8483,0,0.06597346067428589
2011,484,8484,0,0.11243261396884918
2011,484,8485,0,0.23261235654354095
2011,757,8401,0,0.3417533040046692
2011,757,8402,1,0.5432340502738953
2011,757,8403,0,0.06697811186313629
2011,757,8404,0,0.17745837569236755
2011,757,8405,0,0.3157958388328552
2011,757,8406,1,0.4931056499481201
2011,757,8407,0,0.3823816776275635
2011,757,8408,1,0.06244208663702011
2011,757,8409,0,0.026668908074498177
2011,757,8411,0,0.1303032785654068
2011,757,8412,0,0.06532792747020721
2011,757,8413,0,0.026096945628523827
2011,757,8414,0,0.29764923453330994
2011,757,8415,0,0.057657599449157715
2011,757,8416,0,0.07488804310560226
2011,757,8417,0,0.08081003278493881
2011,757,8418,0,0.04826049879193306
2011,757,8419,0,0.03198976814746857
2011,757,8420,1,0.24863573908805847
2011,757,8421,0,0.2575935125350952
2011,757,8422,0,0.02251034416258335
2011,757,8423,0,0.024675754830241203
2011,757,8424,0,0.02799348346889019
2011,757,8425,0,0.038073066622018814
2011,757,8426,0,0.13857252895832062
2011,757,8427,0,0.08476593345403671
2011,757,8428,0,0.05052290856838226
2011,757,8430,0,0.15467800199985504
2011,757,8431,0,0.07451214641332626
2011,757,8432,0,0.07538293302059174
2011,757,8433,0,0.5045887231826782
2011,757,8434,0,0.11397141218185425
2011,757,8435,1,0.14682522416114807
2011,757,8436,0,0.06630948185920715
2011,757,8437,0,0.3593347668647766
2011,757,8438,0,0.14481331408023834
2011,757,8439,0,0.07156036794185638
2011,757,8440,0,0.041968200355768204
2011,757,8441,1,0.03757748752832413
2011,757,8442,0,0.07263299822807312
2011,757,8443,0,0.0601595900952816
2011,757,8444,1,0.262962281703949
2011,757,8445,1,0.16419215500354767
2011,757,8446,1,0.24277718365192413
2011,757,8447,0,0.23786446452140808
2011,757,8448,0,0.10231182724237442
2011,757,8449,0,0.40592867136001587
2011,757,8450,0,0.045966941863298416
2011,757,8451,1,0.27649790048599243
2011,757,8452,1,0.08656185865402222
2011,757,8453,1,0.1734674721956253
2011,757,8454,0,0.1571125090122223
2011,757,8455,0,0.11877520382404327
2011,757,8456,0,0.05574386566877365
2011,757,8457,0,0.09939508140087128
2011,757,8458,1,0.08217791467905045
2011,757,8459,0,0.24757565557956696
2011,757,8460,0,0.05186321586370468
2011,757,8461,0,0.08291223645210266
2011,757,8462,0,0.13024285435676575
2011,757,8463,1,0.07705734670162201
2011,757,8464,1,0.15314450860023499
2011,757,8465,1,0.17506811022758484
2011,757,8466,0,0.036065537482500076
2011,757,8467,0,0.03533438220620155
2011,757,8468,1,0.2097751498222351
2011,757,8470,1,0.08195077627897263
2011,757,8471,0,0.03019738383591175
2011,757,8472,0,0.06947494298219681
2011,757,8473,0,0.08718682080507278
2011,757,8474,0,0.09066823869943619
2011,757,8475,0,0.08521130681037903
2011,757,8476,0,0.05185629427433014
2011,757,8477,0,0.08125487715005875
2011,757,8478,0,0.358196884393692
2011,757,8479,1,0.09214799851179123
2011,757,8480,0,0.08968941867351532
2011,757,8481,0,0.037396740168333054
2011,757,8482,0,0.029386676847934723
2011,757,8483,0,0.04825000837445259
2011,757,8484,0,0.08765856176614761
2011,757,8485,0,0.02547083981335163
2011,764,8402,1,0.3047065734863281
2011,764,8405,1,0.39906713366508484
2011,764,8406,0,0.7157984972000122
2011,764,8407,0,0.2894810140132904
2011,764,8408,0,0.2117539495229721
2011,764,8409,0,0.19152162969112396
2011,764,8411,0,0.19805394113063812
2011,764,8412,0,0.1042933240532875
2011,764,8413,0,0.07252705842256546
2011,764,8414,0,0.11624275147914886
2011,764,8415,0,0.07978551089763641
2011,764,8416,1,0.23351141810417175
2011,764,8417,0,0.21631936728954315
2011,764,8418,0,0.11313080042600632
2011,764,8419,1,0.09792402386665344
2011,764,8420,1,0.13478974997997284
2011,764,8421,0,0.2450546771287918
2011,764,8422,0,0.3259850740432739
2011,764,8423,1,0.3882182836532593
2011,764,8424,0,0.07072101533412933
2011,764,8425,0,0.15513144433498383
2011,764,8428,0,0.17501422762870789
2011,764,8430,1,0.1685469150543213
2011,764,8431,0,0.023137196898460388
2011,764,8434,1,0.4743640422821045
2011,764,8435,0,0.27029111981391907
2011,764,8436,1,0.33431461453437805
2011,764,8437,0,0.29434019327163696
2011,764,8439,1,0.5388838648796082
2011,764,8441,1,0.3860810399055481
2011,764,8442,1,0.44417804479599
2011,764,8443,1,0.043015725910663605
2011,764,8444,1,0.5422043800354004
2011,764,8445,1,0.6599531769752502
2011,764,8446,1,0.5304728746414185
2011,764,8447,1,0.7436387538909912
2011,764,8448,1,0.5906494855880737
2011,764,8449,1,0.6956346035003662
2011,764,8450,1,0.18103213608264923
2011,764,8451,0,0.3425101637840271
2011,764,8452,1,0.33088305592536926
2011,764,8453,1,0.5482147336006165
2011,764,8454,1,0.17124852538108826
2011,764,8455,1,0.4182704985141754
2011,764,8456,1,0.088813416659832
2011,764,8457,0,0.13985270261764526
2011,764,8458,0,0.15790888667106628
2011,764,8459,1,0.7262802720069885
2011,764,8460,0,0.14017927646636963
2011,764,8461,0,0.33059847354888916
2011,764,8462,0,0.15830090641975403
2011,764,8464,0,0.3186264932155609
2011,764,8466,0,0.07313680648803711
2011,764,8467,0,0.08637464046478271
2011,764,8468,0,0.170786514878273
2011,764,8470,1,0.407018780708313
2011,764,8471,0,0.11403226852416992
2011,764,8472,0,0.2860644459724426
2011,764,8473,0,0.1774006485939026
2011,764,8475,0,0.23778589069843292
2011,764,8476,0,0.2938665747642517
2011,764,8477,0,0.32858261466026306
2011,764,8478,1,0.5437008142471313
2011,764,8479,0,0.13666212558746338
2011,764,8480,1,0.1386219561100006
2011,764,8481,0,0.08183327317237854
2011,764,8482,0,0.10417015850543976
2011,764,8483,0,0.24794766306877136
2011,764,8484,0,0.15614081919193268
2011,764,8485,1,0.18612314760684967
2011,752,8401,0,0.4231836199760437
2011,752,8402,1,0.32699424028396606
2011,752,8403,0,0.09739594906568527
2011,752,8404,1,0.3472866714000702
2011,752,8405,1,0.24300166964530945
2011,752,8406,1,0.5193148851394653
2011,752,8407,1,0.1705189049243927
2011,752,8408,0,0.1789296716451645
2011,752,8409,0,0.043540481477975845
2011,752,8410,0,0.508530855178833
2011,752,8411,0,0.4871472716331482
2011,752,8412,0,0.0250615943223238
2011,752,8413,0,0.027035491541028023
2011,752,8414,0,0.3428645730018616
2011,752,8415,0,0.035802654922008514
2011,752,8416,0,0.08938555419445038
2011,752,8417,0,0.11856185644865036
2011,752,8418,0,0.029220646247267723
2011,752,8419,0,0.13136592507362366
2011,752,8420,0,0.079426608979702
2011,752,8421,0,0.05421079695224762
2011,752,8422,0,0.14628812670707703
2011,752,8423,0,0.06865842640399933
2011,752,8424,0,0.02840661257505417
2011,752,8425,1,0.032944973558187485
2011,752,8426,0,0.17991133034229279
2011,752,8427,0,0.03837083652615547
2011,752,8428,0,0.029379306361079216
2011,752,8429,0,0.056373175233602524
2011,752,8430,0,0.09801670163869858
2011,752,8431,0,0.02024237811565399
2011,752,8432,0,0.10785466432571411
2011,752,8433,0,0.05772748962044716
2011,752,8434,0,0.17935727536678314
2011,752,8435,0,0.13497386872768402
2011,752,8436,1,0.16184167563915253
2011,752,8437,1,0.5144028663635254
2011,752,8438,0,0.20123298466205597
2011,752,8439,0,0.07419788837432861
2011,752,8440,0,0.10734599083662033
2011,752,8441,0,0.11784666031599045
2011,752,8442,0,0.16892807185649872
2011,752,8443,1,0.05930245295166969
2011,752,8446,1,0.13347022235393524
2011,752,8447,0,0.2175133377313614
2011,752,8448,1,0.13714256882667542
2011,752,8449,0,0.6546264290809631
2011,752,8450,1,0.08416493982076645
2011,752,8451,0,0.058045342564582825
2011,752,8452,0,0.11004122346639633
2011,752,8453,1,0.27886268496513367
2011,752,8454,0,0.10451801866292953
2011,752,8455,0,0.161428764462471
2011,752,8456,0,0.11071106046438217
2011,752,8457,1,0.08536454290151596
2011,752,8458,1,0.1000959575176239
2011,752,8460,0,0.06822613626718521
2011,752,8461,1,0.14155082404613495
2011,752,8462,0,0.062323082238435745
2011,752,8463,1,0.16129447519779205
2011,752,8464,0,0.10441084951162338
2011,752,8465,0,0.1564876288175583
2011,752,8466,0,0.03618314489722252
2011,752,8467,0,0.07320793718099594
2011,752,8468,1,0.27564603090286255
2011,752,8469,0,0.4187157452106476
2011,752,8470,1,0.296905517578125
2011,752,8471,0,0.09941951930522919
2011,752,8472,1,0.07040222734212875
2011,752,8473,0,0.10970257967710495
2011,752,8474,0,0.1251625418663025
2011,752,8475,1,0.10444364696741104
2011,752,8476,0,0.2199552208185196
2011,752,8477,1,0.1649886816740036
2011,752,8478,0,0.40498587489128113
2011,752,8479,0,0.021982252597808838
2011,752,8480,0,0.15173272788524628
2011,752,8481,0,0.030656589195132256
2011,752,8482,0,0.060757532715797424
2011,752,8483,0,0.03023797646164894
2011,752,8484,0,0.07616052031517029
2011,752,8485,0,0.09163732081651688
2011,372,8402,0,0.17948853969573975
2011,372,8403,0,0.38102322816848755
2011,372,8404,0,0.3971826136112213
2011,372,8405,1,0.5573596954345703
2011,372,8406,1,0.2251957356929779
2011,372,8407,0,0.4009041488170624
2011,372,8408,0,0.22461633384227753
2011,372,8409,1,0.12481620907783508
2011,372,8410,1,0.5229741334915161
2011,372,8411,0,0.07860177755355835
2011,372,8412,1,0.10825711488723755
2011,372,8413,0,0.031146282330155373
2011,372,8414,0,0.18461450934410095
2011,372,8415,1,0.0934610441327095
2011,372,8416,0,0.37471941113471985
2011,372,8417,1,0.3549374043941498
2011,372,8418,0,0.05162747576832771
2011,372,8419,0,0.15799202024936676
2011,372,8421,0,0.0581047385931015
2011,372,8422,0,0.18895374238491058
2011,372,8423,1,0.5326704978942871
2011,372,8424,0,0.17831271886825562
2011,372,8425,1,0.27056556940078735
2011,372,8426,0,0.27422767877578735
2011,372,8427,0,0.1030680388212204
2011,372,8428,0,0.07639206945896149
2011,372,8429,1,0.3113926351070404
2011,372,8430,0,0.1749993860721588
2011,372,8432,1,0.2901235818862915
2011,372,8433,0,0.18305067718029022
2011,372,8434,0,0.32804393768310547
2011,372,8436,0,0.1741461604833603
2011,372,8438,1,0.26682355999946594
2011,372,8439,0,0.27572891116142273
2011,372,8440,1,0.5437561273574829
2011,372,8441,0,0.16100391745567322
2011,372,8443,0,0.17865465581417084
2011,372,8446,1,0.44580379128456116
2011,372,8448,0,0.13615010678768158
2011,372,8450,0,0.47668272256851196
2011,372,8451,1,0.1540253460407257
2011,372,8455,1,0.40346217155456543
2011,372,8456,1,0.33830538392066956
2011,372,8459,1,0.3095906674861908
2011,372,8460,0,0.11120354384183884
2011,372,8462,0,0.20611579716205597
2011,372,8463,1,0.24448366463184357
2011,372,8464,1,0.20976541936397552
2011,372,8465,1,0.15926723182201385
2011,372,8466,0,0.0580960214138031
2011,372,8467,0,0.20888611674308777
2011,372,8468,0,0.11812867224216461
2011,372,8470,0,0.22183145582675934
2011,372,8471,0,0.05458361282944679
2011,372,8473,0,0.10474282503128052
2011,372,8474,1,0.12189722061157227
2011,372,8475,0,0.6154355406761169
2011,372,8476,1,0.4433574676513672
2011,372,8477,0,0.06620338559150696
2011,372,8479,0,0.07387726753950119
2011,372,8480,0,0.15093021094799042
2011,372,8481,0,0.15940871834754944
2011,372,8485,0,0.06540748476982117
2011,40,8401,1,0.36906829476356506
2011,40,8402,0,0.11314846575260162
2011,40,8403,0,0.3072669208049774
2011,40,8404,0,0.09279946237802505
2011,40,8405,0,0.6140709519386292
2011,40,8406,1,0.3306363523006439
2011,40,8407,1,0.1741286963224411
2011,40,8408,0,0.0651608407497406
2011,40,8409,0,0.039969634264707565
2011,40,8410,0,0.23733791708946228
2011,40,8411,0,0.050700750201940536
2011,40,8412,1,0.04564725607633591
2011,40,8413,0,0.023187149316072464
2011,40,8414,0,0.2913062274456024
2011,40,8415,0,0.024330370128154755
2011,40,8416,0,0.10654577612876892
2011,40,8417,0,0.14851103723049164
2011,40,8418,0,0.026518477126955986
2011,40,8419,0,0.09689423441886902
2011,40,8420,1,0.17368720471858978
2011,40,8421,0,0.03260508179664612
2011,40,8422,0,0.026513708755373955
2011,40,8423,0,0.23939460515975952
2011,40,8424,0,0.06527312099933624
2011,40,8425,0,0.039893411099910736
2011,40,8426,0,0.09506214410066605
2011,40,8427,0,0.08119258284568787
2011,40,8428,0,0.13317815959453583
2011,40,8429,0,0.03227725625038147
2011,40,8430,0,0.12290076166391373
2011,40,8431,0,0.06566863507032394
2011,40,8432,0,0.05750809982419014
2011,40,8433,0,0.036084000021219254
2011,40,8434,0,0.21133209764957428
2011,40,8435,1,0.14346125721931458
2011,40,8436,0,0.1456671506166458
2011,40,8437,0,0.3606056272983551
2011,40,8438,0,0.17265819013118744
2011,40,8439,0,0.11962218582630157
2011,40,8440,0,0.05321892723441124
2011,40,8441,0,0.06372538208961487
2011,40,8442,0,0.277072012424469
2011,40,8443,1,0.09348049759864807
2011,40,8444,0,0.3092584013938904
2011,40,8445,0,0.16649557650089264
2011,40,8446,0,0.15110383927822113
2011,40,8447,0,0.45468780398368835
2011,40,8448,0,0.11169244349002838
2011,40,8449,1,0.2843840718269348
2011,40,8450,1,0.06504024565219879
2011,40,8451,0,0.09255236387252808
2011,40,8452,1,0.17884482443332672
2011,40,8453,0,0.10839509218931198
2011,40,8454,1,0.09143725037574768
2011,40,8455,0,0.2552222013473511
2011,40,8456,0,0.06295368820428848
2011,40,8457,0,0.08952419459819794
2011,40,8458,0,0.0666293054819107
2011,40,8459,0,0.11034711450338364
2011,40,8460,0,0.06367617845535278
2011,40,8461,1,0.1284744143486023
2011,40,8462,0,0.10089348256587982
2011,40,8463,1,0.0984189361333847
2011,40,8464,1,0.2470477819442749
2011,40,8465,0,0.11423473805189133
2011,40,8466,1,0.04156177490949631
2011,40,8467,0,0.037096813321113586
2011,40,8468,0,0.07722208648920059
2011,40,8470,1,0.3484533727169037
2011,40,8471,0,0.03707217425107956
2011,40,8472,0,0.155888631939888
2011,40,8473,1,0.1412721425294876
2011,40,8474,0,0.15519516170024872
2011,40,8475,0,0.10292229056358337
2011,40,8476,0,0.09753238409757614
2011,40,8477,0,0.08508270978927612
2011,40,8478,1,0.7344744205474854
2011,40,8479,1,0.03716764226555824
2011,40,8480,0,0.07058399170637131
2011,40,8481,0,0.027380915358662605
2011,40,8482,0,0.04018200561404228
2011,40,8483,0,0.030397947877645493
2011,40,8484,0,0.0525481142103672
2011,40,8485,0,0.05038260295987129
2011,724,8401,1,0.5273489952087402
2011,724,8402,0,0.17172929644584656
2011,724,8403,0,0.11447418481111526
2011,724,8404,1,0.353395938873291
2011,724,8405,0,0.08629467338323593
2011,724,8406,0,0.2902114689350128
2011,724,8407,0,0.2009267508983612
2011,724,8408,0,0.08425725996494293
2011,724,8409,0,0.022541264072060585
2011,724,8411,0,0.14419183135032654
2011,724,8412,0,0.11304496973752975
2011,724,8413,0,0.058588724583387375
2011,724,8414,0,0.12378747761249542
2011,724,8415,0,0.09393474459648132
2011,724,8416,0,0.30845433473587036
2011,724,8417,0,0.13003848493099213
2011,724,8418,0,0.038877107203006744
2011,724,8419,0,0.1375800222158432
2011,724,8420,0,0.21153806149959564
2011,724,8421,0,0.15123051404953003
2011,724,8422,0,0.17591744661331177
2011,724,8423,0,0.052807047963142395
2011,724,8424,0,0.10184251517057419
2011,724,8425,0,0.1304434984922409
2011,724,8426,0,0.098415806889534
2011,724,8427,0,0.031040003523230553
2011,724,8428,0,0.05249995365738869
2011,724,8430,0,0.06632864475250244
2011,724,8431,0,0.02677212841808796
2011,724,8432,0,0.14036642014980316
2011,724,8433,0,0.04298793524503708
2011,724,8434,1,0.3798292577266693
2011,724,8435,0,0.2742953896522522
2011,724,8436,0,0.19222044944763184
2011,724,8437,0,0.2845223546028137
2011,724,8438,0,0.23892225325107574
2011,724,8439,1,0.2844689190387726
2011,724,8440,0,0.2458725869655609
2011,724,8441,0,0.09247379004955292
2011,724,8442,0,0.5733962655067444
2011,724,8443,1,0.13586771488189697
2011,724,8444,0,0.28361776471138
2011,724,8445,1,0.1609116643667221
2011,724,8446,1,0.1965663582086563
2011,724,8447,0,0.20414608716964722
2011,724,8448,0,0.2730123996734619
2011,724,8449,0,0.2861420810222626
2011,724,8450,0,0.03343222662806511
2011,724,8451,0,0.18502335250377655
2011,724,8452,0,0.06909162551164627
2011,724,8453,1,0.17212533950805664
2011,724,8454,1,0.44421350955963135
2011,724,8455,1,0.24684445559978485
2011,724,8456,0,0.12466888129711151
2011,724,8457,0,0.08915688097476959
2011,724,8458,0,0.051743973046541214
2011,724,8459,0,0.1591482013463974
2011,724,8461,0,0.16086268424987793
2011,724,8462,0,0.11593659222126007
2011,724,8463,0,0.14791618287563324
2011,724,8464,0,0.1071309745311737
2011,724,8465,0,0.11953005939722061
2011,724,8466,0,0.0314677469432354
2011,724,8467,0,0.23057091236114502
2011,724,8468,1,0.09501717239618301
2011,724,8470,0,0.1674070656299591
2011,724,8471,0,0.09673655778169632
2011,724,8472,0,0.1072840616106987
2011,724,8473,0,0.11740255355834961
2011,724,8474,0,0.1041632816195488
2011,724,8475,0,0.47928866744041443
2011,724,8476,0,0.11456289887428284
2011,724,8477,0,0.18525543808937073
2011,724,8478,0,0.2552490830421448
2011,724,8479,0,0.12523485720157623
2011,724,8480,0,0.07285168766975403
2011,724,8481,0,0.17717039585113525
2011,724,8482,0,0.05027904361486435
2011,724,8483,0,0.030503489077091217
2011,724,8484,0,0.0460115410387516
2011,724,8485,0,0.033527202904224396
2012,842,8401,0,0.28724217414855957
2012,842,8402,0,0.15491481125354767
2012,842,8403,1,0.23395311832427979
2012,842,8404,0,0.0674244686961174
2012,842,8405,0,0.069987453520298
2012,842,8406,0,0.10114980489015579
2012,842,8407,0,0.14076612889766693
2012,842,8408,0,0.18278338015079498
2012,842,8409,0,0.06720533967018127
2012,842,8410,1,0.13267992436885834
2012,842,8411,0,0.049778927117586136
2012,842,8412,0,0.042228128761053085
2012,842,8413,0,0.03788657858967781
2012,842,8414,0,0.05272551253437996
2012,842,8415,0,0.06949680298566818
2012,842,8416,0,0.039709582924842834
2012,842,8417,0,0.06585869193077087
2012,842,8418,0,0.04000810161232948
2012,842,8419,0,0.03795458748936653
2012,842,8420,0,0.09683804214000702
2012,842,8421,0,0.0346050001680851
2012,842,8422,0,0.026724236086010933
2012,842,8423,0,0.04549390822649002
2012,842,8424,0,0.040540922433137894
2012,842,8425,0,0.04106644168496132
2012,842,8426,0,0.078356072306633
2012,842,8427,0,0.09835363179445267
2012,842,8428,0,0.04984866827726364
2012,842,8429,1,0.05241422727704048
2012,842,8430,0,0.09415272623300552
2012,842,8431,0,0.03585554659366608
2012,842,8432,0,0.1255924552679062
2012,842,8433,0,0.09972117841243744
2012,842,8434,0,0.30115944147109985
2012,842,8436,0,0.2787095606327057
2012,842,8437,0,0.44725239276885986
2012,842,8438,0,0.10486086457967758
2012,842,8439,0,0.07344412058591843
2012,842,8440,1,0.0628417432308197
2012,842,8441,0,0.07509607076644897
2012,842,8442,0,0.09061811864376068
2012,842,8443,0,0.0768231675028801
2012,842,8444,0,0.21491560339927673
2012,842,8445,1,0.2523317039012909
2012,842,8446,1,0.15308630466461182
2012,842,8447,0,0.29887187480926514
2012,842,8448,0,0.09472030401229858
2012,842,8449,0,0.19108928740024567
2012,842,8450,0,0.08835725486278534
2012,842,8451,0,0.03741355612874031
2012,842,8452,0,0.22956886887550354
2012,842,8453,1,0.14536666870117188
2012,842,8454,0,0.07046481221914291
2012,842,8455,0,0.12731195986270905
2012,842,8456,0,0.05502394214272499
2012,842,8457,0,0.18390235304832458
2012,842,8458,0,0.13119851052761078
2012,842,8459,1,0.09457514435052872
2012,842,8460,0,0.05342073738574982
2012,842,8461,0,0.1168021634221077
2012,842,8462,0,0.07712356746196747
2012,842,8463,0,0.08909658342599869
2012,842,8464,0,0.08665359765291214
2012,842,8465,0,0.05876993387937546
2012,842,8466,0,0.05576464533805847
2012,842,8467,0,0.05779590085148811
2012,842,8468,0,0.05975161865353584
2012,842,8469,1,0.2800581753253937
2012,842,8470,0,0.2129889726638794
2012,842,8471,0,0.03167789429426193
2012,842,8472,1,0.035932913422584534
2012,842,8473,0,0.10079075396060944
2012,842,8474,0,0.04672480747103691
2012,842,8475,1,0.3555533289909363
2012,842,8476,0,0.07423410564661026
2012,842,8477,0,0.09113424271345139
2012,842,8479,0,0.08589202910661697
2012,842,8480,0,0.10820533335208893
2012,842,8481,0,0.03430815413594246
2012,842,8482,0,0.04419510066509247
2012,842,8483,0,0.042376190423965454
2012,842,8484,0,0.10608506947755814
2012,842,8485,0,0.0333312451839447
2012,276,8401,1,0.2725512385368347
2012,276,8402,0,0.116675965487957
2012,276,8403,0,0.07956055551767349
2012,276,8404,0,0.15318918228149414
2012,276,8405,0,0.2866988480091095
2012,276,8406,1,0.3515905737876892
2012,276,8407,0,0.12236182391643524
2012,276,8408,0,0.29468202590942383
2012,276,8409,0,0.09380197525024414
2012,276,8410,0,0.23186688125133514
2012,276,8411,0,0.0410970039665699
2012,276,8412,0,0.073204405605793
2012,276,8413,0,0.07790351659059525
2012,276,8414,0,0.07229167222976685
2012,276,8415,0,0.08534959703683853
2012,276,8416,0,0.06914189457893372
2012,276,8417,0,0.2544572353363037
2012,276,8418,0,0.07523641735315323
2012,276,8419,0,0.05321168154478073
2012,276,8420,0,0.058405954390764236
2012,276,8421,0,0.060254357755184174
2012,276,8422,0,0.0404876247048378
2012,276,8423,0,0.06126216799020767
2012,276,8424,0,0.07933669537305832
2012,276,8425,0,0.05262910574674606
2012,276,8426,0,0.07478813827037811
2012,276,8427,0,0.11641708016395569
2012,276,8428,0,0.043925005942583084
2012,276,8429,0,0.09266572445631027
2012,276,8430,0,0.11525319516658783
2012,276,8431,0,0.06349534541368484
2012,276,8432,0,0.06952414661645889
2012,276,8433,0,0.07264802604913712
2012,276,8434,0,0.4753527045249939
2012,276,8435,0,0.1264152079820633
2012,276,8436,0,0.25641894340515137
2012,276,8437,0,0.5883803367614746
2012,276,8438,0,0.143560990691185
2012,276,8439,0,0.20081302523612976
2012,276,8440,0,0.07713048905134201
2012,276,8441,0,0.06895186007022858
2012,276,8442,0,0.12049953639507294
2012,276,8443,0,0.08703917264938354
2012,276,8444,1,0.38397154211997986
2012,276,8445,0,0.27251362800598145
2012,276,8446,0,0.4247231185436249
2012,276,8447,0,0.11110049486160278
2012,276,8448,0,0.18309155106544495
2012,276,8449,1,0.4283987581729889
2012,276,8450,0,0.05900045856833458
2012,276,8451,0,0.06089458987116814
2012,276,8452,0,0.25622111558914185
2012,276,8453,0,0.27221840620040894
2012,276,8454,0,0.24705371260643005
2012,276,8455,0,0.05296112969517708
2012,276,8456,0,0.06646458804607391
2012,276,8457,0,0.09959940612316132
2012,276,8458,0,0.07004527747631073
2012,276,8459,0,0.06967779994010925
2012,276,8460,0,0.06978081166744232
2012,276,8461,0,0.04184389114379883
2012,276,8462,0,0.052778929471969604
2012,276,8463,0,0.0768870934844017
2012,276,8464,0,0.10227716714143753
2012,276,8465,0,0.11396829038858414
2012,276,8466,0,0.1046067327260971
2012,276,8467,0,0.07341273128986359
2012,276,8468,0,0.08413335680961609
2012,276,8469,0,0.1613273173570633
2012,276,8470,0,0.11384977400302887
2012,276,8471,0,0.06737233698368073
2012,276,8472,0,0.04949783906340599
2012,276,8473,0,0.13591822981834412
2012,276,8474,0,0.07049095630645752
2012,276,8475,0,0.13890382647514343
2012,276,8476,0,0.12062272429466248
2012,276,8477,0,0.06169801205396652
2012,276,8478,0,0.06508570909500122
2012,276,8479,0,0.051401279866695404
2012,276,8480,0,0.12768366932868958
2012,276,8481,0,0.06827100366353989
2012,276,8482,0,0.06558647751808167
2012,276,8483,0,0.08180210739374161
2012,276,8484,0,0.06870114058256149
2012,276,8485,0,0.08197177946567535
2012,392,8401,0,0.21647699177265167
2012,392,8402,0,0.07436714321374893
2012,392,8403,1,0.3291851878166199
2012,392,8404,0,0.6117069721221924
2012,392,8405,1,0.27254626154899597
2012,392,8406,0,0.1288430392742157
2012,392,8407,0,0.060651905834674835
2012,392,8408,0,0.04110848903656006
2012,392,8409,0,0.042678311467170715
2012,392,8410,0,0.2386627495288849
2012,392,8411,0,0.07900740206241608
2012,392,8412,1,0.0645499899983406
2012,392,8413,0,0.03134317323565483
2012,392,8414,0,0.030804751440882683
2012,392,8415,0,0.04105256870388985
2012,392,8416,0,0.17861291766166687
2012,392,8417,0,0.06801626086235046
2012,392,8418,0,0.08600280433893204
2012,392,8419,0,0.02640359289944172
2012,392,8420,0,0.21985772252082825
2012,392,8421,0,0.024399833753705025
2012,392,8422,0,0.03500480577349663
2012,392,8423,0,0.04731087386608124
2012,392,8424,0,0.03779623657464981
2012,392,8425,0,0.029842400923371315
2012,392,8426,0,0.044610489159822464
2012,392,8427,1,0.049046799540519714
2012,392,8428,0,0.03395919129252434
2012,392,8429,1,0.05131720378994942
2012,392,8430,0,0.047219038009643555
2012,392,8431,1,0.0403856597840786
2012,392,8432,1,0.057221606373786926
2012,392,8433,0,0.04528997093439102
2012,392,8434,0,0.13958367705345154
2012,392,8435,1,0.1454669088125229
2012,392,8436,0,0.12904980778694153
2012,392,8437,1,0.25303390622138977
2012,392,8438,0,0.05703870207071304
2012,392,8439,0,0.08818770945072174
2012,392,8440,0,0.12489432096481323
2012,392,8441,0,0.06435450166463852
2012,392,8442,0,0.1060788631439209
2012,392,8443,0,0.09571714699268341
2012,392,8444,1,0.3042716383934021
2012,392,8445,0,0.3515375852584839
2012,392,8446,0,0.44365113973617554
2012,392,8447,0,0.11298562586307526
2012,392,8448,0,0.1375243067741394
2012,392,8449,1,0.6639406085014343
2012,392,8450,0,0.1896425187587738
2012,392,8451,0,0.1718791276216507
2012,392,8452,0,0.10104640573263168
2012,392,8453,0,0.15572765469551086
2012,392,8454,0,0.1748792976140976
2012,392,8455,1,0.38350120186805725
2012,392,8456,0,0.22984357178211212
2012,392,8457,1,0.17072390019893646
2012,392,8458,0,0.08824222534894943
2012,392,8459,0,0.0883011743426323
2012,392,8460,1,0.14699871838092804
2012,392,8461,1,0.0632324144244194
2012,392,8462,0,0.13826899230480194
2012,392,8463,0,0.13651880621910095
2012,392,8464,1,0.16043031215667725
2012,392,8465,0,0.09167682379484177
2012,392,8466,1,0.04261879622936249
2012,392,8467,0,0.03170294314622879
2012,392,8468,0,0.0889129564166069
2012,392,8469,0,0.24017880856990814
2012,392,8470,1,0.049499768763780594
2012,392,8471,0,0.06703753769397736
2012,392,8472,1,0.034619979560375214
2012,392,8473,1,0.1683143675327301
2012,392,8474,1,0.04549602046608925
2012,392,8475,0,0.0942952036857605
2012,392,8476,0,0.30033889412879944
2012,392,8477,0,0.051796454936265945
2012,392,8478,0,0.24653324484825134
2012,392,8479,0,0.04492328688502312
2012,392,8480,0,0.07552913576364517
2012,392,8481,0,0.035206906497478485
2012,392,8482,0,0.04294462502002716
2012,392,8483,0,0.03706977516412735
2012,392,8484,0,0.03317906707525253
2012,392,8485,0,0.03630245104432106
2012,156,8401,0,0.47786834836006165
2012,156,8402,0,0.12678027153015137
2012,156,8403,0,0.10704048722982407
2012,156,8404,0,0.19325482845306396
2012,156,8405,1,0.05308977887034416
2012,156,8406,0,0.23883779346942902
2012,156,8407,0,0.07280416786670685
2012,156,8408,0,0.10977458208799362
2012,156,8409,0,0.04244286194443703
2012,156,8411,0,0.15263865888118744
2012,156,8412,0,0.053391288965940475
2012,156,8413,0,0.039528194814920425
2012,156,8414,0,0.028974317014217377
2012,156,8415,0,0.02915804460644722
2012,156,8416,0,0.042416755110025406
2012,156,8417,0,0.1032285988330841
2012,156,8418,0,0.018609201535582542
2012,156,8419,0,0.07647396624088287
2012,156,8420,0,0.049242593348026276
2012,156,8421,0,0.01851087622344494
2012,156,8422,0,0.04130420461297035
2012,156,8423,0,0.04224764555692673
2012,156,8424,0,0.04608457162976265
2012,156,8425,0,0.03020269237458706
2012,156,8426,0,0.04476354643702507
2012,156,8427,0,0.05890144407749176
2012,156,8428,0,0.04499562084674835
2012,156,8430,0,0.13820655643939972
2012,156,8431,0,0.021148134022951126
2012,156,8432,0,0.10548746585845947
2012,156,8433,0,0.055279020220041275
2012,156,8434,0,0.11462598294019699
2012,156,8435,0,0.1297806352376938
2012,156,8436,0,0.0567912794649601
2012,156,8439,0,0.06143577769398689
2012,156,8440,0,0.11870141327381134
2012,156,8441,0,0.0643337145447731
2012,156,8442,0,0.12085597962141037
2012,156,8443,0,0.03970640152692795
2012,156,8444,1,0.21510787308216095
2012,156,8445,0,0.1539439558982849
2012,156,8446,0,0.16175876557826996
2012,156,8447,0,0.08673931658267975
2012,156,8448,0,0.12492628395557404
2012,156,8449,0,0.27482715249061584
2012,156,8450,0,0.03358098492026329
2012,156,8451,0,0.06851711869239807
2012,156,8452,0,0.07376313954591751
2012,156,8454,0,0.04801659286022186
2012,156,8455,0,0.0911693200469017
2012,156,8456,0,0.07390103489160538
2012,156,8457,0,0.08983027189970016
2012,156,8458,1,0.04370139166712761
2012,156,8459,0,0.05376468598842621
2012,156,8460,0,0.05080370232462883
2012,156,8461,0,0.02903827652335167
2012,156,8462,0,0.054849766194820404
2012,156,8463,0,0.10362106561660767
2012,156,8464,0,0.06904525309801102
2012,156,8465,0,0.061455097049474716
2012,156,8466,0,0.04870186001062393
2012,156,8467,0,0.048112284392118454
2012,156,8468,0,0.056134819984436035
2012,156,8469,1,0.18433499336242676
2012,156,8470,0,0.050123099237680435
2012,156,8471,0,0.04985811188817024
2012,156,8472,0,0.025151165202260017
2012,156,8473,0,0.10790738463401794
2012,156,8475,0,0.0682108923792839
2012,156,8476,0,0.06042836606502533
2012,156,8477,0,0.07661300152540207
2012,156,8478,0,0.24245473742485046
2012,156,8479,0,0.06551335006952286
2012,156,8480,0,0.22850243747234344
2012,156,8481,0,0.035851772874593735
2012,156,8482,0,0.07673019915819168
2012,156,8483,0,0.040284089744091034
2012,156,8484,0,0.1287536919116974
2012,380,8402,0,0.24314388632774353
2012,380,8403,0,0.2122317999601364
2012,380,8404,0,0.2059946060180664
2012,380,8406,0,0.28053534030914307
2012,380,8407,0,0.23812438547611237
2012,380,8408,0,0.09421545267105103
2012,380,8409,0,0.09260163456201553
2012,380,8411,0,0.06328523904085159
2012,380,8412,0,0.08816088736057281
2012,380,8413,0,0.03204604610800743
2012,380,8414,0,0.05537133663892746
2012,380,8415,0,0.05861674249172211
2012,380,8416,0,0.27089253067970276
2012,380,8417,0,0.18484549224376678
2012,380,8418,0,0.05147892236709595
2012,380,8419,0,0.13756351172924042
2012,380,8420,0,0.16282367706298828
2012,380,8421,0,0.09170180559158325
2012,380,8422,0,0.12553420662879944
2012,380,8423,0,0.1645190417766571
2012,380,8424,0,0.08607561886310577
2012,380,8425,0,0.26951271295547485
2012,380,8426,0,0.05449262633919716
2012,380,8427,0,0.08694148808717728
2012,380,8428,0,0.12793083488941193
2012,380,8429,0,0.22009903192520142
2012,380,8430,0,0.07777324318885803
2012,380,8431,0,0.06912897527217865
2012,380,8432,0,0.06824527680873871
2012,380,8433,0,0.05426975339651108
2012,380,8434,0,0.29181304574012756
2012,380,8435,0,0.1539403647184372
2012,380,8436,0,0.22497791051864624
2012,380,8437,1,0.19306838512420654
2012,380,8438,0,0.11834409087896347
2012,380,8439,0,0.14641980826854706
2012,380,8440,0,0.12400419265031815
2012,380,8441,0,0.1956358402967453
2012,380,8442,0,0.15258106589317322
2012,380,8443,0,0.20479844510555267
2012,380,8444,1,0.23001256585121155
2012,380,8445,0,0.20205765962600708
2012,380,8446,0,0.40923264622688293
2012,380,8447,0,0.18663036823272705
2012,380,8448,0,0.06811058521270752
2012,380,8449,0,0.25474607944488525
2012,380,8450,0,0.07648636400699615
2012,380,8451,0,0.11813008040189743
2012,380,8452,0,0.14001496136188507
2012,380,8453,0,0.14766919612884521
2012,380,8454,0,0.20064440369606018
2012,380,8455,0,0.07314632833003998
2012,380,8456,0,0.1019129604101181
2012,380,8457,0,0.06437715142965317
2012,380,8458,0,0.11395138502120972
2012,380,8459,0,0.04386225342750549
2012,380,8460,0,0.1252761334180832
2012,380,8461,0,0.0831284448504448
2012,380,8462,0,0.11031699180603027
2012,380,8463,0,0.12048043310642242
2012,380,8464,0,0.11379703879356384
2012,380,8465,0,0.20205257833003998
2012,380,8466,0,0.09264838695526123
2012,380,8467,0,0.06966210901737213
2012,380,8468,0,0.19715209305286407
2012,380,8469,1,0.3820393681526184
2012,380,8470,0,0.13627934455871582
2012,380,8471,0,0.08448432385921478
2012,380,8472,0,0.04966428130865097
2012,380,8473,0,0.1250586062669754
2012,380,8474,0,0.15796899795532227
2012,380,8475,0,0.29807108640670776
2012,380,8476,0,0.1190267875790596
2012,380,8477,0,0.15631647408008575
2012,380,8478,0,0.20525343716144562
2012,380,8479,0,0.07397649437189102
2012,380,8480,0,0.4637235999107361
2012,380,8481,0,0.03649930655956268
2012,380,8482,0,0.061965882778167725
2012,380,8483,0,0.07990192621946335
2012,380,8484,0,0.18184894323349
2012,380,8485,0,0.085161954164505
2012,826,8401,0,0.3589053750038147
2012,826,8402,0,0.19719387590885162
2012,826,8403,0,0.11432313174009323
2012,826,8404,0,0.07317154109477997
2012,826,8406,0,0.30680978298187256
2012,826,8407,0,0.10860491544008255
2012,826,8408,0,0.3715236186981201
2012,826,8409,0,0.07331852614879608
2012,826,8410,1,0.08296109735965729
2012,826,8411,0,0.034021034836769104
2012,826,8412,0,0.08224895596504211
2012,826,8413,0,0.04593298211693764
2012,826,8414,0,0.06332885473966599
2012,826,8415,0,0.06869307160377502
2012,826,8416,0,0.056246086955070496
2012,826,8417,0,0.08686494082212448
2012,826,8418,0,0.052241574972867966
2012,826,8419,0,0.040486179292201996
2012,826,8420,0,0.085078664124012
2012,826,8421,0,0.04889627546072006
2012,826,8422,0,0.04215586185455322
2012,826,8423,0,0.05696506425738335
2012,826,8424,0,0.05375592038035393
2012,826,8425,0,0.038499865680933
2012,826,8426,0,0.04214617982506752
2012,826,8427,0,0.08251649886369705
2012,826,8428,0,0.06516988575458527
2012,826,8429,0,0.07273470610380173
2012,826,8431,0,0.03624338284134865
2012,826,8432,0,0.07131052762269974
2012,826,8433,0,0.051313769072294235
2012,826,8434,0,0.1600988507270813
2012,826,8435,0,0.258190393447876
2012,826,8436,0,0.36177191138267517
2012,826,8437,0,0.4570683240890503
2012,826,8438,0,0.21532340347766876
2012,826,8439,0,0.15178975462913513
2012,826,8440,0,0.12763112783432007
2012,826,8441,0,0.07890994101762772
2012,826,8442,0,0.11397991329431534
2012,826,8443,0,0.06822768598794937
2012,826,8444,0,0.2895071506500244
2012,826,8445,0,0.43112173676490784
2012,826,8446,1,0.41794484853744507
2012,826,8447,0,0.07660575956106186
2012,826,8448,0,0.10086419433355331
2012,826,8449,1,0.2723272442817688
2012,826,8450,0,0.1707833856344223
2012,826,8451,0,0.07263151556253433
2012,826,8453,1,0.23055283725261688
2012,826,8454,0,0.06906591355800629
2012,826,8455,0,0.17892861366271973
2012,826,8456,0,0.17655695974826813
2012,826,8457,1,0.2955918312072754
2012,826,8458,0,0.1599423736333847
2012,826,8459,0,0.08377088606357574
2012,826,8460,0,0.08222237974405289
2012,826,8461,0,0.05751948803663254
2012,826,8462,0,0.16208402812480927
2012,826,8463,0,0.13648313283920288
2012,826,8464,0,0.11247018724679947
2012,826,8465,1,0.20771153271198273
2012,826,8466,0,0.06969153881072998
2012,826,8467,0,0.07184400409460068
2012,826,8468,0,0.0689941793680191
2012,826,8469,1,0.18393027782440186
2012,826,8470,0,0.12390449643135071
2012,826,8471,0,0.06729213893413544
2012,826,8472,0,0.052591919898986816
2012,826,8473,0,0.11871863901615143
2012,826,8474,0,0.044661931693553925
2012,826,8475,1,0.2027227282524109
2012,826,8476,0,0.16815374791622162
2012,826,8477,0,0.07728700339794159
2012,826,8479,0,0.044235438108444214
2012,826,8480,0,0.18372251093387604
2012,826,8481,0,0.0408322773873806
2012,826,8482,0,0.060246098786592484
2012,826,8483,0,0.08755789697170258
2012,826,8484,0,0.07236619293689728
2012,826,8485,0,0.04985778406262398
2012,251,8401,0,0.19473496079444885
2012,251,8402,0,0.10601887851953506
2012,251,8403,0,0.10498018562793732
2012,251,8404,0,0.11981312930583954
2012,251,8405,1,0.4915117919445038
2012,251,8406,1,0.4200739562511444
2012,251,8407,0,0.366116464138031
2012,251,8408,0,0.1191379502415657
2012,251,8409,0,0.08457078039646149
2012,251,8411,0,0.06336274743080139
2012,251,8412,0,0.06447765231132507
2012,251,8413,0,0.05600079521536827
2012,251,8414,0,0.054597146809101105
2012,251,8415,0,0.0557449571788311
2012,251,8416,0,0.09205196797847748
2012,251,8417,0,0.11867578327655792
2012,251,8418,0,0.05920073017477989
2012,251,8419,0,0.045319776982069016
2012,251,8420,0,0.3451228141784668
2012,251,8421,0,0.046054042875766754
2012,251,8422,0,0.04392296448349953
2012,251,8424,0,0.07909727841615677
2012,251,8425,0,0.06822165846824646
2012,251,8427,0,0.09246031939983368
2012,251,8428,0,0.04706385359168053
2012,251,8429,0,0.0906490609049797
2012,251,8430,0,0.05078767612576485
2012,251,8431,0,0.054632045328617096
2012,251,8432,0,0.07009443640708923
2012,251,8433,0,0.08852305263280869
2012,251,8434,0,0.12802353501319885
2012,251,8435,0,0.1619257926940918
2012,251,8436,0,0.190557062625885
2012,251,8438,0,0.15625251829624176
2012,251,8439,0,0.1532522588968277
2012,251,8440,0,0.1412631720304489
2012,251,8441,0,0.10407861322164536
2012,251,8442,0,0.3037697374820709
2012,251,8443,0,0.062091343104839325
2012,251,8444,1,0.45580729842185974
2012,251,8445,0,0.23253130912780762
2012,251,8446,1,0.43266215920448303
2012,251,8447,0,0.14351153373718262
2012,251,8448,0,0.15293243527412415
2012,251,8449,0,0.3030647337436676
2012,251,8450,1,0.08783470839262009
2012,251,8451,0,0.1947510689496994
2012,251,8452,0,0.12643392384052277
2012,251,8453,0,0.1223137229681015
2012,251,8454,1,0.3631007969379425
2012,251,8455,0,0.13723984360694885
2012,251,8456,0,0.16481943428516388
2012,251,8457,0,0.1612054407596588
2012,251,8458,0,0.15303382277488708
2012,251,8459,0,0.1755038946866989
2012,251,8460,0,0.1662524789571762
2012,251,8461,1,0.05632232874631882
2012,251,8462,0,0.20933228731155396
2012,251,8463,0,0.13102518022060394
2012,251,8464,0,0.1322670578956604
2012,251,8466,0,0.07205954939126968
2012,251,8467,0,0.10499557107686996
2012,251,8469,1,0.38075926899909973
2012,251,8470,0,0.13414059579372406
2012,251,8471,0,0.05841831862926483
2012,251,8472,0,0.09862776845693588
2012,251,8473,0,0.15937520563602448
2012,251,8475,0,0.346992164850235
2012,251,8476,0,0.18504366278648376
2012,251,8477,0,0.05106642097234726
2012,251,8478,0,0.30680614709854126
2012,251,8479,0,0.06391403079032898
2012,251,8480,0,0.13278652727603912
2012,251,8481,0,0.05004477873444557
2012,251,8482,0,0.06364316493272781
2012,251,8483,0,0.062010060995817184
2012,251,8484,0,0.20028384029865265
2012,251,8485,0,0.06523779779672623
2012,490,8402,1,0.30427297949790955
2012,490,8404,0,0.3957616984844208
2012,490,8405,0,0.14177264273166656
2012,490,8406,0,0.26486900448799133
2012,490,8407,0,0.30993664264678955
2012,490,8408,1,0.1608898937702179
2012,490,8409,0,0.05322887748479843
2012,490,8410,1,0.19555017352104187
2012,490,8411,0,0.09090985357761383
2012,490,8412,0,0.12518808245658875
2012,490,8413,0,0.041482944041490555
2012,490,8414,0,0.037920720875263214
2012,490,8415,0,0.0374126136302948
2012,490,8416,0,0.07936010509729385
2012,490,8417,0,0.25689196586608887
2012,490,8418,0,0.04703504592180252
2012,490,8419,0,0.07492547482252121
2012,490,8420,0,0.203670933842659
2012,490,8421,0,0.03570979833602905
2012,490,8422,0,0.03262370079755783
2012,490,8423,0,0.047471582889556885
2012,490,8424,0,0.041384272277355194
2012,490,8425,0,0.0661470890045166
2012,490,8426,0,0.06744340807199478
2012,490,8427,0,0.10392798483371735
2012,490,8428,0,0.0678810328245163
2012,490,8429,1,0.08072540163993835
2012,490,8430,0,0.11884434521198273
2012,490,8431,0,0.04587540775537491
2012,490,8432,0,0.09883398562669754
2012,490,8433,0,0.06790091842412949
2012,490,8434,0,0.291686087846756
2012,490,8435,0,0.3168776035308838
2012,490,8436,0,0.12303759902715683
2012,490,8437,0,0.09952276200056076
2012,490,8438,0,0.05742349103093147
2012,490,8439,0,0.10910412669181824
2012,490,8440,0,0.14924447238445282
2012,490,8441,0,0.07233380526304245
2012,490,8442,1,0.08635827153921127
2012,490,8443,0,0.09205031394958496
2012,490,8444,0,0.25142908096313477
2012,490,8445,1,0.23004256188869476
2012,490,8446,0,0.2260088324546814
2012,490,8447,0,0.15879851579666138
2012,490,8448,0,0.08179385215044022
2012,490,8449,0,0.2599088251590729
2012,490,8450,1,0.09450485557317734
2012,490,8451,0,0.12886865437030792
2012,490,8452,0,0.07403499633073807
2012,490,8453,0,0.3233213722705841
2012,490,8454,0,0.341336727142334
2012,490,8455,0,0.11203805357217789
2012,490,8456,0,0.20964014530181885
2012,490,8457,0,0.09173016250133514
2012,490,8458,0,0.09210330992937088
2012,490,8459,0,0.06699147820472717
2012,490,8460,1,0.1287032812833786
2012,490,8461,0,0.04709426313638687
2012,490,8462,0,0.13913053274154663
2012,490,8463,0,0.12638096511363983
2012,490,8464,0,0.255404531955719
2012,490,8465,0,0.09723517298698425
2012,490,8466,0,0.10116183757781982
2012,490,8467,0,0.09781266003847122
2012,490,8468,0,0.20014387369155884
2012,490,8470,0,0.11263222247362137
2012,490,8471,0,0.06975974887609482
2012,490,8472,0,0.06285383552312851
2012,490,8473,0,0.12210028618574142
2012,490,8474,0,0.0931577980518341
2012,490,8475,0,0.12479434162378311
2012,490,8476,0,0.15186253190040588
2012,490,8477,0,0.08131906390190125
2012,490,8478,0,0.3983408808708191
2012,490,8479,0,0.08692477643489838
2012,490,8480,0,0.10887593775987625
2012,490,8481,0,0.07404062151908875
2012,490,8482,0,0.0510256290435791
2012,490,8483,0,0.07639255374670029
2012,490,8484,0,0.17124363780021667
2012,490,8485,0,0.07225623726844788
2012,702,8401,1,0.5927656888961792
2012,702,8402,0,0.13503576815128326
2012,702,8403,0,0.49741891026496887
2012,702,8404,0,0.14805476367473602
2012,702,8405,1,0.20099034905433655
2012,702,8406,1,0.1402045488357544
2012,702,8407,0,0.14006642997264862
2012,702,8408,0,0.08880938589572906
2012,702,8409,0,0.036172859370708466
2012,702,8410,0,0.14741559326648712
2012,702,8411,0,0.0785195603966713
2012,702,8412,1,0.15466316044330597
2012,702,8413,0,0.02620510198175907
2012,702,8414,0,0.11060162633657455
2012,702,8416,0,0.10209175199270248
2012,702,8417,1,0.16483856737613678
2012,702,8418,0,0.11087936162948608
2012,702,8419,0,0.0429266057908535
2012,702,8420,0,0.1410365253686905
2012,702,8421,0,0.057861458510160446
2012,702,8422,1,0.0490424707531929
2012,702,8423,0,0.0662706270813942
2012,702,8424,0,0.05386287346482277
2012,702,8425,0,0.05518341064453125
2012,702,8426,0,0.09050614386796951
2012,702,8427,1,0.15222196280956268
2012,702,8428,0,0.03485681489109993
2012,702,8430,0,0.13708917796611786
2012,702,8431,0,0.026935409754514694
2012,702,8433,0,0.0964348167181015
2012,702,8434,0,0.23037831485271454
2012,702,8435,1,0.46413812041282654
2012,702,8436,1,0.28083741664886475
2012,702,8437,1,0.5265795588493347
2012,702,8438,0,0.1663348376750946
2012,702,8439,1,0.3097493350505829
2012,702,8441,0,0.15164010226726532
2012,702,8443,1,0.10758641362190247
2012,702,8445,0,0.24819476902484894
2012,702,8448,0,0.40097135305404663
2012,702,8449,0,0.702646791934967
2012,702,8451,0,0.09885965287685394
2012,702,8452,0,0.253587007522583
2012,702,8453,0,0.2823610007762909
2012,702,8454,0,0.2533905506134033
2012,702,8455,1,0.589815080165863
2012,702,8456,0,0.22978030145168304
2012,702,8457,0,0.24871359765529633
2012,702,8458,0,0.27260494232177734
2012,702,8459,0,0.09344329684972763
2012,702,8460,1,0.15302997827529907
2012,702,8461,1,0.33600008487701416
2012,702,8462,0,0.12446991354227066
2012,702,8464,1,0.32182905077934265
2012,702,8465,1,0.2578389644622803
2012,702,8466,0,0.12132542580366135
2012,702,8468,0,0.12341493368148804
2012,702,8469,1,0.27093639969825745
2012,702,8470,0,0.10875390470027924
2012,702,8471,0,0.029154285788536072
2012,702,8472,0,0.06980220228433609
2012,702,8473,0,0.1186566948890686
2012,702,8474,0,0.0705370083451271
2012,702,8475,0,0.4317682683467865
2012,702,8476,1,0.5241462588310242
2012,702,8477,0,0.13487419486045837
2012,702,8478,0,0.11191880702972412
2012,702,8479,1,0.21627789735794067
2012,702,8480,0,0.1412794291973114
2012,702,8481,0,0.026654357090592384
2012,702,8482,1,0.06178699806332588
2012,702,8483,0,0.0502137690782547
2012,702,8484,0,0.0754970833659172
2012,702,8485,0,0.04135850816965103
2012,528,8401,0,0.23951181769371033
2012,528,8403,0,0.09323424845933914
2012,528,8404,0,0.14347223937511444
2012,528,8405,0,0.12137720733880997
2012,528,8406,1,0.2236935943365097
2012,528,8407,0,0.15106689929962158
2012,528,8408,0,0.0602903887629509
2012,528,8409,0,0.059519000351428986
2012,528,8410,1,0.27446967363357544
2012,528,8411,0,0.037528928369283676
2012,528,8412,0,0.050323236733675
2012,528,8413,0,0.04354822263121605
2012,528,8414,0,0.09683681279420853
2012,528,8415,0,0.06918955594301224
2012,528,8416,0,0.09246968477964401
2012,528,8417,0,0.3722740113735199
2012,528,8418,0,0.05995618551969528
2012,528,8419,0,0.06201595813035965
2012,528,8420,0,0.32278943061828613
2012,528,8421,0,0.0437755212187767
2012,528,8422,0,0.06380251795053482
2012,528,8423,0,0.15440386533737183
2012,528,8424,0,0.0689590647816658
2012,528,8425,0,0.13046866655349731
2012,528,8426,0,0.1952698528766632
2012,528,8427,0,0.06803957372903824
2012,528,8428,0,0.07309065759181976
2012,528,8429,0,0.09587947279214859
2012,528,8430,1,0.08264923095703125
2012,528,8431,0,0.047340307384729385
2012,528,8432,0,0.07771141827106476
2012,528,8433,0,0.07902438938617706
2012,528,8434,0,0.4811580777168274
2012,528,8435,0,0.21177227795124054
2012,528,8436,0,0.134267657995224
2012,528,8437,0,0.22396375238895416
2012,528,8438,0,0.0892053171992302
2012,528,8439,1,0.30487099289894104
2012,528,8440,0,0.13254596292972565
2012,528,8441,0,0.09097062796354294
2012,528,8442,0,0.4664163291454315
2012,528,8443,0,0.05670900270342827
2012,528,8444,0,0.5411391258239746
2012,528,8445,0,0.3652801513671875
2012,528,8446,0,0.24189072847366333
2012,528,8447,1,0.2779652178287506
2012,528,8448,0,0.1687275618314743
2012,528,8450,0,0.19471830129623413
2012,528,8451,0,0.09331603348255157
2012,528,8453,0,0.24599489569664001
2012,528,8454,0,0.3723442852497101
2012,528,8455,1,0.08465147763490677
2012,528,8456,0,0.2697335481643677
2012,528,8457,1,0.26995739340782166
2012,528,8458,0,0.367958664894104
2012,528,8459,0,0.11720435321331024
2012,528,8460,0,0.1011296883225441
2012,528,8461,0,0.11450368911027908
2012,528,8462,1,0.13483648002147675
2012,528,8463,0,0.14170540869235992
2012,528,8464,1,0.35040196776390076
2012,528,8465,0,0.28383928537368774
2012,528,8466,0,0.12281911075115204
2012,528,8467,0,0.09140217304229736
2012,528,8468,0,0.19777049124240875
2012,528,8470,0,0.12251763790845871
2012,528,8471,0,0.11041168123483658
2012,528,8472,0,0.09019453823566437
2012,528,8473,0,0.17384923994541168
2012,528,8475,0,0.22159214317798615
2012,528,8476,1,0.2811902165412903
2012,528,8477,0,0.056529708206653595
2012,528,8478,0,0.23067791759967804
2012,528,8479,1,0.16964200139045715
2012,528,8480,0,0.20677940547466278
2012,528,8481,0,0.05260317400097847
2012,528,8482,0,0.10355591028928757
2012,528,8483,0,0.05408735200762749
2012,528,8484,0,0.0836324691772461
2012,528,8485,0,0.055097032338380814
2012,410,8401,1,0.4075123071670532
2012,410,8402,1,0.315658837556839
2012,410,8403,1,0.42663314938545227
2012,410,8404,0,0.17778648436069489
2012,410,8405,1,0.4227522909641266
2012,410,8406,0,0.3917621672153473
2012,410,8407,0,0.2108049839735031
2012,410,8408,1,0.1478824019432068
2012,410,8409,0,0.05838301405310631
2012,410,8410,0,0.1958286017179489
2012,410,8411,0,0.15306633710861206
2012,410,8412,0,0.07586752623319626
2012,410,8413,0,0.10521769523620605
2012,410,8414,0,0.04498419165611267
2012,410,8415,0,0.1028706356883049
2012,410,8416,0,0.22519037127494812
2012,410,8417,1,0.5468183755874634
2012,410,8418,0,0.26815325021743774
2012,410,8419,0,0.07734545320272446
2012,410,8420,0,0.2166852504014969
2012,410,8421,0,0.03135344758629799
2012,410,8422,0,0.31778785586357117
2012,410,8423,0,0.08806518465280533
2012,410,8424,0,0.19630102813243866
2012,410,8425,0,0.08991576731204987
2012,410,8426,0,0.16429007053375244
2012,410,8427,0,0.08993451297283173
2012,410,8428,0,0.039360735565423965
2012,410,8429,0,0.0862356424331665
2012,410,8430,1,0.2512834072113037
2012,410,8431,0,0.03324455767869949
2012,410,8432,0,0.22969886660575867
2012,410,8433,0,0.06506963819265366
2012,410,8434,1,0.4185708165168762
2012,410,8435,0,0.1816006302833557
2012,410,8436,0,0.15320450067520142
2012,410,8437,1,0.18947045505046844
2012,410,8438,0,0.09340210258960724
2012,410,8439,1,0.3724273145198822
2012,410,8440,0,0.148646742105484
2012,410,8441,0,0.08124388009309769
2012,410,8442,1,0.3144167959690094
2012,410,8443,1,0.054723817855119705
2012,410,8444,0,0.5930073857307434
2012,410,8445,0,0.242325559258461
2012,410,8446,0,0.32247063517570496
2012,410,8447,1,0.13082577288150787
2012,410,8448,0,0.2739195227622986
2012,410,8449,0,0.3732491135597229
2012,410,8450,0,0.17887242138385773
2012,410,8451,0,0.04971943795681
2012,410,8452,0,0.13077786564826965
2012,410,8453,0,0.42165496945381165
2012,410,8454,0,0.09508685767650604
2012,410,8455,0,0.22154435515403748
2012,410,8456,0,0.2471126914024353
2012,410,8457,1,0.17436501383781433
2012,410,8458,0,0.12375282496213913
2012,410,8459,0,0.06184269115328789
2012,410,8460,0,0.13423685729503632
2012,410,8461,1,0.13754282891750336
2012,410,8462,0,0.23333115875720978
2012,410,8463,1,0.19429564476013184
2012,410,8464,0,0.25734832882881165
2012,410,8465,0,0.195343017578125
2012,410,8466,0,0.054243944585323334
2012,410,8467,0,0.08465249091386795
2012,410,8468,0,0.13724012672901154
2012,410,8470,0,0.3565763831138611
2012,410,8471,0,0.032503098249435425
2012,410,8472,0,0.04599372670054436
2012,410,8473,0,0.11864685267210007
2012,410,8474,0,0.07360135763883591
2012,410,8475,1,0.1492147147655487
2012,410,8476,0,0.09696508944034576
2012,410,8477,0,0.10427909344434738
2012,410,8478,0,0.397986501455307
2012,410,8479,0,0.06391195207834244
2012,410,8480,0,0.06941649317741394
2012,410,8481,0,0.0520184226334095
2012,410,8482,0,0.05653727427124977
2012,410,8483,0,0.04831816628575325
2012,410,8484,0,0.042510341852903366
2012,410,8485,0,0.0429622158408165
2012,458,8402,0,0.28715255856513977
2012,458,8404,0,0.20622046291828156
2012,458,8406,1,0.35696494579315186
2012,458,8407,0,0.1596788465976715
2012,458,8409,0,0.04380682110786438
2012,458,8410,0,0.29583701491355896
2012,458,8411,0,0.17175915837287903
2012,458,8412,1,0.23557420074939728
2012,458,8413,0,0.21171028912067413
2012,458,8414,0,0.0381346195936203
2012,458,8415,0,0.08058734238147736
2012,458,8416,1,0.5064569115638733
2012,458,8417,0,0.22418652474880219
2012,458,8418,0,0.07299767434597015
2012,458,8419,1,0.0645560473203659
2012,458,8420,1,0.2604157626628876
2012,458,8421,0,0.027064744383096695
2012,458,8422,0,0.08235837519168854
2012,458,8423,1,0.14633052051067352
2012,458,8424,0,0.0811617374420166
2012,458,8425,0,0.12926648557186127
2012,458,8426,0,0.10592930018901825
2012,458,8428,0,0.04276537522673607
2012,458,8430,1,0.46940356492996216
2012,458,8431,1,0.12818683683872223
2012,458,8432,1,0.2163514345884323
2012,458,8433,0,0.20017142593860626
2012,458,8434,1,0.7089969515800476
2012,458,8436,0,0.12470973283052444
2012,458,8438,1,0.09278430044651031
2012,458,8440,1,0.19986644387245178
2012,458,8441,0,0.06520095467567444
2012,458,8442,0,0.4720240831375122
2012,458,8443,0,0.05762982368469238
2012,458,8444,1,0.6330560445785522
2012,458,8445,0,0.378134548664093
2012,458,8448,0,0.31372007727622986
2012,458,8450,1,0.3680417537689209
2012,458,8451,1,0.06664534658193588
2012,458,8452,0,0.19861972332000732
2012,458,8453,0,0.1995300054550171
2012,458,8454,0,0.2702805995941162
2012,458,8456,0,0.22955968976020813
2012,458,8457,0,0.5936166644096375
2012,458,8458,0,0.11423011124134064
2012,458,8459,0,0.09070815145969391
2012,458,8460,1,0.5093174576759338
2012,458,8461,1,0.14035938680171967
2012,458,8462,0,0.21209074556827545
2012,458,8463,0,0.13586045801639557
2012,458,8464,0,0.20832113921642303
2012,458,8465,1,0.2112012505531311
2012,458,8466,0,0.07827136665582657
2012,458,8467,0,0.09972796589136124
2012,458,8468,0,0.15156272053718567
2012,458,8469,1,0.3559532165527344
2012,458,8470,0,0.082753986120224
2012,458,8471,0,0.02621522918343544
2012,458,8472,0,0.24682670831680298
2012,458,8473,0,0.13105931878089905
2012,458,8474,0,0.06716897338628769
2012,458,8475,0,0.42230716347694397
2012,458,8476,0,0.26414838433265686
2012,458,8477,0,0.10360412299633026
2012,458,8478,0,0.1633966565132141
2012,458,8479,0,0.054070960730314255
2012,458,8480,0,0.28967922925949097
2012,458,8481,0,0.028870392590761185
2012,458,8482,0,0.33364787697792053
2012,458,8483,0,0.08798927068710327
2012,458,8484,0,0.054479580372571945
2012,458,8485,0,0.17304812371730804
2012,124,8401,0,0.16801059246063232
2012,124,8402,0,0.16518229246139526
2012,124,8403,0,0.3150583803653717
2012,124,8404,0,0.28760045766830444
2012,124,8405,0,0.5635596513748169
2012,124,8406,1,0.3458384573459625
2012,124,8407,1,0.12678249180316925
2012,124,8408,0,0.15736961364746094
2012,124,8409,0,0.07614471763372421
2012,124,8410,1,0.35353437066078186
2012,124,8411,0,0.0428108386695385
2012,124,8412,0,0.10321880877017975
2012,124,8413,0,0.06958559900522232
2012,124,8414,0,0.047508660703897476
2012,124,8415,0,0.08466167747974396
2012,124,8416,1,0.26657286286354065
2012,124,8417,0,0.13053973019123077
2012,124,8418,0,0.07597062736749649
2012,124,8419,0,0.06690020114183426
2012,124,8420,0,0.20664910972118378
2012,124,8421,0,0.045509181916713715
2012,124,8422,0,0.07182767242193222
2012,124,8423,0,0.10258696228265762
2012,124,8424,0,0.07226993143558502
2012,124,8425,0,0.06294482946395874
2012,124,8426,0,0.14815470576286316
2012,124,8427,0,0.2231571078300476
2012,124,8428,0,0.061756864190101624
2012,124,8429,1,0.05610428750514984
2012,124,8430,1,0.04574282467365265
2012,124,8431,0,0.06566403806209564
2012,124,8432,0,0.0956035703420639
2012,124,8433,0,0.08228427171707153
2012,124,8434,0,0.22853434085845947
2012,124,8436,0,0.12053287774324417
2012,124,8437,1,0.2229388803243637
2012,124,8438,0,0.14126506447792053
2012,124,8439,0,0.1797267645597458
2012,124,8440,0,0.4407544434070587
2012,124,8441,0,0.1496376395225525
2012,124,8442,0,0.12797453999519348
2012,124,8443,0,0.08993268013000488
2012,124,8445,1,0.356606125831604
2012,124,8446,0,0.18070845305919647
2012,124,8447,1,0.25183117389678955
2012,124,8448,0,0.24078159034252167
2012,124,8450,1,0.16659992933273315
2012,124,8451,1,0.10051631182432175
2012,124,8452,0,0.4282448887825012
2012,124,8453,1,0.3580033779144287
2012,124,8454,1,0.23202736675739288
2012,124,8455,0,0.19409455358982086
2012,124,8456,0,0.30768606066703796
2012,124,8457,1,0.11586496978998184
2012,124,8458,0,0.12988436222076416
2012,124,8459,1,0.08159281313419342
2012,124,8460,0,0.23272256553173065
2012,124,8461,1,0.1575116068124771
2012,124,8462,0,0.1379649043083191
2012,124,8463,0,0.2075205296278
2012,124,8464,0,0.3140234351158142
2012,124,8465,0,0.1702638864517212
2012,124,8466,0,0.09771910309791565
2012,124,8467,0,0.09226107597351074
2012,124,8468,1,0.1760515719652176
2012,124,8470,0,0.17286837100982666
2012,124,8471,0,0.06027855724096298
2012,124,8472,0,0.1090836450457573
2012,124,8473,0,0.14650127291679382
2012,124,8474,0,0.07040926814079285
2012,124,8475,0,0.20679230988025665
2012,124,8476,0,0.3032548129558563
2012,124,8477,0,0.07860764861106873
2012,124,8479,0,0.08664638549089432
2012,124,8480,0,0.152296245098114
2012,124,8481,0,0.058553069829940796
2012,124,8482,0,0.0779072493314743
2012,124,8483,0,0.09574133902788162
2012,124,8484,0,0.04559934884309769
2012,124,8485,0,0.1107800230383873
2012,484,8402,0,0.24635885655879974
2012,484,8403,0,0.21085995435714722
2012,484,8404,1,0.512104868888855
2012,484,8405,0,0.4427461326122284
2012,484,8406,0,0.24541889131069183
2012,484,8407,0,0.2417299598455429
2012,484,8408,0,0.3215038776397705
2012,484,8409,0,0.10161184519529343
2012,484,8410,1,0.7460520267486572
2012,484,8411,0,0.1100490391254425
2012,484,8412,0,0.12214061617851257
2012,484,8413,0,0.09645304828882217
2012,484,8414,0,0.07082399725914001
2012,484,8415,0,0.1314162164926529
2012,484,8416,0,0.1831241250038147
2012,484,8417,0,0.16993699967861176
2012,484,8418,0,0.07159481197595596
2012,484,8419,0,0.09091544896364212
2012,484,8420,0,0.5506009459495544
2012,484,8421,0,0.07238560914993286
2012,484,8422,0,0.10004301369190216
2012,484,8423,0,0.14760778844356537
2012,484,8424,0,0.11089131981134415
2012,484,8425,0,0.16547472774982452
2012,484,8426,0,0.1908828616142273
2012,484,8427,0,0.5164358615875244
2012,484,8428,0,0.17337074875831604
2012,484,8429,1,0.5918014645576477
2012,484,8430,0,0.3469809889793396
2012,484,8431,0,0.08845493197441101
2012,484,8432,0,0.1494014412164688
2012,484,8433,0,0.15614554286003113
2012,484,8434,0,0.6577574014663696
2012,484,8436,0,0.5969729423522949
2012,484,8437,0,0.5034616589546204
2012,484,8438,0,0.2547256052494049
2012,484,8439,0,0.46093156933784485
2012,484,8440,1,0.6016460657119751
2012,484,8441,1,0.40626612305641174
2012,484,8442,1,0.2993547320365906
2012,484,8443,0,0.11616331338882446
2012,484,8445,1,0.2693294882774353
2012,484,8446,1,0.6517916321754456
2012,484,8447,1,0.4150198996067047
2012,484,8448,0,0.46420490741729736
2012,484,8450,1,0.13420207798480988
2012,484,8451,0,0.20913751423358917
2012,484,8452,1,0.5662216544151306
2012,484,8453,1,0.43631428480148315
2012,484,8454,1,0.29427918791770935
2012,484,8455,0,0.1689092367887497
2012,484,8456,0,0.534978449344635
2012,484,8457,0,0.15983690321445465
2012,484,8458,1,0.37025126814842224
2012,484,8459,0,0.3412604033946991
2012,484,8460,0,0.4868285059928894
2012,484,8461,0,0.4983890950679779
2012,484,8462,0,0.30062538385391235
2012,484,8463,0,0.6848239898681641
2012,484,8464,0,0.22484025359153748
2012,484,8465,0,0.19066168367862701
2012,484,8466,0,0.19054152071475983
2012,484,8467,0,0.14569345116615295
2012,484,8468,0,0.20886819064617157
2012,484,8470,0,0.16129475831985474
2012,484,8471,0,0.08715217560529709
2012,484,8472,0,0.19278079271316528
2012,484,8473,0,0.17892207205295563
2012,484,8474,0,0.2603634297847748
2012,484,8475,1,0.32526731491088867
2012,484,8476,1,0.32455679774284363
2012,484,8477,0,0.12616407871246338
2012,484,8479,1,0.16749562323093414
2012,484,8480,0,0.3164771795272827
2012,484,8481,0,0.07132173329591751
2012,484,8482,1,0.10707037150859833
2012,484,8483,0,0.0755893886089325
2012,484,8484,0,0.09230149537324905
2012,484,8485,0,0.1251436322927475
2012,757,8401,1,0.3422940969467163
2012,757,8403,0,0.17383931577205658
2012,757,8405,1,0.6236564517021179
2012,757,8406,1,0.06652335077524185
2012,757,8407,0,0.4570157527923584
2012,757,8408,0,0.11718650907278061
2012,757,8409,0,0.09638918936252594
2012,757,8411,0,0.04020706191658974
2012,757,8412,1,0.10990073531866074
2012,757,8413,0,0.09614523500204086
2012,757,8414,0,0.05639941990375519
2012,757,8415,1,0.18642939627170563
2012,757,8416,0,0.3807477355003357
2012,757,8417,0,0.10216024518013
2012,757,8418,0,0.09551798552274704
2012,757,8419,0,0.07255222648382187
2012,757,8420,0,0.2871793806552887
2012,757,8421,0,0.053147196769714355
2012,757,8422,0,0.08291863650083542
2012,757,8423,0,0.07215067744255066
2012,757,8424,0,0.09173786640167236
2012,757,8425,0,0.10370177030563354
2012,757,8426,1,0.28161731362342834
2012,757,8427,0,0.4154529273509979
2012,757,8428,0,0.05700835585594177
2012,757,8430,0,0.1889699399471283
2012,757,8431,0,0.04969833418726921
2012,757,8432,0,0.16672463715076447
2012,757,8433,1,0.225458025932312
2012,757,8434,1,0.5934617519378662
2012,757,8435,0,0.2373882681131363
2012,757,8436,1,0.2403993457555771
2012,757,8437,0,0.2746780812740326
2012,757,8438,0,0.15829646587371826
2012,757,8439,0,0.15101441740989685
2012,757,8440,0,0.12091593444347382
2012,757,8441,0,0.05597817525267601
2012,757,8442,0,0.17996007204055786
2012,757,8443,0,0.10828510671854019
2012,757,8444,0,0.6582345366477966
2012,757,8445,0,0.34487131237983704
2012,757,8446,0,0.3897874653339386
2012,757,8447,0,0.39688757061958313
2012,757,8448,0,0.12323169410228729
2012,757,8449,1,0.5195838809013367
2012,757,8450,0,0.14771710336208344
2012,757,8451,0,0.17280156910419464
2012,757,8452,0,0.11757020652294159
2012,757,8453,0,0.14719811081886292
2012,757,8454,0,0.17139849066734314
2012,757,8455,0,0.37987789511680603
2012,757,8456,0,0.1576894372701645
2012,757,8457,0,0.2177511751651764
2012,757,8458,1,0.10251034051179886
2012,757,8459,0,0.3005676567554474
2012,757,8460,0,0.1205272525548935
2012,757,8461,0,0.13818220794200897
2012,757,8462,0,0.09945441037416458
2012,757,8463,0,0.11144379526376724
2012,757,8464,1,0.09196305274963379
2012,757,8465,0,0.10788552463054657
2012,757,8466,0,0.12096202373504639
2012,757,8467,0,0.08911945670843124
2012,757,8468,0,0.1733979880809784
2012,757,8470,1,0.08355600386857986
2012,757,8471,0,0.06007450819015503
2012,757,8472,1,0.16548989713191986
2012,757,8473,0,0.18088924884796143
2012,757,8474,0,0.08309570699930191
2012,757,8475,0,0.27660855650901794
2012,757,8476,0,0.09682384133338928
2012,757,8477,0,0.0842861458659172
2012,757,8478,1,0.4956206679344177
2012,757,8479,0,0.2262914627790451
2012,757,8480,0,0.1743166297674179
2012,757,8481,0,0.09955304861068726
2012,757,8482,0,0.08587677031755447
2012,757,8483,0,0.10773361474275589
2012,757,8484,0,0.0867169201374054
2012,757,8485,0,0.08704573661088943
2012,764,8402,0,0.40381643176078796
2012,764,8403,1,0.20672759413719177
2012,764,8404,1,0.36643722653388977
2012,764,8405,1,0.4018808901309967
2012,764,8406,0,0.6634738445281982
2012,764,8407,0,0.12728483974933624
2012,764,8408,0,0.18606309592723846
2012,764,8409,0,0.12535645067691803
2012,764,8410,0,0.6502161026000977
2012,764,8411,0,0.07248815149068832
2012,764,8412,0,0.09673147648572922
2012,764,8413,0,0.0427432619035244
2012,764,8414,0,0.035801272839307785
2012,764,8415,0,0.04011181741952896
2012,764,8416,0,0.11687394976615906
2012,764,8418,0,0.03066418319940567
2012,764,8419,0,0.03387868404388428
2012,764,8421,0,0.030061347410082817
2012,764,8422,1,0.19263847172260284
2012,764,8424,0,0.041769642382860184
2012,764,8425,0,0.2635854482650757
2012,764,8428,0,0.07178805768489838
2012,764,8431,0,0.03986518830060959
2012,764,8434,0,0.5706731081008911
2012,764,8435,1,0.23477669060230255
2012,764,8439,1,0.42717665433883667
2012,764,8441,0,0.16767457127571106
2012,764,8442,0,0.08810959756374359
2012,764,8443,0,0.07664912194013596
2012,764,8446,0,0.46005532145500183
2012,764,8448,1,0.3532376289367676
2012,764,8450,0,0.03167339041829109
2012,764,8451,1,0.07149802893400192
2012,764,8452,0,0.08838669210672379
2012,764,8454,0,0.17111380398273468
2012,764,8455,0,0.2280251681804657
2012,764,8456,0,0.17394959926605225
2012,764,8457,0,0.19687360525131226
2012,764,8458,0,0.19291679561138153
2012,764,8459,0,0.08572062104940414
2012,764,8460,0,0.24000586569309235
2012,764,8461,0,0.13974842429161072
2012,764,8462,1,0.27188822627067566
2012,764,8463,0,0.19074180722236633
2012,764,8464,1,0.44390869140625
2012,764,8466,0,0.16916236281394958
2012,764,8467,0,0.10620968043804169
2012,764,8468,1,0.3628491163253784
2012,764,8470,1,0.4219008684158325
2012,764,8471,0,0.03438051789999008
2012,764,8472,0,0.4000888168811798
2012,764,8473,0,0.18310678005218506
2012,764,8475,1,0.3780939280986786
2012,764,8476,0,0.2509564161300659
2012,764,8477,0,0.10134164243936539
2012,764,8479,0,0.059509191662073135
2012,764,8480,0,0.06286317855119705
2012,764,8481,0,0.03749138116836548
2012,764,8482,0,0.03434309363365173
2012,764,8483,0,0.04714258387684822
2012,764,8484,0,0.045787520706653595
2012,764,8485,0,0.06595731526613235
2012,752,8401,0,0.2548072934150696
2012,752,8402,1,0.5195127725601196
2012,752,8403,1,0.2313736230134964
2012,752,8404,0,0.15661941468715668
2012,752,8405,0,0.19745919108390808
2012,752,8406,1,0.29997721314430237
2012,752,8407,1,0.2168586552143097
2012,752,8408,0,0.19202929735183716
2012,752,8409,0,0.09794966876506805
2012,752,8410,0,0.701346755027771
2012,752,8411,1,0.11442101001739502
2012,752,8412,0,0.07268007844686508
2012,752,8413,0,0.060318704694509506
2012,752,8414,0,0.19784338772296906
2012,752,8415,0,0.08498246967792511
2012,752,8416,0,0.13875675201416016
2012,752,8417,0,0.1907787322998047
2012,752,8418,0,0.06381654739379883
2012,752,8419,0,0.05687139555811882
2012,752,8420,0,0.24773168563842773
2012,752,8421,0,0.05575226992368698
2012,752,8422,0,0.037767063826322556
2012,752,8423,0,0.18807920813560486
2012,752,8424,0,0.042933348566293716
2012,752,8425,0,0.09005779772996902
2012,752,8426,0,0.13096733391284943
2012,752,8427,0,0.1185847595334053
2012,752,8428,0,0.06808505207300186
2012,752,8429,0,0.0939381793141365
2012,752,8430,1,0.060278527438640594
2012,752,8431,0,0.05774550512433052
2012,752,8432,0,0.14669297635555267
2012,752,8433,0,0.09301712363958359
2012,752,8434,0,0.1294642686843872
2012,752,8435,0,0.5619245171546936
2012,752,8436,0,0.1597270965576172
2012,752,8437,0,0.08157622069120407
2012,752,8438,0,0.10951969027519226
2012,752,8439,0,0.1339631974697113
2012,752,8440,0,0.22839996218681335
2012,752,8441,0,0.20733755826950073
2012,752,8442,0,0.25159838795661926
2012,752,8443,0,0.0951097384095192
2012,752,8445,1,0.6709998250007629
2012,752,8446,0,0.22140240669250488
2012,752,8447,0,0.5704137086868286
2012,752,8448,0,0.3780452609062195
2012,752,8449,1,0.3524342477321625
2012,752,8450,0,0.07381802052259445
2012,752,8451,0,0.1122557744383812
2012,752,8452,0,0.22650830447673798
2012,752,8454,1,0.17383478581905365
2012,752,8455,0,0.16284801065921783
2012,752,8456,1,0.32963141798973083
2012,752,8457,0,0.11273667961359024
2012,752,8458,1,0.14303912222385406
2012,752,8459,0,0.2493630200624466
2012,752,8460,0,0.08067262172698975
2012,752,8461,0,0.14591515064239502
2012,752,8462,0,0.1461639702320099
2012,752,8463,0,0.1817595660686493
2012,752,8464,0,0.24930842220783234
2012,752,8465,0,0.3247043788433075
2012,752,8466,0,0.13354894518852234
2012,752,8467,0,0.08319021761417389
2012,752,8468,0,0.18363416194915771
2012,752,8469,1,0.4407070279121399
2012,752,8470,0,0.13974341750144958
2012,752,8471,0,0.12926162779331207
2012,752,8472,0,0.06998538970947266
2012,752,8473,1,0.18982097506523132
2012,752,8474,0,0.05521523207426071
2012,752,8475,0,0.3697321116924286
2012,752,8476,0,0.17938773334026337
2012,752,8477,0,0.1250639259815216
2012,752,8478,1,0.6578003168106079
2012,752,8479,0,0.09391695261001587
2012,752,8480,0,0.21327579021453857
2012,752,8481,0,0.06774576753377914
2012,752,8482,0,0.042860157787799835
2012,752,8483,0,0.08525478839874268
2012,752,8484,0,0.04349571093916893
2012,752,8485,0,0.04278554394841194
2012,372,8402,1,0.6457540988922119
2012,372,8403,0,0.24477894604206085
2012,372,8404,1,0.3029707670211792
2012,372,8407,0,0.7003419399261475
2012,372,8408,0,0.2671301066875458
2012,372,8409,0,0.06530500203371048
2012,372,8411,0,0.1394374668598175
2012,372,8412,0,0.18214546144008636
2012,372,8413,0,0.0829198881983757
2012,372,8414,0,0.25945812463760376
2012,372,8415,0,0.18421658873558044
2012,372,8416,0,0.43419620394706726
2012,372,8417,0,0.33183079957962036
2012,372,8418,0,0.17069587111473083
2012,372,8419,0,0.1526767462491989
2012,372,8421,0,0.051189202815294266
2012,372,8422,0,0.19867132604122162
2012,372,8423,0,0.6579234004020691
2012,372,8424,0,0.24704140424728394
2012,372,8425,0,0.16214659810066223
2012,372,8426,0,0.3688797354698181
2012,372,8427,0,0.177761048078537
2012,372,8428,0,0.21333681046962738
2012,372,8429,1,0.18016184866428375
2012,372,8430,0,0.30243560671806335
2012,372,8431,0,0.10954015702009201
2012,372,8432,0,0.21472983062267303
2012,372,8433,0,0.1796095222234726
2012,372,8434,0,0.69402015209198
2012,372,8436,0,0.22142672538757324
2012,372,8437,0,0.6992837190628052
2012,372,8438,0,0.14484277367591858
2012,372,8439,1,0.3481203317642212
2012,372,8441,0,0.2661197781562805
2012,372,8443,0,0.1126212328672409
2012,372,8448,0,0.34690752625465393
2012,372,8450,0,0.3634282052516937
2012,372,8451,0,0.13061362504959106
2012,372,8456,0,0.2705286741256714
2012,372,8460,1,0.2444555014371872
2012,372,8461,1,0.30725815892219543
2012,372,8462,0,0.18121960759162903
2012,372,8463,0,0.44986918568611145
2012,372,8465,0,0.2426525354385376
2012,372,8466,0,0.11689630895853043
2012,372,8467,0,0.35215848684310913
2012,372,8468,0,0.1789650171995163
2012,372,8470,0,0.20203906297683716
2012,372,8471,0,0.08175672590732574
2012,372,8472,1,0.24535520374774933
2012,372,8473,0,0.17135745286941528
2012,372,8474,1,0.16041654348373413
2012,372,8475,0,0.39966487884521484
2012,372,8476,0,0.15229424834251404
2012,372,8477,0,0.12518548965454102
2012,372,8479,0,0.1384550780057907
2012,372,8480,0,0.14864788949489594
2012,372,8481,0,0.05426955968141556
2012,372,8485,0,0.2107398957014084
2012,40,8401,0,0.3311518132686615
2012,40,8402,1,0.3444772958755493
2012,40,8403,0,0.18423160910606384
2012,40,8404,0,0.2154875546693802
2012,40,8405,1,0.5010434985160828
2012,40,8406,0,0.17516952753067017
2012,40,8407,1,0.1746303141117096
2012,40,8408,0,0.14786534011363983
2012,40,8409,0,0.11424209922552109
2012,40,8411,0,0.10589179396629333
2012,40,8412,0,0.055266741663217545
2012,40,8413,0,0.16627421975135803
2012,40,8414,0,0.3342224359512329
2012,40,8415,0,0.08058153092861176
2012,40,8416,0,0.1842537224292755
2012,40,8417,0,0.10305433720350266
2012,40,8418,0,0.07449036836624146
2012,40,8419,0,0.07907647639513016
2012,40,8420,0,0.22776460647583008
2012,40,8421,0,0.059583570808172226
2012,40,8422,0,0.0835237205028534
2012,40,8423,1,0.3533172905445099
2012,40,8424,0,0.09008508175611496
2012,40,8425,1,0.24101178348064423
2012,40,8426,0,0.09151173382997513
2012,40,8427,0,0.2821650803089142
2012,40,8428,0,0.07972171902656555
2012,40,8429,0,0.12412210553884506
2012,40,8430,0,0.09244532138109207
2012,40,8431,0,0.0796888917684555
2012,40,8432,0,0.1383891999721527
2012,40,8433,0,0.08665761351585388
2012,40,8434,0,0.8433880805969238
2012,40,8435,0,0.25021758675575256
2012,40,8436,0,0.2642851769924164
2012,40,8437,0,0.37387779355049133
2012,40,8438,0,0.2532498836517334
2012,40,8439,0,0.17706069350242615
2012,40,8440,0,0.2163136750459671
2012,40,8441,1,0.15816447138786316
2012,40,8442,0,0.1269286721944809
2012,40,8443,0,0.09823071211576462
2012,40,8444,1,0.5013721585273743
2012,40,8445,0,0.18815122544765472
2012,40,8446,0,0.2985438406467438
2012,40,8447,1,0.251931369304657
2012,40,8448,0,0.15173344314098358
2012,40,8449,0,0.26923292875289917
2012,40,8450,0,0.23843137919902802
2012,40,8451,0,0.4149823784828186
2012,40,8452,0,0.12742577493190765
2012,40,8453,0,0.2655194103717804
2012,40,8454,0,0.11278822273015976
2012,40,8455,0,0.27027586102485657
2012,40,8456,0,0.24723440408706665
2012,40,8457,0,0.19217684864997864
2012,40,8458,0,0.11914128065109253
2012,40,8459,0,0.16528034210205078
2012,40,8460,0,0.25379204750061035
2012,40,8461,1,0.07739736139774323
2012,40,8462,0,0.12110424041748047
2012,40,8463,0,0.2794126272201538
2012,40,8464,0,0.1325463354587555
2012,40,8465,0,0.11238496750593185
2012,40,8466,0,0.06761868298053741
2012,40,8467,0,0.10157329589128494
2012,40,8468,0,0.218562051653862
2012,40,8470,0,0.12503047287464142
2012,40,8471,0,0.06753293424844742
2012,40,8472,0,0.22464963793754578
2012,40,8473,1,0.20033518970012665
2012,40,8474,0,0.10120222717523575
2012,40,8475,1,0.3073192834854126
2012,40,8476,0,0.09867054969072342
2012,40,8477,0,0.1012558713555336
2012,40,8478,1,0.624718189239502
2012,40,8479,0,0.16915521025657654
2012,40,8480,0,0.19647817313671112
2012,40,8481,0,0.08334255963563919
2012,40,8482,0,0.12191934883594513
2012,40,8483,0,0.10222652554512024
2012,40,8484,0,0.08418512344360352
2012,40,8485,0,0.2184424102306366
2012,724,8401,0,0.19357265532016754
2012,724,8402,0,0.153932586312294
2012,724,8403,0,0.21498657763004303
2012,724,8404,0,0.15346647799015045
2012,724,8405,1,0.16940464079380035
2012,724,8406,0,0.27744534611701965
2012,724,8407,0,0.39301934838294983
2012,724,8408,0,0.11309747397899628
2012,724,8409,0,0.08144952356815338
2012,724,8411,0,0.09682757407426834
2012,724,8412,0,0.1642214059829712
2012,724,8413,0,0.0567677840590477
2012,724,8414,0,0.05947580188512802
2012,724,8415,0,0.06644753366708755
2012,724,8416,0,0.31803563237190247
2012,724,8417,0,0.27745452523231506
2012,724,8418,0,0.06377408653497696
2012,724,8419,0,0.1938406080007553
2012,724,8420,0,0.22412222623825073
2012,724,8421,0,0.15858183801174164
2012,724,8422,0,0.19348549842834473
2012,724,8423,0,0.14553965628147125
2012,724,8424,0,0.16440768539905548
2012,724,8425,0,0.15991531312465668
2012,724,8426,0,0.08020757138729095
2012,724,8427,0,0.06169309839606285
2012,724,8428,0,0.058980148285627365
2012,724,8430,0,0.27069032192230225
2012,724,8431,0,0.06402534246444702
2012,724,8432,0,0.15652982890605927
2012,724,8433,0,0.1009167954325676
2012,724,8434,0,0.4140387177467346
2012,724,8435,0,0.21111276745796204
2012,724,8436,1,0.29688841104507446
2012,724,8437,0,0.1355116367340088
2012,724,8438,0,0.2543599307537079
2012,724,8439,0,0.23166921734809875
2012,724,8440,0,0.1664099544286728
2012,724,8441,0,0.0633324608206749
2012,724,8442,0,0.17377351224422455
2012,724,8443,0,0.18327045440673828
2012,724,8444,0,0.2812565565109253
2012,724,8445,0,0.34953784942626953
2012,724,8446,0,0.2541150748729706
2012,724,8447,0,0.32239529490470886
2012,724,8448,0,0.39637669920921326
2012,724,8449,0,0.4092971980571747
2012,724,8450,0,0.12375352531671524
2012,724,8451,0,0.14833472669124603
2012,724,8452,1,0.1646026223897934
2012,724,8453,0,0.23323467373847961
2012,724,8454,0,0.2667766809463501
2012,724,8455,0,0.31038713455200195
2012,724,8456,0,0.38841018080711365
2012,724,8457,0,0.14520269632339478
2012,724,8458,0,0.38179516792297363
2012,724,8459,0,0.10123568773269653
2012,724,8460,0,0.09111980348825455
2012,724,8461,0,0.2673530876636505
2012,724,8462,0,0.14798381924629211
2012,724,8463,0,0.1685788929462433
2012,724,8464,0,0.13918092846870422
2012,724,8465,0,0.2599489986896515
2012,724,8466,0,0.07046733796596527
2012,724,8467,0,0.1225237026810646
2012,724,8468,0,0.1282229721546173
2012,724,8470,0,0.15321528911590576
2012,724,8471,0,0.09066379070281982
2012,724,8472,0,0.2116325944662094
2012,724,8473,0,0.157161146402359
2012,724,8474,0,0.07063640654087067
2012,724,8475,0,0.4467180371284485
2012,724,8476,0,0.13156276941299438
2012,724,8477,0,0.2829646170139313
2012,724,8479,0,0.15651430189609528
2012,724,8480,0,0.4195430874824524
2012,724,8481,0,0.23604843020439148
2012,724,8482,0,0.08929231017827988
2012,724,8483,0,0.08985769748687744
2012,724,8484,0,0.09474056214094162
2012,724,8485,0,0.3310506343841553
2013,842,8401,1,0.37168678641319275
2013,842,8402,1,0.239225372672081
2013,842,8403,0,0.1078106164932251
2013,842,8404,0,0.1162189394235611
2013,842,8405,0,0.1100185215473175
2013,842,8406,0,0.0890803337097168
2013,842,8407,0,0.07203377038240433
2013,842,8408,0,0.07317434251308441
2013,842,8409,0,0.028692888095974922
2013,842,8410,1,0.1276857852935791
2013,842,8411,0,0.04039493948221207
2013,842,8412,0,0.03577675670385361
2013,842,8413,0,0.05123002082109451
2013,842,8414,0,0.04720162972807884
2013,842,8415,0,0.03901086375117302
2013,842,8416,0,0.037229105830192566
2013,842,8417,0,0.09543716907501221
2013,842,8418,0,0.025367768481373787
2013,842,8419,0,0.0258797574788332
2013,842,8420,0,0.08021210879087448
2013,842,8421,0,0.018343264237046242
2013,842,8422,0,0.022691041231155396
2013,842,8423,0,0.032493628561496735
2013,842,8424,0,0.020525597035884857
2013,842,8425,0,0.02374526672065258
2013,842,8426,0,0.08811652660369873
2013,842,8427,0,0.08075711131095886
2013,842,8428,0,0.03852536156773567
2013,842,8429,0,0.05903991311788559
2013,842,8431,0,0.021515417844057083
2013,842,8432,0,0.09373220801353455
2013,842,8433,0,0.030277861282229424
2013,842,8434,0,0.1990240216255188
2013,842,8435,0,0.11944659054279327
2013,842,8436,0,0.16635580360889435
2013,842,8437,0,0.5396949052810669
2013,842,8438,0,0.05997805297374725
2013,842,8439,0,0.08234322816133499
2013,842,8440,0,0.06823703646659851
2013,842,8441,0,0.044278062880039215
2013,842,8442,0,0.10976521670818329
2013,842,8443,0,0.08008723706007004
2013,842,8444,0,0.6405616998672485
2013,842,8445,0,0.12640118598937988
2013,842,8446,1,0.14321929216384888
2013,842,8449,0,0.203359916806221
2013,842,8450,0,0.04708397388458252
2013,842,8451,0,0.025704098865389824
2013,842,8453,0,0.06568409502506256
2013,842,8454,0,0.06748282164335251
2013,842,8455,1,0.13258406519889832
2013,842,8456,0,0.07937144488096237
2013,842,8457,0,0.07300803810358047
2013,842,8458,0,0.054971661418676376
2013,842,8459,0,0.07078687101602554
2013,842,8460,0,0.05876646190881729
2013,842,8461,0,0.06658520549535751
2013,842,8462,0,0.05227363482117653
2013,842,8463,0,0.0907139927148819
2013,842,8464,0,0.08232499659061432
2013,842,8465,1,0.057911232113838196
2013,842,8466,0,0.030660683289170265
2013,842,8467,0,0.027473468333482742
2013,842,8468,0,0.04018794000148773
2013,842,8470,0,0.12344339489936829
2013,842,8471,0,0.01821652427315712
2013,842,8472,0,0.04166704788804054
2013,842,8473,0,0.07480263710021973
2013,842,8474,0,0.03298797830939293
2013,842,8475,0,0.20662716031074524
2013,842,8476,0,0.07302773743867874
2013,842,8477,0,0.0339273102581501
2013,842,8479,0,0.05237147584557533
2013,842,8480,0,0.12560656666755676
2013,842,8481,0,0.020829780027270317
2013,842,8482,0,0.023568302392959595
2013,842,8483,0,0.029873790219426155
2013,842,8484,0,0.10958914458751678
2013,842,8485,0,0.049016326665878296
2013,276,8401,0,0.16983245313167572
2013,276,8402,0,0.09707731008529663
2013,276,8403,0,0.04756470024585724
2013,276,8404,0,0.05995641276240349
2013,276,8405,0,0.14005151391029358
2013,276,8406,0,0.0612153597176075
2013,276,8407,0,0.05593201145529747
2013,276,8408,0,0.049969714134931564
2013,276,8409,0,0.026730798184871674
2013,276,8410,0,0.26699575781822205
2013,276,8411,0,0.037468306720256805
2013,276,8412,0,0.03292079642415047
2013,276,8413,0,0.023352591320872307
2013,276,8414,0,0.021407557651400566
2013,276,8415,0,0.03020130842924118
2013,276,8416,0,0.031350187957286835
2013,276,8417,1,0.10974877327680588
2013,276,8418,0,0.02522881329059601
2013,276,8419,0,0.01976282335817814
2013,276,8420,0,0.050059717148542404
2013,276,8421,0,0.01582212559878826
2013,276,8422,0,0.023557232692837715
2013,276,8423,0,0.022795014083385468
2013,276,8424,0,0.023576950654387474
2013,276,8425,0,0.021908966824412346
2013,276,8426,0,0.02815203368663788
2013,276,8427,0,0.08119736611843109
2013,276,8428,0,0.020319482311606407
2013,276,8429,0,0.05532505735754967
2013,276,8430,0,0.04251844808459282
2013,276,8431,0,0.024297788739204407
2013,276,8432,0,0.07399211823940277
2013,276,8433,0,0.04138766974210739
2013,276,8434,0,0.041060518473386765
2013,276,8435,0,0.09180068224668503
2013,276,8436,0,0.051800187677145004
2013,276,8437,0,0.0709415152668953
2013,276,8438,0,0.026904108002781868
2013,276,8439,0,0.08535834401845932
2013,276,8440,0,0.042096685618162155
2013,276,8441,0,0.031003043055534363
2013,276,8442,0,0.05633735656738281
2013,276,8443,0,0.09006139636039734
2013,276,8444,1,0.22508001327514648
2013,276,8445,0,0.18728454411029816
2013,276,8446,0,0.2234649956226349
2013,276,8447,0,0.13014502823352814
2013,276,8448,0,0.054331228137016296
2013,276,8449,0,0.09326250851154327
2013,276,8450,0,0.048795316368341446
2013,276,8451,0,0.022503718733787537
2013,276,8452,0,0.050881315022706985
2013,276,8453,0,0.08299238979816437
2013,276,8454,0,0.150262251496315
2013,276,8455,1,0.24299508333206177
2013,276,8456,0,0.11762293428182602
2013,276,8457,0,0.16291804611682892
2013,276,8458,0,0.04852113500237465
2013,276,8459,0,0.059204380959272385
2013,276,8460,0,0.052268508821725845
2013,276,8461,0,0.050655972212553024
2013,276,8462,0,0.04320322722196579
2013,276,8463,0,0.09097862988710403
2013,276,8464,0,0.03814495727419853
2013,276,8465,0,0.055637676268815994
2013,276,8466,0,0.0376310795545578
2013,276,8467,0,0.023905074223876
2013,276,8468,0,0.04179265722632408
2013,276,8469,0,0.2098168283700943
2013,276,8470,0,0.0640551820397377
2013,276,8471,0,0.034915145486593246
2013,276,8472,0,0.0547247938811779
2013,276,8473,0,0.12928463518619537
2013,276,8474,0,0.04326286166906357
2013,276,8475,0,0.0657813772559166
2013,276,8476,0,0.06896846741437912
2013,276,8477,0,0.03447090834379196
2013,276,8478,0,0.12064281851053238
2013,276,8479,0,0.02821374498307705
2013,276,8480,0,0.05854937434196472
2013,276,8481,0,0.020226648077368736
2013,276,8482,0,0.022016970440745354
2013,276,8483,0,0.02373580075800419
2013,276,8484,0,0.02012685127556324
2013,276,8485,0,0.025322476401925087
2013,392,8401,1,0.1639498919248581
2013,392,8402,0,0.1535676270723343
2013,392,8403,0,0.16892141103744507
2013,392,8404,0,0.1823824644088745
2013,392,8405,0,0.11629649996757507
2013,392,8406,0,0.09657243639230728
2013,392,8407,0,0.03341063857078552
2013,392,8408,0,0.050196174532175064
2013,392,8409,0,0.023993315175175667
2013,392,8410,0,0.25809213519096375
2013,392,8411,0,0.07906189560890198
2013,392,8412,0,0.046503860503435135
2013,392,8413,0,0.02143150568008423
2013,392,8414,0,0.021666083484888077
2013,392,8415,0,0.02121826261281967
2013,392,8416,0,0.2548973560333252
2013,392,8417,0,0.13009776175022125
2013,392,8418,0,0.07582058012485504
2013,392,8419,0,0.031425122171640396
2013,392,8420,0,0.1777602732181549
2013,392,8421,0,0.01450043823570013
2013,392,8422,0,0.03136830776929855
2013,392,8423,0,0.0323353111743927
2013,392,8424,0,0.034688059240579605
2013,392,8425,0,0.02613183669745922
2013,392,8426,0,0.047581810504198074
2013,392,8427,0,0.05461079627275467
2013,392,8428,0,0.03280143439769745
2013,392,8429,0,0.06166553124785423
2013,392,8430,0,0.042698267847299576
2013,392,8431,0,0.037052784115076065
2013,392,8432,0,0.08323123306035995
2013,392,8433,0,0.04478221759200096
2013,392,8434,1,0.27402374148368835
2013,392,8435,0,0.1706835776567459
2013,392,8436,0,0.08684219419956207
2013,392,8437,0,0.09377411752939224
2013,392,8438,0,0.035627055913209915
2013,392,8439,1,0.23606522381305695
2013,392,8440,0,0.12197286635637283
2013,392,8441,0,0.044709984213113785
2013,392,8442,1,0.07699907571077347
2013,392,8443,0,0.09933803230524063
2013,392,8444,0,0.20593948662281036
2013,392,8445,0,0.3288469612598419
2013,392,8446,0,0.3146076798439026
2013,392,8447,0,0.09800169616937637
2013,392,8448,1,0.1379450410604477
2013,392,8449,0,0.20654219388961792
2013,392,8450,0,0.11888398230075836
2013,392,8451,0,0.06623975932598114
2013,392,8452,0,0.06842344254255295
2013,392,8453,0,0.20379404723644257
2013,392,8454,0,0.09116671234369278
2013,392,8455,0,0.27141058444976807
2013,392,8456,0,0.3718986213207245
2013,392,8457,0,0.11433446407318115
2013,392,8458,0,0.08843473345041275
2013,392,8459,0,0.0652066320180893
2013,392,8460,0,0.06201135367155075
2013,392,8461,1,0.06581839919090271
2013,392,8462,0,0.056362561881542206
2013,392,8463,0,0.10452433675527573
2013,392,8464,0,0.1255001425743103
2013,392,8465,0,0.07619540393352509
2013,392,8466,0,0.04155091196298599
2013,392,8467,0,0.02461116388440132
2013,392,8468,1,0.12509624660015106
2013,392,8469,0,0.23274372518062592
2013,392,8470,0,0.05023129656910896
2013,392,8471,0,0.0316009446978569
2013,392,8472,1,0.04572824388742447
2013,392,8473,0,0.18469510972499847
2013,392,8474,0,0.03843916580080986
2013,392,8475,0,0.3575717806816101
2013,392,8476,1,0.22334690392017365
2013,392,8477,0,0.035880446434020996
2013,392,8478,1,0.47898969054222107
2013,392,8479,0,0.05869637429714203
2013,392,8480,0,0.0614587627351284
2013,392,8481,0,0.023283323273062706
2013,392,8482,0,0.023358458653092384
2013,392,8483,0,0.024238891899585724
2013,392,8484,0,0.021412057802081108
2013,392,8485,0,0.030600477010011673
2013,156,8401,0,0.1676834374666214
2013,156,8402,1,0.09297654777765274
2013,156,8404,0,0.17412766814231873
2013,156,8405,0,0.23539792001247406
2013,156,8406,1,0.15693125128746033
2013,156,8407,0,0.052379682660102844
2013,156,8408,0,0.08174827694892883
2013,156,8409,0,0.023588193580508232
2013,156,8411,0,0.05980496481060982
2013,156,8412,0,0.020402800291776657
2013,156,8413,0,0.03430148959159851
2013,156,8414,0,0.019492045044898987
2013,156,8415,0,0.018834944814443588
2013,156,8416,0,0.055295705795288086
2013,156,8417,0,0.05797647684812546
2013,156,8418,0,0.013569257222115993
2013,156,8419,0,0.029495619237422943
2013,156,8420,0,0.03722900152206421
2013,156,8421,0,0.01364948321133852
2013,156,8422,0,0.014682799577713013
2013,156,8423,0,0.01444863248616457
2013,156,8424,0,0.016547884792089462
2013,156,8425,0,0.016221854835748672
2013,156,8426,0,0.021762587130069733
2013,156,8427,0,0.04581247642636299
2013,156,8428,0,0.026172857731580734
2013,156,8430,0,0.09268733859062195
2013,156,8431,0,0.017381275072693825
2013,156,8432,0,0.03692527487874031
2013,156,8433,0,0.01498624961823225
2013,156,8434,0,0.13576114177703857
2013,156,8436,0,0.05086999014019966
2013,156,8439,0,0.10541369765996933
2013,156,8440,0,0.04980901628732681
2013,156,8441,0,0.037182968109846115
2013,156,8442,0,0.07868082821369171
2013,156,8443,0,0.0695330947637558
2013,156,8444,0,0.20968563854694366
2013,156,8445,0,0.11924318224191666
2013,156,8446,0,0.12810535728931427
2013,156,8447,0,0.11500202119350433
2013,156,8448,0,0.06513375788927078
2013,156,8449,0,0.14230258762836456
2013,156,8450,0,0.04756008833646774
2013,156,8451,0,0.03080974705517292
2013,156,8452,0,0.028928229585289955
2013,156,8453,0,0.1540633887052536
2013,156,8454,0,0.09275607019662857
2013,156,8455,0,0.10492338985204697
2013,156,8456,0,0.09010038524866104
2013,156,8457,0,0.08495199680328369
2013,156,8458,0,0.030626803636550903
2013,156,8459,0,0.032766543328762054
2013,156,8460,0,0.03977781906723976
2013,156,8461,0,0.027879461646080017
2013,156,8462,0,0.02714085578918457
2013,156,8463,0,0.05977989733219147
2013,156,8464,0,0.031131790950894356
2013,156,8465,0,0.06955727934837341
2013,156,8466,0,0.03147576376795769
2013,156,8467,0,0.02418462187051773
2013,156,8468,0,0.026352470740675926
2013,156,8469,1,0.11182073503732681
2013,156,8470,0,0.021980244666337967
2013,156,8471,0,0.035206399857997894
2013,156,8472,0,0.024492109194397926
2013,156,8473,0,0.057264093309640884
2013,156,8475,0,0.21995940804481506
2013,156,8476,0,0.04637543484568596
2013,156,8477,0,0.028750600293278694
2013,156,8479,0,0.024072768166661263
2013,156,8480,0,0.04628584161400795
2013,156,8481,0,0.013205157592892647
2013,156,8482,0,0.020602842792868614
2013,156,8483,0,0.019782070070505142
2013,156,8484,0,0.049836836755275726
2013,380,8401,0,0.20356979966163635
2013,380,8402,0,0.10877953469753265
2013,380,8403,0,0.14048197865486145
2013,380,8404,1,0.21630434691905975
2013,380,8405,0,0.17653916776180267
2013,380,8406,0,0.277188241481781
2013,380,8407,0,0.17878642678260803
2013,380,8408,0,0.05903242528438568
2013,380,8409,0,0.02865324728190899
2013,380,8410,0,0.12096723169088364
2013,380,8411,0,0.14254623651504517
2013,380,8412,0,0.03781371936202049
2013,380,8413,0,0.020356612280011177
2013,380,8414,0,0.02455344796180725
2013,380,8415,0,0.02288755774497986
2013,380,8416,0,0.07012858241796494
2013,380,8417,0,0.1218499094247818
2013,380,8418,0,0.018882209435105324
2013,380,8419,0,0.04898634925484657
2013,380,8420,0,0.08458669483661652
2013,380,8421,0,0.019640404731035233
2013,380,8422,0,0.023631442338228226
2013,380,8423,0,0.035534102469682693
2013,380,8424,0,0.025324683636426926
2013,380,8425,0,0.11071546375751495
2013,380,8426,0,0.052411824464797974
2013,380,8427,0,0.07700256258249283
2013,380,8428,0,0.026925737038254738
2013,380,8429,0,0.05950187146663666
2013,380,8430,0,0.028296880424022675
2013,380,8431,0,0.026048675179481506
2013,380,8432,0,0.03845321387052536
2013,380,8433,0,0.03481556475162506
2013,380,8434,0,0.10581175982952118
2013,380,8436,0,0.03351244702935219
2013,380,8438,0,0.06284067779779434
2013,380,8439,0,0.07852605730295181
2013,380,8440,0,0.05450133979320526
2013,380,8441,0,0.04275255277752876
2013,380,8442,0,0.058762986212968826
2013,380,8443,0,0.13027529418468475
2013,380,8444,0,0.261016309261322
2013,380,8445,0,0.17861270904541016
2013,380,8446,0,0.23027174174785614
2013,380,8447,0,0.11494894325733185
2013,380,8448,0,0.04716537147760391
2013,380,8449,0,0.30937066674232483
2013,380,8450,0,0.04627636820077896
2013,380,8451,0,0.04876363277435303
2013,380,8452,0,0.08235786855220795
2013,380,8453,0,0.06311758607625961
2013,380,8454,0,0.05091734230518341
2013,380,8455,0,0.11406417936086655
2013,380,8456,0,0.05969977378845215
2013,380,8457,0,0.07925533503293991
2013,380,8458,0,0.057024676352739334
2013,380,8459,0,0.050745509564876556
2013,380,8460,0,0.05895139276981354
2013,380,8461,0,0.0363348089158535
2013,380,8462,0,0.03952674940228462
2013,380,8463,0,0.06650874018669128
2013,380,8464,0,0.076483815908432
2013,380,8465,0,0.043949875980615616
2013,380,8466,0,0.03308536857366562
2013,380,8467,0,0.02630319632589817
2013,380,8468,1,0.07384543120861053
2013,380,8469,0,0.2525331974029541
2013,380,8470,0,0.12772731482982635
2013,380,8471,0,0.03688833490014076
2013,380,8472,0,0.11271023750305176
2013,380,8473,0,0.09125519543886185
2013,380,8474,0,0.06795932352542877
2013,380,8475,0,0.13298465311527252
2013,380,8476,0,0.057115230709314346
2013,380,8477,0,0.05782220512628555
2013,380,8478,1,0.2963295876979828
2013,380,8479,0,0.02763710543513298
2013,380,8480,0,0.06217743083834648
2013,380,8481,0,0.020138124004006386
2013,380,8482,0,0.044810425490140915
2013,380,8483,0,0.028685592114925385
2013,380,8484,0,0.02028808183968067
2013,380,8485,0,0.036924101412296295
2013,826,8401,1,0.4945772588253021
2013,826,8402,0,0.06112949550151825
2013,826,8403,0,0.15704046189785004
2013,826,8404,1,0.23988720774650574
2013,826,8406,1,0.11039412021636963
2013,826,8407,0,0.061975669115781784
2013,826,8408,0,0.05047835782170296
2013,826,8409,0,0.02213624306023121
2013,826,8411,0,0.03708702698349953
2013,826,8412,0,0.038961321115493774
2013,826,8413,0,0.022211117669939995
2013,826,8414,0,0.020036689937114716
2013,826,8415,0,0.026391295716166496
2013,826,8416,0,0.06181243434548378
2013,826,8417,0,0.07045851647853851
2013,826,8418,0,0.020436881110072136
2013,826,8419,0,0.02299552783370018
2013,826,8420,1,0.16410031914710999
2013,826,8421,0,0.019444551318883896
2013,826,8422,0,0.018618987873196602
2013,826,8423,0,0.022302571684122086
2013,826,8424,0,0.01965206302702427
2013,826,8425,0,0.025321053341031075
2013,826,8426,0,0.030129436403512955
2013,826,8427,0,0.08283468335866928
2013,826,8428,0,0.026339009404182434
2013,826,8429,0,0.06815562397241592
2013,826,8431,0,0.025114206597208977
2013,826,8432,0,0.05143974721431732
2013,826,8433,0,0.038457270711660385
2013,826,8434,0,0.17148630321025848
2013,826,8436,0,0.22805973887443542
2013,826,8438,0,0.05178552493453026
2013,826,8439,1,0.11526795476675034
2013,826,8440,0,0.0959470197558403
2013,826,8441,0,0.03801935911178589
2013,826,8442,0,0.08231591433286667
2013,826,8443,0,0.08889568597078323
2013,826,8444,0,0.15792077779769897
2013,826,8445,0,0.13630886375904083
2013,826,8446,0,0.38544684648513794
2013,826,8447,0,0.09099788963794708
2013,826,8448,0,0.0573025606572628
2013,826,8450,0,0.1449747532606125
2013,826,8451,0,0.05196300521492958
2013,826,8453,0,0.11335781216621399
2013,826,8454,0,0.12553608417510986
2013,826,8455,1,0.19455695152282715
2013,826,8456,0,0.13962259888648987
2013,826,8457,0,0.22976909577846527
2013,826,8458,0,0.08303320407867432
2013,826,8459,0,0.053713101893663406
2013,826,8460,0,0.09422367811203003
2013,826,8461,0,0.07073070108890533
2013,826,8462,0,0.03429378941655159
2013,826,8463,0,0.09633767604827881
2013,826,8464,0,0.09077141433954239
2013,826,8465,0,0.06224824860692024
2013,826,8466,0,0.03207789361476898
2013,826,8467,0,0.046201158314943314
2013,826,8468,0,0.05700461193919182
2013,826,8469,0,0.11889668554067612
2013,826,8470,0,0.08218908309936523
2013,826,8471,0,0.03685928136110306
2013,826,8472,0,0.040396131575107574
2013,826,8473,0,0.08245845139026642
2013,826,8474,0,0.03430165350437164
2013,826,8475,0,0.07058568298816681
2013,826,8476,0,0.10535485297441483
2013,826,8477,0,0.03116527572274208
2013,826,8478,0,0.07427458465099335
2013,826,8479,0,0.02982628159224987
2013,826,8480,0,0.09631891548633575
2013,826,8481,0,0.018013538792729378
2013,826,8482,0,0.024795323610305786
2013,826,8483,0,0.02755619026720524
2013,826,8484,0,0.019687330350279808
2013,826,8485,0,0.02439842000603676
2013,251,8401,1,0.27000516653060913
2013,251,8402,1,0.25741323828697205
2013,251,8403,0,0.057997845113277435
2013,251,8406,0,0.07293006032705307
2013,251,8407,0,0.05501076951622963
2013,251,8408,0,0.07585184276103973
2013,251,8409,0,0.031504180282354355
2013,251,8411,0,0.060821350663900375
2013,251,8412,0,0.04777969792485237
2013,251,8413,0,0.0248594768345356
2013,251,8414,0,0.02260334976017475
2013,251,8415,0,0.028644230216741562
2013,251,8416,0,0.0505063496530056
2013,251,8417,0,0.1053990051150322
2013,251,8418,0,0.03034149296581745
2013,251,8419,0,0.020464621484279633
2013,251,8420,1,0.15080110728740692
2013,251,8421,0,0.02003408595919609
2013,251,8422,0,0.01973775029182434
2013,251,8424,0,0.028346719220280647
2013,251,8425,0,0.02539941854774952
2013,251,8427,0,0.05403802916407585
2013,251,8428,0,0.027384964749217033
2013,251,8429,0,0.06134502962231636
2013,251,8430,0,0.06231240928173065
2013,251,8431,0,0.027115656062960625
2013,251,8432,0,0.046334780752658844
2013,251,8433,0,0.040081992745399475
2013,251,8434,0,0.17338454723358154
2013,251,8435,0,0.10674397647380829
2013,251,8436,0,0.040254563093185425
2013,251,8438,0,0.026160478591918945
2013,251,8439,1,0.1379353106021881
2013,251,8440,1,0.09522642940282822
2013,251,8441,0,0.05245894938707352
2013,251,8442,0,0.30184078216552734
2013,251,8443,0,0.07449466735124588
2013,251,8444,0,0.3196847140789032
2013,251,8445,0,0.2455289363861084
2013,251,8446,0,0.19393858313560486
2013,251,8447,0,0.1279841810464859
2013,251,8448,0,0.09926542639732361
2013,251,8449,1,0.37163737416267395
2013,251,8450,0,0.06798622757196426
2013,251,8451,0,0.04032066836953163
2013,251,8452,0,0.07282599061727524
2013,251,8453,0,0.07884148508310318
2013,251,8454,1,0.16822968423366547
2013,251,8455,0,0.09002639353275299
2013,251,8456,0,0.11038702726364136
2013,251,8457,1,0.13523134589195251
2013,251,8458,0,0.1802155077457428
2013,251,8459,0,0.0596713088452816
2013,251,8460,0,0.07632429152727127
2013,251,8461,0,0.06197011470794678
2013,251,8462,0,0.04731104522943497
2013,251,8463,0,0.12047000974416733
2013,251,8464,0,0.071771539747715
2013,251,8466,0,0.04679376631975174
2013,251,8467,0,0.048426367342472076
2013,251,8468,1,0.09096798300743103
2013,251,8470,0,0.07438139617443085
2013,251,8471,0,0.0340450257062912
2013,251,8472,0,0.09165873378515244
2013,251,8473,0,0.08113206177949905
2013,251,8475,1,0.15642069280147552
2013,251,8476,0,0.2065182626247406
2013,251,8477,0,0.031330667436122894
2013,251,8479,0,0.03169659897685051
2013,251,8480,0,0.060591645538806915
2013,251,8481,0,0.02283283695578575
2013,251,8482,0,0.03020619787275791
2013,251,8483,0,0.026280442252755165
2013,251,8484,0,0.02699609100818634
2013,251,8485,0,0.030449746176600456
2013,490,8402,0,0.15056255459785461
2013,490,8403,1,0.5168411731719971
2013,490,8404,1,0.5102817416191101
2013,490,8405,0,0.6324296593666077
2013,490,8406,1,0.5942661166191101
2013,490,8407,0,0.11006609350442886
2013,490,8408,0,0.13053257763385773
2013,490,8409,0,0.03534870222210884
2013,490,8410,0,0.29808709025382996
2013,490,8411,0,0.08215974271297455
2013,490,8412,0,0.08383028954267502
2013,490,8413,0,0.02818499691784382
2013,490,8414,0,0.023416558280587196
2013,490,8415,0,0.028568530455231667
2013,490,8416,0,0.08247046172618866
2013,490,8417,0,0.11353231221437454
2013,490,8418,0,0.02040908858180046
2013,490,8419,0,0.04816493019461632
2013,490,8420,0,0.5394304394721985
2013,490,8421,0,0.02565685845911503
2013,490,8422,0,0.038470134139060974
2013,490,8423,0,0.03600222244858742
2013,490,8424,0,0.03077095001935959
2013,490,8425,0,0.04056653752923012
2013,490,8426,0,0.14945070445537567
2013,490,8427,0,0.08866793662309647
2013,490,8428,0,0.06937547028064728
2013,490,8429,0,0.0912504643201828
2013,490,8430,1,0.14871740341186523
2013,490,8431,0,0.039895832538604736
2013,490,8432,0,0.06116548180580139
2013,490,8433,0,0.0504346527159214
2013,490,8434,1,0.1984766274690628
2013,490,8435,0,0.3327968120574951
2013,490,8436,0,0.18897369503974915
2013,490,8438,0,0.0303520318120718
2013,490,8439,0,0.1437460333108902
2013,490,8440,0,0.07255318760871887
2013,490,8441,0,0.06752262264490128
2013,490,8442,0,0.10782451927661896
2013,490,8443,0,0.10751505196094513
2013,490,8444,0,0.25682833790779114
2013,490,8445,0,0.1810215711593628
2013,490,8446,1,0.25883564352989197
2013,490,8447,0,0.10722371935844421
2013,490,8448,0,0.06608246266841888
2013,490,8449,0,0.1848009079694748
2013,490,8450,0,0.07189634442329407
2013,490,8451,0,0.10942493379116058
2013,490,8452,0,0.04422386735677719
2013,490,8453,0,0.2676934003829956
2013,490,8454,0,0.22237637639045715
2013,490,8455,0,0.1107771098613739
2013,490,8456,0,0.22604793310165405
2013,490,8457,0,0.09117832779884338
2013,490,8458,0,0.07447903603315353
2013,490,8459,0,0.0916706919670105
2013,490,8460,0,0.0816478282213211
2013,490,8461,0,0.04165177792310715
2013,490,8462,0,0.11650267243385315
2013,490,8463,1,0.14179648458957672
2013,490,8464,0,0.2140699326992035
2013,490,8465,0,0.09258643537759781
2013,490,8466,0,0.07570942491292953
2013,490,8467,0,0.05407991260290146
2013,490,8468,0,0.06336760520935059
2013,490,8470,0,0.07262071222066879
2013,490,8471,0,0.030774027109146118
2013,490,8472,0,0.0823427215218544
2013,490,8473,0,0.14196354150772095
2013,490,8474,0,0.08635400235652924
2013,490,8475,1,0.232973113656044
2013,490,8476,0,0.09020157158374786
2013,490,8477,0,0.06529678404331207
2013,490,8478,1,0.7101812958717346
2013,490,8479,0,0.08555880934000015
2013,490,8480,0,0.0905708447098732
2013,490,8481,0,0.03397960960865021
2013,490,8482,0,0.02431856095790863
2013,490,8483,0,0.04090508818626404
2013,490,8484,0,0.027355698868632317
2013,490,8485,0,0.062365878373384476
2013,702,8401,1,0.35229745507240295
2013,702,8402,0,0.6477948427200317
2013,702,8403,0,0.5548014640808105
2013,702,8404,1,0.6775161623954773
2013,702,8406,0,0.22973975539207458
2013,702,8407,0,0.1512814462184906
2013,702,8408,1,0.23456066846847534
2013,702,8409,0,0.043105389922857285
2013,702,8411,0,0.046871695667505264
2013,702,8412,0,0.036685697734355927
2013,702,8413,0,0.030423766002058983
2013,702,8414,0,0.026346305385231972
2013,702,8416,1,0.498618483543396
2013,702,8417,0,0.1333305984735489
2013,702,8418,0,0.10796448588371277
2013,702,8419,0,0.03426023945212364
2013,702,8420,0,0.14341658353805542
2013,702,8421,0,0.03655022010207176
2013,702,8422,0,0.0662829652428627
2013,702,8423,0,0.05223158746957779
2013,702,8424,0,0.07626219093799591
2013,702,8425,0,0.09219150990247726
2013,702,8426,0,0.11958122998476028
2013,702,8428,0,0.07925304025411606
2013,702,8429,0,0.214056134223938
2013,702,8430,0,0.17280352115631104
2013,702,8431,0,0.0401853546500206
2013,702,8432,0,0.177699014544487
2013,702,8434,0,0.3267371952533722
2013,702,8436,0,0.09234274923801422
2013,702,8437,0,0.3159022927284241
2013,702,8438,0,0.17032179236412048
2013,702,8439,0,0.2318497598171234
2013,702,8440,0,0.18469849228858948
2013,702,8441,1,0.380304753780365
2013,702,8442,0,0.14152492582798004
2013,702,8443,1,0.10142025351524353
2013,702,8444,1,0.5020394325256348
2013,702,8445,0,0.39519184827804565
2013,702,8448,0,0.5567223429679871
2013,702,8449,0,0.46087348461151123
2013,702,8451,0,0.3527422845363617
2013,702,8452,0,0.36615321040153503
2013,702,8453,0,0.406710147857666
2013,702,8454,0,0.1591212898492813
2013,702,8455,0,0.14195501804351807
2013,702,8456,0,0.4804390072822571
2013,702,8457,0,0.20587801933288574
2013,702,8458,0,0.16464275121688843
2013,702,8459,0,0.6644638776779175
2013,702,8460,0,0.13848499953746796
2013,702,8461,0,0.12832067906856537
2013,702,8462,0,0.13204577565193176
2013,702,8463,0,0.15511126816272736
2013,702,8464,0,0.22142770886421204
2013,702,8465,1,0.153853639960289
2013,702,8466,0,0.11243720352649689
2013,702,8467,0,0.20583383738994598
2013,702,8468,1,0.3870394229888916
2013,702,8470,0,0.06464587152004242
2013,702,8471,0,0.01883810944855213
2013,702,8472,1,0.16067738831043243
2013,702,8473,0,0.14446868002414703
2013,702,8474,0,0.07548471540212631
2013,702,8475,1,0.5135984420776367
2013,702,8476,1,0.2553843855857849
2013,702,8477,0,0.0920461043715477
2013,702,8478,1,0.3649929463863373
2013,702,8479,0,0.10352864116430283
2013,702,8480,0,0.07396652549505234
2013,702,8481,0,0.028103165328502655
2013,702,8482,0,0.035633984953165054
2013,702,8483,0,0.07100909948348999
2013,702,8484,0,0.07463905960321426
2013,702,8485,0,0.040581393986940384
2013,528,8401,1,0.21537072956562042
2013,528,8402,0,0.1269063651561737
2013,528,8403,0,0.0664927288889885
2013,528,8404,0,0.0831027701497078
2013,528,8405,1,0.17877455055713654
2013,528,8406,0,0.10356133431196213
2013,528,8407,1,0.07527165114879608
2013,528,8408,0,0.05574408918619156
2013,528,8409,0,0.026546869426965714
2013,528,8410,0,0.16821332275867462
2013,528,8411,0,0.03219596669077873
2013,528,8412,0,0.031072817742824554
2013,528,8413,0,0.023219436407089233
2013,528,8414,0,0.03512740507721901
2013,528,8415,0,0.03681822121143341
2013,528,8416,0,0.07579851895570755
2013,528,8417,0,0.07184918224811554
2013,528,8418,0,0.034456752240657806
2013,528,8419,0,0.03007337637245655
2013,528,8420,0,0.2601012885570526
2013,528,8421,0,0.016130903735756874
2013,528,8422,0,0.02864820510149002
2013,528,8423,0,0.06765983998775482
2013,528,8424,0,0.02742191031575203
2013,528,8425,0,0.03237731009721756
2013,528,8426,0,0.03766191378235817
2013,528,8427,0,0.054419394582509995
2013,528,8428,0,0.04325955733656883
2013,528,8429,0,0.08676490932703018
2013,528,8430,0,0.04408521577715874
2013,528,8431,0,0.027830801904201508
2013,528,8432,0,0.03569371998310089
2013,528,8433,0,0.03498100861907005
2013,528,8434,0,0.10301979631185532
2013,528,8435,1,0.6931667923927307
2013,528,8436,0,0.03464137017726898
2013,528,8437,0,0.11957380175590515
2013,528,8438,0,0.027480322867631912
2013,528,8439,0,0.17101970314979553
2013,528,8440,0,0.09418241679668427
2013,528,8441,0,0.03924768045544624
2013,528,8442,0,0.24204304814338684
2013,528,8443,0,0.06673899292945862
2013,528,8444,1,0.7235100269317627
2013,528,8445,0,0.49023643136024475
2013,528,8446,1,0.41852864623069763
2013,528,8448,0,0.10664760321378708
2013,528,8449,1,0.594738781452179
2013,528,8450,0,0.16877658665180206
2013,528,8451,0,0.06993208825588226
2013,528,8452,0,0.16223303973674774
2013,528,8453,1,0.13743965327739716
2013,528,8454,0,0.2967756390571594
2013,528,8455,0,0.10678619891405106
2013,528,8456,0,0.25055360794067383
2013,528,8457,0,0.1975903958082199
2013,528,8458,0,0.3533906042575836
2013,528,8459,0,0.06152110919356346
2013,528,8460,0,0.06962797045707703
2013,528,8461,1,0.06857486814260483
2013,528,8462,0,0.04660884290933609
2013,528,8463,0,0.13489040732383728
2013,528,8464,0,0.12078674882650375
2013,528,8465,0,0.08868955820798874
2013,528,8466,0,0.07879763841629028
2013,528,8467,0,0.04876177757978439
2013,528,8468,0,0.1074666753411293
2013,528,8470,0,0.1197655200958252
2013,528,8471,0,0.05824417248368263
2013,528,8472,0,0.17549832165241241
2013,528,8473,0,0.10845933854579926
2013,528,8474,0,0.03387805074453354
2013,528,8475,0,0.3469506800174713
2013,528,8476,0,0.11630424112081528
2013,528,8477,0,0.04267381504178047
2013,528,8478,0,0.14657829701900482
2013,528,8479,0,0.06546636670827866
2013,528,8480,0,0.12871170043945312
2013,528,8481,0,0.01967598684132099
2013,528,8482,0,0.047721147537231445
2013,528,8483,0,0.02569469064474106
2013,528,8484,0,0.15618108212947845
2013,528,8485,0,0.03386923298239708
2013,410,8401,0,0.32656994462013245
2013,410,8402,0,0.1859709769487381
2013,410,8403,0,0.23954392969608307
2013,410,8404,1,0.319485068321228
2013,410,8405,0,0.2331734001636505
2013,410,8406,1,0.33139246702194214
2013,410,8407,0,0.1830969601869583
2013,410,8408,0,0.09444629400968552
2013,410,8409,0,0.03534616157412529
2013,410,8410,1,0.3538431227207184
2013,410,8411,0,0.10328324139118195
2013,410,8412,0,0.0772065594792366
2013,410,8413,0,0.030207978561520576
2013,410,8414,0,0.038330867886543274
2013,410,8415,0,0.09345884621143341
2013,410,8416,0,0.348400354385376
2013,410,8417,1,0.3325637876987457
2013,410,8418,0,0.12178141623735428
2013,410,8419,0,0.08922871947288513
2013,410,8420,1,0.2521612048149109
2013,410,8421,0,0.02400711365044117
2013,410,8422,0,0.19995468854904175
2013,410,8423,1,0.05917864665389061
2013,410,8424,0,0.13163504004478455
2013,410,8425,0,0.08587469905614853
2013,410,8426,1,0.16466432809829712
2013,410,8427,0,0.06339672952890396
2013,410,8428,0,0.07059500366449356
2013,410,8429,0,0.0457201823592186
2013,410,8431,0,0.027735142037272453
2013,410,8432,1,0.19820307195186615
2013,410,8433,1,0.1264084130525589
2013,410,8434,0,0.17034055292606354
2013,410,8435,1,0.1733386516571045
2013,410,8436,0,0.09435918182134628
2013,410,8437,0,0.1813497543334961
2013,410,8438,1,0.11509492248296738
2013,410,8439,0,0.10494660586118698
2013,410,8440,1,0.09253787249326706
2013,410,8441,0,0.09335676580667496
2013,410,8442,0,0.19259113073349
2013,410,8443,0,0.09475964307785034
2013,410,8444,1,0.46435868740081787
2013,410,8445,0,0.25767281651496887
2013,410,8446,0,0.2907739579677582
2013,410,8447,0,0.11997953057289124
2013,410,8448,0,0.08310573548078537
2013,410,8449,1,0.31355762481689453
2013,410,8450,0,0.14579656720161438
2013,410,8451,0,0.05864694342017174
2013,410,8452,0,0.1314673125743866
2013,410,8453,0,0.24347995221614838
2013,410,8454,0,0.13889363408088684
2013,410,8455,1,0.14686143398284912
2013,410,8456,0,0.33326995372772217
2013,410,8457,0,0.1408786177635193
2013,410,8458,0,0.1071603000164032
2013,410,8459,0,0.061100516468286514
2013,410,8460,0,0.14960117638111115
2013,410,8461,0,0.13353051245212555
2013,410,8462,0,0.1475808471441269
2013,410,8463,0,0.09296482056379318
2013,410,8464,0,0.2320166975259781
2013,410,8465,0,0.14685951173305511
2013,410,8466,0,0.07949618250131607
2013,410,8467,0,0.06910643726587296
2013,410,8468,1,0.21327583491802216
2013,410,8469,1,0.7153087854385376
2013,410,8470,1,0.35214588046073914
2013,410,8471,0,0.03587375953793526
2013,410,8472,0,0.11232699453830719
2013,410,8473,0,0.22166404128074646
2013,410,8474,0,0.05218515172600746
2013,410,8475,0,0.3980006277561188
2013,410,8476,0,0.11819212883710861
2013,410,8477,0,0.09627429395914078
2013,410,8478,0,0.3226602077484131
2013,410,8479,0,0.06739215552806854
2013,410,8480,0,0.0687357485294342
2013,410,8481,0,0.030226130038499832
2013,410,8482,0,0.03530958667397499
2013,410,8483,0,0.03862458094954491
2013,410,8484,0,0.047597263008356094
2013,410,8485,0,0.04163956269621849
2013,458,8402,0,0.34398922324180603
2013,458,8404,0,0.14662599563598633
2013,458,8405,1,0.7910969853401184
2013,458,8406,0,0.29451388120651245
2013,458,8407,0,0.17813146114349365
2013,458,8409,1,0.16702640056610107
2013,458,8410,1,0.48836928606033325
2013,458,8411,1,0.2123391181230545
2013,458,8412,0,0.12913227081298828
2013,458,8413,0,0.05498983711004257
2013,458,8414,0,0.0656951442360878
2013,458,8415,0,0.032734859734773636
2013,458,8416,0,0.12218976765871048
2013,458,8417,1,0.19414988160133362
2013,458,8418,0,0.04103826731443405
2013,458,8420,0,0.1316262036561966
2013,458,8421,0,0.027440374717116356
2013,458,8422,0,0.09206247329711914
2013,458,8423,1,0.09725607186555862
2013,458,8424,0,0.06865150481462479
2013,458,8425,0,0.434791624546051
2013,458,8426,0,0.2604921758174896
2013,458,8428,0,0.06326419860124588
2013,458,8431,0,0.06174621731042862
2013,458,8433,0,0.593237578868866
2013,458,8435,0,0.6524870991706848
2013,458,8436,0,0.13934431970119476
2013,458,8438,0,0.07694056630134583
2013,458,8439,0,0.1802137941122055
2013,458,8441,0,0.13636650145053864
2013,458,8442,1,0.1069229319691658
2013,458,8443,0,0.12787844240665436
2013,458,8444,1,0.5398825407028198
2013,458,8445,0,0.3937973380088806
2013,458,8446,1,0.5676058530807495
2013,458,8448,0,0.3780618906021118
2013,458,8449,1,0.7193445563316345
2013,458,8451,0,0.0860009640455246
2013,458,8452,0,0.16766951978206635
2013,458,8453,0,0.19202770292758942
2013,458,8454,1,0.5445958375930786
2013,458,8456,1,0.46331796050071716
2013,458,8457,0,0.4795672595500946
2013,458,8459,0,0.21243587136268616
2013,458,8461,0,0.1590539962053299
2013,458,8462,0,0.09768900275230408
2013,458,8463,1,0.6366806626319885
2013,458,8464,1,0.5578315258026123
2013,458,8465,0,0.16854679584503174
2013,458,8466,0,0.13530762493610382
2013,458,8467,0,0.057663675397634506
2013,458,8468,1,0.4011456072330475
2013,458,8469,0,0.30432605743408203
2013,458,8470,0,0.06530158221721649
2013,458,8471,0,0.023252762854099274
2013,458,8472,0,0.23256032168865204
2013,458,8473,0,0.15341967344284058
2013,458,8474,0,0.07710051536560059
2013,458,8475,0,0.34909746050834656
2013,458,8477,0,0.07349413633346558
2013,458,8478,0,0.439100056886673
2013,458,8479,0,0.06023155897855759
2013,458,8480,0,0.1761351376771927
2013,458,8481,0,0.036555297672748566
2013,458,8482,0,0.03758413717150688
2013,458,8483,1,0.07086734473705292
2013,458,8484,0,0.06438238173723221
2013,458,8485,1,0.23069852590560913
2013,124,8401,0,0.14835289120674133
2013,124,8402,1,0.35767459869384766
2013,124,8403,0,0.22332271933555603
2013,124,8404,0,0.2222677320241928
2013,124,8405,0,0.4257185161113739
2013,124,8406,1,0.15566204488277435
2013,124,8407,0,0.12878599762916565
2013,124,8408,0,0.20049668848514557
2013,124,8409,0,0.0618491992354393
2013,124,8410,0,0.19421584904193878
2013,124,8411,0,0.047764718532562256
2013,124,8412,0,0.07314092665910721
2013,124,8413,0,0.0424988754093647
2013,124,8414,0,0.04061724245548248
2013,124,8415,0,0.07551199197769165
2013,124,8416,0,0.14985418319702148
2013,124,8417,0,0.16710206866264343
2013,124,8418,0,0.07110719382762909
2013,124,8419,0,0.05183756723999977
2013,124,8420,1,0.16378742456436157
2013,124,8421,0,0.03193620964884758
2013,124,8422,0,0.06493230909109116
2013,124,8423,0,0.09678317606449127
2013,124,8424,0,0.06246371567249298
2013,124,8425,0,0.06424027681350708
2013,124,8426,0,0.20605650544166565
2013,124,8427,0,0.29537224769592285
2013,124,8428,0,0.06576817482709885
2013,124,8430,1,0.05194058269262314
2013,124,8431,0,0.05095807835459709
2013,124,8432,0,0.10064847767353058
2013,124,8433,0,0.08322653919458389
2013,124,8434,0,0.1786452829837799
2013,124,8435,0,0.46660926938056946
2013,124,8436,0,0.12784811854362488
2013,124,8437,0,0.14931122958660126
2013,124,8438,0,0.10173723101615906
2013,124,8439,0,0.2106855809688568
2013,124,8440,0,0.31964483857154846
2013,124,8441,0,0.14741076529026031
2013,124,8442,0,0.21432062983512878
2013,124,8443,0,0.12590527534484863
2013,124,8445,0,0.16265816986560822
2013,124,8446,0,0.2486875206232071
2013,124,8447,0,0.21556825935840607
2013,124,8448,1,0.5495462417602539
2013,124,8450,0,0.10870669782161713
2013,124,8451,1,0.07984070479869843
2013,124,8452,0,0.2528020143508911
2013,124,8453,0,0.1476220190525055
2013,124,8454,0,0.1854100525379181
2013,124,8455,0,0.17612424492835999
2013,124,8456,0,0.20022810995578766
2013,124,8457,0,0.15046636760234833
2013,124,8458,1,0.331432044506073
2013,124,8459,0,0.09697858989238739
2013,124,8460,0,0.19496363401412964
2013,124,8461,0,0.1918477863073349
2013,124,8462,0,0.14559625089168549
2013,124,8463,1,0.1915670931339264
2013,124,8464,0,0.4659137725830078
2013,124,8465,0,0.17124183475971222
2013,124,8466,0,0.10170140862464905
2013,124,8467,0,0.0455307699739933
2013,124,8468,0,0.1525517702102661
2013,124,8470,0,0.12841278314590454
2013,124,8471,0,0.03364616632461548
2013,124,8472,1,0.16873587667942047
2013,124,8473,0,0.2536178529262543
2013,124,8474,0,0.10668837279081345
2013,124,8475,1,0.17229638993740082
2013,124,8476,1,0.21656860411167145
2013,124,8477,0,0.057085566222667694
2013,124,8478,1,0.6915841102600098
2013,124,8479,0,0.07137873023748398
2013,124,8480,0,0.14025403559207916
2013,124,8481,0,0.034666042774915695
2013,124,8482,0,0.05912826955318451
2013,124,8483,0,0.05306262895464897
2013,124,8484,1,0.2095678746700287
2013,124,8485,0,0.10068748891353607
2013,484,8402,1,0.41136401891708374
2013,484,8403,1,0.47174757719039917
2013,484,8404,0,0.4355938136577606
2013,484,8405,1,0.31017935276031494
2013,484,8406,1,0.32994669675827026
2013,484,8407,0,0.22752203047275543
2013,484,8408,0,0.2824884057044983
2013,484,8409,0,0.08241023123264313
2013,484,8410,1,0.28563156723976135
2013,484,8411,0,0.10773753374814987
2013,484,8412,0,0.17659315466880798
2013,484,8413,0,0.06484899669885635
2013,484,8414,0,0.08199387043714523
2013,484,8415,0,0.12991538643836975
2013,484,8416,0,0.15169332921504974
2013,484,8417,0,0.2406323105096817
2013,484,8418,0,0.05366289243102074
2013,484,8419,0,0.08631892502307892
2013,484,8420,1,0.5563369989395142
2013,484,8421,0,0.061496835201978683
2013,484,8422,1,0.11930887401103973
2013,484,8423,0,0.19179315865039825
2013,484,8424,0,0.07946126163005829
2013,484,8425,0,0.09298478811979294
2013,484,8426,1,0.16678404808044434
2013,484,8427,0,0.6199392676353455
2013,484,8428,0,0.22539430856704712
2013,484,8429,1,0.42795032262802124
2013,484,8430,0,0.18523147702217102
2013,484,8431,0,0.10494258999824524
2013,484,8432,1,0.21750284731388092
2013,484,8433,0,0.13698717951774597
2013,484,8434,1,0.7512820363044739
2013,484,8436,0,0.42097553610801697
2013,484,8437,1,0.7354182004928589
2013,484,8438,1,0.5578879117965698
2013,484,8439,0,0.31256103515625
2013,484,8441,1,0.191501185297966
2013,484,8442,1,0.1605008989572525
2013,484,8443,0,0.13775497674942017
2013,484,8445,1,0.23019100725650787
2013,484,8446,1,0.4289751946926117
2013,484,8448,1,0.33753910660743713
2013,484,8449,1,0.5550052523612976
2013,484,8450,0,0.30901196599006653
2013,484,8451,0,0.1396389752626419
2013,484,8454,1,0.2719220221042633
2013,484,8455,1,0.22816576063632965
2013,484,8456,0,0.4324256181716919
2013,484,8457,1,0.18918131291866302
2013,484,8458,0,0.21067284047603607
2013,484,8459,1,0.5857709050178528
2013,484,8460,1,0.13430927693843842
2013,484,8461,0,0.434181809425354
2013,484,8462,0,0.1525610238313675
2013,484,8463,1,0.30901026725769043
2013,484,8464,0,0.1579604595899582
2013,484,8465,1,0.17461955547332764
2013,484,8466,0,0.1214982122182846
2013,484,8467,1,0.17088362574577332
2013,484,8468,0,0.1697215586900711
2013,484,8470,1,0.3043871223926544
2013,484,8471,0,0.07677029818296432
2013,484,8472,0,0.16517463326454163
2013,484,8473,1,0.2667168080806732
2013,484,8474,1,0.26350894570350647
2013,484,8475,1,0.1670093685388565
2013,484,8476,1,0.16293145716190338
2013,484,8477,0,0.1349462866783142
2013,484,8479,0,0.13062795996665955
2013,484,8480,0,0.24475233256816864
2013,484,8481,0,0.05484028533101082
2013,484,8482,0,0.06694062054157257
2013,484,8483,0,0.06080159172415733
2013,484,8484,0,0.09972357004880905
2013,484,8485,0,0.13498683273792267
2013,757,8402,0,0.5146779417991638
2013,757,8403,0,0.11336236447095871
2013,757,8404,1,0.6569339036941528
2013,757,8405,1,0.273399293422699
2013,757,8406,0,0.1516370177268982
2013,757,8407,0,0.15980620682239532
2013,757,8408,0,0.16253823041915894
2013,757,8409,0,0.038542818278074265
2013,757,8410,0,0.10155041515827179
2013,757,8411,0,0.05320476368069649
2013,757,8412,0,0.05197080224752426
2013,757,8413,0,0.03181423991918564
2013,757,8414,0,0.026712339371442795
2013,757,8415,0,0.06497354060411453
2013,757,8416,0,0.11651496589183807
2013,757,8417,1,0.3734740912914276
2013,757,8418,0,0.06715956330299377
2013,757,8419,0,0.03823506459593773
2013,757,8420,0,0.20073561370372772
2013,757,8421,0,0.03089918941259384
2013,757,8422,0,0.03225957229733467
2013,757,8423,0,0.04423752427101135
2013,757,8424,0,0.04331473261117935
2013,757,8425,0,0.05792852118611336
2013,757,8427,0,0.1438456028699875
2013,757,8428,0,0.04193622246384621
2013,757,8429,0,0.0812007337808609
2013,757,8430,0,0.13765349984169006
2013,757,8431,0,0.04195059463381767
2013,757,8432,0,0.09043333679437637
2013,757,8433,0,0.11367197334766388
2013,757,8434,0,0.17405959963798523
2013,757,8435,0,0.312533974647522
2013,757,8436,0,0.13797564804553986
2013,757,8438,0,0.034690119326114655
2013,757,8439,1,0.6256898641586304
2013,757,8440,1,0.07613413780927658
2013,757,8441,0,0.08172231167554855
2013,757,8442,0,0.12205332517623901
2013,757,8443,0,0.1172209158539772
2013,757,8444,1,0.450033962726593
2013,757,8445,0,0.4053094983100891
2013,757,8446,0,0.29604488611221313
2013,757,8447,0,0.3764141798019409
2013,757,8448,0,0.07967623323202133
2013,757,8449,1,0.2585248649120331
2013,757,8450,0,0.107796311378479
2013,757,8451,0,0.12379919737577438
2013,757,8452,0,0.14983810484409332
2013,757,8453,0,0.11564933508634567
2013,757,8454,0,0.10857276618480682
2013,757,8455,1,0.5840762257575989
2013,757,8456,0,0.12120690941810608
2013,757,8457,0,0.12758268415927887
2013,757,8458,0,0.08844549208879471
2013,757,8459,0,0.10941056907176971
2013,757,8460,0,0.0987163856625557
2013,757,8461,0,0.09402620792388916
2013,757,8462,0,0.09412877261638641
2013,757,8463,0,0.13452793657779694
2013,757,8464,0,0.09111587703227997
2013,757,8465,1,0.13461773097515106
2013,757,8466,0,0.07360555231571198
2013,757,8467,0,0.04450443387031555
2013,757,8468,0,0.0650816336274147
2013,757,8470,0,0.08627914637327194
2013,757,8471,0,0.03778853639960289
2013,757,8472,0,0.10473084449768066
2013,757,8473,0,0.13519155979156494
2013,757,8474,0,0.04909386858344078
2013,757,8475,0,0.25870513916015625
2013,757,8476,1,0.2660679221153259
2013,757,8477,0,0.04043645039200783
2013,757,8478,0,0.2927725315093994
2013,757,8479,0,0.05551431328058243
2013,757,8480,0,0.10338537395000458
2013,757,8481,0,0.04237602651119232
2013,757,8482,0,0.04768635705113411
2013,757,8483,0,0.042284466326236725
2013,757,8484,0,0.04072233662009239
2013,757,8485,0,0.08622343093156815
2013,764,8402,0,0.30780908465385437
2013,764,8403,0,0.17000873386859894
2013,764,8404,0,0.24353347718715668
2013,764,8405,0,0.24654027819633484
2013,764,8406,1,0.6239369511604309
2013,764,8407,0,0.14844642579555511
2013,764,8408,0,0.19356344640254974
2013,764,8409,0,0.0889989584684372
2013,764,8411,0,0.0722338929772377
2013,764,8412,0,0.21691253781318665
2013,764,8413,0,0.03224436193704605
2013,764,8414,0,0.023801423609256744
2013,764,8415,0,0.02377781644463539
2013,764,8416,0,0.3888225555419922
2013,764,8417,1,0.15282082557678223
2013,764,8418,0,0.027713589370250702
2013,764,8419,0,0.028569098562002182
2013,764,8420,0,0.20770099759101868
2013,764,8421,0,0.02462754398584366
2013,764,8422,0,0.03913041204214096
2013,764,8424,0,0.048843421041965485
2013,764,8425,0,0.1011091023683548
2013,764,8428,0,0.10096963495016098
2013,764,8431,0,0.059473030269145966
2013,764,8434,1,0.6039999127388
2013,764,8436,0,0.16957636177539825
2013,764,8439,0,0.15468192100524902
2013,764,8441,0,0.25408732891082764
2013,764,8442,0,0.33430805802345276
2013,764,8443,0,0.11837410181760788
2013,764,8447,0,0.13428986072540283
2013,764,8448,0,0.22096143662929535
2013,764,8450,0,0.05203501507639885
2013,764,8451,0,0.049395203590393066
2013,764,8452,0,0.09204903990030289
2013,764,8453,1,0.23606674373149872
2013,764,8454,0,0.6128340363502502
2013,764,8455,0,0.3122522532939911
2013,764,8456,0,0.2489529252052307
2013,764,8457,1,0.19391962885856628
2013,764,8458,0,0.2528749704360962
2013,764,8460,0,0.1713777333498001
2013,764,8461,1,0.17750290036201477
2013,764,8462,0,0.19547809660434723
2013,764,8466,0,0.09735403954982758
2013,764,8467,0,0.13477852940559387
2013,764,8468,0,0.12741336226463318
2013,764,8471,0,0.035086095333099365
2013,764,8472,0,0.26287147402763367
2013,764,8473,1,0.17560046911239624
2013,764,8475,0,0.13340391218662262
2013,764,8476,0,0.22316499054431915
2013,764,8477,0,0.09519539773464203
2013,764,8479,0,0.051932018250226974
2013,764,8480,0,0.06961671262979507
2013,764,8481,0,0.026819324120879173
2013,764,8482,0,0.03466217219829559
2013,764,8483,0,0.03867089003324509
2013,764,8484,0,0.04726116359233856
2013,764,8485,0,0.06797808408737183
2013,752,8401,1,0.46086668968200684
2013,752,8402,1,0.15415315330028534
2013,752,8403,0,0.10599186271429062
2013,752,8404,0,0.08768346160650253
2013,752,8405,0,0.2745131254196167
2013,752,8406,1,0.3032016456127167
2013,752,8407,0,0.16257521510124207
2013,752,8408,0,0.13548624515533447
2013,752,8409,0,0.03808780014514923
2013,752,8410,1,0.5587815642356873
2013,752,8412,0,0.034105341881513596
2013,752,8413,0,0.0248283501714468
2013,752,8414,0,0.02577165514230728
2013,752,8415,0,0.044105395674705505
2013,752,8416,0,0.0812477171421051
2013,752,8417,0,0.12242309749126434
2013,752,8418,0,0.049755342304706573
2013,752,8419,0,0.02862759679555893
2013,752,8420,0,0.29372847080230713
2013,752,8421,0,0.020093267783522606
2013,752,8422,0,0.024992970749735832
2013,752,8423,0,0.09224139899015427
2013,752,8424,0,0.030217429623007774
2013,752,8425,0,0.06786545366048813
2013,752,8426,1,0.10620470345020294
2013,752,8427,0,0.04973935708403587
2013,752,8428,0,0.03991824761033058
2013,752,8429,0,0.08395897597074509
2013,752,8430,1,0.04287303239107132
2013,752,8431,0,0.021898852661252022
2013,752,8432,0,0.09557650238275528
2013,752,8433,1,0.04724721238017082
2013,752,8434,0,0.06545691192150116
2013,752,8435,1,0.2686113715171814
2013,752,8436,0,0.08628042042255402
2013,752,8437,1,0.3747473359107971
2013,752,8438,0,0.04106834903359413
2013,752,8439,0,0.2804059088230133
2013,752,8440,0,0.29008883237838745
2013,752,8441,0,0.09205728769302368
2013,752,8442,0,0.254721075296402
2013,752,8443,0,0.14620766043663025
2013,752,8445,1,0.29996585845947266
2013,752,8446,0,0.23627698421478271
2013,752,8447,1,0.41906124353408813
2013,752,8448,0,0.21639500558376312
2013,752,8449,1,0.48732805252075195
2013,752,8450,0,0.07820650935173035
2013,752,8451,0,0.08148027956485748
2013,752,8452,0,0.08039378374814987
2013,752,8454,0,0.23873697221279144
2013,752,8455,0,0.11619773507118225
2013,752,8456,0,0.21635353565216064
2013,752,8457,0,0.187309131026268
2013,752,8458,0,0.10220301896333694
2013,752,8459,0,0.19001634418964386
2013,752,8460,0,0.09099099040031433
2013,752,8461,1,0.19000162184238434
2013,752,8462,0,0.12458445131778717
2013,752,8463,1,0.36483198404312134
2013,752,8464,0,0.13454823195934296
2013,752,8465,1,0.14132286608219147
2013,752,8466,0,0.08307770639657974
2013,752,8467,0,0.05085118114948273
2013,752,8468,0,0.1595342606306076
2013,752,8469,0,0.4314841628074646
2013,752,8470,0,0.108304463326931
2013,752,8471,0,0.08140332996845245
2013,752,8472,0,0.04699995368719101
2013,752,8473,0,0.1335967630147934
2013,752,8474,1,0.028916288167238235
2013,752,8475,0,0.08757631480693817
2013,752,8476,0,0.18741440773010254
2013,752,8477,0,0.08476056158542633
2013,752,8478,0,0.2899411916732788
2013,752,8479,0,0.05799741670489311
2013,752,8480,0,0.15879331529140472
2013,752,8481,0,0.02536296471953392
2013,752,8482,0,0.029219206422567368
2013,752,8483,0,0.030684692785143852
2013,752,8484,0,0.02980661951005459
2013,752,8485,0,0.034654855728149414
2013,372,8403,0,0.24621297419071198
2013,372,8406,0,0.3897959887981415
2013,372,8407,1,0.2696516811847687
2013,372,8409,1,0.1491701453924179
2013,372,8411,1,0.08058039844036102
2013,372,8412,0,0.18709729611873627
2013,372,8413,0,0.036452651023864746
2013,372,8414,0,0.0471971370279789
2013,372,8415,0,0.1644073873758316
2013,372,8416,1,0.3610667288303375
2013,372,8417,1,0.2355726957321167
2013,372,8418,0,0.0719972550868988
2013,372,8419,0,0.08529168367385864
2013,372,8421,0,0.04010631889104843
2013,372,8422,0,0.1016160175204277
2013,372,8423,0,0.167060986161232
2013,372,8424,0,0.11874730885028839
2013,372,8425,0,0.17310680449008942
2013,372,8426,0,0.17904524505138397
2013,372,8427,0,0.1125868558883667
2013,372,8428,0,0.12175717949867249
2013,372,8429,0,0.10205164551734924
2013,372,8430,0,0.09994737803936005
2013,372,8432,0,0.16729561984539032
2013,372,8433,0,0.11805811524391174
2013,372,8434,0,0.29689884185791016
2013,372,8436,0,0.1711478978395462
2013,372,8437,0,0.504591166973114
2013,372,8438,0,0.14932477474212646
2013,372,8439,0,0.17761559784412384
2013,372,8440,1,0.5870851874351501
2013,372,8441,1,0.12727640569210052
2013,372,8443,1,0.14588263630867004
2013,372,8448,1,0.19230343401432037
2013,372,8450,0,0.6807548999786377
2013,372,8451,0,0.28032273054122925
2013,372,8456,0,0.18358443677425385
2013,372,8458,1,0.6155120134353638
2013,372,8459,1,0.4554581344127655
2013,372,8460,0,0.2418385148048401
2013,372,8462,1,0.54210364818573
2013,372,8463,0,0.544525146484375
2013,372,8465,1,0.47821182012557983
2013,372,8466,0,0.09965503960847855
2013,372,8467,0,0.36535921692848206
2013,372,8468,0,0.18850263953208923
2013,372,8470,1,0.4629424512386322
2013,372,8471,0,0.03908920660614967
2013,372,8473,0,0.14163261651992798
2013,372,8475,0,0.7924413084983826
2013,372,8476,1,0.2533564567565918
2013,372,8477,0,0.22226595878601074
2013,372,8479,0,0.11214984953403473
2013,372,8480,0,0.16166765987873077
2013,372,8481,0,0.046843789517879486
2013,372,8485,0,0.09701726585626602
2013,40,8401,0,0.29429107904434204
2013,40,8402,0,0.10468875616788864
2013,40,8403,0,0.1855044960975647
2013,40,8404,0,0.49994540214538574
2013,40,8405,1,0.25937363505363464
2013,40,8406,1,0.1425672471523285
2013,40,8407,0,0.09974200278520584
2013,40,8408,0,0.2620205581188202
2013,40,8409,0,0.09365557879209518
2013,40,8410,0,0.17749634385108948
2013,40,8411,0,0.11239255219697952
2013,40,8412,0,0.04518422111868858
2013,40,8413,0,0.029793377965688705
2013,40,8414,0,0.038301803171634674
2013,40,8415,0,0.06115013733506203
2013,40,8416,0,0.08215869963169098
2013,40,8417,1,0.28446540236473083
2013,40,8418,0,0.04479961097240448
2013,40,8419,0,0.04927526041865349
2013,40,8420,0,0.19442202150821686
2013,40,8421,0,0.025958441197872162
2013,40,8422,0,0.047566480934619904
2013,40,8423,0,0.05183086544275284
2013,40,8424,0,0.040196675807237625
2013,40,8425,0,0.05177506059408188
2013,40,8426,0,0.05018908157944679
2013,40,8427,0,0.16924025118350983
2013,40,8428,0,0.08765693753957748
2013,40,8429,0,0.09861194342374802
2013,40,8430,1,0.0877833366394043
2013,40,8431,0,0.04631525278091431
2013,40,8432,0,0.11169155687093735
2013,40,8433,0,0.06241535767912865
2013,40,8434,1,0.554664671421051
2013,40,8435,0,0.15183143317699432
2013,40,8436,0,0.10541986674070358
2013,40,8437,0,0.10517869144678116
2013,40,8438,0,0.07439559698104858
2013,40,8439,0,0.36650413274765015
2013,40,8440,0,0.15431328117847443
2013,40,8441,0,0.08247718214988708
2013,40,8442,0,0.08305194228887558
2013,40,8443,0,0.1446802020072937
2013,40,8444,0,0.29529091715812683
2013,40,8445,0,0.31960803270339966
2013,40,8446,1,0.2546584904193878
2013,40,8447,0,0.28662747144699097
2013,40,8448,0,0.0879184901714325
2013,40,8449,0,0.34633684158325195
2013,40,8450,0,0.16171862185001373
2013,40,8451,0,0.08035625517368317
2013,40,8452,0,0.08741126209497452
2013,40,8454,0,0.09140710532665253
2013,40,8455,0,0.09226195514202118
2013,40,8456,0,0.16683897376060486
2013,40,8457,1,0.19716483354568481
2013,40,8458,0,0.08635708689689636
2013,40,8459,1,0.10457281768321991
2013,40,8460,1,0.40890541672706604
2013,40,8461,0,0.1232605054974556
2013,40,8462,0,0.06925035268068314
2013,40,8463,1,0.31846359372138977
2013,40,8464,0,0.20849697291851044
2013,40,8465,0,0.06471150368452072
2013,40,8466,0,0.07492011040449142
2013,40,8467,0,0.04598059505224228
2013,40,8468,0,0.11695337295532227
2013,40,8470,0,0.10370492190122604
2013,40,8471,0,0.06751573085784912
2013,40,8472,0,0.19775629043579102
2013,40,8473,0,0.13601471483707428
2013,40,8474,0,0.04392172396183014
2013,40,8475,0,0.10492034256458282
2013,40,8476,0,0.1729152798652649
2013,40,8477,0,0.04632892459630966
2013,40,8478,0,0.28876176476478577
2013,40,8479,0,0.04462360218167305
2013,40,8480,0,0.09338346868753433
2013,40,8481,0,0.025933129712939262
2013,40,8482,0,0.06736671924591064
2013,40,8483,0,0.03926801308989525
2013,40,8484,0,0.04310949146747589
2013,40,8485,0,0.14175064861774445
2013,724,8401,1,0.2343515008687973
2013,724,8402,0,0.13462956249713898
2013,724,8403,0,0.1493334174156189
2013,724,8404,0,0.23652775585651398
2013,724,8406,0,0.3706620931625366
2013,724,8407,0,0.11634927988052368
2013,724,8408,0,0.092583067715168
2013,724,8409,0,0.03296147659420967
2013,724,8410,0,0.17286011576652527
2013,724,8411,0,0.03953978419303894
2013,724,8412,0,0.05980947986245155
2013,724,8413,0,0.023927193135023117
2013,724,8414,0,0.022047368809580803
2013,724,8415,0,0.05168379470705986
2013,724,8416,0,0.10210208594799042
2013,724,8417,0,0.16546019911766052
2013,724,8418,0,0.033353570848703384
2013,724,8419,0,0.06439834088087082
2013,724,8420,0,0.1802673488855362
2013,724,8421,0,0.017466166988015175
2013,724,8422,0,0.07581226527690887
2013,724,8423,0,0.04147576913237572
2013,724,8424,0,0.035800300538539886
2013,724,8425,0,0.029560834169387817
2013,724,8426,0,0.04339103773236275
2013,724,8427,0,0.05815047398209572
2013,724,8428,0,0.0326044037938118
2013,724,8430,0,0.15393690764904022
2013,724,8431,0,0.03644629567861557
2013,724,8432,0,0.04971541836857796
2013,724,8433,0,0.048834215849637985
2013,724,8434,0,0.22290000319480896
2013,724,8435,0,0.11415018141269684
2013,724,8436,0,0.07224849611520767
2013,724,8437,0,0.4698193669319153
2013,724,8438,0,0.1182251125574112
2013,724,8439,1,0.19935359060764313
2013,724,8440,1,0.3578309416770935
2013,724,8441,1,0.03674238547682762
2013,724,8442,0,0.1076410561800003
2013,724,8443,0,0.09469002485275269
2013,724,8444,1,0.6563407182693481
2013,724,8445,0,0.32037782669067383
2013,724,8446,0,0.18887735903263092
2013,724,8447,0,0.23754169046878815
2013,724,8448,0,0.171147882938385
2013,724,8449,0,0.6948426961898804
2013,724,8450,0,0.06697265803813934
2013,724,8451,0,0.09095416218042374
2013,724,8452,0,0.11872020363807678
2013,724,8453,0,0.09820572286844254
2013,724,8454,0,0.16090908646583557
2013,724,8455,0,0.2704322636127472
2013,724,8456,0,0.09996762126684189
2013,724,8457,0,0.21883951127529144
2013,724,8458,0,0.10628172010183334
2013,724,8459,0,0.07748600095510483
2013,724,8460,0,0.09344087541103363
2013,724,8461,0,0.07499653846025467
2013,724,8462,0,0.14362017810344696
2013,724,8463,0,0.10872747004032135
2013,724,8464,1,0.16427293419837952
2013,724,8465,0,0.14560392498970032
2013,724,8466,0,0.038847677409648895
2013,724,8467,0,0.19068209826946259
2013,724,8468,0,0.15862758457660675
2013,724,8470,0,0.16931882500648499
2013,724,8471,0,0.07417525351047516
2013,724,8472,0,0.13033618032932281
2013,724,8473,0,0.15003810822963715
2013,724,8474,0,0.034025613218545914
2013,724,8475,0,0.32548561692237854
2013,724,8476,0,0.10175721347332001
2013,724,8477,0,0.0433952659368515
2013,724,8479,0,0.02975095808506012
2013,724,8480,0,0.10836572200059891
2013,724,8481,0,0.026477541774511337
2013,724,8482,0,0.05057423934340477
2013,724,8483,0,0.03905884921550751
2013,724,8484,0,0.04428453370928764
2013,724,8485,0,0.06288231909275055
2014,842,8401,0,0.19671861827373505
2014,842,8402,0,0.15517134964466095
2014,842,8403,0,0.12340761721134186
2014,842,8404,0,0.2787446975708008
2014,842,8405,0,0.37815049290657043
2014,842,8406,0,0.10387315601110458
2014,842,8407,0,0.09626226872205734
2014,842,8408,0,0.0958452969789505
2014,842,8409,0,0.03508342429995537
2014,842,8410,0,0.1393175721168518
2014,842,8411,0,0.057626549154520035
2014,842,8412,0,0.027456622570753098
2014,842,8413,0,0.04119453951716423
2014,842,8414,0,0.05353301391005516
2014,842,8415,0,0.06695614010095596
2014,842,8416,0,0.09840424358844757
2014,842,8417,0,0.07150065898895264
2014,842,8418,0,0.023667341098189354
2014,842,8419,0,0.03733161836862564
2014,842,8420,0,0.08093252032995224
2014,842,8421,0,0.023601898923516273
2014,842,8422,0,0.025989584624767303
2014,842,8423,0,0.03527086228132248
2014,842,8424,0,0.02329469658434391
2014,842,8425,0,0.02591695636510849
2014,842,8426,0,0.05347560718655586
2014,842,8427,0,0.12485262006521225
2014,842,8428,0,0.033796705305576324
2014,842,8429,1,0.04799574241042137
2014,842,8430,0,0.038080401718616486
2014,842,8431,0,0.03710230812430382
2014,842,8432,1,0.14366395771503448
2014,842,8433,0,0.03106585517525673
2014,842,8434,0,0.07846181839704514
2014,842,8436,0,0.14636395871639252
2014,842,8437,0,0.4006471037864685
2014,842,8438,0,0.06000858545303345
2014,842,8439,0,0.0787128210067749
2014,842,8440,0,0.060937993228435516
2014,842,8441,0,0.03791333734989166
2014,842,8442,0,0.25078824162483215
2014,842,8443,0,0.09811609238386154
2014,842,8444,0,0.2981148660182953
2014,842,8449,0,0.29936516284942627
2014,842,8450,0,0.2085162252187729
2014,842,8451,0,0.037464678287506104
2014,842,8452,0,0.09659264236688614
2014,842,8453,0,0.12463777512311935
2014,842,8454,0,0.18716567754745483
2014,842,8455,0,0.10166753083467484
2014,842,8456,0,0.10049133002758026
2014,842,8457,0,0.11499550193548203
2014,842,8458,0,0.07152710855007172
2014,842,8459,0,0.04574747756123543
2014,842,8460,1,0.08708179742097855
2014,842,8461,1,0.0678766593337059
2014,842,8462,0,0.05071842670440674
2014,842,8463,0,0.09370338916778564
2014,842,8464,0,0.04939699545502663
2014,842,8465,0,0.06766686588525772
2014,842,8466,0,0.023307697847485542
2014,842,8467,0,0.01803978718817234
2014,842,8468,0,0.06985514611005783
2014,842,8470,0,0.21348555386066437
2014,842,8471,1,0.024663276970386505
2014,842,8472,0,0.0672559067606926
2014,842,8473,0,0.1347397267818451
2014,842,8474,0,0.03024217300117016
2014,842,8475,0,0.16468879580497742
2014,842,8476,0,0.09898053854703903
2014,842,8477,0,0.02887321263551712
2014,842,8479,0,0.04163669794797897
2014,842,8480,0,0.10210178047418594
2014,842,8481,0,0.02427815832197666
2014,842,8482,0,0.018524998798966408
2014,842,8483,0,0.03810888156294823
2014,842,8484,0,0.04796620085835457
2014,842,8485,0,0.06631426513195038
2014,276,8401,1,0.22722724080085754
2014,276,8402,1,0.046545907855033875
2014,276,8403,0,0.04292308911681175
2014,276,8404,0,0.07764304429292679
2014,276,8405,1,0.11007716506719589
2014,276,8406,0,0.06059643626213074
2014,276,8407,0,0.07913129031658173
2014,276,8408,0,0.04230206832289696
2014,276,8409,0,0.023425238206982613
2014,276,8411,0,0.0325600728392601
2014,276,8412,0,0.02709173411130905
2014,276,8413,0,0.017758077010512352
2014,276,8414,0,0.018087586387991905
2014,276,8415,0,0.017897067591547966
2014,276,8416,1,0.04231639578938484
2014,276,8417,0,0.03174203634262085
2014,276,8418,0,0.01604832150042057
2014,276,8419,0,0.018021246418356895
2014,276,8420,1,0.05132480710744858
2014,276,8421,0,0.017856305465102196
2014,276,8422,0,0.0199509859085083
2014,276,8423,0,0.018826408311724663
2014,276,8424,0,0.018935957923531532
2014,276,8425,0,0.018406864255666733
2014,276,8426,0,0.02989552915096283
2014,276,8427,0,0.05556468665599823
2014,276,8428,0,0.0231644194573164
2014,276,8429,0,0.05486086383461952
2014,276,8430,0,0.08571669459342957
2014,276,8431,0,0.017456309869885445
2014,276,8432,0,0.04546820744872093
2014,276,8433,0,0.02736590802669525
2014,276,8434,0,0.04676638916134834
2014,276,8435,0,0.08838968724012375
2014,276,8436,0,0.03694985434412956
2014,276,8437,0,0.04513883590698242
2014,276,8438,0,0.020254597067832947
2014,276,8439,0,0.15085406601428986
2014,276,8440,0,0.04803141951560974
2014,276,8441,0,0.029654275625944138
2014,276,8442,0,0.052417416125535965
2014,276,8443,0,0.06508587300777435
2014,276,8444,0,0.20251290500164032
2014,276,8445,0,0.14308583736419678
2014,276,8446,1,0.2601338028907776
2014,276,8447,0,0.14631739258766174
2014,276,8448,1,0.0469227209687233
2014,276,8449,0,0.3837064802646637
2014,276,8450,0,0.038305845111608505
2014,276,8451,0,0.026520811021327972
2014,276,8452,0,0.04714078828692436
2014,276,8453,1,0.08632484823465347
2014,276,8455,0,0.3959376811981201
2014,276,8456,0,0.08937348425388336
2014,276,8457,0,0.11865098774433136
2014,276,8458,0,0.050053391605615616
2014,276,8459,0,0.056388191878795624
2014,276,8460,0,0.05889727547764778
2014,276,8461,0,0.05952867865562439
2014,276,8462,0,0.043604783713817596
2014,276,8463,1,0.098976731300354
2014,276,8464,1,0.08755628019571304
2014,276,8465,0,0.04595508426427841
2014,276,8466,0,0.03332100808620453
2014,276,8467,0,0.019157221540808678
2014,276,8468,0,0.04980258643627167
2014,276,8469,0,0.24850086867809296
2014,276,8470,0,0.05275598168373108
2014,276,8471,0,0.027461113408207893
2014,276,8472,0,0.03715138882398605
2014,276,8473,0,0.20072872936725616
2014,276,8474,1,0.025146838277578354
2014,276,8475,0,0.1182016059756279
2014,276,8476,1,0.08186671137809753
2014,276,8477,0,0.025274034589529037
2014,276,8478,1,0.13433755934238434
2014,276,8479,0,0.02599259652197361
2014,276,8480,0,0.0638805478811264
2014,276,8481,0,0.01893269456923008
2014,276,8482,0,0.016066651791334152
2014,276,8483,0,0.018409214913845062
2014,276,8484,0,0.021606722846627235
2014,276,8485,0,0.026264846324920654
2014,392,8401,1,0.1915034055709839
2014,392,8402,1,0.20836254954338074
2014,392,8404,0,0.4382321238517761
2014,392,8405,1,0.4523795545101166
2014,392,8406,0,0.11852492392063141
2014,392,8407,0,0.0508030466735363
2014,392,8408,0,0.052300792187452316
2014,392,8409,0,0.021586021408438683
2014,392,8410,1,0.43170249462127686
2014,392,8411,0,0.07057209312915802
2014,392,8412,0,0.050336193293333054
2014,392,8413,0,0.02203652821481228
2014,392,8414,0,0.02117925137281418
2014,392,8415,0,0.016951395198702812
2014,392,8416,0,0.15944306552410126
2014,392,8417,1,0.07507498562335968
2014,392,8418,0,0.03281378373503685
2014,392,8419,0,0.030448395758867264
2014,392,8420,0,0.16707797348499298
2014,392,8421,0,0.017169136554002762
2014,392,8422,0,0.03237141668796539
2014,392,8423,0,0.04869787395000458
2014,392,8424,0,0.03697751462459564
2014,392,8425,0,0.0309747401624918
2014,392,8426,0,0.04597413167357445
2014,392,8427,0,0.04517894983291626
2014,392,8428,0,0.04820254445075989
2014,392,8429,0,0.06440477818250656
2014,392,8430,1,0.049505565315485
2014,392,8431,0,0.024102920666337013
2014,392,8432,0,0.07361621409654617
2014,392,8433,0,0.028506459668278694
2014,392,8434,0,0.12162923812866211
2014,392,8435,1,0.6227466464042664
2014,392,8436,1,0.17942440509796143
2014,392,8437,0,0.07835977524518967
2014,392,8438,0,0.044396623969078064
2014,392,8439,1,0.12128373235464096
2014,392,8440,0,0.07396788150072098
2014,392,8441,0,0.05932522565126419
2014,392,8442,0,0.13071762025356293
2014,392,8443,0,0.06610028445720673
2014,392,8444,1,0.29386451840400696
2014,392,8445,1,0.32324016094207764
2014,392,8446,1,0.40503230690956116
2014,392,8447,0,0.12933796644210815
2014,392,8448,0,0.06149372458457947
2014,392,8449,1,0.6354852914810181
2014,392,8450,0,0.11083052307367325
2014,392,8451,0,0.07227306813001633
2014,392,8452,0,0.04551178961992264
2014,392,8453,0,0.14849066734313965
2014,392,8454,0,0.102201446890831
2014,392,8455,1,0.1360318511724472
2014,392,8456,0,0.2162986844778061
2014,392,8457,0,0.2181013971567154
2014,392,8458,0,0.08943825215101242
2014,392,8459,1,0.0900968611240387
2014,392,8460,0,0.0998137891292572
2014,392,8461,0,0.06476680189371109
2014,392,8462,1,0.06370459496974945
2014,392,8463,1,0.10763618350028992
2014,392,8464,1,0.15934190154075623
2014,392,8465,0,0.0758528858423233
2014,392,8466,0,0.03553016111254692
2014,392,8467,0,0.024510879069566727
2014,392,8468,0,0.10828850418329239
2014,392,8469,1,0.7020935416221619
2014,392,8470,0,0.08559966832399368
2014,392,8471,0,0.023570502176880836
2014,392,8472,0,0.03257455676794052
2014,392,8473,0,0.20061635971069336
2014,392,8474,0,0.06257754564285278
2014,392,8475,1,0.17605556547641754
2014,392,8476,0,0.19279834628105164
2014,392,8477,0,0.03389466553926468
2014,392,8479,0,0.04704675078392029
2014,392,8480,0,0.0460863932967186
2014,392,8481,0,0.03165272995829582
2014,392,8482,0,0.01939276233315468
2014,392,8483,0,0.024827785789966583
2014,392,8484,0,0.02024524286389351
2014,392,8485,0,0.0461377389729023
2014,156,8401,0,0.4048827290534973
2014,156,8402,0,0.16020198166370392
2014,156,8403,0,0.04617825150489807
2014,156,8405,0,0.10334765166044235
2014,156,8406,1,0.11712449043989182
2014,156,8407,0,0.07232030481100082
2014,156,8408,0,0.03431714326143265
2014,156,8409,0,0.014427890069782734
2014,156,8411,0,0.05833180993795395
2014,156,8412,0,0.029805107042193413
2014,156,8413,0,0.026122741401195526
2014,156,8414,0,0.016517437994480133
2014,156,8415,0,0.0275002159178257
2014,156,8416,0,0.035893723368644714
2014,156,8417,0,0.051137153059244156
2014,156,8418,0,0.01729891076683998
2014,156,8419,0,0.03290649875998497
2014,156,8420,0,0.09405862540006638
2014,156,8421,0,0.03414663299918175
2014,156,8422,0,0.015501623973250389
2014,156,8423,0,0.02136451005935669
2014,156,8424,0,0.018664391711354256
2014,156,8425,0,0.019706720486283302
2014,156,8427,0,0.01810475066304207
2014,156,8428,0,0.04196466505527496
2014,156,8431,0,0.018068037927150726
2014,156,8432,0,0.01745331659913063
2014,156,8433,0,0.014947268180549145
2014,156,8434,0,0.03755969554185867
2014,156,8435,0,0.04927507042884827
2014,156,8436,0,0.013314519077539444
2014,156,8439,0,0.11264332383871078
2014,156,8440,0,0.02956172078847885
2014,156,8441,0,0.023192500695586205
2014,156,8442,0,0.031086543574929237
2014,156,8443,0,0.053150445222854614
2014,156,8444,0,0.15823401510715485
2014,156,8445,0,0.07746844738721848
2014,156,8446,0,0.30079543590545654
2014,156,8447,0,0.10157721489667892
2014,156,8448,0,0.029237642884254456
2014,156,8449,0,0.15552295744419098
2014,156,8450,0,0.053774986416101456
2014,156,8451,0,0.02249961905181408
2014,156,8452,0,0.021568557247519493
2014,156,8453,0,0.07162503898143768
2014,156,8454,0,0.05415397882461548
2014,156,8455,1,0.1019861027598381
2014,156,8456,0,0.023125849664211273
2014,156,8457,0,0.032745979726314545
2014,156,8458,0,0.02725868858397007
2014,156,8459,0,0.029504869133234024
2014,156,8460,0,0.017211301252245903
2014,156,8461,0,0.019936058670282364
2014,156,8462,0,0.02394927479326725
2014,156,8463,0,0.048482563346624374
2014,156,8464,0,0.0332099013030529
2014,156,8465,0,0.03345605731010437
2014,156,8466,0,0.03013012371957302
2014,156,8467,0,0.02036326378583908
2014,156,8468,0,0.018919305875897408
2014,156,8469,1,0.11855912208557129
2014,156,8470,0,0.024068113416433334
2014,156,8471,0,0.026456089690327644
2014,156,8472,0,0.02699684165418148
2014,156,8473,0,0.04303421825170517
2014,156,8475,0,0.16742923855781555
2014,156,8476,0,0.06442397087812424
2014,156,8477,0,0.031359121203422546
2014,156,8478,0,0.14096565544605255
2014,156,8479,0,0.021197471767663956
2014,156,8480,0,0.04602554813027382
2014,156,8481,0,0.016086511313915253
2014,156,8482,0,0.012543809600174427
2014,156,8483,0,0.015141512267291546
2014,156,8484,0,0.014653123915195465
2014,380,8401,1,0.4763968288898468
2014,380,8402,0,0.17407821118831635
2014,380,8403,0,0.0334530733525753
2014,380,8404,0,0.12133664637804031
2014,380,8405,1,0.39153602719306946
2014,380,8406,1,0.17242933809757233
2014,380,8407,1,0.14365029335021973
2014,380,8408,0,0.07507260143756866
2014,380,8409,0,0.02088327147066593
2014,380,8411,0,0.06361716985702515
2014,380,8412,0,0.04082592949271202
2014,380,8413,0,0.01949772797524929
2014,380,8414,0,0.01706182211637497
2014,380,8415,0,0.018927713856101036
2014,380,8416,0,0.04036809504032135
2014,380,8417,0,0.06724599003791809
2014,380,8418,0,0.017336856573820114
2014,380,8419,0,0.020567961037158966
2014,380,8420,1,0.09696649014949799
2014,380,8421,0,0.01681669056415558
2014,380,8422,0,0.021906115114688873
2014,380,8423,0,0.03125578910112381
2014,380,8424,0,0.018328530713915825
2014,380,8425,0,0.03825679421424866
2014,380,8426,0,0.03829091787338257
2014,380,8427,0,0.06446215510368347
2014,380,8428,0,0.031259674578905106
2014,380,8429,0,0.04400084167718887
2014,380,8430,0,0.050965894013643265
2014,380,8431,0,0.020675141364336014
2014,380,8432,0,0.029053090140223503
2014,380,8433,0,0.026134498417377472
2014,380,8434,0,0.048383262008428574
2014,380,8435,1,0.11464570462703705
2014,380,8436,0,0.03967392444610596
2014,380,8437,0,0.1564202755689621
2014,380,8438,0,0.05473746359348297
2014,380,8439,1,0.08088114857673645
2014,380,8440,0,0.06951581686735153
2014,380,8441,0,0.040965236723423004
2014,380,8442,1,0.06216686591506004
2014,380,8443,0,0.051306549459695816
2014,380,8444,0,0.1375533491373062
2014,380,8445,0,0.17042295634746552
2014,380,8446,0,0.24061530828475952
2014,380,8447,1,0.15882182121276855
2014,380,8448,0,0.031442172825336456
2014,380,8449,0,0.20727093517780304
2014,380,8450,1,0.03360505774617195
2014,380,8451,0,0.036640286445617676
2014,380,8452,0,0.05208491533994675
2014,380,8453,0,0.048971809446811676
2014,380,8454,0,0.05562088266015053
2014,380,8455,1,0.1888158917427063
2014,380,8456,0,0.046598345041275024
2014,380,8457,0,0.08009154349565506
2014,380,8458,0,0.05200599506497383
2014,380,8459,0,0.06846790760755539
2014,380,8460,1,0.05560953915119171
2014,380,8461,0,0.038940489292144775
2014,380,8462,0,0.03367835655808449
2014,380,8463,0,0.048928193747997284
2014,380,8464,0,0.05901099368929863
2014,380,8465,0,0.0403008759021759
2014,380,8466,0,0.028310256078839302
2014,380,8467,0,0.027353016659617424
2014,380,8468,0,0.07668820768594742
2014,380,8469,1,0.39874228835105896
2014,380,8470,0,0.2399216741323471
2014,380,8471,0,0.026621930301189423
2014,380,8472,0,0.09087864309549332
2014,380,8473,0,0.10282938182353973
2014,380,8474,0,0.04663807153701782
2014,380,8475,0,0.10957085341215134
2014,380,8476,0,0.06049922853708267
2014,380,8477,0,0.030773399397730827
2014,380,8478,0,0.1564122438430786
2014,380,8479,0,0.022386012598872185
2014,380,8480,0,0.05637389421463013
2014,380,8481,0,0.017413610592484474
2014,380,8482,0,0.03572133928537369
2014,380,8483,0,0.02187805250287056
2014,380,8484,0,0.023831523954868317
2014,380,8485,0,0.041609641164541245
2014,826,8401,0,0.2811335325241089
2014,826,8403,0,0.12744657695293427
2014,826,8404,0,0.08653028309345245
2014,826,8405,0,0.09300821274518967
2014,826,8406,1,0.21224211156368256
2014,826,8407,0,0.059636544436216354
2014,826,8408,0,0.04326524958014488
2014,826,8409,0,0.018468724563717842
2014,826,8411,0,0.055293336510658264
2014,826,8412,0,0.03808997571468353
2014,826,8413,0,0.01654447801411152
2014,826,8414,0,0.015031477436423302
2014,826,8415,0,0.025210941210389137
2014,826,8416,1,0.041783902794122696
2014,826,8417,1,0.05758678540587425
2014,826,8418,0,0.019356755539774895
2014,826,8419,0,0.0197152066975832
2014,826,8420,0,0.08865261822938919
2014,826,8421,0,0.017199505120515823
2014,826,8422,0,0.018983284011483192
2014,826,8423,0,0.025357360020279884
2014,826,8424,0,0.021394625306129456
2014,826,8425,0,0.03215095400810242
2014,826,8426,0,0.03510044142603874
2014,826,8427,0,0.05612402409315109
2014,826,8428,0,0.028939656913280487
2014,826,8429,1,0.06082793325185776
2014,826,8431,0,0.023360617458820343
2014,826,8432,0,0.03530897572636604
2014,826,8433,0,0.04284635931253433
2014,826,8434,0,0.08496115356683731
2014,826,8436,0,0.05380113795399666
2014,826,8437,0,0.07735661417245865
2014,826,8438,0,0.030370160937309265
2014,826,8439,1,0.08862752467393875
2014,826,8440,0,0.08613325655460358
2014,826,8441,0,0.03843666985630989
2014,826,8442,1,0.08090351521968842
2014,826,8443,0,0.06323842704296112
2014,826,8444,1,0.4571130573749542
2014,826,8446,0,0.29723140597343445
2014,826,8447,0,0.0721723735332489
2014,826,8448,0,0.04983008652925491
2014,826,8449,1,0.5107563734054565
2014,826,8451,0,0.029555581510066986
2014,826,8454,0,0.11137861758470535
2014,826,8455,0,0.09380818158388138
2014,826,8456,0,0.08526651561260223
2014,826,8457,0,0.28151220083236694
2014,826,8458,0,0.10191402584314346
2014,826,8459,0,0.06557251513004303
2014,826,8460,1,0.0823228508234024
2014,826,8461,1,0.08235466480255127
2014,826,8462,0,0.06101911887526512
2014,826,8463,0,0.13064007461071014
2014,826,8464,1,0.2132168561220169
2014,826,8465,0,0.07195662707090378
2014,826,8466,0,0.025066576898097992
2014,826,8467,0,0.020846443250775337
2014,826,8468,1,0.08703794330358505
2014,826,8470,0,0.09643565118312836
2014,826,8471,0,0.02416517585515976
2014,826,8472,0,0.046449411660432816
2014,826,8473,0,0.09407290071249008
2014,826,8474,0,0.026190893724560738
2014,826,8475,0,0.0690169408917427
2014,826,8476,0,0.09700901806354523
2014,826,8477,0,0.027596617117524147
2014,826,8478,0,0.06689823418855667
2014,826,8479,0,0.02886129543185234
2014,826,8480,0,0.08327747136354446
2014,826,8481,0,0.02316882833838463
2014,826,8482,0,0.018359052017331123
2014,826,8483,0,0.020714012905955315
2014,826,8484,0,0.02390320599079132
2014,826,8485,0,0.028929272666573524
2014,251,8401,1,0.1318792849779129
2014,251,8402,1,0.13689492642879486
2014,251,8403,0,0.06832222640514374
2014,251,8405,0,0.09298213571310043
2014,251,8406,1,0.07986148446798325
2014,251,8407,1,0.05895102396607399
2014,251,8408,0,0.07413090020418167
2014,251,8409,0,0.02717791125178337
2014,251,8410,0,0.13404209911823273
2014,251,8411,0,0.09567359834909439
2014,251,8412,0,0.06455113738775253
2014,251,8413,0,0.02091938629746437
2014,251,8414,0,0.023026801645755768
2014,251,8415,0,0.024106791242957115
2014,251,8416,0,0.03842874988913536
2014,251,8417,0,0.082231305539608
2014,251,8418,0,0.02562963403761387
2014,251,8419,0,0.0263521671295166
2014,251,8420,0,0.1280052363872528
2014,251,8421,0,0.01793326810002327
2014,251,8422,0,0.025849776342511177
2014,251,8424,0,0.026662638410925865
2014,251,8425,1,0.07410162687301636
2014,251,8426,0,0.0414082370698452
2014,251,8427,0,0.06267484277486801
2014,251,8428,0,0.02904730848968029
2014,251,8429,0,0.06752999871969223
2014,251,8430,1,0.056940194219350815
2014,251,8431,0,0.022373827174305916
2014,251,8432,1,0.03669319674372673
2014,251,8433,0,0.04018246755003929
2014,251,8434,0,0.07932570576667786
2014,251,8435,0,0.1304313838481903
2014,251,8436,0,0.03733454644680023
2014,251,8438,0,0.03004852496087551
2014,251,8439,0,0.11253046989440918
2014,251,8440,0,0.07202432304620743
2014,251,8441,0,0.06878557801246643
2014,251,8442,0,0.25440719723701477
2014,251,8443,1,0.06902432441711426
2014,251,8444,1,0.4348239600658417
2014,251,8445,0,0.21751368045806885
2014,251,8446,0,0.35075995326042175
2014,251,8447,0,0.07362696528434753
2014,251,8448,0,0.0845084860920906
2014,251,8449,0,0.15976515412330627
2014,251,8450,0,0.04593232646584511
2014,251,8451,0,0.0336679145693779
2014,251,8452,0,0.07970578223466873
2014,251,8453,0,0.120599165558815
2014,251,8454,0,0.11709313094615936
2014,251,8455,0,0.10217467695474625
2014,251,8456,1,0.11050466448068619
2014,251,8457,0,0.1744435429573059
2014,251,8458,0,0.11836501210927963
2014,251,8459,1,0.22519521415233612
2014,251,8460,0,0.0638296827673912
2014,251,8461,0,0.10806955397129059
2014,251,8462,1,0.05319226160645485
2014,251,8463,1,0.14740559458732605
2014,251,8464,1,0.08428055047988892
2014,251,8465,0,0.07141007483005524
2014,251,8466,0,0.04495638608932495
2014,251,8467,0,0.0575769878923893
2014,251,8468,1,0.08283716440200806
2014,251,8469,1,0.3893384337425232
2014,251,8470,0,0.06774640083312988
2014,251,8471,0,0.02937774546444416
2014,251,8472,1,0.12214255332946777
2014,251,8473,1,0.08642091602087021
2014,251,8475,1,0.1620437353849411
2014,251,8476,0,0.17585286498069763
2014,251,8477,1,0.06000479683279991
2014,251,8478,0,0.1017741709947586
2014,251,8479,0,0.0350508913397789
2014,251,8480,0,0.06453701853752136
2014,251,8481,0,0.022103892639279366
2014,251,8482,0,0.027642209082841873
2014,251,8483,0,0.023433968424797058
2014,251,8484,0,0.02504684403538704
2014,251,8485,0,0.029672158882021904
2014,490,8402,0,0.6551772952079773
2014,490,8403,0,0.28399044275283813
2014,490,8404,1,0.2919045388698578
2014,490,8405,1,0.5685927271842957
2014,490,8406,0,0.16260774433612823
2014,490,8407,1,0.192323699593544
2014,490,8408,1,0.06892206519842148
2014,490,8409,0,0.038071371614933014
2014,490,8410,0,0.21681968867778778
2014,490,8411,0,0.13941603899002075
2014,490,8412,0,0.08785954862833023
2014,490,8413,0,0.03039448708295822
2014,490,8414,0,0.023509440943598747
2014,490,8415,0,0.029509395360946655
2014,490,8416,0,0.0760214701294899
2014,490,8417,0,0.17241086065769196
2014,490,8418,0,0.022428743541240692
2014,490,8419,0,0.03200554847717285
2014,490,8420,0,0.24655646085739136
2014,490,8421,0,0.02180371806025505
2014,490,8422,0,0.0345042422413826
2014,490,8423,0,0.032495420426130295
2014,490,8424,0,0.035418909043073654
2014,490,8425,0,0.04458246007561684
2014,490,8426,0,0.3783600330352783
2014,490,8427,0,0.06553026288747787
2014,490,8428,0,0.0820186585187912
2014,490,8430,0,0.15669861435890198
2014,490,8431,0,0.04524347186088562
2014,490,8432,0,0.08716090023517609
2014,490,8433,0,0.05768488347530365
2014,490,8434,0,0.11638936400413513
2014,490,8435,0,0.23261438310146332
2014,490,8436,0,0.16412173211574554
2014,490,8438,0,0.033437736332416534
2014,490,8439,0,0.11528664827346802
2014,490,8440,0,0.13219380378723145
2014,490,8441,0,0.06421491503715515
2014,490,8442,0,0.09980025142431259
2014,490,8443,0,0.07795849442481995
2014,490,8444,1,0.4320218563079834
2014,490,8445,0,0.13491754233837128
2014,490,8446,0,0.16757075488567352
2014,490,8447,0,0.10058619827032089
2014,490,8448,0,0.04968053847551346
2014,490,8449,0,0.2093430757522583
2014,490,8450,1,0.12388283014297485
2014,490,8451,0,0.08852041512727737
2014,490,8452,0,0.038936860859394073
2014,490,8453,0,0.32741525769233704
2014,490,8454,0,0.24281343817710876
2014,490,8455,0,0.10918564349412918
2014,490,8456,0,0.15422065556049347
2014,490,8457,0,0.11084554344415665
2014,490,8458,0,0.07946737110614777
2014,490,8459,0,0.1213495060801506
2014,490,8460,1,0.11713723838329315
2014,490,8461,0,0.06550280749797821
2014,490,8462,0,0.05711856484413147
2014,490,8463,0,0.080490343272686
2014,490,8464,1,0.3683842420578003
2014,490,8465,0,0.12077997624874115
2014,490,8466,0,0.06214325875043869
2014,490,8467,0,0.05276459455490112
2014,490,8468,0,0.045233625918626785
2014,490,8470,0,0.07402916252613068
2014,490,8471,0,0.03202629089355469
2014,490,8472,0,0.0691569373011589
2014,490,8473,0,0.1391189694404602
2014,490,8474,0,0.0571712851524353
2014,490,8475,0,0.1671382486820221
2014,490,8476,0,0.13146941363811493
2014,490,8477,0,0.06912991404533386
2014,490,8478,1,0.36552631855010986
2014,490,8479,0,0.05721425265073776
2014,490,8480,0,0.0315781831741333
2014,490,8481,0,0.03990007936954498
2014,490,8482,0,0.02615193836390972
2014,490,8483,0,0.03980022296309471
2014,490,8484,0,0.03073067218065262
2014,490,8485,0,0.06601224094629288
2014,702,8401,1,0.42582303285598755
2014,702,8402,1,0.405886173248291
2014,702,8403,1,0.7418776750564575
2014,702,8404,0,0.22715571522712708
2014,702,8405,1,0.4263579547405243
2014,702,8406,0,0.25204747915267944
2014,702,8407,1,0.10975281894207001
2014,702,8408,0,0.15938688814640045
2014,702,8409,0,0.04883221536874771
2014,702,8410,0,0.23556846380233765
2014,702,8411,0,0.07016917318105698
2014,702,8412,0,0.07754756510257721
2014,702,8413,0,0.02656961791217327
2014,702,8414,0,0.02294081076979637
2014,702,8416,0,0.2279415875673294
2014,702,8417,1,0.7543343305587769
2014,702,8418,0,0.08785849064588547
2014,702,8419,0,0.034381795674562454
2014,702,8420,0,0.2887345254421234
2014,702,8421,0,0.028012610971927643
2014,702,8422,0,0.04965978488326073
2014,702,8423,1,0.04283274710178375
2014,702,8424,0,0.04667948558926582
2014,702,8425,0,0.06454288959503174
2014,702,8426,1,0.11623292416334152
2014,702,8428,1,0.1885802447795868
2014,702,8430,1,0.30854693055152893
2014,702,8431,0,0.044580597430467606
2014,702,8432,0,0.44156500697135925
2014,702,8433,1,0.4643213152885437
2014,702,8434,1,0.4264332056045532
2014,702,8435,1,0.23386135697364807
2014,702,8436,0,0.19432377815246582
2014,702,8437,1,0.5250949263572693
2014,702,8438,0,0.13727997243404388
2014,702,8439,1,0.5339831113815308
2014,702,8440,1,0.5891865491867065
2014,702,8441,0,0.15447752177715302
2014,702,8442,0,0.24860049784183502
2014,702,8443,0,0.07448313385248184
2014,702,8445,0,0.44909054040908813
2014,702,8446,0,0.7082589864730835
2014,702,8448,0,0.24440313875675201
2014,702,8449,0,0.5408104062080383
2014,702,8451,1,0.46270057559013367
2014,702,8452,0,0.4054708778858185
2014,702,8453,0,0.4703066647052765
2014,702,8454,1,0.4203978180885315
2014,702,8456,0,0.19476909935474396
2014,702,8457,1,0.19787196815013885
2014,702,8458,0,0.1376272737979889
2014,702,8459,1,0.2826733887195587
2014,702,8460,0,0.171037495136261
2014,702,8461,0,0.2291957139968872
2014,702,8462,1,0.11272487044334412
2014,702,8463,0,0.19018325209617615
2014,702,8464,1,0.5194236636161804
2014,702,8465,0,0.15056194365024567
2014,702,8466,0,0.13280436396598816
2014,702,8467,0,0.08064389228820801
2014,702,8468,0,0.17465166747570038
2014,702,8470,0,0.09697122126817703
2014,702,8471,0,0.01699935272336006
2014,702,8472,1,0.16378571093082428
2014,702,8473,0,0.14817838370800018
2014,702,8475,0,0.32622602581977844
2014,702,8477,0,0.14199936389923096
2014,702,8478,0,0.1485295295715332
2014,702,8479,0,0.0750792920589447
2014,702,8480,0,0.09965580701828003
2014,702,8481,0,0.05745778605341911
2014,702,8482,0,0.025848759338259697
2014,702,8483,0,0.08594168722629547
2014,702,8484,1,0.19628256559371948
2014,528,8401,1,0.1672251671552658
2014,528,8402,0,0.07263383269309998
2014,528,8403,0,0.06647413969039917
2014,528,8404,0,0.13514548540115356
2014,528,8405,0,0.18780577182769775
2014,528,8406,1,0.10924854129552841
2014,528,8408,0,0.041260913014411926
2014,528,8409,0,0.01873019151389599
2014,528,8410,0,0.15606802701950073
2014,528,8411,0,0.061177484691143036
2014,528,8412,1,0.02449403889477253
2014,528,8413,0,0.014443046413362026
2014,528,8414,0,0.0321645550429821
2014,528,8415,0,0.025357384234666824
2014,528,8416,1,0.05850500240921974
2014,528,8417,0,0.2916947603225708
2014,528,8418,0,0.02293306775391102
2014,528,8419,0,0.02163579873740673
2014,528,8420,1,0.2913244962692261
2014,528,8421,0,0.013082963414490223
2014,528,8422,0,0.027061210945248604
2014,528,8423,0,0.06585505604743958
2014,528,8424,0,0.023520883172750473
2014,528,8425,0,0.021589431911706924
2014,528,8426,0,0.03161397948861122
2014,528,8427,0,0.05353980511426926
2014,528,8428,0,0.044045526534318924
2014,528,8429,0,0.08817378431558609
2014,528,8430,0,0.06011538207530975
2014,528,8431,0,0.020324831828475
2014,528,8432,0,0.03108450584113598
2014,528,8433,0,0.029118547216057777
2014,528,8434,0,0.12713482975959778
2014,528,8436,0,0.03592628240585327
2014,528,8437,0,0.0796927735209465
2014,528,8438,0,0.03072032518684864
2014,528,8439,0,0.14683429896831512
2014,528,8440,0,0.07155821472406387
2014,528,8441,0,0.03798975422978401
2014,528,8442,1,0.07780083268880844
2014,528,8443,0,0.04816513881087303
2014,528,8444,0,0.23885612189769745
2014,528,8445,0,0.4104050099849701
2014,528,8446,0,0.16125787794589996
2014,528,8447,0,0.22347524762153625
2014,528,8448,0,0.12105148285627365
2014,528,8449,0,0.4000560939311981
2014,528,8450,0,0.11739503592252731
2014,528,8451,0,0.08225370943546295
2014,528,8452,0,0.10015810281038284
2014,528,8453,0,0.08406595885753632
2014,528,8454,0,0.32376670837402344
2014,528,8455,0,0.3237101435661316
2014,528,8456,0,0.09449006617069244
2014,528,8457,0,0.193216934800148
2014,528,8458,1,0.19956667721271515
2014,528,8459,0,0.0851239562034607
2014,528,8460,1,0.2558445334434509
2014,528,8461,0,0.08285274356603622
2014,528,8462,0,0.04100251570343971
2014,528,8463,1,0.15820586681365967
2014,528,8464,1,0.3394562304019928
2014,528,8465,1,0.11153941601514816
2014,528,8466,0,0.05868883803486824
2014,528,8467,0,0.04089997336268425
2014,528,8468,0,0.11587826907634735
2014,528,8469,1,0.44285261631011963
2014,528,8470,0,0.1371501237154007
2014,528,8471,1,0.046326301991939545
2014,528,8472,0,0.17393670976161957
2014,528,8473,0,0.08153662830591202
2014,528,8474,0,0.033033646643161774
2014,528,8475,1,0.36714351177215576
2014,528,8476,0,0.18759047985076904
2014,528,8477,0,0.06665052473545074
2014,528,8478,0,0.1426733285188675
2014,528,8479,0,0.054821111261844635
2014,528,8480,1,0.08306445181369781
2014,528,8481,0,0.015501930378377438
2014,528,8482,0,0.04111438989639282
2014,528,8483,0,0.018669620156288147
2014,528,8484,0,0.029164815321564674
2014,528,8485,0,0.03682949021458626
2014,410,8401,0,0.6093051433563232
2014,410,8402,0,0.11460079997777939
2014,410,8403,0,0.3716757595539093
2014,410,8404,0,0.16128668189048767
2014,410,8405,0,0.3125591576099396
2014,410,8406,0,0.17662842571735382
2014,410,8407,0,0.2316277176141739
2014,410,8408,0,0.05988010764122009
2014,410,8409,0,0.029603643342852592
2014,410,8410,1,0.30675873160362244
2014,410,8411,0,0.09800177812576294
2014,410,8412,0,0.07343129813671112
2014,410,8413,0,0.021988864988088608
2014,410,8414,0,0.025208141654729843
2014,410,8415,0,0.023864135146141052
2014,410,8416,1,0.24715422093868256
2014,410,8417,0,0.11616814881563187
2014,410,8418,0,0.07861729711294174
2014,410,8419,0,0.03291194513440132
2014,410,8420,0,0.21724019944667816
2014,410,8421,0,0.02970489114522934
2014,410,8422,0,0.1210392564535141
2014,410,8423,0,0.04638630524277687
2014,410,8424,0,0.04256946220993996
2014,410,8425,0,0.02956410124897957
2014,410,8426,0,0.09916538000106812
2014,410,8427,0,0.06237328425049782
2014,410,8428,0,0.039493124932050705
2014,410,8429,0,0.062386199831962585
2014,410,8430,0,0.175009623169899
2014,410,8431,0,0.021642565727233887
2014,410,8432,0,0.19244100153446198
2014,410,8433,0,0.08817208558320999
2014,410,8435,0,0.18187367916107178
2014,410,8436,0,0.10278942435979843
2014,410,8438,0,0.042251382023096085
2014,410,8439,0,0.1912672519683838
2014,410,8440,0,0.07898032665252686
2014,410,8441,0,0.040680892765522
2014,410,8442,0,0.2770708203315735
2014,410,8443,0,0.08795484155416489
2014,410,8444,1,0.19354385137557983
2014,410,8445,0,0.18458639085292816
2014,410,8446,0,0.25019416213035583
2014,410,8447,0,0.10651920735836029
2014,410,8448,0,0.09867861121892929
2014,410,8449,1,0.2315472811460495
2014,410,8450,0,0.06135306879878044
2014,410,8451,0,0.05002697557210922
2014,410,8452,0,0.10561642050743103
2014,410,8453,0,0.3740358352661133
2014,410,8454,0,0.19511118531227112
2014,410,8455,0,0.15494515001773834
2014,410,8456,0,0.1493431031703949
2014,410,8457,0,0.1306842714548111
2014,410,8458,0,0.09406641870737076
2014,410,8459,0,0.07913310080766678
2014,410,8460,0,0.1471228003501892
2014,410,8461,0,0.24656619131565094
2014,410,8462,0,0.18100589513778687
2014,410,8463,0,0.1511925905942917
2014,410,8464,0,0.18143126368522644
2014,410,8465,0,0.18059173226356506
2014,410,8466,0,0.06211935728788376
2014,410,8467,0,0.043295588344335556
2014,410,8468,0,0.09158740192651749
2014,410,8470,1,0.24369293451309204
2014,410,8471,0,0.040045030415058136
2014,410,8472,0,0.09577048569917679
2014,410,8473,0,0.19525256752967834
2014,410,8474,0,0.07446957379579544
2014,410,8475,0,0.5429674386978149
2014,410,8476,0,0.15793897211551666
2014,410,8477,0,0.051161669194698334
2014,410,8478,0,0.447422593832016
2014,410,8479,0,0.048077408224344254
2014,410,8480,0,0.05978682264685631
2014,410,8481,0,0.02701113186776638
2014,410,8482,0,0.02873036079108715
2014,410,8483,0,0.0400860458612442
2014,410,8484,0,0.043672483414411545
2014,410,8485,0,0.045350197702646255
2014,458,8402,1,0.4382382333278656
2014,458,8405,0,0.3224479854106903
2014,458,8407,0,0.277906209230423
2014,458,8409,1,0.07020807266235352
2014,458,8410,1,0.23534883558750153
2014,458,8411,0,0.11754389107227325
2014,458,8412,0,0.11115075647830963
2014,458,8413,0,0.0418473519384861
2014,458,8414,0,0.032222699373960495
2014,458,8415,0,0.025626324117183685
2014,458,8416,0,0.11783257126808167
2014,458,8417,0,0.15932273864746094
2014,458,8418,0,0.03342635557055473
2014,458,8419,0,0.08984527736902237
2014,458,8420,0,0.3562590181827545
2014,458,8421,0,0.030044537037611008
2014,458,8422,0,0.13793106377124786
2014,458,8423,1,0.11108332872390747
2014,458,8424,1,0.07871268689632416
2014,458,8425,0,0.20079272985458374
2014,458,8426,0,0.15374714136123657
2014,458,8427,0,0.2388029247522354
2014,458,8428,0,0.0973525121808052
2014,458,8430,0,0.3077772259712219
2014,458,8431,0,0.14332114160060883
2014,458,8434,1,0.49134573340415955
2014,458,8435,0,0.4893021583557129
2014,458,8436,0,0.10739448666572571
2014,458,8437,0,0.37367701530456543
2014,458,8438,0,0.09071558713912964
2014,458,8439,1,0.26767992973327637
2014,458,8441,0,0.13192100822925568
2014,458,8442,0,0.11065477877855301
2014,458,8443,0,0.10998880863189697
2014,458,8444,1,0.5078893899917603
2014,458,8445,1,0.6208752393722534
2014,458,8448,0,0.14318975806236267
2014,458,8449,1,0.293022483587265
2014,458,8451,0,0.06506582349538803
2014,458,8452,0,0.14738407731056213
2014,458,8453,0,0.6455395221710205
2014,458,8454,1,0.22653286159038544
2014,458,8455,0,0.15813609957695007
2014,458,8456,1,0.21175967156887054
2014,458,8457,1,0.4211392104625702
2014,458,8458,0,0.2281760573387146
2014,458,8459,1,0.6319553852081299
2014,458,8460,1,0.568242609500885
2014,458,8461,1,0.5107167959213257
2014,458,8462,0,0.1719665676355362
2014,458,8463,0,0.27755528688430786
2014,458,8464,0,0.13560989499092102
2014,458,8465,1,0.2656218409538269
2014,458,8466,0,0.23204611241817474
2014,458,8467,1,0.33105960488319397
2014,458,8468,0,0.15761123597621918
2014,458,8469,0,0.2720012366771698
2014,458,8470,0,0.07948668301105499
2014,458,8471,0,0.020205562934279442
2014,458,8472,0,0.23177458345890045
2014,458,8473,0,0.26676657795906067
2014,458,8474,0,0.08966852724552155
2014,458,8475,0,0.332760214805603
2014,458,8476,1,0.23091697692871094
2014,458,8477,1,0.06868889927864075
2014,458,8478,1,0.5888910889625549
2014,458,8479,0,0.06562410295009613
2014,458,8480,0,0.07384660094976425
2014,458,8481,1,0.04277423769235611
2014,458,8482,0,0.031834084540605545
2014,458,8483,0,0.05812644213438034
2014,458,8484,0,0.054982490837574005
2014,458,8485,0,0.18725968897342682
2014,124,8401,1,0.2364138960838318
2014,124,8402,0,0.17974142730236053
2014,124,8403,0,0.2382650226354599
2014,124,8404,0,0.24517636001110077
2014,124,8405,0,0.44778361916542053
2014,124,8406,0,0.19595494866371155
2014,124,8407,0,0.15677958726882935
2014,124,8408,1,0.19054719805717468
2014,124,8409,0,0.07134179770946503
2014,124,8410,0,0.20588116347789764
2014,124,8411,0,0.06732336431741714
2014,124,8412,0,0.08147703111171722
2014,124,8413,0,0.06516237556934357
2014,124,8414,0,0.04558991640806198
2014,124,8415,0,0.08988824486732483
2014,124,8416,1,0.36289098858833313
2014,124,8417,0,0.14967966079711914
2014,124,8418,0,0.08879713714122772
2014,124,8419,0,0.07551753520965576
2014,124,8420,0,0.16075563430786133
2014,124,8421,0,0.04085928201675415
2014,124,8422,0,0.07064086943864822
2014,124,8423,0,0.09329652786254883
2014,124,8424,0,0.09375203400850296
2014,124,8425,0,0.10283681750297546
2014,124,8426,0,0.16097627580165863
2014,124,8427,0,0.2266218662261963
2014,124,8428,0,0.08613245189189911
2014,124,8430,1,0.0929994285106659
2014,124,8431,0,0.05297694355249405
2014,124,8432,1,0.102608323097229
2014,124,8433,1,0.0684823989868164
2014,124,8434,0,0.21608662605285645
2014,124,8435,1,0.5995638370513916
2014,124,8436,0,0.15483641624450684
2014,124,8437,0,0.1942577213048935
2014,124,8438,0,0.11373421549797058
2014,124,8439,0,0.20814359188079834
2014,124,8440,1,0.26405563950538635
2014,124,8441,0,0.37858664989471436
2014,124,8442,0,0.1592891365289688
2014,124,8443,1,0.12294590473175049
2014,124,8445,0,0.45450836420059204
2014,124,8446,1,0.23962415754795074
2014,124,8447,0,0.2791759967803955
2014,124,8448,1,0.19597527384757996
2014,124,8450,0,0.27640223503112793
2014,124,8451,1,0.10553476214408875
2014,124,8452,0,0.31870120763778687
2014,124,8453,0,0.2381904125213623
2014,124,8454,0,0.2726401388645172
2014,124,8455,0,0.20038209855556488
2014,124,8456,0,0.44445550441741943
2014,124,8457,0,0.16198721528053284
2014,124,8458,1,0.12937188148498535
2014,124,8459,0,0.14595669507980347
2014,124,8460,0,0.19544915854930878
2014,124,8461,0,0.21716979146003723
2014,124,8462,0,0.11614455282688141
2014,124,8463,0,0.20140555500984192
2014,124,8464,1,0.2314770221710205
2014,124,8465,0,0.19505825638771057
2014,124,8466,0,0.12115570902824402
2014,124,8467,0,0.049257539212703705
2014,124,8468,0,0.5921535491943359
2014,124,8470,0,0.1864866465330124
2014,124,8471,0,0.03260982781648636
2014,124,8472,0,0.14988422393798828
2014,124,8473,0,0.1836499571800232
2014,124,8474,0,0.10741104930639267
2014,124,8475,0,0.21400326490402222
2014,124,8476,0,0.1734059900045395
2014,124,8477,0,0.0642695501446724
2014,124,8478,1,0.3036765158176422
2014,124,8479,0,0.07718286663293839
2014,124,8480,0,0.12479405105113983
2014,124,8481,0,0.03705006092786789
2014,124,8482,0,0.05128833279013634
2014,124,8483,0,0.04797378182411194
2014,124,8484,0,0.0577276311814785
2014,124,8485,0,0.11481398344039917
2014,484,8402,0,0.22223281860351562
2014,484,8403,0,0.17883670330047607
2014,484,8404,0,0.31423333287239075
2014,484,8405,0,0.17693141102790833
2014,484,8406,0,0.15286870300769806
2014,484,8407,0,0.18998463451862335
2014,484,8408,0,0.22170867025852203
2014,484,8409,0,0.10444224625825882
2014,484,8410,1,0.2661110460758209
2014,484,8411,0,0.1251118928194046
2014,484,8412,1,0.2526712119579315
2014,484,8413,0,0.08138083666563034
2014,484,8414,0,0.09452769160270691
2014,484,8415,0,0.1578005701303482
2014,484,8416,0,0.1688089668750763
2014,484,8417,0,0.21667179465293884
2014,484,8418,0,0.06395147740840912
2014,484,8419,0,0.1378246545791626
2014,484,8420,1,0.45766931772232056
2014,484,8421,0,0.0648169219493866
2014,484,8422,1,0.1375766098499298
2014,484,8423,0,0.1352766454219818
2014,484,8424,0,0.1426543891429901
2014,484,8425,0,0.0965169370174408
2014,484,8426,0,0.14813649654388428
2014,484,8427,0,0.5662016272544861
2014,484,8428,0,0.16440407931804657
2014,484,8429,1,0.15022607147693634
2014,484,8430,0,0.3409559726715088
2014,484,8431,0,0.1497306525707245
2014,484,8432,0,0.0907675102353096
2014,484,8433,0,0.13922829926013947
2014,484,8434,1,0.3557658791542053
2014,484,8436,1,0.2231110781431198
2014,484,8438,0,0.1361372023820877
2014,484,8439,1,0.4838488698005676
2014,484,8441,0,0.19872957468032837
2014,484,8442,0,0.1623888462781906
2014,484,8443,0,0.11986874043941498
2014,484,8444,1,0.6745750308036804
2014,484,8448,0,0.17304794490337372
2014,484,8450,0,0.10133393853902817
2014,484,8451,0,0.3290477991104126
2014,484,8452,0,0.21746806800365448
2014,484,8453,0,0.5605337023735046
2014,484,8455,0,0.195566326379776
2014,484,8456,0,0.27828410267829895
2014,484,8457,1,0.16962093114852905
2014,484,8458,1,0.2816413342952728
2014,484,8460,0,0.1315993070602417
2014,484,8461,0,0.4487452805042267
2014,484,8462,0,0.2649071514606476
2014,484,8463,1,0.18800553679466248
2014,484,8464,1,0.7258461117744446
2014,484,8465,0,0.17078754305839539
2014,484,8466,1,0.29897540807724
2014,484,8467,0,0.17299717664718628
2014,484,8468,0,0.1943160742521286
2014,484,8470,0,0.23313669860363007
2014,484,8471,0,0.08882857114076614
2014,484,8472,0,0.20607857406139374
2014,484,8473,0,0.2347351759672165
2014,484,8474,0,0.1642238348722458
2014,484,8476,0,0.16688159108161926
2014,484,8477,0,0.3008706271648407
2014,484,8479,0,0.23093976080417633
2014,484,8480,0,0.6672162413597107
2014,484,8481,0,0.08500105142593384
2014,484,8482,0,0.17458930611610413
2014,484,8483,0,0.11950673907995224
2014,484,8484,0,0.10826008766889572
2014,484,8485,0,0.21086817979812622
2014,757,8402,1,0.24374942481517792
2014,757,8403,0,0.14293184876441956
2014,757,8404,0,0.2624746561050415
2014,757,8405,0,0.2921411395072937
2014,757,8406,0,0.09348186105489731
2014,757,8407,1,0.2966769337654114
2014,757,8408,1,0.19489386677742004
2014,757,8409,0,0.031163297593593597
2014,757,8410,1,0.09005457162857056
2014,757,8411,1,0.05504428967833519
2014,757,8412,0,0.058204229921102524
2014,757,8413,0,0.040738947689533234
2014,757,8414,0,0.01797359809279442
2014,757,8415,0,0.0680045560002327
2014,757,8416,1,0.14264892041683197
2014,757,8417,0,0.11284615844488144
2014,757,8418,0,0.05063072219491005
2014,757,8419,0,0.03682029992341995
2014,757,8420,0,0.12389916926622391
2014,757,8421,1,0.027088535949587822
2014,757,8422,0,0.028665617108345032
2014,757,8423,0,0.046847619116306305
2014,757,8424,0,0.03665667399764061
2014,757,8425,0,0.09943412244319916
2014,757,8426,0,0.08418484777212143
2014,757,8427,0,0.11384715139865875
2014,757,8428,0,0.03689483925700188
2014,757,8429,0,0.1059916540980339
2014,757,8430,1,0.12156295031309128
2014,757,8431,1,0.029218008741736412
2014,757,8432,0,0.08339964598417282
2014,757,8434,1,0.503521740436554
2014,757,8436,1,0.21765945851802826
2014,757,8438,0,0.09866317361593246
2014,757,8439,0,0.17091840505599976
2014,757,8440,0,0.08630877733230591
2014,757,8441,0,0.04571453109383583
2014,757,8442,0,0.08811474591493607
2014,757,8443,0,0.10241546481847763
2014,757,8444,1,0.22726787626743317
2014,757,8445,0,0.5128469467163086
2014,757,8446,0,0.17887751758098602
2014,757,8447,1,0.5083662271499634
2014,757,8448,1,0.08653464168310165
2014,757,8449,0,0.15130585432052612
2014,757,8450,0,0.06903564184904099
2014,757,8451,0,0.04420724883675575
2014,757,8452,0,0.13378402590751648
2014,757,8453,1,0.14589551091194153
2014,757,8454,0,0.19704976677894592
2014,757,8455,0,0.16532672941684723
2014,757,8456,0,0.10360075533390045
2014,757,8457,1,0.17078155279159546
2014,757,8458,0,0.07355261594057083
2014,757,8459,0,0.1280282586812973
2014,757,8460,0,0.09565575420856476
2014,757,8461,0,0.11029495298862457
2014,757,8462,1,0.09314786642789841
2014,757,8463,0,0.1822396218776703
2014,757,8464,0,0.09497220069169998
2014,757,8465,0,0.0995590090751648
2014,757,8466,0,0.05783382058143616
2014,757,8467,0,0.036816369742155075
2014,757,8468,0,0.09060036391019821
2014,757,8470,1,0.09699688851833344
2014,757,8471,0,0.030164530500769615
2014,757,8472,0,0.17770197987556458
2014,757,8473,0,0.14357197284698486
2014,757,8474,0,0.06261159479618073
2014,757,8475,1,0.5504254102706909
2014,757,8476,0,0.0875735953450203
2014,757,8477,1,0.030390093103051186
2014,757,8479,0,0.038260795176029205
2014,757,8480,0,0.09189347177743912
2014,757,8481,0,0.029909124597907066
2014,757,8482,0,0.04806365445256233
2014,757,8483,0,0.040431514382362366
2014,757,8484,0,0.04195825010538101
2014,757,8485,0,0.0823640525341034
2014,764,8404,0,0.5809852480888367
2014,764,8406,1,0.4157988131046295
2014,764,8407,0,0.12192367017269135
2014,764,8408,0,0.14829395711421967
2014,764,8409,0,0.06438470631837845
2014,764,8411,0,0.3865659534931183
2014,764,8412,0,0.0988004133105278
2014,764,8413,0,0.0305489469319582
2014,764,8414,0,0.02236919105052948
2014,764,8415,0,0.020721515640616417
2014,764,8416,1,0.23032332956790924
2014,764,8417,0,0.16015908122062683
2014,764,8418,0,0.03757518529891968
2014,764,8419,0,0.03164588287472725
2014,764,8420,0,0.30098143219947815
2014,764,8422,0,0.08836512267589569
2014,764,8428,0,0.1351216584444046
2014,764,8429,1,0.24652785062789917
2014,764,8431,0,0.0772944763302803
2014,764,8434,0,0.20604512095451355
2014,764,8436,0,0.14929941296577454
2014,764,8439,1,0.15179131925106049
2014,764,8442,1,0.2606799304485321
2014,764,8443,0,0.0940433219075203
2014,764,8445,1,0.26579567790031433
2014,764,8446,1,0.4190903902053833
2014,764,8447,1,0.3270057141780853
2014,764,8448,1,0.10231414437294006
2014,764,8450,0,0.048166852444410324
2014,764,8451,0,0.04870742931962013
2014,764,8452,0,0.060581859201192856
2014,764,8453,0,0.14508622884750366
2014,764,8454,1,0.4038437008857727
2014,764,8455,0,0.3196967840194702
2014,764,8456,1,0.15691009163856506
2014,764,8457,0,0.19014887511730194
2014,764,8458,0,0.406513512134552
2014,764,8459,0,0.14700691401958466
2014,764,8460,0,0.18184949457645416
2014,764,8461,0,0.17303010821342468
2014,764,8462,0,0.13619045913219452
2014,764,8466,0,0.11714419722557068
2014,764,8467,0,0.0813841000199318
2014,764,8468,1,0.7231990694999695
2014,764,8470,0,0.2951635718345642
2014,764,8471,0,0.023355931043624878
2014,764,8472,0,0.21512742340564728
2014,764,8473,0,0.1700773537158966
2014,764,8475,1,0.731151282787323
2014,764,8476,1,0.23965884745121002
2014,764,8477,0,0.10310443490743637
2014,764,8478,0,0.3620372712612152
2014,764,8479,0,0.05898024141788483
2014,764,8480,0,0.0599551647901535
2014,764,8481,0,0.022743990644812584
2014,764,8482,0,0.034726858139038086
2014,764,8483,0,0.06393657624721527
2014,764,8484,0,0.04453594237565994
2014,764,8485,0,0.0760408341884613
2014,752,8401,0,0.19705161452293396
2014,752,8402,0,0.10092183947563171
2014,752,8403,0,0.20101194083690643
2014,752,8404,0,0.11019163578748703
2014,752,8405,1,0.2319735288619995
2014,752,8406,1,0.13898709416389465
2014,752,8407,1,0.48553165793418884
2014,752,8408,0,0.12864919006824493
2014,752,8409,0,0.03767167031764984
2014,752,8412,0,0.0334017388522625
2014,752,8413,0,0.017374198883771896
2014,752,8414,0,0.01832137629389763
2014,752,8415,0,0.03282463178038597
2014,752,8416,1,0.08536142110824585
2014,752,8417,0,0.127333864569664
2014,752,8418,0,0.03146226331591606
2014,752,8419,0,0.024423159658908844
2014,752,8420,1,0.764419674873352
2014,752,8421,0,0.019277822226285934
2014,752,8422,0,0.02646549977362156
2014,752,8423,0,0.08308509737253189
2014,752,8424,0,0.032404448837041855
2014,752,8425,1,0.1044669970870018
2014,752,8426,0,0.06262484937906265
2014,752,8427,0,0.05963665992021561
2014,752,8428,0,0.03417819365859032
2014,752,8429,0,0.0995538979768753
2014,752,8430,0,0.03915618360042572
2014,752,8431,0,0.01961728185415268
2014,752,8432,1,0.06416185200214386
2014,752,8433,0,0.0328604057431221
2014,752,8434,1,0.08281242847442627
2014,752,8436,1,0.12396878749132156
2014,752,8437,0,0.0861121416091919
2014,752,8438,1,0.04056207463145256
2014,752,8439,0,0.13513822853565216
2014,752,8440,1,0.21723702549934387
2014,752,8441,0,0.08901030570268631
2014,752,8442,1,0.18060240149497986
2014,752,8443,0,0.10239346325397491
2014,752,8446,1,0.23390232026576996
2014,752,8447,1,0.2826871871948242
2014,752,8448,0,0.21678736805915833
2014,752,8449,0,0.31698015332221985
2014,752,8450,0,0.06704451888799667
2014,752,8451,0,0.0820627361536026
2014,752,8452,1,0.12233975529670715
2014,752,8454,0,0.1806522160768509
2014,752,8455,1,0.07968493551015854
2014,752,8456,0,0.4500725567340851
2014,752,8457,1,0.44961512088775635
2014,752,8458,0,0.2413722276687622
2014,752,8459,0,0.22783087193965912
2014,752,8460,0,0.09250982105731964
2014,752,8461,1,0.17431524395942688
2014,752,8462,0,0.13629990816116333
2014,752,8463,0,0.19437843561172485
2014,752,8464,1,0.2688636779785156
2014,752,8465,1,0.1007503867149353
2014,752,8466,1,0.07874880731105804
2014,752,8467,0,0.04409391060471535
2014,752,8468,0,0.1026211678981781
2014,752,8469,1,0.3545827269554138
2014,752,8470,0,0.1625167280435562
2014,752,8471,0,0.08097001910209656
2014,752,8472,1,0.10525481402873993
2014,752,8473,0,0.13265711069107056
2014,752,8474,1,0.03193027153611183
2014,752,8475,1,0.11227065324783325
2014,752,8476,1,0.21528983116149902
2014,752,8477,0,0.054571740329265594
2014,752,8478,1,0.5405905842781067
2014,752,8479,0,0.05123814940452576
2014,752,8480,1,0.24930983781814575
2014,752,8481,0,0.018898067995905876
2014,752,8482,0,0.02360456809401512
2014,752,8483,0,0.0328955315053463
2014,752,8484,0,0.03219237178564072
2014,752,8485,1,0.03732471913099289
2014,372,8402,0,0.39313656091690063
2014,372,8403,0,0.20199210941791534
2014,372,8404,1,0.49391016364097595
2014,372,8406,1,0.2339489609003067
2014,372,8407,1,0.19123052060604095
2014,372,8409,1,0.05562908574938774
2014,372,8411,0,0.10121925175189972
2014,372,8412,0,0.16275982558727264
2014,372,8413,0,0.033163558691740036
2014,372,8414,0,0.03396710008382797
2014,372,8415,1,0.2833694517612457
2014,372,8416,1,0.274844229221344
2014,372,8418,0,0.06544677913188934
2014,372,8419,1,0.11033245921134949
2014,372,8421,0,0.034047115594148636
2014,372,8422,0,0.056638751178979874
2014,372,8423,1,0.29474303126335144
2014,372,8424,1,0.1793365180492401
2014,372,8425,0,0.1687583476305008
2014,372,8426,0,0.1427193135023117
2014,372,8427,0,0.17012439668178558
2014,372,8428,0,0.08541907370090485
2014,372,8429,1,0.12109628319740295
2014,372,8430,0,0.3070085048675537
2014,372,8431,0,0.04374266788363457
2014,372,8432,1,0.12108151614665985
2014,372,8433,1,0.09224643558263779
2014,372,8434,1,0.2657770812511444
2014,372,8436,1,0.13987389206886292
2014,372,8437,1,0.36779293417930603
2014,372,8439,1,0.2516685426235199
2014,372,8440,1,0.22018763422966003
2014,372,8441,0,0.13052931427955627
2014,372,8443,1,0.1116751953959465
2014,372,8444,1,0.778237521648407
2014,372,8448,0,0.19512121379375458
2014,372,8450,0,0.5904319286346436
2014,372,8451,0,0.1978183090686798
2014,372,8456,1,0.46869388222694397
2014,372,8460,1,0.19705826044082642
2014,372,8461,1,0.53782719373703
2014,372,8462,1,0.24610543251037598
2014,372,8463,0,0.26500892639160156
2014,372,8465,0,0.34473466873168945
2014,372,8466,1,0.3717203140258789
2014,372,8467,0,0.2526337206363678
2014,372,8468,1,0.20621414482593536
2014,372,8470,1,0.18939511477947235
2014,372,8471,0,0.02783682756125927
2014,372,8473,0,0.10764013975858688
2014,372,8474,0,0.08325973898172379
2014,372,8475,1,0.46824911236763
2014,372,8476,1,0.14415670931339264
2014,372,8477,1,0.12238266319036484
2014,372,8478,0,0.5549615025520325
2014,372,8479,0,0.10833108425140381
2014,372,8480,0,0.11119690537452698
2014,372,8481,0,0.04192233458161354
2014,372,8483,0,0.07057182490825653
2014,372,8484,0,0.06627900898456573
2014,372,8485,0,0.08955847471952438
2014,40,8401,1,0.6057830452919006
2014,40,8402,0,0.11926554888486862
2014,40,8403,1,0.16435620188713074
2014,40,8404,1,0.4199782609939575
2014,40,8405,1,0.23255184292793274
2014,40,8406,0,0.1716906875371933
2014,40,8407,1,0.12945039570331573
2014,40,8408,0,0.21007344126701355
2014,40,8409,0,0.08206609636545181
2014,40,8410,1,0.5668067336082458
2014,40,8411,1,0.16974519193172455
2014,40,8412,0,0.03802460804581642
2014,40,8413,0,0.02302570454776287
2014,40,8414,0,0.021573685109615326
2014,40,8415,0,0.03613898903131485
2014,40,8416,1,0.12097921967506409
2014,40,8417,1,0.13979141414165497
2014,40,8418,0,0.036824215203523636
2014,40,8419,1,0.03218240290880203
2014,40,8420,0,0.15906265377998352
2014,40,8421,0,0.02164074033498764
2014,40,8422,1,0.03885690122842789
2014,40,8423,0,0.04070158302783966
2014,40,8424,0,0.029498280957341194
2014,40,8425,1,0.1763422042131424
2014,40,8426,0,0.06131020933389664
2014,40,8427,0,0.15281453728675842
2014,40,8428,0,0.03810116648674011
2014,40,8429,0,0.0992068350315094
2014,40,8430,0,0.07635584473609924
2014,40,8431,0,0.0331646203994751
2014,40,8432,1,0.06915772706270218
2014,40,8433,0,0.03959113731980324
2014,40,8434,1,0.4046180546283722
2014,40,8435,0,0.10543348640203476
2014,40,8436,0,0.06510794162750244
2014,40,8437,1,0.10616777092218399
2014,40,8438,0,0.03812149539589882
2014,40,8439,1,0.4097546935081482
2014,40,8441,0,0.11536207795143127
2014,40,8442,1,0.07540475577116013
2014,40,8444,0,0.4134049415588379
2014,40,8445,1,0.421975702047348
2014,40,8446,1,0.22472356259822845
2014,40,8447,0,0.17928403615951538
2014,40,8448,0,0.10681182146072388
2014,40,8449,1,0.1783774048089981
2014,40,8450,0,0.4354426860809326
2014,40,8451,0,0.07070254534482956
2014,40,8452,0,0.07607152312994003
2014,40,8453,1,0.20366163551807404
2014,40,8454,0,0.1065724715590477
2014,40,8455,0,0.10453031212091446
2014,40,8456,0,0.09789342433214188
2014,40,8457,0,0.11750059574842453
2014,40,8458,0,0.06254267692565918
2014,40,8459,0,0.08279482275247574
2014,40,8460,0,0.18910373747348785
2014,40,8461,0,0.09916432201862335
2014,40,8462,1,0.07831914722919464
2014,40,8463,0,0.10244788229465485
2014,40,8464,1,0.10493434220552444
2014,40,8465,0,0.08368770033121109
2014,40,8466,1,0.054753970354795456
2014,40,8467,1,0.028699586167931557
2014,40,8468,0,0.15870149433612823
2014,40,8470,0,0.16207243502140045
2014,40,8471,1,0.03672148287296295
2014,40,8472,0,0.19616557657718658
2014,40,8473,1,0.09998191148042679
2014,40,8474,0,0.036057449877262115
2014,40,8475,1,0.44895997643470764
2014,40,8476,0,0.1398375928401947
2014,40,8477,0,0.03902779147028923
2014,40,8478,0,0.18200762569904327
2014,40,8479,0,0.034567419439554214
2014,40,8480,0,0.06038938835263252
2014,40,8481,0,0.02068369649350643
2014,40,8482,1,0.05625639483332634
2014,40,8483,0,0.03941218927502632
2014,40,8484,0,0.07256395369768143
2014,40,8485,0,0.17067958414554596
2014,724,8401,0,0.2040151208639145
2014,724,8402,1,0.3039119839668274
2014,724,8403,0,0.1730341613292694
2014,724,8404,1,0.221794992685318
2014,724,8405,0,0.12775784730911255
2014,724,8406,1,0.2869497537612915
2014,724,8407,0,0.11868973821401596
2014,724,8408,0,0.10669770836830139
2014,724,8409,0,0.02983909472823143
2014,724,8410,1,0.10073143243789673
2014,724,8411,1,0.07118891924619675
2014,724,8412,0,0.06310702115297318
2014,724,8413,0,0.01712672784924507
2014,724,8414,0,0.01838911511003971
2014,724,8415,0,0.031484007835388184
2014,724,8416,0,0.19809281826019287
2014,724,8417,0,0.33525705337524414
2014,724,8418,0,0.02519632689654827
2014,724,8420,0,0.08199725300073624
2014,724,8421,0,0.049603208899497986
2014,724,8422,0,0.029731212183833122
2014,724,8423,0,0.0329994261264801
2014,724,8424,0,0.028522897511720657
2014,724,8425,0,0.03144114091992378
2014,724,8426,0,0.04162905737757683
2014,724,8427,0,0.0349108949303627
2014,724,8428,0,0.03211360052227974
2014,724,8431,0,0.01877726800739765
2014,724,8432,0,0.039279744029045105
2014,724,8433,0,0.04367118328809738
2014,724,8434,0,0.21640810370445251
2014,724,8435,0,0.1538746953010559
2014,724,8436,0,0.1059076189994812
2014,724,8437,1,0.08820396661758423
2014,724,8438,0,0.08582939207553864
2014,724,8439,1,0.09355738013982773
2014,724,8440,0,0.14349986612796783
2014,724,8441,0,0.03917306661605835
2014,724,8442,0,0.1531921923160553
2014,724,8443,0,0.05328022688627243
2014,724,8444,0,0.130783811211586
2014,724,8445,0,0.1487184762954712
2014,724,8446,1,0.2245206981897354
2014,724,8447,0,0.1558769941329956
2014,724,8448,0,0.08865848183631897
2014,724,8449,0,0.4263955354690552
2014,724,8450,1,0.0396798737347126
2014,724,8451,0,0.05696292221546173
2014,724,8452,0,0.27063238620758057
2014,724,8453,1,0.09011785686016083
2014,724,8454,0,0.09436182677745819
2014,724,8455,1,0.2778572142124176
2014,724,8456,0,0.08931965380907059
2014,724,8457,1,0.1746281534433365
2014,724,8458,1,0.07502755522727966
2014,724,8459,0,0.07553539425134659
2014,724,8460,1,0.11487001180648804
2014,724,8461,0,0.13621778786182404
2014,724,8462,1,0.048804350197315216
2014,724,8463,0,0.09352140128612518
2014,724,8464,0,0.08182267099618912
2014,724,8465,0,0.07019232213497162
2014,724,8466,0,0.027946418151259422
2014,724,8467,0,0.08564527332782745
2014,724,8468,1,0.3568000793457031
2014,724,8470,0,0.161640003323555
2014,724,8471,0,0.05457722768187523
2014,724,8472,0,0.1268661916255951
2014,724,8473,1,0.1187203899025917
2014,724,8474,0,0.04285114258527756
2014,724,8475,1,0.3453398048877716
2014,724,8476,0,0.08599929511547089
2014,724,8477,1,0.04678598418831825
2014,724,8478,1,0.47316548228263855
2014,724,8479,0,0.025487523525953293
2014,724,8480,1,0.10513673722743988
2014,724,8481,0,0.01815239153802395
2014,724,8482,0,0.05455058813095093
2014,724,8483,0,0.032669056206941605
2014,724,8484,0,0.03139251843094826
2014,724,8485,1,0.07354867458343506
2015,842,8401,0,0.22354184091091156
2015,842,8402,1,0.2943059504032135
2015,842,8403,1,0.1331150382757187
2015,842,8404,1,0.1863396316766739
2015,842,8405,0,0.4335099458694458
2015,842,8406,0,0.20020046830177307
2015,842,8407,0,0.06634005904197693
2015,842,8408,1,0.14637655019760132
2015,842,8409,0,0.04057779535651207
2015,842,8410,0,0.20434176921844482
2015,842,8411,0,0.08748489618301392
2015,842,8412,0,0.032340049743652344
2015,842,8413,0,0.043103963136672974
2015,842,8414,0,0.05494339391589165
2015,842,8415,0,0.07841035723686218
2015,842,8416,1,0.15699942409992218
2015,842,8417,0,0.10068846493959427
2015,842,8418,0,0.03439522162079811
2015,842,8419,0,0.04048386216163635
2015,842,8420,1,0.17711608111858368
2015,842,8421,0,0.025735685601830482
2015,842,8422,0,0.03365635871887207
2015,842,8423,0,0.08284252882003784
2015,842,8424,0,0.027163254097104073
2015,842,8425,1,0.03463253006339073
2015,842,8426,1,0.18106666207313538
2015,842,8427,0,0.056767530739307404
2015,842,8428,0,0.0383228175342083
2015,842,8429,1,0.08574926853179932
2015,842,8430,1,0.05862848088145256
2015,842,8431,1,0.06413030624389648
2015,842,8432,0,0.16710634529590607
2015,842,8433,0,0.034881167113780975
2015,842,8434,1,0.12086992710828781
2015,842,8435,0,0.3041054308414459
2015,842,8436,0,0.13085943460464478
2015,842,8437,0,0.22530722618103027
2015,842,8438,0,0.06706171482801437
2015,842,8439,0,0.11452449858188629
2015,842,8440,1,0.12587381899356842
2015,842,8441,0,0.0801071748137474
2015,842,8442,0,0.262137234210968
2015,842,8443,0,0.06061456725001335
2015,842,8444,0,0.18820686638355255
2015,842,8446,1,0.307561457157135
2015,842,8447,1,0.1117372140288353
2015,842,8449,1,0.18223614990711212
2015,842,8450,0,0.09398075938224792
2015,842,8451,0,0.04058975353837013
2015,842,8452,0,0.07126501947641373
2015,842,8453,0,0.1411123126745224
2015,842,8454,0,0.2366843968629837
2015,842,8455,1,0.10894829034805298
2015,842,8456,0,0.14975441992282867
2015,842,8457,0,0.19782309234142303
2015,842,8458,0,0.11934976279735565
2015,842,8459,1,0.07918455451726913
2015,842,8460,0,0.09600094705820084
2015,842,8461,0,0.09592942148447037
2015,842,8462,1,0.11528389900922775
2015,842,8463,0,0.13274136185646057
2015,842,8464,1,0.13996875286102295
2015,842,8465,0,0.11897039413452148
2015,842,8466,0,0.0496208630502224
2015,842,8467,0,0.042097993195056915
2015,842,8468,0,0.07010096311569214
2015,842,8470,0,0.35210639238357544
2015,842,8471,0,0.022730236873030663
2015,842,8472,0,0.10668284446001053
2015,842,8473,0,0.06634596735239029
2015,842,8474,1,0.06930294632911682
2015,842,8475,0,0.2130134105682373
2015,842,8476,0,0.13093645870685577
2015,842,8477,0,0.06036283075809479
2015,842,8478,0,0.18632201850414276
2015,842,8479,0,0.05269058421254158
2015,842,8480,0,0.07952196151018143
2015,842,8481,0,0.022999383509159088
2015,842,8482,0,0.02825375646352768
2015,842,8483,0,0.04041050374507904
2015,842,8484,0,0.027898607775568962
2015,842,8485,0,0.09001007676124573
2015,276,8401,0,0.30964890122413635
2015,276,8402,0,0.09598253667354584
2015,276,8403,0,0.1087876707315445
2015,276,8404,0,0.1149376705288887
2015,276,8405,0,0.1292591392993927
2015,276,8406,0,0.08406045287847519
2015,276,8407,0,0.11189272254705429
2015,276,8408,0,0.06328950822353363
2015,276,8409,0,0.04766162112355232
2015,276,8410,0,0.1672491580247879
2015,276,8411,0,0.060758695006370544
2015,276,8412,0,0.031514972448349
2015,276,8413,0,0.028216945007443428
2015,276,8414,0,0.032471913844347
2015,276,8415,0,0.04734285548329353
2015,276,8416,0,0.054058924317359924
2015,276,8417,0,0.08366116136312485
2015,276,8418,0,0.03554685786366463
2015,276,8419,0,0.03169143944978714
2015,276,8420,0,0.12074147909879684
2015,276,8421,0,0.02727094106376171
2015,276,8422,0,0.03559757024049759
2015,276,8423,0,0.03049500100314617
2015,276,8424,0,0.027960365638136864
2015,276,8425,0,0.028639638796448708
2015,276,8426,0,0.07897119969129562
2015,276,8427,0,0.09280586242675781
2015,276,8428,0,0.026259111240506172
2015,276,8429,0,0.07337726652622223
2015,276,8430,0,0.09060708433389664
2015,276,8431,0,0.03824200853705406
2015,276,8432,0,0.09259688854217529
2015,276,8433,0,0.03949449956417084
2015,276,8434,0,0.10576647520065308
2015,276,8435,0,0.17169539630413055
2015,276,8436,0,0.08152998983860016
2015,276,8437,0,0.07157742977142334
2015,276,8438,0,0.026081068441271782
2015,276,8439,0,0.14838434755802155
2015,276,8440,0,0.07454808056354523
2015,276,8441,0,0.06436672806739807
2015,276,8442,0,0.10688699036836624
2015,276,8443,0,0.035961493849754333
2015,276,8444,1,0.2866072356700897
2015,276,8445,0,0.1384863257408142
2015,276,8446,0,0.20728978514671326
2015,276,8447,0,0.15796874463558197
2015,276,8448,0,0.05970980226993561
2015,276,8449,0,0.13197708129882812
2015,276,8450,0,0.11959781497716904
2015,276,8451,0,0.03396639600396156
2015,276,8452,0,0.046763066202402115
2015,276,8453,0,0.08289333432912827
2015,276,8454,0,0.1346665918827057
2015,276,8455,1,0.2244441658258438
2015,276,8456,0,0.11299619823694229
2015,276,8457,0,0.23319131135940552
2015,276,8458,0,0.12482880055904388
2015,276,8459,0,0.06262438744306564
2015,276,8460,0,0.10586101561784744
2015,276,8461,0,0.07185285538434982
2015,276,8462,0,0.05826006084680557
2015,276,8463,0,0.1331843137741089
2015,276,8464,0,0.09436947107315063
2015,276,8465,0,0.048802588135004044
2015,276,8466,0,0.05221518874168396
2015,276,8467,0,0.03375422582030296
2015,276,8468,0,0.06950698047876358
2015,276,8469,1,0.24694660305976868
2015,276,8470,0,0.10444745421409607
2015,276,8471,0,0.04894571378827095
2015,276,8472,0,0.053132884204387665
2015,276,8473,0,0.06392885744571686
2015,276,8474,0,0.05528981611132622
2015,276,8475,0,0.15878990292549133
2015,276,8476,0,0.13621805608272552
2015,276,8477,0,0.04320845380425453
2015,276,8478,0,0.09547663480043411
2015,276,8479,0,0.04136807471513748
2015,276,8480,0,0.06384555995464325
2015,276,8481,0,0.03024233505129814
2015,276,8482,0,0.028455713763833046
2015,276,8483,0,0.031387872993946075
2015,276,8484,0,0.027920743450522423
2015,276,8485,0,0.04150994122028351
2015,392,8401,0,0.23658907413482666
2015,392,8402,1,0.20127594470977783
2015,392,8404,0,0.501876711845398
2015,392,8405,0,0.2029457837343216
2015,392,8406,0,0.12839375436306
2015,392,8407,0,0.05797867476940155
2015,392,8408,0,0.04157951846718788
2015,392,8409,0,0.024421488866209984
2015,392,8410,0,0.11900268495082855
2015,392,8411,0,0.08852503448724747
2015,392,8412,0,0.0478648878633976
2015,392,8413,0,0.023482561111450195
2015,392,8414,0,0.024195700883865356
2015,392,8415,0,0.026148082688450813
2015,392,8416,0,0.23300772905349731
2015,392,8417,0,0.12320009618997574
2015,392,8418,0,0.03853921219706535
2015,392,8419,0,0.0668702945113182
2015,392,8420,0,0.2176257222890854
2015,392,8421,0,0.019456615671515465
2015,392,8422,0,0.04300234839320183
2015,392,8423,0,0.06332331150770187
2015,392,8424,0,0.032148994505405426
2015,392,8425,0,0.03739146888256073
2015,392,8426,0,0.1017313227057457
2015,392,8427,0,0.04155630245804787
2015,392,8428,0,0.05531609430909157
2015,392,8429,0,0.08111552149057388
2015,392,8430,0,0.07640660554170609
2015,392,8431,0,0.04333497956395149
2015,392,8432,0,0.11808126419782639
2015,392,8433,0,0.050778795033693314
2015,392,8434,1,0.59784334897995
2015,392,8435,0,0.18098463118076324
2015,392,8436,0,0.10981263220310211
2015,392,8437,0,0.12128777801990509
2015,392,8438,0,0.059115320444107056
2015,392,8439,0,0.12395305186510086
2015,392,8440,0,0.12572486698627472
2015,392,8441,0,0.09716235846281052
2015,392,8442,0,0.1799495965242386
2015,392,8443,0,0.07623507082462311
2015,392,8444,1,0.21084995567798615
2015,392,8445,0,0.2010047435760498
2015,392,8446,0,0.18318714201450348
2015,392,8447,0,0.10694922506809235
2015,392,8448,0,0.09327640384435654
2015,392,8449,0,0.16216470301151276
2015,392,8450,0,0.11298003792762756
2015,392,8451,0,0.07424966990947723
2015,392,8452,0,0.06003603711724281
2015,392,8453,0,0.13556264340877533
2015,392,8454,0,0.151737242937088
2015,392,8455,0,0.12211736291646957
2015,392,8456,0,0.25259751081466675
2015,392,8457,1,0.14466232061386108
2015,392,8458,0,0.1429116427898407
2015,392,8459,1,0.12584826350212097
2015,392,8460,0,0.11361080408096313
2015,392,8461,0,0.11337193101644516
2015,392,8462,0,0.1272413432598114
2015,392,8463,0,0.1266663372516632
2015,392,8464,0,0.1933821141719818
2015,392,8465,1,0.10358676314353943
2015,392,8466,0,0.06831616163253784
2015,392,8467,0,0.03630910813808441
2015,392,8468,0,0.11538977921009064
2015,392,8469,0,0.1784117966890335
2015,392,8470,1,0.14253608882427216
2015,392,8471,0,0.026979731395840645
2015,392,8472,0,0.04951851814985275
2015,392,8473,0,0.10922206938266754
2015,392,8474,0,0.07549901306629181
2015,392,8475,0,0.2366243302822113
2015,392,8476,0,0.15696533024311066
2015,392,8477,0,0.05409486964344978
2015,392,8478,1,0.7634727358818054
2015,392,8479,0,0.07632707804441452
2015,392,8480,0,0.054213520139455795
2015,392,8481,0,0.02696158178150654
2015,392,8482,0,0.02574937976896763
2015,392,8483,0,0.023752514272928238
2015,392,8484,0,0.02725142613053322
2015,392,8485,0,0.03567057102918625
2015,156,8401,0,0.5417196154594421
2015,156,8402,0,0.07798849046230316
2015,156,8403,0,0.2822776436805725
2015,156,8404,0,0.3149378001689911
2015,156,8405,1,0.42699575424194336
2015,156,8406,0,0.10443378984928131
2015,156,8407,0,0.05023837089538574
2015,156,8408,0,0.03575914353132248
2015,156,8409,0,0.023786550387740135
2015,156,8411,0,0.061636894941329956
2015,156,8412,0,0.029921364039182663
2015,156,8413,0,0.0179563257843256
2015,156,8414,0,0.01709391176700592
2015,156,8415,0,0.015892157331109047
2015,156,8416,0,0.06749581545591354
2015,156,8417,0,0.08951319009065628
2015,156,8418,0,0.02110796608030796
2015,156,8419,0,0.03678363934159279
2015,156,8420,0,0.06442388892173767
2015,156,8421,0,0.020345892757177353
2015,156,8422,0,0.018477004021406174
2015,156,8423,0,0.02989223599433899
2015,156,8424,0,0.02377929352223873
2015,156,8425,0,0.02926797792315483
2015,156,8426,0,0.030293194577097893
2015,156,8427,0,0.03540090098977089
2015,156,8428,0,0.05293772369623184
2015,156,8430,1,0.09159579128026962
2015,156,8431,0,0.02403959259390831
2015,156,8432,0,0.024419959634542465
2015,156,8433,0,0.018114639446139336
2015,156,8434,0,0.03917950391769409
2015,156,8436,0,0.01882404275238514
2015,156,8439,1,0.27716171741485596
2015,156,8440,0,0.047111354768276215
2015,156,8441,0,0.029909878969192505
2015,156,8442,0,0.03293296694755554
2015,156,8443,0,0.02200416661798954
2015,156,8444,0,0.07708275318145752
2015,156,8445,0,0.07891891896724701
2015,156,8446,1,0.16810746490955353
2015,156,8447,0,0.07790507376194
2015,156,8448,0,0.03385114669799805
2015,156,8449,0,0.10089454054832458
2015,156,8450,0,0.07611403614282608
2015,156,8451,0,0.020942363888025284
2015,156,8452,0,0.01907830312848091
2015,156,8453,0,0.036385491490364075
2015,156,8454,1,0.08522053807973862
2015,156,8455,0,0.09687257558107376
2015,156,8456,0,0.020895466208457947
2015,156,8457,1,0.05504881590604782
2015,156,8458,0,0.028838451951742172
2015,156,8459,0,0.04375385120511055
2015,156,8460,0,0.0250457264482975
2015,156,8461,0,0.026909736916422844
2015,156,8462,0,0.02845599874854088
2015,156,8463,0,0.038273464888334274
2015,156,8464,0,0.03920077160000801
2015,156,8465,0,0.03461714833974838
2015,156,8466,0,0.035745490342378616
2015,156,8467,0,0.023954687640070915
2015,156,8468,0,0.025571830570697784
2015,156,8469,0,0.14131948351860046
2015,156,8470,0,0.029949039220809937
2015,156,8471,0,0.024304091930389404
2015,156,8472,0,0.02574928291141987
2015,156,8473,0,0.030457448214292526
2015,156,8475,1,0.17715677618980408
2015,156,8476,0,0.05944661423563957
2015,156,8477,0,0.019313156604766846
2015,156,8478,0,0.09700791537761688
2015,156,8479,0,0.028430690988898277
2015,156,8480,0,0.05847219377756119
2015,156,8481,0,0.013916244730353355
2015,156,8482,0,0.01963036321103573
2015,156,8483,0,0.01872210018336773
2015,156,8484,0,0.02982991747558117
2015,380,8401,0,0.2739374041557312
2015,380,8402,0,0.14097455143928528
2015,380,8403,0,0.08543317019939423
2015,380,8404,0,0.17954471707344055
2015,380,8406,0,0.17920541763305664
2015,380,8407,0,0.15442660450935364
2015,380,8408,0,0.10804717242717743
2015,380,8409,0,0.04514997825026512
2015,380,8410,0,0.1175641193985939
2015,380,8411,0,0.47895386815071106
2015,380,8412,0,0.05103759095072746
2015,380,8413,0,0.024015456438064575
2015,380,8414,0,0.026840101927518845
2015,380,8415,0,0.0412571020424366
2015,380,8416,0,0.05191972851753235
2015,380,8417,0,0.19191166758537292
2015,380,8418,0,0.03520221263170242
2015,380,8419,0,0.03004021756350994
2015,380,8420,0,0.14862962067127228
2015,380,8421,0,0.022053798660635948
2015,380,8422,0,0.031241433694958687
2015,380,8423,0,0.05957701802253723
2015,380,8424,0,0.026339951902627945
2015,380,8425,0,0.0375865176320076
2015,380,8426,0,0.07609998434782028
2015,380,8427,0,0.10809662938117981
2015,380,8428,0,0.044622886925935745
2015,380,8429,0,0.06766143441200256
2015,380,8430,0,0.09085141122341156
2015,380,8431,0,0.035973019897937775
2015,380,8432,0,0.03401550278067589
2015,380,8433,0,0.04555751010775566
2015,380,8434,0,0.09667322784662247
2015,380,8435,0,0.14934654533863068
2015,380,8436,0,0.04588763788342476
2015,380,8437,0,0.15763409435749054
2015,380,8438,0,0.03717464953660965
2015,380,8439,0,0.12846887111663818
2015,380,8440,0,0.12472277134656906
2015,380,8441,0,0.06849060207605362
2015,380,8442,0,0.13008645176887512
2015,380,8443,0,0.048181287944316864
2015,380,8444,0,0.14259018003940582
2015,380,8445,0,0.18702968955039978
2015,380,8446,0,0.14828822016716003
2015,380,8447,0,0.13692638278007507
2015,380,8448,0,0.050905514508485794
2015,380,8449,0,0.3489975929260254
2015,380,8450,0,0.12808041274547577
2015,380,8451,0,0.04247914254665375
2015,380,8453,0,0.05800149217247963
2015,380,8454,0,0.12070020288228989
2015,380,8455,0,0.16789044439792633
2015,380,8456,0,0.09959349036216736
2015,380,8457,0,0.12946559488773346
2015,380,8458,0,0.11386346071958542
2015,380,8459,0,0.10383389890193939
2015,380,8460,0,0.11484943330287933
2015,380,8461,0,0.08379349112510681
2015,380,8462,0,0.06331150233745575
2015,380,8463,0,0.10159000754356384
2015,380,8464,0,0.08650213479995728
2015,380,8465,0,0.0570695586502552
2015,380,8466,0,0.051121097058057785
2015,380,8467,0,0.04218858852982521
2015,380,8468,1,0.09735029935836792
2015,380,8470,0,0.1910206526517868
2015,380,8471,0,0.04696476832032204
2015,380,8472,0,0.11091142147779465
2015,380,8473,0,0.06021379306912422
2015,380,8474,0,0.061273980885744095
2015,380,8475,0,0.15453855693340302
2015,380,8476,0,0.08677268028259277
2015,380,8477,0,0.04599756374955177
2015,380,8478,0,0.1337638795375824
2015,380,8479,0,0.03937667980790138
2015,380,8480,0,0.08331646025180817
2015,380,8481,0,0.021494973450899124
2015,380,8482,0,0.06756115704774857
2015,380,8483,0,0.03404662758111954
2015,380,8484,0,0.04051971063017845
2015,380,8485,0,0.05360405892133713
2015,826,8401,1,0.37339192628860474
2015,826,8403,0,0.15453365445137024
2015,826,8404,0,0.12828654050827026
2015,826,8405,1,0.11222021281719208
2015,826,8406,0,0.10383857786655426
2015,826,8407,1,0.11810086667537689
2015,826,8408,0,0.08213221281766891
2015,826,8409,0,0.035444919019937515
2015,826,8411,0,0.06163002923130989
2015,826,8412,0,0.05022788420319557
2015,826,8413,0,0.02646864391863346
2015,826,8414,0,0.023927465081214905
2015,826,8415,0,0.041330594569444656
2015,826,8416,0,0.0787624940276146
2015,826,8417,0,0.07226662337779999
2015,826,8418,0,0.030058948323130608
2015,826,8419,0,0.0343744158744812
2015,826,8420,1,0.11547570675611496
2015,826,8421,0,0.026955537497997284
2015,826,8422,0,0.03372318670153618
2015,826,8423,0,0.026685060933232307
2015,826,8424,0,0.01956535130739212
2015,826,8425,0,0.040684979408979416
2015,826,8426,0,0.09636499732732773
2015,826,8427,0,0.08741188794374466
2015,826,8428,0,0.04290258511900902
2015,826,8429,0,0.0624014288187027
2015,826,8431,1,0.03520255908370018
2015,826,8432,0,0.04770546033978462
2015,826,8433,0,0.10018900036811829
2015,826,8434,0,0.10146588832139969
2015,826,8435,1,0.1882258951663971
2015,826,8436,0,0.0604046955704689
2015,826,8437,0,0.08855202794075012
2015,826,8438,0,0.03398021310567856
2015,826,8439,0,0.09352706372737885
2015,826,8440,0,0.13947248458862305
2015,826,8441,0,0.07262923568487167
2015,826,8442,0,0.08969696611166
2015,826,8443,0,0.043553151190280914
2015,826,8444,1,0.4063885807991028
2015,826,8445,0,0.23138077557086945
2015,826,8446,1,0.27274689078330994
2015,826,8447,1,0.12086304277181625
2015,826,8448,0,0.09205764532089233
2015,826,8450,0,0.10936040431261063
2015,826,8451,0,0.052631791681051254
2015,826,8452,0,0.07552659511566162
2015,826,8453,0,0.11154188215732574
2015,826,8454,0,0.2850896418094635
2015,826,8455,0,0.10833552479743958
2015,826,8456,0,0.13906916975975037
2015,826,8457,1,0.34891289472579956
2015,826,8458,1,0.2551879286766052
2015,826,8459,1,0.11158744990825653
2015,826,8460,0,0.1436440646648407
2015,826,8461,0,0.07889549434185028
2015,826,8462,0,0.08496886491775513
2015,826,8463,0,0.1789482682943344
2015,826,8464,0,0.18680094182491302
2015,826,8465,0,0.08448324352502823
2015,826,8466,0,0.04195127263665199
2015,826,8467,0,0.03633726388216019
2015,826,8468,0,0.11581642925739288
2015,826,8470,1,0.21726281940937042
2015,826,8471,0,0.031884852796792984
2015,826,8472,0,0.04631958156824112
2015,826,8473,0,0.04804126173257828
2015,826,8474,0,0.04738331586122513
2015,826,8475,0,0.15811584889888763
2015,826,8476,0,0.13435415923595428
2015,826,8477,0,0.04929227754473686
2015,826,8478,1,0.11330611258745193
2015,826,8479,1,0.039154957979917526
2015,826,8480,0,0.0717330127954483
2015,826,8481,0,0.02330775558948517
2015,826,8482,0,0.03973713889718056
2015,826,8483,0,0.02941746450960636
2015,826,8484,0,0.03437243029475212
2015,826,8485,0,0.0434248261153698
2015,251,8401,0,0.25654277205467224
2015,251,8402,0,0.22942782938480377
2015,251,8403,0,0.10793525725603104
2015,251,8406,0,0.12151387333869934
2015,251,8407,0,0.08267374336719513
2015,251,8408,0,0.12464727461338043
2015,251,8409,0,0.04492713138461113
2015,251,8411,0,0.08224302530288696
2015,251,8412,0,0.07492483407258987
2015,251,8413,0,0.035483721643686295
2015,251,8414,0,0.03732971474528313
2015,251,8415,0,0.05030312016606331
2015,251,8416,1,0.12077625840902328
2015,251,8417,1,0.137489914894104
2015,251,8418,0,0.04547795653343201
2015,251,8419,0,0.04037753865122795
2015,251,8420,0,0.2342187911272049
2015,251,8421,0,0.029532434418797493
2015,251,8422,0,0.03911208361387253
2015,251,8424,0,0.0378732904791832
2015,251,8425,1,0.04450203850865364
2015,251,8427,0,0.10884637385606766
2015,251,8428,0,0.054587215185165405
2015,251,8429,0,0.10595644265413284
2015,251,8430,0,0.09588666260242462
2015,251,8431,0,0.04502425342798233
2015,251,8432,0,0.05294429138302803
2015,251,8433,0,0.06203164532780647
2015,251,8434,0,0.13323883712291718
2015,251,8435,0,0.17619042098522186
2015,251,8436,0,0.05528911575675011
2015,251,8438,0,0.04441254958510399
2015,251,8439,0,0.1268421709537506
2015,251,8440,0,0.13288234174251556
2015,251,8441,0,0.10321880877017975
2015,251,8442,0,0.32602164149284363
2015,251,8443,0,0.06351148337125778
2015,251,8444,0,0.1771528124809265
2015,251,8445,1,0.2720646262168884
2015,251,8446,0,0.25733673572540283
2015,251,8447,0,0.18489019572734833
2015,251,8448,0,0.1367276906967163
2015,251,8449,0,0.536058783531189
2015,251,8450,1,0.13813215494155884
2015,251,8451,0,0.07161904871463776
2015,251,8452,0,0.13022084534168243
2015,251,8453,0,0.12286919355392456
2015,251,8454,1,0.167226642370224
2015,251,8455,1,0.14332997798919678
2015,251,8456,0,0.14647555351257324
2015,251,8457,0,0.26550090312957764
2015,251,8458,0,0.1850397139787674
2015,251,8459,0,0.18046945333480835
2015,251,8460,0,0.10926014930009842
2015,251,8461,1,0.22935621440410614
2015,251,8462,0,0.09069003909826279
2015,251,8463,0,0.18890415132045746
2015,251,8464,0,0.15804563462734222
2015,251,8465,0,0.12249187380075455
2015,251,8466,0,0.0821416899561882
2015,251,8467,0,0.0724562332034111
2015,251,8468,0,0.11951369792222977
2015,251,8470,0,0.14830699563026428
2015,251,8471,0,0.039948128163814545
2015,251,8472,0,0.18660195171833038
2015,251,8473,0,0.07896319031715393
2015,251,8475,0,0.17174924910068512
2015,251,8476,1,0.4671665132045746
2015,251,8477,0,0.04437827691435814
2015,251,8478,1,0.16257566213607788
2015,251,8479,0,0.047351907938718796
2015,251,8480,0,0.09023260325193405
2015,251,8481,0,0.028668394312262535
2015,251,8482,0,0.05505339428782463
2015,251,8483,0,0.03329057991504669
2015,251,8484,0,0.03867754712700844
2015,251,8485,0,0.04061125963926315
2015,490,8402,1,0.34490638971328735
2015,490,8403,0,0.27029553055763245
2015,490,8404,0,0.25315773487091064
2015,490,8405,1,0.6143222451210022
2015,490,8406,1,0.6656646132469177
2015,490,8407,0,0.19293047487735748
2015,490,8408,0,0.08746396005153656
2015,490,8409,0,0.04030705243349075
2015,490,8410,1,0.24882930517196655
2015,490,8411,0,0.19427919387817383
2015,490,8412,0,0.09739614278078079
2015,490,8413,0,0.03323802351951599
2015,490,8414,0,0.025466199964284897
2015,490,8415,0,0.03853204846382141
2015,490,8416,0,0.13909347355365753
2015,490,8417,1,0.15181031823158264
2015,490,8418,0,0.028598086908459663
2015,490,8419,0,0.038387153297662735
2015,490,8420,1,0.2959565222263336
2015,490,8421,0,0.026708094403147697
2015,490,8422,0,0.040017589926719666
2015,490,8423,0,0.04634109139442444
2015,490,8424,0,0.03905542194843292
2015,490,8425,0,0.06564220786094666
2015,490,8426,0,0.2984849214553833
2015,490,8427,0,0.1050003245472908
2015,490,8428,1,0.0674377977848053
2015,490,8429,0,0.17911797761917114
2015,490,8430,1,0.6541998982429504
2015,490,8431,0,0.09047058969736099
2015,490,8432,0,0.13687825202941895
2015,490,8433,0,0.1032138541340828
2015,490,8434,1,0.16610872745513916
2015,490,8435,1,0.22100791335105896
2015,490,8436,0,0.09016662836074829
2015,490,8437,0,0.10552043467760086
2015,490,8438,0,0.06508497148752213
2015,490,8439,1,0.16825178265571594
2015,490,8440,0,0.14684471487998962
2015,490,8441,0,0.06273559480905533
2015,490,8442,0,0.16240206360816956
2015,490,8443,0,0.05065426602959633
2015,490,8444,0,0.27344080805778503
2015,490,8445,1,0.22046980261802673
2015,490,8447,0,0.10275796800851822
2015,490,8448,0,0.06784361600875854
2015,490,8449,1,0.49379435181617737
2015,490,8450,1,0.09645120799541473
2015,490,8451,0,0.13907983899116516
2015,490,8452,0,0.057823143899440765
2015,490,8453,0,0.18246318399906158
2015,490,8454,1,0.24961115419864655
2015,490,8455,0,0.20474345982074738
2015,490,8456,0,0.23423893749713898
2015,490,8457,0,0.1287870556116104
2015,490,8458,1,0.1585061401128769
2015,490,8459,0,0.15342049300670624
2015,490,8460,0,0.10353898257017136
2015,490,8461,0,0.09678986668586731
2015,490,8462,0,0.10242825001478195
2015,490,8463,0,0.10079684853553772
2015,490,8464,0,0.21185313165187836
2015,490,8465,0,0.12357205897569656
2015,490,8466,0,0.06618764996528625
2015,490,8467,0,0.08294426649808884
2015,490,8468,0,0.15560854971408844
2015,490,8470,0,0.43769246339797974
2015,490,8471,0,0.03583124279975891
2015,490,8472,0,0.07918408513069153
2015,490,8473,0,0.06548811495304108
2015,490,8474,0,0.07626570016145706
2015,490,8475,0,0.2777734696865082
2015,490,8476,1,0.18547478318214417
2015,490,8477,0,0.030931277200579643
2015,490,8478,0,0.2805125117301941
2015,490,8479,0,0.0965055376291275
2015,490,8480,0,0.0477597750723362
2015,490,8481,0,0.032754749059677124
2015,490,8482,0,0.03896135464310646
2015,490,8483,0,0.04928410053253174
2015,490,8484,0,0.034706130623817444
2015,490,8485,0,0.06356891989707947
2015,702,8401,0,0.31584957242012024
2015,702,8402,0,0.5490407943725586
2015,702,8403,1,0.4907863140106201
2015,702,8405,1,0.2353806346654892
2015,702,8406,0,0.17617583274841309
2015,702,8407,0,0.11907739192247391
2015,702,8409,0,0.0715136006474495
2015,702,8410,1,0.3395378887653351
2015,702,8411,0,0.12909555435180664
2015,702,8412,1,0.0790330097079277
2015,702,8413,0,0.042498040944337845
2015,702,8414,0,0.025329822674393654
2015,702,8416,0,0.2064795047044754
2015,702,8417,0,0.1900036334991455
2015,702,8418,1,0.09684374928474426
2015,702,8419,0,0.06303039938211441
2015,702,8420,0,0.6397592425346375
2015,702,8421,0,0.023129777982831
2015,702,8422,1,0.06969785690307617
2015,702,8423,0,0.0971774160861969
2015,702,8424,0,0.07554531842470169
2015,702,8425,1,0.11458251625299454
2015,702,8426,0,0.11479464918375015
2015,702,8427,0,0.14697393774986267
2015,702,8428,1,0.08491256088018417
2015,702,8430,1,0.18569639325141907
2015,702,8431,1,0.06253835558891296
2015,702,8432,1,0.25545522570610046
2015,702,8433,0,0.1729792356491089
2015,702,8434,1,0.23641154170036316
2015,702,8436,0,0.10704687237739563
2015,702,8437,1,0.3549182713031769
2015,702,8438,1,0.16940706968307495
2015,702,8439,0,0.16104792058467865
2015,702,8440,0,0.2017570585012436
2015,702,8441,0,0.21618612110614777
2015,702,8442,1,0.3004209101200104
2015,702,8443,0,0.06140408664941788
2015,702,8445,0,0.6634175777435303
2015,702,8446,1,0.4694821834564209
2015,702,8448,0,0.380254864692688
2015,702,8449,1,0.701088011264801
2015,702,8451,0,0.16923341155052185
2015,702,8452,0,0.28738972544670105
2015,702,8453,0,0.4122144877910614
2015,702,8454,0,0.2601737082004547
2015,702,8455,0,0.625601053237915
2015,702,8456,0,0.27409693598747253
2015,702,8457,0,0.21401384472846985
2015,702,8458,0,0.1328531950712204
2015,702,8459,1,0.2806471288204193
2015,702,8460,0,0.2493787705898285
2015,702,8461,1,0.21204400062561035
2015,702,8462,0,0.09856414049863815
2015,702,8463,1,0.15144962072372437
2015,702,8464,0,0.31997740268707275
2015,702,8465,1,0.7889273166656494
2015,702,8466,0,0.16237187385559082
2015,702,8467,1,0.11033640056848526
2015,702,8468,0,0.1687273383140564
2015,702,8470,1,0.113053098320961
2015,702,8471,0,0.018391545861959457
2015,702,8472,0,0.1029195562005043
2015,702,8473,0,0.054461441934108734
2015,702,8474,0,0.1103694885969162
2015,702,8475,0,0.6917482018470764
2015,702,8476,0,0.18463459610939026
2015,702,8477,0,0.08370640873908997
2015,702,8478,0,0.5524348020553589
2015,702,8479,0,0.07613019645214081
2015,702,8480,0,0.11118276417255402
2015,702,8481,1,0.035197678953409195
2015,702,8482,0,0.039480533450841904
2015,702,8483,0,0.037396226078271866
2015,702,8484,0,0.05518832057714462
2015,702,8485,1,0.07274095714092255
2015,528,8401,0,0.20483171939849854
2015,528,8403,0,0.06050410121679306
2015,528,8404,0,0.1284712851047516
2015,528,8405,0,0.2013067752122879
2015,528,8406,0,0.07700366526842117
2015,528,8407,0,0.05552804097533226
2015,528,8408,0,0.05141390487551689
2015,528,8409,0,0.03767868131399155
2015,528,8410,0,0.28802141547203064
2015,528,8411,0,0.06755338609218597
2015,528,8412,0,0.03346210718154907
2015,528,8413,0,0.025407759472727776
2015,528,8414,0,0.0456807017326355
2015,528,8415,0,0.040428277105093
2015,528,8416,0,0.04968941584229469
2015,528,8417,0,0.17148460447788239
2015,528,8418,0,0.03990991786122322
2015,528,8419,0,0.03780747577548027
2015,528,8420,0,0.2388838231563568
2015,528,8421,0,0.025841111317276955
2015,528,8422,0,0.05348267778754234
2015,528,8423,0,0.06911507993936539
2015,528,8424,0,0.02863897569477558
2015,528,8425,0,0.025652209296822548
2015,528,8426,1,0.05082741752266884
2015,528,8427,0,0.04774697124958038
2015,528,8428,0,0.057259008288383484
2015,528,8429,0,0.07976465672254562
2015,528,8430,0,0.06933256983757019
2015,528,8431,0,0.0401126965880394
2015,528,8432,0,0.038809750229120255
2015,528,8433,0,0.032607849687337875
2015,528,8434,0,0.12351051717996597
2015,528,8435,1,0.3462158441543579
2015,528,8436,0,0.03421027213335037
2015,528,8437,0,0.0989489033818245
2015,528,8438,0,0.029729967936873436
2015,528,8439,0,0.15326468646526337
2015,528,8440,0,0.11135334521532059
2015,528,8441,0,0.045892126858234406
2015,528,8442,0,0.14994896948337555
2015,528,8443,0,0.054748304188251495
2015,528,8444,1,0.3652069568634033
2015,528,8445,0,0.27266836166381836
2015,528,8446,0,0.23337751626968384
2015,528,8447,1,0.22972500324249268
2015,528,8448,0,0.10488517582416534
2015,528,8449,0,0.680655300617218
2015,528,8450,0,0.21008698642253876
2015,528,8451,0,0.05465773865580559
2015,528,8452,0,0.155720055103302
2015,528,8453,0,0.12993036210536957
2015,528,8454,0,0.3362099230289459
2015,528,8455,0,0.2545415163040161
2015,528,8456,0,0.15806065499782562
2015,528,8457,0,0.24670478701591492
2015,528,8458,0,0.21917811036109924
2015,528,8459,0,0.12037747353315353
2015,528,8460,0,0.07841909676790237
2015,528,8461,0,0.13376367092132568
2015,528,8462,0,0.060970526188611984
2015,528,8463,0,0.11077471077442169
2015,528,8464,0,0.15205815434455872
2015,528,8465,0,0.12343158572912216
2015,528,8466,0,0.08346989750862122
2015,528,8467,0,0.045482128858566284
2015,528,8468,1,0.16145002841949463
2015,528,8470,0,0.34523311257362366
2015,528,8471,0,0.053031545132398605
2015,528,8472,0,0.14914639294147491
2015,528,8473,0,0.05879887565970421
2015,528,8474,0,0.057052358984947205
2015,528,8475,0,0.12710444629192352
2015,528,8476,0,0.14236004650592804
2015,528,8477,0,0.050761040300130844
2015,528,8478,0,0.16945652663707733
2015,528,8479,0,0.05407815799117088
2015,528,8480,0,0.12343606352806091
2015,528,8481,0,0.024527348577976227
2015,528,8482,0,0.0667729303240776
2015,528,8483,0,0.029551099985837936
2015,528,8484,0,0.04410722479224205
2015,528,8485,1,0.10738880932331085
2015,410,8401,0,0.36362460255622864
2015,410,8402,0,0.22668717801570892
2015,410,8403,0,0.27490735054016113
2015,410,8404,0,0.22212333977222443
2015,410,8405,0,0.1871481090784073
2015,410,8406,0,0.22248390316963196
2015,410,8407,0,0.13552576303482056
2015,410,8408,0,0.06515955179929733
2015,410,8409,0,0.032030608505010605
2015,410,8410,0,0.195908322930336
2015,410,8411,0,0.1362454891204834
2015,410,8412,0,0.07492130994796753
2015,410,8413,0,0.029704945161938667
2015,410,8414,0,0.026668153703212738
2015,410,8415,0,0.027798064053058624
2015,410,8416,0,0.1251426786184311
2015,410,8417,0,0.23825636506080627
2015,410,8418,0,0.03870655596256256
2015,410,8419,0,0.06750676035881042
2015,410,8420,0,0.25952261686325073
2015,410,8421,0,0.026313036680221558
2015,410,8422,0,0.052776675671339035
2015,410,8423,1,0.08842545002698898
2015,410,8424,0,0.09505914896726608
2015,410,8425,0,0.061184149235486984
2015,410,8426,1,0.09789282828569412
2015,410,8427,0,0.07043647021055222
2015,410,8428,0,0.06663760542869568
2015,410,8429,1,0.07358076423406601
2015,410,8430,1,0.4642474055290222
2015,410,8431,0,0.03926847502589226
2015,410,8432,1,0.1839396357536316
2015,410,8433,1,0.07660888880491257
2015,410,8434,1,0.2540256679058075
2015,410,8435,1,0.34897294640541077
2015,410,8436,0,0.13009978830814362
2015,410,8437,0,0.09560581296682358
2015,410,8438,0,0.05929861590266228
2015,410,8439,0,0.21694673597812653
2015,410,8440,0,0.12875358760356903
2015,410,8441,1,0.10125935822725296
2015,410,8442,0,0.17365899682044983
2015,410,8443,0,0.055197518318891525
2015,410,8444,0,0.14110320806503296
2015,410,8445,0,0.184481680393219
2015,410,8446,1,0.34656548500061035
2015,410,8447,0,0.0985773578286171
2015,410,8448,0,0.07881198078393936
2015,410,8449,0,0.20300377905368805
2015,410,8450,0,0.06467663496732712
2015,410,8451,0,0.048794057220220566
2015,410,8452,0,0.10054782778024673
2015,410,8453,0,0.4914698600769043
2015,410,8454,0,0.2658264636993408
2015,410,8455,0,0.14334934949874878
2015,410,8456,0,0.2556702196598053
2015,410,8457,0,0.15882202982902527
2015,410,8458,0,0.1856396496295929
2015,410,8459,0,0.14346809685230255
2015,410,8460,0,0.15665075182914734
2015,410,8461,0,0.22891098260879517
2015,410,8462,0,0.17120280861854553
2015,410,8463,1,0.18814878165721893
2015,410,8464,1,0.4419794976711273
2015,410,8465,1,0.2573753893375397
2015,410,8466,0,0.07975126057863235
2015,410,8467,0,0.049237169325351715
2015,410,8468,0,0.2225188910961151
2015,410,8470,0,0.23017913103103638
2015,410,8471,0,0.04499630630016327
2015,410,8472,0,0.08780141919851303
2015,410,8473,0,0.0858960673213005
2015,410,8474,0,0.10344573855400085
2015,410,8475,0,0.687185525894165
2015,410,8476,0,0.20697623491287231
2015,410,8477,0,0.05242414027452469
2015,410,8478,0,0.28467053174972534
2015,410,8479,0,0.06598231941461563
2015,410,8480,0,0.05944732949137688
2015,410,8481,0,0.030616994947195053
2015,410,8482,0,0.043128762394189835
2015,410,8483,0,0.04374437779188156
2015,410,8484,0,0.04850565269589424
2015,410,8485,0,0.07042624801397324
2015,458,8401,1,0.7215941548347473
2015,458,8402,0,0.31846684217453003
2015,458,8403,1,0.2795845568180084
2015,458,8404,1,0.6881224513053894
2015,458,8405,0,0.2726516127586365
2015,458,8406,0,0.17079153656959534
2015,458,8407,0,0.34620505571365356
2015,458,8409,0,0.0884195938706398
2015,458,8410,0,0.20341427624225616
2015,458,8411,0,0.10262119024991989
2015,458,8412,0,0.13244889676570892
2015,458,8413,0,0.07971111685037613
2015,458,8414,0,0.035903606563806534
2015,458,8415,0,0.03152686357498169
2015,458,8416,1,0.35590416193008423
2015,458,8417,0,0.47986409068107605
2015,458,8418,0,0.0688290223479271
2015,458,8419,1,0.4614853262901306
2015,458,8420,0,0.5177628397941589
2015,458,8421,0,0.056848831474781036
2015,458,8422,0,0.2269984483718872
2015,458,8423,1,0.10012800246477127
2015,458,8424,0,0.06563954055309296
2015,458,8425,1,0.20556294918060303
2015,458,8426,1,0.28012987971305847
2015,458,8427,0,0.3704010844230652
2015,458,8428,1,0.06719595193862915
2015,458,8430,0,0.37421438097953796
2015,458,8431,0,0.13458670675754547
2015,458,8433,0,0.45499685406684875
2015,458,8435,1,0.45175379514694214
2015,458,8436,0,0.10791943967342377
2015,458,8437,0,0.19946233928203583
2015,458,8439,0,0.22481782734394073
2015,458,8441,0,0.08327550441026688
2015,458,8442,0,0.15378636121749878
2015,458,8443,0,0.12247902154922485
2015,458,8445,0,0.41629406809806824
2015,458,8446,1,0.7332607507705688
2015,458,8447,0,0.42961379885673523
2015,458,8448,1,0.4029994308948517
2015,458,8450,0,0.12727811932563782
2015,458,8451,0,0.12469109147787094
2015,458,8452,0,0.14907869696617126
2015,458,8453,1,0.3297726511955261
2015,458,8454,0,0.17081166803836823
2015,458,8455,1,0.564415454864502
2015,458,8456,0,0.1866561770439148
2015,458,8457,1,0.1701478809118271
2015,458,8458,0,0.20042836666107178
2015,458,8459,1,0.2164359986782074
2015,458,8460,0,0.17736269533634186
2015,458,8461,1,0.26521673798561096
2015,458,8462,0,0.19297361373901367
2015,458,8463,1,0.27289626002311707
2015,458,8464,1,0.145028755068779
2015,458,8466,0,0.20760847628116608
2015,458,8467,1,0.11810094118118286
2015,458,8468,1,0.21660789847373962
2015,458,8469,1,0.25405216217041016
2015,458,8470,0,0.1920877993106842
2015,458,8471,0,0.02725101448595524
2015,458,8472,0,0.23787565529346466
2015,458,8473,0,0.12150520086288452
2015,458,8474,1,0.10812127590179443
2015,458,8475,0,0.3587375283241272
2015,458,8476,0,0.20333680510520935
2015,458,8477,0,0.08346737921237946
2015,458,8478,0,0.21418043971061707
2015,458,8479,0,0.11298403143882751
2015,458,8480,0,0.08693709224462509
2015,458,8481,0,0.045038025826215744
2015,458,8482,0,0.0761963427066803
2015,458,8483,0,0.09073057025671005
2015,458,8484,0,0.0649665892124176
2015,458,8485,1,0.17840519547462463
2015,124,8401,0,0.21281497180461884
2015,124,8402,0,0.2876945734024048
2015,124,8403,0,0.2072373926639557
2015,124,8404,0,0.3245092034339905
2015,124,8405,1,0.7267094850540161
2015,124,8406,1,0.48490700125694275
2015,124,8407,0,0.14080463349819183
2015,124,8408,1,0.15115080773830414
2015,124,8409,0,0.05437308922410011
2015,124,8410,0,0.1467321813106537
2015,124,8411,0,0.0690196081995964
2015,124,8412,0,0.08414018899202347
2015,124,8413,0,0.03817473724484444
2015,124,8414,0,0.04047108441591263
2015,124,8415,0,0.1007431373000145
2015,124,8416,0,0.19798019528388977
2015,124,8417,0,0.15747371315956116
2015,124,8418,0,0.09593316167593002
2015,124,8419,0,0.08529677987098694
2015,124,8420,1,0.46530210971832275
2015,124,8421,0,0.035488925874233246
2015,124,8422,0,0.11402492970228195
2015,124,8423,0,0.12471763789653778
2015,124,8424,0,0.07115676254034042
2015,124,8425,1,0.06966689974069595
2015,124,8426,0,0.22395837306976318
2015,124,8427,0,0.24151721596717834
2015,124,8428,0,0.0563664548099041
2015,124,8430,1,0.20028643310070038
2015,124,8431,1,0.07502991706132889
2015,124,8432,0,0.13496413826942444
2015,124,8433,0,0.08493608236312866
2015,124,8434,1,0.3065182566642761
2015,124,8435,0,0.5168079137802124
2015,124,8436,0,0.1635328233242035
2015,124,8437,0,0.16573135554790497
2015,124,8438,0,0.10146864503622055
2015,124,8439,0,0.21051397919654846
2015,124,8440,0,0.26633182168006897
2015,124,8441,0,0.18906918168067932
2015,124,8442,0,0.2074812948703766
2015,124,8443,0,0.08152429014444351
2015,124,8445,1,0.26761046051979065
2015,124,8447,1,0.19748151302337646
2015,124,8448,1,0.1899743378162384
2015,124,8450,1,0.2212831825017929
2015,124,8451,0,0.09422872215509415
2015,124,8452,0,0.20255360007286072
2015,124,8453,0,0.1568688303232193
2015,124,8454,0,0.22382670640945435
2015,124,8455,0,0.22800716757774353
2015,124,8456,0,0.3688614070415497
2015,124,8457,1,0.24882401525974274
2015,124,8458,0,0.17417044937610626
2015,124,8459,0,0.20946833491325378
2015,124,8460,0,0.3310222625732422
2015,124,8461,0,0.22227191925048828
2015,124,8462,0,0.18531908094882965
2015,124,8463,0,0.3909168243408203
2015,124,8464,0,0.2882910966873169
2015,124,8465,0,0.173071026802063
2015,124,8466,0,0.1416902244091034
2015,124,8467,0,0.07017489522695541
2015,124,8468,1,0.2045033574104309
2015,124,8470,0,0.19075731933116913
2015,124,8471,0,0.03205440938472748
2015,124,8472,1,0.11911061406135559
2015,124,8473,0,0.0902119129896164
2015,124,8474,0,0.13651889562606812
2015,124,8475,1,0.21507322788238525
2015,124,8476,1,0.2129887491464615
2015,124,8477,0,0.07373072952032089
2015,124,8478,0,0.3252813220024109
2015,124,8479,0,0.09670166671276093
2015,124,8480,0,0.14247332513332367
2015,124,8481,1,0.0336962565779686
2015,124,8482,0,0.06687577068805695
2015,124,8483,0,0.048140693455934525
2015,124,8484,0,0.05656544864177704
2015,124,8485,0,0.07729112356901169
2015,484,8402,0,0.47982996702194214
2015,484,8403,0,0.23766686022281647
2015,484,8404,1,0.4357800781726837
2015,484,8405,1,0.43735986948013306
2015,484,8406,1,0.22123965620994568
2015,484,8407,0,0.28797808289527893
2015,484,8408,0,0.18689841032028198
2015,484,8409,0,0.12897135317325592
2015,484,8410,0,0.3155651390552521
2015,484,8411,0,0.12460742890834808
2015,484,8412,0,0.21110856533050537
2015,484,8413,0,0.09945735335350037
2015,484,8414,0,0.0903807282447815
2015,484,8415,0,0.152667835354805
2015,484,8416,0,0.6065840721130371
2015,484,8417,0,0.2987838089466095
2015,484,8418,0,0.09241437166929245
2015,484,8419,0,0.12684544920921326
2015,484,8421,0,0.07482955604791641
2015,484,8422,0,0.19785210490226746
2015,484,8423,0,0.15798400342464447
2015,484,8424,0,0.11226613074541092
2015,484,8425,0,0.10434623062610626
2015,484,8426,1,0.658530592918396
2015,484,8427,0,0.4111173748970032
2015,484,8428,0,0.16582824289798737
2015,484,8430,1,0.3113270103931427
2015,484,8431,0,0.20520088076591492
2015,484,8432,0,0.13822907209396362
2015,484,8433,0,0.14916428923606873
2015,484,8434,1,0.2669505774974823
2015,484,8436,0,0.14767234027385712
2015,484,8438,0,0.1084277555346489
2015,484,8439,0,0.26616930961608887
2015,484,8440,1,0.7598159313201904
2015,484,8441,0,0.26091399788856506
2015,484,8442,0,0.22619464993476868
2015,484,8443,0,0.13801643252372742
2015,484,8447,1,0.760118842124939
2015,484,8448,1,0.23802845180034637
2015,484,8450,0,0.1450078785419464
2015,484,8451,0,0.2516367733478546
2015,484,8453,0,0.2769469618797302
2015,484,8454,1,0.6419171690940857
2015,484,8455,1,0.40424713492393494
2015,484,8456,0,0.2811453640460968
2015,484,8457,0,0.25973787903785706
2015,484,8458,0,0.2624506950378418
2015,484,8459,1,0.39097392559051514
2015,484,8460,1,0.4758763909339905
2015,484,8461,0,0.41629913449287415
2015,484,8462,0,0.3110103905200958
2015,484,8463,1,0.20717859268188477
2015,484,8465,0,0.4330657422542572
2015,484,8466,0,0.16014578938484192
2015,484,8467,0,0.15136858820915222
2015,484,8468,0,0.23918722569942474
2015,484,8470,1,0.29054713249206543
2015,484,8471,0,0.08302143961191177
2015,484,8472,0,0.18199117481708527
2015,484,8473,0,0.16520383954048157
2015,484,8474,1,0.38862374424934387
2015,484,8475,1,0.20641236007213593
2015,484,8476,0,0.18242600560188293
2015,484,8477,0,0.4047967493534088
2015,484,8478,1,0.77544766664505
2015,484,8479,0,0.24897316098213196
2015,484,8480,0,0.2147277146577835
2015,484,8481,0,0.10741868615150452
2015,484,8482,0,0.1037721037864685
2015,484,8483,0,0.08776772022247314
2015,484,8484,0,0.14749525487422943
2015,484,8485,0,0.4809526205062866
2015,757,8403,0,0.17454198002815247
2015,757,8404,0,0.27266237139701843
2015,757,8405,1,0.7847453355789185
2015,757,8406,0,0.13974355161190033
2015,757,8407,0,0.23712559044361115
2015,757,8408,0,0.15105919539928436
2015,757,8409,0,0.0905100479722023
2015,757,8411,0,0.07780838012695312
2015,757,8412,0,0.08013653755187988
2015,757,8413,0,0.037089522927999496
2015,757,8414,0,0.02970203384757042
2015,757,8415,0,0.13514754176139832
2015,757,8416,0,0.1977149099111557
2015,757,8417,0,0.16921326518058777
2015,757,8418,0,0.07445288449525833
2015,757,8419,0,0.05058765783905983
2015,757,8420,0,0.1938048005104065
2015,757,8421,0,0.0348394475877285
2015,757,8422,0,0.047383956611156464
2015,757,8423,0,0.10083317756652832
2015,757,8424,0,0.05250280350446701
2015,757,8425,1,0.12269769608974457
2015,757,8426,0,0.29633966088294983
2015,757,8427,1,0.2387104481458664
2015,757,8428,0,0.08927386999130249
2015,757,8429,0,0.22357144951820374
2015,757,8430,0,0.17567138373851776
2015,757,8431,0,0.0589308924973011
2015,757,8433,0,0.09146717935800552
2015,757,8434,0,0.22725516557693481
2015,757,8436,0,0.09381528198719025
2015,757,8437,0,0.12913940846920013
2015,757,8438,0,0.04364466294646263
2015,757,8439,0,0.19342395663261414
2015,757,8440,0,0.12669561803340912
2015,757,8441,0,0.0894731730222702
2015,757,8442,1,0.13992811739444733
2015,757,8443,0,0.09888706356287003
2015,757,8444,0,0.21569930016994476
2015,757,8445,1,0.3136231303215027
2015,757,8446,0,0.13318930566310883
2015,757,8447,0,0.28257232904434204
2015,757,8448,0,0.085143081843853
2015,757,8449,1,0.26108795404434204
2015,757,8450,0,0.23001958429813385
2015,757,8451,0,0.06405045092105865
2015,757,8452,1,0.1870276778936386
2015,757,8453,1,0.25534534454345703
2015,757,8454,1,0.25023606419563293
2015,757,8455,1,0.7622467279434204
2015,757,8456,0,0.134022057056427
2015,757,8457,0,0.21503296494483948
2015,757,8458,1,0.13613273203372955
2015,757,8459,0,0.1477423757314682
2015,757,8460,0,0.18749257922172546
2015,757,8461,0,0.2013978362083435
2015,757,8462,0,0.12616774439811707
2015,757,8463,1,0.2191603034734726
2015,757,8464,1,0.1810707002878189
2015,757,8465,0,0.13666662573814392
2015,757,8466,0,0.0830484926700592
2015,757,8467,0,0.08045830577611923
2015,757,8468,0,0.15528008341789246
2015,757,8470,1,0.1814173012971878
2015,757,8471,0,0.0409046970307827
2015,757,8472,0,0.18506380915641785
2015,757,8473,1,0.07544093579053879
2015,757,8474,0,0.09908684343099594
2015,757,8475,1,0.3287360668182373
2015,757,8476,0,0.12052522599697113
2015,757,8477,0,0.05762457847595215
2015,757,8478,1,0.659866988658905
2015,757,8479,0,0.06921051442623138
2015,757,8480,0,0.12508365511894226
2015,757,8481,0,0.03789203613996506
2015,757,8482,0,0.08765535801649094
2015,757,8483,0,0.05727849528193474
2015,757,8484,0,0.04731078818440437
2015,757,8485,0,0.09691771864891052
2015,764,8402,0,0.22231611609458923
2015,764,8404,1,0.6629644632339478
2015,764,8405,0,0.23011955618858337
2015,764,8406,1,0.16341350972652435
2015,764,8407,0,0.14002354443073273
2015,764,8408,0,0.16762056946754456
2015,764,8409,0,0.03507697582244873
2015,764,8410,0,0.19749648869037628
2015,764,8411,0,0.13882353901863098
2015,764,8412,0,0.1401861310005188
2015,764,8413,0,0.04928046837449074
2015,764,8414,0,0.027143564075231552
2015,764,8415,0,0.026497188955545425
2015,764,8416,0,0.24525851011276245
2015,764,8417,0,0.5891996026039124
2015,764,8418,0,0.024842821061611176
2015,764,8419,1,0.3079628348350525
2015,764,8420,0,0.39297524094581604
2015,764,8421,0,0.024138838052749634
2015,764,8422,0,0.09174355119466782
2015,764,8423,0,0.17145518958568573
2015,764,8424,0,0.09713973104953766
2015,764,8425,0,0.1002502366900444
2015,764,8427,0,0.26385948061943054
2015,764,8428,0,0.10028380900621414
2015,764,8434,1,0.30923038721084595
2015,764,8436,1,0.24474632740020752
2015,764,8439,0,0.14830148220062256
2015,764,8441,0,0.1273377537727356
2015,764,8442,0,0.1603316366672516
2015,764,8443,0,0.08544235676527023
2015,764,8445,0,0.4102536141872406
2015,764,8446,1,0.2757191061973572
2015,764,8447,0,0.15732866525650024
2015,764,8448,1,0.20583464205265045
2015,764,8450,0,0.04299382120370865
2015,764,8451,0,0.10705012828111649
2015,764,8452,0,0.13366876542568207
2015,764,8453,0,0.17391778528690338
2015,764,8455,1,0.25483331084251404
2015,764,8456,0,0.1419678032398224
2015,764,8457,0,0.2170284241437912
2015,764,8458,0,0.25382307171821594
2015,764,8459,0,0.1760290116071701
2015,764,8460,0,0.21911869943141937
2015,764,8461,1,0.23210471868515015
2015,764,8462,0,0.16235613822937012
2015,764,8463,1,0.20618222653865814
2015,764,8464,0,0.3214344382286072
2015,764,8466,0,0.1749589741230011
2015,764,8467,0,0.08711589872837067
2015,764,8468,0,0.2644057869911194
2015,764,8470,0,0.2619860768318176
2015,764,8471,0,0.03193754702806473
2015,764,8472,0,0.3446015417575836
2015,764,8473,0,0.09319049119949341
2015,764,8475,0,0.17780368030071259
2015,764,8476,1,0.2435474693775177
2015,764,8477,0,0.12246250361204147
2015,764,8479,0,0.10427466034889221
2015,764,8480,0,0.08018864691257477
2015,764,8481,0,0.030231909826397896
2015,764,8482,0,0.039004478603601456
2015,764,8483,0,0.032231494784355164
2015,764,8484,0,0.04270371422171593
2015,764,8485,0,0.05900445580482483
2015,752,8401,1,0.73240065574646
2015,752,8402,0,0.18222934007644653
2015,752,8403,0,0.28540608286857605
2015,752,8404,1,0.2172815501689911
2015,752,8405,0,0.268063485622406
2015,752,8406,0,0.16819614171981812
2015,752,8407,0,0.2826884686946869
2015,752,8408,0,0.16589708626270294
2015,752,8409,0,0.0813421830534935
2015,752,8410,0,0.2522030770778656
2015,752,8411,0,0.10136080533266068
2015,752,8412,0,0.04003778100013733
2015,752,8413,0,0.028459221124649048
2015,752,8414,0,0.03999432548880577
2015,752,8415,0,0.08365549147129059
2015,752,8416,0,0.14573296904563904
2015,752,8417,0,0.2212311178445816
2015,752,8418,0,0.0797802284359932
2015,752,8419,0,0.03816123306751251
2015,752,8420,1,0.23392044007778168
2015,752,8421,0,0.03258255869150162
2015,752,8422,0,0.04693112522363663
2015,752,8423,0,0.158804789185524
2015,752,8424,0,0.06598788499832153
2015,752,8425,0,0.0635710209608078
2015,752,8426,1,0.13463722169399261
2015,752,8427,0,0.12666207551956177
2015,752,8428,0,0.08862902969121933
2015,752,8429,0,0.13253462314605713
2015,752,8430,0,0.10692969709634781
2015,752,8431,0,0.037577468901872635
2015,752,8432,0,0.09799293428659439
2015,752,8433,0,0.14624056220054626
2015,752,8434,0,0.10868531465530396
2015,752,8436,0,0.10882503539323807
2015,752,8437,0,0.2164049744606018
2015,752,8438,0,0.07833117991685867
2015,752,8439,0,0.1776122748851776
2015,752,8440,0,0.23183228075504303
2015,752,8441,0,0.13830341398715973
2015,752,8442,0,0.24348436295986176
2015,752,8443,0,0.1112908124923706
2015,752,8445,1,0.8577840328216553
2015,752,8446,0,0.2886373698711395
2015,752,8448,0,0.2653079330921173
2015,752,8449,1,0.4091610312461853
2015,752,8450,0,0.1401950865983963
2015,752,8451,0,0.13328619301319122
2015,752,8452,0,0.1634710729122162
2015,752,8453,0,0.8567380905151367
2015,752,8454,0,0.34969842433929443
2015,752,8455,0,0.11620663106441498
2015,752,8456,1,0.680522084236145
2015,752,8457,0,0.3345249593257904
2015,752,8458,1,0.2993188798427582
2015,752,8459,1,0.31875187158584595
2015,752,8460,0,0.199403315782547
2015,752,8461,0,0.1619495451450348
2015,752,8462,0,0.31490254402160645
2015,752,8463,0,0.2632048726081848
2015,752,8464,0,0.16791680455207825
2015,752,8466,0,0.07970777153968811
2015,752,8467,0,0.07590454071760178
2015,752,8468,1,0.17702551186084747
2015,752,8470,0,0.2491253912448883
2015,752,8471,0,0.08411991596221924
2015,752,8472,1,0.12507584691047668
2015,752,8473,0,0.08905963599681854
2015,752,8474,0,0.07349277287721634
2015,752,8475,0,0.18090571463108063
2015,752,8476,0,0.2549763023853302
2015,752,8477,0,0.10626093298196793
2015,752,8478,0,0.5514954328536987
2015,752,8479,0,0.08879951387643814
2015,752,8480,0,0.2116047888994217
2015,752,8481,0,0.04153701290488243
2015,752,8482,0,0.054610054939985275
2015,752,8483,0,0.03686313331127167
2015,752,8484,0,0.04746023565530777
2015,752,8485,0,0.05888953432440758
2015,372,8402,1,0.5717915892601013
2015,372,8403,0,0.3441661596298218
2015,372,8407,0,0.24025408923625946
2015,372,8408,1,0.3106417655944824
2015,372,8409,0,0.15043914318084717
2015,372,8411,0,0.16729366779327393
2015,372,8412,0,0.24444960057735443
2015,372,8413,0,0.10245775431394577
2015,372,8414,1,0.13158473372459412
2015,372,8415,0,0.20077556371688843
2015,372,8416,1,0.3445377051830292
2015,372,8417,1,0.7780673503875732
2015,372,8418,0,0.140945166349411
2015,372,8419,0,0.13574589788913727
2015,372,8421,0,0.06123468279838562
2015,372,8422,0,0.15361733734607697
2015,372,8423,0,0.21609172224998474
2015,372,8424,1,0.20454268157482147
2015,372,8425,1,0.4586773216724396
2015,372,8426,1,0.3341650068759918
2015,372,8427,0,0.4056845009326935
2015,372,8428,1,0.2384061962366104
2015,372,8429,0,0.25013384222984314
2015,372,8430,1,0.3357553482055664
2015,372,8431,0,0.14672823250293732
2015,372,8432,0,0.29551345109939575
2015,372,8433,0,0.19403015077114105
2015,372,8434,0,0.2531123161315918
2015,372,8436,1,0.2138025462627411
2015,372,8437,0,0.2769251763820648
2015,372,8438,1,0.5857678651809692
2015,372,8441,0,0.23320268094539642
2015,372,8442,1,0.28982922434806824
2015,372,8443,0,0.17574958503246307
2015,372,8448,0,0.5026254653930664
2015,372,8450,0,0.46869099140167236
2015,372,8451,0,0.20760193467140198
2015,372,8456,0,0.3339290916919708
2015,372,8458,1,0.7063609957695007
2015,372,8459,0,0.44670918583869934
2015,372,8460,1,0.3391091525554657
2015,372,8462,0,0.253988653421402
2015,372,8463,1,0.44139936566352844
2015,372,8465,1,0.7672034502029419
2015,372,8466,1,0.37212249636650085
2015,372,8467,0,0.3640746474266052
2015,372,8468,0,0.26389798521995544
2015,372,8470,1,0.278784841299057
2015,372,8471,0,0.0493832603096962
2015,372,8472,0,0.30274686217308044
2015,372,8473,0,0.09720545262098312
2015,372,8474,0,0.2055189162492752
2015,372,8475,1,0.5906314253807068
2015,372,8476,0,0.25712156295776367
2015,372,8477,0,0.1631791889667511
2015,372,8478,1,0.5199546813964844
2015,372,8479,1,0.20118655264377594
2015,372,8480,0,0.14630432426929474
2015,372,8481,0,0.09373191744089127
2015,372,8483,0,0.14955194294452667
2015,372,8484,1,0.10723032802343369
2015,372,8485,0,0.1307862102985382
2015,40,8401,0,0.2269369512796402
2015,40,8402,1,0.23228755593299866
2015,40,8403,0,0.20797351002693176
2015,40,8404,0,0.4481145739555359
2015,40,8405,0,0.29480069875717163
2015,40,8406,0,0.20621705055236816
2015,40,8407,0,0.18764495849609375
2015,40,8408,0,0.2748183608055115
2015,40,8409,0,0.15944626927375793
2015,40,8411,0,0.1298466920852661
2015,40,8412,0,0.08101040869951248
2015,40,8413,0,0.041613612323999405
2015,40,8414,0,0.056155286729335785
2015,40,8415,0,0.10172762721776962
2015,40,8416,0,0.1305798590183258
2015,40,8417,0,0.16820886731147766
2015,40,8418,0,0.060065578669309616
2015,40,8419,0,0.06551913917064667
2015,40,8420,0,0.24317486584186554
2015,40,8421,0,0.03266758844256401
2015,40,8422,0,0.06883817911148071
2015,40,8423,0,0.0948522612452507
2015,40,8424,0,0.06153523921966553
2015,40,8425,0,0.08408167213201523
2015,40,8426,0,0.09773270040750504
2015,40,8427,0,0.14634127914905548
2015,40,8428,0,0.25452369451522827
2015,40,8429,0,0.18246430158615112
2015,40,8430,0,0.1461835354566574
2015,40,8431,0,0.056934572756290436
2015,40,8432,0,0.12019409984350204
2015,40,8433,0,0.09397324919700623
2015,40,8434,0,0.1969687044620514
2015,40,8435,0,0.1688360571861267
2015,40,8436,0,0.11045133322477341
2015,40,8437,0,0.1493549644947052
2015,40,8438,0,0.08891760557889938
2015,40,8439,1,0.31722182035446167
2015,40,8441,0,0.10387605428695679
2015,40,8442,0,0.12680508196353912
2015,40,8443,0,0.07692957669496536
2015,40,8444,0,0.18942372500896454
2015,40,8445,0,0.21157850325107574
2015,40,8447,1,0.6193707585334778
2015,40,8448,0,0.11233855038881302
2015,40,8449,0,0.1856527179479599
2015,40,8450,0,0.4334132671356201
2015,40,8451,0,0.21340616047382355
2015,40,8453,0,0.16790229082107544
2015,40,8454,0,0.1683904081583023
2015,40,8455,1,0.23376160860061646
2015,40,8456,0,0.2540629804134369
2015,40,8457,1,0.3275468647480011
2015,40,8458,1,0.1621142476797104
2015,40,8459,1,0.27900430560112
2015,40,8460,1,0.22325143218040466
2015,40,8461,0,0.2000763863325119
2015,40,8462,0,0.11224687844514847
2015,40,8463,0,0.2624838650226593
2015,40,8464,0,0.12714806199073792
2015,40,8465,0,0.09262067079544067
2015,40,8466,0,0.1259370595216751
2015,40,8467,0,0.09608273208141327
2015,40,8468,0,0.17330722510814667
2015,40,8470,0,0.18286152184009552
2015,40,8471,0,0.05236218497157097
2015,40,8472,1,0.20032112300395966
2015,40,8473,0,0.08684087544679642
2015,40,8474,0,0.08039695769548416
2015,40,8475,0,0.2170173078775406
2015,40,8476,0,0.21444171667099
2015,40,8477,0,0.10978446155786514
2015,40,8478,1,0.2579091489315033
2015,40,8479,0,0.053838010877370834
2015,40,8480,0,0.10548141598701477
2015,40,8481,0,0.028837721794843674
2015,40,8482,0,0.09304436296224594
2015,40,8483,0,0.05574558302760124
2015,40,8484,1,0.059220436960458755
2015,40,8485,0,0.17543962597846985
2015,724,8401,0,0.5258809328079224
2015,724,8402,0,0.24471908807754517
2015,724,8403,0,0.1892092227935791
2015,724,8404,1,0.22213581204414368
2015,724,8406,1,0.27685949206352234
2015,724,8407,0,0.19449728727340698
2015,724,8408,0,0.20712313055992126
2015,724,8409,0,0.052700333297252655
2015,724,8411,0,0.10452455282211304
2015,724,8412,0,0.09577102959156036
2015,724,8413,0,0.029159191995859146
2015,724,8414,0,0.03425993397831917
2015,724,8415,0,0.06831549853086472
2015,724,8416,0,0.1693420708179474
2015,724,8417,1,0.20991715788841248
2015,724,8418,0,0.048060860484838486
2015,724,8419,0,0.0514555387198925
2015,724,8420,0,0.1503770649433136
2015,724,8421,0,0.03619004786014557
2015,724,8422,0,0.036855753511190414
2015,724,8423,0,0.06555163860321045
2015,724,8424,0,0.03363752365112305
2015,724,8425,0,0.04923254996538162
2015,724,8426,0,0.09291502088308334
2015,724,8427,0,0.10148989409208298
2015,724,8428,0,0.04757366329431534
2015,724,8430,1,0.2327250987291336
2015,724,8431,0,0.039135199040174484
2015,724,8432,0,0.10344052314758301
2015,724,8433,0,0.0891852080821991
2015,724,8434,0,0.3184412717819214
2015,724,8435,0,0.18223130702972412
2015,724,8436,0,0.10313618183135986
2015,724,8437,0,0.24725504219532013
2015,724,8438,0,0.09297027438879013
2015,724,8439,0,0.13076359033584595
2015,724,8440,1,0.2265165150165558
2015,724,8441,0,0.08813314139842987
2015,724,8442,0,0.15762189030647278
2015,724,8443,0,0.05956469848752022
2015,724,8444,0,0.25512927770614624
2015,724,8445,0,0.10792052745819092
2015,724,8446,1,0.1654762178659439
2015,724,8447,0,0.1391877382993698
2015,724,8448,0,0.12522128224372864
2015,724,8449,1,0.48890382051467896
2015,724,8450,0,0.15054404735565186
2015,724,8451,0,0.07313404232263565
2015,724,8452,0,0.14331300556659698
2015,724,8453,0,0.10740437358617783
2015,724,8454,1,0.31124886870384216
2015,724,8455,0,0.15076099336147308
2015,724,8456,0,0.15421195328235626
2015,724,8457,0,0.20957985520362854
2015,724,8458,0,0.16356486082077026
2015,724,8459,0,0.17302174866199493
2015,724,8460,0,0.17675624787807465
2015,724,8461,0,0.17063066363334656
2015,724,8462,0,0.06647805124521255
2015,724,8463,0,0.14506864547729492
2015,724,8464,0,0.11552033573389053
2015,724,8465,0,0.10624024271965027
2015,724,8466,0,0.050051961094141006
2015,724,8467,0,0.11113612353801727
2015,724,8468,0,0.1688692718744278
2015,724,8470,1,0.3769914209842682
2015,724,8471,0,0.06172682344913483
2015,724,8472,0,0.1390269547700882
2015,724,8473,0,0.0762847363948822
2015,724,8474,0,0.10290113091468811
2015,724,8476,0,0.14652863144874573
2015,724,8477,0,0.06708009541034698
2015,724,8478,1,0.4033031165599823
2015,724,8479,0,0.043081656098365784
2015,724,8480,0,0.15291981399059296
2015,724,8481,0,0.02558564767241478
2015,724,8482,0,0.09107375144958496
2015,724,8483,0,0.0385945700109005
2015,724,8484,0,0.04392881318926811
2015,724,8485,0,0.0836038738489151
2016,842,8401,0,0.20706923
2016,842,8402,0,0.19696847
2016,842,8403,0,0.39065638
2016,842,8404,0,0.49380934
2016,842,8405,1,0.47246304
2016,842,8406,1,0.27540496
2016,842,8407,0,0.10239765
2016,842,8408,0,0.1153284
2016,842,8409,0,0.042223573
2016,842,8410,1,0.34631073
2016,842,8411,0,0.12645079
2016,842,8412,0,0.049313642
2016,842,8413,0,0.1475131
2016,842,8414,0,0.21610354
2016,842,8415,0,0.05326391
2016,842,8416,0,0.19420348
2016,842,8417,0,0.21109493
2016,842,8418,0,0.050341025
2016,842,8419,0,0.17106743
2016,842,8420,0,0.21213935
2016,842,8421,0,0.15004951
2016,842,8422,0,0.044696964
2016,842,8423,0,0.12834339
2016,842,8424,0,0.030533511
2016,842,8425,0,0.09789866
2016,842,8426,0,0.12802795
2016,842,8427,0,0.11447319
2016,842,8428,0,0.09776254
2016,842,8429,0,0.105054416
2016,842,8430,0,0.08452756
2016,842,8431,0,0.11418227
2016,842,8432,0,0.2227123
2016,842,8433,0,0.050165456
2016,842,8434,0,0.32098472
2016,842,8435,0,0.33318022
2016,842,8436,0,0.13330533
2016,842,8437,0,0.49252847
2016,842,8438,0,0.03767482
2016,842,8439,0,0.16087571
2016,842,8440,0,0.107596666
2016,842,8441,0,0.07526025
2016,842,8442,0,0.4580173
2016,842,8443,0,0.046189275
2016,842,8444,0,0.59809005
2016,842,8446,0,0.1833031
2016,842,8447,0,0.19679534
2016,842,8449,0,0.22934799
2016,842,8450,0,0.13102356
2016,842,8451,0,0.035128962
2016,842,8452,0,0.13201787
2016,842,8453,0,0.22655419
2016,842,8454,1,0.15870176
2016,842,8455,0,0.14549452
2016,842,8456,1,0.08452275
2016,842,8457,0,0.14584139
2016,842,8458,0,0.0819715
2016,842,8459,0,0.07519003
2016,842,8460,1,0.13867892
2016,842,8461,0,0.07698804
2016,842,8462,0,0.09430544
2016,842,8463,1,0.34312496
2016,842,8464,0,0.08820326
2016,842,8465,0,0.08309451
2016,842,8466,0,0.036742438
2016,842,8467,0,0.0350353
2016,842,8468,0,0.124097064
2016,842,8470,0,0.35239777
2016,842,8471,0,0.03253723
2016,842,8472,1,0.106622264
2016,842,8473,0,0.08511518
2016,842,8474,0,0.07094659
2016,842,8475,0,0.17453162
2016,842,8476,0,0.14484516
2016,842,8477,0,0.042099882
2016,842,8478,0,0.57979226
2016,842,8479,0,0.054887388
2016,842,8480,0,0.17500688
2016,842,8481,0,0.038789026
2016,842,8482,0,0.027619576
2016,842,8483,0,0.07623596
2016,842,8484,0,0.07832834
2016,842,8485,0,0.18803003
2016,276,8401,0,0.25176135
2016,276,8402,0,0.08811844
2016,276,8403,0,0.07621291
2016,276,8404,0,0.18322456
2016,276,8405,1,0.39684913
2016,276,8406,1,0.1807397
2016,276,8407,0,0.08932479
2016,276,8408,0,0.055842984
2016,276,8409,0,0.035534054
2016,276,8410,1,0.29359818
2016,276,8411,0,0.09847029
2016,276,8412,0,0.034035362
2016,276,8413,0,0.02287792
2016,276,8414,0,0.029185453
2016,276,8415,0,0.0338584
2016,276,8416,0,0.061806664
2016,276,8417,0,0.20029147
2016,276,8418,0,0.024348302
2016,276,8419,0,0.13989191
2016,276,8420,0,0.12290695
2016,276,8421,0,0.061915375
2016,276,8422,0,0.08356563
2016,276,8423,0,0.031057317
2016,276,8424,0,0.026729342
2016,276,8425,0,0.033815987
2016,276,8426,0,0.072277576
2016,276,8427,0,0.060516022
2016,276,8428,0,0.05046245
2016,276,8429,0,0.061507333
2016,276,8430,0,0.053513575
2016,276,8431,0,0.02550138
2016,276,8432,0,0.07574909
2016,276,8433,0,0.07942139
2016,276,8434,0,0.08195695
2016,276,8435,0,0.16662137
2016,276,8436,0,0.054925147
2016,276,8437,0,0.4321826
2016,276,8438,0,0.028424628
2016,276,8439,0,0.10896687
2016,276,8440,0,0.06074389
2016,276,8441,0,0.056921493
2016,276,8442,0,0.15809365
2016,276,8443,0,0.031787653
2016,276,8444,0,0.24814361
2016,276,8445,0,0.11182237
2016,276,8446,0,0.21535496
2016,276,8447,0,0.13287796
2016,276,8448,0,0.051749997
2016,276,8449,0,0.21280137
2016,276,8450,0,0.116207644
2016,276,8451,0,0.031035725
2016,276,8452,0,0.036148712
2016,276,8453,0,0.08068272
2016,276,8454,0,0.13476756
2016,276,8455,0,0.3065132
2016,276,8456,0,0.055913623
2016,276,8457,0,0.19165368
2016,276,8458,0,0.07515893
2016,276,8459,0,0.0620305
2016,276,8460,0,0.08057176
2016,276,8461,0,0.11289994
2016,276,8462,0,0.053164534
2016,276,8463,0,0.1395518
2016,276,8464,0,0.070238285
2016,276,8465,0,0.04249682
2016,276,8466,0,0.046553478
2016,276,8467,0,0.033834588
2016,276,8468,0,0.04787845
2016,276,8469,1,0.25792265
2016,276,8470,0,0.10673041
2016,276,8471,1,0.035181984
2016,276,8472,0,0.0480342
2016,276,8473,0,0.06749214
2016,276,8474,0,0.0527901
2016,276,8475,0,0.14090955
2016,276,8476,0,0.14508583
2016,276,8477,0,0.045913063
2016,276,8478,0,0.09469599
2016,276,8479,0,0.04053521
2016,276,8480,0,0.10166798
2016,276,8481,0,0.027596347
2016,276,8482,0,0.030629395
2016,276,8483,0,0.09805664
2016,276,8484,0,0.0377996
2016,276,8485,0,0.044040516
2016,392,8401,0,0.5416125
2016,392,8402,0,0.14311193
2016,392,8403,0,0.24819982
2016,392,8404,1,0.38762048
2016,392,8405,1,0.20986244
2016,392,8406,0,0.08170961
2016,392,8407,0,0.062932946
2016,392,8408,0,0.071199164
2016,392,8409,0,0.033820327
2016,392,8411,0,0.064937904
2016,392,8412,0,0.07512757
2016,392,8413,0,0.033549204
2016,392,8414,0,0.0287695
2016,392,8415,0,0.022628339
2016,392,8416,0,0.21727017
2016,392,8417,0,0.17007713
2016,392,8418,0,0.029570075
2016,392,8419,0,0.09993704
2016,392,8420,0,0.20511292
2016,392,8421,0,0.042003173
2016,392,8422,0,0.044502508
2016,392,8423,0,0.0633175
2016,392,8424,0,0.03265166
2016,392,8425,0,0.07701517
2016,392,8426,0,0.13118027
2016,392,8427,0,0.031951945
2016,392,8428,0,0.105470434
2016,392,8429,0,0.11424791
2016,392,8430,0,0.10060257
2016,392,8431,0,0.046027735
2016,392,8432,0,0.0965311
2016,392,8433,0,0.062039603
2016,392,8434,0,0.21828674
2016,392,8435,0,0.3400454
2016,392,8436,1,0.13274866
2016,392,8437,0,0.15527734
2016,392,8438,0,0.057636905
2016,392,8439,0,0.2316612
2016,392,8440,0,0.10783197
2016,392,8441,0,0.06095292
2016,392,8442,0,0.15161133
2016,392,8443,0,0.043589346
2016,392,8444,0,0.31427944
2016,392,8445,0,0.18553303
2016,392,8446,0,0.31154352
2016,392,8447,0,0.11601759
2016,392,8448,0,0.07358356
2016,392,8449,1,0.7082199
2016,392,8451,0,0.064210705
2016,392,8452,0,0.052299354
2016,392,8453,0,0.27796265
2016,392,8454,0,0.15829372
2016,392,8455,1,0.22618829
2016,392,8456,1,0.20334248
2016,392,8457,0,0.15998465
2016,392,8458,0,0.11189952
2016,392,8459,0,0.13087563
2016,392,8460,0,0.13322766
2016,392,8461,0,0.11054566
2016,392,8462,0,0.11455867
2016,392,8463,0,0.17181945
2016,392,8464,0,0.2778405
2016,392,8465,0,0.08602338
2016,392,8466,0,0.05590114
2016,392,8467,0,0.041306928
2016,392,8468,1,0.10661279
2016,392,8469,1,0.6259502
2016,392,8470,0,0.10896328
2016,392,8471,1,0.025172587
2016,392,8472,0,0.05506052
2016,392,8473,0,0.120723106
2016,392,8474,0,0.15406956
2016,392,8475,0,0.18311091
2016,392,8476,0,0.19973426
2016,392,8477,0,0.06477689
2016,392,8478,0,0.25365797
2016,392,8479,0,0.0930473
2016,392,8480,0,0.067103334
2016,392,8481,0,0.03759058
2016,392,8482,0,0.030976044
2016,392,8483,0,0.06278089
2016,392,8484,0,0.042530056
2016,392,8485,0,0.06633866
2016,156,8401,1,0.27343357
2016,156,8402,1,0.059666
2016,156,8403,1,0.28680632
2016,156,8404,1,0.11738513
2016,156,8405,0,0.14299852
2016,156,8406,1,0.18649462
2016,156,8407,0,0.051330578
2016,156,8408,0,0.04838333
2016,156,8409,0,0.02158294
2016,156,8411,0,0.07202172
2016,156,8412,0,0.04245703
2016,156,8413,0,0.03861169
2016,156,8414,0,0.02411541
2016,156,8415,0,0.022433931
2016,156,8416,0,0.040470976
2016,156,8417,0,0.09778781
2016,156,8418,0,0.021084506
2016,156,8419,0,0.17439327
2016,156,8420,0,0.047886223
2016,156,8421,0,0.08637761
2016,156,8422,0,0.02278511
2016,156,8423,0,0.02913621
2016,156,8424,0,0.024414077
2016,156,8425,0,0.04159136
2016,156,8426,0,0.12220747
2016,156,8427,0,0.030827675
2016,156,8428,0,0.13976596
2016,156,8430,0,0.1016787
2016,156,8431,0,0.04717897
2016,156,8432,0,0.027889997
2016,156,8433,0,0.019684099
2016,156,8434,0,0.058268614
2016,156,8436,0,0.020505188
2016,156,8439,0,0.08983711
2016,156,8440,0,0.04555783
2016,156,8441,0,0.027286816
2016,156,8442,0,0.07365148
2016,156,8443,0,0.024512267
2016,156,8444,0,0.184494
2016,156,8445,0,0.10234402
2016,156,8446,0,0.21134181
2016,156,8447,0,0.058985617
2016,156,8448,0,0.024595369
2016,156,8449,0,0.059377424
2016,156,8450,0,0.08745091
2016,156,8451,0,0.01852496
2016,156,8452,0,0.013253642
2016,156,8453,0,0.04471352
2016,156,8454,0,0.063273564
2016,156,8455,0,0.079675585
2016,156,8456,0,0.025064899
2016,156,8457,0,0.05527938
2016,156,8458,0,0.036848307
2016,156,8459,0,0.029145123
2016,156,8460,0,0.02212298
2016,156,8461,0,0.03135371
2016,156,8462,0,0.02628086
2016,156,8463,0,0.04626695
2016,156,8464,0,0.06497344
2016,156,8465,0,0.044361446
2016,156,8466,0,0.023880675
2016,156,8467,0,0.020578722
2016,156,8468,0,0.025159355
2016,156,8469,1,0.1776187
2016,156,8470,0,0.032235816
2016,156,8471,0,0.027832782
2016,156,8472,0,0.03676027
2016,156,8473,0,0.046784814
2016,156,8475,0,0.16563734
2016,156,8476,0,0.06294833
2016,156,8477,0,0.023666246
2016,156,8478,0,0.111356094
2016,156,8479,0,0.026576012
2016,156,8480,0,0.05876405
2016,156,8481,0,0.023100946
2016,156,8482,0,0.01701453
2016,156,8483,0,0.04138482
2016,156,8484,0,0.05140795
2016,380,8401,0,0.5473174
2016,380,8403,0,0.088663734
2016,380,8404,0,0.11643765
2016,380,8406,1,0.097327515
2016,380,8407,0,0.13095772
2016,380,8408,0,0.07405756
2016,380,8409,0,0.035370033
2016,380,8411,0,0.22145873
2016,380,8412,0,0.059645392
2016,380,8413,0,0.03308413
2016,380,8414,0,0.031253375
2016,380,8415,0,0.040879644
2016,380,8416,0,0.07430807
2016,380,8417,0,0.0828948
2016,380,8418,0,0.027688038
2016,380,8419,0,0.11202961
2016,380,8420,0,0.14160195
2016,380,8421,0,0.0844396
2016,380,8422,0,0.05673275
2016,380,8423,0,0.04896465
2016,380,8424,0,0.029817238
2016,380,8425,0,0.06249994
2016,380,8426,0,0.07439014
2016,380,8427,0,0.09435494
2016,380,8428,0,0.058130134
2016,380,8429,0,0.06316562
2016,380,8430,0,0.12032806
2016,380,8431,0,0.029093554
2016,380,8432,0,0.04653187
2016,380,8433,0,0.046092793
2016,380,8434,0,0.105897985
2016,380,8435,0,0.16073637
2016,380,8436,0,0.054136895
2016,380,8438,0,0.04667331
2016,380,8439,0,0.1317242
2016,380,8440,0,0.11457057
2016,380,8441,0,0.059093732
2016,380,8442,0,0.1819534
2016,380,8443,0,0.033815872
2016,380,8444,0,0.45807293
2016,380,8445,0,0.15189123
2016,380,8446,0,0.17910638
2016,380,8447,0,0.10674264
2016,380,8448,0,0.06022228
2016,380,8449,0,0.18236838
2016,380,8450,0,0.14677095
2016,380,8451,0,0.03043851
2016,380,8453,0,0.06525606
2016,380,8454,1,0.20158301
2016,380,8455,0,0.38372755
2016,380,8456,0,0.052286122
2016,380,8457,0,0.11010359
2016,380,8458,0,0.106711686
2016,380,8459,0,0.0784092
2016,380,8460,0,0.07184751
2016,380,8461,0,0.07632076
2016,380,8462,0,0.044773255
2016,380,8463,0,0.09002713
2016,380,8464,0,0.06699006
2016,380,8465,0,0.04591026
2016,380,8466,0,0.034071077
2016,380,8467,0,0.03189742
2016,380,8468,0,0.08020765
2016,380,8469,1,0.5525032
2016,380,8470,0,0.49014854
2016,380,8471,1,0.036089376
2016,380,8472,1,0.14000416
2016,380,8473,0,0.05407452
2016,380,8474,0,0.052060448
2016,380,8475,0,0.354653
2016,380,8476,0,0.092395
2016,380,8477,0,0.037446793
2016,380,8478,0,0.11832518
2016,380,8479,0,0.03836791
2016,380,8480,0,0.1277232
2016,380,8481,0,0.022970429
2016,380,8482,0,0.043936994
2016,380,8483,0,0.06648793
2016,380,8484,0,0.03826863
2016,380,8485,0,0.048533965
2016,826,8401,1,0.27837
2016,826,8402,1,0.13361734
2016,826,8403,0,0.5049447
2016,826,8405,0,0.2833524
2016,826,8406,1,0.39337078
2016,826,8407,0,0.059979964
2016,826,8408,0,0.069254026
2016,826,8409,0,0.029868402
2016,826,8411,0,0.058244094
2016,826,8412,0,0.075113654
2016,826,8413,0,0.035242517
2016,826,8414,0,0.03370309
2016,826,8415,0,0.046067815
2016,826,8416,0,0.14128181
2016,826,8417,1,0.083808444
2016,826,8418,0,0.032328136
2016,826,8419,0,0.15829524
2016,826,8420,0,0.14045614
2016,826,8421,0,0.08508518
2016,826,8422,0,0.04321888
2016,826,8423,0,0.041190114
2016,826,8424,0,0.032375995
2016,826,8425,0,0.07822346
2016,826,8426,0,0.09818944
2016,826,8427,0,0.06354374
2016,826,8428,0,0.0850929
2016,826,8429,0,0.057468116
2016,826,8430,0,0.060057614
2016,826,8431,0,0.040369388
2016,826,8432,0,0.07200506
2016,826,8433,0,0.15052688
2016,826,8434,0,0.17629758
2016,826,8435,0,0.20525433
2016,826,8436,0,0.07262214
2016,826,8437,0,0.14794737
2016,826,8438,0,0.042711638
2016,826,8439,0,0.178035
2016,826,8440,0,0.14342827
2016,826,8441,0,0.10449423
2016,826,8442,0,0.231358
2016,826,8443,0,0.035259724
2016,826,8444,0,0.21394274
2016,826,8445,0,0.23481332
2016,826,8446,0,0.25511318
2016,826,8447,0,0.13466023
2016,826,8448,0,0.09887693
2016,826,8450,0,0.21738356
2016,826,8451,0,0.057892933
2016,826,8452,0,0.07237845
2016,826,8453,0,0.21732354
2016,826,8454,0,0.21662822
2016,826,8455,1,0.59422964
2016,826,8456,0,0.07398709
2016,826,8457,0,0.22071359
2016,826,8458,0,0.10738056
2016,826,8459,0,0.09452399
2016,826,8460,0,0.13295747
2016,826,8461,0,0.15925966
2016,826,8462,0,0.13188684
2016,826,8463,1,0.23069009
2016,826,8464,0,0.2292234
2016,826,8466,0,0.03671537
2016,826,8467,0,0.03993705
2016,826,8468,0,0.08225146
2016,826,8470,0,0.17409055
2016,826,8471,1,0.037977405
2016,826,8472,1,0.05892127
2016,826,8473,0,0.060964756
2016,826,8474,0,0.0621413
2016,826,8475,0,0.1855938
2016,826,8476,0,0.1399992
2016,826,8477,0,0.04546617
2016,826,8478,0,0.14017315
2016,826,8479,0,0.03786472
2016,826,8480,0,0.13148503
2016,826,8481,0,0.050241683
2016,826,8482,0,0.033240188
2016,826,8483,0,0.064237036
2016,826,8484,0,0.035879154
2016,826,8485,0,0.04627889
2016,251,8401,0,0.21416387
2016,251,8402,0,0.25295636
2016,251,8403,0,0.13796486
2016,251,8404,0,0.16545346
2016,251,8405,0,0.19625266
2016,251,8406,0,0.1750544
2016,251,8407,0,0.097621076
2016,251,8408,0,0.082690276
2016,251,8409,0,0.04350105
2016,251,8411,0,0.109520204
2016,251,8412,0,0.08732542
2016,251,8413,0,0.034305815
2016,251,8414,0,0.037991423
2016,251,8415,0,0.039336763
2016,251,8416,0,0.086411074
2016,251,8417,1,0.116079316
2016,251,8418,0,0.035773203
2016,251,8419,0,0.18532479
2016,251,8420,0,0.23591943
2016,251,8421,0,0.07625227
2016,251,8422,0,0.048518132
2016,251,8423,0,0.078443
2016,251,8424,0,0.037068147
2016,251,8425,0,0.06321609
2016,251,8426,0,0.14863886
2016,251,8427,0,0.067491286
2016,251,8428,0,0.13629682
2016,251,8429,0,0.07732386
2016,251,8431,0,0.031936646
2016,251,8432,0,0.05910586
2016,251,8433,0,0.06160249
2016,251,8434,0,0.1666926
2016,251,8435,0,0.14037178
2016,251,8436,0,0.060811494
2016,251,8438,0,0.041529942
2016,251,8439,0,0.2574673
2016,251,8441,0,0.11442362
2016,251,8442,0,0.20519239
2016,251,8443,0,0.04488722
2016,251,8444,1,0.50993305
2016,251,8445,0,0.16396879
2016,251,8446,1,0.25595957
2016,251,8447,0,0.146437
2016,251,8448,0,0.10959946
2016,251,8449,0,0.31454217
2016,251,8450,1,0.18982576
2016,251,8451,0,0.040608592
2016,251,8452,0,0.10319003
2016,251,8453,0,0.117168576
2016,251,8454,0,0.14442794
2016,251,8455,0,0.22052652
2016,251,8456,0,0.12725046
2016,251,8457,0,0.25612655
2016,251,8458,0,0.24295203
2016,251,8459,0,0.15884762
2016,251,8460,0,0.11304805
2016,251,8461,0,0.10955869
2016,251,8462,0,0.08525305
2016,251,8463,0,0.143225
2016,251,8464,0,0.16860598
2016,251,8465,0,0.08933972
2016,251,8466,0,0.05355705
2016,251,8467,0,0.049594227
2016,251,8468,0,0.08923534
2016,251,8470,0,0.12164304
2016,251,8471,1,0.036949914
2016,251,8472,1,0.17075646
2016,251,8473,0,0.067203954
2016,251,8475,0,0.2975979
2016,251,8476,1,0.3792502
2016,251,8477,0,0.038310166
2016,251,8479,0,0.04097557
2016,251,8480,0,0.11283831
2016,251,8481,0,0.03147675
2016,251,8482,0,0.04039293
2016,251,8483,0,0.080026135
2016,251,8484,0,0.06474026
2016,251,8485,0,0.07177571
2016,490,8402,1,0.3838314
2016,490,8403,0,0.5117337
2016,490,8404,1,0.3109405
2016,490,8405,0,0.35765958
2016,490,8406,0,0.167483
2016,490,8407,1,0.53389406
2016,490,8408,1,0.22948943
2016,490,8409,0,0.042827442
2016,490,8410,0,0.22269139
2016,490,8411,0,0.14911523
2016,490,8412,0,0.14257373
2016,490,8413,0,0.029153476
2016,490,8414,0,0.031087378
2016,490,8415,0,0.045040537
2016,490,8416,0,0.21731551
2016,490,8417,0,0.1686362
2016,490,8418,0,0.033819214
2016,490,8419,0,0.11697465
2016,490,8420,0,0.1852475
2016,490,8421,0,0.04386305
2016,490,8422,0,0.037579335
2016,490,8423,0,0.058499817
2016,490,8424,0,0.038393077
2016,490,8425,0,0.112177856
2016,490,8426,1,0.4583604
2016,490,8427,0,0.08906326
2016,490,8428,0,0.057608705
2016,490,8429,0,0.28314763
2016,490,8430,0,0.13920498
2016,490,8431,0,0.080259755
2016,490,8432,0,0.12187511
2016,490,8433,0,0.100107744
2016,490,8434,0,0.20455264
2016,490,8435,0,0.16161437
2016,490,8436,0,0.10978775
2016,490,8437,0,0.08238176
2016,490,8438,0,0.048411448
2016,490,8439,0,0.116344705
2016,490,8440,0,0.23337008
2016,490,8441,0,0.070421845
2016,490,8442,0,0.17114897
2016,490,8443,0,0.038869474
2016,490,8444,0,0.3235746
2016,490,8445,0,0.21028903
2016,490,8446,0,0.27944785
2016,490,8447,0,0.101639636
2016,490,8448,0,0.07794019
2016,490,8449,0,0.28183472
2016,490,8450,0,0.13356048
2016,490,8451,0,0.11081387
2016,490,8452,0,0.039164018
2016,490,8453,0,0.18453735
2016,490,8454,0,0.18245843
2016,490,8455,0,0.16806653
2016,490,8456,1,0.27831224
2016,490,8457,0,0.14895311
2016,490,8458,0,0.109524526
2016,490,8459,0,0.09864679
2016,490,8460,0,0.13503164
2016,490,8461,0,0.12853627
2016,490,8462,0,0.098798126
2016,490,8463,0,0.091731966
2016,490,8464,0,0.23334622
2016,490,8465,0,0.14877851
2016,490,8466,0,0.07823799
2016,490,8467,0,0.06223291
2016,490,8468,0,0.104432695
2016,490,8470,0,0.11796442
2016,490,8471,1,0.047211748
2016,490,8472,0,0.08953789
2016,490,8473,0,0.0765201
2016,490,8474,0,0.09313237
2016,490,8475,0,0.57570475
2016,490,8476,0,0.14044327
2016,490,8477,0,0.029733222
2016,490,8478,0,0.2646344
2016,490,8479,0,0.07593443
2016,490,8480,0,0.047922596
2016,490,8481,0,0.03487806
2016,490,8482,0,0.03599923
2016,490,8483,0,0.056083556
2016,490,8484,0,0.035899885
2016,490,8485,0,0.1187578
2016,702,8402,1,0.71131927
2016,702,8403,1,0.23124203
2016,702,8404,1,0.6503862
2016,702,8406,1,0.5864525
2016,702,8407,1,0.14879987
2016,702,8409,0,0.057347294
2016,702,8410,1,0.28315416
2016,702,8411,0,0.12000007
2016,702,8412,0,0.08594423
2016,702,8413,0,0.038654596
2016,702,8414,0,0.024186213
2016,702,8416,1,0.22328144
2016,702,8417,1,0.7515687
2016,702,8418,0,0.104654506
2016,702,8419,0,0.09885467
2016,702,8420,1,0.20752162
2016,702,8421,0,0.039843116
2016,702,8422,0,0.09330354
2016,702,8423,0,0.13512626
2016,702,8424,0,0.07006642
2016,702,8425,0,0.15737122
2016,702,8426,1,0.15733828
2016,702,8427,0,0.15708013
2016,702,8428,0,0.09929414
2016,702,8430,0,0.09747808
2016,702,8431,0,0.06782218
2016,702,8432,0,0.23141366
2016,702,8433,0,0.22990882
2016,702,8435,0,0.5044552
2016,702,8436,0,0.1531074
2016,702,8437,1,0.2065568
2016,702,8438,1,0.11881526
2016,702,8439,1,0.42867026
2016,702,8440,1,0.35206923
2016,702,8441,0,0.19733827
2016,702,8442,0,0.21836022
2016,702,8443,0,0.059638064
2016,702,8445,1,0.35556394
2016,702,8448,1,0.357481
2016,702,8449,0,0.3622278
2016,702,8451,1,0.12087761
2016,702,8452,1,0.14557643
2016,702,8453,1,0.6778922
2016,702,8454,0,0.3652008
2016,702,8455,1,0.569562
2016,702,8456,1,0.1725798
2016,702,8457,0,0.27568582
2016,702,8458,0,0.13801444
2016,702,8459,1,0.16794528
2016,702,8460,0,0.21402946
2016,702,8461,0,0.1683982
2016,702,8462,0,0.16434982
2016,702,8463,0,0.21268792
2016,702,8464,0,0.3318439
2016,702,8465,0,0.16762763
2016,702,8466,0,0.11105965
2016,702,8467,0,0.074342534
2016,702,8468,1,0.24905613
2016,702,8470,0,0.107704274
2016,702,8471,0,0.02147272
2016,702,8472,0,0.10308109
2016,702,8473,0,0.103028744
2016,702,8475,0,0.3772047
2016,702,8476,1,0.31397885
2016,702,8477,0,0.103782795
2016,702,8478,1,0.5260406
2016,702,8479,0,0.09905284
2016,702,8480,0,0.1000321
2016,702,8481,0,0.037662122
2016,702,8482,0,0.03960696
2016,702,8483,0,0.053574722
2016,702,8484,0,0.06854478
2016,528,8401,1,0.46522543
2016,528,8403,0,0.10215698
2016,528,8404,0,0.230697
2016,528,8406,1,0.2673006
2016,528,8407,0,0.1800773
2016,528,8408,0,0.06255879
2016,528,8409,0,0.023718627
2016,528,8410,1,0.5123169
2016,528,8411,0,0.0965171
2016,528,8412,0,0.04827388
2016,528,8413,0,0.026866289
2016,528,8414,0,0.03455209
2016,528,8415,0,0.045633506
2016,528,8416,0,0.10914296
2016,528,8417,1,0.17973873
2016,528,8418,0,0.033965167
2016,528,8419,0,0.12959005
2016,528,8420,0,0.20708007
2016,528,8421,0,0.08961551
2016,528,8422,0,0.040333766
2016,528,8423,0,0.08744471
2016,528,8424,0,0.028979618
2016,528,8425,0,0.037163008
2016,528,8426,0,0.091236725
2016,528,8427,0,0.047754668
2016,528,8428,0,0.07658356
2016,528,8429,0,0.09049621
2016,528,8430,1,0.08194891
2016,528,8431,0,0.0341452
2016,528,8432,0,0.043441694
2016,528,8433,0,0.070347466
2016,528,8434,0,0.1066933
2016,528,8435,0,0.15875651
2016,528,8436,0,0.08488858
2016,528,8437,0,0.15272973
2016,528,8438,0,0.03775711
2016,528,8439,0,0.19132152
2016,528,8440,0,0.098879986
2016,528,8441,0,0.06804134
2016,528,8442,0,0.12466352
2016,528,8443,0,0.043476474
2016,528,8444,0,0.17857502
2016,528,8445,1,0.54472697
2016,528,8446,1,0.64528143
2016,528,8447,0,0.23094803
2016,528,8448,0,0.18113062
2016,528,8449,0,0.44851363
2016,528,8450,0,0.20919165
2016,528,8451,0,0.0911098
2016,528,8452,0,0.11398348
2016,528,8453,0,0.55364
2016,528,8454,1,0.24167459
2016,528,8455,1,0.31508714
2016,528,8456,0,0.10693737
2016,528,8457,0,0.21467084
2016,528,8458,0,0.16718847
2016,528,8459,0,0.1033074
2016,528,8460,0,0.14371596
2016,528,8461,0,0.12485438
2016,528,8462,0,0.07061899
2016,528,8463,0,0.37307468
2016,528,8464,0,0.11194063
2016,528,8465,0,0.098317906
2016,528,8466,0,0.06761376
2016,528,8467,0,0.051569115
2016,528,8468,0,0.0790557
2016,528,8470,1,0.2204109
2016,528,8471,0,0.03886209
2016,528,8472,1,0.16431823
2016,528,8473,0,0.05480125
2016,528,8474,0,0.08553403
2016,528,8475,1,0.21005888
2016,528,8476,0,0.23392405
2016,528,8477,0,0.05950395
2016,528,8478,0,0.17670074
2016,528,8479,0,0.055754226
2016,528,8480,0,0.11796322
2016,528,8481,0,0.028524192
2016,528,8482,0,0.04584495
2016,528,8483,0,0.06480169
2016,528,8484,0,0.059335735
2016,528,8485,0,0.055950347
2016,410,8401,0,0.44309056
2016,410,8402,0,0.22585717
2016,410,8403,0,0.14183715
2016,410,8404,1,0.15715025
2016,410,8406,1,0.28587085
2016,410,8407,0,0.07290161
2016,410,8408,0,0.08917419
2016,410,8409,0,0.030815285
2016,410,8410,1,0.4088474
2016,410,8411,0,0.07769235
2016,410,8412,0,0.08139553
2016,410,8413,0,0.033581704
2016,410,8414,0,0.032859232
2016,410,8415,0,0.025711726
2016,410,8416,1,0.44497377
2016,410,8417,1,0.697716
2016,410,8418,0,0.03415949
2016,410,8419,1,0.100994244
2016,410,8420,0,0.26169616
2016,410,8421,0,0.1906084
2016,410,8422,0,0.06687657
2016,410,8423,0,0.08562629
2016,410,8424,1,0.04773714
2016,410,8425,0,0.07941801
2016,410,8426,0,0.09249738
2016,410,8427,0,0.06226747
2016,410,8428,0,0.052703056
2016,410,8429,0,0.056407783
2016,410,8431,0,0.036322974
2016,410,8432,0,0.19806553
2016,410,8433,0,0.1203256
2016,410,8434,0,0.25074482
2016,410,8435,0,0.18323682
2016,410,8436,0,0.1132826
2016,410,8437,0,0.107934676
2016,410,8438,0,0.1290455
2016,410,8439,1,0.24697384
2016,410,8440,0,0.36306238
2016,410,8441,0,0.08113768
2016,410,8442,0,0.5092818
2016,410,8443,0,0.048184697
2016,410,8444,1,0.37897414
2016,410,8445,0,0.3718147
2016,410,8446,0,0.2027181
2016,410,8447,0,0.1610324
2016,410,8448,0,0.089734994
2016,410,8449,1,0.58361596
2016,410,8450,0,0.09937239
2016,410,8451,0,0.055042528
2016,410,8452,0,0.085769854
2016,410,8453,0,0.22774638
2016,410,8454,1,0.7300107
2016,410,8455,0,0.16688228
2016,410,8456,1,0.19816041
2016,410,8457,0,0.18050916
2016,410,8458,0,0.08460676
2016,410,8459,0,0.108107075
2016,410,8460,0,0.18293859
2016,410,8461,1,0.21660058
2016,410,8462,0,0.13516718
2016,410,8463,0,0.114345536
2016,410,8464,0,0.3463962
2016,410,8465,0,0.17957562
2016,410,8466,0,0.083432876
2016,410,8467,0,0.059192155
2016,410,8468,0,0.28285298
2016,410,8470,1,0.20589279
2016,410,8471,1,0.050446197
2016,410,8472,1,0.11502846
2016,410,8473,0,0.122563615
2016,410,8474,1,0.23650284
2016,410,8475,0,0.6260731
2016,410,8476,1,0.18610232
2016,410,8477,0,0.05033283
2016,410,8478,0,0.76447004
2016,410,8479,0,0.09811606
2016,410,8480,0,0.057711706
2016,410,8481,0,0.028926687
2016,410,8482,0,0.042767063
2016,410,8483,0,0.06262211
2016,410,8484,0,0.07075916
2016,458,8404,0,0.3720799
2016,458,8405,0,0.6892794
2016,458,8407,0,0.35446268
2016,458,8408,0,0.12209631
2016,458,8409,0,0.1106488
2016,458,8410,1,0.5611722
2016,458,8411,0,0.09966845
2016,458,8412,0,0.15864487
2016,458,8413,0,0.11132045
2016,458,8414,0,0.03767741
2016,458,8415,0,0.036479224
2016,458,8416,0,0.23192422
2016,458,8417,1,0.35367072
2016,458,8418,0,0.051567234
2016,458,8419,0,0.11730896
2016,458,8420,1,0.41607475
2016,458,8421,0,0.078609854
2016,458,8422,1,0.15902229
2016,458,8423,0,0.13235559
2016,458,8424,0,0.07532185
2016,458,8425,0,0.16489927
2016,458,8426,0,0.17337164
2016,458,8427,0,0.2567793
2016,458,8428,0,0.089469716
2016,458,8430,1,0.46550074
2016,458,8431,1,0.13116106
2016,458,8432,0,0.5937609
2016,458,8433,1,0.29277873
2016,458,8435,0,0.32285023
2016,458,8436,0,0.094574384
2016,458,8437,0,0.31272504
2016,458,8439,1,0.47913164
2016,458,8441,0,0.09470364
2016,458,8442,0,0.46701494
2016,458,8443,0,0.10394381
2016,458,8444,1,0.64712214
2016,458,8445,1,0.76285106
2016,458,8446,1,0.3618462
2016,458,8447,0,0.4606637
2016,458,8448,0,0.12957495
2016,458,8451,0,0.17257597
2016,458,8452,0,0.40477538
2016,458,8453,0,0.25338495
2016,458,8454,0,0.20549105
2016,458,8455,0,0.27473953
2016,458,8456,0,0.22469732
2016,458,8457,0,0.23845136
2016,458,8458,0,0.218842
2016,458,8459,0,0.1613607
2016,458,8460,1,0.5211149
2016,458,8462,0,0.22899318
2016,458,8463,0,0.18673219
2016,458,8464,0,0.17524174
2016,458,8465,0,0.28948754
2016,458,8466,0,0.2073763
2016,458,8467,0,0.08579109
2016,458,8468,0,0.1728459
2016,458,8469,1,0.28905556
2016,458,8470,0,0.16044524
2016,458,8471,1,0.024274103
2016,458,8472,1,0.22615914
2016,458,8473,0,0.11392556
2016,458,8474,0,0.10590506
2016,458,8475,0,0.3159638
2016,458,8476,0,0.31225035
2016,458,8477,1,0.096205406
2016,458,8479,0,0.119505346
2016,458,8480,0,0.079562195
2016,458,8481,0,0.04639566
2016,458,8482,0,0.07491358
2016,458,8484,0,0.099069595
2016,458,8485,0,0.14763376
2016,124,8401,0,0.6580882
2016,124,8402,0,0.3311074
2016,124,8403,0,0.18272305
2016,124,8404,0,0.2862152
2016,124,8405,0,0.49677628
2016,124,8406,0,0.29307267
2016,124,8407,0,0.13322738
2016,124,8408,0,0.18627511
2016,124,8409,0,0.054242842
2016,124,8410,1,0.24291728
2016,124,8411,0,0.086198054
2016,124,8412,0,0.09575042
2016,124,8413,0,0.048830517
2016,124,8414,0,0.051512435
2016,124,8415,0,0.10095574
2016,124,8416,0,0.20655979
2016,124,8417,0,0.15671194
2016,124,8418,0,0.07355785
2016,124,8419,0,0.16296129
2016,124,8420,0,0.2380753
2016,124,8421,0,0.114860654
2016,124,8422,0,0.09076984
2016,124,8423,0,0.16301061
2016,124,8424,0,0.06662684
2016,124,8425,0,0.08381513
2016,124,8426,0,0.23992881
2016,124,8427,0,0.23161167
2016,124,8428,0,0.06589613
2016,124,8429,0,0.19343771
2016,124,8430,0,0.19586898
2016,124,8431,0,0.094049804
2016,124,8432,0,0.15025467
2016,124,8433,0,0.10365671
2016,124,8434,0,0.24999774
2016,124,8435,1,0.28378782
2016,124,8436,0,0.10810297
2016,124,8437,0,0.5158369
2016,124,8438,0,0.09654918
2016,124,8439,0,0.24777713
2016,124,8440,0,0.2978522
2016,124,8441,0,0.21019202
2016,124,8442,0,0.22260834
2016,124,8443,0,0.10861046
2016,124,8445,0,0.3341715
2016,124,8448,0,0.18883795
2016,124,8449,1,0.80691373
2016,124,8451,0,0.12014205
2016,124,8452,0,0.17406431
2016,124,8453,0,0.3860934
2016,124,8454,0,0.20720477
2016,124,8455,0,0.28389025
2016,124,8456,1,0.3628189
2016,124,8457,0,0.25382254
2016,124,8458,0,0.3953293
2016,124,8459,0,0.25035807
2016,124,8460,0,0.19842821
2016,124,8461,0,0.27208188
2016,124,8462,0,0.20067656
2016,124,8463,0,0.22439167
2016,124,8464,0,0.22150993
2016,124,8465,0,0.1119999
2016,124,8466,0,0.09602944
2016,124,8467,0,0.08301656
2016,124,8468,0,0.20082815
2016,124,8470,0,0.21788
2016,124,8471,0,0.037076134
2016,124,8472,0,0.13609017
2016,124,8473,0,0.105240464
2016,124,8474,0,0.15650627
2016,124,8475,0,0.2878618
2016,124,8476,0,0.22560373
2016,124,8477,0,0.06979883
2016,124,8478,0,0.43528903
2016,124,8479,0,0.10618176
2016,124,8480,0,0.15278362
2016,124,8481,0,0.043547433
2016,124,8482,0,0.07794939
2016,124,8483,0,0.07247294
2016,124,8484,0,0.118186146
2016,124,8485,0,0.13463491
2016,484,8402,1,0.5060397
2016,484,8403,0,0.25046945
2016,484,8404,0,0.4265005
2016,484,8405,1,0.31675857
2016,484,8406,1,0.27628767
2016,484,8407,1,0.24021168
2016,484,8408,0,0.15800779
2016,484,8409,0,0.08509509
2016,484,8410,0,0.5551942
2016,484,8411,0,0.11801125
2016,484,8412,0,0.26077983
2016,484,8413,0,0.064829074
2016,484,8414,0,0.05948239
2016,484,8415,0,0.12896559
2016,484,8416,0,0.28386337
2016,484,8417,1,0.26390958
2016,484,8418,0,0.06537792
2016,484,8419,0,0.1494646
2016,484,8420,0,0.63387656
2016,484,8421,0,0.1426408
2016,484,8423,0,0.14003566
2016,484,8424,0,0.08763129
2016,484,8425,0,0.11121239
2016,484,8426,0,0.25281325
2016,484,8427,0,0.6870618
2016,484,8428,0,0.14869224
2016,484,8429,0,0.36832818
2016,484,8430,0,0.2633874
2016,484,8431,0,0.15152158
2016,484,8432,0,0.18434364
2016,484,8433,0,0.17244607
2016,484,8434,0,0.24209285
2016,484,8436,0,0.16978383
2016,484,8438,0,0.14009477
2016,484,8439,1,0.6363362
2016,484,8441,0,0.3069049
2016,484,8442,0,0.20549797
2016,484,8443,0,0.098286755
2016,484,8448,1,0.19846603
2016,484,8450,0,0.541482
2016,484,8451,0,0.25612098
2016,484,8453,1,0.5019228
2016,484,8454,1,0.31251162
2016,484,8455,0,0.26276362
2016,484,8456,1,0.24622488
2016,484,8457,0,0.2999345
2016,484,8458,1,0.323909
2016,484,8459,0,0.24825312
2016,484,8460,0,0.22662501
2016,484,8461,0,0.41942263
2016,484,8462,0,0.23982807
2016,484,8464,1,0.5993597
2016,484,8465,0,0.20276971
2016,484,8466,0,0.15704837
2016,484,8467,0,0.13134705
2016,484,8468,0,0.17961681
2016,484,8470,0,0.17490712
2016,484,8471,0,0.06711321
2016,484,8472,0,0.1735101
2016,484,8473,0,0.11553169
2016,484,8474,0,0.21806103
2016,484,8476,0,0.21100543
2016,484,8477,0,0.14209652
2016,484,8479,0,0.23593295
2016,484,8480,1,0.28353262
2016,484,8481,0,0.073025234
2016,484,8482,0,0.1041611
2016,484,8483,0,0.08376988
2016,484,8484,0,0.17324734
2016,484,8485,0,0.4964497
2016,757,8403,0,0.23686624
2016,757,8404,0,0.39629743
2016,757,8405,0,0.239904
2016,757,8406,1,0.2730714
2016,757,8407,0,0.22153226
2016,757,8408,0,0.24306458
2016,757,8409,0,0.06575427
2016,757,8411,0,0.13818456
2016,757,8412,0,0.116216406
2016,757,8413,0,0.043643054
2016,757,8414,0,0.029554596
2016,757,8415,0,0.11256961
2016,757,8416,0,0.24288335
2016,757,8417,0,0.1807735
2016,757,8418,0,0.08345682
2016,757,8419,0,0.15418142
2016,757,8420,0,0.22764139
2016,757,8421,0,0.07731804
2016,757,8422,0,0.06581901
2016,757,8423,0,0.08154806
2016,757,8424,0,0.062676
2016,757,8425,0,0.106264405
2016,757,8426,1,0.44046447
2016,757,8427,0,0.17026636
2016,757,8428,0,0.10209951
2016,757,8429,0,0.24934115
2016,757,8430,0,0.20232269
2016,757,8431,0,0.047344867
2016,757,8432,0,0.10989088
2016,757,8433,0,0.20188364
2016,757,8434,0,0.23568985
2016,757,8435,0,0.23651746
2016,757,8436,0,0.17660682
2016,757,8437,1,0.32017618
2016,757,8438,0,0.03657995
2016,757,8439,0,0.19774587
2016,757,8440,0,0.17031716
2016,757,8441,0,0.087388046
2016,757,8442,0,0.13482112
2016,757,8443,0,0.06332738
2016,757,8444,1,0.5080706
2016,757,8445,0,0.1949677
2016,757,8446,0,0.113211304
2016,757,8447,0,0.26774877
2016,757,8448,0,0.050508056
2016,757,8449,0,0.31970814
2016,757,8450,0,0.14549905
2016,757,8451,1,0.050101582
2016,757,8452,0,0.11613634
2016,757,8453,1,0.14942425
2016,757,8454,0,0.18508431
2016,757,8455,1,0.20594007
2016,757,8456,0,0.10245971
2016,757,8457,0,0.25601056
2016,757,8458,0,0.15223157
2016,757,8459,0,0.17453536
2016,757,8460,0,0.13119498
2016,757,8461,0,0.18417762
2016,757,8462,0,0.1290393
2016,757,8463,0,0.1255617
2016,757,8464,0,0.1723477
2016,757,8465,0,0.10891811
2016,757,8466,0,0.07508429
2016,757,8467,0,0.08201272
2016,757,8468,0,0.13173735
2016,757,8470,1,0.18974619
2016,757,8471,1,0.03933915
2016,757,8472,1,0.15519391
2016,757,8473,0,0.11027418
2016,757,8474,0,0.1310581
2016,757,8475,0,0.1712163
2016,757,8476,0,0.16359457
2016,757,8477,0,0.06644713
2016,757,8479,0,0.06284936
2016,757,8480,0,0.12963027
2016,757,8481,0,0.046665367
2016,757,8482,0,0.058257867
2016,757,8483,0,0.101678
2016,757,8484,0,0.05917325
2016,757,8485,0,0.07758607
2016,764,8402,0,0.5787019
2016,764,8403,0,0.2319393
2016,764,8404,0,0.17727141
2016,764,8405,0,0.4815654
2016,764,8406,0,0.2921243
2016,764,8407,0,0.09326555
2016,764,8408,0,0.33997124
2016,764,8409,0,0.03740946
2016,764,8411,0,0.099005304
2016,764,8412,0,0.23292772
2016,764,8413,0,0.03776781
2016,764,8414,0,0.029606583
2016,764,8415,0,0.0232456
2016,764,8416,1,0.6107516
2016,764,8417,1,0.35394642
2016,764,8418,0,0.13297887
2016,764,8419,1,0.19900799
2016,764,8420,1,0.43344542
2016,764,8421,0,0.05584698
2016,764,8422,0,0.1101212
2016,764,8424,0,0.054945536
2016,764,8425,0,0.14593552
2016,764,8426,1,0.45809993
2016,764,8428,0,0.12305178
2016,764,8434,1,0.23394403
2016,764,8437,0,0.14166087
2016,764,8438,0,0.15226449
2016,764,8439,1,0.5626425
2016,764,8441,0,0.10245598
2016,764,8442,0,0.502335
2016,764,8443,0,0.07768128
2016,764,8445,1,0.5609723
2016,764,8447,0,0.48069146
2016,764,8448,0,0.14942592
2016,764,8450,0,0.063764766
2016,764,8451,0,0.08823758
2016,764,8452,0,0.0765841
2016,764,8453,0,0.19626822
2016,764,8454,0,0.27032718
2016,764,8455,0,0.20328604
2016,764,8456,0,0.1386111
2016,764,8457,0,0.31669343
2016,764,8458,0,0.4162794
2016,764,8459,0,0.12968901
2016,764,8460,0,0.18571608
2016,764,8461,0,0.17335352
2016,764,8462,0,0.14524658
2016,764,8463,0,0.2214931
2016,764,8466,0,0.15261765
2016,764,8467,0,0.18037836
2016,764,8468,0,0.70046735
2016,764,8470,0,0.23502694
2016,764,8471,1,0.03127822
2016,764,8472,1,0.34217614
2016,764,8473,0,0.10245806
2016,764,8475,0,0.45346245
2016,764,8476,0,0.23274334
2016,764,8477,0,0.08564701
2016,764,8479,0,0.15996791
2016,764,8480,0,0.08138011
2016,764,8481,0,0.031215921
2016,764,8482,0,0.052622292
2016,764,8483,0,0.05484503
2016,764,8484,0,0.05818876
2016,764,8485,0,0.12992957
2016,752,8401,0,0.42286208
2016,752,8402,0,0.2716906
2016,752,8403,0,0.2612086
2016,752,8404,0,0.19388857
2016,752,8405,1,0.6760948
2016,752,8406,0,0.4394872
2016,752,8407,0,0.26330417
2016,752,8408,0,0.1378384
2016,752,8409,0,0.054383576
2016,752,8410,1,0.31376722
2016,752,8411,0,0.119594954
2016,752,8412,0,0.04099942
2016,752,8413,0,0.02979732
2016,752,8414,0,0.03180789
2016,752,8415,0,0.058807615
2016,752,8416,0,0.18699706
2016,752,8417,0,0.19273137
2016,752,8418,0,0.04592967
2016,752,8419,0,0.1446531
2016,752,8420,0,0.24513437
2016,752,8421,0,0.07935164
2016,752,8422,0,0.04496415
2016,752,8423,0,0.13854142
2016,752,8424,0,0.03970142
2016,752,8425,0,0.15577771
2016,752,8426,0,0.12412682
2016,752,8427,0,0.09193672
2016,752,8428,0,0.07580982
2016,752,8429,0,0.079375766
2016,752,8430,0,0.07252177
2016,752,8431,0,0.029982409
2016,752,8432,0,0.08476675
2016,752,8433,0,0.112679765
2016,752,8434,0,0.12923855
2016,752,8436,0,0.14693534
2016,752,8437,0,0.15341108
2016,752,8438,0,0.063748494
2016,752,8439,0,0.18787934
2016,752,8440,0,0.23799716
2016,752,8441,0,0.14047858
2016,752,8442,0,0.23236616
2016,752,8443,0,0.07934012
2016,752,8446,1,0.70715356
2016,752,8447,0,0.62370133
2016,752,8448,0,0.15505064
2016,752,8450,0,0.15190926
2016,752,8451,0,0.15788795
2016,752,8452,0,0.24687326
2016,752,8453,0,0.5509388
2016,752,8454,1,0.435994
2016,752,8455,0,0.1566568
2016,752,8456,1,0.3232091
2016,752,8457,1,0.4905612
2016,752,8458,0,0.14774859
2016,752,8459,0,0.21628162
2016,752,8460,0,0.19693181
2016,752,8461,0,0.29654667
2016,752,8462,0,0.16584483
2016,752,8463,0,0.19967213
2016,752,8464,0,0.22756672
2016,752,8465,0,0.14569415
2016,752,8466,0,0.04927626
2016,752,8467,0,0.056979693
2016,752,8468,0,0.12155963
2016,752,8470,0,0.34917852
2016,752,8471,0,0.06433347
2016,752,8472,1,0.12171763
2016,752,8473,0,0.073825166
2016,752,8474,0,0.072740875
2016,752,8475,0,0.20513283
2016,752,8476,0,0.15390147
2016,752,8477,0,0.12585083
2016,752,8479,0,0.0685511
2016,752,8480,0,0.20572257
2016,752,8481,0,0.032999717
2016,752,8482,0,0.0360413
2016,752,8483,0,0.07434957
2016,752,8484,0,0.052112497
2016,752,8485,0,0.07214838
2016,372,8402,1,0.31582627
2016,372,8403,0,0.29308182
2016,372,8405,1,0.70591533
2016,372,8406,1,0.781986
2016,372,8407,0,0.49552074
2016,372,8409,0,0.16668503
2016,372,8411,0,0.17653462
2016,372,8412,0,0.2338664
2016,372,8413,0,0.0678031
2016,372,8414,0,0.09457526
2016,372,8415,0,0.14135021
2016,372,8418,0,0.1276149
2016,372,8419,0,0.3385954
2016,372,8421,0,0.13221689
2016,372,8422,0,0.14546545
2016,372,8423,0,0.42868644
2016,372,8424,1,0.14694525
2016,372,8425,1,0.2481486
2016,372,8426,0,0.21083274
2016,372,8427,0,0.25182423
2016,372,8428,0,0.16326113
2016,372,8429,0,0.2915171
2016,372,8430,0,0.22236387
2016,372,8431,0,0.106192894
2016,372,8432,0,0.277085
2016,372,8433,0,0.14282596
2016,372,8434,0,0.31639105
2016,372,8436,0,0.22801214
2016,372,8437,0,0.5425508
2016,372,8438,0,0.35353643
2016,372,8441,1,0.3671392
2016,372,8443,0,0.11268865
2016,372,8448,0,0.26270562
2016,372,8450,1,0.38370368
2016,372,8451,1,0.38698652
2016,372,8456,0,0.3195737
2016,372,8458,1,0.45895627
2016,372,8459,0,0.30860212
2016,372,8462,1,0.31938416
2016,372,8463,0,0.25298485
2016,372,8464,1,0.75376236
2016,372,8465,1,0.40269828
2016,372,8466,0,0.21832886
2016,372,8467,0,0.20919827
2016,372,8468,0,0.27694243
2016,372,8470,0,0.22363774
2016,372,8471,1,0.033810515
2016,372,8472,0,0.68367714
2016,372,8473,0,0.064332955
2016,372,8474,0,0.26255384
2016,372,8475,0,0.33527023
2016,372,8476,1,0.30228585
2016,372,8477,1,0.15919803
2016,372,8479,0,0.16246046
2016,372,8480,0,0.15047617
2016,372,8481,1,0.0903528
2016,372,8484,0,0.101451226
2016,372,8485,0,0.12734324
2016,40,8401,1,0.54693806
2016,40,8402,1,0.24138168
2016,40,8403,0,0.16977939
2016,40,8404,0,0.28144348
2016,40,8405,1,0.30751774
2016,40,8406,1,0.34400678
2016,40,8407,0,0.16784073
2016,40,8408,0,0.2363246
2016,40,8409,0,0.0938905
2016,40,8410,0,0.33440688
2016,40,8411,0,0.19304855
2016,40,8412,0,0.13027167
2016,40,8413,0,0.033771873
2016,40,8414,1,0.04182919
2016,40,8415,0,0.0810878
2016,40,8416,0,0.1388927
2016,40,8417,1,0.30025432
2016,40,8418,0,0.057699848
2016,40,8419,0,0.15437005
2016,40,8420,0,0.25730336
2016,40,8421,0,0.1082016
2016,40,8422,0,0.07550637
2016,40,8423,0,0.10679239
2016,40,8424,0,0.05273604
2016,40,8425,0,0.10225523
2016,40,8426,0,0.1330815
2016,40,8427,0,0.17005213
2016,40,8428,0,0.3801967
2016,40,8429,0,0.14435609
2016,40,8430,0,0.16610917
2016,40,8431,0,0.04525642
2016,40,8432,0,0.07989232
2016,40,8433,0,0.091801435
2016,40,8434,1,0.35473436
2016,40,8435,0,0.17711718
2016,40,8436,0,0.099878885
2016,40,8437,0,0.14128737
2016,40,8438,0,0.04392113
2016,40,8439,0,0.14036527
2016,40,8440,0,0.23606797
2016,40,8441,0,0.09610064
2016,40,8442,0,0.14680552
2016,40,8443,0,0.07064565
2016,40,8444,1,0.3075227
2016,40,8445,1,0.4659814
2016,40,8446,0,0.44836777
2016,40,8447,0,0.24607225
2016,40,8448,0,0.1692011
2016,40,8449,0,0.60369736
2016,40,8450,0,0.33923587
2016,40,8451,1,0.094308436
2016,40,8452,0,0.083465755
2016,40,8453,0,0.2689387
2016,40,8454,1,0.5849855
2016,40,8455,0,0.16814503
2016,40,8456,0,0.2028444
2016,40,8457,0,0.24911575
2016,40,8458,0,0.17021939
2016,40,8459,0,0.18491687
2016,40,8461,1,0.20109919
2016,40,8462,0,0.12251169
2016,40,8463,0,0.21792033
2016,40,8464,0,0.26996675
2016,40,8465,0,0.097203486
2016,40,8466,0,0.100155845
2016,40,8467,0,0.08061047
2016,40,8468,0,0.13308842
2016,40,8470,0,0.49463394
2016,40,8471,1,0.034200188
2016,40,8472,1,0.13818362
2016,40,8473,0,0.09834403
2016,40,8474,0,0.17136261
2016,40,8475,0,0.3593796
2016,40,8476,0,0.34127688
2016,40,8477,0,0.054328315
2016,40,8478,0,0.23423226
2016,40,8479,0,0.048314087
2016,40,8480,0,0.107781194
2016,40,8481,0,0.031983864
2016,40,8482,0,0.09197247
2016,40,8483,0,0.08617787
2016,40,8484,0,0.0655003
2016,40,8485,0,0.15051839
2016,724,8401,1,0.30195922
2016,724,8402,1,0.6135159
2016,724,8403,0,0.20034541
2016,724,8404,0,0.47614682
2016,724,8405,1,0.46563613
2016,724,8406,0,0.17972787
2016,724,8407,0,0.111678734
2016,724,8408,0,0.16652973
2016,724,8409,0,0.042405892
2016,724,8410,1,0.1752096
2016,724,8411,0,0.09234285
2016,724,8412,0,0.13329738
2016,724,8413,0,0.029797014
2016,724,8414,0,0.03451818
2016,724,8415,0,0.06328573
2016,724,8416,0,0.151859
2016,724,8417,0,0.18978834
2016,724,8418,0,0.03555949
2016,724,8419,0,0.16538458
2016,724,8420,0,0.16144426
2016,724,8421,0,0.11991291
2016,724,8422,0,0.04402177
2016,724,8423,0,0.05672922
2016,724,8424,0,0.04114325
2016,724,8425,1,0.12861797
2016,724,8426,0,0.086548306
2016,724,8427,0,0.124946676
2016,724,8428,0,0.13462338
2016,724,8430,0,0.10688262
2016,724,8431,0,0.029854601
2016,724,8432,0,0.07397167
2016,724,8433,0,0.12580986
2016,724,8434,1,0.27069896
2016,724,8435,0,0.2803307
2016,724,8436,0,0.0851162
2016,724,8437,0,0.43677092
2016,724,8438,0,0.043423764
2016,724,8439,0,0.25955358
2016,724,8440,0,0.18528023
2016,724,8441,0,0.08062774
2016,724,8442,0,0.21991006
2016,724,8443,0,0.045310482
2016,724,8444,1,0.38656282
2016,724,8445,1,0.132608
2016,724,8446,0,0.26449263
2016,724,8447,0,0.23880145
2016,724,8448,0,0.09682709
2016,724,8449,0,0.3320404
2016,724,8450,0,0.19074836
2016,724,8451,1,0.13193089
2016,724,8452,0,0.33393726
2016,724,8453,0,0.19429557
2016,724,8454,0,0.14945127
2016,724,8455,0,0.75821567
2016,724,8456,0,0.18728606
2016,724,8457,0,0.1516643
2016,724,8458,0,0.14524373
2016,724,8459,0,0.11627829
2016,724,8460,1,0.27155885
2016,724,8461,1,0.15150338
2016,724,8462,0,0.0782766
2016,724,8463,0,0.21149996
2016,724,8464,0,0.18544011
2016,724,8465,0,0.0743998
2016,724,8466,0,0.051993083
2016,724,8467,0,0.11336621
2016,724,8468,0,0.16752324
2016,724,8470,0,0.12411566
2016,724,8471,0,0.058874007
2016,724,8472,1,0.14269578
2016,724,8473,0,0.090208784
2016,724,8474,0,0.07469399
2016,724,8475,0,0.3272617
2016,724,8476,0,0.1864078
2016,724,8477,0,0.07447143
2016,724,8478,0,0.1579026
2016,724,8479,0,0.1284771
2016,724,8480,0,0.13011482
2016,724,8481,0,0.03464857
2016,724,8482,0,0.055288766
2016,724,8483,0,0.08348292
2016,724,8484,0,0.0702448
2016,724,8485,0,0.10580957
2017,842,8401,1,0.15744436
2017,842,8402,0,0.124188334
2017,842,8403,0,0.13606495
2017,842,8404,1,0.18354972
2017,842,8405,0,0.15644157
2017,842,8406,1,0.15693285
2017,842,8407,0,0.124743186
2017,842,8408,0,0.2576956
2017,842,8409,0,0.083592825
2017,842,8410,0,0.16373436
2017,842,8411,0,0.09343679
2017,842,8412,0,0.10358804
2017,842,8413,0,0.094126314
2017,842,8414,0,0.10966951
2017,842,8415,0,0.08731576
2017,842,8416,0,0.15753217
2017,842,8417,0,0.1146607
2017,842,8418,0,0.11772718
2017,842,8419,0,0.12706092
2017,842,8420,0,0.10038132
2017,842,8421,0,0.11038752
2017,842,8422,0,0.1194495
2017,842,8423,0,0.12257151
2017,842,8424,0,0.07876272
2017,842,8425,0,0.109861046
2017,842,8426,0,0.13892373
2017,842,8427,0,0.08482518
2017,842,8428,0,0.13959745
2017,842,8429,0,0.05973114
2017,842,8431,0,0.048004728
2017,842,8432,0,0.12694827
2017,842,8433,0,0.09099677
2017,842,8434,0,0.11728696
2017,842,8435,0,0.13509543
2017,842,8436,0,0.06772153
2017,842,8437,0,0.1253686
2017,842,8438,0,0.07883153
2017,842,8439,0,0.13864565
2017,842,8440,1,0.19517802
2017,842,8441,0,0.13270217
2017,842,8442,0,0.21987824
2017,842,8443,0,0.024908315
2017,842,8444,1,0.2799761
2017,842,8445,0,0.16725966
2017,842,8446,0,0.36202604
2017,842,8447,1,0.22358832
2017,842,8448,0,0.06617819
2017,842,8449,1,0.5771954
2017,842,8450,0,0.14009337
2017,842,8451,0,0.057402596
2017,842,8452,0,0.11999782
2017,842,8453,0,0.19957486
2017,842,8454,0,0.14578824
2017,842,8455,0,0.14317898
2017,842,8456,0,0.09176892
2017,842,8457,0,0.18622951
2017,842,8458,0,0.09944384
2017,842,8459,0,0.1562669
2017,842,8460,0,0.07583892
2017,842,8461,0,0.09522395
2017,842,8462,0,0.097569466
2017,842,8463,0,0.13121039
2017,842,8464,0,0.11168904
2017,842,8465,0,0.06981414
2017,842,8466,0,0.02892281
2017,842,8467,0,0.07243088
2017,842,8468,0,0.24750173
2017,842,8470,1,0.29568824
2017,842,8471,0,0.06616845
2017,842,8472,0,0.036423426
2017,842,8473,0,0.061062235
2017,842,8474,0,0.17959623
2017,842,8475,0,0.13801967
2017,842,8476,0,0.14307164
2017,842,8477,0,0.059404436
2017,842,8478,0,0.16043665
2017,842,8479,0,0.040009886
2017,842,8480,0,0.3172387
2017,842,8481,0,0.07493037
2017,842,8482,0,0.042616062
2017,842,8483,0,0.097618096
2017,842,8484,0,0.07579544
2017,842,8485,0,0.13287699
2017,276,8401,0,0.25176135
2017,276,8402,0,0.10643561
2017,276,8403,0,0.06507496
2017,276,8404,1,0.17255665
2017,276,8405,0,0.3572909
2017,276,8406,1,0.4561272
2017,276,8407,0,0.07441029
2017,276,8408,0,0.035668593
2017,276,8409,0,0.044943646
2017,276,8410,1,0.20622236
2017,276,8411,0,0.09452956
2017,276,8412,0,0.0732129
2017,276,8413,0,0.045414776
2017,276,8414,0,0.046745088
2017,276,8415,0,0.061179798
2017,276,8416,0,0.062057603
2017,276,8417,0,0.118896686
2017,276,8418,0,0.081787
2017,276,8419,0,0.10098206
2017,276,8420,0,0.089204945
2017,276,8421,0,0.041022357
2017,276,8422,0,0.07266482
2017,276,8423,0,0.07747116
2017,276,8424,0,0.04959119
2017,276,8425,0,0.07562265
2017,276,8426,0,0.15058799
2017,276,8427,0,0.07312081
2017,276,8428,0,0.07232942
2017,276,8429,0,0.035475433
2017,276,8430,0,0.06860891
2017,276,8431,0,0.023426414
2017,276,8432,0,0.06802529
2017,276,8433,0,0.094823554
2017,276,8434,0,0.07453548
2017,276,8435,0,0.16574775
2017,276,8436,0,0.035735868
2017,276,8437,0,0.08603705
2017,276,8438,0,0.05992566
2017,276,8439,0,0.121928126
2017,276,8440,0,0.071599245
2017,276,8441,0,0.080872
2017,276,8442,1,0.14349884
2017,276,8443,0,0.030683896
2017,276,8444,0,0.43695363
2017,276,8445,0,0.17109735
2017,276,8446,0,0.16685681
2017,276,8447,1,0.11660567
2017,276,8448,0,0.046518322
2017,276,8449,1,0.13782568
2017,276,8450,0,0.14138603
2017,276,8451,0,0.054360144
2017,276,8452,0,0.04163545
2017,276,8453,0,0.08769462
2017,276,8454,0,0.15240608
2017,276,8455,0,0.12240368
2017,276,8456,0,0.08282086
2017,276,8457,0,0.11090042
2017,276,8458,0,0.05383468
2017,276,8459,0,0.089353226
2017,276,8460,0,0.05844786
2017,276,8461,0,0.08427285
2017,276,8462,0,0.054941736
2017,276,8463,0,0.14315775
2017,276,8464,0,0.04528816
2017,276,8465,0,0.071818255
2017,276,8466,0,0.02492128
2017,276,8467,0,0.074417286
2017,276,8468,0,0.06854489
2017,276,8470,0,0.17069247
2017,276,8471,0,0.029837936
2017,276,8472,0,0.03819444
2017,276,8473,0,0.10120964
2017,276,8474,0,0.10330566
2017,276,8475,0,0.16865146
2017,276,8476,0,0.1427178
2017,276,8477,0,0.043684226
2017,276,8478,0,0.082033165
2017,276,8479,0,0.034099318
2017,276,8480,0,0.08803113
2017,276,8481,0,0.04479094
2017,276,8482,0,0.0378839
2017,276,8483,0,0.03726203
2017,276,8484,0,0.04359006
2017,276,8485,0,0.054483633
2017,392,8401,0,0.340879
2017,392,8402,0,0.3763408
2017,392,8403,0,0.22150601
2017,392,8404,0,0.27825955
2017,392,8405,0,0.17307483
2017,392,8406,1,0.18297249
2017,392,8407,0,0.058771912
2017,392,8408,0,0.06472257
2017,392,8409,0,0.036770515
2017,392,8411,0,0.08484008
2017,392,8412,0,0.09631008
2017,392,8413,0,0.044567477
2017,392,8414,0,0.044583347
2017,392,8415,0,0.03916312
2017,392,8416,0,0.13994531
2017,392,8417,0,0.1461758
2017,392,8418,0,0.054311246
2017,392,8419,0,0.08760324
2017,392,8420,0,0.1874326
2017,392,8421,0,0.043060098
2017,392,8422,0,0.05343078
2017,392,8423,0,0.11090815
2017,392,8424,0,0.048448566
2017,392,8425,0,0.08566745
2017,392,8426,0,0.114718854
2017,392,8427,0,0.031419694
2017,392,8428,0,0.09648002
2017,392,8429,0,0.04491637
2017,392,8430,0,0.08441676
2017,392,8431,0,0.03689559
2017,392,8432,1,0.089693986
2017,392,8433,0,0.07529024
2017,392,8434,1,0.3930058
2017,392,8435,1,0.3541176
2017,392,8436,0,0.10175932
2017,392,8437,0,0.13828567
2017,392,8438,0,0.05918465
2017,392,8439,0,0.18933415
2017,392,8440,0,0.16076393
2017,392,8441,0,0.11401847
2017,392,8442,0,0.14680767
2017,392,8443,0,0.04867771
2017,392,8444,1,0.3197562
2017,392,8445,0,0.2762639
2017,392,8446,0,0.16036381
2017,392,8447,1,0.11883778
2017,392,8448,0,0.06539858
2017,392,8449,1,0.28050822
2017,392,8450,0,0.14094296
2017,392,8451,0,0.06656658
2017,392,8452,0,0.043970145
2017,392,8453,1,0.15279001
2017,392,8454,0,0.14454247
2017,392,8455,0,0.14403301
2017,392,8456,0,0.08639043
2017,392,8457,0,0.11916132
2017,392,8458,0,0.101808675
2017,392,8459,0,0.07850969
2017,392,8460,0,0.07235318
2017,392,8461,0,0.09982658
2017,392,8462,0,0.08463111
2017,392,8463,0,0.1117897
2017,392,8464,0,0.16022898
2017,392,8465,0,0.07489392
2017,392,8466,0,0.047329202
2017,392,8467,0,0.058509674
2017,392,8468,0,0.10070519
2017,392,8469,1,0.2432796
2017,392,8470,0,0.21373735
2017,392,8471,0,0.028794132
2017,392,8472,1,0.059069913
2017,392,8473,0,0.08163687
2017,392,8474,0,0.09031921
2017,392,8475,0,0.17953502
2017,392,8476,0,0.17945702
2017,392,8477,0,0.058114547
2017,392,8478,0,0.46005693
2017,392,8479,0,0.08160643
2017,392,8480,0,0.07377668
2017,392,8481,0,0.04924648
2017,392,8482,0,0.033855412
2017,392,8483,0,0.047779925
2017,392,8484,0,0.038792122
2017,392,8485,0,0.07087623
2017,156,8401,0,0.17307958
2017,156,8402,0,0.048119985
2017,156,8403,0,0.03028307
2017,156,8404,0,0.34514198
2017,156,8405,0,0.14862682
2017,156,8406,1,0.1862194
2017,156,8407,0,0.051559333
2017,156,8408,0,0.018604947
2017,156,8409,0,0.03599554
2017,156,8411,0,0.05184993
2017,156,8412,0,0.028773071
2017,156,8413,0,0.04885185
2017,156,8414,0,0.041292153
2017,156,8415,0,0.064031504
2017,156,8416,0,0.100888945
2017,156,8417,0,0.056062497
2017,156,8418,0,0.05982343
2017,156,8419,0,0.0785022
2017,156,8420,0,0.08109842
2017,156,8421,0,0.04966282
2017,156,8422,0,0.031173196
2017,156,8423,0,0.0478149
2017,156,8424,0,0.04800707
2017,156,8425,0,0.080398954
2017,156,8426,0,0.06917101
2017,156,8427,0,0.03638277
2017,156,8428,0,0.034509763
2017,156,8431,0,0.016559776
2017,156,8432,0,0.017745823
2017,156,8433,0,0.06666234
2017,156,8434,0,0.075119615
2017,156,8436,0,0.019449176
2017,156,8439,0,0.10759646
2017,156,8440,0,0.056248922
2017,156,8441,0,0.0662186
2017,156,8442,0,0.08423837
2017,156,8443,0,0.019399205
2017,156,8444,0,0.13107288
2017,156,8445,0,0.070963845
2017,156,8446,0,0.20268628
2017,156,8447,0,0.102334954
2017,156,8448,0,0.015842194
2017,156,8449,0,0.18059295
2017,156,8450,0,0.09575589
2017,156,8451,0,0.044587165
2017,156,8452,0,0.03297537
2017,156,8453,0,0.051069807
2017,156,8454,0,0.121155515
2017,156,8455,0,0.09261875
2017,156,8456,0,0.019872302
2017,156,8457,0,0.054663822
2017,156,8458,0,0.026157865
2017,156,8459,0,0.0457323
2017,156,8460,0,0.02478336
2017,156,8461,0,0.025951257
2017,156,8462,0,0.032079373
2017,156,8463,0,0.050789587
2017,156,8464,0,0.049221646
2017,156,8465,0,0.07221271
2017,156,8466,0,0.015732333
2017,156,8467,0,0.040868532
2017,156,8468,0,0.060969703
2017,156,8470,0,0.09199653
2017,156,8471,0,0.023220139
2017,156,8472,0,0.02225737
2017,156,8473,0,0.06558983
2017,156,8475,0,0.21346031
2017,156,8476,0,0.10801535
2017,156,8477,0,0.027010405
2017,156,8479,0,0.018880138
2017,156,8480,0,0.045649067
2017,156,8481,0,0.059013244
2017,156,8482,0,0.0208357
2017,156,8483,0,0.04313507
2017,156,8484,0,0.054008584
2017,380,8401,1,0.5256723
2017,380,8402,0,0.27167895
2017,380,8403,0,0.05551844
2017,380,8404,0,0.38501877
2017,380,8405,0,0.45852315
2017,380,8406,0,0.2114893
2017,380,8407,0,0.13923576
2017,380,8408,0,0.044984385
2017,380,8409,0,0.041370165
2017,380,8411,0,0.12302201
2017,380,8412,0,0.09611914
2017,380,8413,0,0.066230565
2017,380,8414,0,0.06428055
2017,380,8415,0,0.09164976
2017,380,8416,0,0.14414468
2017,380,8417,0,0.21487707
2017,380,8418,0,0.08228999
2017,380,8419,0,0.12152669
2017,380,8420,0,0.10528798
2017,380,8421,0,0.08110702
2017,380,8422,0,0.07799214
2017,380,8423,0,0.10303525
2017,380,8424,0,0.06862048
2017,380,8425,0,0.14032345
2017,380,8426,0,0.12394009
2017,380,8427,0,0.0411551
2017,380,8428,0,0.092470564
2017,380,8429,0,0.03221108
2017,380,8430,0,0.08077269
2017,380,8431,0,0.028321017
2017,380,8432,0,0.049263217
2017,380,8433,0,0.09274091
2017,380,8434,0,0.08165347
2017,380,8435,0,0.15312794
2017,380,8436,0,0.03484915
2017,380,8437,0,0.24667431
2017,380,8438,0,0.08593507
2017,380,8439,0,0.123338476
2017,380,8440,0,0.11904026
2017,380,8441,0,0.10686808
2017,380,8442,0,0.1645067
2017,380,8443,0,0.03013405
2017,380,8444,0,0.1366057
2017,380,8445,0,0.1643384
2017,380,8446,0,0.17771459
2017,380,8447,0,0.18352708
2017,380,8448,0,0.057894908
2017,380,8449,0,0.2660121
2017,380,8450,0,0.08804399
2017,380,8451,0,0.032404233
2017,380,8453,0,0.048138488
2017,380,8454,0,0.09920675
2017,380,8455,0,0.16145451
2017,380,8456,0,0.0898753
2017,380,8457,0,0.07226351
2017,380,8458,0,0.053664528
2017,380,8459,0,0.07173753
2017,380,8460,0,0.056806378
2017,380,8461,0,0.06684095
2017,380,8462,0,0.054051656
2017,380,8463,0,0.091256574
2017,380,8464,0,0.07772376
2017,380,8465,0,0.06712897
2017,380,8466,0,0.045901585
2017,380,8467,0,0.04749317
2017,380,8468,0,0.26642352
2017,380,8470,0,0.18548557
2017,380,8471,0,0.035221115
2017,380,8472,0,0.08792794
2017,380,8473,0,0.09790837
2017,380,8474,0,0.12778345
2017,380,8475,0,0.10446671
2017,380,8476,0,0.1895315
2017,380,8477,0,0.04113389
2017,380,8478,0,0.18363427
2017,380,8479,0,0.030057149
2017,380,8480,0,0.10975606
2017,380,8481,0,0.06711854
2017,380,8482,0,0.07843486
2017,380,8483,0,0.07363871
2017,380,8484,0,0.11862808
2017,380,8485,0,0.08816181
2017,826,8401,0,0.29191113
2017,826,8402,0,0.10775661
2017,826,8403,0,0.39062458
2017,826,8404,0,0.12966402
2017,826,8405,1,0.5294174
2017,826,8406,0,0.15458082
2017,826,8407,0,0.07004728
2017,826,8408,0,0.14643662
2017,826,8409,0,0.03826292
2017,826,8410,0,0.15607102
2017,826,8411,0,0.078852236
2017,826,8412,0,0.11592196
2017,826,8413,0,0.073668756
2017,826,8414,0,0.073307104
2017,826,8415,0,0.060874123
2017,826,8416,0,0.17295372
2017,826,8417,0,0.13768838
2017,826,8418,0,0.050651465
2017,826,8419,0,0.08160232
2017,826,8420,0,0.19032568
2017,826,8421,0,0.07301628
2017,826,8422,0,0.05270459
2017,826,8423,0,0.077876665
2017,826,8424,0,0.046303384
2017,826,8425,0,0.13411283
2017,826,8426,0,0.106396906
2017,826,8427,0,0.050828394
2017,826,8428,0,0.06720845
2017,826,8429,0,0.021638453
2017,826,8430,0,0.21410307
2017,826,8431,0,0.09299983
2017,826,8432,0,0.037778337
2017,826,8433,0,0.119703874
2017,826,8434,0,0.13601065
2017,826,8435,0,0.3556531
2017,826,8436,0,0.06524814
2017,826,8437,0,0.0997117
2017,826,8438,0,0.04528007
2017,826,8439,0,0.1492658
2017,826,8440,0,0.12683345
2017,826,8441,0,0.16979255
2017,826,8442,0,0.113169275
2017,826,8443,0,0.036487076
2017,826,8444,0,0.2554839
2017,826,8445,0,0.18683031
2017,826,8446,0,0.49788126
2017,826,8447,0,0.116327465
2017,826,8448,0,0.06299129
2017,826,8449,0,0.6906078
2017,826,8450,0,0.15266263
2017,826,8451,0,0.081311405
2017,826,8453,0,0.14649965
2017,826,8454,0,0.17434765
2017,826,8455,0,0.19537833
2017,826,8456,0,0.10405267
2017,826,8457,0,0.22641845
2017,826,8458,0,0.12154853
2017,826,8459,0,0.09385404
2017,826,8460,0,0.08218394
2017,826,8461,0,0.14559384
2017,826,8462,0,0.12394838
2017,826,8463,0,0.12993208
2017,826,8464,0,0.10783553
2017,826,8465,0,0.07093089
2017,826,8466,0,0.028545875
2017,826,8467,0,0.04139277
2017,826,8468,0,0.1957111
2017,826,8470,0,0.27698487
2017,826,8471,0,0.03021445
2017,826,8472,0,0.061512742
2017,826,8473,0,0.07181558
2017,826,8474,0,0.17423616
2017,826,8475,0,0.15283488
2017,826,8476,0,0.12567955
2017,826,8477,0,0.042765725
2017,826,8478,1,0.13098969
2017,826,8479,0,0.03414708
2017,826,8480,0,0.16546825
2017,826,8481,0,0.073959425
2017,826,8482,0,0.03323122
2017,826,8483,0,0.076860785
2017,826,8484,0,0.06832242
2017,826,8485,0,0.08582888
2017,251,8401,1,0.6516769
2017,251,8403,0,0.1253646
2017,251,8404,0,0.24431373
2017,251,8405,1,0.45753512
2017,251,8406,1,0.2417322
2017,251,8407,0,0.13121599
2017,251,8408,0,0.07287696
2017,251,8409,0,0.045780364
2017,251,8411,0,0.13501859
2017,251,8412,0,0.17325154
2017,251,8413,0,0.07305223
2017,251,8414,0,0.09059141
2017,251,8415,0,0.10588419
2017,251,8416,0,0.51184404
2017,251,8417,0,0.18515821
2017,251,8418,0,0.1161498
2017,251,8419,0,0.11650204
2017,251,8420,0,0.20353645
2017,251,8421,0,0.074778885
2017,251,8422,0,0.107136875
2017,251,8424,0,0.10551775
2017,251,8425,0,0.10732139
2017,251,8426,0,0.19349705
2017,251,8427,0,0.048603535
2017,251,8428,0,0.12723273
2017,251,8429,0,0.04769097
2017,251,8430,0,0.10205713
2017,251,8431,0,0.027041588
2017,251,8432,0,0.03727195
2017,251,8433,0,0.09573179
2017,251,8434,0,0.1259559
2017,251,8435,0,0.13812064
2017,251,8436,0,0.054644212
2017,251,8438,0,0.08728227
2017,251,8439,0,0.18779731
2017,251,8441,0,0.16215087
2017,251,8442,1,0.24810475
2017,251,8443,0,0.040625956
2017,251,8444,0,0.19023983
2017,251,8445,0,0.22593668
2017,251,8446,0,0.15440828
2017,251,8447,0,0.34723017
2017,251,8448,0,0.067256086
2017,251,8449,0,0.2535542
2017,251,8450,0,0.17195086
2017,251,8451,0,0.0437952
2017,251,8453,0,0.24388333
2017,251,8454,0,0.1782058
2017,251,8455,0,0.19515175
2017,251,8456,0,0.11843674
2017,251,8457,1,0.17513697
2017,251,8458,0,0.14317176
2017,251,8459,0,0.11658614
2017,251,8460,0,0.10627031
2017,251,8461,0,0.12269072
2017,251,8462,0,0.1385679
2017,251,8463,0,0.17872259
2017,251,8464,0,0.12773089
2017,251,8465,0,0.18510278
2017,251,8466,0,0.035061836
2017,251,8467,0,0.11725245
2017,251,8468,1,0.2099086
2017,251,8470,0,0.2198551
2017,251,8471,0,0.028765863
2017,251,8472,1,0.0763746
2017,251,8473,0,0.07826561
2017,251,8475,0,0.17019182
2017,251,8476,0,0.15077448
2017,251,8477,0,0.074717514
2017,251,8478,0,0.24914303
2017,251,8479,0,0.04438474
2017,251,8480,0,0.114522524
2017,251,8481,0,0.074444
2017,251,8482,0,0.047212806
2017,251,8483,0,0.083860725
2017,251,8484,0,0.1261161
2017,251,8485,0,0.15602738
2017,490,8402,1,0.19508785
2017,490,8403,1,0.73885554
2017,490,8404,1,0.22393884
2017,490,8405,0,0.53936327
2017,490,8406,1,0.7778181
2017,490,8407,0,0.19255692
2017,490,8408,0,0.089721404
2017,490,8409,0,0.062320378
2017,490,8410,0,0.7343448
2017,490,8411,0,0.15362442
2017,490,8412,0,0.10662367
2017,490,8413,0,0.052110583
2017,490,8414,0,0.047722626
2017,490,8415,0,0.053373158
2017,490,8416,0,0.142882
2017,490,8417,0,0.19727464
2017,490,8418,0,0.03842744
2017,490,8419,0,0.06553365
2017,490,8420,0,0.44080332
2017,490,8421,0,0.053171102
2017,490,8422,0,0.046449434
2017,490,8423,0,0.070535526
2017,490,8424,0,0.054412298
2017,490,8425,0,0.122108616
2017,490,8426,1,0.16513512
2017,490,8427,0,0.08989037
2017,490,8428,0,0.1308431
2017,490,8429,0,0.40692866
2017,490,8430,0,0.15497889
2017,490,8431,0,0.06427669
2017,490,8432,0,0.122332305
2017,490,8433,0,0.10535307
2017,490,8434,0,0.22169301
2017,490,8435,1,0.21164148
2017,490,8436,0,0.115263626
2017,490,8437,0,0.11027906
2017,490,8438,0,0.054088082
2017,490,8439,0,0.22390439
2017,490,8440,0,0.23634005
2017,490,8441,0,0.06878106
2017,490,8442,0,0.20569485
2017,490,8443,0,0.04624603
2017,490,8444,0,0.27328336
2017,490,8445,1,0.18954004
2017,490,8446,0,0.1782143
2017,490,8447,0,0.08000607
2017,490,8448,0,0.06920032
2017,490,8449,1,0.58324605
2017,490,8450,1,0.16628774
2017,490,8451,0,0.10311129
2017,490,8452,0,0.04527686
2017,490,8453,0,0.15118805
2017,490,8454,0,0.17585544
2017,490,8455,0,0.14389439
2017,490,8456,0,0.15045328
2017,490,8457,0,0.095413566
2017,490,8458,0,0.0780314
2017,490,8459,0,0.17870218
2017,490,8460,0,0.08589424
2017,490,8461,0,0.09549112
2017,490,8462,0,0.07461327
2017,490,8463,0,0.14852774
2017,490,8464,0,0.15265226
2017,490,8465,0,0.083950326
2017,490,8466,0,0.05209305
2017,490,8467,0,0.096829765
2017,490,8468,0,0.16655385
2017,490,8470,0,0.18537816
2017,490,8471,0,0.048227984
2017,490,8472,0,0.0878846
2017,490,8473,0,0.10431854
2017,490,8474,0,0.1219837
2017,490,8475,0,0.54235566
2017,490,8476,0,0.19682041
2017,490,8477,0,0.032500863
2017,490,8478,1,0.17092797
2017,490,8479,0,0.11059618
2017,490,8480,0,0.06536734
2017,490,8481,0,0.055948205
2017,490,8482,0,0.040665545
2017,490,8483,0,0.050991435
2017,490,8484,0,0.0750034
2017,490,8485,1,0.13127916
2017,702,8402,0,0.26029345
2017,702,8407,0,0.1025955
2017,702,8408,0,0.17396626
2017,702,8410,0,0.28939664
2017,702,8411,0,0.11921958
2017,702,8412,0,0.09504479
2017,702,8413,0,0.036763918
2017,702,8414,0,0.039552405
2017,702,8416,0,0.18012731
2017,702,8417,0,0.20913385
2017,702,8418,0,0.07751697
2017,702,8419,0,0.1052351
2017,702,8420,0,0.18026046
2017,702,8421,0,0.044115447
2017,702,8422,0,0.10762343
2017,702,8423,0,0.1366428
2017,702,8424,0,0.057505373
2017,702,8425,1,0.17172858
2017,702,8426,0,0.101766184
2017,702,8428,0,0.111508146
2017,702,8430,0,0.14376163
2017,702,8431,0,0.05369554
2017,702,8432,1,0.33952886
2017,702,8433,0,0.4638027
2017,702,8434,0,0.44724777
2017,702,8435,1,0.41228095
2017,702,8436,0,0.12983336
2017,702,8437,0,0.14283906
2017,702,8439,0,0.2487495
2017,702,8441,1,0.4386125
2017,702,8442,0,0.2283092
2017,702,8443,0,0.05052992
2017,702,8445,0,0.32230282
2017,702,8448,1,0.22926895
2017,702,8449,0,0.70466065
2017,702,8451,0,0.12561363
2017,702,8452,0,0.14528188
2017,702,8453,1,0.20699291
2017,702,8454,0,0.20811146
2017,702,8455,1,0.2587925
2017,702,8456,0,0.1038492
2017,702,8457,0,0.36244178
2017,702,8458,0,0.14103761
2017,702,8459,0,0.15779813
2017,702,8460,0,0.12301872
2017,702,8461,1,0.40542668
2017,702,8462,0,0.13935724
2017,702,8463,0,0.24153297
2017,702,8464,0,0.19659096
2017,702,8465,0,0.14464203
2017,702,8466,0,0.23745756
2017,702,8467,0,0.098056234
2017,702,8468,1,0.13345619
2017,702,8470,0,0.1589543
2017,702,8471,1,0.024792453
2017,702,8473,0,0.058227863
2017,702,8474,0,0.114979275
2017,702,8475,0,0.44490725
2017,702,8477,0,0.10378519
2017,702,8478,1,0.24389654
2017,702,8479,0,0.07636359
2017,702,8480,0,0.16659656
2017,702,8481,0,0.09722423
2017,702,8482,0,0.04444258
2017,702,8483,0,0.03415753
2017,702,8484,0,0.096790254
2017,702,8485,0,0.06671457
2017,528,8401,1,0.26721814
2017,528,8403,0,0.08034526
2017,528,8404,1,0.4646442
2017,528,8405,1,0.22422124
2017,528,8407,0,0.16821624
2017,528,8408,0,0.054291297
2017,528,8409,0,0.073209174
2017,528,8410,1,0.23504762
2017,528,8411,0,0.1681466
2017,528,8412,0,0.097155124
2017,528,8413,0,0.06974411
2017,528,8414,0,0.10273153
2017,528,8415,0,0.09849148
2017,528,8416,0,0.20739253
2017,528,8417,0,0.141205
2017,528,8418,0,0.09631552
2017,528,8419,0,0.11351991
2017,528,8420,0,0.20159732
2017,528,8421,0,0.07357935
2017,528,8422,0,0.114267856
2017,528,8423,0,0.14723213
2017,528,8424,0,0.080183774
2017,528,8425,0,0.12573612
2017,528,8426,0,0.16266888
2017,528,8427,0,0.038908694
2017,528,8428,0,0.11217346
2017,528,8429,0,0.045857083
2017,528,8430,0,0.07867955
2017,528,8431,0,0.03294632
2017,528,8432,0,0.031098094
2017,528,8433,0,0.10672903
2017,528,8434,0,0.0944159
2017,528,8435,1,0.59723824
2017,528,8436,0,0.043514196
2017,528,8437,0,0.09812687
2017,528,8438,0,0.07632083
2017,528,8439,1,0.21234553
2017,528,8440,0,0.1279455
2017,528,8441,0,0.14110897
2017,528,8442,0,0.14413375
2017,528,8443,0,0.03400807
2017,528,8444,0,0.4159946
2017,528,8445,0,0.4574442
2017,528,8446,0,0.19370218
2017,528,8447,1,0.46366557
2017,528,8448,0,0.14687449
2017,528,8449,1,0.73451066
2017,528,8450,0,0.29787236
2017,528,8451,0,0.14331093
2017,528,8453,0,0.21653287
2017,528,8454,1,0.48019636
2017,528,8455,0,0.22796473
2017,528,8456,0,0.08111381
2017,528,8457,0,0.2012017
2017,528,8458,0,0.14535862
2017,528,8459,0,0.20480096
2017,528,8460,0,0.147854
2017,528,8461,0,0.15195526
2017,528,8462,0,0.114158675
2017,528,8463,1,0.47842783
2017,528,8464,0,0.12338647
2017,528,8465,0,0.22830658
2017,528,8466,0,0.049954314
2017,528,8467,0,0.07087896
2017,528,8468,0,0.30376926
2017,528,8470,0,0.21310952
2017,528,8471,0,0.029612202
2017,528,8472,0,0.087449804
2017,528,8473,0,0.18608643
2017,528,8474,0,0.15700348
2017,528,8475,0,0.17243327
2017,528,8476,0,0.21960926
2017,528,8477,0,0.09464671
2017,528,8478,0,0.14583136
2017,528,8479,0,0.07371033
2017,528,8480,0,0.10548252
2017,528,8481,0,0.071222045
2017,528,8482,0,0.0853354
2017,528,8483,0,0.0709878
2017,528,8484,0,0.10443209
2017,528,8485,0,0.10654026
2017,410,8401,1,0.63536143
2017,410,8402,1,0.273569
2017,410,8403,0,0.08278135
2017,410,8404,1,0.13296813
2017,410,8405,1,0.25835714
2017,410,8406,0,0.26223975
2017,410,8407,0,0.077934965
2017,410,8408,0,0.061155558
2017,410,8409,0,0.03437202
2017,410,8410,0,0.2580524
2017,410,8411,0,0.096963264
2017,410,8412,0,0.09599356
2017,410,8413,0,0.03638463
2017,410,8414,0,0.0430683
2017,410,8415,0,0.047407825
2017,410,8416,1,0.1963485
2017,410,8417,0,0.14477289
2017,410,8418,0,0.12692845
2017,410,8419,0,0.13599016
2017,410,8420,0,0.21263503
2017,410,8421,0,0.036459044
2017,410,8422,0,0.08633832
2017,410,8423,0,0.13330677
2017,410,8424,0,0.040638477
2017,410,8425,0,0.11145747
2017,410,8426,0,0.12377892
2017,410,8427,0,0.059350546
2017,410,8428,0,0.068170965
2017,410,8429,0,0.03447642
2017,410,8431,0,0.03448177
2017,410,8432,0,0.12103449
2017,410,8433,0,0.44988734
2017,410,8434,1,0.21658833
2017,410,8435,0,0.1313038
2017,410,8436,0,0.68122375
2017,410,8437,0,0.12997198
2017,410,8438,0,0.09352508
2017,410,8439,0,0.18092
2017,410,8440,0,0.13295972
2017,410,8441,0,0.1076477
2017,410,8442,0,0.24047206
2017,410,8443,0,0.043285664
2017,410,8444,0,0.20972706
2017,410,8445,0,0.3512283
2017,410,8446,0,0.22243994
2017,410,8447,1,0.1991093
2017,410,8448,0,0.15864179
2017,410,8449,0,0.19554015
2017,410,8450,1,0.08892124
2017,410,8451,0,0.1094252
2017,410,8452,0,0.17214207
2017,410,8453,0,0.18347578
2017,410,8454,0,0.16177225
2017,410,8455,0,0.15307534
2017,410,8456,1,0.15163925
2017,410,8457,0,0.12811463
2017,410,8458,0,0.07408849
2017,410,8459,0,0.08729454
2017,410,8460,0,0.1420058
2017,410,8461,0,0.1346115
2017,410,8462,0,0.07769271
2017,410,8463,0,0.15514605
2017,410,8464,0,0.27688757
2017,410,8465,1,0.13237439
2017,410,8466,0,0.051419627
2017,410,8467,0,0.06841194
2017,410,8468,0,0.19989827
2017,410,8470,0,0.3029591
2017,410,8471,0,0.038869705
2017,410,8472,0,0.06412637
2017,410,8473,0,0.1427865
2017,410,8474,0,0.11415638
2017,410,8475,0,0.352209
2017,410,8476,0,0.15427859
2017,410,8477,0,0.05167268
2017,410,8478,0,0.40726578
2017,410,8479,0,0.070368685
2017,410,8480,0,0.0835346
2017,410,8481,0,0.040774107
2017,410,8482,0,0.03883907
2017,410,8483,0,0.04195615
2017,410,8484,0,0.04572941
2017,410,8485,0,0.073282085
2017,458,8404,1,0.405827
2017,458,8405,1,0.4137902
2017,458,8407,0,0.27113032
2017,458,8408,0,0.20644008
2017,458,8411,0,0.14507443
2017,458,8412,0,0.15687053
2017,458,8413,0,0.079126164
2017,458,8414,0,0.057498354
2017,458,8415,0,0.038429826
2017,458,8416,0,0.5401726
2017,458,8417,0,0.22778277
2017,458,8418,0,0.11160302
2017,458,8419,0,0.18682353
2017,458,8420,0,0.23162825
2017,458,8421,0,0.06109462
2017,458,8422,0,0.11478069
2017,458,8423,0,0.12492648
2017,458,8424,0,0.07310504
2017,458,8425,0,0.23708586
2017,458,8426,0,0.17904855
2017,458,8427,0,0.12291694
2017,458,8428,0,0.10112323
2017,458,8430,0,0.20051022
2017,458,8431,0,0.08110141
2017,458,8433,0,0.18400112
2017,458,8436,0,0.0857623
2017,458,8437,0,0.27308613
2017,458,8438,0,0.14435014
2017,458,8439,1,0.2909876
2017,458,8441,0,0.15740089
2017,458,8442,1,0.40123656
2017,458,8443,0,0.12507921
2017,458,8445,0,0.44774815
2017,458,8447,0,0.2686618
2017,458,8448,0,0.14756921
2017,458,8450,1,0.43893373
2017,458,8451,0,0.09640046
2017,458,8452,1,0.1656992
2017,458,8453,1,0.58027834
2017,458,8454,0,0.21655227
2017,458,8455,0,0.1764454
2017,458,8456,1,0.3501367
2017,458,8457,0,0.29793015
2017,458,8458,0,0.17384908
2017,458,8459,0,0.18196099
2017,458,8460,0,0.15220147
2017,458,8461,1,0.3837227
2017,458,8462,0,0.111082815
2017,458,8463,1,0.18431243
2017,458,8464,1,0.5579278
2017,458,8465,0,0.2050172
2017,458,8466,0,0.13936369
2017,458,8467,0,0.08255447
2017,458,8468,0,0.26623827
2017,458,8470,0,0.1912986
2017,458,8472,1,0.18940628
2017,458,8473,0,0.0899764
2017,458,8474,0,0.16330804
2017,458,8475,0,0.22670487
2017,458,8476,0,0.26430365
2017,458,8477,0,0.0689128
2017,458,8478,1,0.43098113
2017,458,8479,0,0.09774696
2017,458,8480,0,0.10164022
2017,458,8481,0,0.085529424
2017,458,8482,0,0.052727807
2017,458,8484,0,0.09014791
2017,458,8485,0,0.40202373
2017,124,8401,0,0.44347095
2017,124,8402,1,0.72089857
2017,124,8403,0,0.24675672
2017,124,8404,0,0.33514762
2017,124,8405,1,0.7559319
2017,124,8406,1,0.44526616
2017,124,8407,0,0.11671637
2017,124,8408,0,0.1932153
2017,124,8409,0,0.074980274
2017,124,8410,0,0.24789058
2017,124,8411,0,0.09711513
2017,124,8412,0,0.1400263
2017,124,8413,0,0.122690305
2017,124,8414,0,0.15817513
2017,124,8415,0,0.12361653
2017,124,8416,0,0.21316443
2017,124,8417,0,0.15805157
2017,124,8418,0,0.16014628
2017,124,8419,0,0.13900569
2017,124,8420,1,0.58239037
2017,124,8421,0,0.118309215
2017,124,8422,0,0.16117534
2017,124,8423,0,0.14656927
2017,124,8424,0,0.098061964
2017,124,8425,0,0.153021
2017,124,8426,0,0.3275509
2017,124,8427,0,0.14004388
2017,124,8428,0,0.16318317
2017,124,8429,0,0.19454448
2017,124,8430,0,0.18148753
2017,124,8431,0,0.058295716
2017,124,8432,0,0.0927653
2017,124,8433,0,0.112284996
2017,124,8434,0,0.56796414
2017,124,8436,0,0.08287481
2017,124,8437,0,0.20777225
2017,124,8438,0,0.12025359
2017,124,8439,0,0.20369574
2017,124,8440,0,0.21160454
2017,124,8441,0,0.1872443
2017,124,8442,1,0.19802569
2017,124,8443,0,0.08459188
2017,124,8445,0,0.26921532
2017,124,8448,0,0.20601314
2017,124,8451,0,0.22286324
2017,124,8452,0,0.1930694
2017,124,8454,0,0.17262135
2017,124,8455,0,0.4249455
2017,124,8456,0,0.19162552
2017,124,8457,0,0.22368181
2017,124,8458,0,0.20040014
2017,124,8459,1,0.21191591
2017,124,8460,0,0.21181017
2017,124,8461,0,0.15811725
2017,124,8462,1,0.25271183
2017,124,8463,1,0.5399153
2017,124,8464,1,0.13615328
2017,124,8465,0,0.13082013
2017,124,8466,0,0.068139076
2017,124,8467,0,0.10746942
2017,124,8468,0,0.18072298
2017,124,8470,0,0.27298167
2017,124,8471,0,0.04535412
2017,124,8472,0,0.1289412
2017,124,8473,0,0.14721479
2017,124,8474,0,0.1880476
2017,124,8475,0,0.59667414
2017,124,8476,0,0.28865218
2017,124,8477,0,0.1039664
2017,124,8478,1,0.58993196
2017,124,8479,0,0.10605687
2017,124,8480,0,0.12967344
2017,124,8481,0,0.12891172
2017,124,8482,0,0.07720513
2017,124,8483,0,0.07893393
2017,124,8484,0,0.15227224
2017,124,8485,0,0.1503413
2017,484,8402,0,0.37919053
2017,484,8403,0,0.3245675
2017,484,8404,0,0.35973826
2017,484,8406,0,0.27966326
2017,484,8407,0,0.12505616
2017,484,8408,0,0.12161972
2017,484,8409,0,0.07762127
2017,484,8411,0,0.14058349
2017,484,8412,0,0.15867212
2017,484,8413,0,0.115620635
2017,484,8414,0,0.14615166
2017,484,8415,0,0.14815944
2017,484,8416,0,0.3147567
2017,484,8417,0,0.21328953
2017,484,8418,0,0.13231021
2017,484,8419,0,0.16717115
2017,484,8420,0,0.40887
2017,484,8421,0,0.13272665
2017,484,8422,0,0.14052022
2017,484,8423,0,0.1349008
2017,484,8424,0,0.1066822
2017,484,8425,0,0.14288206
2017,484,8426,0,0.2614051
2017,484,8427,0,0.39018923
2017,484,8428,0,0.15098546
2017,484,8429,0,0.24718527
2017,484,8430,0,0.22003807
2017,484,8431,0,0.092299856
2017,484,8432,0,0.19058973
2017,484,8433,0,0.12586589
2017,484,8434,0,0.30498698
2017,484,8436,0,0.18720154
2017,484,8437,1,0.212779
2017,484,8438,1,0.14916484
2017,484,8439,0,0.22051768
2017,484,8441,1,0.26029983
2017,484,8442,0,0.32839474
2017,484,8443,0,0.0928011
2017,484,8450,0,0.09087247
2017,484,8451,0,0.19370364
2017,484,8453,0,0.21724045
2017,484,8455,1,0.7361409
2017,484,8456,0,0.17310894
2017,484,8457,1,0.43916297
2017,484,8458,0,0.22129369
2017,484,8459,0,0.39540383
2017,484,8460,1,0.34981424
2017,484,8461,0,0.62556326
2017,484,8462,0,0.179559
2017,484,8463,1,0.52089876
2017,484,8465,0,0.16467273
2017,484,8466,0,0.10506795
2017,484,8467,0,0.079370014
2017,484,8468,0,0.25343752
2017,484,8470,0,0.45295575
2017,484,8471,0,0.09490273
2017,484,8472,0,0.2128013
2017,484,8473,0,0.25967062
2017,484,8475,0,0.25608894
2017,484,8476,0,0.232379
2017,484,8477,0,0.15212871
2017,484,8479,0,0.12770186
2017,484,8480,0,0.16562264
2017,484,8481,0,0.113369055
2017,484,8482,0,0.101019554
2017,484,8483,0,0.10320395
2017,484,8484,0,0.165639
2017,484,8485,0,0.1099785
2017,757,8402,0,0.21397403
2017,757,8403,0,0.19297957
2017,757,8404,0,0.6081848
2017,757,8406,0,0.18780957
2017,757,8407,1,0.29362053
2017,757,8408,0,0.13893493
2017,757,8409,0,0.07105325
2017,757,8411,1,0.072696455
2017,757,8412,0,0.15527248
2017,757,8413,0,0.06128949
2017,757,8414,0,0.08451146
2017,757,8415,0,0.15816294
2017,757,8416,0,0.17058116
2017,757,8417,0,0.17833897
2017,757,8418,0,0.16042474
2017,757,8419,0,0.14842287
2017,757,8420,0,0.41504985
2017,757,8421,0,0.06958523
2017,757,8422,0,0.13787746
2017,757,8423,1,0.14124204
2017,757,8424,0,0.06933513
2017,757,8425,0,0.2414093
2017,757,8426,0,0.24354501
2017,757,8427,0,0.10341399
2017,757,8428,0,0.09691323
2017,757,8429,0,0.11208476
2017,757,8430,0,0.18351686
2017,757,8431,0,0.039918777
2017,757,8432,0,0.091682814
2017,757,8433,0,0.14967252
2017,757,8434,0,0.26442686
2017,757,8435,0,0.18309772
2017,757,8436,0,0.16060062
2017,757,8437,0,0.14667547
2017,757,8438,0,0.09111456
2017,757,8439,0,0.16216268
2017,757,8440,0,0.15197147
2017,757,8441,0,0.13194558
2017,757,8442,0,0.17197558
2017,757,8443,0,0.060362127
2017,757,8445,0,0.23991226
2017,757,8446,0,0.1363767
2017,757,8447,1,0.2372889
2017,757,8448,0,0.04313507
2017,757,8449,0,0.5266959
2017,757,8450,0,0.17565584
2017,757,8451,0,0.07691077
2017,757,8452,0,0.10202198
2017,757,8453,0,0.15109438
2017,757,8454,0,0.24456917
2017,757,8455,0,0.23278369
2017,757,8456,0,0.11144295
2017,757,8457,0,0.1166559
2017,757,8458,0,0.11670835
2017,757,8459,0,0.17190754
2017,757,8460,0,0.09038961
2017,757,8461,0,0.15126996
2017,757,8462,0,0.1189695
2017,757,8463,0,0.16428548
2017,757,8464,0,0.12559284
2017,757,8465,0,0.12573914
2017,757,8466,0,0.032149587
2017,757,8467,0,0.12043262
2017,757,8468,1,0.326692
2017,757,8470,0,0.2007206
2017,757,8471,0,0.04213752
2017,757,8472,1,0.10819183
2017,757,8473,0,0.13251123
2017,757,8474,1,0.1747701
2017,757,8475,0,0.41373512
2017,757,8476,0,0.15875985
2017,757,8477,0,0.08498345
2017,757,8478,0,0.12965149
2017,757,8479,0,0.046479043
2017,757,8480,0,0.12910655
2017,757,8481,0,0.09279715
2017,757,8482,0,0.08949458
2017,757,8483,0,0.08683282
2017,757,8484,0,0.104519024
2017,757,8485,0,0.13949831
2017,764,8402,1,0.33478928
2017,764,8403,1,0.6270772
2017,764,8405,0,0.6242136
2017,764,8406,0,0.3707977
2017,764,8407,0,0.117265195
2017,764,8408,0,0.28088108
2017,764,8409,0,0.033529676
2017,764,8411,0,0.22956248
2017,764,8412,0,0.17695126
2017,764,8413,0,0.06079371
2017,764,8414,0,0.052229617
2017,764,8415,0,0.04171078
2017,764,8418,0,0.07211265
2017,764,8419,0,0.12989692
2017,764,8420,0,0.21463476
2017,764,8421,0,0.07919398
2017,764,8422,0,0.10238763
2017,764,8423,0,0.16815872
2017,764,8425,0,0.15142691
2017,764,8426,0,0.19450913
2017,764,8428,0,0.085500665
2017,764,8429,0,0.1627864
2017,764,8431,0,0.06243968
2017,764,8434,1,0.1736121
2017,764,8437,0,0.17517172
2017,764,8438,0,0.1389681
2017,764,8439,0,0.19069855
2017,764,8440,0,0.3445201
2017,764,8441,1,0.3793033
2017,764,8442,0,0.24492837
2017,764,8443,0,0.07257196
2017,764,8445,0,0.23123331
2017,764,8447,0,0.27220222
2017,764,8448,1,0.16147442
2017,764,8450,0,0.121584095
2017,764,8451,0,0.101278216
2017,764,8452,0,0.10683557
2017,764,8453,0,0.16615498
2017,764,8454,1,0.3280269
2017,764,8455,1,0.4808641
2017,764,8456,0,0.19028644
2017,764,8457,0,0.20336777
2017,764,8458,0,0.16359064
2017,764,8459,0,0.1789574
2017,764,8460,0,0.1846945
2017,764,8461,1,0.36120728
2017,764,8462,0,0.1636646
2017,764,8463,0,0.4140325
2017,764,8464,0,0.44600654
2017,764,8466,0,0.10599278
2017,764,8467,0,0.13910645
2017,764,8468,1,0.36531803
2017,764,8470,0,0.18032332
2017,764,8471,0,0.13045613
2017,764,8472,1,0.18278815
2017,764,8473,0,0.1585252
2017,764,8475,0,0.24865131
2017,764,8476,0,0.2693126
2017,764,8477,0,0.07737424
2017,764,8479,0,0.061272964
2017,764,8480,0,0.12224337
2017,764,8481,0,0.038829394
2017,764,8482,0,0.051667236
2017,764,8483,0,0.046475068
2017,764,8484,0,0.044985857
2017,764,8485,0,0.07950908
2017,752,8401,0,0.570581
2017,752,8402,1,0.5831968
2017,752,8403,1,0.30610698
2017,752,8404,0,0.1813497
2017,752,8405,0,0.24233913
2017,752,8406,0,0.6954409
2017,752,8407,0,0.25379944
2017,752,8408,0,0.1301416
2017,752,8409,0,0.12745644
2017,752,8410,0,0.22787744
2017,752,8412,0,0.04977567
2017,752,8413,0,0.08269159
2017,752,8414,0,0.09970123
2017,752,8415,0,0.12335682
2017,752,8416,0,0.1714081
2017,752,8417,0,0.29654676
2017,752,8418,0,0.07403168
2017,752,8419,0,0.1444034
2017,752,8420,0,0.18477508
2017,752,8421,0,0.068627454
2017,752,8422,0,0.068004824
2017,752,8423,0,0.13700096
2017,752,8424,0,0.053415805
2017,752,8425,0,0.14158747
2017,752,8426,0,0.13959353
2017,752,8427,0,0.040077817
2017,752,8428,0,0.111012064
2017,752,8429,0,0.051469073
2017,752,8430,0,0.15846631
2017,752,8431,0,0.03302853
2017,752,8432,0,0.06645423
2017,752,8433,0,0.1337392
2017,752,8434,0,0.09336615
2017,752,8436,0,0.12276921
2017,752,8437,0,0.28436527
2017,752,8438,0,0.110756025
2017,752,8439,0,0.23134136
2017,752,8440,0,0.18304391
2017,752,8441,0,0.14575382
2017,752,8442,0,0.26276904
2017,752,8443,0,0.07192121
2017,752,8447,0,0.8603325
2017,752,8448,0,0.16875902
2017,752,8449,0,0.63175863
2017,752,8450,0,0.1518612
2017,752,8451,0,0.18639219
2017,752,8452,0,0.33876073
2017,752,8453,1,0.5474472
2017,752,8454,0,0.24927066
2017,752,8455,0,0.16959816
2017,752,8456,1,0.15534174
2017,752,8458,0,0.17336491
2017,752,8459,0,0.2757315
2017,752,8460,0,0.13302727
2017,752,8461,1,0.6275239
2017,752,8462,0,0.12479944
2017,752,8463,0,0.19246629
2017,752,8464,0,0.10738533
2017,752,8465,0,0.25868258
2017,752,8466,0,0.04162684
2017,752,8467,0,0.094256565
2017,752,8468,0,0.2586815
2017,752,8470,0,0.2780399
2017,752,8471,0,0.072702385
2017,752,8472,1,0.09639901
2017,752,8473,0,0.24348038
2017,752,8474,0,0.12345365
2017,752,8475,0,0.29072675
2017,752,8476,0,0.348221
2017,752,8477,0,0.1011775
2017,752,8478,0,0.3062693
2017,752,8479,0,0.06256278
2017,752,8480,0,0.1528206
2017,752,8481,0,0.06866415
2017,752,8482,0,0.036617555
2017,752,8483,0,0.061726633
2017,752,8484,0,0.066930376
2017,752,8485,1,0.06742352
2017,372,8403,0,0.2697329
2017,372,8406,0,0.5225474
2017,372,8407,1,0.2361257
2017,372,8409,0,0.14389633
2017,372,8411,0,0.16443723
2017,372,8412,0,0.29047498
2017,372,8413,0,0.16223091
2017,372,8414,0,0.09568428
2017,372,8415,0,0.1673802
2017,372,8418,0,0.13347235
2017,372,8419,1,0.5322195
2017,372,8421,0,0.15568665
2017,372,8422,0,0.1740592
2017,372,8423,0,0.5662947
2017,372,8424,0,0.16070601
2017,372,8425,0,0.23016565
2017,372,8427,0,0.112127416
2017,372,8428,0,0.19522187
2017,372,8429,0,0.20879498
2017,372,8430,0,0.4447308
2017,372,8432,0,0.13758455
2017,372,8433,0,0.13093075
2017,372,8434,0,0.2615023
2017,372,8436,0,0.27132052
2017,372,8437,0,0.34850213
2017,372,8438,0,0.37829506
2017,372,8441,0,0.23943786
2017,372,8442,1,0.72399116
2017,372,8443,0,0.10095369
2017,372,8448,0,0.22273792
2017,372,8450,0,0.27637562
2017,372,8451,0,0.18913288
2017,372,8456,1,0.5118475
2017,372,8457,1,0.7642508
2017,372,8459,1,0.6565324
2017,372,8460,1,0.3982793
2017,372,8461,1,0.5040533
2017,372,8462,0,0.23951791
2017,372,8463,0,0.51158416
2017,372,8465,0,0.21731177
2017,372,8466,0,0.10833618
2017,372,8467,0,0.19001105
2017,372,8468,0,0.26860166
2017,372,8470,0,0.5995309
2017,372,8471,0,0.04763342
2017,372,8472,0,0.3325399
2017,372,8473,0,0.11821915
2017,372,8474,0,0.25659266
2017,372,8475,1,0.40700266
2017,372,8477,0,0.13415952
2017,372,8478,1,0.73988116
2017,372,8479,0,0.079485565
2017,372,8480,0,0.20365436
2017,372,8481,1,0.15525186
2017,372,8484,0,0.16720241
2017,372,8485,0,0.20986381
2017,40,8401,0,0.22728328
2017,40,8402,0,0.18557994
2017,40,8403,0,0.15134731
2017,40,8404,1,0.37150785
2017,40,8405,0,0.2157502
2017,40,8406,0,0.27076134
2017,40,8407,0,0.0988775
2017,40,8408,0,0.11986948
2017,40,8409,0,0.076625146
2017,40,8411,0,0.13196844
2017,40,8412,0,0.124904126
2017,40,8413,0,0.07529854
2017,40,8414,0,0.05101517
2017,40,8415,0,0.17266017
2017,40,8416,0,0.21579665
2017,40,8417,0,0.17529821
2017,40,8418,0,0.12481915
2017,40,8419,0,0.12973313
2017,40,8420,1,0.22999208
2017,40,8421,0,0.11265342
2017,40,8422,0,0.1898239
2017,40,8423,0,0.091311015
2017,40,8424,0,0.067345686
2017,40,8425,0,0.1972429
2017,40,8426,0,0.117881715
2017,40,8427,0,0.12410617
2017,40,8428,0,0.14351943
2017,40,8429,0,0.102649115
2017,40,8430,0,0.13228418
2017,40,8431,0,0.035685033
2017,40,8432,0,0.061172448
2017,40,8433,0,0.11745786
2017,40,8434,0,0.14059064
2017,40,8435,0,0.26875567
2017,40,8436,0,0.1581533
2017,40,8437,0,0.14892483
2017,40,8438,0,0.06076137
2017,40,8439,0,0.18721393
2017,40,8440,0,0.18551742
2017,40,8441,1,0.62013966
2017,40,8442,0,0.17133778
2017,40,8443,0,0.049555033
2017,40,8444,0,0.27610844
2017,40,8445,0,0.15543935
2017,40,8446,0,0.3575474
2017,40,8448,0,0.17805812
2017,40,8449,0,0.26648298
2017,40,8450,0,0.30124083
2017,40,8451,0,0.09929627
2017,40,8452,1,0.44567353
2017,40,8453,1,0.21588704
2017,40,8454,1,0.16675249
2017,40,8455,0,0.19233406
2017,40,8456,0,0.096374534
2017,40,8457,0,0.24739283
2017,40,8458,0,0.19185925
2017,40,8459,0,0.24311458
2017,40,8460,0,0.12468353
2017,40,8461,0,0.13185698
2017,40,8462,0,0.10885782
2017,40,8463,0,0.26953447
2017,40,8464,0,0.17178413
2017,40,8465,0,0.12325718
2017,40,8466,0,0.053601492
2017,40,8467,0,0.124097265
2017,40,8468,0,0.16288969
2017,40,8470,0,0.37728876
2017,40,8471,0,0.03793336
2017,40,8472,0,0.13582864
2017,40,8473,0,0.089259274
2017,40,8474,0,0.21435487
2017,40,8475,0,0.3014248
2017,40,8476,1,0.18399586
2017,40,8477,0,0.057705328
2017,40,8478,0,0.38601157
2017,40,8479,0,0.041409463
2017,40,8480,0,0.105270766
2017,40,8481,0,0.056611937
2017,40,8482,0,0.09073991
2017,40,8483,0,0.08961691
2017,40,8484,0,0.096663006
2017,40,8485,0,0.10304664
2017,724,8401,0,0.31026253
2017,724,8402,0,0.2630226
2017,724,8403,0,0.21330018
2017,724,8404,0,0.23142116
2017,724,8405,0,0.21661754
2017,724,8407,0,0.10536066
2017,724,8408,0,0.14267972
2017,724,8409,0,0.048033763
2017,724,8410,0,0.15790932
2017,724,8411,0,0.1118862
2017,724,8412,0,0.18706433
2017,724,8413,0,0.068604626
2017,724,8414,0,0.07441124
2017,724,8415,0,0.12016016
2017,724,8416,0,0.19606727
2017,724,8417,0,0.15659866
2017,724,8418,0,0.123387605
2017,724,8419,0,0.13035098
2017,724,8420,0,0.10794118
2017,724,8421,0,0.09137163
2017,724,8422,0,0.060164873
2017,724,8423,0,0.13579006
2017,724,8424,0,0.071923375
2017,724,8425,0,0.1211547
2017,724,8426,0,0.14949802
2017,724,8427,0,0.059887666
2017,724,8428,0,0.11440604
2017,724,8430,0,0.14889292
2017,724,8431,0,0.032368653
2017,724,8432,0,0.068032846
2017,724,8433,0,0.15695664
2017,724,8434,0,0.1207397
2017,724,8435,0,0.24300167
2017,724,8436,0,0.07708164
2017,724,8437,0,0.15938875
2017,724,8438,0,0.08874133
2017,724,8439,0,0.26315776
2017,724,8440,1,0.43622428
2017,724,8441,0,0.1290689
2017,724,8442,0,0.23913191
2017,724,8443,0,0.03515243
2017,724,8444,0,0.33441854
2017,724,8445,0,0.13694434
2017,724,8446,0,0.31869298
2017,724,8447,0,0.14412326
2017,724,8448,0,0.06795163
2017,724,8449,0,0.67350274
2017,724,8450,0,0.20354174
2017,724,8451,0,0.09934085
2017,724,8452,0,0.17903791
2017,724,8453,0,0.14357585
2017,724,8454,0,0.30888158
2017,724,8455,0,0.32526687
2017,724,8456,0,0.16794106
2017,724,8457,0,0.13898581
2017,724,8458,0,0.07269744
2017,724,8459,0,0.15982297
2017,724,8460,0,0.11761911
2017,724,8461,0,0.11394373
2017,724,8462,0,0.086362295
2017,724,8463,0,0.17835015
2017,724,8464,0,0.05780156
2017,724,8465,0,0.09215083
2017,724,8466,0,0.035064824
2017,724,8467,0,0.20747234
2017,724,8468,0,0.20538953
2017,724,8470,0,0.3028409
2017,724,8471,0,0.06661504
2017,724,8472,0,0.07629791
2017,724,8473,0,0.09591466
2017,724,8474,0,0.19684611
2017,724,8475,0,0.41537434
2017,724,8476,0,0.20912209
2017,724,8477,0,0.08671752
2017,724,8478,1,0.32190818
2017,724,8479,0,0.037933882
2017,724,8480,0,0.10719307
2017,724,8481,0,0.072023444
2017,724,8482,0,0.07054
2017,724,8483,0,0.11001766
2017,724,8484,0,0.106340036
2018,842,8401,0,0.20693931
2018,842,8402,0,0.16545704
2018,842,8403,0,0.11087279
2018,842,8404,1,0.217282
2018,842,8405,0,0.2121388
2018,842,8406,0,0.121805735
2018,842,8407,0,0.12815805
2018,842,8408,0,0.39005986
2018,842,8409,0,0.11303664
2018,842,8410,1,0.20026375
2018,842,8411,0,0.090122595
2018,842,8412,0,0.06370925
2018,842,8413,0,0.12797214
2018,842,8414,0,0.11217574
2018,842,8415,0,0.117804624
2018,842,8416,0,0.19456463
2018,842,8417,0,0.12229229
2018,842,8418,0,0.12836784
2018,842,8419,0,0.13088065
2018,842,8420,1,0.15038994
2018,842,8421,0,0.10220414
2018,842,8422,0,0.10054568
2018,842,8423,0,0.16278906
2018,842,8424,0,0.100362815
2018,842,8425,0,0.11541892
2018,842,8426,0,0.09736787
2018,842,8427,0,0.08358461
2018,842,8428,0,0.1519716
2018,842,8429,0,0.06569656
2018,842,8430,0,0.096183635
2018,842,8431,0,0.0540239
2018,842,8432,0,0.14417027
2018,842,8433,0,0.109191604
2018,842,8434,0,0.14369375
2018,842,8435,1,0.24834652
2018,842,8436,0,0.10860724
2018,842,8437,0,0.48192078
2018,842,8438,0,0.08785221
2018,842,8439,0,0.16930322
2018,842,8440,0,0.13432172
2018,842,8441,0,0.13420497
2018,842,8442,0,0.26209283
2018,842,8443,0,0.02731611
2018,842,8444,0,0.19410267
2018,842,8445,0,0.1720547
2018,842,8446,0,0.27145913
2018,842,8449,0,0.24945064
2018,842,8450,0,0.14376062
2018,842,8451,0,0.106465735
2018,842,8453,0,0.15350261
2018,842,8454,0,0.11628937
2018,842,8455,0,0.14132574
2018,842,8456,1,0.09776491
2018,842,8457,0,0.13764279
2018,842,8458,0,0.10805197
2018,842,8459,0,0.13291197
2018,842,8460,0,0.069277346
2018,842,8461,1,0.094455615
2018,842,8462,0,0.07115053
2018,842,8463,0,0.14218113
2018,842,8464,0,0.12321142
2018,842,8465,0,0.11419385
2018,842,8466,0,0.03155855
2018,842,8467,0,0.13837953
2018,842,8468,0,0.12616779
2018,842,8470,0,0.20162857
2018,842,8471,0,0.031256665
2018,842,8472,0,0.07044774
2018,842,8473,0,0.08089993
2018,842,8474,0,0.15060677
2018,842,8475,0,0.14776547
2018,842,8476,0,0.14701691
2018,842,8477,0,0.09171713
2018,842,8478,0,0.27117687
2018,842,8479,0,0.056787945
2018,842,8480,0,0.14295316
2018,842,8481,0,0.08304092
2018,842,8482,0,0.09302511
2018,842,8483,0,0.08832699
2018,842,8484,0,0.09863151
2018,842,8485,0,0.077983774
2018,276,8401,1,0.45195654
2018,276,8402,1,0.17105438
2018,276,8403,0,0.06670597
2018,276,8404,0,0.10434182
2018,276,8405,0,0.26464206
2018,276,8406,0,0.14187686
2018,276,8407,0,0.111655235
2018,276,8408,0,0.13795134
2018,276,8409,0,0.075591005
2018,276,8411,0,0.08336414
2018,276,8412,0,0.071585685
2018,276,8413,0,0.08280784
2018,276,8414,0,0.07436703
2018,276,8415,0,0.1054152
2018,276,8416,0,0.11132964
2018,276,8417,0,0.08950763
2018,276,8418,0,0.08990139
2018,276,8419,0,0.091042906
2018,276,8420,0,0.091916814
2018,276,8421,0,0.058673497
2018,276,8422,0,0.090295225
2018,276,8423,0,0.12701784
2018,276,8424,0,0.0570244
2018,276,8425,0,0.10872184
2018,276,8426,0,0.058475852
2018,276,8427,0,0.089901835
2018,276,8428,0,0.065835916
2018,276,8429,0,0.035932187
2018,276,8430,0,0.07977307
2018,276,8431,0,0.029010756
2018,276,8432,0,0.07254764
2018,276,8433,0,0.094711855
2018,276,8434,0,0.082458995
2018,276,8435,0,0.15766568
2018,276,8436,0,0.08475723
2018,276,8437,0,0.14081047
2018,276,8438,0,0.07611577
2018,276,8439,0,0.13951044
2018,276,8440,0,0.09423871
2018,276,8441,0,0.09676517
2018,276,8442,0,0.13259245
2018,276,8443,0,0.03992287
2018,276,8444,0,0.61133534
2018,276,8445,1,0.35926834
2018,276,8446,1,0.26777872
2018,276,8447,1,0.4422065
2018,276,8448,1,0.05501959
2018,276,8449,0,0.20729755
2018,276,8450,0,0.14542235
2018,276,8451,0,0.070230104
2018,276,8452,0,0.053363718
2018,276,8453,1,0.13300568
2018,276,8454,0,0.11661644
2018,276,8455,0,0.14530012
2018,276,8456,0,0.06529943
2018,276,8457,0,0.14260928
2018,276,8458,0,0.063023634
2018,276,8459,0,0.06841118
2018,276,8460,0,0.047332168
2018,276,8461,0,0.07099606
2018,276,8462,0,0.044644117
2018,276,8463,0,0.09405503
2018,276,8464,0,0.057234675
2018,276,8465,0,0.06433759
2018,276,8466,0,0.024453124
2018,276,8467,0,0.12469779
2018,276,8468,0,0.17316252
2018,276,8470,0,0.22009529
2018,276,8471,0,0.03410352
2018,276,8472,0,0.056781597
2018,276,8473,0,0.11732681
2018,276,8474,0,0.092394575
2018,276,8475,0,0.107778795
2018,276,8476,0,0.1729097
2018,276,8477,0,0.06446506
2018,276,8478,1,0.088552564
2018,276,8479,0,0.05324612
2018,276,8480,0,0.083948046
2018,276,8481,0,0.07590146
2018,276,8482,0,0.048234846
2018,276,8483,0,0.047672957
2018,276,8484,0,0.08834513
2018,276,8485,0,0.08552588
2018,392,8401,0,0.33045673
2018,392,8402,1,0.31590524
2018,392,8403,0,0.24572289
2018,392,8404,1,0.25470388
2018,392,8406,1,0.1323073
2018,392,8407,0,0.05925125
2018,392,8408,0,0.07480947
2018,392,8409,0,0.048076995
2018,392,8411,0,0.112234525
2018,392,8412,0,0.0738621
2018,392,8413,0,0.06439112
2018,392,8414,0,0.050578326
2018,392,8415,0,0.07215831
2018,392,8416,0,0.14764678
2018,392,8417,0,0.16288693
2018,392,8418,0,0.086799115
2018,392,8419,0,0.06733317
2018,392,8420,1,0.22858433
2018,392,8421,0,0.04529646
2018,392,8422,0,0.06256042
2018,392,8423,0,0.15393831
2018,392,8424,0,0.06438854
2018,392,8425,0,0.081159085
2018,392,8426,0,0.07782097
2018,392,8427,0,0.03351686
2018,392,8428,0,0.08991729
2018,392,8429,0,0.041858807
2018,392,8430,0,0.0775767
2018,392,8431,0,0.033760633
2018,392,8432,0,0.09885042
2018,392,8433,0,0.13307051
2018,392,8434,0,0.12346094
2018,392,8435,0,0.3163201
2018,392,8437,1,0.23916979
2018,392,8438,0,0.07069412
2018,392,8439,0,0.18733753
2018,392,8440,0,0.15781152
2018,392,8441,0,0.09658739
2018,392,8442,0,0.22740617
2018,392,8443,0,0.03463978
2018,392,8444,0,0.26747012
2018,392,8445,1,0.23830904
2018,392,8446,0,0.26446453
2018,392,8447,1,0.34539625
2018,392,8448,0,0.08156463
2018,392,8449,0,0.2215594
2018,392,8450,0,0.20292807
2018,392,8451,0,0.1068221
2018,392,8452,0,0.07851812
2018,392,8453,1,0.1548028
2018,392,8454,0,0.14598979
2018,392,8455,0,0.15520962
2018,392,8456,1,0.10504702
2018,392,8457,1,0.12003428
2018,392,8458,0,0.10740634
2018,392,8459,0,0.077500746
2018,392,8460,0,0.081633024
2018,392,8461,0,0.096221864
2018,392,8462,0,0.07308405
2018,392,8463,0,0.13626531
2018,392,8464,1,0.19075446
2018,392,8465,0,0.07359382
2018,392,8466,0,0.052170757
2018,392,8467,0,0.11401968
2018,392,8468,0,0.25839436
2018,392,8470,1,0.41701367
2018,392,8471,0,0.033521753
2018,392,8472,0,0.06296486
2018,392,8473,0,0.09945285
2018,392,8474,0,0.06998621
2018,392,8475,1,0.198616
2018,392,8476,0,0.15449785
2018,392,8477,0,0.07288084
2018,392,8478,0,0.34204036
2018,392,8479,0,0.09036748
2018,392,8480,0,0.08636187
2018,392,8481,0,0.063931726
2018,392,8482,0,0.043683153
2018,392,8483,0,0.05289056
2018,392,8484,0,0.03686735
2018,392,8485,0,0.0733485
2018,156,8401,1,0.37653828
2018,156,8402,0,0.06576916
2018,156,8403,0,0.09015894
2018,156,8404,1,0.14732203
2018,156,8405,0,0.072969064
2018,156,8407,0,0.057243913
2018,156,8408,0,0.04006804
2018,156,8409,0,0.055910934
2018,156,8411,0,0.08691662
2018,156,8412,0,0.048099652
2018,156,8413,0,0.06898569
2018,156,8414,0,0.06525443
2018,156,8415,0,0.079555735
2018,156,8416,0,0.05990972
2018,156,8417,0,0.09000383
2018,156,8418,0,0.10177955
2018,156,8419,0,0.28689465
2018,156,8420,0,0.10205573
2018,156,8421,0,0.046660446
2018,156,8422,0,0.04108931
2018,156,8423,0,0.11324947
2018,156,8424,0,0.060195502
2018,156,8425,0,0.0848429
2018,156,8426,0,0.057209786
2018,156,8427,0,0.05877691
2018,156,8428,0,0.038402855
2018,156,8431,0,0.025149114
2018,156,8432,0,0.019108126
2018,156,8433,0,0.058588985
2018,156,8434,1,0.052299827
2018,156,8436,0,0.034334794
2018,156,8439,0,0.12454305
2018,156,8440,0,0.10086213
2018,156,8441,0,0.045248397
2018,156,8442,0,0.101852
2018,156,8443,0,0.02307241
2018,156,8444,0,0.09811546
2018,156,8445,0,0.090691
2018,156,8446,0,0.14449748
2018,156,8447,0,0.21385357
2018,156,8448,0,0.037811223
2018,156,8449,0,0.15900588
2018,156,8450,0,0.13035837
2018,156,8451,0,0.08495372
2018,156,8452,0,0.1681024
2018,156,8453,0,0.065214716
2018,156,8454,0,0.3381249
2018,156,8455,0,0.07448398
2018,156,8456,0,0.037435636
2018,156,8457,0,0.037698243
2018,156,8458,0,0.028204286
2018,156,8459,0,0.034507997
2018,156,8460,0,0.033048663
2018,156,8461,0,0.023143701
2018,156,8462,0,0.033385895
2018,156,8463,0,0.12514496
2018,156,8464,0,0.051847003
2018,156,8465,0,0.106618404
2018,156,8466,0,0.018240452
2018,156,8467,0,0.08711924
2018,156,8468,0,0.076367125
2018,156,8470,0,0.11643025
2018,156,8471,0,0.030844444
2018,156,8472,0,0.031222412
2018,156,8473,0,0.06923399
2018,156,8475,0,0.04967011
2018,156,8476,0,0.1102011
2018,156,8477,0,0.059273515
2018,156,8478,0,0.074130215
2018,156,8479,0,0.048016842
2018,156,8480,0,0.062725335
2018,156,8481,0,0.058467075
2018,156,8482,0,0.043995198
2018,156,8483,0,0.05581349
2018,156,8484,0,0.06194684
2018,380,8401,0,0.28791472
2018,380,8402,1,0.2520664
2018,380,8403,0,0.107507326
2018,380,8404,0,0.148224
2018,380,8405,0,0.17145191
2018,380,8406,1,0.5300157
2018,380,8407,0,0.40484506
2018,380,8408,1,0.23788144
2018,380,8409,0,0.09714831
2018,380,8411,0,0.12108757
2018,380,8412,0,0.10745124
2018,380,8413,0,0.09336841
2018,380,8414,0,0.08984975
2018,380,8415,0,0.15785062
2018,380,8416,0,0.12513855
2018,380,8417,0,0.40698266
2018,380,8418,0,0.09373958
2018,380,8419,0,0.15507607
2018,380,8420,0,0.17941648
2018,380,8421,0,0.081144914
2018,380,8422,0,0.08972708
2018,380,8423,0,0.12728067
2018,380,8424,0,0.0858494
2018,380,8425,0,0.1391
2018,380,8426,0,0.068021856
2018,380,8427,0,0.06619887
2018,380,8428,0,0.094737865
2018,380,8429,0,0.041330922
2018,380,8430,0,0.09581443
2018,380,8431,0,0.02943303
2018,380,8432,0,0.049106915
2018,380,8433,0,0.08229409
2018,380,8434,0,0.13097674
2018,380,8435,0,0.11251255
2018,380,8436,0,0.08158185
2018,380,8438,0,0.17323826
2018,380,8439,1,0.13851166
2018,380,8440,1,0.21312174
2018,380,8441,0,0.207327
2018,380,8442,0,0.26496136
2018,380,8443,0,0.035137206
2018,380,8444,0,0.20540038
2018,380,8445,0,0.20718858
2018,380,8446,1,0.22386332
2018,380,8447,0,0.50336856
2018,380,8448,1,0.0734172
2018,380,8449,0,0.2981914
2018,380,8450,0,0.1790091
2018,380,8451,0,0.25931117
2018,380,8453,1,0.0797478
2018,380,8454,0,0.15750149
2018,380,8455,0,0.101162046
2018,380,8456,0,0.041885424
2018,380,8457,0,0.058124088
2018,380,8458,0,0.08895118
2018,380,8459,0,0.110701405
2018,380,8460,0,0.05226217
2018,380,8461,0,0.06774289
2018,380,8462,0,0.05717098
2018,380,8463,0,0.08493424
2018,380,8464,0,0.104497224
2018,380,8465,0,0.09451222
2018,380,8466,0,0.040822007
2018,380,8467,0,0.13662791
2018,380,8468,0,0.2163687
2018,380,8470,0,0.24385324
2018,380,8471,0,0.048778445
2018,380,8472,0,0.13302974
2018,380,8473,0,0.10618076
2018,380,8474,0,0.4295866
2018,380,8475,0,0.41079012
2018,380,8476,0,0.1317007
2018,380,8477,0,0.102948196
2018,380,8478,0,0.1306062
2018,380,8479,0,0.06400664
2018,380,8480,1,0.12745735
2018,380,8481,0,0.08642841
2018,380,8482,0,0.08626894
2018,380,8483,0,0.11534075
2018,380,8484,0,0.09626865
2018,380,8485,0,0.10610241
2018,826,8401,1,0.6478971
2018,826,8402,0,0.102262236
2018,826,8403,0,0.23715574
2018,826,8404,0,0.13016616
2018,826,8405,0,0.19028707
2018,826,8406,0,0.16574875
2018,826,8408,0,0.61009187
2018,826,8409,0,0.070687994
2018,826,8410,1,0.34288195
2018,826,8411,0,0.09747299
2018,826,8412,0,0.11081415
2018,826,8413,0,0.09200161
2018,826,8414,0,0.085410744
2018,826,8415,0,0.11581804
2018,826,8416,0,0.13930573
2018,826,8418,0,0.10671229
2018,826,8419,0,0.106001176
2018,826,8420,1,0.16678101
2018,826,8421,0,0.08782879
2018,826,8422,0,0.080070816
2018,826,8423,0,0.121973455
2018,826,8424,0,0.07551294
2018,826,8425,0,0.16187075
2018,826,8426,0,0.07494594
2018,826,8427,0,0.09362006
2018,826,8428,0,0.08614789
2018,826,8429,0,0.028275
2018,826,8430,0,0.058433354
2018,826,8431,0,0.030645644
2018,826,8432,0,0.044616383
2018,826,8433,0,0.16491883
2018,826,8434,0,0.21542738
2018,826,8435,1,0.31624186
2018,826,8436,0,0.14353651
2018,826,8437,0,0.087126635
2018,826,8438,0,0.05383054
2018,826,8439,0,0.1680972
2018,826,8440,0,0.16174686
2018,826,8441,1,0.13134135
2018,826,8442,0,0.23832421
2018,826,8443,1,0.044288315
2018,826,8444,1,0.3333619
2018,826,8445,1,0.17719732
2018,826,8446,1,0.8674164
2018,826,8447,0,0.6236741
2018,826,8448,0,0.08147232
2018,826,8449,1,0.5870676
2018,826,8450,0,0.18177815
2018,826,8451,0,0.13743171
2018,826,8452,0,0.113990605
2018,826,8453,0,0.121039055
2018,826,8454,0,0.20561013
2018,826,8455,0,0.20027255
2018,826,8456,0,0.13597474
2018,826,8457,1,0.19863209
2018,826,8458,0,0.13951628
2018,826,8459,0,0.17167473
2018,826,8460,0,0.07880503
2018,826,8461,0,0.14151213
2018,826,8462,0,0.05863916
2018,826,8463,0,0.14624667
2018,826,8464,0,0.14503706
2018,826,8465,1,0.24730167
2018,826,8466,0,0.050263576
2018,826,8467,0,0.09781973
2018,826,8468,0,0.20075083
2018,826,8470,0,0.34167278
2018,826,8471,0,0.030145368
2018,826,8472,0,0.22950917
2018,826,8473,0,0.09745426
2018,826,8474,0,0.11818242
2018,826,8475,0,0.10941231
2018,826,8476,0,0.15727443
2018,826,8477,0,0.057216026
2018,826,8478,0,0.09012916
2018,826,8479,0,0.08634149
2018,826,8480,0,0.15018587
2018,826,8481,0,0.08615703
2018,826,8482,0,0.07833779
2018,826,8483,0,0.09669979
2018,826,8484,0,0.0821122
2018,826,8485,0,0.08114239
2018,251,8401,1,0.33405063
2018,251,8403,0,0.093376204
2018,251,8404,0,0.2710623
2018,251,8407,0,0.1471086
2018,251,8408,1,0.22902541
2018,251,8409,0,0.09818829
2018,251,8411,0,0.14079678
2018,251,8412,0,0.21621867
2018,251,8413,0,0.11620641
2018,251,8414,0,0.114241116
2018,251,8415,0,0.16566041
2018,251,8416,0,0.20875715
2018,251,8417,0,0.116135806
2018,251,8418,0,0.17487273
2018,251,8419,0,0.13426557
2018,251,8420,0,0.15998872
2018,251,8421,0,0.08905706
2018,251,8422,0,0.09731125
2018,251,8424,0,0.14377931
2018,251,8425,0,0.12352786
2018,251,8426,0,0.100081004
2018,251,8427,0,0.057858612
2018,251,8428,0,0.15222809
2018,251,8429,0,0.05350901
2018,251,8430,0,0.122425
2018,251,8431,0,0.03382763
2018,251,8432,0,0.04594499
2018,251,8433,0,0.13533053
2018,251,8434,1,0.27553266
2018,251,8435,0,0.13702795
2018,251,8436,0,0.10975846
2018,251,8438,0,0.09095481
2018,251,8439,0,0.14283825
2018,251,8440,0,0.34544778
2018,251,8441,0,0.17616175
2018,251,8442,0,0.3174498
2018,251,8443,0,0.03662356
2018,251,8444,1,0.5744685
2018,251,8445,0,0.30257204
2018,251,8446,1,0.5968134
2018,251,8447,1,0.35853764
2018,251,8448,1,0.13082428
2018,251,8449,0,0.2732912
2018,251,8450,1,0.25902802
2018,251,8451,1,0.18050909
2018,251,8453,0,0.1655309
2018,251,8454,0,0.48820376
2018,251,8455,0,0.18087995
2018,251,8456,0,0.13622993
2018,251,8457,0,0.08667075
2018,251,8458,0,0.16542141
2018,251,8459,0,0.16799864
2018,251,8460,0,0.22818336
2018,251,8461,0,0.1235668
2018,251,8462,0,0.18541746
2018,251,8463,0,0.21757564
2018,251,8464,0,0.18117824
2018,251,8465,0,0.20085768
2018,251,8466,0,0.032751426
2018,251,8467,0,0.21279559
2018,251,8468,0,0.26505664
2018,251,8470,0,0.26658475
2018,251,8471,0,0.028980993
2018,251,8472,0,0.12842509
2018,251,8473,0,0.10122884
2018,251,8475,0,0.17614046
2018,251,8476,0,0.16290787
2018,251,8477,0,0.123758465
2018,251,8478,1,0.33326194
2018,251,8479,0,0.098631375
2018,251,8480,0,0.12582695
2018,251,8481,0,0.10228818
2018,251,8482,0,0.103879854
2018,251,8483,0,0.10183198
2018,251,8484,0,0.1341188
2018,251,8485,0,0.13145436
2018,490,8401,0,0.803983
2018,490,8402,0,0.15780209
2018,490,8403,0,0.15857174
2018,490,8404,0,0.19664803
2018,490,8405,0,0.39562503
2018,490,8406,1,0.33260533
2018,490,8407,1,0.21992067
2018,490,8408,0,0.16631372
2018,490,8409,0,0.10133008
2018,490,8410,0,0.5101421
2018,490,8411,1,0.14408757
2018,490,8412,0,0.07800459
2018,490,8413,0,0.074259035
2018,490,8414,0,0.073217176
2018,490,8415,0,0.12883604
2018,490,8416,0,0.24817447
2018,490,8417,0,0.18168908
2018,490,8418,0,0.08551883
2018,490,8419,0,0.07617543
2018,490,8420,0,0.21249016
2018,490,8421,0,0.060447298
2018,490,8422,0,0.05142406
2018,490,8423,0,0.15651655
2018,490,8424,0,0.07805877
2018,490,8425,0,0.12291692
2018,490,8426,0,0.08653445
2018,490,8427,0,0.109462224
2018,490,8428,1,0.096177794
2018,490,8429,1,0.23674555
2018,490,8430,1,0.17745632
2018,490,8431,0,0.05266077
2018,490,8432,0,0.11033141
2018,490,8433,0,0.14135727
2018,490,8434,0,0.23722288
2018,490,8435,0,0.16909964
2018,490,8436,0,0.077204384
2018,490,8437,1,0.14620629
2018,490,8438,0,0.056262396
2018,490,8439,0,0.113393895
2018,490,8440,0,0.22520843
2018,490,8441,0,0.09312415
2018,490,8442,1,0.22400513
2018,490,8443,0,0.042869303
2018,490,8444,1,0.26596904
2018,490,8445,0,0.1603111
2018,490,8446,1,0.2707022
2018,490,8447,1,0.16562274
2018,490,8448,0,0.09201892
2018,490,8449,0,0.26788467
2018,490,8450,0,0.22793129
2018,490,8451,1,0.10091671
2018,490,8452,0,0.056812
2018,490,8453,0,0.12932019
2018,490,8454,0,0.17075434
2018,490,8455,0,0.101826355
2018,490,8456,0,0.14236344
2018,490,8457,1,0.108953424
2018,490,8458,0,0.08972354
2018,490,8459,1,0.1245952
2018,490,8460,0,0.08213114
2018,490,8461,0,0.07067699
2018,490,8462,0,0.071248755
2018,490,8463,1,0.081191786
2018,490,8464,1,0.23669454
2018,490,8465,0,0.07965212
2018,490,8466,1,0.041783586
2018,490,8467,0,0.17513567
2018,490,8468,0,0.37203288
2018,490,8470,1,0.2781944
2018,490,8471,0,0.054917514
2018,490,8472,1,0.11116841
2018,490,8473,0,0.15493047
2018,490,8474,0,0.08975819
2018,490,8475,0,0.35249865
2018,490,8476,0,0.14877652
2018,490,8477,0,0.053366162
2018,490,8478,0,0.23439309
2018,490,8479,0,0.12388474
2018,490,8480,0,0.06003553
2018,490,8481,0,0.07523791
2018,490,8482,0,0.065568395
2018,490,8483,0,0.08664092
2018,490,8484,0,0.08533827
2018,490,8485,0,0.061381772
2018,702,8402,1,0.22545396
2018,702,8405,0,0.6015544
2018,702,8406,1,0.5276681
2018,702,8407,0,0.26721382
2018,702,8408,1,0.3026678
2018,702,8409,0,0.039300345
2018,702,8411,0,0.19203295
2018,702,8412,0,0.05652416
2018,702,8413,0,0.05358293
2018,702,8414,0,0.042973354
2018,702,8416,0,0.37058774
2018,702,8418,0,0.10239298
2018,702,8419,0,0.108419575
2018,702,8420,0,0.20450644
2018,702,8421,0,0.041030772
2018,702,8422,0,0.08093747
2018,702,8423,1,0.19032066
2018,702,8424,0,0.07597964
2018,702,8425,0,0.12794754
2018,702,8427,0,0.13450788
2018,702,8428,0,0.09931022
2018,702,8430,1,0.46343043
2018,702,8431,0,0.046214387
2018,702,8432,0,0.22783937
2018,702,8433,1,0.43628398
2018,702,8434,1,0.30527177
2018,702,8435,1,0.32605296
2018,702,8436,0,0.13831733
2018,702,8437,0,0.20960046
2018,702,8438,0,0.11663843
2018,702,8439,0,0.2599813
2018,702,8440,1,0.61339515
2018,702,8441,0,0.1376176
2018,702,8442,1,0.466348
2018,702,8443,0,0.056560043
2018,702,8445,1,0.2643493
2018,702,8446,1,0.70009357
2018,702,8448,0,0.1893763
2018,702,8449,1,0.45869076
2018,702,8451,0,0.19547394
2018,702,8452,0,0.17776641
2018,702,8453,0,0.16726531
2018,702,8454,1,0.6608996
2018,702,8455,0,0.17027654
2018,702,8456,1,0.12970448
2018,702,8457,0,0.28159007
2018,702,8458,0,0.22067043
2018,702,8459,0,0.16468988
2018,702,8460,0,0.18737435
2018,702,8461,0,0.16307232
2018,702,8462,0,0.40077987
2018,702,8463,1,0.57464373
2018,702,8464,0,0.22899039
2018,702,8465,0,0.104219265
2018,702,8466,0,0.13998434
2018,702,8467,0,0.13596773
2018,702,8468,0,0.24867162
2018,702,8470,0,0.18185234
2018,702,8471,1,0.028947512
2018,702,8473,0,0.07031864
2018,702,8474,1,0.119672
2018,702,8475,1,0.3911206
2018,702,8476,0,0.38575798
2018,702,8477,0,0.12863496
2018,702,8479,0,0.11897944
2018,702,8480,1,0.15360324
2018,702,8481,0,0.05552218
2018,702,8482,0,0.04559301
2018,702,8483,0,0.040617865
2018,702,8484,0,0.09195933
2018,528,8401,0,0.28111184
2018,528,8403,0,0.098828845
2018,528,8404,0,0.13235317
2018,528,8405,0,0.1723322
2018,528,8407,1,0.22587548
2018,528,8408,0,0.2381251
2018,528,8409,0,0.07907172
2018,528,8410,0,0.21294321
2018,528,8411,0,0.12438554
2018,528,8412,0,0.09300906
2018,528,8413,0,0.109035164
2018,528,8414,0,0.15390503
2018,528,8415,0,0.1546379
2018,528,8416,1,0.19873159
2018,528,8417,1,0.37573504
2018,528,8418,0,0.14675
2018,528,8419,0,0.09725863
2018,528,8420,0,0.23434909
2018,528,8421,0,0.07353746
2018,528,8422,0,0.09708024
2018,528,8423,0,0.21643521
2018,528,8424,0,0.13686673
2018,528,8425,0,0.1327026
2018,528,8426,0,0.082917586
2018,528,8427,0,0.08597001
2018,528,8428,0,0.1473078
2018,528,8429,0,0.055755723
2018,528,8430,0,0.090292
2018,528,8431,0,0.030327966
2018,528,8432,0,0.057840794
2018,528,8433,0,0.11616617
2018,528,8434,0,0.10544699
2018,528,8435,0,0.1594602
2018,528,8436,0,0.11792867
2018,528,8437,1,0.24607979
2018,528,8438,0,0.07714767
2018,528,8439,0,0.1555642
2018,528,8440,0,0.16791879
2018,528,8441,0,0.12972772
2018,528,8442,0,0.2676499
2018,528,8443,0,0.042066444
2018,528,8444,1,0.6417597
2018,528,8445,1,0.6399259
2018,528,8446,0,0.38148826
2018,528,8447,0,0.20692976
2018,528,8448,1,0.25633126
2018,528,8449,0,0.35933784
2018,528,8450,0,0.31703678
2018,528,8451,0,0.18839738
2018,528,8452,0,0.2482709
2018,528,8453,1,0.23307067
2018,528,8454,1,0.18936302
2018,528,8455,0,0.20405665
2018,528,8456,0,0.0858453
2018,528,8457,0,0.20463836
2018,528,8458,0,0.21533433
2018,528,8459,0,0.16983443
2018,528,8460,0,0.10992056
2018,528,8461,0,0.13620606
2018,528,8462,0,0.10185981
2018,528,8463,0,0.17698607
2018,528,8464,0,0.18925492
2018,528,8465,1,0.1481433
2018,528,8466,0,0.06766461
2018,528,8467,1,0.13641287
2018,528,8468,0,0.23496006
2018,528,8470,0,0.28901574
2018,528,8471,0,0.035436783
2018,528,8472,0,0.13401562
2018,528,8473,0,0.20750262
2018,528,8474,0,0.15551735
2018,528,8475,0,0.16132452
2018,528,8476,0,0.35581997
2018,528,8477,0,0.105002
2018,528,8478,0,0.09036361
2018,528,8479,0,0.13668549
2018,528,8480,0,0.15553561
2018,528,8481,0,0.08518371
2018,528,8482,0,0.16402619
2018,528,8483,0,0.09621483
2018,528,8484,0,0.13768522
2018,528,8485,0,0.09291206
2018,410,8401,1,0.27589116
2018,410,8402,0,0.20609236
2018,410,8403,0,0.08416594
2018,410,8404,0,0.17564017
2018,410,8405,1,0.16871795
2018,410,8406,1,0.48064518
2018,410,8407,0,0.15199727
2018,410,8408,0,0.08866785
2018,410,8409,0,0.05257421
2018,410,8410,1,0.6845264
2018,410,8411,0,0.11024971
2018,410,8412,0,0.068507425
2018,410,8413,0,0.056662086
2018,410,8414,0,0.05658213
2018,410,8415,0,0.07856214
2018,410,8416,0,0.17347953
2018,410,8417,0,0.21438156
2018,410,8418,0,0.13437559
2018,410,8419,0,0.085444346
2018,410,8420,1,0.29432693
2018,410,8421,0,0.04280968
2018,410,8422,0,0.08395276
2018,410,8423,0,0.17983064
2018,410,8424,0,0.09223815
2018,410,8425,0,0.12480893
2018,410,8426,0,0.11709424
2018,410,8427,0,0.10109198
2018,410,8428,0,0.0758074
2018,410,8429,0,0.042770486
2018,410,8431,0,0.030800836
2018,410,8432,0,0.11671047
2018,410,8433,0,0.113817975
2018,410,8435,0,0.15665394
2018,410,8436,1,0.572404
2018,410,8437,0,0.1439796
2018,410,8438,0,0.07236726
2018,410,8439,0,0.18100058
2018,410,8440,1,0.27539295
2018,410,8441,0,0.07105697
2018,410,8442,0,0.28943518
2018,410,8443,0,0.03712895
2018,410,8444,0,0.28485003
2018,410,8445,1,0.2661337
2018,410,8446,1,0.19312459
2018,410,8447,1,0.28876674
2018,410,8448,0,0.22785652
2018,410,8449,1,0.3524674
2018,410,8450,0,0.09240537
2018,410,8451,0,0.118349046
2018,410,8452,0,0.16717894
2018,410,8453,0,0.17569233
2018,410,8454,0,0.36934498
2018,410,8455,0,0.21093735
2018,410,8456,0,0.11914074
2018,410,8457,0,0.11346764
2018,410,8458,0,0.12965076
2018,410,8459,0,0.12759566
2018,410,8460,0,0.1842703
2018,410,8461,0,0.13840504
2018,410,8462,0,0.07843054
2018,410,8463,0,0.12869889
2018,410,8464,0,0.2520737
2018,410,8465,0,0.10211046
2018,410,8466,0,0.053667977
2018,410,8467,1,0.12248665
2018,410,8468,0,0.23378994
2018,410,8470,0,0.72009903
2018,410,8471,0,0.050042275
2018,410,8472,0,0.14130111
2018,410,8473,0,0.1839416
2018,410,8474,0,0.10285202
2018,410,8475,1,0.22951837
2018,410,8476,0,0.17777869
2018,410,8477,0,0.083258905
2018,410,8478,1,0.30483323
2018,410,8479,0,0.11741044
2018,410,8480,0,0.07075766
2018,410,8481,0,0.06435063
2018,410,8482,0,0.09327807
2018,410,8483,0,0.05636895
2018,410,8484,0,0.07021223
2018,410,8485,0,0.069064364
2018,458,8404,0,0.17339177
2018,458,8405,0,0.2387749
2018,458,8406,1,0.30395967
2018,458,8407,0,0.1718391
2018,458,8409,0,0.27675512
2018,458,8411,0,0.33204958
2018,458,8412,0,0.1260338
2018,458,8413,0,0.11204279
2018,458,8414,0,0.05187591
2018,458,8415,0,0.06450842
2018,458,8416,1,0.3146775
2018,458,8417,0,0.25530553
2018,458,8418,0,0.12128924
2018,458,8419,0,0.16205363
2018,458,8420,1,0.61944824
2018,458,8421,0,0.08807397
2018,458,8422,1,0.17648596
2018,458,8423,1,0.34338126
2018,458,8424,0,0.09483685
2018,458,8426,0,0.18602866
2018,458,8427,0,0.2627792
2018,458,8428,0,0.070609964
2018,458,8430,1,0.49096704
2018,458,8431,0,0.095000215
2018,458,8434,1,0.66553146
2018,458,8436,0,0.1180882
2018,458,8437,0,0.32743922
2018,458,8438,0,0.084028825
2018,458,8439,0,0.17081349
2018,458,8441,0,0.27332392
2018,458,8442,0,0.3632366
2018,458,8443,0,0.09796227
2018,458,8445,1,0.61289257
2018,458,8447,1,0.49557078
2018,458,8448,1,0.12826133
2018,458,8451,0,0.39765927
2018,458,8452,0,0.17127469
2018,458,8454,1,0.2647835
2018,458,8455,0,0.23165962
2018,458,8456,1,0.11508992
2018,458,8458,0,0.2625577
2018,458,8459,0,0.2454
2018,458,8460,0,0.28981334
2018,458,8462,1,0.183469
2018,458,8463,0,0.19367076
2018,458,8464,0,0.19452633
2018,458,8465,1,0.22209081
2018,458,8466,1,0.11870596
2018,458,8468,0,0.3161109
2018,458,8470,1,0.2300693
2018,458,8471,0,0.03379076
2018,458,8472,1,0.1627559
2018,458,8473,1,0.096235566
2018,458,8474,0,0.12498379
2018,458,8475,0,0.22126696
2018,458,8476,0,0.20105311
2018,458,8477,0,0.13441089
2018,458,8478,1,0.21399832
2018,458,8479,0,0.09906898
2018,458,8480,1,0.19899718
2018,458,8481,0,0.10064339
2018,458,8482,0,0.09528296
2018,458,8484,0,0.110571094
2018,458,8485,1,0.32323426
2018,124,8401,1,0.5416726
2018,124,8402,1,0.24517676
2018,124,8403,0,0.1555977
2018,124,8404,0,0.28757685
2018,124,8405,1,0.38326997
2018,124,8406,1,0.28584144
2018,124,8407,0,0.11932657
2018,124,8408,0,0.15820967
2018,124,8409,0,0.11127186
2018,124,8410,0,0.31025016
2018,124,8411,0,0.10499866
2018,124,8412,0,0.11010302
2018,124,8413,0,0.12644622
2018,124,8414,0,0.13341415
2018,124,8415,0,0.14463608
2018,124,8416,0,0.17698076
2018,124,8417,0,0.14257975
2018,124,8418,0,0.16490589
2018,124,8419,0,0.15416607
2018,124,8420,0,0.22675541
2018,124,8421,0,0.11994853
2018,124,8422,0,0.1392212
2018,124,8423,0,0.16520628
2018,124,8424,0,0.15565647
2018,124,8425,0,0.1616256
2018,124,8426,0,0.11688071
2018,124,8427,0,0.11020776
2018,124,8428,0,0.16369115
2018,124,8429,0,0.18766883
2018,124,8430,0,0.12560569
2018,124,8431,0,0.058187842
2018,124,8432,0,0.102307335
2018,124,8433,0,0.10696973
2018,124,8434,0,0.6419187
2018,124,8436,0,0.10904034
2018,124,8437,0,0.28859597
2018,124,8438,0,0.11576118
2018,124,8439,0,0.17902689
2018,124,8440,1,0.2896228
2018,124,8441,0,0.15888901
2018,124,8442,0,0.25832242
2018,124,8443,1,0.0807897
2018,124,8445,1,0.5452258
2018,124,8447,0,0.56132257
2018,124,8448,1,0.19460924
2018,124,8451,0,0.20433004
2018,124,8452,1,0.4104818
2018,124,8453,0,0.21337353
2018,124,8454,0,0.16896884
2018,124,8455,0,0.2465185
2018,124,8456,1,0.17487402
2018,124,8457,1,0.17296487
2018,124,8458,0,0.28757626
2018,124,8459,0,0.16279466
2018,124,8460,0,0.11729591
2018,124,8461,0,0.1952408
2018,124,8462,0,0.12650123
2018,124,8463,1,0.15643887
2018,124,8464,0,0.12754433
2018,124,8465,0,0.12678158
2018,124,8466,0,0.06469912
2018,124,8467,0,0.17712627
2018,124,8468,0,0.24179463
2018,124,8470,0,0.2772335
2018,124,8471,0,0.061283763
2018,124,8472,0,0.24795663
2018,124,8473,0,0.1368252
2018,124,8474,0,0.14723824
2018,124,8475,1,0.3633427
2018,124,8476,0,0.17278443
2018,124,8477,0,0.15835547
2018,124,8479,0,0.11788418
2018,124,8480,0,0.12568118
2018,124,8481,0,0.11433509
2018,124,8482,0,0.115478925
2018,124,8483,0,0.11534114
2018,124,8484,0,0.13687475
2018,124,8485,0,0.53566444
2018,484,8402,0,0.397971
2018,484,8403,0,0.29131293
2018,484,8404,0,0.35439214
2018,484,8405,0,0.29078388
2018,484,8406,0,0.3221996
2018,484,8407,0,0.124774896
2018,484,8408,0,0.12224444
2018,484,8409,0,0.108740754
2018,484,8411,0,0.15922046
2018,484,8412,0,0.11923718
2018,484,8413,0,0.15211949
2018,484,8414,0,0.15684783
2018,484,8415,0,0.12205387
2018,484,8416,0,0.22109196
2018,484,8417,0,0.44801554
2018,484,8418,0,0.15290314
2018,484,8419,0,0.17575221
2018,484,8420,0,0.31186607
2018,484,8421,0,0.12281727
2018,484,8422,0,0.17920986
2018,484,8423,0,0.18501413
2018,484,8424,0,0.14410242
2018,484,8425,0,0.15264598
2018,484,8426,1,0.18636912
2018,484,8427,0,0.23927303
2018,484,8428,0,0.15340447
2018,484,8429,1,0.22260194
2018,484,8430,1,0.5192457
2018,484,8431,0,0.08017908
2018,484,8432,1,0.41955057
2018,484,8433,0,0.110133626
2018,484,8434,0,0.2814267
2018,484,8436,0,0.18327631
2018,484,8437,0,0.21157998
2018,484,8438,0,0.12392523
2018,484,8439,1,0.32206276
2018,484,8441,0,0.1837497
2018,484,8442,0,0.3409477
2018,484,8443,0,0.097891524
2018,484,8450,0,0.23029123
2018,484,8451,0,0.26768777
2018,484,8452,0,0.38233873
2018,484,8453,0,0.54612994
2018,484,8454,1,0.5367487
2018,484,8455,0,0.48454
2018,484,8456,0,0.37271398
2018,484,8457,0,0.18328305
2018,484,8458,1,0.71733606
2018,484,8459,0,0.21060272
2018,484,8460,0,0.14577295
2018,484,8461,0,0.33541256
2018,484,8462,1,0.4727537
2018,484,8463,0,0.21750645
2018,484,8465,1,0.1472708
2018,484,8466,0,0.104656965
2018,484,8467,0,0.1557809
2018,484,8468,0,0.3058003
2018,484,8470,0,0.68486667
2018,484,8471,0,0.16404203
2018,484,8472,0,0.49486014
2018,484,8473,0,0.2393096
2018,484,8474,0,0.19619925
2018,484,8475,0,0.382496
2018,484,8476,1,0.1742476
2018,484,8477,0,0.15779656
2018,484,8479,0,0.16553675
2018,484,8480,0,0.18563162
2018,484,8481,0,0.12961596
2018,484,8482,0,0.1159739
2018,484,8483,0,0.13170913
2018,484,8484,0,0.17685838
2018,484,8485,0,0.11568434
2018,757,8402,0,0.50245404
2018,757,8403,0,0.16527185
2018,757,8404,0,0.7155842
2018,757,8405,0,0.2303205
2018,757,8406,1,0.32277697
2018,757,8407,1,0.2908404
2018,757,8408,1,0.5142802
2018,757,8409,0,0.1304265
2018,757,8411,0,0.21298265
2018,757,8412,0,0.15534326
2018,757,8413,0,0.12562555
2018,757,8414,0,0.09407632
2018,757,8415,0,0.24932072
2018,757,8416,1,0.31741616
2018,757,8417,0,0.48888662
2018,757,8418,0,0.25350335
2018,757,8419,0,0.12700295
2018,757,8420,1,0.20441349
2018,757,8421,0,0.09044993
2018,757,8422,0,0.12569815
2018,757,8423,1,0.17756498
2018,757,8424,0,0.13874318
2018,757,8425,0,0.27671078
2018,757,8426,1,0.21220565
2018,757,8427,1,0.16014934
2018,757,8428,0,0.14811651
2018,757,8429,0,0.087676995
2018,757,8430,0,0.2657128
2018,757,8431,0,0.03905759
2018,757,8432,1,0.08905668
2018,757,8433,0,0.3011696
2018,757,8434,0,0.35875216
2018,757,8435,0,0.2980744
2018,757,8436,0,0.2194555
2018,757,8437,0,0.436006
2018,757,8438,0,0.20638292
2018,757,8439,0,0.16524102
2018,757,8440,0,0.15911977
2018,757,8441,0,0.14080049
2018,757,8442,0,0.25596237
2018,757,8443,0,0.0709809
2018,757,8444,1,0.41433558
2018,757,8445,1,0.36516175
2018,757,8446,1,0.20907466
2018,757,8447,1,0.4802871
2018,757,8448,1,0.06408305
2018,757,8449,1,0.59448457
2018,757,8450,0,0.41951564
2018,757,8451,0,0.20778957
2018,757,8452,1,0.26444507
2018,757,8453,1,0.34945762
2018,757,8454,0,0.17755614
2018,757,8455,0,0.38525614
2018,757,8456,1,0.12189552
2018,757,8457,1,0.14413136
2018,757,8458,0,0.15308172
2018,757,8459,1,0.11082315
2018,757,8460,0,0.11034398
2018,757,8461,0,0.17158853
2018,757,8462,0,0.09642483
2018,757,8463,0,0.13516568
2018,757,8464,0,0.12477189
2018,757,8465,0,0.13822038
2018,757,8466,0,0.037265677
2018,757,8467,0,0.20713533
2018,757,8468,0,0.21914831
2018,757,8470,0,0.25437984
2018,757,8471,0,0.043536995
2018,757,8472,0,0.15442954
2018,757,8473,0,0.17355733
2018,757,8474,0,0.18614481
2018,757,8475,1,0.20184809
2018,757,8476,1,0.18661785
2018,757,8477,0,0.12769178
2018,757,8478,1,0.7411006
2018,757,8479,0,0.10008114
2018,757,8480,0,0.13412455
2018,757,8481,0,0.12906042
2018,757,8482,0,0.13695443
2018,757,8483,0,0.15053996
2018,757,8484,0,0.13177271
2018,757,8485,0,0.19650367
2018,764,8403,0,0.22711134
2018,764,8405,0,0.33437103
2018,764,8406,0,0.34412408
2018,764,8407,0,0.12935302
2018,764,8408,1,0.6025022
2018,764,8409,0,0.10856524
2018,764,8411,0,0.15758409
2018,764,8412,0,0.08011641
2018,764,8413,0,0.11892924
2018,764,8414,0,0.05705953
2018,764,8415,0,0.06521197
2018,764,8416,0,0.5263362
2018,764,8417,0,0.2228739
2018,764,8418,0,0.05403205
2018,764,8419,0,0.28254983
2018,764,8420,1,0.18685508
2018,764,8421,0,0.08469373
2018,764,8422,0,0.08078326
2018,764,8423,0,0.16128367
2018,764,8424,0,0.19446199
2018,764,8427,0,0.12726317
2018,764,8428,0,0.092599876
2018,764,8429,1,0.17604427
2018,764,8430,0,0.3051619
2018,764,8431,0,0.041340873
2018,764,8434,0,0.25954986
2018,764,8435,0,0.7573363
2018,764,8437,1,0.18049592
2018,764,8438,0,0.14590226
2018,764,8439,1,0.14576629
2018,764,8441,0,0.16481422
2018,764,8442,0,0.31982836
2018,764,8443,0,0.088378765
2018,764,8445,0,0.36164272
2018,764,8446,0,0.4847125
2018,764,8447,0,0.33123183
2018,764,8448,1,0.13661267
2018,764,8450,0,0.078505516
2018,764,8451,1,0.13153714
2018,764,8452,0,0.14368099
2018,764,8453,1,0.14948265
2018,764,8455,0,0.16949926
2018,764,8456,1,0.14147091
2018,764,8457,0,0.18157181
2018,764,8458,0,0.28024364
2018,764,8459,0,0.17030303
2018,764,8460,1,0.24259654
2018,764,8461,0,0.1481224
2018,764,8462,0,0.09290112
2018,764,8464,0,0.55126536
2018,764,8466,0,0.086743705
2018,764,8467,0,0.21798252
2018,764,8468,0,0.29864457
2018,764,8470,0,0.25675857
2018,764,8471,0,0.21162894
2018,764,8472,0,0.23227403
2018,764,8473,0,0.14611435
2018,764,8475,1,0.59416556
2018,764,8476,0,0.30697864
2018,764,8477,0,0.10322706
2018,764,8479,0,0.0767657
2018,764,8480,0,0.12664616
2018,764,8481,0,0.056150958
2018,764,8482,0,0.052058812
2018,764,8483,0,0.0806804
2018,764,8484,0,0.07043171
2018,764,8485,0,0.09664747
2018,752,8401,0,0.3399227
2018,752,8402,0,0.19987132
2018,752,8403,0,0.16948867
2018,752,8404,0,0.18133321
2018,752,8405,1,0.7871777
2018,752,8406,0,0.66216564
2018,752,8407,0,0.20279835
2018,752,8408,0,0.28380173
2018,752,8409,0,0.23567323
2018,752,8410,1,0.30972743
2018,752,8412,0,0.09608492
2018,752,8413,0,0.11760225
2018,752,8414,0,0.15084414
2018,752,8415,0,0.2900759
2018,752,8416,1,0.28213066
2018,752,8417,1,0.19930737
2018,752,8418,0,0.1786526
2018,752,8419,0,0.123752475
2018,752,8420,0,0.54680413
2018,752,8421,0,0.11551061
2018,752,8422,0,0.10352309
2018,752,8423,0,0.28760257
2018,752,8424,0,0.12231364
2018,752,8425,0,0.22628038
2018,752,8426,0,0.09836737
2018,752,8427,0,0.071004756
2018,752,8428,0,0.18952076
2018,752,8429,0,0.05822133
2018,752,8430,0,0.12801428
2018,752,8431,0,0.033793453
2018,752,8432,0,0.10399588
2018,752,8433,0,0.16453874
2018,752,8434,0,0.12630728
2018,752,8435,0,0.38232374
2018,752,8436,0,0.24662302
2018,752,8437,0,0.21326755
2018,752,8438,0,0.11253734
2018,752,8439,0,0.1346203
2018,752,8440,0,0.36501265
2018,752,8441,0,0.15348266
2018,752,8442,1,0.40646973
2018,752,8443,0,0.06651694
2018,752,8446,0,0.6722694
2018,752,8447,1,0.8233815
2018,752,8448,1,0.18599388
2018,752,8449,0,0.6361822
2018,752,8450,0,0.25588658
2018,752,8451,0,0.27112678
2018,752,8452,0,0.23329113
2018,752,8453,1,0.33203912
2018,752,8454,0,0.33779892
2018,752,8455,0,0.22053695
2018,752,8456,0,0.11551203
2018,752,8457,0,0.46647215
2018,752,8458,0,0.39744863
2018,752,8459,0,0.43240166
2018,752,8460,0,0.1256435
2018,752,8461,1,0.20587212
2018,752,8462,0,0.13153131
2018,752,8463,0,0.25000933
2018,752,8464,0,0.2180362
2018,752,8465,0,0.2337417
2018,752,8466,0,0.056566656
2018,752,8467,0,0.21062629
2018,752,8468,0,0.2922542
2018,752,8470,1,0.38859832
2018,752,8471,0,0.07658025
2018,752,8472,1,0.13737877
2018,752,8473,1,0.2564003
2018,752,8474,0,0.1617699
2018,752,8475,0,0.33957335
2018,752,8476,0,0.28619462
2018,752,8477,0,0.19642493
2018,752,8478,1,0.7378308
2018,752,8479,0,0.11837923
2018,752,8480,0,0.21524228
2018,752,8481,0,0.13256073
2018,752,8482,0,0.058409154
2018,752,8483,0,0.13679947
2018,752,8484,0,0.11942681
2018,752,8485,0,0.1133686
2018,372,8402,1,0.7947877
2018,372,8403,0,0.27032202
2018,372,8406,1,0.58540577
2018,372,8409,0,0.2558469
2018,372,8411,0,0.24030596
2018,372,8412,0,0.29512358
2018,372,8413,0,0.26019013
2018,372,8414,0,0.1741093
2018,372,8415,0,0.30896053
2018,372,8418,0,0.23306641
2018,372,8419,0,0.2966139
2018,372,8421,0,0.14517388
2018,372,8422,0,0.26744807
2018,372,8423,0,0.52780604
2018,372,8424,0,0.28740627
2018,372,8425,0,0.41484794
2018,372,8426,1,0.62577313
2018,372,8427,0,0.14445423
2018,372,8428,0,0.20369174
2018,372,8429,1,0.2576004
2018,372,8430,1,0.2515963
2018,372,8431,0,0.07013439
2018,372,8432,0,0.20575972
2018,372,8433,0,0.15347807
2018,372,8434,1,0.2518607
2018,372,8436,0,0.28856048
2018,372,8437,1,0.36320415
2018,372,8438,0,0.25213495
2018,372,8441,0,0.2901962
2018,372,8443,0,0.103462234
2018,372,8448,0,0.17628182
2018,372,8450,0,0.3502547
2018,372,8451,1,0.25761694
2018,372,8456,0,0.47684476
2018,372,8457,1,0.41676614
2018,372,8462,1,0.26929817
2018,372,8463,0,0.22181174
2018,372,8465,1,0.21974549
2018,372,8466,0,0.14761718
2018,372,8467,0,0.405355
2018,372,8468,0,0.31586435
2018,372,8470,0,0.38107783
2018,372,8471,0,0.052751217
2018,372,8472,1,0.35359585
2018,372,8473,0,0.1470188
2018,372,8474,0,0.2333207
2018,372,8475,0,0.303457
2018,372,8477,0,0.22901036
2018,372,8479,0,0.1569444
2018,372,8480,0,0.3279733
2018,372,8481,0,0.16056146
2018,372,8482,0,0.17359534
2018,372,8483,0,0.23665053
2018,372,8484,0,0.14310391
2018,372,8485,0,0.29264182
2018,40,8401,0,0.38303354
2018,40,8402,1,0.5171894
2018,40,8403,0,0.11933575
2018,40,8404,0,0.18547793
2018,40,8405,0,0.56368786
2018,40,8406,0,0.31661418
2018,40,8407,0,0.13496685
2018,40,8408,0,0.20345569
2018,40,8409,0,0.14877638
2018,40,8411,0,0.14803447
2018,40,8412,0,0.1368654
2018,40,8413,0,0.11855055
2018,40,8414,0,0.116628364
2018,40,8415,0,0.24641404
2018,40,8416,1,0.2949511
2018,40,8417,0,0.26499298
2018,40,8418,0,0.193037
2018,40,8419,0,0.13509728
2018,40,8420,0,0.16667609
2018,40,8421,0,0.12884076
2018,40,8422,0,0.25898796
2018,40,8423,0,0.17551282
2018,40,8424,0,0.14686824
2018,40,8425,0,0.19128527
2018,40,8426,0,0.101948075
2018,40,8427,0,0.38580623
2018,40,8428,0,0.15450235
2018,40,8429,0,0.1198171
2018,40,8430,0,0.14926378
2018,40,8431,0,0.04089307
2018,40,8432,0,0.06667196
2018,40,8433,0,0.15493052
2018,40,8435,0,0.22444595
2018,40,8436,0,0.14162922
2018,40,8438,0,0.09463872
2018,40,8439,0,0.13291833
2018,40,8440,0,0.18481866
2018,40,8441,0,0.1395435
2018,40,8442,1,0.2936868
2018,40,8443,0,0.05670613
2018,40,8444,1,0.80799836
2018,40,8445,0,0.3714538
2018,40,8446,0,0.3356885
2018,40,8447,0,0.1798576
2018,40,8448,0,0.17971167
2018,40,8449,0,0.34543902
2018,40,8450,0,0.40289775
2018,40,8451,0,0.19338812
2018,40,8453,0,0.4623609
2018,40,8454,0,0.18255615
2018,40,8455,0,0.18165345
2018,40,8456,0,0.07920338
2018,40,8457,0,0.23227774
2018,40,8458,0,0.12529756
2018,40,8459,0,0.09856388
2018,40,8460,1,0.15481643
2018,40,8461,0,0.2182768
2018,40,8462,0,0.1421391
2018,40,8463,1,0.18270811
2018,40,8464,0,0.19099328
2018,40,8465,0,0.13159454
2018,40,8466,0,0.069966584
2018,40,8467,0,0.23393089
2018,40,8468,0,0.29105937
2018,40,8470,1,0.3633983
2018,40,8471,0,0.04281293
2018,40,8472,0,0.3641052
2018,40,8473,0,0.13841848
2018,40,8474,0,0.1523264
2018,40,8475,1,0.38093024
2018,40,8476,0,0.15465899
2018,40,8477,0,0.1647473
2018,40,8478,0,0.24530561
2018,40,8479,0,0.08587939
2018,40,8480,0,0.12061695
2018,40,8481,0,0.08660487
2018,40,8482,0,0.17572987
2018,40,8483,0,0.1488286
2018,40,8484,0,0.20882498
2018,40,8485,0,0.20480052
2018,724,8401,0,0.6430945
2018,724,8402,0,0.35369366
2018,724,8403,1,0.5332093
2018,724,8404,1,0.5336218
2018,724,8405,1,0.7422041
2018,724,8407,0,0.18515983
2018,724,8408,1,0.1904954
2018,724,8409,0,0.10952006
2018,724,8410,0,0.18165666
2018,724,8411,0,0.11131978
2018,724,8412,0,0.14304247
2018,724,8413,0,0.09595686
2018,724,8414,0,0.102971226
2018,724,8415,0,0.15911838
2018,724,8416,0,0.23870127
2018,724,8417,0,0.40339604
2018,724,8418,0,0.12961867
2018,724,8419,0,0.104385704
2018,724,8420,0,0.19019288
2018,724,8421,0,0.09563713
2018,724,8422,0,0.092443615
2018,724,8424,0,0.10091474
2018,724,8425,0,0.09413384
2018,724,8426,0,0.08063949
2018,724,8427,0,0.12366997
2018,724,8428,0,0.107309945
2018,724,8429,0,0.17023227
2018,724,8430,1,0.16628316
2018,724,8431,0,0.028232243
2018,724,8432,0,0.08808288
2018,724,8433,0,0.17901771
2018,724,8434,1,0.29881003
2018,724,8435,0,0.29355952
2018,724,8436,0,0.08164166
2018,724,8437,0,0.12739845
2018,724,8438,0,0.09333951
2018,724,8439,1,0.1794032
2018,724,8440,0,0.18887457
2018,724,8441,0,0.18509457
2018,724,8442,0,0.2999569
2018,724,8443,0,0.05182269
2018,724,8444,1,0.58652633
2018,724,8445,1,0.42363775
2018,724,8446,1,0.68921286
2018,724,8447,1,0.5994354
2018,724,8448,0,0.28545502
2018,724,8449,1,0.65870154
2018,724,8450,0,0.18640892
2018,724,8451,0,0.15532582
2018,724,8452,1,0.47018236
2018,724,8453,1,0.19898874
2018,724,8454,0,0.46669057
2018,724,8455,1,0.31859347
2018,724,8456,0,0.19059329
2018,724,8457,1,0.15989509
2018,724,8458,0,0.12561315
2018,724,8459,0,0.12503804
2018,724,8460,0,0.1384356
2018,724,8461,0,0.16409646
2018,724,8462,1,0.1559367
2018,724,8463,0,0.21105659
2018,724,8464,0,0.114572234
2018,724,8465,0,0.15968338
2018,724,8466,0,0.054027285
2018,724,8467,1,0.29694927
2018,724,8468,1,0.28192806
2018,724,8470,0,0.3306893
2018,724,8471,0,0.05372984
2018,724,8472,1,0.16535647
2018,724,8473,0,0.13140935
2018,724,8474,0,0.08217322
2018,724,8475,1,0.58010167
2018,724,8476,0,0.24237667
2018,724,8477,0,0.13106394
2018,724,8478,0,0.1691502
2018,724,8479,0,0.0808253
2018,724,8480,1,0.1322906
2018,724,8481,0,0.09124519
2018,724,8482,0,0.11865085
2018,724,8483,0,0.12695199
2018,724,8484,0,0.12734321
2018,724,8485,0,0.14582516
