t,i,k4,label_observed_continuing,p
2016,842,8401,0,0.21538416
2016,842,8402,0,0.19385841
2016,842,8403,0,0.3443483
2016,842,8404,0,0.5026179
2016,842,8405,1,0.50249285
2016,842,8406,1,0.26719657
2016,842,8407,0,0.08841401
2016,842,8408,0,0.102628075
2016,842,8409,0,0.034731597
2016,842,8410,1,0.30899972
2016,842,8411,0,0.12038973
2016,842,8412,0,0.037863623
2016,842,8413,0,0.11179094
2016,842,8414,0,0.23368107
2016,842,8415,0,0.05412943
2016,842,8416,0,0.15689723
2016,842,8417,0,0.18341896
2016,842,8418,0,0.048331168
2016,842,8419,0,0.16645828
2016,842,8420,0,0.17460613
2016,842,8421,0,0.22556789
2016,842,8422,0,0.04943809
2016,842,8423,0,0.083028704
2016,842,8424,0,0.025875332
2016,842,8425,0,0.07692438
2016,842,8426,0,0.13323599
2016,842,8427,0,0.0931613
2016,842,8428,0,0.10283614
2016,842,8429,0,0.11865137
2016,842,8430,0,0.08132196
2016,842,8431,0,0.08391134
2016,842,8432,0,0.1748923
2016,842,8433,0,0.047217537
2016,842,8434,0,0.31290713
2016,842,8435,0,0.26269534
2016,842,8436,0,0.098383725
2016,842,8437,0,0.42864823
2016,842,8438,0,0.04696954
2016,842,8439,0,0.18767984
2016,842,8440,0,0.11143117
2016,842,8441,0,0.07675612
2016,842,8442,0,0.48379073
2016,842,8443,0,0.041217458
2016,842,8444,0,0.6025199
2016,842,8446,0,0.15387721
2016,842,8447,0,0.17362978
2016,842,8449,0,0.2123468
2016,842,8450,0,0.13861817
2016,842,8451,0,0.04069056
2016,842,8452,0,0.1119017
2016,842,8453,0,0.21094942
2016,842,8454,1,0.15113063
2016,842,8455,0,0.1620036
2016,842,8456,1,0.10636505
2016,842,8457,0,0.12805791
2016,842,8458,0,0.075867124
2016,842,8459,0,0.0842065
2016,842,8460,1,0.15254664
2016,842,8461,0,0.07537748
2016,842,8462,0,0.082032986
2016,842,8463,1,0.3365778
2016,842,8464,0,0.10114911
2016,842,8465,0,0.07285776
2016,842,8466,0,0.03331069
2016,842,8467,0,0.028555214
2016,842,8468,0,0.106289566
2016,842,8470,0,0.41218817
2016,842,8471,0,0.02601764
2016,842,8472,1,0.07969779
2016,842,8473,0,0.086862005
2016,842,8474,0,0.078922905
2016,842,8475,0,0.18211184
2016,842,8476,0,0.15140654
2016,842,8477,0,0.038799223
2016,842,8478,0,0.6292649
2016,842,8479,0,0.04943078
2016,842,8480,0,0.1036733
2016,842,8481,0,0.029008085
2016,842,8482,0,0.02629363
2016,842,8483,0,0.10213256
2016,842,8484,0,0.05569282
2016,842,8485,0,0.13466781
2016,276,8401,0,0.22824688
2016,276,8402,0,0.07636773
2016,276,8403,0,0.06270057
2016,276,8404,0,0.18154876
2016,276,8405,1,0.45726332
2016,276,8406,1,0.18728623
2016,276,8407,0,0.09009546
2016,276,8408,0,0.04738201
2016,276,8409,0,0.03108365
2016,276,8410,1,0.3040113
2016,276,8411,0,0.064637385
2016,276,8412,0,0.03032407
2016,276,8413,0,0.018582402
2016,276,8414,0,0.02805394
2016,276,8415,0,0.027567629
2016,276,8416,0,0.04978175
2016,276,8417,0,0.20073946
2016,276,8418,0,0.020575367
2016,276,8419,0,0.10974465
2016,276,8420,0,0.1343674
2016,276,8421,0,0.05023017
2016,276,8422,0,0.07424461
2016,276,8423,0,0.023376327
2016,276,8424,0,0.018960938
2016,276,8425,0,0.026928304
2016,276,8426,0,0.06870999
2016,276,8427,0,0.0539595
2016,276,8428,0,0.056975156
2016,276,8429,0,0.056887444
2016,276,8430,0,0.049016617
2016,276,8431,0,0.020788653
2016,276,8432,0,0.07212119
2016,276,8433,0,0.103878945
2016,276,8434,0,0.09368067
2016,276,8435,0,0.16196597
2016,276,8436,0,0.051488876
2016,276,8437,0,0.308401
2016,276,8438,0,0.02262067
2016,276,8439,0,0.12629162
2016,276,8440,0,0.06429459
2016,276,8441,0,0.058422506
2016,276,8442,0,0.13081281
2016,276,8443,0,0.031031456
2016,276,8444,0,0.2474073
2016,276,8445,0,0.09984565
2016,276,8446,0,0.20414005
2016,276,8447,0,0.14332192
2016,276,8448,0,0.060598228
2016,276,8449,0,0.21887475
2016,276,8450,0,0.10405676
2016,276,8451,0,0.023809463
2016,276,8452,0,0.024659872
2016,276,8453,0,0.0691083
2016,276,8454,0,0.1211845
2016,276,8455,0,0.31847766
2016,276,8456,0,0.05589096
2016,276,8457,0,0.1836301
2016,276,8458,0,0.065125644
2016,276,8459,0,0.054454643
2016,276,8460,0,0.080934174
2016,276,8461,0,0.1015537
2016,276,8462,0,0.046625257
2016,276,8463,0,0.18082735
2016,276,8464,0,0.065194935
2016,276,8465,0,0.028961843
2016,276,8466,0,0.04236685
2016,276,8467,0,0.025848435
2016,276,8468,0,0.045506388
2016,276,8469,1,0.24072106
2016,276,8470,0,0.121359564
2016,276,8471,1,0.029287012
2016,276,8472,0,0.051640727
2016,276,8473,0,0.08301395
2016,276,8474,0,0.042359397
2016,276,8475,0,0.143347
2016,276,8476,0,0.17586243
2016,276,8477,0,0.039280653
2016,276,8478,0,0.103363186
2016,276,8479,0,0.03905544
2016,276,8480,0,0.086822756
2016,276,8481,0,0.025494073
2016,276,8482,0,0.029134424
2016,276,8483,0,0.094199136
2016,276,8484,0,0.03217705
2016,276,8485,0,0.034383107
2016,392,8401,0,0.55157214
2016,392,8402,0,0.13046645
2016,392,8403,0,0.22725935
2016,392,8404,1,0.37302774
2016,392,8405,1,0.19880469
2016,392,8406,0,0.113062255
2016,392,8407,0,0.06457978
2016,392,8408,0,0.064556666
2016,392,8409,0,0.030466039
2016,392,8411,0,0.054243892
2016,392,8412,0,0.07368403
2016,392,8413,0,0.028679535
2016,392,8414,0,0.026574932
2016,392,8415,0,0.021802079
2016,392,8416,0,0.20949028
2016,392,8417,0,0.17859073
2016,392,8418,0,0.025770606
2016,392,8419,0,0.11479463
2016,392,8420,0,0.19828941
2016,392,8421,0,0.03378415
2016,392,8422,0,0.04479801
2016,392,8423,0,0.05326377
2016,392,8424,0,0.031329952
2016,392,8425,0,0.081268206
2016,392,8426,0,0.13011381
2016,392,8427,0,0.027833821
2016,392,8428,0,0.08916788
2016,392,8429,0,0.12104611
2016,392,8430,0,0.10978272
2016,392,8431,0,0.037803445
2016,392,8432,0,0.09869853
2016,392,8433,0,0.060037646
2016,392,8434,0,0.19417967
2016,392,8435,0,0.34397507
2016,392,8436,1,0.13886501
2016,392,8437,0,0.13498794
2016,392,8438,0,0.056773376
2016,392,8439,0,0.21759132
2016,392,8440,0,0.09187545
2016,392,8441,0,0.062481437
2016,392,8442,0,0.1578293
2016,392,8443,0,0.04206483
2016,392,8444,0,0.31149954
2016,392,8445,0,0.18741901
2016,392,8446,0,0.32142293
2016,392,8447,0,0.11933747
2016,392,8448,0,0.075176075
2016,392,8449,1,0.67068434
2016,392,8451,0,0.06303825
2016,392,8452,0,0.04682685
2016,392,8453,0,0.3019505
2016,392,8454,0,0.15380692
2016,392,8455,1,0.25126803
2016,392,8456,1,0.18532276
2016,392,8457,0,0.15310915
2016,392,8458,0,0.1085702
2016,392,8459,0,0.11311114
2016,392,8460,0,0.1369863
2016,392,8461,0,0.11505571
2016,392,8462,0,0.120555215
2016,392,8463,0,0.17244382
2016,392,8464,0,0.35997406
2016,392,8465,0,0.07886395
2016,392,8466,0,0.055253323
2016,392,8467,0,0.031222312
2016,392,8468,1,0.09736965
2016,392,8469,1,0.6387747
2016,392,8470,0,0.11835802
2016,392,8471,1,0.0234176
2016,392,8472,0,0.057318855
2016,392,8473,0,0.15040176
2016,392,8474,0,0.15476722
2016,392,8475,0,0.16174597
2016,392,8476,0,0.21432282
2016,392,8477,0,0.062448055
2016,392,8478,0,0.21129262
2016,392,8479,0,0.08604477
2016,392,8480,0,0.060054097
2016,392,8481,0,0.0328695
2016,392,8482,0,0.030152781
2016,392,8483,0,0.057543218
2016,392,8484,0,0.04497326
2016,392,8485,0,0.063021205
2016,156,8401,1,0.2853697
2016,156,8402,1,0.09581966
2016,156,8403,1,0.2913604
2016,156,8404,1,0.107051976
2016,156,8405,0,0.15357873
2016,156,8406,1,0.17664024
2016,156,8407,0,0.042621966
2016,156,8408,0,0.044624668
2016,156,8409,0,0.016759861
2016,156,8411,0,0.053996097
2016,156,8412,0,0.041968346
2016,156,8413,0,0.01894353
2016,156,8414,0,0.020748135
2016,156,8415,0,0.018958986
2016,156,8416,0,0.046813797
2016,156,8417,0,0.084094346
2016,156,8418,0,0.01182218
2016,156,8419,0,0.14704444
2016,156,8420,0,0.04796395
2016,156,8421,0,0.06871231
2016,156,8422,0,0.016634747
2016,156,8423,0,0.025331553
2016,156,8424,0,0.01731152
2016,156,8425,0,0.03540051
2016,156,8426,0,0.11131928
2016,156,8427,0,0.026776563
2016,156,8428,0,0.08181082
2016,156,8430,0,0.08709162
2016,156,8431,0,0.023303589
2016,156,8432,0,0.023634441
2016,156,8433,0,0.014885323
2016,156,8434,0,0.049202465
2016,156,8436,0,0.014675702
2016,156,8439,0,0.13671078
2016,156,8440,0,0.03571157
2016,156,8441,0,0.020217948
2016,156,8442,0,0.06613556
2016,156,8443,0,0.021825554
2016,156,8444,0,0.17024714
2016,156,8445,0,0.115087345
2016,156,8446,0,0.20700967
2016,156,8447,0,0.051191818
2016,156,8448,0,0.024462163
2016,156,8449,0,0.059270233
2016,156,8450,0,0.08058851
2016,156,8451,0,0.015975373
2016,156,8452,0,0.009235342
2016,156,8453,0,0.04760808
2016,156,8454,0,0.06928747
2016,156,8455,0,0.09741502
2016,156,8456,0,0.029190965
2016,156,8457,0,0.066881716
2016,156,8458,0,0.035141792
2016,156,8459,0,0.025096267
2016,156,8460,0,0.018533323
2016,156,8461,0,0.030180926
2016,156,8462,0,0.018883485
2016,156,8463,0,0.046604842
2016,156,8464,0,0.066623725
2016,156,8465,0,0.041002635
2016,156,8466,0,0.024150867
2016,156,8467,0,0.015488066
2016,156,8468,0,0.022569833
2016,156,8469,1,0.13811599
2016,156,8470,0,0.023670334
2016,156,8471,0,0.016630739
2016,156,8472,0,0.04174378
2016,156,8473,0,0.042621616
2016,156,8475,0,0.20693703
2016,156,8476,0,0.054980643
2016,156,8477,0,0.0122203985
2016,156,8478,0,0.13646996
2016,156,8479,0,0.023481641
2016,156,8480,0,0.04634943
2016,156,8481,0,0.028057164
2016,156,8482,0,0.01399709
2016,156,8483,0,0.051416315
2016,156,8484,0,0.030191367
2016,380,8401,0,0.44285336
2016,380,8403,0,0.07953023
2016,380,8404,0,0.1321602
2016,380,8406,1,0.08996099
2016,380,8407,0,0.14265436
2016,380,8408,0,0.066289
2016,380,8409,0,0.032584183
2016,380,8411,0,0.15294982
2016,380,8412,0,0.06301642
2016,380,8413,0,0.026903946
2016,380,8414,0,0.02845839
2016,380,8415,0,0.031183163
2016,380,8416,0,0.068959944
2016,380,8417,0,0.06847251
2016,380,8418,0,0.021790422
2016,380,8419,0,0.08266415
2016,380,8420,0,0.15617125
2016,380,8421,0,0.06551894
2016,380,8422,0,0.060807884
2016,380,8423,0,0.036887962
2016,380,8424,0,0.027153922
2016,380,8425,0,0.055365544
2016,380,8426,0,0.06929698
2016,380,8427,0,0.09995679
2016,380,8428,0,0.08328291
2016,380,8429,0,0.071303844
2016,380,8430,0,0.13909037
2016,380,8431,0,0.023026336
2016,380,8432,0,0.03879392
2016,380,8433,0,0.03444261
2016,380,8434,0,0.10634629
2016,380,8435,0,0.17653808
2016,380,8436,0,0.060425624
2016,380,8438,0,0.044701595
2016,380,8439,0,0.14627904
2016,380,8440,0,0.099932276
2016,380,8441,0,0.049589172
2016,380,8442,0,0.1754781
2016,380,8443,0,0.028651707
2016,380,8444,0,0.4874444
2016,380,8445,0,0.16531533
2016,380,8446,0,0.1936476
2016,380,8447,0,0.121776894
2016,380,8448,0,0.06304641
2016,380,8449,0,0.17121644
2016,380,8450,0,0.12009181
2016,380,8451,0,0.024128951
2016,380,8453,0,0.068044014
2016,380,8454,1,0.21501921
2016,380,8455,0,0.41098583
2016,380,8456,0,0.050212067
2016,380,8457,0,0.11002841
2016,380,8458,0,0.11952807
2016,380,8459,0,0.08558488
2016,380,8460,0,0.06926788
2016,380,8461,0,0.0848758
2016,380,8462,0,0.035912234
2016,380,8463,0,0.098115705
2016,380,8464,0,0.0705143
2016,380,8465,0,0.03901661
2016,380,8466,0,0.028690264
2016,380,8467,0,0.026490955
2016,380,8468,0,0.07271748
2016,380,8469,1,0.56141824
2016,380,8470,0,0.58630425
2016,380,8471,1,0.031707417
2016,380,8472,1,0.1711306
2016,380,8473,0,0.09207216
2016,380,8474,0,0.041679807
2016,380,8475,0,0.33710465
2016,380,8476,0,0.101747625
2016,380,8477,0,0.02735518
2016,380,8478,0,0.14024848
2016,380,8479,0,0.024302525
2016,380,8480,0,0.075218834
2016,380,8481,0,0.017846271
2016,380,8482,0,0.03795101
2016,380,8483,0,0.09622352
2016,380,8484,0,0.03482619
2016,380,8485,0,0.039676137
2016,826,8401,1,0.29835555
2016,826,8402,1,0.17455491
2016,826,8403,0,0.5628866
2016,826,8405,0,0.30669346
2016,826,8406,1,0.40925518
2016,826,8407,0,0.068765976
2016,826,8408,0,0.083782725
2016,826,8409,0,0.034134988
2016,826,8411,0,0.04840743
2016,826,8412,0,0.08484466
2016,826,8413,0,0.034094915
2016,826,8414,0,0.05005669
2016,826,8415,0,0.05178477
2016,826,8416,0,0.16730699
2016,826,8417,1,0.08523993
2016,826,8418,0,0.037377324
2016,826,8419,0,0.18375266
2016,826,8420,0,0.14737634
2016,826,8421,0,0.094256036
2016,826,8422,0,0.0632663
2016,826,8423,0,0.03757765
2016,826,8424,0,0.029750168
2016,826,8425,0,0.11583568
2016,826,8426,0,0.1043695
2016,826,8427,0,0.0849661
2016,826,8428,0,0.14450666
2016,826,8429,0,0.08623254
2016,826,8430,0,0.07055812
2016,826,8431,0,0.04189669
2016,826,8432,0,0.08177828
2016,826,8433,0,0.17279424
2016,826,8434,0,0.21445131
2016,826,8435,0,0.21499977
2016,826,8436,0,0.06294345
2016,826,8437,0,0.16965811
2016,826,8438,0,0.044929005
2016,826,8439,0,0.2220745
2016,826,8440,0,0.16429375
2016,826,8441,0,0.113878116
2016,826,8442,0,0.19150841
2016,826,8443,0,0.048053443
2016,826,8444,0,0.2433837
2016,826,8445,0,0.30356348
2016,826,8446,0,0.195946
2016,826,8447,0,0.1193469
2016,826,8448,0,0.112888925
2016,826,8450,0,0.22929655
2016,826,8451,0,0.0673826
2016,826,8452,0,0.06981804
2016,826,8453,0,0.2586069
2016,826,8454,0,0.23308137
2016,826,8455,1,0.6681591
2016,826,8456,0,0.07933513
2016,826,8457,0,0.19542746
2016,826,8458,0,0.116592355
2016,826,8459,0,0.09436509
2016,826,8460,0,0.14377582
2016,826,8461,0,0.22921507
2016,826,8462,0,0.16966407
2016,826,8463,1,0.28493315
2016,826,8464,0,0.28195855
2016,826,8466,0,0.03639988
2016,826,8467,0,0.042883754
2016,826,8468,0,0.09207579
2016,826,8470,0,0.17371656
2016,826,8471,1,0.037990097
2016,826,8472,1,0.0755673
2016,826,8473,0,0.13771282
2016,826,8474,0,0.07642631
2016,826,8475,0,0.20555276
2016,826,8476,0,0.15449339
2016,826,8477,0,0.043861672
2016,826,8478,0,0.123076476
2016,826,8479,0,0.037465192
2016,826,8480,0,0.1112755
2016,826,8481,0,0.06362772
2016,826,8482,0,0.038494185
2016,826,8483,0,0.12450522
2016,826,8484,0,0.03364963
2016,826,8485,0,0.041515745
2016,251,8401,0,0.17064315
2016,251,8402,0,0.25135127
2016,251,8403,0,0.119019896
2016,251,8404,0,0.17660563
2016,251,8405,0,0.19913536
2016,251,8406,0,0.19546254
2016,251,8407,0,0.107385136
2016,251,8408,0,0.07038621
2016,251,8409,0,0.038324498
2016,251,8411,0,0.06856229
2016,251,8412,0,0.09851956
2016,251,8413,0,0.02621725
2016,251,8414,0,0.03289461
2016,251,8415,0,0.035308696
2016,251,8416,0,0.08781802
2016,251,8417,1,0.116338745
2016,251,8418,0,0.028962098
2016,251,8419,0,0.16562687
2016,251,8420,0,0.22617261
2016,251,8421,0,0.06886587
2016,251,8422,0,0.07750081
2016,251,8423,0,0.073277295
2016,251,8424,0,0.030453065
2016,251,8425,0,0.07336986
2016,251,8426,0,0.14588198
2016,251,8427,0,0.060896054
2016,251,8428,0,0.11100592
2016,251,8429,0,0.075563185
2016,251,8431,0,0.027467953
2016,251,8432,0,0.052376717
2016,251,8433,0,0.07667906
2016,251,8434,0,0.17914814
2016,251,8435,0,0.16956435
2016,251,8436,0,0.057123575
2016,251,8438,0,0.06106523
2016,251,8439,0,0.23698343
2016,251,8441,0,0.14519982
2016,251,8442,0,0.21196885
2016,251,8443,0,0.049009968
2016,251,8444,1,0.45999467
2016,251,8445,0,0.13885085
2016,251,8446,1,0.26854557
2016,251,8447,0,0.12835933
2016,251,8448,0,0.14547995
2016,251,8449,0,0.4007931
2016,251,8450,1,0.16179316
2016,251,8451,0,0.036764845
2016,251,8452,0,0.1222028
2016,251,8453,0,0.12903398
2016,251,8454,0,0.14789994
2016,251,8455,0,0.18426634
2016,251,8456,0,0.12046789
2016,251,8457,0,0.23502302
2016,251,8458,0,0.3324212
2016,251,8459,0,0.18899077
2016,251,8460,0,0.13109909
2016,251,8461,0,0.099417225
2016,251,8462,0,0.08370295
2016,251,8463,0,0.15425922
2016,251,8464,0,0.24884176
2016,251,8465,0,0.08460397
2016,251,8466,0,0.04724087
2016,251,8467,0,0.04294096
2016,251,8468,0,0.08923234
2016,251,8470,0,0.13815558
2016,251,8471,1,0.03100275
2016,251,8472,1,0.18611793
2016,251,8473,0,0.11516435
2016,251,8475,0,0.36160842
2016,251,8476,1,0.24128664
2016,251,8477,0,0.033276256
2016,251,8479,0,0.030996665
2016,251,8480,0,0.06812442
2016,251,8481,0,0.02919473
2016,251,8482,0,0.031515706
2016,251,8483,0,0.1140766
2016,251,8484,0,0.067522205
2016,251,8485,0,0.08108437
2016,490,8402,1,0.46423298
2016,490,8403,0,0.52920383
2016,490,8404,1,0.2852523
2016,490,8405,0,0.30664924
2016,490,8406,0,0.15018184
2016,490,8407,1,0.5388532
2016,490,8408,1,0.23118518
2016,490,8409,0,0.042963106
2016,490,8410,0,0.19802228
2016,490,8411,0,0.12570769
2016,490,8412,0,0.12647669
2016,490,8413,0,0.030303136
2016,490,8414,0,0.0329177
2016,490,8415,0,0.040325917
2016,490,8416,0,0.23302937
2016,490,8417,0,0.15728986
2016,490,8418,0,0.031186895
2016,490,8419,0,0.115105174
2016,490,8420,0,0.16530141
2016,490,8421,0,0.042297628
2016,490,8422,0,0.041541815
2016,490,8423,0,0.051170837
2016,490,8424,0,0.038374174
2016,490,8425,0,0.11260031
2016,490,8426,1,0.51749504
2016,490,8427,0,0.0735107
2016,490,8428,0,0.057256322
2016,490,8429,0,0.34773564
2016,490,8430,0,0.1267356
2016,490,8431,0,0.06193807
2016,490,8432,0,0.17167906
2016,490,8433,0,0.09813284
2016,490,8434,0,0.18794419
2016,490,8435,0,0.14624593
2016,490,8436,0,0.098179236
2016,490,8437,0,0.06302825
2016,490,8438,0,0.05941564
2016,490,8439,0,0.105261944
2016,490,8440,0,0.22004355
2016,490,8441,0,0.06426445
2016,490,8442,0,0.18467465
2016,490,8443,0,0.03362614
2016,490,8444,0,0.33159718
2016,490,8445,0,0.1697752
2016,490,8446,0,0.3128387
2016,490,8447,0,0.12325607
2016,490,8448,0,0.067992315
2016,490,8449,0,0.29075527
2016,490,8450,0,0.16809756
2016,490,8451,0,0.10110462
2016,490,8452,0,0.03417366
2016,490,8453,0,0.16521864
2016,490,8454,0,0.18001057
2016,490,8455,0,0.15157928
2016,490,8456,1,0.34188053
2016,490,8457,0,0.1480818
2016,490,8458,0,0.10592938
2016,490,8459,0,0.09855122
2016,490,8460,0,0.13762178
2016,490,8461,0,0.10796375
2016,490,8462,0,0.09575777
2016,490,8463,0,0.0892574
2016,490,8464,0,0.21360399
2016,490,8465,0,0.13831124
2016,490,8466,0,0.070015065
2016,490,8467,0,0.049570117
2016,490,8468,0,0.10860642
2016,490,8470,0,0.117761396
2016,490,8471,1,0.03870402
2016,490,8472,0,0.09607339
2016,490,8473,0,0.086991124
2016,490,8474,0,0.08329243
2016,490,8475,0,0.52397513
2016,490,8476,0,0.12719
2016,490,8477,0,0.027563635
2016,490,8478,0,0.28569707
2016,490,8479,0,0.08748775
2016,490,8480,0,0.03805051
2016,490,8481,0,0.032159895
2016,490,8482,0,0.035802294
2016,490,8483,0,0.05277867
2016,490,8484,0,0.035496175
2016,490,8485,0,0.11122529
2016,702,8402,1,0.75153345
2016,702,8403,1,0.21861789
2016,702,8404,1,0.6506751
2016,702,8406,1,0.5730869
2016,702,8407,1,0.1584499
2016,702,8409,0,0.055940952
2016,702,8410,1,0.25534338
2016,702,8411,0,0.10136977
2016,702,8412,0,0.08505449
2016,702,8413,0,0.044201348
2016,702,8414,0,0.024954654
2016,702,8416,1,0.21851292
2016,702,8417,1,0.75377506
2016,702,8418,0,0.09560748
2016,702,8419,0,0.097015515
2016,702,8420,1,0.21717142
2016,702,8421,0,0.0473923
2016,702,8422,0,0.08487704
2016,702,8423,0,0.13774444
2016,702,8424,0,0.07402771
2016,702,8425,0,0.15811779
2016,702,8426,1,0.17442442
2016,702,8427,0,0.17682782
2016,702,8428,0,0.10486905
2016,702,8430,0,0.09243295
2016,702,8431,0,0.053994354
2016,702,8432,0,0.30315992
2016,702,8433,0,0.25955164
2016,702,8435,0,0.49074417
2016,702,8436,0,0.16921109
2016,702,8437,1,0.16899736
2016,702,8438,1,0.15839463
2016,702,8439,1,0.42049965
2016,702,8440,1,0.3621684
2016,702,8441,0,0.17659596
2016,702,8442,0,0.18773432
2016,702,8443,0,0.051287103
2016,702,8445,1,0.32218218
2016,702,8448,1,0.40141368
2016,702,8449,0,0.36144066
2016,702,8451,1,0.1442026
2016,702,8452,1,0.16753924
2016,702,8453,1,0.6963335
2016,702,8454,0,0.37766492
2016,702,8455,1,0.55841976
2016,702,8456,1,0.16719642
2016,702,8457,0,0.2812688
2016,702,8458,0,0.1304073
2016,702,8459,1,0.15268226
2016,702,8460,0,0.21860954
2016,702,8461,0,0.15739045
2016,702,8462,0,0.16921614
2016,702,8463,0,0.1940089
2016,702,8464,0,0.40309784
2016,702,8465,0,0.16715771
2016,702,8466,0,0.11667812
2016,702,8467,0,0.079475954
2016,702,8468,1,0.26219743
2016,702,8470,0,0.11062722
2016,702,8471,0,0.019400053
2016,702,8472,0,0.09421793
2016,702,8473,0,0.120208554
2016,702,8475,0,0.37476113
2016,702,8476,1,0.24705683
2016,702,8477,0,0.1019233
2016,702,8478,1,0.5491452
2016,702,8479,0,0.09223153
2016,702,8480,0,0.11048315
2016,702,8481,0,0.044073172
2016,702,8482,0,0.037541144
2016,702,8483,0,0.04873332
2016,702,8484,0,0.060646232
2016,528,8401,1,0.38878512
2016,528,8403,0,0.09239182
2016,528,8404,0,0.21970637
2016,528,8406,1,0.3434771
2016,528,8407,0,0.21672805
2016,528,8408,0,0.06519172
2016,528,8409,0,0.024750464
2016,528,8410,1,0.53301626
2016,528,8411,0,0.069785625
2016,528,8412,0,0.049533576
2016,528,8413,0,0.019027136
2016,528,8414,0,0.057347413
2016,528,8415,0,0.046755064
2016,528,8416,0,0.118961796
2016,528,8417,1,0.20745087
2016,528,8418,0,0.04151997
2016,528,8419,0,0.15321428
2016,528,8420,0,0.21941869
2016,528,8421,0,0.10377252
2016,528,8422,0,0.05033908
2016,528,8423,0,0.115878016
2016,528,8424,0,0.028156858
2016,528,8425,0,0.025805864
2016,528,8426,0,0.091084234
2016,528,8427,0,0.044770595
2016,528,8428,0,0.12514134
2016,528,8429,0,0.09393426
2016,528,8430,1,0.099815905
2016,528,8431,0,0.02762575
2016,528,8432,0,0.045129437
2016,528,8433,0,0.108569145
2016,528,8434,0,0.1222257
2016,528,8435,0,0.15527076
2016,528,8436,0,0.10254358
2016,528,8437,0,0.14363691
2016,528,8438,0,0.037421845
2016,528,8439,0,0.24527761
2016,528,8440,0,0.107527114
2016,528,8441,0,0.07407116
2016,528,8442,0,0.14023677
2016,528,8443,0,0.047939558
2016,528,8444,0,0.17436005
2016,528,8445,1,0.51576614
2016,528,8446,1,0.703882
2016,528,8447,0,0.23201977
2016,528,8448,0,0.17589441
2016,528,8449,0,0.52854276
2016,528,8450,0,0.2040107
2016,528,8451,0,0.09357718
2016,528,8452,0,0.13307379
2016,528,8453,0,0.6654461
2016,528,8454,1,0.25209877
2016,528,8455,1,0.3208524
2016,528,8456,0,0.09816507
2016,528,8457,0,0.19459544
2016,528,8458,0,0.16213357
2016,528,8459,0,0.10250971
2016,528,8460,0,0.15472075
2016,528,8461,0,0.14251699
2016,528,8462,0,0.06399167
2016,528,8463,0,0.44937852
2016,528,8464,0,0.1228493
2016,528,8465,0,0.11383101
2016,528,8466,0,0.074550726
2016,528,8467,0,0.054089375
2016,528,8468,0,0.07559837
2016,528,8470,1,0.22893533
2016,528,8471,0,0.03616745
2016,528,8472,1,0.19644505
2016,528,8473,0,0.06102743
2016,528,8474,0,0.11325094
2016,528,8475,1,0.22179875
2016,528,8476,0,0.26431635
2016,528,8477,0,0.05440308
2016,528,8478,0,0.18402883
2016,528,8479,0,0.05727886
2016,528,8480,0,0.10022421
2016,528,8481,0,0.02930302
2016,528,8482,0,0.04311611
2016,528,8483,0,0.06610794
2016,528,8484,0,0.06676825
2016,528,8485,0,0.06781119
2016,410,8401,0,0.47881734
2016,410,8402,0,0.22658215
2016,410,8403,0,0.12495263
2016,410,8404,1,0.14592879
2016,410,8406,1,0.24865279
2016,410,8407,0,0.06939867
2016,410,8408,0,0.0752373
2016,410,8409,0,0.024674011
2016,410,8410,1,0.33465594
2016,410,8411,0,0.066241644
2016,410,8412,0,0.078332454
2016,410,8413,0,0.029041046
2016,410,8414,0,0.03185392
2016,410,8415,0,0.022497268
2016,410,8416,1,0.45234463
2016,410,8417,1,0.602009
2016,410,8418,0,0.028874297
2016,410,8419,1,0.07719422
2016,410,8420,0,0.27497134
2016,410,8421,0,0.18468437
2016,410,8422,0,0.058620017
2016,410,8423,0,0.077965826
2016,410,8424,1,0.048232954
2016,410,8425,0,0.07537953
2016,410,8426,0,0.079496294
2016,410,8427,0,0.053908724
2016,410,8428,0,0.053789012
2016,410,8429,0,0.05655724
2016,410,8431,0,0.025742566
2016,410,8432,0,0.18344459
2016,410,8433,0,0.111164704
2016,410,8434,0,0.3048791
2016,410,8435,0,0.14831485
2016,410,8436,0,0.10244887
2016,410,8437,0,0.08156236
2016,410,8438,0,0.12766965
2016,410,8439,1,0.25772825
2016,410,8440,0,0.3794812
2016,410,8441,0,0.056468092
2016,410,8442,0,0.47523087
2016,410,8443,0,0.043262437
2016,410,8444,1,0.3636436
2016,410,8445,0,0.3945442
2016,410,8446,0,0.23340367
2016,410,8447,0,0.14681007
2016,410,8448,0,0.095501736
2016,410,8449,1,0.5963916
2016,410,8450,0,0.1069121
2016,410,8451,0,0.05056463
2016,410,8452,0,0.08709406
2016,410,8453,0,0.2012615
2016,410,8454,1,0.7225132
2016,410,8455,0,0.15222557
2016,410,8456,1,0.14613977
2016,410,8457,0,0.15392014
2016,410,8458,0,0.072946355
2016,410,8459,0,0.09008868
2016,410,8460,0,0.15969737
2016,410,8461,1,0.22020479
2016,410,8462,0,0.16148603
2016,410,8463,0,0.09592884
2016,410,8464,0,0.36469483
2016,410,8465,0,0.16414899
2016,410,8466,0,0.07232869
2016,410,8467,0,0.042887785
2016,410,8468,0,0.28662717
2016,410,8470,1,0.22583717
2016,410,8471,1,0.03015704
2016,410,8472,1,0.09846583
2016,410,8473,0,0.12853159
2016,410,8474,1,0.21797016
2016,410,8475,0,0.5922317
2016,410,8476,1,0.20054297
2016,410,8477,0,0.045100953
2016,410,8478,0,0.746448
2016,410,8479,0,0.08982436
2016,410,8480,0,0.042594988
2016,410,8481,0,0.031331956
2016,410,8482,0,0.04272162
2016,410,8483,0,0.051258236
2016,410,8484,0,0.069784604
2016,458,8404,0,0.36187637
2016,458,8405,0,0.65795976
2016,458,8407,0,0.34850377
2016,458,8408,0,0.10750073
2016,458,8409,0,0.13118826
2016,458,8410,1,0.5606511
2016,458,8411,0,0.08517944
2016,458,8412,0,0.17761539
2016,458,8413,0,0.107469805
2016,458,8414,0,0.03966344
2016,458,8415,0,0.040559195
2016,458,8416,0,0.20212978
2016,458,8417,1,0.36067623
2016,458,8418,0,0.046913594
2016,458,8419,0,0.1074729
2016,458,8420,1,0.41683495
2016,458,8421,0,0.06515933
2016,458,8422,1,0.17278947
2016,458,8423,0,0.14158767
2016,458,8424,0,0.088628024
2016,458,8425,0,0.15506093
2016,458,8426,0,0.15119517
2016,458,8427,0,0.24298196
2016,458,8428,0,0.09532748
2016,458,8430,1,0.52131754
2016,458,8431,1,0.11244437
2016,458,8432,0,0.6350931
2016,458,8433,1,0.34561262
2016,458,8435,0,0.260417
2016,458,8436,0,0.11172726
2016,458,8437,0,0.29253584
2016,458,8439,1,0.5001661
2016,458,8441,0,0.08614172
2016,458,8442,0,0.4467418
2016,458,8443,0,0.11218648
2016,458,8444,1,0.6287917
2016,458,8445,1,0.7314277
2016,458,8446,1,0.3479533
2016,458,8447,0,0.5097264
2016,458,8448,0,0.13401501
2016,458,8451,0,0.21352491
2016,458,8452,0,0.4218436
2016,458,8453,0,0.26229507
2016,458,8454,0,0.21095553
2016,458,8455,0,0.27518925
2016,458,8456,0,0.23700789
2016,458,8457,0,0.20330784
2016,458,8458,0,0.23869586
2016,458,8459,0,0.14124689
2016,458,8460,1,0.48290297
2016,458,8462,0,0.2657088
2016,458,8463,0,0.16864276
2016,458,8464,0,0.17214148
2016,458,8465,0,0.32332087
2016,458,8466,0,0.21864319
2016,458,8467,0,0.078065604
2016,458,8468,0,0.15632227
2016,458,8469,1,0.23399587
2016,458,8470,0,0.16169928
2016,458,8471,1,0.024021812
2016,458,8472,1,0.23194699
2016,458,8473,0,0.124049686
2016,458,8474,0,0.11817412
2016,458,8475,0,0.33423153
2016,458,8476,0,0.29642493
2016,458,8477,1,0.12373653
2016,458,8479,0,0.105922975
2016,458,8480,0,0.08861578
2016,458,8481,0,0.044812743
2016,458,8482,0,0.07143438
2016,458,8484,0,0.10758394
2016,458,8485,0,0.16032732
2016,124,8401,0,0.70834786
2016,124,8402,0,0.33271924
2016,124,8403,0,0.12214251
2016,124,8404,0,0.2724466
2016,124,8405,0,0.53651774
2016,124,8406,0,0.30750343
2016,124,8407,0,0.103054024
2016,124,8408,0,0.18583362
2016,124,8409,0,0.04686765
2016,124,8410,1,0.24527343
2016,124,8411,0,0.06295611
2016,124,8412,0,0.07738241
2016,124,8413,0,0.03945732
2016,124,8414,0,0.049941905
2016,124,8415,0,0.0761907
2016,124,8416,0,0.2281027
2016,124,8417,0,0.16918974
2016,124,8418,0,0.061262418
2016,124,8419,0,0.1120827
2016,124,8420,0,0.26474214
2016,124,8421,0,0.08444985
2016,124,8422,0,0.0763719
2016,124,8423,0,0.20236802
2016,124,8424,0,0.06448913
2016,124,8425,0,0.064031415
2016,124,8426,0,0.24106212
2016,124,8427,0,0.16568926
2016,124,8428,0,0.054471932
2016,124,8429,0,0.20022738
2016,124,8430,0,0.17028031
2016,124,8431,0,0.07361895
2016,124,8432,0,0.17109819
2016,124,8433,0,0.07737399
2016,124,8434,0,0.24280807
2016,124,8435,1,0.33261514
2016,124,8436,0,0.08668245
2016,124,8437,0,0.53827965
2016,124,8438,0,0.097547844
2016,124,8439,0,0.22171322
2016,124,8440,0,0.3295532
2016,124,8441,0,0.17992643
2016,124,8442,0,0.24715504
2016,124,8443,0,0.095432006
2016,124,8445,0,0.33947816
2016,124,8448,0,0.16814013
2016,124,8449,1,0.8276381
2016,124,8451,0,0.15603004
2016,124,8452,0,0.12500726
2016,124,8453,0,0.45751655
2016,124,8454,0,0.20677519
2016,124,8455,0,0.2809744
2016,124,8456,1,0.33336285
2016,124,8457,0,0.24056159
2016,124,8458,0,0.42144826
2016,124,8459,0,0.2562803
2016,124,8460,0,0.17970788
2016,124,8461,0,0.27452442
2016,124,8462,0,0.16732833
2016,124,8463,0,0.22547458
2016,124,8464,0,0.2164446
2016,124,8465,0,0.08884594
2016,124,8466,0,0.07169689
2016,124,8467,0,0.05119827
2016,124,8468,0,0.22829773
2016,124,8470,0,0.22624508
2016,124,8471,0,0.028618569
2016,124,8472,0,0.1612274
2016,124,8473,0,0.11487422
2016,124,8474,0,0.15599495
2016,124,8475,0,0.28573027
2016,124,8476,0,0.21839169
2016,124,8477,0,0.06832851
2016,124,8478,0,0.45568606
2016,124,8479,0,0.0886644
2016,124,8480,0,0.15227653
2016,124,8481,0,0.04101698
2016,124,8482,0,0.06644484
2016,124,8483,0,0.08648318
2016,124,8484,0,0.13341415
2016,124,8485,0,0.12167134
2016,484,8402,1,0.5365015
2016,484,8403,0,0.21761167
2016,484,8404,0,0.45139852
2016,484,8405,1,0.3236947
2016,484,8406,1,0.25718325
2016,484,8407,1,0.2302765
2016,484,8408,0,0.12608872
2016,484,8409,0,0.08071951
2016,484,8410,0,0.45362973
2016,484,8411,0,0.094818436
2016,484,8412,0,0.22056094
2016,484,8413,0,0.058744088
2016,484,8414,0,0.047388576
2016,484,8415,0,0.108395636
2016,484,8416,0,0.32417005
2016,484,8417,1,0.26021972
2016,484,8418,0,0.05005872
2016,484,8419,0,0.13699192
2016,484,8420,0,0.6928566
2016,484,8421,0,0.089634575
2016,484,8423,0,0.16898224
2016,484,8424,0,0.077726886
2016,484,8425,0,0.085108474
2016,484,8426,0,0.27479887
2016,484,8427,0,0.63259727
2016,484,8428,0,0.12804447
2016,484,8429,0,0.38665083
2016,484,8430,0,0.23728928
2016,484,8431,0,0.1252922
2016,484,8432,0,0.1883805
2016,484,8433,0,0.15898468
2016,484,8434,0,0.22004998
2016,484,8436,0,0.17024833
2016,484,8438,0,0.15072419
2016,484,8439,1,0.6748604
2016,484,8441,0,0.34583572
2016,484,8442,0,0.27994028
2016,484,8443,0,0.08100113
2016,484,8448,1,0.21629667
2016,484,8450,0,0.58194494
2016,484,8451,0,0.22978199
2016,484,8453,1,0.5149939
2016,484,8454,1,0.3358233
2016,484,8455,0,0.21858692
2016,484,8456,1,0.26704827
2016,484,8457,0,0.29918897
2016,484,8458,1,0.32482025
2016,484,8459,0,0.26049387
2016,484,8460,0,0.22198169
2016,484,8461,0,0.4350186
2016,484,8462,0,0.2292411
2016,484,8464,1,0.610876
2016,484,8465,0,0.2091371
2016,484,8466,0,0.14499386
2016,484,8467,0,0.14844503
2016,484,8468,0,0.18846104
2016,484,8470,0,0.19348925
2016,484,8471,0,0.048714977
2016,484,8472,0,0.19560356
2016,484,8473,0,0.1326894
2016,484,8474,0,0.2348454
2016,484,8476,0,0.2176597
2016,484,8477,0,0.13432279
2016,484,8479,0,0.16225155
2016,484,8480,1,0.20302606
2016,484,8481,0,0.059096333
2016,484,8482,0,0.09149572
2016,484,8483,0,0.0747006
2016,484,8484,0,0.18894957
2016,484,8485,0,0.42403498
2016,757,8403,0,0.22676042
2016,757,8404,0,0.3822048
2016,757,8405,0,0.226886
2016,757,8406,1,0.24798663
2016,757,8407,0,0.222362
2016,757,8408,0,0.2427052
2016,757,8409,0,0.049971383
2016,757,8411,0,0.11307394
2016,757,8412,0,0.10696782
2016,757,8413,0,0.04061098
2016,757,8414,0,0.029920869
2016,757,8415,0,0.10557443
2016,757,8416,0,0.27204123
2016,757,8417,0,0.1668061
2016,757,8418,0,0.07405329
2016,757,8419,0,0.15276945
2016,757,8420,0,0.24931043
2016,757,8421,0,0.07951814
2016,757,8422,0,0.08125564
2016,757,8423,0,0.0621927
2016,757,8424,0,0.053807378
2016,757,8425,0,0.11124318
2016,757,8426,1,0.48412257
2016,757,8427,0,0.13221204
2016,757,8428,0,0.115369946
2016,757,8429,0,0.2296965
2016,757,8430,0,0.20090485
2016,757,8431,0,0.039962884
2016,757,8432,0,0.13223684
2016,757,8433,0,0.29196602
2016,757,8434,0,0.2519025
2016,757,8435,0,0.23680872
2016,757,8436,0,0.19480892
2016,757,8437,1,0.25258505
2016,757,8438,0,0.031533454
2016,757,8439,0,0.19897915
2016,757,8440,0,0.18229425
2016,757,8441,0,0.09498757
2016,757,8442,0,0.14584471
2016,757,8443,0,0.058723647
2016,757,8444,1,0.4795619
2016,757,8445,0,0.1971013
2016,757,8446,0,0.12800299
2016,757,8447,0,0.2507047
2016,757,8448,0,0.049780905
2016,757,8449,0,0.2805197
2016,757,8450,0,0.14947021
2016,757,8451,1,0.04565754
2016,757,8452,0,0.09968571
2016,757,8453,1,0.120814934
2016,757,8454,0,0.16925904
2016,757,8455,1,0.1772539
2016,757,8456,0,0.09658879
2016,757,8457,0,0.29335278
2016,757,8458,0,0.14154355
2016,757,8459,0,0.18680215
2016,757,8460,0,0.1281458
2016,757,8461,0,0.21050349
2016,757,8462,0,0.13596007
2016,757,8463,0,0.116104014
2016,757,8464,0,0.1794118
2016,757,8465,0,0.10191239
2016,757,8466,0,0.06376808
2016,757,8467,0,0.06355356
2016,757,8468,0,0.1308664
2016,757,8470,1,0.19610678
2016,757,8471,1,0.031982224
2016,757,8472,1,0.17094126
2016,757,8473,0,0.112573564
2016,757,8474,0,0.13533704
2016,757,8475,0,0.16009748
2016,757,8476,0,0.17695767
2016,757,8477,0,0.06489754
2016,757,8479,0,0.06979955
2016,757,8480,0,0.09378417
2016,757,8481,0,0.05624619
2016,757,8482,0,0.05213124
2016,757,8483,0,0.122991115
2016,757,8484,0,0.05021882
2016,757,8485,0,0.0744865
2016,764,8402,0,0.5663076
2016,764,8403,0,0.2160458
2016,764,8404,0,0.14187571
2016,764,8405,0,0.42622763
2016,764,8406,0,0.25147122
2016,764,8407,0,0.095534116
2016,764,8408,0,0.36563683
2016,764,8409,0,0.0366576
2016,764,8411,0,0.08816861
2016,764,8412,0,0.2561809
2016,764,8413,0,0.035105016
2016,764,8414,0,0.032492924
2016,764,8415,0,0.02163288
2016,764,8416,1,0.69407713
2016,764,8417,1,0.3467227
2016,764,8418,0,0.12950261
2016,764,8419,1,0.16874705
2016,764,8420,1,0.43470517
2016,764,8421,0,0.057438795
2016,764,8422,0,0.10179232
2016,764,8424,0,0.059851084
2016,764,8425,0,0.14439934
2016,764,8426,1,0.49304023
2016,764,8428,0,0.0958815
2016,764,8434,1,0.18041809
2016,764,8437,0,0.11813338
2016,764,8438,0,0.15334849
2016,764,8439,1,0.5480679
2016,764,8441,0,0.09032443
2016,764,8442,0,0.5128487
2016,764,8443,0,0.06459962
2016,764,8445,1,0.5542578
2016,764,8447,0,0.5191882
2016,764,8448,0,0.15305062
2016,764,8450,0,0.073113374
2016,764,8451,0,0.09701332
2016,764,8452,0,0.09140968
2016,764,8453,0,0.21851215
2016,764,8454,0,0.25320342
2016,764,8455,0,0.1629029
2016,764,8456,0,0.12415066
2016,764,8457,0,0.3528551
2016,764,8458,0,0.34251267
2016,764,8459,0,0.13140385
2016,764,8460,0,0.1523644
2016,764,8461,0,0.14888388
2016,764,8462,0,0.14671358
2016,764,8463,0,0.19386914
2016,764,8466,0,0.1381375
2016,764,8467,0,0.19185524
2016,764,8468,0,0.7363435
2016,764,8470,0,0.26509073
2016,764,8471,1,0.025150908
2016,764,8472,1,0.47419286
2016,764,8473,0,0.12996842
2016,764,8475,0,0.46393946
2016,764,8476,0,0.19856016
2016,764,8477,0,0.081215605
2016,764,8479,0,0.18774213
2016,764,8480,0,0.07800742
2016,764,8481,0,0.028409824
2016,764,8482,0,0.047326557
2016,764,8483,0,0.052896366
2016,764,8484,0,0.0607747
2016,764,8485,0,0.13249207
2016,752,8401,0,0.32076252
2016,752,8402,0,0.23999457
2016,752,8403,0,0.30014342
2016,752,8404,0,0.16309872
2016,752,8405,1,0.6380959
2016,752,8406,0,0.4055713
2016,752,8407,0,0.28898013
2016,752,8408,0,0.16507371
2016,752,8409,0,0.054276794
2016,752,8410,1,0.2477727
2016,752,8411,0,0.10611234
2016,752,8412,0,0.04010237
2016,752,8413,0,0.02525031
2016,752,8414,0,0.04137883
2016,752,8415,0,0.057498433
2016,752,8416,0,0.1777734
2016,752,8417,0,0.16540372
2016,752,8418,0,0.046415895
2016,752,8419,0,0.12277677
2016,752,8420,0,0.27604988
2016,752,8421,0,0.07912859
2016,752,8422,0,0.039513275
2016,752,8423,0,0.1526543
2016,752,8424,0,0.031951718
2016,752,8425,0,0.15270622
2016,752,8426,0,0.099154435
2016,752,8427,0,0.07737463
2016,752,8428,0,0.097281806
2016,752,8429,0,0.071567416
2016,752,8430,0,0.09072005
2016,752,8431,0,0.021261046
2016,752,8432,0,0.090719976
2016,752,8433,0,0.17002435
2016,752,8434,0,0.14032522
2016,752,8436,0,0.16002226
2016,752,8437,0,0.14044367
2016,752,8438,0,0.049349736
2016,752,8439,0,0.18835244
2016,752,8440,0,0.2152866
2016,752,8441,0,0.15728302
2016,752,8442,0,0.23881374
2016,752,8443,0,0.06772587
2016,752,8446,1,0.71896726
2016,752,8447,0,0.58443874
2016,752,8448,0,0.14551505
2016,752,8450,0,0.109340355
2016,752,8451,0,0.22222763
2016,752,8452,0,0.27139616
2016,752,8453,0,0.6012259
2016,752,8454,1,0.41447708
2016,752,8455,0,0.14534234
2016,752,8456,1,0.29806694
2016,752,8457,1,0.5233831
2016,752,8458,0,0.14952421
2016,752,8459,0,0.19888018
2016,752,8460,0,0.2483
2016,752,8461,0,0.3415182
2016,752,8462,0,0.12926182
2016,752,8463,0,0.2127797
2016,752,8464,0,0.2137393
2016,752,8465,0,0.12083273
2016,752,8466,0,0.049502585
2016,752,8467,0,0.04326438
2016,752,8468,0,0.0996796
2016,752,8470,0,0.45096028
2016,752,8471,0,0.05490362
2016,752,8472,1,0.1232606
2016,752,8473,0,0.11151257
2016,752,8474,0,0.07569782
2016,752,8475,0,0.22046337
2016,752,8476,0,0.14729242
2016,752,8477,0,0.1308841
2016,752,8479,0,0.06512258
2016,752,8480,0,0.16708544
2016,752,8481,0,0.043026865
2016,752,8482,0,0.035287827
2016,752,8483,0,0.108043544
2016,752,8484,0,0.050714385
2016,752,8485,0,0.06361877
2016,372,8402,1,0.34981188
2016,372,8403,0,0.28590706
2016,372,8405,1,0.7195426
2016,372,8406,1,0.78729665
2016,372,8407,0,0.4197821
2016,372,8409,0,0.17420651
2016,372,8411,0,0.14091448
2016,372,8412,0,0.23423786
2016,372,8413,0,0.07285564
2016,372,8414,0,0.08321217
2016,372,8415,0,0.19307743
2016,372,8418,0,0.15753582
2016,372,8419,0,0.40845713
2016,372,8421,0,0.13873902
2016,372,8422,0,0.17399995
2016,372,8423,0,0.4037212
2016,372,8424,1,0.1753125
2016,372,8425,1,0.2751496
2016,372,8426,0,0.19776542
2016,372,8427,0,0.25714594
2016,372,8428,0,0.16295387
2016,372,8429,0,0.30324316
2016,372,8430,0,0.19782169
2016,372,8431,0,0.11390544
2016,372,8432,0,0.36440423
2016,372,8433,0,0.18861726
2016,372,8434,0,0.33456254
2016,372,8436,0,0.23665063
2016,372,8437,0,0.5003991
2016,372,8438,0,0.46327
2016,372,8441,1,0.40746605
2016,372,8443,0,0.11791729
2016,372,8448,0,0.30457658
2016,372,8450,1,0.41516963
2016,372,8451,1,0.33349064
2016,372,8456,0,0.3953604
2016,372,8458,1,0.4809942
2016,372,8459,0,0.29105574
2016,372,8462,1,0.3724384
2016,372,8463,0,0.27683577
2016,372,8464,1,0.7214701
2016,372,8465,1,0.4180736
2016,372,8466,0,0.2944996
2016,372,8467,0,0.23684622
2016,372,8468,0,0.33998293
2016,372,8470,0,0.21053845
2016,372,8471,1,0.03680363
2016,372,8472,0,0.7055432
2016,372,8473,0,0.07371209
2016,372,8474,0,0.29115814
2016,372,8475,0,0.3453002
2016,372,8476,1,0.32447648
2016,372,8477,1,0.19187368
2016,372,8479,0,0.18225375
2016,372,8480,0,0.14221802
2016,372,8481,1,0.11523516
2016,372,8484,0,0.09848416
2016,372,8485,0,0.123398684
2016,40,8401,1,0.58435786
2016,40,8402,1,0.21039891
2016,40,8403,0,0.17250966
2016,40,8404,0,0.2635594
2016,40,8405,1,0.2823429
2016,40,8406,1,0.29252654
2016,40,8407,0,0.18288752
2016,40,8408,0,0.25428393
2016,40,8409,0,0.08099025
2016,40,8410,0,0.32227927
2016,40,8411,0,0.18183614
2016,40,8412,0,0.14364119
2016,40,8413,0,0.02965328
2016,40,8414,1,0.045988407
2016,40,8415,0,0.094821565
2016,40,8416,0,0.17076322
2016,40,8417,1,0.34761196
2016,40,8418,0,0.05328599
2016,40,8419,0,0.17419155
2016,40,8420,0,0.26820856
2016,40,8421,0,0.10455382
2016,40,8422,0,0.08007273
2016,40,8423,0,0.11367905
2016,40,8424,0,0.04664843
2016,40,8425,0,0.09083627
2016,40,8426,0,0.15007652
2016,40,8427,0,0.1816706
2016,40,8428,0,0.53061825
2016,40,8429,0,0.14088164
2016,40,8430,0,0.2213825
2016,40,8431,0,0.040596046
2016,40,8432,0,0.09117246
2016,40,8433,0,0.13058858
2016,40,8434,1,0.3337893
2016,40,8435,0,0.16053867
2016,40,8436,0,0.09756018
2016,40,8437,0,0.11362926
2016,40,8438,0,0.047453366
2016,40,8439,0,0.12527859
2016,40,8440,0,0.22467765
2016,40,8441,0,0.08913673
2016,40,8442,0,0.15757714
2016,40,8443,0,0.07054118
2016,40,8444,1,0.31539452
2016,40,8445,1,0.44876847
2016,40,8446,0,0.4165902
2016,40,8447,0,0.23910089
2016,40,8448,0,0.17443995
2016,40,8449,0,0.56608325
2016,40,8450,0,0.41914135
2016,40,8451,1,0.10207553
2016,40,8452,0,0.07203563
2016,40,8453,0,0.28300866
2016,40,8454,1,0.51958454
2016,40,8455,0,0.1517558
2016,40,8456,0,0.19215931
2016,40,8457,0,0.23060651
2016,40,8458,0,0.1428882
2016,40,8459,0,0.15839444
2016,40,8461,1,0.19714995
2016,40,8462,0,0.12299302
2016,40,8463,0,0.21436177
2016,40,8464,0,0.29134068
2016,40,8465,0,0.09193499
2016,40,8466,0,0.09273872
2016,40,8467,0,0.07362999
2016,40,8468,0,0.10935922
2016,40,8470,0,0.5612523
2016,40,8471,1,0.029485965
2016,40,8472,1,0.14498524
2016,40,8473,0,0.16216584
2016,40,8474,0,0.17307791
2016,40,8475,0,0.36272955
2016,40,8476,0,0.40454745
2016,40,8477,0,0.049866512
2016,40,8478,0,0.19862272
2016,40,8479,0,0.04803784
2016,40,8480,0,0.0946061
2016,40,8481,0,0.034713853
2016,40,8482,0,0.080262326
2016,40,8483,0,0.10022463
2016,40,8484,0,0.05865696
2016,40,8485,0,0.14099362
2016,724,8401,1,0.317369
2016,724,8402,1,0.58683336
2016,724,8403,0,0.19550593
2016,724,8404,0,0.49263322
2016,724,8405,1,0.55299383
2016,724,8406,0,0.15619573
2016,724,8407,0,0.11308323
2016,724,8408,0,0.15834513
2016,724,8409,0,0.040976573
2016,724,8410,1,0.14984858
2016,724,8411,0,0.070494734
2016,724,8412,0,0.15169016
2016,724,8413,0,0.027372457
2016,724,8414,0,0.023915881
2016,724,8415,0,0.051003225
2016,724,8416,0,0.14574277
2016,724,8417,0,0.17373152
2016,724,8418,0,0.032039635
2016,724,8419,0,0.13615704
2016,724,8420,0,0.14557698
2016,724,8421,0,0.12832749
2016,724,8422,0,0.044534683
2016,724,8423,0,0.045051172
2016,724,8424,0,0.044668954
2016,724,8425,1,0.1599363
2016,724,8426,0,0.08865965
2016,724,8427,0,0.12385956
2016,724,8428,0,0.10992457
2016,724,8430,0,0.09601467
2016,724,8431,0,0.021009495
2016,724,8432,0,0.06745329
2016,724,8433,0,0.14247699
2016,724,8434,1,0.3018057
2016,724,8435,0,0.30778456
2016,724,8436,0,0.06740023
2016,724,8437,0,0.286843
2016,724,8438,0,0.04599338
2016,724,8439,0,0.2780533
2016,724,8440,0,0.15908872
2016,724,8441,0,0.093659304
2016,724,8442,0,0.2570752
2016,724,8443,0,0.036347736
2016,724,8444,1,0.41681224
2016,724,8445,1,0.13470703
2016,724,8446,0,0.2786519
2016,724,8447,0,0.23358065
2016,724,8448,0,0.086414136
2016,724,8449,0,0.3266733
2016,724,8450,0,0.12475716
2016,724,8451,1,0.14140892
2016,724,8452,0,0.40753186
2016,724,8453,0,0.20025937
2016,724,8454,0,0.1454963
2016,724,8455,0,0.76456046
2016,724,8456,0,0.18123975
2016,724,8457,0,0.15672113
2016,724,8458,0,0.13124636
2016,724,8459,0,0.14087935
2016,724,8460,1,0.29384142
2016,724,8461,1,0.14582397
2016,724,8462,0,0.07308006
2016,724,8463,0,0.24963462
2016,724,8464,0,0.19231124
2016,724,8465,0,0.065749004
2016,724,8466,0,0.043556128
2016,724,8467,0,0.101237684
2016,724,8468,0,0.18971314
2016,724,8470,0,0.114331536
2016,724,8471,0,0.04468931
2016,724,8472,1,0.15535973
2016,724,8473,0,0.12503344
2016,724,8474,0,0.06505158
2016,724,8475,0,0.33704722
2016,724,8476,0,0.19251965
2016,724,8477,0,0.06759234
2016,724,8478,0,0.15226148
2016,724,8479,0,0.09523161
2016,724,8480,0,0.114252925
2016,724,8481,0,0.030456595
2016,724,8482,0,0.044273607
2016,724,8483,0,0.14309363
2016,724,8484,0,0.061490998
2016,724,8485,0,0.13165921
2017,842,8401,1,0.14120093
2017,842,8402,0,0.138561
2017,842,8403,0,0.11000608
2017,842,8404,1,0.17664155
2017,842,8405,0,0.16166182
2017,842,8406,1,0.15506162
2017,842,8407,0,0.12738615
2017,842,8408,0,0.24626184
2017,842,8409,0,0.07827307
2017,842,8410,0,0.14481556
2017,842,8411,0,0.09423432
2017,842,8412,0,0.11249601
2017,842,8413,0,0.085250154
2017,842,8414,0,0.12947103
2017,842,8415,0,0.08052016
2017,842,8416,0,0.15988635
2017,842,8417,0,0.1448769
2017,842,8418,0,0.10873274
2017,842,8419,0,0.15426278
2017,842,8420,0,0.09949223
2017,842,8421,0,0.12863685
2017,842,8422,0,0.08229832
2017,842,8423,0,0.09902756
2017,842,8424,0,0.06182416
2017,842,8425,0,0.13864979
2017,842,8426,0,0.16156492
2017,842,8427,0,0.08439311
2017,842,8428,0,0.16388017
2017,842,8429,0,0.053827103
2017,842,8431,0,0.05145355
2017,842,8432,0,0.12517306
2017,842,8433,0,0.071934104
2017,842,8434,0,0.12592912
2017,842,8435,0,0.1488628
2017,842,8436,0,0.07814311
2017,842,8437,0,0.089368165
2017,842,8438,0,0.08045864
2017,842,8439,0,0.13655888
2017,842,8440,1,0.18416205
2017,842,8441,0,0.15962218
2017,842,8442,0,0.2149579
2017,842,8443,0,0.019289725
2017,842,8444,1,0.27943903
2017,842,8445,0,0.16924563
2017,842,8446,0,0.33041477
2017,842,8447,1,0.26769534
2017,842,8448,0,0.06796893
2017,842,8449,1,0.5500154
2017,842,8450,0,0.15576822
2017,842,8451,0,0.060167234
2017,842,8452,0,0.12829186
2017,842,8453,0,0.18493685
2017,842,8454,0,0.13622911
2017,842,8455,0,0.17346244
2017,842,8456,0,0.07783078
2017,842,8457,0,0.21307202
2017,842,8458,0,0.09714504
2017,842,8459,0,0.15656553
2017,842,8460,0,0.06994425
2017,842,8461,0,0.090576425
2017,842,8462,0,0.109477654
2017,842,8463,0,0.100135215
2017,842,8464,0,0.08992199
2017,842,8465,0,0.078880474
2017,842,8466,0,0.02451706
2017,842,8467,0,0.05784915
2017,842,8468,0,0.2634001
2017,842,8470,1,0.38807595
2017,842,8471,0,0.059518483
2017,842,8472,0,0.03857437
2017,842,8473,0,0.06642322
2017,842,8474,0,0.18735579
2017,842,8475,0,0.1347608
2017,842,8476,0,0.115421124
2017,842,8477,0,0.054706667
2017,842,8478,0,0.1390228
2017,842,8479,0,0.051555064
2017,842,8480,0,0.3010722
2017,842,8481,0,0.059053384
2017,842,8482,0,0.045347534
2017,842,8483,0,0.08652651
2017,842,8484,0,0.07336069
2017,842,8485,0,0.12666143
2017,276,8401,0,0.22172464
2017,276,8402,0,0.11058144
2017,276,8403,0,0.05476215
2017,276,8404,1,0.20467526
2017,276,8405,0,0.3189258
2017,276,8406,1,0.56428397
2017,276,8407,0,0.061126336
2017,276,8408,0,0.035167523
2017,276,8409,0,0.03074268
2017,276,8410,1,0.1839027
2017,276,8411,0,0.0951502
2017,276,8412,0,0.07907026
2017,276,8413,0,0.033291187
2017,276,8414,0,0.039896555
2017,276,8415,0,0.0557342
2017,276,8416,0,0.06239735
2017,276,8417,0,0.093692884
2017,276,8418,0,0.07217098
2017,276,8419,0,0.14320025
2017,276,8420,0,0.09140679
2017,276,8421,0,0.03506877
2017,276,8422,0,0.0882046
2017,276,8423,0,0.06690821
2017,276,8424,0,0.047207445
2017,276,8425,0,0.080601886
2017,276,8426,0,0.12745178
2017,276,8427,0,0.07362552
2017,276,8428,0,0.09867337
2017,276,8429,0,0.028286071
2017,276,8430,0,0.06637536
2017,276,8431,0,0.023753172
2017,276,8432,0,0.07237749
2017,276,8433,0,0.076006636
2017,276,8434,0,0.06790705
2017,276,8435,0,0.18232343
2017,276,8436,0,0.03467078
2017,276,8437,0,0.074084684
2017,276,8438,0,0.064640485
2017,276,8439,0,0.119920395
2017,276,8440,0,0.055750933
2017,276,8441,0,0.1055992
2017,276,8442,1,0.13526434
2017,276,8443,0,0.032715138
2017,276,8444,0,0.44769877
2017,276,8445,0,0.18606837
2017,276,8446,0,0.16470091
2017,276,8447,1,0.09136664
2017,276,8448,0,0.039981097
2017,276,8449,1,0.1469953
2017,276,8450,0,0.13146508
2017,276,8451,0,0.05796921
2017,276,8452,0,0.037634213
2017,276,8453,0,0.08110185
2017,276,8454,0,0.16158679
2017,276,8455,0,0.15606381
2017,276,8456,0,0.08286307
2017,276,8457,0,0.11293793
2017,276,8458,0,0.056386318
2017,276,8459,0,0.08844129
2017,276,8460,0,0.05751694
2017,276,8461,0,0.07897628
2017,276,8462,0,0.063541114
2017,276,8463,0,0.12829117
2017,276,8464,0,0.051313907
2017,276,8465,0,0.0641437
2017,276,8466,0,0.022200836
2017,276,8467,0,0.07040844
2017,276,8468,0,0.0602962
2017,276,8470,0,0.24127653
2017,276,8471,0,0.027181856
2017,276,8472,0,0.044498257
2017,276,8473,0,0.10774389
2017,276,8474,0,0.099948235
2017,276,8475,0,0.20259966
2017,276,8476,0,0.14836964
2017,276,8477,0,0.04459971
2017,276,8478,0,0.05451231
2017,276,8479,0,0.030970247
2017,276,8480,0,0.09078184
2017,276,8481,0,0.03540236
2017,276,8482,0,0.032847825
2017,276,8483,0,0.028501265
2017,276,8484,0,0.036780123
2017,276,8485,0,0.045434467
2017,392,8401,0,0.36852145
2017,392,8402,0,0.33575118
2017,392,8403,0,0.17383839
2017,392,8404,0,0.24493922
2017,392,8405,0,0.17678992
2017,392,8406,1,0.23014878
2017,392,8407,0,0.05240551
2017,392,8408,0,0.053304415
2017,392,8409,0,0.034989934
2017,392,8411,0,0.06301529
2017,392,8412,0,0.089751124
2017,392,8413,0,0.043297127
2017,392,8414,0,0.04458499
2017,392,8415,0,0.0434457
2017,392,8416,0,0.13654155
2017,392,8417,0,0.14447226
2017,392,8418,0,0.058515508
2017,392,8419,0,0.12294027
2017,392,8420,0,0.18744238
2017,392,8421,0,0.054094974
2017,392,8422,0,0.045971658
2017,392,8423,0,0.08692443
2017,392,8424,0,0.046599604
2017,392,8425,0,0.09679867
2017,392,8426,0,0.11810914
2017,392,8427,0,0.022842005
2017,392,8428,0,0.08138383
2017,392,8429,0,0.053538732
2017,392,8430,0,0.1081169
2017,392,8431,0,0.037910417
2017,392,8432,1,0.08558728
2017,392,8433,0,0.06199201
2017,392,8434,1,0.39604437
2017,392,8435,1,0.35563797
2017,392,8436,0,0.09814461
2017,392,8437,0,0.12188535
2017,392,8438,0,0.060845863
2017,392,8439,0,0.17852205
2017,392,8440,0,0.15150754
2017,392,8441,0,0.102135025
2017,392,8442,0,0.15032828
2017,392,8443,0,0.044707112
2017,392,8444,1,0.30159447
2017,392,8445,0,0.28767982
2017,392,8446,0,0.19484231
2017,392,8447,1,0.11961436
2017,392,8448,0,0.06269874
2017,392,8449,1,0.2593643
2017,392,8450,0,0.17075907
2017,392,8451,0,0.076708145
2017,392,8452,0,0.040003352
2017,392,8453,1,0.1566605
2017,392,8454,0,0.15254499
2017,392,8455,0,0.14682257
2017,392,8456,0,0.094319396
2017,392,8457,0,0.12758908
2017,392,8458,0,0.097147346
2017,392,8459,0,0.07921697
2017,392,8460,0,0.08975885
2017,392,8461,0,0.11882784
2017,392,8462,0,0.10162259
2017,392,8463,0,0.113901205
2017,392,8464,0,0.16433787
2017,392,8465,0,0.07832464
2017,392,8466,0,0.03841027
2017,392,8467,0,0.055522904
2017,392,8468,0,0.10504752
2017,392,8469,1,0.23370679
2017,392,8470,0,0.19833805
2017,392,8471,0,0.027446473
2017,392,8472,1,0.06287759
2017,392,8473,0,0.09344273
2017,392,8474,0,0.084303804
2017,392,8475,0,0.19180582
2017,392,8476,0,0.17915031
2017,392,8477,0,0.055789247
2017,392,8478,0,0.4127449
2017,392,8479,0,0.064054556
2017,392,8480,0,0.06697059
2017,392,8481,0,0.043031774
2017,392,8482,0,0.028868834
2017,392,8483,0,0.04377795
2017,392,8484,0,0.04171338
2017,392,8485,0,0.059583936
2017,156,8401,0,0.18199089
2017,156,8402,0,0.06726122
2017,156,8403,0,0.029043939
2017,156,8404,0,0.30964974
2017,156,8405,0,0.15587083
2017,156,8406,1,0.17596188
2017,156,8407,0,0.040758543
2017,156,8408,0,0.022020563
2017,156,8409,0,0.027136223
2017,156,8411,0,0.058825668
2017,156,8412,0,0.022655994
2017,156,8413,0,0.031930786
2017,156,8414,0,0.03020664
2017,156,8415,0,0.05705766
2017,156,8416,0,0.11749698
2017,156,8417,0,0.05524357
2017,156,8418,0,0.057169974
2017,156,8419,0,0.10647813
2017,156,8420,0,0.07582445
2017,156,8421,0,0.04752717
2017,156,8422,0,0.01942458
2017,156,8423,0,0.040710576
2017,156,8424,0,0.03380468
2017,156,8425,0,0.050441734
2017,156,8426,0,0.05902113
2017,156,8427,0,0.032877132
2017,156,8428,0,0.03732427
2017,156,8431,0,0.013445625
2017,156,8432,0,0.017035061
2017,156,8433,0,0.04773164
2017,156,8434,0,0.08534491
2017,156,8436,0,0.012829068
2017,156,8439,0,0.12880407
2017,156,8440,0,0.043513082
2017,156,8441,0,0.06353584
2017,156,8442,0,0.09045846
2017,156,8443,0,0.019044828
2017,156,8444,0,0.14526395
2017,156,8445,0,0.06371891
2017,156,8446,0,0.17790501
2017,156,8447,0,0.0715099
2017,156,8448,0,0.017095868
2017,156,8449,0,0.20347942
2017,156,8450,0,0.08882112
2017,156,8451,0,0.029957969
2017,156,8452,0,0.023293167
2017,156,8453,0,0.044202033
2017,156,8454,0,0.12621753
2017,156,8455,0,0.10659352
2017,156,8456,0,0.020591978
2017,156,8457,0,0.057800118
2017,156,8458,0,0.022764677
2017,156,8459,0,0.035316274
2017,156,8460,0,0.018333962
2017,156,8461,0,0.021366749
2017,156,8462,0,0.021191265
2017,156,8463,0,0.038164444
2017,156,8464,0,0.060280517
2017,156,8465,0,0.079675145
2017,156,8466,0,0.0151773915
2017,156,8467,0,0.032686897
2017,156,8468,0,0.043841947
2017,156,8470,0,0.111608654
2017,156,8471,0,0.019386256
2017,156,8472,0,0.024914037
2017,156,8473,0,0.05009619
2017,156,8475,0,0.14761993
2017,156,8476,0,0.08332667
2017,156,8477,0,0.021422992
2017,156,8479,0,0.014713184
2017,156,8480,0,0.05824698
2017,156,8481,0,0.04540256
2017,156,8482,0,0.01662762
2017,156,8483,0,0.03198948
2017,156,8484,0,0.03109355
2017,380,8401,1,0.46713758
2017,380,8402,0,0.24145043
2017,380,8403,0,0.047333274
2017,380,8404,0,0.35868666
2017,380,8405,0,0.37242785
2017,380,8406,0,0.27206087
2017,380,8407,0,0.12600839
2017,380,8408,0,0.04326252
2017,380,8409,0,0.034342367
2017,380,8411,0,0.10465746
2017,380,8412,0,0.11873139
2017,380,8413,0,0.052535154
2017,380,8414,0,0.051516898
2017,380,8415,0,0.07996766
2017,380,8416,0,0.14173925
2017,380,8417,0,0.22278255
2017,380,8418,0,0.06997007
2017,380,8419,0,0.13093834
2017,380,8420,0,0.10907779
2017,380,8421,0,0.071500435
2017,380,8422,0,0.072728924
2017,380,8423,0,0.08384789
2017,380,8424,0,0.057531144
2017,380,8425,0,0.14454755
2017,380,8426,0,0.107803814
2017,380,8427,0,0.044129908
2017,380,8428,0,0.09648124
2017,380,8429,0,0.026259825
2017,380,8430,0,0.089107774
2017,380,8431,0,0.025141656
2017,380,8432,0,0.060594622
2017,380,8433,0,0.083757706
2017,380,8434,0,0.066357635
2017,380,8435,0,0.14393896
2017,380,8436,0,0.035327937
2017,380,8437,0,0.17232025
2017,380,8438,0,0.071319684
2017,380,8439,0,0.11206533
2017,380,8440,0,0.13465492
2017,380,8441,0,0.1488608
2017,380,8442,0,0.120034456
2017,380,8443,0,0.024915786
2017,380,8444,0,0.11329261
2017,380,8445,0,0.19369818
2017,380,8446,0,0.2171773
2017,380,8447,0,0.18012875
2017,380,8448,0,0.062458318
2017,380,8449,0,0.29217923
2017,380,8450,0,0.07516349
2017,380,8451,0,0.03199609
2017,380,8453,0,0.049055193
2017,380,8454,0,0.1094649
2017,380,8455,0,0.16631834
2017,380,8456,0,0.101131655
2017,380,8457,0,0.085550696
2017,380,8458,0,0.053265147
2017,380,8459,0,0.06610908
2017,380,8460,0,0.051832493
2017,380,8461,0,0.05986704
2017,380,8462,0,0.05235464
2017,380,8463,0,0.08168137
2017,380,8464,0,0.07135211
2017,380,8465,0,0.0698426
2017,380,8466,0,0.04520177
2017,380,8467,0,0.043625947
2017,380,8468,0,0.290029
2017,380,8470,0,0.18242793
2017,380,8471,0,0.027034104
2017,380,8472,0,0.0893423
2017,380,8473,0,0.074940704
2017,380,8474,0,0.08651384
2017,380,8475,0,0.09294068
2017,380,8476,0,0.17092419
2017,380,8477,0,0.034606554
2017,380,8478,0,0.24359699
2017,380,8479,0,0.023772713
2017,380,8480,0,0.11014993
2017,380,8481,0,0.04616021
2017,380,8482,0,0.07771841
2017,380,8483,0,0.067750074
2017,380,8484,0,0.10078213
2017,380,8485,0,0.121503666
2017,826,8401,0,0.24222101
2017,826,8402,0,0.12130327
2017,826,8403,0,0.47139597
2017,826,8404,0,0.14358078
2017,826,8405,1,0.55978024
2017,826,8406,0,0.17009106
2017,826,8407,0,0.08106897
2017,826,8408,0,0.11258031
2017,826,8409,0,0.029748838
2017,826,8410,0,0.14558063
2017,826,8411,0,0.06681677
2017,826,8412,0,0.12447055
2017,826,8413,0,0.06249293
2017,826,8414,0,0.060173143
2017,826,8415,0,0.07123142
2017,826,8416,0,0.14759634
2017,826,8417,0,0.11259734
2017,826,8418,0,0.057755236
2017,826,8419,0,0.122833036
2017,826,8420,0,0.19593415
2017,826,8421,0,0.08414823
2017,826,8422,0,0.06723294
2017,826,8423,0,0.09066386
2017,826,8424,0,0.045690443
2017,826,8425,0,0.19898127
2017,826,8426,0,0.08044191
2017,826,8427,0,0.06589527
2017,826,8428,0,0.089152426
2017,826,8429,0,0.018990798
2017,826,8430,0,0.22913659
2017,826,8431,0,0.101344205
2017,826,8432,0,0.047390204
2017,826,8433,0,0.08915405
2017,826,8434,0,0.15893647
2017,826,8435,0,0.39282316
2017,826,8436,0,0.057883427
2017,826,8437,0,0.06629588
2017,826,8438,0,0.053050242
2017,826,8439,0,0.18080446
2017,826,8440,0,0.12532938
2017,826,8441,0,0.15734853
2017,826,8442,0,0.08546341
2017,826,8443,0,0.054824494
2017,826,8444,0,0.2617032
2017,826,8445,0,0.24092227
2017,826,8446,0,0.5188762
2017,826,8447,0,0.11420632
2017,826,8448,0,0.063327536
2017,826,8449,0,0.7520204
2017,826,8450,0,0.17171761
2017,826,8451,0,0.07271737
2017,826,8453,0,0.15401067
2017,826,8454,0,0.1933842
2017,826,8455,0,0.18702993
2017,826,8456,0,0.120729744
2017,826,8457,0,0.21030527
2017,826,8458,0,0.15030672
2017,826,8459,0,0.095881194
2017,826,8460,0,0.07222073
2017,826,8461,0,0.1770437
2017,826,8462,0,0.11395695
2017,826,8463,0,0.11593447
2017,826,8464,0,0.11027074
2017,826,8465,0,0.059922587
2017,826,8466,0,0.03181599
2017,826,8467,0,0.033125006
2017,826,8468,0,0.17711797
2017,826,8470,0,0.25831127
2017,826,8471,0,0.031017695
2017,826,8472,0,0.057493676
2017,826,8473,0,0.085384935
2017,826,8474,0,0.17260967
2017,826,8475,0,0.13642299
2017,826,8476,0,0.16282858
2017,826,8477,0,0.031270057
2017,826,8478,1,0.16746312
2017,826,8479,0,0.028357912
2017,826,8480,0,0.17492817
2017,826,8481,0,0.07737901
2017,826,8482,0,0.032407004
2017,826,8483,0,0.060302246
2017,826,8484,0,0.05357981
2017,826,8485,0,0.07250466
2017,251,8401,1,0.67493045
2017,251,8403,0,0.11697502
2017,251,8404,0,0.27134767
2017,251,8405,1,0.49311146
2017,251,8406,1,0.25994307
2017,251,8407,0,0.1257392
2017,251,8408,0,0.06511798
2017,251,8409,0,0.030974602
2017,251,8411,0,0.09601481
2017,251,8412,0,0.19372913
2017,251,8413,0,0.05299181
2017,251,8414,0,0.07606288
2017,251,8415,0,0.120657936
2017,251,8416,0,0.54216313
2017,251,8417,0,0.15595776
2017,251,8418,0,0.09742142
2017,251,8419,0,0.10429417
2017,251,8420,0,0.212766
2017,251,8421,0,0.08597838
2017,251,8422,0,0.1033975
2017,251,8424,0,0.11918418
2017,251,8425,0,0.13491671
2017,251,8426,0,0.21506505
2017,251,8427,0,0.054873243
2017,251,8428,0,0.14376028
2017,251,8429,0,0.035349485
2017,251,8430,0,0.09521614
2017,251,8431,0,0.024523197
2017,251,8432,0,0.03648605
2017,251,8433,0,0.085548446
2017,251,8434,0,0.12507154
2017,251,8435,0,0.13384749
2017,251,8436,0,0.06879889
2017,251,8438,0,0.10414017
2017,251,8439,0,0.19012979
2017,251,8441,0,0.21867515
2017,251,8442,1,0.20001747
2017,251,8443,0,0.044360496
2017,251,8444,0,0.13509299
2017,251,8445,0,0.25255513
2017,251,8446,0,0.12859811
2017,251,8447,0,0.44516528
2017,251,8448,0,0.07578382
2017,251,8449,0,0.2520207
2017,251,8450,0,0.1857705
2017,251,8451,0,0.049437728
2017,251,8453,0,0.3285709
2017,251,8454,0,0.19056635
2017,251,8455,0,0.1752417
2017,251,8456,0,0.15075757
2017,251,8457,1,0.18920514
2017,251,8458,0,0.19012304
2017,251,8459,0,0.10431426
2017,251,8460,0,0.0906889
2017,251,8461,0,0.11958939
2017,251,8462,0,0.115150236
2017,251,8463,0,0.19486088
2017,251,8464,0,0.13389799
2017,251,8465,0,0.2015436
2017,251,8466,0,0.038850006
2017,251,8467,0,0.15582219
2017,251,8468,1,0.19003332
2017,251,8470,0,0.23472877
2017,251,8471,0,0.019785691
2017,251,8472,1,0.08702703
2017,251,8473,0,0.07147694
2017,251,8475,0,0.18139875
2017,251,8476,0,0.13683286
2017,251,8477,0,0.09412656
2017,251,8478,0,0.2943784
2017,251,8479,0,0.035160735
2017,251,8480,0,0.11859643
2017,251,8481,0,0.05534133
2017,251,8482,0,0.036237687
2017,251,8483,0,0.06832901
2017,251,8484,0,0.12577188
2017,251,8485,0,0.15682776
2017,490,8402,1,0.17321555
2017,490,8403,1,0.71298784
2017,490,8404,1,0.21270381
2017,490,8405,0,0.5133152
2017,490,8406,1,0.7924238
2017,490,8407,0,0.17969601
2017,490,8408,0,0.08615206
2017,490,8409,0,0.066725105
2017,490,8410,0,0.7439929
2017,490,8411,0,0.12082492
2017,490,8412,0,0.099750705
2017,490,8413,0,0.048924275
2017,490,8414,0,0.046178564
2017,490,8415,0,0.04716608
2017,490,8416,0,0.153934
2017,490,8417,0,0.19074607
2017,490,8418,0,0.043124292
2017,490,8419,0,0.08653353
2017,490,8420,0,0.48791775
2017,490,8421,0,0.06389005
2017,490,8422,0,0.055175815
2017,490,8423,0,0.06373554
2017,490,8424,0,0.056470774
2017,490,8425,0,0.14394808
2017,490,8426,1,0.16387211
2017,490,8427,0,0.09136787
2017,490,8428,0,0.1552124
2017,490,8429,0,0.40046814
2017,490,8430,0,0.16108744
2017,490,8431,0,0.061273206
2017,490,8432,0,0.14755958
2017,490,8433,0,0.07498808
2017,490,8434,0,0.22449645
2017,490,8435,1,0.22532707
2017,490,8436,0,0.10799369
2017,490,8437,0,0.11150281
2017,490,8438,0,0.053573
2017,490,8439,0,0.24271654
2017,490,8440,0,0.22845346
2017,490,8441,0,0.06901326
2017,490,8442,0,0.20735966
2017,490,8443,0,0.04664281
2017,490,8444,0,0.2446512
2017,490,8445,1,0.19707198
2017,490,8446,0,0.19695312
2017,490,8447,0,0.07807577
2017,490,8448,0,0.07235248
2017,490,8449,1,0.64198595
2017,490,8450,1,0.18085933
2017,490,8451,0,0.08648441
2017,490,8452,0,0.043451406
2017,490,8453,0,0.14999901
2017,490,8454,0,0.1878559
2017,490,8455,0,0.14129527
2017,490,8456,0,0.13831249
2017,490,8457,0,0.087924086
2017,490,8458,0,0.08714152
2017,490,8459,0,0.18941759
2017,490,8460,0,0.07757841
2017,490,8461,0,0.10375821
2017,490,8462,0,0.084626414
2017,490,8463,0,0.1388424
2017,490,8464,0,0.150684
2017,490,8465,0,0.078452565
2017,490,8466,0,0.05414366
2017,490,8467,0,0.10248326
2017,490,8468,0,0.1594099
2017,490,8470,0,0.18800697
2017,490,8471,0,0.036391947
2017,490,8472,0,0.077283576
2017,490,8473,0,0.09388449
2017,490,8474,0,0.11686558
2017,490,8475,0,0.58085614
2017,490,8476,0,0.18361592
2017,490,8477,0,0.035663288
2017,490,8478,1,0.13467129
2017,490,8479,0,0.10706699
2017,490,8480,0,0.05889332
2017,490,8481,0,0.050779127
2017,490,8482,0,0.031078296
2017,490,8483,0,0.05061132
2017,490,8484,0,0.075490005
2017,490,8485,1,0.13015221
2017,702,8402,0,0.25688913
2017,702,8407,0,0.090648346
2017,702,8408,0,0.1731662
2017,702,8410,0,0.22705178
2017,702,8411,0,0.08567256
2017,702,8412,0,0.08512127
2017,702,8413,0,0.037079297
2017,702,8414,0,0.040928103
2017,702,8416,0,0.15938747
2017,702,8417,0,0.18138236
2017,702,8418,0,0.08448254
2017,702,8419,0,0.11994503
2017,702,8420,0,0.16007274
2017,702,8421,0,0.055596028
2017,702,8422,0,0.089401856
2017,702,8423,0,0.10975198
2017,702,8424,0,0.057506055
2017,702,8425,1,0.2170493
2017,702,8426,0,0.08388518
2017,702,8428,0,0.11169241
2017,702,8430,0,0.15114519
2017,702,8431,0,0.056527697
2017,702,8432,1,0.31927344
2017,702,8433,0,0.4604903
2017,702,8434,0,0.45273474
2017,702,8435,1,0.36579213
2017,702,8436,0,0.1284339
2017,702,8437,0,0.11986577
2017,702,8439,0,0.21638912
2017,702,8441,1,0.5131944
2017,702,8442,0,0.20871994
2017,702,8443,0,0.042889997
2017,702,8445,0,0.352803
2017,702,8448,1,0.24840623
2017,702,8449,0,0.7159283
2017,702,8451,0,0.11927124
2017,702,8452,0,0.15533917
2017,702,8453,1,0.22812214
2017,702,8454,0,0.20347641
2017,702,8455,1,0.25894353
2017,702,8456,0,0.08772051
2017,702,8457,0,0.39438373
2017,702,8458,0,0.14037625
2017,702,8459,0,0.1320329
2017,702,8460,0,0.14635469
2017,702,8461,1,0.38129404
2017,702,8462,0,0.13071184
2017,702,8463,0,0.22153988
2017,702,8464,0,0.17731918
2017,702,8465,0,0.15234537
2017,702,8466,0,0.24074218
2017,702,8467,0,0.08846133
2017,702,8468,1,0.13692534
2017,702,8470,0,0.14636122
2017,702,8471,1,0.0203034
2017,702,8473,0,0.06024505
2017,702,8474,0,0.1338301
2017,702,8475,0,0.46112946
2017,702,8477,0,0.07576231
2017,702,8478,1,0.21706879
2017,702,8479,0,0.07061762
2017,702,8480,0,0.15948297
2017,702,8481,0,0.08382027
2017,702,8482,0,0.045840897
2017,702,8483,0,0.03493496
2017,702,8484,0,0.08108125
2017,702,8485,0,0.062036138
2017,528,8401,1,0.20013592
2017,528,8403,0,0.06999709
2017,528,8404,1,0.5404155
2017,528,8405,1,0.22839777
2017,528,8407,0,0.17699842
2017,528,8408,0,0.06302457
2017,528,8409,0,0.06167257
2017,528,8410,1,0.26577556
2017,528,8411,0,0.15946247
2017,528,8412,0,0.0806638
2017,528,8413,0,0.043039892
2017,528,8414,0,0.10070925
2017,528,8415,0,0.0844432
2017,528,8416,0,0.18825895
2017,528,8417,0,0.13565399
2017,528,8418,0,0.108571246
2017,528,8419,0,0.11895365
2017,528,8420,0,0.19924313
2017,528,8421,0,0.08228062
2017,528,8422,0,0.13005725
2017,528,8423,0,0.13822576
2017,528,8424,0,0.087869465
2017,528,8425,0,0.15434757
2017,528,8426,0,0.15291984
2017,528,8427,0,0.043436624
2017,528,8428,0,0.10724806
2017,528,8429,0,0.044151988
2017,528,8430,0,0.068146266
2017,528,8431,0,0.031308837
2017,528,8432,0,0.03399453
2017,528,8433,0,0.081581615
2017,528,8434,0,0.1037123
2017,528,8435,1,0.615097
2017,528,8436,0,0.041195396
2017,528,8437,0,0.079084136
2017,528,8438,0,0.06977255
2017,528,8439,1,0.26992944
2017,528,8440,0,0.13838401
2017,528,8441,0,0.14820339
2017,528,8442,0,0.15752554
2017,528,8443,0,0.039932933
2017,528,8444,0,0.4055922
2017,528,8445,0,0.46448585
2017,528,8446,0,0.20539355
2017,528,8447,1,0.4809088
2017,528,8448,0,0.15706709
2017,528,8449,1,0.74410665
2017,528,8450,0,0.28542435
2017,528,8451,0,0.106655784
2017,528,8453,0,0.2374965
2017,528,8454,1,0.41309136
2017,528,8455,0,0.19723341
2017,528,8456,0,0.08301567
2017,528,8457,0,0.15902534
2017,528,8458,0,0.14044444
2017,528,8459,0,0.21389854
2017,528,8460,0,0.16111521
2017,528,8461,0,0.15956448
2017,528,8462,0,0.10975413
2017,528,8463,1,0.54354525
2017,528,8464,0,0.13177505
2017,528,8465,0,0.21375158
2017,528,8466,0,0.05076329
2017,528,8467,0,0.0693848
2017,528,8468,0,0.25839886
2017,528,8470,0,0.21828821
2017,528,8471,0,0.02758865
2017,528,8472,0,0.07660526
2017,528,8473,0,0.13144965
2017,528,8474,0,0.1615995
2017,528,8475,0,0.15209374
2017,528,8476,0,0.27886784
2017,528,8477,0,0.102746226
2017,528,8478,0,0.13397415
2017,528,8479,0,0.071331926
2017,528,8480,0,0.099121965
2017,528,8481,0,0.051928226
2017,528,8482,0,0.079898715
2017,528,8483,0,0.054323062
2017,528,8484,0,0.08624737
2017,528,8485,0,0.13483946
2017,410,8401,1,0.6308925
2017,410,8402,1,0.22414872
2017,410,8403,0,0.06397972
2017,410,8404,1,0.117282584
2017,410,8405,1,0.2309781
2017,410,8406,0,0.26730606
2017,410,8407,0,0.058662053
2017,410,8408,0,0.048872784
2017,410,8409,0,0.03346854
2017,410,8410,0,0.23142827
2017,410,8411,0,0.081870325
2017,410,8412,0,0.09490144
2017,410,8413,0,0.032197528
2017,410,8414,0,0.04248987
2017,410,8415,0,0.047050066
2017,410,8416,1,0.18875127
2017,410,8417,0,0.119270265
2017,410,8418,0,0.110985614
2017,410,8419,0,0.1528218
2017,410,8420,0,0.23009585
2017,410,8421,0,0.042388845
2017,410,8422,0,0.06926454
2017,410,8423,0,0.08437596
2017,410,8424,0,0.038105927
2017,410,8425,0,0.12811266
2017,410,8426,0,0.12577274
2017,410,8427,0,0.052151557
2017,410,8428,0,0.06024715
2017,410,8429,0,0.03625608
2017,410,8431,0,0.030295985
2017,410,8432,0,0.13626556
2017,410,8433,0,0.43692333
2017,410,8434,1,0.18938857
2017,410,8435,0,0.11751305
2017,410,8436,0,0.68743306
2017,410,8437,0,0.09068271
2017,410,8438,0,0.086332284
2017,410,8439,0,0.13245669
2017,410,8440,0,0.120727554
2017,410,8441,0,0.08680989
2017,410,8442,0,0.27972388
2017,410,8443,0,0.034248922
2017,410,8444,0,0.17226104
2017,410,8445,0,0.4180225
2017,410,8446,0,0.21576841
2017,410,8447,1,0.16595402
2017,410,8448,0,0.16023175
2017,410,8449,0,0.17513597
2017,410,8450,1,0.07086835
2017,410,8451,0,0.08687769
2017,410,8452,0,0.16215986
2017,410,8453,0,0.18168782
2017,410,8454,0,0.14605352
2017,410,8455,0,0.15628837
2017,410,8456,1,0.14385198
2017,410,8457,0,0.10944373
2017,410,8458,0,0.06861401
2017,410,8459,0,0.095895246
2017,410,8460,0,0.13087508
2017,410,8461,0,0.12963502
2017,410,8462,0,0.093889445
2017,410,8463,0,0.12362502
2017,410,8464,0,0.24805844
2017,410,8465,1,0.1211941
2017,410,8466,0,0.05098411
2017,410,8467,0,0.054598786
2017,410,8468,0,0.21886434
2017,410,8470,0,0.20342928
2017,410,8471,0,0.031636424
2017,410,8472,0,0.05512813
2017,410,8473,0,0.12171166
2017,410,8474,0,0.10292772
2017,410,8475,0,0.31021488
2017,410,8476,0,0.12101052
2017,410,8477,0,0.04487853
2017,410,8478,0,0.38553926
2017,410,8479,0,0.05991124
2017,410,8480,0,0.07018257
2017,410,8481,0,0.036586903
2017,410,8482,0,0.031595387
2017,410,8483,0,0.041570097
2017,410,8484,0,0.044742897
2017,410,8485,0,0.073146194
2017,458,8404,1,0.4723524
2017,458,8405,1,0.41425532
2017,458,8407,0,0.30890864
2017,458,8408,0,0.17295429
2017,458,8411,0,0.12356415
2017,458,8412,0,0.16035219
2017,458,8413,0,0.0645411
2017,458,8414,0,0.05349069
2017,458,8415,0,0.0408816
2017,458,8416,0,0.5606446
2017,458,8417,0,0.24631163
2017,458,8418,0,0.11606886
2017,458,8419,0,0.16531013
2017,458,8420,0,0.19983184
2017,458,8421,0,0.059423875
2017,458,8422,0,0.0912557
2017,458,8423,0,0.1355364
2017,458,8424,0,0.044899877
2017,458,8425,0,0.23544692
2017,458,8426,0,0.18029685
2017,458,8427,0,0.14477143
2017,458,8428,0,0.11493788
2017,458,8430,0,0.20006499
2017,458,8431,0,0.08594895
2017,458,8433,0,0.16303998
2017,458,8436,0,0.085789815
2017,458,8437,0,0.26128164
2017,458,8438,0,0.13843833
2017,458,8439,1,0.26921973
2017,458,8441,0,0.14557248
2017,458,8442,1,0.4098645
2017,458,8443,0,0.15155359
2017,458,8445,0,0.4891142
2017,458,8447,0,0.2762895
2017,458,8448,0,0.1799744
2017,458,8450,1,0.38490963
2017,458,8451,0,0.092203625
2017,458,8452,1,0.15492527
2017,458,8453,1,0.53575903
2017,458,8454,0,0.22574654
2017,458,8455,0,0.1697614
2017,458,8456,1,0.3460109
2017,458,8457,0,0.33053482
2017,458,8458,0,0.16839382
2017,458,8459,0,0.16602744
2017,458,8460,0,0.16890267
2017,458,8461,1,0.35554513
2017,458,8462,0,0.11864226
2017,458,8463,1,0.16621429
2017,458,8464,1,0.5372292
2017,458,8465,0,0.20869659
2017,458,8466,0,0.14309882
2017,458,8467,0,0.09266847
2017,458,8468,0,0.26684952
2017,458,8470,0,0.1680158
2017,458,8472,1,0.13258797
2017,458,8473,0,0.062351312
2017,458,8474,0,0.17816257
2017,458,8475,0,0.25514212
2017,458,8476,0,0.26929578
2017,458,8477,0,0.0705144
2017,458,8478,1,0.43288243
2017,458,8479,0,0.08624363
2017,458,8480,0,0.08880501
2017,458,8481,0,0.064020544
2017,458,8482,0,0.050881848
2017,458,8484,0,0.07264395
2017,458,8485,0,0.4701657
2017,124,8401,0,0.47189555
2017,124,8402,1,0.66939
2017,124,8403,0,0.18279958
2017,124,8404,0,0.30150133
2017,124,8405,1,0.7292555
2017,124,8406,1,0.51604223
2017,124,8407,0,0.082883835
2017,124,8408,0,0.18591292
2017,124,8409,0,0.058160357
2017,124,8410,0,0.19820546
2017,124,8411,0,0.056138787
2017,124,8412,0,0.092917
2017,124,8413,0,0.08843335
2017,124,8414,0,0.12708108
2017,124,8415,0,0.08920182
2017,124,8416,0,0.21262497
2017,124,8417,0,0.15432473
2017,124,8418,0,0.1318706
2017,124,8419,0,0.12590542
2017,124,8420,1,0.5781887
2017,124,8421,0,0.122620106
2017,124,8422,0,0.111382045
2017,124,8423,0,0.1250353
2017,124,8424,0,0.08393866
2017,124,8425,0,0.11852504
2017,124,8426,0,0.34676474
2017,124,8427,0,0.1324198
2017,124,8428,0,0.13467607
2017,124,8429,0,0.17462483
2017,124,8430,0,0.18077277
2017,124,8431,0,0.043931164
2017,124,8432,0,0.111898474
2017,124,8433,0,0.081902415
2017,124,8434,0,0.5438635
2017,124,8436,0,0.06542413
2017,124,8437,0,0.1779228
2017,124,8438,0,0.087738276
2017,124,8439,0,0.17121089
2017,124,8440,0,0.22050254
2017,124,8441,0,0.17241937
2017,124,8442,1,0.23735559
2017,124,8443,0,0.07349154
2017,124,8445,0,0.26230454
2017,124,8448,0,0.22855674
2017,124,8451,0,0.2589783
2017,124,8452,0,0.25742894
2017,124,8454,0,0.17028396
2017,124,8455,0,0.454179
2017,124,8456,0,0.19434817
2017,124,8457,0,0.2650978
2017,124,8458,0,0.21238096
2017,124,8459,1,0.23309581
2017,124,8460,0,0.19502597
2017,124,8461,0,0.1640477
2017,124,8462,1,0.25270608
2017,124,8463,1,0.60824835
2017,124,8464,1,0.12296831
2017,124,8465,0,0.12537715
2017,124,8466,0,0.05061174
2017,124,8467,0,0.083608516
2017,124,8468,0,0.20918955
2017,124,8470,0,0.28540707
2017,124,8471,0,0.040186193
2017,124,8472,0,0.10960811
2017,124,8473,0,0.105566256
2017,124,8474,0,0.13205224
2017,124,8475,0,0.5811962
2017,124,8476,0,0.28668123
2017,124,8477,0,0.08581226
2017,124,8478,1,0.5551424
2017,124,8479,0,0.07540233
2017,124,8480,0,0.11528032
2017,124,8481,0,0.104990914
2017,124,8482,0,0.05608159
2017,124,8483,0,0.08673993
2017,124,8484,0,0.14554235
2017,124,8485,0,0.10729131
2017,484,8402,0,0.415564
2017,484,8403,0,0.3107607
2017,484,8404,0,0.3452671
2017,484,8406,0,0.26733452
2017,484,8407,0,0.11009015
2017,484,8408,0,0.11523981
2017,484,8409,0,0.056444954
2017,484,8411,0,0.09727513
2017,484,8412,0,0.12842177
2017,484,8413,0,0.07288145
2017,484,8414,0,0.08697315
2017,484,8415,0,0.10572289
2017,484,8416,0,0.38496992
2017,484,8417,0,0.18255371
2017,484,8418,0,0.10493086
2017,484,8419,0,0.12171099
2017,484,8420,0,0.5053334
2017,484,8421,0,0.115110695
2017,484,8422,0,0.14961933
2017,484,8423,0,0.15368809
2017,484,8424,0,0.08785924
2017,484,8425,0,0.1176905
2017,484,8426,0,0.27646562
2017,484,8427,0,0.41481456
2017,484,8428,0,0.14868166
2017,484,8429,0,0.21082744
2017,484,8430,0,0.215719
2017,484,8431,0,0.07521885
2017,484,8432,0,0.20283794
2017,484,8433,0,0.10021005
2017,484,8434,0,0.2827052
2017,484,8436,0,0.22145922
2017,484,8437,1,0.1811076
2017,484,8438,1,0.15671341
2017,484,8439,0,0.19894043
2017,484,8441,1,0.30717707
2017,484,8442,0,0.36477926
2017,484,8443,0,0.073614426
2017,484,8450,0,0.096560605
2017,484,8451,0,0.16008091
2017,484,8453,0,0.22062263
2017,484,8455,1,0.7131659
2017,484,8456,0,0.1627036
2017,484,8457,1,0.47719255
2017,484,8458,0,0.23937328
2017,484,8459,0,0.39521658
2017,484,8460,1,0.44040588
2017,484,8461,0,0.6321049
2017,484,8462,0,0.1621208
2017,484,8463,1,0.542654
2017,484,8465,0,0.1679164
2017,484,8466,0,0.09433392
2017,484,8467,0,0.0771535
2017,484,8468,0,0.27366358
2017,484,8470,0,0.48828787
2017,484,8471,0,0.069400646
2017,484,8472,0,0.24656352
2017,484,8473,0,0.16185194
2017,484,8475,0,0.22574686
2017,484,8476,0,0.24638195
2017,484,8477,0,0.123810135
2017,484,8479,0,0.08029424
2017,484,8480,0,0.1599036
2017,484,8481,0,0.072637916
2017,484,8482,0,0.06617907
2017,484,8483,0,0.07068053
2017,484,8484,0,0.12859567
2017,484,8485,0,0.07444704
2017,757,8402,0,0.16972351
2017,757,8403,0,0.18992573
2017,757,8404,0,0.5679993
2017,757,8406,0,0.16754013
2017,757,8407,1,0.30879444
2017,757,8408,0,0.15125887
2017,757,8409,0,0.06934432
2017,757,8411,1,0.051185265
2017,757,8412,0,0.12501808
2017,757,8413,0,0.052378774
2017,757,8414,0,0.068939984
2017,757,8415,0,0.09503257
2017,757,8416,0,0.15235715
2017,757,8417,0,0.16450241
2017,757,8418,0,0.12512416
2017,757,8419,0,0.16023688
2017,757,8420,0,0.47500008
2017,757,8421,0,0.06667497
2017,757,8422,0,0.122253045
2017,757,8423,1,0.0998799
2017,757,8424,0,0.07032037
2017,757,8425,0,0.20676707
2017,757,8426,0,0.27862045
2017,757,8427,0,0.11950979
2017,757,8428,0,0.08506729
2017,757,8429,0,0.10421458
2017,757,8430,0,0.1784559
2017,757,8431,0,0.040175267
2017,757,8432,0,0.10883433
2017,757,8433,0,0.14422865
2017,757,8434,0,0.22645901
2017,757,8435,0,0.162908
2017,757,8436,0,0.15704116
2017,757,8437,0,0.115499236
2017,757,8438,0,0.06935043
2017,757,8439,0,0.16550843
2017,757,8440,0,0.19263645
2017,757,8441,0,0.12927055
2017,757,8442,0,0.17086887
2017,757,8443,0,0.04903731
2017,757,8445,0,0.23967849
2017,757,8446,0,0.13789015
2017,757,8447,1,0.34922868
2017,757,8448,0,0.038325664
2017,757,8449,0,0.5038985
2017,757,8450,0,0.21445298
2017,757,8451,0,0.055843174
2017,757,8452,0,0.085282825
2017,757,8453,0,0.12507641
2017,757,8454,0,0.30131495
2017,757,8455,0,0.21162629
2017,757,8456,0,0.11770436
2017,757,8457,0,0.1182955
2017,757,8458,0,0.12522678
2017,757,8459,0,0.21630435
2017,757,8460,0,0.11034976
2017,757,8461,0,0.19430955
2017,757,8462,0,0.15059784
2017,757,8463,0,0.1617533
2017,757,8464,0,0.11280474
2017,757,8465,0,0.13411716
2017,757,8466,0,0.029140124
2017,757,8467,0,0.095059104
2017,757,8468,1,0.373438
2017,757,8470,0,0.22762728
2017,757,8471,0,0.032638226
2017,757,8472,1,0.10162329
2017,757,8473,0,0.0956028
2017,757,8474,1,0.17084698
2017,757,8475,0,0.44356784
2017,757,8476,0,0.15762854
2017,757,8477,0,0.07332791
2017,757,8478,0,0.12242071
2017,757,8479,0,0.03865209
2017,757,8480,0,0.13282937
2017,757,8481,0,0.07839558
2017,757,8482,0,0.0728456
2017,757,8483,0,0.069811985
2017,757,8484,0,0.09138834
2017,757,8485,0,0.14084445
2017,764,8402,1,0.32307634
2017,764,8403,1,0.5907411
2017,764,8405,0,0.62622863
2017,764,8406,0,0.37849557
2017,764,8407,0,0.11252222
2017,764,8408,0,0.28914118
2017,764,8409,0,0.040849846
2017,764,8411,0,0.21438774
2017,764,8412,0,0.19439085
2017,764,8413,0,0.05430813
2017,764,8414,0,0.044646192
2017,764,8415,0,0.0331399
2017,764,8418,0,0.06946679
2017,764,8419,0,0.14125705
2017,764,8420,0,0.20929235
2017,764,8421,0,0.0851335
2017,764,8422,0,0.08935747
2017,764,8423,0,0.16363133
2017,764,8425,0,0.16166764
2017,764,8426,0,0.1947424
2017,764,8428,0,0.08220331
2017,764,8429,0,0.17596327
2017,764,8431,0,0.07421092
2017,764,8434,1,0.15541732
2017,764,8437,0,0.16845854
2017,764,8438,0,0.122920096
2017,764,8439,0,0.18409134
2017,764,8440,0,0.25945327
2017,764,8441,1,0.38924158
2017,764,8442,0,0.29236242
2017,764,8443,0,0.06705031
2017,764,8445,0,0.21241634
2017,764,8447,0,0.29571414
2017,764,8448,1,0.16866572
2017,764,8450,0,0.10876378
2017,764,8451,0,0.08814526
2017,764,8452,0,0.08823421
2017,764,8453,0,0.15189758
2017,764,8454,1,0.3157513
2017,764,8455,1,0.5294149
2017,764,8456,0,0.2319074
2017,764,8457,0,0.22431286
2017,764,8458,0,0.16825601
2017,764,8459,0,0.19107473
2017,764,8460,0,0.20351905
2017,764,8461,1,0.40803635
2017,764,8462,0,0.17180794
2017,764,8463,0,0.3953425
2017,764,8464,0,0.4549267
2017,764,8466,0,0.1194963
2017,764,8467,0,0.112760365
2017,764,8468,1,0.38429222
2017,764,8470,0,0.17934287
2017,764,8471,0,0.09060716
2017,764,8472,1,0.18246047
2017,764,8473,0,0.12731603
2017,764,8475,0,0.2665273
2017,764,8476,0,0.28558666
2017,764,8477,0,0.06731281
2017,764,8479,0,0.055533007
2017,764,8480,0,0.10670979
2017,764,8481,0,0.036821317
2017,764,8482,0,0.04318483
2017,764,8483,0,0.04276323
2017,764,8484,0,0.0458953
2017,764,8485,0,0.07189139
2017,752,8401,0,0.49059758
2017,752,8402,1,0.66350573
2017,752,8403,1,0.31858552
2017,752,8404,0,0.19269264
2017,752,8405,0,0.20298506
2017,752,8406,0,0.5575648
2017,752,8407,0,0.238141
2017,752,8408,0,0.17607178
2017,752,8409,0,0.16800861
2017,752,8410,0,0.18917432
2017,752,8412,0,0.05158898
2017,752,8413,0,0.059171814
2017,752,8414,0,0.08419321
2017,752,8415,0,0.08710873
2017,752,8416,0,0.18634349
2017,752,8417,0,0.296018
2017,752,8418,0,0.06953144
2017,752,8419,0,0.15072419
2017,752,8420,0,0.21975131
2017,752,8421,0,0.057249486
2017,752,8422,0,0.060249027
2017,752,8423,0,0.13006975
2017,752,8424,0,0.047539517
2017,752,8425,0,0.098679885
2017,752,8426,0,0.12320803
2017,752,8427,0,0.036213715
2017,752,8428,0,0.0954502
2017,752,8429,0,0.04051175
2017,752,8430,0,0.200289
2017,752,8431,0,0.027546782
2017,752,8432,0,0.053814564
2017,752,8433,0,0.118660256
2017,752,8434,0,0.096997075
2017,752,8436,0,0.12797095
2017,752,8437,0,0.33024195
2017,752,8438,0,0.058639634
2017,752,8439,0,0.22940451
2017,752,8440,0,0.18330467
2017,752,8441,0,0.1309435
2017,752,8442,0,0.28752676
2017,752,8443,0,0.0644491
2017,752,8447,0,0.80293137
2017,752,8448,0,0.21140645
2017,752,8449,0,0.7135345
2017,752,8450,0,0.10757945
2017,752,8451,0,0.16121979
2017,752,8452,0,0.33888617
2017,752,8453,1,0.5740187
2017,752,8454,0,0.2365062
2017,752,8455,0,0.16011074
2017,752,8456,1,0.13047498
2017,752,8458,0,0.17571805
2017,752,8459,0,0.37818092
2017,752,8460,0,0.12468395
2017,752,8461,1,0.7009752
2017,752,8462,0,0.17907408
2017,752,8463,0,0.20287871
2017,752,8464,0,0.10794976
2017,752,8465,0,0.2625195
2017,752,8466,0,0.03894927
2017,752,8467,0,0.07023328
2017,752,8468,0,0.21476777
2017,752,8470,0,0.21176046
2017,752,8471,0,0.059221335
2017,752,8472,1,0.09450102
2017,752,8473,0,0.19326511
2017,752,8474,0,0.120740615
2017,752,8475,0,0.2716079
2017,752,8476,0,0.37356377
2017,752,8477,0,0.07968302
2017,752,8478,0,0.2714874
2017,752,8479,0,0.051713858
2017,752,8480,0,0.12313396
2017,752,8481,0,0.063629866
2017,752,8482,0,0.033904742
2017,752,8483,0,0.0535754
2017,752,8484,0,0.051313642
2017,752,8485,1,0.061568893
2017,372,8403,0,0.22895113
2017,372,8406,0,0.5432038
2017,372,8407,1,0.26016533
2017,372,8409,0,0.10827635
2017,372,8411,0,0.16448891
2017,372,8412,0,0.29200456
2017,372,8413,0,0.16625701
2017,372,8414,0,0.050125882
2017,372,8415,0,0.13600953
2017,372,8418,0,0.14736623
2017,372,8419,1,0.5423054
2017,372,8421,0,0.17230551
2017,372,8422,0,0.15284716
2017,372,8423,0,0.5266204
2017,372,8424,0,0.14854987
2017,372,8425,0,0.23241517
2017,372,8427,0,0.15156649
2017,372,8428,0,0.17099953
2017,372,8429,0,0.22337122
2017,372,8430,0,0.3946218
2017,372,8432,0,0.1568538
2017,372,8433,0,0.10760072
2017,372,8434,0,0.26673406
2017,372,8436,0,0.29139408
2017,372,8437,0,0.3423323
2017,372,8438,0,0.4257432
2017,372,8441,0,0.23102885
2017,372,8442,1,0.7567259
2017,372,8443,0,0.09823793
2017,372,8448,0,0.23021229
2017,372,8450,0,0.34983814
2017,372,8451,0,0.2192801
2017,372,8456,1,0.5433235
2017,372,8457,1,0.7752088
2017,372,8459,1,0.68087304
2017,372,8460,1,0.4056318
2017,372,8461,1,0.5841331
2017,372,8462,0,0.26033732
2017,372,8463,0,0.5030115
2017,372,8465,0,0.29144278
2017,372,8466,0,0.108988404
2017,372,8467,0,0.19383109
2017,372,8468,0,0.27728528
2017,372,8470,0,0.60545194
2017,372,8471,0,0.042891614
2017,372,8472,0,0.3249098
2017,372,8473,0,0.13001688
2017,372,8474,0,0.27308178
2017,372,8475,1,0.43403405
2017,372,8477,0,0.1262256
2017,372,8478,1,0.7803977
2017,372,8479,0,0.08721122
2017,372,8480,0,0.18738657
2017,372,8481,1,0.12239599
2017,372,8484,0,0.10638646
2017,372,8485,0,0.17999929
2017,40,8401,0,0.23945951
2017,40,8402,0,0.16629438
2017,40,8403,0,0.14073168
2017,40,8404,1,0.3455471
2017,40,8405,0,0.18746957
2017,40,8406,0,0.2325617
2017,40,8407,0,0.10615169
2017,40,8408,0,0.1140993
2017,40,8409,0,0.06290054
2017,40,8411,0,0.08747123
2017,40,8412,0,0.12907214
2017,40,8413,0,0.0724463
2017,40,8414,0,0.04591058
2017,40,8415,0,0.15757549
2017,40,8416,0,0.19804788
2017,40,8417,0,0.16892934
2017,40,8418,0,0.12968275
2017,40,8419,0,0.13698931
2017,40,8420,1,0.25279656
2017,40,8421,0,0.10252276
2017,40,8422,0,0.15763324
2017,40,8423,0,0.07022169
2017,40,8424,0,0.063563414
2017,40,8425,0,0.15885259
2017,40,8426,0,0.11649212
2017,40,8427,0,0.13338076
2017,40,8428,0,0.12363843
2017,40,8429,0,0.106876135
2017,40,8430,0,0.13779135
2017,40,8431,0,0.03809029
2017,40,8432,0,0.06488122
2017,40,8433,0,0.1136273
2017,40,8434,0,0.11469697
2017,40,8435,0,0.25132343
2017,40,8436,0,0.21234527
2017,40,8437,0,0.13391
2017,40,8438,0,0.061162785
2017,40,8439,0,0.22437967
2017,40,8440,0,0.19167928
2017,40,8441,1,0.57181686
2017,40,8442,0,0.18201742
2017,40,8443,0,0.049720395
2017,40,8444,0,0.22995189
2017,40,8445,0,0.1333671
2017,40,8446,0,0.36847726
2017,40,8448,0,0.19327684
2017,40,8449,0,0.20775466
2017,40,8450,0,0.28416935
2017,40,8451,0,0.0939958
2017,40,8452,1,0.5022795
2017,40,8453,1,0.23304227
2017,40,8454,1,0.1467008
2017,40,8455,0,0.20032711
2017,40,8456,0,0.07974423
2017,40,8457,0,0.27124897
2017,40,8458,0,0.2101392
2017,40,8459,0,0.25111982
2017,40,8460,0,0.113420926
2017,40,8461,0,0.11432417
2017,40,8462,0,0.13320577
2017,40,8463,0,0.3214748
2017,40,8464,0,0.16898066
2017,40,8465,0,0.11774118
2017,40,8466,0,0.049443632
2017,40,8467,0,0.090359725
2017,40,8468,0,0.17641309
2017,40,8470,0,0.45777726
2017,40,8471,0,0.03519916
2017,40,8472,0,0.11126136
2017,40,8473,0,0.10684141
2017,40,8474,0,0.17701553
2017,40,8475,0,0.2855222
2017,40,8476,1,0.22066787
2017,40,8477,0,0.04243854
2017,40,8478,0,0.3799922
2017,40,8479,0,0.043991692
2017,40,8480,0,0.11727668
2017,40,8481,0,0.051883243
2017,40,8482,0,0.08197198
2017,40,8483,0,0.07032584
2017,40,8484,0,0.07945624
2017,40,8485,0,0.076242894
2017,724,8401,0,0.25002098
2017,724,8402,0,0.2241095
2017,724,8403,0,0.19598496
2017,724,8404,0,0.23966333
2017,724,8405,0,0.21261121
2017,724,8407,0,0.087974295
2017,724,8408,0,0.12975843
2017,724,8409,0,0.053633977
2017,724,8410,0,0.14683285
2017,724,8411,0,0.08466836
2017,724,8412,0,0.1500381
2017,724,8413,0,0.050281085
2017,724,8414,0,0.076110095
2017,724,8415,0,0.106389046
2017,724,8416,0,0.15389198
2017,724,8417,0,0.18553337
2017,724,8418,0,0.14701325
2017,724,8419,0,0.1877247
2017,724,8420,0,0.10130155
2017,724,8421,0,0.09795489
2017,724,8422,0,0.055706676
2017,724,8423,0,0.09946097
2017,724,8424,0,0.0727409
2017,724,8425,0,0.102190636
2017,724,8426,0,0.117978685
2017,724,8427,0,0.063996606
2017,724,8428,0,0.15674259
2017,724,8430,0,0.16799097
2017,724,8431,0,0.032453604
2017,724,8432,0,0.06752747
2017,724,8433,0,0.1366986
2017,724,8434,0,0.115935154
2017,724,8435,0,0.24033564
2017,724,8436,0,0.088420644
2017,724,8437,0,0.13714547
2017,724,8438,0,0.09483448
2017,724,8439,0,0.2897478
2017,724,8440,1,0.4200148
2017,724,8441,0,0.12258685
2017,724,8442,0,0.28042233
2017,724,8443,0,0.03235225
2017,724,8444,0,0.2887587
2017,724,8445,0,0.12466689
2017,724,8446,0,0.33288285
2017,724,8447,0,0.14130741
2017,724,8448,0,0.06411633
2017,724,8449,0,0.6617799
2017,724,8450,0,0.13140818
2017,724,8451,0,0.066477
2017,724,8452,0,0.17312975
2017,724,8453,0,0.13943134
2017,724,8454,0,0.30101854
2017,724,8455,0,0.337852
2017,724,8456,0,0.16736445
2017,724,8457,0,0.16025226
2017,724,8458,0,0.06373904
2017,724,8459,0,0.19722041
2017,724,8460,0,0.112785764
2017,724,8461,0,0.09318338
2017,724,8462,0,0.091299824
2017,724,8463,0,0.16308568
2017,724,8464,0,0.0681671
2017,724,8465,0,0.07567311
2017,724,8466,0,0.041233778
2017,724,8467,0,0.14883372
2017,724,8468,0,0.1804953
2017,724,8470,0,0.23190473
2017,724,8471,0,0.05650145
2017,724,8472,0,0.08154195
2017,724,8473,0,0.10084165
2017,724,8474,0,0.15936244
2017,724,8475,0,0.491299
2017,724,8476,0,0.22716376
2017,724,8477,0,0.07744203
2017,724,8478,1,0.3597196
2017,724,8479,0,0.032879576
2017,724,8480,0,0.09610956
2017,724,8481,0,0.063722365
2017,724,8482,0,0.06589029
2017,724,8483,0,0.08767787
2017,724,8484,0,0.090464935
2018,842,8401,0,0.21023245
2018,842,8402,0,0.18478341
2018,842,8403,0,0.08200306
2018,842,8404,1,0.21677697
2018,842,8405,0,0.27770364
2018,842,8406,0,0.09561294
2018,842,8407,0,0.08191613
2018,842,8408,0,0.332972
2018,842,8409,0,0.11521006
2018,842,8410,1,0.17333354
2018,842,8411,0,0.09460022
2018,842,8412,0,0.057079196
2018,842,8413,0,0.16059282
2018,842,8414,0,0.14266717
2018,842,8415,0,0.13680978
2018,842,8416,0,0.20080458
2018,842,8417,0,0.1309138
2018,842,8418,0,0.14722334
2018,842,8419,0,0.19811694
2018,842,8420,1,0.13939643
2018,842,8421,0,0.106630914
2018,842,8422,0,0.07088239
2018,842,8423,0,0.16405642
2018,842,8424,0,0.09962017
2018,842,8425,0,0.1354544
2018,842,8426,0,0.14668454
2018,842,8427,0,0.08136641
2018,842,8428,0,0.16759951
2018,842,8429,0,0.04892747
2018,842,8430,0,0.103245445
2018,842,8431,0,0.062699
2018,842,8432,0,0.16389565
2018,842,8433,0,0.08461644
2018,842,8434,0,0.15295838
2018,842,8435,1,0.2808323
2018,842,8436,0,0.08992427
2018,842,8437,0,0.37449738
2018,842,8438,0,0.083618306
2018,842,8439,0,0.16429919
2018,842,8440,0,0.11664396
2018,842,8441,0,0.1450399
2018,842,8442,0,0.3452956
2018,842,8443,0,0.020822171
2018,842,8444,0,0.17722242
2018,842,8445,0,0.1622308
2018,842,8446,0,0.2904958
2018,842,8449,0,0.19563058
2018,842,8450,0,0.20861782
2018,842,8451,0,0.1527486
2018,842,8453,0,0.13443406
2018,842,8454,0,0.12065726
2018,842,8455,0,0.16518505
2018,842,8456,1,0.08428473
2018,842,8457,0,0.12356942
2018,842,8458,0,0.1111768
2018,842,8459,0,0.13408826
2018,842,8460,0,0.06982481
2018,842,8461,1,0.11280216
2018,842,8462,0,0.0698332
2018,842,8463,0,0.13126756
2018,842,8464,0,0.1133341
2018,842,8465,0,0.099444784
2018,842,8466,0,0.031528242
2018,842,8467,0,0.14655235
2018,842,8468,0,0.14322545
2018,842,8470,0,0.26355562
2018,842,8471,0,0.020727215
2018,842,8472,0,0.080734685
2018,842,8473,0,0.082051374
2018,842,8474,0,0.16001362
2018,842,8475,0,0.18611957
2018,842,8476,0,0.11256255
2018,842,8477,0,0.08387547
2018,842,8478,0,0.2757004
2018,842,8479,0,0.06822129
2018,842,8480,0,0.16341527
2018,842,8481,0,0.072416656
2018,842,8482,0,0.09234291
2018,842,8483,0,0.06488605
2018,842,8484,0,0.09460926
2018,842,8485,0,0.0730314
2018,276,8401,1,0.4129187
2018,276,8402,1,0.17432015
2018,276,8403,0,0.055015676
2018,276,8404,0,0.10271005
2018,276,8405,0,0.28878528
2018,276,8406,0,0.12528738
2018,276,8407,0,0.08801765
2018,276,8408,0,0.15302677
2018,276,8409,0,0.056772456
2018,276,8411,0,0.079974964
2018,276,8412,0,0.063732505
2018,276,8413,0,0.08642453
2018,276,8414,0,0.077886805
2018,276,8415,0,0.08989307
2018,276,8416,0,0.09907239
2018,276,8417,0,0.08076375
2018,276,8418,0,0.107294396
2018,276,8419,0,0.13910225
2018,276,8420,0,0.09185272
2018,276,8421,0,0.052168023
2018,276,8422,0,0.08001948
2018,276,8423,0,0.16011588
2018,276,8424,0,0.0713197
2018,276,8425,0,0.110471465
2018,276,8426,0,0.059329268
2018,276,8427,0,0.096584216
2018,276,8428,0,0.0881698
2018,276,8429,0,0.028127344
2018,276,8430,0,0.07664328
2018,276,8431,0,0.03267712
2018,276,8432,0,0.064867735
2018,276,8433,0,0.087037034
2018,276,8434,0,0.10268705
2018,276,8435,0,0.14967647
2018,276,8436,0,0.0691573
2018,276,8437,0,0.093315184
2018,276,8438,0,0.05762191
2018,276,8439,0,0.12797058
2018,276,8440,0,0.09770571
2018,276,8441,0,0.12229789
2018,276,8442,0,0.14209425
2018,276,8443,0,0.03456581
2018,276,8444,0,0.5927681
2018,276,8445,1,0.369674
2018,276,8446,1,0.2977214
2018,276,8447,1,0.5253936
2018,276,8448,1,0.053838883
2018,276,8449,0,0.25235343
2018,276,8450,0,0.19405669
2018,276,8451,0,0.073386654
2018,276,8452,0,0.06728997
2018,276,8453,1,0.14200225
2018,276,8454,0,0.11429917
2018,276,8455,0,0.15441002
2018,276,8456,0,0.073782906
2018,276,8457,0,0.13793956
2018,276,8458,0,0.06786167
2018,276,8459,0,0.06883417
2018,276,8460,0,0.044553135
2018,276,8461,0,0.07005298
2018,276,8462,0,0.051323704
2018,276,8463,0,0.10545976
2018,276,8464,0,0.06555535
2018,276,8465,0,0.06837492
2018,276,8466,0,0.025013551
2018,276,8467,0,0.14742741
2018,276,8468,0,0.20226663
2018,276,8470,0,0.2487271
2018,276,8471,0,0.033955615
2018,276,8472,0,0.05411623
2018,276,8473,0,0.12452984
2018,276,8474,0,0.09150513
2018,276,8475,0,0.11473928
2018,276,8476,0,0.16910626
2018,276,8477,0,0.08985472
2018,276,8478,1,0.080497086
2018,276,8479,0,0.049983904
2018,276,8480,0,0.08092997
2018,276,8481,0,0.08283786
2018,276,8482,0,0.040112276
2018,276,8483,0,0.036865667
2018,276,8484,0,0.10271709
2018,276,8485,0,0.07000739
2018,392,8401,0,0.33088163
2018,392,8402,1,0.2751238
2018,392,8403,0,0.20498042
2018,392,8404,1,0.22379488
2018,392,8406,1,0.12399006
2018,392,8407,0,0.06110389
2018,392,8408,0,0.076370694
2018,392,8409,0,0.049770672
2018,392,8411,0,0.08056087
2018,392,8412,0,0.066525
2018,392,8413,0,0.08167595
2018,392,8414,0,0.06928774
2018,392,8415,0,0.099343605
2018,392,8416,0,0.15520813
2018,392,8417,0,0.20531136
2018,392,8418,0,0.12616065
2018,392,8419,0,0.10066415
2018,392,8420,1,0.23319116
2018,392,8421,0,0.052812196
2018,392,8422,0,0.049048368
2018,392,8423,0,0.18213268
2018,392,8424,0,0.065208174
2018,392,8425,0,0.10751179
2018,392,8426,0,0.06372697
2018,392,8427,0,0.028043162
2018,392,8428,0,0.0838375
2018,392,8429,0,0.04193402
2018,392,8430,0,0.09606157
2018,392,8431,0,0.03829838
2018,392,8432,0,0.103647314
2018,392,8433,0,0.09125043
2018,392,8434,0,0.13169779
2018,392,8435,0,0.33664373
2018,392,8437,1,0.26506504
2018,392,8438,0,0.0638311
2018,392,8439,0,0.17423834
2018,392,8440,0,0.1388918
2018,392,8441,0,0.09555817
2018,392,8442,0,0.26166317
2018,392,8443,0,0.034756128
2018,392,8444,0,0.29628393
2018,392,8445,1,0.30181634
2018,392,8446,0,0.29923636
2018,392,8447,1,0.35251802
2018,392,8448,0,0.08859634
2018,392,8449,0,0.22006337
2018,392,8450,0,0.23104556
2018,392,8451,0,0.106907114
2018,392,8452,0,0.08022189
2018,392,8453,1,0.14246008
2018,392,8454,0,0.14296672
2018,392,8455,0,0.16959046
2018,392,8456,1,0.12690255
2018,392,8457,1,0.13958906
2018,392,8458,0,0.10553828
2018,392,8459,0,0.088641524
2018,392,8460,0,0.10108193
2018,392,8461,0,0.11404299
2018,392,8462,0,0.092655264
2018,392,8463,0,0.13257548
2018,392,8464,1,0.18779525
2018,392,8465,0,0.07899059
2018,392,8466,0,0.038597967
2018,392,8467,0,0.13186535
2018,392,8468,0,0.3252938
2018,392,8470,1,0.50853807
2018,392,8471,0,0.03616196
2018,392,8472,0,0.06798355
2018,392,8473,0,0.10987118
2018,392,8474,0,0.078695
2018,392,8475,1,0.1957174
2018,392,8476,0,0.14018774
2018,392,8477,0,0.074080184
2018,392,8478,0,0.4072613
2018,392,8479,0,0.093161665
2018,392,8480,0,0.07836823
2018,392,8481,0,0.046076514
2018,392,8482,0,0.04421479
2018,392,8483,0,0.0478092
2018,392,8484,0,0.039636876
2018,392,8485,0,0.07084095
2018,156,8401,1,0.38184243
2018,156,8402,0,0.09069159
2018,156,8403,0,0.08139656
2018,156,8404,1,0.1778481
2018,156,8405,0,0.07173657
2018,156,8407,0,0.054516707
2018,156,8408,0,0.0360005
2018,156,8409,0,0.04122149
2018,156,8411,0,0.07585586
2018,156,8412,0,0.040442336
2018,156,8413,0,0.06374423
2018,156,8414,0,0.05642186
2018,156,8415,0,0.10977596
2018,156,8416,0,0.048661888
2018,156,8417,0,0.08668534
2018,156,8418,0,0.12915118
2018,156,8419,0,0.2756164
2018,156,8420,0,0.09877131
2018,156,8421,0,0.04107398
2018,156,8422,0,0.033167526
2018,156,8423,0,0.09604146
2018,156,8424,0,0.038589943
2018,156,8425,0,0.050482173
2018,156,8426,0,0.04663471
2018,156,8427,0,0.045370888
2018,156,8428,0,0.038364064
2018,156,8431,0,0.01957671
2018,156,8432,0,0.015520957
2018,156,8433,0,0.039426453
2018,156,8434,1,0.041693605
2018,156,8436,0,0.028370114
2018,156,8439,0,0.113305256
2018,156,8440,0,0.07816146
2018,156,8441,0,0.031558022
2018,156,8442,0,0.14477746
2018,156,8443,0,0.021421008
2018,156,8444,0,0.08808611
2018,156,8445,0,0.082374215
2018,156,8446,0,0.13630596
2018,156,8447,0,0.21712197
2018,156,8448,0,0.03641693
2018,156,8449,0,0.18365405
2018,156,8450,0,0.16949062
2018,156,8451,0,0.078110225
2018,156,8452,0,0.10168091
2018,156,8453,0,0.057403196
2018,156,8454,0,0.27282825
2018,156,8455,0,0.079355404
2018,156,8456,0,0.044387467
2018,156,8457,0,0.039229866
2018,156,8458,0,0.025000315
2018,156,8459,0,0.023413468
2018,156,8460,0,0.02569725
2018,156,8461,0,0.020910813
2018,156,8462,0,0.024362024
2018,156,8463,0,0.08763183
2018,156,8464,0,0.05809498
2018,156,8465,0,0.09860751
2018,156,8466,0,0.017021349
2018,156,8467,0,0.06926059
2018,156,8468,0,0.073377885
2018,156,8470,0,0.16089253
2018,156,8471,0,0.022579616
2018,156,8472,0,0.03113012
2018,156,8473,0,0.057738863
2018,156,8475,0,0.06589316
2018,156,8476,0,0.114848725
2018,156,8477,0,0.03620993
2018,156,8478,0,0.086717226
2018,156,8479,0,0.04301167
2018,156,8480,0,0.092239074
2018,156,8481,0,0.056468852
2018,156,8482,0,0.030929592
2018,156,8483,0,0.042182527
2018,156,8484,0,0.0434713
2018,380,8401,0,0.25991195
2018,380,8402,1,0.2628174
2018,380,8403,0,0.07936221
2018,380,8404,0,0.16873997
2018,380,8405,0,0.14759454
2018,380,8406,1,0.5342571
2018,380,8407,0,0.4020191
2018,380,8408,1,0.2614442
2018,380,8409,0,0.088792376
2018,380,8411,0,0.111133344
2018,380,8412,0,0.102508895
2018,380,8413,0,0.09474627
2018,380,8414,0,0.10000403
2018,380,8415,0,0.16966638
2018,380,8416,0,0.11051226
2018,380,8417,0,0.35895005
2018,380,8418,0,0.12255169
2018,380,8419,0,0.20302495
2018,380,8420,0,0.2214887
2018,380,8421,0,0.0875525
2018,380,8422,0,0.09056116
2018,380,8423,0,0.12627344
2018,380,8424,0,0.121306255
2018,380,8425,0,0.16909757
2018,380,8426,0,0.058882862
2018,380,8427,0,0.08724236
2018,380,8428,0,0.12577337
2018,380,8429,0,0.03385142
2018,380,8430,0,0.09917733
2018,380,8431,0,0.030419918
2018,380,8432,0,0.06649047
2018,380,8433,0,0.06828484
2018,380,8434,0,0.11360286
2018,380,8435,0,0.120768525
2018,380,8436,0,0.07288726
2018,380,8438,0,0.12898272
2018,380,8439,1,0.15065308
2018,380,8440,1,0.2366328
2018,380,8441,0,0.2255506
2018,380,8442,0,0.31454146
2018,380,8443,0,0.024073543
2018,380,8444,0,0.25276446
2018,380,8445,0,0.2271721
2018,380,8446,1,0.278508
2018,380,8447,0,0.61122864
2018,380,8448,1,0.07120462
2018,380,8449,0,0.35984948
2018,380,8450,0,0.22750041
2018,380,8451,0,0.22250171
2018,380,8453,1,0.07658038
2018,380,8454,0,0.15216413
2018,380,8455,0,0.08317743
2018,380,8456,0,0.04635751
2018,380,8457,0,0.05736213
2018,380,8458,0,0.08183646
2018,380,8459,0,0.088612586
2018,380,8460,0,0.046342567
2018,380,8461,0,0.08099997
2018,380,8462,0,0.07001789
2018,380,8463,0,0.07851046
2018,380,8464,0,0.09095881
2018,380,8465,0,0.08358296
2018,380,8466,0,0.04523751
2018,380,8467,0,0.17408118
2018,380,8468,0,0.1837143
2018,380,8470,0,0.29031628
2018,380,8471,0,0.043525163
2018,380,8472,0,0.110879146
2018,380,8473,0,0.08596396
2018,380,8474,0,0.38617614
2018,380,8475,0,0.47747448
2018,380,8476,0,0.12431832
2018,380,8477,0,0.09814262
2018,380,8478,0,0.13370493
2018,380,8479,0,0.063032046
2018,380,8480,1,0.10492345
2018,380,8481,0,0.07799845
2018,380,8482,0,0.08636751
2018,380,8483,0,0.102629185
2018,380,8484,0,0.090663835
2018,380,8485,0,0.08899312
2018,826,8401,1,0.6384243
2018,826,8402,0,0.1267605
2018,826,8403,0,0.24678735
2018,826,8404,0,0.09647122
2018,826,8405,0,0.17872727
2018,826,8406,0,0.17339462
2018,826,8408,0,0.70994425
2018,826,8409,0,0.05334245
2018,826,8410,1,0.4634863
2018,826,8411,0,0.08961074
2018,826,8412,0,0.0970238
2018,826,8413,0,0.1078459
2018,826,8414,0,0.1214538
2018,826,8415,0,0.12331009
2018,826,8416,0,0.13137817
2018,826,8418,0,0.13187315
2018,826,8419,0,0.17132801
2018,826,8420,1,0.1796428
2018,826,8421,0,0.10839151
2018,826,8422,0,0.08903306
2018,826,8423,0,0.14242926
2018,826,8424,0,0.09242761
2018,826,8425,0,0.20726597
2018,826,8426,0,0.057991322
2018,826,8427,0,0.1034472
2018,826,8428,0,0.106592156
2018,826,8429,0,0.025520552
2018,826,8430,0,0.059463363
2018,826,8431,0,0.033630516
2018,826,8432,0,0.042327598
2018,826,8433,0,0.16997747
2018,826,8434,0,0.22387417
2018,826,8435,1,0.4794525
2018,826,8436,0,0.11774024
2018,826,8437,0,0.07623272
2018,826,8438,0,0.059060384
2018,826,8439,0,0.12405545
2018,826,8440,0,0.20259778
2018,826,8441,1,0.14887983
2018,826,8442,0,0.22967097
2018,826,8443,1,0.055461086
2018,826,8444,1,0.38478124
2018,826,8445,1,0.19654611
2018,826,8446,1,0.85887396
2018,826,8447,0,0.6873877
2018,826,8448,0,0.076341875
2018,826,8449,1,0.5942656
2018,826,8450,0,0.2210475
2018,826,8451,0,0.16879098
2018,826,8452,0,0.123605855
2018,826,8453,0,0.14394596
2018,826,8454,0,0.19111067
2018,826,8455,0,0.23225072
2018,826,8456,0,0.12041362
2018,826,8457,1,0.22178236
2018,826,8458,0,0.13679847
2018,826,8459,0,0.1775817
2018,826,8460,0,0.06761613
2018,826,8461,0,0.18063259
2018,826,8462,0,0.058354605
2018,826,8463,0,0.14389353
2018,826,8464,0,0.16032843
2018,826,8465,1,0.23803699
2018,826,8466,0,0.0560453
2018,826,8467,0,0.116525136
2018,826,8468,0,0.2284119
2018,826,8470,0,0.4399756
2018,826,8471,0,0.034648772
2018,826,8472,0,0.2598507
2018,826,8473,0,0.114483885
2018,826,8474,0,0.11972345
2018,826,8475,0,0.12154773
2018,826,8476,0,0.20159042
2018,826,8477,0,0.06746131
2018,826,8478,0,0.12282948
2018,826,8479,0,0.08454607
2018,826,8480,0,0.16258164
2018,826,8481,0,0.09299531
2018,826,8482,0,0.063510776
2018,826,8483,0,0.076096095
2018,826,8484,0,0.062033582
2018,826,8485,0,0.091823705
2018,251,8401,1,0.2998161
2018,251,8403,0,0.08908736
2018,251,8404,0,0.24824306
2018,251,8407,0,0.108601846
2018,251,8408,1,0.21793348
2018,251,8409,0,0.090834476
2018,251,8411,0,0.07876761
2018,251,8412,0,0.23212221
2018,251,8413,0,0.12308808
2018,251,8414,0,0.10838975
2018,251,8415,0,0.23575203
2018,251,8416,0,0.17871442
2018,251,8417,0,0.09545199
2018,251,8418,0,0.20388326
2018,251,8419,0,0.1978018
2018,251,8420,0,0.13627414
2018,251,8421,0,0.09685712
2018,251,8422,0,0.11379619
2018,251,8424,0,0.19454916
2018,251,8425,0,0.15712826
2018,251,8426,0,0.12646782
2018,251,8427,0,0.07834939
2018,251,8428,0,0.19289578
2018,251,8429,0,0.04387509
2018,251,8430,0,0.1402261
2018,251,8431,0,0.040461753
2018,251,8432,0,0.05156515
2018,251,8433,0,0.13088918
2018,251,8434,1,0.29366302
2018,251,8435,0,0.16084298
2018,251,8436,0,0.10681074
2018,251,8438,0,0.11423976
2018,251,8439,0,0.14641081
2018,251,8440,0,0.42111766
2018,251,8441,0,0.21581788
2018,251,8442,0,0.3148658
2018,251,8443,0,0.031947896
2018,251,8444,1,0.51199055
2018,251,8445,0,0.379363
2018,251,8446,1,0.6153087
2018,251,8447,1,0.5075883
2018,251,8448,1,0.12820412
2018,251,8449,0,0.32192844
2018,251,8450,1,0.34421173
2018,251,8451,1,0.31103128
2018,251,8453,0,0.1578564
2018,251,8454,0,0.4766013
2018,251,8455,0,0.1626719
2018,251,8456,0,0.16127555
2018,251,8457,0,0.06923629
2018,251,8458,0,0.17721151
2018,251,8459,0,0.18248664
2018,251,8460,0,0.23698144
2018,251,8461,0,0.10909345
2018,251,8462,0,0.19242626
2018,251,8463,0,0.22199513
2018,251,8464,0,0.23524524
2018,251,8465,0,0.2181281
2018,251,8466,0,0.042934198
2018,251,8467,0,0.27228084
2018,251,8468,0,0.21675506
2018,251,8470,0,0.3146455
2018,251,8471,0,0.018904328
2018,251,8472,0,0.14168179
2018,251,8473,0,0.09473128
2018,251,8475,0,0.21226944
2018,251,8476,0,0.16515009
2018,251,8477,0,0.13340744
2018,251,8478,1,0.37829944
2018,251,8479,0,0.083623916
2018,251,8480,0,0.17456059
2018,251,8481,0,0.08818094
2018,251,8482,0,0.09094592
2018,251,8483,0,0.09655103
2018,251,8484,0,0.1455431
2018,251,8485,0,0.20845497
2018,490,8401,0,0.786254
2018,490,8402,0,0.14096579
2018,490,8403,0,0.15227543
2018,490,8404,0,0.15645702
2018,490,8405,0,0.39044636
2018,490,8406,1,0.34197688
2018,490,8407,1,0.19516096
2018,490,8408,0,0.16191424
2018,490,8409,0,0.10408037
2018,490,8410,0,0.50670296
2018,490,8411,1,0.11354935
2018,490,8412,0,0.07479215
2018,490,8413,0,0.10094149
2018,490,8414,0,0.09158757
2018,490,8415,0,0.13750312
2018,490,8416,0,0.28061846
2018,490,8417,0,0.17436817
2018,490,8418,0,0.10873745
2018,490,8419,0,0.08923031
2018,490,8420,0,0.23693372
2018,490,8421,0,0.077732526
2018,490,8422,0,0.050537735
2018,490,8423,0,0.15955359
2018,490,8424,0,0.07798733
2018,490,8425,0,0.1437014
2018,490,8426,0,0.07554485
2018,490,8427,0,0.10827752
2018,490,8428,1,0.09357118
2018,490,8429,1,0.26013064
2018,490,8430,1,0.16222696
2018,490,8431,0,0.050245367
2018,490,8432,0,0.12960398
2018,490,8433,0,0.10698358
2018,490,8434,0,0.25413433
2018,490,8435,0,0.14251232
2018,490,8436,0,0.0705274
2018,490,8437,1,0.11864825
2018,490,8438,0,0.049554545
2018,490,8439,0,0.10211461
2018,490,8440,0,0.22533357
2018,490,8441,0,0.08885314
2018,490,8442,1,0.22642422
2018,490,8443,0,0.040448222
2018,490,8444,1,0.26077178
2018,490,8445,0,0.14962344
2018,490,8446,1,0.3427209
2018,490,8447,1,0.15496302
2018,490,8448,0,0.10088239
2018,490,8449,0,0.2629075
2018,490,8450,0,0.27044782
2018,490,8451,1,0.10783266
2018,490,8452,0,0.0756405
2018,490,8453,0,0.1420362
2018,490,8454,0,0.16771333
2018,490,8455,0,0.1072651
2018,490,8456,0,0.12164599
2018,490,8457,1,0.10991289
2018,490,8458,0,0.089889236
2018,490,8459,1,0.16291465
2018,490,8460,0,0.07126244
2018,490,8461,0,0.083314076
2018,490,8462,0,0.063828446
2018,490,8463,1,0.088813655
2018,490,8464,1,0.255493
2018,490,8465,0,0.07136966
2018,490,8466,1,0.044762295
2018,490,8467,0,0.17653137
2018,490,8468,0,0.35329083
2018,490,8470,1,0.27543762
2018,490,8471,0,0.05815958
2018,490,8472,1,0.118749805
2018,490,8473,0,0.14321123
2018,490,8474,0,0.08722563
2018,490,8475,0,0.36023968
2018,490,8476,0,0.14273953
2018,490,8477,0,0.0555148
2018,490,8478,0,0.24574593
2018,490,8479,0,0.104084596
2018,490,8480,0,0.055643827
2018,490,8481,0,0.07852544
2018,490,8482,0,0.049217537
2018,490,8483,0,0.08269785
2018,490,8484,0,0.07257771
2018,490,8485,0,0.0735924
2018,702,8402,1,0.23576456
2018,702,8405,0,0.5945527
2018,702,8406,1,0.58096874
2018,702,8407,0,0.26196858
2018,702,8408,1,0.34990215
2018,702,8409,0,0.04538393
2018,702,8411,0,0.14249778
2018,702,8412,0,0.05118802
2018,702,8413,0,0.061090734
2018,702,8414,0,0.062023543
2018,702,8416,0,0.3673489
2018,702,8418,0,0.10205058
2018,702,8419,0,0.14082506
2018,702,8420,0,0.20157906
2018,702,8421,0,0.051683173
2018,702,8422,0,0.057708893
2018,702,8423,1,0.20629446
2018,702,8424,0,0.07043564
2018,702,8425,0,0.120498195
2018,702,8427,0,0.16418903
2018,702,8428,0,0.09169906
2018,702,8430,1,0.4776044
2018,702,8431,0,0.044737455
2018,702,8432,0,0.195468
2018,702,8433,1,0.45344552
2018,702,8434,1,0.31222993
2018,702,8435,1,0.35663474
2018,702,8436,0,0.1268374
2018,702,8437,0,0.18497391
2018,702,8438,0,0.13598992
2018,702,8439,0,0.28132248
2018,702,8440,1,0.6161323
2018,702,8441,0,0.10409371
2018,702,8442,1,0.50149155
2018,702,8443,0,0.055044863
2018,702,8445,1,0.26476192
2018,702,8446,1,0.73023474
2018,702,8448,0,0.16874042
2018,702,8449,1,0.4680015
2018,702,8451,0,0.21711253
2018,702,8452,0,0.18301615
2018,702,8453,0,0.19682288
2018,702,8454,1,0.6089722
2018,702,8455,0,0.1499374
2018,702,8456,1,0.10639002
2018,702,8457,0,0.27628213
2018,702,8458,0,0.26760408
2018,702,8459,0,0.14427654
2018,702,8460,0,0.17493257
2018,702,8461,0,0.14963198
2018,702,8462,0,0.4137256
2018,702,8463,1,0.5668151
2018,702,8464,0,0.25832993
2018,702,8465,0,0.106217876
2018,702,8466,0,0.12377009
2018,702,8467,0,0.16750395
2018,702,8468,0,0.24112307
2018,702,8470,0,0.18530719
2018,702,8471,1,0.029192142
2018,702,8473,0,0.081621245
2018,702,8474,1,0.109666914
2018,702,8475,1,0.3196443
2018,702,8476,0,0.34386116
2018,702,8477,0,0.11318586
2018,702,8479,0,0.11259157
2018,702,8480,1,0.1538712
2018,702,8481,0,0.056390855
2018,702,8482,0,0.05377956
2018,702,8483,0,0.043249186
2018,702,8484,0,0.08030288
2018,528,8401,0,0.23251301
2018,528,8403,0,0.08327882
2018,528,8404,0,0.13648637
2018,528,8405,0,0.18307057
2018,528,8407,1,0.20420188
2018,528,8408,0,0.1744226
2018,528,8409,0,0.07808954
2018,528,8410,0,0.1869408
2018,528,8411,0,0.124945186
2018,528,8412,0,0.078173846
2018,528,8413,0,0.10497975
2018,528,8414,0,0.19246083
2018,528,8415,0,0.20665208
2018,528,8416,1,0.15668052
2018,528,8417,1,0.43348306
2018,528,8418,0,0.1983091
2018,528,8419,0,0.13942637
2018,528,8420,0,0.24012244
2018,528,8421,0,0.08699524
2018,528,8422,0,0.090227865
2018,528,8423,0,0.22058496
2018,528,8424,0,0.2053469
2018,528,8425,0,0.1494516
2018,528,8426,0,0.08101852
2018,528,8427,0,0.10193785
2018,528,8428,0,0.16814256
2018,528,8429,0,0.050708156
2018,528,8430,0,0.11607026
2018,528,8431,0,0.037573952
2018,528,8432,0,0.08128035
2018,528,8433,0,0.1154544
2018,528,8434,0,0.119900234
2018,528,8435,0,0.14566877
2018,528,8436,0,0.10466715
2018,528,8437,1,0.2049593
2018,528,8438,0,0.08571511
2018,528,8439,0,0.16319364
2018,528,8440,0,0.21865787
2018,528,8441,0,0.15462159
2018,528,8442,0,0.26811165
2018,528,8443,0,0.04466152
2018,528,8444,1,0.63274217
2018,528,8445,1,0.66641456
2018,528,8446,0,0.43317172
2018,528,8447,0,0.23635118
2018,528,8448,1,0.273824
2018,528,8449,0,0.3495554
2018,528,8450,0,0.36646166
2018,528,8451,0,0.1693168
2018,528,8452,0,0.21329115
2018,528,8453,1,0.27269432
2018,528,8454,1,0.16017902
2018,528,8455,0,0.21527162
2018,528,8456,0,0.08389742
2018,528,8457,0,0.20931587
2018,528,8458,0,0.20492636
2018,528,8459,0,0.17252913
2018,528,8460,0,0.1124134
2018,528,8461,0,0.16094212
2018,528,8462,0,0.11740697
2018,528,8463,0,0.162699
2018,528,8464,0,0.21889502
2018,528,8465,1,0.14341083
2018,528,8466,0,0.085305355
2018,528,8467,1,0.1623049
2018,528,8468,0,0.29649645
2018,528,8470,0,0.4079557
2018,528,8471,0,0.038095433
2018,528,8472,0,0.13725844
2018,528,8473,0,0.1668368
2018,528,8474,0,0.16669005
2018,528,8475,0,0.14600709
2018,528,8476,0,0.42814922
2018,528,8477,0,0.082472004
2018,528,8478,0,0.08346805
2018,528,8479,0,0.11240311
2018,528,8480,0,0.1742717
2018,528,8481,0,0.08622614
2018,528,8482,0,0.13687536
2018,528,8483,0,0.090804905
2018,528,8484,0,0.11258511
2018,528,8485,0,0.0982051
2018,410,8401,1,0.2650251
2018,410,8402,0,0.1791663
2018,410,8403,0,0.058887962
2018,410,8404,0,0.12735756
2018,410,8405,1,0.14683972
2018,410,8406,1,0.5430004
2018,410,8407,0,0.10470478
2018,410,8408,0,0.07350197
2018,410,8409,0,0.039657585
2018,410,8410,1,0.6861325
2018,410,8411,0,0.101655096
2018,410,8412,0,0.0561725
2018,410,8413,0,0.063112184
2018,410,8414,0,0.075160295
2018,410,8415,0,0.10365566
2018,410,8416,0,0.17278975
2018,410,8417,0,0.2522613
2018,410,8418,0,0.15250792
2018,410,8419,0,0.106393605
2018,410,8420,1,0.3925454
2018,410,8421,0,0.04604672
2018,410,8422,0,0.05990436
2018,410,8423,0,0.17797118
2018,410,8424,0,0.104771286
2018,410,8425,0,0.12123082
2018,410,8426,0,0.11065157
2018,410,8427,0,0.08613338
2018,410,8428,0,0.061998453
2018,410,8429,0,0.03893123
2018,410,8431,0,0.02802435
2018,410,8432,0,0.122054294
2018,410,8433,0,0.117753595
2018,410,8435,0,0.14270748
2018,410,8436,1,0.5769828
2018,410,8437,0,0.11538491
2018,410,8438,0,0.06364365
2018,410,8439,0,0.18210186
2018,410,8440,1,0.263847
2018,410,8441,0,0.060263112
2018,410,8442,0,0.32352075
2018,410,8443,0,0.035669487
2018,410,8444,0,0.24812603
2018,410,8445,1,0.2565671
2018,410,8446,1,0.18109941
2018,410,8447,1,0.32582107
2018,410,8448,0,0.23038371
2018,410,8449,1,0.34088436
2018,410,8450,0,0.11838271
2018,410,8451,0,0.11017487
2018,410,8452,0,0.1809746
2018,410,8453,0,0.18872538
2018,410,8454,0,0.29561627
2018,410,8455,0,0.22942361
2018,410,8456,0,0.10357457
2018,410,8457,0,0.10347287
2018,410,8458,0,0.13644771
2018,410,8459,0,0.15275086
2018,410,8460,0,0.19852668
2018,410,8461,0,0.14362992
2018,410,8462,0,0.08398291
2018,410,8463,0,0.11347778
2018,410,8464,0,0.20630056
2018,410,8465,0,0.09408258
2018,410,8466,0,0.04961214
2018,410,8467,1,0.14284647
2018,410,8468,0,0.24427976
2018,410,8470,0,0.7031885
2018,410,8471,0,0.05173011
2018,410,8472,0,0.12373676
2018,410,8473,0,0.14400278
2018,410,8474,0,0.1035709
2018,410,8475,1,0.21690412
2018,410,8476,0,0.14661036
2018,410,8477,0,0.073511556
2018,410,8478,1,0.33390525
2018,410,8479,0,0.11505758
2018,410,8480,0,0.060339767
2018,410,8481,0,0.052309327
2018,410,8482,0,0.08408172
2018,410,8483,0,0.055820417
2018,410,8484,0,0.057237163
2018,410,8485,0,0.061454326
2018,458,8404,0,0.13605843
2018,458,8405,0,0.21924727
2018,458,8406,1,0.3049266
2018,458,8407,0,0.15307553
2018,458,8409,0,0.29229724
2018,458,8411,0,0.2754687
2018,458,8412,0,0.12623537
2018,458,8413,0,0.10649504
2018,458,8414,0,0.07856471
2018,458,8415,0,0.086020716
2018,458,8416,1,0.31725618
2018,458,8417,0,0.2626799
2018,458,8418,0,0.13420056
2018,458,8419,0,0.19006842
2018,458,8420,1,0.6588039
2018,458,8421,0,0.087799974
2018,458,8422,1,0.24831471
2018,458,8423,1,0.41512504
2018,458,8424,0,0.082166016
2018,458,8426,0,0.19103833
2018,458,8427,0,0.31284866
2018,458,8428,0,0.06566273
2018,458,8430,1,0.45198494
2018,458,8431,0,0.09494505
2018,458,8434,1,0.647436
2018,458,8436,0,0.12030605
2018,458,8437,0,0.3519364
2018,458,8438,0,0.09568769
2018,458,8439,0,0.14729589
2018,458,8441,0,0.2238678
2018,458,8442,0,0.38314125
2018,458,8443,0,0.0838686
2018,458,8445,1,0.64986306
2018,458,8447,1,0.5681821
2018,458,8448,1,0.1590087
2018,458,8451,0,0.38700733
2018,458,8452,0,0.19995046
2018,458,8454,1,0.21535754
2018,458,8455,0,0.23981254
2018,458,8456,1,0.0954679
2018,458,8458,0,0.2615454
2018,458,8459,0,0.24375415
2018,458,8460,0,0.30022675
2018,458,8462,1,0.21672396
2018,458,8463,0,0.16449532
2018,458,8464,0,0.20238467
2018,458,8465,1,0.27202764
2018,458,8466,1,0.11913178
2018,458,8468,0,0.29114446
2018,458,8470,1,0.22484916
2018,458,8471,0,0.032614995
2018,458,8472,1,0.14898552
2018,458,8473,1,0.08566527
2018,458,8474,0,0.1295555
2018,458,8475,0,0.23484045
2018,458,8476,0,0.2048922
2018,458,8477,0,0.17383821
2018,458,8478,1,0.18677998
2018,458,8479,0,0.10122875
2018,458,8480,1,0.22209446
2018,458,8481,0,0.09284588
2018,458,8482,0,0.085963316
2018,458,8484,0,0.0844318
2018,458,8485,1,0.31088215
2018,124,8401,1,0.55033237
2018,124,8402,1,0.19993718
2018,124,8403,0,0.116923586
2018,124,8404,0,0.2904118
2018,124,8405,1,0.3642413
2018,124,8406,1,0.266343
2018,124,8407,0,0.08094011
2018,124,8408,0,0.18449147
2018,124,8409,0,0.08717141
2018,124,8410,0,0.33299178
2018,124,8411,0,0.06354361
2018,124,8412,0,0.0692918
2018,124,8413,0,0.13824257
2018,124,8414,0,0.13307585
2018,124,8415,0,0.12492545
2018,124,8416,0,0.1953387
2018,124,8417,0,0.15587631
2018,124,8418,0,0.13669437
2018,124,8419,0,0.14550228
2018,124,8420,0,0.24681453
2018,124,8421,0,0.12429858
2018,124,8422,0,0.11077527
2018,124,8423,0,0.17785424
2018,124,8424,0,0.15699883
2018,124,8425,0,0.13206626
2018,124,8426,0,0.12282242
2018,124,8427,0,0.096170224
2018,124,8428,0,0.12173109
2018,124,8429,0,0.21105334
2018,124,8430,0,0.15221608
2018,124,8431,0,0.044448256
2018,124,8432,0,0.09104421
2018,124,8433,0,0.07674336
2018,124,8434,0,0.65947896
2018,124,8436,0,0.079622135
2018,124,8437,0,0.24755964
2018,124,8438,0,0.09970346
2018,124,8439,0,0.15062891
2018,124,8440,1,0.30969605
2018,124,8441,0,0.13925315
2018,124,8442,0,0.2770097
2018,124,8443,1,0.081325315
2018,124,8445,1,0.5340889
2018,124,8447,0,0.55779475
2018,124,8448,1,0.24798886
2018,124,8451,0,0.27027246
2018,124,8452,1,0.3843326
2018,124,8453,0,0.22295183
2018,124,8454,0,0.16271675
2018,124,8455,0,0.2612664
2018,124,8456,1,0.13798076
2018,124,8457,1,0.16557054
2018,124,8458,0,0.32150757
2018,124,8459,0,0.14642815
2018,124,8460,0,0.1273509
2018,124,8461,0,0.2096791
2018,124,8462,0,0.13438968
2018,124,8463,1,0.15451314
2018,124,8464,0,0.13572673
2018,124,8465,0,0.10038817
2018,124,8466,0,0.057614375
2018,124,8467,0,0.1660626
2018,124,8468,0,0.27031997
2018,124,8470,0,0.24279371
2018,124,8471,0,0.05533213
2018,124,8472,0,0.25312063
2018,124,8473,0,0.12006963
2018,124,8474,0,0.12461815
2018,124,8475,1,0.37064865
2018,124,8476,0,0.16359146
2018,124,8477,0,0.13728422
2018,124,8479,0,0.092642836
2018,124,8480,0,0.110501915
2018,124,8481,0,0.10477662
2018,124,8482,0,0.083661415
2018,124,8483,0,0.12818418
2018,124,8484,0,0.114100404
2018,124,8485,0,0.5175958
2018,484,8402,0,0.36632955
2018,484,8403,0,0.2781871
2018,484,8404,0,0.450105
2018,484,8405,0,0.3485786
2018,484,8406,0,0.3046247
2018,484,8407,0,0.12620561
2018,484,8408,0,0.10343732
2018,484,8409,0,0.07860753
2018,484,8411,0,0.103009075
2018,484,8412,0,0.07382809
2018,484,8413,0,0.108393535
2018,484,8414,0,0.11198921
2018,484,8415,0,0.091264606
2018,484,8416,0,0.2263042
2018,484,8417,0,0.475013
2018,484,8418,0,0.13353027
2018,484,8419,0,0.14586456
2018,484,8420,0,0.3836964
2018,484,8421,0,0.08386928
2018,484,8422,0,0.174994
2018,484,8423,0,0.21346228
2018,484,8424,0,0.12365184
2018,484,8425,0,0.1396491
2018,484,8426,1,0.18545948
2018,484,8427,0,0.21015021
2018,484,8428,0,0.13995652
2018,484,8429,1,0.18554612
2018,484,8430,1,0.46029028
2018,484,8431,0,0.061258618
2018,484,8432,1,0.36240855
2018,484,8433,0,0.10529045
2018,484,8434,0,0.25954434
2018,484,8436,0,0.15999159
2018,484,8437,0,0.16872384
2018,484,8438,0,0.14061609
2018,484,8439,1,0.2886468
2018,484,8441,0,0.21644567
2018,484,8442,0,0.46050173
2018,484,8443,0,0.100172244
2018,484,8450,0,0.34306487
2018,484,8451,0,0.27186325
2018,484,8452,0,0.4256496
2018,484,8453,0,0.5246299
2018,484,8454,1,0.5759857
2018,484,8455,0,0.45498365
2018,484,8456,0,0.3027833
2018,484,8457,0,0.18538888
2018,484,8458,1,0.7189859
2018,484,8459,0,0.23205325
2018,484,8460,0,0.14633203
2018,484,8461,0,0.3913796
2018,484,8462,1,0.5494454
2018,484,8463,0,0.23889095
2018,484,8465,1,0.14959946
2018,484,8466,0,0.085803784
2018,484,8467,0,0.16107263
2018,484,8468,0,0.28060955
2018,484,8470,0,0.7048914
2018,484,8471,0,0.104992464
2018,484,8472,0,0.544215
2018,484,8473,0,0.16471523
2018,484,8474,0,0.19931178
2018,484,8475,0,0.32777643
2018,484,8476,1,0.16497386
2018,484,8477,0,0.14445013
2018,484,8479,0,0.116608754
2018,484,8480,0,0.1639195
2018,484,8481,0,0.06746007
2018,484,8482,0,0.07716249
2018,484,8483,0,0.07345465
2018,484,8484,0,0.12030905
2018,484,8485,0,0.081722274
2018,757,8402,0,0.4898609
2018,757,8403,0,0.12250504
2018,757,8404,0,0.6703765
2018,757,8405,0,0.18733062
2018,757,8406,1,0.36287206
2018,757,8407,1,0.32296225
2018,757,8408,1,0.52177805
2018,757,8409,0,0.13764834
2018,757,8411,0,0.15611784
2018,757,8412,0,0.10845523
2018,757,8413,0,0.16847621
2018,757,8414,0,0.117258795
2018,757,8415,0,0.21135962
2018,757,8416,1,0.32680094
2018,757,8417,0,0.47442994
2018,757,8418,0,0.2537036
2018,757,8419,0,0.16773206
2018,757,8420,1,0.24025652
2018,757,8421,0,0.11177161
2018,757,8422,0,0.10813931
2018,757,8423,1,0.19103877
2018,757,8424,0,0.17373367
2018,757,8425,0,0.22795086
2018,757,8426,1,0.18576364
2018,757,8427,1,0.17403282
2018,757,8428,0,0.11528972
2018,757,8429,0,0.08892566
2018,757,8430,0,0.26265538
2018,757,8431,0,0.036489423
2018,757,8432,1,0.11329734
2018,757,8433,0,0.29792336
2018,757,8434,0,0.38135347
2018,757,8435,0,0.2223132
2018,757,8436,0,0.2323362
2018,757,8437,0,0.33425102
2018,757,8438,0,0.1840167
2018,757,8439,0,0.19995432
2018,757,8440,0,0.17935002
2018,757,8441,0,0.11995748
2018,757,8442,0,0.2953844
2018,757,8443,0,0.06853451
2018,757,8444,1,0.39489377
2018,757,8445,1,0.40729135
2018,757,8446,1,0.22271574
2018,757,8447,1,0.48868486
2018,757,8448,1,0.05881573
2018,757,8449,1,0.58597517
2018,757,8450,0,0.38343754
2018,757,8451,0,0.14797306
2018,757,8452,1,0.28703701
2018,757,8453,1,0.3691305
2018,757,8454,0,0.20457006
2018,757,8455,0,0.38621342
2018,757,8456,1,0.11915066
2018,757,8457,1,0.13797295
2018,757,8458,0,0.18530901
2018,757,8459,1,0.12761821
2018,757,8460,0,0.11853882
2018,757,8461,0,0.17313755
2018,757,8462,0,0.11448661
2018,757,8463,0,0.12739888
2018,757,8464,0,0.12544616
2018,757,8465,0,0.1560154
2018,757,8466,0,0.043912474
2018,757,8467,0,0.20661467
2018,757,8468,0,0.238552
2018,757,8470,0,0.30707708
2018,757,8471,0,0.038445264
2018,757,8472,0,0.16132155
2018,757,8473,0,0.13706645
2018,757,8474,0,0.15139972
2018,757,8475,1,0.1983471
2018,757,8476,1,0.1964856
2018,757,8477,0,0.110218056
2018,757,8478,1,0.73245996
2018,757,8479,0,0.10976775
2018,757,8480,0,0.12583995
2018,757,8481,0,0.170364
2018,757,8482,0,0.14060354
2018,757,8483,0,0.13203844
2018,757,8484,0,0.12368661
2018,757,8485,0,0.25842074
2018,764,8403,0,0.24280342
2018,764,8405,0,0.36357987
2018,764,8406,0,0.32937858
2018,764,8407,0,0.12617235
2018,764,8408,1,0.58830255
2018,764,8409,0,0.09209133
2018,764,8411,0,0.11200397
2018,764,8412,0,0.070247896
2018,764,8413,0,0.16138104
2018,764,8414,0,0.074083716
2018,764,8415,0,0.06604832
2018,764,8416,0,0.5235185
2018,764,8417,0,0.18772334
2018,764,8418,0,0.07159854
2018,764,8419,0,0.30531156
2018,764,8420,1,0.17950371
2018,764,8421,0,0.10275702
2018,764,8422,0,0.063559294
2018,764,8423,0,0.1446652
2018,764,8424,0,0.1858569
2018,764,8427,0,0.13030674
2018,764,8428,0,0.08055292
2018,764,8429,1,0.22601593
2018,764,8430,0,0.31873816
2018,764,8431,0,0.039048355
2018,764,8434,0,0.23963332
2018,764,8435,0,0.72545266
2018,764,8437,1,0.16714717
2018,764,8438,0,0.14365469
2018,764,8439,1,0.12885883
2018,764,8441,0,0.14249167
2018,764,8442,0,0.34905642
2018,764,8443,0,0.08183535
2018,764,8445,0,0.37374514
2018,764,8446,0,0.5349631
2018,764,8447,0,0.38270468
2018,764,8448,1,0.17382507
2018,764,8450,0,0.087876804
2018,764,8451,1,0.14015312
2018,764,8452,0,0.13828087
2018,764,8453,1,0.17100762
2018,764,8455,0,0.14196461
2018,764,8456,1,0.13287042
2018,764,8457,0,0.1834224
2018,764,8458,0,0.29206342
2018,764,8459,0,0.13748279
2018,764,8460,1,0.2714275
2018,764,8461,0,0.13372403
2018,764,8462,0,0.10045007
2018,764,8464,0,0.5709137
2018,764,8466,0,0.11491931
2018,764,8467,0,0.18965429
2018,764,8468,0,0.23636322
2018,764,8470,0,0.27570596
2018,764,8471,0,0.16578785
2018,764,8472,0,0.22270061
2018,764,8473,0,0.15045935
2018,764,8475,1,0.5180604
2018,764,8476,0,0.37495115
2018,764,8477,0,0.10084091
2018,764,8479,0,0.07509319
2018,764,8480,0,0.13947849
2018,764,8481,0,0.049845472
2018,764,8482,0,0.0577696
2018,764,8483,0,0.07323948
2018,764,8484,0,0.07081559
2018,764,8485,0,0.07939091
2018,752,8401,0,0.33884048
2018,752,8402,0,0.21328315
2018,752,8403,0,0.17770265
2018,752,8404,0,0.13644889
2018,752,8405,1,0.7604947
2018,752,8406,0,0.61547744
2018,752,8407,0,0.22354724
2018,752,8408,0,0.31415838
2018,752,8409,0,0.25846946
2018,752,8410,1,0.3307495
2018,752,8412,0,0.1086763
2018,752,8413,0,0.12976812
2018,752,8414,0,0.20876315
2018,752,8415,0,0.3453202
2018,752,8416,1,0.28145397
2018,752,8417,1,0.18886046
2018,752,8418,0,0.26508543
2018,752,8419,0,0.16481481
2018,752,8420,0,0.58809495
2018,752,8421,0,0.14531074
2018,752,8422,0,0.09831541
2018,752,8423,0,0.27795514
2018,752,8424,0,0.09212297
2018,752,8425,0,0.19920735
2018,752,8426,0,0.091559276
2018,752,8427,0,0.10338532
2018,752,8428,0,0.17887272
2018,752,8429,0,0.055570494
2018,752,8430,0,0.16476268
2018,752,8431,0,0.039872397
2018,752,8432,0,0.1128381
2018,752,8433,0,0.15206662
2018,752,8434,0,0.13003233
2018,752,8435,0,0.4114182
2018,752,8436,0,0.32486802
2018,752,8437,0,0.22712693
2018,752,8438,0,0.07327208
2018,752,8439,0,0.14652012
2018,752,8440,0,0.41379166
2018,752,8441,0,0.12438978
2018,752,8442,1,0.47395483
2018,752,8443,0,0.06764474
2018,752,8446,0,0.7082487
2018,752,8447,1,0.74888283
2018,752,8448,1,0.2609703
2018,752,8449,0,0.5556372
2018,752,8450,0,0.34776488
2018,752,8451,0,0.33216357
2018,752,8452,0,0.2541019
2018,752,8453,1,0.29211456
2018,752,8454,0,0.3956016
2018,752,8455,0,0.19860493
2018,752,8456,0,0.11542368
2018,752,8457,0,0.5536
2018,752,8458,0,0.41345733
2018,752,8459,0,0.5150848
2018,752,8460,0,0.14049266
2018,752,8461,1,0.22763543
2018,752,8462,0,0.14745814
2018,752,8463,0,0.24010308
2018,752,8464,0,0.23175208
2018,752,8465,0,0.25344774
2018,752,8466,0,0.060589224
2018,752,8467,0,0.2321745
2018,752,8468,0,0.21991466
2018,752,8470,1,0.48946318
2018,752,8471,0,0.08338658
2018,752,8472,1,0.106740125
2018,752,8473,1,0.23330408
2018,752,8474,0,0.18371718
2018,752,8475,0,0.33252403
2018,752,8476,0,0.27877635
2018,752,8477,0,0.1443881
2018,752,8478,1,0.72830147
2018,752,8479,0,0.109424576
2018,752,8480,0,0.20406668
2018,752,8481,0,0.12609711
2018,752,8482,0,0.04584347
2018,752,8483,0,0.11120814
2018,752,8484,0,0.10452324
2018,752,8485,0,0.093661584
2018,372,8402,1,0.76048416
2018,372,8403,0,0.24686207
2018,372,8406,1,0.5930264
2018,372,8409,0,0.20967041
2018,372,8411,0,0.23274995
2018,372,8412,0,0.34625387
2018,372,8413,0,0.24177009
2018,372,8414,0,0.14394063
2018,372,8415,0,0.27006704
2018,372,8418,0,0.26408124
2018,372,8419,0,0.27657905
2018,372,8421,0,0.14530757
2018,372,8422,0,0.2570051
2018,372,8423,0,0.47815675
2018,372,8424,0,0.32268134
2018,372,8425,0,0.3345511
2018,372,8426,1,0.55944335
2018,372,8427,0,0.1969183
2018,372,8428,0,0.17805913
2018,372,8429,1,0.29453376
2018,372,8430,1,0.2546855
2018,372,8431,0,0.08314928
2018,372,8432,0,0.23534265
2018,372,8433,0,0.16256538
2018,372,8434,1,0.27714652
2018,372,8436,0,0.29137492
2018,372,8437,1,0.39001223
2018,372,8438,0,0.27395478
2018,372,8441,0,0.26493898
2018,372,8443,0,0.11532673
2018,372,8448,0,0.22369392
2018,372,8450,0,0.42300445
2018,372,8451,1,0.3141497
2018,372,8456,0,0.4203637
2018,372,8457,1,0.4563284
2018,372,8462,1,0.33689538
2018,372,8463,0,0.21060276
2018,372,8465,1,0.24737877
2018,372,8466,0,0.1861156
2018,372,8467,0,0.38054088
2018,372,8468,0,0.34638312
2018,372,8470,0,0.4964376
2018,372,8471,0,0.05012025
2018,372,8472,1,0.35153678
2018,372,8473,0,0.14531073
2018,372,8474,0,0.23180814
2018,372,8475,0,0.31054023
2018,372,8477,0,0.16292904
2018,372,8479,0,0.17432937
2018,372,8480,0,0.30223617
2018,372,8481,0,0.15092237
2018,372,8482,0,0.20548569
2018,372,8483,0,0.22232385
2018,372,8484,0,0.12456906
2018,372,8485,0,0.27836895
2018,40,8401,0,0.42344046
2018,40,8402,1,0.5527717
2018,40,8403,0,0.10807412
2018,40,8404,0,0.17425394
2018,40,8405,0,0.5391871
2018,40,8406,0,0.32223338
2018,40,8407,0,0.16181296
2018,40,8408,0,0.1915376
2018,40,8409,0,0.13146284
2018,40,8411,0,0.12236514
2018,40,8412,0,0.10227554
2018,40,8413,0,0.12091657
2018,40,8414,0,0.12997453
2018,40,8415,0,0.24479413
2018,40,8416,1,0.34424996
2018,40,8417,0,0.2803807
2018,40,8418,0,0.26591468
2018,40,8419,0,0.15182681
2018,40,8420,0,0.14955686
2018,40,8421,0,0.17164895
2018,40,8422,0,0.24379091
2018,40,8423,0,0.17211558
2018,40,8424,0,0.16650274
2018,40,8425,0,0.18879645
2018,40,8426,0,0.10280708
2018,40,8427,0,0.4500028
2018,40,8428,0,0.15445736
2018,40,8429,0,0.1526242
2018,40,8430,0,0.17085919
2018,40,8431,0,0.051381208
2018,40,8432,0,0.071694225
2018,40,8433,0,0.1517895
2018,40,8435,0,0.27763525
2018,40,8436,0,0.13233319
2018,40,8438,0,0.10081238
2018,40,8439,0,0.1552892
2018,40,8440,0,0.20383531
2018,40,8441,0,0.13577053
2018,40,8442,1,0.3468686
2018,40,8443,0,0.0525019
2018,40,8444,1,0.8047668
2018,40,8445,0,0.36169904
2018,40,8446,0,0.3522242
2018,40,8447,0,0.18796514
2018,40,8448,0,0.15691662
2018,40,8449,0,0.3472803
2018,40,8450,0,0.45061028
2018,40,8451,0,0.1653161
2018,40,8453,0,0.4273915
2018,40,8454,0,0.14916433
2018,40,8455,0,0.20758392
2018,40,8456,0,0.0645112
2018,40,8457,0,0.23868953
2018,40,8458,0,0.13046974
2018,40,8459,0,0.10527677
2018,40,8460,1,0.1412719
2018,40,8461,0,0.270636
2018,40,8462,0,0.17550686
2018,40,8463,1,0.14976299
2018,40,8464,0,0.2120133
2018,40,8465,0,0.13193314
2018,40,8466,0,0.08375974
2018,40,8467,0,0.1985233
2018,40,8468,0,0.2984561
2018,40,8470,1,0.4610839
2018,40,8471,0,0.043665405
2018,40,8472,0,0.4308315
2018,40,8473,0,0.14223525
2018,40,8474,0,0.13719712
2018,40,8475,1,0.27663746
2018,40,8476,0,0.16262259
2018,40,8477,0,0.14220048
2018,40,8478,0,0.23503219
2018,40,8479,0,0.092828386
2018,40,8480,0,0.12734145
2018,40,8481,0,0.08007482
2018,40,8482,0,0.17875434
2018,40,8483,0,0.15537958
2018,40,8484,0,0.15808015
2018,40,8485,0,0.16131435
2018,724,8401,0,0.5930941
2018,724,8402,0,0.35626498
2018,724,8403,1,0.5790898
2018,724,8404,1,0.51387036
2018,724,8405,1,0.74030894
2018,724,8407,0,0.1215603
2018,724,8408,1,0.14074196
2018,724,8409,0,0.13295317
2018,724,8410,0,0.1921302
2018,724,8411,0,0.07599935
2018,724,8412,0,0.1145896
2018,724,8413,0,0.08519835
2018,724,8414,0,0.11086878
2018,724,8415,0,0.21212901
2018,724,8416,0,0.257535
2018,724,8417,0,0.40410575
2018,724,8418,0,0.17558575
2018,724,8419,0,0.16296051
2018,724,8420,0,0.1629487
2018,724,8421,0,0.12811808
2018,724,8422,0,0.069567956
2018,724,8424,0,0.17938048
2018,724,8425,0,0.10275524
2018,724,8426,0,0.07429797
2018,724,8427,0,0.11367286
2018,724,8428,0,0.12887023
2018,724,8429,0,0.14028032
2018,724,8430,1,0.20297092
2018,724,8431,0,0.030617652
2018,724,8432,0,0.07882123
2018,724,8433,0,0.20299694
2018,724,8434,1,0.3486356
2018,724,8435,0,0.30955416
2018,724,8436,0,0.07227889
2018,724,8437,0,0.087276265
2018,724,8438,0,0.102708936
2018,724,8439,1,0.18380362
2018,724,8440,0,0.15282567
2018,724,8441,0,0.1757426
2018,724,8442,0,0.3109045
2018,724,8443,0,0.051503085
2018,724,8444,1,0.58202285
2018,724,8445,1,0.43198502
2018,724,8446,1,0.6927929
2018,724,8447,1,0.70356196
2018,724,8448,0,0.41153696
2018,724,8449,1,0.6214414
2018,724,8450,0,0.18779157
2018,724,8451,0,0.13977903
2018,724,8452,1,0.542381
2018,724,8453,1,0.23936915
2018,724,8454,0,0.350551
2018,724,8455,1,0.2933954
2018,724,8456,0,0.19393153
2018,724,8457,1,0.14454281
2018,724,8458,0,0.17023326
2018,724,8459,0,0.13302115
2018,724,8460,0,0.13425371
2018,724,8461,0,0.19969727
2018,724,8462,1,0.14575349
2018,724,8463,0,0.25425807
2018,724,8464,0,0.11962146
2018,724,8465,0,0.12216148
2018,724,8466,0,0.07135325
2018,724,8467,1,0.2832869
2018,724,8468,1,0.2945681
2018,724,8470,0,0.33795908
2018,724,8471,0,0.043281768
2018,724,8472,1,0.21320811
2018,724,8473,0,0.13120663
2018,724,8474,0,0.07899728
2018,724,8475,1,0.65002793
2018,724,8476,0,0.24884267
2018,724,8477,0,0.13033512
2018,724,8478,0,0.15076008
2018,724,8479,0,0.08338328
2018,724,8480,1,0.118037865
2018,724,8481,0,0.108905494
2018,724,8482,0,0.12500112
2018,724,8483,0,0.12218483
2018,724,8484,0,0.12762249
2018,724,8485,0,0.13068478
