t,i,k4,label_observed_continuing,p
2016,842,8401,0,0.23317623
2016,842,8402,0,0.11049316
2016,842,8403,0,0.29157716
2016,842,8404,0,0.5182311
2016,842,8405,1,0.5464182
2016,842,8406,1,0.21331571
2016,842,8407,0,0.063355334
2016,842,8408,0,0.101275556
2016,842,8409,0,0.044722013
2016,842,8410,1,0.3047989
2016,842,8411,0,0.06830005
2016,842,8412,0,0.04290428
2016,842,8413,0,0.18383268
2016,842,8414,0,0.32704702
2016,842,8415,0,0.043728773
2016,842,8416,0,0.20764081
2016,842,8417,0,0.1565261
2016,842,8418,0,0.041657206
2016,842,8419,0,0.100025125
2016,842,8420,0,0.12142858
2016,842,8421,0,0.12669048
2016,842,8422,0,0.036687754
2016,842,8423,0,0.106180854
2016,842,8424,0,0.02804588
2016,842,8425,0,0.080705635
2016,842,8426,0,0.090541884
2016,842,8427,0,0.13726354
2016,842,8428,0,0.08539158
2016,842,8429,0,0.13022305
2016,842,8430,0,0.048195686
2016,842,8431,0,0.076315984
2016,842,8432,0,0.17435648
2016,842,8433,0,0.03677863
2016,842,8434,0,0.2852543
2016,842,8435,0,0.15846325
2016,842,8436,0,0.1044118
2016,842,8437,0,0.4498434
2016,842,8438,0,0.028541904
2016,842,8439,0,0.18010306
2016,842,8440,0,0.104735695
2016,842,8441,0,0.054289673
2016,842,8442,0,0.5108086
2016,842,8443,0,0.047356352
2016,842,8444,0,0.5834264
2016,842,8446,0,0.18395683
2016,842,8447,0,0.1768281
2016,842,8449,0,0.16914016
2016,842,8450,0,0.11132628
2016,842,8451,0,0.031958863
2016,842,8452,0,0.10098335
2016,842,8453,0,0.2129895
2016,842,8454,1,0.18496738
2016,842,8455,0,0.13165314
2016,842,8456,1,0.0941205
2016,842,8457,0,0.17117868
2016,842,8458,0,0.10647283
2016,842,8459,0,0.065130465
2016,842,8460,1,0.17317496
2016,842,8461,0,0.058384538
2016,842,8462,0,0.072808765
2016,842,8463,1,0.25593632
2016,842,8464,0,0.07905546
2016,842,8465,0,0.09501084
2016,842,8466,0,0.04028309
2016,842,8467,0,0.035967935
2016,842,8468,0,0.09310361
2016,842,8470,0,0.28932756
2016,842,8471,0,0.026666941
2016,842,8472,1,0.06253535
2016,842,8473,0,0.09110188
2016,842,8474,0,0.049070735
2016,842,8475,0,0.21444897
2016,842,8476,0,0.1713091
2016,842,8477,0,0.04011996
2016,842,8478,0,0.6079255
2016,842,8479,0,0.057861254
2016,842,8480,0,0.07923445
2016,842,8481,0,0.04704978
2016,842,8482,0,0.03292261
2016,842,8483,0,0.05705131
2016,842,8484,0,0.07931389
2016,842,8485,0,0.15267763
2016,276,8401,0,0.19553213
2016,276,8402,0,0.04565323
2016,276,8403,0,0.083018124
2016,276,8404,0,0.19305676
2016,276,8405,1,0.42047864
2016,276,8406,1,0.11223156
2016,276,8407,0,0.062234655
2016,276,8408,0,0.050659467
2016,276,8409,0,0.037247796
2016,276,8410,1,0.2729076
2016,276,8411,0,0.03984838
2016,276,8412,0,0.03128218
2016,276,8413,0,0.026418863
2016,276,8414,0,0.035606384
2016,276,8415,0,0.030534664
2016,276,8416,0,0.04227603
2016,276,8417,0,0.13207115
2016,276,8418,0,0.0281889
2016,276,8419,0,0.0746663
2016,276,8420,0,0.12036574
2016,276,8421,0,0.041844234
2016,276,8422,0,0.04549271
2016,276,8423,0,0.027197523
2016,276,8424,0,0.027353773
2016,276,8425,0,0.031998284
2016,276,8426,0,0.061179027
2016,276,8427,0,0.06438566
2016,276,8428,0,0.052705757
2016,276,8429,0,0.06361946
2016,276,8430,0,0.044844624
2016,276,8431,0,0.02871336
2016,276,8432,0,0.070731
2016,276,8433,0,0.0650458
2016,276,8434,0,0.08899401
2016,276,8435,0,0.12265653
2016,276,8436,0,0.049098622
2016,276,8437,0,0.32392848
2016,276,8438,0,0.026345791
2016,276,8439,0,0.08315353
2016,276,8440,0,0.05539449
2016,276,8441,0,0.03999274
2016,276,8442,0,0.082222074
2016,276,8443,0,0.03805449
2016,276,8444,0,0.19579034
2016,276,8445,0,0.11742645
2016,276,8446,0,0.20746733
2016,276,8447,0,0.13443463
2016,276,8448,0,0.06229128
2016,276,8449,0,0.15174124
2016,276,8450,0,0.06278977
2016,276,8451,0,0.027441502
2016,276,8452,0,0.033141825
2016,276,8453,0,0.07495392
2016,276,8454,0,0.10647094
2016,276,8455,0,0.2607086
2016,276,8456,0,0.07671825
2016,276,8457,0,0.2041821
2016,276,8458,0,0.11611183
2016,276,8459,0,0.052503493
2016,276,8460,0,0.09288747
2016,276,8461,0,0.088807054
2016,276,8462,0,0.056117684
2016,276,8463,0,0.14629112
2016,276,8464,0,0.06070213
2016,276,8465,0,0.038836334
2016,276,8466,0,0.047402818
2016,276,8467,0,0.033187795
2016,276,8468,0,0.05127128
2016,276,8469,1,0.24618363
2016,276,8470,0,0.07994984
2016,276,8471,1,0.03848663
2016,276,8472,0,0.045259904
2016,276,8473,0,0.078092925
2016,276,8474,0,0.032759674
2016,276,8475,0,0.119526856
2016,276,8476,0,0.15038522
2016,276,8477,0,0.044398032
2016,276,8478,0,0.08658612
2016,276,8479,0,0.03511296
2016,276,8480,0,0.0457369
2016,276,8481,0,0.033811737
2016,276,8482,0,0.03251223
2016,276,8483,0,0.06962561
2016,276,8484,0,0.03736195
2016,276,8485,0,0.025160098
2016,392,8401,0,0.60077965
2016,392,8402,0,0.13971803
2016,392,8403,0,0.21163876
2016,392,8404,1,0.39060158
2016,392,8405,1,0.18770343
2016,392,8406,0,0.08792053
2016,392,8407,0,0.050055224
2016,392,8408,0,0.07113313
2016,392,8409,0,0.033213697
2016,392,8411,0,0.053757485
2016,392,8412,0,0.04555958
2016,392,8413,0,0.027751768
2016,392,8414,0,0.030707661
2016,392,8415,0,0.023566507
2016,392,8416,0,0.20912743
2016,392,8417,0,0.15495585
2016,392,8418,0,0.039567806
2016,392,8419,0,0.076744616
2016,392,8420,0,0.19126391
2016,392,8421,0,0.026282724
2016,392,8422,0,0.039063636
2016,392,8423,0,0.06822307
2016,392,8424,0,0.03406978
2016,392,8425,0,0.058709297
2016,392,8426,0,0.106550865
2016,392,8427,0,0.03118116
2016,392,8428,0,0.06426939
2016,392,8429,0,0.13436241
2016,392,8430,0,0.11136084
2016,392,8431,0,0.046544675
2016,392,8432,0,0.096559934
2016,392,8433,0,0.07411468
2016,392,8434,0,0.17310236
2016,392,8435,0,0.36986214
2016,392,8436,1,0.15982266
2016,392,8437,0,0.15401961
2016,392,8438,0,0.07471112
2016,392,8439,0,0.19806398
2016,392,8440,0,0.121440604
2016,392,8441,0,0.073205665
2016,392,8442,0,0.12885998
2016,392,8443,0,0.0488535
2016,392,8444,0,0.30921945
2016,392,8445,0,0.215425
2016,392,8446,0,0.31838024
2016,392,8447,0,0.09800918
2016,392,8448,0,0.07869953
2016,392,8449,1,0.70864403
2016,392,8451,0,0.0720085
2016,392,8452,0,0.0524327
2016,392,8453,0,0.31649265
2016,392,8454,0,0.1423473
2016,392,8455,1,0.2579997
2016,392,8456,1,0.24341238
2016,392,8457,0,0.18067811
2016,392,8458,0,0.12224093
2016,392,8459,0,0.1042633
2016,392,8460,0,0.105184026
2016,392,8461,0,0.11962611
2016,392,8462,0,0.10068197
2016,392,8463,0,0.15454668
2016,392,8464,0,0.4064396
2016,392,8465,0,0.099799864
2016,392,8466,0,0.06958839
2016,392,8467,0,0.036878858
2016,392,8468,1,0.1158678
2016,392,8469,1,0.61333805
2016,392,8470,0,0.08843239
2016,392,8471,1,0.032585785
2016,392,8472,0,0.04932915
2016,392,8473,0,0.13336436
2016,392,8474,0,0.109326355
2016,392,8475,0,0.16783871
2016,392,8476,0,0.21564576
2016,392,8477,0,0.06999512
2016,392,8478,0,0.26506424
2016,392,8479,0,0.08799377
2016,392,8480,0,0.05856463
2016,392,8481,0,0.03424862
2016,392,8482,0,0.03336931
2016,392,8483,0,0.04150905
2016,392,8484,0,0.030910945
2016,392,8485,0,0.05479857
2016,156,8401,1,0.376774
2016,156,8402,1,0.0455158
2016,156,8403,1,0.15919086
2016,156,8404,1,0.08430722
2016,156,8405,0,0.09854635
2016,156,8406,1,0.13245577
2016,156,8407,0,0.08197252
2016,156,8408,0,0.041565176
2016,156,8409,0,0.020806033
2016,156,8411,0,0.02505683
2016,156,8412,0,0.03432727
2016,156,8413,0,0.027009089
2016,156,8414,0,0.025333237
2016,156,8415,0,0.017264616
2016,156,8416,0,0.039085314
2016,156,8417,0,0.0934585
2016,156,8418,0,0.02155037
2016,156,8419,0,0.1169245
2016,156,8420,0,0.043670416
2016,156,8421,0,0.0776351
2016,156,8422,0,0.0167591
2016,156,8423,0,0.02016732
2016,156,8424,0,0.02100011
2016,156,8425,0,0.029679758
2016,156,8426,0,0.072862975
2016,156,8427,0,0.022259036
2016,156,8428,0,0.12684226
2016,156,8430,0,0.07621894
2016,156,8431,0,0.04019891
2016,156,8432,0,0.027244398
2016,156,8433,0,0.020991951
2016,156,8434,0,0.054010604
2016,156,8436,0,0.01939434
2016,156,8439,0,0.043401726
2016,156,8440,0,0.033236858
2016,156,8441,0,0.02036208
2016,156,8442,0,0.04104861
2016,156,8443,0,0.024114005
2016,156,8444,0,0.15230753
2016,156,8445,0,0.13796327
2016,156,8446,0,0.18277644
2016,156,8447,0,0.06373966
2016,156,8448,0,0.027704319
2016,156,8449,0,0.06388343
2016,156,8450,0,0.051566884
2016,156,8451,0,0.0152273495
2016,156,8452,0,0.019854087
2016,156,8453,0,0.0629778
2016,156,8454,0,0.04007624
2016,156,8455,0,0.047020465
2016,156,8456,0,0.029803848
2016,156,8457,0,0.059655063
2016,156,8458,0,0.03374048
2016,156,8459,0,0.021347534
2016,156,8460,0,0.025486914
2016,156,8461,0,0.032474097
2016,156,8462,0,0.020146059
2016,156,8463,0,0.045823295
2016,156,8464,0,0.047378786
2016,156,8465,0,0.038676787
2016,156,8466,0,0.022544842
2016,156,8467,0,0.020835364
2016,156,8468,0,0.020807153
2016,156,8469,1,0.16893883
2016,156,8470,0,0.024083301
2016,156,8471,0,0.027884264
2016,156,8472,0,0.02421943
2016,156,8473,0,0.046201337
2016,156,8475,0,0.076169625
2016,156,8476,0,0.05057631
2016,156,8477,0,0.019098995
2016,156,8478,0,0.17913167
2016,156,8479,0,0.027641414
2016,156,8480,0,0.028666774
2016,156,8481,0,0.023951469
2016,156,8482,0,0.019281285
2016,156,8483,0,0.040695596
2016,156,8484,0,0.056325655
2016,380,8401,0,0.5495699
2016,380,8403,0,0.07794809
2016,380,8404,0,0.11353308
2016,380,8406,1,0.0663118
2016,380,8407,0,0.08311876
2016,380,8408,0,0.08496056
2016,380,8409,0,0.04023182
2016,380,8411,0,0.26823005
2016,380,8412,0,0.038518094
2016,380,8413,0,0.031085921
2016,380,8414,0,0.03535746
2016,380,8415,0,0.03485463
2016,380,8416,0,0.061019305
2016,380,8417,0,0.045826256
2016,380,8418,0,0.030873021
2016,380,8419,0,0.06287607
2016,380,8420,0,0.12200641
2016,380,8421,0,0.030866817
2016,380,8422,0,0.048261132
2016,380,8423,0,0.051566362
2016,380,8424,0,0.029936794
2016,380,8425,0,0.045721732
2016,380,8426,0,0.058168966
2016,380,8427,0,0.087828025
2016,380,8428,0,0.049789973
2016,380,8429,0,0.071991675
2016,380,8430,0,0.110498354
2016,380,8431,0,0.028914295
2016,380,8432,0,0.04889033
2016,380,8433,0,0.0503155
2016,380,8434,0,0.12491256
2016,380,8435,0,0.14543068
2016,380,8436,0,0.05136607
2016,380,8438,0,0.033095744
2016,380,8439,0,0.10424215
2016,380,8440,0,0.10817653
2016,380,8441,0,0.0660653
2016,380,8442,0,0.13544916
2016,380,8443,0,0.03371278
2016,380,8444,0,0.4514132
2016,380,8445,0,0.17168888
2016,380,8446,0,0.19232959
2016,380,8447,0,0.12449621
2016,380,8448,0,0.077447
2016,380,8449,0,0.13973443
2016,380,8450,0,0.06842192
2016,380,8451,0,0.030257624
2016,380,8453,0,0.07352676
2016,380,8454,1,0.1787023
2016,380,8455,0,0.35429007
2016,380,8456,0,0.077547446
2016,380,8457,0,0.13341276
2016,380,8458,0,0.15662211
2016,380,8459,0,0.086062714
2016,380,8460,0,0.09067983
2016,380,8461,0,0.09031599
2016,380,8462,0,0.043845925
2016,380,8463,0,0.112070836
2016,380,8464,0,0.053219553
2016,380,8465,0,0.048843835
2016,380,8466,0,0.041803878
2016,380,8467,0,0.03524303
2016,380,8468,0,0.06617237
2016,380,8469,1,0.63745767
2016,380,8470,0,0.51688683
2016,380,8471,1,0.035953272
2016,380,8472,1,0.12458058
2016,380,8473,0,0.079151794
2016,380,8474,0,0.03848445
2016,380,8475,0,0.3184776
2016,380,8476,0,0.07794319
2016,380,8477,0,0.034929164
2016,380,8478,0,0.10848064
2016,380,8479,0,0.033330504
2016,380,8480,0,0.05134861
2016,380,8481,0,0.02528411
2016,380,8482,0,0.04664013
2016,380,8483,0,0.0690179
2016,380,8484,0,0.04084521
2016,380,8485,0,0.041763097
2016,826,8401,1,0.2525784
2016,826,8402,1,0.19009954
2016,826,8403,0,0.3936225
2016,826,8405,0,0.35898408
2016,826,8406,1,0.3498881
2016,826,8407,0,0.059408505
2016,826,8408,0,0.08317002
2016,826,8409,0,0.031067673
2016,826,8411,0,0.029013934
2016,826,8412,0,0.049144983
2016,826,8413,0,0.038797803
2016,826,8414,0,0.037885543
2016,826,8415,0,0.047776345
2016,826,8416,0,0.1438563
2016,826,8417,1,0.058092847
2016,826,8418,0,0.04398377
2016,826,8419,0,0.08948319
2016,826,8420,0,0.119573265
2016,826,8421,0,0.042058285
2016,826,8422,0,0.048891038
2016,826,8423,0,0.040719394
2016,826,8424,0,0.031726528
2016,826,8425,0,0.079988174
2016,826,8426,0,0.09339667
2016,826,8427,0,0.08991596
2016,826,8428,0,0.07712616
2016,826,8429,0,0.081941634
2016,826,8430,0,0.06329006
2016,826,8431,0,0.042245083
2016,826,8432,0,0.09796783
2016,826,8433,0,0.15308274
2016,826,8434,0,0.18871361
2016,826,8435,0,0.19939505
2016,826,8436,0,0.09205505
2016,826,8437,0,0.17906564
2016,826,8438,0,0.032769732
2016,826,8439,0,0.1498476
2016,826,8440,0,0.1467789
2016,826,8441,0,0.08678345
2016,826,8442,0,0.14785206
2016,826,8443,0,0.04063909
2016,826,8444,0,0.2559734
2016,826,8445,0,0.31964806
2016,826,8446,0,0.22138096
2016,826,8447,0,0.12707752
2016,826,8448,0,0.1261855
2016,826,8450,0,0.1512901
2016,826,8451,0,0.052904822
2016,826,8452,0,0.096101575
2016,826,8453,0,0.26430964
2016,826,8454,0,0.19767837
2016,826,8455,1,0.5509084
2016,826,8456,0,0.12033607
2016,826,8457,0,0.25940323
2016,826,8458,0,0.1319082
2016,826,8459,0,0.08882326
2016,826,8460,0,0.14228936
2016,826,8461,0,0.20947091
2016,826,8462,0,0.13320746
2016,826,8463,1,0.2029644
2016,826,8464,0,0.28360838
2016,826,8466,0,0.044017896
2016,826,8467,0,0.043260008
2016,826,8468,0,0.113868564
2016,826,8470,0,0.135385
2016,826,8471,1,0.03731175
2016,826,8472,1,0.03948508
2016,826,8473,0,0.0873269
2016,826,8474,0,0.059395246
2016,826,8475,0,0.14999585
2016,826,8476,0,0.16282576
2016,826,8477,0,0.043677725
2016,826,8478,0,0.16521348
2016,826,8479,0,0.036650434
2016,826,8480,0,0.10032698
2016,826,8481,0,0.06631332
2016,826,8482,0,0.03909578
2016,826,8483,0,0.07359609
2016,826,8484,0,0.03490822
2016,826,8485,0,0.033459995
2016,251,8401,0,0.2335736
2016,251,8402,0,0.27390507
2016,251,8403,0,0.1082029
2016,251,8404,0,0.17463115
2016,251,8405,0,0.18039252
2016,251,8406,0,0.14656623
2016,251,8407,0,0.07352082
2016,251,8408,0,0.09637526
2016,251,8409,0,0.04536414
2016,251,8411,0,0.06484256
2016,251,8412,0,0.051607035
2016,251,8413,0,0.03484511
2016,251,8414,0,0.04083309
2016,251,8415,0,0.035184436
2016,251,8416,0,0.09787936
2016,251,8417,1,0.094262585
2016,251,8418,0,0.037755378
2016,251,8419,0,0.09163303
2016,251,8420,0,0.18967542
2016,251,8421,0,0.038241226
2016,251,8422,0,0.042071976
2016,251,8423,0,0.068959355
2016,251,8424,0,0.038336255
2016,251,8425,0,0.06324681
2016,251,8426,0,0.13139935
2016,251,8427,0,0.07740579
2016,251,8428,0,0.07788538
2016,251,8429,0,0.09266519
2016,251,8431,0,0.041028492
2016,251,8432,0,0.054213498
2016,251,8433,0,0.06320434
2016,251,8434,0,0.14005193
2016,251,8435,0,0.15806861
2016,251,8436,0,0.039503917
2016,251,8438,0,0.038524084
2016,251,8439,0,0.2280988
2016,251,8441,0,0.10629547
2016,251,8442,0,0.16171913
2016,251,8443,0,0.057825588
2016,251,8444,1,0.51488465
2016,251,8445,0,0.171944
2016,251,8446,1,0.26098263
2016,251,8447,0,0.14730994
2016,251,8448,0,0.17673226
2016,251,8449,0,0.34165108
2016,251,8450,1,0.12736657
2016,251,8451,0,0.04198934
2016,251,8452,0,0.16006574
2016,251,8453,0,0.19323047
2016,251,8454,0,0.13926427
2016,251,8455,0,0.18075909
2016,251,8456,0,0.20313554
2016,251,8457,0,0.23290224
2016,251,8458,0,0.3338554
2016,251,8459,0,0.1897492
2016,251,8460,0,0.16144027
2016,251,8461,0,0.08974915
2016,251,8462,0,0.121975385
2016,251,8463,0,0.12788166
2016,251,8464,0,0.2634556
2016,251,8465,0,0.12495428
2016,251,8466,0,0.04749824
2016,251,8467,0,0.05596701
2016,251,8468,0,0.114385314
2016,251,8470,0,0.09036838
2016,251,8471,1,0.04621916
2016,251,8472,1,0.14322755
2016,251,8473,0,0.113634184
2016,251,8475,0,0.3242447
2016,251,8476,1,0.20707688
2016,251,8477,0,0.03642934
2016,251,8479,0,0.04198892
2016,251,8480,0,0.05554676
2016,251,8481,0,0.0348293
2016,251,8482,0,0.03632604
2016,251,8483,0,0.06911778
2016,251,8484,0,0.06297366
2016,251,8485,0,0.05768931
2016,490,8402,1,0.41087973
2016,490,8403,0,0.5041225
2016,490,8404,1,0.26389858
2016,490,8405,0,0.37408552
2016,490,8406,0,0.15552437
2016,490,8407,1,0.5849302
2016,490,8408,1,0.23809665
2016,490,8409,0,0.0516901
2016,490,8410,0,0.21614599
2016,490,8411,0,0.1390422
2016,490,8412,0,0.108228855
2016,490,8413,0,0.029213147
2016,490,8414,0,0.031311244
2016,490,8415,0,0.04212627
2016,490,8416,0,0.2219427
2016,490,8417,0,0.13442539
2016,490,8418,0,0.040526263
2016,490,8419,0,0.06903865
2016,490,8420,0,0.17641029
2016,490,8421,0,0.03434577
2016,490,8422,0,0.03410216
2016,490,8423,0,0.055759564
2016,490,8424,0,0.039654408
2016,490,8425,0,0.10737312
2016,490,8426,1,0.50760126
2016,490,8427,0,0.10725544
2016,490,8428,0,0.06481182
2016,490,8429,0,0.37740484
2016,490,8430,0,0.14721128
2016,490,8431,0,0.07809217
2016,490,8432,0,0.13271666
2016,490,8433,0,0.09835255
2016,490,8434,0,0.1686583
2016,490,8435,0,0.13130881
2016,490,8436,0,0.1097716
2016,490,8437,0,0.05658287
2016,490,8438,0,0.0518657
2016,490,8439,0,0.10972015
2016,490,8440,0,0.20047782
2016,490,8441,0,0.059858464
2016,490,8442,0,0.17097284
2016,490,8443,0,0.038698006
2016,490,8444,0,0.24742727
2016,490,8445,0,0.21011138
2016,490,8446,0,0.31251815
2016,490,8447,0,0.09662672
2016,490,8448,0,0.09103833
2016,490,8449,0,0.26562637
2016,490,8450,0,0.19041866
2016,490,8451,0,0.10162888
2016,490,8452,0,0.042199034
2016,490,8453,0,0.215995
2016,490,8454,0,0.18537512
2016,490,8455,0,0.1486218
2016,490,8456,1,0.33386305
2016,490,8457,0,0.17647035
2016,490,8458,0,0.12349008
2016,490,8459,0,0.09204593
2016,490,8460,0,0.15164724
2016,490,8461,0,0.09704706
2016,490,8462,0,0.101372
2016,490,8463,0,0.09448064
2016,490,8464,0,0.2184689
2016,490,8465,0,0.11366837
2016,490,8466,0,0.072629966
2016,490,8467,0,0.06630749
2016,490,8468,0,0.121731006
2016,490,8470,0,0.112382375
2016,490,8471,1,0.050549243
2016,490,8472,0,0.06214825
2016,490,8473,0,0.08686475
2016,490,8474,0,0.09128645
2016,490,8475,0,0.64798653
2016,490,8476,0,0.12895338
2016,490,8477,0,0.031859215
2016,490,8478,0,0.26836056
2016,490,8479,0,0.10698408
2016,490,8480,0,0.04104599
2016,490,8481,0,0.040492468
2016,490,8482,0,0.041435882
2016,490,8483,0,0.047203124
2016,490,8484,0,0.042198367
2016,490,8485,0,0.07677779
2016,702,8402,1,0.71643114
2016,702,8403,1,0.259762
2016,702,8404,1,0.6538695
2016,702,8406,1,0.55698645
2016,702,8407,1,0.13504535
2016,702,8409,0,0.056095853
2016,702,8410,1,0.25846133
2016,702,8411,0,0.10215949
2016,702,8412,0,0.07898909
2016,702,8413,0,0.034793563
2016,702,8414,0,0.0226631
2016,702,8416,1,0.24008603
2016,702,8417,1,0.76345134
2016,702,8418,0,0.083533116
2016,702,8419,0,0.08205013
2016,702,8420,1,0.22852555
2016,702,8421,0,0.02759024
2016,702,8422,0,0.072869904
2016,702,8423,0,0.11863201
2016,702,8424,0,0.065971434
2016,702,8425,0,0.16454507
2016,702,8426,1,0.17284194
2016,702,8427,0,0.1359384
2016,702,8428,0,0.101931326
2016,702,8430,0,0.10083517
2016,702,8431,0,0.054985292
2016,702,8432,0,0.27829006
2016,702,8433,0,0.29034075
2016,702,8435,0,0.4261883
2016,702,8436,0,0.16264813
2016,702,8437,1,0.16276287
2016,702,8438,1,0.13402167
2016,702,8439,1,0.35953847
2016,702,8440,1,0.4042334
2016,702,8441,0,0.1673087
2016,702,8442,0,0.22095416
2016,702,8443,0,0.054578755
2016,702,8445,1,0.41148472
2016,702,8448,1,0.42233986
2016,702,8449,0,0.40864393
2016,702,8451,1,0.1515559
2016,702,8452,1,0.18101983
2016,702,8453,1,0.75294554
2016,702,8454,0,0.34837073
2016,702,8455,1,0.576048
2016,702,8456,1,0.20709689
2016,702,8457,0,0.34666646
2016,702,8458,0,0.13817106
2016,702,8459,1,0.15921767
2016,702,8460,0,0.2701189
2016,702,8461,0,0.15172984
2016,702,8462,0,0.16456135
2016,702,8463,0,0.21199386
2016,702,8464,0,0.34797183
2016,702,8465,0,0.19556893
2016,702,8466,0,0.12709692
2016,702,8467,0,0.08015649
2016,702,8468,1,0.23202814
2016,702,8470,0,0.085624084
2016,702,8471,0,0.025853526
2016,702,8472,0,0.089730926
2016,702,8473,0,0.10086922
2016,702,8475,0,0.34764257
2016,702,8476,1,0.27227524
2016,702,8477,0,0.12416565
2016,702,8478,1,0.52561384
2016,702,8479,0,0.12982494
2016,702,8480,0,0.10227399
2016,702,8481,0,0.034666095
2016,702,8482,0,0.043983508
2016,702,8483,0,0.04678896
2016,702,8484,0,0.06889713
2016,528,8401,1,0.34295008
2016,528,8403,0,0.092176065
2016,528,8404,0,0.20192824
2016,528,8406,1,0.27034068
2016,528,8407,0,0.18303913
2016,528,8408,0,0.052497845
2016,528,8409,0,0.031392463
2016,528,8410,1,0.56993604
2016,528,8411,0,0.060300376
2016,528,8412,0,0.0394811
2016,528,8413,0,0.02182448
2016,528,8414,0,0.041105922
2016,528,8415,0,0.041055646
2016,528,8416,0,0.097888455
2016,528,8417,1,0.15546297
2016,528,8418,0,0.04575144
2016,528,8419,0,0.0833927
2016,528,8420,0,0.18765096
2016,528,8421,0,0.03939794
2016,528,8422,0,0.045322377
2016,528,8423,0,0.08210319
2016,528,8424,0,0.03573115
2016,528,8425,0,0.033652753
2016,528,8426,0,0.09324251
2016,528,8427,0,0.057666644
2016,528,8428,0,0.07083679
2016,528,8429,0,0.11930673
2016,528,8430,1,0.06894996
2016,528,8431,0,0.03142733
2016,528,8432,0,0.046555687
2016,528,8433,0,0.0853296
2016,528,8434,0,0.108732074
2016,528,8435,0,0.14829646
2016,528,8436,0,0.08802724
2016,528,8437,0,0.11119993
2016,528,8438,0,0.038204268
2016,528,8439,0,0.17518385
2016,528,8440,0,0.09627134
2016,528,8441,0,0.1020884
2016,528,8442,0,0.12204284
2016,528,8443,0,0.0501894
2016,528,8444,0,0.14988473
2016,528,8445,1,0.54966265
2016,528,8446,1,0.68592745
2016,528,8447,0,0.24778627
2016,528,8448,0,0.20520733
2016,528,8449,0,0.50623804
2016,528,8450,0,0.15595047
2016,528,8451,0,0.136179
2016,528,8452,0,0.1479758
2016,528,8453,0,0.59832096
2016,528,8454,1,0.23454519
2016,528,8455,1,0.25986257
2016,528,8456,0,0.14988694
2016,528,8457,0,0.23869714
2016,528,8458,0,0.19688427
2016,528,8459,0,0.08656895
2016,528,8460,0,0.20259798
2016,528,8461,0,0.11429856
2016,528,8462,0,0.07761984
2016,528,8463,0,0.35149887
2016,528,8464,0,0.12028695
2016,528,8465,0,0.13763401
2016,528,8466,0,0.07083084
2016,528,8467,0,0.05119433
2016,528,8468,0,0.074925065
2016,528,8470,1,0.19323385
2016,528,8471,0,0.040615153
2016,528,8472,1,0.11887606
2016,528,8473,0,0.06267968
2016,528,8474,0,0.08215296
2016,528,8475,1,0.19314027
2016,528,8476,0,0.21137287
2016,528,8477,0,0.0804643
2016,528,8478,0,0.18419248
2016,528,8479,0,0.055764362
2016,528,8480,0,0.103850074
2016,528,8481,0,0.03256458
2016,528,8482,0,0.04849333
2016,528,8483,0,0.0656733
2016,528,8484,0,0.047968633
2016,528,8485,0,0.05514451
2016,410,8401,0,0.50611705
2016,410,8402,0,0.17108648
2016,410,8403,0,0.16576132
2016,410,8404,1,0.15724804
2016,410,8406,1,0.28856266
2016,410,8407,0,0.062497273
2016,410,8408,0,0.0892008
2016,410,8409,0,0.034172628
2016,410,8410,1,0.24305946
2016,410,8411,0,0.05344424
2016,410,8412,0,0.06034307
2016,410,8413,0,0.02319251
2016,410,8414,0,0.027382461
2016,410,8415,0,0.02071456
2016,410,8416,1,0.43634832
2016,410,8417,1,0.6093702
2016,410,8418,0,0.038666036
2016,410,8419,1,0.056530353
2016,410,8420,0,0.23286912
2016,410,8421,0,0.12828991
2016,410,8422,0,0.043803666
2016,410,8423,0,0.07979687
2016,410,8424,1,0.043954603
2016,410,8425,0,0.056761876
2016,410,8426,0,0.06528529
2016,410,8427,0,0.069675446
2016,410,8428,0,0.048843633
2016,410,8429,0,0.04820572
2016,410,8431,0,0.03029534
2016,410,8432,0,0.1929811
2016,410,8433,0,0.099369094
2016,410,8434,0,0.2897854
2016,410,8435,0,0.16993442
2016,410,8436,0,0.10330528
2016,410,8437,0,0.08401701
2016,410,8438,0,0.16424724
2016,410,8439,1,0.24143212
2016,410,8440,0,0.32877308
2016,410,8441,0,0.08368032
2016,410,8442,0,0.46589172
2016,410,8443,0,0.053996965
2016,410,8444,1,0.4112949
2016,410,8445,0,0.4308614
2016,410,8446,0,0.22919361
2016,410,8447,0,0.13248019
2016,410,8448,0,0.093621336
2016,410,8449,1,0.5947245
2016,410,8450,0,0.06465089
2016,410,8451,0,0.05042167
2016,410,8452,0,0.09755922
2016,410,8453,0,0.24393424
2016,410,8454,1,0.7115594
2016,410,8455,0,0.14149314
2016,410,8456,1,0.17098533
2016,410,8457,0,0.19953343
2016,410,8458,0,0.09699681
2016,410,8459,0,0.095095806
2016,410,8460,0,0.20084274
2016,410,8461,1,0.21064955
2016,410,8462,0,0.114284195
2016,410,8463,0,0.1047418
2016,410,8464,0,0.3218632
2016,410,8465,0,0.19220138
2016,410,8466,0,0.09089309
2016,410,8467,0,0.06179127
2016,410,8468,0,0.2816462
2016,410,8470,1,0.18365605
2016,410,8471,1,0.049607623
2016,410,8472,1,0.07253166
2016,410,8473,0,0.10721558
2016,410,8474,1,0.18519108
2016,410,8475,0,0.53696173
2016,410,8476,1,0.13961841
2016,410,8477,0,0.05363407
2016,410,8478,0,0.73141456
2016,410,8479,0,0.10570387
2016,410,8480,0,0.04292226
2016,410,8481,0,0.02814987
2016,410,8482,0,0.042391784
2016,410,8483,0,0.048529383
2016,410,8484,0,0.04733019
2016,458,8404,0,0.36597934
2016,458,8405,0,0.7358909
2016,458,8407,0,0.32227832
2016,458,8408,0,0.10328786
2016,458,8409,0,0.15457048
2016,458,8410,1,0.5746675
2016,458,8411,0,0.09118933
2016,458,8412,0,0.13995555
2016,458,8413,0,0.09189117
2016,458,8414,0,0.038459826
2016,458,8415,0,0.028292574
2016,458,8416,0,0.23887484
2016,458,8417,1,0.36283496
2016,458,8418,0,0.068826705
2016,458,8419,0,0.0957741
2016,458,8420,1,0.41618297
2016,458,8421,0,0.042635374
2016,458,8422,1,0.1423255
2016,458,8423,0,0.15283835
2016,458,8424,0,0.08381476
2016,458,8425,0,0.16489269
2016,458,8426,0,0.16083607
2016,458,8427,0,0.278576
2016,458,8428,0,0.07825829
2016,458,8430,1,0.4834585
2016,458,8431,1,0.069563314
2016,458,8432,0,0.6134568
2016,458,8433,1,0.3481785
2016,458,8435,0,0.30814055
2016,458,8436,0,0.10554631
2016,458,8437,0,0.30731583
2016,458,8439,1,0.46072996
2016,458,8441,0,0.10343739
2016,458,8442,0,0.4374972
2016,458,8443,0,0.09136377
2016,458,8444,1,0.6214546
2016,458,8445,1,0.77930135
2016,458,8446,1,0.4414336
2016,458,8447,0,0.5129781
2016,458,8448,0,0.13569741
2016,458,8451,0,0.20641893
2016,458,8452,0,0.53193605
2016,458,8453,0,0.28744978
2016,458,8454,0,0.18296564
2016,458,8455,0,0.2891515
2016,458,8456,0,0.3607403
2016,458,8457,0,0.24646407
2016,458,8458,0,0.2300722
2016,458,8459,0,0.12996359
2016,458,8460,1,0.71470344
2016,458,8462,0,0.26061657
2016,458,8463,0,0.17561628
2016,458,8464,0,0.14472952
2016,458,8465,0,0.34814212
2016,458,8466,0,0.23616183
2016,458,8467,0,0.110082105
2016,458,8468,0,0.1382707
2016,458,8469,1,0.2621268
2016,458,8470,0,0.11524723
2016,458,8471,1,0.031966276
2016,458,8472,1,0.22514777
2016,458,8473,0,0.092739716
2016,458,8474,0,0.13521196
2016,458,8475,0,0.2907496
2016,458,8476,0,0.27104625
2016,458,8477,1,0.14437978
2016,458,8479,0,0.11396178
2016,458,8480,0,0.07889304
2016,458,8481,0,0.054491557
2016,458,8482,0,0.08750644
2016,458,8484,0,0.11640675
2016,458,8485,0,0.1698594
2016,124,8401,0,0.6561553
2016,124,8402,0,0.34971488
2016,124,8403,0,0.11753321
2016,124,8404,0,0.27105588
2016,124,8405,0,0.47966835
2016,124,8406,0,0.28544584
2016,124,8407,0,0.06824341
2016,124,8408,0,0.17901798
2016,124,8409,0,0.05266323
2016,124,8410,1,0.23271787
2016,124,8411,0,0.056290124
2016,124,8412,0,0.060201596
2016,124,8413,0,0.03826649
2016,124,8414,0,0.048825227
2016,124,8415,0,0.0680985
2016,124,8416,0,0.20206629
2016,124,8417,0,0.13070941
2016,124,8418,0,0.06268582
2016,124,8419,0,0.08146909
2016,124,8420,0,0.26300308
2016,124,8421,0,0.06117544
2016,124,8422,0,0.06522483
2016,124,8423,0,0.13519993
2016,124,8424,0,0.0608248
2016,124,8425,0,0.07273704
2016,124,8426,0,0.25997114
2016,124,8427,0,0.14966671
2016,124,8428,0,0.06629065
2016,124,8429,0,0.24023284
2016,124,8430,0,0.15075663
2016,124,8431,0,0.06850522
2016,124,8432,0,0.14857513
2016,124,8433,0,0.08060807
2016,124,8434,0,0.20611146
2016,124,8435,1,0.3581668
2016,124,8436,0,0.06950633
2016,124,8437,0,0.49273995
2016,124,8438,0,0.08408478
2016,124,8439,0,0.21165143
2016,124,8440,0,0.33025768
2016,124,8441,0,0.16924202
2016,124,8442,0,0.2194891
2016,124,8443,0,0.12531796
2016,124,8445,0,0.2943818
2016,124,8448,0,0.17895098
2016,124,8449,1,0.83201075
2016,124,8451,0,0.17137337
2016,124,8452,0,0.1565347
2016,124,8453,0,0.504247
2016,124,8454,0,0.16038586
2016,124,8455,0,0.24940531
2016,124,8456,1,0.38528207
2016,124,8457,0,0.331261
2016,124,8458,0,0.5290159
2016,124,8459,0,0.23089555
2016,124,8460,0,0.26617476
2016,124,8461,0,0.25950608
2016,124,8462,0,0.19899075
2016,124,8463,0,0.2514679
2016,124,8464,0,0.24897934
2016,124,8465,0,0.08520514
2016,124,8466,0,0.071435064
2016,124,8467,0,0.106127165
2016,124,8468,0,0.23254415
2016,124,8470,0,0.17559193
2016,124,8471,0,0.0469205
2016,124,8472,0,0.1359921
2016,124,8473,0,0.11376879
2016,124,8474,0,0.15962063
2016,124,8475,0,0.3196785
2016,124,8476,0,0.199735
2016,124,8477,0,0.07725279
2016,124,8478,0,0.49455908
2016,124,8479,0,0.08526737
2016,124,8480,0,0.13249071
2016,124,8481,0,0.049147174
2016,124,8482,0,0.07617983
2016,124,8483,0,0.07361704
2016,124,8484,0,0.14279531
2016,124,8485,0,0.11612311
2016,484,8402,1,0.59053105
2016,484,8403,0,0.26249492
2016,484,8404,0,0.39804488
2016,484,8405,1,0.28467983
2016,484,8406,1,0.2785953
2016,484,8407,1,0.17646712
2016,484,8408,0,0.12231013
2016,484,8409,0,0.08531754
2016,484,8410,0,0.43929708
2016,484,8411,0,0.11478898
2016,484,8412,0,0.1507525
2016,484,8413,0,0.047904085
2016,484,8414,0,0.04745701
2016,484,8415,0,0.06961919
2016,484,8416,0,0.27244866
2016,484,8417,1,0.220106
2016,484,8418,0,0.045528628
2016,484,8419,0,0.11106892
2016,484,8420,0,0.6877889
2016,484,8421,0,0.055896223
2016,484,8423,0,0.1430363
2016,484,8424,0,0.07186184
2016,484,8425,0,0.16362965
2016,484,8426,0,0.2799946
2016,484,8427,0,0.626911
2016,484,8428,0,0.11758838
2016,484,8429,0,0.42673802
2016,484,8430,0,0.19752847
2016,484,8431,0,0.09906934
2016,484,8432,0,0.16997953
2016,484,8433,0,0.11995955
2016,484,8434,0,0.24714711
2016,484,8436,0,0.16638465
2016,484,8438,0,0.17514396
2016,484,8439,1,0.68929297
2016,484,8441,0,0.35800415
2016,484,8442,0,0.25739038
2016,484,8443,0,0.08171056
2016,484,8448,1,0.2419517
2016,484,8450,0,0.5801515
2016,484,8451,0,0.17449051
2016,484,8453,1,0.5663595
2016,484,8454,1,0.3629025
2016,484,8455,0,0.26242206
2016,484,8456,1,0.3474926
2016,484,8457,0,0.32887316
2016,484,8458,1,0.3277587
2016,484,8459,0,0.2850554
2016,484,8460,0,0.27552533
2016,484,8461,0,0.4238833
2016,484,8462,0,0.23604211
2016,484,8464,1,0.5903304
2016,484,8465,0,0.19203374
2016,484,8466,0,0.20551525
2016,484,8467,0,0.12076011
2016,484,8468,0,0.20819046
2016,484,8470,0,0.20547462
2016,484,8471,0,0.04458247
2016,484,8472,0,0.16856639
2016,484,8473,0,0.14880663
2016,484,8474,0,0.21247263
2016,484,8476,0,0.21294916
2016,484,8477,0,0.19641264
2016,484,8479,0,0.17987396
2016,484,8480,1,0.24682802
2016,484,8481,0,0.055765755
2016,484,8482,0,0.11476461
2016,484,8483,0,0.07184001
2016,484,8484,0,0.14860737
2016,484,8485,0,0.37460908
2016,757,8403,0,0.20667195
2016,757,8404,0,0.3436332
2016,757,8405,0,0.24531002
2016,757,8406,1,0.25649658
2016,757,8407,0,0.1857835
2016,757,8408,0,0.28062737
2016,757,8409,0,0.06957491
2016,757,8411,0,0.1419098
2016,757,8412,0,0.07532404
2016,757,8413,0,0.04806913
2016,757,8414,0,0.040135406
2016,757,8415,0,0.114699155
2016,757,8416,0,0.23168926
2016,757,8417,0,0.1389619
2016,757,8418,0,0.12374466
2016,757,8419,0,0.088381045
2016,757,8420,0,0.20813867
2016,757,8421,0,0.04533057
2016,757,8422,0,0.058736153
2016,757,8423,0,0.08619688
2016,757,8424,0,0.06207037
2016,757,8425,0,0.11361817
2016,757,8426,1,0.40893093
2016,757,8427,0,0.19670302
2016,757,8428,0,0.103637986
2016,757,8429,0,0.30515036
2016,757,8430,0,0.22003926
2016,757,8431,0,0.047372125
2016,757,8432,0,0.15340558
2016,757,8433,0,0.27668655
2016,757,8434,0,0.23837999
2016,757,8435,0,0.22891803
2016,757,8436,0,0.15051061
2016,757,8437,1,0.26246592
2016,757,8438,0,0.037328824
2016,757,8439,0,0.18517931
2016,757,8440,0,0.16292574
2016,757,8441,0,0.09764614
2016,757,8442,0,0.1336513
2016,757,8443,0,0.07096693
2016,757,8444,1,0.39536953
2016,757,8445,0,0.20879592
2016,757,8446,0,0.12103594
2016,757,8447,0,0.28503346
2016,757,8448,0,0.07689251
2016,757,8449,0,0.30173606
2016,757,8450,0,0.12587547
2016,757,8451,1,0.06557569
2016,757,8452,0,0.14223084
2016,757,8453,1,0.123203866
2016,757,8454,0,0.17562559
2016,757,8455,1,0.1712213
2016,757,8456,0,0.16157638
2016,757,8457,0,0.3096778
2016,757,8458,0,0.17530434
2016,757,8459,0,0.1737335
2016,757,8460,0,0.14455247
2016,757,8461,0,0.16507596
2016,757,8462,0,0.1374252
2016,757,8463,0,0.12163568
2016,757,8464,0,0.1759614
2016,757,8465,0,0.1280735
2016,757,8466,0,0.06889016
2016,757,8467,0,0.09323522
2016,757,8468,0,0.10742122
2016,757,8470,1,0.17530166
2016,757,8471,1,0.044868454
2016,757,8472,1,0.12673897
2016,757,8473,0,0.087016255
2016,757,8474,0,0.11372201
2016,757,8475,0,0.16039896
2016,757,8476,0,0.15396605
2016,757,8477,0,0.08719422
2016,757,8479,0,0.06924052
2016,757,8480,0,0.08808521
2016,757,8481,0,0.05236506
2016,757,8482,0,0.05806593
2016,757,8483,0,0.105087966
2016,757,8484,0,0.061871346
2016,757,8485,0,0.07960615
2016,764,8402,0,0.53777295
2016,764,8403,0,0.22277865
2016,764,8404,0,0.15064308
2016,764,8405,0,0.4515292
2016,764,8406,0,0.23181567
2016,764,8407,0,0.08075271
2016,764,8408,0,0.3442964
2016,764,8409,0,0.038519323
2016,764,8411,0,0.07157234
2016,764,8412,0,0.21217525
2016,764,8413,0,0.03375126
2016,764,8414,0,0.032142214
2016,764,8415,0,0.020727739
2016,764,8416,1,0.6670423
2016,764,8417,1,0.28476882
2016,764,8418,0,0.12106958
2016,764,8419,1,0.12090377
2016,764,8420,1,0.42837536
2016,764,8421,0,0.031374827
2016,764,8422,0,0.10215423
2016,764,8424,0,0.05647005
2016,764,8425,0,0.10213411
2016,764,8426,1,0.43287256
2016,764,8428,0,0.100231245
2016,764,8434,1,0.18566956
2016,764,8437,0,0.14570552
2016,764,8438,0,0.13820459
2016,764,8439,1,0.5212064
2016,764,8441,0,0.08522485
2016,764,8442,0,0.45207307
2016,764,8443,0,0.09406658
2016,764,8445,1,0.55436164
2016,764,8447,0,0.6286917
2016,764,8448,0,0.12441514
2016,764,8450,0,0.029490324
2016,764,8451,0,0.09345065
2016,764,8452,0,0.08156776
2016,764,8453,0,0.21985498
2016,764,8454,0,0.16240472
2016,764,8455,0,0.16710776
2016,764,8456,0,0.18701234
2016,764,8457,0,0.4175764
2016,764,8458,0,0.43938467
2016,764,8459,0,0.11367497
2016,764,8460,0,0.19842623
2016,764,8461,0,0.1245706
2016,764,8462,0,0.13333772
2016,764,8463,0,0.17681378
2016,764,8466,0,0.18060711
2016,764,8467,0,0.19692679
2016,764,8468,0,0.7202159
2016,764,8470,0,0.19266054
2016,764,8471,1,0.036857642
2016,764,8472,1,0.375651
2016,764,8473,0,0.119158596
2016,764,8475,0,0.50009483
2016,764,8476,0,0.26408347
2016,764,8477,0,0.11182088
2016,764,8479,0,0.1617556
2016,764,8480,0,0.07874155
2016,764,8481,0,0.0329227
2016,764,8482,0,0.05445353
2016,764,8483,0,0.039811153
2016,764,8484,0,0.045440912
2016,764,8485,0,0.15987895
2016,752,8401,0,0.43011144
2016,752,8402,0,0.27229398
2016,752,8403,0,0.21479969
2016,752,8404,0,0.17534126
2016,752,8405,1,0.6453718
2016,752,8406,0,0.3992055
2016,752,8407,0,0.17471702
2016,752,8408,0,0.14642462
2016,752,8409,0,0.06179757
2016,752,8410,1,0.30011687
2016,752,8411,0,0.077155985
2016,752,8412,0,0.03657749
2016,752,8413,0,0.03710121
2016,752,8414,0,0.04379276
2016,752,8415,0,0.06603735
2016,752,8416,0,0.14697286
2016,752,8417,0,0.16166447
2016,752,8418,0,0.051835034
2016,752,8419,0,0.06715359
2016,752,8420,0,0.23655625
2016,752,8421,0,0.040318124
2016,752,8422,0,0.04242017
2016,752,8423,0,0.16801585
2016,752,8424,0,0.03820701
2016,752,8425,0,0.18607937
2016,752,8426,0,0.1266718
2016,752,8427,0,0.12598039
2016,752,8428,0,0.09337304
2016,752,8429,0,0.1034827
2016,752,8430,0,0.08953447
2016,752,8431,0,0.02988997
2016,752,8432,0,0.11023632
2016,752,8433,0,0.14688028
2016,752,8434,0,0.13129763
2016,752,8436,0,0.1712665
2016,752,8437,0,0.16796409
2016,752,8438,0,0.06858395
2016,752,8439,0,0.18643008
2016,752,8440,0,0.24237855
2016,752,8441,0,0.16401117
2016,752,8442,0,0.20387463
2016,752,8443,0,0.11469782
2016,752,8446,1,0.6603473
2016,752,8447,0,0.4875886
2016,752,8448,0,0.18227696
2016,752,8450,0,0.09958918
2016,752,8451,0,0.17387338
2016,752,8452,0,0.27997488
2016,752,8453,0,0.53875697
2016,752,8454,1,0.4874742
2016,752,8455,0,0.14135642
2016,752,8456,1,0.35176596
2016,752,8457,1,0.57897717
2016,752,8458,0,0.16382623
2016,752,8459,0,0.21630399
2016,752,8460,0,0.24739043
2016,752,8461,0,0.28283244
2016,752,8462,0,0.18697862
2016,752,8463,0,0.17519881
2016,752,8464,0,0.29335362
2016,752,8465,0,0.16659765
2016,752,8466,0,0.044703327
2016,752,8467,0,0.059439015
2016,752,8468,0,0.114795215
2016,752,8470,0,0.3490143
2016,752,8471,0,0.057160206
2016,752,8472,1,0.12910561
2016,752,8473,0,0.10006911
2016,752,8474,0,0.07394455
2016,752,8475,0,0.2207563
2016,752,8476,0,0.14045069
2016,752,8477,0,0.15027195
2016,752,8479,0,0.05768976
2016,752,8480,0,0.13580337
2016,752,8481,0,0.044769663
2016,752,8482,0,0.042679716
2016,752,8483,0,0.0684977
2016,752,8484,0,0.06976078
2016,752,8485,0,0.053801037
2016,372,8402,1,0.2509472
2016,372,8403,0,0.26725155
2016,372,8405,1,0.7151437
2016,372,8406,1,0.8142994
2016,372,8407,0,0.4463262
2016,372,8409,0,0.17966433
2016,372,8411,0,0.11823214
2016,372,8412,0,0.18787004
2016,372,8413,0,0.07170785
2016,372,8414,0,0.1191042
2016,372,8415,0,0.14812475
2016,372,8418,0,0.1412002
2016,372,8419,0,0.31225103
2016,372,8421,0,0.06669119
2016,372,8422,0,0.15517525
2016,372,8423,0,0.5127573
2016,372,8424,1,0.21476243
2016,372,8425,1,0.2210647
2016,372,8426,0,0.22101173
2016,372,8427,0,0.23271301
2016,372,8428,0,0.17342548
2016,372,8429,0,0.27856308
2016,372,8430,0,0.19657215
2016,372,8431,0,0.12950677
2016,372,8432,0,0.24910444
2016,372,8433,0,0.14082178
2016,372,8434,0,0.3023389
2016,372,8436,0,0.25410876
2016,372,8437,0,0.5702876
2016,372,8438,0,0.42012015
2016,372,8441,1,0.366491
2016,372,8443,0,0.10960508
2016,372,8448,0,0.2932469
2016,372,8450,1,0.48619092
2016,372,8451,1,0.37330863
2016,372,8456,0,0.37647972
2016,372,8458,1,0.47874558
2016,372,8459,0,0.33220065
2016,372,8462,1,0.3993033
2016,372,8463,0,0.25484186
2016,372,8464,1,0.7216679
2016,372,8465,1,0.3323062
2016,372,8466,0,0.22944786
2016,372,8467,0,0.21660107
2016,372,8468,0,0.2590375
2016,372,8470,0,0.16562495
2016,372,8471,1,0.035947364
2016,372,8472,0,0.63651186
2016,372,8473,0,0.07688707
2016,372,8474,0,0.2285529
2016,372,8475,0,0.3516629
2016,372,8476,1,0.30288732
2016,372,8477,1,0.1932463
2016,372,8479,0,0.16758645
2016,372,8480,0,0.14333582
2016,372,8481,1,0.10376986
2016,372,8484,0,0.09949138
2016,372,8485,0,0.12849085
2016,40,8401,1,0.5950487
2016,40,8402,1,0.19526559
2016,40,8403,0,0.16165107
2016,40,8404,0,0.24432808
2016,40,8405,1,0.26851055
2016,40,8406,1,0.27113393
2016,40,8407,0,0.14731601
2016,40,8408,0,0.2357537
2016,40,8409,0,0.09376073
2016,40,8410,0,0.26746997
2016,40,8411,0,0.15343674
2016,40,8412,0,0.09784634
2016,40,8413,0,0.035473987
2016,40,8414,1,0.04382682
2016,40,8415,0,0.11919266
2016,40,8416,0,0.14801002
2016,40,8417,1,0.30640534
2016,40,8418,0,0.074856184
2016,40,8419,0,0.087837175
2016,40,8420,0,0.23298456
2016,40,8421,0,0.045053203
2016,40,8422,0,0.0833198
2016,40,8423,0,0.10430243
2016,40,8424,0,0.054134894
2016,40,8425,0,0.12069898
2016,40,8426,0,0.12928158
2016,40,8427,0,0.20040947
2016,40,8428,0,0.56384647
2016,40,8429,0,0.20072447
2016,40,8430,0,0.19552857
2016,40,8431,0,0.043779194
2016,40,8432,0,0.1139302
2016,40,8433,0,0.11935494
2016,40,8434,1,0.31493938
2016,40,8435,0,0.12251812
2016,40,8436,0,0.11481684
2016,40,8437,0,0.10158018
2016,40,8438,0,0.059102435
2016,40,8439,0,0.11468277
2016,40,8440,0,0.25315475
2016,40,8441,0,0.12515517
2016,40,8442,0,0.14100775
2016,40,8443,0,0.102775596
2016,40,8444,1,0.29961008
2016,40,8445,1,0.5017481
2016,40,8446,0,0.32660955
2016,40,8447,0,0.24598303
2016,40,8448,0,0.22701555
2016,40,8449,0,0.58503914
2016,40,8450,0,0.44052067
2016,40,8451,1,0.112576894
2016,40,8452,0,0.10907185
2016,40,8453,0,0.30389997
2016,40,8454,1,0.6285974
2016,40,8455,0,0.13879895
2016,40,8456,0,0.2380533
2016,40,8457,0,0.25964072
2016,40,8458,0,0.18004192
2016,40,8459,0,0.1548904
2016,40,8461,1,0.1664315
2016,40,8462,0,0.14408599
2016,40,8463,0,0.2188336
2016,40,8464,0,0.31722617
2016,40,8465,0,0.11327965
2016,40,8466,0,0.10522501
2016,40,8467,0,0.11443326
2016,40,8468,0,0.14293927
2016,40,8470,0,0.45774737
2016,40,8471,1,0.038174078
2016,40,8472,1,0.13080597
2016,40,8473,0,0.16708754
2016,40,8474,0,0.12780231
2016,40,8475,0,0.35758117
2016,40,8476,0,0.3632082
2016,40,8477,0,0.07399749
2016,40,8478,0,0.21181282
2016,40,8479,0,0.04507113
2016,40,8480,0,0.08957627
2016,40,8481,0,0.04553077
2016,40,8482,0,0.093254104
2016,40,8483,0,0.0929674
2016,40,8484,0,0.0673983
2016,40,8485,0,0.14204447
2016,724,8401,1,0.2950262
2016,724,8402,1,0.55149156
2016,724,8403,0,0.1662255
2016,724,8404,0,0.51777303
2016,724,8405,1,0.5167225
2016,724,8406,0,0.160363
2016,724,8407,0,0.08557049
2016,724,8408,0,0.18959647
2016,724,8409,0,0.04146832
2016,724,8410,1,0.13512939
2016,724,8411,0,0.074158505
2016,724,8412,0,0.07256758
2016,724,8413,0,0.031880364
2016,724,8414,0,0.03634453
2016,724,8415,0,0.05254377
2016,724,8416,0,0.121208996
2016,724,8417,0,0.12350218
2016,724,8418,0,0.037372176
2016,724,8419,0,0.08619832
2016,724,8420,0,0.13128148
2016,724,8421,0,0.050298702
2016,724,8422,0,0.040776268
2016,724,8423,0,0.0523976
2016,724,8424,0,0.035001438
2016,724,8425,1,0.1275714
2016,724,8426,0,0.10329192
2016,724,8427,0,0.15078904
2016,724,8428,0,0.054597095
2016,724,8430,0,0.09280351
2016,724,8431,0,0.025952403
2016,724,8432,0,0.103035375
2016,724,8433,0,0.12498617
2016,724,8434,1,0.32033363
2016,724,8435,0,0.23103878
2016,724,8436,0,0.06891463
2016,724,8437,0,0.3709514
2016,724,8438,0,0.034161698
2016,724,8439,0,0.24571615
2016,724,8440,0,0.13097864
2016,724,8441,0,0.07715451
2016,724,8442,0,0.20266932
2016,724,8443,0,0.052402437
2016,724,8444,1,0.34830332
2016,724,8445,1,0.12053548
2016,724,8446,0,0.2585672
2016,724,8447,0,0.2283771
2016,724,8448,0,0.12130175
2016,724,8449,0,0.3380549
2016,724,8450,0,0.10577243
2016,724,8451,1,0.13963251
2016,724,8452,0,0.45465252
2016,724,8453,0,0.18062094
2016,724,8454,0,0.1439348
2016,724,8455,0,0.68805945
2016,724,8456,0,0.22976364
2016,724,8457,0,0.16472667
2016,724,8458,0,0.21388847
2016,724,8459,0,0.12235509
2016,724,8460,1,0.38406232
2016,724,8461,1,0.1264871
2016,724,8462,0,0.09754348
2016,724,8463,0,0.19243377
2016,724,8464,0,0.22403364
2016,724,8465,0,0.11522646
2016,724,8466,0,0.0479288
2016,724,8467,0,0.092295706
2016,724,8468,0,0.15191618
2016,724,8470,0,0.1059268
2016,724,8471,0,0.055798065
2016,724,8472,1,0.15995778
2016,724,8473,0,0.11601915
2016,724,8474,0,0.04338695
2016,724,8475,0,0.36075562
2016,724,8476,0,0.16693024
2016,724,8477,0,0.093292594
2016,724,8478,0,0.14301202
2016,724,8479,0,0.12550448
2016,724,8480,0,0.10481893
2016,724,8481,0,0.037531722
2016,724,8482,0,0.061310727
2016,724,8483,0,0.073914334
2016,724,8484,0,0.07793135
2016,724,8485,0,0.09061714
2017,842,8401,1,0.13818134
2017,842,8402,0,0.12041639
2017,842,8403,0,0.10315361
2017,842,8404,1,0.17902143
2017,842,8405,0,0.11905165
2017,842,8406,1,0.15982042
2017,842,8407,0,0.086565174
2017,842,8408,0,0.29314685
2017,842,8409,0,0.0398413
2017,842,8410,0,0.15639924
2017,842,8411,0,0.05105815
2017,842,8412,0,0.05634811
2017,842,8413,0,0.05059675
2017,842,8414,0,0.074363686
2017,842,8415,0,0.05776375
2017,842,8416,0,0.08357759
2017,842,8417,0,0.11325053
2017,842,8418,0,0.05720827
2017,842,8419,0,0.08672959
2017,842,8420,0,0.086398296
2017,842,8421,0,0.051923413
2017,842,8422,0,0.050456397
2017,842,8423,0,0.052872017
2017,842,8424,0,0.041655764
2017,842,8425,0,0.097983025
2017,842,8426,0,0.13223471
2017,842,8427,0,0.04668942
2017,842,8428,0,0.094115846
2017,842,8429,0,0.04454324
2017,842,8431,0,0.036249988
2017,842,8432,0,0.07701159
2017,842,8433,0,0.038234152
2017,842,8434,0,0.093808964
2017,842,8435,0,0.15218891
2017,842,8436,0,0.044521622
2017,842,8437,0,0.08812946
2017,842,8438,0,0.04350591
2017,842,8439,0,0.15175669
2017,842,8440,1,0.15326546
2017,842,8441,0,0.09097656
2017,842,8442,0,0.23750672
2017,842,8443,0,0.027666178
2017,842,8444,1,0.24471772
2017,842,8445,0,0.12132637
2017,842,8446,0,0.5084799
2017,842,8447,1,0.24387535
2017,842,8448,0,0.065330006
2017,842,8449,1,0.5773164
2017,842,8450,0,0.08954561
2017,842,8451,0,0.03309811
2017,842,8452,0,0.08122558
2017,842,8453,0,0.18533693
2017,842,8454,0,0.13476166
2017,842,8455,0,0.13098721
2017,842,8456,0,0.09074634
2017,842,8457,0,0.2143581
2017,842,8458,0,0.08105927
2017,842,8459,0,0.09668155
2017,842,8460,0,0.061475743
2017,842,8461,0,0.06465182
2017,842,8462,0,0.12077974
2017,842,8463,0,0.10015539
2017,842,8464,0,0.07069457
2017,842,8465,0,0.050120775
2017,842,8466,0,0.021367522
2017,842,8467,0,0.04824666
2017,842,8468,0,0.15892805
2017,842,8470,1,0.23400055
2017,842,8471,0,0.056854323
2017,842,8472,0,0.0380696
2017,842,8473,0,0.06998514
2017,842,8474,0,0.11305397
2017,842,8475,0,0.15119657
2017,842,8476,0,0.12796383
2017,842,8477,0,0.030220848
2017,842,8478,0,0.17205839
2017,842,8479,0,0.035685953
2017,842,8480,0,0.3870346
2017,842,8481,0,0.053439476
2017,842,8482,0,0.029846365
2017,842,8483,0,0.047310125
2017,842,8484,0,0.045337293
2017,842,8485,0,0.0782115
2017,276,8401,0,0.20474182
2017,276,8402,0,0.06915623
2017,276,8403,0,0.065816976
2017,276,8404,1,0.2196514
2017,276,8405,0,0.3184541
2017,276,8406,1,0.47317076
2017,276,8407,0,0.037101217
2017,276,8408,0,0.028456355
2017,276,8409,0,0.028613783
2017,276,8410,1,0.13248876
2017,276,8411,0,0.05698521
2017,276,8412,0,0.049546655
2017,276,8413,0,0.028944852
2017,276,8414,0,0.040867306
2017,276,8415,0,0.039152443
2017,276,8416,0,0.030477533
2017,276,8417,0,0.065682605
2017,276,8418,0,0.050329845
2017,276,8419,0,0.07432344
2017,276,8420,0,0.077866904
2017,276,8421,0,0.028995205
2017,276,8422,0,0.060236167
2017,276,8423,0,0.044055283
2017,276,8424,0,0.03679523
2017,276,8425,0,0.05676522
2017,276,8426,0,0.10589396
2017,276,8427,0,0.038538832
2017,276,8428,0,0.06758947
2017,276,8429,0,0.029145677
2017,276,8430,0,0.038902313
2017,276,8431,0,0.023427073
2017,276,8432,0,0.05018672
2017,276,8433,0,0.03615384
2017,276,8434,0,0.055926893
2017,276,8435,0,0.12894952
2017,276,8436,0,0.02979722
2017,276,8437,0,0.054155443
2017,276,8438,0,0.033841774
2017,276,8439,0,0.097692594
2017,276,8440,0,0.040870935
2017,276,8441,0,0.048551723
2017,276,8442,1,0.08240547
2017,276,8443,0,0.036719568
2017,276,8444,0,0.43717515
2017,276,8445,0,0.19916007
2017,276,8446,0,0.17140627
2017,276,8447,1,0.082865976
2017,276,8448,0,0.04614052
2017,276,8449,1,0.14899942
2017,276,8450,0,0.08613419
2017,276,8451,0,0.032047525
2017,276,8452,0,0.026907334
2017,276,8453,0,0.087801404
2017,276,8454,0,0.12807502
2017,276,8455,0,0.10129159
2017,276,8456,0,0.07473896
2017,276,8457,0,0.08707453
2017,276,8458,0,0.052454907
2017,276,8459,0,0.053684726
2017,276,8460,0,0.044881422
2017,276,8461,0,0.07336786
2017,276,8462,0,0.039891295
2017,276,8463,0,0.10476198
2017,276,8464,0,0.040939964
2017,276,8465,0,0.030411324
2017,276,8466,0,0.019460497
2017,276,8467,0,0.04831616
2017,276,8468,0,0.04211844
2017,276,8470,0,0.116375245
2017,276,8471,0,0.031165183
2017,276,8472,0,0.02870628
2017,276,8473,0,0.0758922
2017,276,8474,0,0.05648878
2017,276,8475,0,0.1735266
2017,276,8476,0,0.12615845
2017,276,8477,0,0.028550427
2017,276,8478,0,0.054540675
2017,276,8479,0,0.02396842
2017,276,8480,0,0.06816866
2017,276,8481,0,0.03475426
2017,276,8482,0,0.022710083
2017,276,8483,0,0.02421855
2017,276,8484,0,0.02918912
2017,276,8485,0,0.033102907
2017,392,8401,0,0.32487753
2017,392,8402,0,0.3340806
2017,392,8403,0,0.18806121
2017,392,8404,0,0.27985993
2017,392,8405,0,0.16254938
2017,392,8406,1,0.18174052
2017,392,8407,0,0.033838198
2017,392,8408,0,0.036219157
2017,392,8409,0,0.024099356
2017,392,8411,0,0.062496632
2017,392,8412,0,0.04079191
2017,392,8413,0,0.035221342
2017,392,8414,0,0.044597648
2017,392,8415,0,0.03499881
2017,392,8416,0,0.15513423
2017,392,8417,0,0.12357458
2017,392,8418,0,0.059218284
2017,392,8419,0,0.06823551
2017,392,8420,0,0.18853003
2017,392,8421,0,0.03790244
2017,392,8422,0,0.03819297
2017,392,8423,0,0.07378404
2017,392,8424,0,0.03600111
2017,392,8425,0,0.08002966
2017,392,8426,0,0.103291675
2017,392,8427,0,0.021247728
2017,392,8428,0,0.07175488
2017,392,8429,0,0.05251018
2017,392,8430,0,0.09719702
2017,392,8431,0,0.032605156
2017,392,8432,1,0.07708642
2017,392,8433,0,0.046380717
2017,392,8434,1,0.39736158
2017,392,8435,1,0.38969135
2017,392,8436,0,0.10998433
2017,392,8437,0,0.123325236
2017,392,8438,0,0.04774952
2017,392,8439,0,0.15339844
2017,392,8440,0,0.11618733
2017,392,8441,0,0.06510816
2017,392,8442,0,0.12642583
2017,392,8443,0,0.044608235
2017,392,8444,1,0.2345931
2017,392,8445,0,0.24241814
2017,392,8446,0,0.17890534
2017,392,8447,1,0.10890913
2017,392,8448,0,0.065789446
2017,392,8449,1,0.2770781
2017,392,8450,0,0.17077802
2017,392,8451,0,0.07119949
2017,392,8452,0,0.03382331
2017,392,8453,1,0.14304593
2017,392,8454,0,0.1438866
2017,392,8455,0,0.15113153
2017,392,8456,0,0.11251284
2017,392,8457,0,0.09625938
2017,392,8458,0,0.06997701
2017,392,8459,0,0.07071459
2017,392,8460,0,0.067023195
2017,392,8461,0,0.106789134
2017,392,8462,0,0.07419316
2017,392,8463,0,0.12356732
2017,392,8464,0,0.14462794
2017,392,8465,0,0.06504945
2017,392,8466,0,0.031948216
2017,392,8467,0,0.042655367
2017,392,8468,0,0.10039642
2017,392,8469,1,0.2754235
2017,392,8470,0,0.12996677
2017,392,8471,0,0.03451081
2017,392,8472,1,0.046999153
2017,392,8473,0,0.103551425
2017,392,8474,0,0.0738417
2017,392,8475,0,0.17547742
2017,392,8476,0,0.21233286
2017,392,8477,0,0.04939573
2017,392,8478,0,0.55362093
2017,392,8479,0,0.07454322
2017,392,8480,0,0.06429585
2017,392,8481,0,0.04493207
2017,392,8482,0,0.021775514
2017,392,8483,0,0.038983736
2017,392,8484,0,0.028404566
2017,392,8485,0,0.054359484
2017,156,8401,0,0.1608454
2017,156,8402,0,0.037153363
2017,156,8403,0,0.020068636
2017,156,8404,0,0.37155128
2017,156,8405,0,0.13073035
2017,156,8406,1,0.104540676
2017,156,8407,0,0.03266308
2017,156,8408,0,0.015066223
2017,156,8409,0,0.016591825
2017,156,8411,0,0.02684693
2017,156,8412,0,0.012984575
2017,156,8413,0,0.02224403
2017,156,8414,0,0.027213031
2017,156,8415,0,0.032533363
2017,156,8416,0,0.07240884
2017,156,8417,0,0.05116842
2017,156,8418,0,0.034738656
2017,156,8419,0,0.044007063
2017,156,8420,0,0.04937614
2017,156,8421,0,0.023771398
2017,156,8422,0,0.015357335
2017,156,8423,0,0.02079318
2017,156,8424,0,0.022091944
2017,156,8425,0,0.037507903
2017,156,8426,0,0.048192244
2017,156,8427,0,0.018035466
2017,156,8428,0,0.02945131
2017,156,8431,0,0.014947479
2017,156,8432,0,0.016179357
2017,156,8433,0,0.022685533
2017,156,8434,0,0.045526937
2017,156,8436,0,0.012720918
2017,156,8439,0,0.050028775
2017,156,8440,0,0.030526508
2017,156,8441,0,0.028147273
2017,156,8442,0,0.03453414
2017,156,8443,0,0.01652961
2017,156,8444,0,0.13392237
2017,156,8445,0,0.071831
2017,156,8446,0,0.19511916
2017,156,8447,0,0.09770083
2017,156,8448,0,0.013045767
2017,156,8449,0,0.20962152
2017,156,8450,0,0.059782617
2017,156,8451,0,0.03349478
2017,156,8452,0,0.026103448
2017,156,8453,0,0.0506205
2017,156,8454,0,0.055783533
2017,156,8455,0,0.048800908
2017,156,8456,0,0.018991144
2017,156,8457,0,0.046649925
2017,156,8458,0,0.01840824
2017,156,8459,0,0.025402581
2017,156,8460,0,0.019282613
2017,156,8461,0,0.019908663
2017,156,8462,0,0.017202608
2017,156,8463,0,0.045135487
2017,156,8464,0,0.025144152
2017,156,8465,0,0.024508737
2017,156,8466,0,0.013743135
2017,156,8467,0,0.024373954
2017,156,8468,0,0.038178854
2017,156,8470,0,0.044482984
2017,156,8471,0,0.023154415
2017,156,8472,0,0.024233034
2017,156,8473,0,0.04545693
2017,156,8475,0,0.24128969
2017,156,8476,0,0.044183202
2017,156,8477,0,0.019304764
2017,156,8479,0,0.013266664
2017,156,8480,0,0.020488353
2017,156,8481,0,0.034136858
2017,156,8482,0,0.017553745
2017,156,8483,0,0.020705739
2017,156,8484,0,0.02404339
2017,380,8401,1,0.54439163
2017,380,8402,0,0.1508411
2017,380,8403,0,0.04594316
2017,380,8404,0,0.29736394
2017,380,8405,0,0.4554571
2017,380,8406,0,0.18002638
2017,380,8407,0,0.13852923
2017,380,8408,0,0.035377625
2017,380,8409,0,0.027828338
2017,380,8411,0,0.07753496
2017,380,8412,0,0.050870623
2017,380,8413,0,0.039963577
2017,380,8414,0,0.041523103
2017,380,8415,0,0.04825901
2017,380,8416,0,0.11570796
2017,380,8417,0,0.21655437
2017,380,8418,0,0.0550276
2017,380,8419,0,0.09072829
2017,380,8420,0,0.1185886
2017,380,8421,0,0.047848787
2017,380,8422,0,0.04411038
2017,380,8423,0,0.057496015
2017,380,8424,0,0.037037686
2017,380,8425,0,0.08796883
2017,380,8426,0,0.07167682
2017,380,8427,0,0.03616224
2017,380,8428,0,0.059398893
2017,380,8429,0,0.028828515
2017,380,8430,0,0.060549393
2017,380,8431,0,0.027892027
2017,380,8432,0,0.042293206
2017,380,8433,0,0.04132672
2017,380,8434,0,0.061963648
2017,380,8435,0,0.104935765
2017,380,8436,0,0.02917852
2017,380,8437,0,0.17692105
2017,380,8438,0,0.048131287
2017,380,8439,0,0.0969157
2017,380,8440,0,0.110803016
2017,380,8441,0,0.0667494
2017,380,8442,0,0.13228655
2017,380,8443,0,0.029677039
2017,380,8444,0,0.110362515
2017,380,8445,0,0.21329235
2017,380,8446,0,0.27005392
2017,380,8447,0,0.13631852
2017,380,8448,0,0.05510129
2017,380,8449,0,0.288874
2017,380,8450,0,0.05044951
2017,380,8451,0,0.034640104
2017,380,8453,0,0.042701986
2017,380,8454,0,0.09249788
2017,380,8455,0,0.16524462
2017,380,8456,0,0.10263507
2017,380,8457,0,0.074451536
2017,380,8458,0,0.055817485
2017,380,8459,0,0.074418366
2017,380,8460,0,0.0504064
2017,380,8461,0,0.064544015
2017,380,8462,0,0.035207864
2017,380,8463,0,0.06969161
2017,380,8464,0,0.043692347
2017,380,8465,0,0.03449904
2017,380,8466,0,0.04008565
2017,380,8467,0,0.036356512
2017,380,8468,0,0.1912852
2017,380,8470,0,0.16604078
2017,380,8471,0,0.030103395
2017,380,8472,0,0.08494255
2017,380,8473,0,0.079585
2017,380,8474,0,0.080907114
2017,380,8475,0,0.08312137
2017,380,8476,0,0.11886557
2017,380,8477,0,0.022075288
2017,380,8478,0,0.19352695
2017,380,8479,0,0.018800847
2017,380,8480,0,0.05853184
2017,380,8481,0,0.041602593
2017,380,8482,0,0.040628616
2017,380,8483,0,0.04460914
2017,380,8484,0,0.10333214
2017,380,8485,0,0.06900041
2017,826,8401,0,0.3131789
2017,826,8402,0,0.11158525
2017,826,8403,0,0.4285713
2017,826,8404,0,0.1708768
2017,826,8405,1,0.47238293
2017,826,8406,0,0.17235829
2017,826,8407,0,0.06057157
2017,826,8408,0,0.13070679
2017,826,8409,0,0.02378956
2017,826,8410,0,0.14295372
2017,826,8411,0,0.042427063
2017,826,8412,0,0.061106376
2017,826,8413,0,0.051366545
2017,826,8414,0,0.04879616
2017,826,8415,0,0.041798107
2017,826,8416,0,0.119827285
2017,826,8417,0,0.105823174
2017,826,8418,0,0.065040834
2017,826,8419,0,0.065372385
2017,826,8420,0,0.20882373
2017,826,8421,0,0.06709541
2017,826,8422,0,0.062356208
2017,826,8423,0,0.05927255
2017,826,8424,0,0.036685243
2017,826,8425,0,0.15525907
2017,826,8426,0,0.07878312
2017,826,8427,0,0.036514003
2017,826,8428,0,0.063862
2017,826,8429,0,0.021480586
2017,826,8430,0,0.14995578
2017,826,8431,0,0.0876884
2017,826,8432,0,0.03562578
2017,826,8433,0,0.054188732
2017,826,8434,0,0.11184639
2017,826,8435,0,0.32410562
2017,826,8436,0,0.066311315
2017,826,8437,0,0.10108451
2017,826,8438,0,0.0382592
2017,826,8439,0,0.13840379
2017,826,8440,0,0.12072321
2017,826,8441,0,0.10163561
2017,826,8442,0,0.08322104
2017,826,8443,0,0.04437033
2017,826,8444,0,0.28032136
2017,826,8445,0,0.2407644
2017,826,8446,0,0.5672768
2017,826,8447,0,0.099476084
2017,826,8448,0,0.06937719
2017,826,8449,0,0.8195451
2017,826,8450,0,0.11987792
2017,826,8451,0,0.05246378
2017,826,8453,0,0.1664061
2017,826,8454,0,0.13658226
2017,826,8455,0,0.16035816
2017,826,8456,0,0.09754707
2017,826,8457,0,0.26166868
2017,826,8458,0,0.17921151
2017,826,8459,0,0.09626353
2017,826,8460,0,0.08712643
2017,826,8461,0,0.1378902
2017,826,8462,0,0.09587261
2017,826,8463,0,0.11423893
2017,826,8464,0,0.08856902
2017,826,8465,0,0.048463568
2017,826,8466,0,0.025162337
2017,826,8467,0,0.03242476
2017,826,8468,0,0.13722664
2017,826,8470,0,0.22001009
2017,826,8471,0,0.034071494
2017,826,8472,0,0.049061343
2017,826,8473,0,0.06449805
2017,826,8474,0,0.090993956
2017,826,8475,0,0.14435008
2017,826,8476,0,0.115659826
2017,826,8477,0,0.029828135
2017,826,8478,1,0.14445393
2017,826,8479,0,0.025103608
2017,826,8480,0,0.117146805
2017,826,8481,0,0.09395931
2017,826,8482,0,0.030175854
2017,826,8483,0,0.048360292
2017,826,8484,0,0.04632501
2017,826,8485,0,0.047664694
2017,251,8401,1,0.68871796
2017,251,8403,0,0.097011045
2017,251,8404,0,0.2359816
2017,251,8405,1,0.3623799
2017,251,8406,1,0.18595393
2017,251,8407,0,0.12501432
2017,251,8408,0,0.05930778
2017,251,8409,0,0.027425915
2017,251,8411,0,0.08207767
2017,251,8412,0,0.07650045
2017,251,8413,0,0.053774137
2017,251,8414,0,0.07706213
2017,251,8415,0,0.060416605
2017,251,8416,0,0.5097394
2017,251,8417,0,0.14816624
2017,251,8418,0,0.07383266
2017,251,8419,0,0.07113946
2017,251,8420,0,0.1879263
2017,251,8421,0,0.0528742
2017,251,8422,0,0.054581948
2017,251,8424,0,0.06137657
2017,251,8425,0,0.09481385
2017,251,8426,0,0.15823874
2017,251,8427,0,0.057892844
2017,251,8428,0,0.08512909
2017,251,8429,0,0.039558213
2017,251,8430,0,0.08988116
2017,251,8431,0,0.0285274
2017,251,8432,0,0.0381066
2017,251,8433,0,0.053296752
2017,251,8434,0,0.097679086
2017,251,8435,0,0.11308718
2017,251,8436,0,0.045310337
2017,251,8438,0,0.056270674
2017,251,8439,0,0.1721459
2017,251,8441,0,0.12508214
2017,251,8442,1,0.2459655
2017,251,8443,0,0.049975004
2017,251,8444,0,0.14359887
2017,251,8445,0,0.26805612
2017,251,8446,0,0.13433614
2017,251,8447,0,0.43322286
2017,251,8448,0,0.10436613
2017,251,8449,0,0.25492305
2017,251,8450,0,0.117567904
2017,251,8451,0,0.03228295
2017,251,8453,0,0.37753665
2017,251,8454,0,0.17540754
2017,251,8455,0,0.16256219
2017,251,8456,0,0.15759544
2017,251,8457,1,0.15838398
2017,251,8458,0,0.18467484
2017,251,8459,0,0.13353747
2017,251,8460,0,0.09248509
2017,251,8461,0,0.1035181
2017,251,8462,0,0.1023077
2017,251,8463,0,0.19677386
2017,251,8464,0,0.10824636
2017,251,8465,0,0.11978436
2017,251,8466,0,0.037386715
2017,251,8467,0,0.0795752
2017,251,8468,1,0.16851205
2017,251,8470,0,0.16611433
2017,251,8471,0,0.03274432
2017,251,8472,1,0.07654271
2017,251,8473,0,0.100033835
2017,251,8475,0,0.16842312
2017,251,8476,0,0.1329504
2017,251,8477,0,0.050525207
2017,251,8478,0,0.20883143
2017,251,8479,0,0.028062757
2017,251,8480,0,0.07189116
2017,251,8481,0,0.058537524
2017,251,8482,0,0.031746175
2017,251,8483,0,0.057142887
2017,251,8484,0,0.070537195
2017,251,8485,0,0.08657801
2017,490,8402,1,0.16303869
2017,490,8403,1,0.76389956
2017,490,8404,1,0.17813413
2017,490,8405,0,0.5287059
2017,490,8406,1,0.8118358
2017,490,8407,0,0.17464651
2017,490,8408,0,0.09119395
2017,490,8409,0,0.03819078
2017,490,8410,0,0.71586585
2017,490,8411,0,0.12653106
2017,490,8412,0,0.06904942
2017,490,8413,0,0.041560303
2017,490,8414,0,0.04030298
2017,490,8415,0,0.045308463
2017,490,8416,0,0.15459706
2017,490,8417,0,0.2117578
2017,490,8418,0,0.04014224
2017,490,8419,0,0.06574025
2017,490,8420,0,0.50830185
2017,490,8421,0,0.04454901
2017,490,8422,0,0.03725671
2017,490,8423,0,0.058162056
2017,490,8424,0,0.039215602
2017,490,8425,0,0.13437234
2017,490,8426,1,0.17292646
2017,490,8427,0,0.07884655
2017,490,8428,0,0.11188928
2017,490,8429,0,0.47287214
2017,490,8430,0,0.15934078
2017,490,8431,0,0.05546373
2017,490,8432,0,0.124290496
2017,490,8433,0,0.067793906
2017,490,8434,0,0.18809462
2017,490,8435,1,0.21763669
2017,490,8436,0,0.12487241
2017,490,8437,0,0.12128564
2017,490,8438,0,0.039739195
2017,490,8439,0,0.22046521
2017,490,8440,0,0.17714787
2017,490,8441,0,0.051804565
2017,490,8442,0,0.18373093
2017,490,8443,0,0.038410753
2017,490,8444,0,0.20530134
2017,490,8445,1,0.1852776
2017,490,8446,0,0.18337196
2017,490,8447,0,0.06668043
2017,490,8448,0,0.06626294
2017,490,8449,1,0.59560096
2017,490,8450,1,0.1685425
2017,490,8451,0,0.08195822
2017,490,8452,0,0.038918875
2017,490,8453,0,0.20209025
2017,490,8454,0,0.17909491
2017,490,8455,0,0.122404076
2017,490,8456,0,0.14679855
2017,490,8457,0,0.0717264
2017,490,8458,0,0.06769031
2017,490,8459,0,0.13238263
2017,490,8460,0,0.07437905
2017,490,8461,0,0.09558219
2017,490,8462,0,0.065589204
2017,490,8463,0,0.12532437
2017,490,8464,0,0.13313605
2017,490,8465,0,0.0489159
2017,490,8466,0,0.040564846
2017,490,8467,0,0.059359904
2017,490,8468,0,0.14586405
2017,490,8470,0,0.09821744
2017,490,8471,0,0.055231325
2017,490,8472,0,0.060122006
2017,490,8473,0,0.092128076
2017,490,8474,0,0.101473786
2017,490,8475,0,0.5916419
2017,490,8476,0,0.16311069
2017,490,8477,0,0.02609048
2017,490,8478,1,0.1576764
2017,490,8479,0,0.09614385
2017,490,8480,0,0.06404233
2017,490,8481,0,0.053600464
2017,490,8482,0,0.0288763
2017,490,8483,0,0.03835521
2017,490,8484,0,0.046288323
2017,490,8485,1,0.08967437
2017,702,8402,0,0.23258284
2017,702,8407,0,0.0760402
2017,702,8408,0,0.14608967
2017,702,8410,0,0.23599313
2017,702,8411,0,0.07837894
2017,702,8412,0,0.06915422
2017,702,8413,0,0.028568616
2017,702,8414,0,0.039708994
2017,702,8416,0,0.18904164
2017,702,8417,0,0.2000959
2017,702,8418,0,0.07303042
2017,702,8419,0,0.06502257
2017,702,8420,0,0.1561424
2017,702,8421,0,0.03436282
2017,702,8422,0,0.08153566
2017,702,8423,0,0.11359119
2017,702,8424,0,0.055700697
2017,702,8425,1,0.22214958
2017,702,8426,0,0.11123821
2017,702,8428,0,0.093935534
2017,702,8430,0,0.13307293
2017,702,8431,0,0.035440825
2017,702,8432,1,0.3982073
2017,702,8433,0,0.4373625
2017,702,8434,0,0.49840343
2017,702,8435,1,0.41388115
2017,702,8436,0,0.12144539
2017,702,8437,0,0.136037
2017,702,8439,0,0.23375009
2017,702,8441,1,0.5211327
2017,702,8442,0,0.23605762
2017,702,8443,0,0.04986098
2017,702,8445,0,0.3810679
2017,702,8448,1,0.29178566
2017,702,8449,0,0.7450496
2017,702,8451,0,0.12951401
2017,702,8452,0,0.16292422
2017,702,8453,1,0.25328624
2017,702,8454,0,0.21165314
2017,702,8455,1,0.2923782
2017,702,8456,0,0.14661436
2017,702,8457,0,0.40628102
2017,702,8458,0,0.11187913
2017,702,8459,0,0.14389941
2017,702,8460,0,0.12112993
2017,702,8461,1,0.3396336
2017,702,8462,0,0.11260751
2017,702,8463,0,0.24260327
2017,702,8464,0,0.1628101
2017,702,8465,0,0.16150168
2017,702,8466,0,0.16640581
2017,702,8467,0,0.09591104
2017,702,8468,1,0.1346743
2017,702,8470,0,0.121381156
2017,702,8471,1,0.031052371
2017,702,8473,0,0.062374294
2017,702,8474,0,0.11167393
2017,702,8475,0,0.47545362
2017,702,8477,0,0.09305461
2017,702,8478,1,0.23114227
2017,702,8479,0,0.08447772
2017,702,8480,0,0.19736533
2017,702,8481,0,0.054256972
2017,702,8482,0,0.031329002
2017,702,8483,0,0.03137764
2017,702,8484,0,0.08228368
2017,702,8485,0,0.06422109
2017,528,8401,1,0.21388166
2017,528,8403,0,0.07487065
2017,528,8404,1,0.4915982
2017,528,8405,1,0.21230584
2017,528,8407,0,0.15257856
2017,528,8408,0,0.04189759
2017,528,8409,0,0.036966026
2017,528,8410,1,0.22699587
2017,528,8411,0,0.15200482
2017,528,8412,0,0.05658979
2017,528,8413,0,0.03804455
2017,528,8414,0,0.06398285
2017,528,8415,0,0.05360862
2017,528,8416,0,0.17069072
2017,528,8417,0,0.14546831
2017,528,8418,0,0.07619065
2017,528,8419,0,0.05913926
2017,528,8420,0,0.20690174
2017,528,8421,0,0.046333246
2017,528,8422,0,0.07632293
2017,528,8423,0,0.08001704
2017,528,8424,0,0.053078648
2017,528,8425,0,0.11717834
2017,528,8426,0,0.1336553
2017,528,8427,0,0.034067623
2017,528,8428,0,0.065381855
2017,528,8429,0,0.034673262
2017,528,8430,0,0.04793084
2017,528,8431,0,0.029249614
2017,528,8432,0,0.036143765
2017,528,8433,0,0.059945155
2017,528,8434,0,0.080834046
2017,528,8435,1,0.5739487
2017,528,8436,0,0.03308588
2017,528,8437,0,0.07951091
2017,528,8438,0,0.04105991
2017,528,8439,1,0.22648941
2017,528,8440,0,0.0971965
2017,528,8441,0,0.090307064
2017,528,8442,0,0.12168972
2017,528,8443,0,0.04268969
2017,528,8444,0,0.33719477
2017,528,8445,0,0.47172424
2017,528,8446,0,0.21532622
2017,528,8447,1,0.44267377
2017,528,8448,0,0.16991952
2017,528,8449,1,0.71207744
2017,528,8450,0,0.31312755
2017,528,8451,0,0.097260624
2017,528,8453,0,0.21728934
2017,528,8454,1,0.3569369
2017,528,8455,0,0.21392782
2017,528,8456,0,0.082341745
2017,528,8457,0,0.16421884
2017,528,8458,0,0.119792365
2017,528,8459,0,0.18773243
2017,528,8460,0,0.11881014
2017,528,8461,0,0.13508533
2017,528,8462,0,0.10236627
2017,528,8463,1,0.5529566
2017,528,8464,0,0.12644497
2017,528,8465,0,0.14036632
2017,528,8466,0,0.046349302
2017,528,8467,0,0.050028186
2017,528,8468,0,0.21510707
2017,528,8470,0,0.16963321
2017,528,8471,0,0.02882319
2017,528,8472,0,0.06227361
2017,528,8473,0,0.13131523
2017,528,8474,0,0.087158196
2017,528,8475,0,0.15605986
2017,528,8476,0,0.21748634
2017,528,8477,0,0.07759586
2017,528,8478,0,0.14136915
2017,528,8479,0,0.0454358
2017,528,8480,0,0.07921645
2017,528,8481,0,0.051924355
2017,528,8482,0,0.051191587
2017,528,8483,0,0.041135788
2017,528,8484,0,0.059948295
2017,528,8485,0,0.07529928
2017,410,8401,1,0.60896945
2017,410,8402,1,0.16583098
2017,410,8403,0,0.08785009
2017,410,8404,1,0.12921572
2017,410,8405,1,0.19016652
2017,410,8406,0,0.25160947
2017,410,8407,0,0.045300584
2017,410,8408,0,0.041710768
2017,410,8409,0,0.023815665
2017,410,8410,0,0.22097
2017,410,8411,0,0.06961621
2017,410,8412,0,0.04834626
2017,410,8413,0,0.026337683
2017,410,8414,0,0.037779257
2017,410,8415,0,0.029081535
2017,410,8416,1,0.19767837
2017,410,8417,0,0.14022307
2017,410,8418,0,0.08494236
2017,410,8419,0,0.07127795
2017,410,8420,0,0.2039292
2017,410,8421,0,0.025881054
2017,410,8422,0,0.045352336
2017,410,8423,0,0.071576275
2017,410,8424,0,0.03346174
2017,410,8425,0,0.083215535
2017,410,8426,0,0.11559636
2017,410,8427,0,0.047115125
2017,410,8428,0,0.05611415
2017,410,8429,0,0.026421
2017,410,8431,0,0.023600295
2017,410,8432,0,0.12144238
2017,410,8433,0,0.41390723
2017,410,8434,1,0.18596865
2017,410,8435,0,0.10787754
2017,410,8436,0,0.68971187
2017,410,8437,0,0.103820324
2017,410,8438,0,0.07107989
2017,410,8439,0,0.14191765
2017,410,8440,0,0.09970018
2017,410,8441,0,0.056585502
2017,410,8442,0,0.28601712
2017,410,8443,0,0.038983002
2017,410,8444,0,0.15307707
2017,410,8445,0,0.4230196
2017,410,8446,0,0.226513
2017,410,8447,1,0.15545914
2017,410,8448,0,0.14960985
2017,410,8449,0,0.21263687
2017,410,8450,1,0.036632426
2017,410,8451,0,0.054245066
2017,410,8452,0,0.15304959
2017,410,8453,0,0.22340691
2017,410,8454,0,0.15267481
2017,410,8455,0,0.12610103
2017,410,8456,1,0.1908939
2017,410,8457,0,0.12248508
2017,410,8458,0,0.062016882
2017,410,8459,0,0.07788347
2017,410,8460,0,0.1216428
2017,410,8461,0,0.1308427
2017,410,8462,0,0.07532112
2017,410,8463,0,0.12885362
2017,410,8464,0,0.15696022
2017,410,8465,1,0.11379274
2017,410,8466,0,0.046698924
2017,410,8467,0,0.05277403
2017,410,8468,0,0.18711239
2017,410,8470,0,0.20565423
2017,410,8471,0,0.03773133
2017,410,8472,0,0.044643354
2017,410,8473,0,0.1027696
2017,410,8474,0,0.097877845
2017,410,8475,0,0.264238
2017,410,8476,0,0.12819609
2017,410,8477,0,0.037291393
2017,410,8478,0,0.37869138
2017,410,8479,0,0.06323569
2017,410,8480,0,0.06105748
2017,410,8481,0,0.033267416
2017,410,8482,0,0.024681551
2017,410,8483,0,0.03030753
2017,410,8484,0,0.032679494
2017,410,8485,0,0.04975611
2017,458,8404,1,0.46206957
2017,458,8405,1,0.44681898
2017,458,8407,0,0.2541649
2017,458,8408,0,0.1649959
2017,458,8411,0,0.111525275
2017,458,8412,0,0.12756474
2017,458,8413,0,0.06852165
2017,458,8414,0,0.059134405
2017,458,8415,0,0.026402421
2017,458,8416,0,0.57187694
2017,458,8417,0,0.26044556
2017,458,8418,0,0.097616434
2017,458,8419,0,0.11787355
2017,458,8420,0,0.2132856
2017,458,8421,0,0.050352838
2017,458,8422,0,0.07515865
2017,458,8423,0,0.14683822
2017,458,8424,0,0.047217514
2017,458,8425,0,0.17002122
2017,458,8426,0,0.15873103
2017,458,8427,0,0.15891528
2017,458,8428,0,0.105330385
2017,458,8430,0,0.20263606
2017,458,8431,0,0.05971029
2017,458,8433,0,0.2038289
2017,458,8436,0,0.08789434
2017,458,8437,0,0.3007696
2017,458,8438,0,0.1528967
2017,458,8439,1,0.26329747
2017,458,8441,0,0.13620748
2017,458,8442,1,0.3490404
2017,458,8443,0,0.09158645
2017,458,8445,0,0.4327693
2017,458,8447,0,0.33022323
2017,458,8448,0,0.17940399
2017,458,8450,1,0.37321696
2017,458,8451,0,0.09010562
2017,458,8452,1,0.19909136
2017,458,8453,1,0.6025688
2017,458,8454,0,0.25899926
2017,458,8455,0,0.15489787
2017,458,8456,1,0.32230803
2017,458,8457,0,0.35227662
2017,458,8458,0,0.18722673
2017,458,8459,0,0.17886809
2017,458,8460,0,0.19629638
2017,458,8461,1,0.39711007
2017,458,8462,0,0.110168286
2017,458,8463,1,0.1758283
2017,458,8464,1,0.5592393
2017,458,8465,0,0.21501511
2017,458,8466,0,0.12899634
2017,458,8467,0,0.10277698
2017,458,8468,0,0.24320203
2017,458,8470,0,0.10245532
2017,458,8472,1,0.15472163
2017,458,8473,0,0.08656154
2017,458,8474,0,0.12077853
2017,458,8475,0,0.18551977
2017,458,8476,0,0.2460605
2017,458,8477,0,0.07075044
2017,458,8478,1,0.45971364
2017,458,8479,0,0.07748159
2017,458,8480,0,0.09227205
2017,458,8481,0,0.059890646
2017,458,8482,0,0.042891428
2017,458,8484,0,0.075648986
2017,458,8485,0,0.47370067
2017,124,8401,0,0.5050102
2017,124,8402,1,0.6670914
2017,124,8403,0,0.18162242
2017,124,8404,0,0.27074307
2017,124,8405,1,0.7429637
2017,124,8406,1,0.44295993
2017,124,8407,0,0.058587473
2017,124,8408,0,0.17008148
2017,124,8409,0,0.04492496
2017,124,8410,0,0.21586315
2017,124,8411,0,0.05957436
2017,124,8412,0,0.053876594
2017,124,8413,0,0.06281183
2017,124,8414,0,0.08974761
2017,124,8415,0,0.07648367
2017,124,8416,0,0.20177627
2017,124,8417,0,0.14658976
2017,124,8418,0,0.112646475
2017,124,8419,0,0.08498764
2017,124,8420,1,0.5778483
2017,124,8421,0,0.08268326
2017,124,8422,0,0.119726755
2017,124,8423,0,0.117106125
2017,124,8424,0,0.074040405
2017,124,8425,0,0.12538673
2017,124,8426,0,0.31203353
2017,124,8427,0,0.103113234
2017,124,8428,0,0.10422176
2017,124,8429,0,0.15590733
2017,124,8430,0,0.1532918
2017,124,8431,0,0.028734814
2017,124,8432,0,0.07020378
2017,124,8433,0,0.0756107
2017,124,8434,0,0.41912395
2017,124,8436,0,0.050655857
2017,124,8437,0,0.2079698
2017,124,8438,0,0.09672778
2017,124,8439,0,0.1547327
2017,124,8440,0,0.21232872
2017,124,8441,0,0.16254239
2017,124,8442,1,0.20056756
2017,124,8443,0,0.08166009
2017,124,8445,0,0.27885556
2017,124,8448,0,0.26598722
2017,124,8451,0,0.21762177
2017,124,8452,0,0.20169313
2017,124,8454,0,0.13937104
2017,124,8455,0,0.47612688
2017,124,8456,0,0.21517342
2017,124,8457,0,0.25431246
2017,124,8458,0,0.18695632
2017,124,8459,1,0.23359314
2017,124,8460,0,0.20287691
2017,124,8461,0,0.15030275
2017,124,8462,1,0.26315665
2017,124,8463,1,0.562594
2017,124,8464,1,0.10647301
2017,124,8465,0,0.09033079
2017,124,8466,0,0.056919713
2017,124,8467,0,0.07600456
2017,124,8468,0,0.16817635
2017,124,8470,0,0.24006441
2017,124,8471,0,0.043451604
2017,124,8472,0,0.13599114
2017,124,8473,0,0.12553516
2017,124,8474,0,0.104716785
2017,124,8475,0,0.6241057
2017,124,8476,0,0.28246382
2017,124,8477,0,0.066076994
2017,124,8478,1,0.54352814
2017,124,8479,0,0.048999026
2017,124,8480,0,0.104963265
2017,124,8481,0,0.07792426
2017,124,8482,0,0.047569387
2017,124,8483,0,0.06734803
2017,124,8484,0,0.14092678
2017,124,8485,0,0.088769905
2017,484,8402,0,0.34614027
2017,484,8403,0,0.30495447
2017,484,8404,0,0.32829776
2017,484,8406,0,0.26248375
2017,484,8407,0,0.06953222
2017,484,8408,0,0.07721959
2017,484,8409,0,0.0469657
2017,484,8411,0,0.11468066
2017,484,8412,0,0.09649727
2017,484,8413,0,0.05189205
2017,484,8414,0,0.09247428
2017,484,8415,0,0.089133166
2017,484,8416,0,0.28700885
2017,484,8417,0,0.20800762
2017,484,8418,0,0.07131103
2017,484,8419,0,0.08011975
2017,484,8420,0,0.48487404
2017,484,8421,0,0.108591735
2017,484,8422,0,0.13258755
2017,484,8423,0,0.16473968
2017,484,8424,0,0.07200045
2017,484,8425,0,0.15140931
2017,484,8426,0,0.33408684
2017,484,8427,0,0.36332685
2017,484,8428,0,0.11955478
2017,484,8429,0,0.24246348
2017,484,8430,0,0.17381644
2017,484,8431,0,0.044550538
2017,484,8432,0,0.15044051
2017,484,8433,0,0.0797232
2017,484,8434,0,0.2618091
2017,484,8436,0,0.17284413
2017,484,8437,1,0.20478232
2017,484,8438,1,0.16286395
2017,484,8439,0,0.17692131
2017,484,8441,1,0.26805383
2017,484,8442,0,0.42581654
2017,484,8443,0,0.08166329
2017,484,8450,0,0.09603033
2017,484,8451,0,0.15463188
2017,484,8453,0,0.21511678
2017,484,8455,1,0.70250624
2017,484,8456,0,0.16195565
2017,484,8457,1,0.5798063
2017,484,8458,0,0.17505552
2017,484,8459,0,0.39950162
2017,484,8460,1,0.4286984
2017,484,8461,0,0.5794727
2017,484,8462,0,0.19386634
2017,484,8463,1,0.582634
2017,484,8465,0,0.1501938
2017,484,8466,0,0.09718936
2017,484,8467,0,0.09759015
2017,484,8468,0,0.19363715
2017,484,8470,0,0.5274213
2017,484,8471,0,0.07780578
2017,484,8472,0,0.22159153
2017,484,8473,0,0.22978383
2017,484,8475,0,0.22702533
2017,484,8476,0,0.2047094
2017,484,8477,0,0.10963535
2017,484,8479,0,0.059098482
2017,484,8480,0,0.15459946
2017,484,8481,0,0.06564739
2017,484,8482,0,0.060816664
2017,484,8483,0,0.05960968
2017,484,8484,0,0.10994361
2017,484,8485,0,0.07045814
2017,757,8402,0,0.16941239
2017,757,8403,0,0.17715652
2017,757,8404,0,0.5758957
2017,757,8406,0,0.16376533
2017,757,8407,1,0.40463236
2017,757,8408,0,0.15307209
2017,757,8409,0,0.053314887
2017,757,8411,1,0.044749383
2017,757,8412,0,0.071716666
2017,757,8413,0,0.05499478
2017,757,8414,0,0.06256668
2017,757,8415,0,0.09762051
2017,757,8416,0,0.13877594
2017,757,8417,0,0.1572608
2017,757,8418,0,0.10628437
2017,757,8419,0,0.07693718
2017,757,8420,0,0.3244194
2017,757,8421,0,0.052533895
2017,757,8422,0,0.07222664
2017,757,8423,1,0.09135663
2017,757,8424,0,0.041988995
2017,757,8425,0,0.16747713
2017,757,8426,0,0.21975476
2017,757,8427,0,0.11100596
2017,757,8428,0,0.06938324
2017,757,8429,0,0.123582296
2017,757,8430,0,0.18240254
2017,757,8431,0,0.034548502
2017,757,8432,0,0.12989217
2017,757,8433,0,0.13309701
2017,757,8434,0,0.22745068
2017,757,8435,0,0.16799101
2017,757,8436,0,0.15082301
2017,757,8437,0,0.11047623
2017,757,8438,0,0.052369237
2017,757,8439,0,0.1447068
2017,757,8440,0,0.12087078
2017,757,8441,0,0.083944455
2017,757,8442,0,0.14166114
2017,757,8443,0,0.058658365
2017,757,8445,0,0.28496283
2017,757,8446,0,0.1430229
2017,757,8447,1,0.31110808
2017,757,8448,0,0.045419548
2017,757,8449,0,0.4989224
2017,757,8450,0,0.15879308
2017,757,8451,0,0.06431019
2017,757,8452,0,0.08595238
2017,757,8453,0,0.12126892
2017,757,8454,0,0.25936303
2017,757,8455,0,0.20952177
2017,757,8456,0,0.11381893
2017,757,8457,0,0.100532584
2017,757,8458,0,0.090620816
2017,757,8459,0,0.16271183
2017,757,8460,0,0.09424411
2017,757,8461,0,0.15585242
2017,757,8462,0,0.111514315
2017,757,8463,0,0.14808422
2017,757,8464,0,0.09395869
2017,757,8465,0,0.10809503
2017,757,8466,0,0.034905944
2017,757,8467,0,0.082424305
2017,757,8468,1,0.28287792
2017,757,8470,0,0.1868061
2017,757,8471,0,0.04283876
2017,757,8472,1,0.11589797
2017,757,8473,0,0.11956078
2017,757,8474,1,0.1239546
2017,757,8475,0,0.42350733
2017,757,8476,0,0.12086496
2017,757,8477,0,0.06490238
2017,757,8478,0,0.10363227
2017,757,8479,0,0.033017233
2017,757,8480,0,0.09517655
2017,757,8481,0,0.06585674
2017,757,8482,0,0.053638976
2017,757,8483,0,0.059904512
2017,757,8484,0,0.0710492
2017,757,8485,0,0.0694277
2017,764,8402,1,0.3115017
2017,764,8403,1,0.59697133
2017,764,8405,0,0.6145241
2017,764,8406,0,0.3812937
2017,764,8407,0,0.08168243
2017,764,8408,0,0.3018433
2017,764,8409,0,0.024121609
2017,764,8411,0,0.22911155
2017,764,8412,0,0.15941182
2017,764,8413,0,0.033212163
2017,764,8414,0,0.03944297
2017,764,8415,0,0.02418982
2017,764,8418,0,0.029942174
2017,764,8419,0,0.08454149
2017,764,8420,0,0.24643058
2017,764,8421,0,0.039968785
2017,764,8422,0,0.06888881
2017,764,8423,0,0.1517362
2017,764,8425,0,0.12039775
2017,764,8426,0,0.1687856
2017,764,8428,0,0.072756134
2017,764,8429,0,0.20935616
2017,764,8431,0,0.041137557
2017,764,8434,1,0.17318976
2017,764,8437,0,0.18939592
2017,764,8438,0,0.12968995
2017,764,8439,0,0.17735744
2017,764,8440,0,0.23177765
2017,764,8441,1,0.3864465
2017,764,8442,0,0.24141635
2017,764,8443,0,0.07843784
2017,764,8445,0,0.20917824
2017,764,8447,0,0.33483732
2017,764,8448,1,0.1713338
2017,764,8450,0,0.04456238
2017,764,8451,0,0.08394494
2017,764,8452,0,0.061256
2017,764,8453,0,0.13226108
2017,764,8454,1,0.28254578
2017,764,8455,1,0.4798651
2017,764,8456,0,0.2549997
2017,764,8457,0,0.21448037
2017,764,8458,0,0.118519485
2017,764,8459,0,0.16819793
2017,764,8460,0,0.19377881
2017,764,8461,1,0.31762293
2017,764,8462,0,0.17264795
2017,764,8463,0,0.3439074
2017,764,8464,0,0.39383402
2017,764,8466,0,0.091325976
2017,764,8467,0,0.112764776
2017,764,8468,1,0.3878921
2017,764,8470,0,0.13122976
2017,764,8471,0,0.12152981
2017,764,8472,1,0.16948716
2017,764,8473,0,0.13167317
2017,764,8475,0,0.2182242
2017,764,8476,0,0.3006199
2017,764,8477,0,0.07372834
2017,764,8479,0,0.046269644
2017,764,8480,0,0.0810408
2017,764,8481,0,0.031630173
2017,764,8482,0,0.03284318
2017,764,8483,0,0.02747413
2017,764,8484,0,0.037421063
2017,764,8485,0,0.07710161
2017,752,8401,0,0.5414717
2017,752,8402,1,0.48321486
2017,752,8403,1,0.23065202
2017,752,8404,0,0.15347563
2017,752,8405,0,0.19352952
2017,752,8406,0,0.6179528
2017,752,8407,0,0.1566488
2017,752,8408,0,0.122193016
2017,752,8409,0,0.051727142
2017,752,8410,0,0.21779238
2017,752,8412,0,0.028894253
2017,752,8413,0,0.05066941
2017,752,8414,0,0.059634726
2017,752,8415,0,0.069100246
2017,752,8416,0,0.16674763
2017,752,8417,0,0.2802612
2017,752,8418,0,0.08176553
2017,752,8419,0,0.101409584
2017,752,8420,0,0.20229459
2017,752,8421,0,0.04898015
2017,752,8422,0,0.044609055
2017,752,8423,0,0.09465915
2017,752,8424,0,0.04051264
2017,752,8425,0,0.107133895
2017,752,8426,0,0.1243412
2017,752,8427,0,0.049208492
2017,752,8428,0,0.0766058
2017,752,8429,0,0.055603776
2017,752,8430,0,0.11712269
2017,752,8431,0,0.025120156
2017,752,8432,0,0.0654221
2017,752,8433,0,0.09350712
2017,752,8434,0,0.07590865
2017,752,8436,0,0.14263381
2017,752,8437,0,0.28731227
2017,752,8438,0,0.067480065
2017,752,8439,0,0.19140793
2017,752,8440,0,0.12202236
2017,752,8441,0,0.10180137
2017,752,8442,0,0.22709493
2017,752,8443,0,0.10800808
2017,752,8447,0,0.8013957
2017,752,8448,0,0.16733366
2017,752,8449,0,0.6292665
2017,752,8450,0,0.08227612
2017,752,8451,0,0.1165217
2017,752,8452,0,0.3755653
2017,752,8453,1,0.59524304
2017,752,8454,0,0.23475386
2017,752,8455,0,0.13802503
2017,752,8456,1,0.13470984
2017,752,8458,0,0.15124641
2017,752,8459,0,0.27930987
2017,752,8460,0,0.11591273
2017,752,8461,1,0.6664546
2017,752,8462,0,0.13352555
2017,752,8463,0,0.16601573
2017,752,8464,0,0.0872863
2017,752,8465,0,0.19790304
2017,752,8466,0,0.03993213
2017,752,8467,0,0.06774404
2017,752,8468,0,0.21767633
2017,752,8470,0,0.16255935
2017,752,8471,0,0.06414592
2017,752,8472,1,0.09105664
2017,752,8473,0,0.20278977
2017,752,8474,0,0.09049021
2017,752,8475,0,0.26048636
2017,752,8476,0,0.35482752
2017,752,8477,0,0.06797816
2017,752,8478,0,0.283349
2017,752,8479,0,0.041534245
2017,752,8480,0,0.104525805
2017,752,8481,0,0.058913972
2017,752,8482,0,0.028266072
2017,752,8483,0,0.0409506
2017,752,8484,0,0.049614582
2017,752,8485,1,0.053965077
2017,372,8403,0,0.18530916
2017,372,8406,0,0.5884658
2017,372,8407,1,0.21133769
2017,372,8409,0,0.101012535
2017,372,8411,0,0.1474771
2017,372,8412,0,0.20874685
2017,372,8413,0,0.090950966
2017,372,8414,0,0.073132455
2017,372,8415,0,0.13281746
2017,372,8418,0,0.11229491
2017,372,8419,1,0.45926642
2017,372,8421,0,0.12000922
2017,372,8422,0,0.12358474
2017,372,8423,0,0.53041697
2017,372,8424,0,0.13282098
2017,372,8425,0,0.21532883
2017,372,8427,0,0.1278489
2017,372,8428,0,0.13048592
2017,372,8429,0,0.17284638
2017,372,8430,0,0.39386132
2017,372,8432,0,0.13770069
2017,372,8433,0,0.093972415
2017,372,8434,0,0.21609573
2017,372,8436,0,0.3427903
2017,372,8437,0,0.43038198
2017,372,8438,0,0.39681035
2017,372,8441,0,0.17953254
2017,372,8442,1,0.7818984
2017,372,8443,0,0.09790243
2017,372,8448,0,0.20255242
2017,372,8450,0,0.36491135
2017,372,8451,0,0.18077844
2017,372,8456,1,0.6777674
2017,372,8457,1,0.7576421
2017,372,8459,1,0.6847166
2017,372,8460,1,0.37211797
2017,372,8461,1,0.57824445
2017,372,8462,0,0.2347699
2017,372,8463,0,0.5234489
2017,372,8465,0,0.26598015
2017,372,8466,0,0.10944189
2017,372,8467,0,0.17307158
2017,372,8468,0,0.19914794
2017,372,8470,0,0.6464736
2017,372,8471,0,0.03413894
2017,372,8472,0,0.27040422
2017,372,8473,0,0.08161631
2017,372,8474,0,0.18728498
2017,372,8475,1,0.40159076
2017,372,8477,0,0.099856496
2017,372,8478,1,0.72143054
2017,372,8479,0,0.093475856
2017,372,8480,0,0.17512347
2017,372,8481,1,0.10665277
2017,372,8484,0,0.116881475
2017,372,8485,0,0.1554899
2017,40,8401,0,0.20583561
2017,40,8402,0,0.13891289
2017,40,8403,0,0.13066831
2017,40,8404,1,0.32763276
2017,40,8405,0,0.20513394
2017,40,8406,0,0.20571741
2017,40,8407,0,0.07286931
2017,40,8408,0,0.09217517
2017,40,8409,0,0.0510586
2017,40,8411,0,0.09949078
2017,40,8412,0,0.078394495
2017,40,8413,0,0.051379327
2017,40,8414,0,0.042432804
2017,40,8415,0,0.09419231
2017,40,8416,0,0.17310026
2017,40,8417,0,0.16266225
2017,40,8418,0,0.08989809
2017,40,8419,0,0.08395819
2017,40,8420,1,0.26414952
2017,40,8421,0,0.065166414
2017,40,8422,0,0.10323007
2017,40,8423,0,0.086639255
2017,40,8424,0,0.041436486
2017,40,8425,0,0.13853735
2017,40,8426,0,0.1192775
2017,40,8427,0,0.12796544
2017,40,8428,0,0.0968288
2017,40,8429,0,0.07788756
2017,40,8430,0,0.118178114
2017,40,8431,0,0.028697666
2017,40,8432,0,0.07484873
2017,40,8433,0,0.07530845
2017,40,8434,0,0.1275859
2017,40,8435,0,0.24152979
2017,40,8436,0,0.17111492
2017,40,8437,0,0.13018411
2017,40,8438,0,0.045712885
2017,40,8439,0,0.17540461
2017,40,8440,0,0.17992277
2017,40,8441,1,0.62617636
2017,40,8442,0,0.15102533
2017,40,8443,0,0.06903767
2017,40,8444,0,0.28484404
2017,40,8445,0,0.13296458
2017,40,8446,0,0.37996256
2017,40,8448,0,0.14090683
2017,40,8449,0,0.23725006
2017,40,8450,0,0.31506306
2017,40,8451,0,0.09840762
2017,40,8452,1,0.45273525
2017,40,8453,1,0.1937298
2017,40,8454,1,0.14676006
2017,40,8455,0,0.15810245
2017,40,8456,0,0.12719834
2017,40,8457,0,0.229719
2017,40,8458,0,0.18057717
2017,40,8459,0,0.2085888
2017,40,8460,0,0.108284935
2017,40,8461,0,0.12442906
2017,40,8462,0,0.08615998
2017,40,8463,0,0.26767763
2017,40,8464,0,0.1343513
2017,40,8465,0,0.08289656
2017,40,8466,0,0.05903378
2017,40,8467,0,0.10539754
2017,40,8468,0,0.15631683
2017,40,8470,0,0.35926166
2017,40,8471,0,0.044529837
2017,40,8472,0,0.1187614
2017,40,8473,0,0.09562567
2017,40,8474,0,0.11589641
2017,40,8475,0,0.26538718
2017,40,8476,1,0.1872869
2017,40,8477,0,0.039090067
2017,40,8478,0,0.39708996
2017,40,8479,0,0.03132155
2017,40,8480,0,0.074863255
2017,40,8481,0,0.0604105
2017,40,8482,0,0.04977808
2017,40,8483,0,0.052761104
2017,40,8484,0,0.06938227
2017,40,8485,0,0.07102097
2017,724,8401,0,0.24885768
2017,724,8402,0,0.13051036
2017,724,8403,0,0.16508019
2017,724,8404,0,0.24779822
2017,724,8405,0,0.19604938
2017,724,8407,0,0.06239098
2017,724,8408,0,0.13688941
2017,724,8409,0,0.033889826
2017,724,8410,0,0.14066215
2017,724,8411,0,0.084929645
2017,724,8412,0,0.107129164
2017,724,8413,0,0.041148797
2017,724,8414,0,0.045695983
2017,724,8415,0,0.05814781
2017,724,8416,0,0.16174844
2017,724,8417,0,0.1294223
2017,724,8418,0,0.06444292
2017,724,8419,0,0.09431771
2017,724,8420,0,0.09619201
2017,724,8421,0,0.054142475
2017,724,8422,0,0.036069456
2017,724,8423,0,0.07328003
2017,724,8424,0,0.042196583
2017,724,8425,0,0.06635502
2017,724,8426,0,0.11621951
2017,724,8427,0,0.059292097
2017,724,8428,0,0.07720948
2017,724,8430,0,0.13683374
2017,724,8431,0,0.026358463
2017,724,8432,0,0.079770215
2017,724,8433,0,0.08731798
2017,724,8434,0,0.09902397
2017,724,8435,0,0.16677654
2017,724,8436,0,0.07531018
2017,724,8437,0,0.13052766
2017,724,8438,0,0.057613432
2017,724,8439,0,0.24633498
2017,724,8440,1,0.3909048
2017,724,8441,0,0.07555415
2017,724,8442,0,0.23288403
2017,724,8443,0,0.03581333
2017,724,8444,0,0.27484924
2017,724,8445,0,0.10927764
2017,724,8446,0,0.32035044
2017,724,8447,0,0.13077247
2017,724,8448,0,0.06957994
2017,724,8449,0,0.5890697
2017,724,8450,0,0.11510445
2017,724,8451,0,0.048154045
2017,724,8452,0,0.17276406
2017,724,8453,0,0.10267569
2017,724,8454,0,0.31718487
2017,724,8455,0,0.26914507
2017,724,8456,0,0.18419349
2017,724,8457,0,0.13556895
2017,724,8458,0,0.07444698
2017,724,8459,0,0.15740073
2017,724,8460,0,0.103709504
2017,724,8461,0,0.08711779
2017,724,8462,0,0.06605675
2017,724,8463,0,0.15912148
2017,724,8464,0,0.06312394
2017,724,8465,0,0.07483693
2017,724,8466,0,0.030206611
2017,724,8467,0,0.10404921
2017,724,8468,0,0.13590421
2017,724,8470,0,0.20862474
2017,724,8471,0,0.052108943
2017,724,8472,0,0.0739349
2017,724,8473,0,0.11367819
2017,724,8474,0,0.12307662
2017,724,8475,0,0.4439536
2017,724,8476,0,0.18297741
2017,724,8477,0,0.06225522
2017,724,8478,1,0.33346072
2017,724,8479,0,0.022416897
2017,724,8480,0,0.061303727
2017,724,8481,0,0.0465434
2017,724,8482,0,0.043762982
2017,724,8483,0,0.049846966
2017,724,8484,0,0.052654535
2018,842,8401,0,0.20294191
2018,842,8402,0,0.10984543
2018,842,8403,0,0.070521735
2018,842,8404,1,0.19835947
2018,842,8405,0,0.20830828
2018,842,8406,0,0.084523685
2018,842,8407,0,0.079352826
2018,842,8408,0,0.43522343
2018,842,8409,0,0.056017153
2018,842,8410,1,0.18362075
2018,842,8411,0,0.068626024
2018,842,8412,0,0.03588007
2018,842,8413,0,0.08293151
2018,842,8414,0,0.08138652
2018,842,8415,0,0.093397915
2018,842,8416,0,0.11273606
2018,842,8417,0,0.10185819
2018,842,8418,0,0.09179879
2018,842,8419,0,0.1105865
2018,842,8420,1,0.1290251
2018,842,8421,0,0.05028608
2018,842,8422,0,0.041024692
2018,842,8423,0,0.11888878
2018,842,8424,0,0.05617377
2018,842,8425,0,0.11202213
2018,842,8426,0,0.102831565
2018,842,8427,0,0.04744532
2018,842,8428,0,0.0997096
2018,842,8429,0,0.0417432
2018,842,8430,0,0.058639046
2018,842,8431,0,0.041696426
2018,842,8432,0,0.18230817
2018,842,8433,0,0.043081716
2018,842,8434,0,0.11377556
2018,842,8435,1,0.24576609
2018,842,8436,0,0.048532166
2018,842,8437,0,0.421796
2018,842,8438,0,0.051260453
2018,842,8439,0,0.14385302
2018,842,8440,0,0.110128686
2018,842,8441,0,0.06665318
2018,842,8442,0,0.18910934
2018,842,8443,0,0.032814723
2018,842,8444,0,0.18388386
2018,842,8445,0,0.10950386
2018,842,8446,0,0.30734238
2018,842,8449,0,0.17012145
2018,842,8450,0,0.13160414
2018,842,8451,0,0.073864885
2018,842,8453,0,0.121771686
2018,842,8454,0,0.09575957
2018,842,8455,0,0.11452037
2018,842,8456,1,0.071689196
2018,842,8457,0,0.14517352
2018,842,8458,0,0.084788196
2018,842,8459,0,0.10497817
2018,842,8460,0,0.049806498
2018,842,8461,1,0.06632992
2018,842,8462,0,0.052290913
2018,842,8463,0,0.09658552
2018,842,8464,0,0.0959036
2018,842,8465,0,0.07616096
2018,842,8466,0,0.022495113
2018,842,8467,0,0.112884
2018,842,8468,0,0.085968636
2018,842,8470,0,0.16553134
2018,842,8471,0,0.025930827
2018,842,8472,0,0.05915143
2018,842,8473,0,0.085549206
2018,842,8474,0,0.082093924
2018,842,8475,0,0.13942109
2018,842,8476,0,0.103377216
2018,842,8477,0,0.048106216
2018,842,8478,0,0.2527058
2018,842,8479,0,0.056101166
2018,842,8480,0,0.12837565
2018,842,8481,0,0.055693675
2018,842,8482,0,0.057397533
2018,842,8483,0,0.039364684
2018,842,8484,0,0.05772312
2018,842,8485,0,0.03992588
2018,276,8401,1,0.3838263
2018,276,8402,1,0.1360274
2018,276,8403,0,0.06755088
2018,276,8404,0,0.10742312
2018,276,8405,0,0.20218411
2018,276,8406,0,0.13222001
2018,276,8407,0,0.04800587
2018,276,8408,0,0.09555105
2018,276,8409,0,0.05831753
2018,276,8411,0,0.050194252
2018,276,8412,0,0.037231036
2018,276,8413,0,0.07135513
2018,276,8414,0,0.07164927
2018,276,8415,0,0.06912278
2018,276,8416,0,0.060110282
2018,276,8417,0,0.05207777
2018,276,8418,0,0.08859183
2018,276,8419,0,0.07914427
2018,276,8420,0,0.079409294
2018,276,8421,0,0.04993799
2018,276,8422,0,0.057640232
2018,276,8423,0,0.09433618
2018,276,8424,0,0.054116182
2018,276,8425,0,0.06818691
2018,276,8426,0,0.041672893
2018,276,8427,0,0.04805902
2018,276,8428,0,0.05138145
2018,276,8429,0,0.032028034
2018,276,8430,0,0.042975083
2018,276,8431,0,0.03164925
2018,276,8432,0,0.067713015
2018,276,8433,0,0.038129747
2018,276,8434,0,0.075902924
2018,276,8435,0,0.13458563
2018,276,8436,0,0.035206623
2018,276,8437,0,0.122889146
2018,276,8438,0,0.032405786
2018,276,8439,0,0.121537276
2018,276,8440,0,0.06874781
2018,276,8441,0,0.059345398
2018,276,8442,0,0.107196346
2018,276,8443,0,0.044704925
2018,276,8444,0,0.5243322
2018,276,8445,1,0.41515365
2018,276,8446,1,0.23811425
2018,276,8447,1,0.5645671
2018,276,8448,1,0.04647875
2018,276,8449,0,0.268187
2018,276,8450,0,0.14031158
2018,276,8451,0,0.04868961
2018,276,8452,0,0.049228493
2018,276,8453,1,0.13290136
2018,276,8454,0,0.10067234
2018,276,8455,0,0.10512162
2018,276,8456,0,0.06800919
2018,276,8457,0,0.10449462
2018,276,8458,0,0.06066765
2018,276,8459,0,0.044230063
2018,276,8460,0,0.037266254
2018,276,8461,0,0.05929305
2018,276,8462,0,0.032019693
2018,276,8463,0,0.0756772
2018,276,8464,0,0.04454363
2018,276,8465,0,0.048516612
2018,276,8466,0,0.020242043
2018,276,8467,0,0.11321067
2018,276,8468,0,0.12360888
2018,276,8470,0,0.14338198
2018,276,8471,0,0.034518104
2018,276,8472,0,0.04199737
2018,276,8473,0,0.08468245
2018,276,8474,0,0.056576747
2018,276,8475,0,0.09475367
2018,276,8476,0,0.12036451
2018,276,8477,0,0.051056385
2018,276,8478,1,0.0645417
2018,276,8479,0,0.03639862
2018,276,8480,0,0.057787072
2018,276,8481,0,0.07903143
2018,276,8482,0,0.04126925
2018,276,8483,0,0.032960594
2018,276,8484,0,0.060210377
2018,276,8485,0,0.045271207
2018,392,8401,0,0.37206453
2018,392,8402,1,0.20699666
2018,392,8403,0,0.22626
2018,392,8404,1,0.2061595
2018,392,8406,1,0.100358754
2018,392,8407,0,0.03655099
2018,392,8408,0,0.05176672
2018,392,8409,0,0.03662312
2018,392,8411,0,0.07956131
2018,392,8412,0,0.033108175
2018,392,8413,0,0.057039727
2018,392,8414,0,0.060445745
2018,392,8415,0,0.049599577
2018,392,8416,0,0.18639456
2018,392,8417,0,0.20064999
2018,392,8418,0,0.09437958
2018,392,8419,0,0.06060798
2018,392,8420,1,0.24244352
2018,392,8421,0,0.03778774
2018,392,8422,0,0.04236421
2018,392,8423,0,0.13655078
2018,392,8424,0,0.05760754
2018,392,8425,0,0.081733644
2018,392,8426,0,0.054836765
2018,392,8427,0,0.025372343
2018,392,8428,0,0.06998401
2018,392,8429,0,0.035881374
2018,392,8430,0,0.084343135
2018,392,8431,0,0.033716276
2018,392,8432,0,0.09936883
2018,392,8433,0,0.072992705
2018,392,8434,0,0.12278929
2018,392,8435,0,0.36181137
2018,392,8437,1,0.290608
2018,392,8438,0,0.04246876
2018,392,8439,0,0.1537954
2018,392,8440,0,0.13027307
2018,392,8441,0,0.07242878
2018,392,8442,0,0.19237094
2018,392,8443,0,0.04102562
2018,392,8444,0,0.22001319
2018,392,8445,1,0.23471521
2018,392,8446,0,0.2371502
2018,392,8447,1,0.37627923
2018,392,8448,0,0.086313695
2018,392,8449,0,0.18644896
2018,392,8450,0,0.20644617
2018,392,8451,0,0.09488822
2018,392,8452,0,0.058151778
2018,392,8453,1,0.124008976
2018,392,8454,0,0.11497788
2018,392,8455,0,0.13800853
2018,392,8456,1,0.14048998
2018,392,8457,1,0.1062177
2018,392,8458,0,0.09306251
2018,392,8459,0,0.062533334
2018,392,8460,0,0.07533011
2018,392,8461,0,0.09714437
2018,392,8462,0,0.06457516
2018,392,8463,0,0.11724136
2018,392,8464,1,0.18303446
2018,392,8465,0,0.07691297
2018,392,8466,0,0.03413509
2018,392,8467,0,0.10634843
2018,392,8468,0,0.24472776
2018,392,8470,1,0.35797137
2018,392,8471,0,0.038523164
2018,392,8472,0,0.062192027
2018,392,8473,0,0.13634656
2018,392,8474,0,0.07753297
2018,392,8475,1,0.1523843
2018,392,8476,0,0.14615741
2018,392,8477,0,0.06995386
2018,392,8478,0,0.4016599
2018,392,8479,0,0.08156422
2018,392,8480,0,0.06817739
2018,392,8481,0,0.045689505
2018,392,8482,0,0.03867743
2018,392,8483,0,0.03702508
2018,392,8484,0,0.037779532
2018,392,8485,0,0.062513426
2018,156,8401,1,0.3967225
2018,156,8402,0,0.03523635
2018,156,8403,0,0.07727951
2018,156,8404,1,0.13992907
2018,156,8405,0,0.071291514
2018,156,8407,0,0.03298836
2018,156,8408,0,0.036827486
2018,156,8409,0,0.028800422
2018,156,8411,0,0.031305034
2018,156,8412,0,0.022935616
2018,156,8413,0,0.041677825
2018,156,8414,0,0.04258887
2018,156,8415,0,0.03629718
2018,156,8416,0,0.04527649
2018,156,8417,0,0.09462086
2018,156,8418,0,0.04404927
2018,156,8419,0,0.23262458
2018,156,8420,0,0.047636684
2018,156,8421,0,0.027974911
2018,156,8422,0,0.016442886
2018,156,8423,0,0.032825705
2018,156,8424,0,0.027303357
2018,156,8425,0,0.038069252
2018,156,8426,0,0.03581363
2018,156,8427,0,0.029487379
2018,156,8428,0,0.033027533
2018,156,8431,0,0.019419117
2018,156,8432,0,0.018042676
2018,156,8433,0,0.022477746
2018,156,8434,1,0.03455078
2018,156,8436,0,0.025564954
2018,156,8439,0,0.048700735
2018,156,8440,0,0.0667751
2018,156,8441,0,0.025727544
2018,156,8442,0,0.060031366
2018,156,8443,0,0.019910816
2018,156,8444,0,0.116354994
2018,156,8445,0,0.086633235
2018,156,8446,0,0.1431432
2018,156,8447,0,0.13355324
2018,156,8448,0,0.023295086
2018,156,8449,0,0.16463664
2018,156,8450,0,0.07040931
2018,156,8451,0,0.035116773
2018,156,8452,0,0.13793626
2018,156,8453,0,0.05474284
2018,156,8454,0,0.2873082
2018,156,8455,0,0.061387803
2018,156,8456,0,0.0389832
2018,156,8457,0,0.0358908
2018,156,8458,0,0.02213793
2018,156,8459,0,0.020595364
2018,156,8460,0,0.017150816
2018,156,8461,0,0.016753264
2018,156,8462,0,0.015967377
2018,156,8463,0,0.09639399
2018,156,8464,0,0.026439982
2018,156,8465,0,0.02888401
2018,156,8466,0,0.01563112
2018,156,8467,0,0.0618721
2018,156,8468,0,0.050536964
2018,156,8470,0,0.05509584
2018,156,8471,0,0.0274136
2018,156,8472,0,0.02716995
2018,156,8473,0,0.056641035
2018,156,8475,0,0.054877385
2018,156,8476,0,0.04001739
2018,156,8477,0,0.049523972
2018,156,8478,0,0.08362035
2018,156,8479,0,0.02403217
2018,156,8480,0,0.031146646
2018,156,8481,0,0.04157337
2018,156,8482,0,0.02842709
2018,156,8483,0,0.0269274
2018,156,8484,0,0.02395151
2018,380,8401,0,0.3151102
2018,380,8402,1,0.13840048
2018,380,8403,0,0.07379959
2018,380,8404,0,0.13440971
2018,380,8405,0,0.11231188
2018,380,8406,1,0.56627053
2018,380,8407,0,0.40078515
2018,380,8408,1,0.24906226
2018,380,8409,0,0.06690745
2018,380,8411,0,0.08909183
2018,380,8412,0,0.042656176
2018,380,8413,0,0.06775402
2018,380,8414,0,0.068277314
2018,380,8415,0,0.07811458
2018,380,8416,0,0.111005634
2018,380,8417,0,0.44309485
2018,380,8418,0,0.09960311
2018,380,8419,0,0.15424994
2018,380,8420,0,0.15914035
2018,380,8421,0,0.04698535
2018,380,8422,0,0.06774861
2018,380,8423,0,0.091983266
2018,380,8424,0,0.072597034
2018,380,8425,0,0.07819638
2018,380,8426,0,0.03942665
2018,380,8427,0,0.05078139
2018,380,8428,0,0.08186171
2018,380,8429,0,0.033668745
2018,380,8430,0,0.06684913
2018,380,8431,0,0.031789605
2018,380,8432,0,0.04551521
2018,380,8433,0,0.044875957
2018,380,8434,0,0.09376212
2018,380,8435,0,0.115595244
2018,380,8436,0,0.039733965
2018,380,8438,0,0.13224436
2018,380,8439,1,0.11140495
2018,380,8440,1,0.1837389
2018,380,8441,0,0.1779123
2018,380,8442,0,0.2039914
2018,380,8443,0,0.033213593
2018,380,8444,0,0.23599365
2018,380,8445,0,0.25584194
2018,380,8446,1,0.27975646
2018,380,8447,0,0.6592008
2018,380,8448,1,0.061405748
2018,380,8449,0,0.3487934
2018,380,8450,0,0.13627364
2018,380,8451,0,0.27179715
2018,380,8453,1,0.0707496
2018,380,8454,0,0.1224836
2018,380,8455,0,0.061790112
2018,380,8456,0,0.056565974
2018,380,8457,0,0.06793754
2018,380,8458,0,0.08870037
2018,380,8459,0,0.10358473
2018,380,8460,0,0.060219906
2018,380,8461,0,0.06543775
2018,380,8462,0,0.039599847
2018,380,8463,0,0.058015734
2018,380,8464,0,0.06751885
2018,380,8465,0,0.046647657
2018,380,8466,0,0.03257624
2018,380,8467,0,0.13463861
2018,380,8468,0,0.11674528
2018,380,8470,0,0.2709838
2018,380,8471,0,0.039630346
2018,380,8472,0,0.14103658
2018,380,8473,0,0.10450632
2018,380,8474,0,0.4457243
2018,380,8475,0,0.50756973
2018,380,8476,0,0.08256718
2018,380,8477,0,0.0705905
2018,380,8478,0,0.09963788
2018,380,8479,0,0.037218332
2018,380,8480,1,0.07091218
2018,380,8481,0,0.05959203
2018,380,8482,0,0.06588052
2018,380,8483,0,0.06745884
2018,380,8484,0,0.069561265
2018,380,8485,0,0.05067434
2018,826,8401,1,0.6600125
2018,826,8402,0,0.08843168
2018,826,8403,0,0.18398887
2018,826,8404,0,0.12971257
2018,826,8405,0,0.21303236
2018,826,8406,0,0.1308735
2018,826,8408,0,0.72783977
2018,826,8409,0,0.04281982
2018,826,8410,1,0.48065796
2018,826,8411,0,0.05718982
2018,826,8412,0,0.051242664
2018,826,8413,0,0.08408992
2018,826,8414,0,0.09058537
2018,826,8415,0,0.08424065
2018,826,8416,0,0.105876066
2018,826,8418,0,0.1281603
2018,826,8419,0,0.086047865
2018,826,8420,1,0.19218722
2018,826,8421,0,0.07635475
2018,826,8422,0,0.060629513
2018,826,8423,0,0.09982193
2018,826,8424,0,0.06758632
2018,826,8425,0,0.12319486
2018,826,8426,0,0.0745069
2018,826,8427,0,0.053685393
2018,826,8428,0,0.085279964
2018,826,8429,0,0.026392374
2018,826,8430,0,0.03917221
2018,826,8431,0,0.034141146
2018,826,8432,0,0.038728364
2018,826,8433,0,0.10257658
2018,826,8434,0,0.15344314
2018,826,8435,1,0.48775095
2018,826,8436,0,0.08647768
2018,826,8437,0,0.08548453
2018,826,8438,0,0.03760535
2018,826,8439,0,0.102346316
2018,826,8440,0,0.17461611
2018,826,8441,1,0.103493586
2018,826,8442,0,0.18997496
2018,826,8443,1,0.05785503
2018,826,8444,1,0.4374375
2018,826,8445,1,0.15861182
2018,826,8446,1,0.8274843
2018,826,8447,0,0.6987645
2018,826,8448,0,0.09588357
2018,826,8449,1,0.5818764
2018,826,8450,0,0.19111702
2018,826,8451,0,0.12018644
2018,826,8452,0,0.12379292
2018,826,8453,0,0.17618978
2018,826,8454,0,0.119743295
2018,826,8455,0,0.15378754
2018,826,8456,0,0.116246015
2018,826,8457,1,0.22782283
2018,826,8458,0,0.12736818
2018,826,8459,0,0.13863635
2018,826,8460,0,0.06744213
2018,826,8461,0,0.09122953
2018,826,8462,0,0.07300375
2018,826,8463,0,0.1117081
2018,826,8464,0,0.12811746
2018,826,8465,1,0.16262002
2018,826,8466,0,0.049006823
2018,826,8467,0,0.093030505
2018,826,8468,0,0.19186011
2018,826,8470,0,0.37029967
2018,826,8471,0,0.03429202
2018,826,8472,0,0.16654573
2018,826,8473,0,0.09114536
2018,826,8474,0,0.066757925
2018,826,8475,0,0.07586455
2018,826,8476,0,0.12835805
2018,826,8477,0,0.045302182
2018,826,8478,0,0.0933838
2018,826,8479,0,0.047008723
2018,826,8480,0,0.11098303
2018,826,8481,0,0.0638245
2018,826,8482,0,0.059248686
2018,826,8483,0,0.061265297
2018,826,8484,0,0.049222738
2018,826,8485,0,0.043484434
2018,251,8401,1,0.28948405
2018,251,8403,0,0.09010726
2018,251,8404,0,0.28319407
2018,251,8407,0,0.06898955
2018,251,8408,1,0.13523714
2018,251,8409,0,0.069308944
2018,251,8411,0,0.07492634
2018,251,8412,0,0.07303738
2018,251,8413,0,0.09483082
2018,251,8414,0,0.080845416
2018,251,8415,0,0.09484985
2018,251,8416,0,0.16263297
2018,251,8417,0,0.08922583
2018,251,8418,0,0.116798885
2018,251,8419,0,0.10627751
2018,251,8420,0,0.11997912
2018,251,8421,0,0.06095058
2018,251,8422,0,0.049581427
2018,251,8424,0,0.10437569
2018,251,8425,0,0.0835291
2018,251,8426,0,0.094831556
2018,251,8427,0,0.052228294
2018,251,8428,0,0.09057823
2018,251,8429,0,0.03859827
2018,251,8430,0,0.08943538
2018,251,8431,0,0.02914753
2018,251,8432,0,0.048997622
2018,251,8433,0,0.06502596
2018,251,8434,1,0.23506844
2018,251,8435,0,0.13832423
2018,251,8436,0,0.057633642
2018,251,8438,0,0.051658392
2018,251,8439,0,0.096631736
2018,251,8440,0,0.38410354
2018,251,8441,0,0.12509137
2018,251,8442,0,0.2868286
2018,251,8443,0,0.04408463
2018,251,8444,1,0.49037743
2018,251,8445,0,0.4390715
2018,251,8446,1,0.6382287
2018,251,8447,1,0.37125
2018,251,8448,1,0.11421817
2018,251,8449,0,0.30505723
2018,251,8450,1,0.2652905
2018,251,8451,1,0.22859265
2018,251,8453,0,0.15937877
2018,251,8454,0,0.3625935
2018,251,8455,0,0.12799159
2018,251,8456,0,0.18187973
2018,251,8457,0,0.09382829
2018,251,8458,0,0.19556999
2018,251,8459,0,0.13113399
2018,251,8460,0,0.17690936
2018,251,8461,0,0.12188705
2018,251,8462,0,0.08833119
2018,251,8463,0,0.23010711
2018,251,8464,0,0.1729791
2018,251,8465,0,0.1425343
2018,251,8466,0,0.046294395
2018,251,8467,0,0.17535877
2018,251,8468,0,0.19155903
2018,251,8470,0,0.21019904
2018,251,8471,0,0.02841853
2018,251,8472,0,0.10639293
2018,251,8473,0,0.11725941
2018,251,8475,0,0.14286374
2018,251,8476,0,0.12955077
2018,251,8477,0,0.069368884
2018,251,8478,1,0.29024458
2018,251,8479,0,0.053640544
2018,251,8480,0,0.09814226
2018,251,8481,0,0.07297458
2018,251,8482,0,0.07614256
2018,251,8483,0,0.059996795
2018,251,8484,0,0.087597355
2018,251,8485,0,0.099419974
2018,490,8401,0,0.7998261
2018,490,8402,0,0.1596064
2018,490,8403,0,0.15695804
2018,490,8404,0,0.1489945
2018,490,8405,0,0.3466136
2018,490,8406,1,0.27402177
2018,490,8407,1,0.15226254
2018,490,8408,0,0.17670466
2018,490,8409,0,0.06980824
2018,490,8410,0,0.4984425
2018,490,8411,1,0.12252757
2018,490,8412,0,0.05239145
2018,490,8413,0,0.06820976
2018,490,8414,0,0.07045527
2018,490,8415,0,0.086098865
2018,490,8416,0,0.25877744
2018,490,8417,0,0.17376472
2018,490,8418,0,0.087215036
2018,490,8419,0,0.080030136
2018,490,8420,0,0.24507868
2018,490,8421,0,0.06224479
2018,490,8422,0,0.035637535
2018,490,8423,0,0.1309512
2018,490,8424,0,0.058865786
2018,490,8425,0,0.10934454
2018,490,8426,0,0.08171986
2018,490,8427,0,0.08708952
2018,490,8428,1,0.075418405
2018,490,8429,1,0.3170358
2018,490,8430,1,0.21140845
2018,490,8431,0,0.052740756
2018,490,8432,0,0.12261688
2018,490,8433,0,0.094618745
2018,490,8434,0,0.21777293
2018,490,8435,0,0.1599167
2018,490,8436,0,0.06961824
2018,490,8437,1,0.13079517
2018,490,8438,0,0.043076888
2018,490,8439,0,0.087919384
2018,490,8440,0,0.19156067
2018,490,8441,0,0.054863304
2018,490,8442,1,0.18918669
2018,490,8443,0,0.047149964
2018,490,8444,1,0.24168356
2018,490,8445,0,0.1328075
2018,490,8446,1,0.3788228
2018,490,8447,1,0.15641814
2018,490,8448,0,0.085406534
2018,490,8449,0,0.24612091
2018,490,8450,0,0.27900648
2018,490,8451,1,0.08982739
2018,490,8452,0,0.051116508
2018,490,8453,0,0.13741027
2018,490,8454,0,0.15137771
2018,490,8455,0,0.09082794
2018,490,8456,0,0.13239026
2018,490,8457,1,0.097081974
2018,490,8458,0,0.08462133
2018,490,8459,1,0.12333437
2018,490,8460,0,0.07223417
2018,490,8461,0,0.07388288
2018,490,8462,0,0.06688616
2018,490,8463,1,0.07363937
2018,490,8464,1,0.24963094
2018,490,8465,0,0.06326086
2018,490,8466,1,0.03685526
2018,490,8467,0,0.1613274
2018,490,8468,0,0.24862142
2018,490,8470,1,0.19521748
2018,490,8471,0,0.05723051
2018,490,8472,1,0.088019006
2018,490,8473,0,0.12285943
2018,490,8474,0,0.08037798
2018,490,8475,0,0.3729431
2018,490,8476,0,0.1132082
2018,490,8477,0,0.04586038
2018,490,8478,0,0.26434508
2018,490,8479,0,0.12953514
2018,490,8480,0,0.055599682
2018,490,8481,0,0.08931209
2018,490,8482,0,0.050319362
2018,490,8483,0,0.053109273
2018,490,8484,0,0.057828017
2018,490,8485,0,0.056548037
2018,702,8402,1,0.29171488
2018,702,8405,0,0.6582168
2018,702,8406,1,0.5591564
2018,702,8407,0,0.19180588
2018,702,8408,1,0.29657483
2018,702,8409,0,0.037816387
2018,702,8411,0,0.1171442
2018,702,8412,0,0.037506185
2018,702,8413,0,0.038852822
2018,702,8414,0,0.059540827
2018,702,8416,0,0.34369087
2018,702,8418,0,0.1146113
2018,702,8419,0,0.091701806
2018,702,8420,0,0.22954734
2018,702,8421,0,0.038698837
2018,702,8422,0,0.05002202
2018,702,8423,1,0.17772847
2018,702,8424,0,0.05569617
2018,702,8425,0,0.12436846
2018,702,8427,0,0.14512485
2018,702,8428,0,0.083924964
2018,702,8430,1,0.36958173
2018,702,8431,0,0.039460607
2018,702,8432,0,0.25698158
2018,702,8433,1,0.45891502
2018,702,8434,1,0.39702386
2018,702,8435,1,0.45303804
2018,702,8436,0,0.12219622
2018,702,8437,0,0.19340487
2018,702,8438,0,0.12812817
2018,702,8439,0,0.20978816
2018,702,8440,1,0.6400172
2018,702,8441,0,0.11826118
2018,702,8442,1,0.5021031
2018,702,8443,0,0.049692996
2018,702,8445,1,0.31315103
2018,702,8446,1,0.77333826
2018,702,8448,0,0.17562585
2018,702,8449,1,0.55406976
2018,702,8451,0,0.22442293
2018,702,8452,0,0.21922363
2018,702,8453,0,0.24692182
2018,702,8454,1,0.5877918
2018,702,8455,0,0.16553757
2018,702,8456,1,0.15913115
2018,702,8457,0,0.2473238
2018,702,8458,0,0.20595032
2018,702,8459,0,0.12993151
2018,702,8460,0,0.15431213
2018,702,8461,0,0.16736048
2018,702,8462,0,0.3398119
2018,702,8463,1,0.6460699
2018,702,8464,0,0.23959067
2018,702,8465,0,0.10662145
2018,702,8466,0,0.077144034
2018,702,8467,0,0.16244288
2018,702,8468,0,0.2931892
2018,702,8470,0,0.15873821
2018,702,8471,1,0.034625087
2018,702,8473,0,0.07951602
2018,702,8474,1,0.10351187
2018,702,8475,1,0.3118622
2018,702,8476,0,0.45636234
2018,702,8477,0,0.124376796
2018,702,8479,0,0.100162186
2018,702,8480,1,0.13425007
2018,702,8481,0,0.041364983
2018,702,8482,0,0.04372922
2018,702,8483,0,0.033500362
2018,702,8484,0,0.08283872
2018,528,8401,0,0.19417663
2018,528,8403,0,0.09214613
2018,528,8404,0,0.13434136
2018,528,8405,0,0.16134249
2018,528,8407,1,0.1542393
2018,528,8408,0,0.11440305
2018,528,8409,0,0.056610458
2018,528,8410,0,0.17017294
2018,528,8411,0,0.08060288
2018,528,8412,0,0.040927965
2018,528,8413,0,0.080279574
2018,528,8414,0,0.09729273
2018,528,8415,0,0.08160339
2018,528,8416,1,0.13668601
2018,528,8417,1,0.32177803
2018,528,8418,0,0.11635718
2018,528,8419,0,0.08400687
2018,528,8420,0,0.20456903
2018,528,8421,0,0.06312165
2018,528,8422,0,0.06015696
2018,528,8423,0,0.13533786
2018,528,8424,0,0.089623354
2018,528,8425,0,0.078707084
2018,528,8426,0,0.07835414
2018,528,8427,0,0.037720855
2018,528,8428,0,0.07913602
2018,528,8429,0,0.039858736
2018,528,8430,0,0.062694445
2018,528,8431,0,0.03112992
2018,528,8432,0,0.0877082
2018,528,8433,0,0.05380029
2018,528,8434,0,0.10582486
2018,528,8435,0,0.14014381
2018,528,8436,0,0.043926973
2018,528,8437,1,0.17690001
2018,528,8438,0,0.043714825
2018,528,8439,0,0.111715786
2018,528,8440,0,0.13089418
2018,528,8441,0,0.09276677
2018,528,8442,0,0.18467917
2018,528,8443,0,0.051448848
2018,528,8444,1,0.6829018
2018,528,8445,1,0.7230102
2018,528,8446,0,0.39889175
2018,528,8447,0,0.2353155
2018,528,8448,1,0.27255931
2018,528,8449,0,0.293871
2018,528,8450,0,0.2915903
2018,528,8451,0,0.140901
2018,528,8452,0,0.14902997
2018,528,8453,1,0.2538308
2018,528,8454,1,0.14743349
2018,528,8455,0,0.17429389
2018,528,8456,0,0.09552736
2018,528,8457,0,0.2072888
2018,528,8458,0,0.1697191
2018,528,8459,0,0.123993285
2018,528,8460,0,0.09497595
2018,528,8461,0,0.12075772
2018,528,8462,0,0.10053608
2018,528,8463,0,0.16278541
2018,528,8464,0,0.15558581
2018,528,8465,1,0.124920465
2018,528,8466,0,0.06478868
2018,528,8467,1,0.10005552
2018,528,8468,0,0.19051968
2018,528,8470,0,0.24651083
2018,528,8471,0,0.03683648
2018,528,8472,0,0.109736025
2018,528,8473,0,0.1631396
2018,528,8474,0,0.07245952
2018,528,8475,0,0.10605441
2018,528,8476,0,0.32197025
2018,528,8477,0,0.09895009
2018,528,8478,0,0.08515944
2018,528,8479,0,0.07830345
2018,528,8480,0,0.14317818
2018,528,8481,0,0.064766474
2018,528,8482,0,0.0958667
2018,528,8483,0,0.061524898
2018,528,8484,0,0.086559996
2018,528,8485,0,0.054509018
2018,410,8401,1,0.20761938
2018,410,8402,0,0.12243732
2018,410,8403,0,0.090629764
2018,410,8404,0,0.15180306
2018,410,8405,1,0.17974919
2018,410,8406,1,0.5361656
2018,410,8407,0,0.10630521
2018,410,8408,0,0.0823567
2018,410,8409,0,0.042482346
2018,410,8410,1,0.673106
2018,410,8411,0,0.08153109
2018,410,8412,0,0.033627827
2018,410,8413,0,0.054194953
2018,410,8414,0,0.055688847
2018,410,8415,0,0.06201691
2018,410,8416,0,0.16995466
2018,410,8417,0,0.19462892
2018,410,8418,0,0.14426255
2018,410,8419,0,0.077889115
2018,410,8420,1,0.33659607
2018,410,8421,0,0.030846626
2018,410,8422,0,0.040389817
2018,410,8423,0,0.121182926
2018,410,8424,0,0.08303662
2018,410,8425,0,0.09025948
2018,410,8426,0,0.09121957
2018,410,8427,0,0.055083964
2018,410,8428,0,0.057465237
2018,410,8429,0,0.033085696
2018,410,8431,0,0.028221518
2018,410,8432,0,0.12623687
2018,410,8433,0,0.09902784
2018,410,8435,0,0.15070263
2018,410,8436,1,0.558196
2018,410,8437,0,0.13444835
2018,410,8438,0,0.060312867
2018,410,8439,0,0.13658182
2018,410,8440,1,0.2328616
2018,410,8441,0,0.046084676
2018,410,8442,0,0.28574556
2018,410,8443,0,0.037118945
2018,410,8444,0,0.20512961
2018,410,8445,1,0.26167318
2018,410,8446,1,0.17639598
2018,410,8447,1,0.22439559
2018,410,8448,0,0.19483647
2018,410,8449,1,0.33428758
2018,410,8450,0,0.08124783
2018,410,8451,0,0.09290658
2018,410,8452,0,0.1629799
2018,410,8453,0,0.15101817
2018,410,8454,0,0.26826596
2018,410,8455,0,0.15225545
2018,410,8456,0,0.13971572
2018,410,8457,0,0.113640465
2018,410,8458,0,0.14365913
2018,410,8459,0,0.10721338
2018,410,8460,0,0.1569541
2018,410,8461,0,0.13562413
2018,410,8462,0,0.065363154
2018,410,8463,0,0.10772589
2018,410,8464,0,0.2249648
2018,410,8465,0,0.109215096
2018,410,8466,0,0.039461233
2018,410,8467,1,0.12214099
2018,410,8468,0,0.18739033
2018,410,8470,0,0.7055649
2018,410,8471,0,0.06306654
2018,410,8472,0,0.09605324
2018,410,8473,0,0.15855616
2018,410,8474,0,0.077538885
2018,410,8475,1,0.17513385
2018,410,8476,0,0.13015151
2018,410,8477,0,0.059075117
2018,410,8478,1,0.34113252
2018,410,8479,0,0.10473384
2018,410,8480,0,0.049373116
2018,410,8481,0,0.044927467
2018,410,8482,0,0.051929373
2018,410,8483,0,0.03897834
2018,410,8484,0,0.045392547
2018,410,8485,0,0.04092582
2018,458,8404,0,0.16504821
2018,458,8405,0,0.26154417
2018,458,8406,1,0.33560377
2018,458,8407,0,0.18717341
2018,458,8409,0,0.24087642
2018,458,8411,0,0.362164
2018,458,8412,0,0.09132601
2018,458,8413,0,0.08920142
2018,458,8414,0,0.05784576
2018,458,8415,0,0.04645556
2018,458,8416,1,0.3135669
2018,458,8417,0,0.23016645
2018,458,8418,0,0.10103508
2018,458,8419,0,0.153355
2018,458,8420,1,0.72397494
2018,458,8421,0,0.05274407
2018,458,8422,1,0.15253618
2018,458,8423,1,0.38646993
2018,458,8424,0,0.065509595
2018,458,8426,0,0.15762956
2018,458,8427,0,0.24057664
2018,458,8428,0,0.062188584
2018,458,8430,1,0.42587933
2018,458,8431,0,0.08797416
2018,458,8434,1,0.64612156
2018,458,8436,0,0.12703902
2018,458,8437,0,0.37676623
2018,458,8438,0,0.07953327
2018,458,8439,0,0.14116254
2018,458,8441,0,0.18614098
2018,458,8442,0,0.3253202
2018,458,8443,0,0.08693051
2018,458,8445,1,0.6017786
2018,458,8447,1,0.54332286
2018,458,8448,1,0.17063794
2018,458,8451,0,0.36862877
2018,458,8452,0,0.1875874
2018,458,8454,1,0.24761541
2018,458,8455,0,0.21538407
2018,458,8456,1,0.10182814
2018,458,8458,0,0.28938463
2018,458,8459,0,0.24596442
2018,458,8460,0,0.31780538
2018,458,8462,1,0.18541074
2018,458,8463,0,0.17879573
2018,458,8464,0,0.17958213
2018,458,8465,1,0.24713546
2018,458,8466,1,0.10531569
2018,458,8468,0,0.2949915
2018,458,8470,1,0.1674757
2018,458,8471,0,0.0369317
2018,458,8472,1,0.13713765
2018,458,8473,1,0.1122675
2018,458,8474,0,0.10255139
2018,458,8475,0,0.22938827
2018,458,8476,0,0.17290968
2018,458,8477,0,0.1518474
2018,458,8478,1,0.1847053
2018,458,8479,0,0.090075664
2018,458,8480,1,0.2229774
2018,458,8481,0,0.07934558
2018,458,8482,0,0.08136845
2018,458,8484,0,0.10145296
2018,458,8485,1,0.2928908
2018,124,8401,1,0.52998805
2018,124,8402,1,0.23261818
2018,124,8403,0,0.10869794
2018,124,8404,0,0.23726
2018,124,8405,1,0.31626597
2018,124,8406,1,0.2498935
2018,124,8407,0,0.048727836
2018,124,8408,0,0.14626671
2018,124,8409,0,0.07767033
2018,124,8410,0,0.33951288
2018,124,8411,0,0.05409827
2018,124,8412,0,0.045542583
2018,124,8413,0,0.0937911
2018,124,8414,0,0.111448616
2018,124,8415,0,0.07783843
2018,124,8416,0,0.15377793
2018,124,8417,0,0.14667258
2018,124,8418,0,0.104718596
2018,124,8419,0,0.13146101
2018,124,8420,0,0.19017226
2018,124,8421,0,0.09343828
2018,124,8422,0,0.06746086
2018,124,8423,0,0.12194738
2018,124,8424,0,0.12084512
2018,124,8425,0,0.13780458
2018,124,8426,0,0.10388526
2018,124,8427,0,0.08362865
2018,124,8428,0,0.10557281
2018,124,8429,0,0.16093259
2018,124,8430,0,0.10658477
2018,124,8431,0,0.03035516
2018,124,8432,0,0.08059341
2018,124,8433,0,0.061399903
2018,124,8434,0,0.67794216
2018,124,8436,0,0.059128903
2018,124,8437,0,0.24814984
2018,124,8438,0,0.0901256
2018,124,8439,0,0.13822357
2018,124,8440,1,0.27461898
2018,124,8441,0,0.12362711
2018,124,8442,0,0.28787434
2018,124,8443,1,0.08746542
2018,124,8445,1,0.53323406
2018,124,8447,0,0.5737041
2018,124,8448,1,0.263225
2018,124,8451,0,0.24199238
2018,124,8452,1,0.33549026
2018,124,8453,0,0.21400003
2018,124,8454,0,0.1496758
2018,124,8455,0,0.19623552
2018,124,8456,1,0.15622042
2018,124,8457,1,0.17765442
2018,124,8458,0,0.26801476
2018,124,8459,0,0.14544709
2018,124,8460,0,0.14143682
2018,124,8461,0,0.15526997
2018,124,8462,0,0.12877391
2018,124,8463,1,0.14772052
2018,124,8464,0,0.1281106
2018,124,8465,0,0.09703884
2018,124,8466,0,0.041881062
2018,124,8467,0,0.2309743
2018,124,8468,0,0.20245321
2018,124,8470,0,0.23510596
2018,124,8471,0,0.055584636
2018,124,8472,0,0.24966684
2018,124,8473,0,0.13497539
2018,124,8474,0,0.08616777
2018,124,8475,1,0.34824708
2018,124,8476,0,0.14608268
2018,124,8477,0,0.11349286
2018,124,8479,0,0.062538594
2018,124,8480,0,0.08120854
2018,124,8481,0,0.092266485
2018,124,8482,0,0.0715607
2018,124,8483,0,0.081124194
2018,124,8484,0,0.10840167
2018,124,8485,0,0.5010083
2018,484,8402,0,0.3771496
2018,484,8403,0,0.2593044
2018,484,8404,0,0.3738388
2018,484,8405,0,0.3727349
2018,484,8406,0,0.32990268
2018,484,8407,0,0.07149075
2018,484,8408,0,0.080706574
2018,484,8409,0,0.07378457
2018,484,8411,0,0.113032594
2018,484,8412,0,0.05573776
2018,484,8413,0,0.08376009
2018,484,8414,0,0.08879514
2018,484,8415,0,0.07167233
2018,484,8416,0,0.18210022
2018,484,8417,0,0.5266163
2018,484,8418,0,0.08136307
2018,484,8419,0,0.09847516
2018,484,8420,0,0.38924554
2018,484,8421,0,0.087995894
2018,484,8422,0,0.12945288
2018,484,8423,0,0.18376456
2018,484,8424,0,0.09018201
2018,484,8425,0,0.13721879
2018,484,8426,1,0.18731026
2018,484,8427,0,0.20654257
2018,484,8428,0,0.11262092
2018,484,8429,1,0.23949729
2018,484,8430,1,0.4180275
2018,484,8431,0,0.04614267
2018,484,8432,1,0.42482337
2018,484,8433,0,0.07427714
2018,484,8434,0,0.2601134
2018,484,8436,0,0.16643703
2018,484,8437,0,0.22303328
2018,484,8438,0,0.11771045
2018,484,8439,1,0.28059348
2018,484,8441,0,0.18308735
2018,484,8442,0,0.3930197
2018,484,8443,0,0.10065222
2018,484,8450,0,0.24882874
2018,484,8451,0,0.19440074
2018,484,8452,0,0.43232164
2018,484,8453,0,0.5118218
2018,484,8454,1,0.6294499
2018,484,8455,0,0.35702696
2018,484,8456,0,0.2744891
2018,484,8457,0,0.27434027
2018,484,8458,1,0.69593
2018,484,8459,0,0.20503555
2018,484,8460,0,0.15303124
2018,484,8461,0,0.3239268
2018,484,8462,1,0.5544016
2018,484,8463,0,0.28823978
2018,484,8465,1,0.15480001
2018,484,8466,0,0.09160631
2018,484,8467,0,0.1502803
2018,484,8468,0,0.2788282
2018,484,8470,0,0.67699575
2018,484,8471,0,0.09546686
2018,484,8472,0,0.5174267
2018,484,8473,0,0.21517156
2018,484,8474,0,0.15891509
2018,484,8475,0,0.35020736
2018,484,8476,1,0.14681168
2018,484,8477,0,0.1918214
2018,484,8479,0,0.09398788
2018,484,8480,0,0.13747641
2018,484,8481,0,0.09244213
2018,484,8482,0,0.081737965
2018,484,8483,0,0.06711112
2018,484,8484,0,0.105120696
2018,484,8485,0,0.072035156
2018,757,8402,0,0.44647235
2018,757,8403,0,0.1537889
2018,757,8404,0,0.6950486
2018,757,8405,0,0.20641504
2018,757,8406,1,0.30455357
2018,757,8407,1,0.35907874
2018,757,8408,1,0.42703578
2018,757,8409,0,0.089781255
2018,757,8411,0,0.1646058
2018,757,8412,0,0.04520678
2018,757,8413,0,0.110573396
2018,757,8414,0,0.08267666
2018,757,8415,0,0.112115845
2018,757,8416,1,0.22917981
2018,757,8417,0,0.5834353
2018,757,8418,0,0.2331401
2018,757,8419,0,0.07926832
2018,757,8420,1,0.18025662
2018,757,8421,0,0.07915834
2018,757,8422,0,0.06358532
2018,757,8423,1,0.14875174
2018,757,8424,0,0.08842766
2018,757,8425,0,0.16837126
2018,757,8426,1,0.14767937
2018,757,8427,1,0.11430445
2018,757,8428,0,0.08278596
2018,757,8429,0,0.081937715
2018,757,8430,0,0.21964191
2018,757,8431,0,0.038302112
2018,757,8432,1,0.13751759
2018,757,8433,0,0.25060734
2018,757,8434,0,0.35557365
2018,757,8435,0,0.32190803
2018,757,8436,0,0.1253554
2018,757,8437,0,0.4452625
2018,757,8438,0,0.1003398
2018,757,8439,0,0.13638683
2018,757,8440,0,0.13055728
2018,757,8441,0,0.074969396
2018,757,8442,0,0.22119133
2018,757,8443,0,0.075538106
2018,757,8444,1,0.3427483
2018,757,8445,1,0.41353685
2018,757,8446,1,0.16627502
2018,757,8447,1,0.61332834
2018,757,8448,1,0.05944419
2018,757,8449,1,0.5845651
2018,757,8450,0,0.35209522
2018,757,8451,0,0.15798122
2018,757,8452,1,0.20393658
2018,757,8453,1,0.36326542
2018,757,8454,0,0.16226105
2018,757,8455,0,0.3322521
2018,757,8456,1,0.12285648
2018,757,8457,1,0.14452384
2018,757,8458,0,0.15142474
2018,757,8459,1,0.10245718
2018,757,8460,0,0.07418798
2018,757,8461,0,0.12633792
2018,757,8462,0,0.086205736
2018,757,8463,0,0.10021622
2018,757,8464,0,0.105309814
2018,757,8465,0,0.13234434
2018,757,8466,0,0.03705569
2018,757,8467,0,0.2604315
2018,757,8468,0,0.19036792
2018,757,8470,0,0.26284784
2018,757,8471,0,0.04588697
2018,757,8472,0,0.16668849
2018,757,8473,0,0.17072707
2018,757,8474,0,0.11525699
2018,757,8475,1,0.17525904
2018,757,8476,1,0.15270215
2018,757,8477,0,0.08391689
2018,757,8478,1,0.7373702
2018,757,8479,0,0.047856826
2018,757,8480,0,0.10404162
2018,757,8481,0,0.09888353
2018,757,8482,0,0.08475626
2018,757,8483,0,0.086950004
2018,757,8484,0,0.07761257
2018,757,8485,0,0.10834513
2018,764,8403,0,0.25683355
2018,764,8405,0,0.36386132
2018,764,8406,0,0.34655634
2018,764,8407,0,0.09186984
2018,764,8408,1,0.60260546
2018,764,8409,0,0.083928965
2018,764,8411,0,0.12216763
2018,764,8412,0,0.043849997
2018,764,8413,0,0.101691455
2018,764,8414,0,0.05208582
2018,764,8415,0,0.033385985
2018,764,8416,0,0.47341955
2018,764,8417,0,0.2505972
2018,764,8418,0,0.04816186
2018,764,8419,0,0.24775618
2018,764,8420,1,0.17104213
2018,764,8421,0,0.063761175
2018,764,8422,0,0.047490302
2018,764,8423,0,0.13403182
2018,764,8424,0,0.108963326
2018,764,8427,0,0.10827513
2018,764,8428,0,0.062546745
2018,764,8429,1,0.18681185
2018,764,8430,0,0.30070764
2018,764,8431,0,0.038051855
2018,764,8434,0,0.30267343
2018,764,8435,0,0.7509571
2018,764,8437,1,0.18685013
2018,764,8438,0,0.15937549
2018,764,8439,1,0.104672365
2018,764,8441,0,0.12302081
2018,764,8442,0,0.3267579
2018,764,8443,0,0.09914772
2018,764,8445,0,0.36683306
2018,764,8446,0,0.50230604
2018,764,8447,0,0.37746397
2018,764,8448,1,0.1526811
2018,764,8450,0,0.042668436
2018,764,8451,1,0.098096825
2018,764,8452,0,0.09386726
2018,764,8453,1,0.1307765
2018,764,8455,0,0.14104713
2018,764,8456,1,0.1776863
2018,764,8457,0,0.2086304
2018,764,8458,0,0.21793012
2018,764,8459,0,0.13314267
2018,764,8460,1,0.3082346
2018,764,8461,0,0.12430601
2018,764,8462,0,0.08345801
2018,764,8464,0,0.6085466
2018,764,8466,0,0.096667275
2018,764,8467,0,0.16967274
2018,764,8468,0,0.29809487
2018,764,8470,0,0.19764753
2018,764,8471,0,0.16073781
2018,764,8472,0,0.22824512
2018,764,8473,0,0.1330986
2018,764,8475,1,0.54453045
2018,764,8476,0,0.3164501
2018,764,8477,0,0.095623024
2018,764,8479,0,0.054859072
2018,764,8480,0,0.116797775
2018,764,8481,0,0.04051315
2018,764,8482,0,0.044473976
2018,764,8483,0,0.04228936
2018,764,8484,0,0.054194394
2018,764,8485,0,0.06098901
2018,752,8401,0,0.35579172
2018,752,8402,0,0.20172112
2018,752,8403,0,0.16055359
2018,752,8404,0,0.15043329
2018,752,8405,1,0.70789737
2018,752,8406,0,0.72412384
2018,752,8407,0,0.16236807
2018,752,8408,0,0.16736189
2018,752,8409,0,0.106399454
2018,752,8410,1,0.32678923
2018,752,8412,0,0.04361425
2018,752,8413,0,0.08551857
2018,752,8414,0,0.10395713
2018,752,8415,0,0.17322388
2018,752,8416,1,0.2803573
2018,752,8417,1,0.16704875
2018,752,8418,0,0.15447152
2018,752,8419,0,0.08246527
2018,752,8420,0,0.53192425
2018,752,8421,0,0.077587806
2018,752,8422,0,0.05160664
2018,752,8423,0,0.18876731
2018,752,8424,0,0.102029935
2018,752,8425,0,0.14741227
2018,752,8426,0,0.06827128
2018,752,8427,0,0.06797701
2018,752,8428,0,0.105000034
2018,752,8429,0,0.053827077
2018,752,8430,0,0.10681295
2018,752,8431,0,0.032874607
2018,752,8432,0,0.14634183
2018,752,8433,0,0.10154915
2018,752,8434,0,0.10807116
2018,752,8435,0,0.441879
2018,752,8436,0,0.19048318
2018,752,8437,0,0.23619689
2018,752,8438,0,0.06720271
2018,752,8439,0,0.10944496
2018,752,8440,0,0.3338253
2018,752,8441,0,0.1087019
2018,752,8442,1,0.4039716
2018,752,8443,0,0.1113432
2018,752,8446,0,0.6122218
2018,752,8447,1,0.77717745
2018,752,8448,1,0.16598892
2018,752,8449,0,0.6922629
2018,752,8450,0,0.26218933
2018,752,8451,0,0.2020837
2018,752,8452,0,0.17796409
2018,752,8453,1,0.37460506
2018,752,8454,0,0.3993783
2018,752,8455,0,0.17009069
2018,752,8456,0,0.11872873
2018,752,8457,0,0.41097087
2018,752,8458,0,0.47093442
2018,752,8459,0,0.42581883
2018,752,8460,0,0.10749271
2018,752,8461,1,0.17462502
2018,752,8462,0,0.1292245
2018,752,8463,0,0.20761248
2018,752,8464,0,0.21729335
2018,752,8465,0,0.1893114
2018,752,8466,0,0.04847396
2018,752,8467,0,0.18515801
2018,752,8468,0,0.20674013
2018,752,8470,1,0.42283508
2018,752,8471,0,0.06662312
2018,752,8472,1,0.12131958
2018,752,8473,1,0.2452774
2018,752,8474,0,0.08498268
2018,752,8475,0,0.39014095
2018,752,8476,0,0.28164396
2018,752,8477,0,0.14552568
2018,752,8478,1,0.7751623
2018,752,8479,0,0.05500793
2018,752,8480,0,0.12693419
2018,752,8481,0,0.102447756
2018,752,8482,0,0.042182367
2018,752,8483,0,0.070986055
2018,752,8484,0,0.067633495
2018,752,8485,0,0.05930419
2018,372,8402,1,0.7822313
2018,372,8403,0,0.21398401
2018,372,8406,1,0.5632288
2018,372,8409,0,0.16500449
2018,372,8411,0,0.22068715
2018,372,8412,0,0.17290926
2018,372,8413,0,0.13149478
2018,372,8414,0,0.120656505
2018,372,8415,0,0.23326962
2018,372,8418,0,0.14488022
2018,372,8419,0,0.20056579
2018,372,8421,0,0.10869464
2018,372,8422,0,0.13269252
2018,372,8423,0,0.445672
2018,372,8424,0,0.22375976
2018,372,8425,0,0.29169863
2018,372,8426,1,0.5593627
2018,372,8427,0,0.15518692
2018,372,8428,0,0.16667753
2018,372,8429,1,0.23662494
2018,372,8430,1,0.21975018
2018,372,8431,0,0.07444048
2018,372,8432,0,0.21397205
2018,372,8433,0,0.1041975
2018,372,8434,1,0.23224974
2018,372,8436,0,0.25299436
2018,372,8437,1,0.4201422
2018,372,8438,0,0.2602262
2018,372,8441,0,0.21079311
2018,372,8443,0,0.11963269
2018,372,8448,0,0.14017376
2018,372,8450,0,0.3664753
2018,372,8451,1,0.27172193
2018,372,8456,0,0.35186663
2018,372,8457,1,0.44749534
2018,372,8462,1,0.28007388
2018,372,8463,0,0.17750046
2018,372,8465,1,0.24986418
2018,372,8466,0,0.14864598
2018,372,8467,0,0.2922106
2018,372,8468,0,0.2412365
2018,372,8470,0,0.37119725
2018,372,8471,0,0.040603995
2018,372,8472,1,0.31277692
2018,372,8473,0,0.12835062
2018,372,8474,0,0.17875445
2018,372,8475,0,0.2579296
2018,372,8477,0,0.12346789
2018,372,8479,0,0.14985575
2018,372,8480,0,0.2503902
2018,372,8481,0,0.13684733
2018,372,8482,0,0.12027001
2018,372,8483,0,0.14060947
2018,372,8484,0,0.10579978
2018,372,8485,0,0.15837878
2018,40,8401,0,0.42421558
2018,40,8402,1,0.50449485
2018,40,8403,0,0.10647768
2018,40,8404,0,0.17794211
2018,40,8405,0,0.6158146
2018,40,8406,0,0.2801004
2018,40,8407,0,0.101962216
2018,40,8408,0,0.18668212
2018,40,8409,0,0.08712086
2018,40,8411,0,0.14101274
2018,40,8412,0,0.0624315
2018,40,8413,0,0.09520501
2018,40,8414,0,0.08062118
2018,40,8415,0,0.1234542
2018,40,8416,1,0.28554735
2018,40,8417,0,0.27635393
2018,40,8418,0,0.15991987
2018,40,8419,0,0.09821206
2018,40,8420,0,0.14652108
2018,40,8421,0,0.06523847
2018,40,8422,0,0.11915558
2018,40,8423,0,0.16760048
2018,40,8424,0,0.08709302
2018,40,8425,0,0.13127595
2018,40,8426,0,0.07750555
2018,40,8427,0,0.37031475
2018,40,8428,0,0.09849569
2018,40,8429,0,0.105824575
2018,40,8430,0,0.12267571
2018,40,8431,0,0.037961755
2018,40,8432,0,0.09642705
2018,40,8433,0,0.13331373
2018,40,8435,0,0.2319815
2018,40,8436,0,0.10529644
2018,40,8438,0,0.07263133
2018,40,8439,0,0.1145069
2018,40,8440,0,0.17584674
2018,40,8441,0,0.09745623
2018,40,8442,1,0.25371993
2018,40,8443,0,0.07666645
2018,40,8444,1,0.81499547
2018,40,8445,0,0.37788013
2018,40,8446,0,0.3635957
2018,40,8447,0,0.25693113
2018,40,8448,0,0.109580666
2018,40,8449,0,0.31321478
2018,40,8450,0,0.4377399
2018,40,8451,0,0.14473167
2018,40,8453,0,0.49328232
2018,40,8454,0,0.1512898
2018,40,8455,0,0.1546568
2018,40,8456,0,0.09490458
2018,40,8457,0,0.1958359
2018,40,8458,0,0.11895179
2018,40,8459,0,0.09712384
2018,40,8460,1,0.12899569
2018,40,8461,0,0.26865098
2018,40,8462,0,0.10878617
2018,40,8463,1,0.127044
2018,40,8464,0,0.15317151
2018,40,8465,0,0.08611608
2018,40,8466,0,0.058535296
2018,40,8467,0,0.20103343
2018,40,8468,0,0.20934938
2018,40,8470,1,0.31991366
2018,40,8471,0,0.04985454
2018,40,8472,0,0.34731698
2018,40,8473,0,0.13912444
2018,40,8474,0,0.08516352
2018,40,8475,1,0.33271122
2018,40,8476,0,0.14782469
2018,40,8477,0,0.09997066
2018,40,8478,0,0.2438382
2018,40,8479,0,0.054462437
2018,40,8480,0,0.087974586
2018,40,8481,0,0.07568108
2018,40,8482,0,0.0893973
2018,40,8483,0,0.07298869
2018,40,8484,0,0.10227458
2018,40,8485,0,0.095386185
2018,724,8401,0,0.6176798
2018,724,8402,0,0.28990316
2018,724,8403,1,0.5359206
2018,724,8404,1,0.5023617
2018,724,8405,1,0.7404654
2018,724,8407,0,0.096114606
2018,724,8408,1,0.124368876
2018,724,8409,0,0.0645176
2018,724,8410,0,0.15563491
2018,724,8411,0,0.075269945
2018,724,8412,0,0.06791743
2018,724,8413,0,0.056362335
2018,724,8414,0,0.06838898
2018,724,8415,0,0.08847832
2018,724,8416,0,0.26387444
2018,724,8417,0,0.3924984
2018,724,8418,0,0.08648927
2018,724,8419,0,0.08250782
2018,724,8420,0,0.15790957
2018,724,8421,0,0.059887487
2018,724,8422,0,0.03980866
2018,724,8424,0,0.089735396
2018,724,8425,0,0.061733052
2018,724,8426,0,0.05730452
2018,724,8427,0,0.09514624
2018,724,8428,0,0.064644404
2018,724,8429,0,0.1339482
2018,724,8430,1,0.19357906
2018,724,8431,0,0.02548689
2018,724,8432,0,0.08584811
2018,724,8433,0,0.12846237
2018,724,8434,1,0.3597078
2018,724,8435,0,0.33722982
2018,724,8436,0,0.04883239
2018,724,8437,0,0.11628831
2018,724,8438,0,0.04238054
2018,724,8439,1,0.1603563
2018,724,8440,0,0.14786094
2018,724,8441,0,0.14929058
2018,724,8442,0,0.24324445
2018,724,8443,0,0.054317117
2018,724,8444,1,0.50547653
2018,724,8445,1,0.40445158
2018,724,8446,1,0.6984141
2018,724,8447,1,0.6363812
2018,724,8448,0,0.43561372
2018,724,8449,1,0.5487843
2018,724,8450,0,0.1591472
2018,724,8451,0,0.11640495
2018,724,8452,1,0.47611764
2018,724,8453,1,0.17177382
2018,724,8454,0,0.4610046
2018,724,8455,1,0.25437725
2018,724,8456,0,0.2011004
2018,724,8457,1,0.16405295
2018,724,8458,0,0.13790159
2018,724,8459,0,0.1049831
2018,724,8460,0,0.1301821
2018,724,8461,0,0.21763828
2018,724,8462,1,0.09039344
2018,724,8463,0,0.21592636
2018,724,8464,0,0.093748875
2018,724,8465,0,0.11138245
2018,724,8466,0,0.047332954
2018,724,8467,1,0.2230143
2018,724,8468,1,0.19008413
2018,724,8470,0,0.31834188
2018,724,8471,0,0.063243896
2018,724,8472,1,0.22710271
2018,724,8473,0,0.1469783
2018,724,8474,0,0.059758205
2018,724,8475,1,0.6096487
2018,724,8476,0,0.17428607
2018,724,8477,0,0.10267912
2018,724,8478,0,0.14952335
2018,724,8479,0,0.039334834
2018,724,8480,1,0.07609388
2018,724,8481,0,0.07887742
2018,724,8482,0,0.070731
2018,724,8483,0,0.06409216
2018,724,8484,0,0.07885837
2018,724,8485,0,0.057903167
