t,i,k4,label_observed_continuing,p
2016,842,8401,0,0.284432
2016,842,8402,0,0.12540425
2016,842,8403,0,0.2615464
2016,842,8404,0,0.5160492
2016,842,8405,1,0.4665348
2016,842,8406,1,0.18905815
2016,842,8407,0,0.056816597
2016,842,8408,0,0.09339804
2016,842,8409,0,0.04598086
2016,842,8410,1,0.37013397
2016,842,8411,0,0.09302296
2016,842,8412,0,0.04301075
2016,842,8413,0,0.18930773
2016,842,8414,0,0.29617727
2016,842,8415,0,0.047327437
2016,842,8416,0,0.20373859
2016,842,8417,0,0.18038733
2016,842,8418,0,0.042148836
2016,842,8419,0,0.10714048
2016,842,8420,0,0.15736224
2016,842,8421,0,0.13383287
2016,842,8422,0,0.032938868
2016,842,8423,0,0.106672525
2016,842,8424,0,0.030347534
2016,842,8425,0,0.07258288
2016,842,8426,0,0.1149274
2016,842,8427,0,0.12945807
2016,842,8428,0,0.103120595
2016,842,8429,0,0.14990917
2016,842,8430,0,0.07026935
2016,842,8431,0,0.1005596
2016,842,8432,0,0.18012162
2016,842,8433,0,0.04083974
2016,842,8434,0,0.26321402
2016,842,8435,0,0.20731072
2016,842,8436,0,0.12028962
2016,842,8437,0,0.3492949
2016,842,8438,0,0.025666919
2016,842,8439,0,0.17505972
2016,842,8440,0,0.103323944
2016,842,8441,0,0.05036635
2016,842,8442,0,0.44777605
2016,842,8443,0,0.048757453
2016,842,8444,0,0.6251113
2016,842,8446,0,0.20573868
2016,842,8447,0,0.17219076
2016,842,8449,0,0.18659906
2016,842,8450,0,0.13842161
2016,842,8451,0,0.034315486
2016,842,8452,0,0.12604482
2016,842,8453,0,0.25310704
2016,842,8454,1,0.18737374
2016,842,8455,0,0.13319196
2016,842,8456,1,0.08815679
2016,842,8457,0,0.16578943
2016,842,8458,0,0.1004965
2016,842,8459,0,0.056768052
2016,842,8460,1,0.16780126
2016,842,8461,0,0.059742104
2016,842,8462,0,0.06476367
2016,842,8463,1,0.2604391
2016,842,8464,0,0.07682028
2016,842,8465,0,0.077839725
2016,842,8466,0,0.040649705
2016,842,8467,0,0.03574759
2016,842,8468,0,0.1102055
2016,842,8470,0,0.32263443
2016,842,8471,0,0.032202423
2016,842,8472,1,0.07233526
2016,842,8473,0,0.08169357
2016,842,8474,0,0.05732182
2016,842,8475,0,0.20633717
2016,842,8476,0,0.16751467
2016,842,8477,0,0.052853834
2016,842,8478,0,0.59863544
2016,842,8479,0,0.05341195
2016,842,8480,0,0.09898396
2016,842,8481,0,0.03663979
2016,842,8482,0,0.037360847
2016,842,8483,0,0.06973806
2016,842,8484,0,0.07494429
2016,842,8485,0,0.16801177
2016,276,8401,0,0.2260355
2016,276,8402,0,0.05393249
2016,276,8403,0,0.07449254
2016,276,8404,0,0.22271436
2016,276,8405,1,0.5565778
2016,276,8406,1,0.13391271
2016,276,8407,0,0.068411455
2016,276,8408,0,0.050887454
2016,276,8409,0,0.041975554
2016,276,8410,1,0.27540264
2016,276,8411,0,0.061348345
2016,276,8412,0,0.029366951
2016,276,8413,0,0.023271512
2016,276,8414,0,0.025725603
2016,276,8415,0,0.02665303
2016,276,8416,0,0.03813155
2016,276,8417,0,0.16122599
2016,276,8418,0,0.02333686
2016,276,8419,0,0.079938605
2016,276,8420,0,0.11199189
2016,276,8421,0,0.046481337
2016,276,8422,0,0.053737756
2016,276,8423,0,0.024992233
2016,276,8424,0,0.023271512
2016,276,8425,0,0.028174927
2016,276,8426,0,0.053689934
2016,276,8427,0,0.06093353
2016,276,8428,0,0.03886674
2016,276,8429,0,0.06351538
2016,276,8430,0,0.03748795
2016,276,8431,0,0.026576925
2016,276,8432,0,0.06716425
2016,276,8433,0,0.072453566
2016,276,8434,0,0.069840126
2016,276,8435,0,0.13373452
2016,276,8436,0,0.04874129
2016,276,8437,0,0.2959831
2016,276,8438,0,0.02969032
2016,276,8439,0,0.09359146
2016,276,8440,0,0.04733963
2016,276,8441,0,0.034200355
2016,276,8442,0,0.093937285
2016,276,8443,0,0.038113452
2016,276,8444,0,0.22092153
2016,276,8445,0,0.12145591
2016,276,8446,0,0.2295047
2016,276,8447,0,0.14565411
2016,276,8448,0,0.057891246
2016,276,8449,0,0.19876903
2016,276,8450,0,0.0770606
2016,276,8451,0,0.026474427
2016,276,8452,0,0.028141703
2016,276,8453,0,0.08102172
2016,276,8454,0,0.11055348
2016,276,8455,0,0.2597902
2016,276,8456,0,0.0770877
2016,276,8457,0,0.21319826
2016,276,8458,0,0.10209785
2016,276,8459,0,0.048082374
2016,276,8460,0,0.08127209
2016,276,8461,0,0.082400404
2016,276,8462,0,0.051409747
2016,276,8463,0,0.13820226
2016,276,8464,0,0.06060697
2016,276,8465,0,0.0337205
2016,276,8466,0,0.043328892
2016,276,8467,0,0.03069778
2016,276,8468,0,0.041053966
2016,276,8469,1,0.2580915
2016,276,8470,0,0.07561921
2016,276,8471,1,0.037810218
2016,276,8472,0,0.033120938
2016,276,8473,0,0.064692706
2016,276,8474,0,0.035582956
2016,276,8475,0,0.118240006
2016,276,8476,0,0.14193082
2016,276,8477,0,0.043303885
2016,276,8478,0,0.10370265
2016,276,8479,0,0.03337025
2016,276,8480,0,0.05602887
2016,276,8481,0,0.023521366
2016,276,8482,0,0.030801516
2016,276,8483,0,0.078836545
2016,276,8484,0,0.025808772
2016,276,8485,0,0.025394302
2016,392,8401,0,0.5672091
2016,392,8402,0,0.15280104
2016,392,8403,0,0.20506297
2016,392,8404,1,0.32437187
2016,392,8405,1,0.18237324
2016,392,8406,0,0.09316702
2016,392,8407,0,0.049442705
2016,392,8408,0,0.0630733
2016,392,8409,0,0.040987402
2016,392,8411,0,0.05749524
2016,392,8412,0,0.04897318
2016,392,8413,0,0.031162456
2016,392,8414,0,0.030682286
2016,392,8415,0,0.0242435
2016,392,8416,0,0.17795397
2016,392,8417,0,0.16236302
2016,392,8418,0,0.036789197
2016,392,8419,0,0.093119904
2016,392,8420,0,0.18377447
2016,392,8421,0,0.032885324
2016,392,8422,0,0.03637308
2016,392,8423,0,0.070628725
2016,392,8424,0,0.034082197
2016,392,8425,0,0.06870201
2016,392,8426,0,0.10359935
2016,392,8427,0,0.03117353
2016,392,8428,0,0.10752118
2016,392,8429,0,0.14031592
2016,392,8430,0,0.093784995
2016,392,8431,0,0.052460503
2016,392,8432,0,0.107819654
2016,392,8433,0,0.07249409
2016,392,8434,0,0.18054898
2016,392,8435,0,0.42142978
2016,392,8436,1,0.15225036
2016,392,8437,0,0.12049775
2016,392,8438,0,0.06731411
2016,392,8439,0,0.22986858
2016,392,8440,0,0.12722284
2016,392,8441,0,0.08226219
2016,392,8442,0,0.128644
2016,392,8443,0,0.053276103
2016,392,8444,0,0.27654654
2016,392,8445,0,0.2023314
2016,392,8446,0,0.29490307
2016,392,8447,0,0.10136227
2016,392,8448,0,0.091453314
2016,392,8449,1,0.714972
2016,392,8451,0,0.076279305
2016,392,8452,0,0.05530581
2016,392,8453,0,0.27546278
2016,392,8454,0,0.13842335
2016,392,8455,1,0.301269
2016,392,8456,1,0.22804213
2016,392,8457,0,0.16913693
2016,392,8458,0,0.12106101
2016,392,8459,0,0.10545933
2016,392,8460,0,0.11131742
2016,392,8461,0,0.11966979
2016,392,8462,0,0.11649439
2016,392,8463,0,0.14991948
2016,392,8464,0,0.39421225
2016,392,8465,0,0.07700375
2016,392,8466,0,0.0806955
2016,392,8467,0,0.0387851
2016,392,8468,1,0.12379625
2016,392,8469,1,0.56654114
2016,392,8470,0,0.09967682
2016,392,8471,1,0.030614622
2016,392,8472,0,0.039512474
2016,392,8473,0,0.14842355
2016,392,8474,0,0.11007803
2016,392,8475,0,0.18538055
2016,392,8476,0,0.21352646
2016,392,8477,0,0.0830693
2016,392,8478,0,0.23527403
2016,392,8479,0,0.092080705
2016,392,8480,0,0.070247255
2016,392,8481,0,0.032084983
2016,392,8482,0,0.03629656
2016,392,8483,0,0.05917362
2016,392,8484,0,0.033545125
2016,392,8485,0,0.056974147
2016,156,8401,1,0.37015152
2016,156,8402,1,0.037432183
2016,156,8403,1,0.18345864
2016,156,8404,1,0.08915355
2016,156,8405,0,0.12239466
2016,156,8406,1,0.18167007
2016,156,8407,0,0.071488544
2016,156,8408,0,0.039417643
2016,156,8409,0,0.022558395
2016,156,8411,0,0.028217403
2016,156,8412,0,0.036126077
2016,156,8413,0,0.033513293
2016,156,8414,0,0.025973983
2016,156,8415,0,0.022318931
2016,156,8416,0,0.042557873
2016,156,8417,0,0.075731136
2016,156,8418,0,0.021185074
2016,156,8419,0,0.095361955
2016,156,8420,0,0.046710838
2016,156,8421,0,0.071840264
2016,156,8422,0,0.014095133
2016,156,8423,0,0.022223884
2016,156,8424,0,0.022988709
2016,156,8425,0,0.03649663
2016,156,8426,0,0.09069916
2016,156,8427,0,0.023155887
2016,156,8428,0,0.114905335
2016,156,8430,0,0.08093061
2016,156,8431,0,0.053395897
2016,156,8432,0,0.025609404
2016,156,8433,0,0.021011854
2016,156,8434,0,0.06551961
2016,156,8436,0,0.015521641
2016,156,8439,0,0.052284405
2016,156,8440,0,0.033436675
2016,156,8441,0,0.017127601
2016,156,8442,0,0.055181473
2016,156,8443,0,0.02851776
2016,156,8444,0,0.16884948
2016,156,8445,0,0.12363162
2016,156,8446,0,0.2470855
2016,156,8447,0,0.05746175
2016,156,8448,0,0.027460374
2016,156,8449,0,0.07019385
2016,156,8450,0,0.056035478
2016,156,8451,0,0.014777318
2016,156,8452,0,0.018291714
2016,156,8453,0,0.051733002
2016,156,8454,0,0.042266577
2016,156,8455,0,0.051407907
2016,156,8456,0,0.025880903
2016,156,8457,0,0.08052099
2016,156,8458,0,0.036020186
2016,156,8459,0,0.02132641
2016,156,8460,0,0.023708448
2016,156,8461,0,0.029028984
2016,156,8462,0,0.017191729
2016,156,8463,0,0.04776149
2016,156,8464,0,0.0362773
2016,156,8465,0,0.044966802
2016,156,8466,0,0.025069403
2016,156,8467,0,0.023147179
2016,156,8468,0,0.019724553
2016,156,8469,1,0.21532778
2016,156,8470,0,0.024288068
2016,156,8471,0,0.02571379
2016,156,8472,0,0.025564678
2016,156,8473,0,0.063035525
2016,156,8475,0,0.08184571
2016,156,8476,0,0.052587837
2016,156,8477,0,0.019968688
2016,156,8478,0,0.14991218
2016,156,8479,0,0.02934635
2016,156,8480,0,0.029283753
2016,156,8481,0,0.025329156
2016,156,8482,0,0.01966624
2016,156,8483,0,0.05644639
2016,156,8484,0,0.05570954
2016,380,8401,0,0.5351416
2016,380,8403,0,0.0827863
2016,380,8404,0,0.11691736
2016,380,8406,1,0.070666134
2016,380,8407,0,0.105951495
2016,380,8408,0,0.084419474
2016,380,8409,0,0.043634403
2016,380,8411,0,0.2650228
2016,380,8412,0,0.04356676
2016,380,8413,0,0.029087404
2016,380,8414,0,0.027979422
2016,380,8415,0,0.034904253
2016,380,8416,0,0.05315455
2016,380,8417,0,0.047289643
2016,380,8418,0,0.024477605
2016,380,8419,0,0.06931017
2016,380,8420,0,0.12367313
2016,380,8421,0,0.04461744
2016,380,8422,0,0.038238607
2016,380,8423,0,0.04659199
2016,380,8424,0,0.025790483
2016,380,8425,0,0.03972798
2016,380,8426,0,0.05393631
2016,380,8427,0,0.085104264
2016,380,8428,0,0.045263108
2016,380,8429,0,0.072387256
2016,380,8430,0,0.116446026
2016,380,8431,0,0.027567534
2016,380,8432,0,0.044293724
2016,380,8433,0,0.044038367
2016,380,8434,0,0.11517882
2016,380,8435,0,0.1430881
2016,380,8436,0,0.050240457
2016,380,8438,0,0.031411953
2016,380,8439,0,0.115268946
2016,380,8440,0,0.10561737
2016,380,8441,0,0.059555065
2016,380,8442,0,0.16070764
2016,380,8443,0,0.031717498
2016,380,8444,0,0.48006067
2016,380,8445,0,0.17270558
2016,380,8446,0,0.17680947
2016,380,8447,0,0.13738364
2016,380,8448,0,0.069522366
2016,380,8449,0,0.16486615
2016,380,8450,0,0.08420261
2016,380,8451,0,0.026628537
2016,380,8453,0,0.06656917
2016,380,8454,1,0.15978803
2016,380,8455,0,0.41250202
2016,380,8456,0,0.07003098
2016,380,8457,0,0.14548303
2016,380,8458,0,0.15791318
2016,380,8459,0,0.07840412
2016,380,8460,0,0.08327113
2016,380,8461,0,0.07262893
2016,380,8462,0,0.03617391
2016,380,8463,0,0.1007691
2016,380,8464,0,0.0486269
2016,380,8465,0,0.038141347
2016,380,8466,0,0.03951398
2016,380,8467,0,0.031576183
2016,380,8468,0,0.06298883
2016,380,8469,1,0.6605581
2016,380,8470,0,0.5224295
2016,380,8471,1,0.03592365
2016,380,8472,1,0.14474738
2016,380,8473,0,0.06193218
2016,380,8474,0,0.03044858
2016,380,8475,0,0.37952054
2016,380,8476,0,0.072756104
2016,380,8477,0,0.029521715
2016,380,8478,0,0.10932813
2016,380,8479,0,0.027257461
2016,380,8480,0,0.067135446
2016,380,8481,0,0.020301726
2016,380,8482,0,0.048138693
2016,380,8483,0,0.068736784
2016,380,8484,0,0.027764294
2016,380,8485,0,0.045228336
2016,826,8401,1,0.27522758
2016,826,8402,1,0.17857167
2016,826,8403,0,0.4302724
2016,826,8405,0,0.39359233
2016,826,8406,1,0.4245141
2016,826,8407,0,0.058497082
2016,826,8408,0,0.075962074
2016,826,8409,0,0.031079667
2016,826,8411,0,0.04214471
2016,826,8412,0,0.053861164
2016,826,8413,0,0.041531157
2016,826,8414,0,0.029330079
2016,826,8415,0,0.043753885
2016,826,8416,0,0.1232619
2016,826,8417,1,0.06825713
2016,826,8418,0,0.038623217
2016,826,8419,0,0.09894123
2016,826,8420,0,0.12295826
2016,826,8421,0,0.05852625
2016,826,8422,0,0.0386314
2016,826,8423,0,0.039818205
2016,826,8424,0,0.027811684
2016,826,8425,0,0.062787
2016,826,8426,0,0.08399676
2016,826,8427,0,0.09032853
2016,826,8428,0,0.07642443
2016,826,8429,0,0.09087881
2016,826,8430,0,0.06606359
2016,826,8431,0,0.04345527
2016,826,8432,0,0.10063513
2016,826,8433,0,0.12932219
2016,826,8434,0,0.19692118
2016,826,8435,0,0.22652702
2016,826,8436,0,0.085702986
2016,826,8437,0,0.14745066
2016,826,8438,0,0.03323426
2016,826,8439,0,0.1784553
2016,826,8440,0,0.16560371
2016,826,8441,0,0.09199545
2016,826,8442,0,0.17803971
2016,826,8443,0,0.04307151
2016,826,8444,0,0.26570156
2016,826,8445,0,0.31275937
2016,826,8446,0,0.21841429
2016,826,8447,0,0.16569026
2016,826,8448,0,0.12849477
2016,826,8450,0,0.2121411
2016,826,8451,0,0.057816986
2016,826,8452,0,0.083993
2016,826,8453,0,0.21909945
2016,826,8454,0,0.20812187
2016,826,8455,1,0.6385899
2016,826,8456,0,0.12710325
2016,826,8457,0,0.2698437
2016,826,8458,0,0.16943866
2016,826,8459,0,0.08940863
2016,826,8460,0,0.15291457
2016,826,8461,0,0.17541428
2016,826,8462,0,0.1417164
2016,826,8463,1,0.22613546
2016,826,8464,0,0.3001983
2016,826,8466,0,0.043501813
2016,826,8467,0,0.041406997
2016,826,8468,0,0.10873179
2016,826,8470,0,0.15038054
2016,826,8471,1,0.037793133
2016,826,8472,1,0.042584624
2016,826,8473,0,0.0791364
2016,826,8474,0,0.065598875
2016,826,8475,0,0.17592639
2016,826,8476,0,0.17725194
2016,826,8477,0,0.040201996
2016,826,8478,0,0.16050272
2016,826,8479,0,0.03562241
2016,826,8480,0,0.101095475
2016,826,8481,0,0.05334746
2016,826,8482,0,0.043817308
2016,826,8483,0,0.078108564
2016,826,8484,0,0.032681093
2016,826,8485,0,0.03631129
2016,251,8401,0,0.26178443
2016,251,8402,0,0.29517585
2016,251,8403,0,0.09878894
2016,251,8404,0,0.20858666
2016,251,8405,0,0.22602688
2016,251,8406,0,0.16473207
2016,251,8407,0,0.08420742
2016,251,8408,0,0.09521945
2016,251,8409,0,0.055787902
2016,251,8411,0,0.08374013
2016,251,8412,0,0.05756717
2016,251,8413,0,0.038902897
2016,251,8414,0,0.03282406
2016,251,8415,0,0.04052303
2016,251,8416,0,0.08861407
2016,251,8417,1,0.09053309
2016,251,8418,0,0.040936105
2016,251,8419,0,0.11460625
2016,251,8420,0,0.18812945
2016,251,8421,0,0.05623103
2016,251,8422,0,0.036694504
2016,251,8423,0,0.076156154
2016,251,8424,0,0.040498342
2016,251,8425,0,0.055529196
2016,251,8426,0,0.13101272
2016,251,8427,0,0.08186144
2016,251,8428,0,0.11015715
2016,251,8429,0,0.09785119
2016,251,8431,0,0.037411865
2016,251,8432,0,0.05471535
2016,251,8433,0,0.05623964
2016,251,8434,0,0.15630732
2016,251,8435,0,0.13337223
2016,251,8436,0,0.04781324
2016,251,8438,0,0.039448462
2016,251,8439,0,0.2441133
2016,251,8441,0,0.102632314
2016,251,8442,0,0.18763737
2016,251,8443,0,0.06673566
2016,251,8444,1,0.53061223
2016,251,8445,0,0.17713447
2016,251,8446,1,0.29548082
2016,251,8447,0,0.15051806
2016,251,8448,0,0.17363279
2016,251,8449,0,0.33507547
2016,251,8450,1,0.1818452
2016,251,8451,0,0.040824015
2016,251,8452,0,0.17382473
2016,251,8453,0,0.19096342
2016,251,8454,0,0.1416584
2016,251,8455,0,0.19275357
2016,251,8456,0,0.17605925
2016,251,8457,0,0.22573236
2016,251,8458,0,0.29783896
2016,251,8459,0,0.16754839
2016,251,8460,0,0.14709516
2016,251,8461,0,0.11336019
2016,251,8462,0,0.11793329
2016,251,8463,0,0.14173785
2016,251,8464,0,0.2375
2016,251,8465,0,0.12835506
2016,251,8466,0,0.05000332
2016,251,8467,0,0.059217334
2016,251,8468,0,0.1070365
2016,251,8470,0,0.09420668
2016,251,8471,1,0.04691029
2016,251,8472,1,0.13738005
2016,251,8473,0,0.10522336
2016,251,8475,0,0.2687411
2016,251,8476,1,0.22655484
2016,251,8477,0,0.04365545
2016,251,8479,0,0.037092928
2016,251,8480,0,0.058848467
2016,251,8481,0,0.028010184
2016,251,8482,0,0.042017166
2016,251,8483,0,0.0759789
2016,251,8484,0,0.056913443
2016,251,8485,0,0.055007916
2016,490,8402,1,0.37470937
2016,490,8403,0,0.46359947
2016,490,8404,1,0.27381006
2016,490,8405,0,0.3732883
2016,490,8406,0,0.16004807
2016,490,8407,1,0.58046794
2016,490,8408,1,0.24569793
2016,490,8409,0,0.057402585
2016,490,8410,0,0.20724131
2016,490,8411,0,0.114945695
2016,490,8412,0,0.111168854
2016,490,8413,0,0.03141746
2016,490,8414,0,0.031638514
2016,490,8415,0,0.046644
2016,490,8416,0,0.21224147
2016,490,8417,0,0.1667406
2016,490,8418,0,0.035681333
2016,490,8419,0,0.08415081
2016,490,8420,0,0.1690134
2016,490,8421,0,0.03753091
2016,490,8422,0,0.02907016
2016,490,8423,0,0.058092475
2016,490,8424,0,0.03888986
2016,490,8425,0,0.091845416
2016,490,8426,1,0.5354349
2016,490,8427,0,0.11154309
2016,490,8428,0,0.056857277
2016,490,8429,0,0.34407637
2016,490,8430,0,0.1352248
2016,490,8431,0,0.077911034
2016,490,8432,0,0.13164513
2016,490,8433,0,0.09300037
2016,490,8434,0,0.17112392
2016,490,8435,0,0.16256043
2016,490,8436,0,0.10331244
2016,490,8437,0,0.048585128
2016,490,8438,0,0.051228084
2016,490,8439,0,0.112400636
2016,490,8440,0,0.19671302
2016,490,8441,0,0.06045623
2016,490,8442,0,0.17000778
2016,490,8443,0,0.03971904
2016,490,8444,0,0.27538756
2016,490,8445,0,0.20685112
2016,490,8446,0,0.3427772
2016,490,8447,0,0.09539031
2016,490,8448,0,0.08926356
2016,490,8449,0,0.2655182
2016,490,8450,0,0.14135489
2016,490,8451,0,0.10983863
2016,490,8452,0,0.042568464
2016,490,8453,0,0.21680243
2016,490,8454,0,0.18095867
2016,490,8455,0,0.14549503
2016,490,8456,1,0.38468015
2016,490,8457,0,0.1959588
2016,490,8458,0,0.12058153
2016,490,8459,0,0.09676135
2016,490,8460,0,0.16395171
2016,490,8461,0,0.09205537
2016,490,8462,0,0.09886191
2016,490,8463,0,0.09628012
2016,490,8464,0,0.202424
2016,490,8465,0,0.12274739
2016,490,8466,0,0.077038795
2016,490,8467,0,0.06390241
2016,490,8468,0,0.14542998
2016,490,8470,0,0.11764191
2016,490,8471,1,0.048689935
2016,490,8472,0,0.07170787
2016,490,8473,0,0.09604801
2016,490,8474,0,0.08024707
2016,490,8475,0,0.6700849
2016,490,8476,0,0.124078944
2016,490,8477,0,0.0333791
2016,490,8478,0,0.28329244
2016,490,8479,0,0.10408944
2016,490,8480,0,0.047019094
2016,490,8481,0,0.03377616
2016,490,8482,0,0.042980652
2016,490,8483,0,0.046847004
2016,490,8484,0,0.033149146
2016,490,8485,0,0.08452437
2016,702,8402,1,0.71687555
2016,702,8403,1,0.25944704
2016,702,8404,1,0.5969168
2016,702,8406,1,0.55581695
2016,702,8407,1,0.13763715
2016,702,8409,0,0.04153852
2016,702,8410,1,0.25258043
2016,702,8411,0,0.09569618
2016,702,8412,0,0.07430564
2016,702,8413,0,0.03521687
2016,702,8414,0,0.022691723
2016,702,8416,1,0.23935555
2016,702,8417,1,0.71903986
2016,702,8418,0,0.0672743
2016,702,8419,0,0.07949078
2016,702,8420,1,0.2431307
2016,702,8421,0,0.026082499
2016,702,8422,0,0.07870248
2016,702,8423,0,0.13160403
2016,702,8424,0,0.06352141
2016,702,8425,0,0.18190926
2016,702,8426,1,0.18876986
2016,702,8427,0,0.14939076
2016,702,8428,0,0.09753586
2016,702,8430,0,0.104806185
2016,702,8431,0,0.058459498
2016,702,8432,0,0.27002808
2016,702,8433,0,0.28275692
2016,702,8435,0,0.45056614
2016,702,8436,0,0.16643639
2016,702,8437,1,0.1455281
2016,702,8438,1,0.12951
2016,702,8439,1,0.38560697
2016,702,8440,1,0.40102428
2016,702,8441,0,0.17631938
2016,702,8442,0,0.23614843
2016,702,8443,0,0.06598628
2016,702,8445,1,0.40155888
2016,702,8448,1,0.45773175
2016,702,8449,0,0.39932084
2016,702,8451,1,0.13906875
2016,702,8452,1,0.18518333
2016,702,8453,1,0.71561843
2016,702,8454,0,0.3631797
2016,702,8455,1,0.5272974
2016,702,8456,1,0.19031186
2016,702,8457,0,0.33765876
2016,702,8458,0,0.13940866
2016,702,8459,1,0.16288891
2016,702,8460,0,0.2560592
2016,702,8461,0,0.13229193
2016,702,8462,0,0.1575938
2016,702,8463,0,0.19748257
2016,702,8464,0,0.3444604
2016,702,8465,0,0.18971021
2016,702,8466,0,0.14716688
2016,702,8467,0,0.07828639
2016,702,8468,1,0.2572833
2016,702,8470,0,0.08916077
2016,702,8471,0,0.022804515
2016,702,8472,0,0.0909845
2016,702,8473,0,0.10717071
2016,702,8475,0,0.3785098
2016,702,8476,1,0.30572212
2016,702,8477,0,0.13131295
2016,702,8478,1,0.5464151
2016,702,8479,0,0.10439361
2016,702,8480,0,0.111580595
2016,702,8481,0,0.03179102
2016,702,8482,0,0.04552995
2016,702,8483,0,0.04592828
2016,702,8484,0,0.06626316
2016,528,8401,1,0.3430309
2016,528,8403,0,0.07281792
2016,528,8404,0,0.2583259
2016,528,8406,1,0.29260418
2016,528,8407,0,0.21064192
2016,528,8408,0,0.055081762
2016,528,8409,0,0.030184219
2016,528,8410,1,0.56251276
2016,528,8411,0,0.066734225
2016,528,8412,0,0.03441962
2016,528,8413,0,0.02254761
2016,528,8414,0,0.037260376
2016,528,8415,0,0.046128802
2016,528,8416,0,0.110782646
2016,528,8417,1,0.17366953
2016,528,8418,0,0.041172143
2016,528,8419,0,0.08924984
2016,528,8420,0,0.1769051
2016,528,8421,0,0.051076613
2016,528,8422,0,0.036559362
2016,528,8423,0,0.06944055
2016,528,8424,0,0.03056399
2016,528,8425,0,0.031045344
2016,528,8426,0,0.087986425
2016,528,8427,0,0.052720822
2016,528,8428,0,0.067859784
2016,528,8429,0,0.10467383
2016,528,8430,1,0.062938906
2016,528,8431,0,0.03387472
2016,528,8432,0,0.048309
2016,528,8433,0,0.08057163
2016,528,8434,0,0.11478951
2016,528,8435,0,0.14723761
2016,528,8436,0,0.095713586
2016,528,8437,0,0.102828376
2016,528,8438,0,0.03392012
2016,528,8439,0,0.176803
2016,528,8440,0,0.10671373
2016,528,8441,0,0.076917864
2016,528,8442,0,0.12248701
2016,528,8443,0,0.052037753
2016,528,8444,0,0.17461662
2016,528,8445,1,0.60152704
2016,528,8446,1,0.73067015
2016,528,8447,0,0.22464623
2016,528,8448,0,0.1704935
2016,528,8449,0,0.49187267
2016,528,8450,0,0.19097659
2016,528,8451,0,0.1310309
2016,528,8452,0,0.15995449
2016,528,8453,0,0.63530713
2016,528,8454,1,0.2122582
2016,528,8455,1,0.26877353
2016,528,8456,0,0.15108722
2016,528,8457,0,0.25398138
2016,528,8458,0,0.20594545
2016,528,8459,0,0.09576045
2016,528,8460,0,0.1729227
2016,528,8461,0,0.12916984
2016,528,8462,0,0.09047865
2016,528,8463,0,0.38928524
2016,528,8464,0,0.123692304
2016,528,8465,0,0.12555815
2016,528,8466,0,0.07421838
2016,528,8467,0,0.055788442
2016,528,8468,0,0.08173528
2016,528,8470,1,0.2002978
2016,528,8471,0,0.040826216
2016,528,8472,1,0.10358632
2016,528,8473,0,0.06399102
2016,528,8474,0,0.08460649
2016,528,8475,1,0.19002694
2016,528,8476,0,0.19948219
2016,528,8477,0,0.07632649
2016,528,8478,0,0.16885273
2016,528,8479,0,0.04971525
2016,528,8480,0,0.093093865
2016,528,8481,0,0.022977669
2016,528,8482,0,0.049497712
2016,528,8483,0,0.061278135
2016,528,8484,0,0.044488348
2016,528,8485,0,0.058655813
2016,410,8401,0,0.46815652
2016,410,8402,0,0.16214015
2016,410,8403,0,0.11926205
2016,410,8404,1,0.14248455
2016,410,8406,1,0.29236785
2016,410,8407,0,0.060817413
2016,410,8408,0,0.072326235
2016,410,8409,0,0.03417871
2016,410,8410,1,0.2935208
2016,410,8411,0,0.058766253
2016,410,8412,0,0.058224846
2016,410,8413,0,0.028411763
2016,410,8414,0,0.028447004
2016,410,8415,0,0.021534037
2016,410,8416,1,0.39727616
2016,410,8417,1,0.57520026
2016,410,8418,0,0.03269117
2016,410,8419,1,0.057488836
2016,410,8420,0,0.177195
2016,410,8421,0,0.16034831
2016,410,8422,0,0.03825797
2016,410,8423,0,0.07123402
2016,410,8424,1,0.044289093
2016,410,8425,0,0.05277228
2016,410,8426,0,0.076573
2016,410,8427,0,0.06994274
2016,410,8428,0,0.0538315
2016,410,8429,0,0.05684338
2016,410,8431,0,0.029898087
2016,410,8432,0,0.16999565
2016,410,8433,0,0.09675168
2016,410,8434,0,0.31781694
2016,410,8435,0,0.18385565
2016,410,8436,0,0.102370985
2016,410,8437,0,0.06578194
2016,410,8438,0,0.15576494
2016,410,8439,1,0.24172339
2016,410,8440,0,0.3678315
2016,410,8441,0,0.07862627
2016,410,8442,0,0.45935068
2016,410,8443,0,0.051704925
2016,410,8444,1,0.3523758
2016,410,8445,0,0.3613793
2016,410,8446,0,0.24149705
2016,410,8447,0,0.13155061
2016,410,8448,0,0.0953669
2016,410,8449,1,0.6165635
2016,410,8450,0,0.087673984
2016,410,8451,0,0.04588553
2016,410,8452,0,0.084956296
2016,410,8453,0,0.2581759
2016,410,8454,1,0.7323055
2016,410,8455,0,0.15847951
2016,410,8456,1,0.2048678
2016,410,8457,0,0.17741011
2016,410,8458,0,0.09405007
2016,410,8459,0,0.089145824
2016,410,8460,0,0.20908344
2016,410,8461,1,0.21383466
2016,410,8462,0,0.13122971
2016,410,8463,0,0.085223906
2016,410,8464,0,0.3473485
2016,410,8465,0,0.18885109
2016,410,8466,0,0.08938371
2016,410,8467,0,0.060173232
2016,410,8468,0,0.27581617
2016,410,8470,1,0.22641562
2016,410,8471,1,0.03937005
2016,410,8472,1,0.07122932
2016,410,8473,0,0.10850043
2016,410,8474,1,0.20824392
2016,410,8475,0,0.54320717
2016,410,8476,1,0.13136274
2016,410,8477,0,0.05732909
2016,410,8478,0,0.7471541
2016,410,8479,0,0.08929917
2016,410,8480,0,0.044029173
2016,410,8481,0,0.025355052
2016,410,8482,0,0.045111224
2016,410,8483,0,0.05544997
2016,410,8484,0,0.04686948
2016,458,8404,0,0.37531358
2016,458,8405,0,0.7062605
2016,458,8407,0,0.32134005
2016,458,8408,0,0.10434924
2016,458,8409,0,0.16354431
2016,458,8410,1,0.6164907
2016,458,8411,0,0.08074009
2016,458,8412,0,0.15893865
2016,458,8413,0,0.108685315
2016,458,8414,0,0.03582818
2016,458,8415,0,0.0282095
2016,458,8416,0,0.2492159
2016,458,8417,1,0.3972489
2016,458,8418,0,0.06707064
2016,458,8419,0,0.089761555
2016,458,8420,1,0.4175007
2016,458,8421,0,0.065870896
2016,458,8422,1,0.13333946
2016,458,8423,0,0.1548512
2016,458,8424,0,0.08885391
2016,458,8425,0,0.1788708
2016,458,8426,0,0.15309896
2016,458,8427,0,0.34830868
2016,458,8428,0,0.08415886
2016,458,8430,1,0.5040265
2016,458,8431,1,0.07493342
2016,458,8432,0,0.62895566
2016,458,8433,1,0.32343486
2016,458,8435,0,0.31999406
2016,458,8436,0,0.100676194
2016,458,8437,0,0.2607275
2016,458,8439,1,0.44582525
2016,458,8441,0,0.08546045
2016,458,8442,0,0.43407607
2016,458,8443,0,0.09949922
2016,458,8444,1,0.71654403
2016,458,8445,1,0.7434886
2016,458,8446,1,0.49482074
2016,458,8447,0,0.5116373
2016,458,8448,0,0.13975643
2016,458,8451,0,0.2102876
2016,458,8452,0,0.54597056
2016,458,8453,0,0.29652283
2016,458,8454,0,0.20147526
2016,458,8455,0,0.2953923
2016,458,8456,0,0.24851505
2016,458,8457,0,0.2321478
2016,458,8458,0,0.2373081
2016,458,8459,0,0.14569886
2016,458,8460,1,0.65885866
2016,458,8462,0,0.2710782
2016,458,8463,0,0.17346987
2016,458,8464,0,0.15406099
2016,458,8465,0,0.34718955
2016,458,8466,0,0.20874487
2016,458,8467,0,0.11414194
2016,458,8468,0,0.13879685
2016,458,8469,1,0.29367992
2016,458,8470,0,0.12665477
2016,458,8471,1,0.032128125
2016,458,8472,1,0.2404666
2016,458,8473,0,0.102364264
2016,458,8474,0,0.14770512
2016,458,8475,0,0.30295995
2016,458,8476,0,0.2597043
2016,458,8477,1,0.15005736
2016,458,8479,0,0.110966004
2016,458,8480,0,0.09107377
2016,458,8481,0,0.05233097
2016,458,8482,0,0.095044054
2016,458,8484,0,0.12439477
2016,458,8485,0,0.16043654
2016,124,8401,0,0.73198014
2016,124,8402,0,0.35924083
2016,124,8403,0,0.09442562
2016,124,8404,0,0.252582
2016,124,8405,0,0.5018618
2016,124,8406,0,0.29032436
2016,124,8407,0,0.06955953
2016,124,8408,0,0.17088912
2016,124,8409,0,0.056352835
2016,124,8410,1,0.24046876
2016,124,8411,0,0.069290936
2016,124,8412,0,0.059112243
2016,124,8413,0,0.032912523
2016,124,8414,0,0.039867483
2016,124,8415,0,0.07013578
2016,124,8416,0,0.18804994
2016,124,8417,0,0.12551497
2016,124,8418,0,0.067423694
2016,124,8419,0,0.125519
2016,124,8420,0,0.276068
2016,124,8421,0,0.06981236
2016,124,8422,0,0.05868209
2016,124,8423,0,0.12509999
2016,124,8424,0,0.04664282
2016,124,8425,0,0.057575542
2016,124,8426,0,0.23854125
2016,124,8427,0,0.15529568
2016,124,8428,0,0.06801639
2016,124,8429,0,0.26151505
2016,124,8430,0,0.14420035
2016,124,8431,0,0.063264
2016,124,8432,0,0.1547329
2016,124,8433,0,0.07038382
2016,124,8434,0,0.22105482
2016,124,8435,1,0.35786387
2016,124,8436,0,0.073523596
2016,124,8437,0,0.49806774
2016,124,8438,0,0.08334684
2016,124,8439,0,0.20861284
2016,124,8440,0,0.31502065
2016,124,8441,0,0.16899967
2016,124,8442,0,0.21525651
2016,124,8443,0,0.14115585
2016,124,8445,0,0.30161887
2016,124,8448,0,0.18415499
2016,124,8449,1,0.83925164
2016,124,8451,0,0.1311824
2016,124,8452,0,0.18039505
2016,124,8453,0,0.50596845
2016,124,8454,0,0.1547125
2016,124,8455,0,0.2511535
2016,124,8456,1,0.36702237
2016,124,8457,0,0.30473742
2016,124,8458,0,0.555503
2016,124,8459,0,0.22713333
2016,124,8460,0,0.23191214
2016,124,8461,0,0.25211895
2016,124,8462,0,0.17297171
2016,124,8463,0,0.254468
2016,124,8464,0,0.24183902
2016,124,8465,0,0.08041889
2016,124,8466,0,0.076780014
2016,124,8467,0,0.087211356
2016,124,8468,0,0.22011077
2016,124,8470,0,0.16771881
2016,124,8471,0,0.037580203
2016,124,8472,0,0.1251988
2016,124,8473,0,0.108161904
2016,124,8474,0,0.14490917
2016,124,8475,0,0.30940506
2016,124,8476,0,0.18727317
2016,124,8477,0,0.08430021
2016,124,8478,0,0.4867112
2016,124,8479,0,0.079808675
2016,124,8480,0,0.13337517
2016,124,8481,0,0.03608696
2016,124,8482,0,0.07568334
2016,124,8483,0,0.08620959
2016,124,8484,0,0.118289545
2016,124,8485,0,0.11233755
2016,484,8402,1,0.51375955
2016,484,8403,0,0.20268278
2016,484,8404,0,0.34981596
2016,484,8405,1,0.29604465
2016,484,8406,1,0.27905047
2016,484,8407,1,0.21220745
2016,484,8408,0,0.118910275
2016,484,8409,0,0.08643643
2016,484,8410,0,0.5500627
2016,484,8411,0,0.06333546
2016,484,8412,0,0.124999925
2016,484,8413,0,0.051340852
2016,484,8414,0,0.046190463
2016,484,8415,0,0.075134695
2016,484,8416,0,0.2645019
2016,484,8417,1,0.24916132
2016,484,8418,0,0.047408458
2016,484,8419,0,0.099461414
2016,484,8420,0,0.67399806
2016,484,8421,0,0.08701648
2016,484,8423,0,0.10730538
2016,484,8424,0,0.07675414
2016,484,8425,0,0.11872997
2016,484,8426,0,0.266983
2016,484,8427,0,0.6805719
2016,484,8428,0,0.12305875
2016,484,8429,0,0.42745602
2016,484,8430,0,0.16130887
2016,484,8431,0,0.094756246
2016,484,8432,0,0.16096213
2016,484,8433,0,0.11028375
2016,484,8434,0,0.25744691
2016,484,8436,0,0.15260391
2016,484,8438,0,0.13328804
2016,484,8439,1,0.6392145
2016,484,8441,0,0.36231682
2016,484,8442,0,0.23842695
2016,484,8443,0,0.07404113
2016,484,8448,1,0.23474963
2016,484,8450,0,0.5953007
2016,484,8451,0,0.2251424
2016,484,8453,1,0.5814886
2016,484,8454,1,0.3838456
2016,484,8455,0,0.2732045
2016,484,8456,1,0.24913515
2016,484,8457,0,0.3706016
2016,484,8458,1,0.34888384
2016,484,8459,0,0.23938802
2016,484,8460,0,0.21768631
2016,484,8461,0,0.4112083
2016,484,8462,0,0.21807937
2016,484,8464,1,0.58757144
2016,484,8465,0,0.15471934
2016,484,8466,0,0.18399931
2016,484,8467,0,0.107996106
2016,484,8468,0,0.18456456
2016,484,8470,0,0.21371391
2016,484,8471,0,0.043274876
2016,484,8472,0,0.16886556
2016,484,8473,0,0.13539118
2016,484,8474,0,0.19082223
2016,484,8476,0,0.17994696
2016,484,8477,0,0.19454494
2016,484,8479,0,0.17519136
2016,484,8480,1,0.22812754
2016,484,8481,0,0.04628528
2016,484,8482,0,0.09622303
2016,484,8483,0,0.07269872
2016,484,8484,0,0.1361336
2016,484,8485,0,0.3210521
2016,757,8403,0,0.19769707
2016,757,8404,0,0.3058884
2016,757,8405,0,0.23941037
2016,757,8406,1,0.24931441
2016,757,8407,0,0.18049987
2016,757,8408,0,0.33767822
2016,757,8409,0,0.07789999
2016,757,8411,0,0.13745545
2016,757,8412,0,0.08037372
2016,757,8413,0,0.047993474
2016,757,8414,0,0.0308883
2016,757,8415,0,0.11778585
2016,757,8416,0,0.23337276
2016,757,8417,0,0.1585773
2016,757,8418,0,0.121136926
2016,757,8419,0,0.12256263
2016,757,8420,0,0.20170322
2016,757,8421,0,0.06404924
2016,757,8422,0,0.05742642
2016,757,8423,0,0.07695198
2016,757,8424,0,0.05636029
2016,757,8425,0,0.12074501
2016,757,8426,1,0.4865782
2016,757,8427,0,0.19260453
2016,757,8428,0,0.11418931
2016,757,8429,0,0.32234278
2016,757,8430,0,0.21403712
2016,757,8431,0,0.051625177
2016,757,8432,0,0.16000672
2016,757,8433,0,0.3108126
2016,757,8434,0,0.2178156
2016,757,8435,0,0.24836685
2016,757,8436,0,0.14842702
2016,757,8437,1,0.20462555
2016,757,8438,0,0.041275203
2016,757,8439,0,0.18562628
2016,757,8440,0,0.16404292
2016,757,8441,0,0.10315185
2016,757,8442,0,0.14833179
2016,757,8443,0,0.07411619
2016,757,8444,1,0.43446794
2016,757,8445,0,0.20374507
2016,757,8446,0,0.1345454
2016,757,8447,0,0.28779182
2016,757,8448,0,0.06975584
2016,757,8449,0,0.3097488
2016,757,8450,0,0.14710593
2016,757,8451,1,0.06017446
2016,757,8452,0,0.15318325
2016,757,8453,1,0.12925036
2016,757,8454,0,0.17313477
2016,757,8455,1,0.181544
2016,757,8456,0,0.15647458
2016,757,8457,0,0.31225595
2016,757,8458,0,0.16949207
2016,757,8459,0,0.18328054
2016,757,8460,0,0.1325391
2016,757,8461,0,0.1662433
2016,757,8462,0,0.15094194
2016,757,8463,0,0.12869002
2016,757,8464,0,0.16153738
2016,757,8465,0,0.12871578
2016,757,8466,0,0.07443448
2016,757,8467,0,0.084486686
2016,757,8468,0,0.11985071
2016,757,8470,1,0.18766744
2016,757,8471,1,0.04373301
2016,757,8472,1,0.12495673
2016,757,8473,0,0.08799209
2016,757,8474,0,0.12965931
2016,757,8475,0,0.17608905
2016,757,8476,0,0.16179852
2016,757,8477,0,0.08649161
2016,757,8479,0,0.06318352
2016,757,8480,0,0.08116931
2016,757,8481,0,0.046038356
2016,757,8482,0,0.066314474
2016,757,8483,0,0.11965314
2016,757,8484,0,0.053578164
2016,757,8485,0,0.085475616
2016,764,8402,0,0.5490973
2016,764,8403,0,0.24295944
2016,764,8404,0,0.16585137
2016,764,8405,0,0.5099254
2016,764,8406,0,0.22945496
2016,764,8407,0,0.07105376
2016,764,8408,0,0.37077737
2016,764,8409,0,0.039814014
2016,764,8411,0,0.073413156
2016,764,8412,0,0.19713992
2016,764,8413,0,0.039766937
2016,764,8414,0,0.027407065
2016,764,8415,0,0.019909995
2016,764,8416,1,0.65436333
2016,764,8417,1,0.24474967
2016,764,8418,0,0.11580085
2016,764,8419,1,0.14983389
2016,764,8420,1,0.44130695
2016,764,8421,0,0.04292742
2016,764,8422,0,0.10666819
2016,764,8424,0,0.060491778
2016,764,8425,0,0.119847775
2016,764,8426,1,0.43942246
2016,764,8428,0,0.09884526
2016,764,8434,1,0.20420803
2016,764,8437,0,0.11759861
2016,764,8438,0,0.14435297
2016,764,8439,1,0.52652687
2016,764,8441,0,0.094424784
2016,764,8442,0,0.46472737
2016,764,8443,0,0.098989934
2016,764,8445,1,0.55129266
2016,764,8447,0,0.62709916
2016,764,8448,0,0.11861368
2016,764,8450,0,0.039708428
2016,764,8451,0,0.096737705
2016,764,8452,0,0.10252669
2016,764,8453,0,0.23489921
2016,764,8454,0,0.186488
2016,764,8455,0,0.17990912
2016,764,8456,0,0.16005735
2016,764,8457,0,0.46295533
2016,764,8458,0,0.44296667
2016,764,8459,0,0.121264994
2016,764,8460,0,0.20437512
2016,764,8461,0,0.12604779
2016,764,8462,0,0.121442914
2016,764,8463,0,0.18566069
2016,764,8466,0,0.18507998
2016,764,8467,0,0.19806825
2016,764,8468,0,0.7513624
2016,764,8470,0,0.22974764
2016,764,8471,1,0.033882327
2016,764,8472,1,0.41226304
2016,764,8473,0,0.12263175
2016,764,8475,0,0.48613662
2016,764,8476,0,0.22252677
2016,764,8477,0,0.11205182
2016,764,8479,0,0.16478647
2016,764,8480,0,0.07801375
2016,764,8481,0,0.02804714
2016,764,8482,0,0.058757935
2016,764,8483,0,0.050762407
2016,764,8484,0,0.043157976
2016,764,8485,0,0.17626807
2016,752,8401,0,0.39512905
2016,752,8402,0,0.27769083
2016,752,8403,0,0.22401339
2016,752,8404,0,0.14905354
2016,752,8405,1,0.705276
2016,752,8406,0,0.43917865
2016,752,8407,0,0.17221303
2016,752,8408,0,0.16284774
2016,752,8409,0,0.07183586
2016,752,8410,1,0.33282956
2016,752,8411,0,0.09051407
2016,752,8412,0,0.03293378
2016,752,8413,0,0.033528365
2016,752,8414,0,0.028147155
2016,752,8415,0,0.06707283
2016,752,8416,0,0.16238514
2016,752,8417,0,0.17343557
2016,752,8418,0,0.053028267
2016,752,8419,0,0.070561364
2016,752,8420,0,0.2833735
2016,752,8421,0,0.06444889
2016,752,8422,0,0.03309643
2016,752,8423,0,0.20437106
2016,752,8424,0,0.033658188
2016,752,8425,0,0.15919061
2016,752,8426,0,0.12248419
2016,752,8427,0,0.123455085
2016,752,8428,0,0.0673571
2016,752,8429,0,0.09432718
2016,752,8430,0,0.08046439
2016,752,8431,0,0.029071072
2016,752,8432,0,0.1101989
2016,752,8433,0,0.15466137
2016,752,8434,0,0.118720174
2016,752,8436,0,0.17538644
2016,752,8437,0,0.15534726
2016,752,8438,0,0.06915428
2016,752,8439,0,0.19851676
2016,752,8440,0,0.2518833
2016,752,8441,0,0.17159155
2016,752,8442,0,0.20658652
2016,752,8443,0,0.10324425
2016,752,8446,1,0.7163516
2016,752,8447,0,0.56369835
2016,752,8448,0,0.18601175
2016,752,8450,0,0.12737063
2016,752,8451,0,0.19276692
2016,752,8452,0,0.2859711
2016,752,8453,0,0.53410697
2016,752,8454,1,0.43249932
2016,752,8455,0,0.11968067
2016,752,8456,1,0.38298187
2016,752,8457,1,0.54260033
2016,752,8458,0,0.16531672
2016,752,8459,0,0.20300856
2016,752,8460,0,0.2586826
2016,752,8461,0,0.30885693
2016,752,8462,0,0.1843003
2016,752,8463,0,0.19476275
2016,752,8464,0,0.2549727
2016,752,8465,0,0.15397139
2016,752,8466,0,0.052098226
2016,752,8467,0,0.055647586
2016,752,8468,0,0.12739211
2016,752,8470,0,0.35557273
2016,752,8471,0,0.04632327
2016,752,8472,1,0.13388807
2016,752,8473,0,0.07773233
2016,752,8474,0,0.079843424
2016,752,8475,0,0.25326717
2016,752,8476,0,0.15934224
2016,752,8477,0,0.15659343
2016,752,8479,0,0.058726206
2016,752,8480,0,0.13842823
2016,752,8481,0,0.03222559
2016,752,8482,0,0.041397292
2016,752,8483,0,0.064181484
2016,752,8484,0,0.04889148
2016,752,8485,0,0.052821215
2016,372,8402,1,0.32981288
2016,372,8403,0,0.24596775
2016,372,8405,1,0.66640633
2016,372,8406,1,0.83894074
2016,372,8407,0,0.52555686
2016,372,8409,0,0.1706135
2016,372,8411,0,0.10641723
2016,372,8412,0,0.19604284
2016,372,8413,0,0.08095035
2016,372,8414,0,0.09854197
2016,372,8415,0,0.16754241
2016,372,8418,0,0.15097675
2016,372,8419,0,0.34113678
2016,372,8421,0,0.09665894
2016,372,8422,0,0.14303924
2016,372,8423,0,0.5401149
2016,372,8424,1,0.19906236
2016,372,8425,1,0.23897631
2016,372,8426,0,0.21523538
2016,372,8427,0,0.2176534
2016,372,8428,0,0.19700149
2016,372,8429,0,0.267015
2016,372,8430,0,0.20374799
2016,372,8431,0,0.13761687
2016,372,8432,0,0.28505787
2016,372,8433,0,0.14579272
2016,372,8434,0,0.2940114
2016,372,8436,0,0.250249
2016,372,8437,0,0.5946369
2016,372,8438,0,0.41616532
2016,372,8441,1,0.3696722
2016,372,8443,0,0.12151824
2016,372,8448,0,0.30758512
2016,372,8450,1,0.4682302
2016,372,8451,1,0.3661192
2016,372,8456,0,0.40183187
2016,372,8458,1,0.5321993
2016,372,8459,0,0.30647457
2016,372,8462,1,0.44904473
2016,372,8463,0,0.2672508
2016,372,8464,1,0.7058394
2016,372,8465,1,0.40509874
2016,372,8466,0,0.24898717
2016,372,8467,0,0.2147607
2016,372,8468,0,0.29213393
2016,372,8470,0,0.19757476
2016,372,8471,1,0.03241609
2016,372,8472,0,0.68471086
2016,372,8473,0,0.06380936
2016,372,8474,0,0.24140067
2016,372,8475,0,0.3817723
2016,372,8476,1,0.31655723
2016,372,8477,1,0.216765
2016,372,8479,0,0.17106524
2016,372,8480,0,0.17170137
2016,372,8481,1,0.099346034
2016,372,8484,0,0.12440929
2016,372,8485,0,0.1557629
2016,40,8401,1,0.6615566
2016,40,8402,1,0.21606335
2016,40,8403,0,0.11312996
2016,40,8404,0,0.23140635
2016,40,8405,1,0.25746325
2016,40,8406,1,0.2794335
2016,40,8407,0,0.16689257
2016,40,8408,0,0.29177058
2016,40,8409,0,0.10082877
2016,40,8410,0,0.27456224
2016,40,8411,0,0.085605554
2016,40,8412,0,0.09942356
2016,40,8413,0,0.037061844
2016,40,8414,1,0.045895975
2016,40,8415,0,0.11419379
2016,40,8416,0,0.15261921
2016,40,8417,1,0.30147615
2016,40,8418,0,0.06153923
2016,40,8419,0,0.10399288
2016,40,8420,0,0.24660772
2016,40,8421,0,0.0658829
2016,40,8422,0,0.088308364
2016,40,8423,0,0.112494536
2016,40,8424,0,0.05543318
2016,40,8425,0,0.11134484
2016,40,8426,0,0.12696639
2016,40,8427,0,0.22682257
2016,40,8428,0,0.48731956
2016,40,8429,0,0.2098552
2016,40,8430,0,0.17450736
2016,40,8431,0,0.05301485
2016,40,8432,0,0.13533956
2016,40,8433,0,0.11526005
2016,40,8434,1,0.3678237
2016,40,8435,0,0.14200397
2016,40,8436,0,0.15247938
2016,40,8437,0,0.087040715
2016,40,8438,0,0.050741356
2016,40,8439,0,0.12159399
2016,40,8440,0,0.20834963
2016,40,8441,0,0.12877318
2016,40,8442,0,0.15494841
2016,40,8443,0,0.09625668
2016,40,8444,1,0.32720518
2016,40,8445,1,0.48549417
2016,40,8446,0,0.3226164
2016,40,8447,0,0.2528035
2016,40,8448,0,0.21058127
2016,40,8449,0,0.5856739
2016,40,8450,0,0.38199243
2016,40,8451,1,0.115272135
2016,40,8452,0,0.117886394
2016,40,8453,0,0.30623776
2016,40,8454,1,0.63383925
2016,40,8455,0,0.14610931
2016,40,8456,0,0.24484006
2016,40,8457,0,0.2532224
2016,40,8458,0,0.18074897
2016,40,8459,0,0.15630797
2016,40,8461,1,0.19335076
2016,40,8462,0,0.16216734
2016,40,8463,0,0.22231212
2016,40,8464,0,0.32915038
2016,40,8465,0,0.11581708
2016,40,8466,0,0.11943867
2016,40,8467,0,0.112316914
2016,40,8468,0,0.13702098
2016,40,8470,0,0.50264996
2016,40,8471,1,0.037279155
2016,40,8472,1,0.12108791
2016,40,8473,0,0.12853304
2016,40,8474,0,0.14045961
2016,40,8475,0,0.3591018
2016,40,8476,0,0.3910773
2016,40,8477,0,0.077459335
2016,40,8478,0,0.21680133
2016,40,8479,0,0.040500008
2016,40,8480,0,0.08284251
2016,40,8481,0,0.03353303
2016,40,8482,0,0.09070079
2016,40,8483,0,0.103676155
2016,40,8484,0,0.06822875
2016,40,8485,0,0.16488633
2016,724,8401,1,0.35540748
2016,724,8402,1,0.5913175
2016,724,8403,0,0.16462193
2016,724,8404,0,0.49342325
2016,724,8405,1,0.5635451
2016,724,8406,0,0.18968418
2016,724,8407,0,0.08767726
2016,724,8408,0,0.18143123
2016,724,8409,0,0.04805596
2016,724,8410,1,0.18145409
2016,724,8411,0,0.06639222
2016,724,8412,0,0.0875577
2016,724,8413,0,0.029045828
2016,724,8414,0,0.02621339
2016,724,8415,0,0.055888444
2016,724,8416,0,0.13045639
2016,724,8417,0,0.1237765
2016,724,8418,0,0.033357576
2016,724,8419,0,0.095954634
2016,724,8420,0,0.12219032
2016,724,8421,0,0.06750139
2016,724,8422,0,0.027724346
2016,724,8423,0,0.056569837
2016,724,8424,0,0.03191656
2016,724,8425,1,0.10704357
2016,724,8426,0,0.08044522
2016,724,8427,0,0.17356205
2016,724,8428,0,0.07244046
2016,724,8430,0,0.09943507
2016,724,8431,0,0.025927138
2016,724,8432,0,0.09513137
2016,724,8433,0,0.11597079
2016,724,8434,1,0.30634844
2016,724,8435,0,0.23012544
2016,724,8436,0,0.064056784
2016,724,8437,0,0.38484684
2016,724,8438,0,0.03101346
2016,724,8439,0,0.2372594
2016,724,8440,0,0.14656271
2016,724,8441,0,0.07023145
2016,724,8442,0,0.18605883
2016,724,8443,0,0.05433019
2016,724,8444,1,0.37770945
2016,724,8445,1,0.13633724
2016,724,8446,0,0.27813166
2016,724,8447,0,0.23503232
2016,724,8448,0,0.11849516
2016,724,8449,0,0.30678725
2016,724,8450,0,0.14731072
2016,724,8451,1,0.14575158
2016,724,8452,0,0.5034276
2016,724,8453,0,0.18534832
2016,724,8454,0,0.15468805
2016,724,8455,0,0.74410605
2016,724,8456,0,0.21896878
2016,724,8457,0,0.17423487
2016,724,8458,0,0.20820633
2016,724,8459,0,0.13176979
2016,724,8460,1,0.38390076
2016,724,8461,1,0.13857788
2016,724,8462,0,0.10444445
2016,724,8463,0,0.19441524
2016,724,8464,0,0.18351334
2016,724,8465,0,0.08402404
2016,724,8466,0,0.048267867
2016,724,8467,0,0.099117406
2016,724,8468,0,0.1789539
2016,724,8470,0,0.11395093
2016,724,8471,0,0.046304375
2016,724,8472,1,0.13527934
2016,724,8473,0,0.08817218
2016,724,8474,0,0.04340229
2016,724,8475,0,0.36948758
2016,724,8476,0,0.16882268
2016,724,8477,0,0.09664928
2016,724,8478,0,0.1326171
2016,724,8479,0,0.106341824
2016,724,8480,0,0.092552304
2016,724,8481,0,0.025298916
2016,724,8482,0,0.06361938
2016,724,8483,0,0.101437554
2016,724,8484,0,0.06540951
2016,724,8485,0,0.09036123
2017,842,8401,1,0.13853735
2017,842,8402,0,0.13221636
2017,842,8403,0,0.09462949
2017,842,8404,1,0.20307024
2017,842,8405,0,0.18265848
2017,842,8406,1,0.13746157
2017,842,8407,0,0.07051469
2017,842,8408,0,0.2787097
2017,842,8409,0,0.059844967
2017,842,8410,0,0.16608375
2017,842,8411,0,0.07245284
2017,842,8412,0,0.0716591
2017,842,8413,0,0.06451913
2017,842,8414,0,0.10085577
2017,842,8415,0,0.07892327
2017,842,8416,0,0.11884453
2017,842,8417,0,0.12745352
2017,842,8418,0,0.082169235
2017,842,8419,0,0.11871855
2017,842,8420,0,0.075659156
2017,842,8421,0,0.09164538
2017,842,8422,0,0.074568085
2017,842,8423,0,0.067673676
2017,842,8424,0,0.054162163
2017,842,8425,0,0.13945954
2017,842,8426,0,0.16046366
2017,842,8427,0,0.05861002
2017,842,8428,0,0.14515172
2017,842,8429,0,0.045985065
2017,842,8431,0,0.04363969
2017,842,8432,0,0.10978152
2017,842,8433,0,0.056947004
2017,842,8434,0,0.10297022
2017,842,8435,0,0.14508465
2017,842,8436,0,0.04782785
2017,842,8437,0,0.09478883
2017,842,8438,0,0.05232356
2017,842,8439,0,0.14586222
2017,842,8440,1,0.16090724
2017,842,8441,0,0.13728613
2017,842,8442,0,0.213233
2017,842,8443,0,0.021834085
2017,842,8444,1,0.23452848
2017,842,8445,0,0.13949011
2017,842,8446,0,0.44568083
2017,842,8447,1,0.21240747
2017,842,8448,0,0.053267844
2017,842,8449,1,0.5301487
2017,842,8450,0,0.10412876
2017,842,8451,0,0.038074035
2017,842,8452,0,0.10749563
2017,842,8453,0,0.17068881
2017,842,8454,0,0.13492848
2017,842,8455,0,0.15098877
2017,842,8456,0,0.084261216
2017,842,8457,0,0.21004716
2017,842,8458,0,0.08863186
2017,842,8459,0,0.11092971
2017,842,8460,0,0.06775345
2017,842,8461,0,0.06805784
2017,842,8462,0,0.13444434
2017,842,8463,0,0.10730654
2017,842,8464,0,0.07267391
2017,842,8465,0,0.063632466
2017,842,8466,0,0.023063518
2017,842,8467,0,0.05786491
2017,842,8468,0,0.1947391
2017,842,8470,1,0.30450714
2017,842,8471,0,0.05905417
2017,842,8472,0,0.038916692
2017,842,8473,0,0.05540029
2017,842,8474,0,0.16188282
2017,842,8475,0,0.1443967
2017,842,8476,0,0.15168414
2017,842,8477,0,0.044625502
2017,842,8478,0,0.13627636
2017,842,8479,0,0.033512104
2017,842,8480,0,0.3728444
2017,842,8481,0,0.07114343
2017,842,8482,0,0.032858215
2017,842,8483,0,0.07517693
2017,842,8484,0,0.0604485
2017,842,8485,0,0.076759666
2017,276,8401,0,0.24362469
2017,276,8402,0,0.07719755
2017,276,8403,0,0.058050234
2017,276,8404,1,0.21916524
2017,276,8405,0,0.40756664
2017,276,8406,1,0.5554854
2017,276,8407,0,0.047150835
2017,276,8408,0,0.027741188
2017,276,8409,0,0.033929802
2017,276,8410,1,0.16741945
2017,276,8411,0,0.07575342
2017,276,8412,0,0.059619494
2017,276,8413,0,0.033394452
2017,276,8414,0,0.037018947
2017,276,8415,0,0.04449402
2017,276,8416,0,0.046196032
2017,276,8417,0,0.09251575
2017,276,8418,0,0.05576815
2017,276,8419,0,0.108177066
2017,276,8420,0,0.078673676
2017,276,8421,0,0.033903606
2017,276,8422,0,0.07762565
2017,276,8423,0,0.045599066
2017,276,8424,0,0.044929318
2017,276,8425,0,0.062430993
2017,276,8426,0,0.12247978
2017,276,8427,0,0.06305804
2017,276,8428,0,0.07683066
2017,276,8429,0,0.02800979
2017,276,8430,0,0.042807262
2017,276,8431,0,0.018992132
2017,276,8432,0,0.047705047
2017,276,8433,0,0.04603183
2017,276,8434,0,0.041442305
2017,276,8435,0,0.13230647
2017,276,8436,0,0.023561852
2017,276,8437,0,0.062213458
2017,276,8438,0,0.044088393
2017,276,8439,0,0.11970717
2017,276,8440,0,0.03842357
2017,276,8441,0,0.07021953
2017,276,8442,1,0.100593634
2017,276,8443,0,0.033977207
2017,276,8444,0,0.38292432
2017,276,8445,0,0.18548016
2017,276,8446,0,0.16361305
2017,276,8447,1,0.085085995
2017,276,8448,0,0.0470083
2017,276,8449,1,0.16479339
2017,276,8450,0,0.096393675
2017,276,8451,0,0.038210478
2017,276,8452,0,0.02652313
2017,276,8453,0,0.08561561
2017,276,8454,0,0.12058548
2017,276,8455,0,0.10498114
2017,276,8456,0,0.07810959
2017,276,8457,0,0.09922144
2017,276,8458,0,0.057190116
2017,276,8459,0,0.055211063
2017,276,8460,0,0.056596603
2017,276,8461,0,0.09187329
2017,276,8462,0,0.04529951
2017,276,8463,0,0.10749156
2017,276,8464,0,0.0419817
2017,276,8465,0,0.03853529
2017,276,8466,0,0.020381935
2017,276,8467,0,0.06545321
2017,276,8468,0,0.04348139
2017,276,8470,0,0.16688748
2017,276,8471,0,0.035448626
2017,276,8472,0,0.024556378
2017,276,8473,0,0.07579608
2017,276,8474,0,0.0686653
2017,276,8475,0,0.16946578
2017,276,8476,0,0.1227607
2017,276,8477,0,0.03029429
2017,276,8478,0,0.065135226
2017,276,8479,0,0.022555856
2017,276,8480,0,0.08111787
2017,276,8481,0,0.041358996
2017,276,8482,0,0.026047915
2017,276,8483,0,0.028306684
2017,276,8484,0,0.029960068
2017,276,8485,0,0.036327157
2017,392,8401,0,0.34169886
2017,392,8402,0,0.33717534
2017,392,8403,0,0.1821995
2017,392,8404,0,0.28651935
2017,392,8405,0,0.1727949
2017,392,8406,1,0.18584484
2017,392,8407,0,0.038017046
2017,392,8408,0,0.04182453
2017,392,8409,0,0.027235681
2017,392,8411,0,0.07387379
2017,392,8412,0,0.04941212
2017,392,8413,0,0.03545725
2017,392,8414,0,0.042043004
2017,392,8415,0,0.03442911
2017,392,8416,0,0.13503435
2017,392,8417,0,0.1235961
2017,392,8418,0,0.056085333
2017,392,8419,0,0.10200543
2017,392,8420,0,0.1631959
2017,392,8421,0,0.04252693
2017,392,8422,0,0.047444113
2017,392,8423,0,0.08974946
2017,392,8424,0,0.036203638
2017,392,8425,0,0.089398265
2017,392,8426,0,0.10730364
2017,392,8427,0,0.021884747
2017,392,8428,0,0.08472801
2017,392,8429,0,0.044263013
2017,392,8430,0,0.107431054
2017,392,8431,0,0.039218005
2017,392,8432,1,0.07787455
2017,392,8433,0,0.0548044
2017,392,8434,1,0.37804526
2017,392,8435,1,0.36946297
2017,392,8436,0,0.09991193
2017,392,8437,0,0.11078415
2017,392,8438,0,0.054053195
2017,392,8439,0,0.16206834
2017,392,8440,0,0.11803997
2017,392,8441,0,0.08132183
2017,392,8442,0,0.13284452
2017,392,8443,0,0.045132436
2017,392,8444,1,0.27651554
2017,392,8445,0,0.25710022
2017,392,8446,0,0.18669818
2017,392,8447,1,0.1065082
2017,392,8448,0,0.07011842
2017,392,8449,1,0.32245177
2017,392,8450,0,0.13691321
2017,392,8451,0,0.07070311
2017,392,8452,0,0.04203248
2017,392,8453,1,0.15670943
2017,392,8454,0,0.14982311
2017,392,8455,0,0.14551364
2017,392,8456,0,0.11418242
2017,392,8457,0,0.101681136
2017,392,8458,0,0.075749114
2017,392,8459,0,0.06980772
2017,392,8460,0,0.08231166
2017,392,8461,0,0.10593713
2017,392,8462,0,0.080393806
2017,392,8463,0,0.11157355
2017,392,8464,0,0.12282502
2017,392,8465,0,0.07029458
2017,392,8466,0,0.040693652
2017,392,8467,0,0.05475634
2017,392,8468,0,0.10733815
2017,392,8469,1,0.2957119
2017,392,8470,0,0.1416327
2017,392,8471,0,0.037110563
2017,392,8472,1,0.04419974
2017,392,8473,0,0.09104244
2017,392,8474,0,0.0847042
2017,392,8475,0,0.1513044
2017,392,8476,0,0.213339
2017,392,8477,0,0.059381064
2017,392,8478,0,0.4607059
2017,392,8479,0,0.080488265
2017,392,8480,0,0.069906406
2017,392,8481,0,0.038146358
2017,392,8482,0,0.025360737
2017,392,8483,0,0.038815204
2017,392,8484,0,0.031194443
2017,392,8485,0,0.05067494
2017,156,8401,0,0.1949002
2017,156,8402,0,0.036181416
2017,156,8403,0,0.020532956
2017,156,8404,0,0.30607945
2017,156,8405,0,0.115734234
2017,156,8406,1,0.11754931
2017,156,8407,0,0.03600468
2017,156,8408,0,0.014850194
2017,156,8409,0,0.027328536
2017,156,8411,0,0.034677573
2017,156,8412,0,0.014078955
2017,156,8413,0,0.031380177
2017,156,8414,0,0.03906626
2017,156,8415,0,0.0414059
2017,156,8416,0,0.070509814
2017,156,8417,0,0.04966227
2017,156,8418,0,0.04251134
2017,156,8419,0,0.05913372
2017,156,8420,0,0.05781553
2017,156,8421,0,0.03496855
2017,156,8422,0,0.01803016
2017,156,8423,0,0.032902766
2017,156,8424,0,0.029497791
2017,156,8425,0,0.05705494
2017,156,8426,0,0.04198822
2017,156,8427,0,0.027805721
2017,156,8428,0,0.028307386
2017,156,8431,0,0.014786303
2017,156,8432,0,0.016243754
2017,156,8433,0,0.030575003
2017,156,8434,0,0.044845086
2017,156,8436,0,0.012560229
2017,156,8439,0,0.06523332
2017,156,8440,0,0.02886558
2017,156,8441,0,0.028956756
2017,156,8442,0,0.032262836
2017,156,8443,0,0.020017399
2017,156,8444,0,0.14974548
2017,156,8445,0,0.073734805
2017,156,8446,0,0.18782517
2017,156,8447,0,0.08045963
2017,156,8448,0,0.014793009
2017,156,8449,0,0.18012285
2017,156,8450,0,0.07710691
2017,156,8451,0,0.02693684
2017,156,8452,0,0.027957607
2017,156,8453,0,0.042324446
2017,156,8454,0,0.066374995
2017,156,8455,0,0.05999795
2017,156,8456,0,0.020879483
2017,156,8457,0,0.043353103
2017,156,8458,0,0.018317668
2017,156,8459,0,0.02402446
2017,156,8460,0,0.023134103
2017,156,8461,0,0.017847627
2017,156,8462,0,0.016908491
2017,156,8463,0,0.042548966
2017,156,8464,0,0.023298373
2017,156,8465,0,0.041244734
2017,156,8466,0,0.011796372
2017,156,8467,0,0.03655144
2017,156,8468,0,0.037542272
2017,156,8470,0,0.060575392
2017,156,8471,0,0.026164133
2017,156,8472,0,0.02980346
2017,156,8473,0,0.060042847
2017,156,8475,0,0.24932848
2017,156,8476,0,0.073971994
2017,156,8477,0,0.020592026
2017,156,8479,0,0.011790008
2017,156,8480,0,0.02388908
2017,156,8481,0,0.044572044
2017,156,8482,0,0.024316205
2017,156,8483,0,0.031071724
2017,156,8484,0,0.029915512
2017,380,8401,1,0.5330533
2017,380,8402,0,0.20308685
2017,380,8403,0,0.04508881
2017,380,8404,0,0.31030914
2017,380,8405,0,0.48786542
2017,380,8406,0,0.25572
2017,380,8407,0,0.1279651
2017,380,8408,0,0.0380689
2017,380,8409,0,0.0375145
2017,380,8411,0,0.083953
2017,380,8412,0,0.07447196
2017,380,8413,0,0.046235703
2017,380,8414,0,0.04435321
2017,380,8415,0,0.062212117
2017,380,8416,0,0.11777037
2017,380,8417,0,0.1748352
2017,380,8418,0,0.064785
2017,380,8419,0,0.114412434
2017,380,8420,0,0.10149407
2017,380,8421,0,0.05734486
2017,380,8422,0,0.059219044
2017,380,8423,0,0.072323225
2017,380,8424,0,0.045100305
2017,380,8425,0,0.12148724
2017,380,8426,0,0.08235679
2017,380,8427,0,0.04217994
2017,380,8428,0,0.07781746
2017,380,8429,0,0.027380468
2017,380,8430,0,0.054880377
2017,380,8431,0,0.0243743
2017,380,8432,0,0.047352944
2017,380,8433,0,0.06460587
2017,380,8434,0,0.047041148
2017,380,8435,0,0.11081994
2017,380,8436,0,0.025465703
2017,380,8437,0,0.16368993
2017,380,8438,0,0.05353947
2017,380,8439,0,0.116089195
2017,380,8440,0,0.10354698
2017,380,8441,0,0.087617
2017,380,8442,0,0.13669486
2017,380,8443,0,0.025125131
2017,380,8444,0,0.11678197
2017,380,8445,0,0.19131024
2017,380,8446,0,0.26144502
2017,380,8447,0,0.13412707
2017,380,8448,0,0.052866608
2017,380,8449,0,0.29436463
2017,380,8450,0,0.06332004
2017,380,8451,0,0.028521279
2017,380,8453,0,0.036746513
2017,380,8454,0,0.08759413
2017,380,8455,0,0.16426565
2017,380,8456,0,0.1041209
2017,380,8457,0,0.07619035
2017,380,8458,0,0.058903847
2017,380,8459,0,0.0677722
2017,380,8460,0,0.05140665
2017,380,8461,0,0.05472346
2017,380,8462,0,0.04538834
2017,380,8463,0,0.06024133
2017,380,8464,0,0.042598624
2017,380,8465,0,0.04024499
2017,380,8466,0,0.03527435
2017,380,8467,0,0.0379045
2017,380,8468,0,0.23145503
2017,380,8470,0,0.13961865
2017,380,8471,0,0.028318036
2017,380,8472,0,0.08273034
2017,380,8473,0,0.06718708
2017,380,8474,0,0.07011436
2017,380,8475,0,0.09003237
2017,380,8476,0,0.12947418
2017,380,8477,0,0.02676504
2017,380,8478,0,0.18747343
2017,380,8479,0,0.016861742
2017,380,8480,0,0.09198862
2017,380,8481,0,0.04796127
2017,380,8482,0,0.058855332
2017,380,8483,0,0.06257183
2017,380,8484,0,0.07074935
2017,380,8485,0,0.07457093
2017,826,8401,0,0.25481823
2017,826,8402,0,0.13421245
2017,826,8403,0,0.44702965
2017,826,8404,0,0.14917898
2017,826,8405,1,0.55573916
2017,826,8406,0,0.18020253
2017,826,8407,0,0.060574703
2017,826,8408,0,0.14944601
2017,826,8409,0,0.024619935
2017,826,8410,0,0.1757419
2017,826,8411,0,0.049421977
2017,826,8412,0,0.09060664
2017,826,8413,0,0.060913984
2017,826,8414,0,0.053336274
2017,826,8415,0,0.050203595
2017,826,8416,0,0.11205024
2017,826,8417,0,0.1278445
2017,826,8418,0,0.060318746
2017,826,8419,0,0.09017566
2017,826,8420,0,0.19593607
2017,826,8421,0,0.081458345
2017,826,8422,0,0.0731888
2017,826,8423,0,0.06436081
2017,826,8424,0,0.031913724
2017,826,8425,0,0.16146187
2017,826,8426,0,0.09529463
2017,826,8427,0,0.044260513
2017,826,8428,0,0.08272578
2017,826,8429,0,0.022302993
2017,826,8430,0,0.19123718
2017,826,8431,0,0.09474976
2017,826,8432,0,0.04496887
2017,826,8433,0,0.09926566
2017,826,8434,0,0.10791154
2017,826,8435,0,0.3750115
2017,826,8436,0,0.065211214
2017,826,8437,0,0.07538606
2017,826,8438,0,0.04080205
2017,826,8439,0,0.16470434
2017,826,8440,0,0.09293982
2017,826,8441,0,0.13431467
2017,826,8442,0,0.08090797
2017,826,8443,0,0.045900833
2017,826,8444,0,0.27058747
2017,826,8445,0,0.20929824
2017,826,8446,0,0.49722314
2017,826,8447,0,0.09907086
2017,826,8448,0,0.07975515
2017,826,8449,0,0.80264103
2017,826,8450,0,0.10307972
2017,826,8451,0,0.055584762
2017,826,8453,0,0.1539476
2017,826,8454,0,0.1565088
2017,826,8455,0,0.18605235
2017,826,8456,0,0.10144772
2017,826,8457,0,0.29384187
2017,826,8458,0,0.17560707
2017,826,8459,0,0.09273021
2017,826,8460,0,0.086785115
2017,826,8461,0,0.1654237
2017,826,8462,0,0.085846305
2017,826,8463,0,0.112535395
2017,826,8464,0,0.0855534
2017,826,8465,0,0.04855808
2017,826,8466,0,0.02406612
2017,826,8467,0,0.030137926
2017,826,8468,0,0.13429879
2017,826,8470,0,0.21703403
2017,826,8471,0,0.033281993
2017,826,8472,0,0.050689414
2017,826,8473,0,0.058046572
2017,826,8474,0,0.11488648
2017,826,8475,0,0.12413847
2017,826,8476,0,0.12334499
2017,826,8477,0,0.03459272
2017,826,8478,1,0.15011047
2017,826,8479,0,0.021917837
2017,826,8480,0,0.12149074
2017,826,8481,0,0.05680832
2017,826,8482,0,0.036051914
2017,826,8483,0,0.056652285
2017,826,8484,0,0.052487455
2017,826,8485,0,0.06461934
2017,251,8401,1,0.66597956
2017,251,8403,0,0.09719923
2017,251,8404,0,0.23293075
2017,251,8405,1,0.44106516
2017,251,8406,1,0.19246703
2017,251,8407,0,0.10596915
2017,251,8408,0,0.0659583
2017,251,8409,0,0.040079284
2017,251,8411,0,0.12903939
2017,251,8412,0,0.12031144
2017,251,8413,0,0.079324335
2017,251,8414,0,0.086085506
2017,251,8415,0,0.0792515
2017,251,8416,0,0.52027535
2017,251,8417,0,0.16690856
2017,251,8418,0,0.100418575
2017,251,8419,0,0.10103029
2017,251,8420,0,0.20889275
2017,251,8421,0,0.07201226
2017,251,8422,0,0.06330408
2017,251,8424,0,0.080258854
2017,251,8425,0,0.12466455
2017,251,8426,0,0.19812012
2017,251,8427,0,0.057252895
2017,251,8428,0,0.118098095
2017,251,8429,0,0.038833577
2017,251,8430,0,0.10909285
2017,251,8431,0,0.028449683
2017,251,8432,0,0.035611052
2017,251,8433,0,0.088606656
2017,251,8434,0,0.09576518
2017,251,8435,0,0.104929164
2017,251,8436,0,0.03852493
2017,251,8438,0,0.07043091
2017,251,8439,0,0.15972929
2017,251,8441,0,0.15285404
2017,251,8442,1,0.26570162
2017,251,8443,0,0.05895434
2017,251,8444,0,0.14287727
2017,251,8445,0,0.2597211
2017,251,8446,0,0.127944
2017,251,8447,0,0.35986102
2017,251,8448,0,0.1098404
2017,251,8449,0,0.29864597
2017,251,8450,0,0.14364481
2017,251,8451,0,0.033504553
2017,251,8453,0,0.29254472
2017,251,8454,0,0.17180751
2017,251,8455,0,0.1728631
2017,251,8456,0,0.14269462
2017,251,8457,1,0.16448654
2017,251,8458,0,0.1792787
2017,251,8459,0,0.118254766
2017,251,8460,0,0.08961773
2017,251,8461,0,0.09937537
2017,251,8462,0,0.107412644
2017,251,8463,0,0.20129086
2017,251,8464,0,0.10958516
2017,251,8465,0,0.15508056
2017,251,8466,0,0.033901088
2017,251,8467,0,0.1146014
2017,251,8468,1,0.15424444
2017,251,8470,0,0.24276695
2017,251,8471,0,0.034877058
2017,251,8472,1,0.06449311
2017,251,8473,0,0.07311491
2017,251,8475,0,0.13865167
2017,251,8476,0,0.12216327
2017,251,8477,0,0.06839946
2017,251,8478,0,0.23195128
2017,251,8479,0,0.025089037
2017,251,8480,0,0.071968645
2017,251,8481,0,0.07185572
2017,251,8482,0,0.04139505
2017,251,8483,0,0.077811666
2017,251,8484,0,0.08435402
2017,251,8485,0,0.09609196
2017,490,8402,1,0.1773395
2017,490,8403,1,0.7422313
2017,490,8404,1,0.19016166
2017,490,8405,0,0.5595697
2017,490,8406,1,0.7535966
2017,490,8407,0,0.19584343
2017,490,8408,0,0.08306723
2017,490,8409,0,0.05791
2017,490,8410,0,0.72495824
2017,490,8411,0,0.09690145
2017,490,8412,0,0.07437511
2017,490,8413,0,0.040345863
2017,490,8414,0,0.044228613
2017,490,8415,0,0.051917404
2017,490,8416,0,0.12597877
2017,490,8417,0,0.1681325
2017,490,8418,0,0.041618522
2017,490,8419,0,0.066095255
2017,490,8420,0,0.42294344
2017,490,8421,0,0.051763255
2017,490,8422,0,0.041344207
2017,490,8423,0,0.058376305
2017,490,8424,0,0.040190145
2017,490,8425,0,0.17360608
2017,490,8426,1,0.16438939
2017,490,8427,0,0.0879174
2017,490,8428,0,0.13213256
2017,490,8429,0,0.46302003
2017,490,8430,0,0.16593423
2017,490,8431,0,0.05731131
2017,490,8432,0,0.1316726
2017,490,8433,0,0.06752426
2017,490,8434,0,0.18303
2017,490,8435,1,0.22685294
2017,490,8436,0,0.13387218
2017,490,8437,0,0.10125995
2017,490,8438,0,0.047899637
2017,490,8439,0,0.24230537
2017,490,8440,0,0.16409121
2017,490,8441,0,0.059240725
2017,490,8442,0,0.17055261
2017,490,8443,0,0.035823453
2017,490,8444,0,0.18380928
2017,490,8445,1,0.17649479
2017,490,8446,0,0.16409181
2017,490,8447,0,0.074192844
2017,490,8448,0,0.0713342
2017,490,8449,1,0.6045172
2017,490,8450,1,0.15847038
2017,490,8451,0,0.084566444
2017,490,8452,0,0.046669006
2017,490,8453,0,0.17990299
2017,490,8454,0,0.18857442
2017,490,8455,0,0.11269493
2017,490,8456,0,0.17579167
2017,490,8457,0,0.07704197
2017,490,8458,0,0.07144265
2017,490,8459,0,0.17706604
2017,490,8460,0,0.083517335
2017,490,8461,0,0.08935922
2017,490,8462,0,0.07673602
2017,490,8463,0,0.12418257
2017,490,8464,0,0.11818472
2017,490,8465,0,0.06831693
2017,490,8466,0,0.040824387
2017,490,8467,0,0.09006661
2017,490,8468,0,0.15305077
2017,490,8470,0,0.1617402
2017,490,8471,0,0.046069127
2017,490,8472,0,0.062245116
2017,490,8473,0,0.078863494
2017,490,8474,0,0.12105589
2017,490,8475,0,0.5548324
2017,490,8476,0,0.15546285
2017,490,8477,0,0.031994104
2017,490,8478,1,0.15725063
2017,490,8479,0,0.0885062
2017,490,8480,0,0.082359076
2017,490,8481,0,0.047122434
2017,490,8482,0,0.032929588
2017,490,8483,0,0.04138142
2017,490,8484,0,0.048327234
2017,490,8485,1,0.094888456
2017,702,8402,0,0.23062967
2017,702,8407,0,0.08487287
2017,702,8408,0,0.14587444
2017,702,8410,0,0.22740935
2017,702,8411,0,0.08683117
2017,702,8412,0,0.08039821
2017,702,8413,0,0.025401544
2017,702,8414,0,0.034765214
2017,702,8416,0,0.19480556
2017,702,8417,0,0.18786979
2017,702,8418,0,0.06011376
2017,702,8419,0,0.08517418
2017,702,8420,0,0.15717496
2017,702,8421,0,0.039434392
2017,702,8422,0,0.08926552
2017,702,8423,0,0.11723234
2017,702,8424,0,0.05203719
2017,702,8425,1,0.26645914
2017,702,8426,0,0.08973555
2017,702,8428,0,0.10327549
2017,702,8430,0,0.1582914
2017,702,8431,0,0.041243017
2017,702,8432,1,0.41325957
2017,702,8433,0,0.42022344
2017,702,8434,0,0.49095693
2017,702,8435,1,0.41965115
2017,702,8436,0,0.11931782
2017,702,8437,0,0.0952869
2017,702,8439,0,0.23991245
2017,702,8441,1,0.5538209
2017,702,8442,0,0.24855347
2017,702,8443,0,0.046728995
2017,702,8445,0,0.36420113
2017,702,8448,1,0.27748176
2017,702,8449,0,0.7343712
2017,702,8451,0,0.14592344
2017,702,8452,0,0.16805801
2017,702,8453,1,0.24461843
2017,702,8454,0,0.22609569
2017,702,8455,1,0.29071766
2017,702,8456,0,0.14235261
2017,702,8457,0,0.40612417
2017,702,8458,0,0.12122304
2017,702,8459,0,0.15988013
2017,702,8460,0,0.12494386
2017,702,8461,1,0.2916586
2017,702,8462,0,0.11673618
2017,702,8463,0,0.19970268
2017,702,8464,0,0.16128032
2017,702,8465,0,0.11779315
2017,702,8466,0,0.18182461
2017,702,8467,0,0.08537244
2017,702,8468,1,0.122185834
2017,702,8470,0,0.12978187
2017,702,8471,1,0.026893543
2017,702,8473,0,0.05011628
2017,702,8474,0,0.116249494
2017,702,8475,0,0.44127497
2017,702,8477,0,0.08729762
2017,702,8478,1,0.2690649
2017,702,8479,0,0.080983326
2017,702,8480,0,0.22289455
2017,702,8481,0,0.070959754
2017,702,8482,0,0.034138974
2017,702,8483,0,0.028445663
2017,702,8484,0,0.084663354
2017,702,8485,0,0.0614469
2017,528,8401,1,0.20188063
2017,528,8403,0,0.06371215
2017,528,8404,1,0.47137243
2017,528,8405,1,0.24831244
2017,528,8407,0,0.13660023
2017,528,8408,0,0.049907308
2017,528,8409,0,0.052939475
2017,528,8410,1,0.22567134
2017,528,8411,0,0.13864455
2017,528,8412,0,0.07003624
2017,528,8413,0,0.053310014
2017,528,8414,0,0.08046091
2017,528,8415,0,0.06964028
2017,528,8416,0,0.18741187
2017,528,8417,0,0.16176179
2017,528,8418,0,0.091403686
2017,528,8419,0,0.09475622
2017,528,8420,0,0.22045656
2017,528,8421,0,0.059741534
2017,528,8422,0,0.11765524
2017,528,8423,0,0.08934118
2017,528,8424,0,0.06965021
2017,528,8425,0,0.14290933
2017,528,8426,0,0.15405357
2017,528,8427,0,0.033666063
2017,528,8428,0,0.0975112
2017,528,8429,0,0.038287412
2017,528,8430,0,0.054838102
2017,528,8431,0,0.029209247
2017,528,8432,0,0.031375002
2017,528,8433,0,0.07725588
2017,528,8434,0,0.079472795
2017,528,8435,1,0.5829706
2017,528,8436,0,0.02942621
2017,528,8437,0,0.06796753
2017,528,8438,0,0.046034753
2017,528,8439,1,0.21584482
2017,528,8440,0,0.08825084
2017,528,8441,0,0.10283523
2017,528,8442,0,0.1540096
2017,528,8443,0,0.043056943
2017,528,8444,0,0.3454886
2017,528,8445,0,0.44700631
2017,528,8446,0,0.24322367
2017,528,8447,1,0.43395042
2017,528,8448,0,0.17383963
2017,528,8449,1,0.6715129
2017,528,8450,0,0.32209387
2017,528,8451,0,0.12727419
2017,528,8453,0,0.22875957
2017,528,8454,1,0.3901052
2017,528,8455,0,0.20243308
2017,528,8456,0,0.09304503
2017,528,8457,0,0.18609188
2017,528,8458,0,0.13738257
2017,528,8459,0,0.17657351
2017,528,8460,0,0.12854765
2017,528,8461,0,0.13954183
2017,528,8462,0,0.10191603
2017,528,8463,1,0.5174667
2017,528,8464,0,0.13241012
2017,528,8465,0,0.17126033
2017,528,8466,0,0.04865407
2017,528,8467,0,0.062932774
2017,528,8468,0,0.21970022
2017,528,8470,0,0.17996845
2017,528,8471,0,0.031651795
2017,528,8472,0,0.06076409
2017,528,8473,0,0.11008888
2017,528,8474,0,0.105660416
2017,528,8475,0,0.14953741
2017,528,8476,0,0.22965346
2017,528,8477,0,0.08436215
2017,528,8478,0,0.13202584
2017,528,8479,0,0.049373116
2017,528,8480,0,0.07152122
2017,528,8481,0,0.056822665
2017,528,8482,0,0.06908467
2017,528,8483,0,0.054089192
2017,528,8484,0,0.07443059
2017,528,8485,0,0.09297009
2017,410,8401,1,0.59166294
2017,410,8402,1,0.17635283
2017,410,8403,0,0.070709266
2017,410,8404,1,0.13929875
2017,410,8405,1,0.19751023
2017,410,8406,0,0.22908607
2017,410,8407,0,0.052919302
2017,410,8408,0,0.040271666
2017,410,8409,0,0.030801885
2017,410,8410,0,0.20838334
2017,410,8411,0,0.07139242
2017,410,8412,0,0.060242146
2017,410,8413,0,0.026860194
2017,410,8414,0,0.03277005
2017,410,8415,0,0.036920805
2017,410,8416,1,0.1891103
2017,410,8417,0,0.12959516
2017,410,8418,0,0.08709732
2017,410,8419,0,0.1188575
2017,410,8420,0,0.18038163
2017,410,8421,0,0.030755261
2017,410,8422,0,0.052929603
2017,410,8423,0,0.082789995
2017,410,8424,0,0.028951773
2017,410,8425,0,0.09670331
2017,410,8426,0,0.11310894
2017,410,8427,0,0.052009393
2017,410,8428,0,0.05998518
2017,410,8429,0,0.02551226
2017,410,8431,0,0.027375411
2017,410,8432,0,0.10114555
2017,410,8433,0,0.3969255
2017,410,8434,1,0.20797177
2017,410,8435,0,0.09653157
2017,410,8436,0,0.6695744
2017,410,8437,0,0.09692037
2017,410,8438,0,0.07534251
2017,410,8439,0,0.14071655
2017,410,8440,0,0.102603756
2017,410,8441,0,0.072293065
2017,410,8442,0,0.2895785
2017,410,8443,0,0.037976794
2017,410,8444,0,0.13583703
2017,410,8445,0,0.38249528
2017,410,8446,0,0.24464132
2017,410,8447,1,0.15702596
2017,410,8448,0,0.12421299
2017,410,8449,0,0.20450933
2017,410,8450,1,0.045983266
2017,410,8451,0,0.07638324
2017,410,8452,0,0.14914791
2017,410,8453,0,0.2153149
2017,410,8454,0,0.16638398
2017,410,8455,0,0.12676921
2017,410,8456,1,0.1753068
2017,410,8457,0,0.13192032
2017,410,8458,0,0.061861787
2017,410,8459,0,0.07636126
2017,410,8460,0,0.12471989
2017,410,8461,0,0.123245336
2017,410,8462,0,0.0831704
2017,410,8463,0,0.13967149
2017,410,8464,0,0.21220693
2017,410,8465,1,0.10054839
2017,410,8466,0,0.050834928
2017,410,8467,0,0.054210633
2017,410,8468,0,0.18880059
2017,410,8470,0,0.19257013
2017,410,8471,0,0.037613086
2017,410,8472,0,0.044426505
2017,410,8473,0,0.10436272
2017,410,8474,0,0.11097235
2017,410,8475,0,0.22613953
2017,410,8476,0,0.10806176
2017,410,8477,0,0.043103866
2017,410,8478,0,0.3564401
2017,410,8479,0,0.052932043
2017,410,8480,0,0.06314666
2017,410,8481,0,0.030257966
2017,410,8482,0,0.02948072
2017,410,8483,0,0.029066399
2017,410,8484,0,0.03065755
2017,410,8485,0,0.051235944
2017,458,8404,1,0.50390315
2017,458,8405,1,0.45874494
2017,458,8407,0,0.23631725
2017,458,8408,0,0.18228431
2017,458,8411,0,0.11562939
2017,458,8412,0,0.15245266
2017,458,8413,0,0.070748866
2017,458,8414,0,0.05868918
2017,458,8415,0,0.02982183
2017,458,8416,0,0.54890513
2017,458,8417,0,0.25882104
2017,458,8418,0,0.10242297
2017,458,8419,0,0.15371236
2017,458,8420,0,0.22638574
2017,458,8421,0,0.061331984
2017,458,8422,0,0.08165147
2017,458,8423,0,0.11216319
2017,458,8424,0,0.046528846
2017,458,8425,0,0.17222741
2017,458,8426,0,0.1576494
2017,458,8427,0,0.14276986
2017,458,8428,0,0.12601677
2017,458,8430,0,0.2128906
2017,458,8431,0,0.058503054
2017,458,8433,0,0.18921728
2017,458,8436,0,0.08642214
2017,458,8437,0,0.30022475
2017,458,8438,0,0.15123728
2017,458,8439,1,0.24928525
2017,458,8441,0,0.15536839
2017,458,8442,1,0.43871793
2017,458,8443,0,0.11972667
2017,458,8445,0,0.42205936
2017,458,8447,0,0.32389975
2017,458,8448,0,0.15898871
2017,458,8450,1,0.45231068
2017,458,8451,0,0.088353984
2017,458,8452,1,0.19032197
2017,458,8453,1,0.5865616
2017,458,8454,0,0.2467676
2017,458,8455,0,0.14027305
2017,458,8456,1,0.35311255
2017,458,8457,0,0.3345584
2017,458,8458,0,0.18889396
2017,458,8459,0,0.18455522
2017,458,8460,0,0.1656539
2017,458,8461,1,0.3530909
2017,458,8462,0,0.11031996
2017,458,8463,1,0.1822846
2017,458,8464,1,0.5783625
2017,458,8465,0,0.19749767
2017,458,8466,0,0.12625803
2017,458,8467,0,0.08720633
2017,458,8468,0,0.28432623
2017,458,8470,0,0.14240798
2017,458,8472,1,0.17218255
2017,458,8473,0,0.07938653
2017,458,8474,0,0.16459209
2017,458,8475,0,0.17425479
2017,458,8476,0,0.2478504
2017,458,8477,0,0.07753018
2017,458,8478,1,0.45915994
2017,458,8479,0,0.07309696
2017,458,8480,0,0.105619244
2017,458,8481,0,0.07304163
2017,458,8482,0,0.048352096
2017,458,8484,0,0.0663893
2017,458,8485,0,0.48368472
2017,124,8401,0,0.53552073
2017,124,8402,1,0.7116006
2017,124,8403,0,0.16634254
2017,124,8404,0,0.27127206
2017,124,8405,1,0.7488208
2017,124,8406,1,0.44696602
2017,124,8407,0,0.0567667
2017,124,8408,0,0.15380257
2017,124,8409,0,0.06629871
2017,124,8410,0,0.19057615
2017,124,8411,0,0.06797209
2017,124,8412,0,0.09610936
2017,124,8413,0,0.073192455
2017,124,8414,0,0.098574944
2017,124,8415,0,0.10631932
2017,124,8416,0,0.17418638
2017,124,8417,0,0.15703478
2017,124,8418,0,0.13640635
2017,124,8419,0,0.12995571
2017,124,8420,1,0.53364784
2017,124,8421,0,0.10659083
2017,124,8422,0,0.15925881
2017,124,8423,0,0.14629157
2017,124,8424,0,0.094342515
2017,124,8425,0,0.15510324
2017,124,8426,0,0.28331745
2017,124,8427,0,0.12055796
2017,124,8428,0,0.16406628
2017,124,8429,0,0.15363385
2017,124,8430,0,0.16567634
2017,124,8431,0,0.02560819
2017,124,8432,0,0.08109446
2017,124,8433,0,0.088351406
2017,124,8434,0,0.5113806
2017,124,8436,0,0.053301424
2017,124,8437,0,0.18877497
2017,124,8438,0,0.12234318
2017,124,8439,0,0.14824006
2017,124,8440,0,0.20529065
2017,124,8441,0,0.15224145
2017,124,8442,1,0.17704338
2017,124,8443,0,0.07130643
2017,124,8445,0,0.30040997
2017,124,8448,0,0.22839864
2017,124,8451,0,0.22989552
2017,124,8452,0,0.24508825
2017,124,8454,0,0.14085603
2017,124,8455,0,0.4658264
2017,124,8456,0,0.21663636
2017,124,8457,0,0.28245762
2017,124,8458,0,0.19450806
2017,124,8459,1,0.21758169
2017,124,8460,0,0.20873848
2017,124,8461,0,0.14284623
2017,124,8462,1,0.28844768
2017,124,8463,1,0.5910584
2017,124,8464,1,0.09315323
2017,124,8465,0,0.111870445
2017,124,8466,0,0.04816242
2017,124,8467,0,0.103030264
2017,124,8468,0,0.1739821
2017,124,8470,0,0.25800624
2017,124,8471,0,0.039715268
2017,124,8472,0,0.12547997
2017,124,8473,0,0.09070964
2017,124,8474,0,0.15005384
2017,124,8475,0,0.588504
2017,124,8476,0,0.2829442
2017,124,8477,0,0.08948383
2017,124,8478,1,0.5383921
2017,124,8479,0,0.043422963
2017,124,8480,0,0.09198195
2017,124,8481,0,0.096579306
2017,124,8482,0,0.06597413
2017,124,8483,0,0.081024155
2017,124,8484,0,0.1280135
2017,124,8485,0,0.10886301
2017,484,8402,0,0.38985947
2017,484,8403,0,0.25755176
2017,484,8404,0,0.30295846
2017,484,8406,0,0.24358003
2017,484,8407,0,0.066289544
2017,484,8408,0,0.086130045
2017,484,8409,0,0.065461285
2017,484,8411,0,0.0806504
2017,484,8412,0,0.109878704
2017,484,8413,0,0.06602558
2017,484,8414,0,0.09465183
2017,484,8415,0,0.111924276
2017,484,8416,0,0.25701964
2017,484,8417,0,0.20243415
2017,484,8418,0,0.10461019
2017,484,8419,0,0.11441343
2017,484,8420,0,0.4386402
2017,484,8421,0,0.12480476
2017,484,8422,0,0.13162352
2017,484,8423,0,0.12145356
2017,484,8424,0,0.08222987
2017,484,8425,0,0.133776
2017,484,8426,0,0.30386463
2017,484,8427,0,0.37686163
2017,484,8428,0,0.12571044
2017,484,8429,0,0.25488883
2017,484,8430,0,0.16173597
2017,484,8431,0,0.041788876
2017,484,8432,0,0.1556078
2017,484,8433,0,0.068902194
2017,484,8434,0,0.28132293
2017,484,8436,0,0.16115382
2017,484,8437,1,0.19074021
2017,484,8438,1,0.13365375
2017,484,8439,0,0.15937123
2017,484,8441,1,0.25094265
2017,484,8442,0,0.35688058
2017,484,8443,0,0.073382705
2017,484,8450,0,0.07611606
2017,484,8451,0,0.15534462
2017,484,8453,0,0.2430437
2017,484,8455,1,0.7188724
2017,484,8456,0,0.14850433
2017,484,8457,1,0.5608899
2017,484,8458,0,0.1959963
2017,484,8459,0,0.37057322
2017,484,8460,1,0.39423427
2017,484,8461,0,0.52200747
2017,484,8462,0,0.16459036
2017,484,8463,1,0.49410346
2017,484,8465,0,0.11647004
2017,484,8466,0,0.08525722
2017,484,8467,0,0.0827794
2017,484,8468,0,0.16575606
2017,484,8470,0,0.3926036
2017,484,8471,0,0.0642907
2017,484,8472,0,0.21464662
2017,484,8473,0,0.19486345
2017,484,8475,0,0.21376333
2017,484,8476,0,0.1952361
2017,484,8477,0,0.099877946
2017,484,8479,0,0.054769333
2017,484,8480,0,0.15367395
2017,484,8481,0,0.07632626
2017,484,8482,0,0.06814832
2017,484,8483,0,0.0732613
2017,484,8484,0,0.13154216
2017,484,8485,0,0.07267213
2017,757,8402,0,0.19540294
2017,757,8403,0,0.17120111
2017,757,8404,0,0.56100434
2017,757,8406,0,0.1665117
2017,757,8407,1,0.38265294
2017,757,8408,0,0.14297478
2017,757,8409,0,0.072376594
2017,757,8411,1,0.04698253
2017,757,8412,0,0.104424804
2017,757,8413,0,0.073081665
2017,757,8414,0,0.076190755
2017,757,8415,0,0.11554984
2017,757,8416,0,0.15421106
2017,757,8417,0,0.15333648
2017,757,8418,0,0.13717088
2017,757,8419,0,0.144436
2017,757,8420,0,0.38208985
2017,757,8421,0,0.06545128
2017,757,8422,0,0.13695455
2017,757,8423,1,0.12564819
2017,757,8424,0,0.056851383
2017,757,8425,0,0.21070315
2017,757,8426,0,0.24657889
2017,757,8427,0,0.1176154
2017,757,8428,0,0.08577411
2017,757,8429,0,0.12301803
2017,757,8430,0,0.1749297
2017,757,8431,0,0.03909252
2017,757,8432,0,0.12346253
2017,757,8433,0,0.12761204
2017,757,8434,0,0.26809815
2017,757,8435,0,0.16904339
2017,757,8436,0,0.16297553
2017,757,8437,0,0.09031468
2017,757,8438,0,0.071177505
2017,757,8439,0,0.14601734
2017,757,8440,0,0.1284669
2017,757,8441,0,0.11335513
2017,757,8442,0,0.18273465
2017,757,8443,0,0.059268087
2017,757,8445,0,0.2687704
2017,757,8446,0,0.13437149
2017,757,8447,1,0.35128427
2017,757,8448,0,0.04398452
2017,757,8449,0,0.5569039
2017,757,8450,0,0.1861142
2017,757,8451,0,0.06748725
2017,757,8452,0,0.08265657
2017,757,8453,0,0.123059675
2017,757,8454,0,0.28656214
2017,757,8455,0,0.22940895
2017,757,8456,0,0.113660224
2017,757,8457,0,0.10868109
2017,757,8458,0,0.10207227
2017,757,8459,0,0.18268058
2017,757,8460,0,0.097803496
2017,757,8461,0,0.16524547
2017,757,8462,0,0.11493505
2017,757,8463,0,0.15344915
2017,757,8464,0,0.09926307
2017,757,8465,0,0.103290334
2017,757,8466,0,0.03464221
2017,757,8467,0,0.10995983
2017,757,8468,1,0.2846012
2017,757,8470,0,0.21894683
2017,757,8471,0,0.04078154
2017,757,8472,1,0.10112852
2017,757,8473,0,0.11079162
2017,757,8474,1,0.16880551
2017,757,8475,0,0.45677444
2017,757,8476,0,0.1211402
2017,757,8477,0,0.07650942
2017,757,8478,0,0.1131214
2017,757,8479,0,0.03446593
2017,757,8480,0,0.09786463
2017,757,8481,0,0.073377185
2017,757,8482,0,0.08010017
2017,757,8483,0,0.076637864
2017,757,8484,0,0.08989805
2017,757,8485,0,0.08882772
2017,764,8402,1,0.2826264
2017,764,8403,1,0.6063129
2017,764,8405,0,0.6576847
2017,764,8406,0,0.40295592
2017,764,8407,0,0.083018884
2017,764,8408,0,0.28938705
2017,764,8409,0,0.030898793
2017,764,8411,0,0.21367897
2017,764,8412,0,0.15903594
2017,764,8413,0,0.04031468
2017,764,8414,0,0.034036826
2017,764,8415,0,0.024076018
2017,764,8418,0,0.04379378
2017,764,8419,0,0.108535364
2017,764,8420,0,0.22211005
2017,764,8421,0,0.06039322
2017,764,8422,0,0.08876476
2017,764,8423,0,0.14166059
2017,764,8425,0,0.12162302
2017,764,8426,0,0.168912
2017,764,8428,0,0.079385385
2017,764,8429,0,0.19147874
2017,764,8431,0,0.04616506
2017,764,8434,1,0.17976367
2017,764,8437,0,0.17027107
2017,764,8438,0,0.13845226
2017,764,8439,0,0.18930203
2017,764,8440,0,0.28039038
2017,764,8441,1,0.3955389
2017,764,8442,0,0.21001275
2017,764,8443,0,0.07418166
2017,764,8445,0,0.24257152
2017,764,8447,0,0.24900152
2017,764,8448,1,0.15807182
2017,764,8450,0,0.072170615
2017,764,8451,0,0.07697449
2017,764,8452,0,0.09496245
2017,764,8453,0,0.14843889
2017,764,8454,1,0.30184168
2017,764,8455,1,0.48260814
2017,764,8456,0,0.2284988
2017,764,8457,0,0.2422293
2017,764,8458,0,0.14261669
2017,764,8459,0,0.15267234
2017,764,8460,0,0.18785945
2017,764,8461,1,0.3387455
2017,764,8462,0,0.1697212
2017,764,8463,0,0.28478643
2017,764,8464,0,0.37451223
2017,764,8466,0,0.108115256
2017,764,8467,0,0.100867204
2017,764,8468,1,0.36676243
2017,764,8470,0,0.115588896
2017,764,8471,0,0.08678092
2017,764,8472,1,0.17658727
2017,764,8473,0,0.111730024
2017,764,8475,0,0.2684708
2017,764,8476,0,0.3024131
2017,764,8477,0,0.071315534
2017,764,8479,0,0.048708696
2017,764,8480,0,0.09403934
2017,764,8481,0,0.03201776
2017,764,8482,0,0.037406106
2017,764,8483,0,0.0298741
2017,764,8484,0,0.042075645
2017,764,8485,0,0.063332886
2017,752,8401,0,0.6061091
2017,752,8402,1,0.48100606
2017,752,8403,1,0.24798627
2017,752,8404,0,0.14889076
2017,752,8405,0,0.20211752
2017,752,8406,0,0.63360584
2017,752,8407,0,0.1530157
2017,752,8408,0,0.14633776
2017,752,8409,0,0.10154757
2017,752,8410,0,0.19849214
2017,752,8412,0,0.033258047
2017,752,8413,0,0.06271952
2017,752,8414,0,0.06704881
2017,752,8415,0,0.08723398
2017,752,8416,0,0.14917977
2017,752,8417,0,0.28407112
2017,752,8418,0,0.08919359
2017,752,8419,0,0.11020628
2017,752,8420,0,0.18932892
2017,752,8421,0,0.06925002
2017,752,8422,0,0.05329831
2017,752,8423,0,0.12660034
2017,752,8424,0,0.041712333
2017,752,8425,0,0.113659084
2017,752,8426,0,0.11786197
2017,752,8427,0,0.0423089
2017,752,8428,0,0.09977025
2017,752,8429,0,0.049463008
2017,752,8430,0,0.12163944
2017,752,8431,0,0.024816334
2017,752,8432,0,0.06472293
2017,752,8433,0,0.113902435
2017,752,8434,0,0.06442111
2017,752,8436,0,0.13361086
2017,752,8437,0,0.27848208
2017,752,8438,0,0.071672715
2017,752,8439,0,0.18795425
2017,752,8440,0,0.12873638
2017,752,8441,0,0.13599445
2017,752,8442,0,0.21842435
2017,752,8443,0,0.098553486
2017,752,8447,0,0.80323833
2017,752,8448,0,0.18357916
2017,752,8449,0,0.72751886
2017,752,8450,0,0.10600619
2017,752,8451,0,0.167754
2017,752,8452,0,0.30011618
2017,752,8453,1,0.62516844
2017,752,8454,0,0.25845498
2017,752,8455,0,0.15916517
2017,752,8456,1,0.11456268
2017,752,8458,0,0.14711118
2017,752,8459,0,0.30118063
2017,752,8460,0,0.12973379
2017,752,8461,1,0.6426886
2017,752,8462,0,0.14165957
2017,752,8463,0,0.19272383
2017,752,8464,0,0.09993538
2017,752,8465,0,0.22572152
2017,752,8466,0,0.040791396
2017,752,8467,0,0.090897165
2017,752,8468,0,0.19119002
2017,752,8470,0,0.18532245
2017,752,8471,0,0.051642664
2017,752,8472,1,0.10360579
2017,752,8473,0,0.17905438
2017,752,8474,0,0.098449916
2017,752,8475,0,0.26023126
2017,752,8476,0,0.34251833
2017,752,8477,0,0.085197516
2017,752,8478,0,0.28837714
2017,752,8479,0,0.04240655
2017,752,8480,0,0.124468654
2017,752,8481,0,0.062370315
2017,752,8482,0,0.031214705
2017,752,8483,0,0.060280677
2017,752,8484,0,0.055118263
2017,752,8485,1,0.06465353
2017,372,8403,0,0.19339646
2017,372,8406,0,0.51446325
2017,372,8407,1,0.18144135
2017,372,8409,0,0.11468921
2017,372,8411,0,0.16413902
2017,372,8412,0,0.23101051
2017,372,8413,0,0.11741849
2017,372,8414,0,0.077144004
2017,372,8415,0,0.14242618
2017,372,8418,0,0.13559557
2017,372,8419,1,0.48769808
2017,372,8421,0,0.18713248
2017,372,8422,0,0.1345418
2017,372,8423,0,0.4825825
2017,372,8424,0,0.13912581
2017,372,8425,0,0.24438836
2017,372,8427,0,0.14396189
2017,372,8428,0,0.15443604
2017,372,8429,0,0.18648338
2017,372,8430,0,0.4029499
2017,372,8432,0,0.14191833
2017,372,8433,0,0.09323892
2017,372,8434,0,0.20986043
2017,372,8436,0,0.35546026
2017,372,8437,0,0.40742427
2017,372,8438,0,0.35308123
2017,372,8441,0,0.1796727
2017,372,8442,1,0.7831783
2017,372,8443,0,0.10174544
2017,372,8448,0,0.18302183
2017,372,8450,0,0.39680174
2017,372,8451,0,0.20660485
2017,372,8456,1,0.6869833
2017,372,8457,1,0.7328736
2017,372,8459,1,0.6341333
2017,372,8460,1,0.4382333
2017,372,8461,1,0.54686725
2017,372,8462,0,0.24939825
2017,372,8463,0,0.48880994
2017,372,8465,0,0.29543212
2017,372,8466,0,0.118381426
2017,372,8467,0,0.15608062
2017,372,8468,0,0.18876122
2017,372,8470,0,0.6275457
2017,372,8471,0,0.04416206
2017,372,8472,0,0.32650292
2017,372,8473,0,0.07907907
2017,372,8474,0,0.21002932
2017,372,8475,1,0.41823524
2017,372,8477,0,0.10365806
2017,372,8478,1,0.6953517
2017,372,8479,0,0.106065035
2017,372,8480,0,0.22494808
2017,372,8481,1,0.12442272
2017,372,8484,0,0.13852751
2017,372,8485,0,0.15960336
2017,40,8401,0,0.20443198
2017,40,8402,0,0.15918857
2017,40,8403,0,0.11327093
2017,40,8404,1,0.3545513
2017,40,8405,0,0.22147389
2017,40,8406,0,0.21915504
2017,40,8407,0,0.09904907
2017,40,8408,0,0.11737998
2017,40,8409,0,0.07182067
2017,40,8411,0,0.07925579
2017,40,8412,0,0.103454724
2017,40,8413,0,0.068274535
2017,40,8414,0,0.05285676
2017,40,8415,0,0.14211786
2017,40,8416,0,0.2082812
2017,40,8417,0,0.1401789
2017,40,8418,0,0.119133174
2017,40,8419,0,0.14493404
2017,40,8420,1,0.246205
2017,40,8421,0,0.10456895
2017,40,8422,0,0.1634946
2017,40,8423,0,0.099476606
2017,40,8424,0,0.043471713
2017,40,8425,0,0.17209488
2017,40,8426,0,0.1201876
2017,40,8427,0,0.1278052
2017,40,8428,0,0.14958903
2017,40,8429,0,0.084673904
2017,40,8430,0,0.12011052
2017,40,8431,0,0.034099218
2017,40,8432,0,0.085181795
2017,40,8433,0,0.09388395
2017,40,8434,0,0.12543137
2017,40,8435,0,0.21613258
2017,40,8436,0,0.19040708
2017,40,8437,0,0.1122408
2017,40,8438,0,0.053843074
2017,40,8439,0,0.2200094
2017,40,8440,0,0.16418931
2017,40,8441,1,0.59338015
2017,40,8442,0,0.1704049
2017,40,8443,0,0.06750667
2017,40,8444,0,0.25671577
2017,40,8445,0,0.14846073
2017,40,8446,0,0.35655692
2017,40,8448,0,0.13547637
2017,40,8449,0,0.26591343
2017,40,8450,0,0.25795275
2017,40,8451,0,0.088492796
2017,40,8452,1,0.43386883
2017,40,8453,1,0.21150209
2017,40,8454,1,0.14658062
2017,40,8455,0,0.17814746
2017,40,8456,0,0.12098106
2017,40,8457,0,0.20913704
2017,40,8458,0,0.22208972
2017,40,8459,0,0.22222373
2017,40,8460,0,0.10802254
2017,40,8461,0,0.13462387
2017,40,8462,0,0.11205234
2017,40,8463,0,0.27697334
2017,40,8464,0,0.15219817
2017,40,8465,0,0.09549237
2017,40,8466,0,0.057190057
2017,40,8467,0,0.13225938
2017,40,8468,0,0.14523734
2017,40,8470,0,0.3446121
2017,40,8471,0,0.04329239
2017,40,8472,0,0.117706686
2017,40,8473,0,0.0760279
2017,40,8474,0,0.14057502
2017,40,8475,0,0.28935224
2017,40,8476,1,0.18196264
2017,40,8477,0,0.051565852
2017,40,8478,0,0.38404623
2017,40,8479,0,0.029273054
2017,40,8480,0,0.08105978
2017,40,8481,0,0.07292201
2017,40,8482,0,0.08401787
2017,40,8483,0,0.0820881
2017,40,8484,0,0.088433966
2017,40,8485,0,0.08901189
2017,724,8401,0,0.26851237
2017,724,8402,0,0.18619806
2017,724,8403,0,0.1760777
2017,724,8404,0,0.2283533
2017,724,8405,0,0.21661699
2017,724,8407,0,0.07143095
2017,724,8408,0,0.12707724
2017,724,8409,0,0.058970172
2017,724,8410,0,0.16218075
2017,724,8411,0,0.075674176
2017,724,8412,0,0.15346327
2017,724,8413,0,0.045480028
2017,724,8414,0,0.049830806
2017,724,8415,0,0.08641685
2017,724,8416,0,0.15794758
2017,724,8417,0,0.12661436
2017,724,8418,0,0.106312595
2017,724,8419,0,0.15625288
2017,724,8420,0,0.091055185
2017,724,8421,0,0.06869414
2017,724,8422,0,0.03268915
2017,724,8423,0,0.085639864
2017,724,8424,0,0.061009236
2017,724,8425,0,0.07565409
2017,724,8426,0,0.12076244
2017,724,8427,0,0.066177055
2017,724,8428,0,0.09953341
2017,724,8430,0,0.14516723
2017,724,8431,0,0.024705525
2017,724,8432,0,0.07061411
2017,724,8433,0,0.10851936
2017,724,8434,0,0.09969263
2017,724,8435,0,0.16309984
2017,724,8436,0,0.070383996
2017,724,8437,0,0.10532248
2017,724,8438,0,0.05914688
2017,724,8439,0,0.2772514
2017,724,8440,1,0.36568472
2017,724,8441,0,0.097821526
2017,724,8442,0,0.27525923
2017,724,8443,0,0.039149735
2017,724,8444,0,0.37580672
2017,724,8445,0,0.10976063
2017,724,8446,0,0.38837436
2017,724,8447,0,0.12154379
2017,724,8448,0,0.07289573
2017,724,8449,0,0.60787505
2017,724,8450,0,0.15694949
2017,724,8451,0,0.05746278
2017,724,8452,0,0.1626689
2017,724,8453,0,0.111039974
2017,724,8454,0,0.3010657
2017,724,8455,0,0.30081505
2017,724,8456,0,0.15966433
2017,724,8457,0,0.13198845
2017,724,8458,0,0.076436006
2017,724,8459,0,0.19093235
2017,724,8460,0,0.10213783
2017,724,8461,0,0.09451138
2017,724,8462,0,0.068017624
2017,724,8463,0,0.15479065
2017,724,8464,0,0.05702828
2017,724,8465,0,0.061200432
2017,724,8466,0,0.030162662
2017,724,8467,0,0.15247439
2017,724,8468,0,0.14553925
2017,724,8470,0,0.2632043
2017,724,8471,0,0.04817881
2017,724,8472,0,0.075946525
2017,724,8473,0,0.08463236
2017,724,8474,0,0.101803616
2017,724,8475,0,0.46945673
2017,724,8476,0,0.18658686
2017,724,8477,0,0.06875747
2017,724,8478,1,0.39264378
2017,724,8479,0,0.020438995
2017,724,8480,0,0.07019821
2017,724,8481,0,0.053777788
2017,724,8482,0,0.06485692
2017,724,8483,0,0.077383794
2017,724,8484,0,0.0782606
2018,842,8401,0,0.2523349
2018,842,8402,0,0.14471157
2018,842,8403,0,0.066043705
2018,842,8404,1,0.23899776
2018,842,8405,0,0.20965669
2018,842,8406,0,0.11360429
2018,842,8407,0,0.10752041
2018,842,8408,0,0.40355492
2018,842,8409,0,0.08756283
2018,842,8410,1,0.23525716
2018,842,8411,0,0.08688011
2018,842,8412,0,0.039790716
2018,842,8413,0,0.13298038
2018,842,8414,0,0.13244402
2018,842,8415,0,0.12517792
2018,842,8416,0,0.15213683
2018,842,8417,0,0.13642302
2018,842,8418,0,0.13797997
2018,842,8419,0,0.15112227
2018,842,8420,1,0.10394204
2018,842,8421,0,0.07672674
2018,842,8422,0,0.06411765
2018,842,8423,0,0.15356214
2018,842,8424,0,0.089028366
2018,842,8425,0,0.13791737
2018,842,8426,0,0.092487104
2018,842,8427,0,0.060902514
2018,842,8428,0,0.15344653
2018,842,8429,0,0.0424621
2018,842,8430,0,0.0766979
2018,842,8431,0,0.04505415
2018,842,8432,0,0.2066473
2018,842,8433,0,0.06732769
2018,842,8434,0,0.1322704
2018,842,8435,1,0.26523912
2018,842,8436,0,0.06814813
2018,842,8437,0,0.35708186
2018,842,8438,0,0.064565726
2018,842,8439,0,0.14331971
2018,842,8440,0,0.114769585
2018,842,8441,0,0.07947398
2018,842,8442,0,0.26785842
2018,842,8443,0,0.028917523
2018,842,8444,0,0.17097184
2018,842,8445,0,0.11916143
2018,842,8446,0,0.27289128
2018,842,8449,0,0.21273477
2018,842,8450,0,0.15938403
2018,842,8451,0,0.09916148
2018,842,8453,0,0.12005305
2018,842,8454,0,0.10180815
2018,842,8455,0,0.11896725
2018,842,8456,1,0.06787545
2018,842,8457,0,0.14545767
2018,842,8458,0,0.08555206
2018,842,8459,0,0.13801713
2018,842,8460,0,0.06114135
2018,842,8461,1,0.064568244
2018,842,8462,0,0.05854248
2018,842,8463,0,0.083674684
2018,842,8464,0,0.07979568
2018,842,8465,0,0.090353645
2018,842,8466,0,0.021699738
2018,842,8467,0,0.14492701
2018,842,8468,0,0.10386893
2018,842,8470,0,0.2401671
2018,842,8471,0,0.024108816
2018,842,8472,0,0.062662974
2018,842,8473,0,0.06232506
2018,842,8474,0,0.11738497
2018,842,8475,0,0.16095242
2018,842,8476,0,0.14203839
2018,842,8477,0,0.060305286
2018,842,8478,0,0.24617448
2018,842,8479,0,0.053323504
2018,842,8480,0,0.17686193
2018,842,8481,0,0.07809787
2018,842,8482,0,0.0722504
2018,842,8483,0,0.059307043
2018,842,8484,0,0.077716544
2018,842,8485,0,0.060119946
2018,276,8401,1,0.4795252
2018,276,8402,1,0.12834862
2018,276,8403,0,0.059297368
2018,276,8404,0,0.10261245
2018,276,8405,0,0.21927711
2018,276,8406,0,0.13189058
2018,276,8407,0,0.07964461
2018,276,8408,0,0.106719
2018,276,8409,0,0.07084724
2018,276,8411,0,0.06972233
2018,276,8412,0,0.049790062
2018,276,8413,0,0.10307753
2018,276,8414,0,0.09419391
2018,276,8415,0,0.08368033
2018,276,8416,0,0.073987156
2018,276,8417,0,0.06924969
2018,276,8418,0,0.10277261
2018,276,8419,0,0.09303821
2018,276,8420,0,0.07891828
2018,276,8421,0,0.064203024
2018,276,8422,0,0.07144417
2018,276,8423,0,0.117012195
2018,276,8424,0,0.0641183
2018,276,8425,0,0.06981002
2018,276,8426,0,0.03379111
2018,276,8427,0,0.06934668
2018,276,8428,0,0.05513683
2018,276,8429,0,0.032249972
2018,276,8430,0,0.037348982
2018,276,8431,0,0.023946181
2018,276,8432,0,0.05223441
2018,276,8433,0,0.047713224
2018,276,8434,0,0.053279363
2018,276,8435,0,0.1262518
2018,276,8436,0,0.04240383
2018,276,8437,0,0.07969384
2018,276,8438,0,0.04135985
2018,276,8439,0,0.11608317
2018,276,8440,0,0.053055234
2018,276,8441,0,0.083755285
2018,276,8442,0,0.13387239
2018,276,8443,0,0.042585976
2018,276,8444,0,0.53929365
2018,276,8445,1,0.40362036
2018,276,8446,1,0.27219206
2018,276,8447,1,0.57812035
2018,276,8448,1,0.05383151
2018,276,8449,0,0.2529869
2018,276,8450,0,0.1604719
2018,276,8451,0,0.057156287
2018,276,8452,0,0.053065635
2018,276,8453,1,0.10972499
2018,276,8454,0,0.09821521
2018,276,8455,0,0.10437375
2018,276,8456,0,0.0688706
2018,276,8457,0,0.11948263
2018,276,8458,0,0.06648965
2018,276,8459,0,0.052482653
2018,276,8460,0,0.04084222
2018,276,8461,0,0.06556407
2018,276,8462,0,0.035805542
2018,276,8463,0,0.08635546
2018,276,8464,0,0.043244865
2018,276,8465,0,0.053701878
2018,276,8466,0,0.02188558
2018,276,8467,0,0.12902325
2018,276,8468,0,0.12372459
2018,276,8470,0,0.2002537
2018,276,8471,0,0.03461351
2018,276,8472,0,0.03182368
2018,276,8473,0,0.08293051
2018,276,8474,0,0.06851537
2018,276,8475,0,0.093063034
2018,276,8476,0,0.1275345
2018,276,8477,0,0.059133563
2018,276,8478,1,0.08059427
2018,276,8479,0,0.049714327
2018,276,8480,0,0.07095567
2018,276,8481,0,0.07478619
2018,276,8482,0,0.048369322
2018,276,8483,0,0.039977502
2018,276,8484,0,0.07027562
2018,276,8485,0,0.057068255
2018,392,8401,0,0.37109223
2018,392,8402,1,0.26830187
2018,392,8403,0,0.20964152
2018,392,8404,1,0.2168813
2018,392,8406,1,0.10987341
2018,392,8407,0,0.035394203
2018,392,8408,0,0.059635766
2018,392,8409,0,0.038227323
2018,392,8411,0,0.09140024
2018,392,8412,0,0.037778083
2018,392,8413,0,0.06661433
2018,392,8414,0,0.07254082
2018,392,8415,0,0.07369518
2018,392,8416,0,0.14705706
2018,392,8417,0,0.19294402
2018,392,8418,0,0.09664854
2018,392,8419,0,0.062035184
2018,392,8420,1,0.21199483
2018,392,8421,0,0.044264607
2018,392,8422,0,0.050424688
2018,392,8423,0,0.19907846
2018,392,8424,0,0.05451441
2018,392,8425,0,0.0960502
2018,392,8426,0,0.051549003
2018,392,8427,0,0.023832338
2018,392,8428,0,0.07936622
2018,392,8429,0,0.033236604
2018,392,8430,0,0.07940353
2018,392,8431,0,0.032109663
2018,392,8432,0,0.099371396
2018,392,8433,0,0.09417772
2018,392,8434,0,0.124452144
2018,392,8435,0,0.35870278
2018,392,8437,1,0.28349316
2018,392,8438,0,0.05206221
2018,392,8439,0,0.13814399
2018,392,8440,0,0.116189495
2018,392,8441,0,0.07455143
2018,392,8442,0,0.22898942
2018,392,8443,0,0.042899445
2018,392,8444,0,0.25762376
2018,392,8445,1,0.23283863
2018,392,8446,0,0.24372078
2018,392,8447,1,0.35755715
2018,392,8448,0,0.083934136
2018,392,8449,0,0.17258959
2018,392,8450,0,0.19080551
2018,392,8451,0,0.10048454
2018,392,8452,0,0.06989524
2018,392,8453,1,0.11690955
2018,392,8454,0,0.11283919
2018,392,8455,0,0.15148404
2018,392,8456,1,0.1364651
2018,392,8457,1,0.117446266
2018,392,8458,0,0.101237364
2018,392,8459,0,0.06703736
2018,392,8460,0,0.08338069
2018,392,8461,0,0.10620043
2018,392,8462,0,0.0720867
2018,392,8463,0,0.11890034
2018,392,8464,1,0.15561832
2018,392,8465,0,0.07976211
2018,392,8466,0,0.04016863
2018,392,8467,0,0.14625321
2018,392,8468,0,0.29877347
2018,392,8470,1,0.426507
2018,392,8471,0,0.040626988
2018,392,8472,0,0.061826088
2018,392,8473,0,0.09568628
2018,392,8474,0,0.07592292
2018,392,8475,1,0.13828978
2018,392,8476,0,0.15157083
2018,392,8477,0,0.07525008
2018,392,8478,0,0.32521883
2018,392,8479,0,0.09280661
2018,392,8480,0,0.06876064
2018,392,8481,0,0.04230859
2018,392,8482,0,0.039196506
2018,392,8483,0,0.03905222
2018,392,8484,0,0.03124285
2018,392,8485,0,0.069008835
2018,156,8401,1,0.4575886
2018,156,8402,0,0.037850205
2018,156,8403,0,0.09121117
2018,156,8404,1,0.15139505
2018,156,8405,0,0.07742207
2018,156,8407,0,0.053673938
2018,156,8408,0,0.03656039
2018,156,8409,0,0.03973965
2018,156,8411,0,0.03646617
2018,156,8412,0,0.025248757
2018,156,8413,0,0.061458305
2018,156,8414,0,0.06815359
2018,156,8415,0,0.061377965
2018,156,8416,0,0.048605487
2018,156,8417,0,0.09472169
2018,156,8418,0,0.058516663
2018,156,8419,0,0.2563823
2018,156,8420,0,0.054432012
2018,156,8421,0,0.041124515
2018,156,8422,0,0.024714332
2018,156,8423,0,0.04044513
2018,156,8424,0,0.033987988
2018,156,8425,0,0.05479858
2018,156,8426,0,0.034418534
2018,156,8427,0,0.031238008
2018,156,8428,0,0.034709368
2018,156,8431,0,0.021480912
2018,156,8432,0,0.017465914
2018,156,8433,0,0.033573017
2018,156,8434,1,0.03143667
2018,156,8436,0,0.023485376
2018,156,8439,0,0.06177558
2018,156,8440,0,0.0653463
2018,156,8441,0,0.027951213
2018,156,8442,0,0.0569144
2018,156,8443,0,0.027327955
2018,156,8444,0,0.1168765
2018,156,8445,0,0.0956408
2018,156,8446,0,0.18483894
2018,156,8447,0,0.14067233
2018,156,8448,0,0.03507895
2018,156,8449,0,0.19815578
2018,156,8450,0,0.08528448
2018,156,8451,0,0.031695645
2018,156,8452,0,0.11879439
2018,156,8453,0,0.057883963
2018,156,8454,0,0.26997986
2018,156,8455,0,0.05544433
2018,156,8456,0,0.032391638
2018,156,8457,0,0.033075966
2018,156,8458,0,0.026411831
2018,156,8459,0,0.023967607
2018,156,8460,0,0.017859207
2018,156,8461,0,0.018038465
2018,156,8462,0,0.016738102
2018,156,8463,0,0.11671337
2018,156,8464,0,0.026903084
2018,156,8465,0,0.042012222
2018,156,8466,0,0.016902683
2018,156,8467,0,0.076003134
2018,156,8468,0,0.06054687
2018,156,8470,0,0.07319769
2018,156,8471,0,0.02836947
2018,156,8472,0,0.03280038
2018,156,8473,0,0.06687
2018,156,8475,0,0.06210289
2018,156,8476,0,0.07472587
2018,156,8477,0,0.05236242
2018,156,8478,0,0.084158756
2018,156,8479,0,0.041264847
2018,156,8480,0,0.034820028
2018,156,8481,0,0.062481765
2018,156,8482,0,0.034943193
2018,156,8483,0,0.037342593
2018,156,8484,0,0.032181058
2018,380,8401,0,0.30880573
2018,380,8402,1,0.14518777
2018,380,8403,0,0.060130894
2018,380,8404,0,0.1369538
2018,380,8405,0,0.14610499
2018,380,8406,1,0.6162643
2018,380,8407,0,0.40648538
2018,380,8408,1,0.25950202
2018,380,8409,0,0.08841075
2018,380,8411,0,0.122011885
2018,380,8412,0,0.06164404
2018,380,8413,0,0.0961871
2018,380,8414,0,0.09771988
2018,380,8415,0,0.12319146
2018,380,8416,0,0.0808146
2018,380,8417,0,0.38937956
2018,380,8418,0,0.10761498
2018,380,8419,0,0.13358973
2018,380,8420,0,0.15558265
2018,380,8421,0,0.0648286
2018,380,8422,0,0.07206666
2018,380,8423,0,0.12782302
2018,380,8424,0,0.08783309
2018,380,8425,0,0.11792761
2018,380,8426,0,0.055524413
2018,380,8427,0,0.055426795
2018,380,8428,0,0.08322135
2018,380,8429,0,0.034585245
2018,380,8430,0,0.05797244
2018,380,8431,0,0.028912306
2018,380,8432,0,0.05020912
2018,380,8433,0,0.059308544
2018,380,8434,0,0.082942955
2018,380,8435,0,0.09286774
2018,380,8436,0,0.047929905
2018,380,8438,0,0.08953571
2018,380,8439,1,0.115055345
2018,380,8440,1,0.17274702
2018,380,8441,0,0.18749894
2018,380,8442,0,0.25110507
2018,380,8443,0,0.027220916
2018,380,8444,0,0.23880583
2018,380,8445,0,0.24746963
2018,380,8446,1,0.29254586
2018,380,8447,0,0.6447761
2018,380,8448,1,0.06539321
2018,380,8449,0,0.30970916
2018,380,8450,0,0.17835212
2018,380,8451,0,0.16996866
2018,380,8453,1,0.056562446
2018,380,8454,0,0.123826176
2018,380,8455,0,0.07064288
2018,380,8456,0,0.054031916
2018,380,8457,0,0.072469234
2018,380,8458,0,0.09039963
2018,380,8459,0,0.09724167
2018,380,8460,0,0.059369177
2018,380,8461,0,0.061357945
2018,380,8462,0,0.04965636
2018,380,8463,0,0.06562805
2018,380,8464,0,0.05049462
2018,380,8465,0,0.058716398
2018,380,8466,0,0.032394446
2018,380,8467,0,0.15013039
2018,380,8468,0,0.15954806
2018,380,8470,0,0.23382509
2018,380,8471,0,0.038487706
2018,380,8472,0,0.14186032
2018,380,8473,0,0.08209998
2018,380,8474,0,0.40101057
2018,380,8475,0,0.44584626
2018,380,8476,0,0.10037213
2018,380,8477,0,0.06533863
2018,380,8478,0,0.10840554
2018,380,8479,0,0.044007163
2018,380,8480,1,0.0931024
2018,380,8481,0,0.056373812
2018,380,8482,0,0.08087214
2018,380,8483,0,0.09223791
2018,380,8484,0,0.07281247
2018,380,8485,0,0.06367635
2018,826,8401,1,0.71950555
2018,826,8402,0,0.08698614
2018,826,8403,0,0.21352234
2018,826,8404,0,0.123712905
2018,826,8405,0,0.21499443
2018,826,8406,0,0.18567434
2018,826,8408,0,0.67784923
2018,826,8409,0,0.06127123
2018,826,8410,1,0.45626673
2018,826,8411,0,0.069332264
2018,826,8412,0,0.07683088
2018,826,8413,0,0.1146947
2018,826,8414,0,0.10787015
2018,826,8415,0,0.108758114
2018,826,8416,0,0.122922614
2018,826,8418,0,0.15171671
2018,826,8419,0,0.112247996
2018,826,8420,1,0.1685517
2018,826,8421,0,0.098211005
2018,826,8422,0,0.074780665
2018,826,8423,0,0.12579162
2018,826,8424,0,0.07789754
2018,826,8425,0,0.1627836
2018,826,8426,0,0.06011181
2018,826,8427,0,0.07665793
2018,826,8428,0,0.09802926
2018,826,8429,0,0.024062319
2018,826,8430,0,0.039770853
2018,826,8431,0,0.030691998
2018,826,8432,0,0.04305228
2018,826,8433,0,0.12208075
2018,826,8434,0,0.14867347
2018,826,8435,1,0.44501096
2018,826,8436,0,0.10586845
2018,826,8437,0,0.0743691
2018,826,8438,0,0.04664424
2018,826,8439,0,0.13136305
2018,826,8440,0,0.1383567
2018,826,8441,1,0.12215108
2018,826,8442,0,0.20856301
2018,826,8443,1,0.056597188
2018,826,8444,1,0.3137327
2018,826,8445,1,0.16273004
2018,826,8446,1,0.8486559
2018,826,8447,0,0.67787427
2018,826,8448,0,0.08645099
2018,826,8449,1,0.59079856
2018,826,8450,0,0.19974373
2018,826,8451,0,0.13656798
2018,826,8452,0,0.0999971
2018,826,8453,0,0.13443494
2018,826,8454,0,0.1218742
2018,826,8455,0,0.18170603
2018,826,8456,0,0.10199064
2018,826,8457,1,0.23276225
2018,826,8458,0,0.13689488
2018,826,8459,0,0.13390581
2018,826,8460,0,0.073128484
2018,826,8461,0,0.105934806
2018,826,8462,0,0.06263199
2018,826,8463,0,0.11314124
2018,826,8464,0,0.1351882
2018,826,8465,1,0.14364415
2018,826,8466,0,0.062913544
2018,826,8467,0,0.10318555
2018,826,8468,0,0.18945147
2018,826,8470,0,0.41233355
2018,826,8471,0,0.036675893
2018,826,8472,0,0.18746598
2018,826,8473,0,0.07318831
2018,826,8474,0,0.08943229
2018,826,8475,0,0.08149266
2018,826,8476,0,0.13120902
2018,826,8477,0,0.040842347
2018,826,8478,0,0.09190376
2018,826,8479,0,0.06200155
2018,826,8480,0,0.10830628
2018,826,8481,0,0.08546823
2018,826,8482,0,0.07476653
2018,826,8483,0,0.071840696
2018,826,8484,0,0.053892422
2018,826,8485,0,0.068815045
2018,251,8401,1,0.25588548
2018,251,8403,0,0.081898965
2018,251,8404,0,0.302977
2018,251,8407,0,0.09666956
2018,251,8408,1,0.16548276
2018,251,8409,0,0.10342833
2018,251,8411,0,0.09469231
2018,251,8412,0,0.13167822
2018,251,8413,0,0.15874425
2018,251,8414,0,0.14094041
2018,251,8415,0,0.15279648
2018,251,8416,0,0.18347241
2018,251,8417,0,0.11660907
2018,251,8418,0,0.16461007
2018,251,8419,0,0.1596616
2018,251,8420,0,0.13577716
2018,251,8421,0,0.088122986
2018,251,8422,0,0.07410914
2018,251,8424,0,0.14621142
2018,251,8425,0,0.13503063
2018,251,8426,0,0.101540044
2018,251,8427,0,0.059678685
2018,251,8428,0,0.13469426
2018,251,8429,0,0.046637192
2018,251,8430,0,0.100932315
2018,251,8431,0,0.027521431
2018,251,8432,0,0.047996685
2018,251,8433,0,0.09333231
2018,251,8434,1,0.21634448
2018,251,8435,0,0.123177074
2018,251,8436,0,0.06536876
2018,251,8438,0,0.07397187
2018,251,8439,0,0.09960153
2018,251,8440,0,0.3789957
2018,251,8441,0,0.16129094
2018,251,8442,0,0.29390356
2018,251,8443,0,0.04476836
2018,251,8444,1,0.5317592
2018,251,8445,0,0.3935341
2018,251,8446,1,0.6297116
2018,251,8447,1,0.36311364
2018,251,8448,1,0.15327427
2018,251,8449,0,0.32567996
2018,251,8450,1,0.3200428
2018,251,8451,1,0.1792109
2018,251,8453,0,0.14930578
2018,251,8454,0,0.4229838
2018,251,8455,0,0.12954544
2018,251,8456,0,0.14093293
2018,251,8457,0,0.09557559
2018,251,8458,0,0.20458685
2018,251,8459,0,0.12147848
2018,251,8460,0,0.19100647
2018,251,8461,0,0.10918091
2018,251,8462,0,0.122320406
2018,251,8463,0,0.21194589
2018,251,8464,0,0.18694821
2018,251,8465,0,0.18258724
2018,251,8466,0,0.04326179
2018,251,8467,0,0.20947058
2018,251,8468,0,0.25978315
2018,251,8470,0,0.24212001
2018,251,8471,0,0.032033052
2018,251,8472,0,0.10100953
2018,251,8473,0,0.091654055
2018,251,8475,0,0.13524777
2018,251,8476,0,0.13898407
2018,251,8477,0,0.08716872
2018,251,8478,1,0.3630144
2018,251,8479,0,0.080442205
2018,251,8480,0,0.10154324
2018,251,8481,0,0.098999485
2018,251,8482,0,0.09477699
2018,251,8483,0,0.09774198
2018,251,8484,0,0.11322947
2018,251,8485,0,0.11827406
2018,490,8401,0,0.78873616
2018,490,8402,0,0.16205154
2018,490,8403,0,0.13755465
2018,490,8404,0,0.17507343
2018,490,8405,0,0.3540088
2018,490,8406,1,0.32317373
2018,490,8407,1,0.1667967
2018,490,8408,0,0.15617625
2018,490,8409,0,0.09707127
2018,490,8410,0,0.4781072
2018,490,8411,1,0.09602669
2018,490,8412,0,0.052456077
2018,490,8413,0,0.08886483
2018,490,8414,0,0.086345196
2018,490,8415,0,0.13111055
2018,490,8416,0,0.26405993
2018,490,8417,0,0.16609502
2018,490,8418,0,0.09383027
2018,490,8419,0,0.07962244
2018,490,8420,0,0.22396444
2018,490,8421,0,0.060488213
2018,490,8422,0,0.037216067
2018,490,8423,0,0.14063707
2018,490,8424,0,0.06059389
2018,490,8425,0,0.13557033
2018,490,8426,0,0.086400114
2018,490,8427,0,0.09709368
2018,490,8428,1,0.091434084
2018,490,8429,1,0.3003101
2018,490,8430,1,0.18827653
2018,490,8431,0,0.046501778
2018,490,8432,0,0.13202234
2018,490,8433,0,0.10737939
2018,490,8434,0,0.22638807
2018,490,8435,0,0.15436737
2018,490,8436,0,0.06641387
2018,490,8437,1,0.111756675
2018,490,8438,0,0.04588004
2018,490,8439,0,0.08173993
2018,490,8440,0,0.17923157
2018,490,8441,0,0.069211885
2018,490,8442,1,0.20360078
2018,490,8443,0,0.04454105
2018,490,8444,1,0.20884669
2018,490,8445,0,0.1400294
2018,490,8446,1,0.3604395
2018,490,8447,1,0.17158571
2018,490,8448,0,0.09413008
2018,490,8449,0,0.2623379
2018,490,8450,0,0.2650847
2018,490,8451,1,0.097145796
2018,490,8452,0,0.06993162
2018,490,8453,0,0.113019444
2018,490,8454,0,0.1674573
2018,490,8455,0,0.08826672
2018,490,8456,0,0.14763772
2018,490,8457,1,0.09726755
2018,490,8458,0,0.09015585
2018,490,8459,1,0.1456432
2018,490,8460,0,0.08331728
2018,490,8461,0,0.07229263
2018,490,8462,0,0.07288705
2018,490,8463,1,0.07277892
2018,490,8464,1,0.2785922
2018,490,8465,0,0.062204544
2018,490,8466,1,0.03507669
2018,490,8467,0,0.19476256
2018,490,8468,0,0.27792624
2018,490,8470,1,0.2697912
2018,490,8471,0,0.055210207
2018,490,8472,1,0.08470194
2018,490,8473,0,0.10071842
2018,490,8474,0,0.08334445
2018,490,8475,0,0.31071764
2018,490,8476,0,0.11128817
2018,490,8477,0,0.049309395
2018,490,8478,0,0.28219637
2018,490,8479,0,0.12702318
2018,490,8480,0,0.0684986
2018,490,8481,0,0.07588282
2018,490,8482,0,0.06354333
2018,490,8483,0,0.056777976
2018,490,8484,0,0.0707976
2018,490,8485,0,0.0504165
2018,702,8402,1,0.23599935
2018,702,8405,0,0.64859194
2018,702,8406,1,0.5389369
2018,702,8407,0,0.20291786
2018,702,8408,1,0.34632352
2018,702,8409,0,0.033852924
2018,702,8411,0,0.13532585
2018,702,8412,0,0.04504989
2018,702,8413,0,0.052210774
2018,702,8414,0,0.061185524
2018,702,8416,0,0.36514187
2018,702,8418,0,0.117074974
2018,702,8419,0,0.11326609
2018,702,8420,0,0.22162567
2018,702,8421,0,0.041024253
2018,702,8422,0,0.05532965
2018,702,8423,1,0.18601398
2018,702,8424,0,0.0667314
2018,702,8425,0,0.13564484
2018,702,8427,0,0.15306701
2018,702,8428,0,0.095646076
2018,702,8430,1,0.31869277
2018,702,8431,0,0.041972302
2018,702,8432,0,0.21147884
2018,702,8433,1,0.43003464
2018,702,8434,1,0.4057136
2018,702,8435,1,0.42985773
2018,702,8436,0,0.105981104
2018,702,8437,0,0.15702718
2018,702,8438,0,0.11831183
2018,702,8439,0,0.20353459
2018,702,8440,1,0.620698
2018,702,8441,0,0.094378516
2018,702,8442,1,0.49448758
2018,702,8443,0,0.055452414
2018,702,8445,1,0.31251857
2018,702,8446,1,0.71802586
2018,702,8448,0,0.18704686
2018,702,8449,1,0.55210507
2018,702,8451,0,0.20660733
2018,702,8452,0,0.18535452
2018,702,8453,0,0.2318915
2018,702,8454,1,0.65666443
2018,702,8455,0,0.1443747
2018,702,8456,1,0.14366177
2018,702,8457,0,0.23855557
2018,702,8458,0,0.20587415
2018,702,8459,0,0.12839071
2018,702,8460,0,0.16337578
2018,702,8461,0,0.15470743
2018,702,8462,0,0.3194303
2018,702,8463,1,0.5716549
2018,702,8464,0,0.23122607
2018,702,8465,0,0.10780002
2018,702,8466,0,0.094052784
2018,702,8467,0,0.18762934
2018,702,8468,0,0.28416517
2018,702,8470,0,0.17497414
2018,702,8471,1,0.037631337
2018,702,8473,0,0.0636782
2018,702,8474,1,0.0988483
2018,702,8475,1,0.31911805
2018,702,8476,0,0.42198876
2018,702,8477,0,0.12161335
2018,702,8479,0,0.109768614
2018,702,8480,1,0.14589067
2018,702,8481,0,0.040736254
2018,702,8482,0,0.038060836
2018,702,8483,0,0.031892743
2018,702,8484,0,0.08326568
2018,528,8401,0,0.22938326
2018,528,8403,0,0.071670935
2018,528,8404,0,0.13203803
2018,528,8405,0,0.1756674
2018,528,8407,1,0.17882203
2018,528,8408,0,0.14481057
2018,528,8409,0,0.061254725
2018,528,8410,0,0.17284429
2018,528,8411,0,0.11959182
2018,528,8412,0,0.05684475
2018,528,8413,0,0.108314626
2018,528,8414,0,0.15750504
2018,528,8415,0,0.112667315
2018,528,8416,1,0.14504005
2018,528,8417,1,0.34981826
2018,528,8418,0,0.14718315
2018,528,8419,0,0.096989386
2018,528,8420,0,0.24056402
2018,528,8421,0,0.07268977
2018,528,8422,0,0.07075504
2018,528,8423,0,0.16398849
2018,528,8424,0,0.13398597
2018,528,8425,0,0.12911016
2018,528,8426,0,0.062675536
2018,528,8427,0,0.059872333
2018,528,8428,0,0.10164632
2018,528,8429,0,0.040014606
2018,528,8430,0,0.068138815
2018,528,8431,0,0.027006682
2018,528,8432,0,0.06834675
2018,528,8433,0,0.06671396
2018,528,8434,0,0.0933101
2018,528,8435,0,0.11428387
2018,528,8436,0,0.06265779
2018,528,8437,1,0.22348604
2018,528,8438,0,0.048430674
2018,528,8439,0,0.111440666
2018,528,8440,0,0.17558973
2018,528,8441,0,0.10285526
2018,528,8442,0,0.235292
2018,528,8443,0,0.05090799
2018,528,8444,1,0.6136974
2018,528,8445,1,0.7059396
2018,528,8446,0,0.35570675
2018,528,8447,0,0.2124705
2018,528,8448,1,0.318151
2018,528,8449,0,0.36785454
2018,528,8450,0,0.31964454
2018,528,8451,0,0.17218542
2018,528,8452,0,0.18090872
2018,528,8453,1,0.2549361
2018,528,8454,1,0.15734796
2018,528,8455,0,0.1538412
2018,528,8456,0,0.08540345
2018,528,8457,0,0.2130164
2018,528,8458,0,0.1818942
2018,528,8459,0,0.13254885
2018,528,8460,0,0.093194164
2018,528,8461,0,0.13606355
2018,528,8462,0,0.090459205
2018,528,8463,0,0.1538054
2018,528,8464,0,0.1571996
2018,528,8465,1,0.1444838
2018,528,8466,0,0.058669098
2018,528,8467,1,0.16952612
2018,528,8468,0,0.20656501
2018,528,8470,0,0.32737643
2018,528,8471,0,0.039053205
2018,528,8472,0,0.10165044
2018,528,8473,0,0.15155753
2018,528,8474,0,0.086891405
2018,528,8475,0,0.11594869
2018,528,8476,0,0.32488212
2018,528,8477,0,0.1304821
2018,528,8478,0,0.088033885
2018,528,8479,0,0.11941557
2018,528,8480,0,0.1344442
2018,528,8481,0,0.064722076
2018,528,8482,0,0.10689079
2018,528,8483,0,0.08145917
2018,528,8484,0,0.10658591
2018,528,8485,0,0.06220125
2018,410,8401,1,0.24218264
2018,410,8402,0,0.1556918
2018,410,8403,0,0.06956772
2018,410,8404,0,0.16052943
2018,410,8405,1,0.19014488
2018,410,8406,1,0.5592578
2018,410,8407,0,0.09726196
2018,410,8408,0,0.07385269
2018,410,8409,0,0.04947277
2018,410,8410,1,0.67584866
2018,410,8411,0,0.077217415
2018,410,8412,0,0.03967863
2018,410,8413,0,0.05974151
2018,410,8414,0,0.06610033
2018,410,8415,0,0.08378354
2018,410,8416,0,0.18605995
2018,410,8417,0,0.22288825
2018,410,8418,0,0.12781066
2018,410,8419,0,0.08219052
2018,410,8420,1,0.33519417
2018,410,8421,0,0.03742071
2018,410,8422,0,0.051504306
2018,410,8423,0,0.14301735
2018,410,8424,0,0.08235425
2018,410,8425,0,0.09891326
2018,410,8426,0,0.09955687
2018,410,8427,0,0.08734181
2018,410,8428,0,0.059422772
2018,410,8429,0,0.032479122
2018,410,8431,0,0.02799167
2018,410,8432,0,0.10426219
2018,410,8433,0,0.10758725
2018,410,8435,0,0.16535538
2018,410,8436,1,0.5130672
2018,410,8437,0,0.120755605
2018,410,8438,0,0.05818083
2018,410,8439,0,0.12529604
2018,410,8440,1,0.2362519
2018,410,8441,0,0.05210155
2018,410,8442,0,0.24392945
2018,410,8443,0,0.037038077
2018,410,8444,0,0.24864621
2018,410,8445,1,0.22797182
2018,410,8446,1,0.24259834
2018,410,8447,1,0.2779034
2018,410,8448,0,0.17331867
2018,410,8449,1,0.32733262
2018,410,8450,0,0.10379424
2018,410,8451,0,0.104334354
2018,410,8452,0,0.15022556
2018,410,8453,0,0.14968719
2018,410,8454,0,0.3443462
2018,410,8455,0,0.19183968
2018,410,8456,0,0.13781899
2018,410,8457,0,0.1260271
2018,410,8458,0,0.13648805
2018,410,8459,0,0.114595555
2018,410,8460,0,0.15326864
2018,410,8461,0,0.13071978
2018,410,8462,0,0.07213718
2018,410,8463,0,0.093498774
2018,410,8464,0,0.17604336
2018,410,8465,0,0.099504925
2018,410,8466,0,0.041607965
2018,410,8467,1,0.1432152
2018,410,8468,0,0.21500343
2018,410,8470,0,0.7208268
2018,410,8471,0,0.05813994
2018,410,8472,0,0.11415771
2018,410,8473,0,0.14088729
2018,410,8474,0,0.07685366
2018,410,8475,1,0.15375638
2018,410,8476,0,0.12073756
2018,410,8477,0,0.059950784
2018,410,8478,1,0.32006323
2018,410,8479,0,0.11178716
2018,410,8480,0,0.05519404
2018,410,8481,0,0.044187322
2018,410,8482,0,0.08021348
2018,410,8483,0,0.041556817
2018,410,8484,0,0.045829143
2018,410,8485,0,0.05221581
2018,458,8404,0,0.15663505
2018,458,8405,0,0.24882483
2018,458,8406,1,0.31254122
2018,458,8407,0,0.15790807
2018,458,8409,0,0.23081237
2018,458,8411,0,0.3097627
2018,458,8412,0,0.11352511
2018,458,8413,0,0.12990168
2018,458,8414,0,0.07107427
2018,458,8415,0,0.054638892
2018,458,8416,1,0.29909557
2018,458,8417,0,0.22841242
2018,458,8418,0,0.1118916
2018,458,8419,0,0.2166041
2018,458,8420,1,0.6958721
2018,458,8421,0,0.100154914
2018,458,8422,1,0.16171724
2018,458,8423,1,0.34541035
2018,458,8424,0,0.07697237
2018,458,8426,0,0.1566258
2018,458,8427,0,0.19413106
2018,458,8428,0,0.075234294
2018,458,8430,1,0.3704429
2018,458,8431,0,0.07362016
2018,458,8434,1,0.6614416
2018,458,8436,0,0.1034013
2018,458,8437,0,0.32608032
2018,458,8438,0,0.0948223
2018,458,8439,0,0.1475728
2018,458,8441,0,0.20625274
2018,458,8442,0,0.37094483
2018,458,8443,0,0.11571463
2018,458,8445,1,0.60780084
2018,458,8447,1,0.5263533
2018,458,8448,1,0.13059916
2018,458,8451,0,0.27572984
2018,458,8452,0,0.18133104
2018,458,8454,1,0.21753217
2018,458,8455,0,0.21991739
2018,458,8456,1,0.092530705
2018,458,8458,0,0.28133968
2018,458,8459,0,0.21906269
2018,458,8460,0,0.30683064
2018,458,8462,1,0.2058265
2018,458,8463,0,0.16285451
2018,458,8464,0,0.18457368
2018,458,8465,1,0.21607248
2018,458,8466,1,0.12754317
2018,458,8468,0,0.3579417
2018,458,8470,1,0.19365202
2018,458,8471,0,0.036806818
2018,458,8472,1,0.15987964
2018,458,8473,1,0.08741665
2018,458,8474,0,0.10755967
2018,458,8475,0,0.17663968
2018,458,8476,0,0.19529697
2018,458,8477,0,0.15513022
2018,458,8478,1,0.16879973
2018,458,8479,0,0.0926535
2018,458,8480,1,0.23901697
2018,458,8481,0,0.11152214
2018,458,8482,0,0.09155743
2018,458,8484,0,0.09543649
2018,458,8485,1,0.32555744
2018,124,8401,1,0.5574039
2018,124,8402,1,0.25346988
2018,124,8403,0,0.09049568
2018,124,8404,0,0.2410892
2018,124,8405,1,0.3168453
2018,124,8406,1,0.24752557
2018,124,8407,0,0.06939264
2018,124,8408,0,0.14960532
2018,124,8409,0,0.10041933
2018,124,8410,0,0.30714375
2018,124,8411,0,0.072567165
2018,124,8412,0,0.067102164
2018,124,8413,0,0.12816207
2018,124,8414,0,0.12586476
2018,124,8415,0,0.12380081
2018,124,8416,0,0.14362542
2018,124,8417,0,0.16058612
2018,124,8418,0,0.1452389
2018,124,8419,0,0.18256468
2018,124,8420,0,0.17015885
2018,124,8421,0,0.103185326
2018,124,8422,0,0.10496428
2018,124,8423,0,0.1477927
2018,124,8424,0,0.15978967
2018,124,8425,0,0.16204633
2018,124,8426,0,0.100384526
2018,124,8427,0,0.10482298
2018,124,8428,0,0.14915779
2018,124,8429,0,0.164618
2018,124,8430,0,0.1085757
2018,124,8431,0,0.026704026
2018,124,8432,0,0.07149034
2018,124,8433,0,0.08077547
2018,124,8434,0,0.6472573
2018,124,8436,0,0.069944926
2018,124,8437,0,0.22850856
2018,124,8438,0,0.09543417
2018,124,8439,0,0.13101798
2018,124,8440,1,0.27672553
2018,124,8441,0,0.11971852
2018,124,8442,0,0.2761245
2018,124,8443,1,0.088650405
2018,124,8445,1,0.5182302
2018,124,8447,0,0.5915438
2018,124,8448,1,0.220733
2018,124,8451,0,0.22184044
2018,124,8452,1,0.33874714
2018,124,8453,0,0.2107084
2018,124,8454,0,0.139401
2018,124,8455,0,0.1885822
2018,124,8456,1,0.13303782
2018,124,8457,1,0.19944787
2018,124,8458,0,0.27037004
2018,124,8459,0,0.1267576
2018,124,8460,0,0.13784301
2018,124,8461,0,0.14580052
2018,124,8462,0,0.15195327
2018,124,8463,1,0.11748924
2018,124,8464,0,0.11061224
2018,124,8465,0,0.106790885
2018,124,8466,0,0.044180594
2018,124,8467,0,0.2649377
2018,124,8468,0,0.18319738
2018,124,8470,0,0.23099695
2018,124,8471,0,0.054446813
2018,124,8472,0,0.24822532
2018,124,8473,0,0.095251
2018,124,8474,0,0.12488763
2018,124,8475,1,0.32947823
2018,124,8476,0,0.15117496
2018,124,8477,0,0.165429
2018,124,8479,0,0.086607
2018,124,8480,0,0.083645895
2018,124,8481,0,0.09851276
2018,124,8482,0,0.081112444
2018,124,8483,0,0.10166424
2018,124,8484,0,0.1199385
2018,124,8485,0,0.5837903
2018,484,8402,0,0.37480256
2018,484,8403,0,0.24913718
2018,484,8404,0,0.3826596
2018,484,8405,0,0.40455508
2018,484,8406,0,0.29754296
2018,484,8407,0,0.06016709
2018,484,8408,0,0.07018092
2018,484,8409,0,0.09060164
2018,484,8411,0,0.06864665
2018,484,8412,0,0.06740671
2018,484,8413,0,0.12002102
2018,484,8414,0,0.121608265
2018,484,8415,0,0.10309488
2018,484,8416,0,0.15225795
2018,484,8417,0,0.45163545
2018,484,8418,0,0.11125419
2018,484,8419,0,0.12817448
2018,484,8420,0,0.3273087
2018,484,8421,0,0.10537135
2018,484,8422,0,0.12480118
2018,484,8423,0,0.15633896
2018,484,8424,0,0.12242677
2018,484,8425,0,0.121233255
2018,484,8426,1,0.20366493
2018,484,8427,0,0.21284668
2018,484,8428,0,0.10723309
2018,484,8429,1,0.22070213
2018,484,8430,1,0.39716253
2018,484,8431,0,0.044990312
2018,484,8432,1,0.4216247
2018,484,8433,0,0.062417317
2018,484,8434,0,0.28914788
2018,484,8436,0,0.11515706
2018,484,8437,0,0.21357949
2018,484,8438,0,0.10426464
2018,484,8439,1,0.2800068
2018,484,8441,0,0.14226334
2018,484,8442,0,0.42363656
2018,484,8443,0,0.098611705
2018,484,8450,0,0.24767834
2018,484,8451,0,0.19367386
2018,484,8452,0,0.3550998
2018,484,8453,0,0.49230295
2018,484,8454,1,0.62309897
2018,484,8455,0,0.37456185
2018,484,8456,0,0.26474017
2018,484,8457,0,0.24759732
2018,484,8458,1,0.6431252
2018,484,8459,0,0.18799278
2018,484,8460,0,0.120836705
2018,484,8461,0,0.27814937
2018,484,8462,1,0.50164646
2018,484,8463,0,0.24129464
2018,484,8465,1,0.10339152
2018,484,8466,0,0.07659167
2018,484,8467,0,0.12702803
2018,484,8468,0,0.26853293
2018,484,8470,0,0.6226567
2018,484,8471,0,0.08961646
2018,484,8472,0,0.51636803
2018,484,8473,0,0.18921052
2018,484,8474,0,0.15076466
2018,484,8475,0,0.33635783
2018,484,8476,1,0.17229097
2018,484,8477,0,0.18341704
2018,484,8479,0,0.12461759
2018,484,8480,0,0.12675056
2018,484,8481,0,0.09555244
2018,484,8482,0,0.09109958
2018,484,8483,0,0.08663982
2018,484,8484,0,0.13865434
2018,484,8485,0,0.07639414
2018,757,8402,0,0.5103589
2018,757,8403,0,0.13218804
2018,757,8404,0,0.6892837
2018,757,8405,0,0.21018715
2018,757,8406,1,0.33214757
2018,757,8407,1,0.3665317
2018,757,8408,1,0.46131375
2018,757,8409,0,0.10761107
2018,757,8411,0,0.18067986
2018,757,8412,0,0.06831664
2018,757,8413,0,0.1374151
2018,757,8414,0,0.12959336
2018,757,8415,0,0.17409311
2018,757,8416,1,0.2489343
2018,757,8417,0,0.57007843
2018,757,8418,0,0.236797
2018,757,8419,0,0.13957551
2018,757,8420,1,0.20816135
2018,757,8421,0,0.10371527
2018,757,8422,0,0.09613184
2018,757,8423,1,0.22873148
2018,757,8424,0,0.14397869
2018,757,8425,0,0.18196604
2018,757,8426,1,0.1507081
2018,757,8427,1,0.112205766
2018,757,8428,0,0.12273169
2018,757,8429,0,0.08620042
2018,757,8430,0,0.20965144
2018,757,8431,0,0.03697915
2018,757,8432,1,0.10810084
2018,757,8433,0,0.2259699
2018,757,8434,0,0.3919616
2018,757,8435,0,0.2955818
2018,757,8436,0,0.13729563
2018,757,8437,0,0.40861318
2018,757,8438,0,0.08860176
2018,757,8439,0,0.15931265
2018,757,8440,0,0.15312369
2018,757,8441,0,0.084128514
2018,757,8442,0,0.29429203
2018,757,8443,0,0.083198346
2018,757,8444,1,0.4442269
2018,757,8445,1,0.4205995
2018,757,8446,1,0.20578885
2018,757,8447,1,0.61339426
2018,757,8448,1,0.065919705
2018,757,8449,1,0.5729879
2018,757,8450,0,0.3757553
2018,757,8451,0,0.15337291
2018,757,8452,1,0.24759431
2018,757,8453,1,0.37857243
2018,757,8454,0,0.16151097
2018,757,8455,0,0.35174507
2018,757,8456,1,0.12860861
2018,757,8457,1,0.13713323
2018,757,8458,0,0.15866627
2018,757,8459,1,0.11315669
2018,757,8460,0,0.10232014
2018,757,8461,0,0.15759212
2018,757,8462,0,0.08687298
2018,757,8463,0,0.10198708
2018,757,8464,0,0.10248123
2018,757,8465,0,0.14165157
2018,757,8466,0,0.037306752
2018,757,8467,0,0.28863564
2018,757,8468,0,0.2488695
2018,757,8470,0,0.3061525
2018,757,8471,0,0.044464182
2018,757,8472,0,0.14899316
2018,757,8473,0,0.14481732
2018,757,8474,0,0.14123078
2018,757,8475,1,0.18078142
2018,757,8476,1,0.15995829
2018,757,8477,0,0.10401676
2018,757,8478,1,0.72432154
2018,757,8479,0,0.08723309
2018,757,8480,0,0.093463436
2018,757,8481,0,0.113207944
2018,757,8482,0,0.10523207
2018,757,8483,0,0.10470555
2018,757,8484,0,0.1084373
2018,757,8485,0,0.11530494
2018,764,8403,0,0.2697352
2018,764,8405,0,0.33496454
2018,764,8406,0,0.32036114
2018,764,8407,0,0.09777386
2018,764,8408,1,0.6173772
2018,764,8409,0,0.07492972
2018,764,8411,0,0.12513886
2018,764,8412,0,0.05358802
2018,764,8413,0,0.15869126
2018,764,8414,0,0.058813274
2018,764,8415,0,0.04175063
2018,764,8416,0,0.50425184
2018,764,8417,0,0.22202744
2018,764,8418,0,0.05533013
2018,764,8419,0,0.23760353
2018,764,8420,1,0.16246724
2018,764,8421,0,0.089804165
2018,764,8422,0,0.056041036
2018,764,8423,0,0.138981
2018,764,8424,0,0.16154386
2018,764,8427,0,0.10999733
2018,764,8428,0,0.07139046
2018,764,8429,1,0.20335874
2018,764,8430,0,0.28276584
2018,764,8431,0,0.03671041
2018,764,8434,0,0.30483067
2018,764,8435,0,0.7379889
2018,764,8437,1,0.1629455
2018,764,8438,0,0.1679229
2018,764,8439,1,0.108396314
2018,764,8441,0,0.10975914
2018,764,8442,0,0.28025058
2018,764,8443,0,0.11402074
2018,764,8445,0,0.32297945
2018,764,8446,0,0.5139229
2018,764,8447,0,0.33520257
2018,764,8448,1,0.13746938
2018,764,8450,0,0.053582266
2018,764,8451,1,0.097496495
2018,764,8452,0,0.13289069
2018,764,8453,1,0.14276157
2018,764,8455,0,0.13432114
2018,764,8456,1,0.15506159
2018,764,8457,0,0.22290073
2018,764,8458,0,0.22102128
2018,764,8459,0,0.11167193
2018,764,8460,1,0.3340644
2018,764,8461,0,0.12288158
2018,764,8462,0,0.07839103
2018,764,8464,0,0.61382085
2018,764,8466,0,0.101075836
2018,764,8467,0,0.18035923
2018,764,8468,0,0.3009075
2018,764,8470,0,0.20775774
2018,764,8471,0,0.1273945
2018,764,8472,0,0.17685586
2018,764,8473,0,0.12585449
2018,764,8475,1,0.48539826
2018,764,8476,0,0.2900696
2018,764,8477,0,0.09564278
2018,764,8479,0,0.06112559
2018,764,8480,0,0.12966663
2018,764,8481,0,0.048689183
2018,764,8482,0,0.04551925
2018,764,8483,0,0.05735467
2018,764,8484,0,0.04437944
2018,764,8485,0,0.07073579
2018,752,8401,0,0.3624649
2018,752,8402,0,0.18949115
2018,752,8403,0,0.13451491
2018,752,8404,0,0.14741167
2018,752,8405,1,0.7767027
2018,752,8406,0,0.69160527
2018,752,8407,0,0.18449718
2018,752,8408,0,0.22016093
2018,752,8409,0,0.15337923
2018,752,8410,1,0.3293941
2018,752,8412,0,0.060339168
2018,752,8413,0,0.156725
2018,752,8414,0,0.15271537
2018,752,8415,0,0.21340977
2018,752,8416,1,0.3028882
2018,752,8417,1,0.1675867
2018,752,8418,0,0.23032546
2018,752,8419,0,0.11959285
2018,752,8420,0,0.53557545
2018,752,8421,0,0.11501325
2018,752,8422,0,0.07657234
2018,752,8423,0,0.2393754
2018,752,8424,0,0.10901913
2018,752,8425,0,0.21764658
2018,752,8426,0,0.07364796
2018,752,8427,0,0.07464976
2018,752,8428,0,0.14267336
2018,752,8429,0,0.05877384
2018,752,8430,0,0.13268834
2018,752,8431,0,0.03008788
2018,752,8432,0,0.11464287
2018,752,8433,0,0.11391081
2018,752,8434,0,0.10713663
2018,752,8435,0,0.40944785
2018,752,8436,0,0.14956237
2018,752,8437,0,0.20303532
2018,752,8438,0,0.07741081
2018,752,8439,0,0.1127197
2018,752,8440,0,0.35980287
2018,752,8441,0,0.13940366
2018,752,8442,1,0.44200316
2018,752,8443,0,0.10568376
2018,752,8446,0,0.6077656
2018,752,8447,1,0.7633637
2018,752,8448,1,0.15109834
2018,752,8449,0,0.6976229
2018,752,8450,0,0.36546665
2018,752,8451,0,0.24135856
2018,752,8452,0,0.1939995
2018,752,8453,1,0.30618942
2018,752,8454,0,0.31753206
2018,752,8455,0,0.18185076
2018,752,8456,0,0.104452655
2018,752,8457,0,0.35414425
2018,752,8458,0,0.39411038
2018,752,8459,0,0.39355192
2018,752,8460,0,0.14332807
2018,752,8461,1,0.19971271
2018,752,8462,0,0.13197155
2018,752,8463,0,0.21578431
2018,752,8464,0,0.20668994
2018,752,8465,0,0.18765312
2018,752,8466,0,0.056619637
2018,752,8467,0,0.2850846
2018,752,8468,0,0.20859542
2018,752,8470,1,0.43788835
2018,752,8471,0,0.05878306
2018,752,8472,1,0.115026735
2018,752,8473,1,0.20055449
2018,752,8474,0,0.13584815
2018,752,8475,0,0.4299258
2018,752,8476,0,0.28028816
2018,752,8477,0,0.17669538
2018,752,8478,1,0.6956253
2018,752,8479,0,0.08542017
2018,752,8480,0,0.17836009
2018,752,8481,0,0.12684803
2018,752,8482,0,0.049221344
2018,752,8483,0,0.096870884
2018,752,8484,0,0.09256917
2018,752,8485,0,0.082761556
2018,372,8402,1,0.772992
2018,372,8403,0,0.19959958
2018,372,8406,1,0.57555664
2018,372,8409,0,0.19955622
2018,372,8411,0,0.22220165
2018,372,8412,0,0.18344285
2018,372,8413,0,0.20326246
2018,372,8414,0,0.17350428
2018,372,8415,0,0.2337158
2018,372,8418,0,0.17402036
2018,372,8419,0,0.1958148
2018,372,8421,0,0.15754536
2018,372,8422,0,0.16248946
2018,372,8423,0,0.45971817
2018,372,8424,0,0.2304069
2018,372,8425,0,0.31807187
2018,372,8426,1,0.5687757
2018,372,8427,0,0.19286297
2018,372,8428,0,0.18806389
2018,372,8429,1,0.24248187
2018,372,8430,1,0.21447259
2018,372,8431,0,0.0661448
2018,372,8432,0,0.20483784
2018,372,8433,0,0.09815779
2018,372,8434,1,0.25183418
2018,372,8436,0,0.2211846
2018,372,8437,1,0.38895965
2018,372,8438,0,0.25388142
2018,372,8441,0,0.21557885
2018,372,8443,0,0.13100396
2018,372,8448,0,0.13084824
2018,372,8450,0,0.4655371
2018,372,8451,1,0.27609286
2018,372,8456,0,0.34562302
2018,372,8457,1,0.41226688
2018,372,8462,1,0.27613738
2018,372,8463,0,0.21326444
2018,372,8465,1,0.28373435
2018,372,8466,0,0.16468045
2018,372,8467,0,0.32166606
2018,372,8468,0,0.23687086
2018,372,8470,0,0.42740732
2018,372,8471,0,0.049030934
2018,372,8472,1,0.35441136
2018,372,8473,0,0.10308155
2018,372,8474,0,0.18002124
2018,372,8475,0,0.26424518
2018,372,8477,0,0.13990365
2018,372,8479,0,0.1740257
2018,372,8480,0,0.22447723
2018,372,8481,0,0.18248048
2018,372,8482,0,0.13820085
2018,372,8483,0,0.16201143
2018,372,8484,0,0.12221411
2018,372,8485,0,0.16401339
2018,40,8401,0,0.4771451
2018,40,8402,1,0.5689112
2018,40,8403,0,0.093594335
2018,40,8404,0,0.18299045
2018,40,8405,0,0.6044754
2018,40,8406,0,0.28716618
2018,40,8407,0,0.13096797
2018,40,8408,0,0.17369965
2018,40,8409,0,0.12104572
2018,40,8411,0,0.10901489
2018,40,8412,0,0.08378176
2018,40,8413,0,0.14024036
2018,40,8414,0,0.15211298
2018,40,8415,0,0.16724595
2018,40,8416,1,0.28846294
2018,40,8417,0,0.23797199
2018,40,8418,0,0.23600309
2018,40,8419,0,0.1588204
2018,40,8420,0,0.12929109
2018,40,8421,0,0.11057485
2018,40,8422,0,0.1634911
2018,40,8423,0,0.19283271
2018,40,8424,0,0.13443913
2018,40,8425,0,0.16550417
2018,40,8426,0,0.08929347
2018,40,8427,0,0.3485843
2018,40,8428,0,0.124666125
2018,40,8429,0,0.11261448
2018,40,8430,0,0.118497655
2018,40,8431,0,0.037722345
2018,40,8432,0,0.10132653
2018,40,8433,0,0.12579513
2018,40,8435,0,0.22685088
2018,40,8436,0,0.111573145
2018,40,8438,0,0.08241641
2018,40,8439,0,0.12539975
2018,40,8440,0,0.17102489
2018,40,8441,0,0.12736109
2018,40,8442,1,0.33184218
2018,40,8443,0,0.07282559
2018,40,8444,1,0.8373065
2018,40,8445,0,0.37173757
2018,40,8446,0,0.36267683
2018,40,8447,0,0.2564916
2018,40,8448,0,0.14853086
2018,40,8449,0,0.37995282
2018,40,8450,0,0.3349143
2018,40,8451,0,0.1739388
2018,40,8453,0,0.4264456
2018,40,8454,0,0.13477468
2018,40,8455,0,0.14603879
2018,40,8456,0,0.10073575
2018,40,8457,0,0.22318171
2018,40,8458,0,0.12544852
2018,40,8459,0,0.10144874
2018,40,8460,1,0.14135754
2018,40,8461,0,0.25405765
2018,40,8462,0,0.1093161
2018,40,8463,1,0.12399333
2018,40,8464,0,0.16080143
2018,40,8465,0,0.102978125
2018,40,8466,0,0.06524146
2018,40,8467,0,0.26482975
2018,40,8468,0,0.21322198
2018,40,8470,1,0.28309062
2018,40,8471,0,0.05718167
2018,40,8472,0,0.40603593
2018,40,8473,0,0.10629647
2018,40,8474,0,0.10504617
2018,40,8475,1,0.28423607
2018,40,8476,0,0.1429387
2018,40,8477,0,0.14011967
2018,40,8478,0,0.26330492
2018,40,8479,0,0.07795288
2018,40,8480,0,0.08240195
2018,40,8481,0,0.084007084
2018,40,8482,0,0.14383475
2018,40,8483,0,0.09702192
2018,40,8484,0,0.13637768
2018,40,8485,0,0.12508826
2018,724,8401,0,0.6601785
2018,724,8402,0,0.2853255
2018,724,8403,1,0.5552651
2018,724,8404,1,0.5363133
2018,724,8405,1,0.7338323
2018,724,8407,0,0.115945846
2018,724,8408,1,0.16594005
2018,724,8409,0,0.08575488
2018,724,8410,0,0.18067442
2018,724,8411,0,0.06757037
2018,724,8412,0,0.096190065
2018,724,8413,0,0.07502284
2018,724,8414,0,0.0831049
2018,724,8415,0,0.1401258
2018,724,8416,0,0.27920622
2018,724,8417,0,0.3876644
2018,724,8418,0,0.15194744
2018,724,8419,0,0.10808422
2018,724,8420,0,0.15265965
2018,724,8421,0,0.07631463
2018,724,8422,0,0.049633417
2018,724,8424,0,0.10214585
2018,724,8425,0,0.08073375
2018,724,8426,0,0.06261306
2018,724,8427,0,0.10027934
2018,724,8428,0,0.08411582
2018,724,8429,0,0.13120815
2018,724,8430,1,0.20980418
2018,724,8431,0,0.02143635
2018,724,8432,0,0.07798578
2018,724,8433,0,0.14017314
2018,724,8434,1,0.35626563
2018,724,8435,0,0.30534407
2018,724,8436,0,0.054972094
2018,724,8437,0,0.1034388
2018,724,8438,0,0.054160718
2018,724,8439,1,0.16739728
2018,724,8440,0,0.15859783
2018,724,8441,0,0.1338366
2018,724,8442,0,0.2541673
2018,724,8443,0,0.049352072
2018,724,8444,1,0.5266452
2018,724,8445,1,0.40516564
2018,724,8446,1,0.67672175
2018,724,8447,1,0.58165884
2018,724,8448,0,0.45661384
2018,724,8449,1,0.6470038
2018,724,8450,0,0.20946844
2018,724,8451,0,0.11422603
2018,724,8452,1,0.3617775
2018,724,8453,1,0.17665753
2018,724,8454,0,0.39408407
2018,724,8455,1,0.26339963
2018,724,8456,0,0.17312258
2018,724,8457,1,0.1723398
2018,724,8458,0,0.13449071
2018,724,8459,0,0.11686388
2018,724,8460,0,0.12493798
2018,724,8461,0,0.15788165
2018,724,8462,1,0.108817555
2018,724,8463,0,0.19315825
2018,724,8464,0,0.09297856
2018,724,8465,0,0.12450608
2018,724,8466,0,0.045697447
2018,724,8467,1,0.30184257
2018,724,8468,1,0.19508003
2018,724,8470,0,0.39149314
2018,724,8471,0,0.053265482
2018,724,8472,1,0.20195821
2018,724,8473,0,0.09309178
2018,724,8474,0,0.053500578
2018,724,8475,1,0.5722593
2018,724,8476,0,0.1973667
2018,724,8477,0,0.11031846
2018,724,8478,0,0.16827221
2018,724,8479,0,0.05129215
2018,724,8480,1,0.08619874
2018,724,8481,0,0.066184625
2018,724,8482,0,0.082763724
2018,724,8483,0,0.09190775
2018,724,8484,0,0.10263831
2018,724,8485,0,0.07781464
